ISO-10303-21;
HEADER;
/* Generated by software containing ST-Developer
 * from STEP Tools, Inc. (www.steptools.com) 
 */
/* OPTION: using custom renumber hook */

FILE_DESCRIPTION(
/* description */ ('STEP AP242 Edition 2',
'CAx-IF Rec.Pracs.---Representation and Presentation of Product Manufa
cturing Information (PMI)---4.0---2014-10-13',
'CAx-IF Rec.Pracs.---3D Tessellated Geometry---0.4---2014-09-14','2;1',
'CAx-IF Rec.Pracs.---User Defined Attributes---1.5---2016-08-15'),
/* implementation_level */ '2;1');

FILE_NAME(
/* name */ '6a713cc446148d64a96f2e30',
/* time_stamp */ '2026-08-04T01:13:41Z',
/* author */ (''),
/* organization */ (''),
/* preprocessor_version */ 'ST-DEVELOPER v20',
/* originating_system */ 'ONSHAPE BY PTC INC, 1.218',
/* authorisation */ '  ');

FILE_SCHEMA (('AP242_MANAGED_MODEL_BASED_3D_ENGINEERING_MIM_LF { 1 0 10303 442 3 1 4 }'));
ENDSEC;

DATA;
#10=SPHERICAL_SURFACE('',#2720,0.008128);
#11=SPHERICAL_SURFACE('',#2723,0.008128);
#12=DEGENERATE_TOROIDAL_SURFACE('',#2716,0.007112,0.008128,.T.);
#13=DEGENERATE_TOROIDAL_SURFACE('',#2721,0.007112,0.008128,.T.);
#14=(
BOUNDED_SURFACE()
B_SPLINE_SURFACE(3,2,((#4630,#4631,#4632),(#4633,#4634,#4635),(#4636,#4637,
#4638),(#4639,#4640,#4641),(#4642,#4643,#4644),(#4645,#4646,#4647),(#4648,
#4649,#4650),(#4651,#4652,#4653),(#4654,#4655,#4656),(#4657,#4658,#4659),
(#4660,#4661,#4662),(#4663,#4664,#4665),(#4666,#4667,#4668),(#4669,#4670,
#4671),(#4672,#4673,#4674),(#4675,#4676,#4677),(#4678,#4679,#4680),(#4681,
#4682,#4683),(#4684,#4685,#4686),(#4687,#4688,#4689)),.UNSPECIFIED.,.F.,
 .F.,.F.)
B_SPLINE_SURFACE_WITH_KNOTS((4,1,1,1,1,1,1,1,1,1,1,1,1,1,1,1,1,4),(3,3),
(0.0395900881635272,0.0433453029919871,0.0471005178204469,0.0508557326489068,
0.0546109474773667,0.0564885548915967,0.0583661623058266,0.0602437697200566,
0.0611825734271715,0.061651975280729,0.0618866762075078,0.0621213771342865,
0.062590778987844,0.0630601808414015,0.0639989845485165,0.0658765919627464,
0.0677541993769764,0.0696318067912063),(0.,1.),.UNSPECIFIED.)
GEOMETRIC_REPRESENTATION_ITEM()
RATIONAL_B_SPLINE_SURFACE(((1.,0.707106781186548,1.),(1.,0.707106781176959,
1.),(1.,0.70852739443062,1.),(1.,0.71602165977628,1.),(1.,0.730065878020082,
1.),(1.,0.747513900915362,1.),(1.,0.766009326411502,1.),(1.,0.782645206579788,
1.),(1.,0.799466602065125,1.),(1.,0.812354035235786,1.),(1.,0.819906248588477,
1.),(1.,0.823262040586613,1.),(1.,0.82331249263966,1.),(1.,0.824487361261703,
1.),(1.,0.825704632458247,1.),(1.,0.828027421017661,1.),(1.,0.831073532286759,
1.),(1.,0.833944524527792,1.),(1.,0.836895827901321,1.),(1.,0.836895827901321,
1.)))
REPRESENTATION_ITEM('')
SURFACE()
);
#15=(
BOUNDED_SURFACE()
B_SPLINE_SURFACE(3,2,((#4693,#4694,#4695),(#4696,#4697,#4698),(#4699,#4700,
#4701),(#4702,#4703,#4704),(#4705,#4706,#4707),(#4708,#4709,#4710),(#4711,
#4712,#4713),(#4714,#4715,#4716),(#4717,#4718,#4719),(#4720,#4721,#4722),
(#4723,#4724,#4725),(#4726,#4727,#4728),(#4729,#4730,#4731),(#4732,#4733,
#4734),(#4735,#4736,#4737),(#4738,#4739,#4740),(#4741,#4742,#4743),(#4744,
#4745,#4746),(#4747,#4748,#4749),(#4750,#4751,#4752)),.UNSPECIFIED.,.F.,
 .F.,.F.)
B_SPLINE_SURFACE_WITH_KNOTS((4,1,1,1,1,1,1,1,1,1,1,1,1,1,1,1,1,4),(3,3),
(0.0395900881635272,0.0433453029919871,0.047100517820447,0.0508557326489069,
0.0546109474773668,0.0564885548915967,0.0583661623058267,0.0602437697200566,
0.0611825734271716,0.0616519752807291,0.0618866762075078,0.0621213771342866,
0.062590778987844,0.0630601808414015,0.0639989845485165,0.0658765919627465,
0.0677541993769764,0.0696318067912064),(0.,1.),.UNSPECIFIED.)
GEOMETRIC_REPRESENTATION_ITEM()
RATIONAL_B_SPLINE_SURFACE(((1.,0.707106781186547,1.),(1.,0.707106781176958,
1.),(1.,0.708527394430619,1.),(1.,0.71602165977628,1.),(1.,0.730065878020081,
1.),(1.,0.747513900915362,1.),(1.,0.766009326411503,1.),(1.,0.78264520657979,
1.),(1.,0.799466602065122,1.),(1.,0.812354035235789,1.),(1.,0.819906248588477,
1.),(1.,0.823262040586613,1.),(1.,0.823312492639661,1.),(1.,0.824487361261703,
1.),(1.,0.825704632458246,1.),(1.,0.828027421017659,1.),(1.,0.831073532286761,
1.),(1.,0.833944524527791,1.),(1.,0.836895827901321,1.),(1.,0.836895827901321,
1.)))
REPRESENTATION_ITEM('')
SURFACE()
);
#16=(
BOUNDED_SURFACE()
B_SPLINE_SURFACE(3,2,((#4753,#4754,#4755),(#4756,#4757,#4758),(#4759,#4760,
#4761),(#4762,#4763,#4764)),.UNSPECIFIED.,.F.,.F.,.F.)
B_SPLINE_SURFACE_WITH_KNOTS((4,4),(3,3),(-8.32607194167248E-5,0.0095876334036094),
(0.647770838247478,1.),.PIECEWISE_BEZIER_KNOTS.)
GEOMETRIC_REPRESENTATION_ITEM()
RATIONAL_B_SPLINE_SURFACE(((0.866344752491083,0.89683446705434,1.),(0.866344752491083,
0.89683446705434,1.),(0.866344752491083,0.89683446705434,1.),(0.866344752491083,
0.89683446705434,1.)))
REPRESENTATION_ITEM('')
SURFACE()
);
#17=(
BOUNDED_SURFACE()
B_SPLINE_SURFACE(3,2,((#4769,#4770,#4771),(#4772,#4773,#4774),(#4775,#4776,
#4777),(#4778,#4779,#4780),(#4781,#4782,#4783),(#4784,#4785,#4786),(#4787,
#4788,#4789),(#4790,#4791,#4792),(#4793,#4794,#4795),(#4796,#4797,#4798),
(#4799,#4800,#4801),(#4802,#4803,#4804),(#4805,#4806,#4807),(#4808,#4809,
#4810),(#4811,#4812,#4813),(#4814,#4815,#4816),(#4817,#4818,#4819),(#4820,
#4821,#4822)),.UNSPECIFIED.,.F.,.F.,.F.)
B_SPLINE_SURFACE_WITH_KNOTS((4,1,1,1,1,1,1,1,1,1,1,1,1,1,1,4),(3,3),(0.0561483262215755,
0.0582484582858368,0.060348590350098,0.0613986563822286,0.0624487224143593,
0.0634987884464899,0.0645488544786205,0.0666489865428818,0.068749118607143,
0.0729493827356655,0.077149646864188,0.0813499109927106,0.0834500430569718,
0.0855501751212331,0.0876503071854943,0.0897504392497556),(0.,1.),
 .UNSPECIFIED.)
GEOMETRIC_REPRESENTATION_ITEM()
RATIONAL_B_SPLINE_SURFACE(((1.,0.707106781186548,1.),(1.,0.707106781186548,
1.),(1.,0.707120076291352,1.),(1.,0.707070219648335,1.),(1.,0.707169932934368,
1.),(1.,0.70686580741197,1.),(1.,0.708007524537034,1.),(1.,0.709549269473472,
1.),(1.,0.712392326430049,1.),(1.,0.718671625588346,1.),(1.,0.730320346679859,
1.),(1.,0.750894253149024,1.),(1.,0.77551666420695,1.),(1.,0.801258931280073,
1.),(1.,0.824019842922824,1.),(1.,0.850884660867777,1.),(1.,0.869394105700553,
1.),(1.,0.877805364770569,1.)))
REPRESENTATION_ITEM('')
SURFACE()
);
#18=(
BOUNDED_SURFACE()
B_SPLINE_SURFACE(3,2,((#4830,#4831,#4832),(#4833,#4834,#4835),(#4836,#4837,
#4838),(#4839,#4840,#4841),(#4842,#4843,#4844),(#4845,#4846,#4847),(#4848,
#4849,#4850),(#4851,#4852,#4853),(#4854,#4855,#4856),(#4857,#4858,#4859),
(#4860,#4861,#4862),(#4863,#4864,#4865),(#4866,#4867,#4868),(#4869,#4870,
#4871),(#4872,#4873,#4874),(#4875,#4876,#4877),(#4878,#4879,#4880),(#4881,
#4882,#4883)),.UNSPECIFIED.,.F.,.F.,.F.)
B_SPLINE_SURFACE_WITH_KNOTS((4,1,1,1,1,1,1,1,1,1,1,1,1,1,1,4),(3,3),(0.0561483262215752,
0.058248458285836,0.0603485903500968,0.0613986563822272,0.0624487224143575,
0.0634987884464879,0.0645488544786183,0.0666489865428791,0.0687491186071399,
0.0729493827356615,0.077149646864183,0.0813499109927046,0.0834500430569654,
0.0855501751212262,0.087650307185487,0.0897504392497477),(0.,1.),
 .UNSPECIFIED.)
GEOMETRIC_REPRESENTATION_ITEM()
RATIONAL_B_SPLINE_SURFACE(((1.,0.707106781186547,1.),(1.,0.707106781186547,
1.),(1.,0.707120076291351,1.),(1.,0.707070219648336,1.),(1.,0.707169932934367,
1.),(1.,0.706865807411972,1.),(1.,0.708007524537031,1.),(1.,0.709549269473469,
1.),(1.,0.712392326430045,1.),(1.,0.718671625588338,1.),(1.,0.730320346679844,
1.),(1.,0.750894253148998,1.),(1.,0.775516664206906,1.),(1.,0.801258931280019,
1.),(1.,0.824019842922712,1.),(1.,0.850884660867806,1.),(1.,0.86939410570019,
1.),(1.,0.877805364770478,1.)))
REPRESENTATION_ITEM('')
SURFACE()
);
#19=(
BOUNDED_SURFACE()
B_SPLINE_SURFACE(3,2,((#4895,#4896,#4897),(#4898,#4899,#4900),(#4901,#4902,
#4903),(#4904,#4905,#4906)),.UNSPECIFIED.,.F.,.F.,.F.)
B_SPLINE_SURFACE_WITH_KNOTS((4,4),(3,3),(-8.32602472155329E-5,0.00958763340081563),
(0.,0.352229161752521),.PIECEWISE_BEZIER_KNOTS.)
GEOMETRIC_REPRESENTATION_ITEM()
RATIONAL_B_SPLINE_SURFACE(((1.,0.89683446705434,0.866344752491084),(1.,
0.89683446705434,0.866344752491084),(1.,0.89683446705434,0.866344752491084),
(1.,0.89683446705434,0.866344752491084)))
REPRESENTATION_ITEM('')
SURFACE()
);
#20=(
BOUNDED_SURFACE()
B_SPLINE_SURFACE(3,2,((#4916,#4917,#4918),(#4919,#4920,#4921),(#4922,#4923,
#4924),(#4925,#4926,#4927),(#4928,#4929,#4930),(#4931,#4932,#4933),(#4934,
#4935,#4936)),.UNSPECIFIED.,.F.,.F.,.F.)
B_SPLINE_SURFACE_WITH_KNOTS((4,1,1,1,4),(3,3),(0.133877388803422,0.134776498741426,
0.135675608679431,0.13747382855544,0.141070268307458),(0.,1.),
 .UNSPECIFIED.)
GEOMETRIC_REPRESENTATION_ITEM()
RATIONAL_B_SPLINE_SURFACE(((1.,0.707106781186548,1.),(1.,0.707106781186548,
1.),(1.,0.705937153348326,1.),(1.,0.704599512076995,1.),(1.,0.7014192494885,
1.),(1.,0.698589654453641,1.),(1.,0.696439936544628,1.)))
REPRESENTATION_ITEM('')
SURFACE()
);
#21=(
BOUNDED_SURFACE()
B_SPLINE_SURFACE(3,2,((#4952,#4953,#4954),(#4955,#4956,#4957),(#4958,#4959,
#4960),(#4961,#4962,#4963),(#4964,#4965,#4966),(#4967,#4968,#4969),(#4970,
#4971,#4972)),.UNSPECIFIED.,.F.,.F.,.F.)
B_SPLINE_SURFACE_WITH_KNOTS((4,1,1,1,4),(3,3),(0.133877388803422,0.134776498741426,
0.135675608679431,0.13747382855544,0.141070268307458),(0.,1.),
 .UNSPECIFIED.)
GEOMETRIC_REPRESENTATION_ITEM()
RATIONAL_B_SPLINE_SURFACE(((1.,0.707106781186547,1.),(1.,0.707106781186547,
1.),(1.,0.705937153348332,1.),(1.,0.704599512076975,1.),(1.,0.701419249488716,
1.),(1.,0.698589654452711,1.),(1.,0.696439936544628,1.)))
REPRESENTATION_ITEM('')
SURFACE()
);
#22=(
BOUNDED_SURFACE()
B_SPLINE_SURFACE(3,2,((#4988,#4989,#4990),(#4991,#4992,#4993),(#4994,#4995,
#4996),(#4997,#4998,#4999),(#5000,#5001,#5002),(#5003,#5004,#5005),(#5006,
#5007,#5008),(#5009,#5010,#5011),(#5012,#5013,#5014),(#5015,#5016,#5017),
(#5018,#5019,#5020),(#5021,#5022,#5023)),.UNSPECIFIED.,.F.,.F.,.F.)
B_SPLINE_SURFACE_WITH_KNOTS((4,1,1,1,1,1,1,1,1,4),(3,3),(-2.16840434497101E-17,
0.0072531335296773,0.010879700294516,0.0145062670593546,0.0181328338241933,
0.0217594005890319,0.0253859673538706,0.0271992507362899,0.0281058924274996,
0.0290125341187093),(0.,1.),.UNSPECIFIED.)
GEOMETRIC_REPRESENTATION_ITEM()
RATIONAL_B_SPLINE_SURFACE(((1.,0.707106781186543,1.),(1.,0.714912855329876,
1.),(1.,0.726047033011491,1.),(1.,0.738815157048938,1.),(1.,0.747280376346311,
1.),(1.,0.754844124857498,1.),(1.,0.7616366131152,1.),(1.,0.766692442909864,
1.),(1.,0.770141141838289,1.),(1.,0.771844786258542,1.),(1.,0.773070574764712,
1.),(1.,0.773267841607678,1.)))
REPRESENTATION_ITEM('')
SURFACE()
);
#23=(
BOUNDED_SURFACE()
B_SPLINE_SURFACE(3,2,((#5025,#5026,#5027),(#5028,#5029,#5030),(#5031,#5032,
#5033),(#5034,#5035,#5036),(#5037,#5038,#5039),(#5040,#5041,#5042),(#5043,
#5044,#5045),(#5046,#5047,#5048),(#5049,#5050,#5051),(#5052,#5053,#5054),
(#5055,#5056,#5057),(#5058,#5059,#5060)),.UNSPECIFIED.,.F.,.F.,.F.)
B_SPLINE_SURFACE_WITH_KNOTS((4,1,1,1,1,1,1,1,1,4),(3,3),(-3.55618312575245E-17,
0.0072531335296773,0.010879700294516,0.0145062670593546,0.0181328338241933,
0.021759400589032,0.0253859673538706,0.02719925073629,0.0281058924274996,
0.0290125341187093),(0.,1.),.UNSPECIFIED.)
GEOMETRIC_REPRESENTATION_ITEM()
RATIONAL_B_SPLINE_SURFACE(((1.,0.707106781186544,1.),(1.,0.714912855318586,
1.),(1.,0.726047033014032,1.),(1.,0.738815157048461,1.),(1.,0.747280376346437,
1.),(1.,0.75484412485747,1.),(1.,0.761636613115184,1.),(1.,0.766692442909936,
1.),(1.,0.770141141838188,1.),(1.,0.77184478625872,1.),(1.,0.773070574764325,
1.),(1.,0.773267841607679,1.)))
REPRESENTATION_ITEM('')
SURFACE()
);
#24=(
BOUNDED_SURFACE()
B_SPLINE_SURFACE(3,2,((#5062,#5063,#5064),(#5065,#5066,#5067),(#5068,#5069,
#5070),(#5071,#5072,#5073),(#5074,#5075,#5076),(#5077,#5078,#5079)),
 .UNSPECIFIED.,.F.,.F.,.F.)
B_SPLINE_SURFACE_WITH_KNOTS((4,1,1,4),(3,3),(-3.81639164714898E-17,0.0168762346652146,
0.0337524693304293,0.0675049386608586),(0.,1.),.UNSPECIFIED.)
GEOMETRIC_REPRESENTATION_ITEM()
RATIONAL_B_SPLINE_SURFACE(((1.,0.707106781186544,1.),(1.,0.707106781186544,
1.),(1.,0.707106781186549,1.),(1.,0.707106781186548,1.),(1.,0.707106781186548,
1.),(1.,0.707106781186548,1.)))
REPRESENTATION_ITEM('')
SURFACE()
);
#25=(
BOUNDED_SURFACE()
B_SPLINE_SURFACE(3,2,((#5085,#5086,#5087),(#5088,#5089,#5090),(#5091,#5092,
#5093),(#5094,#5095,#5096),(#5097,#5098,#5099),(#5100,#5101,#5102)),
 .UNSPECIFIED.,.F.,.F.,.F.)
B_SPLINE_SURFACE_WITH_KNOTS((4,1,1,4),(3,3),(1.38777878078145E-17,0.0168762346652147,
0.0337524693304293,0.0675049386608586),(0.,1.),.UNSPECIFIED.)
GEOMETRIC_REPRESENTATION_ITEM()
RATIONAL_B_SPLINE_SURFACE(((1.,0.70710678118655,1.),(1.,0.70710678118655,
1.),(1.,0.707106781186546,1.),(1.,0.707106781186547,1.),(1.,0.707106781186548,
1.),(1.,0.707106781186548,1.)))
REPRESENTATION_ITEM('')
SURFACE()
);
#26=(
BOUNDED_SURFACE()
B_SPLINE_SURFACE(3,2,((#5108,#5109,#5110),(#5111,#5112,#5113),(#5114,#5115,
#5116),(#5117,#5118,#5119),(#5120,#5121,#5122),(#5123,#5124,#5125),(#5126,
#5127,#5128),(#5129,#5130,#5131),(#5132,#5133,#5134),(#5135,#5136,#5137),
(#5138,#5139,#5140),(#5141,#5142,#5143)),.UNSPECIFIED.,.F.,.F.,.F.)
B_SPLINE_SURFACE_WITH_KNOTS((4,1,1,1,1,1,1,1,1,4),(3,3),(0.0771837891371715,
0.0776571592355049,0.0781305293338383,0.079077269530505,0.0809707499238386,
0.0828642303171721,0.0847577107105056,0.0866511911038391,0.0885446714971727,
0.0923316322838397),(0.,1.),.UNSPECIFIED.)
GEOMETRIC_REPRESENTATION_ITEM()
RATIONAL_B_SPLINE_SURFACE(((1.,0.704626113978397,1.),(1.,0.70460082939481,
1.),(1.,0.704837998006767,1.),(1.,0.705192143253332,1.),(1.,0.706004589219181,
1.),(1.,0.707486092714713,1.),(1.,0.70994183017898,1.),(1.,0.71312997443176,
1.),(1.,0.71709015433419,1.),(1.,0.723052332111059,1.),(1.,0.728170876496484,
1.),(1.,0.731385956520123,1.)))
REPRESENTATION_ITEM('')
SURFACE()
);
#27=(
BOUNDED_SURFACE()
B_SPLINE_SURFACE(3,2,((#5161,#5162,#5163),(#5164,#5165,#5166),(#5167,#5168,
#5169),(#5170,#5171,#5172),(#5173,#5174,#5175),(#5176,#5177,#5178),(#5179,
#5180,#5181),(#5182,#5183,#5184),(#5185,#5186,#5187),(#5188,#5189,#5190),
(#5191,#5192,#5193)),.UNSPECIFIED.,.F.,.F.,.F.)
B_SPLINE_SURFACE_WITH_KNOTS((4,1,1,1,1,1,1,1,4),(3,3),(0.0306047459287068,
0.0344324908134079,0.0382602356981089,0.0401741081404594,0.0420879805828099,
0.0440018530251604,0.0449587892463356,0.0454372573569232,0.0459157254675109),
(0.,1.),.UNSPECIFIED.)
GEOMETRIC_REPRESENTATION_ITEM()
RATIONAL_B_SPLINE_SURFACE(((1.,0.731385658740146,1.),(1.,0.728174470481829,
1.),(1.,0.721396872808704,1.),(1.,0.714255372453937,1.),(1.,0.709982372427379,
1.),(1.,0.707511574494249,1.),(1.,0.706015999587657,1.),(1.,0.705195449568806,
1.),(1.,0.704838762043495,1.),(1.,0.704600796077039,1.),(1.,0.704626158098746,
1.)))
REPRESENTATION_ITEM('')
SURFACE()
);
#28=(
BOUNDED_SURFACE()
B_SPLINE_SURFACE(3,2,((#5220,#5221,#5222),(#5223,#5224,#5225),(#5226,#5227,
#5228),(#5229,#5230,#5231),(#5232,#5233,#5234),(#5235,#5236,#5237),(#5238,
#5239,#5240),(#5241,#5242,#5243),(#5244,#5245,#5246)),.UNSPECIFIED.,.F.,
 .F.,.F.)
B_SPLINE_SURFACE_WITH_KNOTS((4,1,1,1,1,1,4),(3,3),(0.0726946343109573,0.0818673166150283,
0.0910399989190993,0.0956263400711349,0.10021268122317,0.104799022375206,
0.109385363527241),(0.,1.),.UNSPECIFIED.)
GEOMETRIC_REPRESENTATION_ITEM()
RATIONAL_B_SPLINE_SURFACE(((1.,0.707106781186547,1.),(1.,0.707106781186547,
1.),(1.,0.707106781186548,1.),(1.,0.707106781186548,1.),(1.,0.707106781186548,
1.),(1.,0.707106781186547,1.),(1.,0.707106781186547,1.),(1.,0.707106781186548,
1.),(1.,0.707106781186548,1.)))
REPRESENTATION_ITEM('')
SURFACE()
);
#29=(
BOUNDED_SURFACE()
B_SPLINE_SURFACE(3,2,((#5284,#5285,#5286),(#5287,#5288,#5289),(#5290,#5291,
#5292),(#5293,#5294,#5295),(#5296,#5297,#5298),(#5299,#5300,#5301),(#5302,
#5303,#5304),(#5305,#5306,#5307),(#5308,#5309,#5310)),.UNSPECIFIED.,.F.,
 .F.,.F.)
B_SPLINE_SURFACE_WITH_KNOTS((4,1,1,1,1,1,4),(3,3),(0.0726946343109481,0.0818673166150214,
0.0910399989190947,0.0956263400711314,0.100212681223168,0.104799022375205,
0.109385363527241),(0.,1.),.UNSPECIFIED.)
GEOMETRIC_REPRESENTATION_ITEM()
RATIONAL_B_SPLINE_SURFACE(((1.,0.707106781186547,1.),(1.,0.707106781186547,
1.),(1.,0.707106781186547,1.),(1.,0.707106781186548,1.),(1.,0.707106781186547,
1.),(1.,0.707106781186547,1.),(1.,0.707106781186547,1.),(1.,0.707106781186548,
1.),(1.,0.707106781186548,1.)))
REPRESENTATION_ITEM('')
SURFACE()
);
#30=(
BOUNDED_SURFACE()
B_SPLINE_SURFACE(3,2,((#5384,#5385,#5386),(#5387,#5388,#5389),(#5390,#5391,
#5392),(#5393,#5394,#5395),(#5396,#5397,#5398),(#5399,#5400,#5401),(#5402,
#5403,#5404),(#5405,#5406,#5407),(#5408,#5409,#5410),(#5411,#5412,#5413)),
 .UNSPECIFIED.,.F.,.F.,.F.)
B_SPLINE_SURFACE_WITH_KNOTS((4,1,1,1,1,1,1,4),(3,3),(0.,0.00155737910523178,
0.00311475821046355,0.0062295164209271,0.00778689552615888,0.00934427463139065,
0.0109016537366224,0.0124590328418542),(0.,1.),.UNSPECIFIED.)
GEOMETRIC_REPRESENTATION_ITEM()
RATIONAL_B_SPLINE_SURFACE(((1.,0.86870215765884,1.),(1.,0.868702157604012,
1.),(1.,0.865592614955923,1.),(1.,0.84780895553519,1.),(1.,0.817401067183124,
1.),(1.,0.782683452537067,1.),(1.,0.756551208909975,1.),(1.,0.730739068975261,
1.),(1.,0.714824296905713,1.),(1.,0.707106781186549,1.)))
REPRESENTATION_ITEM('')
SURFACE()
);
#31=(
BOUNDED_SURFACE()
B_SPLINE_SURFACE(3,2,((#5419,#5420,#5421),(#5422,#5423,#5424),(#5425,#5426,
#5427),(#5428,#5429,#5430),(#5431,#5432,#5433),(#5434,#5435,#5436),(#5437,
#5438,#5439),(#5440,#5441,#5442),(#5443,#5444,#5445)),.UNSPECIFIED.,.F.,
 .F.,.F.)
B_SPLINE_SURFACE_WITH_KNOTS((4,1,1,1,1,1,4),(3,3),(1.57863191996234,1.96937210336921,
2.36011228677607,2.5554823784795,2.75085247018293,2.94622256188636,3.14159265358979),
(0.,1.),.UNSPECIFIED.)
GEOMETRIC_REPRESENTATION_ITEM()
RATIONAL_B_SPLINE_SURFACE(((1.,0.999984651066259,1.),(1.,0.999474383920955,
1.),(1.,0.972239926517468,1.),(1.,0.885029064096212,1.),(1.,0.807180815718362,
1.),(1.,0.754116137189505,1.),(1.,0.716305645048824,1.),(1.,0.707106781187887,
1.),(1.,0.707106781186548,1.)))
REPRESENTATION_ITEM('')
SURFACE()
);
#32=(
BOUNDED_SURFACE()
B_SPLINE_SURFACE(3,2,((#5449,#5450,#5451),(#5452,#5453,#5454),(#5455,#5456,
#5457),(#5458,#5459,#5460)),.UNSPECIFIED.,.F.,.F.,.F.)
B_SPLINE_SURFACE_WITH_KNOTS((4,4),(3,3),(-1.25551053232404E-5,3.11520386345691E-5),
(0.,1.),.PIECEWISE_BEZIER_KNOTS.)
GEOMETRIC_REPRESENTATION_ITEM()
RATIONAL_B_SPLINE_SURFACE(((1.,1.,1.),(1.,0.999999999990412,1.),(1.,0.999994874543622,
1.),(1.,0.999984651066256,1.)))
REPRESENTATION_ITEM('')
SURFACE()
);
#33=(
BOUNDED_SURFACE()
B_SPLINE_SURFACE(3,2,((#5478,#5479,#5480),(#5481,#5482,#5483),(#5484,#5485,
#5486),(#5487,#5488,#5489),(#5490,#5491,#5492),(#5493,#5494,#5495),(#5496,
#5497,#5498),(#5499,#5500,#5501),(#5502,#5503,#5504),(#5505,#5506,#5507),
(#5508,#5509,#5510)),.UNSPECIFIED.,.F.,.F.,.F.)
B_SPLINE_SURFACE_WITH_KNOTS((4,1,1,1,1,1,1,1,4),(3,3),(0.,0.00155802108955526,
0.00311604217911052,0.00467406326866578,0.00623208435822103,0.00779010544777629,
0.00934812653733155,0.0109061476268868,0.0124641687164421),(0.,1.),
 .UNSPECIFIED.)
GEOMETRIC_REPRESENTATION_ITEM()
RATIONAL_B_SPLINE_SURFACE(((1.,0.707106781186559,1.),(1.,0.714836823034988,
1.),(1.,0.730729142208125,1.),(1.,0.756472742921829,1.),(1.,0.78268757830661,
1.),(1.,0.808760614078577,1.),(1.,0.832382751982668,1.),(1.,0.85230144031997,
1.),(1.,0.865431760199559,1.),(1.,0.868702157609803,1.),(1.,0.86870215765884,
1.)))
REPRESENTATION_ITEM('')
SURFACE()
);
#34=(
BOUNDED_SURFACE()
B_SPLINE_SURFACE(3,2,((#5515,#5516,#5517),(#5518,#5519,#5520),(#5521,#5522,
#5523),(#5524,#5525,#5526),(#5527,#5528,#5529),(#5530,#5531,#5532),(#5533,
#5534,#5535),(#5536,#5537,#5538),(#5539,#5540,#5541)),.UNSPECIFIED.,.F.,
 .F.,.F.)
B_SPLINE_SURFACE_WITH_KNOTS((4,1,1,1,1,1,4),(3,3),(1.57863191996232,1.96937210336919,
2.36011228677606,2.55548237847949,2.75085247018293,2.94622256188636,3.14159265358979),
(0.,1.),.UNSPECIFIED.)
GEOMETRIC_REPRESENTATION_ITEM()
RATIONAL_B_SPLINE_SURFACE(((1.,0.999984651066259,1.),(1.,0.999474383921116,
1.),(1.,0.972239926517394,1.),(1.,0.885029064096225,1.),(1.,0.807180815718361,
1.),(1.,0.754116137189508,1.),(1.,0.716305645048824,1.),(1.,0.707106781187887,
1.),(1.,0.707106781186548,1.)))
REPRESENTATION_ITEM('')
SURFACE()
);
#35=(
BOUNDED_SURFACE()
B_SPLINE_SURFACE(3,2,((#5543,#5544,#5545),(#5546,#5547,#5548),(#5549,#5550,
#5551),(#5552,#5553,#5554)),.UNSPECIFIED.,.F.,.F.,.F.)
B_SPLINE_SURFACE_WITH_KNOTS((4,4),(3,3),(-1.25551053232284E-5,3.11520386349983E-5),
(0.,1.),.PIECEWISE_BEZIER_KNOTS.)
GEOMETRIC_REPRESENTATION_ITEM()
RATIONAL_B_SPLINE_SURFACE(((1.,1.,1.),(1.,0.999999999990412,1.),(1.,0.99999487454362,
1.),(1.,0.999984651066255,1.)))
REPRESENTATION_ITEM('')
SURFACE()
);
#36=(
BOUNDED_SURFACE()
B_SPLINE_SURFACE(3,2,((#5555,#5556,#5557),(#5558,#5559,#5560),(#5561,#5562,
#5563),(#5564,#5565,#5566)),.UNSPECIFIED.,.F.,.F.,.F.)
B_SPLINE_SURFACE_WITH_KNOTS((4,4),(3,3),(-2.00360561475321E-16,0.000594931245485016),
(0.,1.),.PIECEWISE_BEZIER_KNOTS.)
GEOMETRIC_REPRESENTATION_ITEM()
RATIONAL_B_SPLINE_SURFACE(((1.,0.972576653037429,1.),(1.,0.990791002995045,
1.),(1.,0.999999999847731,1.),(1.,1.,1.)))
REPRESENTATION_ITEM('')
SURFACE()
);
#37=(
BOUNDED_SURFACE()
B_SPLINE_SURFACE(3,2,((#5568,#5569,#5570),(#5571,#5572,#5573),(#5574,#5575,
#5576),(#5577,#5578,#5579),(#5580,#5581,#5582),(#5583,#5584,#5585),(#5586,
#5587,#5588),(#5589,#5590,#5591)),.UNSPECIFIED.,.F.,.F.,.F.)
B_SPLINE_SURFACE_WITH_KNOTS((4,1,1,1,1,4),(3,3),(7.48966860752986E-16,0.000473619349556457,
0.000947238699112165,0.00189447739822358,0.002841716097335,0.00378895479644641),
(0.,1.),.UNSPECIFIED.)
GEOMETRIC_REPRESENTATION_ITEM()
RATIONAL_B_SPLINE_SURFACE(((1.,0.972576653037449,1.),(1.,0.965219566225724,
1.),(1.,0.948034366153018,1.),(1.,0.909074134779337,1.),(1.,0.85642126916098,
1.),(1.,0.786000261073383,1.),(1.,0.734518708740625,1.),(1.,0.707106781186543,
1.)))
REPRESENTATION_ITEM('')
SURFACE()
);
#38=(
BOUNDED_SURFACE()
B_SPLINE_SURFACE(3,2,((#5593,#5594,#5595),(#5596,#5597,#5598),(#5599,#5600,
#5601),(#5602,#5603,#5604),(#5605,#5606,#5607)),.UNSPECIFIED.,.F.,.F.,.F.)
B_SPLINE_SURFACE_WITH_KNOTS((4,1,4),(3,3),(-1.79890824458795E-15,0.00628371989909616,
0.0125674397981941),(0.,1.),.UNSPECIFIED.)
GEOMETRIC_REPRESENTATION_ITEM()
RATIONAL_B_SPLINE_SURFACE(((1.,0.707106781186547,1.),(1.,0.707106781186547,
1.),(1.,0.707106781186547,1.),(1.,0.707106781186547,1.),(1.,0.707106781186547,
1.)))
REPRESENTATION_ITEM('')
SURFACE()
);
#39=(
BOUNDED_SURFACE()
B_SPLINE_SURFACE(3,2,((#5609,#5610,#5611),(#5612,#5613,#5614),(#5615,#5616,
#5617),(#5618,#5619,#5620),(#5621,#5622,#5623),(#5624,#5625,#5626),(#5627,
#5628,#5629)),.UNSPECIFIED.,.F.,.F.,.F.)
B_SPLINE_SURFACE_WITH_KNOTS((4,1,1,1,4),(3,3),(0.0368810391400625,0.0401270101238123,
0.043372981107562,0.0466189520913118,0.0498649230750616),(0.,1.),
 .UNSPECIFIED.)
GEOMETRIC_REPRESENTATION_ITEM()
RATIONAL_B_SPLINE_SURFACE(((1.,0.707106781186917,1.),(1.,0.682959543163752,
1.),(1.,0.633919028475968,1.),(1.,0.553017856520747,1.),(1.,0.464086926843551,
1.),(1.,0.394624382182211,1.),(1.,0.354677205970414,1.)))
REPRESENTATION_ITEM('')
SURFACE()
);
#40=(
BOUNDED_SURFACE()
B_SPLINE_SURFACE(3,2,((#5633,#5634,#5635),(#5636,#5637,#5638),(#5639,#5640,
#5641),(#5642,#5643,#5644),(#5645,#5646,#5647),(#5648,#5649,#5650),(#5651,
#5652,#5653)),.UNSPECIFIED.,.F.,.F.,.F.)
B_SPLINE_SURFACE_WITH_KNOTS((4,1,1,1,4),(3,3),(0.0360641250923303,0.0393042096436364,
0.0425442941949425,0.0457843787462485,0.0490244632975546),(0.,1.),
 .UNSPECIFIED.)
GEOMETRIC_REPRESENTATION_ITEM()
RATIONAL_B_SPLINE_SURFACE(((1.,0.707106781186546,1.),(1.,0.682959163051019,
1.),(1.,0.633926320638845,1.),(1.,0.553022574539386,1.),(1.,0.464090268360971,
1.),(1.,0.394625404579797,1.),(1.,0.354677205969919,1.)))
REPRESENTATION_ITEM('')
SURFACE()
);
#41=(
BOUNDED_SURFACE()
B_SPLINE_SURFACE(3,2,((#5655,#5656,#5657),(#5658,#5659,#5660),(#5661,#5662,
#5663),(#5664,#5665,#5666),(#5667,#5668,#5669)),.UNSPECIFIED.,.F.,.F.,.F.)
B_SPLINE_SURFACE_WITH_KNOTS((4,1,4),(3,3),(-3.81639164714898E-17,0.00628371989910617,
0.0125674397982124),(0.,1.),.UNSPECIFIED.)
GEOMETRIC_REPRESENTATION_ITEM()
RATIONAL_B_SPLINE_SURFACE(((1.,0.707106781186547,1.),(1.,0.707106781186547,
1.),(1.,0.707106781186548,1.),(1.,0.707106781186547,1.),(1.,0.707106781186547,
1.)))
REPRESENTATION_ITEM('')
SURFACE()
);
#42=(
BOUNDED_SURFACE()
B_SPLINE_SURFACE(3,2,((#5671,#5672,#5673),(#5674,#5675,#5676),(#5677,#5678,
#5679),(#5680,#5681,#5682),(#5683,#5684,#5685),(#5686,#5687,#5688),(#5689,
#5690,#5691),(#5692,#5693,#5694)),.UNSPECIFIED.,.F.,.F.,.F.)
B_SPLINE_SURFACE_WITH_KNOTS((4,1,1,1,1,4),(3,3),(5.20959143879285E-17,0.000940989472022942,
0.00188197894404583,0.00282296841606872,0.00329346315208017,0.00376395788809161),
(0.,1.),.UNSPECIFIED.)
GEOMETRIC_REPRESENTATION_ITEM()
RATIONAL_B_SPLINE_SURFACE(((1.,0.707106781186547,1.),(1.,0.73454248537415,
1.),(1.,0.785970568182591,1.),(1.,0.855448998803963,1.),(1.,0.909034896650203,
1.),(1.,0.947773197153248,1.),(1.,0.965254355368997,1.),(1.,0.972576653037506,
1.)))
REPRESENTATION_ITEM('')
SURFACE()
);
#43=(
BOUNDED_SURFACE()
B_SPLINE_SURFACE(3,2,((#5696,#5697,#5698),(#5699,#5700,#5701),(#5702,#5703,
#5704),(#5705,#5706,#5707)),.UNSPECIFIED.,.F.,.F.,.F.)
B_SPLINE_SURFACE_WITH_KNOTS((4,4),(3,3),(-4.75964753721136E-17,0.000594931245482656),
(0.,1.),.PIECEWISE_BEZIER_KNOTS.)
GEOMETRIC_REPRESENTATION_ITEM()
RATIONAL_B_SPLINE_SURFACE(((1.,0.972576653037572,1.),(1.,0.990791003127884,
1.),(1.,0.999999999847731,1.),(1.,1.,1.)))
REPRESENTATION_ITEM('')
SURFACE()
);
#44=(
BOUNDED_SURFACE()
B_SPLINE_SURFACE(3,2,((#5708,#5709,#5710),(#5711,#5712,#5713),(#5714,#5715,
#5716),(#5717,#5718,#5719),(#5720,#5721,#5722),(#5723,#5724,#5725),(#5726,
#5727,#5728),(#5729,#5730,#5731),(#5732,#5733,#5734),(#5735,#5736,#5737),
(#5738,#5739,#5740),(#5741,#5742,#5743),(#5744,#5745,#5746),(#5747,#5748,
#5749),(#5750,#5751,#5752),(#5753,#5754,#5755),(#5756,#5757,#5758),(#5759,
#5760,#5761),(#5762,#5763,#5764),(#5765,#5766,#5767),(#5768,#5769,#5770)),
 .UNSPECIFIED.,.F.,.F.,.F.)
B_SPLINE_SURFACE_WITH_KNOTS((4,1,1,1,1,1,1,1,1,1,1,1,1,1,1,1,1,1,4),(3,
3),(0.0432202712053419,0.0438725156183004,0.0441986378247796,0.0445247600312589,
0.0446878211344985,0.0447693516861183,0.0448508822377381,0.044891647513548,
0.0449324127893579,0.0450139433409777,0.0451770044442173,0.0455031266506966,
0.0458292488571758,0.0464814932701343,0.0471337376830927,0.0484382265090096,
0.0497427153349266,0.0510472041608435,0.0536561818126773),(0.,1.),
 .UNSPECIFIED.)
GEOMETRIC_REPRESENTATION_ITEM()
RATIONAL_B_SPLINE_SURFACE(((1.,0.735559236853496,1.),(1.,0.734186723079795,
1.),(1.,0.731904045409839,1.),(1.,0.728337336215732,1.),(1.,0.725867638366892,
1.),(1.,0.724005975782541,1.),(1.,0.722894437766944,1.),(1.,0.722197666104086,
1.),(1.,0.721593904644332,1.),(1.,0.72082912750754,1.),(1.,0.719563819159917,
1.),(1.,0.71697402975354,1.),(1.,0.713283990860674,1.),(1.,0.707325726561712,
1.),(1.,0.699807256824279,1.),(1.,0.68761863499473,1.),(1.,0.672000330060318,
1.),(1.,0.653030227037486,1.),(1.,0.627584588807725,1.),(1.,0.608098224294912,
1.),(1.,0.595247891840674,1.)))
REPRESENTATION_ITEM('')
SURFACE()
);
#45=(
BOUNDED_SURFACE()
B_SPLINE_SURFACE(3,2,((#5772,#5773,#5774),(#5775,#5776,#5777),(#5778,#5779,
#5780),(#5781,#5782,#5783),(#5784,#5785,#5786),(#5787,#5788,#5789),(#5790,
#5791,#5792),(#5793,#5794,#5795),(#5796,#5797,#5798),(#5799,#5800,#5801),
(#5802,#5803,#5804),(#5805,#5806,#5807),(#5808,#5809,#5810),(#5811,#5812,
#5813),(#5814,#5815,#5816),(#5817,#5818,#5819),(#5820,#5821,#5822),(#5823,
#5824,#5825),(#5826,#5827,#5828),(#5829,#5830,#5831),(#5832,#5833,#5834)),
 .UNSPECIFIED.,.F.,.F.,.F.)
B_SPLINE_SURFACE_WITH_KNOTS((4,1,1,1,1,1,1,1,1,1,1,1,1,1,1,1,1,1,4),(3,
3),(0.043220271205342,0.0438725952225887,0.044198757231212,0.0445249192398353,
0.044688000244147,0.0447695407463028,0.0448510812484586,0.0448918514995366,
0.0449326217506145,0.0450141622527703,0.045177243257082,0.0455034052657053,
0.0458295672743286,0.0464818912915753,0.0471342153088219,0.0484388633433152,
0.0497435113778086,0.0510481594123019,0.0536574554812885),(0.,1.),
 .UNSPECIFIED.)
GEOMETRIC_REPRESENTATION_ITEM()
RATIONAL_B_SPLINE_SURFACE(((1.,0.735559236853496,1.),(1.,0.734186555569193,
1.),(1.,0.731903560475728,1.),(1.,0.728336337050856,1.),(1.,0.725866153494588,
1.),(1.,0.724004307586239,1.),(1.,0.722892345425877,1.),(1.,0.722196024519897,
1.),(1.,0.721590966445229,1.),(1.,0.720826390765038,1.),(1.,0.719560737885008,
1.),(1.,0.716970752382037,1.),(1.,0.713280170684411,1.),(1.,0.707321172030257,
1.),(1.,0.699801714975003,1.),(1.,0.687611499509307,1.),(1.,0.671991086239401,
1.),(1.,0.653018626973412,1.),(1.,0.627569750925945,1.),(1.,0.6080807295608,
1.),(1.,0.595229071928318,1.)))
REPRESENTATION_ITEM('')
SURFACE()
);
#46=(
BOUNDED_SURFACE()
B_SPLINE_SURFACE(3,2,((#5836,#5837,#5838),(#5839,#5840,#5841),(#5842,#5843,
#5844),(#5845,#5846,#5847),(#5848,#5849,#5850),(#5851,#5852,#5853),(#5854,
#5855,#5856),(#5857,#5858,#5859)),.UNSPECIFIED.,.F.,.F.,.F.)
B_SPLINE_SURFACE_WITH_KNOTS((4,1,1,1,1,4),(3,3),(-1.04083408558608E-17,
0.00424561544976456,0.00849123089952912,0.0127368463492937,0.014859654074176,
0.0169824617990583),(0.,1.),.UNSPECIFIED.)
GEOMETRIC_REPRESENTATION_ITEM()
RATIONAL_B_SPLINE_SURFACE(((1.,0.707106781186546,1.),(1.,0.709314411915398,
1.),(1.,0.713614899838174,1.),(1.,0.719908979323478,1.),(1.,0.725252177260608,
1.),(1.,0.730319539209884,1.),(1.,0.733541016950771,1.),(1.,0.735559236853495,
1.)))
REPRESENTATION_ITEM('')
SURFACE()
);
#47=(
BOUNDED_SURFACE()
B_SPLINE_SURFACE(3,2,((#5866,#5867,#5868),(#5869,#5870,#5871),(#5872,#5873,
#5874),(#5875,#5876,#5877),(#5878,#5879,#5880),(#5881,#5882,#5883),(#5884,
#5885,#5886),(#5887,#5888,#5889)),.UNSPECIFIED.,.F.,.F.,.F.)
B_SPLINE_SURFACE_WITH_KNOTS((4,1,1,1,1,4),(3,3),(3.81639164714898E-17,0.00424561544976461,
0.00849123089952917,0.0127368463492937,0.014859654074176,0.0169824617990583),
(0.,1.),.UNSPECIFIED.)
GEOMETRIC_REPRESENTATION_ITEM()
RATIONAL_B_SPLINE_SURFACE(((1.,0.707106781186548,1.),(1.,0.709314411913034,
1.),(1.,0.713614899839276,1.),(1.,0.719908979323166,1.),(1.,0.725252177260676,
1.),(1.,0.730319539209824,1.),(1.,0.733541016950888,1.),(1.,0.735559236853494,
1.)))
REPRESENTATION_ITEM('')
SURFACE()
);
#48=(
BOUNDED_SURFACE()
B_SPLINE_SURFACE(3,2,((#5896,#5897,#5898),(#5899,#5900,#5901),(#5902,#5903,
#5904),(#5905,#5906,#5907)),.UNSPECIFIED.,.F.,.F.,.F.)
B_SPLINE_SURFACE_WITH_KNOTS((4,4),(3,3),(1.73472347597681E-18,0.00957392609230045),
(0.,1.),.PIECEWISE_BEZIER_KNOTS.)
GEOMETRIC_REPRESENTATION_ITEM()
RATIONAL_B_SPLINE_SURFACE(((1.,0.707106781186547,1.),(1.,0.707106781186547,
1.),(1.,0.707106781186548,1.),(1.,0.707106781186548,1.)))
REPRESENTATION_ITEM('')
SURFACE()
);
#49=(
BOUNDED_SURFACE()
B_SPLINE_SURFACE(3,2,((#5909,#5910,#5911),(#5912,#5913,#5914),(#5915,#5916,
#5917),(#5918,#5919,#5920)),.UNSPECIFIED.,.F.,.F.,.F.)
B_SPLINE_SURFACE_WITH_KNOTS((4,4),(3,3),(-1.56125112837913E-17,0.00957392609230045),
(0.,1.),.PIECEWISE_BEZIER_KNOTS.)
GEOMETRIC_REPRESENTATION_ITEM()
RATIONAL_B_SPLINE_SURFACE(((1.,0.707106781186547,1.),(1.,0.707106781186547,
1.),(1.,0.707106781186548,1.),(1.,0.707106781186548,1.)))
REPRESENTATION_ITEM('')
SURFACE()
);
#50=(
BOUNDED_SURFACE()
B_SPLINE_SURFACE(3,2,((#5927,#5928,#5929),(#5930,#5931,#5932),(#5933,#5934,
#5935),(#5936,#5937,#5938)),.UNSPECIFIED.,.F.,.F.,.F.)
B_SPLINE_SURFACE_WITH_KNOTS((4,4),(3,3),(0.0480977866103812,0.060469769248136),
(0.,1.),.PIECEWISE_BEZIER_KNOTS.)
GEOMETRIC_REPRESENTATION_ITEM()
RATIONAL_B_SPLINE_SURFACE(((1.,0.707106781186548,1.),(1.,0.707106781186548,
1.),(1.,0.707106781186548,1.),(1.,0.707106781186548,1.)))
REPRESENTATION_ITEM('')
SURFACE()
);
#51=(
BOUNDED_SURFACE()
B_SPLINE_SURFACE(3,2,((#5947,#5948,#5949),(#5950,#5951,#5952),(#5953,#5954,
#5955),(#5956,#5957,#5958)),.UNSPECIFIED.,.F.,.F.,.F.)
B_SPLINE_SURFACE_WITH_KNOTS((4,4),(3,3),(0.0480977866103813,0.060469769248136),
(0.,1.),.PIECEWISE_BEZIER_KNOTS.)
GEOMETRIC_REPRESENTATION_ITEM()
RATIONAL_B_SPLINE_SURFACE(((1.,0.707106781186548,1.),(1.,0.707106781186548,
1.),(1.,0.707106781186548,1.),(1.,0.707106781186548,1.)))
REPRESENTATION_ITEM('')
SURFACE()
);
#52=(
BOUNDED_SURFACE()
B_SPLINE_SURFACE(3,2,((#6020,#6021,#6022),(#6023,#6024,#6025),(#6026,#6027,
#6028),(#6029,#6030,#6031),(#6032,#6033,#6034),(#6035,#6036,#6037),(#6038,
#6039,#6040),(#6041,#6042,#6043),(#6044,#6045,#6046),(#6047,#6048,#6049),
(#6050,#6051,#6052),(#6053,#6054,#6055),(#6056,#6057,#6058),(#6059,#6060,
#6061),(#6062,#6063,#6064)),.UNSPECIFIED.,.F.,.F.,.F.)
B_SPLINE_SURFACE_WITH_KNOTS((4,1,1,1,1,1,1,1,1,1,1,1,4),(3,3),(0.0092742176115211,
0.0132987820995937,0.0173233465876663,0.0213479110757389,0.0253724755638115,
0.0273847578078478,0.0293970400518841,0.0314093222959204,0.0334216045399567,
0.035433886783993,0.0374461690280293,0.0394584512720656,0.0414707335161019),
(0.,1.),.UNSPECIFIED.)
GEOMETRIC_REPRESENTATION_ITEM()
RATIONAL_B_SPLINE_SURFACE(((1.,0.711134540533243,1.),(1.,0.724436579450959,
1.),(1.,0.73383075540624,1.),(1.,0.730826103358642,1.),(1.,0.733468974790213,
1.),(1.,0.72678897110543,1.),(1.,0.698749597441773,1.),(1.,0.664694403186796,
1.),(1.,0.620682733028649,1.),(1.,0.578242084687449,1.),(1.,0.558854544618926,
1.),(1.,0.577149116022827,1.),(1.,0.61935380758664,1.),(1.,0.64886470543277,
1.),(1.,0.661930173511769,1.)))
REPRESENTATION_ITEM('')
SURFACE()
);
#53=(
BOUNDED_SURFACE()
B_SPLINE_SURFACE(3,2,((#6067,#6068,#6069),(#6070,#6071,#6072),(#6073,#6074,
#6075),(#6076,#6077,#6078),(#6079,#6080,#6081)),.UNSPECIFIED.,.F.,.F.,.F.)
B_SPLINE_SURFACE_WITH_KNOTS((4,1,4),(3,3),(-2.47198095326695E-17,0.00165009384434016,
0.00330018768868035),(0.,1.),.UNSPECIFIED.)
GEOMETRIC_REPRESENTATION_ITEM()
RATIONAL_B_SPLINE_SURFACE(((1.,0.661930173511764,1.),(1.,0.662126615679707,
1.),(1.,0.669407857946031,1.),(1.,0.695576259540275,1.),(1.,0.711134540533233,
1.)))
REPRESENTATION_ITEM('')
SURFACE()
);
#54=(
BOUNDED_SURFACE()
B_SPLINE_SURFACE(3,2,((#6082,#6083,#6084),(#6085,#6086,#6087),(#6088,#6089,
#6090),(#6091,#6092,#6093),(#6094,#6095,#6096),(#6097,#6098,#6099),(#6100,
#6101,#6102),(#6103,#6104,#6105),(#6106,#6107,#6108),(#6109,#6110,#6111),
(#6112,#6113,#6114),(#6115,#6116,#6117),(#6118,#6119,#6120),(#6121,#6122,
#6123),(#6124,#6125,#6126)),.UNSPECIFIED.,.F.,.F.,.F.)
B_SPLINE_SURFACE_WITH_KNOTS((4,1,1,1,1,1,1,1,1,1,1,1,4),(3,3),(0.0305884105124801,
0.0325985595005182,0.0346087084885562,0.0366188574765942,0.0386290064646322,
0.0406391554526703,0.0426493044407083,0.0446594534287463,0.0466696024167843,
0.0506899003928604,0.0547101983689364,0.0587304963450125,0.0627507943210885),
(0.,1.),.UNSPECIFIED.)
GEOMETRIC_REPRESENTATION_ITEM()
RATIONAL_B_SPLINE_SURFACE(((1.,0.661930173511763,1.),(1.,0.648897075118762,
1.),(1.,0.619353621694224,1.),(1.,0.577260276760714,1.),(1.,0.558863986178778,
1.),(1.,0.578080067988445,1.),(1.,0.620611788108695,1.),(1.,0.664668073896545,
1.),(1.,0.698712060726825,1.),(1.,0.726767184623657,1.),(1.,0.733477546396056,
1.),(1.,0.730814701787831,1.),(1.,0.733868214188898,1.),(1.,0.724359482134149,
1.),(1.,0.711134540533236,1.)))
REPRESENTATION_ITEM('')
SURFACE()
);
#55=(
BOUNDED_SURFACE()
B_SPLINE_SURFACE(3,2,((#6129,#6130,#6131),(#6132,#6133,#6134),(#6135,#6136,
#6137),(#6138,#6139,#6140),(#6141,#6142,#6143)),.UNSPECIFIED.,.F.,.F.,.F.)
B_SPLINE_SURFACE_WITH_KNOTS((4,1,4),(3,3),(-2.60208521396521E-17,0.00165009384435152,
0.00330018768870306),(0.,1.),.UNSPECIFIED.)
GEOMETRIC_REPRESENTATION_ITEM()
RATIONAL_B_SPLINE_SURFACE(((1.,0.661930173511763,1.),(1.,0.662126615679553,
1.),(1.,0.669407857940514,1.),(1.,0.695576259552156,1.),(1.,0.711134540533853,
1.)))
REPRESENTATION_ITEM('')
SURFACE()
);
#56=(
BOUNDED_SURFACE()
B_SPLINE_SURFACE(3,2,((#6144,#6145,#6146),(#6147,#6148,#6149),(#6150,#6151,
#6152),(#6153,#6154,#6155),(#6156,#6157,#6158),(#6159,#6160,#6161),(#6162,
#6163,#6164)),.UNSPECIFIED.,.F.,.F.,.F.)
B_SPLINE_SURFACE_WITH_KNOTS((4,1,1,1,4),(3,3),(-2.77555756156289E-17,0.00165375187503345,
0.00330750375006692,0.0049612556251004,0.00661500750013388),(0.,1.),
 .UNSPECIFIED.)
GEOMETRIC_REPRESENTATION_ITEM()
RATIONAL_B_SPLINE_SURFACE(((1.,0.707106781186548,1.),(1.,0.699435011323463,
1.),(1.,0.678879259585946,1.),(1.,0.662429230108223,1.),(1.,0.678588545236481,
1.),(1.,0.699456630404197,1.),(1.,0.707106781186548,1.)))
REPRESENTATION_ITEM('')
SURFACE()
);
#57=(
BOUNDED_SURFACE()
B_SPLINE_SURFACE(3,2,((#6174,#6175,#6176),(#6177,#6178,#6179),(#6180,#6181,
#6182),(#6183,#6184,#6185),(#6186,#6187,#6188),(#6189,#6190,#6191),(#6192,
#6193,#6194)),.UNSPECIFIED.,.F.,.F.,.F.)
B_SPLINE_SURFACE_WITH_KNOTS((4,1,1,1,4),(3,3),(-1.2793585635329E-17,0.00165375187503347,
0.00330750375006695,0.00496125562510043,0.00661500750013392),(0.,1.),
 .UNSPECIFIED.)
GEOMETRIC_REPRESENTATION_ITEM()
RATIONAL_B_SPLINE_SURFACE(((1.,0.707106781186548,1.),(1.,0.699435011323059,
1.),(1.,0.678879259586192,1.),(1.,0.662429230107966,1.),(1.,0.678588545237259,
1.),(1.,0.699456630402553,1.),(1.,0.707106781186549,1.)))
REPRESENTATION_ITEM('')
SURFACE()
);
#58=ELLIPSE('',#2650,0.0235361362309286,0.00581964190913347);
#59=ELLIPSE('',#2652,0.0235361362309286,0.00581964190913344);
#60=ELLIPSE('',#2686,0.00857868405813281,0.00762);
#61=ELLIPSE('',#2689,0.00857868405813281,0.00762);
#62=ELLIPSE('',#2693,0.00857868405813281,0.00762);
#63=ELLIPSE('',#2696,0.00857868405813281,0.00762);
#64=B_SPLINE_SURFACE_WITH_KNOTS('',3,1,((#3482,#3483),(#3484,#3485),(#3486,
#3487),(#3488,#3489)),.SURF_OF_LINEAR_EXTRUSION.,.F.,.F.,.F.,(4,4),(2,2),
(0.,0.281175828906787),(0.,1.),.PIECEWISE_BEZIER_KNOTS.);
#65=B_SPLINE_SURFACE_WITH_KNOTS('',3,1,((#3543,#3544),(#3545,#3546),(#3547,
#3548),(#3549,#3550)),.SURF_OF_LINEAR_EXTRUSION.,.F.,.F.,.F.,(4,4),(2,2),
(0.308218061907579,0.423952255425976),(0.,1.),.PIECEWISE_BEZIER_KNOTS.);
#66=B_SPLINE_SURFACE_WITH_KNOTS('',3,1,((#3679,#3680),(#3681,#3682),(#3683,
#3684),(#3685,#3686)),.SURF_OF_LINEAR_EXTRUSION.,.F.,.F.,.F.,(4,4),(2,2),
(0.,1.),(0.,1.),.PIECEWISE_BEZIER_KNOTS.);
#67=B_SPLINE_SURFACE_WITH_KNOTS('',3,1,((#3728,#3729),(#3730,#3731),(#3732,
#3733),(#3734,#3735)),.SURF_OF_LINEAR_EXTRUSION.,.F.,.F.,.F.,(4,4),(2,2),
(-7.60099702844398E-17,1.),(0.,1.),.PIECEWISE_BEZIER_KNOTS.);
#68=B_SPLINE_SURFACE_WITH_KNOTS('',3,1,((#3790,#3791),(#3792,#3793),(#3794,
#3795),(#3796,#3797)),.SURF_OF_LINEAR_EXTRUSION.,.F.,.F.,.F.,(4,4),(2,2),
(0.,1.),(0.,1.),.PIECEWISE_BEZIER_KNOTS.);
#69=B_SPLINE_SURFACE_WITH_KNOTS('',3,1,((#3828,#3829),(#3830,#3831),(#3832,
#3833),(#3834,#3835)),.SURF_OF_LINEAR_EXTRUSION.,.F.,.F.,.F.,(4,4),(2,2),
(0.308218061907919,0.423952255425475),(0.,1.),.PIECEWISE_BEZIER_KNOTS.);
#70=B_SPLINE_SURFACE_WITH_KNOTS('',3,1,((#3852,#3853),(#3854,#3855),(#3856,
#3857),(#3858,#3859)),.SURF_OF_LINEAR_EXTRUSION.,.F.,.F.,.F.,(4,4),(2,2),
(0.,0.281175828906745),(0.,1.),.PIECEWISE_BEZIER_KNOTS.);
#71=B_SPLINE_SURFACE_WITH_KNOTS('',3,1,((#3913,#3914),(#3915,#3916),(#3917,
#3918),(#3919,#3920)),.SURF_OF_LINEAR_EXTRUSION.,.F.,.F.,.F.,(4,4),(2,2),
(0.,1.),(0.,1.),.PIECEWISE_BEZIER_KNOTS.);
#72=B_SPLINE_SURFACE_WITH_KNOTS('',3,1,((#3971,#3972),(#3973,#3974),(#3975,
#3976),(#3977,#3978)),.SURF_OF_LINEAR_EXTRUSION.,.F.,.F.,.F.,(4,4),(2,2),
(-4.20135029603923E-15,1.),(0.,1.),.PIECEWISE_BEZIER_KNOTS.);
#73=B_SPLINE_SURFACE_WITH_KNOTS('',3,1,((#4015,#4016),(#4017,#4018),(#4019,
#4020),(#4021,#4022)),.SURF_OF_LINEAR_EXTRUSION.,.F.,.F.,.F.,(4,4),(2,2),
(0.,1.),(0.,1.),.PIECEWISE_BEZIER_KNOTS.);
#74=B_SPLINE_SURFACE_WITH_KNOTS('',3,1,((#4105,#4106),(#4107,#4108),(#4109,
#4110),(#4111,#4112)),.SURF_OF_LINEAR_EXTRUSION.,.F.,.F.,.F.,(4,4),(2,2),
(0.0732500570577541,0.507065368060392),(0.,1.),.PIECEWISE_BEZIER_KNOTS.);
#75=B_SPLINE_SURFACE_WITH_KNOTS('',3,1,((#4127,#4128),(#4129,#4130),(#4131,
#4132),(#4133,#4134)),.SURF_OF_LINEAR_EXTRUSION.,.F.,.F.,.F.,(4,4),(2,2),
(0.00448920186401761,0.902914924275096),(0.,1.),
 .PIECEWISE_BEZIER_KNOTS.);
#76=B_SPLINE_SURFACE_WITH_KNOTS('',3,1,((#4163,#4164),(#4165,#4166),(#4167,
#4168),(#4169,#4170)),.SURF_OF_LINEAR_EXTRUSION.,.F.,.F.,.F.,(4,4),(2,2),
(0.263628862402347,0.759797622401338),(0.,1.),.PIECEWISE_BEZIER_KNOTS.);
#77=B_SPLINE_SURFACE_WITH_KNOTS('',3,1,((#4189,#4190),(#4191,#4192),(#4193,
#4194),(#4195,#4196)),.SURF_OF_LINEAR_EXTRUSION.,.F.,.F.,.F.,(4,4),(2,2),
(0.00591098599366117,0.998969369419822),(0.,1.),
 .PIECEWISE_BEZIER_KNOTS.);
#78=B_SPLINE_SURFACE_WITH_KNOTS('',3,1,((#4268,#4269),(#4270,#4271),(#4272,
#4273),(#4274,#4275)),.SURF_OF_LINEAR_EXTRUSION.,.F.,.F.,.F.,(4,4),(2,2),
(-3.67718985555051E-16,0.888932137116242),(0.,1.),
 .PIECEWISE_BEZIER_KNOTS.);
#79=B_SPLINE_SURFACE_WITH_KNOTS('',3,1,((#4314,#4315),(#4316,#4317),(#4318,
#4319),(#4320,#4321),(#4322,#4323),(#4324,#4325),(#4326,#4327),(#4328,#4329),
(#4330,#4331),(#4332,#4333),(#4334,#4335)),.SURF_OF_LINEAR_EXTRUSION.,.F.,
 .F.,.F.,(4,1,1,1,1,1,1,1,4),(2,2),(-0.198470628535839,-0.0486617999688594,
0.0262426143146306,0.101147028598121,0.2509558571651,0.40076468573208,0.70038234286604,
0.85019117143302,1.),(0.,1.),.UNSPECIFIED.);
#80=B_SPLINE_SURFACE_WITH_KNOTS('',3,1,((#4364,#4365),(#4366,#4367),(#4368,
#4369),(#4370,#4371)),.SURF_OF_LINEAR_EXTRUSION.,.F.,.F.,.F.,(4,4),(2,2),
(-1.93400415543718E-16,1.),(0.,1.),.PIECEWISE_BEZIER_KNOTS.);
#81=TOROIDAL_SURFACE('',#2633,0.01651,0.00254);
#82=TOROIDAL_SURFACE('',#2634,0.01651,0.00254);
#83=TOROIDAL_SURFACE('',#2739,0.00411795018603124,0.00254);
#84=TOROIDAL_SURFACE('',#2740,0.00519372805297649,0.00254);
#85=TOROIDAL_SURFACE('',#2743,0.00411795018603124,0.00254);
#86=TOROIDAL_SURFACE('',#2744,0.00519372805297649,0.00254);
#87=B_SPLINE_CURVE_WITH_KNOTS('',3,(#3363,#3364,#3365,#3366),
 .UNSPECIFIED.,.F.,.F.,(4,4),(0.,0.00109906298953905),.UNSPECIFIED.);
#88=B_SPLINE_CURVE_WITH_KNOTS('',3,(#3375,#3376,#3377,#3378),
 .UNSPECIFIED.,.F.,.F.,(4,4),(0.,0.0010977540688148),.UNSPECIFIED.);
#89=B_SPLINE_CURVE_WITH_KNOTS('',3,(#3388,#3389,#3390,#3391),
 .UNSPECIFIED.,.F.,.F.,(4,4),(0.,0.00109775406881477),.UNSPECIFIED.);
#90=B_SPLINE_CURVE_WITH_KNOTS('',3,(#3394,#3395,#3396,#3397),
 .UNSPECIFIED.,.F.,.F.,(4,4),(0.,0.00109906298953908),.UNSPECIFIED.);
#91=B_SPLINE_CURVE_WITH_KNOTS('',3,(#3407,#3408,#3409,#3410),
 .UNSPECIFIED.,.F.,.F.,(4,4),(0.,0.00109775406881479),.UNSPECIFIED.);
#92=B_SPLINE_CURVE_WITH_KNOTS('',3,(#3413,#3414,#3415,#3416),
 .UNSPECIFIED.,.F.,.F.,(4,4),(0.,0.00109906298953909),.UNSPECIFIED.);
#93=B_SPLINE_CURVE_WITH_KNOTS('',3,(#3426,#3427,#3428,#3429),
 .UNSPECIFIED.,.F.,.F.,(4,4),(0.,0.00109775406881479),.UNSPECIFIED.);
#94=B_SPLINE_CURVE_WITH_KNOTS('',3,(#3432,#3433,#3434,#3435),
 .UNSPECIFIED.,.F.,.F.,(4,4),(0.,0.00109906298953905),.UNSPECIFIED.);
#95=B_SPLINE_CURVE_WITH_KNOTS('',3,(#3445,#3446,#3447,#3448),
 .UNSPECIFIED.,.F.,.F.,(4,4),(1.86967599114504E-34,0.00109775406881477),
 .UNSPECIFIED.);
#96=B_SPLINE_CURVE_WITH_KNOTS('',3,(#3451,#3452,#3453,#3454),
 .UNSPECIFIED.,.F.,.F.,(4,4),(0.,0.00109906298953907),.UNSPECIFIED.);
#97=B_SPLINE_CURVE_WITH_KNOTS('',3,(#3464,#3465,#3466,#3467),
 .UNSPECIFIED.,.F.,.F.,(4,4),(0.,0.0010977540688148),.UNSPECIFIED.);
#98=B_SPLINE_CURVE_WITH_KNOTS('',3,(#3470,#3471,#3472,#3473),
 .UNSPECIFIED.,.F.,.F.,(4,4),(0.,0.00109906298953909),.UNSPECIFIED.);
#99=B_SPLINE_CURVE_WITH_KNOTS('',3,(#3490,#3491,#3492,#3493),
 .UNSPECIFIED.,.F.,.F.,(4,4),(0.00730047373608864,0.00743178338429067),
 .UNSPECIFIED.);
#100=B_SPLINE_CURVE_WITH_KNOTS('',3,(#3496,#3497,#3498,#3499),
 .UNSPECIFIED.,.F.,.F.,(4,4),(9.81307786677359E-17,0.00730542863807771),
 .UNSPECIFIED.);
#101=B_SPLINE_CURVE_WITH_KNOTS('',3,(#3501,#3502,#3503,#3504,#3505),
 .UNSPECIFIED.,.F.,.F.,(4,1,4),(0.00358708126323244,0.00538720767238235,
0.00718733408153227),.UNSPECIFIED.);
#102=B_SPLINE_CURVE_WITH_KNOTS('',3,(#3507,#3508,#3509,#3510),
 .UNSPECIFIED.,.F.,.F.,(4,4),(0.0133004999896126,0.0155749320924455),
 .UNSPECIFIED.);
#103=B_SPLINE_CURVE_WITH_KNOTS('',3,(#3512,#3513,#3514,#3515,#3516,#3517,
#3518),.UNSPECIFIED.,.F.,.F.,(4,1,1,1,4),(0.00490705891849189,0.00603992163963015,
0.00717278436076842,0.00830564708190669,0.00943850980304495),
 .UNSPECIFIED.);
#104=B_SPLINE_CURVE_WITH_KNOTS('',3,(#3520,#3521,#3522,#3523),
 .UNSPECIFIED.,.F.,.F.,(4,4),(0.0188317603747527,0.0280865304981794),
 .UNSPECIFIED.);
#105=B_SPLINE_CURVE_WITH_KNOTS('',3,(#3527,#3528,#3529,#3530),
 .UNSPECIFIED.,.F.,.F.,(4,4),(-6.00000000339366E-8,0.00496117400804062),
 .UNSPECIFIED.);
#106=B_SPLINE_CURVE_WITH_KNOTS('',3,(#3532,#3533,#3534,#3535,#3536,#3537,
#3538,#3539,#3540,#3541,#3542),.UNSPECIFIED.,.F.,.F.,(4,1,1,1,1,1,1,1,4),
(0.008505397796394,0.00947544958470605,0.0104455013730181,0.0114155531613302,
0.0123856049496422,0.0133556567379543,0.0143257085262663,0.0152957603145784,
0.0162658121028904),.UNSPECIFIED.);
#107=B_SPLINE_CURVE_WITH_KNOTS('',3,(#3551,#3552,#3553,#3554),
 .UNSPECIFIED.,.F.,.F.,(4,4),(0.0239998303734635,0.0281020453954285),
 .UNSPECIFIED.);
#108=B_SPLINE_CURVE_WITH_KNOTS('',3,(#3557,#3558,#3559,#3560),
 .UNSPECIFIED.,.F.,.F.,(4,4),(0.,0.00476319489012733),.UNSPECIFIED.);
#109=B_SPLINE_CURVE_WITH_KNOTS('',3,(#3562,#3563,#3564,#3565,#3566),
 .UNSPECIFIED.,.F.,.F.,(4,1,4),(0.00851982733599774,0.0096030129349839,
0.0106861985339701),.UNSPECIFIED.);
#110=B_SPLINE_CURVE_WITH_KNOTS('',3,(#3571,#3572,#3573,#3574,#3575),
 .UNSPECIFIED.,.F.,.F.,(4,1,4),(0.0037350666566324,0.00808181138897675,
0.0124285561213211),.UNSPECIFIED.);
#111=B_SPLINE_CURVE_WITH_KNOTS('',3,(#3582,#3583,#3584,#3585,#3586),
 .UNSPECIFIED.,.F.,.F.,(4,1,4),(3.04412589072816E-5,0.00438336108122898,
0.00873628090355068),.UNSPECIFIED.);
#112=B_SPLINE_CURVE_WITH_KNOTS('',3,(#3593,#3594,#3595,#3596,#3597,#3598),
 .UNSPECIFIED.,.F.,.F.,(4,1,1,4),(4.1665515672765E-16,0.000952157626342974,
0.00190431525268553,0.00380863050537065),.UNSPECIFIED.);
#113=B_SPLINE_CURVE_WITH_KNOTS('',3,(#3600,#3601,#3602,#3603,#3604),
 .UNSPECIFIED.,.F.,.F.,(4,1,4),(0.,0.00628371989895554,0.0125674397979111),
 .UNSPECIFIED.);
#114=B_SPLINE_CURVE_WITH_KNOTS('',3,(#3606,#3607,#3608,#3609,#3610,#3611,
#3612),.UNSPECIFIED.,.F.,.F.,(4,1,1,1,4),(0.,0.00322851548738946,0.00645703097477892,
0.00968554646216838,0.0129140619495578),.UNSPECIFIED.);
#115=B_SPLINE_CURVE_WITH_KNOTS('',3,(#3616,#3617,#3618,#3619,#3620,#3621,
#3622),.UNSPECIFIED.,.F.,.F.,(4,1,1,1,4),(0.00254865743619453,0.00582811401241838,
0.00910757058864224,0.0123870271648661,0.0156664837410899),
 .UNSPECIFIED.);
#116=B_SPLINE_CURVE_WITH_KNOTS('',3,(#3624,#3625,#3626,#3627,#3628),
 .UNSPECIFIED.,.F.,.F.,(4,1,4),(0.,0.00628371989894665,0.0125674397978933),
 .UNSPECIFIED.);
#117=B_SPLINE_CURVE_WITH_KNOTS('',3,(#3630,#3631,#3632,#3633,#3634,#3635),
 .UNSPECIFIED.,.F.,.F.,(4,1,1,4),(0.,0.00189425818721157,0.00284138728081736,
0.00378851637442314),.UNSPECIFIED.);
#118=B_SPLINE_CURVE_WITH_KNOTS('',3,(#3637,#3638,#3639,#3640,#3641,#3642,
#3643),.UNSPECIFIED.,.F.,.F.,(4,1,1,1,4),(0.00774213001833853,0.0125049992708049,
0.0172678685232712,0.0220307377757375,0.0267936070282038),.UNSPECIFIED.);
#119=B_SPLINE_CURVE_WITH_KNOTS('',3,(#3652,#3653,#3654,#3655),
 .UNSPECIFIED.,.F.,.F.,(4,4),(0.032777175754091,0.0410404922488873),
 .UNSPECIFIED.);
#120=B_SPLINE_CURVE_WITH_KNOTS('',3,(#3657,#3658,#3659,#3660),
 .UNSPECIFIED.,.F.,.F.,(4,4),(0.00238572311957394,0.00777681144212265),
 .UNSPECIFIED.);
#121=B_SPLINE_CURVE_WITH_KNOTS('',3,(#3664,#3665,#3666,#3667),
 .UNSPECIFIED.,.F.,.F.,(4,4),(0.0102255225839139,0.0123726485814744),
 .UNSPECIFIED.);
#122=B_SPLINE_CURVE_WITH_KNOTS('',3,(#3669,#3670,#3671,#3672),
 .UNSPECIFIED.,.F.,.F.,(4,4),(0.0111080563388182,0.020689938507993),
 .UNSPECIFIED.);
#123=B_SPLINE_CURVE_WITH_KNOTS('',3,(#3687,#3688,#3689,#3690),
 .UNSPECIFIED.,.F.,.F.,(4,4),(-5.99999999920987E-8,0.0120292182454218),
 .UNSPECIFIED.);
#124=B_SPLINE_CURVE_WITH_KNOTS('',3,(#3692,#3693,#3694,#3695,#3696,#3697,
#3698,#3699,#3700,#3701,#3702,#3703,#3704,#3705,#3706,#3707),
 .UNSPECIFIED.,.F.,.F.,(4,1,1,1,1,1,1,1,1,1,1,1,1,4),(0.00986589730368731,
0.0140782554025143,0.0161844344519278,0.0182906135013413,0.0203967925507547,
0.0225029716001682,0.0267153296989952,0.0309276877978222,0.0330338668472357,
0.0351400458966491,0.0372462249460626,0.0393524039954761,0.0414585830448896,
0.0435647620943031),.UNSPECIFIED.);
#125=B_SPLINE_CURVE_WITH_KNOTS('',3,(#3709,#3710,#3711,#3712),
 .UNSPECIFIED.,.F.,.F.,(4,4),(0.0155370565645077,0.0204250541600302),
 .UNSPECIFIED.);
#126=B_SPLINE_CURVE_WITH_KNOTS('',3,(#3714,#3715,#3716,#3717),
 .UNSPECIFIED.,.F.,.F.,(4,4),(0.,0.00301567947991195),.UNSPECIFIED.);
#127=B_SPLINE_CURVE_WITH_KNOTS('',3,(#3721,#3722,#3723,#3724,#3725,#3726,
#3727),.UNSPECIFIED.,.F.,.F.,(4,1,1,1,4),(-5.99999999886628E-8,0.00608373389378293,
0.0121675277875658,0.0182513216813488,0.0243351155751317),.UNSPECIFIED.);
#128=B_SPLINE_CURVE_WITH_KNOTS('',3,(#3736,#3737,#3738,#3739,#3740,#3741,
#3742),.UNSPECIFIED.,.F.,.F.,(4,1,1,1,4),(1.05519109601004E-17,0.00143058723526262,
0.00286117447052522,0.00429176170578783,0.00572234894105044),
 .UNSPECIFIED.);
#129=B_SPLINE_CURVE_WITH_KNOTS('',3,(#3744,#3745,#3746,#3747,#3748,#3749),
 .UNSPECIFIED.,.F.,.F.,(4,1,1,4),(0.00385814177581439,0.00688414287122022,
0.00991014396662606,0.0159621461574377),.UNSPECIFIED.);
#130=B_SPLINE_CURVE_WITH_KNOTS('',3,(#3753,#3754,#3755,#3756,#3757,#3758,
#3759,#3760,#3761),.UNSPECIFIED.,.F.,.F.,(4,1,1,1,1,1,4),(-0.00359230101344706,
-0.00198795855042339,-0.000383616087399728,0.00122072637562394,0.0028250688386476,
0.00603375376469493,0.00924243869074226),.UNSPECIFIED.);
#131=B_SPLINE_CURVE_WITH_KNOTS('',3,(#3763,#3764,#3765,#3766,#3767,#3768,
#3769,#3770,#3771),.UNSPECIFIED.,.F.,.F.,(4,1,1,1,1,1,4),(0.,0.00126950193504698,
0.00253900387009396,0.00317375483761745,0.00380850580514094,0.00444325677266442,
0.00507800774018791),.UNSPECIFIED.);
#132=B_SPLINE_CURVE_WITH_KNOTS('',3,(#3773,#3774,#3775,#3776),
 .UNSPECIFIED.,.F.,.F.,(4,4),(5.20417042793042E-18,2.72420573293872E-5),
 .UNSPECIFIED.);
#133=B_SPLINE_CURVE_WITH_KNOTS('',3,(#3778,#3779,#3780,#3781,#3782,#3783),
 .UNSPECIFIED.,.F.,.F.,(4,1,1,4),(8.20480605212938E-7,0.0336152832180132,
0.0504225145867172,0.0672297459554212),.UNSPECIFIED.);
#134=B_SPLINE_CURVE_WITH_KNOTS('',3,(#3798,#3799,#3800,#3801,#3802,#3803,
#3804),.UNSPECIFIED.,.F.,.F.,(4,1,1,1,4),(-6.00000000147627E-8,0.00331430269542446,
0.00662866539084894,0.0132573907816979,0.0265148415633958),
 .UNSPECIFIED.);
#135=B_SPLINE_CURVE_WITH_KNOTS('',3,(#3806,#3807,#3808,#3809),
 .UNSPECIFIED.,.F.,.F.,(4,4),(0.,0.000751553315188425),.UNSPECIFIED.);
#136=B_SPLINE_CURVE_WITH_KNOTS('',3,(#3810,#3811,#3812,#3813,#3814,#3815,
#3816),.UNSPECIFIED.,.F.,.F.,(4,1,1,1,4),(0.,0.00291764343128449,0.00583528686256897,
0.00875293029385346,0.0116705737251379),.UNSPECIFIED.);
#137=B_SPLINE_CURVE_WITH_KNOTS('',3,(#3818,#3819,#3820,#3821,#3822),
 .UNSPECIFIED.,.F.,.F.,(4,1,4),(2.11001429160387E-9,0.00530525923404486,
0.0106105163580754),.UNSPECIFIED.);
#138=B_SPLINE_CURVE_WITH_KNOTS('',3,(#3824,#3825,#3826,#3827),
 .UNSPECIFIED.,.F.,.F.,(4,4),(-3.81639164714898E-17,0.00763401320884984),
 .UNSPECIFIED.);
#139=B_SPLINE_CURVE_WITH_KNOTS('',3,(#3836,#3837,#3838,#3839,#3840),
 .UNSPECIFIED.,.F.,.F.,(4,1,4),(0.00851982733601335,0.00960301293499168,
0.01068619853397),.UNSPECIFIED.);
#140=B_SPLINE_CURVE_WITH_KNOTS('',3,(#3843,#3844,#3845,#3846),
 .UNSPECIFIED.,.F.,.F.,(4,4),(0.00861621300491204,0.0133925254947483),
 .UNSPECIFIED.);
#141=B_SPLINE_CURVE_WITH_KNOTS('',3,(#3848,#3849,#3850,#3851),
 .UNSPECIFIED.,.F.,.F.,(4,4),(0.00633903735598076,0.0104353114201213),
 .UNSPECIFIED.);
#142=B_SPLINE_CURVE_WITH_KNOTS('',3,(#3860,#3861,#3862,#3863,#3864),
 .UNSPECIFIED.,.F.,.F.,(4,1,4),(0.00358708126323242,0.00538720767238136,
0.0071873340815303),.UNSPECIFIED.);
#143=B_SPLINE_CURVE_WITH_KNOTS('',3,(#3867,#3868,#3869,#3870),
 .UNSPECIFIED.,.F.,.F.,(4,4),(0.00606788204585168,0.0133764480158699),
 .UNSPECIFIED.);
#144=B_SPLINE_CURVE_WITH_KNOTS('',3,(#3872,#3873,#3874,#3875),
 .UNSPECIFIED.,.F.,.F.,(4,4),(0.00815829551731362,0.00828978125610282),
 .UNSPECIFIED.);
#145=B_SPLINE_CURVE_WITH_KNOTS('',3,(#3877,#3878,#3879,#3880,#3881,#3882,
#3883,#3884,#3885,#3886,#3887),.UNSPECIFIED.,.F.,.F.,(4,1,1,1,1,1,1,1,4),
(0.00850539779638082,0.00947544958469666,0.0104455013730125,0.0114155531613283,
0.0123856049496442,0.01335565673796,0.0143257085262758,0.0152957603145917,
0.0162658121029075),.UNSPECIFIED.);
#146=B_SPLINE_CURVE_WITH_KNOTS('',3,(#3889,#3890,#3891,#3892),
 .UNSPECIFIED.,.F.,.F.,(4,4),(0.0106322180623812,0.0156001051687138),
 .UNSPECIFIED.);
#147=B_SPLINE_CURVE_WITH_KNOTS('',3,(#3896,#3897,#3898,#3899),
 .UNSPECIFIED.,.F.,.F.,(4,4),(0.00632301116561257,0.0155912037793111),
 .UNSPECIFIED.);
#148=B_SPLINE_CURVE_WITH_KNOTS('',3,(#3901,#3902,#3903,#3904,#3905,#3906,
#3907),.UNSPECIFIED.,.F.,.F.,(4,1,1,1,4),(0.00490705891849063,0.00603992163962791,
0.00717278436076519,0.00830564708190247,0.00943850980303976),
 .UNSPECIFIED.);
#149=B_SPLINE_CURVE_WITH_KNOTS('',3,(#3909,#3910,#3911,#3912),
 .UNSPECIFIED.,.F.,.F.,(4,4),(0.018852755544249,0.0211304863289914),
 .UNSPECIFIED.);
#150=B_SPLINE_CURVE_WITH_KNOTS('',3,(#3921,#3922,#3923,#3924),
 .UNSPECIFIED.,.F.,.F.,(4,4),(0.,0.000751553315188416),.UNSPECIFIED.);
#151=B_SPLINE_CURVE_WITH_KNOTS('',3,(#3926,#3927,#3928,#3929,#3930,#3931),
 .UNSPECIFIED.,.F.,.F.,(4,1,1,4),(0.000125465489872192,0.0134531490716865,
0.0201169908625936,0.0267808326535007),.UNSPECIFIED.);
#152=B_SPLINE_CURVE_WITH_KNOTS('',3,(#3935,#3936,#3937,#3938),
 .UNSPECIFIED.,.F.,.F.,(4,4),(-3.81639164714898E-17,0.00763401320887192),
 .UNSPECIFIED.);
#153=B_SPLINE_CURVE_WITH_KNOTS('',3,(#3940,#3941,#3942,#3943,#3944),
 .UNSPECIFIED.,.F.,.F.,(4,1,4),(0.,0.00530576556233046,0.0106115311246609),
 .UNSPECIFIED.);
#154=B_SPLINE_CURVE_WITH_KNOTS('',3,(#3946,#3947,#3948,#3949,#3950,#3951,
#3952),.UNSPECIFIED.,.F.,.F.,(4,1,1,1,4),(0.,0.00291279074681715,0.0058255814936343,
0.00873837224045145,0.0116511629872686),.UNSPECIFIED.);
#155=B_SPLINE_CURVE_WITH_KNOTS('',3,(#3954,#3955,#3956,#3957,#3958,#3959),
 .UNSPECIFIED.,.F.,.F.,(4,1,1,4),(2.16840434497101E-19,0.0167745839382839,
0.0335491678765678,0.0670983357531356),.UNSPECIFIED.);
#156=B_SPLINE_CURVE_WITH_KNOTS('',3,(#3961,#3962,#3963,#3964),
 .UNSPECIFIED.,.F.,.F.,(4,4),(0.,2.72420573293818E-5),.UNSPECIFIED.);
#157=B_SPLINE_CURVE_WITH_KNOTS('',3,(#3979,#3980,#3981,#3982,#3983,#3984),
 .UNSPECIFIED.,.F.,.F.,(4,1,1,4),(-6.00000000024749E-8,0.00595443646217354,
0.00893168469326031,0.0119089329243471),.UNSPECIFIED.);
#158=B_SPLINE_CURVE_WITH_KNOTS('',3,(#3986,#3987,#3988,#3989,#3990,#3991,
#3992),.UNSPECIFIED.,.F.,.F.,(4,1,1,1,4),(1.70366416487847E-14,0.00143027053367682,
0.00286054106733659,0.00429081160099637,0.00572108213465615),
 .UNSPECIFIED.);
#159=B_SPLINE_CURVE_WITH_KNOTS('',3,(#3996,#3997,#3998,#3999,#4000,#4001,
#4002,#4003,#4004),.UNSPECIFIED.,.F.,.F.,(4,1,1,1,1,1,4),(4.93406102549106E-17,
0.000646767232237763,0.00129353446447548,0.00194030169671319,0.0025870689289509,
0.00388060339342633,0.00517413785790176),.UNSPECIFIED.);
#160=B_SPLINE_CURVE_WITH_KNOTS('',3,(#4006,#4007,#4008,#4009,#4010,#4011,
#4012,#4013,#4014),.UNSPECIFIED.,.F.,.F.,(4,1,1,1,1,1,4),(-0.00359230101344709,
-0.00198795855042342,-0.000383616087399741,0.00122072637562393,0.00282506883864761,
0.00603375376469496,0.00924243869074231),.UNSPECIFIED.);
#161=B_SPLINE_CURVE_WITH_KNOTS('',3,(#4023,#4024,#4025,#4026),
 .UNSPECIFIED.,.F.,.F.,(4,4),(0.00301967118613108,0.00791886801827109),
 .UNSPECIFIED.);
#162=B_SPLINE_CURVE_WITH_KNOTS('',3,(#4029,#4030,#4031,#4032,#4033,#4034,
#4035,#4036,#4037,#4038,#4039,#4040,#4041,#4042),.UNSPECIFIED.,.F.,.F.,
(4,1,1,1,1,1,1,1,1,1,1,4),(0.0308822371920912,0.0329813923792261,0.0350805475663611,
0.0371797027534961,0.039278857940631,0.041378013127766,0.0434771683149009,
0.0476754786891708,0.0518737890634407,0.0560720994377106,0.0602704098119805,
0.0644687201862504),.UNSPECIFIED.);
#163=B_SPLINE_CURVE_WITH_KNOTS('',3,(#4044,#4045,#4046,#4047,#4048),
 .UNSPECIFIED.,.F.,.F.,(4,1,4),(0.0114347433935509,0.0174631630121419,0.0234915826307329),
 .UNSPECIFIED.);
#164=B_SPLINE_CURVE_WITH_KNOTS('',3,(#4052,#4053,#4054,#4055,#4056,#4057,
#4058,#4059,#4060),.UNSPECIFIED.,.F.,.F.,(4,1,1,1,1,1,4),(-5.99999999962149E-8,
0.00301669309159806,0.00603344618319611,0.0120669523663922,0.0181004585495883,
0.0211172116411864,0.0241339647327844),.UNSPECIFIED.);
#165=B_SPLINE_CURVE_WITH_KNOTS('',3,(#4061,#4062,#4063,#4064),
 .UNSPECIFIED.,.F.,.F.,(4,4),(-6.00000000222618E-8,0.00301561947991192),
 .UNSPECIFIED.);
#166=B_SPLINE_CURVE_WITH_KNOTS('',3,(#4066,#4067,#4068,#4069),
 .UNSPECIFIED.,.F.,.F.,(4,4),(0.0083038041612265,0.0165567981229436),
 .UNSPECIFIED.);
#167=B_SPLINE_CURVE_WITH_KNOTS('',3,(#4078,#4079,#4080,#4081,#4082,#4083,
#4084),.UNSPECIFIED.,.F.,.F.,(4,1,1,1,4),(0.0225321856803705,0.0272885427930933,
0.032044899905816,0.0368012570185387,0.0415576141312615),.UNSPECIFIED.);
#168=B_SPLINE_CURVE_WITH_KNOTS('',3,(#4089,#4090,#4091,#4092),
 .UNSPECIFIED.,.F.,.F.,(4,4),(7.58941520739853E-19,0.00957392609230044),
 .UNSPECIFIED.);
#169=B_SPLINE_CURVE_WITH_KNOTS('',3,(#4094,#4095,#4096,#4097),
 .UNSPECIFIED.,.F.,.F.,(4,4),(0.,0.0021454903808618),.UNSPECIFIED.);
#170=B_SPLINE_CURVE_WITH_KNOTS('',3,(#4101,#4102,#4103,#4104),
 .UNSPECIFIED.,.F.,.F.,(4,4),(0.00459233616734713,0.00997931771918089),
 .UNSPECIFIED.);
#171=B_SPLINE_CURVE_WITH_KNOTS('',3,(#4116,#4117,#4118,#4119),
 .UNSPECIFIED.,.F.,.F.,(4,4),(0.,0.0132465334135999),.UNSPECIFIED.);
#172=B_SPLINE_CURVE_WITH_KNOTS('',3,(#4123,#4124,#4125,#4126),
 .UNSPECIFIED.,.F.,.F.,(4,4),(0.,0.0132565073916111),.UNSPECIFIED.);
#173=B_SPLINE_CURVE_WITH_KNOTS('',3,(#4138,#4139,#4140,#4141,#4142,#4143),
 .UNSPECIFIED.,.F.,.F.,(4,1,1,4),(0.,0.00375114257781162,0.00750228515562323,
0.0150045703112465),.UNSPECIFIED.);
#174=B_SPLINE_CURVE_WITH_KNOTS('',3,(#4145,#4146,#4147,#4148),
 .UNSPECIFIED.,.F.,.F.,(4,4),(0.,0.00802573413330648),.UNSPECIFIED.);
#175=B_SPLINE_CURVE_WITH_KNOTS('',3,(#4152,#4153,#4154,#4155),
 .UNSPECIFIED.,.F.,.F.,(4,4),(0.,0.00805239037099942),.UNSPECIFIED.);
#176=B_SPLINE_CURVE_WITH_KNOTS('',3,(#4157,#4158,#4159,#4160,#4161,#4162),
 .UNSPECIFIED.,.F.,.F.,(4,1,1,4),(0.,0.00742645103601514,0.0111396765540227,
0.0148529020720303),.UNSPECIFIED.);
#177=B_SPLINE_CURVE_WITH_KNOTS('',3,(#4171,#4172,#4173,#4174,#4175,#4176),
 .UNSPECIFIED.,.F.,.F.,(4,1,1,4),(0.,0.00551132862784899,0.00826699294177349,
0.011022657255698),.UNSPECIFIED.);
#178=B_SPLINE_CURVE_WITH_KNOTS('',3,(#4181,#4182,#4183,#4184,#4185,#4186),
 .UNSPECIFIED.,.F.,.F.,(4,1,1,4),(0.00391747149455346,0.00669273333571161,
0.00946799517686976,0.0150185188591861),.UNSPECIFIED.);
#179=B_SPLINE_CURVE_WITH_KNOTS('',3,(#4197,#4198,#4199,#4200,#4201,#4202),
 .UNSPECIFIED.,.F.,.F.,(4,1,1,4),(0.,0.00734145939812402,0.011012189097186,
0.014682918796248),.UNSPECIFIED.);
#180=B_SPLINE_CURVE_WITH_KNOTS('',3,(#4205,#4206,#4207,#4208,#4209,#4210),
 .UNSPECIFIED.,.F.,.F.,(4,1,1,4),(5.3680004394553E-15,0.00247075341873121,
0.00370613012809413,0.00494150683745705),.UNSPECIFIED.);
#181=B_SPLINE_CURVE_WITH_KNOTS('',3,(#4214,#4215,#4216,#4217,#4218,#4219),
 .UNSPECIFIED.,.F.,.F.,(4,1,1,4),(1.32237316324423E-14,0.00247075341874159,
0.00370613012810578,0.00494150683746997),.UNSPECIFIED.);
#182=B_SPLINE_CURVE_WITH_KNOTS('',3,(#4221,#4222,#4223,#4224,#4225,#4226,
#4227),.UNSPECIFIED.,.F.,.F.,(4,1,1,1,4),(0.00415255756876131,0.00784437837871342,
0.0115361991886655,0.0152280199986176,0.0189198408085697),.UNSPECIFIED.);
#183=B_SPLINE_CURVE_WITH_KNOTS('',3,(#4229,#4230,#4231,#4232,#4233,#4234),
 .UNSPECIFIED.,.F.,.F.,(4,1,1,4),(0.,0.0329717227493239,0.0494575841239858,
0.0659434454986478),.UNSPECIFIED.);
#184=B_SPLINE_CURVE_WITH_KNOTS('',3,(#4236,#4237,#4238,#4239,#4240,#4241),
 .UNSPECIFIED.,.F.,.F.,(4,1,1,4),(0.,0.0068080741011675,0.013616148202335,
0.02723229640467),.UNSPECIFIED.);
#185=B_SPLINE_CURVE_WITH_KNOTS('',3,(#4243,#4244,#4245,#4246),
 .UNSPECIFIED.,.F.,.F.,(4,4),(0.,0.00200338377785482),.UNSPECIFIED.);
#186=B_SPLINE_CURVE_WITH_KNOTS('',3,(#4250,#4251,#4252,#4253),
 .UNSPECIFIED.,.F.,.F.,(4,4),(0.,0.0020034239614975),.UNSPECIFIED.);
#187=B_SPLINE_CURVE_WITH_KNOTS('',3,(#4255,#4256,#4257,#4258,#4259,#4260),
 .UNSPECIFIED.,.F.,.F.,(4,1,1,4),(0.,0.0137057753701837,0.0205586630552755,
0.0274115507403674),.UNSPECIFIED.);
#188=B_SPLINE_CURVE_WITH_KNOTS('',3,(#4262,#4263,#4264,#4265,#4266,#4267),
 .UNSPECIFIED.,.F.,.F.,(4,1,1,4),(0.,0.0164537866147657,0.0329075732295314,
0.0658151464590629),.UNSPECIFIED.);
#189=B_SPLINE_CURVE_WITH_KNOTS('',3,(#4276,#4277,#4278,#4279,#4280,#4281,
#4282,#4283,#4284,#4285,#4286),.UNSPECIFIED.,.F.,.F.,(4,1,1,1,1,1,1,1,4),
(-6.0000000010066E-8,0.0049579393500383,0.00991593870007661,0.0148739380501149,
0.0198319374001532,0.0247899367501915,0.0297479361002298,0.0347059354502681,
0.0396639348003065),.UNSPECIFIED.);
#190=B_SPLINE_CURVE_WITH_KNOTS('',3,(#4291,#4292,#4293,#4294,#4295,#4296,
#4297,#4298,#4299,#4300,#4301),.UNSPECIFIED.,.F.,.F.,(4,1,1,1,1,1,1,1,4),
(0.00862552881056707,0.0136499570844398,0.0186743853583126,0.0236988136321853,
0.028723241906058,0.0337476701799308,0.0387720984538035,0.0437965267276763,
0.048820955001549),.UNSPECIFIED.);
#191=B_SPLINE_CURVE_WITH_KNOTS('',3,(#4305,#4306,#4307,#4308),
 .UNSPECIFIED.,.F.,.F.,(4,4),(0.,0.00953029608669687),.UNSPECIFIED.);
#192=B_SPLINE_CURVE_WITH_KNOTS('',3,(#4309,#4310,#4311,#4312),
 .UNSPECIFIED.,.F.,.F.,(4,4),(0.,0.00953029608667443),.UNSPECIFIED.);
#193=B_SPLINE_CURVE_WITH_KNOTS('',3,(#4336,#4337,#4338,#4339,#4340,#4341,
#4342,#4343),.UNSPECIFIED.,.F.,.F.,(4,1,1,1,1,4),(0.,0.00124302317739565,
0.00248604635479131,0.00372906953218696,0.00435058112088478,0.00497209270958261),
 .UNSPECIFIED.);
#194=B_SPLINE_CURVE_WITH_KNOTS('',3,(#4347,#4348,#4349,#4350,#4351,#4352,
#4353,#4354),.UNSPECIFIED.,.F.,.F.,(4,1,1,1,1,4),(0.,0.000625660843898717,
0.00125132168779743,0.00250264337559487,0.0037539650633923,0.00500528675118974),
 .UNSPECIFIED.);
#195=B_SPLINE_CURVE_WITH_KNOTS('',3,(#4372,#4373,#4374,#4375,#4376,#4377,
#4378,#4379,#4380,#4381,#4382,#4383),.UNSPECIFIED.,.F.,.F.,(4,1,1,1,1,1,
1,1,1,4),(-5.99999999947484E-8,0.00409730399580714,0.00614598599371071,
0.00819466799161427,0.0102433499895178,0.0122920319874214,0.0163893959832285,
0.0204867599790357,0.0245841239748428,0.0327788519664571),.UNSPECIFIED.);
#196=B_SPLINE_CURVE_WITH_KNOTS('',3,(#4384,#4385,#4386,#4387,#4388,#4389,
#4390,#4391,#4392,#4393,#4394,#4395,#4396),.UNSPECIFIED.,.F.,.F.,(4,1,1,
1,1,1,1,1,1,1,4),(-5.99999999962093E-8,0.00406791667709824,0.00813589335419647,
0.0122038700312947,0.0162718467083929,0.0203398233854912,0.0223738117240403,
0.0244078000625894,0.0264417884011385,0.0284757767396876,0.0325437534167859),
 .UNSPECIFIED.);
#197=B_SPLINE_CURVE_WITH_KNOTS('',3,(#4398,#4399,#4400,#4401,#4402,#4403,
#4404,#4405,#4406,#4407,#4408),.UNSPECIFIED.,.F.,.F.,(4,1,1,1,1,1,1,1,4),
(0.00486405224131268,0.00568113182759842,0.00649821141388417,0.00731529100016992,
0.00813237058645566,0.00894945017274141,0.00976652975902715,0.0105836093453129,
0.0114006889315986),.UNSPECIFIED.);
#198=B_SPLINE_CURVE_WITH_KNOTS('',3,(#4411,#4412,#4413,#4414,#4415,#4416,
#4417,#4418,#4419),.UNSPECIFIED.,.F.,.F.,(4,1,1,1,1,1,4),(0.,0.00128964333261935,
0.00257928666523869,0.00322410833154837,0.00386892999785804,0.00451375166416771,
0.00515857333047738),.UNSPECIFIED.);
#199=B_SPLINE_CURVE_WITH_KNOTS('',3,(#4420,#4421,#4422,#4423,#4424,#4425,
#4426,#4427,#4428,#4429,#4430),.UNSPECIFIED.,.F.,.F.,(4,1,1,1,1,1,1,1,4),
(0.00486405224131268,0.0056811318275973,0.00649821141388192,0.00731529100016654,
0.00813237058645116,0.00894945017273578,0.0097665297590204,0.010583609345305,
0.0114006889315896),.UNSPECIFIED.);
#200=B_SPLINE_CURVE_WITH_KNOTS('',3,(#4433,#4434,#4435,#4436,#4437,#4438,
#4439,#4440,#4441),.UNSPECIFIED.,.F.,.F.,(4,1,1,1,1,1,4),(1.16006489483532E-14,
0.00128964333263241,0.00257928666525322,0.00322410833156363,0.00386892999787404,
0.00451375166418444,0.00515857333049485),.UNSPECIFIED.);
#201=B_SPLINE_CURVE_WITH_KNOTS('',3,(#4443,#4444,#4445,#4446),
 .UNSPECIFIED.,.F.,.F.,(4,4),(0.,0.000216666263966687),.UNSPECIFIED.);
#202=B_SPLINE_CURVE_WITH_KNOTS('',3,(#4449,#4450,#4451,#4452,#4453,#4454,
#4455),.UNSPECIFIED.,.F.,.F.,(4,1,1,1,4),(1.73472347597681E-18,0.00107915927117648,
0.00215831854235297,0.00323747781352945,0.00431663708470593),
 .UNSPECIFIED.);
#203=B_SPLINE_CURVE_WITH_KNOTS('',3,(#4457,#4458,#4459,#4460,#4461,#4462,
#4463),.UNSPECIFIED.,.F.,.F.,(4,1,1,1,4),(0.00601409199769968,0.00747714191390917,
0.00894019183011865,0.0104032417463281,0.0118662916625376),
 .UNSPECIFIED.);
#204=B_SPLINE_CURVE_WITH_KNOTS('',3,(#4464,#4465,#4466,#4467,#4468,#4469,
#4470),.UNSPECIFIED.,.F.,.F.,(4,1,1,1,4),(0.00601409199769658,0.00747714191390711,
0.00894019183011765,0.0104032417463282,0.0118662916625387),
 .UNSPECIFIED.);
#205=B_SPLINE_CURVE_WITH_KNOTS('',3,(#4473,#4474,#4475,#4476,#4477,#4478,
#4479),.UNSPECIFIED.,.F.,.F.,(4,1,1,1,4),(0.,0.00107915927117566,0.00215831854235132,
0.00323747781352699,0.00431663708470265),.UNSPECIFIED.);
#206=B_SPLINE_CURVE_WITH_KNOTS('',3,(#4481,#4482,#4483,#4484),
 .UNSPECIFIED.,.F.,.F.,(4,4),(0.,0.000216666263965569),.UNSPECIFIED.);
#207=B_SPLINE_CURVE_WITH_KNOTS('',3,(#4486,#4487,#4488,#4489,#4490,#4491,
#4492),.UNSPECIFIED.,.F.,.F.,(4,1,1,1,4),(0.00808764479806705,0.00957888479437504,
0.011070124790683,0.012561364786991,0.014052604783299),.UNSPECIFIED.);
#208=B_SPLINE_CURVE_WITH_KNOTS('',3,(#4495,#4496,#4497,#4498,#4499,#4500,
#4501,#4502,#4503,#4504),.UNSPECIFIED.,.F.,.F.,(4,1,1,1,1,1,1,4),(0.00697070949169851,
0.00762818632315181,0.00828566315460511,0.00894313998605841,0.00960061681751171,
0.010258093648965,0.0109155704804183,0.0122305241433249),.UNSPECIFIED.);
#209=B_SPLINE_CURVE_WITH_KNOTS('',3,(#4505,#4506,#4507,#4508,#4509,#4510,
#4511),.UNSPECIFIED.,.F.,.F.,(4,1,1,1,4),(0.00808764479806932,0.00957888479437672,
0.0110701247906841,0.0125613647869915,0.0140526047832989),.UNSPECIFIED.);
#210=B_SPLINE_CURVE_WITH_KNOTS('',3,(#4514,#4515,#4516,#4517,#4518,#4519,
#4520,#4521,#4522,#4523),.UNSPECIFIED.,.F.,.F.,(4,1,1,1,1,1,1,4),(0.00999876712240709,
0.011316661188996,0.0119756082222905,0.0126345552555849,0.0132935022888794,
0.0139524493221738,0.0146113963554683,0.0152703433887627),.UNSPECIFIED.);
#211=B_SPLINE_CURVE_WITH_KNOTS('',3,(#4525,#4526,#4527,#4528,#4529,#4530,
#4531,#4532,#4533,#4534,#4535),.UNSPECIFIED.,.F.,.F.,(4,1,1,1,1,1,1,1,4),
(0.,0.000957516634301807,0.00191503326860361,0.00287254990290542,0.00383006653720723,
0.00478758317150903,0.00574509980581084,0.00670261644011265,0.00766013307441445),
 .UNSPECIFIED.);
#212=B_SPLINE_CURVE_WITH_KNOTS('',3,(#4536,#4537,#4538,#4539,#4540,#4541,
#4542,#4543,#4544,#4545,#4546),.UNSPECIFIED.,.F.,.F.,(4,1,1,1,1,1,1,1,4),
(0.,0.000957516608230347,0.00191503321646069,0.00287254982469104,0.00383006643292139,
0.00478758304115173,0.00574509964938208,0.00670261625761243,0.00766013286584277),
 .UNSPECIFIED.);
#213=B_SPLINE_CURVE_WITH_KNOTS('',3,(#4548,#4549,#4550,#4551,#4552,#4553,
#4554),.UNSPECIFIED.,.F.,.F.,(4,1,1,1,4),(0.00913088396135286,0.0105034875555756,
0.0118760911497983,0.0132486947440211,0.0146212983382438),.UNSPECIFIED.);
#214=B_SPLINE_CURVE_WITH_KNOTS('',3,(#4557,#4558,#4559,#4560,#4561,#4562,
#4563,#4564),.UNSPECIFIED.,.F.,.F.,(4,1,1,1,1,4),(0.00554227056700044,0.00626733480272879,
0.00699239903845715,0.00844252750991387,0.00989265598137058,0.0113427844528273),
 .UNSPECIFIED.);
#215=B_SPLINE_CURVE_WITH_KNOTS('',3,(#4565,#4566,#4567,#4568,#4569,#4570,
#4571),.UNSPECIFIED.,.F.,.F.,(4,1,1,1,4),(0.00913088396135278,0.0105034875555757,
0.0118760911497986,0.0132486947440215,0.0146212983382444),.UNSPECIFIED.);
#216=B_SPLINE_CURVE_WITH_KNOTS('',3,(#4574,#4575,#4576,#4577,#4578,#4579,
#4580,#4581),.UNSPECIFIED.,.F.,.F.,(4,1,1,1,1,4),(0.00554227056700649,0.00626733480273544,
0.0069923990384644,0.00844252750992231,0.00989265598138022,0.0113427844528381),
 .UNSPECIFIED.);
#217=B_SPLINE_CURVE_WITH_KNOTS('',3,(#4583,#4584,#4585,#4586,#4587),
 .UNSPECIFIED.,.F.,.F.,(4,1,4),(0.,0.00128807062845733,0.00257614125691467),
 .UNSPECIFIED.);
#218=B_SPLINE_CURVE_WITH_KNOTS('',3,(#4588,#4589,#4590,#4591,#4592),
 .UNSPECIFIED.,.F.,.F.,(4,1,4),(0.,0.00128811606505841,0.00257623213011683),
 .UNSPECIFIED.);
#219=B_SPLINE_CURVE_WITH_KNOTS('',3,(#4594,#4595,#4596,#4597,#4598,#4599,
#4600),.UNSPECIFIED.,.F.,.F.,(4,1,1,1,4),(4.72321370517021E-15,0.00147064156564228,
0.00294128313127983,0.00441192469691739,0.00588256626255494),
 .UNSPECIFIED.);
#220=B_SPLINE_CURVE_WITH_KNOTS('',3,(#4601,#4602,#4603,#4604,#4605,#4606,
#4607),.UNSPECIFIED.,.F.,.F.,(4,1,1,1,4),(1.0661936338812E-15,0.00147064690144261,
0.00294129380288415,0.0044119407043257,0.00588258760576724),
 .UNSPECIFIED.);
#221=B_SPLINE_CURVE_WITH_KNOTS('',3,(#4609,#4610,#4611,#4612),
 .UNSPECIFIED.,.F.,.F.,(4,4),(2.57095383198515E-15,0.00133158932941367),
 .UNSPECIFIED.);
#222=B_SPLINE_CURVE_WITH_KNOTS('',3,(#4613,#4614,#4615,#4616,#4617),
 .UNSPECIFIED.,.F.,.F.,(4,1,4),(8.67361737988404E-18,0.00169011354847329,
0.00338022709694657),.UNSPECIFIED.);
#223=B_SPLINE_CURVE_WITH_KNOTS('',3,(#4618,#4619,#4620,#4621),
 .UNSPECIFIED.,.F.,.F.,(4,4),(0.,0.00133165514522299),.UNSPECIFIED.);
#224=B_SPLINE_CURVE_WITH_KNOTS('',3,(#4622,#4623,#4624,#4625,#4626),
 .UNSPECIFIED.,.F.,.F.,(4,1,4),(0.,0.00168915350034464,0.00337830700068928),
 .UNSPECIFIED.);
#225=B_SPLINE_CURVE_WITH_KNOTS('',3,(#4765,#4766,#4767,#4768),
 .UNSPECIFIED.,.F.,.F.,(4,4),(0.,0.348640742323568),.UNSPECIFIED.);
#226=B_SPLINE_CURVE_WITH_KNOTS('',3,(#4823,#4824,#4825,#4826,#4827,#4828,
#4829),.UNSPECIFIED.,.F.,.F.,(4,1,1,1,4),(1.18371840662388E-17,0.00397465240858778,
0.00794930481717555,0.0119239572257633,0.0158986096343511),
 .UNSPECIFIED.);
#227=B_SPLINE_CURVE_WITH_KNOTS('',3,(#4884,#4885,#4886,#4887,#4888,#4889,
#4890),.UNSPECIFIED.,.F.,.F.,(4,1,1,1,4),(1.64570318839533E-17,0.00390690136574124,
0.00781380273148246,0.0117207040972237,0.0156276054629649),
 .UNSPECIFIED.);
#228=B_SPLINE_CURVE_WITH_KNOTS('',3,(#4891,#4892,#4893,#4894),
 .UNSPECIFIED.,.F.,.F.,(4,4),(0.657141729433917,1.),.UNSPECIFIED.);
#229=B_SPLINE_CURVE_WITH_KNOTS('',3,(#4908,#4909,#4910,#4911),
 .UNSPECIFIED.,.F.,.F.,(4,4),(5.75742674133928E-16,0.00135657770507069),
 .UNSPECIFIED.);
#230=B_SPLINE_CURVE_WITH_KNOTS('',3,(#4912,#4913,#4914,#4915),
 .UNSPECIFIED.,.F.,.F.,(4,4),(1.62823921432649E-16,0.00135657770507162),
 .UNSPECIFIED.);
#231=B_SPLINE_CURVE_WITH_KNOTS('',3,(#4937,#4938,#4939,#4940,#4941),
 .UNSPECIFIED.,.F.,.F.,(4,1,4),(0.,0.00299976098385799,0.00599952196771597),
 .UNSPECIFIED.);
#232=B_SPLINE_CURVE_WITH_KNOTS('',3,(#4943,#4944,#4945,#4946),
 .UNSPECIFIED.,.F.,.F.,(4,4),(0.,0.00136310193926818),.UNSPECIFIED.);
#233=B_SPLINE_CURVE_WITH_KNOTS('',3,(#4947,#4948,#4949,#4950,#4951),
 .UNSPECIFIED.,.F.,.F.,(4,1,4),(0.,0.00267991707721697,0.00535983415443394),
 .UNSPECIFIED.);
#234=B_SPLINE_CURVE_WITH_KNOTS('',3,(#4973,#4974,#4975,#4976),
 .UNSPECIFIED.,.F.,.F.,(4,4),(1.73472347597681E-18,0.00136310193927619),
 .UNSPECIFIED.);
#235=B_SPLINE_CURVE_WITH_KNOTS('',3,(#4978,#4979,#4980,#4981,#4982),
 .UNSPECIFIED.,.F.,.F.,(4,1,4),(0.,0.00297537819471888,0.00595075638943776),
 .UNSPECIFIED.);
#236=B_SPLINE_CURVE_WITH_KNOTS('',3,(#4983,#4984,#4985,#4986,#4987),
 .UNSPECIFIED.,.F.,.F.,(4,1,4),(0.,0.00267991707721638,0.00535983415443275),
 .UNSPECIFIED.);
#237=B_SPLINE_CURVE_WITH_KNOTS('',3,(#5080,#5081,#5082,#5083,#5084),
 .UNSPECIFIED.,.F.,.F.,(4,1,4),(0.,0.00297835985388941,0.00595671970777882),
 .UNSPECIFIED.);
#238=B_SPLINE_CURVE_WITH_KNOTS('',3,(#5103,#5104,#5105,#5106,#5107),
 .UNSPECIFIED.,.F.,.F.,(4,1,4),(1.73472347597681E-18,0.00297835985388808,
0.00595671970777617),.UNSPECIFIED.);
#239=B_SPLINE_CURVE_WITH_KNOTS('',3,(#5144,#5145,#5146,#5147,#5148,#5149,
#5150,#5151,#5152,#5153,#5154,#5155,#5156,#5157,#5158,#5159,#5160),
 .UNSPECIFIED.,.F.,.F.,(4,1,1,1,1,1,1,1,1,1,1,1,1,1,4),(1.19015049332667E-14,
0.00106842180666609,0.00213684361332029,0.00320526541997448,0.00373947632330158,
0.00427368722662867,0.00480789812995577,0.00507500358161932,0.00534210903328287,
0.00560921448494641,0.00587631993660996,0.00641053083993706,0.00694474174326416,
0.00747895264659125,0.00854737445324544),.UNSPECIFIED.);
#240=B_SPLINE_CURVE_WITH_KNOTS('',3,(#5194,#5195,#5196,#5197,#5198,#5199,
#5200,#5201,#5202,#5203,#5204,#5205,#5206,#5207,#5208,#5209,#5210),
 .UNSPECIFIED.,.F.,.F.,(4,1,1,1,1,1,1,1,1,1,1,1,1,1,4),(1.59060716754462E-15,
0.00108992692472752,0.00163489038709048,0.00217985384945345,0.00272481731181641,
0.0029972990429979,0.00326978077417938,0.00354226250536086,0.00381474423654234,
0.00435970769890531,0.00490467116126827,0.00544963462363124,0.00653956154835716,
0.00762948847308309,0.00871941539780902),.UNSPECIFIED.);
#241=B_SPLINE_CURVE_WITH_KNOTS('',3,(#5212,#5213,#5214,#5215),
 .UNSPECIFIED.,.F.,.F.,(4,4),(0.,0.000463657894858302),.UNSPECIFIED.);
#242=B_SPLINE_CURVE_WITH_KNOTS('',3,(#5216,#5217,#5218,#5219),
 .UNSPECIFIED.,.F.,.F.,(4,4),(0.,0.000463657894858302),.UNSPECIFIED.);
#243=B_SPLINE_CURVE_WITH_KNOTS('',3,(#5247,#5248,#5249,#5250,#5251,#5252,
#5253),.UNSPECIFIED.,.F.,.F.,(4,1,1,1,4),(0.,0.00173401526891545,0.00346803053783089,
0.00520204580674634,0.00693606107566179),.UNSPECIFIED.);
#244=B_SPLINE_CURVE_WITH_KNOTS('',3,(#5254,#5255,#5256,#5257),
 .UNSPECIFIED.,.F.,.F.,(4,4),(-2.51918084519183E-5,0.000160197459923133),
 .UNSPECIFIED.);
#245=B_SPLINE_CURVE_WITH_KNOTS('',3,(#5258,#5259,#5260,#5261),
 .UNSPECIFIED.,.F.,.F.,(4,4),(4.15263316411592E-15,0.00378984014026291),
 .UNSPECIFIED.);
#246=B_SPLINE_CURVE_WITH_KNOTS('',3,(#5262,#5263,#5264,#5265,#5266),
 .UNSPECIFIED.,.F.,.F.,(4,1,4),(1.06665041820025E-15,0.00326330832241782,
0.00652661664483458),.UNSPECIFIED.);
#247=B_SPLINE_CURVE_WITH_KNOTS('',3,(#5268,#5269,#5270,#5271,#5272),
 .UNSPECIFIED.,.F.,.F.,(4,1,4),(0.0138797502974032,0.0186867940848528,0.0234938378723025),
 .UNSPECIFIED.);
#248=B_SPLINE_CURVE_WITH_KNOTS('',3,(#5273,#5274,#5275,#5276,#5277,#5278,
#5279,#5280,#5281,#5282,#5283),.UNSPECIFIED.,.F.,.F.,(4,1,1,1,1,1,1,1,4),
(1.30104260698261E-18,0.00304191327568428,0.00608382655136855,0.00912573982705283,
0.0121676531027371,0.0152095663784214,0.0182514796541057,0.0212933929297899,
0.0243353062054742),.UNSPECIFIED.);
#249=B_SPLINE_CURVE_WITH_KNOTS('',3,(#5311,#5312,#5313,#5314,#5315,#5316,
#5317),.UNSPECIFIED.,.F.,.F.,(4,1,1,1,4),(1.42059448875874E-17,0.00172379232883822,
0.00344758465767642,0.00517137698651463,0.00689516931535283),
 .UNSPECIFIED.);
#250=B_SPLINE_CURVE_WITH_KNOTS('',3,(#5318,#5319,#5320,#5321,#5322,#5323,
#5324,#5325,#5326,#5327),.UNSPECIFIED.,.F.,.F.,(4,1,1,1,1,1,1,4),(1.97788907665131E-16,
0.00300374339476324,0.00600748678952628,0.00901123018428932,0.0120149735790524,
0.0180224603685784,0.0210262037633415,0.0240299471581045),.UNSPECIFIED.);
#251=B_SPLINE_CURVE_WITH_KNOTS('',3,(#5328,#5329,#5330,#5331,#5332),
 .UNSPECIFIED.,.F.,.F.,(4,1,4),(0.0138797502974032,0.0186867940848528,0.0234938378723025),
 .UNSPECIFIED.);
#252=B_SPLINE_CURVE_WITH_KNOTS('',3,(#5334,#5335,#5336,#5337,#5338),
 .UNSPECIFIED.,.F.,.F.,(4,1,4),(6.52026874033499E-15,0.00326330832241946,
0.0065266166448324),.UNSPECIFIED.);
#253=B_SPLINE_CURVE_WITH_KNOTS('',3,(#5339,#5340,#5341,#5342),
 .UNSPECIFIED.,.F.,.F.,(4,4),(5.34184991038509E-17,0.00378984014025827),
 .UNSPECIFIED.);
#254=B_SPLINE_CURVE_WITH_KNOTS('',3,(#5343,#5344,#5345,#5346),
 .UNSPECIFIED.,.F.,.F.,(4,4),(0.0732007263580627,0.0733859936851368),
 .UNSPECIFIED.);
#255=B_SPLINE_CURVE_WITH_KNOTS('',3,(#5353,#5354,#5355,#5356),
 .UNSPECIFIED.,.F.,.F.,(4,4),(0.,0.00433273196140684),.UNSPECIFIED.);
#256=B_SPLINE_CURVE_WITH_KNOTS('',3,(#5358,#5359,#5360,#5361,#5362),
 .UNSPECIFIED.,.F.,.F.,(4,1,4),(0.,0.00257450703525451,0.00514901407050901),
 .UNSPECIFIED.);
#257=B_SPLINE_CURVE_WITH_KNOTS('',3,(#5364,#5365,#5366,#5367),
 .UNSPECIFIED.,.F.,.F.,(4,4),(0.,0.00433283411389212),.UNSPECIFIED.);
#258=B_SPLINE_CURVE_WITH_KNOTS('',3,(#5368,#5369,#5370,#5371,#5372,#5373,
#5374,#5375,#5376,#5377,#5378),.UNSPECIFIED.,.F.,.F.,(4,1,1,1,1,1,1,1,4),
(0.,0.00271976000347218,0.00543952000694436,0.00815928001041654,0.0108790400138887,
0.0135988000173609,0.0163185600208331,0.0190383200243053,0.0217580800277774),
 .UNSPECIFIED.);
#259=B_SPLINE_CURVE_WITH_KNOTS('',3,(#5414,#5415,#5416,#5417),
 .UNSPECIFIED.,.F.,.F.,(4,4),(1.73472347597681E-18,6.72682287687332E-5),
 .UNSPECIFIED.);
#260=B_SPLINE_CURVE_WITH_KNOTS('',3,(#5461,#5462,#5463,#5464),
 .UNSPECIFIED.,.F.,.F.,(4,4),(0.,6.72444163106539E-5),.UNSPECIFIED.);
#261=B_SPLINE_CURVE_WITH_KNOTS('',3,(#5474,#5475,#5476,#5477),
 .UNSPECIFIED.,.F.,.F.,(4,4),(2.32737576866932E-17,6.72444163103276E-5),
 .UNSPECIFIED.);
#262=B_SPLINE_CURVE_WITH_KNOTS('',3,(#5511,#5512,#5513,#5514),
 .UNSPECIFIED.,.F.,.F.,(4,4),(0.,6.72682287682771E-5),.UNSPECIFIED.);
#263=B_SPLINE_CURVE_WITH_KNOTS('',3,(#5860,#5861,#5862,#5863,#5864),
 .UNSPECIFIED.,.F.,.F.,(4,1,4),(2.38327762611765E-14,0.00178366277735339,
0.00356732555468296),.UNSPECIFIED.);
#264=B_SPLINE_CURVE_WITH_KNOTS('',3,(#5890,#5891,#5892,#5893,#5894),
 .UNSPECIFIED.,.F.,.F.,(4,1,4),(0.,0.00178021825616655,0.00356043651233309),
 .UNSPECIFIED.);
#265=B_SPLINE_CURVE_WITH_KNOTS('',3,(#5968,#5969,#5970,#5971,#5972),
 .UNSPECIFIED.,.F.,.F.,(4,1,4),(0.,0.0012757551070273,0.00255151021405459),
 .UNSPECIFIED.);
#266=B_SPLINE_CURVE_WITH_KNOTS('',3,(#5973,#5974,#5975,#5976,#5977),
 .UNSPECIFIED.,.F.,.F.,(4,1,4),(0.,0.00126925865064662,0.00253851730129323),
 .UNSPECIFIED.);
#267=B_SPLINE_CURVE_WITH_KNOTS('',3,(#5982,#5983,#5984,#5985,#5986,#5987,
#5988,#5989,#5990,#5991,#5992,#5993,#5994),.UNSPECIFIED.,.F.,.F.,(4,1,1,
1,1,1,1,1,1,1,4),(0.0164634797532248,0.0187080010797655,0.0198302617430359,
0.0209525224063063,0.0220747830695767,0.0231970437328471,0.0254415650593878,
0.0276860863859286,0.0299306077124693,0.0321751290390101,0.0344196503655508),
 .UNSPECIFIED.);
#268=B_SPLINE_CURVE_WITH_KNOTS('',3,(#5997,#5998,#5999,#6000),
 .UNSPECIFIED.,.F.,.F.,(4,4),(0.,0.00190516277841675),.UNSPECIFIED.);
#269=B_SPLINE_CURVE_WITH_KNOTS('',3,(#6001,#6002,#6003,#6004),
 .UNSPECIFIED.,.F.,.F.,(4,4),(0.,0.00189258292117071),.UNSPECIFIED.);
#270=B_SPLINE_CURVE_WITH_KNOTS('',3,(#6007,#6008,#6009,#6010,#6011,#6012,
#6013,#6014,#6015,#6016,#6017,#6018,#6019),.UNSPECIFIED.,.F.,.F.,(4,1,1,
1,1,1,1,1,1,1,4),(0.0053343494027834,0.00760480267466985,0.0098752559465563,
0.0121457092184428,0.0144161624903292,0.0166866157622157,0.0178218423981589,
0.0189570690341021,0.0200922956700453,0.0212275223059886,0.023497975577875),
 .UNSPECIFIED.);
#271=B_SPLINE_CURVE_WITH_KNOTS('',3,(#6168,#6169,#6170,#6171,#6172),
 .UNSPECIFIED.,.F.,.F.,(4,1,4),(-1.00798054328852E-5,0.00323292690401588,
0.00647593361346464),.UNSPECIFIED.);
#272=B_SPLINE_CURVE_WITH_KNOTS('',3,(#6198,#6199,#6200,#6201,#6202),
 .UNSPECIFIED.,.F.,.F.,(4,1,4),(-1.00798054328966E-5,0.00323294174506415,
0.00647596329556119),.UNSPECIFIED.);
#273=LINE('',#3253,#357);
#274=LINE('',#3258,#358);
#275=LINE('',#3262,#359);
#276=LINE('',#3267,#360);
#277=LINE('',#3271,#361);
#278=LINE('',#3276,#362);
#279=LINE('',#3280,#363);
#280=LINE('',#3285,#364);
#281=LINE('',#3289,#365);
#282=LINE('',#3294,#366);
#283=LINE('',#3300,#367);
#284=LINE('',#3305,#368);
#285=LINE('',#3309,#369);
#286=LINE('',#3313,#370);
#287=LINE('',#3317,#371);
#288=LINE('',#3321,#372);
#289=LINE('',#3325,#373);
#290=LINE('',#3329,#374);
#291=LINE('',#3333,#375);
#292=LINE('',#3337,#376);
#293=LINE('',#3341,#377);
#294=LINE('',#3345,#378);
#295=LINE('',#3354,#379);
#296=LINE('',#3359,#380);
#297=LINE('',#3367,#381);
#298=LINE('',#3369,#382);
#299=LINE('',#3371,#383);
#300=LINE('',#3379,#384);
#301=LINE('',#3382,#385);
#302=LINE('',#3386,#386);
#303=LINE('',#3392,#387);
#304=LINE('',#3398,#388);
#305=LINE('',#3401,#389);
#306=LINE('',#3405,#390);
#307=LINE('',#3411,#391);
#308=LINE('',#3417,#392);
#309=LINE('',#3420,#393);
#310=LINE('',#3424,#394);
#311=LINE('',#3430,#395);
#312=LINE('',#3436,#396);
#313=LINE('',#3439,#397);
#314=LINE('',#3443,#398);
#315=LINE('',#3449,#399);
#316=LINE('',#3455,#400);
#317=LINE('',#3458,#401);
#318=LINE('',#3462,#402);
#319=LINE('',#3468,#403);
#320=LINE('',#3474,#404);
#321=LINE('',#3525,#405);
#322=LINE('',#3577,#406);
#323=LINE('',#3579,#407);
#324=LINE('',#3590,#408);
#325=LINE('',#3614,#409);
#326=LINE('',#3674,#410);
#327=LINE('',#3676,#411);
#328=LINE('',#3678,#412);
#329=LINE('',#3719,#413);
#330=LINE('',#3751,#414);
#331=LINE('',#3785,#415);
#332=LINE('',#3787,#416);
#333=LINE('',#3894,#417);
#334=LINE('',#3933,#418);
#335=LINE('',#3966,#419);
#336=LINE('',#3970,#420);
#337=LINE('',#3994,#421);
#338=LINE('',#4050,#422);
#339=LINE('',#4086,#423);
#340=LINE('',#4088,#424);
#341=LINE('',#4113,#425);
#342=LINE('',#4121,#426);
#343=LINE('',#4135,#427);
#344=LINE('',#4150,#428);
#345=LINE('',#4179,#429);
#346=LINE('',#4188,#430);
#347=LINE('',#4212,#431);
#348=LINE('',#4248,#432);
#349=LINE('',#4289,#433);
#350=LINE('',#4303,#434);
#351=LINE('',#4313,#435);
#352=LINE('',#4345,#436);
#353=LINE('',#4356,#437);
#354=LINE('',#4359,#438);
#355=LINE('',#4361,#439);
#356=LINE('',#4363,#440);
#357=VECTOR('',#2785,1.);
#358=VECTOR('',#2788,1.);
#359=VECTOR('',#2793,1.);
#360=VECTOR('',#2796,1.);
#361=VECTOR('',#2801,1.);
#362=VECTOR('',#2804,1.);
#363=VECTOR('',#2809,1.);
#364=VECTOR('',#2812,1.);
#365=VECTOR('',#2817,1.);
#366=VECTOR('',#2820,1.);
#367=VECTOR('',#2827,1.);
#368=VECTOR('',#2830,1.);
#369=VECTOR('',#2833,1.);
#370=VECTOR('',#2836,1.);
#371=VECTOR('',#2839,1.);
#372=VECTOR('',#2842,1.);
#373=VECTOR('',#2845,1.);
#374=VECTOR('',#2848,1.);
#375=VECTOR('',#2851,1.);
#376=VECTOR('',#2854,1.);
#377=VECTOR('',#2857,1.);
#378=VECTOR('',#2860,1.);
#379=VECTOR('',#2871,1.);
#380=VECTOR('',#2874,1.);
#381=VECTOR('',#2879,1.);
#382=VECTOR('',#2880,1.);
#383=VECTOR('',#2883,1.);
#384=VECTOR('',#2888,1.);
#385=VECTOR('',#2893,1.);
#386=VECTOR('',#2896,1.);
#387=VECTOR('',#2899,1.);
#388=VECTOR('',#2902,1.);
#389=VECTOR('',#2907,1.);
#390=VECTOR('',#2910,1.);
#391=VECTOR('',#2913,1.);
#392=VECTOR('',#2916,1.);
#393=VECTOR('',#2921,1.);
#394=VECTOR('',#2924,1.);
#395=VECTOR('',#2927,1.);
#396=VECTOR('',#2930,1.);
#397=VECTOR('',#2935,1.);
#398=VECTOR('',#2938,1.);
#399=VECTOR('',#2941,1.);
#400=VECTOR('',#2944,1.);
#401=VECTOR('',#2949,1.);
#402=VECTOR('',#2952,1.);
#403=VECTOR('',#2955,1.);
#404=VECTOR('',#2958,1.);
#405=VECTOR('',#2973,1.);
#406=VECTOR('',#2978,1.);
#407=VECTOR('',#2981,1.);
#408=VECTOR('',#2986,1.);
#409=VECTOR('',#2987,1.);
#410=VECTOR('',#2998,1.);
#411=VECTOR('',#2999,1.);
#412=VECTOR('',#3000,1.);
#413=VECTOR('',#3001,1.);
#414=VECTOR('',#3002,1.);
#415=VECTOR('',#3005,1.);
#416=VECTOR('',#3006,1.);
#417=VECTOR('',#3009,1.);
#418=VECTOR('',#3010,1.);
#419=VECTOR('',#3013,1.);
#420=VECTOR('',#3016,1.);
#421=VECTOR('',#3017,1.);
#422=VECTOR('',#3018,1.);
#423=VECTOR('',#3027,1.);
#424=VECTOR('',#3028,1.);
#425=VECTOR('',#3031,1.);
#426=VECTOR('',#3032,1.);
#427=VECTOR('',#3033,1.);
#428=VECTOR('',#3034,1.);
#429=VECTOR('',#3035,1.);
#430=VECTOR('',#3036,1.);
#431=VECTOR('',#3037,1.);
#432=VECTOR('',#3038,1.);
#433=VECTOR('',#3039,1.);
#434=VECTOR('',#3040,1.);
#435=VECTOR('',#3043,1.);
#436=VECTOR('',#3044,1.);
#437=VECTOR('',#3047,1.);
#438=VECTOR('',#3048,1.);
#439=VECTOR('',#3049,1.);
#440=VECTOR('',#3050,1.);
#441=CONTEXT_DEPENDENT_SHAPE_REPRESENTATION(#463,#6224);
#442=CONTEXT_DEPENDENT_SHAPE_REPRESENTATION(#464,#6225);
#443=CONTEXT_DEPENDENT_SHAPE_REPRESENTATION(#465,#6227);
#444=CONTEXT_DEPENDENT_SHAPE_REPRESENTATION(#466,#6229);
#445=CONTEXT_DEPENDENT_SHAPE_REPRESENTATION(#467,#6230);
#446=CONTEXT_DEPENDENT_SHAPE_REPRESENTATION(#468,#6231);
#447=CONTEXT_DEPENDENT_SHAPE_REPRESENTATION(#469,#6232);
#448=CONTEXT_DEPENDENT_SHAPE_REPRESENTATION(#470,#6234);
#449=CONTEXT_DEPENDENT_SHAPE_REPRESENTATION(#471,#6235);
#450=CONTEXT_DEPENDENT_SHAPE_REPRESENTATION(#472,#6236);
#451=CONTEXT_DEPENDENT_SHAPE_REPRESENTATION(#473,#6237);
#452=NEXT_ASSEMBLY_USAGE_OCCURRENCE('NAUO1','Part 2','Part 2',#6238,#6239,
'');
#453=NEXT_ASSEMBLY_USAGE_OCCURRENCE('NAUO2','Part 2','Part 2',#6238,#6239,
'');
#454=NEXT_ASSEMBLY_USAGE_OCCURRENCE('NAUO3','Part 3','Part 3',#6238,#6240,
'');
#455=NEXT_ASSEMBLY_USAGE_OCCURRENCE('NAUO4','Part 1','Part 1',#6238,#6241,
'');
#456=NEXT_ASSEMBLY_USAGE_OCCURRENCE('NAUO5','Part 2','Part 2',#6238,#6239,
'');
#457=NEXT_ASSEMBLY_USAGE_OCCURRENCE('NAUO6','Part 1','Part 1',#6238,#6241,
'');
#458=NEXT_ASSEMBLY_USAGE_OCCURRENCE('NAUO7','Part 1','Part 1',#6238,#6241,
'');
#459=NEXT_ASSEMBLY_USAGE_OCCURRENCE('NAUO8','Part 1','Part 1',#6238,#6242,
'');
#460=NEXT_ASSEMBLY_USAGE_OCCURRENCE('NAUO9','Part 1','Part 1',#6238,#6241,
'');
#461=NEXT_ASSEMBLY_USAGE_OCCURRENCE('NAUO10','Part 2','Part 2',#6238,#6239,
'');
#462=NEXT_ASSEMBLY_USAGE_OCCURRENCE('NAUO11','Part 3','Part 3',#6238,#6240,
'');
#463=(
REPRESENTATION_RELATIONSHIP(' ',' ',#2547,#2546)
REPRESENTATION_RELATIONSHIP_WITH_TRANSFORMATION(#474)
SHAPE_REPRESENTATION_RELATIONSHIP()
);
#464=(
REPRESENTATION_RELATIONSHIP(' ',' ',#2547,#2546)
REPRESENTATION_RELATIONSHIP_WITH_TRANSFORMATION(#475)
SHAPE_REPRESENTATION_RELATIONSHIP()
);
#465=(
REPRESENTATION_RELATIONSHIP(' ',' ',#2548,#2546)
REPRESENTATION_RELATIONSHIP_WITH_TRANSFORMATION(#476)
SHAPE_REPRESENTATION_RELATIONSHIP()
);
#466=(
REPRESENTATION_RELATIONSHIP(' ',' ',#2549,#2546)
REPRESENTATION_RELATIONSHIP_WITH_TRANSFORMATION(#477)
SHAPE_REPRESENTATION_RELATIONSHIP()
);
#467=(
REPRESENTATION_RELATIONSHIP(' ',' ',#2547,#2546)
REPRESENTATION_RELATIONSHIP_WITH_TRANSFORMATION(#478)
SHAPE_REPRESENTATION_RELATIONSHIP()
);
#468=(
REPRESENTATION_RELATIONSHIP(' ',' ',#2549,#2546)
REPRESENTATION_RELATIONSHIP_WITH_TRANSFORMATION(#479)
SHAPE_REPRESENTATION_RELATIONSHIP()
);
#469=(
REPRESENTATION_RELATIONSHIP(' ',' ',#2549,#2546)
REPRESENTATION_RELATIONSHIP_WITH_TRANSFORMATION(#480)
SHAPE_REPRESENTATION_RELATIONSHIP()
);
#470=(
REPRESENTATION_RELATIONSHIP(' ',' ',#2550,#2546)
REPRESENTATION_RELATIONSHIP_WITH_TRANSFORMATION(#481)
SHAPE_REPRESENTATION_RELATIONSHIP()
);
#471=(
REPRESENTATION_RELATIONSHIP(' ',' ',#2549,#2546)
REPRESENTATION_RELATIONSHIP_WITH_TRANSFORMATION(#482)
SHAPE_REPRESENTATION_RELATIONSHIP()
);
#472=(
REPRESENTATION_RELATIONSHIP(' ',' ',#2547,#2546)
REPRESENTATION_RELATIONSHIP_WITH_TRANSFORMATION(#483)
SHAPE_REPRESENTATION_RELATIONSHIP()
);
#473=(
REPRESENTATION_RELATIONSHIP(' ',' ',#2548,#2546)
REPRESENTATION_RELATIONSHIP_WITH_TRANSFORMATION(#484)
SHAPE_REPRESENTATION_RELATIONSHIP()
);
#474=ITEM_DEFINED_TRANSFORMATION(' ',' ',#2551,#2560);
#475=ITEM_DEFINED_TRANSFORMATION(' ',' ',#2551,#2561);
#476=ITEM_DEFINED_TRANSFORMATION(' ',' ',#2551,#2567);
#477=ITEM_DEFINED_TRANSFORMATION(' ',' ',#2551,#2635);
#478=ITEM_DEFINED_TRANSFORMATION(' ',' ',#2551,#2636);
#479=ITEM_DEFINED_TRANSFORMATION(' ',' ',#2551,#2637);
#480=ITEM_DEFINED_TRANSFORMATION(' ',' ',#2551,#2638);
#481=ITEM_DEFINED_TRANSFORMATION(' ',' ',#2551,#2745);
#482=ITEM_DEFINED_TRANSFORMATION(' ',' ',#2551,#2746);
#483=ITEM_DEFINED_TRANSFORMATION(' ',' ',#2551,#2747);
#484=ITEM_DEFINED_TRANSFORMATION(' ',' ',#2551,#2748);
#485=SHAPE_REPRESENTATION_RELATIONSHIP('','',#2547,#489);
#486=SHAPE_REPRESENTATION_RELATIONSHIP('','',#2548,#490);
#487=SHAPE_REPRESENTATION_RELATIONSHIP('','',#2549,#491);
#488=SHAPE_REPRESENTATION_RELATIONSHIP('','',#2550,#492);
#489=ADVANCED_BREP_SHAPE_REPRESENTATION('',(#2537),#6210);
#490=ADVANCED_BREP_SHAPE_REPRESENTATION('',(#2538),#6211);
#491=ADVANCED_BREP_SHAPE_REPRESENTATION('',(#2539),#6212);
#492=ADVANCED_BREP_SHAPE_REPRESENTATION('',(#2540),#6213);
#493=PLANE('',#2558);
#494=PLANE('',#2559);
#495=PLANE('',#2565);
#496=PLANE('',#2566);
#497=PLANE('',#2568);
#498=PLANE('',#2571);
#499=PLANE('',#2574);
#500=PLANE('',#2577);
#501=PLANE('',#2580);
#502=PLANE('',#2600);
#503=PLANE('',#2603);
#504=PLANE('',#2606);
#505=PLANE('',#2607);
#506=PLANE('',#2610);
#507=PLANE('',#2611);
#508=PLANE('',#2612);
#509=PLANE('',#2615);
#510=PLANE('',#2616);
#511=PLANE('',#2617);
#512=PLANE('',#2620);
#513=PLANE('',#2621);
#514=PLANE('',#2622);
#515=PLANE('',#2625);
#516=PLANE('',#2626);
#517=PLANE('',#2627);
#518=PLANE('',#2630);
#519=PLANE('',#2631);
#520=PLANE('',#2632);
#521=PLANE('',#2639);
#522=PLANE('',#2641);
#523=PLANE('',#2643);
#524=PLANE('',#2644);
#525=PLANE('',#2649);
#526=PLANE('',#2651);
#527=PLANE('',#2653);
#528=PLANE('',#2658);
#529=PLANE('',#2659);
#530=PLANE('',#2683);
#531=ORIENTED_EDGE('',*,*,#1279,.T.);
#532=ORIENTED_EDGE('',*,*,#1280,.F.);
#533=ORIENTED_EDGE('',*,*,#1281,.F.);
#534=ORIENTED_EDGE('',*,*,#1282,.T.);
#535=ORIENTED_EDGE('',*,*,#1279,.F.);
#536=ORIENTED_EDGE('',*,*,#1281,.T.);
#537=ORIENTED_EDGE('',*,*,#1280,.T.);
#538=ORIENTED_EDGE('',*,*,#1282,.F.);
#539=ORIENTED_EDGE('',*,*,#1283,.F.);
#540=ORIENTED_EDGE('',*,*,#1284,.T.);
#541=ORIENTED_EDGE('',*,*,#1283,.T.);
#542=ORIENTED_EDGE('',*,*,#1284,.F.);
#543=ORIENTED_EDGE('',*,*,#1285,.F.);
#544=ORIENTED_EDGE('',*,*,#1286,.T.);
#545=ORIENTED_EDGE('',*,*,#1287,.F.);
#546=ORIENTED_EDGE('',*,*,#1288,.T.);
#547=ORIENTED_EDGE('',*,*,#1289,.F.);
#548=ORIENTED_EDGE('',*,*,#1290,.T.);
#549=ORIENTED_EDGE('',*,*,#1291,.F.);
#550=ORIENTED_EDGE('',*,*,#1292,.T.);
#551=ORIENTED_EDGE('',*,*,#1293,.F.);
#552=ORIENTED_EDGE('',*,*,#1294,.T.);
#553=ORIENTED_EDGE('',*,*,#1295,.F.);
#554=ORIENTED_EDGE('',*,*,#1296,.T.);
#555=ORIENTED_EDGE('',*,*,#1297,.F.);
#556=ORIENTED_EDGE('',*,*,#1298,.T.);
#557=ORIENTED_EDGE('',*,*,#1299,.F.);
#558=ORIENTED_EDGE('',*,*,#1300,.T.);
#559=ORIENTED_EDGE('',*,*,#1301,.F.);
#560=ORIENTED_EDGE('',*,*,#1302,.T.);
#561=ORIENTED_EDGE('',*,*,#1303,.F.);
#562=ORIENTED_EDGE('',*,*,#1304,.T.);
#563=ORIENTED_EDGE('',*,*,#1305,.T.);
#564=ORIENTED_EDGE('',*,*,#1306,.T.);
#565=ORIENTED_EDGE('',*,*,#1307,.T.);
#566=ORIENTED_EDGE('',*,*,#1308,.F.);
#567=ORIENTED_EDGE('',*,*,#1309,.F.);
#568=ORIENTED_EDGE('',*,*,#1310,.T.);
#569=ORIENTED_EDGE('',*,*,#1311,.T.);
#570=ORIENTED_EDGE('',*,*,#1312,.F.);
#571=ORIENTED_EDGE('',*,*,#1313,.F.);
#572=ORIENTED_EDGE('',*,*,#1314,.T.);
#573=ORIENTED_EDGE('',*,*,#1315,.T.);
#574=ORIENTED_EDGE('',*,*,#1316,.F.);
#575=ORIENTED_EDGE('',*,*,#1317,.F.);
#576=ORIENTED_EDGE('',*,*,#1318,.T.);
#577=ORIENTED_EDGE('',*,*,#1319,.T.);
#578=ORIENTED_EDGE('',*,*,#1320,.F.);
#579=ORIENTED_EDGE('',*,*,#1321,.F.);
#580=ORIENTED_EDGE('',*,*,#1322,.T.);
#581=ORIENTED_EDGE('',*,*,#1323,.T.);
#582=ORIENTED_EDGE('',*,*,#1324,.F.);
#583=ORIENTED_EDGE('',*,*,#1325,.F.);
#584=ORIENTED_EDGE('',*,*,#1326,.T.);
#585=ORIENTED_EDGE('',*,*,#1327,.T.);
#586=ORIENTED_EDGE('',*,*,#1328,.F.);
#587=ORIENTED_EDGE('',*,*,#1329,.F.);
#588=ORIENTED_EDGE('',*,*,#1330,.T.);
#589=ORIENTED_EDGE('',*,*,#1331,.T.);
#590=ORIENTED_EDGE('',*,*,#1332,.F.);
#591=ORIENTED_EDGE('',*,*,#1333,.T.);
#592=ORIENTED_EDGE('',*,*,#1334,.F.);
#593=ORIENTED_EDGE('',*,*,#1335,.T.);
#594=ORIENTED_EDGE('',*,*,#1308,.T.);
#595=ORIENTED_EDGE('',*,*,#1336,.T.);
#596=ORIENTED_EDGE('',*,*,#1289,.T.);
#597=ORIENTED_EDGE('',*,*,#1337,.F.);
#598=ORIENTED_EDGE('',*,*,#1338,.F.);
#599=ORIENTED_EDGE('',*,*,#1292,.F.);
#600=ORIENTED_EDGE('',*,*,#1339,.F.);
#601=ORIENTED_EDGE('',*,*,#1340,.T.);
#602=ORIENTED_EDGE('',*,*,#1337,.T.);
#603=ORIENTED_EDGE('',*,*,#1291,.T.);
#604=ORIENTED_EDGE('',*,*,#1341,.T.);
#605=ORIENTED_EDGE('',*,*,#1310,.F.);
#606=ORIENTED_EDGE('',*,*,#1342,.F.);
#607=ORIENTED_EDGE('',*,*,#1339,.T.);
#608=ORIENTED_EDGE('',*,*,#1309,.T.);
#609=ORIENTED_EDGE('',*,*,#1338,.T.);
#610=ORIENTED_EDGE('',*,*,#1340,.F.);
#611=ORIENTED_EDGE('',*,*,#1342,.T.);
#612=ORIENTED_EDGE('',*,*,#1288,.F.);
#613=ORIENTED_EDGE('',*,*,#1343,.F.);
#614=ORIENTED_EDGE('',*,*,#1344,.T.);
#615=ORIENTED_EDGE('',*,*,#1345,.T.);
#616=ORIENTED_EDGE('',*,*,#1287,.T.);
#617=ORIENTED_EDGE('',*,*,#1346,.T.);
#618=ORIENTED_EDGE('',*,*,#1306,.F.);
#619=ORIENTED_EDGE('',*,*,#1347,.F.);
#620=ORIENTED_EDGE('',*,*,#1343,.T.);
#621=ORIENTED_EDGE('',*,*,#1328,.T.);
#622=ORIENTED_EDGE('',*,*,#1348,.T.);
#623=ORIENTED_EDGE('',*,*,#1285,.T.);
#624=ORIENTED_EDGE('',*,*,#1345,.F.);
#625=ORIENTED_EDGE('',*,*,#1349,.F.);
#626=ORIENTED_EDGE('',*,*,#1344,.F.);
#627=ORIENTED_EDGE('',*,*,#1347,.T.);
#628=ORIENTED_EDGE('',*,*,#1329,.T.);
#629=ORIENTED_EDGE('',*,*,#1349,.T.);
#630=ORIENTED_EDGE('',*,*,#1335,.F.);
#631=ORIENTED_EDGE('',*,*,#1350,.F.);
#632=ORIENTED_EDGE('',*,*,#1351,.T.);
#633=ORIENTED_EDGE('',*,*,#1352,.T.);
#634=ORIENTED_EDGE('',*,*,#1334,.T.);
#635=ORIENTED_EDGE('',*,*,#1353,.T.);
#636=ORIENTED_EDGE('',*,*,#1326,.F.);
#637=ORIENTED_EDGE('',*,*,#1354,.F.);
#638=ORIENTED_EDGE('',*,*,#1350,.T.);
#639=ORIENTED_EDGE('',*,*,#1324,.T.);
#640=ORIENTED_EDGE('',*,*,#1355,.T.);
#641=ORIENTED_EDGE('',*,*,#1332,.T.);
#642=ORIENTED_EDGE('',*,*,#1352,.F.);
#643=ORIENTED_EDGE('',*,*,#1356,.F.);
#644=ORIENTED_EDGE('',*,*,#1351,.F.);
#645=ORIENTED_EDGE('',*,*,#1354,.T.);
#646=ORIENTED_EDGE('',*,*,#1325,.T.);
#647=ORIENTED_EDGE('',*,*,#1356,.T.);
#648=ORIENTED_EDGE('',*,*,#1304,.F.);
#649=ORIENTED_EDGE('',*,*,#1357,.F.);
#650=ORIENTED_EDGE('',*,*,#1358,.T.);
#651=ORIENTED_EDGE('',*,*,#1359,.T.);
#652=ORIENTED_EDGE('',*,*,#1303,.T.);
#653=ORIENTED_EDGE('',*,*,#1360,.T.);
#654=ORIENTED_EDGE('',*,*,#1322,.F.);
#655=ORIENTED_EDGE('',*,*,#1361,.F.);
#656=ORIENTED_EDGE('',*,*,#1357,.T.);
#657=ORIENTED_EDGE('',*,*,#1320,.T.);
#658=ORIENTED_EDGE('',*,*,#1362,.T.);
#659=ORIENTED_EDGE('',*,*,#1301,.T.);
#660=ORIENTED_EDGE('',*,*,#1359,.F.);
#661=ORIENTED_EDGE('',*,*,#1363,.F.);
#662=ORIENTED_EDGE('',*,*,#1358,.F.);
#663=ORIENTED_EDGE('',*,*,#1361,.T.);
#664=ORIENTED_EDGE('',*,*,#1321,.T.);
#665=ORIENTED_EDGE('',*,*,#1363,.T.);
#666=ORIENTED_EDGE('',*,*,#1300,.F.);
#667=ORIENTED_EDGE('',*,*,#1364,.F.);
#668=ORIENTED_EDGE('',*,*,#1365,.T.);
#669=ORIENTED_EDGE('',*,*,#1366,.T.);
#670=ORIENTED_EDGE('',*,*,#1299,.T.);
#671=ORIENTED_EDGE('',*,*,#1367,.T.);
#672=ORIENTED_EDGE('',*,*,#1318,.F.);
#673=ORIENTED_EDGE('',*,*,#1368,.F.);
#674=ORIENTED_EDGE('',*,*,#1364,.T.);
#675=ORIENTED_EDGE('',*,*,#1316,.T.);
#676=ORIENTED_EDGE('',*,*,#1369,.T.);
#677=ORIENTED_EDGE('',*,*,#1297,.T.);
#678=ORIENTED_EDGE('',*,*,#1366,.F.);
#679=ORIENTED_EDGE('',*,*,#1370,.F.);
#680=ORIENTED_EDGE('',*,*,#1365,.F.);
#681=ORIENTED_EDGE('',*,*,#1368,.T.);
#682=ORIENTED_EDGE('',*,*,#1317,.T.);
#683=ORIENTED_EDGE('',*,*,#1370,.T.);
#684=ORIENTED_EDGE('',*,*,#1296,.F.);
#685=ORIENTED_EDGE('',*,*,#1371,.F.);
#686=ORIENTED_EDGE('',*,*,#1372,.T.);
#687=ORIENTED_EDGE('',*,*,#1373,.T.);
#688=ORIENTED_EDGE('',*,*,#1295,.T.);
#689=ORIENTED_EDGE('',*,*,#1374,.T.);
#690=ORIENTED_EDGE('',*,*,#1314,.F.);
#691=ORIENTED_EDGE('',*,*,#1375,.F.);
#692=ORIENTED_EDGE('',*,*,#1371,.T.);
#693=ORIENTED_EDGE('',*,*,#1312,.T.);
#694=ORIENTED_EDGE('',*,*,#1376,.T.);
#695=ORIENTED_EDGE('',*,*,#1293,.T.);
#696=ORIENTED_EDGE('',*,*,#1373,.F.);
#697=ORIENTED_EDGE('',*,*,#1377,.F.);
#698=ORIENTED_EDGE('',*,*,#1372,.F.);
#699=ORIENTED_EDGE('',*,*,#1375,.T.);
#700=ORIENTED_EDGE('',*,*,#1313,.T.);
#701=ORIENTED_EDGE('',*,*,#1377,.T.);
#702=ORIENTED_EDGE('',*,*,#1330,.F.);
#703=ORIENTED_EDGE('',*,*,#1305,.F.);
#704=ORIENTED_EDGE('',*,*,#1346,.F.);
#705=ORIENTED_EDGE('',*,*,#1286,.F.);
#706=ORIENTED_EDGE('',*,*,#1348,.F.);
#707=ORIENTED_EDGE('',*,*,#1327,.F.);
#708=ORIENTED_EDGE('',*,*,#1353,.F.);
#709=ORIENTED_EDGE('',*,*,#1333,.F.);
#710=ORIENTED_EDGE('',*,*,#1355,.F.);
#711=ORIENTED_EDGE('',*,*,#1323,.F.);
#712=ORIENTED_EDGE('',*,*,#1360,.F.);
#713=ORIENTED_EDGE('',*,*,#1302,.F.);
#714=ORIENTED_EDGE('',*,*,#1362,.F.);
#715=ORIENTED_EDGE('',*,*,#1319,.F.);
#716=ORIENTED_EDGE('',*,*,#1367,.F.);
#717=ORIENTED_EDGE('',*,*,#1298,.F.);
#718=ORIENTED_EDGE('',*,*,#1369,.F.);
#719=ORIENTED_EDGE('',*,*,#1315,.F.);
#720=ORIENTED_EDGE('',*,*,#1374,.F.);
#721=ORIENTED_EDGE('',*,*,#1294,.F.);
#722=ORIENTED_EDGE('',*,*,#1376,.F.);
#723=ORIENTED_EDGE('',*,*,#1311,.F.);
#724=ORIENTED_EDGE('',*,*,#1341,.F.);
#725=ORIENTED_EDGE('',*,*,#1290,.F.);
#726=ORIENTED_EDGE('',*,*,#1336,.F.);
#727=ORIENTED_EDGE('',*,*,#1307,.F.);
#728=ORIENTED_EDGE('',*,*,#1331,.F.);
#729=ORIENTED_EDGE('',*,*,#1378,.T.);
#730=ORIENTED_EDGE('',*,*,#1379,.T.);
#731=ORIENTED_EDGE('',*,*,#1380,.F.);
#732=ORIENTED_EDGE('',*,*,#1381,.T.);
#733=ORIENTED_EDGE('',*,*,#1382,.F.);
#734=ORIENTED_EDGE('',*,*,#1383,.T.);
#735=ORIENTED_EDGE('',*,*,#1384,.F.);
#736=ORIENTED_EDGE('',*,*,#1385,.T.);
#737=ORIENTED_EDGE('',*,*,#1386,.F.);
#738=ORIENTED_EDGE('',*,*,#1387,.T.);
#739=ORIENTED_EDGE('',*,*,#1388,.T.);
#740=ORIENTED_EDGE('',*,*,#1389,.T.);
#741=ORIENTED_EDGE('',*,*,#1390,.F.);
#742=ORIENTED_EDGE('',*,*,#1391,.T.);
#743=ORIENTED_EDGE('',*,*,#1392,.T.);
#744=ORIENTED_EDGE('',*,*,#1393,.T.);
#745=ORIENTED_EDGE('',*,*,#1394,.T.);
#746=ORIENTED_EDGE('',*,*,#1395,.F.);
#747=ORIENTED_EDGE('',*,*,#1396,.T.);
#748=ORIENTED_EDGE('',*,*,#1397,.T.);
#749=ORIENTED_EDGE('',*,*,#1398,.T.);
#750=ORIENTED_EDGE('',*,*,#1399,.T.);
#751=ORIENTED_EDGE('',*,*,#1400,.T.);
#752=ORIENTED_EDGE('',*,*,#1401,.T.);
#753=ORIENTED_EDGE('',*,*,#1402,.T.);
#754=ORIENTED_EDGE('',*,*,#1403,.T.);
#755=ORIENTED_EDGE('',*,*,#1404,.T.);
#756=ORIENTED_EDGE('',*,*,#1405,.T.);
#757=ORIENTED_EDGE('',*,*,#1406,.T.);
#758=ORIENTED_EDGE('',*,*,#1407,.T.);
#759=ORIENTED_EDGE('',*,*,#1408,.T.);
#760=ORIENTED_EDGE('',*,*,#1409,.T.);
#761=ORIENTED_EDGE('',*,*,#1410,.F.);
#762=ORIENTED_EDGE('',*,*,#1411,.T.);
#763=ORIENTED_EDGE('',*,*,#1412,.T.);
#764=ORIENTED_EDGE('',*,*,#1413,.T.);
#765=ORIENTED_EDGE('',*,*,#1414,.T.);
#766=ORIENTED_EDGE('',*,*,#1415,.T.);
#767=ORIENTED_EDGE('',*,*,#1416,.T.);
#768=ORIENTED_EDGE('',*,*,#1417,.T.);
#769=ORIENTED_EDGE('',*,*,#1418,.T.);
#770=ORIENTED_EDGE('',*,*,#1419,.T.);
#771=ORIENTED_EDGE('',*,*,#1420,.T.);
#772=ORIENTED_EDGE('',*,*,#1421,.T.);
#773=ORIENTED_EDGE('',*,*,#1413,.F.);
#774=ORIENTED_EDGE('',*,*,#1420,.F.);
#775=ORIENTED_EDGE('',*,*,#1422,.T.);
#776=ORIENTED_EDGE('',*,*,#1423,.T.);
#777=ORIENTED_EDGE('',*,*,#1424,.T.);
#778=ORIENTED_EDGE('',*,*,#1425,.F.);
#779=ORIENTED_EDGE('',*,*,#1426,.T.);
#780=ORIENTED_EDGE('',*,*,#1424,.F.);
#781=ORIENTED_EDGE('',*,*,#1427,.T.);
#782=ORIENTED_EDGE('',*,*,#1428,.T.);
#783=ORIENTED_EDGE('',*,*,#1429,.T.);
#784=ORIENTED_EDGE('',*,*,#1430,.F.);
#785=ORIENTED_EDGE('',*,*,#1431,.F.);
#786=ORIENTED_EDGE('',*,*,#1432,.T.);
#787=ORIENTED_EDGE('',*,*,#1433,.T.);
#788=ORIENTED_EDGE('',*,*,#1384,.T.);
#789=ORIENTED_EDGE('',*,*,#1434,.T.);
#790=ORIENTED_EDGE('',*,*,#1435,.T.);
#791=ORIENTED_EDGE('',*,*,#1436,.F.);
#792=ORIENTED_EDGE('',*,*,#1429,.F.);
#793=ORIENTED_EDGE('',*,*,#1437,.F.);
#794=ORIENTED_EDGE('',*,*,#1438,.T.);
#795=ORIENTED_EDGE('',*,*,#1439,.T.);
#796=ORIENTED_EDGE('',*,*,#1440,.T.);
#797=ORIENTED_EDGE('',*,*,#1441,.T.);
#798=ORIENTED_EDGE('',*,*,#1442,.T.);
#799=ORIENTED_EDGE('',*,*,#1443,.T.);
#800=ORIENTED_EDGE('',*,*,#1444,.T.);
#801=ORIENTED_EDGE('',*,*,#1445,.T.);
#802=ORIENTED_EDGE('',*,*,#1446,.T.);
#803=ORIENTED_EDGE('',*,*,#1447,.T.);
#804=ORIENTED_EDGE('',*,*,#1448,.T.);
#805=ORIENTED_EDGE('',*,*,#1445,.F.);
#806=ORIENTED_EDGE('',*,*,#1449,.T.);
#807=ORIENTED_EDGE('',*,*,#1450,.T.);
#808=ORIENTED_EDGE('',*,*,#1451,.T.);
#809=ORIENTED_EDGE('',*,*,#1452,.T.);
#810=ORIENTED_EDGE('',*,*,#1453,.T.);
#811=ORIENTED_EDGE('',*,*,#1454,.T.);
#812=ORIENTED_EDGE('',*,*,#1451,.F.);
#813=ORIENTED_EDGE('',*,*,#1455,.T.);
#814=ORIENTED_EDGE('',*,*,#1456,.T.);
#815=ORIENTED_EDGE('',*,*,#1457,.T.);
#816=ORIENTED_EDGE('',*,*,#1458,.T.);
#817=ORIENTED_EDGE('',*,*,#1459,.T.);
#818=ORIENTED_EDGE('',*,*,#1460,.T.);
#819=ORIENTED_EDGE('',*,*,#1461,.T.);
#820=ORIENTED_EDGE('',*,*,#1462,.T.);
#821=ORIENTED_EDGE('',*,*,#1463,.T.);
#822=ORIENTED_EDGE('',*,*,#1464,.T.);
#823=ORIENTED_EDGE('',*,*,#1457,.F.);
#824=ORIENTED_EDGE('',*,*,#1465,.T.);
#825=ORIENTED_EDGE('',*,*,#1466,.T.);
#826=ORIENTED_EDGE('',*,*,#1467,.T.);
#827=ORIENTED_EDGE('',*,*,#1468,.T.);
#828=ORIENTED_EDGE('',*,*,#1469,.T.);
#829=ORIENTED_EDGE('',*,*,#1462,.F.);
#830=ORIENTED_EDGE('',*,*,#1470,.T.);
#831=ORIENTED_EDGE('',*,*,#1471,.T.);
#832=ORIENTED_EDGE('',*,*,#1472,.T.);
#833=ORIENTED_EDGE('',*,*,#1473,.T.);
#834=ORIENTED_EDGE('',*,*,#1474,.T.);
#835=ORIENTED_EDGE('',*,*,#1475,.T.);
#836=ORIENTED_EDGE('',*,*,#1476,.T.);
#837=ORIENTED_EDGE('',*,*,#1477,.T.);
#838=ORIENTED_EDGE('',*,*,#1468,.F.);
#839=ORIENTED_EDGE('',*,*,#1478,.T.);
#840=ORIENTED_EDGE('',*,*,#1479,.T.);
#841=ORIENTED_EDGE('',*,*,#1480,.T.);
#842=ORIENTED_EDGE('',*,*,#1481,.T.);
#843=ORIENTED_EDGE('',*,*,#1482,.T.);
#844=ORIENTED_EDGE('',*,*,#1483,.T.);
#845=ORIENTED_EDGE('',*,*,#1484,.T.);
#846=ORIENTED_EDGE('',*,*,#1485,.T.);
#847=ORIENTED_EDGE('',*,*,#1486,.T.);
#848=ORIENTED_EDGE('',*,*,#1487,.T.);
#849=ORIENTED_EDGE('',*,*,#1488,.T.);
#850=ORIENTED_EDGE('',*,*,#1489,.T.);
#851=ORIENTED_EDGE('',*,*,#1490,.T.);
#852=ORIENTED_EDGE('',*,*,#1491,.T.);
#853=ORIENTED_EDGE('',*,*,#1492,.T.);
#854=ORIENTED_EDGE('',*,*,#1493,.T.);
#855=ORIENTED_EDGE('',*,*,#1494,.T.);
#856=ORIENTED_EDGE('',*,*,#1495,.T.);
#857=ORIENTED_EDGE('',*,*,#1496,.T.);
#858=ORIENTED_EDGE('',*,*,#1497,.T.);
#859=ORIENTED_EDGE('',*,*,#1498,.T.);
#860=ORIENTED_EDGE('',*,*,#1499,.T.);
#861=ORIENTED_EDGE('',*,*,#1500,.T.);
#862=ORIENTED_EDGE('',*,*,#1501,.T.);
#863=ORIENTED_EDGE('',*,*,#1502,.T.);
#864=ORIENTED_EDGE('',*,*,#1503,.T.);
#865=ORIENTED_EDGE('',*,*,#1504,.T.);
#866=ORIENTED_EDGE('',*,*,#1505,.T.);
#867=ORIENTED_EDGE('',*,*,#1506,.T.);
#868=ORIENTED_EDGE('',*,*,#1507,.T.);
#869=ORIENTED_EDGE('',*,*,#1508,.T.);
#870=ORIENTED_EDGE('',*,*,#1509,.T.);
#871=ORIENTED_EDGE('',*,*,#1510,.T.);
#872=ORIENTED_EDGE('',*,*,#1511,.T.);
#873=ORIENTED_EDGE('',*,*,#1436,.T.);
#874=ORIENTED_EDGE('',*,*,#1512,.T.);
#875=ORIENTED_EDGE('',*,*,#1511,.F.);
#876=ORIENTED_EDGE('',*,*,#1513,.T.);
#877=ORIENTED_EDGE('',*,*,#1452,.F.);
#878=ORIENTED_EDGE('',*,*,#1459,.F.);
#879=ORIENTED_EDGE('',*,*,#1514,.T.);
#880=ORIENTED_EDGE('',*,*,#1430,.T.);
#881=ORIENTED_EDGE('',*,*,#1425,.T.);
#882=ORIENTED_EDGE('',*,*,#1431,.T.);
#883=ORIENTED_EDGE('',*,*,#1514,.F.);
#884=ORIENTED_EDGE('',*,*,#1458,.F.);
#885=ORIENTED_EDGE('',*,*,#1464,.F.);
#886=ORIENTED_EDGE('',*,*,#1515,.T.);
#887=ORIENTED_EDGE('',*,*,#1516,.T.);
#888=ORIENTED_EDGE('',*,*,#1517,.T.);
#889=ORIENTED_EDGE('',*,*,#1518,.T.);
#890=ORIENTED_EDGE('',*,*,#1519,.T.);
#891=ORIENTED_EDGE('',*,*,#1520,.T.);
#892=ORIENTED_EDGE('',*,*,#1521,.F.);
#893=ORIENTED_EDGE('',*,*,#1516,.F.);
#894=ORIENTED_EDGE('',*,*,#1522,.T.);
#895=ORIENTED_EDGE('',*,*,#1521,.T.);
#896=ORIENTED_EDGE('',*,*,#1523,.T.);
#897=ORIENTED_EDGE('',*,*,#1524,.T.);
#898=ORIENTED_EDGE('',*,*,#1525,.T.);
#899=ORIENTED_EDGE('',*,*,#1526,.F.);
#900=ORIENTED_EDGE('',*,*,#1527,.T.);
#901=ORIENTED_EDGE('',*,*,#1528,.T.);
#902=ORIENTED_EDGE('',*,*,#1529,.T.);
#903=ORIENTED_EDGE('',*,*,#1530,.T.);
#904=ORIENTED_EDGE('',*,*,#1531,.F.);
#905=ORIENTED_EDGE('',*,*,#1532,.T.);
#906=ORIENTED_EDGE('',*,*,#1533,.T.);
#907=ORIENTED_EDGE('',*,*,#1534,.T.);
#908=ORIENTED_EDGE('',*,*,#1535,.T.);
#909=ORIENTED_EDGE('',*,*,#1536,.F.);
#910=ORIENTED_EDGE('',*,*,#1537,.T.);
#911=ORIENTED_EDGE('',*,*,#1410,.T.);
#912=ORIENTED_EDGE('',*,*,#1538,.T.);
#913=ORIENTED_EDGE('',*,*,#1480,.F.);
#914=ORIENTED_EDGE('',*,*,#1539,.T.);
#915=ORIENTED_EDGE('',*,*,#1540,.T.);
#916=ORIENTED_EDGE('',*,*,#1541,.T.);
#917=ORIENTED_EDGE('',*,*,#1542,.F.);
#918=ORIENTED_EDGE('',*,*,#1543,.F.);
#919=ORIENTED_EDGE('',*,*,#1386,.T.);
#920=ORIENTED_EDGE('',*,*,#1544,.T.);
#921=ORIENTED_EDGE('',*,*,#1443,.F.);
#922=ORIENTED_EDGE('',*,*,#1545,.T.);
#923=ORIENTED_EDGE('',*,*,#1382,.T.);
#924=ORIENTED_EDGE('',*,*,#1546,.T.);
#925=ORIENTED_EDGE('',*,*,#1447,.F.);
#926=ORIENTED_EDGE('',*,*,#1547,.T.);
#927=ORIENTED_EDGE('',*,*,#1380,.T.);
#928=ORIENTED_EDGE('',*,*,#1548,.T.);
#929=ORIENTED_EDGE('',*,*,#1437,.T.);
#930=ORIENTED_EDGE('',*,*,#1549,.T.);
#931=ORIENTED_EDGE('',*,*,#1389,.F.);
#932=ORIENTED_EDGE('',*,*,#1550,.T.);
#933=ORIENTED_EDGE('',*,*,#1440,.F.);
#934=ORIENTED_EDGE('',*,*,#1551,.T.);
#935=ORIENTED_EDGE('',*,*,#1477,.F.);
#936=ORIENTED_EDGE('',*,*,#1552,.T.);
#937=ORIENTED_EDGE('',*,*,#1518,.F.);
#938=ORIENTED_EDGE('',*,*,#1553,.F.);
#939=ORIENTED_EDGE('',*,*,#1553,.T.);
#940=ORIENTED_EDGE('',*,*,#1522,.F.);
#941=ORIENTED_EDGE('',*,*,#1515,.F.);
#942=ORIENTED_EDGE('',*,*,#1463,.F.);
#943=ORIENTED_EDGE('',*,*,#1469,.F.);
#944=ORIENTED_EDGE('',*,*,#1520,.F.);
#945=ORIENTED_EDGE('',*,*,#1554,.T.);
#946=ORIENTED_EDGE('',*,*,#1414,.F.);
#947=ORIENTED_EDGE('',*,*,#1555,.F.);
#948=ORIENTED_EDGE('',*,*,#1555,.T.);
#949=ORIENTED_EDGE('',*,*,#1421,.F.);
#950=ORIENTED_EDGE('',*,*,#1426,.F.);
#951=ORIENTED_EDGE('',*,*,#1517,.F.);
#952=ORIENTED_EDGE('',*,*,#1523,.F.);
#953=ORIENTED_EDGE('',*,*,#1453,.F.);
#954=ORIENTED_EDGE('',*,*,#1513,.F.);
#955=ORIENTED_EDGE('',*,*,#1556,.F.);
#956=ORIENTED_EDGE('',*,*,#1510,.F.);
#957=ORIENTED_EDGE('',*,*,#1557,.T.);
#958=ORIENTED_EDGE('',*,*,#1387,.F.);
#959=ORIENTED_EDGE('',*,*,#1551,.F.);
#960=ORIENTED_EDGE('',*,*,#1448,.F.);
#961=ORIENTED_EDGE('',*,*,#1547,.F.);
#962=ORIENTED_EDGE('',*,*,#1446,.F.);
#963=ORIENTED_EDGE('',*,*,#1454,.F.);
#964=ORIENTED_EDGE('',*,*,#1556,.T.);
#965=ORIENTED_EDGE('',*,*,#1439,.F.);
#966=ORIENTED_EDGE('',*,*,#1558,.T.);
#967=ORIENTED_EDGE('',*,*,#1508,.F.);
#968=ORIENTED_EDGE('',*,*,#1559,.F.);
#969=ORIENTED_EDGE('',*,*,#1434,.F.);
#970=ORIENTED_EDGE('',*,*,#1383,.F.);
#971=ORIENTED_EDGE('',*,*,#1546,.F.);
#972=ORIENTED_EDGE('',*,*,#1381,.F.);
#973=ORIENTED_EDGE('',*,*,#1549,.F.);
#974=ORIENTED_EDGE('',*,*,#1512,.F.);
#975=ORIENTED_EDGE('',*,*,#1435,.F.);
#976=ORIENTED_EDGE('',*,*,#1559,.T.);
#977=ORIENTED_EDGE('',*,*,#1504,.F.);
#978=ORIENTED_EDGE('',*,*,#1560,.T.);
#979=ORIENTED_EDGE('',*,*,#1396,.F.);
#980=ORIENTED_EDGE('',*,*,#1561,.T.);
#981=ORIENTED_EDGE('',*,*,#1562,.T.);
#982=ORIENTED_EDGE('',*,*,#1563,.T.);
#983=ORIENTED_EDGE('',*,*,#1503,.F.);
#984=ORIENTED_EDGE('',*,*,#1564,.F.);
#985=ORIENTED_EDGE('',*,*,#1449,.F.);
#986=ORIENTED_EDGE('',*,*,#1444,.F.);
#987=ORIENTED_EDGE('',*,*,#1545,.F.);
#988=ORIENTED_EDGE('',*,*,#1442,.F.);
#989=ORIENTED_EDGE('',*,*,#1505,.F.);
#990=ORIENTED_EDGE('',*,*,#1565,.T.);
#991=ORIENTED_EDGE('',*,*,#1566,.T.);
#992=ORIENTED_EDGE('',*,*,#1378,.F.);
#993=ORIENTED_EDGE('',*,*,#1544,.F.);
#994=ORIENTED_EDGE('',*,*,#1385,.F.);
#995=ORIENTED_EDGE('',*,*,#1433,.F.);
#996=ORIENTED_EDGE('',*,*,#1567,.F.);
#997=ORIENTED_EDGE('',*,*,#1564,.T.);
#998=ORIENTED_EDGE('',*,*,#1502,.F.);
#999=ORIENTED_EDGE('',*,*,#1568,.F.);
#1000=ORIENTED_EDGE('',*,*,#1450,.F.);
#1001=ORIENTED_EDGE('',*,*,#1567,.T.);
#1002=ORIENTED_EDGE('',*,*,#1432,.F.);
#1003=ORIENTED_EDGE('',*,*,#1569,.F.);
#1004=ORIENTED_EDGE('',*,*,#1506,.F.);
#1005=ORIENTED_EDGE('',*,*,#1568,.T.);
#1006=ORIENTED_EDGE('',*,*,#1501,.F.);
#1007=ORIENTED_EDGE('',*,*,#1570,.F.);
#1008=ORIENTED_EDGE('',*,*,#1455,.F.);
#1009=ORIENTED_EDGE('',*,*,#1569,.T.);
#1010=ORIENTED_EDGE('',*,*,#1428,.F.);
#1011=ORIENTED_EDGE('',*,*,#1571,.F.);
#1012=ORIENTED_EDGE('',*,*,#1507,.F.);
#1013=ORIENTED_EDGE('',*,*,#1500,.F.);
#1014=ORIENTED_EDGE('',*,*,#1572,.T.);
#1015=ORIENTED_EDGE('',*,*,#1460,.F.);
#1016=ORIENTED_EDGE('',*,*,#1456,.F.);
#1017=ORIENTED_EDGE('',*,*,#1570,.T.);
#1018=ORIENTED_EDGE('',*,*,#1423,.F.);
#1019=ORIENTED_EDGE('',*,*,#1573,.T.);
#1020=ORIENTED_EDGE('',*,*,#1496,.F.);
#1021=ORIENTED_EDGE('',*,*,#1571,.T.);
#1022=ORIENTED_EDGE('',*,*,#1427,.F.);
#1023=ORIENTED_EDGE('',*,*,#1498,.F.);
#1024=ORIENTED_EDGE('',*,*,#1574,.T.);
#1025=ORIENTED_EDGE('',*,*,#1486,.F.);
#1026=ORIENTED_EDGE('',*,*,#1575,.T.);
#1027=ORIENTED_EDGE('',*,*,#1475,.F.);
#1028=ORIENTED_EDGE('',*,*,#1576,.T.);
#1029=ORIENTED_EDGE('',*,*,#1471,.F.);
#1030=ORIENTED_EDGE('',*,*,#1577,.T.);
#1031=ORIENTED_EDGE('',*,*,#1531,.T.);
#1032=ORIENTED_EDGE('',*,*,#1578,.T.);
#1033=ORIENTED_EDGE('',*,*,#1526,.T.);
#1034=ORIENTED_EDGE('',*,*,#1579,.T.);
#1035=ORIENTED_EDGE('',*,*,#1580,.F.);
#1036=ORIENTED_EDGE('',*,*,#1494,.F.);
#1037=ORIENTED_EDGE('',*,*,#1581,.T.);
#1038=ORIENTED_EDGE('',*,*,#1408,.F.);
#1039=ORIENTED_EDGE('',*,*,#1582,.T.);
#1040=ORIENTED_EDGE('',*,*,#1404,.F.);
#1041=ORIENTED_EDGE('',*,*,#1583,.T.);
#1042=ORIENTED_EDGE('',*,*,#1492,.F.);
#1043=ORIENTED_EDGE('',*,*,#1584,.F.);
#1044=ORIENTED_EDGE('',*,*,#1585,.T.);
#1045=ORIENTED_EDGE('',*,*,#1524,.F.);
#1046=ORIENTED_EDGE('',*,*,#1586,.T.);
#1047=ORIENTED_EDGE('',*,*,#1530,.F.);
#1048=ORIENTED_EDGE('',*,*,#1587,.T.);
#1049=ORIENTED_EDGE('',*,*,#1484,.F.);
#1050=ORIENTED_EDGE('',*,*,#1588,.T.);
#1051=ORIENTED_EDGE('',*,*,#1584,.T.);
#1052=ORIENTED_EDGE('',*,*,#1495,.F.);
#1053=ORIENTED_EDGE('',*,*,#1580,.T.);
#1054=ORIENTED_EDGE('',*,*,#1589,.T.);
#1055=ORIENTED_EDGE('',*,*,#1590,.F.);
#1056=ORIENTED_EDGE('',*,*,#1395,.T.);
#1057=ORIENTED_EDGE('',*,*,#1591,.T.);
#1058=ORIENTED_EDGE('',*,*,#1592,.T.);
#1059=ORIENTED_EDGE('',*,*,#1593,.T.);
#1060=ORIENTED_EDGE('',*,*,#1390,.T.);
#1061=ORIENTED_EDGE('',*,*,#1594,.T.);
#1062=ORIENTED_EDGE('',*,*,#1590,.T.);
#1063=ORIENTED_EDGE('',*,*,#1595,.F.);
#1064=ORIENTED_EDGE('',*,*,#1415,.F.);
#1065=ORIENTED_EDGE('',*,*,#1596,.F.);
#1066=ORIENTED_EDGE('',*,*,#1583,.F.);
#1067=ORIENTED_EDGE('',*,*,#1595,.T.);
#1068=ORIENTED_EDGE('',*,*,#1597,.F.);
#1069=ORIENTED_EDGE('',*,*,#1391,.F.);
#1070=ORIENTED_EDGE('',*,*,#1593,.F.);
#1071=ORIENTED_EDGE('',*,*,#1598,.F.);
#1072=ORIENTED_EDGE('',*,*,#1599,.F.);
#1073=ORIENTED_EDGE('',*,*,#1596,.T.);
#1074=ORIENTED_EDGE('',*,*,#1554,.F.);
#1075=ORIENTED_EDGE('',*,*,#1600,.F.);
#1076=ORIENTED_EDGE('',*,*,#1597,.T.);
#1077=ORIENTED_EDGE('',*,*,#1599,.T.);
#1078=ORIENTED_EDGE('',*,*,#1601,.F.);
#1079=ORIENTED_EDGE('',*,*,#1598,.T.);
#1080=ORIENTED_EDGE('',*,*,#1592,.F.);
#1081=ORIENTED_EDGE('',*,*,#1602,.F.);
#1082=ORIENTED_EDGE('',*,*,#1493,.F.);
#1083=ORIENTED_EDGE('',*,*,#1603,.F.);
#1084=ORIENTED_EDGE('',*,*,#1476,.F.);
#1085=ORIENTED_EDGE('',*,*,#1604,.F.);
#1086=ORIENTED_EDGE('',*,*,#1600,.T.);
#1087=ORIENTED_EDGE('',*,*,#1519,.F.);
#1088=ORIENTED_EDGE('',*,*,#1605,.F.);
#1089=ORIENTED_EDGE('',*,*,#1606,.F.);
#1090=ORIENTED_EDGE('',*,*,#1393,.F.);
#1091=ORIENTED_EDGE('',*,*,#1594,.F.);
#1092=ORIENTED_EDGE('',*,*,#1392,.F.);
#1093=ORIENTED_EDGE('',*,*,#1601,.T.);
#1094=ORIENTED_EDGE('',*,*,#1591,.F.);
#1095=ORIENTED_EDGE('',*,*,#1394,.F.);
#1096=ORIENTED_EDGE('',*,*,#1607,.F.);
#1097=ORIENTED_EDGE('',*,*,#1604,.T.);
#1098=ORIENTED_EDGE('',*,*,#1581,.F.);
#1099=ORIENTED_EDGE('',*,*,#1602,.T.);
#1100=ORIENTED_EDGE('',*,*,#1552,.F.);
#1101=ORIENTED_EDGE('',*,*,#1603,.T.);
#1102=ORIENTED_EDGE('',*,*,#1608,.F.);
#1103=ORIENTED_EDGE('',*,*,#1605,.T.);
#1104=ORIENTED_EDGE('',*,*,#1607,.T.);
#1105=ORIENTED_EDGE('',*,*,#1606,.T.);
#1106=ORIENTED_EDGE('',*,*,#1608,.T.);
#1107=ORIENTED_EDGE('',*,*,#1565,.F.);
#1108=ORIENTED_EDGE('',*,*,#1561,.F.);
#1109=ORIENTED_EDGE('',*,*,#1609,.F.);
#1110=ORIENTED_EDGE('',*,*,#1609,.T.);
#1111=ORIENTED_EDGE('',*,*,#1403,.F.);
#1112=ORIENTED_EDGE('',*,*,#1610,.F.);
#1113=ORIENTED_EDGE('',*,*,#1566,.F.);
#1114=ORIENTED_EDGE('',*,*,#1610,.T.);
#1115=ORIENTED_EDGE('',*,*,#1402,.F.);
#1116=ORIENTED_EDGE('',*,*,#1611,.F.);
#1117=ORIENTED_EDGE('',*,*,#1438,.F.);
#1118=ORIENTED_EDGE('',*,*,#1548,.F.);
#1119=ORIENTED_EDGE('',*,*,#1379,.F.);
#1120=ORIENTED_EDGE('',*,*,#1611,.T.);
#1121=ORIENTED_EDGE('',*,*,#1401,.F.);
#1122=ORIENTED_EDGE('',*,*,#1612,.F.);
#1123=ORIENTED_EDGE('',*,*,#1558,.F.);
#1124=ORIENTED_EDGE('',*,*,#1612,.T.);
#1125=ORIENTED_EDGE('',*,*,#1400,.F.);
#1126=ORIENTED_EDGE('',*,*,#1613,.F.);
#1127=ORIENTED_EDGE('',*,*,#1509,.F.);
#1128=ORIENTED_EDGE('',*,*,#1613,.T.);
#1129=ORIENTED_EDGE('',*,*,#1399,.F.);
#1130=ORIENTED_EDGE('',*,*,#1614,.F.);
#1131=ORIENTED_EDGE('',*,*,#1557,.F.);
#1132=ORIENTED_EDGE('',*,*,#1614,.T.);
#1133=ORIENTED_EDGE('',*,*,#1398,.F.);
#1134=ORIENTED_EDGE('',*,*,#1615,.F.);
#1135=ORIENTED_EDGE('',*,*,#1441,.F.);
#1136=ORIENTED_EDGE('',*,*,#1550,.F.);
#1137=ORIENTED_EDGE('',*,*,#1388,.F.);
#1138=ORIENTED_EDGE('',*,*,#1615,.T.);
#1139=ORIENTED_EDGE('',*,*,#1397,.F.);
#1140=ORIENTED_EDGE('',*,*,#1616,.F.);
#1141=ORIENTED_EDGE('',*,*,#1562,.F.);
#1142=ORIENTED_EDGE('',*,*,#1616,.T.);
#1143=ORIENTED_EDGE('',*,*,#1560,.F.);
#1144=ORIENTED_EDGE('',*,*,#1563,.F.);
#1145=ORIENTED_EDGE('',*,*,#1499,.F.);
#1146=ORIENTED_EDGE('',*,*,#1575,.F.);
#1147=ORIENTED_EDGE('',*,*,#1617,.F.);
#1148=ORIENTED_EDGE('',*,*,#1470,.F.);
#1149=ORIENTED_EDGE('',*,*,#1461,.F.);
#1150=ORIENTED_EDGE('',*,*,#1572,.F.);
#1151=ORIENTED_EDGE('',*,*,#1422,.F.);
#1152=ORIENTED_EDGE('',*,*,#1419,.F.);
#1153=ORIENTED_EDGE('',*,*,#1618,.F.);
#1154=ORIENTED_EDGE('',*,*,#1574,.F.);
#1155=ORIENTED_EDGE('',*,*,#1497,.F.);
#1156=ORIENTED_EDGE('',*,*,#1573,.F.);
#1157=ORIENTED_EDGE('',*,*,#1467,.F.);
#1158=ORIENTED_EDGE('',*,*,#1619,.T.);
#1159=ORIENTED_EDGE('',*,*,#1465,.F.);
#1160=ORIENTED_EDGE('',*,*,#1617,.T.);
#1161=ORIENTED_EDGE('',*,*,#1491,.F.);
#1162=ORIENTED_EDGE('',*,*,#1620,.F.);
#1163=ORIENTED_EDGE('',*,*,#1418,.F.);
#1164=ORIENTED_EDGE('',*,*,#1621,.T.);
#1165=ORIENTED_EDGE('',*,*,#1416,.F.);
#1166=ORIENTED_EDGE('',*,*,#1622,.F.);
#1167=ORIENTED_EDGE('',*,*,#1487,.F.);
#1168=ORIENTED_EDGE('',*,*,#1618,.T.);
#1169=ORIENTED_EDGE('',*,*,#1490,.F.);
#1170=ORIENTED_EDGE('',*,*,#1623,.T.);
#1171=ORIENTED_EDGE('',*,*,#1478,.F.);
#1172=ORIENTED_EDGE('',*,*,#1620,.T.);
#1173=ORIENTED_EDGE('',*,*,#1412,.F.);
#1174=ORIENTED_EDGE('',*,*,#1624,.T.);
#1175=ORIENTED_EDGE('',*,*,#1488,.F.);
#1176=ORIENTED_EDGE('',*,*,#1622,.T.);
#1177=ORIENTED_EDGE('',*,*,#1489,.F.);
#1178=ORIENTED_EDGE('',*,*,#1625,.T.);
#1179=ORIENTED_EDGE('',*,*,#1482,.F.);
#1180=ORIENTED_EDGE('',*,*,#1626,.T.);
#1181=ORIENTED_EDGE('',*,*,#1585,.F.);
#1182=ORIENTED_EDGE('',*,*,#1588,.F.);
#1183=ORIENTED_EDGE('',*,*,#1627,.F.);
#1184=ORIENTED_EDGE('',*,*,#1528,.F.);
#1185=ORIENTED_EDGE('',*,*,#1586,.F.);
#1186=ORIENTED_EDGE('',*,*,#1525,.F.);
#1187=ORIENTED_EDGE('',*,*,#1627,.T.);
#1188=ORIENTED_EDGE('',*,*,#1483,.F.);
#1189=ORIENTED_EDGE('',*,*,#1628,.F.);
#1190=ORIENTED_EDGE('',*,*,#1541,.F.);
#1191=ORIENTED_EDGE('',*,*,#1629,.F.);
#1192=ORIENTED_EDGE('',*,*,#1411,.F.);
#1193=ORIENTED_EDGE('',*,*,#1538,.F.);
#1194=ORIENTED_EDGE('',*,*,#1409,.F.);
#1195=ORIENTED_EDGE('',*,*,#1587,.F.);
#1196=ORIENTED_EDGE('',*,*,#1529,.F.);
#1197=ORIENTED_EDGE('',*,*,#1535,.F.);
#1198=ORIENTED_EDGE('',*,*,#1534,.F.);
#1199=ORIENTED_EDGE('',*,*,#1629,.T.);
#1200=ORIENTED_EDGE('',*,*,#1540,.F.);
#1201=ORIENTED_EDGE('',*,*,#1628,.T.);
#1202=ORIENTED_EDGE('',*,*,#1625,.F.);
#1203=ORIENTED_EDGE('',*,*,#1624,.F.);
#1204=ORIENTED_EDGE('',*,*,#1578,.F.);
#1205=ORIENTED_EDGE('',*,*,#1533,.F.);
#1206=ORIENTED_EDGE('',*,*,#1630,.F.);
#1207=ORIENTED_EDGE('',*,*,#1589,.F.);
#1208=ORIENTED_EDGE('',*,*,#1579,.F.);
#1209=ORIENTED_EDGE('',*,*,#1527,.F.);
#1210=ORIENTED_EDGE('',*,*,#1623,.F.);
#1211=ORIENTED_EDGE('',*,*,#1626,.F.);
#1212=ORIENTED_EDGE('',*,*,#1631,.F.);
#1213=ORIENTED_EDGE('',*,*,#1542,.T.);
#1214=ORIENTED_EDGE('',*,*,#1632,.F.);
#1215=ORIENTED_EDGE('',*,*,#1539,.F.);
#1216=ORIENTED_EDGE('',*,*,#1479,.F.);
#1217=ORIENTED_EDGE('',*,*,#1632,.T.);
#1218=ORIENTED_EDGE('',*,*,#1543,.T.);
#1219=ORIENTED_EDGE('',*,*,#1631,.T.);
#1220=ORIENTED_EDGE('',*,*,#1485,.F.);
#1221=ORIENTED_EDGE('',*,*,#1630,.T.);
#1222=ORIENTED_EDGE('',*,*,#1532,.F.);
#1223=ORIENTED_EDGE('',*,*,#1577,.F.);
#1224=ORIENTED_EDGE('',*,*,#1481,.F.);
#1225=ORIENTED_EDGE('',*,*,#1536,.T.);
#1226=ORIENTED_EDGE('',*,*,#1537,.F.);
#1227=ORIENTED_EDGE('',*,*,#1633,.T.);
#1228=ORIENTED_EDGE('',*,*,#1634,.T.);
#1229=ORIENTED_EDGE('',*,*,#1635,.T.);
#1230=ORIENTED_EDGE('',*,*,#1636,.T.);
#1231=ORIENTED_EDGE('',*,*,#1637,.T.);
#1232=ORIENTED_EDGE('',*,*,#1638,.T.);
#1233=ORIENTED_EDGE('',*,*,#1639,.T.);
#1234=ORIENTED_EDGE('',*,*,#1640,.T.);
#1235=ORIENTED_EDGE('',*,*,#1641,.T.);
#1236=ORIENTED_EDGE('',*,*,#1642,.T.);
#1237=ORIENTED_EDGE('',*,*,#1643,.F.);
#1238=ORIENTED_EDGE('',*,*,#1417,.F.);
#1239=ORIENTED_EDGE('',*,*,#1644,.F.);
#1240=ORIENTED_EDGE('',*,*,#1639,.F.);
#1241=ORIENTED_EDGE('',*,*,#1644,.T.);
#1242=ORIENTED_EDGE('',*,*,#1621,.F.);
#1243=ORIENTED_EDGE('',*,*,#1643,.T.);
#1244=ORIENTED_EDGE('',*,*,#1640,.F.);
#1245=ORIENTED_EDGE('',*,*,#1645,.F.);
#1246=ORIENTED_EDGE('',*,*,#1642,.F.);
#1247=ORIENTED_EDGE('',*,*,#1646,.F.);
#1248=ORIENTED_EDGE('',*,*,#1466,.F.);
#1249=ORIENTED_EDGE('',*,*,#1646,.T.);
#1250=ORIENTED_EDGE('',*,*,#1641,.F.);
#1251=ORIENTED_EDGE('',*,*,#1645,.T.);
#1252=ORIENTED_EDGE('',*,*,#1619,.F.);
#1253=ORIENTED_EDGE('',*,*,#1647,.F.);
#1254=ORIENTED_EDGE('',*,*,#1582,.F.);
#1255=ORIENTED_EDGE('',*,*,#1648,.F.);
#1256=ORIENTED_EDGE('',*,*,#1636,.F.);
#1257=ORIENTED_EDGE('',*,*,#1649,.F.);
#1258=ORIENTED_EDGE('',*,*,#1405,.F.);
#1259=ORIENTED_EDGE('',*,*,#1647,.T.);
#1260=ORIENTED_EDGE('',*,*,#1635,.F.);
#1261=ORIENTED_EDGE('',*,*,#1648,.T.);
#1262=ORIENTED_EDGE('',*,*,#1407,.F.);
#1263=ORIENTED_EDGE('',*,*,#1406,.F.);
#1264=ORIENTED_EDGE('',*,*,#1649,.T.);
#1265=ORIENTED_EDGE('',*,*,#1633,.F.);
#1266=ORIENTED_EDGE('',*,*,#1650,.F.);
#1267=ORIENTED_EDGE('',*,*,#1576,.F.);
#1268=ORIENTED_EDGE('',*,*,#1651,.F.);
#1269=ORIENTED_EDGE('',*,*,#1637,.F.);
#1270=ORIENTED_EDGE('',*,*,#1652,.F.);
#1271=ORIENTED_EDGE('',*,*,#1472,.F.);
#1272=ORIENTED_EDGE('',*,*,#1650,.T.);
#1273=ORIENTED_EDGE('',*,*,#1638,.F.);
#1274=ORIENTED_EDGE('',*,*,#1651,.T.);
#1275=ORIENTED_EDGE('',*,*,#1474,.F.);
#1276=ORIENTED_EDGE('',*,*,#1634,.F.);
#1277=ORIENTED_EDGE('',*,*,#1473,.F.);
#1278=ORIENTED_EDGE('',*,*,#1652,.T.);
#1279=EDGE_CURVE('',#1653,#1653,#1891,.T.);
#1280=EDGE_CURVE('',#1654,#1654,#1892,.T.);
#1281=EDGE_CURVE('',#1655,#1655,#1893,.T.);
#1282=EDGE_CURVE('',#1656,#1656,#1894,.T.);
#1283=EDGE_CURVE('',#1657,#1657,#1895,.T.);
#1284=EDGE_CURVE('',#1658,#1658,#1896,.T.);
#1285=EDGE_CURVE('',#1659,#1660,#273,.T.);
#1286=EDGE_CURVE('',#1659,#1661,#1897,.F.);
#1287=EDGE_CURVE('',#1662,#1661,#274,.T.);
#1288=EDGE_CURVE('',#1662,#1660,#1898,.T.);
#1289=EDGE_CURVE('',#1663,#1664,#275,.T.);
#1290=EDGE_CURVE('',#1663,#1665,#1899,.F.);
#1291=EDGE_CURVE('',#1666,#1665,#276,.T.);
#1292=EDGE_CURVE('',#1666,#1664,#1900,.T.);
#1293=EDGE_CURVE('',#1667,#1668,#277,.T.);
#1294=EDGE_CURVE('',#1667,#1669,#1901,.F.);
#1295=EDGE_CURVE('',#1670,#1669,#278,.T.);
#1296=EDGE_CURVE('',#1670,#1668,#1902,.T.);
#1297=EDGE_CURVE('',#1671,#1672,#279,.T.);
#1298=EDGE_CURVE('',#1671,#1673,#1903,.F.);
#1299=EDGE_CURVE('',#1674,#1673,#280,.T.);
#1300=EDGE_CURVE('',#1674,#1672,#1904,.T.);
#1301=EDGE_CURVE('',#1675,#1676,#281,.T.);
#1302=EDGE_CURVE('',#1675,#1677,#1905,.F.);
#1303=EDGE_CURVE('',#1678,#1677,#282,.T.);
#1304=EDGE_CURVE('',#1678,#1676,#1906,.T.);
#1305=EDGE_CURVE('',#1679,#1679,#1907,.T.);
#1306=EDGE_CURVE('',#1680,#1681,#283,.T.);
#1307=EDGE_CURVE('',#1681,#1682,#1908,.F.);
#1308=EDGE_CURVE('',#1683,#1682,#284,.T.);
#1309=EDGE_CURVE('',#1684,#1683,#1909,.T.);
#1310=EDGE_CURVE('',#1684,#1685,#285,.T.);
#1311=EDGE_CURVE('',#1685,#1686,#1910,.F.);
#1312=EDGE_CURVE('',#1687,#1686,#286,.T.);
#1313=EDGE_CURVE('',#1688,#1687,#1911,.T.);
#1314=EDGE_CURVE('',#1688,#1689,#287,.T.);
#1315=EDGE_CURVE('',#1689,#1690,#1912,.F.);
#1316=EDGE_CURVE('',#1691,#1690,#288,.T.);
#1317=EDGE_CURVE('',#1692,#1691,#1913,.T.);
#1318=EDGE_CURVE('',#1692,#1693,#289,.T.);
#1319=EDGE_CURVE('',#1693,#1694,#1914,.F.);
#1320=EDGE_CURVE('',#1695,#1694,#290,.T.);
#1321=EDGE_CURVE('',#1696,#1695,#1915,.T.);
#1322=EDGE_CURVE('',#1696,#1697,#291,.T.);
#1323=EDGE_CURVE('',#1697,#1698,#1916,.F.);
#1324=EDGE_CURVE('',#1699,#1698,#292,.T.);
#1325=EDGE_CURVE('',#1700,#1699,#1917,.T.);
#1326=EDGE_CURVE('',#1700,#1701,#293,.T.);
#1327=EDGE_CURVE('',#1701,#1702,#1918,.F.);
#1328=EDGE_CURVE('',#1703,#1702,#294,.T.);
#1329=EDGE_CURVE('',#1680,#1703,#1919,.T.);
#1330=EDGE_CURVE('',#1704,#1704,#1920,.F.);
#1331=EDGE_CURVE('',#1705,#1705,#1921,.T.);
#1332=EDGE_CURVE('',#1706,#1707,#295,.T.);
#1333=EDGE_CURVE('',#1706,#1708,#1922,.F.);
#1334=EDGE_CURVE('',#1709,#1708,#296,.T.);
#1335=EDGE_CURVE('',#1709,#1707,#1923,.T.);
#1336=EDGE_CURVE('',#1682,#1663,#87,.T.);
#1337=EDGE_CURVE('',#1710,#1664,#297,.T.);
#1338=EDGE_CURVE('',#1683,#1710,#298,.T.);
#1339=EDGE_CURVE('',#1711,#1666,#299,.T.);
#1340=EDGE_CURVE('',#1711,#1710,#1924,.T.);
#1341=EDGE_CURVE('',#1665,#1685,#88,.T.);
#1342=EDGE_CURVE('',#1711,#1684,#300,.T.);
#1343=EDGE_CURVE('',#1712,#1662,#301,.T.);
#1344=EDGE_CURVE('',#1712,#1713,#1925,.T.);
#1345=EDGE_CURVE('',#1713,#1660,#302,.T.);
#1346=EDGE_CURVE('',#1661,#1681,#89,.T.);
#1347=EDGE_CURVE('',#1712,#1680,#303,.T.);
#1348=EDGE_CURVE('',#1702,#1659,#90,.T.);
#1349=EDGE_CURVE('',#1703,#1713,#304,.T.);
#1350=EDGE_CURVE('',#1714,#1709,#305,.T.);
#1351=EDGE_CURVE('',#1714,#1715,#1926,.T.);
#1352=EDGE_CURVE('',#1715,#1707,#306,.T.);
#1353=EDGE_CURVE('',#1708,#1701,#91,.T.);
#1354=EDGE_CURVE('',#1714,#1700,#307,.T.);
#1355=EDGE_CURVE('',#1698,#1706,#92,.T.);
#1356=EDGE_CURVE('',#1699,#1715,#308,.T.);
#1357=EDGE_CURVE('',#1716,#1678,#309,.T.);
#1358=EDGE_CURVE('',#1716,#1717,#1927,.T.);
#1359=EDGE_CURVE('',#1717,#1676,#310,.T.);
#1360=EDGE_CURVE('',#1677,#1697,#93,.T.);
#1361=EDGE_CURVE('',#1716,#1696,#311,.T.);
#1362=EDGE_CURVE('',#1694,#1675,#94,.T.);
#1363=EDGE_CURVE('',#1695,#1717,#312,.T.);
#1364=EDGE_CURVE('',#1718,#1674,#313,.T.);
#1365=EDGE_CURVE('',#1718,#1719,#1928,.T.);
#1366=EDGE_CURVE('',#1719,#1672,#314,.T.);
#1367=EDGE_CURVE('',#1673,#1693,#95,.T.);
#1368=EDGE_CURVE('',#1718,#1692,#315,.T.);
#1369=EDGE_CURVE('',#1690,#1671,#96,.T.);
#1370=EDGE_CURVE('',#1691,#1719,#316,.T.);
#1371=EDGE_CURVE('',#1720,#1670,#317,.T.);
#1372=EDGE_CURVE('',#1720,#1721,#1929,.T.);
#1373=EDGE_CURVE('',#1721,#1668,#318,.T.);
#1374=EDGE_CURVE('',#1669,#1689,#97,.T.);
#1375=EDGE_CURVE('',#1720,#1688,#319,.T.);
#1376=EDGE_CURVE('',#1686,#1667,#98,.T.);
#1377=EDGE_CURVE('',#1687,#1721,#320,.T.);
#1378=EDGE_CURVE('',#1722,#1723,#99,.T.);
#1379=EDGE_CURVE('',#1723,#1724,#100,.T.);
#1380=EDGE_CURVE('',#1725,#1724,#101,.T.);
#1381=EDGE_CURVE('',#1725,#1726,#102,.T.);
#1382=EDGE_CURVE('',#1727,#1726,#103,.T.);
#1383=EDGE_CURVE('',#1727,#1728,#104,.T.);
#1384=EDGE_CURVE('',#1729,#1728,#321,.T.);
#1385=EDGE_CURVE('',#1729,#1730,#105,.T.);
#1386=EDGE_CURVE('',#1722,#1730,#106,.T.);
#1387=EDGE_CURVE('',#1731,#1732,#107,.T.);
#1388=EDGE_CURVE('',#1732,#1733,#108,.T.);
#1389=EDGE_CURVE('',#1733,#1731,#109,.T.);
#1390=EDGE_CURVE('',#1734,#1735,#1930,.T.);
#1391=EDGE_CURVE('',#1734,#1736,#110,.T.);
#1392=EDGE_CURVE('',#1736,#1735,#322,.F.);
#1393=EDGE_CURVE('',#1737,#1738,#323,.F.);
#1394=EDGE_CURVE('',#1738,#1739,#111,.T.);
#1395=EDGE_CURVE('',#1737,#1739,#1931,.T.);
#1396=EDGE_CURVE('',#1740,#1741,#324,.F.);
#1397=EDGE_CURVE('',#1741,#1742,#112,.T.);
#1398=EDGE_CURVE('',#1742,#1743,#113,.T.);
#1399=EDGE_CURVE('',#1743,#1744,#114,.T.);
#1400=EDGE_CURVE('',#1744,#1745,#325,.T.);
#1401=EDGE_CURVE('',#1745,#1746,#115,.T.);
#1402=EDGE_CURVE('',#1746,#1747,#116,.T.);
#1403=EDGE_CURVE('',#1747,#1740,#117,.T.);
#1404=EDGE_CURVE('',#1748,#1749,#118,.T.);
#1405=EDGE_CURVE('',#1749,#1750,#1932,.F.);
#1406=EDGE_CURVE('',#1750,#1751,#1933,.F.);
#1407=EDGE_CURVE('',#1751,#1752,#1934,.F.);
#1408=EDGE_CURVE('',#1752,#1753,#119,.T.);
#1409=EDGE_CURVE('',#1753,#1754,#120,.T.);
#1410=EDGE_CURVE('',#1755,#1754,#1935,.T.);
#1411=EDGE_CURVE('',#1755,#1756,#121,.T.);
#1412=EDGE_CURVE('',#1756,#1757,#122,.T.);
#1413=EDGE_CURVE('',#1757,#1758,#326,.T.);
#1414=EDGE_CURVE('',#1758,#1759,#327,.F.);
#1415=EDGE_CURVE('',#1759,#1748,#328,.T.);
#1416=EDGE_CURVE('',#1757,#1760,#123,.T.);
#1417=EDGE_CURVE('',#1760,#1761,#124,.T.);
#1418=EDGE_CURVE('',#1761,#1762,#125,.T.);
#1419=EDGE_CURVE('',#1762,#1763,#126,.T.);
#1420=EDGE_CURVE('',#1763,#1764,#329,.T.);
#1421=EDGE_CURVE('',#1764,#1758,#127,.T.);
#1422=EDGE_CURVE('',#1763,#1765,#128,.T.);
#1423=EDGE_CURVE('',#1765,#1766,#129,.T.);
#1424=EDGE_CURVE('',#1766,#1767,#330,.T.);
#1425=EDGE_CURVE('',#1768,#1767,#130,.T.);
#1426=EDGE_CURVE('',#1768,#1764,#131,.T.);
#1427=EDGE_CURVE('',#1766,#1769,#132,.T.);
#1428=EDGE_CURVE('',#1769,#1770,#133,.T.);
#1429=EDGE_CURVE('',#1770,#1771,#331,.T.);
#1430=EDGE_CURVE('',#1772,#1771,#332,.T.);
#1431=EDGE_CURVE('',#1767,#1772,#58,.T.);
#1432=EDGE_CURVE('',#1770,#1773,#134,.T.);
#1433=EDGE_CURVE('',#1773,#1729,#135,.T.);
#1434=EDGE_CURVE('',#1728,#1774,#136,.T.);
#1435=EDGE_CURVE('',#1774,#1775,#137,.T.);
#1436=EDGE_CURVE('',#1771,#1775,#138,.T.);
#1437=EDGE_CURVE('',#1776,#1777,#139,.T.);
#1438=EDGE_CURVE('',#1776,#1778,#140,.T.);
#1439=EDGE_CURVE('',#1778,#1777,#141,.T.);
#1440=EDGE_CURVE('',#1779,#1780,#142,.T.);
#1441=EDGE_CURVE('',#1780,#1781,#143,.T.);
#1442=EDGE_CURVE('',#1781,#1782,#144,.T.);
#1443=EDGE_CURVE('',#1782,#1783,#145,.T.);
#1444=EDGE_CURVE('',#1783,#1784,#146,.T.);
#1445=EDGE_CURVE('',#1784,#1785,#333,.T.);
#1446=EDGE_CURVE('',#1785,#1786,#147,.T.);
#1447=EDGE_CURVE('',#1786,#1787,#148,.T.);
#1448=EDGE_CURVE('',#1787,#1779,#149,.T.);
#1449=EDGE_CURVE('',#1784,#1788,#150,.T.);
#1450=EDGE_CURVE('',#1788,#1789,#151,.T.);
#1451=EDGE_CURVE('',#1789,#1790,#334,.T.);
#1452=EDGE_CURVE('',#1790,#1791,#152,.T.);
#1453=EDGE_CURVE('',#1791,#1792,#153,.T.);
#1454=EDGE_CURVE('',#1792,#1785,#154,.T.);
#1455=EDGE_CURVE('',#1789,#1793,#155,.T.);
#1456=EDGE_CURVE('',#1793,#1794,#156,.T.);
#1457=EDGE_CURVE('',#1794,#1795,#335,.T.);
#1458=EDGE_CURVE('',#1795,#1796,#59,.T.);
#1459=EDGE_CURVE('',#1796,#1790,#336,.T.);
#1460=EDGE_CURVE('',#1794,#1797,#157,.T.);
#1461=EDGE_CURVE('',#1797,#1798,#158,.T.);
#1462=EDGE_CURVE('',#1798,#1799,#337,.T.);
#1463=EDGE_CURVE('',#1799,#1800,#159,.T.);
#1464=EDGE_CURVE('',#1800,#1795,#160,.T.);
#1465=EDGE_CURVE('',#1801,#1802,#161,.T.);
#1466=EDGE_CURVE('',#1802,#1803,#162,.T.);
#1467=EDGE_CURVE('',#1803,#1804,#163,.T.);
#1468=EDGE_CURVE('',#1804,#1805,#338,.T.);
#1469=EDGE_CURVE('',#1805,#1799,#164,.T.);
#1470=EDGE_CURVE('',#1798,#1801,#165,.T.);
#1471=EDGE_CURVE('',#1806,#1807,#166,.T.);
#1472=EDGE_CURVE('',#1807,#1808,#1936,.T.);
#1473=EDGE_CURVE('',#1808,#1809,#1937,.T.);
#1474=EDGE_CURVE('',#1809,#1810,#1938,.T.);
#1475=EDGE_CURVE('',#1810,#1811,#167,.T.);
#1476=EDGE_CURVE('',#1811,#1812,#339,.T.);
#1477=EDGE_CURVE('',#1812,#1805,#340,.T.);
#1478=EDGE_CURVE('',#1804,#1813,#168,.T.);
#1479=EDGE_CURVE('',#1813,#1814,#169,.T.);
#1480=EDGE_CURVE('',#1814,#1815,#1939,.T.);
#1481=EDGE_CURVE('',#1815,#1806,#170,.T.);
#1482=EDGE_CURVE('',#1816,#1817,#341,.T.);
#1483=EDGE_CURVE('',#1817,#1818,#171,.T.);
#1484=EDGE_CURVE('',#1818,#1819,#342,.F.);
#1485=EDGE_CURVE('',#1819,#1816,#172,.T.);
#1486=EDGE_CURVE('',#1820,#1821,#343,.T.);
#1487=EDGE_CURVE('',#1821,#1822,#173,.T.);
#1488=EDGE_CURVE('',#1822,#1823,#174,.T.);
#1489=EDGE_CURVE('',#1823,#1824,#344,.F.);
#1490=EDGE_CURVE('',#1824,#1825,#175,.T.);
#1491=EDGE_CURVE('',#1825,#1820,#176,.T.);
#1492=EDGE_CURVE('',#1826,#1827,#177,.T.);
#1493=EDGE_CURVE('',#1827,#1828,#345,.F.);
#1494=EDGE_CURVE('',#1828,#1829,#178,.T.);
#1495=EDGE_CURVE('',#1829,#1826,#346,.T.);
#1496=EDGE_CURVE('',#1830,#1831,#179,.T.);
#1497=EDGE_CURVE('',#1831,#1832,#180,.T.);
#1498=EDGE_CURVE('',#1832,#1833,#347,.F.);
#1499=EDGE_CURVE('',#1833,#1834,#181,.F.);
#1500=EDGE_CURVE('',#1834,#1835,#182,.T.);
#1501=EDGE_CURVE('',#1835,#1836,#183,.T.);
#1502=EDGE_CURVE('',#1836,#1837,#184,.T.);
#1503=EDGE_CURVE('',#1837,#1838,#185,.T.);
#1504=EDGE_CURVE('',#1838,#1839,#348,.T.);
#1505=EDGE_CURVE('',#1839,#1840,#186,.T.);
#1506=EDGE_CURVE('',#1840,#1841,#187,.T.);
#1507=EDGE_CURVE('',#1841,#1830,#188,.T.);
#1508=EDGE_CURVE('',#1842,#1843,#189,.T.);
#1509=EDGE_CURVE('',#1843,#1844,#349,.F.);
#1510=EDGE_CURVE('',#1844,#1845,#190,.T.);
#1511=EDGE_CURVE('',#1845,#1842,#350,.T.);
#1512=EDGE_CURVE('',#1775,#1842,#191,.T.);
#1513=EDGE_CURVE('',#1845,#1791,#192,.T.);
#1514=EDGE_CURVE('',#1796,#1772,#351,.T.);
#1515=EDGE_CURVE('',#1800,#1846,#193,.T.);
#1516=EDGE_CURVE('',#1846,#1847,#352,.T.);
#1517=EDGE_CURVE('',#1847,#1768,#194,.T.);
#1518=EDGE_CURVE('',#1848,#1849,#353,.F.);
#1519=EDGE_CURVE('',#1849,#1850,#354,.T.);
#1520=EDGE_CURVE('',#1850,#1851,#355,.T.);
#1521=EDGE_CURVE('',#1848,#1851,#356,.T.);
#1522=EDGE_CURVE('',#1846,#1848,#195,.T.);
#1523=EDGE_CURVE('',#1851,#1847,#196,.T.);
#1524=EDGE_CURVE('',#1852,#1853,#197,.T.);
#1525=EDGE_CURVE('',#1853,#1852,#198,.F.);
#1526=EDGE_CURVE('',#1854,#1855,#199,.T.);
#1527=EDGE_CURVE('',#1854,#1855,#200,.T.);
#1528=EDGE_CURVE('',#1856,#1857,#201,.F.);
#1529=EDGE_CURVE('',#1857,#1858,#202,.F.);
#1530=EDGE_CURVE('',#1858,#1856,#203,.T.);
#1531=EDGE_CURVE('',#1859,#1860,#204,.T.);
#1532=EDGE_CURVE('',#1859,#1861,#205,.T.);
#1533=EDGE_CURVE('',#1861,#1860,#206,.T.);
#1534=EDGE_CURVE('',#1862,#1863,#207,.T.);
#1535=EDGE_CURVE('',#1863,#1862,#208,.T.);
#1536=EDGE_CURVE('',#1864,#1865,#209,.T.);
#1537=EDGE_CURVE('',#1864,#1865,#210,.T.);
#1538=EDGE_CURVE('',#1754,#1755,#211,.T.);
#1539=EDGE_CURVE('',#1814,#1815,#212,.T.);
#1540=EDGE_CURVE('',#1866,#1867,#213,.T.);
#1541=EDGE_CURVE('',#1867,#1866,#214,.F.);
#1542=EDGE_CURVE('',#1868,#1869,#215,.T.);
#1543=EDGE_CURVE('',#1869,#1868,#216,.F.);
#1544=EDGE_CURVE('',#1730,#1722,#217,.T.);
#1545=EDGE_CURVE('',#1782,#1783,#218,.T.);
#1546=EDGE_CURVE('',#1726,#1727,#219,.T.);
#1547=EDGE_CURVE('',#1786,#1787,#220,.T.);
#1548=EDGE_CURVE('',#1724,#1776,#221,.T.);
#1549=EDGE_CURVE('',#1777,#1725,#222,.T.);
#1550=EDGE_CURVE('',#1733,#1780,#223,.T.);
#1551=EDGE_CURVE('',#1779,#1731,#224,.T.);
#1552=EDGE_CURVE('',#1812,#1849,#1940,.T.);
#1553=EDGE_CURVE('',#1805,#1848,#1941,.T.);
#1554=EDGE_CURVE('',#1850,#1759,#1942,.T.);
#1555=EDGE_CURVE('',#1851,#1758,#1943,.T.);
#1556=EDGE_CURVE('',#1792,#1845,#225,.F.);
#1557=EDGE_CURVE('',#1844,#1732,#226,.T.);
#1558=EDGE_CURVE('',#1778,#1843,#227,.T.);
#1559=EDGE_CURVE('',#1774,#1842,#228,.T.);
#1560=EDGE_CURVE('',#1838,#1741,#229,.F.);
#1561=EDGE_CURVE('',#1740,#1839,#230,.T.);
#1562=EDGE_CURVE('',#1781,#1870,#231,.T.);
#1563=EDGE_CURVE('',#1870,#1838,#232,.T.);
#1564=EDGE_CURVE('',#1788,#1837,#233,.T.);
#1565=EDGE_CURVE('',#1839,#1871,#234,.F.);
#1566=EDGE_CURVE('',#1871,#1723,#235,.T.);
#1567=EDGE_CURVE('',#1840,#1773,#236,.F.);
#1568=EDGE_CURVE('',#1789,#1836,#1944,.T.);
#1569=EDGE_CURVE('',#1841,#1770,#1945,.T.);
#1570=EDGE_CURVE('',#1793,#1835,#237,.T.);
#1571=EDGE_CURVE('',#1830,#1769,#238,.F.);
#1572=EDGE_CURVE('',#1834,#1797,#239,.T.);
#1573=EDGE_CURVE('',#1765,#1831,#240,.T.);
#1574=EDGE_CURVE('',#1832,#1821,#241,.T.);
#1575=EDGE_CURVE('',#1820,#1833,#242,.T.);
#1576=EDGE_CURVE('',#1810,#1807,#243,.T.);
#1577=EDGE_CURVE('',#1806,#1859,#244,.T.);
#1578=EDGE_CURVE('',#1860,#1854,#245,.T.);
#1579=EDGE_CURVE('',#1855,#1872,#246,.T.);
#1580=EDGE_CURVE('',#1829,#1872,#247,.F.);
#1581=EDGE_CURVE('',#1828,#1811,#248,.T.);
#1582=EDGE_CURVE('',#1752,#1749,#249,.T.);
#1583=EDGE_CURVE('',#1748,#1827,#250,.T.);
#1584=EDGE_CURVE('',#1873,#1826,#251,.T.);
#1585=EDGE_CURVE('',#1873,#1853,#252,.F.);
#1586=EDGE_CURVE('',#1852,#1856,#253,.F.);
#1587=EDGE_CURVE('',#1858,#1753,#254,.T.);
#1588=EDGE_CURVE('',#1818,#1873,#1946,.F.);
#1589=EDGE_CURVE('',#1872,#1819,#1947,.T.);
#1590=EDGE_CURVE('',#1874,#1874,#1948,.T.);
#1591=EDGE_CURVE('',#1739,#1875,#255,.T.);
#1592=EDGE_CURVE('',#1875,#1876,#256,.T.);
#1593=EDGE_CURVE('',#1876,#1734,#257,.T.);
#1594=EDGE_CURVE('',#1735,#1737,#258,.T.);
#1595=EDGE_CURVE('',#1748,#1877,#1949,.T.);
#1596=EDGE_CURVE('',#1877,#1759,#60,.F.);
#1597=EDGE_CURVE('',#1736,#1877,#259,.F.);
#1598=EDGE_CURVE('',#1827,#1876,#1950,.T.);
#1599=EDGE_CURVE('',#1877,#1878,#1951,.F.);
#1600=EDGE_CURVE('',#1878,#1850,#61,.F.);
#1601=EDGE_CURVE('',#1736,#1878,#260,.F.);
#1602=EDGE_CURVE('',#1828,#1875,#1952,.T.);
#1603=EDGE_CURVE('',#1812,#1879,#62,.T.);
#1604=EDGE_CURVE('',#1879,#1811,#1953,.T.);
#1605=EDGE_CURVE('',#1880,#1849,#63,.F.);
#1606=EDGE_CURVE('',#1738,#1880,#261,.F.);
#1607=EDGE_CURVE('',#1879,#1738,#262,.T.);
#1608=EDGE_CURVE('',#1880,#1879,#1954,.F.);
#1609=EDGE_CURVE('',#1871,#1740,#1955,.T.);
#1610=EDGE_CURVE('',#1723,#1747,#1956,.T.);
#1611=EDGE_CURVE('',#1778,#1746,#1957,.T.);
#1612=EDGE_CURVE('',#1843,#1745,#1958,.T.);
#1613=EDGE_CURVE('',#1844,#1744,#1959,.T.);
#1614=EDGE_CURVE('',#1732,#1743,#1960,.T.);
#1615=EDGE_CURVE('',#1781,#1742,#1961,.T.);
#1616=EDGE_CURVE('',#1870,#1741,#1962,.T.);
#1617=EDGE_CURVE('',#1801,#1820,#1963,.T.);
#1618=EDGE_CURVE('',#1821,#1762,#1964,.T.);
#1619=EDGE_CURVE('',#1803,#1802,#263,.T.);
#1620=EDGE_CURVE('',#1804,#1825,#1965,.T.);
#1621=EDGE_CURVE('',#1761,#1760,#264,.T.);
#1622=EDGE_CURVE('',#1822,#1757,#1966,.T.);
#1623=EDGE_CURVE('',#1824,#1813,#1967,.F.);
#1624=EDGE_CURVE('',#1756,#1823,#1968,.F.);
#1625=EDGE_CURVE('',#1823,#1817,#1969,.F.);
#1626=EDGE_CURVE('',#1816,#1824,#1970,.T.);
#1627=EDGE_CURVE('',#1857,#1818,#1971,.T.);
#1628=EDGE_CURVE('',#1866,#1817,#1972,.T.);
#1629=EDGE_CURVE('',#1756,#1867,#1973,.T.);
#1630=EDGE_CURVE('',#1819,#1861,#1974,.T.);
#1631=EDGE_CURVE('',#1868,#1816,#1975,.T.);
#1632=EDGE_CURVE('',#1813,#1869,#1976,.T.);
#1633=EDGE_CURVE('',#1881,#1881,#1977,.T.);
#1634=EDGE_CURVE('',#1882,#1882,#1978,.F.);
#1635=EDGE_CURVE('',#1883,#1884,#1979,.T.);
#1636=EDGE_CURVE('',#1884,#1883,#265,.T.);
#1637=EDGE_CURVE('',#1885,#1886,#266,.T.);
#1638=EDGE_CURVE('',#1886,#1885,#1980,.F.);
#1639=EDGE_CURVE('',#1887,#1888,#267,.T.);
#1640=EDGE_CURVE('',#1888,#1887,#268,.T.);
#1641=EDGE_CURVE('',#1889,#1890,#269,.T.);
#1642=EDGE_CURVE('',#1890,#1889,#270,.T.);
#1643=EDGE_CURVE('',#1761,#1887,#1981,.T.);
#1644=EDGE_CURVE('',#1888,#1760,#1982,.T.);
#1645=EDGE_CURVE('',#1889,#1802,#1983,.T.);
#1646=EDGE_CURVE('',#1803,#1890,#1984,.T.);
#1647=EDGE_CURVE('',#1749,#1884,#1985,.T.);
#1648=EDGE_CURVE('',#1883,#1752,#1986,.T.);
#1649=EDGE_CURVE('',#1750,#1751,#271,.T.);
#1650=EDGE_CURVE('',#1807,#1885,#1987,.T.);
#1651=EDGE_CURVE('',#1886,#1810,#1988,.T.);
#1652=EDGE_CURVE('',#1808,#1809,#272,.T.);
#1653=VERTEX_POINT('',#3232);
#1654=VERTEX_POINT('',#3234);
#1655=VERTEX_POINT('',#3237);
#1656=VERTEX_POINT('',#3239);
#1657=VERTEX_POINT('',#3246);
#1658=VERTEX_POINT('',#3248);
#1659=VERTEX_POINT('',#3254);
#1660=VERTEX_POINT('',#3255);
#1661=VERTEX_POINT('',#3257);
#1662=VERTEX_POINT('',#3259);
#1663=VERTEX_POINT('',#3263);
#1664=VERTEX_POINT('',#3264);
#1665=VERTEX_POINT('',#3266);
#1666=VERTEX_POINT('',#3268);
#1667=VERTEX_POINT('',#3272);
#1668=VERTEX_POINT('',#3273);
#1669=VERTEX_POINT('',#3275);
#1670=VERTEX_POINT('',#3277);
#1671=VERTEX_POINT('',#3281);
#1672=VERTEX_POINT('',#3282);
#1673=VERTEX_POINT('',#3284);
#1674=VERTEX_POINT('',#3286);
#1675=VERTEX_POINT('',#3290);
#1676=VERTEX_POINT('',#3291);
#1677=VERTEX_POINT('',#3293);
#1678=VERTEX_POINT('',#3295);
#1679=VERTEX_POINT('',#3299);
#1680=VERTEX_POINT('',#3301);
#1681=VERTEX_POINT('',#3302);
#1682=VERTEX_POINT('',#3304);
#1683=VERTEX_POINT('',#3306);
#1684=VERTEX_POINT('',#3308);
#1685=VERTEX_POINT('',#3310);
#1686=VERTEX_POINT('',#3312);
#1687=VERTEX_POINT('',#3314);
#1688=VERTEX_POINT('',#3316);
#1689=VERTEX_POINT('',#3318);
#1690=VERTEX_POINT('',#3320);
#1691=VERTEX_POINT('',#3322);
#1692=VERTEX_POINT('',#3324);
#1693=VERTEX_POINT('',#3326);
#1694=VERTEX_POINT('',#3328);
#1695=VERTEX_POINT('',#3330);
#1696=VERTEX_POINT('',#3332);
#1697=VERTEX_POINT('',#3334);
#1698=VERTEX_POINT('',#3336);
#1699=VERTEX_POINT('',#3338);
#1700=VERTEX_POINT('',#3340);
#1701=VERTEX_POINT('',#3342);
#1702=VERTEX_POINT('',#3344);
#1703=VERTEX_POINT('',#3346);
#1704=VERTEX_POINT('',#3350);
#1705=VERTEX_POINT('',#3352);
#1706=VERTEX_POINT('',#3355);
#1707=VERTEX_POINT('',#3356);
#1708=VERTEX_POINT('',#3358);
#1709=VERTEX_POINT('',#3360);
#1710=VERTEX_POINT('',#3368);
#1711=VERTEX_POINT('',#3372);
#1712=VERTEX_POINT('',#3383);
#1713=VERTEX_POINT('',#3385);
#1714=VERTEX_POINT('',#3402);
#1715=VERTEX_POINT('',#3404);
#1716=VERTEX_POINT('',#3421);
#1717=VERTEX_POINT('',#3423);
#1718=VERTEX_POINT('',#3440);
#1719=VERTEX_POINT('',#3442);
#1720=VERTEX_POINT('',#3459);
#1721=VERTEX_POINT('',#3461);
#1722=VERTEX_POINT('',#3494);
#1723=VERTEX_POINT('',#3495);
#1724=VERTEX_POINT('',#3500);
#1725=VERTEX_POINT('',#3506);
#1726=VERTEX_POINT('',#3511);
#1727=VERTEX_POINT('',#3519);
#1728=VERTEX_POINT('',#3524);
#1729=VERTEX_POINT('',#3526);
#1730=VERTEX_POINT('',#3531);
#1731=VERTEX_POINT('',#3555);
#1732=VERTEX_POINT('',#3556);
#1733=VERTEX_POINT('',#3561);
#1734=VERTEX_POINT('',#3569);
#1735=VERTEX_POINT('',#3570);
#1736=VERTEX_POINT('',#3576);
#1737=VERTEX_POINT('',#3580);
#1738=VERTEX_POINT('',#3581);
#1739=VERTEX_POINT('',#3587);
#1740=VERTEX_POINT('',#3591);
#1741=VERTEX_POINT('',#3592);
#1742=VERTEX_POINT('',#3599);
#1743=VERTEX_POINT('',#3605);
#1744=VERTEX_POINT('',#3613);
#1745=VERTEX_POINT('',#3615);
#1746=VERTEX_POINT('',#3623);
#1747=VERTEX_POINT('',#3629);
#1748=VERTEX_POINT('',#3644);
#1749=VERTEX_POINT('',#3645);
#1750=VERTEX_POINT('',#3647);
#1751=VERTEX_POINT('',#3649);
#1752=VERTEX_POINT('',#3651);
#1753=VERTEX_POINT('',#3656);
#1754=VERTEX_POINT('',#3661);
#1755=VERTEX_POINT('',#3663);
#1756=VERTEX_POINT('',#3668);
#1757=VERTEX_POINT('',#3673);
#1758=VERTEX_POINT('',#3675);
#1759=VERTEX_POINT('',#3677);
#1760=VERTEX_POINT('',#3691);
#1761=VERTEX_POINT('',#3708);
#1762=VERTEX_POINT('',#3713);
#1763=VERTEX_POINT('',#3718);
#1764=VERTEX_POINT('',#3720);
#1765=VERTEX_POINT('',#3743);
#1766=VERTEX_POINT('',#3750);
#1767=VERTEX_POINT('',#3752);
#1768=VERTEX_POINT('',#3762);
#1769=VERTEX_POINT('',#3777);
#1770=VERTEX_POINT('',#3784);
#1771=VERTEX_POINT('',#3786);
#1772=VERTEX_POINT('',#3788);
#1773=VERTEX_POINT('',#3805);
#1774=VERTEX_POINT('',#3817);
#1775=VERTEX_POINT('',#3823);
#1776=VERTEX_POINT('',#3841);
#1777=VERTEX_POINT('',#3842);
#1778=VERTEX_POINT('',#3847);
#1779=VERTEX_POINT('',#3865);
#1780=VERTEX_POINT('',#3866);
#1781=VERTEX_POINT('',#3871);
#1782=VERTEX_POINT('',#3876);
#1783=VERTEX_POINT('',#3888);
#1784=VERTEX_POINT('',#3893);
#1785=VERTEX_POINT('',#3895);
#1786=VERTEX_POINT('',#3900);
#1787=VERTEX_POINT('',#3908);
#1788=VERTEX_POINT('',#3925);
#1789=VERTEX_POINT('',#3932);
#1790=VERTEX_POINT('',#3934);
#1791=VERTEX_POINT('',#3939);
#1792=VERTEX_POINT('',#3945);
#1793=VERTEX_POINT('',#3960);
#1794=VERTEX_POINT('',#3965);
#1795=VERTEX_POINT('',#3967);
#1796=VERTEX_POINT('',#3969);
#1797=VERTEX_POINT('',#3985);
#1798=VERTEX_POINT('',#3993);
#1799=VERTEX_POINT('',#3995);
#1800=VERTEX_POINT('',#4005);
#1801=VERTEX_POINT('',#4027);
#1802=VERTEX_POINT('',#4028);
#1803=VERTEX_POINT('',#4043);
#1804=VERTEX_POINT('',#4049);
#1805=VERTEX_POINT('',#4051);
#1806=VERTEX_POINT('',#4070);
#1807=VERTEX_POINT('',#4071);
#1808=VERTEX_POINT('',#4073);
#1809=VERTEX_POINT('',#4075);
#1810=VERTEX_POINT('',#4077);
#1811=VERTEX_POINT('',#4085);
#1812=VERTEX_POINT('',#4087);
#1813=VERTEX_POINT('',#4093);
#1814=VERTEX_POINT('',#4098);
#1815=VERTEX_POINT('',#4100);
#1816=VERTEX_POINT('',#4114);
#1817=VERTEX_POINT('',#4115);
#1818=VERTEX_POINT('',#4120);
#1819=VERTEX_POINT('',#4122);
#1820=VERTEX_POINT('',#4136);
#1821=VERTEX_POINT('',#4137);
#1822=VERTEX_POINT('',#4144);
#1823=VERTEX_POINT('',#4149);
#1824=VERTEX_POINT('',#4151);
#1825=VERTEX_POINT('',#4156);
#1826=VERTEX_POINT('',#4177);
#1827=VERTEX_POINT('',#4178);
#1828=VERTEX_POINT('',#4180);
#1829=VERTEX_POINT('',#4187);
#1830=VERTEX_POINT('',#4203);
#1831=VERTEX_POINT('',#4204);
#1832=VERTEX_POINT('',#4211);
#1833=VERTEX_POINT('',#4213);
#1834=VERTEX_POINT('',#4220);
#1835=VERTEX_POINT('',#4228);
#1836=VERTEX_POINT('',#4235);
#1837=VERTEX_POINT('',#4242);
#1838=VERTEX_POINT('',#4247);
#1839=VERTEX_POINT('',#4249);
#1840=VERTEX_POINT('',#4254);
#1841=VERTEX_POINT('',#4261);
#1842=VERTEX_POINT('',#4287);
#1843=VERTEX_POINT('',#4288);
#1844=VERTEX_POINT('',#4290);
#1845=VERTEX_POINT('',#4302);
#1846=VERTEX_POINT('',#4344);
#1847=VERTEX_POINT('',#4346);
#1848=VERTEX_POINT('',#4357);
#1849=VERTEX_POINT('',#4358);
#1850=VERTEX_POINT('',#4360);
#1851=VERTEX_POINT('',#4362);
#1852=VERTEX_POINT('',#4409);
#1853=VERTEX_POINT('',#4410);
#1854=VERTEX_POINT('',#4431);
#1855=VERTEX_POINT('',#4432);
#1856=VERTEX_POINT('',#4447);
#1857=VERTEX_POINT('',#4448);
#1858=VERTEX_POINT('',#4456);
#1859=VERTEX_POINT('',#4471);
#1860=VERTEX_POINT('',#4472);
#1861=VERTEX_POINT('',#4480);
#1862=VERTEX_POINT('',#4493);
#1863=VERTEX_POINT('',#4494);
#1864=VERTEX_POINT('',#4512);
#1865=VERTEX_POINT('',#4513);
#1866=VERTEX_POINT('',#4555);
#1867=VERTEX_POINT('',#4556);
#1868=VERTEX_POINT('',#4572);
#1869=VERTEX_POINT('',#4573);
#1870=VERTEX_POINT('',#4942);
#1871=VERTEX_POINT('',#4977);
#1872=VERTEX_POINT('',#5267);
#1873=VERTEX_POINT('',#5333);
#1874=VERTEX_POINT('',#5352);
#1875=VERTEX_POINT('',#5357);
#1876=VERTEX_POINT('',#5363);
#1877=VERTEX_POINT('',#5382);
#1878=VERTEX_POINT('',#5447);
#1879=VERTEX_POINT('',#5469);
#1880=VERTEX_POINT('',#5473);
#1881=VERTEX_POINT('',#5961);
#1882=VERTEX_POINT('',#5963);
#1883=VERTEX_POINT('',#5966);
#1884=VERTEX_POINT('',#5967);
#1885=VERTEX_POINT('',#5978);
#1886=VERTEX_POINT('',#5979);
#1887=VERTEX_POINT('',#5995);
#1888=VERTEX_POINT('',#5996);
#1889=VERTEX_POINT('',#6005);
#1890=VERTEX_POINT('',#6006);
#1891=CIRCLE('',#2553,0.0015875);
#1892=CIRCLE('',#2554,0.0015875);
#1893=CIRCLE('',#2556,0.00285189206052739);
#1894=CIRCLE('',#2557,0.00285189206052739);
#1895=CIRCLE('',#2563,0.0015875);
#1896=CIRCLE('',#2564,0.0015875);
#1897=CIRCLE('',#2569,0.01651);
#1898=CIRCLE('',#2570,0.0062489227496169);
#1899=CIRCLE('',#2572,0.01651);
#1900=CIRCLE('',#2573,0.0062489227496169);
#1901=CIRCLE('',#2575,0.01651);
#1902=CIRCLE('',#2576,0.0062489227496169);
#1903=CIRCLE('',#2578,0.01651);
#1904=CIRCLE('',#2579,0.0062489227496169);
#1905=CIRCLE('',#2581,0.01651);
#1906=CIRCLE('',#2582,0.00624892274961691);
#1907=CIRCLE('',#2584,0.0175794029159803);
#1908=CIRCLE('',#2585,0.0175794029159813);
#1909=CIRCLE('',#2586,0.0175794029159813);
#1910=CIRCLE('',#2587,0.0175794029159813);
#1911=CIRCLE('',#2588,0.0175794029159813);
#1912=CIRCLE('',#2589,0.0175794029159813);
#1913=CIRCLE('',#2590,0.0175794029159813);
#1914=CIRCLE('',#2591,0.0175794029159813);
#1915=CIRCLE('',#2592,0.0175794029159813);
#1916=CIRCLE('',#2593,0.0175794029159813);
#1917=CIRCLE('',#2594,0.0175794029159813);
#1918=CIRCLE('',#2595,0.0175794029159813);
#1919=CIRCLE('',#2596,0.0175794029159813);
#1920=CIRCLE('',#2598,0.01905);
#1921=CIRCLE('',#2599,0.01905);
#1922=CIRCLE('',#2601,0.01651);
#1923=CIRCLE('',#2602,0.0062489227496169);
#1924=CIRCLE('',#2605,0.0062489227496169);
#1925=CIRCLE('',#2609,0.0062489227496169);
#1926=CIRCLE('',#2614,0.0062489227496169);
#1927=CIRCLE('',#2619,0.00624892274961691);
#1928=CIRCLE('',#2624,0.0062489227496169);
#1929=CIRCLE('',#2629,0.0062489227496169);
#1930=CIRCLE('',#2640,0.00803984117586372);
#1931=CIRCLE('',#2642,0.00803984117586372);
#1932=CIRCLE('',#2645,0.00411795018603124);
#1933=CIRCLE('',#2646,0.00519372805297649);
#1934=CIRCLE('',#2647,0.00411795018603124);
#1935=CIRCLE('',#2648,0.001651);
#1936=CIRCLE('',#2654,0.00411795018603124);
#1937=CIRCLE('',#2655,0.00519372805297649);
#1938=CIRCLE('',#2656,0.00411795018603124);
#1939=CIRCLE('',#2657,0.001651);
#1940=CIRCLE('',#2669,0.0036792614690566);
#1941=CIRCLE('',#2670,0.0036792614690566);
#1942=CIRCLE('',#2672,0.0036792614690566);
#1943=CIRCLE('',#2673,0.0036792614690566);
#1944=CIRCLE('',#2675,0.00381);
#1945=CIRCLE('',#2676,0.00381);
#1946=CIRCLE('',#2679,0.01524);
#1947=CIRCLE('',#2680,0.01524);
#1948=CIRCLE('',#2682,0.00803984117586372);
#1949=CIRCLE('',#2685,0.00762);
#1950=CIRCLE('',#2687,0.00762);
#1951=CIRCLE('',#2688,0.0036792614690566);
#1952=CIRCLE('',#2691,0.00762);
#1953=CIRCLE('',#2694,0.00762);
#1954=CIRCLE('',#2697,0.0036792614690566);
#1955=CIRCLE('',#2698,0.00254);
#1956=CIRCLE('',#2699,0.00254);
#1957=CIRCLE('',#2700,0.00254);
#1958=CIRCLE('',#2701,0.00254);
#1959=CIRCLE('',#2703,0.00254);
#1960=CIRCLE('',#2704,0.00254);
#1961=CIRCLE('',#2705,0.00254);
#1962=CIRCLE('',#2706,0.00254);
#1963=CIRCLE('',#2707,0.008128);
#1964=CIRCLE('',#2708,0.008128);
#1965=CIRCLE('',#2709,0.008128);
#1966=CIRCLE('',#2710,0.008128);
#1967=CIRCLE('',#2711,0.008128);
#1968=CIRCLE('',#2712,0.008128);
#1969=CIRCLE('',#2714,0.008128);
#1970=CIRCLE('',#2715,0.008128);
#1971=CIRCLE('',#2717,0.008128);
#1972=CIRCLE('',#2718,0.008128);
#1973=CIRCLE('',#2719,0.008128);
#1974=CIRCLE('',#2722,0.008128);
#1975=CIRCLE('',#2724,0.008128);
#1976=CIRCLE('',#2725,0.008128);
#1977=CIRCLE('',#2727,0.00265372805297649);
#1978=CIRCLE('',#2728,0.00265372805297649);
#1979=CIRCLE('',#2730,0.00157795018603124);
#1980=CIRCLE('',#2731,0.00157795018603124);
#1981=CIRCLE('',#2733,0.00254);
#1982=CIRCLE('',#2734,0.00254);
#1983=CIRCLE('',#2735,0.00254);
#1984=CIRCLE('',#2736,0.00254);
#1985=CIRCLE('',#2737,0.00254);
#1986=CIRCLE('',#2738,0.00254);
#1987=CIRCLE('',#2741,0.00254);
#1988=CIRCLE('',#2742,0.00254);
#1989=EDGE_LOOP('',(#531));
#1990=EDGE_LOOP('',(#532));
#1991=EDGE_LOOP('',(#533));
#1992=EDGE_LOOP('',(#534));
#1993=EDGE_LOOP('',(#535));
#1994=EDGE_LOOP('',(#536));
#1995=EDGE_LOOP('',(#537));
#1996=EDGE_LOOP('',(#538));
#1997=EDGE_LOOP('',(#539));
#1998=EDGE_LOOP('',(#540));
#1999=EDGE_LOOP('',(#541));
#2000=EDGE_LOOP('',(#542));
#2001=EDGE_LOOP('',(#543,#544,#545,#546));
#2002=EDGE_LOOP('',(#547,#548,#549,#550));
#2003=EDGE_LOOP('',(#551,#552,#553,#554));
#2004=EDGE_LOOP('',(#555,#556,#557,#558));
#2005=EDGE_LOOP('',(#559,#560,#561,#562));
#2006=EDGE_LOOP('',(#563));
#2007=EDGE_LOOP('',(#564,#565,#566,#567,#568,#569,#570,#571,#572,#573,#574,
#575,#576,#577,#578,#579,#580,#581,#582,#583,#584,#585,#586,#587));
#2008=EDGE_LOOP('',(#588));
#2009=EDGE_LOOP('',(#589));
#2010=EDGE_LOOP('',(#590,#591,#592,#593));
#2011=EDGE_LOOP('',(#594,#595,#596,#597,#598));
#2012=EDGE_LOOP('',(#599,#600,#601,#602));
#2013=EDGE_LOOP('',(#603,#604,#605,#606,#607));
#2014=EDGE_LOOP('',(#608,#609,#610,#611));
#2015=EDGE_LOOP('',(#612,#613,#614,#615));
#2016=EDGE_LOOP('',(#616,#617,#618,#619,#620));
#2017=EDGE_LOOP('',(#621,#622,#623,#624,#625));
#2018=EDGE_LOOP('',(#626,#627,#628,#629));
#2019=EDGE_LOOP('',(#630,#631,#632,#633));
#2020=EDGE_LOOP('',(#634,#635,#636,#637,#638));
#2021=EDGE_LOOP('',(#639,#640,#641,#642,#643));
#2022=EDGE_LOOP('',(#644,#645,#646,#647));
#2023=EDGE_LOOP('',(#648,#649,#650,#651));
#2024=EDGE_LOOP('',(#652,#653,#654,#655,#656));
#2025=EDGE_LOOP('',(#657,#658,#659,#660,#661));
#2026=EDGE_LOOP('',(#662,#663,#664,#665));
#2027=EDGE_LOOP('',(#666,#667,#668,#669));
#2028=EDGE_LOOP('',(#670,#671,#672,#673,#674));
#2029=EDGE_LOOP('',(#675,#676,#677,#678,#679));
#2030=EDGE_LOOP('',(#680,#681,#682,#683));
#2031=EDGE_LOOP('',(#684,#685,#686,#687));
#2032=EDGE_LOOP('',(#688,#689,#690,#691,#692));
#2033=EDGE_LOOP('',(#693,#694,#695,#696,#697));
#2034=EDGE_LOOP('',(#698,#699,#700,#701));
#2035=EDGE_LOOP('',(#702));
#2036=EDGE_LOOP('',(#703));
#2037=EDGE_LOOP('',(#704,#705,#706,#707,#708,#709,#710,#711,#712,#713,#714,
#715,#716,#717,#718,#719,#720,#721,#722,#723,#724,#725,#726,#727));
#2038=EDGE_LOOP('',(#728));
#2039=EDGE_LOOP('',(#729,#730,#731,#732,#733,#734,#735,#736,#737));
#2040=EDGE_LOOP('',(#738,#739,#740));
#2041=EDGE_LOOP('',(#741,#742,#743));
#2042=EDGE_LOOP('',(#744,#745,#746));
#2043=EDGE_LOOP('',(#747,#748,#749,#750,#751,#752,#753,#754));
#2044=EDGE_LOOP('',(#755,#756,#757,#758,#759,#760,#761,#762,#763,#764,#765,
#766));
#2045=EDGE_LOOP('',(#767,#768,#769,#770,#771,#772,#773));
#2046=EDGE_LOOP('',(#774,#775,#776,#777,#778,#779));
#2047=EDGE_LOOP('',(#780,#781,#782,#783,#784,#785));
#2048=EDGE_LOOP('',(#786,#787,#788,#789,#790,#791,#792));
#2049=EDGE_LOOP('',(#793,#794,#795));
#2050=EDGE_LOOP('',(#796,#797,#798,#799,#800,#801,#802,#803,#804));
#2051=EDGE_LOOP('',(#805,#806,#807,#808,#809,#810,#811));
#2052=EDGE_LOOP('',(#812,#813,#814,#815,#816,#817));
#2053=EDGE_LOOP('',(#818,#819,#820,#821,#822,#823));
#2054=EDGE_LOOP('',(#824,#825,#826,#827,#828,#829,#830));
#2055=EDGE_LOOP('',(#831,#832,#833,#834,#835,#836,#837,#838,#839,#840,#841,
#842));
#2056=EDGE_LOOP('',(#843,#844,#845,#846));
#2057=EDGE_LOOP('',(#847,#848,#849,#850,#851,#852));
#2058=EDGE_LOOP('',(#853,#854,#855,#856));
#2059=EDGE_LOOP('',(#857,#858,#859,#860,#861,#862,#863,#864,#865,#866,#867,
#868));
#2060=EDGE_LOOP('',(#869,#870,#871,#872));
#2061=EDGE_LOOP('',(#873,#874,#875,#876,#877,#878,#879,#880));
#2062=EDGE_LOOP('',(#881,#882,#883,#884,#885,#886,#887,#888));
#2063=EDGE_LOOP('',(#889,#890,#891,#892));
#2064=EDGE_LOOP('',(#893,#894,#895,#896));
#2065=EDGE_LOOP('',(#897,#898));
#2066=EDGE_LOOP('',(#899,#900));
#2067=EDGE_LOOP('',(#901,#902,#903));
#2068=EDGE_LOOP('',(#904,#905,#906));
#2069=EDGE_LOOP('',(#907,#908));
#2070=EDGE_LOOP('',(#909,#910));
#2071=EDGE_LOOP('',(#911,#912));
#2072=EDGE_LOOP('',(#913,#914));
#2073=EDGE_LOOP('',(#915,#916));
#2074=EDGE_LOOP('',(#917,#918));
#2075=EDGE_LOOP('',(#919,#920));
#2076=EDGE_LOOP('',(#921,#922));
#2077=EDGE_LOOP('',(#923,#924));
#2078=EDGE_LOOP('',(#925,#926));
#2079=EDGE_LOOP('',(#927,#928,#929,#930));
#2080=EDGE_LOOP('',(#931,#932,#933,#934));
#2081=EDGE_LOOP('',(#935,#936,#937,#938));
#2082=EDGE_LOOP('',(#939,#940,#941,#942,#943));
#2083=EDGE_LOOP('',(#944,#945,#946,#947));
#2084=EDGE_LOOP('',(#948,#949,#950,#951,#952));
#2085=EDGE_LOOP('',(#953,#954,#955));
#2086=EDGE_LOOP('',(#956,#957,#958,#959,#960,#961,#962,#963,#964));
#2087=EDGE_LOOP('',(#965,#966,#967,#968,#969,#970,#971,#972,#973));
#2088=EDGE_LOOP('',(#974,#975,#976));
#2089=EDGE_LOOP('',(#977,#978,#979,#980));
#2090=EDGE_LOOP('',(#981,#982,#983,#984,#985,#986,#987,#988));
#2091=EDGE_LOOP('',(#989,#990,#991,#992,#993,#994,#995,#996));
#2092=EDGE_LOOP('',(#997,#998,#999,#1000));
#2093=EDGE_LOOP('',(#1001,#1002,#1003,#1004));
#2094=EDGE_LOOP('',(#1005,#1006,#1007,#1008));
#2095=EDGE_LOOP('',(#1009,#1010,#1011,#1012));
#2096=EDGE_LOOP('',(#1013,#1014,#1015,#1016,#1017));
#2097=EDGE_LOOP('',(#1018,#1019,#1020,#1021,#1022));
#2098=EDGE_LOOP('',(#1023,#1024,#1025,#1026));
#2099=EDGE_LOOP('',(#1027,#1028,#1029,#1030,#1031,#1032,#1033,#1034,#1035,
#1036,#1037));
#2100=EDGE_LOOP('',(#1038,#1039,#1040,#1041,#1042,#1043,#1044,#1045,#1046,
#1047,#1048));
#2101=EDGE_LOOP('',(#1049,#1050,#1051,#1052,#1053,#1054));
#2102=EDGE_LOOP('',(#1055));
#2103=EDGE_LOOP('',(#1056,#1057,#1058,#1059,#1060,#1061));
#2104=EDGE_LOOP('',(#1062));
#2105=EDGE_LOOP('',(#1063,#1064,#1065));
#2106=EDGE_LOOP('',(#1066,#1067,#1068,#1069,#1070,#1071));
#2107=EDGE_LOOP('',(#1072,#1073,#1074,#1075));
#2108=EDGE_LOOP('',(#1076,#1077,#1078));
#2109=EDGE_LOOP('',(#1079,#1080,#1081,#1082));
#2110=EDGE_LOOP('',(#1083,#1084,#1085));
#2111=EDGE_LOOP('',(#1086,#1087,#1088,#1089,#1090,#1091,#1092,#1093));
#2112=EDGE_LOOP('',(#1094,#1095,#1096,#1097,#1098,#1099));
#2113=EDGE_LOOP('',(#1100,#1101,#1102,#1103));
#2114=EDGE_LOOP('',(#1104,#1105,#1106));
#2115=EDGE_LOOP('',(#1107,#1108,#1109));
#2116=EDGE_LOOP('',(#1110,#1111,#1112,#1113));
#2117=EDGE_LOOP('',(#1114,#1115,#1116,#1117,#1118,#1119));
#2118=EDGE_LOOP('',(#1120,#1121,#1122,#1123));
#2119=EDGE_LOOP('',(#1124,#1125,#1126,#1127));
#2120=EDGE_LOOP('',(#1128,#1129,#1130,#1131));
#2121=EDGE_LOOP('',(#1132,#1133,#1134,#1135,#1136,#1137));
#2122=EDGE_LOOP('',(#1138,#1139,#1140,#1141));
#2123=EDGE_LOOP('',(#1142,#1143,#1144));
#2124=EDGE_LOOP('',(#1145,#1146,#1147,#1148,#1149,#1150));
#2125=EDGE_LOOP('',(#1151,#1152,#1153,#1154,#1155,#1156));
#2126=EDGE_LOOP('',(#1157,#1158,#1159,#1160,#1161,#1162));
#2127=EDGE_LOOP('',(#1163,#1164,#1165,#1166,#1167,#1168));
#2128=EDGE_LOOP('',(#1169,#1170,#1171,#1172));
#2129=EDGE_LOOP('',(#1173,#1174,#1175,#1176));
#2130=EDGE_LOOP('',(#1177,#1178,#1179,#1180));
#2131=EDGE_LOOP('',(#1181,#1182,#1183,#1184,#1185,#1186));
#2132=EDGE_LOOP('',(#1187,#1188,#1189,#1190,#1191,#1192,#1193,#1194,#1195,
#1196));
#2133=EDGE_LOOP('',(#1197,#1198));
#2134=EDGE_LOOP('',(#1199,#1200,#1201,#1202,#1203));
#2135=EDGE_LOOP('',(#1204,#1205,#1206,#1207,#1208,#1209));
#2136=EDGE_LOOP('',(#1210,#1211,#1212,#1213,#1214));
#2137=EDGE_LOOP('',(#1215,#1216,#1217,#1218,#1219,#1220,#1221,#1222,#1223,
#1224));
#2138=EDGE_LOOP('',(#1225,#1226));
#2139=EDGE_LOOP('',(#1227));
#2140=EDGE_LOOP('',(#1228));
#2141=EDGE_LOOP('',(#1229,#1230));
#2142=EDGE_LOOP('',(#1231,#1232));
#2143=EDGE_LOOP('',(#1233,#1234));
#2144=EDGE_LOOP('',(#1235,#1236));
#2145=EDGE_LOOP('',(#1237,#1238,#1239,#1240));
#2146=EDGE_LOOP('',(#1241,#1242,#1243,#1244));
#2147=EDGE_LOOP('',(#1245,#1246,#1247,#1248));
#2148=EDGE_LOOP('',(#1249,#1250,#1251,#1252));
#2149=EDGE_LOOP('',(#1253,#1254,#1255,#1256));
#2150=EDGE_LOOP('',(#1257,#1258,#1259,#1260,#1261,#1262));
#2151=EDGE_LOOP('',(#1263,#1264));
#2152=EDGE_LOOP('',(#1265));
#2153=EDGE_LOOP('',(#1266,#1267,#1268,#1269));
#2154=EDGE_LOOP('',(#1270,#1271,#1272,#1273,#1274,#1275));
#2155=EDGE_LOOP('',(#1276));
#2156=EDGE_LOOP('',(#1277,#1278));
#2157=FACE_BOUND('',#1989,.T.);
#2158=FACE_BOUND('',#1990,.T.);
#2159=FACE_BOUND('',#1991,.T.);
#2160=FACE_BOUND('',#1992,.T.);
#2161=FACE_BOUND('',#1993,.T.);
#2162=FACE_BOUND('',#1994,.T.);
#2163=FACE_BOUND('',#1995,.T.);
#2164=FACE_BOUND('',#1996,.T.);
#2165=FACE_BOUND('',#1997,.T.);
#2166=FACE_BOUND('',#1998,.T.);
#2167=FACE_BOUND('',#1999,.T.);
#2168=FACE_BOUND('',#2000,.T.);
#2169=FACE_BOUND('',#2001,.T.);
#2170=FACE_BOUND('',#2002,.T.);
#2171=FACE_BOUND('',#2003,.T.);
#2172=FACE_BOUND('',#2004,.T.);
#2173=FACE_BOUND('',#2005,.T.);
#2174=FACE_BOUND('',#2006,.T.);
#2175=FACE_BOUND('',#2007,.T.);
#2176=FACE_BOUND('',#2008,.T.);
#2177=FACE_BOUND('',#2009,.T.);
#2178=FACE_BOUND('',#2010,.T.);
#2179=FACE_BOUND('',#2011,.T.);
#2180=FACE_BOUND('',#2012,.T.);
#2181=FACE_BOUND('',#2013,.T.);
#2182=FACE_BOUND('',#2014,.T.);
#2183=FACE_BOUND('',#2015,.T.);
#2184=FACE_BOUND('',#2016,.T.);
#2185=FACE_BOUND('',#2017,.T.);
#2186=FACE_BOUND('',#2018,.T.);
#2187=FACE_BOUND('',#2019,.T.);
#2188=FACE_BOUND('',#2020,.T.);
#2189=FACE_BOUND('',#2021,.T.);
#2190=FACE_BOUND('',#2022,.T.);
#2191=FACE_BOUND('',#2023,.T.);
#2192=FACE_BOUND('',#2024,.T.);
#2193=FACE_BOUND('',#2025,.T.);
#2194=FACE_BOUND('',#2026,.T.);
#2195=FACE_BOUND('',#2027,.T.);
#2196=FACE_BOUND('',#2028,.T.);
#2197=FACE_BOUND('',#2029,.T.);
#2198=FACE_BOUND('',#2030,.T.);
#2199=FACE_BOUND('',#2031,.T.);
#2200=FACE_BOUND('',#2032,.T.);
#2201=FACE_BOUND('',#2033,.T.);
#2202=FACE_BOUND('',#2034,.T.);
#2203=FACE_BOUND('',#2035,.T.);
#2204=FACE_BOUND('',#2036,.T.);
#2205=FACE_BOUND('',#2037,.T.);
#2206=FACE_BOUND('',#2038,.T.);
#2207=FACE_BOUND('',#2039,.T.);
#2208=FACE_BOUND('',#2040,.T.);
#2209=FACE_BOUND('',#2041,.T.);
#2210=FACE_BOUND('',#2042,.T.);
#2211=FACE_BOUND('',#2043,.T.);
#2212=FACE_BOUND('',#2044,.T.);
#2213=FACE_BOUND('',#2045,.T.);
#2214=FACE_BOUND('',#2046,.T.);
#2215=FACE_BOUND('',#2047,.T.);
#2216=FACE_BOUND('',#2048,.T.);
#2217=FACE_BOUND('',#2049,.T.);
#2218=FACE_BOUND('',#2050,.T.);
#2219=FACE_BOUND('',#2051,.T.);
#2220=FACE_BOUND('',#2052,.T.);
#2221=FACE_BOUND('',#2053,.T.);
#2222=FACE_BOUND('',#2054,.T.);
#2223=FACE_BOUND('',#2055,.T.);
#2224=FACE_BOUND('',#2056,.T.);
#2225=FACE_BOUND('',#2057,.T.);
#2226=FACE_BOUND('',#2058,.T.);
#2227=FACE_BOUND('',#2059,.T.);
#2228=FACE_BOUND('',#2060,.T.);
#2229=FACE_BOUND('',#2061,.T.);
#2230=FACE_BOUND('',#2062,.T.);
#2231=FACE_BOUND('',#2063,.T.);
#2232=FACE_BOUND('',#2064,.T.);
#2233=FACE_BOUND('',#2065,.T.);
#2234=FACE_BOUND('',#2066,.T.);
#2235=FACE_BOUND('',#2067,.T.);
#2236=FACE_BOUND('',#2068,.T.);
#2237=FACE_BOUND('',#2069,.T.);
#2238=FACE_BOUND('',#2070,.T.);
#2239=FACE_BOUND('',#2071,.T.);
#2240=FACE_BOUND('',#2072,.T.);
#2241=FACE_BOUND('',#2073,.T.);
#2242=FACE_BOUND('',#2074,.T.);
#2243=FACE_BOUND('',#2075,.T.);
#2244=FACE_BOUND('',#2076,.T.);
#2245=FACE_BOUND('',#2077,.T.);
#2246=FACE_BOUND('',#2078,.T.);
#2247=FACE_BOUND('',#2079,.T.);
#2248=FACE_BOUND('',#2080,.T.);
#2249=FACE_BOUND('',#2081,.T.);
#2250=FACE_BOUND('',#2082,.T.);
#2251=FACE_BOUND('',#2083,.T.);
#2252=FACE_BOUND('',#2084,.T.);
#2253=FACE_BOUND('',#2085,.T.);
#2254=FACE_BOUND('',#2086,.T.);
#2255=FACE_BOUND('',#2087,.T.);
#2256=FACE_BOUND('',#2088,.T.);
#2257=FACE_BOUND('',#2089,.T.);
#2258=FACE_BOUND('',#2090,.T.);
#2259=FACE_BOUND('',#2091,.T.);
#2260=FACE_BOUND('',#2092,.T.);
#2261=FACE_BOUND('',#2093,.T.);
#2262=FACE_BOUND('',#2094,.T.);
#2263=FACE_BOUND('',#2095,.T.);
#2264=FACE_BOUND('',#2096,.T.);
#2265=FACE_BOUND('',#2097,.T.);
#2266=FACE_BOUND('',#2098,.T.);
#2267=FACE_BOUND('',#2099,.T.);
#2268=FACE_BOUND('',#2100,.T.);
#2269=FACE_BOUND('',#2101,.T.);
#2270=FACE_BOUND('',#2102,.T.);
#2271=FACE_BOUND('',#2103,.T.);
#2272=FACE_BOUND('',#2104,.T.);
#2273=FACE_BOUND('',#2105,.T.);
#2274=FACE_BOUND('',#2106,.T.);
#2275=FACE_BOUND('',#2107,.T.);
#2276=FACE_BOUND('',#2108,.T.);
#2277=FACE_BOUND('',#2109,.T.);
#2278=FACE_BOUND('',#2110,.T.);
#2279=FACE_BOUND('',#2111,.T.);
#2280=FACE_BOUND('',#2112,.T.);
#2281=FACE_BOUND('',#2113,.T.);
#2282=FACE_BOUND('',#2114,.T.);
#2283=FACE_BOUND('',#2115,.T.);
#2284=FACE_BOUND('',#2116,.T.);
#2285=FACE_BOUND('',#2117,.T.);
#2286=FACE_BOUND('',#2118,.T.);
#2287=FACE_BOUND('',#2119,.T.);
#2288=FACE_BOUND('',#2120,.T.);
#2289=FACE_BOUND('',#2121,.T.);
#2290=FACE_BOUND('',#2122,.T.);
#2291=FACE_BOUND('',#2123,.T.);
#2292=FACE_BOUND('',#2124,.T.);
#2293=FACE_BOUND('',#2125,.T.);
#2294=FACE_BOUND('',#2126,.T.);
#2295=FACE_BOUND('',#2127,.T.);
#2296=FACE_BOUND('',#2128,.T.);
#2297=FACE_BOUND('',#2129,.T.);
#2298=FACE_BOUND('',#2130,.T.);
#2299=FACE_BOUND('',#2131,.T.);
#2300=FACE_BOUND('',#2132,.T.);
#2301=FACE_BOUND('',#2133,.T.);
#2302=FACE_BOUND('',#2134,.T.);
#2303=FACE_BOUND('',#2135,.T.);
#2304=FACE_BOUND('',#2136,.T.);
#2305=FACE_BOUND('',#2137,.T.);
#2306=FACE_BOUND('',#2138,.T.);
#2307=FACE_BOUND('',#2139,.T.);
#2308=FACE_BOUND('',#2140,.T.);
#2309=FACE_BOUND('',#2141,.T.);
#2310=FACE_BOUND('',#2142,.T.);
#2311=FACE_BOUND('',#2143,.T.);
#2312=FACE_BOUND('',#2144,.T.);
#2313=FACE_BOUND('',#2145,.T.);
#2314=FACE_BOUND('',#2146,.T.);
#2315=FACE_BOUND('',#2147,.T.);
#2316=FACE_BOUND('',#2148,.T.);
#2317=FACE_BOUND('',#2149,.T.);
#2318=FACE_BOUND('',#2150,.T.);
#2319=FACE_BOUND('',#2151,.T.);
#2320=FACE_BOUND('',#2152,.T.);
#2321=FACE_BOUND('',#2153,.T.);
#2322=FACE_BOUND('',#2154,.T.);
#2323=FACE_BOUND('',#2155,.T.);
#2324=FACE_BOUND('',#2156,.T.);
#2325=CYLINDRICAL_SURFACE('',#2552,0.0015875);
#2326=CYLINDRICAL_SURFACE('',#2555,0.00285189206052739);
#2327=CYLINDRICAL_SURFACE('',#2562,0.0015875);
#2328=CYLINDRICAL_SURFACE('',#2583,0.0175794029159803);
#2329=CYLINDRICAL_SURFACE('',#2597,0.01905);
#2330=CYLINDRICAL_SURFACE('',#2604,0.0062489227496169);
#2331=CYLINDRICAL_SURFACE('',#2608,0.0062489227496169);
#2332=CYLINDRICAL_SURFACE('',#2613,0.0062489227496169);
#2333=CYLINDRICAL_SURFACE('',#2618,0.00624892274961691);
#2334=CYLINDRICAL_SURFACE('',#2623,0.0062489227496169);
#2335=CYLINDRICAL_SURFACE('',#2628,0.0062489227496169);
#2336=CYLINDRICAL_SURFACE('',#2660,0.001651);
#2337=CYLINDRICAL_SURFACE('',#2661,0.001651);
#2338=CYLINDRICAL_SURFACE('',#2662,0.001651);
#2339=CYLINDRICAL_SURFACE('',#2663,0.001651);
#2340=CYLINDRICAL_SURFACE('',#2664,0.001651);
#2341=CYLINDRICAL_SURFACE('',#2665,0.001651);
#2342=CYLINDRICAL_SURFACE('',#2666,0.001651);
#2343=CYLINDRICAL_SURFACE('',#2667,0.001651);
#2344=CYLINDRICAL_SURFACE('',#2668,0.0036792614690566);
#2345=CYLINDRICAL_SURFACE('',#2671,0.0036792614690566);
#2346=CYLINDRICAL_SURFACE('',#2674,0.00381);
#2347=CYLINDRICAL_SURFACE('',#2677,0.00381);
#2348=CYLINDRICAL_SURFACE('',#2678,0.01524);
#2349=CYLINDRICAL_SURFACE('',#2681,0.00803984117586372);
#2350=CYLINDRICAL_SURFACE('',#2684,0.00762);
#2351=CYLINDRICAL_SURFACE('',#2690,0.00762);
#2352=CYLINDRICAL_SURFACE('',#2692,0.00762);
#2353=CYLINDRICAL_SURFACE('',#2695,0.00762);
#2354=CYLINDRICAL_SURFACE('',#2702,0.00254);
#2355=CYLINDRICAL_SURFACE('',#2713,0.008128);
#2356=CYLINDRICAL_SURFACE('',#2726,0.00265372805297649);
#2357=CYLINDRICAL_SURFACE('',#2729,0.00157795018603124);
#2358=CYLINDRICAL_SURFACE('',#2732,0.00307764222255889);
#2359=ADVANCED_FACE('',(#2157,#2158),#2325,.F.);
#2360=ADVANCED_FACE('',(#2159,#2160),#2326,.T.);
#2361=ADVANCED_FACE('',(#2161,#2162),#493,.T.);
#2362=ADVANCED_FACE('',(#2163,#2164),#494,.F.);
#2363=ADVANCED_FACE('',(#2165,#2166),#2327,.T.);
#2364=ADVANCED_FACE('',(#2167),#495,.T.);
#2365=ADVANCED_FACE('',(#2168),#496,.F.);
#2366=ADVANCED_FACE('',(#2169),#497,.F.);
#2367=ADVANCED_FACE('',(#2170),#498,.F.);
#2368=ADVANCED_FACE('',(#2171),#499,.F.);
#2369=ADVANCED_FACE('',(#2172),#500,.F.);
#2370=ADVANCED_FACE('',(#2173),#501,.F.);
#2371=ADVANCED_FACE('',(#2174,#2175),#2328,.F.);
#2372=ADVANCED_FACE('',(#2176,#2177),#2329,.T.);
#2373=ADVANCED_FACE('',(#2178),#502,.F.);
#2374=ADVANCED_FACE('',(#2179),#503,.F.);
#2375=ADVANCED_FACE('',(#2180),#2330,.F.);
#2376=ADVANCED_FACE('',(#2181),#504,.F.);
#2377=ADVANCED_FACE('',(#2182),#505,.T.);
#2378=ADVANCED_FACE('',(#2183),#2331,.F.);
#2379=ADVANCED_FACE('',(#2184),#506,.F.);
#2380=ADVANCED_FACE('',(#2185),#507,.F.);
#2381=ADVANCED_FACE('',(#2186),#508,.T.);
#2382=ADVANCED_FACE('',(#2187),#2332,.F.);
#2383=ADVANCED_FACE('',(#2188),#509,.F.);
#2384=ADVANCED_FACE('',(#2189),#510,.F.);
#2385=ADVANCED_FACE('',(#2190),#511,.T.);
#2386=ADVANCED_FACE('',(#2191),#2333,.F.);
#2387=ADVANCED_FACE('',(#2192),#512,.F.);
#2388=ADVANCED_FACE('',(#2193),#513,.F.);
#2389=ADVANCED_FACE('',(#2194),#514,.T.);
#2390=ADVANCED_FACE('',(#2195),#2334,.F.);
#2391=ADVANCED_FACE('',(#2196),#515,.F.);
#2392=ADVANCED_FACE('',(#2197),#516,.F.);
#2393=ADVANCED_FACE('',(#2198),#517,.T.);
#2394=ADVANCED_FACE('',(#2199),#2335,.F.);
#2395=ADVANCED_FACE('',(#2200),#518,.F.);
#2396=ADVANCED_FACE('',(#2201),#519,.F.);
#2397=ADVANCED_FACE('',(#2202),#520,.T.);
#2398=ADVANCED_FACE('',(#2203,#2204),#81,.T.);
#2399=ADVANCED_FACE('',(#2205,#2206),#82,.T.);
#2400=ADVANCED_FACE('',(#2207),#64,.T.);
#2401=ADVANCED_FACE('',(#2208),#65,.F.);
#2402=ADVANCED_FACE('',(#2209),#521,.T.);
#2403=ADVANCED_FACE('',(#2210),#522,.T.);
#2404=ADVANCED_FACE('',(#2211),#523,.F.);
#2405=ADVANCED_FACE('',(#2212),#524,.T.);
#2406=ADVANCED_FACE('',(#2213),#66,.T.);
#2407=ADVANCED_FACE('',(#2214),#67,.T.);
#2408=ADVANCED_FACE('',(#2215),#525,.T.);
#2409=ADVANCED_FACE('',(#2216),#68,.T.);
#2410=ADVANCED_FACE('',(#2217),#69,.T.);
#2411=ADVANCED_FACE('',(#2218),#70,.F.);
#2412=ADVANCED_FACE('',(#2219),#71,.F.);
#2413=ADVANCED_FACE('',(#2220),#526,.F.);
#2414=ADVANCED_FACE('',(#2221),#72,.F.);
#2415=ADVANCED_FACE('',(#2222),#73,.F.);
#2416=ADVANCED_FACE('',(#2223),#527,.F.);
#2417=ADVANCED_FACE('',(#2224),#74,.F.);
#2418=ADVANCED_FACE('',(#2225),#75,.F.);
#2419=ADVANCED_FACE('',(#2226),#76,.F.);
#2420=ADVANCED_FACE('',(#2227),#77,.F.);
#2421=ADVANCED_FACE('',(#2228),#78,.F.);
#2422=ADVANCED_FACE('',(#2229),#528,.F.);
#2423=ADVANCED_FACE('',(#2230),#79,.F.);
#2424=ADVANCED_FACE('',(#2231),#529,.F.);
#2425=ADVANCED_FACE('',(#2232),#80,.F.);
#2426=ADVANCED_FACE('',(#2233,#2234),#2336,.F.);
#2427=ADVANCED_FACE('',(#2235,#2236),#2337,.F.);
#2428=ADVANCED_FACE('',(#2237,#2238),#2338,.F.);
#2429=ADVANCED_FACE('',(#2239,#2240),#2339,.F.);
#2430=ADVANCED_FACE('',(#2241,#2242),#2340,.F.);
#2431=ADVANCED_FACE('',(#2243,#2244),#2341,.F.);
#2432=ADVANCED_FACE('',(#2245,#2246),#2342,.F.);
#2433=ADVANCED_FACE('',(#2247,#2248),#2343,.F.);
#2434=ADVANCED_FACE('',(#2249),#2344,.T.);
#2435=ADVANCED_FACE('',(#2250),#14,.T.);
#2436=ADVANCED_FACE('',(#2251),#2345,.T.);
#2437=ADVANCED_FACE('',(#2252),#15,.T.);
#2438=ADVANCED_FACE('',(#2253),#16,.T.);
#2439=ADVANCED_FACE('',(#2254),#17,.T.);
#2440=ADVANCED_FACE('',(#2255),#18,.T.);
#2441=ADVANCED_FACE('',(#2256),#19,.T.);
#2442=ADVANCED_FACE('',(#2257),#2346,.T.);
#2443=ADVANCED_FACE('',(#2258),#20,.T.);
#2444=ADVANCED_FACE('',(#2259),#21,.T.);
#2445=ADVANCED_FACE('',(#2260),#22,.T.);
#2446=ADVANCED_FACE('',(#2261),#23,.T.);
#2447=ADVANCED_FACE('',(#2262),#24,.T.);
#2448=ADVANCED_FACE('',(#2263),#25,.T.);
#2449=ADVANCED_FACE('',(#2264),#26,.T.);
#2450=ADVANCED_FACE('',(#2265),#27,.T.);
#2451=ADVANCED_FACE('',(#2266),#2347,.F.);
#2452=ADVANCED_FACE('',(#2267),#28,.T.);
#2453=ADVANCED_FACE('',(#2268),#29,.T.);
#2454=ADVANCED_FACE('',(#2269),#2348,.T.);
#2455=ADVANCED_FACE('',(#2270,#2271),#2349,.F.);
#2456=ADVANCED_FACE('',(#2272),#530,.T.);
#2457=ADVANCED_FACE('',(#2273),#2350,.T.);
#2458=ADVANCED_FACE('',(#2274),#30,.T.);
#2459=ADVANCED_FACE('',(#2275),#31,.T.);
#2460=ADVANCED_FACE('',(#2276),#32,.T.);
#2461=ADVANCED_FACE('',(#2277),#2351,.T.);
#2462=ADVANCED_FACE('',(#2278),#2352,.T.);
#2463=ADVANCED_FACE('',(#2279),#2353,.T.);
#2464=ADVANCED_FACE('',(#2280),#33,.T.);
#2465=ADVANCED_FACE('',(#2281),#34,.T.);
#2466=ADVANCED_FACE('',(#2282),#35,.T.);
#2467=ADVANCED_FACE('',(#2283),#36,.T.);
#2468=ADVANCED_FACE('',(#2284),#37,.T.);
#2469=ADVANCED_FACE('',(#2285),#38,.T.);
#2470=ADVANCED_FACE('',(#2286),#39,.T.);
#2471=ADVANCED_FACE('',(#2287),#2354,.T.);
#2472=ADVANCED_FACE('',(#2288),#40,.T.);
#2473=ADVANCED_FACE('',(#2289),#41,.T.);
#2474=ADVANCED_FACE('',(#2290),#42,.T.);
#2475=ADVANCED_FACE('',(#2291),#43,.T.);
#2476=ADVANCED_FACE('',(#2292),#44,.T.);
#2477=ADVANCED_FACE('',(#2293),#45,.T.);
#2478=ADVANCED_FACE('',(#2294),#46,.T.);
#2479=ADVANCED_FACE('',(#2295),#47,.T.);
#2480=ADVANCED_FACE('',(#2296),#48,.T.);
#2481=ADVANCED_FACE('',(#2297),#49,.T.);
#2482=ADVANCED_FACE('',(#2298),#2355,.T.);
#2483=ADVANCED_FACE('',(#2299),#12,.T.);
#2484=ADVANCED_FACE('',(#2300,#2301),#50,.T.);
#2485=ADVANCED_FACE('',(#2302),#10,.T.);
#2486=ADVANCED_FACE('',(#2303),#13,.T.);
#2487=ADVANCED_FACE('',(#2304),#11,.T.);
#2488=ADVANCED_FACE('',(#2305,#2306),#51,.T.);
#2489=ADVANCED_FACE('',(#2307,#2308),#2356,.F.);
#2490=ADVANCED_FACE('',(#2309,#2310),#2357,.F.);
#2491=ADVANCED_FACE('',(#2311,#2312),#2358,.F.);
#2492=ADVANCED_FACE('',(#2313),#52,.T.);
#2493=ADVANCED_FACE('',(#2314),#53,.T.);
#2494=ADVANCED_FACE('',(#2315),#54,.T.);
#2495=ADVANCED_FACE('',(#2316),#55,.T.);
#2496=ADVANCED_FACE('',(#2317),#56,.T.);
#2497=ADVANCED_FACE('',(#2318),#83,.T.);
#2498=ADVANCED_FACE('',(#2319,#2320),#84,.T.);
#2499=ADVANCED_FACE('',(#2321),#57,.T.);
#2500=ADVANCED_FACE('',(#2322),#85,.T.);
#2501=ADVANCED_FACE('',(#2323,#2324),#86,.T.);
#2502=CLOSED_SHELL('',(#2359,#2360,#2361,#2362));
#2503=CLOSED_SHELL('',(#2363,#2364,#2365));
#2504=CLOSED_SHELL('',(#2366,#2367,#2368,#2369,#2370,#2371,#2372,#2373,
#2374,#2375,#2376,#2377,#2378,#2379,#2380,#2381,#2382,#2383,#2384,#2385,
#2386,#2387,#2388,#2389,#2390,#2391,#2392,#2393,#2394,#2395,#2396,#2397,
#2398,#2399));
#2505=CLOSED_SHELL('',(#2400,#2401,#2402,#2403,#2404,#2405,#2406,#2407,
#2408,#2409,#2410,#2411,#2412,#2413,#2414,#2415,#2416,#2417,#2418,#2419,
#2420,#2421,#2422,#2423,#2424,#2425,#2426,#2427,#2428,#2429,#2430,#2431,
#2432,#2433,#2434,#2435,#2436,#2437,#2438,#2439,#2440,#2441,#2442,#2443,
#2444,#2445,#2446,#2447,#2448,#2449,#2450,#2451,#2452,#2453,#2454,#2455,
#2456,#2457,#2458,#2459,#2460,#2461,#2462,#2463,#2464,#2465,#2466,#2467,
#2468,#2469,#2470,#2471,#2472,#2473,#2474,#2475,#2476,#2477,#2478,#2479,
#2480,#2481,#2482,#2483,#2484,#2485,#2486,#2487,#2488,#2489,#2490,#2491,
#2492,#2493,#2494,#2495,#2496,#2497,#2498,#2499,#2500,#2501));
#2506=STYLED_ITEM('',(#2510),#2537);
#2507=STYLED_ITEM('',(#2511),#2538);
#2508=STYLED_ITEM('',(#2512),#2539);
#2509=STYLED_ITEM('',(#2513),#2540);
#2510=PRESENTATION_STYLE_ASSIGNMENT((#2514));
#2511=PRESENTATION_STYLE_ASSIGNMENT((#2515));
#2512=PRESENTATION_STYLE_ASSIGNMENT((#2516));
#2513=PRESENTATION_STYLE_ASSIGNMENT((#2517));
#2514=SURFACE_STYLE_USAGE(.BOTH.,#2518);
#2515=SURFACE_STYLE_USAGE(.BOTH.,#2519);
#2516=SURFACE_STYLE_USAGE(.BOTH.,#2520);
#2517=SURFACE_STYLE_USAGE(.BOTH.,#2521);
#2518=SURFACE_SIDE_STYLE('',(#2522));
#2519=SURFACE_SIDE_STYLE('',(#2523));
#2520=SURFACE_SIDE_STYLE('',(#2524));
#2521=SURFACE_SIDE_STYLE('',(#2525));
#2522=SURFACE_STYLE_FILL_AREA(#2526);
#2523=SURFACE_STYLE_FILL_AREA(#2527);
#2524=SURFACE_STYLE_FILL_AREA(#2528);
#2525=SURFACE_STYLE_FILL_AREA(#2529);
#2526=FILL_AREA_STYLE('',(#2530));
#2527=FILL_AREA_STYLE('',(#2531));
#2528=FILL_AREA_STYLE('',(#2532));
#2529=FILL_AREA_STYLE('',(#2533));
#2530=FILL_AREA_STYLE_COLOUR('',#2534);
#2531=FILL_AREA_STYLE_COLOUR('',#2535);
#2532=FILL_AREA_STYLE_COLOUR('',#2536);
#2533=FILL_AREA_STYLE_COLOUR('',#2534);
#2534=COLOUR_RGB('',0.647058823529412,0.647058823529412,0.647058823529412);
#2535=COLOUR_RGB('',0.231372549019608,0.380392156862745,0.705882352941177);
#2536=COLOUR_RGB('',0.615686274509804,0.811764705882353,0.929411764705882);
#2537=MANIFOLD_SOLID_BREP('Part 2',#2502);
#2538=MANIFOLD_SOLID_BREP('Part 3',#2503);
#2539=MANIFOLD_SOLID_BREP('Part 1',#2504);
#2540=MANIFOLD_SOLID_BREP('Part 1',#2505);
#2541=SHAPE_DEFINITION_REPRESENTATION(#6222,#2546);
#2542=SHAPE_DEFINITION_REPRESENTATION(#6223,#2547);
#2543=SHAPE_DEFINITION_REPRESENTATION(#6226,#2548);
#2544=SHAPE_DEFINITION_REPRESENTATION(#6228,#2549);
#2545=SHAPE_DEFINITION_REPRESENTATION(#6233,#2550);
#2546=SHAPE_REPRESENTATION('carr go BRRRRRR',(#2551,#2560,#2561,#2567,#2635,
#2636,#2637,#2638,#2745,#2746,#2747,#2748),#6209);
#2547=SHAPE_REPRESENTATION('Part 2',(#2551),#6210);
#2548=SHAPE_REPRESENTATION('Part 3',(#2551),#6211);
#2549=SHAPE_REPRESENTATION('Part 1',(#2551),#6212);
#2550=SHAPE_REPRESENTATION('Part 1',(#2551),#6213);
#2551=AXIS2_PLACEMENT_3D('',#3229,#2749,#2750);
#2552=AXIS2_PLACEMENT_3D('',#3230,#2751,#2752);
#2553=AXIS2_PLACEMENT_3D('',#3231,#2753,#2754);
#2554=AXIS2_PLACEMENT_3D('',#3233,#2755,#2756);
#2555=AXIS2_PLACEMENT_3D('',#3235,#2757,#2758);
#2556=AXIS2_PLACEMENT_3D('',#3236,#2759,#2760);
#2557=AXIS2_PLACEMENT_3D('',#3238,#2761,#2762);
#2558=AXIS2_PLACEMENT_3D('',#3240,#2763,#2764);
#2559=AXIS2_PLACEMENT_3D('',#3241,#2765,#2766);
#2560=AXIS2_PLACEMENT_3D('',#3242,#2767,#2768);
#2561=AXIS2_PLACEMENT_3D('',#3243,#2769,#2770);
#2562=AXIS2_PLACEMENT_3D('',#3244,#2771,#2772);
#2563=AXIS2_PLACEMENT_3D('',#3245,#2773,#2774);
#2564=AXIS2_PLACEMENT_3D('',#3247,#2775,#2776);
#2565=AXIS2_PLACEMENT_3D('',#3249,#2777,#2778);
#2566=AXIS2_PLACEMENT_3D('',#3250,#2779,#2780);
#2567=AXIS2_PLACEMENT_3D('',#3251,#2781,#2782);
#2568=AXIS2_PLACEMENT_3D('',#3252,#2783,#2784);
#2569=AXIS2_PLACEMENT_3D('',#3256,#2786,#2787);
#2570=AXIS2_PLACEMENT_3D('',#3260,#2789,#2790);
#2571=AXIS2_PLACEMENT_3D('',#3261,#2791,#2792);
#2572=AXIS2_PLACEMENT_3D('',#3265,#2794,#2795);
#2573=AXIS2_PLACEMENT_3D('',#3269,#2797,#2798);
#2574=AXIS2_PLACEMENT_3D('',#3270,#2799,#2800);
#2575=AXIS2_PLACEMENT_3D('',#3274,#2802,#2803);
#2576=AXIS2_PLACEMENT_3D('',#3278,#2805,#2806);
#2577=AXIS2_PLACEMENT_3D('',#3279,#2807,#2808);
#2578=AXIS2_PLACEMENT_3D('',#3283,#2810,#2811);
#2579=AXIS2_PLACEMENT_3D('',#3287,#2813,#2814);
#2580=AXIS2_PLACEMENT_3D('',#3288,#2815,#2816);
#2581=AXIS2_PLACEMENT_3D('',#3292,#2818,#2819);
#2582=AXIS2_PLACEMENT_3D('',#3296,#2821,#2822);
#2583=AXIS2_PLACEMENT_3D('',#3297,#2823,#2824);
#2584=AXIS2_PLACEMENT_3D('',#3298,#2825,#2826);
#2585=AXIS2_PLACEMENT_3D('',#3303,#2828,#2829);
#2586=AXIS2_PLACEMENT_3D('',#3307,#2831,#2832);
#2587=AXIS2_PLACEMENT_3D('',#3311,#2834,#2835);
#2588=AXIS2_PLACEMENT_3D('',#3315,#2837,#2838);
#2589=AXIS2_PLACEMENT_3D('',#3319,#2840,#2841);
#2590=AXIS2_PLACEMENT_3D('',#3323,#2843,#2844);
#2591=AXIS2_PLACEMENT_3D('',#3327,#2846,#2847);
#2592=AXIS2_PLACEMENT_3D('',#3331,#2849,#2850);
#2593=AXIS2_PLACEMENT_3D('',#3335,#2852,#2853);
#2594=AXIS2_PLACEMENT_3D('',#3339,#2855,#2856);
#2595=AXIS2_PLACEMENT_3D('',#3343,#2858,#2859);
#2596=AXIS2_PLACEMENT_3D('',#3347,#2861,#2862);
#2597=AXIS2_PLACEMENT_3D('',#3348,#2863,#2864);
#2598=AXIS2_PLACEMENT_3D('',#3349,#2865,#2866);
#2599=AXIS2_PLACEMENT_3D('',#3351,#2867,#2868);
#2600=AXIS2_PLACEMENT_3D('',#3353,#2869,#2870);
#2601=AXIS2_PLACEMENT_3D('',#3357,#2872,#2873);
#2602=AXIS2_PLACEMENT_3D('',#3361,#2875,#2876);
#2603=AXIS2_PLACEMENT_3D('',#3362,#2877,#2878);
#2604=AXIS2_PLACEMENT_3D('',#3370,#2881,#2882);
#2605=AXIS2_PLACEMENT_3D('',#3373,#2884,#2885);
#2606=AXIS2_PLACEMENT_3D('',#3374,#2886,#2887);
#2607=AXIS2_PLACEMENT_3D('',#3380,#2889,#2890);
#2608=AXIS2_PLACEMENT_3D('',#3381,#2891,#2892);
#2609=AXIS2_PLACEMENT_3D('',#3384,#2894,#2895);
#2610=AXIS2_PLACEMENT_3D('',#3387,#2897,#2898);
#2611=AXIS2_PLACEMENT_3D('',#3393,#2900,#2901);
#2612=AXIS2_PLACEMENT_3D('',#3399,#2903,#2904);
#2613=AXIS2_PLACEMENT_3D('',#3400,#2905,#2906);
#2614=AXIS2_PLACEMENT_3D('',#3403,#2908,#2909);
#2615=AXIS2_PLACEMENT_3D('',#3406,#2911,#2912);
#2616=AXIS2_PLACEMENT_3D('',#3412,#2914,#2915);
#2617=AXIS2_PLACEMENT_3D('',#3418,#2917,#2918);
#2618=AXIS2_PLACEMENT_3D('',#3419,#2919,#2920);
#2619=AXIS2_PLACEMENT_3D('',#3422,#2922,#2923);
#2620=AXIS2_PLACEMENT_3D('',#3425,#2925,#2926);
#2621=AXIS2_PLACEMENT_3D('',#3431,#2928,#2929);
#2622=AXIS2_PLACEMENT_3D('',#3437,#2931,#2932);
#2623=AXIS2_PLACEMENT_3D('',#3438,#2933,#2934);
#2624=AXIS2_PLACEMENT_3D('',#3441,#2936,#2937);
#2625=AXIS2_PLACEMENT_3D('',#3444,#2939,#2940);
#2626=AXIS2_PLACEMENT_3D('',#3450,#2942,#2943);
#2627=AXIS2_PLACEMENT_3D('',#3456,#2945,#2946);
#2628=AXIS2_PLACEMENT_3D('',#3457,#2947,#2948);
#2629=AXIS2_PLACEMENT_3D('',#3460,#2950,#2951);
#2630=AXIS2_PLACEMENT_3D('',#3463,#2953,#2954);
#2631=AXIS2_PLACEMENT_3D('',#3469,#2956,#2957);
#2632=AXIS2_PLACEMENT_3D('',#3475,#2959,#2960);
#2633=AXIS2_PLACEMENT_3D('',#3476,#2961,#2962);
#2634=AXIS2_PLACEMENT_3D('',#3477,#2963,#2964);
#2635=AXIS2_PLACEMENT_3D('',#3478,#2965,#2966);
#2636=AXIS2_PLACEMENT_3D('',#3479,#2967,#2968);
#2637=AXIS2_PLACEMENT_3D('',#3480,#2969,#2970);
#2638=AXIS2_PLACEMENT_3D('',#3481,#2971,#2972);
#2639=AXIS2_PLACEMENT_3D('',#3567,#2974,#2975);
#2640=AXIS2_PLACEMENT_3D('',#3568,#2976,#2977);
#2641=AXIS2_PLACEMENT_3D('',#3578,#2979,#2980);
#2642=AXIS2_PLACEMENT_3D('',#3588,#2982,#2983);
#2643=AXIS2_PLACEMENT_3D('',#3589,#2984,#2985);
#2644=AXIS2_PLACEMENT_3D('',#3636,#2988,#2989);
#2645=AXIS2_PLACEMENT_3D('',#3646,#2990,#2991);
#2646=AXIS2_PLACEMENT_3D('',#3648,#2992,#2993);
#2647=AXIS2_PLACEMENT_3D('',#3650,#2994,#2995);
#2648=AXIS2_PLACEMENT_3D('',#3662,#2996,#2997);
#2649=AXIS2_PLACEMENT_3D('',#3772,#3003,#3004);
#2650=AXIS2_PLACEMENT_3D('',#3789,#3007,#3008);
#2651=AXIS2_PLACEMENT_3D('',#3953,#3011,#3012);
#2652=AXIS2_PLACEMENT_3D('',#3968,#3014,#3015);
#2653=AXIS2_PLACEMENT_3D('',#4065,#3019,#3020);
#2654=AXIS2_PLACEMENT_3D('',#4072,#3021,#3022);
#2655=AXIS2_PLACEMENT_3D('',#4074,#3023,#3024);
#2656=AXIS2_PLACEMENT_3D('',#4076,#3025,#3026);
#2657=AXIS2_PLACEMENT_3D('',#4099,#3029,#3030);
#2658=AXIS2_PLACEMENT_3D('',#4304,#3041,#3042);
#2659=AXIS2_PLACEMENT_3D('',#4355,#3045,#3046);
#2660=AXIS2_PLACEMENT_3D('',#4397,#3051,#3052);
#2661=AXIS2_PLACEMENT_3D('',#4442,#3053,#3054);
#2662=AXIS2_PLACEMENT_3D('',#4485,#3055,#3056);
#2663=AXIS2_PLACEMENT_3D('',#4524,#3057,#3058);
#2664=AXIS2_PLACEMENT_3D('',#4547,#3059,#3060);
#2665=AXIS2_PLACEMENT_3D('',#4582,#3061,#3062);
#2666=AXIS2_PLACEMENT_3D('',#4593,#3063,#3064);
#2667=AXIS2_PLACEMENT_3D('',#4608,#3065,#3066);
#2668=AXIS2_PLACEMENT_3D('',#4627,#3067,#3068);
#2669=AXIS2_PLACEMENT_3D('',#4628,#3069,#3070);
#2670=AXIS2_PLACEMENT_3D('',#4629,#3071,#3072);
#2671=AXIS2_PLACEMENT_3D('',#4690,#3073,#3074);
#2672=AXIS2_PLACEMENT_3D('',#4691,#3075,#3076);
#2673=AXIS2_PLACEMENT_3D('',#4692,#3077,#3078);
#2674=AXIS2_PLACEMENT_3D('',#4907,#3079,#3080);
#2675=AXIS2_PLACEMENT_3D('',#5024,#3081,#3082);
#2676=AXIS2_PLACEMENT_3D('',#5061,#3083,#3084);
#2677=AXIS2_PLACEMENT_3D('',#5211,#3085,#3086);
#2678=AXIS2_PLACEMENT_3D('',#5347,#3087,#3088);
#2679=AXIS2_PLACEMENT_3D('',#5348,#3089,#3090);
#2680=AXIS2_PLACEMENT_3D('',#5349,#3091,#3092);
#2681=AXIS2_PLACEMENT_3D('',#5350,#3093,#3094);
#2682=AXIS2_PLACEMENT_3D('',#5351,#3095,#3096);
#2683=AXIS2_PLACEMENT_3D('',#5379,#3097,#3098);
#2684=AXIS2_PLACEMENT_3D('',#5380,#3099,#3100);
#2685=AXIS2_PLACEMENT_3D('',#5381,#3101,#3102);
#2686=AXIS2_PLACEMENT_3D('',#5383,#3103,#3104);
#2687=AXIS2_PLACEMENT_3D('',#5418,#3105,#3106);
#2688=AXIS2_PLACEMENT_3D('',#5446,#3107,#3108);
#2689=AXIS2_PLACEMENT_3D('',#5448,#3109,#3110);
#2690=AXIS2_PLACEMENT_3D('',#5465,#3111,#3112);
#2691=AXIS2_PLACEMENT_3D('',#5466,#3113,#3114);
#2692=AXIS2_PLACEMENT_3D('',#5467,#3115,#3116);
#2693=AXIS2_PLACEMENT_3D('',#5468,#3117,#3118);
#2694=AXIS2_PLACEMENT_3D('',#5470,#3119,#3120);
#2695=AXIS2_PLACEMENT_3D('',#5471,#3121,#3122);
#2696=AXIS2_PLACEMENT_3D('',#5472,#3123,#3124);
#2697=AXIS2_PLACEMENT_3D('',#5542,#3125,#3126);
#2698=AXIS2_PLACEMENT_3D('',#5567,#3127,#3128);
#2699=AXIS2_PLACEMENT_3D('',#5592,#3129,#3130);
#2700=AXIS2_PLACEMENT_3D('',#5608,#3131,#3132);
#2701=AXIS2_PLACEMENT_3D('',#5630,#3133,#3134);
#2702=AXIS2_PLACEMENT_3D('',#5631,#3135,#3136);
#2703=AXIS2_PLACEMENT_3D('',#5632,#3137,#3138);
#2704=AXIS2_PLACEMENT_3D('',#5654,#3139,#3140);
#2705=AXIS2_PLACEMENT_3D('',#5670,#3141,#3142);
#2706=AXIS2_PLACEMENT_3D('',#5695,#3143,#3144);
#2707=AXIS2_PLACEMENT_3D('',#5771,#3145,#3146);
#2708=AXIS2_PLACEMENT_3D('',#5835,#3147,#3148);
#2709=AXIS2_PLACEMENT_3D('',#5865,#3149,#3150);
#2710=AXIS2_PLACEMENT_3D('',#5895,#3151,#3152);
#2711=AXIS2_PLACEMENT_3D('',#5908,#3153,#3154);
#2712=AXIS2_PLACEMENT_3D('',#5921,#3155,#3156);
#2713=AXIS2_PLACEMENT_3D('',#5922,#3157,#3158);
#2714=AXIS2_PLACEMENT_3D('',#5923,#3159,#3160);
#2715=AXIS2_PLACEMENT_3D('',#5924,#3161,#3162);
#2716=AXIS2_PLACEMENT_3D('',#5925,#3163,#3164);
#2717=AXIS2_PLACEMENT_3D('',#5926,#3165,#3166);
#2718=AXIS2_PLACEMENT_3D('',#5939,#3167,#3168);
#2719=AXIS2_PLACEMENT_3D('',#5940,#3169,#3170);
#2720=AXIS2_PLACEMENT_3D('',#5941,#3171,#3172);
#2721=AXIS2_PLACEMENT_3D('',#5942,#3173,#3174);
#2722=AXIS2_PLACEMENT_3D('',#5943,#3175,#3176);
#2723=AXIS2_PLACEMENT_3D('',#5944,#3177,#3178);
#2724=AXIS2_PLACEMENT_3D('',#5945,#3179,#3180);
#2725=AXIS2_PLACEMENT_3D('',#5946,#3181,#3182);
#2726=AXIS2_PLACEMENT_3D('',#5959,#3183,#3184);
#2727=AXIS2_PLACEMENT_3D('',#5960,#3185,#3186);
#2728=AXIS2_PLACEMENT_3D('',#5962,#3187,#3188);
#2729=AXIS2_PLACEMENT_3D('',#5964,#3189,#3190);
#2730=AXIS2_PLACEMENT_3D('',#5965,#3191,#3192);
#2731=AXIS2_PLACEMENT_3D('',#5980,#3193,#3194);
#2732=AXIS2_PLACEMENT_3D('',#5981,#3195,#3196);
#2733=AXIS2_PLACEMENT_3D('',#6065,#3197,#3198);
#2734=AXIS2_PLACEMENT_3D('',#6066,#3199,#3200);
#2735=AXIS2_PLACEMENT_3D('',#6127,#3201,#3202);
#2736=AXIS2_PLACEMENT_3D('',#6128,#3203,#3204);
#2737=AXIS2_PLACEMENT_3D('',#6165,#3205,#3206);
#2738=AXIS2_PLACEMENT_3D('',#6166,#3207,#3208);
#2739=AXIS2_PLACEMENT_3D('',#6167,#3209,#3210);
#2740=AXIS2_PLACEMENT_3D('',#6173,#3211,#3212);
#2741=AXIS2_PLACEMENT_3D('',#6195,#3213,#3214);
#2742=AXIS2_PLACEMENT_3D('',#6196,#3215,#3216);
#2743=AXIS2_PLACEMENT_3D('',#6197,#3217,#3218);
#2744=AXIS2_PLACEMENT_3D('',#6203,#3219,#3220);
#2745=AXIS2_PLACEMENT_3D('',#6204,#3221,#3222);
#2746=AXIS2_PLACEMENT_3D('',#6205,#3223,#3224);
#2747=AXIS2_PLACEMENT_3D('',#6206,#3225,#3226);
#2748=AXIS2_PLACEMENT_3D('',#6207,#3227,#3228);
#2749=DIRECTION('',(0.,0.,1.));
#2750=DIRECTION('',(1.,0.,0.));
#2751=DIRECTION('',(0.,0.,-1.));
#2752=DIRECTION('',(-1.,0.,0.));
#2753=DIRECTION('',(0.,0.,1.));
#2754=DIRECTION('',(1.,0.,0.));
#2755=DIRECTION('',(0.,0.,1.));
#2756=DIRECTION('',(1.,0.,0.));
#2757=DIRECTION('',(0.,0.,-1.));
#2758=DIRECTION('',(-1.,0.,0.));
#2759=DIRECTION('',(0.,0.,1.));
#2760=DIRECTION('',(1.,0.,0.));
#2761=DIRECTION('',(0.,0.,1.));
#2762=DIRECTION('',(1.,0.,0.));
#2763=DIRECTION('',(0.,0.,1.));
#2764=DIRECTION('',(1.,0.,0.));
#2765=DIRECTION('',(0.,0.,1.));
#2766=DIRECTION('',(1.,0.,0.));
#2767=DIRECTION('',(0.,0.,1.));
#2768=DIRECTION('',(1.,0.,0.));
#2769=DIRECTION('',(0.,0.,-1.));
#2770=DIRECTION('',(1.,0.,0.));
#2771=DIRECTION('',(0.,0.,-1.));
#2772=DIRECTION('',(-1.,0.,0.));
#2773=DIRECTION('',(0.,0.,1.));
#2774=DIRECTION('',(1.,0.,0.));
#2775=DIRECTION('',(0.,0.,1.));
#2776=DIRECTION('',(1.,0.,0.));
#2777=DIRECTION('',(0.,0.,1.));
#2778=DIRECTION('',(1.,0.,0.));
#2779=DIRECTION('',(0.,0.,1.));
#2780=DIRECTION('',(1.,0.,0.));
#2781=DIRECTION('',(0.,0.,1.));
#2782=DIRECTION('',(1.,0.,0.));
#2783=DIRECTION('',(0.,0.,1.));
#2784=DIRECTION('',(1.,0.,0.));
#2785=DIRECTION('',(0.866025403784439,-0.5,0.));
#2786=DIRECTION('',(0.,0.,1.));
#2787=DIRECTION('',(1.,0.,0.));
#2788=DIRECTION('',(0.,1.,0.));
#2789=DIRECTION('',(0.,0.,1.));
#2790=DIRECTION('',(1.,0.,0.));
#2791=DIRECTION('',(0.,0.,1.));
#2792=DIRECTION('',(1.,0.,0.));
#2793=DIRECTION('',(1.14058192612859E-16,-1.,0.));
#2794=DIRECTION('',(0.,0.,1.));
#2795=DIRECTION('',(1.,0.,0.));
#2796=DIRECTION('',(0.866025403784439,0.5,0.));
#2797=DIRECTION('',(0.,0.,1.));
#2798=DIRECTION('',(1.,0.,0.));
#2799=DIRECTION('',(0.,0.,1.));
#2800=DIRECTION('',(1.,0.,0.));
#2801=DIRECTION('',(-0.866025403784439,-0.5,0.));
#2802=DIRECTION('',(0.,0.,1.));
#2803=DIRECTION('',(1.,0.,0.));
#2804=DIRECTION('',(0.866025403784439,-0.5,0.));
#2805=DIRECTION('',(0.,0.,1.));
#2806=DIRECTION('',(1.,0.,0.));
#2807=DIRECTION('',(0.,0.,1.));
#2808=DIRECTION('',(1.,0.,0.));
#2809=DIRECTION('',(-0.866025403784439,0.5,0.));
#2810=DIRECTION('',(0.,0.,1.));
#2811=DIRECTION('',(1.,0.,0.));
#2812=DIRECTION('',(-1.14444345604696E-16,-1.,0.));
#2813=DIRECTION('',(0.,0.,1.));
#2814=DIRECTION('',(1.,0.,0.));
#2815=DIRECTION('',(0.,0.,1.));
#2816=DIRECTION('',(1.,0.,0.));
#2817=DIRECTION('',(0.,1.,0.));
#2818=DIRECTION('',(0.,0.,1.));
#2819=DIRECTION('',(1.,0.,0.));
#2820=DIRECTION('',(-0.866025403784439,-0.5,0.));
#2821=DIRECTION('',(0.,0.,1.));
#2822=DIRECTION('',(1.,0.,0.));
#2823=DIRECTION('',(0.,0.,-1.));
#2824=DIRECTION('',(-1.,0.,0.));
#2825=DIRECTION('',(0.,0.,1.));
#2826=DIRECTION('',(1.,0.,0.));
#2827=DIRECTION('',(0.,0.,-1.));
#2828=DIRECTION('',(0.,0.,1.));
#2829=DIRECTION('',(1.,0.,0.));
#2830=DIRECTION('',(0.,0.,-1.));
#2831=DIRECTION('',(0.,0.,1.));
#2832=DIRECTION('',(1.,0.,0.));
#2833=DIRECTION('',(0.,0.,-1.));
#2834=DIRECTION('',(0.,0.,1.));
#2835=DIRECTION('',(1.,0.,0.));
#2836=DIRECTION('',(0.,0.,-1.));
#2837=DIRECTION('',(0.,0.,1.));
#2838=DIRECTION('',(1.,0.,0.));
#2839=DIRECTION('',(0.,0.,-1.));
#2840=DIRECTION('',(0.,0.,1.));
#2841=DIRECTION('',(1.,0.,0.));
#2842=DIRECTION('',(0.,0.,-1.));
#2843=DIRECTION('',(0.,0.,1.));
#2844=DIRECTION('',(1.,0.,0.));
#2845=DIRECTION('',(0.,0.,-1.));
#2846=DIRECTION('',(0.,0.,1.));
#2847=DIRECTION('',(1.,0.,0.));
#2848=DIRECTION('',(0.,0.,-1.));
#2849=DIRECTION('',(0.,0.,1.));
#2850=DIRECTION('',(1.,0.,0.));
#2851=DIRECTION('',(0.,0.,-1.));
#2852=DIRECTION('',(0.,0.,1.));
#2853=DIRECTION('',(1.,0.,0.));
#2854=DIRECTION('',(0.,0.,-1.));
#2855=DIRECTION('',(0.,0.,1.));
#2856=DIRECTION('',(1.,0.,0.));
#2857=DIRECTION('',(0.,0.,-1.));
#2858=DIRECTION('',(0.,0.,1.));
#2859=DIRECTION('',(1.,0.,0.));
#2860=DIRECTION('',(0.,0.,-1.));
#2861=DIRECTION('',(0.,0.,1.));
#2862=DIRECTION('',(1.,0.,0.));
#2863=DIRECTION('',(0.,0.,-1.));
#2864=DIRECTION('',(-1.,0.,0.));
#2865=DIRECTION('',(0.,0.,1.));
#2866=DIRECTION('',(1.,0.,0.));
#2867=DIRECTION('',(0.,0.,1.));
#2868=DIRECTION('',(1.,0.,0.));
#2869=DIRECTION('',(0.,0.,1.));
#2870=DIRECTION('',(1.,0.,0.));
#2871=DIRECTION('',(0.866025403784439,0.5,0.));
#2872=DIRECTION('',(0.,0.,1.));
#2873=DIRECTION('',(1.,0.,0.));
#2874=DIRECTION('',(-0.866025403784439,0.5,0.));
#2875=DIRECTION('',(0.,0.,1.));
#2876=DIRECTION('',(1.,0.,0.));
#2877=DIRECTION('',(1.,1.14058192612859E-16,0.));
#2878=DIRECTION('',(-1.14058192612859E-16,1.,0.));
#2879=DIRECTION('',(0.,0.,-1.));
#2880=DIRECTION('',(1.14058192612859E-16,-1.,0.));
#2881=DIRECTION('',(0.,0.,-1.));
#2882=DIRECTION('',(-1.,0.,0.));
#2883=DIRECTION('',(0.,0.,-1.));
#2884=DIRECTION('',(0.,0.,1.));
#2885=DIRECTION('',(1.,0.,0.));
#2886=DIRECTION('',(-0.5,0.866025403784439,0.));
#2887=DIRECTION('',(-0.866025403784439,-0.5,0.));
#2888=DIRECTION('',(0.866025403784439,0.5,0.));
#2889=DIRECTION('',(0.,0.,1.));
#2890=DIRECTION('',(1.,0.,0.));
#2891=DIRECTION('',(0.,0.,-1.));
#2892=DIRECTION('',(-1.,0.,0.));
#2893=DIRECTION('',(0.,0.,-1.));
#2894=DIRECTION('',(0.,0.,1.));
#2895=DIRECTION('',(1.,0.,0.));
#2896=DIRECTION('',(0.,0.,-1.));
#2897=DIRECTION('',(-1.,0.,0.));
#2898=DIRECTION('',(0.,0.,1.));
#2899=DIRECTION('',(0.,1.,0.));
#2900=DIRECTION('',(0.5,0.866025403784439,0.));
#2901=DIRECTION('',(-0.866025403784439,0.5,0.));
#2902=DIRECTION('',(0.866025403784439,-0.5,0.));
#2903=DIRECTION('',(0.,0.,1.));
#2904=DIRECTION('',(1.,0.,0.));
#2905=DIRECTION('',(0.,0.,-1.));
#2906=DIRECTION('',(-1.,0.,0.));
#2907=DIRECTION('',(0.,0.,-1.));
#2908=DIRECTION('',(0.,0.,1.));
#2909=DIRECTION('',(1.,0.,0.));
#2910=DIRECTION('',(0.,0.,-1.));
#2911=DIRECTION('',(-0.5,-0.866025403784439,0.));
#2912=DIRECTION('',(0.866025403784439,-0.5,0.));
#2913=DIRECTION('',(-0.866025403784439,0.5,0.));
#2914=DIRECTION('',(-0.5,0.866025403784439,0.));
#2915=DIRECTION('',(-0.866025403784439,-0.5,0.));
#2916=DIRECTION('',(0.866025403784439,0.5,0.));
#2917=DIRECTION('',(0.,0.,1.));
#2918=DIRECTION('',(1.,0.,0.));
#2919=DIRECTION('',(0.,0.,-1.));
#2920=DIRECTION('',(-1.,0.,0.));
#2921=DIRECTION('',(0.,0.,-1.));
#2922=DIRECTION('',(0.,0.,1.));
#2923=DIRECTION('',(1.,0.,0.));
#2924=DIRECTION('',(0.,0.,-1.));
#2925=DIRECTION('',(0.5,-0.866025403784439,0.));
#2926=DIRECTION('',(0.866025403784439,0.5,0.));
#2927=DIRECTION('',(-0.866025403784439,-0.5,0.));
#2928=DIRECTION('',(-1.,0.,0.));
#2929=DIRECTION('',(0.,0.,1.));
#2930=DIRECTION('',(0.,1.,0.));
#2931=DIRECTION('',(0.,0.,1.));
#2932=DIRECTION('',(1.,0.,0.));
#2933=DIRECTION('',(0.,0.,-1.));
#2934=DIRECTION('',(-1.,0.,0.));
#2935=DIRECTION('',(0.,0.,-1.));
#2936=DIRECTION('',(0.,0.,1.));
#2937=DIRECTION('',(1.,0.,0.));
#2938=DIRECTION('',(0.,0.,-1.));
#2939=DIRECTION('',(1.,-1.14444345604696E-16,0.));
#2940=DIRECTION('',(1.14444345604696E-16,1.,0.));
#2941=DIRECTION('',(-1.14444345604696E-16,-1.,0.));
#2942=DIRECTION('',(-0.5,-0.866025403784439,0.));
#2943=DIRECTION('',(0.866025403784439,-0.5,0.));
#2944=DIRECTION('',(-0.866025403784439,0.5,0.));
#2945=DIRECTION('',(0.,0.,1.));
#2946=DIRECTION('',(1.,0.,0.));
#2947=DIRECTION('',(0.,0.,-1.));
#2948=DIRECTION('',(-1.,0.,0.));
#2949=DIRECTION('',(0.,0.,-1.));
#2950=DIRECTION('',(0.,0.,1.));
#2951=DIRECTION('',(1.,0.,0.));
#2952=DIRECTION('',(0.,0.,-1.));
#2953=DIRECTION('',(0.5,0.866025403784438,0.));
#2954=DIRECTION('',(-0.866025403784438,0.5,0.));
#2955=DIRECTION('',(0.866025403784439,-0.5,0.));
#2956=DIRECTION('',(0.5,-0.866025403784439,0.));
#2957=DIRECTION('',(0.866025403784439,0.5,0.));
#2958=DIRECTION('',(-0.866025403784439,-0.5,0.));
#2959=DIRECTION('',(0.,0.,1.));
#2960=DIRECTION('',(1.,0.,0.));
#2961=DIRECTION('',(0.,0.,1.));
#2962=DIRECTION('',(1.,0.,0.));
#2963=DIRECTION('',(0.,0.,1.));
#2964=DIRECTION('',(1.,0.,0.));
#2965=DIRECTION('',(0.,0.,-1.));
#2966=DIRECTION('',(1.,0.,0.));
#2967=DIRECTION('',(0.,0.,-1.));
#2968=DIRECTION('',(1.,0.,0.));
#2969=DIRECTION('',(0.,0.,1.));
#2970=DIRECTION('',(1.,0.,0.));
#2971=DIRECTION('',(0.,0.,1.));
#2972=DIRECTION('',(1.,0.,0.));
#2973=DIRECTION('',(0.,0.,1.));
#2974=DIRECTION('',(-1.,0.,0.));
#2975=DIRECTION('',(0.,0.,1.));
#2976=DIRECTION('',(-1.,0.,0.));
#2977=DIRECTION('',(0.,0.,1.));
#2978=DIRECTION('',(0.,-1.,0.));
#2979=DIRECTION('',(-1.,0.,0.));
#2980=DIRECTION('',(0.,0.,1.));
#2981=DIRECTION('',(0.,-1.,0.));
#2982=DIRECTION('',(-1.,0.,0.));
#2983=DIRECTION('',(0.,0.,1.));
#2984=DIRECTION('',(0.,0.,1.));
#2985=DIRECTION('',(1.,0.,0.));
#2986=DIRECTION('',(7.80527998189789E-17,-1.,0.));
#2987=DIRECTION('',(7.80527998189789E-17,-1.,0.));
#2988=DIRECTION('',(7.80527998189789E-17,-1.,0.));
#2989=DIRECTION('',(1.,7.80527998189789E-17,0.));
#2990=DIRECTION('',(7.80527998189789E-17,-1.,0.));
#2991=DIRECTION('',(1.,7.80527998189789E-17,0.));
#2992=DIRECTION('',(7.80527998189789E-17,-1.,0.));
#2993=DIRECTION('',(1.,7.80527998189789E-17,0.));
#2994=DIRECTION('',(7.80527998189789E-17,-1.,0.));
#2995=DIRECTION('',(1.,7.80527998189789E-17,0.));
#2996=DIRECTION('',(7.80527998189789E-17,-1.,0.));
#2997=DIRECTION('',(1.,7.80527998189789E-17,0.));
#2998=DIRECTION('',(0.,0.,1.));
#2999=DIRECTION('',(1.,7.80527998189789E-17,0.));
#3000=DIRECTION('',(0.,0.,-1.));
#3001=DIRECTION('',(0.,0.,1.));
#3002=DIRECTION('',(0.,0.,1.));
#3003=DIRECTION('',(0.,-1.,0.));
#3004=DIRECTION('',(0.,0.,-1.));
#3005=DIRECTION('',(0.,0.,1.));
#3006=DIRECTION('',(0.999777625697918,-5.71060194893194E-36,-0.0210878911661171));
#3007=DIRECTION('',(-5.97930344362804E-16,-1.,-2.60275547416352E-15));
#3008=DIRECTION('',(0.987657257898537,-6.00141101705258E-16,-0.156630587435348));
#3009=DIRECTION('',(0.,0.,1.));
#3010=DIRECTION('',(0.,0.,1.));
#3011=DIRECTION('',(0.,-1.,0.));
#3012=DIRECTION('',(0.,0.,-1.));
#3013=DIRECTION('',(0.,0.,1.));
#3014=DIRECTION('',(1.99310114787601E-16,-1.,8.67585158054508E-16));
#3015=DIRECTION('',(0.987657257898537,1.87259224065002E-16,-0.156630587435348));
#3016=DIRECTION('',(0.999777625697918,-5.71060194893194E-36,-0.0210878911661171));
#3017=DIRECTION('',(0.,0.,1.));
#3018=DIRECTION('',(0.,0.,1.));
#3019=DIRECTION('',(2.34158399456937E-16,-1.,0.));
#3020=DIRECTION('',(1.,2.34158399456937E-16,0.));
#3021=DIRECTION('',(2.34158399456937E-16,-1.,0.));
#3022=DIRECTION('',(1.,2.34158399456937E-16,0.));
#3023=DIRECTION('',(2.34158399456937E-16,-1.,0.));
#3024=DIRECTION('',(1.,2.34158399456937E-16,0.));
#3025=DIRECTION('',(2.34158399456937E-16,-1.,0.));
#3026=DIRECTION('',(1.,2.34158399456937E-16,0.));
#3027=DIRECTION('',(0.,0.,1.));
#3028=DIRECTION('',(1.,2.34158399456937E-16,0.));
#3029=DIRECTION('',(2.34158399456937E-16,-1.,0.));
#3030=DIRECTION('',(1.,2.34158399456937E-16,0.));
#3031=DIRECTION('',(7.80527998189789E-17,-1.,0.));
#3032=DIRECTION('',(7.80527998189789E-17,-1.,0.));
#3033=DIRECTION('',(7.80527998189789E-17,-1.,0.));
#3034=DIRECTION('',(7.80527998189789E-17,-1.,0.));
#3035=DIRECTION('',(7.80527998189789E-17,-1.,0.));
#3036=DIRECTION('',(7.80527998189789E-17,-1.,0.));
#3037=DIRECTION('',(7.80527998189789E-17,-1.,0.));
#3038=DIRECTION('',(7.80527998189789E-17,-1.,0.));
#3039=DIRECTION('',(7.80527998189789E-17,-1.,0.));
#3040=DIRECTION('',(7.80527998189789E-17,-1.,0.));
#3041=DIRECTION('',(-0.0210878911661171,-1.64596894779335E-18,-0.999777625697918));
#3042=DIRECTION('',(-0.999777625697918,0.,0.0210878911661171));
#3043=DIRECTION('',(7.80527998189789E-17,-1.,0.));
#3044=DIRECTION('',(7.80527998189789E-17,-1.,0.));
#3045=DIRECTION('',(0.,0.,-1.));
#3046=DIRECTION('',(-1.,0.,0.));
#3047=DIRECTION('',(1.,2.34158399456937E-16,0.));
#3048=DIRECTION('',(0.,-1.,0.));
#3049=DIRECTION('',(1.,7.80527998189789E-17,0.));
#3050=DIRECTION('',(7.80527998189789E-17,-1.,0.));
#3051=DIRECTION('',(7.80527998189789E-17,-1.,0.));
#3052=DIRECTION('',(1.,7.80527998189789E-17,0.));
#3053=DIRECTION('',(7.80527998189789E-17,-1.,0.));
#3054=DIRECTION('',(1.,7.80527998189789E-17,0.));
#3055=DIRECTION('',(7.80527998189789E-17,-1.,0.));
#3056=DIRECTION('',(1.,7.80527998189789E-17,0.));
#3057=DIRECTION('',(7.80527998189789E-17,-1.,0.));
#3058=DIRECTION('',(1.,7.80527998189789E-17,0.));
#3059=DIRECTION('',(7.80527998189789E-17,-1.,0.));
#3060=DIRECTION('',(1.,7.80527998189789E-17,0.));
#3061=DIRECTION('',(7.80527998189789E-17,-1.,0.));
#3062=DIRECTION('',(1.,7.80527998189789E-17,0.));
#3063=DIRECTION('',(7.80527998189789E-17,-1.,0.));
#3064=DIRECTION('',(1.,7.80527998189789E-17,0.));
#3065=DIRECTION('',(7.80527998189789E-17,-1.,0.));
#3066=DIRECTION('',(1.,7.80527998189789E-17,0.));
#3067=DIRECTION('',(1.,2.34158399456937E-16,0.));
#3068=DIRECTION('',(-2.34158399456937E-16,1.,0.));
#3069=DIRECTION('',(1.,0.,3.77189496439155E-15));
#3070=DIRECTION('',(3.77189496439155E-15,0.,-1.));
#3071=DIRECTION('',(1.,0.,-1.88594748219578E-15));
#3072=DIRECTION('',(-1.88594748219578E-15,0.,-1.));
#3073=DIRECTION('',(-1.,-7.80527998189789E-17,0.));
#3074=DIRECTION('',(7.80527998189789E-17,-1.,0.));
#3075=DIRECTION('',(1.,0.,0.));
#3076=DIRECTION('',(0.,0.,-1.));
#3077=DIRECTION('',(1.,0.,0.));
#3078=DIRECTION('',(0.,0.,-1.));
#3079=DIRECTION('',(7.80527998189789E-17,-1.,0.));
#3080=DIRECTION('',(1.,7.80527998189789E-17,0.));
#3081=DIRECTION('',(-0.97602151211161,0.,0.217674086412153));
#3082=DIRECTION('',(0.217674086412153,0.,0.97602151211161));
#3083=DIRECTION('',(-0.976021512111611,-1.7899502005118E-15,0.217674086412149));
#3084=DIRECTION('',(0.217674086412149,0.,0.976021512111611));
#3085=DIRECTION('',(7.80527998189789E-17,-1.,0.));
#3086=DIRECTION('',(1.,7.80527998189789E-17,0.));
#3087=DIRECTION('',(7.80527998189789E-17,-1.,0.));
#3088=DIRECTION('',(1.,7.80527998189789E-17,0.));
#3089=DIRECTION('',(7.80527998189789E-17,-1.,0.));
#3090=DIRECTION('',(1.,7.80527998189789E-17,0.));
#3091=DIRECTION('',(2.34158399456937E-16,-1.,0.));
#3092=DIRECTION('',(1.,2.34158399456937E-16,0.));
#3093=DIRECTION('',(-1.,0.,0.));
#3094=DIRECTION('',(0.,0.,1.));
#3095=DIRECTION('',(-1.,0.,0.));
#3096=DIRECTION('',(0.,0.,1.));
#3097=DIRECTION('',(-1.,0.,0.));
#3098=DIRECTION('',(0.,-1.,0.));
#3099=DIRECTION('',(0.,0.,-1.));
#3100=DIRECTION('',(-1.,0.,0.));
#3101=DIRECTION('',(0.,0.,-1.));
#3102=DIRECTION('',(-1.,0.,0.));
#3103=DIRECTION('',(0.,-0.459363989189867,-0.888248121549138));
#3104=DIRECTION('',(0.,0.888248121549138,-0.459363989189867));
#3105=DIRECTION('',(0.,1.,-2.05011041985118E-15));
#3106=DIRECTION('',(0.,2.05011041985118E-15,1.));
#3107=DIRECTION('',(0.00554062941074564,-0.707095927507996,0.707095927528465));
#3108=DIRECTION('',(0.,-0.707106781196782,-0.707106781176313));
#3109=DIRECTION('',(0.,-0.888248121549138,-0.459363989189867));
#3110=DIRECTION('',(0.,0.459363989189867,-0.888248121549138));
#3111=DIRECTION('',(7.80527998189789E-17,-1.,0.));
#3112=DIRECTION('',(1.,7.80527998189789E-17,0.));
#3113=DIRECTION('',(0.,1.,-6.61325941887475E-17));
#3114=DIRECTION('',(0.,6.61325941887475E-17,1.));
#3115=DIRECTION('',(0.,0.,-1.));
#3116=DIRECTION('',(-1.,0.,0.));
#3117=DIRECTION('',(0.,-0.459363989189867,0.888248121549138));
#3118=DIRECTION('',(0.,-0.888248121549138,-0.459363989189867));
#3119=DIRECTION('',(1.36596592939504E-15,0.,-1.));
#3120=DIRECTION('',(-1.,0.,-1.36596592939504E-15));
#3121=DIRECTION('',(0.,1.,0.));
#3122=DIRECTION('',(0.,0.,1.));
#3123=DIRECTION('',(0.,-0.888248121549138,0.459363989189867));
#3124=DIRECTION('',(0.,-0.459363989189867,-0.888248121549138));
#3125=DIRECTION('',(0.00554062941079748,0.707095927506826,0.707095927529634));
#3126=DIRECTION('',(0.,-0.707106781197952,0.707106781175143));
#3127=DIRECTION('',(0.740576714983163,-0.671971821749058,-1.91818885461642E-13));
#3128=DIRECTION('',(0.671971821749058,0.740576714983163,0.));
#3129=DIRECTION('',(0.996104977893518,0.0881752403782088,1.13063719100062E-14));
#3130=DIRECTION('',(-0.0881752403782088,0.996104977893518,0.));
#3131=DIRECTION('',(0.925141121923435,0.379623371944152,-5.67179018626807E-13));
#3132=DIRECTION('',(-0.379623371944152,0.925141121923435,0.));
#3133=DIRECTION('',(1.71947023305552E-12,1.,1.70740499604017E-16));
#3134=DIRECTION('',(-1.,1.71947023305552E-12,0.));
#3135=DIRECTION('',(7.80527998189789E-17,-1.,0.));
#3136=DIRECTION('',(1.,7.80527998189789E-17,0.));
#3137=DIRECTION('',(1.54132903557605E-15,1.,-1.36592399683213E-15));
#3138=DIRECTION('',(-1.,1.54132903557605E-15,0.));
#3139=DIRECTION('',(-0.925141121923204,0.379623371944714,-5.57322650906204E-15));
#3140=DIRECTION('',(-0.379623371944714,-0.925141121923204,0.));
#3141=DIRECTION('',(-0.996104977893518,0.0881752403781979,-5.44241477067479E-15));
#3142=DIRECTION('',(-0.088175240378198,-0.996104977893519,0.));
#3143=DIRECTION('',(-0.740576714979631,-0.671971821752951,-8.21621708232934E-13));
#3144=DIRECTION('',(0.671971821752951,-0.740576714979631,0.));
#3145=DIRECTION('',(-0.891645236579097,0.417083229038911,-0.176097564265613));
#3146=DIRECTION('',(-0.423704580013331,-0.905800435457903,0.));
#3147=DIRECTION('',(-0.891645236579097,-0.41708322903891,-0.176097564265614));
#3148=DIRECTION('',(0.423704580013331,-0.905800435457903,0.));
#3149=DIRECTION('',(-0.895622683609829,0.,-0.44481457777767));
#3150=DIRECTION('',(-0.44481457777767,0.,0.89562268360983));
#3151=DIRECTION('',(-0.895622683609839,1.24555121595102E-14,-0.444814577777651));
#3152=DIRECTION('',(-0.444814577777651,0.,0.895622683609839));
#3153=DIRECTION('',(-0.795119655856056,-1.86183945992004E-16,-0.606452580892643));
#3154=DIRECTION('',(-0.606452580892643,0.,0.795119655856056));
#3155=DIRECTION('',(-0.795119655856055,-6.20613153306681E-17,-0.606452580892644));
#3156=DIRECTION('',(-0.606452580892644,0.,0.795119655856055));
#3157=DIRECTION('',(7.80527998189789E-17,-1.,0.));
#3158=DIRECTION('',(1.,7.80527998189789E-17,0.));
#3159=DIRECTION('',(7.80527998189789E-17,-1.,0.));
#3160=DIRECTION('',(1.,7.80527998189789E-17,0.));
#3161=DIRECTION('',(7.80527998189789E-17,-1.,0.));
#3162=DIRECTION('',(1.,7.80527998189789E-17,0.));
#3163=DIRECTION('',(7.80527998189789E-17,-1.,0.));
#3164=DIRECTION('',(1.,7.80527998189789E-17,0.));
#3165=DIRECTION('',(0.999590375276873,0.,-0.0286196026149795));
#3166=DIRECTION('',(-0.0286196026149795,0.,-0.999590375276873));
#3167=DIRECTION('',(0.996794278003725,-2.01541848868074E-12,0.0800072955363022));
#3168=DIRECTION('',(0.0800072955363022,0.,-0.996794278003725));
#3169=DIRECTION('',(0.996794278003725,-2.01541848868074E-12,0.0800072955363022));
#3170=DIRECTION('',(0.0800072955363022,0.,-0.996794278003725));
#3171=DIRECTION('',(0.,0.,1.));
#3172=DIRECTION('',(1.,0.,0.));
#3173=DIRECTION('',(2.34158399456937E-16,-1.,0.));
#3174=DIRECTION('',(1.,2.34158399456937E-16,0.));
#3175=DIRECTION('',(0.999590375276873,0.,-0.0286196026149778));
#3176=DIRECTION('',(-0.0286196026149778,0.,-0.999590375276874));
#3177=DIRECTION('',(0.,0.,1.));
#3178=DIRECTION('',(1.,0.,0.));
#3179=DIRECTION('',(-0.996794278003725,8.5378035073967E-17,-0.0800072955363039));
#3180=DIRECTION('',(-0.0800072955363039,0.,0.996794278003725));
#3181=DIRECTION('',(-0.996794278003725,8.5378035073967E-17,-0.0800072955363039));
#3182=DIRECTION('',(-0.0800072955363039,0.,0.996794278003725));
#3183=DIRECTION('',(7.80527998189789E-17,-1.,0.));
#3184=DIRECTION('',(1.,7.80527998189789E-17,0.));
#3185=DIRECTION('',(7.80527998189789E-17,-1.,0.));
#3186=DIRECTION('',(1.,7.80527998189789E-17,0.));
#3187=DIRECTION('',(2.34158399456937E-16,-1.,0.));
#3188=DIRECTION('',(1.,2.34158399456937E-16,0.));
#3189=DIRECTION('',(7.80527998189789E-17,-1.,0.));
#3190=DIRECTION('',(1.,7.80527998189789E-17,0.));
#3191=DIRECTION('',(7.80527998189789E-17,-1.,0.));
#3192=DIRECTION('',(1.,7.80527998189789E-17,0.));
#3193=DIRECTION('',(2.34158399456937E-16,-1.,0.));
#3194=DIRECTION('',(1.,2.34158399456937E-16,0.));
#3195=DIRECTION('',(7.80527998189789E-17,-1.,0.));
#3196=DIRECTION('',(1.,7.80527998189789E-17,0.));
#3197=DIRECTION('',(-0.850291442824736,-0.222144134348482,-0.477133572318687));
#3198=DIRECTION('',(-0.489360821254929,0.,0.872081410546459));
#3199=DIRECTION('',(0.983541480520619,0.167815919043444,-0.0669624776342238));
#3200=DIRECTION('',(-0.168193430140652,0.985754010926419,0.));
#3201=DIRECTION('',(-0.850291442824737,0.222144134348481,-0.477133572318687));
#3202=DIRECTION('',(-0.489360821254929,0.,0.872081410546459));
#3203=DIRECTION('',(0.983541480520448,-0.16781591904289,-0.0669624776381238));
#3204=DIRECTION('',(0.168193430140141,0.985754010926506,0.));
#3205=DIRECTION('',(0.365649950691278,-6.35668549752632E-16,0.930752444831312));
#3206=DIRECTION('',(0.930752444831313,0.,-0.365649950691278));
#3207=DIRECTION('',(0.94585042974595,-5.38953056068961E-15,-0.324602779639057));
#3208=DIRECTION('',(-0.324602779639057,0.,-0.94585042974595));
#3209=DIRECTION('',(7.80527998189789E-17,-1.,0.));
#3210=DIRECTION('',(1.,7.80527998189789E-17,0.));
#3211=DIRECTION('',(7.80527998189789E-17,-1.,0.));
#3212=DIRECTION('',(1.,7.80527998189789E-17,0.));
#3213=DIRECTION('',(0.945850429745948,2.7711420384213E-16,-0.324602779639062));
#3214=DIRECTION('',(-0.324602779639063,0.,-0.945850429745948));
#3215=DIRECTION('',(0.365649950691285,-6.35668549752632E-16,0.93075244483131));
#3216=DIRECTION('',(0.93075244483131,0.,-0.365649950691285));
#3217=DIRECTION('',(2.34158399456937E-16,-1.,0.));
#3218=DIRECTION('',(1.,2.34158399456937E-16,0.));
#3219=DIRECTION('',(2.34158399456937E-16,-1.,0.));
#3220=DIRECTION('',(1.,2.34158399456937E-16,0.));
#3221=DIRECTION('',(0.,-1.,0.));
#3222=DIRECTION('',(1.,0.,0.));
#3223=DIRECTION('',(0.,0.,-1.));
#3224=DIRECTION('',(1.,0.,0.));
#3225=DIRECTION('',(0.,0.,1.));
#3226=DIRECTION('',(1.,0.,0.));
#3227=DIRECTION('',(0.,0.,1.));
#3228=DIRECTION('',(1.,0.,0.));
#3229=CARTESIAN_POINT('',(0.,0.,0.));
#3230=CARTESIAN_POINT('',(0.,9.72063396823212E-20,0.02032));
#3231=CARTESIAN_POINT('',(0.,9.72063396823212E-20,0.02032));
#3232=CARTESIAN_POINT('',(0.0015875,9.72063396823212E-20,0.02032));
#3233=CARTESIAN_POINT('',(0.,9.72063396823212E-20,0.));
#3234=CARTESIAN_POINT('',(0.0015875,9.72063396823212E-20,0.));
#3235=CARTESIAN_POINT('',(-4.11996825544492E-18,4.11996825544492E-18,0.02032));
#3236=CARTESIAN_POINT('',(-4.11996825544492E-18,4.11996825544492E-18,0.02032));
#3237=CARTESIAN_POINT('',(0.00285189206052739,4.11996825544492E-18,0.02032));
#3238=CARTESIAN_POINT('',(-4.11996825544492E-18,4.11996825544492E-18,0.));
#3239=CARTESIAN_POINT('',(0.00285189206052739,4.11996825544492E-18,0.));
#3240=CARTESIAN_POINT('',(-0.0197705413460731,0.,0.02032));
#3241=CARTESIAN_POINT('',(-0.0197705413460731,0.,0.));
#3242=CARTESIAN_POINT('',(0.00339933648739553,0.037404826276064,-0.0381));
#3243=CARTESIAN_POINT('',(0.00339933648739553,0.037404826276064,0.0381));
#3244=CARTESIAN_POINT('',(-0.0557283572852612,0.0352946259081364,0.0762));
#3245=CARTESIAN_POINT('',(-0.0557283572852612,0.0352946259081364,0.0762));
#3246=CARTESIAN_POINT('',(-0.0541408572852612,0.0352946259081364,0.0762));
#3247=CARTESIAN_POINT('',(-0.0557283572852612,0.0352946259081364,0.));
#3248=CARTESIAN_POINT('',(-0.0541408572852612,0.0352946259081364,0.));
#3249=CARTESIAN_POINT('',(-0.0557283572852612,0.0352946259081364,0.0762));
#3250=CARTESIAN_POINT('',(-0.0557283572852612,0.0352946259081364,0.));
#3251=CARTESIAN_POINT('',(0.0591276937726567,0.00211020036792769,-0.0381));
#3252=CARTESIAN_POINT('',(-0.0197705413460731,0.,0.));
#3253=CARTESIAN_POINT('',(-0.009644777182457,0.00696358686003085,0.));
#3254=CARTESIAN_POINT('',(-0.013655612063848,0.00927924345847708,0.));
#3255=CARTESIAN_POINT('',(-0.00470547416861178,0.00411187893537818,0.));
#3256=CARTESIAN_POINT('',(0.,1.16647607618785E-18,0.));
#3257=CARTESIAN_POINT('',(-0.000853870759702792,0.0164879048009662,0.));
#3258=CARTESIAN_POINT('',(-0.000853870759702792,0.0118744818293058,0.));
#3259=CARTESIAN_POINT('',(-0.000853870759702791,0.00619031019064507,0.));
#3260=CARTESIAN_POINT('',(3.41523684332934E-18,-2.16840434497101E-18,0.));
#3261=CARTESIAN_POINT('',(-0.0197705413460731,0.,0.));
#3262=CARTESIAN_POINT('',(0.00120825453101773,0.0118344154838637,0.));
#3263=CARTESIAN_POINT('',(0.00120825453101773,0.0164657286807561,0.));
#3264=CARTESIAN_POINT('',(0.00120825453101773,0.00613099963455836,0.));
#3265=CARTESIAN_POINT('',(0.,1.16647607618785E-18,0.));
#3266=CARTESIAN_POINT('',(0.0138520090329647,0.00898342616993444,0.));
#3267=CARTESIAN_POINT('',(0.00985666754110415,0.00667671468410425,0.));
#3268=CARTESIAN_POINT('',(0.00493403050255292,0.00383462886477387,0.));
#3269=CARTESIAN_POINT('',(-3.57786716920216E-18,-1.95156391047391E-18,0.));
#3270=CARTESIAN_POINT('',(-0.0197705413460731,0.,0.));
#3271=CARTESIAN_POINT('',(0.0108530317134747,0.00487082862383284,0.));
#3272=CARTESIAN_POINT('',(0.0148638665948657,0.00718648522227907,0.));
#3273=CARTESIAN_POINT('',(0.00591372869962951,0.00201912069918017,0.));
#3274=CARTESIAN_POINT('',(0.,1.16647607618785E-18,0.));
#3275=CARTESIAN_POINT('',(0.0147058797926675,-0.00750447863103178,0.));
#3276=CARTESIAN_POINT('',(0.0107105383008069,-0.00519776714520158,0.));
#3277=CARTESIAN_POINT('',(0.00578790126225571,-0.0023556813258712,0.));
#3278=CARTESIAN_POINT('',(-5.20417042793042E-18,-1.95156391047391E-18,0.));
#3279=CARTESIAN_POINT('',(-0.0197705413460731,0.,0.));
#3280=CARTESIAN_POINT('',(0.009644777182457,-0.00696358686003086,0.));
#3281=CARTESIAN_POINT('',(0.013655612063848,-0.00927924345847708,0.));
#3282=CARTESIAN_POINT('',(0.00470547416861178,-0.00411187893537819,0.));
#3283=CARTESIAN_POINT('',(0.,1.16647607618785E-18,0.));
#3284=CARTESIAN_POINT('',(0.00085387075970279,-0.0164879048009662,0.));
#3285=CARTESIAN_POINT('',(0.000853870759702791,-0.0118744818293058,0.));
#3286=CARTESIAN_POINT('',(0.000853870759702789,-0.00619031019064507,0.));
#3287=CARTESIAN_POINT('',(-6.1257422745431E-18,5.20417042793042E-18,0.));
#3288=CARTESIAN_POINT('',(-0.0197705413460731,0.,0.));
#3289=CARTESIAN_POINT('',(-0.00120825453101773,-0.0118344154838637,0.));
#3290=CARTESIAN_POINT('',(-0.00120825453101773,-0.0164657286807561,0.));
#3291=CARTESIAN_POINT('',(-0.00120825453101773,-0.00613099963455836,0.));
#3292=CARTESIAN_POINT('',(0.,1.16647607618785E-18,0.));
#3293=CARTESIAN_POINT('',(-0.0138520090329647,-0.00898342616993444,0.));
#3294=CARTESIAN_POINT('',(-0.00985666754110415,-0.00667671468410424,0.));
#3295=CARTESIAN_POINT('',(-0.00493403050255292,-0.00383462886477387,0.));
#3296=CARTESIAN_POINT('',(6.17995238316738E-18,9.10729824887824E-18,0.));
#3297=CARTESIAN_POINT('',(8.22258927613007E-16,-5.14345510627123E-16,0.01524));
#3298=CARTESIAN_POINT('',(0.,1.16647607618785E-18,0.0150039048164568));
#3299=CARTESIAN_POINT('',(0.0175794029159803,1.16647607618785E-18,0.0150039048164568));
#3300=CARTESIAN_POINT('',(-0.000853870759702792,0.0175586534679666,0.00254));
#3301=CARTESIAN_POINT('',(-0.000853870759702792,0.017558653467965,0.00254));
#3302=CARTESIAN_POINT('',(-0.000853870759702792,0.0175586534679666,0.000236095183543641));
#3303=CARTESIAN_POINT('',(0.,1.16647607618785E-18,0.000236095183543641));
#3304=CARTESIAN_POINT('',(0.00120825453101773,0.017537831333169,0.000236095183543641));
#3305=CARTESIAN_POINT('',(0.00120825453101773,0.017537831333169,0.00254));
#3306=CARTESIAN_POINT('',(0.00120825453101773,0.017537831333169,0.00254));
#3307=CARTESIAN_POINT('',(1.88651178012478E-17,1.47451495458029E-17,0.00254));
#3308=CARTESIAN_POINT('',(0.0147793045796549,0.00951880050343433,0.00254));
#3309=CARTESIAN_POINT('',(0.0147793045796554,0.00951880050343463,0.00254));
#3310=CARTESIAN_POINT('',(0.0147793045796554,0.00951880050343463,0.000236095183543641));
#3311=CARTESIAN_POINT('',(0.,1.16647607618785E-18,0.000236095183543641));
#3312=CARTESIAN_POINT('',(0.0157923347273199,0.0077225365484855,0.00023609518354364));
#3313=CARTESIAN_POINT('',(0.0157923347273199,0.0077225365484855,0.00254));
#3314=CARTESIAN_POINT('',(0.0157923347273199,0.0077225365484855,0.00254));
#3315=CARTESIAN_POINT('',(3.46944695195361E-18,6.93889390390723E-18,0.00254));
#3316=CARTESIAN_POINT('',(0.0156331753393582,-0.00803985296453196,0.00254));
#3317=CARTESIAN_POINT('',(0.0156331753393582,-0.00803985296453196,0.00254));
#3318=CARTESIAN_POINT('',(0.0156331753393582,-0.00803985296453196,0.000236095183543643));
#3319=CARTESIAN_POINT('',(0.,1.16647607618785E-18,0.000236095183543643));
#3320=CARTESIAN_POINT('',(0.0145840801963022,-0.00981529478468352,0.000236095183543643));
#3321=CARTESIAN_POINT('',(0.0145840801963022,-0.00981529478468352,0.00254));
#3322=CARTESIAN_POINT('',(0.0145840801963022,-0.00981529478468352,0.00254));
#3323=CARTESIAN_POINT('',(-9.75781955236954E-19,-6.93889390390723E-18,0.00254));
#3324=CARTESIAN_POINT('',(0.00085387075970279,-0.0175586534679661,0.00254));
#3325=CARTESIAN_POINT('',(0.000853870759702786,-0.0175586534679666,0.00254));
#3326=CARTESIAN_POINT('',(0.000853870759702786,-0.0175586534679666,0.000236095183543641));
#3327=CARTESIAN_POINT('',(0.,1.16647607618785E-18,0.000236095183543641));
#3328=CARTESIAN_POINT('',(-0.00120825453101772,-0.017537831333169,0.000236095183543641));
#3329=CARTESIAN_POINT('',(-0.00120825453101772,-0.017537831333169,0.00254));
#3330=CARTESIAN_POINT('',(-0.00120825453101772,-0.017537831333169,0.00254));
#3331=CARTESIAN_POINT('',(-1.25767452008318E-17,-1.56125112837912E-17,0.00254));
#3332=CARTESIAN_POINT('',(-0.0147793045796542,-0.00951880050343393,0.00254));
#3333=CARTESIAN_POINT('',(-0.0147793045796554,-0.00951880050343461,0.00254));
#3334=CARTESIAN_POINT('',(-0.0147793045796554,-0.00951880050343461,0.000236095183543641));
#3335=CARTESIAN_POINT('',(0.,1.16647607618785E-18,0.000236095183543641));
#3336=CARTESIAN_POINT('',(-0.0157923347273199,-0.0077225365484855,0.000236095183543641));
#3337=CARTESIAN_POINT('',(-0.0157923347273199,-0.0077225365484855,0.00254));
#3338=CARTESIAN_POINT('',(-0.0157923347273199,-0.0077225365484855,0.00254));
#3339=CARTESIAN_POINT('',(1.04083408558608E-17,-1.04083408558608E-17,0.00254));
#3340=CARTESIAN_POINT('',(-0.0156331753393565,0.00803985296453098,0.00254));
#3341=CARTESIAN_POINT('',(-0.0156331753393582,0.00803985296453195,0.00254));
#3342=CARTESIAN_POINT('',(-0.0156331753393582,0.00803985296453195,0.000236095183543641));
#3343=CARTESIAN_POINT('',(0.,1.16647607618785E-18,0.000236095183543641));
#3344=CARTESIAN_POINT('',(-0.0145840801963022,0.00981529478468351,0.00023609518354364));
#3345=CARTESIAN_POINT('',(-0.0145840801963022,0.00981529478468351,0.00254));
#3346=CARTESIAN_POINT('',(-0.0145840801963022,0.00981529478468351,0.00254));
#3347=CARTESIAN_POINT('',(-7.48099499014998E-18,1.90819582357449E-17,0.00254));
#3348=CARTESIAN_POINT('',(0.,1.16647607618785E-18,0.01524));
#3349=CARTESIAN_POINT('',(0.,1.16647607618785E-18,0.0127));
#3350=CARTESIAN_POINT('',(0.01905,1.16647607618785E-18,0.0127));
#3351=CARTESIAN_POINT('',(0.,1.16647607618785E-18,0.00254));
#3352=CARTESIAN_POINT('',(0.01905,1.16647607618785E-18,0.00254));
#3353=CARTESIAN_POINT('',(-0.0197705413460731,0.,0.));
#3354=CARTESIAN_POINT('',(-0.0108530317134747,-0.00487082862383284,0.));
#3355=CARTESIAN_POINT('',(-0.0148638665948657,-0.00718648522227906,0.));
#3356=CARTESIAN_POINT('',(-0.00591372869962951,-0.00201912069918017,0.));
#3357=CARTESIAN_POINT('',(0.,1.16647607618785E-18,0.));
#3358=CARTESIAN_POINT('',(-0.0147058797926675,0.00750447863103177,0.));
#3359=CARTESIAN_POINT('',(-0.0107105383008069,0.00519776714520157,0.));
#3360=CARTESIAN_POINT('',(-0.00578790126225571,0.0023556813258712,0.));
#3361=CARTESIAN_POINT('',(7.37257477290143E-18,1.51788304147971E-18,0.));
#3362=CARTESIAN_POINT('',(0.00120825453101773,0.0118344154838637,0.00254));
#3363=CARTESIAN_POINT('',(0.00120825453101773,0.017537831333169,0.000236095183543641));
#3364=CARTESIAN_POINT('',(0.00120825453101773,0.0172005991619414,7.99323793998436E-5));
#3365=CARTESIAN_POINT('',(0.00120825453101773,0.0168373567363849,1.8195692451357E-18));
#3366=CARTESIAN_POINT('',(0.00120825453101773,0.0164657286807561,-2.10893471181939E-19));
#3367=CARTESIAN_POINT('',(0.00120825453101773,0.00613099963455836,0.00254));
#3368=CARTESIAN_POINT('',(0.00120825453101773,0.00613099963455836,0.00254));
#3369=CARTESIAN_POINT('',(0.00120825453101773,0.0118344154838637,0.00254));
#3370=CARTESIAN_POINT('',(-3.57786716920216E-18,-1.95156391047391E-18,0.00254));
#3371=CARTESIAN_POINT('',(0.00493403050255292,0.00383462886477387,0.00254));
#3372=CARTESIAN_POINT('',(0.00493403050255292,0.00383462886477387,0.00254));
#3373=CARTESIAN_POINT('',(-3.57786716920216E-18,-1.95156391047391E-18,0.00254));
#3374=CARTESIAN_POINT('',(0.00985666754110415,0.00667671468410425,0.00254));
#3375=CARTESIAN_POINT('',(0.0138520090329647,0.00898342616993444,0.));
#3376=CARTESIAN_POINT('',(0.0141734635744798,0.0091690180360104,-1.69750399167336E-18));
#3377=CARTESIAN_POINT('',(0.0144876663151613,0.00935042307292298,7.99682634944784E-5));
#3378=CARTESIAN_POINT('',(0.0147793045796554,0.00951880050343462,0.00023609518354364));
#3379=CARTESIAN_POINT('',(0.00985666754110415,0.00667671468410425,0.00254));
#3380=CARTESIAN_POINT('',(-0.0197705413460731,0.,0.00254));
#3381=CARTESIAN_POINT('',(3.41523684332934E-18,-2.16840434497101E-18,0.00254));
#3382=CARTESIAN_POINT('',(-0.000853870759702791,0.00619031019064507,0.00254));
#3383=CARTESIAN_POINT('',(-0.000853870759702791,0.00619031019064507,0.00254));
#3384=CARTESIAN_POINT('',(3.41523684332934E-18,-2.16840434497101E-18,0.00254));
#3385=CARTESIAN_POINT('',(-0.00470547416861178,0.00411187893537818,0.00254));
#3386=CARTESIAN_POINT('',(-0.00470547416861178,0.00411187893537818,0.00254));
#3387=CARTESIAN_POINT('',(-0.000853870759702792,0.0118744818293058,0.00254));
#3388=CARTESIAN_POINT('',(-0.000853870759702792,0.0164879048009662,0.));
#3389=CARTESIAN_POINT('',(-0.000853870759702792,0.0168590885331181,-1.01401753396E-18));
#3390=CARTESIAN_POINT('',(-0.000853870759702792,0.0172218986069433,7.99682634944879E-5));
#3391=CARTESIAN_POINT('',(-0.000853870759702792,0.0175586534679666,0.000236095183543641));
#3392=CARTESIAN_POINT('',(-0.000853870759702792,0.0118744818293058,0.00254));
#3393=CARTESIAN_POINT('',(-0.009644777182457,0.00696358686003085,0.00254));
#3394=CARTESIAN_POINT('',(-0.0145840801963022,0.00981529478468351,0.00023609518354364));
#3395=CARTESIAN_POINT('',(-0.0142920285690457,0.00964667869906972,7.99323793998363E-5));
#3396=CARTESIAN_POINT('',(-0.0139774514007815,0.00946505748629147,4.25348679252845E-19));
#3397=CARTESIAN_POINT('',(-0.013655612063848,0.00927924345847708,-4.82631970079018E-20));
#3398=CARTESIAN_POINT('',(-0.009644777182457,0.00696358686003085,0.00254));
#3399=CARTESIAN_POINT('',(-0.0197705413460731,0.,0.00254));
#3400=CARTESIAN_POINT('',(7.37257477290143E-18,1.51788304147971E-18,0.00254));
#3401=CARTESIAN_POINT('',(-0.00578790126225571,0.0023556813258712,0.00254));
#3402=CARTESIAN_POINT('',(-0.00578790126225571,0.0023556813258712,0.00254));
#3403=CARTESIAN_POINT('',(7.37257477290143E-18,1.51788304147971E-18,0.00254));
#3404=CARTESIAN_POINT('',(-0.00591372869962951,-0.00201912069918017,0.00254));
#3405=CARTESIAN_POINT('',(-0.00591372869962951,-0.00201912069918017,0.00254));
#3406=CARTESIAN_POINT('',(-0.0107105383008069,0.00519776714520157,0.00254));
#3407=CARTESIAN_POINT('',(-0.0147058797926675,0.00750447863103177,0.));
#3408=CARTESIAN_POINT('',(-0.0150273343341826,0.00769007049710773,-3.46293427818061E-19));
#3409=CARTESIAN_POINT('',(-0.0153415370748641,0.00787147553402031,7.99682634944779E-5));
#3410=CARTESIAN_POINT('',(-0.0156331753393582,0.00803985296453195,0.00023609518354364));
#3411=CARTESIAN_POINT('',(-0.0107105383008069,0.00519776714520157,0.00254));
#3412=CARTESIAN_POINT('',(-0.0108530317134747,-0.00487082862383284,0.00254));
#3413=CARTESIAN_POINT('',(-0.0157923347273199,-0.0077225365484855,0.000236095183543641));
#3414=CARTESIAN_POINT('',(-0.0155002831000635,-0.0075539204628717,7.9932379399835E-5));
#3415=CARTESIAN_POINT('',(-0.0151857059317992,-0.00737229925009345,-1.21008625193962E-18));
#3416=CARTESIAN_POINT('',(-0.0148638665948657,-0.00718648522227906,-7.70622655157597E-20));
#3417=CARTESIAN_POINT('',(-0.0108530317134747,-0.00487082862383284,0.00254));
#3418=CARTESIAN_POINT('',(-0.0197705413460731,0.,0.00254));
#3419=CARTESIAN_POINT('',(6.17995238316738E-18,9.10729824887824E-18,0.00254));
#3420=CARTESIAN_POINT('',(-0.00493403050255292,-0.00383462886477387,0.00254));
#3421=CARTESIAN_POINT('',(-0.00493403050255292,-0.00383462886477387,0.00254));
#3422=CARTESIAN_POINT('',(6.17995238316738E-18,9.10729824887824E-18,0.00254));
#3423=CARTESIAN_POINT('',(-0.00120825453101773,-0.00613099963455836,0.00254));
#3424=CARTESIAN_POINT('',(-0.00120825453101773,-0.00613099963455836,0.00254));
#3425=CARTESIAN_POINT('',(-0.00985666754110415,-0.00667671468410424,0.00254));
#3426=CARTESIAN_POINT('',(-0.0138520090329647,-0.00898342616993444,0.));
#3427=CARTESIAN_POINT('',(-0.0141734635744798,-0.0091690180360104,-9.12128091709177E-19));
#3428=CARTESIAN_POINT('',(-0.0144876663151613,-0.00935042307292298,7.99682634944803E-5));
#3429=CARTESIAN_POINT('',(-0.0147793045796554,-0.00951880050343462,0.000236095183543641));
#3430=CARTESIAN_POINT('',(-0.00985666754110415,-0.00667671468410424,0.00254));
#3431=CARTESIAN_POINT('',(-0.00120825453101773,-0.0118344154838637,0.00254));
#3432=CARTESIAN_POINT('',(-0.00120825453101772,-0.017537831333169,0.000236095183543641));
#3433=CARTESIAN_POINT('',(-0.00120825453101772,-0.0172005991619414,7.99323793998441E-5));
#3434=CARTESIAN_POINT('',(-0.00120825453101773,-0.0168373567363849,1.8974962762831E-18));
#3435=CARTESIAN_POINT('',(-0.00120825453101773,-0.0164657286807561,-1.32966440034544E-19));
#3436=CARTESIAN_POINT('',(-0.00120825453101773,-0.0118344154838637,0.00254));
#3437=CARTESIAN_POINT('',(-0.0197705413460731,0.,0.00254));
#3438=CARTESIAN_POINT('',(-6.1257422745431E-18,5.20417042793042E-18,0.00254));
#3439=CARTESIAN_POINT('',(0.000853870759702789,-0.00619031019064507,0.00254));
#3440=CARTESIAN_POINT('',(0.000853870759702789,-0.00619031019064507,0.00254));
#3441=CARTESIAN_POINT('',(-6.1257422745431E-18,5.20417042793042E-18,0.00254));
#3442=CARTESIAN_POINT('',(0.00470547416861178,-0.00411187893537819,0.00254));
#3443=CARTESIAN_POINT('',(0.00470547416861178,-0.00411187893537819,0.00254));
#3444=CARTESIAN_POINT('',(0.000853870759702791,-0.0118744818293058,0.00254));
#3445=CARTESIAN_POINT('',(0.000853870759702791,-0.0164879048009662,0.));
#3446=CARTESIAN_POINT('',(0.000853870759702791,-0.0168590885331181,-1.01401753396E-18));
#3447=CARTESIAN_POINT('',(0.00085387075970279,-0.0172218986069433,7.99682634944879E-5));
#3448=CARTESIAN_POINT('',(0.00085387075970279,-0.0175586534679666,0.000236095183543641));
#3449=CARTESIAN_POINT('',(0.000853870759702791,-0.0118744818293058,0.00254));
#3450=CARTESIAN_POINT('',(0.009644777182457,-0.00696358686003086,0.00254));
#3451=CARTESIAN_POINT('',(0.0145840801963022,-0.00981529478468352,0.000236095183543643));
#3452=CARTESIAN_POINT('',(0.0142920285690457,-0.00964667869906973,7.99323793998419E-5));
#3453=CARTESIAN_POINT('',(0.0139774514007815,-0.00946505748629147,2.15284508333774E-19));
#3454=CARTESIAN_POINT('',(0.013655612063848,-0.00927924345847708,-2.58327367926969E-19));
#3455=CARTESIAN_POINT('',(0.009644777182457,-0.00696358686003086,0.00254));
#3456=CARTESIAN_POINT('',(-0.0197705413460731,0.,0.00254));
#3457=CARTESIAN_POINT('',(-5.20417042793042E-18,-1.95156391047391E-18,0.00254));
#3458=CARTESIAN_POINT('',(0.00578790126225571,-0.0023556813258712,0.00254));
#3459=CARTESIAN_POINT('',(0.00578790126225571,-0.0023556813258712,0.00254));
#3460=CARTESIAN_POINT('',(-5.20417042793042E-18,-1.95156391047391E-18,0.00254));
#3461=CARTESIAN_POINT('',(0.00591372869962951,0.00201912069918017,0.00254));
#3462=CARTESIAN_POINT('',(0.00591372869962951,0.00201912069918017,0.00254));
#3463=CARTESIAN_POINT('',(0.0107105383008069,-0.00519776714520158,0.00254));
#3464=CARTESIAN_POINT('',(0.0147058797926675,-0.00750447863103178,0.));
#3465=CARTESIAN_POINT('',(0.0150273343341826,-0.00769007049710774,5.65834663891119E-19));
#3466=CARTESIAN_POINT('',(0.0153415370748641,-0.00787147553402032,7.99682634944791E-5));
#3467=CARTESIAN_POINT('',(0.0156331753393582,-0.00803985296453196,0.000236095183543642));
#3468=CARTESIAN_POINT('',(0.0107105383008069,-0.00519776714520158,0.00254));
#3469=CARTESIAN_POINT('',(0.0108530317134747,0.00487082862383284,0.00254));
#3470=CARTESIAN_POINT('',(0.0157923347273199,0.0077225365484855,0.00023609518354364));
#3471=CARTESIAN_POINT('',(0.0155002831000635,0.00755392046287171,7.99323793998347E-5));
#3472=CARTESIAN_POINT('',(0.0151857059317992,0.00737229925009346,-8.09592716389531E-19));
#3473=CARTESIAN_POINT('',(0.0148638665948657,0.00718648522227907,-2.43080723177602E-19));
#3474=CARTESIAN_POINT('',(0.0108530317134747,0.00487082862383284,0.00254));
#3475=CARTESIAN_POINT('',(-0.0197705413460731,0.,0.00254));
#3476=CARTESIAN_POINT('',(0.,1.16647607618785E-18,0.0127));
#3477=CARTESIAN_POINT('',(0.,1.16647607618785E-18,0.00254));
#3478=CARTESIAN_POINT('',(0.154905480268001,0.0342298262760641,0.0381));
#3479=CARTESIAN_POINT('',(0.154905480268001,0.0342298262760641,0.0381));
#3480=CARTESIAN_POINT('',(0.154905480268001,0.0342298262760641,-0.0381));
#3481=CARTESIAN_POINT('',(0.00339933648739553,0.037404826276064,-0.0381));
#3482=CARTESIAN_POINT('',(0.0687899366021156,-0.01778,-0.01016));
#3483=CARTESIAN_POINT('',(0.0687899366021156,-0.01778,-0.00273596984310449));
#3484=CARTESIAN_POINT('',(0.0742285498978069,-0.01778,-0.01016));
#3485=CARTESIAN_POINT('',(0.0742285498978069,-0.01778,-0.00273596984310449));
#3486=CARTESIAN_POINT('',(0.0790026094534685,-0.0173114386415273,-0.01016));
#3487=CARTESIAN_POINT('',(0.0790026094534685,-0.0173114386415273,-0.00273596984310449));
#3488=CARTESIAN_POINT('',(0.0831121152691003,-0.016374315924582,-0.01016));
#3489=CARTESIAN_POINT('',(0.0831121152691003,-0.016374315924582,-0.00273596984310449));
#3490=CARTESIAN_POINT('',(0.0756978990382194,-0.0174979947589804,-0.0101182111277089));
#3491=CARTESIAN_POINT('',(0.0757391260911079,-0.0174944218494423,-0.0101321444269981));
#3492=CARTESIAN_POINT('',(0.0757803503360689,-0.017490811059802,-0.0101460740612373));
#3493=CARTESIAN_POINT('',(0.0758215717565023,-0.0174871621385174,-0.01016));
#3494=CARTESIAN_POINT('',(0.0756978990382224,-0.0174979947589801,-0.0101182111276999));
#3495=CARTESIAN_POINT('',(0.0758215717565023,-0.0174871621385175,-0.01016));
#3496=CARTESIAN_POINT('',(0.0758215717565024,-0.0174871621385175,-0.01016));
#3497=CARTESIAN_POINT('',(0.0782493289296503,-0.0172722570056604,-0.01016));
#3498=CARTESIAN_POINT('',(0.0806691955737774,-0.0169270713853145,-0.01016));
#3499=CARTESIAN_POINT('',(0.0830385144257363,-0.0163910335250745,-0.01016));
#3500=CARTESIAN_POINT('',(0.0830385144257363,-0.0163910335250745,-0.0101599999999924));
#3501=CARTESIAN_POINT('',(0.0827797135815547,-0.0164487753880134,-0.00724786418139018));
#3502=CARTESIAN_POINT('',(0.0822836891302057,-0.0165579036654569,-0.00756724724709305));
#3503=CARTESIAN_POINT('',(0.0816704981481278,-0.016678325800183,-0.00881881965536612));
#3504=CARTESIAN_POINT('',(0.082492068192372,-0.016514662250447,-0.0099323140694162));
#3505=CARTESIAN_POINT('',(0.0830385144257363,-0.0163910335250745,-0.0101599999999924));
#3506=CARTESIAN_POINT('',(0.0827797135815547,-0.0164487753880134,-0.00724786418139014));
#3507=CARTESIAN_POINT('',(0.0827797135815547,-0.0164487753880134,-0.00724786418139014));
#3508=CARTESIAN_POINT('',(0.0821021721357828,-0.0165978384647882,-0.00694345501771073));
#3509=CARTESIAN_POINT('',(0.0814182464859554,-0.0167319198114583,-0.00664570576544253));
#3510=CARTESIAN_POINT('',(0.0807273143596439,-0.0168525727902975,-0.0063568192910747));
#3511=CARTESIAN_POINT('',(0.0807273143596459,-0.0168525727902972,-0.00635681929107001));
#3512=CARTESIAN_POINT('',(0.0777141677454443,-0.0172916455044718,-0.00517655566630097));
#3513=CARTESIAN_POINT('',(0.077648790603069,-0.017299402733117,-0.00555034994777308));
#3514=CARTESIAN_POINT('',(0.0777870070236297,-0.0172837705512587,-0.00634325041283895));
#3515=CARTESIAN_POINT('',(0.0786989309438768,-0.0171702768136158,-0.00712676077549868));
#3516=CARTESIAN_POINT('',(0.0798913597379599,-0.0169957195062304,-0.00715651631397317));
#3517=CARTESIAN_POINT('',(0.0805212675644684,-0.016888553400652,-0.00667580407167792));
#3518=CARTESIAN_POINT('',(0.0807273143596459,-0.0168525727902972,-0.00635681929107002));
#3519=CARTESIAN_POINT('',(0.0777141677454442,-0.0172916455044718,-0.00517655566630094));
#3520=CARTESIAN_POINT('',(0.0777141677454443,-0.0172916455044718,-0.00517655566630085));
#3521=CARTESIAN_POINT('',(0.0748170805782589,-0.0176353951200809,-0.00412255997930827));
#3522=CARTESIAN_POINT('',(0.0718502878270177,-0.01778,-0.00329028786425765));
#3523=CARTESIAN_POINT('',(0.0687899366021156,-0.01778,-0.00278024835298658));
#3524=CARTESIAN_POINT('',(0.0687899366021156,-0.01778,-0.00278024835298657));
#3525=CARTESIAN_POINT('',(0.0687899366021156,-0.01778,-0.0127));
#3526=CARTESIAN_POINT('',(0.0687899366021156,-0.01778,-0.00779905792703887));
#3527=CARTESIAN_POINT('',(0.0687899366021156,-0.01778,-0.00779905792703886));
#3528=CARTESIAN_POINT('',(0.0703627420338046,-0.0177799995258847,-0.00831009071017769));
#3529=CARTESIAN_POINT('',(0.071930653465959,-0.0177410462430878,-0.00883918217371019));
#3530=CARTESIAN_POINT('',(0.0734919173652212,-0.0176542314844418,-0.00937021351020561));
#3531=CARTESIAN_POINT('',(0.0734919173652212,-0.0176542314844417,-0.00937021351020562));
#3532=CARTESIAN_POINT('',(0.0756978990382224,-0.0174979947589801,-0.0101182111276999));
#3533=CARTESIAN_POINT('',(0.0759877909213037,-0.0174728715109788,-0.00997598063256904));
#3534=CARTESIAN_POINT('',(0.0764838961973674,-0.017425799419535,-0.00951528445026394));
#3535=CARTESIAN_POINT('',(0.0767168629757306,-0.0174016302441396,-0.00852006615488328));
#3536=CARTESIAN_POINT('',(0.0763573445532727,-0.0174384868769666,-0.00757008829468443));
#3537=CARTESIAN_POINT('',(0.075532452990011,-0.0175144617300749,-0.0069795525027581));
#3538=CARTESIAN_POINT('',(0.0745176267494441,-0.0175923884710759,-0.00694623767515449));
#3539=CARTESIAN_POINT('',(0.0736542999264591,-0.0176459716502281,-0.00748382478062801));
#3540=CARTESIAN_POINT('',(0.0732356341278718,-0.0176679777906268,-0.00840969365512962));
#3541=CARTESIAN_POINT('',(0.0733478911183324,-0.0176622401265863,-0.009080134032532));
#3542=CARTESIAN_POINT('',(0.0734919173652213,-0.0176542314844417,-0.0093702135102056));
#3543=CARTESIAN_POINT('',(0.0842793760774521,0.0160909289158618,-0.01016));
#3544=CARTESIAN_POINT('',(0.0842793760774521,0.0160909289158618,-0.00841494244210884));
#3545=CARTESIAN_POINT('',(0.0859182662970941,0.0156681042907503,-0.01016));
#3546=CARTESIAN_POINT('',(0.0859182662970941,0.0156681042907503,-0.00841494244210884));
#3547=CARTESIAN_POINT('',(0.0874445671134065,0.015165895500603,-0.01016));
#3548=CARTESIAN_POINT('',(0.0874445671134065,0.015165895500603,-0.00841494244210884));
#3549=CARTESIAN_POINT('',(0.0888582785263895,0.0145843025454199,-0.01016));
#3550=CARTESIAN_POINT('',(0.0888582785263895,0.0145843025454199,-0.00841494244210884));
#3551=CARTESIAN_POINT('',(0.085311020981702,0.0158100201063099,-0.00842535034006851));
#3552=CARTESIAN_POINT('',(0.0865039113043518,0.0154676358365371,-0.00899714587325789));
#3553=CARTESIAN_POINT('',(0.0876832503389017,0.0150664780795728,-0.00958346288579391));
#3554=CARTESIAN_POINT('',(0.0888331215887334,0.0145946387127788,-0.01016));
#3555=CARTESIAN_POINT('',(0.085311020981702,0.0158100201063099,-0.00842535034006843));
#3556=CARTESIAN_POINT('',(0.0888331215887334,0.0145946387127788,-0.01016));
#3557=CARTESIAN_POINT('',(0.0888331215887334,0.0145946387127788,-0.01016));
#3558=CARTESIAN_POINT('',(0.0873599949809188,0.0151991230199921,-0.01016));
#3559=CARTESIAN_POINT('',(0.0858484001205338,0.0156849088801977,-0.01016));
#3560=CARTESIAN_POINT('',(0.0843085144257545,0.0160833999483919,-0.01016));
#3561=CARTESIAN_POINT('',(0.0843085144257545,0.016083399948392,-0.01016));
#3562=CARTESIAN_POINT('',(0.0843085144257545,0.0160833999483919,-0.01016));
#3563=CARTESIAN_POINT('',(0.0846342634783908,0.0159991027253004,-0.0100242712280683));
#3564=CARTESIAN_POINT('',(0.0851995442531933,0.0158432651277839,-0.00953876030690904));
#3565=CARTESIAN_POINT('',(0.0853570895966111,0.015796797458112,-0.00878346940354834));
#3566=CARTESIAN_POINT('',(0.085311020981702,0.0158100201063099,-0.00842535034006843));
#3567=CARTESIAN_POINT('',(-0.1016,-3.46944695195361E-18,-0.0127));
#3568=CARTESIAN_POINT('',(-0.1016,0.,0.01905));
#3569=CARTESIAN_POINT('',(-0.1016,-0.00610572325665469,0.0138193987299489));
#3570=CARTESIAN_POINT('',(-0.1016,-0.00776105497957699,0.021148826276064));
#3571=CARTESIAN_POINT('',(-0.1016,-0.00610572325665199,0.0138193987299537));
#3572=CARTESIAN_POINT('',(-0.1016,-0.00734934159146082,0.0145705491187151));
#3573=CARTESIAN_POINT('',(-0.1016,-0.00940013272647191,0.0167993216029401));
#3574=CARTESIAN_POINT('',(-0.1016,-0.0101546687490848,0.0196812341827509));
#3575=CARTESIAN_POINT('',(-0.1016,-0.0101599444954485,0.021148826276064));
#3576=CARTESIAN_POINT('',(-0.1016,-0.0101599444954485,0.021148826276064));
#3577=CARTESIAN_POINT('',(-0.1016,0.0141007385309434,0.021148826276064));
#3578=CARTESIAN_POINT('',(-0.1016,-3.46944695195361E-18,-0.0127));
#3579=CARTESIAN_POINT('',(-0.1016,0.0141007385309434,0.021148826276064));
#3580=CARTESIAN_POINT('',(-0.1016,0.00776105497957699,0.021148826276064));
#3581=CARTESIAN_POINT('',(-0.1016,0.0101599444954485,0.021148826276064));
#3582=CARTESIAN_POINT('',(-0.1016,0.0101599444954485,0.021148826276064));
#3583=CARTESIAN_POINT('',(-0.1016,0.0101546553395618,0.0196775039598474));
#3584=CARTESIAN_POINT('',(-0.1016,0.00938816438812253,0.0167883595750072));
#3585=CARTESIAN_POINT('',(-0.1016,0.00736413880211918,0.0145794866924277));
#3586=CARTESIAN_POINT('',(-0.1016,0.00610572325664788,0.0138193987299513));
#3587=CARTESIAN_POINT('',(-0.1016,0.00610572325665231,0.0138193987299462));
#3588=CARTESIAN_POINT('',(-0.1016,0.,0.01905));
#3589=CARTESIAN_POINT('',(-0.00238835811614989,-3.46944695195361E-18,-0.0127));
#3590=CARTESIAN_POINT('',(0.0719366797914314,2.33183035338485E-18,-0.0127));
#3591=CARTESIAN_POINT('',(0.0719366797914314,-0.0143225748193163,-0.0127));
#3592=CARTESIAN_POINT('',(0.0719366797914314,0.0143225748193157,-0.0127));
#3593=CARTESIAN_POINT('',(0.0719366797914309,0.0143225748193157,-0.0127));
#3594=CARTESIAN_POINT('',(0.0721742503068631,0.0145381374866527,-0.0127));
#3595=CARTESIAN_POINT('',(0.0727777804039062,0.0147753021877764,-0.0127));
#3596=CARTESIAN_POINT('',(0.074019414717275,0.0150140642440225,-0.0127));
#3597=CARTESIAN_POINT('',(0.0749667536660325,0.0150128986180147,-0.0127));
#3598=CARTESIAN_POINT('',(0.0755976066459417,0.0149570554946679,-0.0127));
#3599=CARTESIAN_POINT('',(0.0755976066459417,0.0149570554946679,-0.0127));
#3600=CARTESIAN_POINT('',(0.0755976066459417,0.0149570554946679,-0.0127));
#3601=CARTESIAN_POINT('',(0.0777015680935299,0.0147708127687457,-0.0127));
#3602=CARTESIAN_POINT('',(0.0818650168353677,0.0141971108594157,-0.0127));
#3603=CARTESIAN_POINT('',(0.0859021289241769,0.013051818220086,-0.0127));
#3604=CARTESIAN_POINT('',(0.0878688782239938,0.0122447802630938,-0.0127));
#3605=CARTESIAN_POINT('',(0.0878688782239938,0.0122447802630938,-0.0127));
#3606=CARTESIAN_POINT('',(0.0878688782239938,0.0122447802630938,-0.0127));
#3607=CARTESIAN_POINT('',(0.0888790253483437,0.0118302754395391,-0.0127));
#3608=CARTESIAN_POINT('',(0.0907702217070066,0.0107990370975526,-0.0127));
#3609=CARTESIAN_POINT('',(0.0931936015879218,0.00856746246246752,-0.0127));
#3610=CARTESIAN_POINT('',(0.0948884647116202,0.00574633800050086,-0.0127));
#3611=CARTESIAN_POINT('',(0.0953407202564266,0.00357641788218355,-0.0127));
#3612=CARTESIAN_POINT('',(0.0953407202564267,0.00249245231679575,-0.0127));
#3613=CARTESIAN_POINT('',(0.0953407202564266,0.00249245231679575,-0.0127));
#3614=CARTESIAN_POINT('',(0.0953407202564266,4.1585812387544E-18,-0.0127));
#3615=CARTESIAN_POINT('',(0.0953407202564266,-0.00249245231680921,-0.0127));
#3616=CARTESIAN_POINT('',(0.0953407202564266,-0.00249245231680921,-0.0127));
#3617=CARTESIAN_POINT('',(0.0953407202564248,-0.00357639015447958,-0.0127));
#3618=CARTESIAN_POINT('',(0.0948884981393573,-0.00574623194673551,-0.0127));
#3619=CARTESIAN_POINT('',(0.0931937053467851,-0.00856731118005091,-0.0127));
#3620=CARTESIAN_POINT('',(0.0907704878201926,-0.0107988704188018,-0.0127));
#3621=CARTESIAN_POINT('',(0.0888790094494683,-0.0118302819635017,-0.0127));
#3622=CARTESIAN_POINT('',(0.0878688782239771,-0.0122447802631007,-0.0127));
#3623=CARTESIAN_POINT('',(0.0878688782239771,-0.0122447802631007,-0.0127));
#3624=CARTESIAN_POINT('',(0.0878688782239771,-0.0122447802631007,-0.0127));
#3625=CARTESIAN_POINT('',(0.0859021289241626,-0.0130518182200904,-0.0127));
#3626=CARTESIAN_POINT('',(0.0818650168353588,-0.014197110859417,-0.0127));
#3627=CARTESIAN_POINT('',(0.0777015680935269,-0.014770812768746,-0.0127));
#3628=CARTESIAN_POINT('',(0.0755976066459417,-0.0149570554946679,-0.0127));
#3629=CARTESIAN_POINT('',(0.0755976066459417,-0.0149570554946679,-0.0127));
#3630=CARTESIAN_POINT('',(0.0755976066459417,-0.0149570554946679,-0.0127));
#3631=CARTESIAN_POINT('',(0.0749667318408728,-0.0150129005499784,-0.0127));
#3632=CARTESIAN_POINT('',(0.0740090712119309,-0.0150132688854378,-0.0127));
#3633=CARTESIAN_POINT('',(0.0727780006632336,-0.0147745090366118,-0.0127));
#3634=CARTESIAN_POINT('',(0.0721758791202787,-0.0145396154114857,-0.0127));
#3635=CARTESIAN_POINT('',(0.0719366797914316,-0.0143225748193163,-0.0127));
#3636=CARTESIAN_POINT('',(-0.079375,-0.01778,-0.0127));
#3637=CARTESIAN_POINT('',(-0.0939799999999999,-0.01778,0.0211797039840059));
#3638=CARTESIAN_POINT('',(-0.0924895006325901,-0.01778,0.0206486360710713));
#3639=CARTESIAN_POINT('',(-0.0896653995369074,-0.01778,0.0192877853400531));
#3640=CARTESIAN_POINT('',(-0.0858423786319178,-0.01778,0.0163421580251925));
#3641=CARTESIAN_POINT('',(-0.0827048805272265,-0.01778,0.0128079640043645));
#3642=CARTESIAN_POINT('',(-0.0809785451081824,-0.01778,0.0101041528825708));
#3643=CARTESIAN_POINT('',(-0.0802142294390597,-0.01778,0.00871862579828679));
#3644=CARTESIAN_POINT('',(-0.09398,-0.01778,0.0211797039840057));
#3645=CARTESIAN_POINT('',(-0.0802142294390597,-0.01778,0.0087186257982868));
#3646=CARTESIAN_POINT('',(-0.0763814372357176,-0.01778,0.00721289751581532));
#3647=CARTESIAN_POINT('',(-0.0737985306611234,-0.01778,0.010420093699642));
#3648=CARTESIAN_POINT('',(-0.0697312876582146,-0.01778,0.00719017954543233));
#3649=CARTESIAN_POINT('',(-0.0738205032766813,-0.01778,0.0039881291532675));
#3650=CARTESIAN_POINT('',(-0.0763814372357176,-0.01778,0.00721289751581532));
#3651=CARTESIAN_POINT('',(-0.0777181353125185,-0.01778,0.00331793256268524));
#3652=CARTESIAN_POINT('',(-0.0777181353125185,-0.01778,0.00331793256268524));
#3653=CARTESIAN_POINT('',(-0.076727066102834,-0.01778,0.000758357242529697));
#3654=CARTESIAN_POINT('',(-0.0759278765145118,-0.01778,-0.00189127935487748));
#3655=CARTESIAN_POINT('',(-0.0752577808453695,-0.01778,-0.00456016519311889));
#3656=CARTESIAN_POINT('',(-0.0752577808453696,-0.01778,-0.00456016519311887));
#3657=CARTESIAN_POINT('',(-0.0752577808453696,-0.01778,-0.00456016519311887));
#3658=CARTESIAN_POINT('',(-0.073460631798913,-0.01778,-0.00456144670748171));
#3659=CARTESIAN_POINT('',(-0.07166505558798,-0.01778,-0.00451142650416809));
#3660=CARTESIAN_POINT('',(-0.0698714856665644,-0.01778,-0.00442458820935689));
#3661=CARTESIAN_POINT('',(-0.0698714856665644,-0.01778,-0.0044245882093569));
#3662=CARTESIAN_POINT('',(-0.0685863196849823,-0.01778,-0.005461));
#3663=CARTESIAN_POINT('',(-0.0674284885379059,-0.01778,-0.00428404289166527));
#3664=CARTESIAN_POINT('',(-0.0674284885379059,-0.01778,-0.00428404289166532));
#3665=CARTESIAN_POINT('',(-0.0667147301586848,-0.01778,-0.00423673910221842));
#3666=CARTESIAN_POINT('',(-0.0660012071103286,-0.01778,-0.00418420686787907));
#3667=CARTESIAN_POINT('',(-0.0652878965687282,-0.01778,-0.00412695328148689));
#3668=CARTESIAN_POINT('',(-0.0652878965687126,-0.01778,-0.00412695328148564));
#3669=CARTESIAN_POINT('',(-0.0652878965687126,-0.01778,-0.00412695328148561));
#3670=CARTESIAN_POINT('',(-0.0627459500957323,-0.01778,-0.00218816332996549));
#3671=CARTESIAN_POINT('',(-0.0600173283438611,-0.01778,-0.000511473744247966));
#3672=CARTESIAN_POINT('',(-0.05715,-0.01778,0.000912596313339086));
#3673=CARTESIAN_POINT('',(-0.05715,-0.01778,0.000912596313339082));
#3674=CARTESIAN_POINT('',(-0.05715,-0.01778,-0.0127));
#3675=CARTESIAN_POINT('',(-0.05715,-0.01778,0.0250895648070074));
#3676=CARTESIAN_POINT('',(-0.1016,-0.01778,0.0250895648070074));
#3677=CARTESIAN_POINT('',(-0.09398,-0.01778,0.0250895648070074));
#3678=CARTESIAN_POINT('',(-0.09398,-0.01778,-0.0127));
#3679=CARTESIAN_POINT('',(-0.05715,-0.01778,0.000767534502377031));
#3680=CARTESIAN_POINT('',(-0.05715,-0.01778,0.0252346266179695));
#3681=CARTESIAN_POINT('',(-0.04704751756112,-0.01778,0.000767534502377031));
#3682=CARTESIAN_POINT('',(-0.04704751756112,-0.01778,0.0252346266179695));
#3683=CARTESIAN_POINT('',(-0.0397552092623733,-0.0162295094571511,0.000767534502377031));
#3684=CARTESIAN_POINT('',(-0.0397552092623733,-0.0162295094571511,0.0252346266179695));
#3685=CARTESIAN_POINT('',(-0.0352730751037598,-0.0131285283714533,0.000767534502377031));
#3686=CARTESIAN_POINT('',(-0.0352730751037598,-0.0131285283714533,0.0252346266179695));
#3687=CARTESIAN_POINT('',(-0.05715,-0.01778,0.000912596313339064));
#3688=CARTESIAN_POINT('',(-0.0535013336777248,-0.01777999899071,0.00257554689468766));
#3689=CARTESIAN_POINT('',(-0.0496401860819303,-0.0175964057876473,0.00384443493310849));
#3690=CARTESIAN_POINT('',(-0.0458020778987114,-0.0169415318805355,0.00475232584770869));
#3691=CARTESIAN_POINT('',(-0.0458020778987114,-0.0169415318805355,0.00475232584770869));
#3692=CARTESIAN_POINT('',(-0.0458020778987114,-0.0169415318805355,0.00475232584770869));
#3693=CARTESIAN_POINT('',(-0.047175535120715,-0.0171758768375529,0.00484066391335554));
#3694=CARTESIAN_POINT('',(-0.0491934507231,-0.0174160072653019,0.00567664851252852));
#3695=CARTESIAN_POINT('',(-0.0508716735219266,-0.017555196744301,0.00795309857956713));
#3696=CARTESIAN_POINT('',(-0.0514097383600211,-0.0175926581690731,0.0100034773871717));
#3697=CARTESIAN_POINT('',(-0.0511347755936392,-0.0175740309762342,0.0121114259861427));
#3698=CARTESIAN_POINT('',(-0.049753343162726,-0.0174674173660122,0.0145761902022239));
#3699=CARTESIAN_POINT('',(-0.0465392287470464,-0.0171267580095386,0.0163504950821504));
#3700=CARTESIAN_POINT('',(-0.0430063168321498,-0.0164092171955268,0.0157797711538728));
#3701=CARTESIAN_POINT('',(-0.0407977294661313,-0.0157605546240444,0.0141700043148364));
#3702=CARTESIAN_POINT('',(-0.0396216974920373,-0.0153453681681344,0.0124646956699078));
#3703=CARTESIAN_POINT('',(-0.039164451032495,-0.0151637398007728,0.01039014263632));
#3704=CARTESIAN_POINT('',(-0.03959594726707,-0.0153353772278023,0.0083067797246856));
#3705=CARTESIAN_POINT('',(-0.0407569925225174,-0.0157477297177658,0.0065844113121969));
#3706=CARTESIAN_POINT('',(-0.0418575649257754,-0.0160715552532339,0.00576904392636359));
#3707=CARTESIAN_POINT('',(-0.0424566106850104,-0.0162280598290983,0.00545795208237247));
#3708=CARTESIAN_POINT('',(-0.0424566106850104,-0.0162280598290983,0.00545795208237244));
#3709=CARTESIAN_POINT('',(-0.0424566106850104,-0.0162280598290983,0.00545795208237244));
#3710=CARTESIAN_POINT('',(-0.0409101962672483,-0.0158240490689328,0.00574552728559901));
#3711=CARTESIAN_POINT('',(-0.0393604964647747,-0.0153045729308553,0.00598013934642483));
#3712=CARTESIAN_POINT('',(-0.0378890493903971,-0.0146162768777122,0.00615857653523872));
#3713=CARTESIAN_POINT('',(-0.0378890493903971,-0.0146162768777122,0.00615857653523872));
#3714=CARTESIAN_POINT('',(-0.0378890493903971,-0.0146162768777122,0.00615857653523872));
#3715=CARTESIAN_POINT('',(-0.0369801839392654,-0.0141911385802631,0.00626879143806362));
#3716=CARTESIAN_POINT('',(-0.0360993975564809,-0.0137002202286774,0.00632351256905184));
#3717=CARTESIAN_POINT('',(-0.0352730751037598,-0.0131285283714533,0.0063524940692382));
#3718=CARTESIAN_POINT('',(-0.0352730751037598,-0.0131285283714533,0.0063524940692382));
#3719=CARTESIAN_POINT('',(-0.0352730751037598,-0.0131285283714533,-0.0127));
#3720=CARTESIAN_POINT('',(-0.0352730751037598,-0.0131285283714533,0.017197623079623));
#3721=CARTESIAN_POINT('',(-0.0352730751037598,-0.0131285283714533,0.017197623079623));
#3722=CARTESIAN_POINT('',(-0.036766253129616,-0.0141615854207363,0.0181007940851039));
#3723=CARTESIAN_POINT('',(-0.0400333092697802,-0.0156721660304278,0.020073779782055));
#3724=CARTESIAN_POINT('',(-0.0453112284984667,-0.0169738969211594,0.0227175510583775));
#3725=CARTESIAN_POINT('',(-0.0511174910661997,-0.0176578757821068,0.0246267863969544));
#3726=CARTESIAN_POINT('',(-0.0551220687020712,-0.0177799993848366,0.0250895648070075));
#3727=CARTESIAN_POINT('',(-0.05715,-0.01778,0.0250895648070075));
#3728=CARTESIAN_POINT('',(-0.0352730751037598,-0.0131285283714533,0.00251630274378789));
#3729=CARTESIAN_POINT('',(-0.0352730751037598,-0.0131285283714533,0.0184817698968243));
#3730=CARTESIAN_POINT('',(-0.0323187733689944,-0.0088709822545449,0.00251630274378789));
#3731=CARTESIAN_POINT('',(-0.0323187733689944,-0.0088709822545449,0.0184817698968243));
#3732=CARTESIAN_POINT('',(-0.0276639151076476,-0.00712241015086572,0.00251630274378789));
#3733=CARTESIAN_POINT('',(-0.0276639151076476,-0.00712241015086572,0.0184817698968243));
#3734=CARTESIAN_POINT('',(-0.0213085003197193,-0.00788281206041575,0.00251630274378789));
#3735=CARTESIAN_POINT('',(-0.0213085003197193,-0.00788281206041575,0.0184817698968243));
#3736=CARTESIAN_POINT('',(-0.0352730751037598,-0.0131285283714533,0.00635249406923821));
#3737=CARTESIAN_POINT('',(-0.0352730751037598,-0.0131285283714533,0.00586854524520755));
#3738=CARTESIAN_POINT('',(-0.0351302600091773,-0.0129168558202457,0.00491823833596237));
#3739=CARTESIAN_POINT('',(-0.0345375579283403,-0.0121359810513395,0.00382862493385845));
#3740=CARTESIAN_POINT('',(-0.033699693340396,-0.0112208074511211,0.00309221953977303));
#3741=CARTESIAN_POINT('',(-0.0330308458791262,-0.0106325755250989,0.00275313484660556));
#3742=CARTESIAN_POINT('',(-0.0326691810445775,-0.0103515142351671,0.00261095966366756));
#3743=CARTESIAN_POINT('',(-0.0326691810445787,-0.0103515142351681,0.00261095966366788));
#3744=CARTESIAN_POINT('',(-0.0326691810445787,-0.0103515142351681,0.00261095966366787));
#3745=CARTESIAN_POINT('',(-0.0318840341543224,-0.00974135151908105,0.00272823128921304));
#3746=CARTESIAN_POINT('',(-0.0301526898818511,-0.00872575274580312,0.00297610674207107));
#3747=CARTESIAN_POINT('',(-0.0263013200112664,-0.00761188236214327,0.00343906308796172));
#3748=CARTESIAN_POINT('',(-0.0233070205173391,-0.00764369876177168,0.00369450602809158));
#3749=CARTESIAN_POINT('',(-0.0213085003197193,-0.00788281206041575,0.00383007362855019));
#3750=CARTESIAN_POINT('',(-0.0213085003197193,-0.00788281206041574,0.00383007362855018));
#3751=CARTESIAN_POINT('',(-0.0213085003197193,-0.00788281206041574,-0.0127));
#3752=CARTESIAN_POINT('',(-0.0213085003197193,-0.00788281206041575,0.0115101706832164));
#3753=CARTESIAN_POINT('',(-0.0323827799821795,-0.0101359461264117,0.0171946347902836));
#3754=CARTESIAN_POINT('',(-0.0320014997286891,-0.00985808753851309,0.0169217183429475));
#3755=CARTESIAN_POINT('',(-0.0312180659393789,-0.00935855953308979,0.0163631406247473));
#3756=CARTESIAN_POINT('',(-0.0299909735654548,-0.00876533399062902,0.015474918393334));
#3757=CARTESIAN_POINT('',(-0.0287005266589096,-0.00830827575657864,0.0145874648059461));
#3758=CARTESIAN_POINT('',(-0.0268552025574136,-0.00786357107288962,0.0136065380794468));
#3759=CARTESIAN_POINT('',(-0.0243756509164255,-0.00763487523244964,0.0125387687260671));
#3760=CARTESIAN_POINT('',(-0.0223341976590201,-0.00776009116155228,0.0118351275983673));
#3761=CARTESIAN_POINT('',(-0.0213085003197193,-0.00788281206041575,0.0115101706832164));
#3762=CARTESIAN_POINT('',(-0.0323827799821795,-0.0101359461264117,0.0171946347902837));
#3763=CARTESIAN_POINT('',(-0.0323827799821795,-0.0101359461264117,0.0171946347902837));
#3764=CARTESIAN_POINT('',(-0.0326685917525481,-0.0103442319062082,0.0174374795385974));
#3765=CARTESIAN_POINT('',(-0.0332346151059466,-0.0107959070242026,0.0178760292638137));
#3766=CARTESIAN_POINT('',(-0.0339497047174286,-0.0114882630944115,0.0182833924935797));
#3767=CARTESIAN_POINT('',(-0.0345167158041866,-0.0121284722484161,0.0184091508682976));
#3768=CARTESIAN_POINT('',(-0.0349311287193257,-0.012649163743734,0.0183207378654401));
#3769=CARTESIAN_POINT('',(-0.0352270176726618,-0.0130605763247865,0.0178592266661325));
#3770=CARTESIAN_POINT('',(-0.0352730751037597,-0.0131285283714533,0.0174158403114762));
#3771=CARTESIAN_POINT('',(-0.0352730751037598,-0.0131285283714533,0.017197623079623));
#3772=CARTESIAN_POINT('',(0.0120641253888607,-0.00788281206041574,-0.0127));
#3773=CARTESIAN_POINT('',(-0.0213085003197193,-0.00788281206041575,0.00383007362855019));
#3774=CARTESIAN_POINT('',(-0.0213085003197193,-0.00788281206041575,0.00382098883610147));
#3775=CARTESIAN_POINT('',(-0.0213082278559504,-0.00788281206041574,0.00381191223883378));
#3776=CARTESIAN_POINT('',(-0.0213076813019337,-0.00788281206041574,0.00380284388566847));
#3777=CARTESIAN_POINT('',(-0.0213076813019337,-0.00788281206041575,0.00380284388566847));
#3778=CARTESIAN_POINT('',(-0.0213076813019337,-0.00788281206041573,0.00380284388566847));
#3779=CARTESIAN_POINT('',(-0.0101228364112222,-0.00788281206041573,0.00448661657823835));
#3780=CARTESIAN_POINT('',(0.00668790916541741,-0.00788281206041574,0.00443437520669317));
#3781=CARTESIAN_POINT('',(0.0289696121841069,-0.00788281206041577,0.00198680795622363));
#3782=CARTESIAN_POINT('',(0.0399673299211454,-0.00788281206041574,-4.10111601450475E-5));
#3783=CARTESIAN_POINT('',(0.0454367510974407,-0.00788281206041574,-0.00126081138276269));
#3784=CARTESIAN_POINT('',(0.0454367510974407,-0.00788281206041573,-0.00126081138276269));
#3785=CARTESIAN_POINT('',(0.0454367510974407,-0.00788281206041573,-0.0127));
#3786=CARTESIAN_POINT('',(0.0454367510974407,-0.00788281206041573,0.00678426267880645));
#3787=CARTESIAN_POINT('',(0.0124897568084968,-0.00788281206041574,0.00747919984478966));
#3788=CARTESIAN_POINT('',(0.00334756169468161,-0.00788281206041575,0.00767203234136105));
#3789=CARTESIAN_POINT('',(-0.00843482641503229,-0.00788281206041576,0.0145004629157483));
#3790=CARTESIAN_POINT('',(0.0454367510974407,-0.00788281206041573,-0.00863280793068351));
#3791=CARTESIAN_POINT('',(0.0454367510974407,-0.00788281206041573,0.00687621339814734));
#3792=CARTESIAN_POINT('',(0.0520311407744884,-0.00788281206041573,-0.00863280793068351));
#3793=CARTESIAN_POINT('',(0.0520311407744884,-0.00788281206041573,0.00687621339814734));
#3794=CARTESIAN_POINT('',(0.0598155359427134,-0.0111818747069438,-0.00863280793068351));
#3795=CARTESIAN_POINT('',(0.0598155359427134,-0.0111818747069438,0.00687621339814734));
#3796=CARTESIAN_POINT('',(0.0687899366021156,-0.01778,-0.00863280793068351));
#3797=CARTESIAN_POINT('',(0.0687899366021156,-0.01778,0.00687621339814734));
#3798=CARTESIAN_POINT('',(0.0454367510974407,-0.00788281206041573,-0.00126081138276268));
#3799=CARTESIAN_POINT('',(0.0465044131164452,-0.00788281362606922,-0.00154480676523217));
#3800=CARTESIAN_POINT('',(0.0486570122909034,-0.00805880146385227,-0.00213255740110726));
#3801=CARTESIAN_POINT('',(0.0528151758221287,-0.00896394667320408,-0.00331856844443135));
#3802=CARTESIAN_POINT('',(0.0598411207419336,-0.0117058165319398,-0.00544734551324106));
#3803=CARTESIAN_POINT('',(0.0652481026253809,-0.0151828148107141,-0.00728783887237815));
#3804=CARTESIAN_POINT('',(0.0686926531908121,-0.0177085706974532,-0.00854085721134262));
#3805=CARTESIAN_POINT('',(0.0686926531908121,-0.0177085706974532,-0.00854085721134261));
#3806=CARTESIAN_POINT('',(0.0686926531908121,-0.0177085706974532,-0.00854085721134261));
#3807=CARTESIAN_POINT('',(0.06875933874165,-0.0177574686362089,-0.00830049931116912));
#3808=CARTESIAN_POINT('',(0.0687899366021156,-0.01778,-0.00805286979480526));
#3809=CARTESIAN_POINT('',(0.0687899366021156,-0.01778,-0.00779905792703887));
#3810=CARTESIAN_POINT('',(0.0687899366021156,-0.01778,-0.00278024835298657));
#3811=CARTESIAN_POINT('',(0.0687899366021156,-0.01778,-0.00178774516185957));
#3812=CARTESIAN_POINT('',(0.0683438127268464,-0.017450004720557,0.000128730136226131));
#3813=CARTESIAN_POINT('',(0.0668337038676087,-0.0163695495726752,0.00246679751502817));
#3814=CARTESIAN_POINT('',(0.0648323320354846,-0.0150162915607664,0.0041706676717071));
#3815=CARTESIAN_POINT('',(0.0633009339991827,-0.0140563052050708,0.00491508795821934));
#3816=CARTESIAN_POINT('',(0.0624931456772111,-0.0135750679247404,0.00520260792424901));
#3817=CARTESIAN_POINT('',(0.0624930807344506,-0.0135750292353525,0.00520236071088035));
#3818=CARTESIAN_POINT('',(0.0624930789868625,-0.0135750281942354,0.00520236136989808));
#3819=CARTESIAN_POINT('',(0.0610284120577864,-0.012702459998933,0.00575468906828956));
#3820=CARTESIAN_POINT('',(0.0579776716795792,-0.0110397037837946,0.00641461653076681));
#3821=CARTESIAN_POINT('',(0.054666569150506,-0.00968664037757687,0.00658958198823766));
#3822=CARTESIAN_POINT('',(0.0529649723973852,-0.00914756597650597,0.00662547305662737));
#3823=CARTESIAN_POINT('',(0.0529649723973852,-0.00914756597650596,0.00662547305662737));
#3824=CARTESIAN_POINT('',(0.0454367510974407,-0.00788281206041573,0.00678426267880645));
#3825=CARTESIAN_POINT('',(0.0480251621877552,-0.00788281206041573,0.00672966640663281));
#3826=CARTESIAN_POINT('',(0.0505216195770574,-0.00837349952638648,0.0066770096754025));
#3827=CARTESIAN_POINT('',(0.0529649723973852,-0.00914756597650597,0.00662547305662737));
#3828=CARTESIAN_POINT('',(0.0842793760774665,-0.0160909289158581,-0.0101599999999972));
#3829=CARTESIAN_POINT('',(0.0842793760774665,-0.0160909289158581,-0.00841494244210893));
#3830=CARTESIAN_POINT('',(0.0859182662970959,-0.0156681042907492,-0.0101599999999972));
#3831=CARTESIAN_POINT('',(0.0859182662970959,-0.0156681042907492,-0.00841494244210893));
#3832=CARTESIAN_POINT('',(0.0874445671133975,-0.0151658955006057,-0.0101599999999972));
#3833=CARTESIAN_POINT('',(0.0874445671133975,-0.0151658955006057,-0.00841494244210893));
#3834=CARTESIAN_POINT('',(0.0888582785263711,-0.0145843025454274,-0.0101599999999972));
#3835=CARTESIAN_POINT('',(0.0888582785263711,-0.0145843025454274,-0.00841494244210893));
#3836=CARTESIAN_POINT('',(0.0843085144257686,-0.0160833999483883,-0.0101599999999942));
#3837=CARTESIAN_POINT('',(0.0846342634784011,-0.0159991027252976,-0.0100242712280605));
#3838=CARTESIAN_POINT('',(0.0851995442531962,-0.015843265127783,-0.00953876030690077));
#3839=CARTESIAN_POINT('',(0.0853570895966108,-0.0157967974581121,-0.00878346940354582));
#3840=CARTESIAN_POINT('',(0.0853110209817021,-0.0158100201063099,-0.0084253503400685));
#3841=CARTESIAN_POINT('',(0.0843085144257687,-0.0160833999483882,-0.0101599999999944));
#3842=CARTESIAN_POINT('',(0.085311020981702,-0.0158100201063099,-0.0084253503400685));
#3843=CARTESIAN_POINT('',(0.0843085144257687,-0.0160833999483882,-0.01016));
#3844=CARTESIAN_POINT('',(0.0858444096483776,-0.0156859415331515,-0.01016));
#3845=CARTESIAN_POINT('',(0.087355745551941,-0.0152008667351053,-0.01016));
#3846=CARTESIAN_POINT('',(0.0888331215887166,-0.0145946387127857,-0.01016));
#3847=CARTESIAN_POINT('',(0.0888331215887152,-0.0145946387127863,-0.0101599999999909));
#3848=CARTESIAN_POINT('',(0.0888331215887152,-0.0145946387127862,-0.0101599999999909));
#3849=CARTESIAN_POINT('',(0.0876832503388893,-0.015066478079577,-0.0095834628857877));
#3850=CARTESIAN_POINT('',(0.0865039113043455,-0.0154676358365389,-0.00899714587325489));
#3851=CARTESIAN_POINT('',(0.085311020981702,-0.0158100201063099,-0.00842535034006853));
#3852=CARTESIAN_POINT('',(0.0687899366021156,0.01778,-0.01016));
#3853=CARTESIAN_POINT('',(0.0687899366021156,0.01778,-0.00273596984310449));
#3854=CARTESIAN_POINT('',(0.0742285498978061,0.01778,-0.01016));
#3855=CARTESIAN_POINT('',(0.0742285498978061,0.01778,-0.00273596984310449));
#3856=CARTESIAN_POINT('',(0.079002609453467,0.0173114386415275,-0.01016));
#3857=CARTESIAN_POINT('',(0.079002609453467,0.0173114386415275,-0.00273596984310449));
#3858=CARTESIAN_POINT('',(0.0831121152690984,0.0163743159245824,-0.01016));
#3859=CARTESIAN_POINT('',(0.0831121152690984,0.0163743159245824,-0.00273596984310449));
#3860=CARTESIAN_POINT('',(0.0827797135815548,0.0164487753880134,-0.00724786418139017));
#3861=CARTESIAN_POINT('',(0.082283689130206,0.0165579036654568,-0.00756724724709286));
#3862=CARTESIAN_POINT('',(0.0816704981481281,0.016678325800183,-0.00881881965536487));
#3863=CARTESIAN_POINT('',(0.0824920681923708,0.0165146622504473,-0.00993231406941496));
#3864=CARTESIAN_POINT('',(0.0830385144257345,0.0163910335250749,-0.0101599999999916));
#3865=CARTESIAN_POINT('',(0.0827797135815547,0.0164487753880134,-0.00724786418139013));
#3866=CARTESIAN_POINT('',(0.0830385144257345,0.0163910335250749,-0.0101599999999917));
#3867=CARTESIAN_POINT('',(0.0830385144257345,0.0163910335250749,-0.01016));
#3868=CARTESIAN_POINT('',(0.0806608027841913,0.0169289701812352,-0.01016));
#3869=CARTESIAN_POINT('',(0.0782515473733208,0.0172720606292576,-0.01016));
#3870=CARTESIAN_POINT('',(0.0758215717565023,0.0174871621385175,-0.01016));
#3871=CARTESIAN_POINT('',(0.0758215717565023,0.0174871621385175,-0.01016));
#3872=CARTESIAN_POINT('',(0.0758215717565023,0.0174871621385174,-0.01016));
#3873=CARTESIAN_POINT('',(0.0757803503360659,0.0174908110598022,-0.0101460740612363));
#3874=CARTESIAN_POINT('',(0.0757391260911018,0.0174944218494428,-0.010132144426996));
#3875=CARTESIAN_POINT('',(0.0756978990382103,0.0174979947589812,-0.0101182111277058));
#3876=CARTESIAN_POINT('',(0.0756978990382103,0.0174979947589812,-0.0101182111277058));
#3877=CARTESIAN_POINT('',(0.0756978990382103,0.0174979947589812,-0.0101182111277058));
#3878=CARTESIAN_POINT('',(0.075987790921294,0.0174728715109797,-0.00997598063257672));
#3879=CARTESIAN_POINT('',(0.0764838961973627,0.0174257994195355,-0.00951528445027344));
#3880=CARTESIAN_POINT('',(0.0767168629757319,0.0174016302441395,-0.00852006615488956));
#3881=CARTESIAN_POINT('',(0.0763573445532747,0.0174384868769664,-0.00757008829468591));
#3882=CARTESIAN_POINT('',(0.0755324529900097,0.0175144617300751,-0.00697955250275683));
#3883=CARTESIAN_POINT('',(0.0745176267494386,0.0175923884710763,-0.00694623767515517));
#3884=CARTESIAN_POINT('',(0.0736542999264522,0.0176459716502285,-0.00748382478063466));
#3885=CARTESIAN_POINT('',(0.0732356341278693,0.0176679777906269,-0.00840969365514319));
#3886=CARTESIAN_POINT('',(0.0733478911183362,0.0176622401265861,-0.00908013403254693));
#3887=CARTESIAN_POINT('',(0.0734919173652286,0.0176542314844413,-0.00937021351022039));
#3888=CARTESIAN_POINT('',(0.0734919173652141,0.0176542314844419,-0.00937021351022652));
#3889=CARTESIAN_POINT('',(0.0734919173652211,0.0176542314844418,-0.00937021351020559));
#3890=CARTESIAN_POINT('',(0.0719306534912459,0.0177410462416817,-0.00883918218231099));
#3891=CARTESIAN_POINT('',(0.0703648511377729,0.01778,-0.00831077618172866));
#3892=CARTESIAN_POINT('',(0.0687899366021156,0.01778,-0.00779905792703887));
#3893=CARTESIAN_POINT('',(0.0687899366021156,0.01778,-0.00779905792703887));
#3894=CARTESIAN_POINT('',(0.0687899366021156,0.01778,-0.0127));
#3895=CARTESIAN_POINT('',(0.0687899366021156,0.01778,-0.00278024835298657));
#3896=CARTESIAN_POINT('',(0.0687899366021156,0.01778,-0.00278024835298656));
#3897=CARTESIAN_POINT('',(0.0718502878270177,0.01778,-0.00329028786425763));
#3898=CARTESIAN_POINT('',(0.0748170805782587,0.0176353951200809,-0.00412255997930826));
#3899=CARTESIAN_POINT('',(0.0777141677454441,0.0172916455044718,-0.00517655566630082));
#3900=CARTESIAN_POINT('',(0.0777141677454444,0.0172916455044718,-0.0051765556662997));
#3901=CARTESIAN_POINT('',(0.0777141677454445,0.0172916455044717,-0.00517655566629974));
#3902=CARTESIAN_POINT('',(0.077648790603069,0.017299402733117,-0.00555034994777146));
#3903=CARTESIAN_POINT('',(0.0777870070236287,0.0172837705512588,-0.00634325041283671));
#3904=CARTESIAN_POINT('',(0.0786989309438736,0.0171702768136162,-0.00712676077549718));
#3905=CARTESIAN_POINT('',(0.0798913597379555,0.016995719506231,-0.00715651631397444));
#3906=CARTESIAN_POINT('',(0.0805212675644647,0.0168885534006526,-0.0066758040716812));
#3907=CARTESIAN_POINT('',(0.080727314359643,0.0168525727902977,-0.00635681929107439));
#3908=CARTESIAN_POINT('',(0.080727314359643,0.0168525727902977,-0.00635681929107434));
#3909=CARTESIAN_POINT('',(0.080727314359643,0.0168525727902977,-0.00635681929107433));
#3910=CARTESIAN_POINT('',(0.0814182464859548,0.0167319198114584,-0.00664570576544227));
#3911=CARTESIAN_POINT('',(0.0821021721357825,0.0165978384647883,-0.00694345501771059));
#3912=CARTESIAN_POINT('',(0.0827797135815547,0.0164487753880134,-0.00724786418139013));
#3913=CARTESIAN_POINT('',(0.0454367510974407,0.00788281206041575,-0.00863280793068348));
#3914=CARTESIAN_POINT('',(0.0454367510974407,0.00788281206041575,0.00687621339814734));
#3915=CARTESIAN_POINT('',(0.0520311407744884,0.00788281206041575,-0.00863280793068348));
#3916=CARTESIAN_POINT('',(0.0520311407744884,0.00788281206041575,0.00687621339814734));
#3917=CARTESIAN_POINT('',(0.0598155359427134,0.0111818747069438,-0.00863280793068348));
#3918=CARTESIAN_POINT('',(0.0598155359427134,0.0111818747069438,0.00687621339814734));
#3919=CARTESIAN_POINT('',(0.0687899366021156,0.01778,-0.00863280793068348));
#3920=CARTESIAN_POINT('',(0.0687899366021156,0.01778,0.00687621339814734));
#3921=CARTESIAN_POINT('',(0.0687899366021156,0.01778,-0.00779905792703887));
#3922=CARTESIAN_POINT('',(0.0687899366021156,0.01778,-0.00805286979480526));
#3923=CARTESIAN_POINT('',(0.06875933874165,0.0177574686362089,-0.0083004993111691));
#3924=CARTESIAN_POINT('',(0.0686926531908121,0.0177085706974532,-0.00854085721134259));
#3925=CARTESIAN_POINT('',(0.068692653190812,0.0177085706974532,-0.00854085721134259));
#3926=CARTESIAN_POINT('',(0.068692653190812,0.0177085706974532,-0.00854085721134259));
#3927=CARTESIAN_POINT('',(0.0652481026664561,0.0151828148408329,-0.00728783888732));
#3928=CARTESIAN_POINT('',(0.0598350827547747,0.0117044967107679,-0.00544549662138727));
#3929=CARTESIAN_POINT('',(0.0518215331184815,0.0085744508661281,-0.00301753904669522));
#3930=CARTESIAN_POINT('',(0.0475833871809193,0.00788281206041575,-0.00183181139641313));
#3931=CARTESIAN_POINT('',(0.0454367510974407,0.00788281206041575,-0.00126081138276269));
#3932=CARTESIAN_POINT('',(0.0454367510974407,0.00788281206041575,-0.00126081138276269));
#3933=CARTESIAN_POINT('',(0.0454367510974407,0.00788281206041575,-0.0127));
#3934=CARTESIAN_POINT('',(0.0454367510974407,0.00788281206041574,0.00678426267880645));
#3935=CARTESIAN_POINT('',(0.0454367510974407,0.00788281206041575,0.00678426267880645));
#3936=CARTESIAN_POINT('',(0.0480251621877626,0.00788281206041575,0.00672966640663265));
#3937=CARTESIAN_POINT('',(0.0505216195770719,0.00837349952638926,0.00667700967540219));
#3938=CARTESIAN_POINT('',(0.0529649723974064,0.00914756597651271,0.00662547305662692));
#3939=CARTESIAN_POINT('',(0.0529649723974064,0.00914756597651269,0.00662547305662693));
#3940=CARTESIAN_POINT('',(0.0529649723974076,0.009147565976506,0.0066254730566269));
#3941=CARTESIAN_POINT('',(0.0546668764950172,0.00968673774585631,0.00658957550554847));
#3942=CARTESIAN_POINT('',(0.0579384522626522,0.0110210346111682,0.0064199898622052));
#3943=CARTESIAN_POINT('',(0.0610301857062463,0.0127035166413717,0.0057540202232763));
#3944=CARTESIAN_POINT('',(0.0624930789868625,0.0135750281942354,0.00520236136989808));
#3945=CARTESIAN_POINT('',(0.0624931456772111,0.0135750679247405,0.00520260792424901));
#3946=CARTESIAN_POINT('',(0.0624931456772111,0.0135750679247405,0.00520260792424901));
#3947=CARTESIAN_POINT('',(0.0633007281481165,0.0140561825695217,0.00491516122803941));
#3948=CARTESIAN_POINT('',(0.0648232643135795,0.0150104461554233,0.00417642616142411));
#3949=CARTESIAN_POINT('',(0.0668314945635006,0.0163679385006464,0.00246898415506305));
#3950=CARTESIAN_POINT('',(0.0683397793534473,0.0174470910194702,0.000139452027404879));
#3951=CARTESIAN_POINT('',(0.0687899366021156,0.01778,-0.00178822003590731));
#3952=CARTESIAN_POINT('',(0.0687899366021156,0.01778,-0.00278024835298657));
#3953=CARTESIAN_POINT('',(0.0120641253888607,0.00788281206041574,-0.0127));
#3954=CARTESIAN_POINT('',(0.0454367510974407,0.00788281206041574,-0.00126081138276268));
#3955=CARTESIAN_POINT('',(0.0399673299211454,0.00788281206041574,-4.1011160145046E-5));
#3956=CARTESIAN_POINT('',(0.0289696121841069,0.00788281206041573,0.00198680795622363));
#3957=CARTESIAN_POINT('',(0.00668790916541741,0.00788281206041576,0.00443437520669317));
#3958=CARTESIAN_POINT('',(-0.0101228364112222,0.00788281206041574,0.00448661657823835));
#3959=CARTESIAN_POINT('',(-0.0213076813019337,0.00788281206041574,0.00380284388566847));
#3960=CARTESIAN_POINT('',(-0.0213076813019337,0.00788281206041574,0.00380284388566847));
#3961=CARTESIAN_POINT('',(-0.0213076813019337,0.00788281206041574,0.00380284388566847));
#3962=CARTESIAN_POINT('',(-0.0213082278559504,0.00788281206041574,0.00381191223883378));
#3963=CARTESIAN_POINT('',(-0.0213085003197193,0.00788281206041574,0.00382098883610147));
#3964=CARTESIAN_POINT('',(-0.0213085003197193,0.00788281206041574,0.00383007362855019));
#3965=CARTESIAN_POINT('',(-0.0213085003197193,0.00788281206041574,0.00383007362855018));
#3966=CARTESIAN_POINT('',(-0.0213085003197193,0.00788281206041574,-0.0127));
#3967=CARTESIAN_POINT('',(-0.0213085003197193,0.00788281206041575,0.0115101706832164));
#3968=CARTESIAN_POINT('',(-0.00843482641503233,0.00788281206041574,0.0145004629157483));
#3969=CARTESIAN_POINT('',(0.00334756169468161,0.00788281206041575,0.00767203234136105));
#3970=CARTESIAN_POINT('',(0.0124897568084968,0.00788281206041574,0.00747919984478966));
#3971=CARTESIAN_POINT('',(-0.0352730751037598,0.0131285283714533,0.00251631675979198));
#3972=CARTESIAN_POINT('',(-0.0352730751037598,0.0131285283714533,0.0184794198802012));
#3973=CARTESIAN_POINT('',(-0.0323187733689944,0.00887098225454489,0.00251631675979198));
#3974=CARTESIAN_POINT('',(-0.0323187733689944,0.00887098225454489,0.0184794198802012));
#3975=CARTESIAN_POINT('',(-0.0276639151076476,0.00712241015086571,0.00251631675979198));
#3976=CARTESIAN_POINT('',(-0.0276639151076476,0.00712241015086571,0.0184794198802012));
#3977=CARTESIAN_POINT('',(-0.0213085003197193,0.00788281206041575,0.00251631675979198));
#3978=CARTESIAN_POINT('',(-0.0213085003197193,0.00788281206041575,0.0184794198802012));
#3979=CARTESIAN_POINT('',(-0.0213085003197193,0.00788281206041575,0.00383007362855019));
#3980=CARTESIAN_POINT('',(-0.0232748214385687,0.00764754899994616,0.0036966898599276));
#3981=CARTESIAN_POINT('',(-0.0262903334157802,0.00760892476930776,0.00344042295105321));
#3982=CARTESIAN_POINT('',(-0.030147050615955,0.00872298012471856,0.00297686231760157));
#3983=CARTESIAN_POINT('',(-0.0318840058109465,0.00974132949253873,0.00272823552265497));
#3984=CARTESIAN_POINT('',(-0.0326691810445784,0.0103515142351679,0.00261095966366792));
#3985=CARTESIAN_POINT('',(-0.0326691810445785,0.0103515142351679,0.00261095966366792));
#3986=CARTESIAN_POINT('',(-0.0326691810445938,0.0103515142351798,0.00261095966366563));
#3987=CARTESIAN_POINT('',(-0.0330310495197354,0.010632733780718,0.00275321490038693));
#3988=CARTESIAN_POINT('',(-0.0337023203662722,0.0112234031362158,0.00309405148719616));
#3989=CARTESIAN_POINT('',(-0.0345365449229562,0.0121349404014817,0.0038278357555255));
#3990=CARTESIAN_POINT('',(-0.035130128507954,0.012916578120251,0.00491758411573905));
#3991=CARTESIAN_POINT('',(-0.0352730751037598,0.0131285283714533,0.00586753838487711));
#3992=CARTESIAN_POINT('',(-0.0352730751037598,0.0131285283714533,0.00635249406923821));
#3993=CARTESIAN_POINT('',(-0.0352730751037598,0.0131285283714533,0.0063524940692382));
#3994=CARTESIAN_POINT('',(-0.0352730751037598,0.0131285283714533,-0.0127));
#3995=CARTESIAN_POINT('',(-0.0352730751037598,0.0131285283714533,0.017197623079623));
#3996=CARTESIAN_POINT('',(-0.0352730751037598,0.0131285283714533,0.017197623079623));
#3997=CARTESIAN_POINT('',(-0.0352730751037597,0.0131285283714533,0.0174150494001149));
#3998=CARTESIAN_POINT('',(-0.0352278685850079,0.0130618124590909,0.0178551009252046));
#3999=CARTESIAN_POINT('',(-0.034933743424163,0.0126527235206746,0.0183185493744836));
#4000=CARTESIAN_POINT('',(-0.0345226673695483,0.0121356704557063,0.0184090268831967));
#4001=CARTESIAN_POINT('',(-0.0339572627646512,0.0114960570166013,0.0182869928623889));
#4002=CARTESIAN_POINT('',(-0.0332371806028822,0.010797791172039,0.0178782472428994));
#4003=CARTESIAN_POINT('',(-0.0326689320752901,0.0103444799169451,0.0174377686995037));
#4004=CARTESIAN_POINT('',(-0.0323827799821796,0.0101359461264117,0.0171946347902837));
#4005=CARTESIAN_POINT('',(-0.0323827799821795,0.0101359461264117,0.0171946347902837));
#4006=CARTESIAN_POINT('',(-0.0323827799821796,0.0101359461264117,0.0171946347902837));
#4007=CARTESIAN_POINT('',(-0.0320014997286891,0.00985808753851313,0.0169217183429475));
#4008=CARTESIAN_POINT('',(-0.0312180659393789,0.00935855953308978,0.0163631406247473));
#4009=CARTESIAN_POINT('',(-0.0299909735654549,0.00876533399062907,0.015474918393334));
#4010=CARTESIAN_POINT('',(-0.0287005266589097,0.00830827575657867,0.0145874648059461));
#4011=CARTESIAN_POINT('',(-0.0268552025574136,0.0078635710728896,0.0136065380794468));
#4012=CARTESIAN_POINT('',(-0.0243756509164255,0.00763487523244965,0.0125387687260672));
#4013=CARTESIAN_POINT('',(-0.0223341976590201,0.00776009116155228,0.0118351275983673));
#4014=CARTESIAN_POINT('',(-0.0213085003197193,0.00788281206041575,0.0115101706832164));
#4015=CARTESIAN_POINT('',(-0.05715,0.01778,0.000767534502377031));
#4016=CARTESIAN_POINT('',(-0.05715,0.01778,0.0252346266179695));
#4017=CARTESIAN_POINT('',(-0.04704751756112,0.01778,0.000767534502377031));
#4018=CARTESIAN_POINT('',(-0.04704751756112,0.01778,0.0252346266179695));
#4019=CARTESIAN_POINT('',(-0.0397552092623733,0.0162295094571511,0.000767534502377031));
#4020=CARTESIAN_POINT('',(-0.0397552092623733,0.0162295094571511,0.0252346266179695));
#4021=CARTESIAN_POINT('',(-0.0352730751037598,0.0131285283714533,0.000767534502377031));
#4022=CARTESIAN_POINT('',(-0.0352730751037598,0.0131285283714533,0.0252346266179695));
#4023=CARTESIAN_POINT('',(-0.0378890493903971,0.0146162768777122,0.00615857653523872));
#4024=CARTESIAN_POINT('',(-0.0393604964647748,0.0153045729308553,0.00598013934642483));
#4025=CARTESIAN_POINT('',(-0.0409101962672483,0.0158240490689328,0.00574552728559901));
#4026=CARTESIAN_POINT('',(-0.0424566106850104,0.0162280598290983,0.00545795208237244));
#4027=CARTESIAN_POINT('',(-0.0378890493903971,0.0146162768777122,0.00615857653523871));
#4028=CARTESIAN_POINT('',(-0.0424566106850104,0.0162280598290983,0.00545795208237244));
#4029=CARTESIAN_POINT('',(-0.0424566106850104,0.0162280598290983,0.00545795208237247));
#4030=CARTESIAN_POINT('',(-0.0418591628504938,0.016071972721393,0.00576821410436826));
#4031=CARTESIAN_POINT('',(-0.0407573364848493,0.0157478226311146,0.0065850482267101));
#4032=CARTESIAN_POINT('',(-0.0395998129323939,0.0153368101911757,0.00829797460308944));
#4033=CARTESIAN_POINT('',(-0.0391631857068501,0.0151632627518226,0.0103901758975721));
#4034=CARTESIAN_POINT('',(-0.0396228607875512,0.0153458308709079,0.0124681513327815));
#4035=CARTESIAN_POINT('',(-0.0408028702922373,0.0157623080152434,0.0141757956531103));
#4036=CARTESIAN_POINT('',(-0.0430151609253606,0.0164112225195033,0.0157829305746849));
#4037=CARTESIAN_POINT('',(-0.046539652711289,0.0171273849584916,0.0163467623851271));
#4038=CARTESIAN_POINT('',(-0.0504074933697539,0.0175344284729762,0.0142275986419821));
#4039=CARTESIAN_POINT('',(-0.0518391089417621,0.0176174082218091,0.00996646592558141));
#4040=CARTESIAN_POINT('',(-0.0498792282393747,0.017495639008012,0.00595001035918708));
#4041=CARTESIAN_POINT('',(-0.0471676594663408,0.0171745330608002,0.00484015736676489));
#4042=CARTESIAN_POINT('',(-0.0458020778987114,0.0169415318805355,0.00475232584770863));
#4043=CARTESIAN_POINT('',(-0.0458020778987114,0.0169415318805355,0.00475232584770869));
#4044=CARTESIAN_POINT('',(-0.0458020778987114,0.0169415318805355,0.00475232584770869));
#4045=CARTESIAN_POINT('',(-0.0477211319684401,0.017268968830358,0.00429838039558441));
#4046=CARTESIAN_POINT('',(-0.0515854937005477,0.0176808013460769,0.00320793585265096));
#4047=CARTESIAN_POINT('',(-0.0553214865474131,0.01778,0.00174597565081549));
#4048=CARTESIAN_POINT('',(-0.05715,0.01778,0.000912596313339064));
#4049=CARTESIAN_POINT('',(-0.05715,0.01778,0.000912596313339077));
#4050=CARTESIAN_POINT('',(-0.05715,0.01778,-0.0127));
#4051=CARTESIAN_POINT('',(-0.05715,0.01778,0.0250895648070074));
#4052=CARTESIAN_POINT('',(-0.05715,0.01778,0.0250895648070075));
#4053=CARTESIAN_POINT('',(-0.0561444156361346,0.01778,0.0250895636773852));
#4054=CARTESIAN_POINT('',(-0.0541075816383219,0.0177484270829359,0.0249725857296569));
#4055=CARTESIAN_POINT('',(-0.0501573724169286,0.0175444899070949,0.0243092444609135));
#4056=CARTESIAN_POINT('',(-0.0453096193963345,0.0169736087763713,0.0227179986474944));
#4057=CARTESIAN_POINT('',(-0.0409101980022736,0.0158893750114347,0.0205124016070363));
#4058=CARTESIAN_POINT('',(-0.0375883144085273,0.0145388310838362,0.0185975627446827));
#4059=CARTESIAN_POINT('',(-0.0360134921213771,0.013640788622019,0.0176454757211997));
#4060=CARTESIAN_POINT('',(-0.0352730751037598,0.0131285283714533,0.017197623079623));
#4061=CARTESIAN_POINT('',(-0.0352730751037598,0.0131285283714533,0.00635249406923821));
#4062=CARTESIAN_POINT('',(-0.0360993964296322,0.0137002218352276,0.00632351213123948));
#4063=CARTESIAN_POINT('',(-0.0369801839389132,0.0141911385808699,0.00626879143796733));
#4064=CARTESIAN_POINT('',(-0.0378890493903971,0.0146162768777122,0.00615857653523871));
#4065=CARTESIAN_POINT('',(-0.079375,0.01778,-0.0127));
#4066=CARTESIAN_POINT('',(-0.0752577808453695,0.01778,-0.00456016519311887));
#4067=CARTESIAN_POINT('',(-0.075927713020418,0.01778,-0.00189193052618249));
#4068=CARTESIAN_POINT('',(-0.0767269489244583,0.01778,0.000758054612929796));
#4069=CARTESIAN_POINT('',(-0.0777181353125185,0.01778,0.00331793256268527));
#4070=CARTESIAN_POINT('',(-0.0752577808453696,0.01778,-0.00456016519311888));
#4071=CARTESIAN_POINT('',(-0.0777181353125185,0.01778,0.00331793256268527));
#4072=CARTESIAN_POINT('',(-0.0763814372357176,0.01778,0.00721289751581532));
#4073=CARTESIAN_POINT('',(-0.0738205032766813,0.01778,0.0039881291532675));
#4074=CARTESIAN_POINT('',(-0.0697312876582146,0.01778,0.00719017954543233));
#4075=CARTESIAN_POINT('',(-0.0737985306611234,0.01778,0.010420093699642));
#4076=CARTESIAN_POINT('',(-0.0763814372357176,0.01778,0.00721289751581532));
#4077=CARTESIAN_POINT('',(-0.0802142294390597,0.01778,0.00871862579828681));
#4078=CARTESIAN_POINT('',(-0.0802142294390597,0.01778,0.00871862579828682));
#4079=CARTESIAN_POINT('',(-0.0809785451081824,0.01778,0.0101041528825709));
#4080=CARTESIAN_POINT('',(-0.0827048805272266,0.01778,0.0128079640043646));
#4081=CARTESIAN_POINT('',(-0.0858423786319179,0.01778,0.0163421580251925));
#4082=CARTESIAN_POINT('',(-0.0896653995369074,0.01778,0.0192877853400531));
#4083=CARTESIAN_POINT('',(-0.0924895006325902,0.01778,0.0206486360710713));
#4084=CARTESIAN_POINT('',(-0.09398,0.01778,0.0211797039840059));
#4085=CARTESIAN_POINT('',(-0.09398,0.01778,0.0211797039840059));
#4086=CARTESIAN_POINT('',(-0.09398,0.01778,0.0250895648070074));
#4087=CARTESIAN_POINT('',(-0.09398,0.01778,0.0250895648070074));
#4088=CARTESIAN_POINT('',(-0.079375,0.01778,0.0250895648070074));
#4089=CARTESIAN_POINT('',(-0.05715,0.01778,0.00091259631333908));
#4090=CARTESIAN_POINT('',(-0.0600172843043196,0.01778,-0.000511451871834038));
#4091=CARTESIAN_POINT('',(-0.0627454453283843,0.01778,-0.00218777833450135));
#4092=CARTESIAN_POINT('',(-0.0652878965687126,0.01778,-0.00412695328148561));
#4093=CARTESIAN_POINT('',(-0.0652878965687126,0.01778,-0.00412695328148564));
#4094=CARTESIAN_POINT('',(-0.0652878965687126,0.01778,-0.00412695328148564));
#4095=CARTESIAN_POINT('',(-0.0660012071103182,0.01778,-0.0041842068678783));
#4096=CARTESIAN_POINT('',(-0.0667147301586796,0.01778,-0.00423673910221807));
#4097=CARTESIAN_POINT('',(-0.0674284885379058,0.01778,-0.00428404289166531));
#4098=CARTESIAN_POINT('',(-0.0674284885379058,0.01778,-0.00428404289166531));
#4099=CARTESIAN_POINT('',(-0.0685863196849823,0.01778,-0.005461));
#4100=CARTESIAN_POINT('',(-0.0698714856665643,0.01778,-0.00442458820935675));
#4101=CARTESIAN_POINT('',(-0.0698714856665643,0.01778,-0.00442458820935688));
#4102=CARTESIAN_POINT('',(-0.0716650555879799,0.01778,-0.00451142650416815));
#4103=CARTESIAN_POINT('',(-0.0734606317989129,0.01778,-0.00456144670748171));
#4104=CARTESIAN_POINT('',(-0.0752577808453696,0.01778,-0.00456016519311887));
#4105=CARTESIAN_POINT('',(-0.0646375972706142,0.009652,-0.0122288971731016));
#4106=CARTESIAN_POINT('',(-0.0646375972706142,-0.00965199999999999,-0.0122288971731016));
#4107=CARTESIAN_POINT('',(-0.0695409170886994,0.009652,-0.0126224601844981));
#4108=CARTESIAN_POINT('',(-0.0695409170886994,-0.00965199999999999,-0.0126224601844981));
#4109=CARTESIAN_POINT('',(-0.0739536799916593,0.009652,-0.0127630927018095));
#4110=CARTESIAN_POINT('',(-0.0739536799916593,-0.00965199999999999,-0.0127630927018095));
#4111=CARTESIAN_POINT('',(-0.077875885979494,0.009652,-0.0126507947250359));
#4112=CARTESIAN_POINT('',(-0.077875885979494,-0.00965199999999999,-0.0126507947250359));
#4113=CARTESIAN_POINT('',(-0.0646375972705936,0.01778,-0.0122288971730999));
#4114=CARTESIAN_POINT('',(-0.0646375972705936,0.009652,-0.0122288971730999));
#4115=CARTESIAN_POINT('',(-0.0646375972705936,-0.009652,-0.0122288971730999));
#4116=CARTESIAN_POINT('',(-0.0646375972705936,-0.009652,-0.0122288971730999));
#4117=CARTESIAN_POINT('',(-0.0690417005576351,-0.009652,-0.0125823907685526));
#4118=CARTESIAN_POINT('',(-0.0734582729050746,-0.009652,-0.0127772768659444));
#4119=CARTESIAN_POINT('',(-0.0778758859794921,-0.009652,-0.0126507947250359));
#4120=CARTESIAN_POINT('',(-0.0778758859794921,-0.009652,-0.0126507947250359));
#4121=CARTESIAN_POINT('',(-0.0778758859794921,-0.01778,-0.0126507947250359));
#4122=CARTESIAN_POINT('',(-0.0778758859794921,0.009652,-0.0126507947250359));
#4123=CARTESIAN_POINT('',(-0.0778758859794921,0.009652,-0.0126507947250359));
#4124=CARTESIAN_POINT('',(-0.0734582729050746,0.009652,-0.0127772768659445));
#4125=CARTESIAN_POINT('',(-0.069041700557635,0.009652,-0.0125823907685531));
#4126=CARTESIAN_POINT('',(-0.0646375972705935,0.009652,-0.0122288971730999));
#4127=CARTESIAN_POINT('',(-0.0397580814770212,0.00965200000000142,-0.00181539781535106));
#4128=CARTESIAN_POINT('',(-0.0397580814770212,-0.009652,-0.00181539781535106));
#4129=CARTESIAN_POINT('',(-0.0479414833635525,0.00965200000000142,-0.00343159793677341));
#4130=CARTESIAN_POINT('',(-0.0479414833635525,-0.009652,-0.00343159793677341));
#4131=CARTESIAN_POINT('',(-0.0548083395349513,0.00965200000000142,-0.00635636061308434));
#4132=CARTESIAN_POINT('',(-0.0548083395349513,-0.009652,-0.00635636061308434));
#4133=CARTESIAN_POINT('',(-0.0603586499912175,0.00965200000000142,-0.0105896858442838));
#4134=CARTESIAN_POINT('',(-0.0603586499912175,-0.009652,-0.0105896858442838));
#4135=CARTESIAN_POINT('',(-0.0397580814770212,0.0115941638381292,-0.00181539781535108));
#4136=CARTESIAN_POINT('',(-0.0397580814770212,0.00725393093831035,-0.00181539781535108));
#4137=CARTESIAN_POINT('',(-0.0397580814770212,-0.00725393093831035,-0.00181539781535108));
#4138=CARTESIAN_POINT('',(-0.0397580814770212,-0.00725393093831035,-0.00181539781535108));
#4139=CARTESIAN_POINT('',(-0.0408500467225441,-0.00782593043861735,-0.00203105804894021));
#4140=CARTESIAN_POINT('',(-0.043159414378915,-0.00861518695713975,-0.00254501621631091));
#4141=CARTESIAN_POINT('',(-0.0478341867595291,-0.00949352110625178,-0.00388102091252831));
#4142=CARTESIAN_POINT('',(-0.0513088445276269,-0.009652,-0.00526162079395294));
#4143=CARTESIAN_POINT('',(-0.0535345471118232,-0.009652,-0.00636702485904164));
#4144=CARTESIAN_POINT('',(-0.0535345471118232,-0.009652,-0.00636702485904164));
#4145=CARTESIAN_POINT('',(-0.0535345471118232,-0.009652,-0.00636702485904164));
#4146=CARTESIAN_POINT('',(-0.0559381142866342,-0.009652,-0.00756076608244894));
#4147=CARTESIAN_POINT('',(-0.0582242251244909,-0.009652,-0.00896172021720584));
#4148=CARTESIAN_POINT('',(-0.0603586499912172,-0.009652,-0.0105896858442837));
#4149=CARTESIAN_POINT('',(-0.0603586499912172,-0.009652,-0.0105896858442837));
#4150=CARTESIAN_POINT('',(-0.0603586499912172,-0.009652,-0.0105896858442837));
#4151=CARTESIAN_POINT('',(-0.0603586499912172,0.009652,-0.0105896858442837));
#4152=CARTESIAN_POINT('',(-0.0603586499912172,0.009652,-0.0105896858442837));
#4153=CARTESIAN_POINT('',(-0.0582242251244909,0.009652,-0.0089617202172058));
#4154=CARTESIAN_POINT('',(-0.0559381142866444,0.009652,-0.00756076608243182));
#4155=CARTESIAN_POINT('',(-0.0535345471118231,0.009652,-0.00636702485904162));
#4156=CARTESIAN_POINT('',(-0.0535345471118231,0.009652,-0.00636702485904162));
#4157=CARTESIAN_POINT('',(-0.0535345471118231,0.009652,-0.00636702485904162));
#4158=CARTESIAN_POINT('',(-0.0513088445276338,0.00965200000000156,-0.00526162079393581));
#4159=CARTESIAN_POINT('',(-0.0478341867595274,0.00949352110625152,-0.00388102091253216));
#4160=CARTESIAN_POINT('',(-0.0431594143789154,0.00861518695713972,-0.00254501621631014));
#4161=CARTESIAN_POINT('',(-0.040850046722544,0.00782593043861747,-0.00203105804894019));
#4162=CARTESIAN_POINT('',(-0.0397580814770212,0.00725393093831045,-0.00181539781535107));
#4163=CARTESIAN_POINT('',(-0.0917299911958078,0.00254,-0.00271286988301921));
#4164=CARTESIAN_POINT('',(-0.0917299911958078,-0.00254000000000001,-0.00271286988301921));
#4165=CARTESIAN_POINT('',(-0.093415773047825,0.00254,0.00183604183036849));
#4166=CARTESIAN_POINT('',(-0.093415773047825,-0.00254000000000001,0.00183604183036849));
#4167=CARTESIAN_POINT('',(-0.0954593646512608,0.00254,0.00482105237273974));
#4168=CARTESIAN_POINT('',(-0.0954593646512608,-0.00254000000000001,0.00482105237273974));
#4169=CARTESIAN_POINT('',(-0.0978607660061152,0.00254,0.00624216174409455));
#4170=CARTESIAN_POINT('',(-0.0978607660061152,-0.00254000000000001,0.00624216174409455));
#4171=CARTESIAN_POINT('',(-0.0917299911958064,-0.00254,-0.00271286988302306));
#4172=CARTESIAN_POINT('',(-0.0923715256828401,-0.00254,-0.00098175399806007));
#4173=CARTESIAN_POINT('',(-0.093495094220256,-0.00254000000000002,0.00154943456412414));
#4174=CARTESIAN_POINT('',(-0.0956563408412806,-0.00254000000000001,0.00454789972281575));
#4175=CARTESIAN_POINT('',(-0.0970713505611244,-0.00254000000000002,0.00577499881670514));
#4176=CARTESIAN_POINT('',(-0.0978607660061099,-0.00254000000000002,0.00624216174409147));
#4177=CARTESIAN_POINT('',(-0.0917299911958064,-0.00254,-0.00271286988302306));
#4178=CARTESIAN_POINT('',(-0.0978607660061099,-0.00254,0.00624216174409149));
#4179=CARTESIAN_POINT('',(-0.0978607660061099,-0.00254,0.00624216174409149));
#4180=CARTESIAN_POINT('',(-0.0978607660061099,0.00254,0.00624216174409147));
#4181=CARTESIAN_POINT('',(-0.0978607660061099,0.00254,0.00624216174409146));
#4182=CARTESIAN_POINT('',(-0.0970713505611243,0.00254,0.00577499881670512));
#4183=CARTESIAN_POINT('',(-0.0956563408412805,0.00254,0.00454789972281575));
#4184=CARTESIAN_POINT('',(-0.0934950942202561,0.00254,0.00154943456412412));
#4185=CARTESIAN_POINT('',(-0.0923715256828399,0.00254,-0.000981753998060005));
#4186=CARTESIAN_POINT('',(-0.0917299911958064,0.00254,-0.00271286988302307));
#4187=CARTESIAN_POINT('',(-0.0917299911958064,0.00254,-0.00271286988302306));
#4188=CARTESIAN_POINT('',(-0.0917299911958064,0.00254,-0.00271286988302306));
#4189=CARTESIAN_POINT('',(0.070662476298909,0.0141291238267687,-0.012480613521342));
#4190=CARTESIAN_POINT('',(0.070662476298909,-0.0141291238267687,-0.012480613521342));
#4191=CARTESIAN_POINT('',(0.0361873300967094,0.0141291238267687,-0.000246394651710419));
#4192=CARTESIAN_POINT('',(0.0361873300967094,-0.0141291238267687,-0.000246394651710419));
#4193=CARTESIAN_POINT('',(-0.000538146399935102,0.0141291238267687,0.00332201989704883));
#4194=CARTESIAN_POINT('',(-0.0005381463999351,-0.0141291238267687,0.00332201989704883));
#4195=CARTESIAN_POINT('',(-0.0395139531910245,0.0141291238267687,-0.00177536987506421));
#4196=CARTESIAN_POINT('',(-0.0395139531910245,-0.0141291238267687,-0.00177536987506421));
#4197=CARTESIAN_POINT('',(-0.0208596757433621,-0.00407281206041574,1.30289586390603E-5));
#4198=CARTESIAN_POINT('',(-0.0232871172389413,-0.0037973763971442,-0.000133337220467966));
#4199=CARTESIAN_POINT('',(-0.0269602074198409,-0.00383917465045452,-0.000407909069286571));
#4200=CARTESIAN_POINT('',(-0.0316007777678854,-0.0053479604864311,-0.000849411548139666));
#4201=CARTESIAN_POINT('',(-0.0336905045109407,-0.00663407145251848,-0.00107473349532867));
#4202=CARTESIAN_POINT('',(-0.0346398953416157,-0.00738974820685717,-0.00118177401533201));
#4203=CARTESIAN_POINT('',(-0.0208596757433621,-0.00407281206041574,1.30289586390603E-5));
#4204=CARTESIAN_POINT('',(-0.0346398953416157,-0.00738974820685715,-0.00118177401533201));
#4205=CARTESIAN_POINT('',(-0.0346398953416214,-0.00738974820686168,-0.00118177401533266));
#4206=CARTESIAN_POINT('',(-0.0354574238173008,-0.0073462493304916,-0.00127394751268297));
#4207=CARTESIAN_POINT('',(-0.0366821850942338,-0.00724952546447989,-0.00141767105409052));
#4208=CARTESIAN_POINT('',(-0.0383028091684879,-0.007058220943188,-0.00161874390832492));
#4209=CARTESIAN_POINT('',(-0.0391214873923741,-0.00697540309951152,-0.00172404185103566));
#4210=CARTESIAN_POINT('',(-0.0395139531832154,-0.00686178583309738,-0.00177536987404292));
#4211=CARTESIAN_POINT('',(-0.0395139531832154,-0.00686178583309736,-0.00177536987404292));
#4212=CARTESIAN_POINT('',(-0.0395139531832154,-0.0113917216753253,-0.00177536987404292));
#4213=CARTESIAN_POINT('',(-0.0395139531832154,0.00686178583309736,-0.00177536987404292));
#4214=CARTESIAN_POINT('',(-0.0346398953416074,0.00738974820685053,-0.00118177401533108));
#4215=CARTESIAN_POINT('',(-0.0354574238172874,0.00734624933047893,-0.00127394751268142));
#4216=CARTESIAN_POINT('',(-0.0366821850942324,0.00724952546448096,-0.00141767105408725));
#4217=CARTESIAN_POINT('',(-0.0383028091684864,0.00705822094319129,-0.00161874390832987));
#4218=CARTESIAN_POINT('',(-0.0391214873923729,0.00697540309950342,-0.00172404185102421));
#4219=CARTESIAN_POINT('',(-0.0395139531832154,0.00686178583309738,-0.0017753698740429));
#4220=CARTESIAN_POINT('',(-0.0346398953416215,0.00738974820686173,-0.00118177401533266));
#4221=CARTESIAN_POINT('',(-0.0346398953416214,0.00738974820686174,-0.00118177401533266));
#4222=CARTESIAN_POINT('',(-0.0336911672023123,0.00663459892808272,-0.00107480821148002));
#4223=CARTESIAN_POINT('',(-0.0315964382807155,0.00534561918992877,-0.000848930490708171));
#4224=CARTESIAN_POINT('',(-0.0281122515084774,0.00421346721226763,-0.00051760158027035));
#4225=CARTESIAN_POINT('',(-0.0244894323735132,0.00381257217597108,-0.000222895696251809));
#4226=CARTESIAN_POINT('',(-0.0220739207825074,0.00393503473876236,-6.01857438380305E-5));
#4227=CARTESIAN_POINT('',(-0.0208596757433621,0.00407281206041574,1.3028958639062E-5));
#4228=CARTESIAN_POINT('',(-0.0208596757433621,0.00407281206041574,1.30289586390613E-5));
#4229=CARTESIAN_POINT('',(-0.0208596757433621,0.00407281206041574,1.30289586390613E-5));
#4230=CARTESIAN_POINT('',(-0.00988819647415783,0.00407281206041574,0.000674570545824555));
#4231=CARTESIAN_POINT('',(0.00660061913274822,0.00407281206041573,0.00061369159260458));
#4232=CARTESIAN_POINT('',(0.0284553416513439,0.00407281206041572,-0.00179300127135913));
#4233=CARTESIAN_POINT('',(0.0392425863527869,0.00407281206041574,-0.00378298002102892));
#4234=CARTESIAN_POINT('',(0.0446074128282104,0.00407281206041574,-0.00497945334390792));
#4235=CARTESIAN_POINT('',(0.0446074128282104,0.00407281206041574,-0.00497945334390792));
#4236=CARTESIAN_POINT('',(0.0446074128282104,0.00407281206041574,-0.00497945334390792));
#4237=CARTESIAN_POINT('',(0.0468536056809558,0.00407281206041574,-0.00548040334455807));
#4238=CARTESIAN_POINT('',(0.0512268988335392,0.00472262969976805,-0.00652816445696457));
#4239=CARTESIAN_POINT('',(0.0595886557037609,0.00782083723714123,-0.00879845983249055));
#4240=CARTESIAN_POINT('',(0.0652065266524714,0.0113688925049024,-0.0105895748506124));
#4241=CARTESIAN_POINT('',(0.0687720716708009,0.01396158480906,-0.0118192274376735));
#4242=CARTESIAN_POINT('',(0.0687720716708009,0.0139615848090599,-0.0118192274376735));
#4243=CARTESIAN_POINT('',(0.0687720716708009,0.0139615848090599,-0.0118192274376735));
#4244=CARTESIAN_POINT('',(0.0694033402531847,0.0139526688546761,-0.0120369335783384));
#4245=CARTESIAN_POINT('',(0.0700335224344018,0.0139365462140651,-0.0122574162303965));
#4246=CARTESIAN_POINT('',(0.0706624762989016,0.0139125353530637,-0.0124806135213393));
#4247=CARTESIAN_POINT('',(0.0706624762989016,0.0139125353530637,-0.0124806135213393));
#4248=CARTESIAN_POINT('',(0.0706624762989016,0.0139125353530637,-0.0124806135213393));
#4249=CARTESIAN_POINT('',(0.0706624762989016,-0.0139125353530637,-0.0124806135213393));
#4250=CARTESIAN_POINT('',(0.0706624762989016,-0.0139125353530637,-0.0124806135213393));
#4251=CARTESIAN_POINT('',(0.0700335224344018,-0.0139365462140651,-0.0122574162303964));
#4252=CARTESIAN_POINT('',(0.0694033402531715,-0.0139526688546746,-0.0120369335783763));
#4253=CARTESIAN_POINT('',(0.0687720716708009,-0.0139615848090599,-0.0118192274376735));
#4254=CARTESIAN_POINT('',(0.0687720716708009,-0.01396158480906,-0.0118192274376735));
#4255=CARTESIAN_POINT('',(0.0687720716708009,-0.01396158480906,-0.0118192274376735));
#4256=CARTESIAN_POINT('',(0.0652065266524183,-0.0113688925048734,-0.0105895748508334));
#4257=CARTESIAN_POINT('',(0.059588655703773,-0.00782083723714776,-0.00879845983244033));
#4258=CARTESIAN_POINT('',(0.0512268988335368,-0.00472262969976671,-0.00652816445697461));
#4259=CARTESIAN_POINT('',(0.0468536056809559,-0.0040728120604157,-0.00548040334455808));
#4260=CARTESIAN_POINT('',(0.0446074128282105,-0.0040728120604157,-0.00497945334390793));
#4261=CARTESIAN_POINT('',(0.0446074128282104,-0.00407281206041574,-0.00497945334390792));
#4262=CARTESIAN_POINT('',(0.0446074128282104,-0.00407281206041574,-0.00497945334390792));
#4263=CARTESIAN_POINT('',(0.0392425863527869,-0.00407281206041574,-0.00378298002102892));
#4264=CARTESIAN_POINT('',(0.0284553416513439,-0.00407281206041569,-0.00179300127135913));
#4265=CARTESIAN_POINT('',(0.0066006191327482,-0.0040728120604158,0.000613691592604575));
#4266=CARTESIAN_POINT('',(-0.00988819647415786,-0.00407281206041573,0.000674570545824575));
#4267=CARTESIAN_POINT('',(-0.0208596757433621,-0.00407281206041573,1.30289586390603E-5));
#4268=CARTESIAN_POINT('',(0.0624931491911411,0.00925735454878542,0.00642449920997024));
#4269=CARTESIAN_POINT('',(0.0624931491911411,-0.00925733687427117,0.00642449920997024));
#4270=CARTESIAN_POINT('',(0.0744685279168324,0.00925735454878542,0.00642449920997024));
#4271=CARTESIAN_POINT('',(0.0744685279168324,-0.00925733687427117,0.00642449920997024));
#4272=CARTESIAN_POINT('',(0.0859792601505163,0.00925735454878542,0.00152998504805019));
#4273=CARTESIAN_POINT('',(0.0859792601505163,-0.00925733687427117,0.00152998504805019));
#4274=CARTESIAN_POINT('',(0.0970253458921928,0.00925735454878542,-0.00825904327578993));
#4275=CARTESIAN_POINT('',(0.0970253458921928,-0.00925733687427117,-0.00825904327578993));
#4276=CARTESIAN_POINT('',(0.0624931491911411,-0.00914756597650597,0.00642449920997024));
#4277=CARTESIAN_POINT('',(0.0641458156411535,-0.00914756597650597,0.00642449808174194));
#4278=CARTESIAN_POINT('',(0.0674538562833756,-0.00914284654528361,0.00623777738769028));
#4279=CARTESIAN_POINT('',(0.0723637967388374,-0.00916408398578426,0.0053859936563967));
#4280=CARTESIAN_POINT('',(0.0770956596384973,-0.00899442252173828,0.00401034185939568));
#4281=CARTESIAN_POINT('',(0.0816952114524359,-0.00859243369725153,0.00213259459236045));
#4282=CARTESIAN_POINT('',(0.086023781386324,-0.00791126826065553,-0.000137415202910378));
#4283=CARTESIAN_POINT('',(0.0901240597309439,-0.00685021187597778,-0.00275050438321314));
#4284=CARTESIAN_POINT('',(0.0938819271201124,-0.00527245841867945,-0.00555442668219864));
#4285=CARTESIAN_POINT('',(0.0961052240918696,-0.00360202223510494,-0.00744363240759733));
#4286=CARTESIAN_POINT('',(0.0970253458922086,-0.00249245231680106,-0.00825904327580398));
#4287=CARTESIAN_POINT('',(0.0624931491911411,-0.00914756597650598,0.00642449920997024));
#4288=CARTESIAN_POINT('',(0.0970253458922086,-0.00249245231680111,-0.00825904327580395));
#4289=CARTESIAN_POINT('',(0.0970253458922131,-0.00249245231681211,-0.00825904327580791));
#4290=CARTESIAN_POINT('',(0.097025345892213,0.00249245231679576,-0.00825904327580789));
#4291=CARTESIAN_POINT('',(0.097025345892213,0.00249245231679573,-0.00825904327580788));
#4292=CARTESIAN_POINT('',(0.0961052240867438,0.00360202224128783,-0.00744363240305466));
#4293=CARTESIAN_POINT('',(0.0938819259830218,0.00527245843104905,-0.00555442666643241));
#4294=CARTESIAN_POINT('',(0.0901240636002558,0.00685021189139549,-0.00275050435134572));
#4295=CARTESIAN_POINT('',(0.0860237667823334,0.00791126827549409,-0.000137415164192322));
#4296=CARTESIAN_POINT('',(0.0816952655768414,0.00859243370963018,0.00213259465009715));
#4297=CARTESIAN_POINT('',(0.0770954571470624,0.00899442253008249,0.00401034186767587));
#4298=CARTESIAN_POINT('',(0.0723645518006626,0.00916408398761827,0.00538599383703655));
#4299=CARTESIAN_POINT('',(0.0674510375598437,0.00914284654475966,0.0062377768806856));
#4300=CARTESIAN_POINT('',(0.0641518887149394,0.00914756597650598,0.00642449920997024));
#4301=CARTESIAN_POINT('',(0.0624931491911411,0.00914756597650598,0.00642449920997024));
#4302=CARTESIAN_POINT('',(0.0624931491911411,0.009147565976506,0.00642449920997024));
#4303=CARTESIAN_POINT('',(0.0624931491911411,0.061214,0.00642449920997024));
#4304=CARTESIAN_POINT('',(0.0329203554429114,0.061214,0.00704826577566564));
#4305=CARTESIAN_POINT('',(0.0529649723973852,-0.00914756597650598,0.00662547305662737));
#4306=CARTESIAN_POINT('',(0.0561410313286372,-0.00914756597650598,0.00655848177440832));
#4307=CARTESIAN_POINT('',(0.0593170902598891,-0.00914756597650598,0.00649149049218928));
#4308=CARTESIAN_POINT('',(0.0624931491911411,-0.00914756597650598,0.00642449920997024));
#4309=CARTESIAN_POINT('',(0.0624931491911411,0.009147565976506,0.00642449920997024));
#4310=CARTESIAN_POINT('',(0.0593170902598966,0.009147565976506,0.00649149049218913));
#4311=CARTESIAN_POINT('',(0.0561410313286521,0.009147565976506,0.00655848177440801));
#4312=CARTESIAN_POINT('',(0.0529649723974076,0.009147565976506,0.0066254730566269));
#4313=CARTESIAN_POINT('',(0.00334756169468161,0.061214,0.00767203234136105));
#4314=CARTESIAN_POINT('',(-0.032483801152298,0.0102575774799286,0.0172669446951425));
#4315=CARTESIAN_POINT('',(-0.032483801152298,-0.0102575774799286,0.0172669446951425));
#4316=CARTESIAN_POINT('',(-0.0317780560332764,0.0102575774799286,0.0167617796653648));
#4317=CARTESIAN_POINT('',(-0.0317780560332764,-0.0102575774799286,0.0167617796653648));
#4318=CARTESIAN_POINT('',(-0.0307001353568381,0.0102575774799286,0.0160014504106744));
#4319=CARTESIAN_POINT('',(-0.0307001353568381,-0.0102575774799286,0.0160014504106744));
#4320=CARTESIAN_POINT('',(-0.0293401197798777,0.0102575774799286,0.0149980049111823));
#4321=CARTESIAN_POINT('',(-0.0293401197798777,-0.0102575774799286,0.0149980049111823));
#4322=CARTESIAN_POINT('',(-0.0275654121077698,0.0102575774799286,0.0139375035499604));
#4323=CARTESIAN_POINT('',(-0.0275654121077698,-0.0102575774799287,0.0139375035499604));
#4324=CARTESIAN_POINT('',(-0.0244806590838274,0.0102575774799286,0.0125346131482777));
#4325=CARTESIAN_POINT('',(-0.0244806590838274,-0.0102575774799286,0.0125346131482777));
#4326=CARTESIAN_POINT('',(-0.0178083931177853,0.0102575774799286,0.0103236998992305));
#4327=CARTESIAN_POINT('',(-0.0178083931177853,-0.0102575774799287,0.0103236998992305));
#4328=CARTESIAN_POINT('',(-0.00928530722538768,0.0102575774799286,0.00858495034756733));
#4329=CARTESIAN_POINT('',(-0.00928530722538767,-0.0102575774799286,0.00858495034756733));
#4330=CARTESIAN_POINT('',(-0.00148363275689682,0.0102575774799286,0.00778716992578607));
#4331=CARTESIAN_POINT('',(-0.00148363275689682,-0.0102575774799287,0.00778716992578607));
#4332=CARTESIAN_POINT('',(0.00185435327504119,0.0102575774799286,0.00767203234136105));
#4333=CARTESIAN_POINT('',(0.00185435327504119,-0.0102575774799286,0.00767203234136105));
#4334=CARTESIAN_POINT('',(0.00334756169468164,0.0102575774799286,0.00767203234136105));
#4335=CARTESIAN_POINT('',(0.00334756169468164,-0.0102575774799286,0.00767203234136105));
#4336=CARTESIAN_POINT('',(-0.0323827799821795,0.0101359461264117,0.0171946347902837));
#4337=CARTESIAN_POINT('',(-0.0321093436059939,0.00989338852796237,0.0169989118707831));
#4338=CARTESIAN_POINT('',(-0.0315698818195337,0.00939618032311921,0.0166127707242473));
#4339=CARTESIAN_POINT('',(-0.0307958908461522,0.00859708636583746,0.0160587560203865));
#4340=CARTESIAN_POINT('',(-0.0301978310450899,0.00785749611557372,0.0156306710233106));
#4341=CARTESIAN_POINT('',(-0.0298121540615398,0.00718818228465205,0.0153546074422409));
#4342=CARTESIAN_POINT('',(-0.0296788327395916,0.00678867678530036,0.0152591774240136));
#4343=CARTESIAN_POINT('',(-0.0296788327395916,0.00657726803136104,0.0152591774240136));
#4344=CARTESIAN_POINT('',(-0.0296788327395916,0.00657726803136103,0.0152591774240136));
#4345=CARTESIAN_POINT('',(-0.0296788327395916,0.061214,0.0152591774240136));
#4346=CARTESIAN_POINT('',(-0.0296788327395916,-0.00657726803136104,0.0152591774240136));
#4347=CARTESIAN_POINT('',(-0.0296788327395916,-0.00657726803136104,0.0152591774240136));
#4348=CARTESIAN_POINT('',(-0.0296788327395916,-0.00679060681790946,0.0152591774240136));
#4349=CARTESIAN_POINT('',(-0.0298115910905649,-0.00718670925366387,0.0153542044734629));
#4350=CARTESIAN_POINT('',(-0.0302027060598163,-0.00786568333561585,0.0156341605082428));
#4351=CARTESIAN_POINT('',(-0.0308014559644483,-0.00860258699278839,0.016062739474291));
#4352=CARTESIAN_POINT('',(-0.0315707261921468,-0.00939699040202736,0.016613375117398));
#4353=CARTESIAN_POINT('',(-0.0321095206684351,-0.00989354559499607,0.0169990386102405));
#4354=CARTESIAN_POINT('',(-0.0323827799821795,-0.0101359461264117,0.0171946347902837));
#4355=CARTESIAN_POINT('',(-0.079375,0.061214,0.0287688262760641));
#4356=CARTESIAN_POINT('',(-0.079375,0.0141007385309434,0.0287688262760641));
#4357=CARTESIAN_POINT('',(-0.05715,0.0141007385309434,0.0287688262760641));
#4358=CARTESIAN_POINT('',(-0.09398,0.0141007385309434,0.0287688262760641));
#4359=CARTESIAN_POINT('',(-0.09398,-0.0141007385309434,0.0287688262760641));
#4360=CARTESIAN_POINT('',(-0.09398,-0.0141007385309434,0.0287688262760641));
#4361=CARTESIAN_POINT('',(-0.05715,-0.0141007385309434,0.0287688262760641));
#4362=CARTESIAN_POINT('',(-0.05715,-0.0141007385309434,0.0287688262760641));
#4363=CARTESIAN_POINT('',(-0.05715,0.061214,0.0287688262760641));
#4364=CARTESIAN_POINT('',(-0.05715,0.0142699473933147,0.0287688262760641));
#4365=CARTESIAN_POINT('',(-0.05715,-0.0142699473933147,0.0287688262760641));
#4366=CARTESIAN_POINT('',(-0.0479107080777486,0.0142699473933147,0.0287688262760641));
#4367=CARTESIAN_POINT('',(-0.0479107080777486,-0.0142699473933147,0.0287688262760641));
#4368=CARTESIAN_POINT('',(-0.0387536523242792,0.0142699473933147,0.0242656099920472));
#4369=CARTESIAN_POINT('',(-0.0387536523242792,-0.0142699473933147,0.0242656099920472));
#4370=CARTESIAN_POINT('',(-0.0296788327395916,0.0142699473933147,0.0152591774240136));
#4371=CARTESIAN_POINT('',(-0.0296788327395916,-0.0142699473933147,0.0152591774240136));
#4372=CARTESIAN_POINT('',(-0.0296788327395916,0.00657726803136103,0.0152591774240136));
#4373=CARTESIAN_POINT('',(-0.0305571498042742,0.00715526312780565,0.0161308755710231));
#4374=CARTESIAN_POINT('',(-0.0319009850892006,0.00804061053749603,0.0174004929195292));
#4375=CARTESIAN_POINT('',(-0.0337557358042903,0.00923786313502677,0.0190097123384587));
#4376=CARTESIAN_POINT('',(-0.0351641519055558,0.0101840396180493,0.0201593994790834));
#4377=CARTESIAN_POINT('',(-0.036648491691994,0.0110140955307917,0.0212935060203394));
#4378=CARTESIAN_POINT('',(-0.0387731120524197,0.0119036405330599,0.0227966280105662));
#4379=CARTESIAN_POINT('',(-0.0415857157283302,0.012727013308113,0.0245392801361293));
#4380=CARTESIAN_POINT('',(-0.0452004166494381,0.013398136337654,0.0263235816918675));
#4381=CARTESIAN_POINT('',(-0.0503786951041767,0.0139726548582562,0.0281739430384642));
#4382=CARTESIAN_POINT('',(-0.0544009082455186,0.0141007385309434,0.0287688262760641));
#4383=CARTESIAN_POINT('',(-0.05715,0.0141007385309434,0.0287688262760641));
#4384=CARTESIAN_POINT('',(-0.05715,-0.0141007385309434,0.0287688262760641));
#4385=CARTESIAN_POINT('',(-0.0557940077743013,-0.0141007385309434,0.0287688248454909));
#4386=CARTESIAN_POINT('',(-0.0530515902147863,-0.0140557733077352,0.0285693163229004));
#4387=CARTESIAN_POINT('',(-0.0490864237725012,-0.0138296335006758,0.0277116779869742));
#4388=CARTESIAN_POINT('',(-0.0451997999871103,-0.0133979735914132,0.0263234949929534));
#4389=CARTESIAN_POINT('',(-0.041585880545097,-0.0127270554974373,0.0245393001428474));
#4390=CARTESIAN_POINT('',(-0.0387731014431059,-0.011903641944663,0.0227966354779007));
#4391=CARTESIAN_POINT('',(-0.036648476488257,-0.0110140840489666,0.0212934876726118));
#4392=CARTESIAN_POINT('',(-0.0351642220439801,-0.0101840861840451,0.0201594700673477));
#4393=CARTESIAN_POINT('',(-0.0337554682691424,-0.00923768696729942,0.019009446607886));
#4394=CARTESIAN_POINT('',(-0.0319024048786992,-0.00804154496228324,0.0174019023148235));
#4395=CARTESIAN_POINT('',(-0.0305508505879583,-0.00715111763058822,0.0161246232199789));
#4396=CARTESIAN_POINT('',(-0.0296788327395916,-0.00657726803136103,0.0152591774240136));
#4397=CARTESIAN_POINT('',(-0.0826278030872345,0.061214,-0.008636));
#4398=CARTESIAN_POINT('',(-0.080976844871409,-0.0163253372786265,-0.0086242539539315));
#4399=CARTESIAN_POINT('',(-0.0809787772807804,-0.0163519378065779,-0.00835264535393807));
#4400=CARTESIAN_POINT('',(-0.0811242013599795,-0.0163427404614759,-0.00779864935023773));
#4401=CARTESIAN_POINT('',(-0.0816946276267954,-0.0161432329472249,-0.00719887670757266));
#4402=CARTESIAN_POINT('',(-0.0824240644079116,-0.0157985572584996,-0.00694327049211993));
#4403=CARTESIAN_POINT('',(-0.0831394481048106,-0.0153688009729577,-0.00701551445321474));
#4404=CARTESIAN_POINT('',(-0.0837462591650848,-0.0149108691589108,-0.00735765348383104));
#4405=CARTESIAN_POINT('',(-0.0841820720479113,-0.0144861459281642,-0.00792939722451301));
#4406=CARTESIAN_POINT('',(-0.0843476770030663,-0.014202352055813,-0.00872473207806082));
#4407=CARTESIAN_POINT('',(-0.0841717758805356,-0.0142461658939535,-0.0092777111388573));
#4408=CARTESIAN_POINT('',(-0.084033048173515,-0.0143182134414743,-0.00950265289908039));
#4409=CARTESIAN_POINT('',(-0.080976844871409,-0.0163253372786265,-0.0086242539539315));
#4410=CARTESIAN_POINT('',(-0.084033048173515,-0.0143182134414743,-0.00950265289908038));
#4411=CARTESIAN_POINT('',(-0.080976844871409,-0.0163253372786265,-0.0086242539539315));
#4412=CARTESIAN_POINT('',(-0.0809742524171241,-0.016084264405758,-0.00898863475713287));
#4413=CARTESIAN_POINT('',(-0.0812020341893438,-0.0155242146358929,-0.00963293724748911));
#4414=CARTESIAN_POINT('',(-0.0818188910866752,-0.0147620928718493,-0.0101386790508886));
#4415=CARTESIAN_POINT('',(-0.0824799297195889,-0.0142189850374472,-0.0103103957523318));
#4416=CARTESIAN_POINT('',(-0.083084907851217,-0.0139174329924022,-0.0102682068893691));
#4417=CARTESIAN_POINT('',(-0.0836947185414672,-0.0139649208377459,-0.00995014467038233));
#4418=CARTESIAN_POINT('',(-0.0839399226604697,-0.0141927657957071,-0.00965365241659653));
#4419=CARTESIAN_POINT('',(-0.0840330481735171,-0.0143182134414678,-0.00950265289907704));
#4420=CARTESIAN_POINT('',(-0.080976844871409,0.0163253372786265,-0.00862425395393148));
#4421=CARTESIAN_POINT('',(-0.0809787772807804,0.0163519378065778,-0.00835264535393842));
#4422=CARTESIAN_POINT('',(-0.0811242013599791,0.016342740461476,-0.00779864935023889));
#4423=CARTESIAN_POINT('',(-0.0816946276267936,0.0161432329472256,-0.007198876707574));
#4424=CARTESIAN_POINT('',(-0.0824240644079085,0.0157985572585012,-0.00694327049212043));
#4425=CARTESIAN_POINT('',(-0.0831394481048068,0.0153688009729602,-0.00701551445321367));
#4426=CARTESIAN_POINT('',(-0.0837462591650811,0.0149108691589139,-0.00735765348382799));
#4427=CARTESIAN_POINT('',(-0.0841820720479085,0.0144861459281674,-0.00792939722450741));
#4428=CARTESIAN_POINT('',(-0.0843476770030665,0.0142023520558145,-0.00872473207805248));
#4429=CARTESIAN_POINT('',(-0.084171775880539,0.0142461658939521,-0.00927771113884904));
#4430=CARTESIAN_POINT('',(-0.0840330481735196,0.0143182134414719,-0.00950265289907294));
#4431=CARTESIAN_POINT('',(-0.080976844871409,0.0163253372786265,-0.00862425395393148));
#4432=CARTESIAN_POINT('',(-0.0840330481735196,0.0143182134414718,-0.00950265289907293));
#4433=CARTESIAN_POINT('',(-0.0809768448714091,0.016325337278633,-0.00862425395392164));
#4434=CARTESIAN_POINT('',(-0.080974252417122,0.016084264405765,-0.00898863475712401));
#4435=CARTESIAN_POINT('',(-0.0812020341893452,0.0155242146358886,-0.00963293724749445));
#4436=CARTESIAN_POINT('',(-0.0818188910866769,0.0147620928718476,-0.0101386790508892));
#4437=CARTESIAN_POINT('',(-0.0824799297195922,0.0142189850374448,-0.0103103957523323));
#4438=CARTESIAN_POINT('',(-0.0830849078512217,0.0139174329924008,-0.010268206889368));
#4439=CARTESIAN_POINT('',(-0.0836947185414714,0.0139649208377479,-0.00995014467037885));
#4440=CARTESIAN_POINT('',(-0.0839399226604727,0.0141927657957101,-0.00965365241659261));
#4441=CARTESIAN_POINT('',(-0.0840330481735198,0.0143182134414714,-0.00950265289907273));
#4442=CARTESIAN_POINT('',(-0.076855942606926,0.061214,-0.005461));
#4443=CARTESIAN_POINT('',(-0.0777104785301812,-0.0174333242181069,-0.00687364622459636));
#4444=CARTESIAN_POINT('',(-0.0777724956012281,-0.0174441063942299,-0.00683613094713911));
#4445=CARTESIAN_POINT('',(-0.0778312561871487,-0.0174555408662172,-0.00679503382686103));
#4446=CARTESIAN_POINT('',(-0.0778869350430892,-0.0174674795398056,-0.00675051758288679));
#4447=CARTESIAN_POINT('',(-0.0778869350430892,-0.0174674795398056,-0.00675051758288676));
#4448=CARTESIAN_POINT('',(-0.0777104785301812,-0.0174333242181069,-0.00687364622459636));
#4449=CARTESIAN_POINT('',(-0.0754000448838192,-0.0177790771222402,-0.0046824354106096));
#4450=CARTESIAN_POINT('',(-0.0752279782778893,-0.0177742338142039,-0.00500419597255882));
#4451=CARTESIAN_POINT('',(-0.0751101731623535,-0.0177188741674341,-0.00575098497406827));
#4452=CARTESIAN_POINT('',(-0.0756337285415001,-0.0174954886021806,-0.00674086958157372));
#4453=CARTESIAN_POINT('',(-0.0766572863623087,-0.0173272390390645,-0.00722336309042432));
#4454=CARTESIAN_POINT('',(-0.0774039580851506,-0.0173800331263512,-0.00705906613152719));
#4455=CARTESIAN_POINT('',(-0.0777104785301812,-0.0174333242181071,-0.00687364622459638));
#4456=CARTESIAN_POINT('',(-0.0754000448838192,-0.0177790771222402,-0.0046824354106096));
#4457=CARTESIAN_POINT('',(-0.0754000448838193,-0.0177790771222403,-0.00468243541060962));
#4458=CARTESIAN_POINT('',(-0.0756317901454611,-0.0177777597129158,-0.00424907714674431));
#4459=CARTESIAN_POINT('',(-0.0765030847620108,-0.0177725477261823,-0.00361339208118858));
#4460=CARTESIAN_POINT('',(-0.078059453200928,-0.0175852614730704,-0.00401717935713938));
#4461=CARTESIAN_POINT('',(-0.0787377818708111,-0.0173477692933469,-0.00547502164289264));
#4462=CARTESIAN_POINT('',(-0.0782664039805149,-0.0174056181379333,-0.0064471253613019));
#4463=CARTESIAN_POINT('',(-0.0778869350430893,-0.0174674795398058,-0.00675051758288679));
#4464=CARTESIAN_POINT('',(-0.0754000448838178,0.0177790771222403,-0.00468243541061236));
#4465=CARTESIAN_POINT('',(-0.075631790145459,0.0177777597129159,-0.0042490771467464));
#4466=CARTESIAN_POINT('',(-0.0765030847620085,0.0177725477261825,-0.0036133920811886));
#4467=CARTESIAN_POINT('',(-0.0780594532009274,0.0175852614730706,-0.00401717935713842));
#4468=CARTESIAN_POINT('',(-0.0787377818708115,0.0173477692933468,-0.00547502164289277));
#4469=CARTESIAN_POINT('',(-0.0782664039805145,0.0174056181379333,-0.00644712536130266));
#4470=CARTESIAN_POINT('',(-0.0778869350430884,0.017467479539806,-0.00675051758288751));
#4471=CARTESIAN_POINT('',(-0.0754000448838178,0.0177790771222402,-0.00468243541061236));
#4472=CARTESIAN_POINT('',(-0.0778869350430883,0.0174674795398058,-0.00675051758288749));
#4473=CARTESIAN_POINT('',(-0.0754000448838178,0.0177790771222402,-0.00468243541061236));
#4474=CARTESIAN_POINT('',(-0.0752279782778887,0.0177742338142037,-0.00500419597256166));
#4475=CARTESIAN_POINT('',(-0.075110173162354,0.0177188741674337,-0.00575098497407064));
#4476=CARTESIAN_POINT('',(-0.0756337285415014,0.0174954886021803,-0.00674086958157472));
#4477=CARTESIAN_POINT('',(-0.0766572863623095,0.0173272390390645,-0.00722336309042426));
#4478=CARTESIAN_POINT('',(-0.0774039580851509,0.0173800331263513,-0.00705906613152701));
#4479=CARTESIAN_POINT('',(-0.0777104785301812,0.0174333242181071,-0.00687364622459638));
#4480=CARTESIAN_POINT('',(-0.0777104785301812,0.0174333242181069,-0.00687364622459636));
#4481=CARTESIAN_POINT('',(-0.0777104785301812,0.0174333242181069,-0.00687364622459636));
#4482=CARTESIAN_POINT('',(-0.0777724956012278,0.0174441063942298,-0.0068361309471393));
#4483=CARTESIAN_POINT('',(-0.0778312561871481,0.017455540866217,-0.00679503382686146));
#4484=CARTESIAN_POINT('',(-0.0778869350430884,0.0174674795398054,-0.00675051758288748));
#4485=CARTESIAN_POINT('',(-0.0721656635126045,0.061214,-0.008636));
#4486=CARTESIAN_POINT('',(-0.0706033414815202,-0.0169188410778734,-0.00810219210272941));
#4487=CARTESIAN_POINT('',(-0.0707477932083488,-0.0171334849184616,-0.00767941807408265));
#4488=CARTESIAN_POINT('',(-0.0714504167176541,-0.0174284560999953,-0.0068793624302716));
#4489=CARTESIAN_POINT('',(-0.0731407404109226,-0.0174072699235855,-0.00701208879788338));
#4490=CARTESIAN_POINT('',(-0.0739816117203645,-0.0169066731161514,-0.00833733243558101));
#4491=CARTESIAN_POINT('',(-0.0737703578628499,-0.0163305634004383,-0.00920417850202732));
#4492=CARTESIAN_POINT('',(-0.0735407962368479,-0.0160579087629743,-0.0095496799169922));
#4493=CARTESIAN_POINT('',(-0.0706033414815201,-0.0169188410778734,-0.0081021921027294));
#4494=CARTESIAN_POINT('',(-0.0735407962368479,-0.0160579087629743,-0.00954967991699219));
#4495=CARTESIAN_POINT('',(-0.0735407962368479,-0.0160579087629743,-0.00954967991699219));
#4496=CARTESIAN_POINT('',(-0.0734386821827412,-0.0159366259907299,-0.00970336653611986));
#4497=CARTESIAN_POINT('',(-0.0731804876542759,-0.0156978139989719,-0.00998104040764422));
#4498=CARTESIAN_POINT('',(-0.0726305760710812,-0.0154127975866628,-0.010265035602913));
#4499=CARTESIAN_POINT('',(-0.0719430409911105,-0.0153375526286888,-0.010319266758547));
#4500=CARTESIAN_POINT('',(-0.0713195345870755,-0.0155404503357721,-0.0100979290555048));
#4501=CARTESIAN_POINT('',(-0.0708752221954683,-0.0158717549945251,-0.00971562388782949));
#4502=CARTESIAN_POINT('',(-0.0704981691364173,-0.0163680978109238,-0.0090704349160557));
#4503=CARTESIAN_POINT('',(-0.0704749597818186,-0.0167280760265296,-0.00847793318647387));
#4504=CARTESIAN_POINT('',(-0.0706033414815201,-0.0169188410778734,-0.00810219210272941));
#4505=CARTESIAN_POINT('',(-0.0706033414815167,0.0169188410778683,-0.0081021921027394));
#4506=CARTESIAN_POINT('',(-0.0707477932083424,0.0171334849184572,-0.00767941807409234));
#4507=CARTESIAN_POINT('',(-0.071450416717641,0.0174284560999939,-0.00687936243027733));
#4508=CARTESIAN_POINT('',(-0.07314074041091,0.0174072699235875,-0.00701208879787568));
#4509=CARTESIAN_POINT('',(-0.0739816117203627,0.016906673116158,-0.00833733243556795));
#4510=CARTESIAN_POINT('',(-0.0737703578628537,0.0163305634004461,-0.00920417850201624));
#4511=CARTESIAN_POINT('',(-0.0735407962368544,0.016057908762982,-0.00954967991698248));
#4512=CARTESIAN_POINT('',(-0.0706033414815167,0.0169188410778683,-0.00810219210273939));
#4513=CARTESIAN_POINT('',(-0.0735407962368544,0.016057908762982,-0.00954967991698247));
#4514=CARTESIAN_POINT('',(-0.0706033414815167,0.0169188410778683,-0.0081021921027394));
#4515=CARTESIAN_POINT('',(-0.0704732902153105,0.0167255951827489,-0.008482819589533));
#4516=CARTESIAN_POINT('',(-0.0705022334242307,0.0163608997616057,-0.00908045155377617));
#4517=CARTESIAN_POINT('',(-0.0708761932470597,0.0158711447014663,-0.00971620440608996));
#4518=CARTESIAN_POINT('',(-0.0713222048427418,0.015538958266337,-0.0100996370973638));
#4519=CARTESIAN_POINT('',(-0.0719440129167788,0.0153377803257145,-0.0103190221704306));
#4520=CARTESIAN_POINT('',(-0.0726306398863724,0.0154127176876905,-0.0102651608235141));
#4521=CARTESIAN_POINT('',(-0.0731812338073008,0.0156984919293306,-0.00998023561630796));
#4522=CARTESIAN_POINT('',(-0.0734380723203632,0.0159359016457739,-0.0097042844086699));
#4523=CARTESIAN_POINT('',(-0.0735407962368544,0.016057908762982,-0.00954967991698248));
#4524=CARTESIAN_POINT('',(-0.0685863196849823,0.061214,-0.005461));
#4525=CARTESIAN_POINT('',(-0.0698714856665644,-0.01778,-0.0044245882093569));
#4526=CARTESIAN_POINT('',(-0.0700747130425339,-0.01778,-0.00467659316769506));
#4527=CARTESIAN_POINT('',(-0.0703235319491492,-0.0177562909021955,-0.00529277011946313));
#4528=CARTESIAN_POINT('',(-0.0701327522706053,-0.0175901827258169,-0.00626531187907802));
#4529=CARTESIAN_POINT('',(-0.0694578528121998,-0.017371464279708,-0.00697115252624537));
#4530=CARTESIAN_POINT('',(-0.0684876508377237,-0.0172630405211701,-0.00720592689828578));
#4531=CARTESIAN_POINT('',(-0.0675456838276639,-0.0173714949257436,-0.00686108377491064));
#4532=CARTESIAN_POINT('',(-0.0669577372313351,-0.0175906361238779,-0.00608060799701528));
#4533=CARTESIAN_POINT('',(-0.0668791611209612,-0.0177562547732202,-0.00509558694520915));
#4534=CARTESIAN_POINT('',(-0.0671996519766558,-0.0177800000000001,-0.00450916077941906));
#4535=CARTESIAN_POINT('',(-0.0674284885379059,-0.0177800000000001,-0.00428404289166524));
#4536=CARTESIAN_POINT('',(-0.0674284885379058,0.01778,-0.00428404289166531));
#4537=CARTESIAN_POINT('',(-0.0671977020049555,0.01778,-0.00451107906340286));
#4538=CARTESIAN_POINT('',(-0.0668798597947396,0.0177563184175404,-0.00509465731478758));
#4539=CARTESIAN_POINT('',(-0.0669578548643391,0.0175902327637983,-0.00608266442412194));
#4540=CARTESIAN_POINT('',(-0.0675473418540465,0.0173714159596252,-0.00686123253084391));
#4541=CARTESIAN_POINT('',(-0.0684842214318465,0.0172630404061537,-0.00720572966878215));
#4542=CARTESIAN_POINT('',(-0.0694595173492073,0.0173715433693086,-0.00697119463489212));
#4543=CARTESIAN_POINT('',(-0.0701331050191319,0.0175905859948507,-0.00626328251963098));
#4544=CARTESIAN_POINT('',(-0.0703241193610489,0.0177562274121443,-0.00529377280555352));
#4545=CARTESIAN_POINT('',(-0.0700729957485234,0.0177800000000001,-0.00467446369766907));
#4546=CARTESIAN_POINT('',(-0.0698714856665643,0.0177800000000001,-0.00442458820935674));
#4547=CARTESIAN_POINT('',(-0.0650137079113243,0.061214,-0.00835005100816488));
#4548=CARTESIAN_POINT('',(-0.0648173549702728,-0.0152623007762536,-0.00998933332751699));
#4549=CARTESIAN_POINT('',(-0.0643579578173423,-0.0152812696047745,-0.00993430681925558));
#4550=CARTESIAN_POINT('',(-0.0635547266354935,-0.0156313366740565,-0.00941992470654968));
#4551=CARTESIAN_POINT('',(-0.0632308782824077,-0.0164031773878154,-0.00824130121776809));
#4552=CARTESIAN_POINT('',(-0.0637192104625964,-0.0171122693310629,-0.00706739601500877));
#4553=CARTESIAN_POINT('',(-0.0646181496292488,-0.0173529948956392,-0.00668144748211229));
#4554=CARTESIAN_POINT('',(-0.0650813369463012,-0.0173590681932744,-0.00670043671578375));
#4555=CARTESIAN_POINT('',(-0.0648173549702728,-0.0152623007762557,-0.00998933332751543));
#4556=CARTESIAN_POINT('',(-0.0650813369463015,-0.0173590681932735,-0.00670043671578655));
#4557=CARTESIAN_POINT('',(-0.0648173549702725,-0.0152623007762536,-0.00998933332751695));
#4558=CARTESIAN_POINT('',(-0.0650568007468554,-0.0152524138933091,-0.0100180140995228));
#4559=CARTESIAN_POINT('',(-0.0655547224823979,-0.0153547248300312,-0.00996141331072724));
#4560=CARTESIAN_POINT('',(-0.066297172436166,-0.0158340732882515,-0.00952106657571592));
#4561=CARTESIAN_POINT('',(-0.0668002220943583,-0.0165665443949635,-0.00862033450559529));
#4562=CARTESIAN_POINT('',(-0.0665023357297158,-0.0172335473247548,-0.00723864911335951));
#4563=CARTESIAN_POINT('',(-0.0655713145339507,-0.0173654927641,-0.00672052426689851));
#4564=CARTESIAN_POINT('',(-0.0650813369463015,-0.0173590681932735,-0.00670043671578655));
#4565=CARTESIAN_POINT('',(-0.0648173549702728,0.0152623007762536,-0.009989333327517));
#4566=CARTESIAN_POINT('',(-0.0643579578173423,0.0152812696047745,-0.00993430681925561));
#4567=CARTESIAN_POINT('',(-0.0635547266354934,0.0156313366740566,-0.00941992470654961));
#4568=CARTESIAN_POINT('',(-0.0632308782824077,0.0164031773878156,-0.00824130121776783));
#4569=CARTESIAN_POINT('',(-0.0637192104625968,0.0171122693310631,-0.00706739601500839));
#4570=CARTESIAN_POINT('',(-0.0646181496292494,0.0173529948956393,-0.00668144748211212));
#4571=CARTESIAN_POINT('',(-0.0650813369463019,0.0173590681932744,-0.00670043671578378));
#4572=CARTESIAN_POINT('',(-0.0648173549702728,0.0152623007762527,-0.00998933332751824));
#4573=CARTESIAN_POINT('',(-0.0650813369463019,0.0173590681932745,-0.00670043671578377));
#4574=CARTESIAN_POINT('',(-0.064817354970273,0.0152623007762536,-0.00998933332751702));
#4575=CARTESIAN_POINT('',(-0.065056800746856,0.0152524138933091,-0.0100180140995228));
#4576=CARTESIAN_POINT('',(-0.0655547224823982,0.0153547248300314,-0.00996141331072709));
#4577=CARTESIAN_POINT('',(-0.0662971724361662,0.0158340732882517,-0.00952106657571573));
#4578=CARTESIAN_POINT('',(-0.0668002220943585,0.0165665443949638,-0.00862033450559478));
#4579=CARTESIAN_POINT('',(-0.0665023357297152,0.0172335473247543,-0.00723864911336072));
#4580=CARTESIAN_POINT('',(-0.0655713145339519,0.0173654927641009,-0.00672052426689585));
#4581=CARTESIAN_POINT('',(-0.0650813369463019,0.0173590681932745,-0.00670043671578377));
#4582=CARTESIAN_POINT('',(0.0749706774950028,0.061214,-0.008636));
#4583=CARTESIAN_POINT('',(0.0734919173652212,-0.0176542314844418,-0.00937021351020562));
#4584=CARTESIAN_POINT('',(0.0736856226389336,-0.0176434604183883,-0.00976035020983424));
#4585=CARTESIAN_POINT('',(0.0743818470071671,-0.0175429437291477,-0.010363399306447));
#4586=CARTESIAN_POINT('',(0.075308019586415,-0.0175317833495903,-0.0103094988135872));
#4587=CARTESIAN_POINT('',(0.075697899038225,-0.0174979947589799,-0.0101182111276986));
#4588=CARTESIAN_POINT('',(0.0756978990382103,0.0174979947589812,-0.0101182111277058));
#4589=CARTESIAN_POINT('',(0.0753079911794377,0.0175317858114573,-0.0103095127509801));
#4590=CARTESIAN_POINT('',(0.0743840157670005,0.0175427950014298,-0.0103641522383051));
#4591=CARTESIAN_POINT('',(0.0736855887737292,0.0176434623014769,-0.00976028200280706));
#4592=CARTESIAN_POINT('',(0.0734919173652281,0.0176542314844414,-0.00937021351021958));
#4593=CARTESIAN_POINT('',(0.0793404802680016,0.061214,-0.005461));
#4594=CARTESIAN_POINT('',(0.0807273143596574,-0.0168525727902951,-0.00635681929108032));
#4595=CARTESIAN_POINT('',(0.0809959345128687,-0.0168056654018165,-0.00594096356003225));
#4596=CARTESIAN_POINT('',(0.081133253012458,-0.0166738969181054,-0.00487674433187339));
#4597=CARTESIAN_POINT('',(0.079994831284823,-0.0166955852848864,-0.00369748210349536));
#4598=CARTESIAN_POINT('',(0.0784254391490275,-0.0171047628652311,-0.00383040808904607));
#4599=CARTESIAN_POINT('',(0.0777998775004956,-0.0172814757395829,-0.00468650952569957));
#4600=CARTESIAN_POINT('',(0.0777141677454443,-0.0172916455044718,-0.00517655566630088));
#4601=CARTESIAN_POINT('',(0.0777141677454276,0.0172916455044738,-0.00517655566629481));
#4602=CARTESIAN_POINT('',(0.077799852823769,0.0172814786675636,-0.00468665061496478));
#4603=CARTESIAN_POINT('',(0.0784234693786043,0.017105299005824,-0.00383149804775697));
#4604=CARTESIAN_POINT('',(0.0799940095047191,0.0166958227793924,-0.00369782441517241));
#4605=CARTESIAN_POINT('',(0.0811319019028749,0.0166734844887609,-0.0048717960630406));
#4606=CARTESIAN_POINT('',(0.0809959182328448,0.0168056682446913,-0.00594098876340583));
#4607=CARTESIAN_POINT('',(0.0807273143596431,0.0168525727902977,-0.00635681929107433));
#4608=CARTESIAN_POINT('',(0.0836735144257546,0.061214,-0.008636));
#4609=CARTESIAN_POINT('',(0.0830385144257321,-0.0163910335250755,-0.01016));
#4610=CARTESIAN_POINT('',(0.0834454637254049,-0.0162989647722175,-0.010329562208203));
#4611=CARTESIAN_POINT('',(0.0839042866190724,-0.016188005875329,-0.0103284282527888));
#4612=CARTESIAN_POINT('',(0.0843085144257692,-0.0160833999483882,-0.0101599999999939));
#4613=CARTESIAN_POINT('',(0.085311020981702,-0.0158100201063099,-0.00842535034006849));
#4614=CARTESIAN_POINT('',(0.085238153213545,-0.0158309346674533,-0.00785890533316406));
#4615=CARTESIAN_POINT('',(0.0844637135992521,-0.015987330605968,-0.0068626500192402));
#4616=CARTESIAN_POINT('',(0.0832521997743496,-0.01634482566498,-0.00694363706446739));
#4617=CARTESIAN_POINT('',(0.0827797135815547,-0.0164487753880134,-0.00724786418139014));
#4618=CARTESIAN_POINT('',(0.0843085144257545,0.016083399948392,-0.01016));
#4619=CARTESIAN_POINT('',(0.0839042404242817,0.0161880178295998,-0.0103284475006136));
#4620=CARTESIAN_POINT('',(0.0834454416320648,0.0162989697706449,-0.0103295530026358));
#4621=CARTESIAN_POINT('',(0.0830385144257338,0.0163910335250751,-0.0101599999999913));
#4622=CARTESIAN_POINT('',(0.0827797135815547,0.0164487753880134,-0.00724786418139013));
#4623=CARTESIAN_POINT('',(0.0832522208893031,0.0163448210195669,-0.00694362346885015));
#4624=CARTESIAN_POINT('',(0.0844632297466207,0.0159874564386317,-0.00686248129785239));
#4625=CARTESIAN_POINT('',(0.0852381426377461,0.015830937702927,-0.00785882312111672));
#4626=CARTESIAN_POINT('',(0.0853110209817019,0.01581002010631,-0.0084253503400684));
#4627=CARTESIAN_POINT('',(-0.079375,0.0141007385309434,0.0250895648070074));
#4628=CARTESIAN_POINT('',(-0.09398,0.0141007385309434,0.0250895648070074));
#4629=CARTESIAN_POINT('',(-0.05715,0.0141007385309434,0.0250895648070074));
#4630=CARTESIAN_POINT('',(-0.05715,0.0141007385309434,0.028768826276064));
#4631=CARTESIAN_POINT('',(-0.05715,0.01778,0.028768826276064));
#4632=CARTESIAN_POINT('',(-0.05715,0.01778,0.0250895648070075));
#4633=CARTESIAN_POINT('',(-0.0557122215229966,0.0141007385311345,0.0287688262760641));
#4634=CARTESIAN_POINT('',(-0.0556637721294188,0.0177800000003148,0.0287688262759352));
#4635=CARTESIAN_POINT('',(-0.0558498123298949,0.01778,0.0250895648067773));
#4636=CARTESIAN_POINT('',(-0.0528651466536261,0.014051510409299,0.028550095089333));
#4637=CARTESIAN_POINT('',(-0.0527193706217933,0.0177143757625464,0.0285362338537581));
#4638=CARTESIAN_POINT('',(-0.0532658839992543,0.017728907789716,0.0248996053983161));
#4639=CARTESIAN_POINT('',(-0.0487084136944126,0.0138012861772125,0.0276091508810154));
#4640=CARTESIAN_POINT('',(-0.0484019030872779,0.0173763330971209,0.027525997912686));
#4641=CARTESIAN_POINT('',(-0.049416159536157,0.0174656745336624,0.0240754906225691));
#4642=CARTESIAN_POINT('',(-0.0447149498944426,0.0133277685503052,0.0261156418355905));
#4643=CARTESIAN_POINT('',(-0.0442484571363881,0.0167371527546163,0.0259170232940555));
#4644=CARTESIAN_POINT('',(-0.0455934861555376,0.0169583973552596,0.0227465820058397));
#4645=CARTESIAN_POINT('',(-0.0416925211344294,0.0127280327113311,0.0245668564916039));
#4646=CARTESIAN_POINT('',(-0.0410884988267171,0.0159282544746076,0.0242385416660588));
#4647=CARTESIAN_POINT('',(-0.0425705050309493,0.0162993536437622,0.021344522460302));
#4648=CARTESIAN_POINT('',(-0.0394257261232292,0.0120885400078527,0.023197849631296));
#4649=CARTESIAN_POINT('',(-0.0387070459302283,0.0150587346596529,0.0227439073878242));
#4650=CARTESIAN_POINT('',(-0.0402025011455565,0.015571101554209,0.0200904983310451));
#4651=CARTESIAN_POINT('',(-0.0377943028233644,0.0115090007131521,0.022113180923981));
#4652=CARTESIAN_POINT('',(-0.0370010297802965,0.0142749005606199,0.0215648257368371));
#4653=CARTESIAN_POINT('',(-0.0384371198550872,0.0148929326819234,0.0190899879658579));
#4654=CARTESIAN_POINT('',(-0.036511689812649,0.0109303476179896,0.0211857983086453));
#4655=CARTESIAN_POINT('',(-0.0356474000362734,0.0134802687243914,0.0205468617660451));
#4656=CARTESIAN_POINT('',(-0.0369802812429987,0.0141861755899818,0.0182290897799641));
#4657=CARTESIAN_POINT('',(-0.0356625282453225,0.0104636223927279,0.0205377691016973));
#4658=CARTESIAN_POINT('',(-0.034749206004175,0.0128408585515918,0.0198332743647542));
#4659=CARTESIAN_POINT('',(-0.0359839985179155,0.013600056983542,0.0176249794391526));
#4660=CARTESIAN_POINT('',(-0.0352498400095436,0.0102124104471397,0.0202148016747984));
#4661=CARTESIAN_POINT('',(-0.0343085980926276,0.0124854623573843,0.0194742678822411));
#4662=CARTESIAN_POINT('',(-0.0354752148516314,0.0132681911290502,0.0173233106387205));
#4663=CARTESIAN_POINT('',(-0.0350178972244468,0.0100625445386784,0.0200310622728875));
#4664=CARTESIAN_POINT('',(-0.0340684083781706,0.012290629120886,0.0192758798161709));
#4665=CARTESIAN_POINT('',(-0.0352067866280991,0.0130827011793145,0.0171515257326075));
#4666=CARTESIAN_POINT('',(-0.0347867259551828,0.00991288089268691,0.0198464627110513));
#4667=CARTESIAN_POINT('',(-0.0338508212274451,0.0121471010712602,0.0190940904974806));
#4668=CARTESIAN_POINT('',(-0.0350031831681102,0.0129417826036173,0.0169788301972716));
#4669=CARTESIAN_POINT('',(-0.0344990673233954,0.00972654078277719,0.0196140080996444));
#4670=CARTESIAN_POINT('',(-0.0335728744045824,0.0119513899854055,0.0188596653179246));
#4671=CARTESIAN_POINT('',(-0.0347276546845082,0.0127511838749563,0.0167611604883932));
#4672=CARTESIAN_POINT('',(-0.034041555877208,0.00942979729604904,0.0192384999621884));
#4673=CARTESIAN_POINT('',(-0.0331343912485257,0.0116493548289719,0.0184842853336759));
#4674=CARTESIAN_POINT('',(-0.0343011637090208,0.012456104097451,0.0164091413102978));
#4675=CARTESIAN_POINT('',(-0.0332483719046758,0.0089142448168598,0.0185725500231226));
#4676=CARTESIAN_POINT('',(-0.0323723373397655,0.0111212959323096,0.0178184296878182));
#4677=CARTESIAN_POINT('',(-0.0335544776980344,0.0119395131246068,0.0157834673172812));
#4678=CARTESIAN_POINT('',(-0.0321321282495253,0.0081878300410403,0.0175928488730946));
#4679=CARTESIAN_POINT('',(-0.0312991497623268,0.0103792712480452,0.0168401842174102));
#4680=CARTESIAN_POINT('',(-0.0325053710714815,0.0112136811768582,0.0148622312215452));
#4681=CARTESIAN_POINT('',(-0.0308353358896297,0.00733318225549277,0.0163934533102445));
#4682=CARTESIAN_POINT('',(-0.0300427296027946,0.00950986095767315,0.015643697408378));
#4683=CARTESIAN_POINT('',(-0.0312697923237685,0.0103588426475813,0.0137192189837418));
#4684=CARTESIAN_POINT('',(-0.0299648399914107,0.00677514320575249,0.0155430293511443));
#4685=CARTESIAN_POINT('',(-0.0292119864362789,0.00893514177226157,0.0147958492320815));
#4686=CARTESIAN_POINT('',(-0.0304632686329454,0.00980084598532946,0.0129315773922207));
#4687=CARTESIAN_POINT('',(-0.0295641111678351,0.00649789748787686,0.0151453203836084));
#4688=CARTESIAN_POINT('',(-0.0288112576127289,0.00865789605438847,0.0143981402645557));
#4689=CARTESIAN_POINT('',(-0.0300625398093716,0.00952360026745905,0.0125338684246909));
#4690=CARTESIAN_POINT('',(-0.079375,-0.0141007385309434,0.0250895648070074));
#4691=CARTESIAN_POINT('',(-0.09398,-0.0141007385309434,0.0250895648070074));
#4692=CARTESIAN_POINT('',(-0.05715,-0.0141007385309434,0.0250895648070074));
#4693=CARTESIAN_POINT('',(-0.05715,-0.01778,0.0250895648070075));
#4694=CARTESIAN_POINT('',(-0.05715,-0.01778,0.0287688262760641));
#4695=CARTESIAN_POINT('',(-0.05715,-0.0141007385309434,0.0287688262760641));
#4696=CARTESIAN_POINT('',(-0.0558498123298905,-0.01778,0.0250895648067773));
#4697=CARTESIAN_POINT('',(-0.055663772129382,-0.017780000000321,0.0287688262759168));
#4698=CARTESIAN_POINT('',(-0.0557122215229618,-0.0141007385311345,0.0287688262760641));
#4699=CARTESIAN_POINT('',(-0.0532658839992562,-0.017728907789716,0.0248996053983161));
#4700=CARTESIAN_POINT('',(-0.0527193706218102,-0.0177143757625436,0.0285362338537666));
#4701=CARTESIAN_POINT('',(-0.0528651466536421,-0.014051510409299,0.028550095089333));
#4702=CARTESIAN_POINT('',(-0.0494161595361565,-0.0174656745336624,0.0240754906225691));
#4703=CARTESIAN_POINT('',(-0.0484019030872734,-0.0173763330971217,0.0275259979126838));
#4704=CARTESIAN_POINT('',(-0.0487084136944083,-0.0138012861772125,0.0276091508810154));
#4705=CARTESIAN_POINT('',(-0.0455934861555377,-0.0169583973552595,0.0227465820058397));
#4706=CARTESIAN_POINT('',(-0.0442484571363892,-0.0167371527546161,0.0259170232940561));
#4707=CARTESIAN_POINT('',(-0.0447149498944437,-0.0133277685503052,0.0261156418355905));
#4708=CARTESIAN_POINT('',(-0.0425705050309492,-0.0162993536437622,0.021344522460302));
#4709=CARTESIAN_POINT('',(-0.0410884988267169,-0.0159282544746076,0.0242385416660587));
#4710=CARTESIAN_POINT('',(-0.0416925211344292,-0.0127280327113311,0.0245668564916039));
#4711=CARTESIAN_POINT('',(-0.0402025011455565,-0.015571101554209,0.020090498331045));
#4712=CARTESIAN_POINT('',(-0.0387070459302283,-0.0150587346596529,0.0227439073878242));
#4713=CARTESIAN_POINT('',(-0.0394257261232292,-0.0120885400078527,0.0231978496312959));
#4714=CARTESIAN_POINT('',(-0.0384371198550872,-0.0148929326819234,0.0190899879658578));
#4715=CARTESIAN_POINT('',(-0.0370010297802964,-0.0142749005606199,0.0215648257368371));
#4716=CARTESIAN_POINT('',(-0.0377943028233643,-0.0115090007131521,0.022113180923981));
#4717=CARTESIAN_POINT('',(-0.0369802812429987,-0.0141861755899818,0.0182290897799641));
#4718=CARTESIAN_POINT('',(-0.0356474000362734,-0.0134802687243914,0.0205468617660451));
#4719=CARTESIAN_POINT('',(-0.036511689812649,-0.0109303476179896,0.0211857983086453));
#4720=CARTESIAN_POINT('',(-0.0359839985179154,-0.013600056983542,0.0176249794391526));
#4721=CARTESIAN_POINT('',(-0.034749206004175,-0.0128408585515917,0.0198332743647542));
#4722=CARTESIAN_POINT('',(-0.0356625282453225,-0.0104636223927279,0.0205377691016973));
#4723=CARTESIAN_POINT('',(-0.0354752148516314,-0.0132681911290502,0.0173233106387204));
#4724=CARTESIAN_POINT('',(-0.0343085980926275,-0.0124854623573842,0.0194742678822411));
#4725=CARTESIAN_POINT('',(-0.0352498400095436,-0.0102124104471397,0.0202148016747984));
#4726=CARTESIAN_POINT('',(-0.035206786628099,-0.0130827011793145,0.0171515257326075));
#4727=CARTESIAN_POINT('',(-0.0340684083781706,-0.012290629120886,0.0192758798161709));
#4728=CARTESIAN_POINT('',(-0.0350178972244468,-0.0100625445386784,0.0200310622728874));
#4729=CARTESIAN_POINT('',(-0.0350031831681102,-0.0129417826036173,0.0169788301972716));
#4730=CARTESIAN_POINT('',(-0.0338508212274451,-0.0121471010712602,0.0190940904974806));
#4731=CARTESIAN_POINT('',(-0.0347867259551828,-0.00991288089268692,0.0198464627110513));
#4732=CARTESIAN_POINT('',(-0.0347276546845081,-0.0127511838749562,0.0167611604883932));
#4733=CARTESIAN_POINT('',(-0.0335728744045823,-0.0119513899854055,0.0188596653179245));
#4734=CARTESIAN_POINT('',(-0.0344990673233954,-0.00972654078277717,0.0196140080996444));
#4735=CARTESIAN_POINT('',(-0.0343011637090207,-0.012456104097451,0.0164091413102978));
#4736=CARTESIAN_POINT('',(-0.0331343912485257,-0.0116493548289719,0.0184842853336759));
#4737=CARTESIAN_POINT('',(-0.0340415558772079,-0.009429797296049,0.0192384999621883));
#4738=CARTESIAN_POINT('',(-0.0335544776980345,-0.0119395131246069,0.0157834673172812));
#4739=CARTESIAN_POINT('',(-0.0323723373397648,-0.0111212959323095,0.0178184296878181));
#4740=CARTESIAN_POINT('',(-0.0332483719046759,-0.00891424481685982,0.0185725500231227));
#4741=CARTESIAN_POINT('',(-0.0325053710714803,-0.0112136811768574,0.0148622312215449));
#4742=CARTESIAN_POINT('',(-0.0312991497623316,-0.0103792712480454,0.0168401842174106));
#4743=CARTESIAN_POINT('',(-0.0321321282495244,-0.00818783004103972,0.0175928488730937));
#4744=CARTESIAN_POINT('',(-0.0312697923237729,-0.0103588426475843,0.0137192189837428));
#4745=CARTESIAN_POINT('',(-0.0300427296027769,-0.00950986095767238,0.0156436974083761));
#4746=CARTESIAN_POINT('',(-0.0308353358896327,-0.00733318225549478,0.0163934533102475));
#4747=CARTESIAN_POINT('',(-0.0304632686329359,-0.00980084598532287,0.0129315773922184));
#4748=CARTESIAN_POINT('',(-0.0292119864363167,-0.00893514177226318,0.0147958492320854));
#4749=CARTESIAN_POINT('',(-0.0299648399914041,-0.0067751432057481,0.0155430293511377));
#4750=CARTESIAN_POINT('',(-0.0300625398093715,-0.00952360026745903,0.0125338684246909));
#4751=CARTESIAN_POINT('',(-0.0288112576127289,-0.00865789605438845,0.0143981402645557));
#4752=CARTESIAN_POINT('',(-0.0295641111678351,-0.00649789748787683,0.0151453203836084));
#4753=CARTESIAN_POINT('',(0.0625503222804724,0.0135989505491991,0.00518680580071684));
#4754=CARTESIAN_POINT('',(0.0625763913955135,0.0115449151220947,0.00642274341698077));
#4755=CARTESIAN_POINT('',(0.0625763913955135,0.00914756597650598,0.00642274341698077));
#4756=CARTESIAN_POINT('',(0.0593274077589985,0.013598950549202,0.00525478538829842));
#4757=CARTESIAN_POINT('',(0.0593534768740342,0.0115449151220969,0.00649072300456205));
#4758=CARTESIAN_POINT('',(0.0593534768740041,0.00914756597650598,0.0064907230045614));
#4759=CARTESIAN_POINT('',(0.0561044932373122,0.0135989505491991,0.0053227649758809));
#4760=CARTESIAN_POINT('',(0.0561305623523588,0.0115449151220947,0.00655870259214472));
#4761=CARTESIAN_POINT('',(0.056130562352375,0.00914756597650598,0.00655870259214456));
#4762=CARTESIAN_POINT('',(0.0528815787157774,0.0135989505491991,0.00539074456346225));
#4763=CARTESIAN_POINT('',(0.0529076478308185,0.0115449151220947,0.00662668217972618));
#4764=CARTESIAN_POINT('',(0.0529076478308185,0.00914756597650598,0.00662668217972618));
#4765=CARTESIAN_POINT('',(0.0624931491911411,0.009147565976506,0.00642449920997023));
#4766=CARTESIAN_POINT('',(0.0624931491911411,0.0106371170235246,0.00642449920997023));
#4767=CARTESIAN_POINT('',(0.0624934323475431,0.0121931298123687,0.00602815608303089));
#4768=CARTESIAN_POINT('',(0.0624933002316775,0.0135750271913842,0.00520235730256298));
#4769=CARTESIAN_POINT('',(0.0624931456772111,0.00914756597650598,0.00642449920997024));
#4770=CARTESIAN_POINT('',(0.0624931456772111,0.01778,0.00642449920997024));
#4771=CARTESIAN_POINT('',(0.0624931456772111,0.01778,-0.00220793481352378));
#4772=CARTESIAN_POINT('',(0.0633633942024099,0.00914756597652541,0.00642449920997024));
#4773=CARTESIAN_POINT('',(0.0633633942024321,0.0177800000000137,0.00642449929649784));
#4774=CARTESIAN_POINT('',(0.0631931897008004,0.01778,-0.00220793474401372));
#4775=CARTESIAN_POINT('',(0.0651089749917047,0.00914751084327278,0.00637266978592835));
#4776=CARTESIAN_POINT('',(0.0651106716817138,0.0177796148548472,0.00637233676554006));
#4777=CARTESIAN_POINT('',(0.0645935795621718,0.0177799393622779,-0.00224955913377996));
#4778=CARTESIAN_POINT('',(0.0672884336962054,0.009147717592873,0.00617574431458207));
#4779=CARTESIAN_POINT('',(0.0672838801661865,0.0177810592238354,0.00617664989433959));
#4780=CARTESIAN_POINT('',(0.0663327750170711,0.0177801667537359,-0.00240723083080676));
#4781=CARTESIAN_POINT('',(0.0690277716036589,0.00914730409369197,0.00593846806235447));
#4782=CARTESIAN_POINT('',(0.0690354803563604,0.0177781706895334,0.00593692529682087));
#4783=CARTESIAN_POINT('',(0.0677389321761084,0.0177797119708198,-0.0025973606516313));
#4784=CARTESIAN_POINT('',(0.0703311052215413,0.00914856526619025,0.00572023880207528));
#4785=CARTESIAN_POINT('',(0.0703021219008473,0.0177869832668462,0.00572605380458892));
#4786=CARTESIAN_POINT('',(0.0687469478475726,0.0177810990587139,-0.00277244908561712));
#4787=CARTESIAN_POINT('',(0.0716207609253082,0.00914383070058274,0.00546413745924818));
#4788=CARTESIAN_POINT('',(0.0717272831468767,0.0177539391232001,0.00544276225087572));
#4789=CARTESIAN_POINT('',(0.069925439236894,0.0177758917943244,-0.00297831446002741));
#4790=CARTESIAN_POINT('',(0.0733196571665039,0.0091179242459304,0.00507416808260669));
#4791=CARTESIAN_POINT('',(0.0735523406157207,0.0176878859110482,0.00501689510439796));
#4792=CARTESIAN_POINT('',(0.0714328287899919,0.0177471846186428,-0.00329257629294239));
#4793=CARTESIAN_POINT('',(0.0754045864742869,0.00905279596383959,0.00449828282304216));
#4794=CARTESIAN_POINT('',(0.0758150028873086,0.0175470805202687,0.00437702262397229));
#4795=CARTESIAN_POINT('',(0.0733281302098467,0.0176744591091808,-0.00375869349467663));
#4796=CARTESIAN_POINT('',(0.0786528700696818,0.00887160376890582,0.00340275101954309));
#4797=CARTESIAN_POINT('',(0.079333725185212,0.0171949518493447,0.0031483856502089));
#4798=CARTESIAN_POINT('',(0.076336334535587,0.0174690149392888,-0.00465244395355601));
#4799=CARTESIAN_POINT('',(0.0825593484511515,0.00848537734734585,0.00172121797738848));
#4800=CARTESIAN_POINT('',(0.0835681300382546,0.0164900671597319,0.0012456348846981));
#4801=CARTESIAN_POINT('',(0.0801074133725528,0.0170218231138825,-0.00604285818074088));
#4802=CARTESIAN_POINT('',(0.0868412754590469,0.00773650250937876,-0.000623724859324548));
#4803=CARTESIAN_POINT('',(0.0882322210681257,0.0151669420520158,-0.00144439575253973));
#4804=CARTESIAN_POINT('',(0.0845453152320584,0.0161100368835933,-0.00802362191960657));
#4805=CARTESIAN_POINT('',(0.0901458668286301,0.00680083517676028,-0.00279941321047792));
#4806=CARTESIAN_POINT('',(0.0918688656430736,0.0135282650409973,-0.00398065237357776));
#4807=CARTESIAN_POINT('',(0.0883214389790607,0.0148861558929267,-0.00989942156744845));
#4808=CARTESIAN_POINT('',(0.0925671270130744,0.00580139312862629,-0.00457877858348261));
#4809=CARTESIAN_POINT('',(0.0945660109180533,0.0117505459898398,-0.00609193188903062));
#4810=CARTESIAN_POINT('',(0.0914059121522463,0.0134364953527997,-0.0114547623547257));
#4811=CARTESIAN_POINT('',(0.094260307766063,0.0048986290904686,-0.00590595877898552));
#4812=CARTESIAN_POINT('',(0.0964492778391475,0.0101452396193217,-0.00766789513896818));
#4813=CARTESIAN_POINT('',(0.093763379288723,0.0120185552279846,-0.0126242293426859));
#4814=CARTESIAN_POINT('',(0.0958345920222308,0.00377394367930879,-0.00721385265379319));
#4815=CARTESIAN_POINT('',(0.0982146152924579,0.00812802259605961,-0.00923733955945296));
#4816=CARTESIAN_POINT('',(0.0962015407556263,0.0100724426777986,-0.013785253926203));
#4817=CARTESIAN_POINT('',(0.0967361757259656,0.0028583836621036,-0.00800159333560612));
#4818=CARTESIAN_POINT('',(0.0992358903897552,0.00648390560911613,-0.0101950267480986));
#4819=CARTESIAN_POINT('',(0.0977368924051236,0.00833650111477801,-0.0144890516321968));
#4820=CARTESIAN_POINT('',(0.0971430062509164,0.00234769998375371,-0.00836351449264904));
#4821=CARTESIAN_POINT('',(0.0996885122436537,0.00560087956689343,-0.0106280261692562));
#4822=CARTESIAN_POINT('',(0.0984327357396912,0.00736112466983029,-0.0148131610347523));
#4823=CARTESIAN_POINT('',(0.097025345892213,0.00249245231679577,-0.00825904327580791));
#4824=CARTESIAN_POINT('',(0.0971873449197499,0.00380591375993063,-0.00840260662540346));
#4825=CARTESIAN_POINT('',(0.0968972707996701,0.00645623114352176,-0.00869260280840777));
#4826=CARTESIAN_POINT('',(0.0951021282248703,0.0099936447388872,-0.00915010146938207));
#4827=CARTESIAN_POINT('',(0.0923181207314898,0.0128060663450758,-0.009639118083959));
#4828=CARTESIAN_POINT('',(0.0900469845597212,0.0140965409164477,-0.00998216927761631));
#4829=CARTESIAN_POINT('',(0.0888331215887334,0.0145946387127788,-0.01016));
#4830=CARTESIAN_POINT('',(0.0624931456772111,-0.01778,-0.00220793481352378));
#4831=CARTESIAN_POINT('',(0.0624931456772111,-0.01778,0.00642449920997024));
#4832=CARTESIAN_POINT('',(0.0624931456772111,-0.00914756597650598,0.00642449920997024));
#4833=CARTESIAN_POINT('',(0.0631931897007905,-0.01778,-0.00220793474401069));
#4834=CARTESIAN_POINT('',(0.0633633942023838,-0.0177799999999828,0.00642449929651544));
#4835=CARTESIAN_POINT('',(0.0633633942024073,-0.00914756597648655,0.00642449920997024));
#4836=CARTESIAN_POINT('',(0.064593579562176,-0.0177799393622778,-0.00224955913378139));
#4837=CARTESIAN_POINT('',(0.0651106716817361,-0.0177796148548619,0.00637233676553172));
#4838=CARTESIAN_POINT('',(0.0651089749917054,-0.00914751084329126,0.00637266978592838));
#4839=CARTESIAN_POINT('',(0.0663327750170697,-0.0177801667537359,-0.00240723083080649));
#4840=CARTESIAN_POINT('',(0.0672838801661827,-0.0177810592238336,0.00617664989434072));
#4841=CARTESIAN_POINT('',(0.0672884336962042,-0.00914771759287073,0.00617574431458218));
#4842=CARTESIAN_POINT('',(0.0677389321761073,-0.0177797119708198,-0.00259736065163115));
#4843=CARTESIAN_POINT('',(0.0690354803563593,-0.0177781706895337,0.00593692529682094));
#4844=CARTESIAN_POINT('',(0.0690277716036574,-0.00914730409369236,0.00593846806235471));
#4845=CARTESIAN_POINT('',(0.0687469478475712,-0.017781099058714,-0.00277244908561687));
#4846=CARTESIAN_POINT('',(0.0703021219008455,-0.0177869832668461,0.00572605380458922));
#4847=CARTESIAN_POINT('',(0.0703311052215396,-0.0091485652661902,0.00572023880207557));
#4848=CARTESIAN_POINT('',(0.0699254392368922,-0.0177758917943244,-0.00297831446002706));
#4849=CARTESIAN_POINT('',(0.0717272831468745,-0.0177539391232002,0.0054427622508762));
#4850=CARTESIAN_POINT('',(0.0716207609253062,-0.00914383070058275,0.00546413745924861));
#4851=CARTESIAN_POINT('',(0.0714328287899898,-0.0177471846186429,-0.00329257629294192));
#4852=CARTESIAN_POINT('',(0.0735523406157182,-0.0176878859110484,0.0050168951043986));
#4853=CARTESIAN_POINT('',(0.0733196571665016,-0.00911792424593045,0.00507416808260727));
#4854=CARTESIAN_POINT('',(0.073328130209844,-0.0176744591091809,-0.0037586934946759));
#4855=CARTESIAN_POINT('',(0.0758150028873053,-0.0175470805202689,0.00437702262397328));
#4856=CARTESIAN_POINT('',(0.0754045864742839,-0.00905279596383973,0.00449828282304306));
#4857=CARTESIAN_POINT('',(0.076336334535584,-0.0174690149392891,-0.00465244395355503));
#4858=CARTESIAN_POINT('',(0.0793337251852086,-0.0171949518493452,0.00314838565021026));
#4859=CARTESIAN_POINT('',(0.0786528700696787,-0.00887160376890607,0.00340275101954429));
#4860=CARTESIAN_POINT('',(0.0801074133725487,-0.017021823113883,-0.00604285818073914));
#4861=CARTESIAN_POINT('',(0.08356813003825,-0.0164900671597328,0.00124563488470049));
#4862=CARTESIAN_POINT('',(0.0825593484511472,-0.00848537734734632,0.00172121797739055));
#4863=CARTESIAN_POINT('',(0.0845453152320533,-0.0161100368835947,-0.00802362191960451));
#4864=CARTESIAN_POINT('',(0.0882322210681209,-0.0151669420520179,-0.00144439575253705));
#4865=CARTESIAN_POINT('',(0.0868412754590427,-0.00773650250937992,-0.000623724859322115));
#4866=CARTESIAN_POINT('',(0.0883214389790553,-0.0148861558929283,-0.00989942156744467));
#4867=CARTESIAN_POINT('',(0.0918688656430679,-0.0135282650409993,-0.00398065237357251));
#4868=CARTESIAN_POINT('',(0.0901458668286242,-0.00680083517676137,-0.00279941321047367));
#4869=CARTESIAN_POINT('',(0.0914059121522388,-0.0134364953528041,-0.0114547623547238));
#4870=CARTESIAN_POINT('',(0.0945660109180483,-0.0117505459898453,-0.00609193188902837));
#4871=CARTESIAN_POINT('',(0.0925671270130711,-0.00580139312862952,-0.00457877858348033));
#4872=CARTESIAN_POINT('',(0.0937633792887177,-0.0120185552279867,-0.0126242293426762));
#4873=CARTESIAN_POINT('',(0.0964492778391386,-0.0101452396193229,-0.00766789513895419));
#4874=CARTESIAN_POINT('',(0.0942603077660505,-0.00489862909046867,-0.0059059587789749));
#4875=CARTESIAN_POINT('',(0.0962015407556101,-0.0100724426778173,-0.0137852539262221));
#4876=CARTESIAN_POINT('',(0.0982146152924639,-0.00812802259608323,-0.00923733955948065));
#4877=CARTESIAN_POINT('',(0.0958345920222533,-0.00377394367932423,-0.00721385265381346));
#4878=CARTESIAN_POINT('',(0.0977368924051328,-0.00833650111476375,-0.0144890516321437));
#4879=CARTESIAN_POINT('',(0.0992358903897254,-0.0064839056090906,-0.0101950267480247));
#4880=CARTESIAN_POINT('',(0.0967361757259014,-0.00285838366208449,-0.00800159333554907));
#4881=CARTESIAN_POINT('',(0.0984327357396837,-0.0073611246698408,-0.0148131610347489));
#4882=CARTESIAN_POINT('',(0.0996885122436489,-0.00560087956690285,-0.0106280261692516));
#4883=CARTESIAN_POINT('',(0.097143006250912,-0.0023476999837592,-0.00836351449264516));
#4884=CARTESIAN_POINT('',(0.0888331215887166,-0.0145946387127857,-0.0101600000000024));
#4885=CARTESIAN_POINT('',(0.0900482870336395,-0.0140960064579443,-0.00998197846540497));
#4886=CARTESIAN_POINT('',(0.0922972428523933,-0.0128201295356676,-0.00964237898805161));
#4887=CARTESIAN_POINT('',(0.0950967007851995,-0.0100037940428892,-0.00915137738616328));
#4888=CARTESIAN_POINT('',(0.0968956046877639,-0.00646288834048054,-0.00869338209161128));
#4889=CARTESIAN_POINT('',(0.0971876045158921,-0.00380801852273081,-0.00840283667920464));
#4890=CARTESIAN_POINT('',(0.0970253458922151,-0.00249245231681211,-0.00825904327580969));
#4891=CARTESIAN_POINT('',(0.0624931491911411,-0.0135751482763754,0.00520255991678001));
#4892=CARTESIAN_POINT('',(0.0624931491911411,-0.0122448149976262,0.00599740024691756));
#4893=CARTESIAN_POINT('',(0.0624931491911411,-0.0106972620057197,0.00642449920997024));
#4894=CARTESIAN_POINT('',(0.0624931491911411,-0.00914756597650598,0.00642449920997024));
#4895=CARTESIAN_POINT('',(0.0625763909234173,-0.00914756597650598,0.00642274342693849));
#4896=CARTESIAN_POINT('',(0.0625763909234173,-0.0115449151220947,0.00642274342693849));
#4897=CARTESIAN_POINT('',(0.0625503218083761,-0.013598950549199,0.00518680581067457));
#4898=CARTESIAN_POINT('',(0.0593534765602044,-0.00914756597650598,0.00649072301118024));
#4899=CARTESIAN_POINT('',(0.0593534765601993,-0.0115449151220947,0.00649072301117925));
#4900=CARTESIAN_POINT('',(0.059327407445158,-0.013598950549199,0.00525478539491466));
#4901=CARTESIAN_POINT('',(0.0561305621968606,-0.00914756597650598,0.00655870259542476));
#4902=CARTESIAN_POINT('',(0.0561305621968739,-0.011544915122098,0.0065587025954254));
#4903=CARTESIAN_POINT('',(0.0561044930818372,-0.0135989505492035,0.00532276497916053));
#4904=CARTESIAN_POINT('',(0.0529076478336116,-0.00914756597650598,0.00662668217966727));
#4905=CARTESIAN_POINT('',(0.0529076478336116,-0.0115449151220947,0.00662668217966727));
#4906=CARTESIAN_POINT('',(0.0528815787185705,-0.013598950549199,0.00539074456340335));
#4907=CARTESIAN_POINT('',(0.0719366797914314,-6.83943875377615E-18,-0.00889));
#4908=CARTESIAN_POINT('',(0.0719366797914307,0.014322574819316,-0.0127));
#4909=CARTESIAN_POINT('',(0.0714981163395161,0.0141899294202309,-0.0126999999999999));
#4910=CARTESIAN_POINT('',(0.0710680486275985,0.0140513699563005,-0.012624539252869));
#4911=CARTESIAN_POINT('',(0.0706624762989016,0.0139125353530637,-0.0124806135213393));
#4912=CARTESIAN_POINT('',(0.0719366797914316,-0.0143225748193163,-0.0127));
#4913=CARTESIAN_POINT('',(0.0714981163395166,-0.014189929420231,-0.0127));
#4914=CARTESIAN_POINT('',(0.071068048627605,-0.0140513699562808,-0.0126245392528713));
#4915=CARTESIAN_POINT('',(0.0706624762989016,-0.0139125353530637,-0.0124806135213393));
#4916=CARTESIAN_POINT('',(0.0687495273495271,0.01778,-0.0077853820005591));
#4917=CARTESIAN_POINT('',(0.067528477699074,0.01778,-0.0113944175713354));
#4918=CARTESIAN_POINT('',(0.067528477699074,0.01397,-0.0113944175713354));
#4919=CARTESIAN_POINT('',(0.0690335228607881,0.01778,-0.0078814665674608));
#4920=CARTESIAN_POINT('',(0.0678077288951755,0.0177800000000015,-0.011488896987981));
#4921=CARTESIAN_POINT('',(0.0678077288951683,0.01397,-0.0114888969879808));
#4922=CARTESIAN_POINT('',(0.0696401944093714,0.0177776718860465,-0.00807478606905584));
#4923=CARTESIAN_POINT('',(0.0684014318454113,0.0177902974824706,-0.0116911084486381));
#4924=CARTESIAN_POINT('',(0.0683657622830575,0.0139677651316757,-0.0116789441487088));
#4925=CARTESIAN_POINT('',(0.0708173692543172,0.0177610361745395,-0.00846576469458359));
#4926=CARTESIAN_POINT('',(0.0695563420490657,0.017788170842304,-0.0120896329945256));
#4927=CARTESIAN_POINT('',(0.0694814651828178,0.0139518333014763,-0.0120636647963708));
#4928=CARTESIAN_POINT('',(0.0728964672097298,0.0177004409372844,-0.00916339122992024));
#4929=CARTESIAN_POINT('',(0.0715891711557462,0.0177621989935071,-0.0128071194962071));
#4930=CARTESIAN_POINT('',(0.071421062485753,0.013893952970787,-0.0127468854851139));
#4931=CARTESIAN_POINT('',(0.074673241453757,0.0175895591994071,-0.00977210997486911));
#4932=CARTESIAN_POINT('',(0.0733670005496787,0.0176824803476903,-0.0134482088041104));
#4933=CARTESIAN_POINT('',(0.0731179425065333,0.0137885794117488,-0.0133590108142458));
#4934=CARTESIAN_POINT('',(0.0758639265428163,0.0174833993736172,-0.0101743078609335));
#4935=CARTESIAN_POINT('',(0.0745501004975918,0.0176005382757172,-0.0138719258454327));
#4936=CARTESIAN_POINT('',(0.0742409568100334,0.0136884530193604,-0.0137612087003026));
#4937=CARTESIAN_POINT('',(0.0758215717565023,0.0174871621385175,-0.01016));
#4938=CARTESIAN_POINT('',(0.0749251202705612,0.0175665160490133,-0.0106053181836128));
#4939=CARTESIAN_POINT('',(0.0731253859572652,0.0173212046222832,-0.0114836889176084));
#4940=CARTESIAN_POINT('',(0.071582183471729,0.0160736806941333,-0.0122294241164747));
#4941=CARTESIAN_POINT('',(0.0711645047009067,0.0151735850453658,-0.0124251991578521));
#4942=CARTESIAN_POINT('',(0.0711645047009071,0.0151735850453654,-0.012425199157852));
#4943=CARTESIAN_POINT('',(0.0711645047009071,0.0151735850453655,-0.012425199157852));
#4944=CARTESIAN_POINT('',(0.0709762613418907,0.0147679215541951,-0.0125134328770992));
#4945=CARTESIAN_POINT('',(0.0708063478658434,0.0143404890853118,-0.0125316693233585));
#4946=CARTESIAN_POINT('',(0.0706624762989016,0.0139125353530636,-0.0124806135213393));
#4947=CARTESIAN_POINT('',(0.068692653190812,0.0177085706974532,-0.00854085721134259));
#4948=CARTESIAN_POINT('',(0.0684548101175675,0.0175341695583333,-0.00939812630393538));
#4949=CARTESIAN_POINT('',(0.0682278693756172,0.0165471774540503,-0.0110015924160729));
#4950=CARTESIAN_POINT('',(0.068530386592219,0.0148175282309275,-0.0117358772960812));
#4951=CARTESIAN_POINT('',(0.0687720716708012,0.0139615848090589,-0.0118192274376736));
#4952=CARTESIAN_POINT('',(0.067528477699074,-0.01397,-0.0113944175713353));
#4953=CARTESIAN_POINT('',(0.067528477699074,-0.01778,-0.0113944175713354));
#4954=CARTESIAN_POINT('',(0.0687495273495271,-0.01778,-0.00778538200055909));
#4955=CARTESIAN_POINT('',(0.0678077288951757,-0.013970000000001,-0.0114888969879833));
#4956=CARTESIAN_POINT('',(0.0678077288951946,-0.0177800000000029,-0.0114888969879788));
#4957=CARTESIAN_POINT('',(0.0690335228607901,-0.01778,-0.00788146656746105));
#4958=CARTESIAN_POINT('',(0.0683657622830549,-0.0139677651316753,-0.0116789441487079));
#4959=CARTESIAN_POINT('',(0.0684014318454033,-0.0177902974824699,-0.0116911084486393));
#4960=CARTESIAN_POINT('',(0.0696401944093709,-0.0177776718860465,-0.00807478606905593));
#4961=CARTESIAN_POINT('',(0.0694814651828158,-0.0139518333014765,-0.01206366479637));
#4962=CARTESIAN_POINT('',(0.0695563420490669,-0.0177881708423047,-0.0120896329945236));
#4963=CARTESIAN_POINT('',(0.0708173692543152,-0.0177610361745397,-0.00846576469458252));
#4964=CARTESIAN_POINT('',(0.0714210624857964,-0.0138939529707869,-0.0127468854851295));
#4965=CARTESIAN_POINT('',(0.0715891711557853,-0.0177621989935035,-0.0128071194962236));
#4966=CARTESIAN_POINT('',(0.0728964672097584,-0.0177004409372818,-0.00916339122993325));
#4967=CARTESIAN_POINT('',(0.0731179425063409,-0.0137885794117488,-0.0133590108141769));
#4968=CARTESIAN_POINT('',(0.073367000549497,-0.0176824803477049,-0.0134482088040421));
#4969=CARTESIAN_POINT('',(0.0746732414536327,-0.0175895591994182,-0.00977210997481305));
#4970=CARTESIAN_POINT('',(0.0742409568100334,-0.0136884530193604,-0.0137612087003026));
#4971=CARTESIAN_POINT('',(0.0745501004975919,-0.0176005382757172,-0.0138719258454327));
#4972=CARTESIAN_POINT('',(0.0758639265428164,-0.0174833993736172,-0.0101743078609335));
#4973=CARTESIAN_POINT('',(0.0711645047009104,-0.0151735850453725,-0.0124251991578504));
#4974=CARTESIAN_POINT('',(0.0709762613418927,-0.0147679215542,-0.0125134328770989));
#4975=CARTESIAN_POINT('',(0.0708063478658398,-0.0143404890853159,-0.0125316693233573));
#4976=CARTESIAN_POINT('',(0.0706624762989015,-0.0139125353530636,-0.0124806135213393));
#4977=CARTESIAN_POINT('',(0.0711645047009104,-0.0151735850453725,-0.0124251991578504));
#4978=CARTESIAN_POINT('',(0.0711645047009104,-0.0151735850453726,-0.0124251991578504));
#4979=CARTESIAN_POINT('',(0.0715817304403487,-0.0160727044137825,-0.012229636462046));
#4980=CARTESIAN_POINT('',(0.0731157704651745,-0.0173173285275891,-0.0114883622534468));
#4981=CARTESIAN_POINT('',(0.0749250990590196,-0.0175665179266596,-0.0106053287205859));
#4982=CARTESIAN_POINT('',(0.0758215717565023,-0.0174871621385175,-0.01016));
#4983=CARTESIAN_POINT('',(0.0686926531908121,-0.0177085706974532,-0.00854085721134261));
#4984=CARTESIAN_POINT('',(0.0684548101175677,-0.0175341695583333,-0.00939812630393521));
#4985=CARTESIAN_POINT('',(0.0682278693756296,-0.0165471774540546,-0.0110015924160767));
#4986=CARTESIAN_POINT('',(0.068530386592194,-0.0148175282309206,-0.0117358772960723));
#4987=CARTESIAN_POINT('',(0.0687720716708006,-0.0139615848090599,-0.0118192274376734));
#4988=CARTESIAN_POINT('',(0.0454367510974407,0.00788281206041574,-0.00126081138276268));
#4989=CARTESIAN_POINT('',(0.0446074128282104,0.00788281206041574,-0.00497945334390796));
#4990=CARTESIAN_POINT('',(0.0446074128282104,0.0040728120604157,-0.00497945334390791));
#4991=CARTESIAN_POINT('',(0.0474422426815673,0.00788281206041574,-0.0017942670451968));
#4992=CARTESIAN_POINT('',(0.046569360365152,0.00779960991373677,-0.00541701043880667));
#4993=CARTESIAN_POINT('',(0.0469591606231437,0.00407281206267739,-0.00550394439905525));
#4994=CARTESIAN_POINT('',(0.0504492225325472,0.00833195645890806,-0.00263201393324452));
#4995=CARTESIAN_POINT('',(0.0495726765852577,0.00812770493894648,-0.0061271213452801));
#4996=CARTESIAN_POINT('',(0.0503857229179898,0.00460561026613502,-0.00632759054509415));
#4997=CARTESIAN_POINT('',(0.0544998693792728,0.00962438475584281,-0.00382909946602628));
#4998=CARTESIAN_POINT('',(0.0536769970863536,0.00931852396616711,-0.00719190167740685));
#4999=CARTESIAN_POINT('',(0.0548260733371969,0.00604908358299059,-0.00750452257855338));
#5000=CARTESIAN_POINT('',(0.0574788374100873,0.0108716768360313,-0.00474491777349072));
#5001=CARTESIAN_POINT('',(0.0566863891890794,0.0105039831314756,-0.008018513091338));
#5002=CARTESIAN_POINT('',(0.0580252060136698,0.00741293984586101,-0.00840493138478968));
#5003=CARTESIAN_POINT('',(0.0604165544446932,0.0123550179261773,-0.00568370977627013));
#5004=CARTESIAN_POINT('',(0.0596537535348193,0.0119392812431086,-0.00887844006238326));
#5005=CARTESIAN_POINT('',(0.0611291549155951,0.00900784720130963,-0.00932794623953954));
#5006=CARTESIAN_POINT('',(0.0632852792635357,0.0140227211112717,-0.00663686365275555));
#5007=CARTESIAN_POINT('',(0.0625502822353764,0.0135694244706259,-0.00976140061842255));
#5008=CARTESIAN_POINT('',(0.0641231440247917,0.0107787783245823,-0.010265110069227));
#5009=CARTESIAN_POINT('',(0.0656221234238179,0.0155387707953406,-0.00744233116999242));
#5010=CARTESIAN_POINT('',(0.0649096043536785,0.0150623056836197,-0.0105155052111797));
#5011=CARTESIAN_POINT('',(0.066536034054383,0.0123709619815444,-0.0110570960458413));
#5012=CARTESIAN_POINT('',(0.0672276230917729,0.0166523873485232,-0.00801290165247246));
#5013=CARTESIAN_POINT('',(0.0665323347611631,0.0161626914183198,-0.0110518112461078));
#5014=CARTESIAN_POINT('',(0.0681893224523654,0.0135373932760908,-0.0116181364530286));
#5015=CARTESIAN_POINT('',(0.0681455358666092,0.0173088152026439,-0.00834091785606689));
#5016=CARTESIAN_POINT('',(0.0674553747751062,0.0168115912709924,-0.0113619612816484));
#5017=CARTESIAN_POINT('',(0.0691245363642399,0.0142174323366917,-0.0119406800546236));
#5018=CARTESIAN_POINT('',(0.0685881392841089,0.0176316353304757,-0.00850555417555701));
#5019=CARTESIAN_POINT('',(0.0679059695209851,0.0171300930282097,-0.0115148935316379));
#5020=CARTESIAN_POINT('',(0.0695889734355689,0.0145619909140399,-0.012102571721992));
#5021=CARTESIAN_POINT('',(0.068823646330131,0.017804783940174,-0.00858807779744373));
#5022=CARTESIAN_POINT('',(0.0681397549069586,0.0173019758454395,-0.0115947535318564));
#5023=CARTESIAN_POINT('',(0.0698205559230762,0.0147351395237507,-0.0121837201460228));
#5024=CARTESIAN_POINT('',(0.0454367510974407,0.00407281206041574,-0.00126081138276268));
#5025=CARTESIAN_POINT('',(0.0446074128282104,-0.0040728120604157,-0.00497945334390791));
#5026=CARTESIAN_POINT('',(0.0446074128282104,-0.00788281206041574,-0.00497945334390794));
#5027=CARTESIAN_POINT('',(0.0454367510974407,-0.00788281206041573,-0.00126081138276268));
#5028=CARTESIAN_POINT('',(0.0469591606231446,-0.00407281206242232,-0.00550394439905546));
#5029=CARTESIAN_POINT('',(0.0465693603651502,-0.0077996099136087,-0.00541701043894871));
#5030=CARTESIAN_POINT('',(0.0474422426815843,-0.00788281206041573,-0.0017942670452053));
#5031=CARTESIAN_POINT('',(0.0503857229179896,-0.0046056102661924,-0.00632759054509411));
#5032=CARTESIAN_POINT('',(0.0495726765852476,-0.00812770493897366,-0.00612712134524613));
#5033=CARTESIAN_POINT('',(0.0504492225325434,-0.00833195645890797,-0.00263201393324261));
#5034=CARTESIAN_POINT('',(0.054826073337197,-0.00604908358297979,-0.00750452257855338));
#5035=CARTESIAN_POINT('',(0.0536769970863581,-0.00931852396616284,-0.00719190167741381));
#5036=CARTESIAN_POINT('',(0.0544998693792735,-0.00962438475584283,-0.00382909946602665));
#5037=CARTESIAN_POINT('',(0.05802520601367,-0.00741293984586392,-0.00840493138478971));
#5038=CARTESIAN_POINT('',(0.0566863891890777,-0.0105039831314765,-0.00801851309133607));
#5039=CARTESIAN_POINT('',(0.0574788374100871,-0.0108716768360313,-0.00474491777349063));
#5040=CARTESIAN_POINT('',(0.0611291549155948,-0.00900784720130872,-0.00932794623953943));
#5041=CARTESIAN_POINT('',(0.0596537535348199,-0.0119392812431084,-0.00887844006238368));
#5042=CARTESIAN_POINT('',(0.0604165544446934,-0.0123550179261774,-0.00568370977627016));
#5043=CARTESIAN_POINT('',(0.0641231440247931,-0.0107787783245831,-0.0102651100692275));
#5044=CARTESIAN_POINT('',(0.0625502822353763,-0.013569424470626,-0.00976140061842299));
#5045=CARTESIAN_POINT('',(0.0632852792635353,-0.0140227211112715,-0.00663686365275556));
#5046=CARTESIAN_POINT('',(0.0665360340543791,-0.0123709619815428,-0.0110570960458399));
#5047=CARTESIAN_POINT('',(0.064909604353678,-0.0150623056836192,-0.0105155052111779));
#5048=CARTESIAN_POINT('',(0.065622123423819,-0.0155387707953414,-0.00744233116999236));
#5049=CARTESIAN_POINT('',(0.0681893224523708,-0.013537393276093,-0.0116181364530306));
#5050=CARTESIAN_POINT('',(0.066532334761164,-0.0161626914183207,-0.0110518112461104));
#5051=CARTESIAN_POINT('',(0.0672276230917713,-0.016652387348522,-0.00801290165247254));
#5052=CARTESIAN_POINT('',(0.0691245363642305,-0.0142174323366879,-0.0119406800546203));
#5053=CARTESIAN_POINT('',(0.0674553747751045,-0.016811591270991,-0.0113619612816438));
#5054=CARTESIAN_POINT('',(0.0681455358666121,-0.017308815202646,-0.00834091785606678));
#5055=CARTESIAN_POINT('',(0.0695889734355899,-0.0145619909140484,-0.0121025717219994));
#5056=CARTESIAN_POINT('',(0.0679059695209892,-0.0171300930282133,-0.0115148935316482));
#5057=CARTESIAN_POINT('',(0.0685881392841026,-0.017631635330471,-0.00850555417555729));
#5058=CARTESIAN_POINT('',(0.0698205559230762,-0.0147351395237508,-0.0121837201460228));
#5059=CARTESIAN_POINT('',(0.0681397549069587,-0.0173019758454396,-0.0115947535318564));
#5060=CARTESIAN_POINT('',(0.068823646330131,-0.0178047839401741,-0.00858807779744375));
#5061=CARTESIAN_POINT('',(0.0454367510974407,-0.00407281206041574,-0.00126081138276268));
#5062=CARTESIAN_POINT('',(0.0446074128282104,0.0040728120604157,-0.00497945334390791));
#5063=CARTESIAN_POINT('',(0.0446074128282104,0.00788281206041573,-0.00497945334390795));
#5064=CARTESIAN_POINT('',(0.0454367510974407,0.00788281206041573,-0.00126081138276268));
#5065=CARTESIAN_POINT('',(0.0391973174335108,0.00407281206082645,-0.00377288406461399));
#5066=CARTESIAN_POINT('',(0.0391973174354854,0.00788281206085141,-0.00377288406447889));
#5067=CARTESIAN_POINT('',(0.0399341862889039,0.00788281206041573,-3.36194071886167E-5));
#5068=CARTESIAN_POINT('',(0.0283173806373128,0.00407281206021663,-0.00176935966289004));
#5069=CARTESIAN_POINT('',(0.0283173806363974,0.00788281206020422,-0.00176935966294209));
#5070=CARTESIAN_POINT('',(0.0288690171932954,0.00788281206041576,0.00200395701197619));
#5071=CARTESIAN_POINT('',(0.00626742699649381,0.00407281206058988,0.000638735801232977));
#5072=CARTESIAN_POINT('',(0.00626742699712209,0.00788281206060202,0.000638735801222974));
#5073=CARTESIAN_POINT('',(0.00645255254676662,0.0078828120604157,0.00445187412685524));
#5074=CARTESIAN_POINT('',(-0.010395901514839,0.00407281206014226,0.000669562087036308));
#5075=CARTESIAN_POINT('',(-0.010395901515234,0.00788281206011877,0.000669562087242533));
#5076=CARTESIAN_POINT('',(-0.0104714736399082,0.00788281206041574,0.00448230122749604));
#5077=CARTESIAN_POINT('',(-0.0214719382197015,0.00407281206041574,-2.46163449650091E-5));
#5078=CARTESIAN_POINT('',(-0.0214719382197015,0.00788281206041574,-2.46163449650091E-5));
#5079=CARTESIAN_POINT('',(-0.02171025818012,0.00788281206041574,0.00377792275364609));
#5080=CARTESIAN_POINT('',(-0.0213076813019337,0.00788281206041574,0.00380284388566847));
#5081=CARTESIAN_POINT('',(-0.0212470933848999,0.00788281206041574,0.00279757704572581));
#5082=CARTESIAN_POINT('',(-0.0210790016459229,0.00706004594163276,0.000831371283616414));
#5083=CARTESIAN_POINT('',(-0.020914740484384,0.00506407639426254,9.70874854919107E-6));
#5084=CARTESIAN_POINT('',(-0.0208596757433621,0.00407281206041687,1.30289586390624E-5));
#5085=CARTESIAN_POINT('',(0.0454367510974407,-0.00788281206041576,-0.00126081138276269));
#5086=CARTESIAN_POINT('',(0.0446074128282104,-0.00788281206041575,-0.0049794533439079));
#5087=CARTESIAN_POINT('',(0.0446074128282104,-0.00407281206041579,-0.00497945334390793));
#5088=CARTESIAN_POINT('',(0.0399341862890995,-0.00788281206041576,-3.36194071800659E-5));
#5089=CARTESIAN_POINT('',(0.0391973174320278,-0.00788281205997662,-0.00377288406453072));
#5090=CARTESIAN_POINT('',(0.0391973174331671,-0.00407281205994635,-0.00377288406453744));
#5091=CARTESIAN_POINT('',(0.0288690171931959,-0.00788281206041575,0.00200395701197141));
#5092=CARTESIAN_POINT('',(0.0283173806379815,-0.00788281206061692,-0.00176935966292825));
#5093=CARTESIAN_POINT('',(0.0283173806374584,-0.00407281206063266,-0.00176935966292551));
#5094=CARTESIAN_POINT('',(0.00645255254687328,-0.0078828120604158,0.00445187412686201));
#5095=CARTESIAN_POINT('',(0.00626742699611642,-0.00788281206028819,0.000638735801257479));
#5096=CARTESIAN_POINT('',(0.00626742699645344,-0.00407281206027,0.000638735801257197));
#5097=CARTESIAN_POINT('',(-0.0104714736401426,-0.00788281206041574,0.00448230122747651));
#5098=CARTESIAN_POINT('',(-0.0103959015149577,-0.00788281206045028,0.000669562087028327));
#5099=CARTESIAN_POINT('',(-0.0103959015150736,-0.00407281206049388,0.0006695620870216));
#5100=CARTESIAN_POINT('',(-0.02171025818012,-0.00788281206041574,0.00377792275364609));
#5101=CARTESIAN_POINT('',(-0.0214719382197014,-0.00788281206041574,-2.46163449650061E-5));
#5102=CARTESIAN_POINT('',(-0.0214719382197014,-0.00407281206041574,-2.46163449650061E-5));
#5103=CARTESIAN_POINT('',(-0.0213076813019337,-0.00788281206041574,0.00380284388566847));
#5104=CARTESIAN_POINT('',(-0.0212470933848998,-0.00788281206041574,0.00279757704572545));
#5105=CARTESIAN_POINT('',(-0.0210790016459148,-0.00706004594163227,0.000831371283615541));
#5106=CARTESIAN_POINT('',(-0.0209147404843991,-0.00506407639426018,9.70874854801691E-6));
#5107=CARTESIAN_POINT('',(-0.0208596757433611,-0.00407281206041585,1.30289586391225E-5));
#5108=CARTESIAN_POINT('',(-0.0205417281147959,0.00411050402966395,3.20035647528418E-5));
#5109=CARTESIAN_POINT('',(-0.0209959605148871,0.00792020629388988,5.17654468378458E-6));
#5110=CARTESIAN_POINT('',(-0.0212189799817358,0.00789352283826703,0.00383537607146425));
#5111=CARTESIAN_POINT('',(-0.0206967268056681,0.0040916855536221,2.28493234660652E-5));
#5112=CARTESIAN_POINT('',(-0.0211509651250907,0.00790166056469403,-4.25196619696901E-6));
#5113=CARTESIAN_POINT('',(-0.0213762642013197,0.00787470436222658,0.00382608684657757));
#5114=CARTESIAN_POINT('',(-0.0210066841509824,0.00405509192474611,4.26277499478138E-6));
#5115=CARTESIAN_POINT('',(-0.0214087040507174,0.00786860121949281,-2.02539041266897E-5));
#5116=CARTESIAN_POINT('',(-0.0216391836562214,0.0078441589814846,0.00380722646703536));
#5117=CARTESIAN_POINT('',(-0.0216262798693454,0.00399327526486441,-3.40100901035798E-5));
#5118=CARTESIAN_POINT('',(-0.0219516868953051,0.00781035060940248,-5.46765674383938E-5));
#5119=CARTESIAN_POINT('',(-0.022191972722714,0.0077896946078358,0.00376839072775331));
#5120=CARTESIAN_POINT('',(-0.0227097809280956,0.00391198498148703,-0.000103868444066252));
#5121=CARTESIAN_POINT('',(-0.0228792882143339,0.00773202869935917,-0.000115691752239105));
#5122=CARTESIAN_POINT('',(-0.023136947076438,0.00772007244254597,0.0036975076563051));
#5123=CARTESIAN_POINT('',(-0.024255418321842,0.00387920862207439,-0.000211852935420499));
#5124=CARTESIAN_POINT('',(-0.0241882218390674,0.00768850285102946,-0.000207631100942239));
#5125=CARTESIAN_POINT('',(-0.0244690626445882,0.00769263227862887,0.00358794742363523));
#5126=CARTESIAN_POINT('',(-0.0261054324685081,0.00399015884073288,-0.000354288190494821));
#5127=CARTESIAN_POINT('',(-0.025716854808348,0.00775475825794052,-0.000323797467186161));
#5128=CARTESIAN_POINT('',(-0.0260200804928543,0.00778530772408463,0.00344344870830901));
#5129=CARTESIAN_POINT('',(-0.0279530735877834,0.00427275606150719,-0.000509578530898212));
#5130=CARTESIAN_POINT('',(-0.0272104451439095,0.00795002257912858,-0.00044542128975327));
#5131=CARTESIAN_POINT('',(-0.027528366974458,0.00801374814194758,0.00328592507008366));
#5132=CARTESIAN_POINT('',(-0.0297871689075874,0.00475530974025018,-0.000676738439967868));
#5133=CARTESIAN_POINT('',(-0.0286644320183479,0.00829073464633195,-0.00057147686363464));
#5134=CARTESIAN_POINT('',(-0.0289853637706462,0.00839269541048634,0.00311637919970812));
#5135=CARTESIAN_POINT('',(-0.032102273758074,0.005654596356846,-0.000903389552143778));
#5136=CARTESIAN_POINT('',(-0.0304724238327793,0.0089283458614707,-0.000737050463984734));
#5137=CARTESIAN_POINT('',(-0.0307830652032392,0.00908272964458097,0.00288651648602277));
#5138=CARTESIAN_POINT('',(-0.0337330008354209,0.0066588791898735,-0.00107928033005995));
#5139=CARTESIAN_POINT('',(-0.0317462288257043,0.00965022781018454,-0.000862758583075541));
#5140=CARTESIAN_POINT('',(-0.0320209901122224,0.00983569390527887,0.00270816003541619));
#5141=CARTESIAN_POINT('',(-0.0347095484362392,0.00744552200603042,-0.0011896362015004));
#5142=CARTESIAN_POINT('',(-0.0325222108172964,0.0102338970074401,-0.000942453628044037));
#5143=CARTESIAN_POINT('',(-0.0327673694244684,0.0104286673289953,0.00259626676378121));
#5144=CARTESIAN_POINT('',(-0.0346398953416074,0.00738974820685053,-0.00118177401533108));
#5145=CARTESIAN_POINT('',(-0.0342809090851896,0.00740884906903844,-0.00114129956127123));
#5146=CARTESIAN_POINT('',(-0.0335864853995812,0.00751065444259096,-0.00101895843355872));
#5147=CARTESIAN_POINT('',(-0.0325932834150921,0.00776669215731682,-0.000669259222275961));
#5148=CARTESIAN_POINT('',(-0.031840341339746,0.00799686472864973,-0.000244106376010655));
#5149=CARTESIAN_POINT('',(-0.031281414586945,0.00816789961228026,0.000171451585808287));
#5150=CARTESIAN_POINT('',(-0.0308864148970874,0.00828805021710083,0.000521960582421199));
#5151=CARTESIAN_POINT('',(-0.0305856082149404,0.00838188216685775,0.000847968199323427));
#5152=CARTESIAN_POINT('',(-0.0303899104195186,0.00846583538129319,0.00113288219728647));
#5153=CARTESIAN_POINT('',(-0.0302896064271888,0.0085561041609489,0.00138698162526576));
#5154=CARTESIAN_POINT('',(-0.0303909334569623,0.00870719308885055,0.00161147028836308));
#5155=CARTESIAN_POINT('',(-0.0306442447468829,0.00890388392648986,0.00178950201912181));
#5156=CARTESIAN_POINT('',(-0.0309901945272403,0.0091417417549495,0.00195311879323407));
#5157=CARTESIAN_POINT('',(-0.0314155259085629,0.00943257378344978,0.00212599198021114));
#5158=CARTESIAN_POINT('',(-0.0319799795587586,0.00982934719460997,0.00234430658958377));
#5159=CARTESIAN_POINT('',(-0.0323961787195504,0.0101393554121443,0.0025036388743746));
#5160=CARTESIAN_POINT('',(-0.0326691810445918,0.0103515142351783,0.00261095966367318));
#5161=CARTESIAN_POINT('',(-0.0347094579884874,-0.0074454491478089,-0.00118962598036466));
#5162=CARTESIAN_POINT('',(-0.0325221392618848,-0.0102338431861475,-0.000942446279156341));
#5163=CARTESIAN_POINT('',(-0.0327673002948975,-0.0104286124082878,0.00259627712731061));
#5164=CARTESIAN_POINT('',(-0.0337340895391445,-0.00665976838419877,-0.00107940368905228));
#5165=CARTESIAN_POINT('',(-0.0317470991176002,-0.0096508917919176,-0.000862848165934557));
#5166=CARTESIAN_POINT('',(-0.0320218225251296,-0.00983636443332874,0.00270803495845585));
#5167=CARTESIAN_POINT('',(-0.0315799903300909,-0.00532973823722886,-0.00084687863057193));
#5168=CARTESIAN_POINT('',(-0.0300607210189312,-0.00869303488584394,-0.000696356909552909));
#5169=CARTESIAN_POINT('',(-0.0303873126425586,-0.00883950274484518,0.00294381930374735));
#5170=CARTESIAN_POINT('',(-0.0285994448568033,-0.00437510666710651,-0.000564119107262036));
#5171=CARTESIAN_POINT('',(-0.0277296266716809,-0.00802074861352726,-0.000487846515049023));
#5172=CARTESIAN_POINT('',(-0.028055526143212,-0.00809643495702239,0.00323060038943699));
#5173=CARTESIAN_POINT('',(-0.02613230945944,-0.00399268996193207,-0.000356438615536943));
#5174=CARTESIAN_POINT('',(-0.0257388121660304,-0.00775637986864956,-0.000325514891972799));
#5175=CARTESIAN_POINT('',(-0.0260423296029578,-0.00778738589000744,0.00344126722510408));
#5176=CARTESIAN_POINT('',(-0.0242784631700358,-0.0038795036747891,-0.000213533516345072));
#5177=CARTESIAN_POINT('',(-0.0242075252892824,-0.00768849525267577,-0.000209036723193269));
#5178=CARTESIAN_POINT('',(-0.0244886953668356,-0.00769289498654164,0.00358624239307986));
#5179=CARTESIAN_POINT('',(-0.0227241200605783,-0.00391111197533851,-0.000104814597772685));
#5180=CARTESIAN_POINT('',(-0.022891547679129,-0.00773115917858802,-0.000116513477942249));
#5181=CARTESIAN_POINT('',(-0.0231494381251426,-0.00771932626510416,0.00369654764339704));
#5182=CARTESIAN_POINT('',(-0.0216314536483963,-0.0039927856251016,-3.43326994663111E-5));
#5183=CARTESIAN_POINT('',(-0.0219561688046264,-0.00780988964805743,-5.49631539398694E-5));
#5184=CARTESIAN_POINT('',(-0.0221965381595513,-0.0077892688023183,0.00376806337647961));
#5185=CARTESIAN_POINT('',(-0.0210079664078354,-0.00405493999534559,4.18604601709531E-6));
#5186=CARTESIAN_POINT('',(-0.0214098094487251,-0.00786846167940651,-2.03222805901782E-5));
#5187=CARTESIAN_POINT('',(-0.0216403103890054,-0.00784402750882855,0.00380714860746468));
#5188=CARTESIAN_POINT('',(-0.0206969309001419,-0.00409166077411901,2.28374330742001E-5));
#5189=CARTESIAN_POINT('',(-0.0211511692547277,-0.00790163614133567,-4.2642196210648E-6));
#5190=CARTESIAN_POINT('',(-0.0213764713075957,-0.00787467958272549,0.00382607478071778));
#5191=CARTESIAN_POINT('',(-0.0205414576498685,-0.00411053686695931,3.20195383016202E-5));
#5192=CARTESIAN_POINT('',(-0.020995690049336,-0.00792023865409429,5.19299622908382E-6));
#5193=CARTESIAN_POINT('',(-0.0212187055286736,-0.0078935556755624,0.00383539228055065));
#5194=CARTESIAN_POINT('',(-0.0326691810445773,-0.010351514235167,0.00261095966366808));
#5195=CARTESIAN_POINT('',(-0.0323950646065624,-0.010138489599371,0.00250320090196897));
#5196=CARTESIAN_POINT('',(-0.0319771729813001,-0.00982727982585239,0.00234325054526137));
#5197=CARTESIAN_POINT('',(-0.0314103520719636,-0.00942898292223462,0.00212395832712788));
#5198=CARTESIAN_POINT('',(-0.0309835419595716,-0.00913723577841956,0.00195034938785693));
#5199=CARTESIAN_POINT('',(-0.0306351077059643,-0.00889746173175319,0.00178474844608547));
#5200=CARTESIAN_POINT('',(-0.0303837315426589,-0.00870082365477885,0.00160459153115289));
#5201=CARTESIAN_POINT('',(-0.0302907696679058,-0.00855154254872668,0.00137679271409096));
#5202=CARTESIAN_POINT('',(-0.0303942858891038,-0.00846374597339438,0.00112582647022129));
#5203=CARTESIAN_POINT('',(-0.0305922227215478,-0.00837950617878424,0.000839709412138085));
#5204=CARTESIAN_POINT('',(-0.0308941652336015,-0.00828575637173945,0.000514652774093877));
#5205=CARTESIAN_POINT('',(-0.0312859032510965,-0.0081665186912502,0.00016805697666326));
#5206=CARTESIAN_POINT('',(-0.031839818922371,-0.00799699660633949,-0.000243764044361666));
#5207=CARTESIAN_POINT('',(-0.0326003038037476,-0.00776484021520616,-0.000672217418777441));
#5208=CARTESIAN_POINT('',(-0.0335798156596459,-0.0075120900956463,-0.00101692254533421));
#5209=CARTESIAN_POINT('',(-0.0342813761760049,-0.00740882421618244,-0.00114135222413902));
#5210=CARTESIAN_POINT('',(-0.0346398953416212,-0.00738974820686036,-0.00118177401533264));
#5211=CARTESIAN_POINT('',(-0.0390198758177755,-1.38201687892681E-17,-0.00555319829219004));
#5212=CARTESIAN_POINT('',(-0.0395139531832154,-0.00686178583309736,-0.00177536987404292));
#5213=CARTESIAN_POINT('',(-0.039590038049094,-0.00699614113933722,-0.00178532051391385));
#5214=CARTESIAN_POINT('',(-0.039671409511943,-0.00712689813690662,-0.00179828033261886));
#5215=CARTESIAN_POINT('',(-0.0397580814770212,-0.00725393093831035,-0.00181539781535108));
#5216=CARTESIAN_POINT('',(-0.0397580814770212,0.00725393093831035,-0.00181539781535108));
#5217=CARTESIAN_POINT('',(-0.039671409511943,0.00712689813690662,-0.00179828033261886));
#5218=CARTESIAN_POINT('',(-0.039590038049094,0.00699614113933722,-0.00178532051391385));
#5219=CARTESIAN_POINT('',(-0.0395139531832154,0.00686178583309736,-0.00177536987404292));
#5220=CARTESIAN_POINT('',(-0.0894355208987342,0.00254,-0.0108670933687372));
#5221=CARTESIAN_POINT('',(-0.0894355208987342,0.01778,-0.0108670933687372));
#5222=CARTESIAN_POINT('',(-0.0745368888524393,0.01778,-0.00765954552823439));
#5223=CARTESIAN_POINT('',(-0.0899831570942883,0.00254000000002121,-0.0083233962585127));
#5224=CARTESIAN_POINT('',(-0.089983157093976,0.0177800000000263,-0.00832339625845404));
#5225=CARTESIAN_POINT('',(-0.075180300039471,0.01778,-0.00467098635015803));
#5226=CARTESIAN_POINT('',(-0.0912676464806978,0.0025399999999897,-0.00347547602148172));
#5227=CARTESIAN_POINT('',(-0.0912676464808473,0.0177799999999872,-0.00347547602150928));
#5228=CARTESIAN_POINT('',(-0.0767348637755457,0.01778,0.00126913292017993));
#5229=CARTESIAN_POINT('',(-0.0933539706421484,0.00254000000000175,0.0012513627512307));
#5230=CARTESIAN_POINT('',(-0.0933539706421276,0.0177800000000023,0.00125136275123317));
#5231=CARTESIAN_POINT('',(-0.0797168009967488,0.01778,0.00827920125289595));
#5232=CARTESIAN_POINT('',(-0.0951784580777576,0.00253999999999889,0.00391243925635483));
#5233=CARTESIAN_POINT('',(-0.0951784580777651,0.0177799999999984,0.0039124392563559));
#5234=CARTESIAN_POINT('',(-0.0831632554768956,0.01778,0.0133902996866608));
#5235=CARTESIAN_POINT('',(-0.0965217031468818,0.00254000000000335,0.00532773204338065));
#5236=CARTESIAN_POINT('',(-0.0965217031468653,0.017780000000005,0.00532773204337426));
#5237=CARTESIAN_POINT('',(-0.0862707313459928,0.01778,0.0167215951497251));
#5238=CARTESIAN_POINT('',(-0.0978585996577056,0.0025399999999877,0.00629934437249919));
#5239=CARTESIAN_POINT('',(-0.0978585996577642,0.0177799999999817,0.00629934437252366));
#5240=CARTESIAN_POINT('',(-0.090006265514587,0.01778,0.0194805048173342));
#5241=CARTESIAN_POINT('',(-0.0987163582264242,0.00254000000002647,0.00669335356476514));
#5242=CARTESIAN_POINT('',(-0.0987163582262985,0.0177800000000393,0.0066933535647123));
#5243=CARTESIAN_POINT('',(-0.0927423007715389,0.01778,0.0207535708677953));
#5244=CARTESIAN_POINT('',(-0.0991577959437232,0.00253999999999999,0.00684574255218584));
#5245=CARTESIAN_POINT('',(-0.0991577959437232,0.01778,0.00684574255218584));
#5246=CARTESIAN_POINT('',(-0.0941847667255418,0.01778,0.0212515254325126));
#5247=CARTESIAN_POINT('',(-0.0802142294390597,0.01778,0.00871862579828681));
#5248=CARTESIAN_POINT('',(-0.0804741127288846,0.01778,0.00819666952133383));
#5249=CARTESIAN_POINT('',(-0.0808078041812246,0.017732096561288,0.00706685345610863));
#5250=CARTESIAN_POINT('',(-0.0805114340735017,0.0176702194842235,0.00530474555660586));
#5251=CARTESIAN_POINT('',(-0.0793548858618031,0.0177330235770691,0.00393315027228624));
#5252=CARTESIAN_POINT('',(-0.0782838885102651,0.01778,0.00345793927788838));
#5253=CARTESIAN_POINT('',(-0.0777181353125185,0.01778,0.00331793256268526));
#5254=CARTESIAN_POINT('',(-0.0752577808453696,0.01778,-0.00456016519311886));
#5255=CARTESIAN_POINT('',(-0.0753046224018848,0.01778,-0.00460047236517705));
#5256=CARTESIAN_POINT('',(-0.0753525426881612,0.0177796931369424,-0.00464166687773876));
#5257=CARTESIAN_POINT('',(-0.0754000448838061,0.0177790771222403,-0.00468243541062695));
#5258=CARTESIAN_POINT('',(-0.0778869350430856,0.0174674795398065,-0.00675051758288395));
#5259=CARTESIAN_POINT('',(-0.0788792014805076,0.0172324756363086,-0.00752672800082452));
#5260=CARTESIAN_POINT('',(-0.0799143076110933,0.0168625503193954,-0.00814943016264509));
#5261=CARTESIAN_POINT('',(-0.080976844871409,0.0163253372786265,-0.00862425395393151));
#5262=CARTESIAN_POINT('',(-0.0840330481735188,0.0143182134414726,-0.00950265289907218));
#5263=CARTESIAN_POINT('',(-0.0848822845235245,0.0136204258839904,-0.00959667217827253));
#5264=CARTESIAN_POINT('',(-0.086447320746428,0.0120717653751789,-0.00948295561909297));
#5265=CARTESIAN_POINT('',(-0.0876968203670327,0.0104210958967604,-0.00871622796063808));
#5266=CARTESIAN_POINT('',(-0.088252658597754,0.009652,-0.00815659181252896));
#5267=CARTESIAN_POINT('',(-0.088252658597754,0.009652,-0.00815659181252895));
#5268=CARTESIAN_POINT('',(-0.0882526585977541,0.00965199999999982,-0.00815659181252929));
#5269=CARTESIAN_POINT('',(-0.0890601947098243,0.00853463765255365,-0.00734353798816116));
#5270=CARTESIAN_POINT('',(-0.0904244457009948,0.00622385448057637,-0.00561218561467556));
#5271=CARTESIAN_POINT('',(-0.0913690066729884,0.00375999062340442,-0.00368695008339661));
#5272=CARTESIAN_POINT('',(-0.0917299911958064,0.00254,-0.00271286988302304));
#5273=CARTESIAN_POINT('',(-0.0978607660061099,0.00254,0.00624216174409145));
#5274=CARTESIAN_POINT('',(-0.0978607660061099,0.00355573857552686,0.00624216174409145));
#5275=CARTESIAN_POINT('',(-0.0977811102404845,0.00558741136203901,0.00643562419478309));
#5276=CARTESIAN_POINT('',(-0.0974553028807328,0.00845005882153846,0.00726146444120725));
#5277=CARTESIAN_POINT('',(-0.0969557304494462,0.0111336445674152,0.0086418518622478));
#5278=CARTESIAN_POINT('',(-0.0963644456776916,0.0134258797452732,0.0104756347265384));
#5279=CARTESIAN_POINT('',(-0.0957200764250659,0.0153357648888134,0.0127697812125961));
#5280=CARTESIAN_POINT('',(-0.0950931427326232,0.0167246049384626,0.0153607931083964));
#5281=CARTESIAN_POINT('',(-0.094498575851411,0.0175885458453887,0.0182212049325011));
#5282=CARTESIAN_POINT('',(-0.094147748650228,0.01778,0.0201783254502309));
#5283=CARTESIAN_POINT('',(-0.09398,0.01778,0.0211797039840059));
#5284=CARTESIAN_POINT('',(-0.0745368888524373,-0.01778,-0.00765954552824342));
#5285=CARTESIAN_POINT('',(-0.0894355208987325,-0.01778,-0.0108670933687449));
#5286=CARTESIAN_POINT('',(-0.0894355208987325,-0.00254000000000001,-0.0108670933687449));
#5287=CARTESIAN_POINT('',(-0.0751803000394055,-0.01778,-0.00467098634996081));
#5288=CARTESIAN_POINT('',(-0.0899831570940045,-0.01778,-0.00832339625836733));
#5289=CARTESIAN_POINT('',(-0.0899831570943018,-0.00254000000000001,-0.00832339625844916));
#5290=CARTESIAN_POINT('',(-0.0767348637755756,-0.01778,0.00126913292007636));
#5291=CARTESIAN_POINT('',(-0.0912676464808317,-0.0177799999999997,-0.0034754760215585));
#5292=CARTESIAN_POINT('',(-0.0912676464806895,-0.00253999999999983,-0.00347547602151976));
#5293=CARTESIAN_POINT('',(-0.079716800996737,-0.0177799999999999,0.00827920125290166));
#5294=CARTESIAN_POINT('',(-0.0933539706421264,-0.0177800000000007,0.00125136275123577));
#5295=CARTESIAN_POINT('',(-0.0933539706421459,-0.00254000000000046,0.00125136275123151));
#5296=CARTESIAN_POINT('',(-0.0831632554769037,-0.01778,0.0133902996866591));
#5297=CARTESIAN_POINT('',(-0.0951784580777662,-0.0177799999999986,0.0039124392563541));
#5298=CARTESIAN_POINT('',(-0.0951784580777597,-0.00253999999999915,0.00391243925635401));
#5299=CARTESIAN_POINT('',(-0.0862707313459541,-0.01778,0.0167215951497119));
#5300=CARTESIAN_POINT('',(-0.0965217031468555,-0.0177800000000053,0.00532773204337239));
#5301=CARTESIAN_POINT('',(-0.0965217031468687,-0.00254000000000328,0.00532773204337598));
#5302=CARTESIAN_POINT('',(-0.0900062655147235,-0.01778,0.0194805048173801));
#5303=CARTESIAN_POINT('',(-0.0978585996577985,-0.01777999999998,0.00629934437252947));
#5304=CARTESIAN_POINT('',(-0.0978585996577524,-0.00253999999998773,0.00629934437251521));
#5305=CARTESIAN_POINT('',(-0.0927423007712421,-0.01778,0.0207535708676946));
#5306=CARTESIAN_POINT('',(-0.0987163582262235,-0.0177800000000431,0.00669335356469914));
#5307=CARTESIAN_POINT('',(-0.0987163582263225,-0.00254000000002648,0.00669335356473004));
#5308=CARTESIAN_POINT('',(-0.0941847667255418,-0.01778,0.0212515254325126));
#5309=CARTESIAN_POINT('',(-0.0991577959437232,-0.01778,0.00684574255218583));
#5310=CARTESIAN_POINT('',(-0.0991577959437232,-0.00254000000000001,0.00684574255218584));
#5311=CARTESIAN_POINT('',(-0.0777181353125185,-0.01778,0.00331793256268526));
#5312=CARTESIAN_POINT('',(-0.0782837405438084,-0.01778,0.00345790266068914));
#5313=CARTESIAN_POINT('',(-0.0793550015767263,-0.0177330558452876,0.00393420861354498));
#5314=CARTESIAN_POINT('',(-0.0805090731241548,-0.0176702139665713,0.00529946549863632));
#5315=CARTESIAN_POINT('',(-0.0808084814299335,-0.0177320936713425,0.00706825821623984));
#5316=CARTESIAN_POINT('',(-0.0804741226375374,-0.01778,0.00819664962054098));
#5317=CARTESIAN_POINT('',(-0.0802142294390597,-0.01778,0.00871862579828679));
#5318=CARTESIAN_POINT('',(-0.09398,-0.01778,0.0211797039840059));
#5319=CARTESIAN_POINT('',(-0.0941474129897431,-0.01778,0.0201803291814313));
#5320=CARTESIAN_POINT('',(-0.0944988313414942,-0.0175888061513249,0.0182194451458972));
#5321=CARTESIAN_POINT('',(-0.0950947071825744,-0.0167216941619625,0.0153538285494482));
#5322=CARTESIAN_POINT('',(-0.0957197727591938,-0.015335666024207,0.012771708358214));
#5323=CARTESIAN_POINT('',(-0.096577043534273,-0.0127984243053497,0.00971630973303191));
#5324=CARTESIAN_POINT('',(-0.0973439840746336,-0.00943057031167457,0.00754336316564233));
#5325=CARTESIAN_POINT('',(-0.0977843768367777,-0.00554686743773598,0.00642747467686487));
#5326=CARTESIAN_POINT('',(-0.0978607660061099,-0.00355362446508216,0.00624216174409146));
#5327=CARTESIAN_POINT('',(-0.0978607660061099,-0.00254,0.00624216174409146));
#5328=CARTESIAN_POINT('',(-0.0882526585977541,-0.00965199999999982,-0.0081565918125293));
#5329=CARTESIAN_POINT('',(-0.0890601947098242,-0.00853463765255362,-0.00734353798816119));
#5330=CARTESIAN_POINT('',(-0.0904244457009384,-0.0062238544804381,-0.00561218561482785));
#5331=CARTESIAN_POINT('',(-0.0913690066731013,-0.00375999062368102,-0.003686950083092));
#5332=CARTESIAN_POINT('',(-0.0917299911958064,-0.00254,-0.00271286988302305));
#5333=CARTESIAN_POINT('',(-0.088252658597754,-0.009652,-0.00815659181252896));
#5334=CARTESIAN_POINT('',(-0.0840330481735205,-0.0143182134414712,-0.00950265289907237));
#5335=CARTESIAN_POINT('',(-0.0848822845235251,-0.0136204258839897,-0.00959667217827241));
#5336=CARTESIAN_POINT('',(-0.0864473207464323,-0.012071765375174,-0.00948295561909185));
#5337=CARTESIAN_POINT('',(-0.0876968203670334,-0.0104210958967595,-0.0087162279606374));
#5338=CARTESIAN_POINT('',(-0.088252658597754,-0.00965200000000001,-0.00815659181252896));
#5339=CARTESIAN_POINT('',(-0.0778869350430892,-0.0174674795398056,-0.00675051758288685));
#5340=CARTESIAN_POINT('',(-0.0788792014805112,-0.0172324756363074,-0.00752672800082694));
#5341=CARTESIAN_POINT('',(-0.0799143076110935,-0.0168625503193953,-0.00814943016264516));
#5342=CARTESIAN_POINT('',(-0.080976844871409,-0.0163253372786265,-0.00862425395393149));
#5343=CARTESIAN_POINT('',(-0.0754000448838173,-0.0177790771222402,-0.00468243541061186));
#5344=CARTESIAN_POINT('',(-0.0753525168621893,-0.0177796934718571,-0.00464164471268853));
#5345=CARTESIAN_POINT('',(-0.0753045915914615,-0.01778,-0.00460044585281582));
#5346=CARTESIAN_POINT('',(-0.0752577808453696,-0.01778,-0.00456016519311887));
#5347=CARTESIAN_POINT('',(-0.0774397232356398,-1.276239238336E-17,0.00258296259418365));
#5348=CARTESIAN_POINT('',(-0.0774397232356398,-0.009652,0.00258296259418365));
#5349=CARTESIAN_POINT('',(-0.0774397232356398,0.009652,0.00258296259418365));
#5350=CARTESIAN_POINT('',(-0.05715,0.,0.01905));
#5351=CARTESIAN_POINT('',(-0.05715,0.,0.01905));
#5352=CARTESIAN_POINT('',(-0.05715,0.,0.0270898411758637));
#5353=CARTESIAN_POINT('',(-0.1016,0.00610572325665231,0.0138193987299462));
#5354=CARTESIAN_POINT('',(-0.1016,0.00515257665834372,0.01270678298047));
#5355=CARTESIAN_POINT('',(-0.101558187592841,0.0039090249902205,0.0118777892860467));
#5356=CARTESIAN_POINT('',(-0.101474369462003,0.00253999999999999,0.0114219303796364));
#5357=CARTESIAN_POINT('',(-0.101474369462003,0.00254,0.0114219303796364));
#5358=CARTESIAN_POINT('',(-0.101474369462003,0.00254,0.0114219303796364));
#5359=CARTESIAN_POINT('',(-0.101423898787328,0.00171564834467783,0.0111474371842769));
#5360=CARTESIAN_POINT('',(-0.101349691846734,1.49373960682368E-6,0.0108724576909924));
#5361=CARTESIAN_POINT('',(-0.101424054257248,-0.00171818767838784,0.0111482827334059));
#5362=CARTESIAN_POINT('',(-0.101474369462003,-0.00254,0.0114219303796364));
#5363=CARTESIAN_POINT('',(-0.101474369462003,-0.00254,0.0114219303796364));
#5364=CARTESIAN_POINT('',(-0.101474369462003,-0.00254,0.0114219303796364));
#5365=CARTESIAN_POINT('',(-0.101559328529878,-0.00392766023416696,0.0118839944627138));
#5366=CARTESIAN_POINT('',(-0.1016,-0.00516544849980234,0.0127218083853302));
#5367=CARTESIAN_POINT('',(-0.1016,-0.00610572325665468,0.0138193987299489));
#5368=CARTESIAN_POINT('',(-0.1016,-0.00776105497957699,0.021148826276064));
#5369=CARTESIAN_POINT('',(-0.1016,-0.00752006145550863,0.0220399738719118));
#5370=CARTESIAN_POINT('',(-0.101286324320304,-0.00674252352300467,0.0236900160913974));
#5371=CARTESIAN_POINT('',(-0.100290233934025,-0.00493715952921771,0.0255588792565838));
#5372=CARTESIAN_POINT('',(-0.0991787090605788,-0.00271680288555687,0.0267658782795211));
#5373=CARTESIAN_POINT('',(-0.0985382411420164,-7.35589343264873E-6,0.0272516676944131));
#5374=CARTESIAN_POINT('',(-0.0991782975766638,0.00271917759314085,0.026766490414513));
#5375=CARTESIAN_POINT('',(-0.100288595750456,0.00493328287924652,0.0255595833015764));
#5376=CARTESIAN_POINT('',(-0.101282759147093,0.00673540376294393,0.0237019866871369));
#5377=CARTESIAN_POINT('',(-0.1016,0.00752022497688483,0.0220393692013845));
#5378=CARTESIAN_POINT('',(-0.1016,0.00776105497957699,0.021148826276064));
#5379=CARTESIAN_POINT('',(-0.05715,-6.93889390390723E-18,0.0127));
#5380=CARTESIAN_POINT('',(-0.09398,-0.01016,-0.0127));
#5381=CARTESIAN_POINT('',(-0.09398,-0.01016,0.0211797039840057));
#5382=CARTESIAN_POINT('',(-0.101599766080454,-0.0102197066089688,0.0211797039840054));
#5383=CARTESIAN_POINT('',(-0.09398,-0.01016,0.021148826276064));
#5384=CARTESIAN_POINT('',(-0.0978607660061099,-0.00253999999999999,0.00624216174409148));
#5385=CARTESIAN_POINT('',(-0.1016,-0.00253999999999999,0.0084549782146384));
#5386=CARTESIAN_POINT('',(-0.1016,-0.00254,0.0127999094676488));
#5387=CARTESIAN_POINT('',(-0.0978607660065712,-0.00359467990760669,0.00624216174436442));
#5388=CARTESIAN_POINT('',(-0.101599999999989,-0.00341673672053963,0.0084549782171481));
#5389=CARTESIAN_POINT('',(-0.1016,-0.00306733995380215,0.0127999094698274));
#5390=CARTESIAN_POINT('',(-0.0977782336326835,-0.00565730232478432,0.00644223734177195));
#5391=CARTESIAN_POINT('',(-0.101600000000005,-0.005140549752007,0.00859941963950716));
#5392=CARTESIAN_POINT('',(-0.1016,-0.00409865116239187,0.0129245179613879));
#5393=CARTESIAN_POINT('',(-0.0973110735095251,-0.00962909180554017,0.00762912193514462));
#5394=CARTESIAN_POINT('',(-0.101599999999997,-0.00855662857458392,0.00946968126771627));
#5395=CARTESIAN_POINT('',(-0.1016,-0.00608454590277397,0.0136533102810285));
#5396=CARTESIAN_POINT('',(-0.0965345771644854,-0.0129437485648677,0.0098530941810594));
#5397=CARTESIAN_POINT('',(-0.101600000000001,-0.0116375255008917,0.0111578006852496));
#5398=CARTESIAN_POINT('',(-0.1016,-0.00774187428240774,0.0149734892936989));
#5399=CARTESIAN_POINT('',(-0.0956924539021439,-0.0154029343254854,0.0128791144185784));
#5400=CARTESIAN_POINT('',(-0.1016,-0.0142204532844549,0.0135851364570274));
#5401=CARTESIAN_POINT('',(-0.1016,-0.00897146716278745,0.0166852060448568));
#5402=CARTESIAN_POINT('',(-0.0950794341001245,-0.0167469752445225,0.0154244646242089));
#5403=CARTESIAN_POINT('',(-0.101600000000001,-0.0158471291542866,0.0157672833077431));
#5404=CARTESIAN_POINT('',(-0.1016,-0.00964348762209066,0.0180912240101573));
#5405=CARTESIAN_POINT('',(-0.0944946797135426,-0.0175907302511346,0.0182429932305256));
#5406=CARTESIAN_POINT('',(-0.101599999999998,-0.0171092829241977,0.0183343735320606));
#5407=CARTESIAN_POINT('',(-0.1016,-0.0100653651262049,0.0196174589600861));
#5408=CARTESIAN_POINT('',(-0.0941463326425172,-0.01778,0.0201867783317005));
#5409=CARTESIAN_POINT('',(-0.101600000000005,-0.0176154631451862,0.0201974983362914));
#5410=CARTESIAN_POINT('',(-0.1016,-0.010159999998626,0.0206536088309431));
#5411=CARTESIAN_POINT('',(-0.09398,-0.01778,0.0211797039840055));
#5412=CARTESIAN_POINT('',(-0.1016,-0.01778,0.0211797039840055));
#5413=CARTESIAN_POINT('',(-0.1016,-0.01016,0.0211797039840057));
#5414=CARTESIAN_POINT('',(-0.101599766080454,-0.010219706608969,0.021179703984005));
#5415=CARTESIAN_POINT('',(-0.101599922031101,-0.0101998041648471,0.0211693768598862));
#5416=CARTESIAN_POINT('',(-0.1016,-0.0101798786083723,0.021159093260062));
#5417=CARTESIAN_POINT('',(-0.1016,-0.0101599444954485,0.021148826276064));
#5418=CARTESIAN_POINT('',(-0.09398,-0.00254,0.0127999094676488));
#5419=CARTESIAN_POINT('',(-0.101599766080455,-0.0102197066089686,0.0211797039840056));
#5420=CARTESIAN_POINT('',(-0.101599879025064,-0.0102052926009581,0.0211941188770222));
#5421=CARTESIAN_POINT('',(-0.101599766080455,-0.0101908777079415,0.0212085328850326));
#5422=CARTESIAN_POINT('',(-0.101591989489925,-0.0112121562182185,0.0216929565319299));
#5423=CARTESIAN_POINT('',(-0.101595855138131,-0.010958550118873,0.0219473763949335));
#5424=CARTESIAN_POINT('',(-0.101591989489925,-0.0107041302558658,0.0222009824942781));
#5425=CARTESIAN_POINT('',(-0.101183788070075,-0.0131936784407087,0.0227177151896857));
#5426=CARTESIAN_POINT('',(-0.101376874638172,-0.0125227195892174,0.0235115458652832));
#5427=CARTESIAN_POINT('',(-0.101183788070075,-0.0117288889136216,0.0241825047167748));
#5428=CARTESIAN_POINT('',(-0.0997681151917476,-0.0152890333743809,0.0238013432635859));
#5429=CARTESIAN_POINT('',(-0.100535385547578,-0.0143984419597891,0.025387268235853));
#5430=CARTESIAN_POINT('',(-0.0997681151917476,-0.0128125169875219,0.0262778596504446));
#5431=CARTESIAN_POINT('',(-0.0982216430955689,-0.0165486701089947,0.0244527735805263));
#5432=CARTESIAN_POINT('',(-0.0993184064004942,-0.0158298804560142,0.0268187067320782));
#5433=CARTESIAN_POINT('',(-0.0982216430955689,-0.0134639473044623,0.0275374963850588));
#5434=CARTESIAN_POINT('',(-0.0969007913484702,-0.0172506394622081,0.02481580214716));
#5435=CARTESIAN_POINT('',(-0.0979769652752437,-0.0168342167722177,0.0278230430482822));
#5436=CARTESIAN_POINT('',(-0.0969007913484702,-0.0138269758710958,0.0282394657382721));
#5437=CARTESIAN_POINT('',(-0.0954687011044512,-0.0176827366495189,0.025039264356497));
#5438=CARTESIAN_POINT('',(-0.0961583138332264,-0.0175886259818756,0.0285774522579379));
#5439=CARTESIAN_POINT('',(-0.0954687011044512,-0.0140504380804336,0.028671562925583));
#5440=CARTESIAN_POINT('',(-0.0944762400435808,-0.01778,0.0250895648070075));
#5441=CARTESIAN_POINT('',(-0.094715845946591,-0.0177799999999764,0.0287688262760442));
#5442=CARTESIAN_POINT('',(-0.0944762400435808,-0.0141007385309421,0.0287688262760641));
#5443=CARTESIAN_POINT('',(-0.09398,-0.01778,0.0250895648070075));
#5444=CARTESIAN_POINT('',(-0.09398,-0.01778,0.0287688262760641));
#5445=CARTESIAN_POINT('',(-0.09398,-0.0141007385309434,0.0287688262760641));
#5446=CARTESIAN_POINT('',(-0.0979206175577458,-0.0101908777079425,0.0211797039840057));
#5447=CARTESIAN_POINT('',(-0.101599766080454,-0.0101908777079411,0.0212085328850331));
#5448=CARTESIAN_POINT('',(-0.09398,-0.01016,0.021148826276064));
#5449=CARTESIAN_POINT('',(-0.1016,-0.0101599444954485,0.021148826276064));
#5450=CARTESIAN_POINT('',(-0.1016,-0.0101599444954485,0.021148826276064));
#5451=CARTESIAN_POINT('',(-0.1016,-0.0101599444954485,0.021148826276064));
#5452=CARTESIAN_POINT('',(-0.1016,-0.0101798606755508,0.0211590777830273));
#5453=CARTESIAN_POINT('',(-0.10160000000007,-0.0101750614435357,0.0211638967912942));
#5454=CARTESIAN_POINT('',(-0.1016,-0.0101702622110336,0.0211687157990755));
#5455=CARTESIAN_POINT('',(-0.101599922168115,-0.0101997866790996,0.0211693677870616));
#5456=CARTESIAN_POINT('',(-0.101599959883144,-0.0101901814796202,0.0211789905255406));
#5457=CARTESIAN_POINT('',(-0.101599922168111,-0.0101805759710909,0.0211886129556638));
#5458=CARTESIAN_POINT('',(-0.101599766080455,-0.0102197066089807,0.0211797039839955));
#5459=CARTESIAN_POINT('',(-0.101599879025068,-0.0102052926009674,0.0211941188770121));
#5460=CARTESIAN_POINT('',(-0.101599766080455,-0.0101908777079478,0.0212085328850226));
#5461=CARTESIAN_POINT('',(-0.101599766080454,-0.010190877707941,0.0212085328850331));
#5462=CARTESIAN_POINT('',(-0.101599922086035,-0.010180581388291,0.0211886234302117));
#5463=CARTESIAN_POINT('',(-0.1016,-0.0101702664312666,0.0211687230487162));
#5464=CARTESIAN_POINT('',(-0.1016,-0.0101599444954485,0.021148826276064));
#5465=CARTESIAN_POINT('',(-0.09398,-0.00254,0.0127999094676488));
#5466=CARTESIAN_POINT('',(-0.09398,0.00254,0.0127999094676488));
#5467=CARTESIAN_POINT('',(-0.09398,0.01016,-0.0127));
#5468=CARTESIAN_POINT('',(-0.09398,0.01016,0.021148826276064));
#5469=CARTESIAN_POINT('',(-0.101599766080455,0.010219706608968,0.0211797039840059));
#5470=CARTESIAN_POINT('',(-0.09398,0.01016,0.0211797039840059));
#5471=CARTESIAN_POINT('',(-0.09398,0.061214,0.021148826276064));
#5472=CARTESIAN_POINT('',(-0.09398,0.01016,0.021148826276064));
#5473=CARTESIAN_POINT('',(-0.101599766080454,0.010190877707942,0.0212085328850323));
#5474=CARTESIAN_POINT('',(-0.101599766080455,0.0101908777079498,0.0212085328850282));
#5475=CARTESIAN_POINT('',(-0.101599922086036,0.010180581388302,0.0211886234302057));
#5476=CARTESIAN_POINT('',(-0.1016,0.0101702664312666,0.021168723048716));
#5477=CARTESIAN_POINT('',(-0.1016,0.0101599444954485,0.021148826276064));
#5478=CARTESIAN_POINT('',(-0.0939800000000002,0.01778,0.021179703984006));
#5479=CARTESIAN_POINT('',(-0.1016,0.0177799999999998,0.021179703984006));
#5480=CARTESIAN_POINT('',(-0.1016,0.01016,0.0211797039840059));
#5481=CARTESIAN_POINT('',(-0.0941466026133663,0.01778,0.0201851667346877));
#5482=CARTESIAN_POINT('',(-0.101599999999992,0.0176151989765664,0.0201959213778767));
#5483=CARTESIAN_POINT('',(-0.1016,0.010159999998435,0.0206527549368527));
#5484=CARTESIAN_POINT('',(-0.0944944770916327,0.0175903860551229,0.0182444785986024));
#5485=CARTESIAN_POINT('',(-0.101600000000004,0.0171091632103645,0.0183357603004389));
#5486=CARTESIAN_POINT('',(-0.1016,0.0100651930282877,0.0196182337393207));
#5487=CARTESIAN_POINT('',(-0.0950776343922324,0.0167503139361286,0.015432586199477));
#5488=CARTESIAN_POINT('',(-0.101599999999999,0.0158515190321724,0.0157744199418125));
#5489=CARTESIAN_POINT('',(-0.1016,0.0096451569678697,0.0180956498511963));
#5490=CARTESIAN_POINT('',(-0.0956924837236289,0.0154034107656848,0.0128781407240036));
#5491=CARTESIAN_POINT('',(-0.1016,0.0142209007610611,0.0135844636997513));
#5492=CARTESIAN_POINT('',(-0.1016,0.00897170538289457,0.0166847675634581));
#5493=CARTESIAN_POINT('',(-0.0963251777960865,0.0135547048585617,0.0106074969490829));
#5494=CARTESIAN_POINT('',(-0.1016,0.0122584139003322,0.0117430385275296));
#5495=CARTESIAN_POINT('',(-0.1016,0.00804735242926686,0.0153999333777616));
#5496=CARTESIAN_POINT('',(-0.096916733960675,0.0113064520584841,0.00875565895168523));
#5497=CARTESIAN_POINT('',(-0.1016,0.0100887274142886,0.0103105302988085));
#5498=CARTESIAN_POINT('',(-0.1016,0.00692322602924584,0.0143227401431446));
#5499=CARTESIAN_POINT('',(-0.0974291749101856,0.00862665803234235,0.00732954651216154));
#5500=CARTESIAN_POINT('',(-0.101599999999999,0.00768076956542543,0.00924633207145662));
#5501=CARTESIAN_POINT('',(-0.1016,0.00558332901617008,0.0134692094150813));
#5502=CARTESIAN_POINT('',(-0.0977739728254071,0.00570866670475842,0.00645280878768896));
#5503=CARTESIAN_POINT('',(-0.101600000000004,0.00518380455001139,0.00860710147786851));
#5504=CARTESIAN_POINT('',(-0.1016,0.00412433335237981,0.0129310733540944));
#5505=CARTESIAN_POINT('',(-0.0978607660048016,0.00359729413016512,0.00624216174331724));
#5506=CARTESIAN_POINT('',(-0.101599999999992,0.00341890987742837,0.00845497821333371));
#5507=CARTESIAN_POINT('',(-0.1016,0.00306864706508187,0.012799909466796));
#5508=CARTESIAN_POINT('',(-0.0978607660061099,0.00254,0.00624216174409148));
#5509=CARTESIAN_POINT('',(-0.1016,0.00254,0.0084549782146384));
#5510=CARTESIAN_POINT('',(-0.1016,0.00254,0.0127999094676488));
#5511=CARTESIAN_POINT('',(-0.101599766080455,0.010219706608968,0.021179703984006));
#5512=CARTESIAN_POINT('',(-0.101599922031101,0.0101998041648465,0.0211693768598865));
#5513=CARTESIAN_POINT('',(-0.1016,0.0101798786083687,0.0211590932600688));
#5514=CARTESIAN_POINT('',(-0.1016,0.0101599444954485,0.0211488262760641));
#5515=CARTESIAN_POINT('',(-0.101599766080455,0.0101908777079414,0.0212085328850325));
#5516=CARTESIAN_POINT('',(-0.10159987902507,0.010205292600958,0.0211941188770221));
#5517=CARTESIAN_POINT('',(-0.101599766080455,0.0102197066089684,0.0211797039840055));
#5518=CARTESIAN_POINT('',(-0.101591989489925,0.0107041302558658,0.0222009824942818));
#5519=CARTESIAN_POINT('',(-0.101595855138877,0.0109585501188774,0.0219473763949336));
#5520=CARTESIAN_POINT('',(-0.101591989489925,0.0112121562182183,0.0216929565319298));
#5521=CARTESIAN_POINT('',(-0.101183788070076,0.0117288889136216,0.0241825047167729));
#5522=CARTESIAN_POINT('',(-0.101376874637807,0.0125227195892153,0.0235115458652831));
#5523=CARTESIAN_POINT('',(-0.101183788070076,0.0131936784407086,0.0227177151896856));
#5524=CARTESIAN_POINT('',(-0.0997681151917475,0.0128125169875218,0.0262778596504448));
#5525=CARTESIAN_POINT('',(-0.100535385547628,0.0143984419597894,0.0253872682358529));
#5526=CARTESIAN_POINT('',(-0.0997681151917475,0.0152890333743808,0.0238013432635859));
#5527=CARTESIAN_POINT('',(-0.0982216430955692,0.0134639473044622,0.0275374963850588));
#5528=CARTESIAN_POINT('',(-0.0993184064004839,0.0158298804560141,0.0268187067320782));
#5529=CARTESIAN_POINT('',(-0.0982216430955692,0.0165486701089947,0.0244527735805263));
#5530=CARTESIAN_POINT('',(-0.0969007913484693,0.0138269758710958,0.0282394657382721));
#5531=CARTESIAN_POINT('',(-0.0979769652752468,0.0168342167722178,0.0278230430482823));
#5532=CARTESIAN_POINT('',(-0.0969007913484693,0.017250639462208,0.02481580214716));
#5533=CARTESIAN_POINT('',(-0.0954687011044545,0.0140504380804336,0.028671562925583));
#5534=CARTESIAN_POINT('',(-0.0961583138332256,0.0175886259818752,0.0285774522579371));
#5535=CARTESIAN_POINT('',(-0.0954687011044545,0.0176827366495189,0.025039264356497));
#5536=CARTESIAN_POINT('',(-0.0944762400435737,0.0141007385309421,0.0287688262760641));
#5537=CARTESIAN_POINT('',(-0.0947158459465911,0.0177799999999774,0.0287688262760461));
#5538=CARTESIAN_POINT('',(-0.0944762400435737,0.01778,0.0250895648070075));
#5539=CARTESIAN_POINT('',(-0.09398,0.0141007385309434,0.0287688262760641));
#5540=CARTESIAN_POINT('',(-0.09398,0.01778,0.0287688262760641));
#5541=CARTESIAN_POINT('',(-0.09398,0.01778,0.0250895648070075));
#5542=CARTESIAN_POINT('',(-0.0979206175577458,0.0101908777079429,0.0211797039840059));
#5543=CARTESIAN_POINT('',(-0.1016,0.0101599444954485,0.021148826276064));
#5544=CARTESIAN_POINT('',(-0.1016,0.0101599444954485,0.021148826276064));
#5545=CARTESIAN_POINT('',(-0.1016,0.0101599444954485,0.021148826276064));
#5546=CARTESIAN_POINT('',(-0.1016,0.0101702622110339,0.021168715799076));
#5547=CARTESIAN_POINT('',(-0.101600000000223,0.0101750614435362,0.0211638967912944));
#5548=CARTESIAN_POINT('',(-0.1016,0.0101798606755515,0.0211590777830274));
#5549=CARTESIAN_POINT('',(-0.101599922168111,0.0101805759710939,0.0211886129556589));
#5550=CARTESIAN_POINT('',(-0.10159995988338,0.0101901814796291,0.0211789905255333));
#5551=CARTESIAN_POINT('',(-0.101599922168115,0.0101997866791056,0.0211693677870571));
#5552=CARTESIAN_POINT('',(-0.101599766080455,0.010190877707948,0.0212085328850233));
#5553=CARTESIAN_POINT('',(-0.101599879025064,0.0102052926009676,0.0211941188770127));
#5554=CARTESIAN_POINT('',(-0.101599766080455,0.0102197066089812,0.0211797039839959));
#5555=CARTESIAN_POINT('',(0.0711645047009094,-0.0151735850453721,-0.0124251991578503));
#5556=CARTESIAN_POINT('',(0.0715285125822285,-0.0147724138172798,-0.0127000000000001));
#5557=CARTESIAN_POINT('',(0.0719366797914323,-0.0143225748193165,-0.0127));
#5558=CARTESIAN_POINT('',(0.070972537566779,-0.0147598968520576,-0.0125151782853051));
#5559=CARTESIAN_POINT('',(0.0712217951378375,-0.0144790677022245,-0.0126532991107534));
#5560=CARTESIAN_POINT('',(0.0714925909401197,-0.0141882582351067,-0.0127000000000001));
#5561=CARTESIAN_POINT('',(0.0708048491637796,-0.0143360593036922,-0.0125311374779252));
#5562=CARTESIAN_POINT('',(0.0709351589465476,-0.0141932546399344,-0.0125772141930099));
#5563=CARTESIAN_POINT('',(0.0710653639203692,-0.0140504500666171,-0.012623586528966));
#5564=CARTESIAN_POINT('',(0.0706624762989016,-0.0139125353530637,-0.0124806135213393));
#5565=CARTESIAN_POINT('',(0.0706624762989016,-0.0139125353530637,-0.0124806135213393));
#5566=CARTESIAN_POINT('',(0.0706624762989016,-0.0139125353530637,-0.0124806135213393));
#5567=CARTESIAN_POINT('',(0.0719366797914319,-0.0143225748193167,-0.01016));
#5568=CARTESIAN_POINT('',(0.0719366797914314,-0.0143225748193162,-0.0127));
#5569=CARTESIAN_POINT('',(0.0715285125822276,-0.0147724138172791,-0.0127));
#5570=CARTESIAN_POINT('',(0.0711645047009085,-0.0151735850453712,-0.0124251991578503));
#5571=CARTESIAN_POINT('',(0.072056279531987,-0.014431094983858,-0.0127));
#5572=CARTESIAN_POINT('',(0.071661709309161,-0.0150088404432828,-0.012699999999999));
#5573=CARTESIAN_POINT('',(0.0713196034427662,-0.015507821682194,-0.0123525011744285));
#5574=CARTESIAN_POINT('',(0.0723294527098539,-0.0145900258464413,-0.0127));
#5575=CARTESIAN_POINT('',(0.0719661257889138,-0.0153768266146989,-0.0127000000000005));
#5576=CARTESIAN_POINT('',(0.0716696259121132,-0.0160054820911462,-0.0121844201793852));
#5577=CARTESIAN_POINT('',(0.0729302591437944,-0.0148090813313606,-0.0127));
#5578=CARTESIAN_POINT('',(0.0726434486625488,-0.0159593656243695,-0.0126999999999997));
#5579=CARTESIAN_POINT('',(0.0724397469848376,-0.016713876825451,-0.0118146793815527));
#5580=CARTESIAN_POINT('',(0.0737007155978101,-0.0149525979570501,-0.0127));
#5581=CARTESIAN_POINT('',(0.0735305600428968,-0.0164930555678054,-0.0127000000000002));
#5582=CARTESIAN_POINT('',(0.0734212626913322,-0.0172211114339087,-0.0113384195248194));
#5583=CARTESIAN_POINT('',(0.0746516963492536,-0.0150110782235786,-0.0127));
#5584=CARTESIAN_POINT('',(0.0746568696133577,-0.0170249518690802,-0.0126999999999997));
#5585=CARTESIAN_POINT('',(0.0746291170436187,-0.0175107769976915,-0.0107492403251553));
#5586=CARTESIAN_POINT('',(0.0752821692434038,-0.0149849780220389,-0.0127));
#5587=CARTESIAN_POINT('',(0.0754232126326875,-0.0173321001308957,-0.0127000000000006));
#5588=CARTESIAN_POINT('',(0.0754251343229436,-0.0175222547911743,-0.0103569329072649));
#5589=CARTESIAN_POINT('',(0.0755976066459417,-0.0149570554946679,-0.0127));
#5590=CARTESIAN_POINT('',(0.0758215717565023,-0.0174871621385175,-0.0127));
#5591=CARTESIAN_POINT('',(0.0758215717565023,-0.0174871621385174,-0.01016));
#5592=CARTESIAN_POINT('',(0.0755976066459417,-0.0149570554946679,-0.01016));
#5593=CARTESIAN_POINT('',(0.0888331215887147,-0.0145946387127864,-0.01016));
#5594=CARTESIAN_POINT('',(0.0888331215887147,-0.0145946387127864,-0.0127));
#5595=CARTESIAN_POINT('',(0.0878688782239768,-0.0122447802631008,-0.0127));
#5596=CARTESIAN_POINT('',(0.0866857972529569,-0.0154757740181797,-0.0101600000000055));
#5597=CARTESIAN_POINT('',(0.0866857972519138,-0.0154757740153666,-0.0127000000000156));
#5598=CARTESIAN_POINT('',(0.0859021289286087,-0.0130518182155859,-0.0127));
#5599=CARTESIAN_POINT('',(0.082364143702829,-0.0166952460600735,-0.0101599999999945));
#5600=CARTESIAN_POINT('',(0.0823641437032431,-0.0166952460611633,-0.0126999999999779));
#5601=CARTESIAN_POINT('',(0.0818650168329249,-0.0141971108614548,-0.0127));
#5602=CARTESIAN_POINT('',(0.0780081964910755,-0.0172936020561401,-0.0101600000000055));
#5603=CARTESIAN_POINT('',(0.0780081964912904,-0.0172936020567736,-0.0127000000000285));
#5604=CARTESIAN_POINT('',(0.077701568093356,-0.0147708127692995,-0.0127));
#5605=CARTESIAN_POINT('',(0.0758215717561878,-0.0174871621385453,-0.01016));
#5606=CARTESIAN_POINT('',(0.0758215717561878,-0.0174871621385453,-0.0127));
#5607=CARTESIAN_POINT('',(0.0755976066456391,-0.0149570554946947,-0.0127));
#5608=CARTESIAN_POINT('',(0.0878688782239784,-0.0122447802631001,-0.01016));
#5609=CARTESIAN_POINT('',(0.0878688782239771,-0.0122447802631007,-0.0127));
#5610=CARTESIAN_POINT('',(0.0888331215887125,-0.0145946387127845,-0.0127));
#5611=CARTESIAN_POINT('',(0.0888331215887135,-0.0145946387127869,-0.0101600000000027));
#5612=CARTESIAN_POINT('',(0.0888790094494031,-0.0118302819634257,-0.0127));
#5613=CARTESIAN_POINT('',(0.0901273309081842,-0.0142577174048149,-0.0127000000000103));
#5614=CARTESIAN_POINT('',(0.0900172779292829,-0.0141087307661374,-0.00998652129430469));
#5615=CARTESIAN_POINT('',(0.0907704878204554,-0.0107988704188393,-0.0127));
#5616=CARTESIAN_POINT('',(0.0926742334838075,-0.0132963565585219,-0.0126999999999952));
#5617=CARTESIAN_POINT('',(0.0922392577204496,-0.0128601639483053,-0.009651417211908));
#5618=CARTESIAN_POINT('',(0.0931937053459742,-0.00856731118002573,-0.0127));
#5619=CARTESIAN_POINT('',(0.0962831372943502,-0.0109337807445137,-0.0127));
#5620=CARTESIAN_POINT('',(0.0950458390761315,-0.0100730523440229,-0.00916151637011488));
#5621=CARTESIAN_POINT('',(0.0948884981423549,-0.0057462319467778,-0.0127));
#5622=CARTESIAN_POINT('',(0.0995533836714904,-0.00741755662516681,-0.0127000000000063));
#5623=CARTESIAN_POINT('',(0.0968881535454288,-0.00651562710455205,-0.00869911569697117));
#5624=CARTESIAN_POINT('',(0.0953407202499808,-0.00357639015437237,-0.0127));
#5625=CARTESIAN_POINT('',(0.101261240624665,-0.0042992536649687,-0.0126999999999826));
#5626=CARTESIAN_POINT('',(0.0971877817433458,-0.00380945551608264,-0.00840299373796519));
#5627=CARTESIAN_POINT('',(0.0953407202564266,-0.00249245231680016,-0.0127));
#5628=CARTESIAN_POINT('',(0.102036587777262,-0.00249245231679673,-0.0127));
#5629=CARTESIAN_POINT('',(0.0970253458922151,-0.0024924523167993,-0.00825904327580969));
#5630=CARTESIAN_POINT('',(0.0953407202564266,-0.00249245231680921,-0.01016));
#5631=CARTESIAN_POINT('',(0.0953407202564266,-0.00249245231681209,-0.01016));
#5632=CARTESIAN_POINT('',(0.0953407202564266,0.00249245231679576,-0.01016));
#5633=CARTESIAN_POINT('',(0.0888331215887334,0.0145946387127788,-0.01016));
#5634=CARTESIAN_POINT('',(0.0888331215887334,0.0145946387127788,-0.0127));
#5635=CARTESIAN_POINT('',(0.0878688782239938,0.0122447802630938,-0.0127));
#5636=CARTESIAN_POINT('',(0.09001729656681,0.014108723118393,-0.00998651856347963));
#5637=CARTESIAN_POINT('',(0.0901273519983751,0.014257711914873,-0.012700000000004));
#5638=CARTESIAN_POINT('',(0.0888790253483063,0.0118302754394561,-0.0127));
#5639=CARTESIAN_POINT('',(0.0922389457052567,0.0128603679228331,-0.00965146560489478));
#5640=CARTESIAN_POINT('',(0.0926738572414975,0.0132965208204488,-0.0126999999999981));
#5641=CARTESIAN_POINT('',(0.0907702217072399,0.0107990370975938,-0.0127));
#5642=CARTESIAN_POINT('',(0.095045722818572,0.0100732436918627,-0.00916154181866713));
#5643=CARTESIAN_POINT('',(0.0962829727141624,0.0109339480452454,-0.0127000000000004));
#5644=CARTESIAN_POINT('',(0.0931936015871611,0.00856746246244784,-0.0127));
#5645=CARTESIAN_POINT('',(0.096888124014757,0.00651576001395999,-0.00869913089216759));
#5646=CARTESIAN_POINT('',(0.0995532926390046,0.00741769398707917,-0.0127000000000006));
#5647=CARTESIAN_POINT('',(0.0948884647144293,0.00574633800053846,-0.0127));
#5648=CARTESIAN_POINT('',(0.0971877859009215,0.00380948920291389,-0.00840299742240422));
#5649=CARTESIAN_POINT('',(0.101261222789796,0.00429929519258955,-0.0126999999999979));
#5650=CARTESIAN_POINT('',(0.0953407202503793,0.00357641788210895,-0.0127));
#5651=CARTESIAN_POINT('',(0.0970253458922131,0.00249245231679574,-0.00825904327580791));
#5652=CARTESIAN_POINT('',(0.102036587777273,0.00249245231679574,-0.0127));
#5653=CARTESIAN_POINT('',(0.0953407202564266,0.00249245231679574,-0.0127));
#5654=CARTESIAN_POINT('',(0.0878688782239938,0.0122447802630938,-0.01016));
#5655=CARTESIAN_POINT('',(0.0758215717561878,0.0174871621385453,-0.01016));
#5656=CARTESIAN_POINT('',(0.0758215717561878,0.0174871621385453,-0.0127));
#5657=CARTESIAN_POINT('',(0.075597606645639,0.0149570554946947,-0.0127));
#5658=CARTESIAN_POINT('',(0.0780081964907623,0.0172936020561678,-0.0101599999999908));
#5659=CARTESIAN_POINT('',(0.0780081964908178,0.0172936020566929,-0.0126999999999948));
#5660=CARTESIAN_POINT('',(0.0777015680933452,0.0147708127692478,-0.0127));
#5661=CARTESIAN_POINT('',(0.0823641437053372,0.0166952460590973,-0.0101600000000018));
#5662=CARTESIAN_POINT('',(0.0823641437058977,0.0166952460602686,-0.0127000000000013));
#5663=CARTESIAN_POINT('',(0.0818650168349819,0.0141971108606643,-0.0127));
#5664=CARTESIAN_POINT('',(0.0866857972482879,0.0154757740200974,-0.0101600000000055));
#5665=CARTESIAN_POINT('',(0.0866857972471114,0.0154757740172296,-0.0127000000000026));
#5666=CARTESIAN_POINT('',(0.0859021289245377,0.0130518182172116,-0.0127));
#5667=CARTESIAN_POINT('',(0.088833121588733,0.014594638712779,-0.01016));
#5668=CARTESIAN_POINT('',(0.088833121588733,0.014594638712779,-0.0127));
#5669=CARTESIAN_POINT('',(0.0878688782239935,0.012244780263094,-0.0127));
#5670=CARTESIAN_POINT('',(0.0755976066459417,0.0149570554946679,-0.01016));
#5671=CARTESIAN_POINT('',(0.0755976066459417,0.0149570554946679,-0.0127));
#5672=CARTESIAN_POINT('',(0.0758215717565024,0.0174871621385175,-0.0127));
#5673=CARTESIAN_POINT('',(0.0758215717565024,0.0174871621385175,-0.01016));
#5674=CARTESIAN_POINT('',(0.0752818956396422,0.0149850022412239,-0.0127));
#5675=CARTESIAN_POINT('',(0.0754228800146144,0.0173319706554269,-0.0126999999999982));
#5676=CARTESIAN_POINT('',(0.0754247904665712,0.01752228522935,-0.0103571037236384));
#5677=CARTESIAN_POINT('',(0.0746517075776833,0.0150105680502475,-0.0127));
#5678=CARTESIAN_POINT('',(0.0746562547634761,0.0170240632933443,-0.0127000000000008));
#5679=CARTESIAN_POINT('',(0.0746291037995645,0.017509339479539,-0.0107492234871558));
#5680=CARTESIAN_POINT('',(0.0737144482535306,0.0149544754517591,-0.0127));
#5681=CARTESIAN_POINT('',(0.0735465435350432,0.0165019868780811,-0.0126999999999997));
#5682=CARTESIAN_POINT('',(0.0734387439637022,0.0172282361513557,-0.0113299257038339));
#5683=CARTESIAN_POINT('',(0.072930880392952,0.0148090395574197,-0.0127));
#5684=CARTESIAN_POINT('',(0.0726441971136783,0.0159593841725042,-0.0127000000000002));
#5685=CARTESIAN_POINT('',(0.0724405313038961,0.0167138015694962,-0.0118142924749676));
#5686=CARTESIAN_POINT('',(0.0723335512298104,0.0145921255981155,-0.0127));
#5687=CARTESIAN_POINT('',(0.0719706803251844,0.0153818821012455,-0.0126999999999997));
#5688=CARTESIAN_POINT('',(0.0716748959848518,0.0160121112096354,-0.0121819046135286));
#5689=CARTESIAN_POINT('',(0.0720557139886754,0.0144305818432918,-0.0127));
#5690=CARTESIAN_POINT('',(0.0716610746937031,0.0150077140113606,-0.0127000000000006));
#5691=CARTESIAN_POINT('',(0.0713188700418701,0.0155062412301831,-0.0123528449265075));
#5692=CARTESIAN_POINT('',(0.0719366797914311,0.0143225748193159,-0.0127));
#5693=CARTESIAN_POINT('',(0.0715285125822279,0.0147724138172785,-0.0127));
#5694=CARTESIAN_POINT('',(0.0711645047009092,0.0151735850453704,-0.0124251991578509));
#5695=CARTESIAN_POINT('',(0.0719366797914294,0.0143225748193144,-0.01016));
#5696=CARTESIAN_POINT('',(0.0719366797914266,0.0143225748193153,-0.0127));
#5697=CARTESIAN_POINT('',(0.0715285125822236,0.0147724138172771,-0.0126999999999995));
#5698=CARTESIAN_POINT('',(0.0711645047009054,0.0151735850453683,-0.0124251991578506));
#5699=CARTESIAN_POINT('',(0.0714925909402033,0.0141882582349701,-0.0126999999999994));
#5700=CARTESIAN_POINT('',(0.0712217951399731,0.0144790677019232,-0.0126532991107689));
#5701=CARTESIAN_POINT('',(0.0709725375705124,0.0147598968517709,-0.012515178286685));
#5702=CARTESIAN_POINT('',(0.0710653639203644,0.014050450066626,-0.0126235865289643));
#5703=CARTESIAN_POINT('',(0.0709351589421527,0.0141932546401264,-0.0125772142049283));
#5704=CARTESIAN_POINT('',(0.0708048491637689,0.0143360593037405,-0.0125311374779214));
#5705=CARTESIAN_POINT('',(0.0706624762989017,0.0139125353530637,-0.0124806135213393));
#5706=CARTESIAN_POINT('',(0.0706624762989016,0.0139125353530637,-0.0124806135213393));
#5707=CARTESIAN_POINT('',(0.0706624762989016,0.0139125353530637,-0.0124806135213393));
#5708=CARTESIAN_POINT('',(-0.0378890493903971,0.0146162768777122,0.0061585765352387));
#5709=CARTESIAN_POINT('',(-0.036694962756555,0.0140577212004499,-0.00121044000971078));
#5710=CARTESIAN_POINT('',(-0.0397580814770212,0.00725393093831035,-0.00181539781535107));
#5711=CARTESIAN_POINT('',(-0.0375683394735596,0.0144662589981656,0.00619746789374987));
#5712=CARTESIAN_POINT('',(-0.0364898553100755,0.0139372625819573,-0.00122354381114109));
#5713=CARTESIAN_POINT('',(-0.0396952343730919,0.00716181760566618,-0.00180298567937021));
#5714=CARTESIAN_POINT('',(-0.037077978458331,0.014222401751468,0.00624720123579827));
#5715=CARTESIAN_POINT('',(-0.0361683998834806,0.0137422212741628,-0.00125166734949492));
#5716=CARTESIAN_POINT('',(-0.0396023502392122,0.00701665785339787,-0.0017871133365137));
#5717=CARTESIAN_POINT('',(-0.0363973130282256,0.0138437246346588,0.00629784085262093));
#5718=CARTESIAN_POINT('',(-0.0357019285537898,0.0134393617931202,-0.00130729722575019));
#5719=CARTESIAN_POINT('',(-0.0394818487866834,0.00680641849542738,-0.00177095175659967));
#5720=CARTESIAN_POINT('',(-0.0359591775347613,0.0135803240140693,0.00632328697922532));
#5721=CARTESIAN_POINT('',(-0.0353913321298462,0.0132275569248205,-0.00135017845003448));
#5722=CARTESIAN_POINT('',(-0.0394080897401487,0.00666729489386088,-0.0017628306523781));
#5723=CARTESIAN_POINT('',(-0.0356426710380716,0.0133773320509817,0.00633802187639919));
#5724=CARTESIAN_POINT('',(-0.0351604604540175,0.0130630357820377,-0.0013845742357029));
#5725=CARTESIAN_POINT('',(-0.0393573759196543,0.00656536802889615,-0.00175812802561889));
#5726=CARTESIAN_POINT('',(-0.0354611325570477,0.0132569790608318,0.00634558919131811));
#5727=CARTESIAN_POINT('',(-0.0350263456972071,0.0129653087798841,-0.00140571317309454));
#5728=CARTESIAN_POINT('',(-0.0393286789178565,0.00650573007890463,-0.00175571292511299));
#5729=CARTESIAN_POINT('',(-0.0353417403247572,0.0131759911649444,0.00634997028988283));
#5730=CARTESIAN_POINT('',(-0.0349364530544675,0.0128985774612534,-0.00141915857120668));
#5731=CARTESIAN_POINT('',(-0.03931086040446,0.00646787826476663,-0.00175431470216677));
#5732=CARTESIAN_POINT('',(-0.035256367475702,0.0131169771463742,0.00635326712702261));
#5733=CARTESIAN_POINT('',(-0.0348733713644346,0.0128514495958322,-0.00143102521016791));
#5734=CARTESIAN_POINT('',(-0.0392966897099114,0.00643718296820006,-0.0017532625201009));
#5735=CARTESIAN_POINT('',(-0.0352219776705467,0.0130931718619687,0.00635643843684514));
#5736=CARTESIAN_POINT('',(-0.0348570168928498,0.0128409861236663,-0.00144645426219292));
#5737=CARTESIAN_POINT('',(-0.0392825227039575,0.00640646574530673,-0.00175225039994477));
#5738=CARTESIAN_POINT('',(-0.0351380823592773,0.0130351363767944,0.00636166156126951));
#5739=CARTESIAN_POINT('',(-0.0348067907864661,0.012805708223358,-0.00147211537450995));
#5740=CARTESIAN_POINT('',(-0.0392577269357202,0.00635271691517243,-0.00175058344534125));
#5741=CARTESIAN_POINT('',(-0.0349871030293321,0.0129306752108735,0.00637080042593779));
#5742=CARTESIAN_POINT('',(-0.0347223219257873,0.0127476460980306,-0.00152565765373945));
#5743=CARTESIAN_POINT('',(-0.0392081308235012,0.0062451994581865,-0.00174766678640456));
#5744=CARTESIAN_POINT('',(-0.0347625810075958,0.012775341914875,0.0063801270611417));
#5745=CARTESIAN_POINT('',(-0.03459538707245,0.0126596146010102,-0.0016044422973312));
#5746=CARTESIAN_POINT('',(-0.0391372605643796,0.00609156777108811,-0.00174469020070119));
#5747=CARTESIAN_POINT('',(-0.0344081497104173,0.0125301260962446,0.00638711140238932));
#5748=CARTESIAN_POINT('',(-0.0344005027706036,0.0125248666904458,-0.00173715086009389));
#5749=CARTESIAN_POINT('',(-0.0390238355820545,0.00584568359110888,-0.00174246115562216));
#5750=CARTESIAN_POINT('',(-0.0339631315541128,0.0122222392319887,0.00638094874032354));
#5751=CARTESIAN_POINT('',(-0.0341628940777577,0.0123604352258328,-0.00191449604296285));
#5752=CARTESIAN_POINT('',(-0.0388819588585487,0.00553812233611193,-0.00174442796266444));
#5753=CARTESIAN_POINT('',(-0.0332520826655623,0.0117302971973873,0.00633932164934058));
#5754=CARTESIAN_POINT('',(-0.0338004904409701,0.0121097212803703,-0.00222270958438076));
#5755=CARTESIAN_POINT('',(-0.038654969284986,0.005046052357455,-0.00175771320446743));
#5756=CARTESIAN_POINT('',(-0.0323586222120458,0.0111121533940381,0.00622635083836425));
#5757=CARTESIAN_POINT('',(-0.033381600027944,0.0118199022476625,-0.00265430396925981));
#5758=CARTESIAN_POINT('',(-0.0383698512911564,0.00442797127178001,-0.00179376771860948));
#5759=CARTESIAN_POINT('',(-0.0313038044754692,0.0103823738073884,0.00599430098408718));
#5760=CARTESIAN_POINT('',(-0.0329568572741639,0.0115260450731296,-0.00322609639354816));
#5761=CARTESIAN_POINT('',(-0.0380331980656586,0.00369817161547455,-0.0018678261827377));
#5762=CARTESIAN_POINT('',(-0.02992931238531,0.00943142638621383,0.00555937755108634));
#5763=CARTESIAN_POINT('',(-0.0324996650504067,0.0112097340190404,-0.00405449787536762));
#5764=CARTESIAN_POINT('',(-0.037594533466322,0.00274723088418527,-0.00200663153370902));
#5765=CARTESIAN_POINT('',(-0.0289239912166641,0.00873589121498705,0.0050834503665706));
#5766=CARTESIAN_POINT('',(-0.0323064889183416,0.0110760847531785,-0.00472002720485303));
#5767=CARTESIAN_POINT('',(-0.0372736851264293,0.00205169320425144,-0.00215852318827952));
#5768=CARTESIAN_POINT('',(-0.0282820076404448,0.00829173250470862,0.00470069929962571));
#5769=CARTESIAN_POINT('',(-0.0322542806081561,0.0110399642407957,-0.00515109575090346));
#5770=CARTESIAN_POINT('',(-0.0370687967510672,0.00160753449397307,-0.00228067778416374));
#5771=CARTESIAN_POINT('',(-0.0413329202167455,0.00725393093831035,0.00615857653523871));
#5772=CARTESIAN_POINT('',(-0.0397580814770212,-0.00725393093831036,-0.00181539781535107));
#5773=CARTESIAN_POINT('',(-0.036694962756555,-0.01405772120045,-0.00121044000971078));
#5774=CARTESIAN_POINT('',(-0.0378890493903971,-0.0146162768777122,0.0061585765352387));
#5775=CARTESIAN_POINT('',(-0.0396952267028112,-0.00716180636353334,-0.00180298416451016));
#5776=CARTESIAN_POINT('',(-0.0364898302305756,-0.0139372478528829,-0.00122354541340209));
#5777=CARTESIAN_POINT('',(-0.0375683003319609,-0.014466240688973,0.00619747264031243));
#5778=CARTESIAN_POINT('',(-0.0396023313990298,-0.00701662805602904,-0.00178711021967179));
#5779=CARTESIAN_POINT('',(-0.0361683372734488,-0.0137421837175207,-0.00125167367082483));
#5780=CARTESIAN_POINT('',(-0.037077882149207,-0.0142223540990754,0.00624721100190265));
#5781=CARTESIAN_POINT('',(-0.0394818159502822,-0.00680635949854531,-0.00177094766477354));
#5782=CARTESIAN_POINT('',(-0.0357017914049686,-0.0134392704315826,-0.0013073134656021));
#5783=CARTESIAN_POINT('',(-0.0363971177475097,-0.0138436120546266,0.00629785367367623));
#5784=CARTESIAN_POINT('',(-0.0394080485950912,-0.00666721547757677,-0.00176282639550405));
#5785=CARTESIAN_POINT('',(-0.0353911711156197,-0.0132274470321849,-0.00135020511993956));
#5786=CARTESIAN_POINT('',(-0.0359589478110801,-0.0135801841203383,0.00632330031743066));
#5787=CARTESIAN_POINT('',(-0.0393573292453744,-0.0065652729093231,-0.00175812386484558));
#5788=CARTESIAN_POINT('',(-0.0351602209235912,-0.013062861907905,-0.00138460524072125));
#5789=CARTESIAN_POINT('',(-0.0356423512794832,-0.0133771230402434,0.00633803491348887));
#5790=CARTESIAN_POINT('',(-0.039328629162922,-0.00650562559848136,-0.00175570887521232));
#5791=CARTESIAN_POINT('',(-0.0350261501018489,-0.0129651672620435,-0.00140575362666805));
#5792=CARTESIAN_POINT('',(-0.0354608589566886,-0.0132567967310065,0.00634560188100688));
#5793=CARTESIAN_POINT('',(-0.039310808787652,-0.00646776762379884,-0.0017543107464132));
#5794=CARTESIAN_POINT('',(-0.0349360722299325,-0.0128982884763701,-0.00141918957526631));
#5795=CARTESIAN_POINT('',(-0.0353412637346451,-0.0131756640666788,0.00634998268457738));
#5796=CARTESIAN_POINT('',(-0.0392966365729197,-0.00643706754640312,-0.00175325864844233));
#5797=CARTESIAN_POINT('',(-0.0348733285296741,-0.0128514246609781,-0.0014310843996307));
#5798=CARTESIAN_POINT('',(-0.0352562589595517,-0.0131169015843348,0.00635327925821946));
#5799=CARTESIAN_POINT('',(-0.0392824677832172,-0.006406346819227,-0.00175224660238887));
#5800=CARTESIAN_POINT('',(-0.034856887974676,-0.0128408942511413,-0.00144650941324361));
#5801=CARTESIAN_POINT('',(-0.0352217725644657,-0.0130930302346412,0.00635645033585363));
#5802=CARTESIAN_POINT('',(-0.0392576690155461,-0.00635259126205345,-0.00175057981181514));
#5803=CARTESIAN_POINT('',(-0.0348067086485113,-0.0128056532995962,-0.00147217855498849));
#5804=CARTESIAN_POINT('',(-0.0351379242919974,-0.0130350268215937,0.00636167294631797));
#5805=CARTESIAN_POINT('',(-0.0392080668160579,-0.00624506076934245,-0.00174766357535261));
#5806=CARTESIAN_POINT('',(-0.034722193161951,-0.0127475556397572,-0.0015257264439156));
#5807=CARTESIAN_POINT('',(-0.0349868856502457,-0.0129305249569929,0.00637081048723389));
#5808=CARTESIAN_POINT('',(-0.0391371879018471,-0.00609141023041824,-0.00174468788486376));
#5809=CARTESIAN_POINT('',(-0.0345952655905482,-0.0126595310109354,-0.00160452540082875));
#5810=CARTESIAN_POINT('',(-0.0347623589121867,-0.0127751882106893,0.0063801343174323));
#5811=CARTESIAN_POINT('',(-0.0390237490380985,-0.00584549599323145,-0.00174246088581442));
#5812=CARTESIAN_POINT('',(-0.0344003528142128,-0.0125247626764036,-0.00173725519515554));
#5813=CARTESIAN_POINT('',(-0.0344078753204033,-0.0125299362854112,0.00638711224778688));
#5814=CARTESIAN_POINT('',(-0.0388818549475869,-0.00553789707281734,-0.00174443141596114));
#5815=CARTESIAN_POINT('',(-0.0341627248653693,-0.0123603182448524,-0.00191463073917658));
#5816=CARTESIAN_POINT('',(-0.0339628070343707,-0.0122220147028771,0.0063809379199939));
#5817=CARTESIAN_POINT('',(-0.0386548375882938,-0.00504576686673554,-0.00175772511055126));
#5818=CARTESIAN_POINT('',(-0.0338002873818467,-0.0121095807407491,-0.00222289788696228));
#5819=CARTESIAN_POINT('',(-0.0332516693993853,-0.0117300112828097,0.00633928434361124));
#5820=CARTESIAN_POINT('',(-0.0383696844987455,-0.00442760969698252,-0.00179379525112393));
#5821=CARTESIAN_POINT('',(-0.0333813683926912,-0.0118197420081469,-0.00265457041196526));
#5822=CARTESIAN_POINT('',(-0.0323580998050089,-0.0111117919630496,0.00622626456981893));
#5823=CARTESIAN_POINT('',(-0.0380329947662504,-0.00369773090155928,-0.0018678793531434));
#5824=CARTESIAN_POINT('',(-0.0329566192188356,-0.0115258803687473,-0.00322645902000831));
#5825=CARTESIAN_POINT('',(-0.0313031674156077,-0.0103819330556285,0.00599413438348274));
#5826=CARTESIAN_POINT('',(-0.0375942830034581,-0.00274668792859366,-0.00200672862821878));
#5827=CARTESIAN_POINT('',(-0.0324994505055663,-0.01120958558847,-0.00405499897489168));
#5828=CARTESIAN_POINT('',(-0.0299285276347029,-0.00943088345332933,0.00555907332162216));
#5829=CARTESIAN_POINT('',(-0.0372733997128818,-0.00205107448239838,-0.00215866790235668));
#5830=CARTESIAN_POINT('',(-0.0323063415637289,-0.011075982805352,-0.00472063236517454));
#5831=CARTESIAN_POINT('',(-0.0289230969208641,-0.0087352724931321,0.00508299692913005));
#5832=CARTESIAN_POINT('',(-0.0370684966872108,-0.00160688401307002,-0.00228085670109709));
#5833=CARTESIAN_POINT('',(-0.0322542025517289,-0.011039910237168,-0.00515174069742265));
#5834=CARTESIAN_POINT('',(-0.0282810674403615,-0.00829108202380557,0.00470013869323453));
#5835=CARTESIAN_POINT('',(-0.0413329202167455,-0.00725393093831035,0.00615857653523871));
#5836=CARTESIAN_POINT('',(-0.05715,0.01778,0.000912596313339101));
#5837=CARTESIAN_POINT('',(-0.0535345471118231,0.01778,-0.00636702485904162));
#5838=CARTESIAN_POINT('',(-0.0535345471118231,0.00965199999999999,-0.00636702485904162));
#5839=CARTESIAN_POINT('',(-0.0557639759772981,0.01778,0.00154430369631946));
#5840=CARTESIAN_POINT('',(-0.0523674429113573,0.0177294057300995,-0.0057873779031246));
#5841=CARTESIAN_POINT('',(-0.0524553213033563,0.0096520000003449,-0.00583102305704945));
#5842=CARTESIAN_POINT('',(-0.052923117192037,0.0177234852905627,0.00270139212222918));
#5843=CARTESIAN_POINT('',(-0.0499524358660796,0.0175762543869455,-0.00471083176746723));
#5844=CARTESIAN_POINT('',(-0.0502511176115929,0.00959958733870295,-0.00484264105581992));
#5845=CARTESIAN_POINT('',(-0.0483803146459383,0.0173744889075053,0.0041506358431426));
#5846=CARTESIAN_POINT('',(-0.0460068674732885,0.0170904690004866,-0.00331924008585827));
#5847=CARTESIAN_POINT('',(-0.046792940588723,0.00929093263725856,-0.00358798019316983));
#5848=CARTESIAN_POINT('',(-0.0443449083366333,0.0167388897895664,0.00511823083452782));
#5849=CARTESIAN_POINT('',(-0.0424418845395721,0.016345431653564,-0.0023526462474276));
#5850=CARTESIAN_POINT('',(-0.043846116876043,0.0087524917915595,-0.00273889989215323));
#5851=CARTESIAN_POINT('',(-0.0408458590345861,0.0158100420250904,0.00575646267857623));
#5852=CARTESIAN_POINT('',(-0.039326360691535,0.0153249119047568,-0.00167861481078041));
#5853=CARTESIAN_POINT('',(-0.0414951992483552,0.00804355865520528,-0.00217385139744342));
#5854=CARTESIAN_POINT('',(-0.0389171626975971,0.0150971955215778,0.00603390086415778));
#5855=CARTESIAN_POINT('',(-0.0376075910602631,0.0145632804404021,-0.00136364407569997));
#5856=CARTESIAN_POINT('',(-0.0403218025379672,0.00754922253379192,-0.00192673122653897));
#5857=CARTESIAN_POINT('',(-0.0378890493903971,0.0146162768777122,0.00615857653523879));
#5858=CARTESIAN_POINT('',(-0.0366949627565549,0.01405772120045,-0.00121044000971071));
#5859=CARTESIAN_POINT('',(-0.0397580814770211,0.00725393093831037,-0.00181539781535101));
#5860=CARTESIAN_POINT('',(-0.0458020778987349,0.0169415318805396,0.00475232584770893));
#5861=CARTESIAN_POINT('',(-0.0452186602532011,0.0168419867466434,0.00464361102615266));
#5862=CARTESIAN_POINT('',(-0.044029034893291,0.0165979221923562,0.00464748461732187));
#5863=CARTESIAN_POINT('',(-0.0429423894919913,0.0163549726817116,0.00512626915673814));
#5864=CARTESIAN_POINT('',(-0.0424566106850104,0.0162280598290983,0.00545795208237244));
#5865=CARTESIAN_POINT('',(-0.05715,0.009652,0.000912596313339082));
#5866=CARTESIAN_POINT('',(-0.0535345471118231,-0.00965200000000001,-0.00636702485904162));
#5867=CARTESIAN_POINT('',(-0.0535345471118231,-0.01778,-0.00636702485904162));
#5868=CARTESIAN_POINT('',(-0.05715,-0.01778,0.000912596313339082));
#5869=CARTESIAN_POINT('',(-0.0524553213033479,-0.00965200000034984,-0.00583102305704531));
#5870=CARTESIAN_POINT('',(-0.0523674429113374,-0.0177294057301465,-0.00578737790310569));
#5871=CARTESIAN_POINT('',(-0.0557639759773129,-0.01778,0.00154430369636871));
#5872=CARTESIAN_POINT('',(-0.0502511176115967,-0.00959958733870099,-0.00484264105582182));
#5873=CARTESIAN_POINT('',(-0.0499524358660927,-0.0175762543869243,-0.00471083176747749));
#5874=CARTESIAN_POINT('',(-0.0529231171920302,-0.0177234852905627,0.00270139212220625));
#5875=CARTESIAN_POINT('',(-0.0467929405887221,-0.00929093263725805,-0.00358798019316935));
#5876=CARTESIAN_POINT('',(-0.0460068674732825,-0.0170904690004914,-0.00331924008585534));
#5877=CARTESIAN_POINT('',(-0.0483803146459399,-0.0173744889075052,0.00415063584314898));
#5878=CARTESIAN_POINT('',(-0.0438461168760426,-0.00875249179156267,-0.00273889989215316));
#5879=CARTESIAN_POINT('',(-0.0424418845395756,-0.0163454316535656,-0.00235264624742678));
#5880=CARTESIAN_POINT('',(-0.0443449083366337,-0.0167388897895666,0.00511823083452673));
#5881=CARTESIAN_POINT('',(-0.0414951992483561,-0.00804355865519972,-0.00217385139744361));
#5882=CARTESIAN_POINT('',(-0.0393263606915301,-0.0153249119047531,-0.00167861481078246));
#5883=CARTESIAN_POINT('',(-0.0408458590345853,-0.01581004202509,0.00575646267857694));
#5884=CARTESIAN_POINT('',(-0.0403218025379651,-0.00754922253380416,-0.00192673122653855));
#5885=CARTESIAN_POINT('',(-0.0376075910602738,-0.0145632804404106,-0.00136364407569532));
#5886=CARTESIAN_POINT('',(-0.0389171626975989,-0.0150971955215786,0.00603390086415656));
#5887=CARTESIAN_POINT('',(-0.0397580814770211,-0.00725393093831033,-0.00181539781535101));
#5888=CARTESIAN_POINT('',(-0.036694962756555,-0.01405772120045,-0.00121044000971073));
#5889=CARTESIAN_POINT('',(-0.0378890493903971,-0.0146162768777122,0.00615857653523879));
#5890=CARTESIAN_POINT('',(-0.0424566106850104,-0.0162280598290983,0.00545795208237244));
#5891=CARTESIAN_POINT('',(-0.0429420276885345,-0.0163548781582204,0.0051265161910413));
#5892=CARTESIAN_POINT('',(-0.0440274170817471,-0.0165975881036534,0.00464771075324532));
#5893=CARTESIAN_POINT('',(-0.0452188208355121,-0.0168420141458615,0.00464364094928159));
#5894=CARTESIAN_POINT('',(-0.0458020778987114,-0.0169415318805355,0.00475232584770872));
#5895=CARTESIAN_POINT('',(-0.05715,-0.009652,0.000912596313339131));
#5896=CARTESIAN_POINT('',(-0.0535345471118231,0.00965199999999999,-0.00636702485904162));
#5897=CARTESIAN_POINT('',(-0.0535345471118231,0.01778,-0.00636702485904163));
#5898=CARTESIAN_POINT('',(-0.05715,0.01778,0.000912596313339079));
#5899=CARTESIAN_POINT('',(-0.0559674291625705,0.00965200000011107,-0.0075753254324754));
#5900=CARTESIAN_POINT('',(-0.0559674291626679,0.0177800000001139,-0.007575325432372));
#5901=CARTESIAN_POINT('',(-0.0600172843044877,0.01778,-0.000511451871645091));
#5902=CARTESIAN_POINT('',(-0.0582478432628737,0.009652,-0.0089797342115432));
#5903=CARTESIAN_POINT('',(-0.0582478432628478,0.01778,-0.00897973421156161));
#5904=CARTESIAN_POINT('',(-0.0627454453284834,0.01778,-0.0021877783347183));
#5905=CARTESIAN_POINT('',(-0.0603586499912172,0.009652,-0.0105896858442836));
#5906=CARTESIAN_POINT('',(-0.0603586499912172,0.01778,-0.0105896858442836));
#5907=CARTESIAN_POINT('',(-0.0652878965687126,0.01778,-0.00412695328148558));
#5908=CARTESIAN_POINT('',(-0.0652878965687126,0.009652,-0.00412695328148564));
#5909=CARTESIAN_POINT('',(-0.05715,-0.01778,0.000912596313339085));
#5910=CARTESIAN_POINT('',(-0.0535345471118231,-0.01778,-0.00636702485904162));
#5911=CARTESIAN_POINT('',(-0.0535345471118231,-0.00965199999999999,-0.00636702485904161));
#5912=CARTESIAN_POINT('',(-0.0600172843043655,-0.01778,-0.000511451871589031));
#5913=CARTESIAN_POINT('',(-0.055967429162825,-0.0177800000000118,-0.00757532543235628));
#5914=CARTESIAN_POINT('',(-0.0559674291625921,-0.00965199999999999,-0.00757532543248617));
#5915=CARTESIAN_POINT('',(-0.0627454453284169,-0.01778,-0.00218777833459768));
#5916=CARTESIAN_POINT('',(-0.0582478432627537,-0.01778,-0.00897973421143612));
#5917=CARTESIAN_POINT('',(-0.0582478432627451,-0.009652,-0.0089797342114451));
#5918=CARTESIAN_POINT('',(-0.0652878965687126,-0.01778,-0.00412695328148561));
#5919=CARTESIAN_POINT('',(-0.0603586499912172,-0.01778,-0.0105896858442837));
#5920=CARTESIAN_POINT('',(-0.0603586499912172,-0.009652,-0.0105896858442837));
#5921=CARTESIAN_POINT('',(-0.0652878965687126,-0.009652,-0.00412695328148564));
#5922=CARTESIAN_POINT('',(-0.0652878965687126,-1.3928545488753E-17,-0.00412695328148565));
#5923=CARTESIAN_POINT('',(-0.0652878965687126,-0.009652,-0.00412695328148565));
#5924=CARTESIAN_POINT('',(-0.0652878965687126,0.009652,-0.00412695328148565));
#5925=CARTESIAN_POINT('',(-0.0774397232356398,-0.009652,0.00258296259418365));
#5926=CARTESIAN_POINT('',(-0.0776432658494376,-0.009652,-0.00452612415478549));
#5927=CARTESIAN_POINT('',(-0.0652878965687126,-0.01778,-0.00412695328148564));
#5928=CARTESIAN_POINT('',(-0.0646375972705936,-0.01778,-0.0122288971730999));
#5929=CARTESIAN_POINT('',(-0.0646375972705936,-0.00965200000000001,-0.0122288971730999));
#5930=CARTESIAN_POINT('',(-0.0693989991791891,-0.01778,-0.00445692929476629));
#5931=CARTESIAN_POINT('',(-0.0689544837304199,-0.0177800000000809,-0.012575390345174));
#5932=CARTESIAN_POINT('',(-0.0689544837310011,-0.00965200000010017,-0.0125753903447162));
#5933=CARTESIAN_POINT('',(-0.0735260765459712,-0.01778,-0.00464400476202682));
#5934=CARTESIAN_POINT('',(-0.073331915539854,-0.01778,-0.0127808946437288));
#5935=CARTESIAN_POINT('',(-0.0733319155399142,-0.009652,-0.0127808946454547));
#5936=CARTESIAN_POINT('',(-0.0776432658494376,-0.01778,-0.00452612415478549));
#5937=CARTESIAN_POINT('',(-0.0778758859794922,-0.01778,-0.0126507947250359));
#5938=CARTESIAN_POINT('',(-0.0778758859794922,-0.009652,-0.0126507947250359));
#5939=CARTESIAN_POINT('',(-0.0652878965687126,-0.009652,-0.00412695328148564));
#5940=CARTESIAN_POINT('',(-0.0652878965687126,-0.009652,-0.00412695328148564));
#5941=CARTESIAN_POINT('',(-0.0652878965687126,-0.009652,-0.00412695328148565));
#5942=CARTESIAN_POINT('',(-0.0774397232356398,0.009652,0.00258296259418365));
#5943=CARTESIAN_POINT('',(-0.0776432658494376,0.009652,-0.00452612415478549));
#5944=CARTESIAN_POINT('',(-0.0652878965687126,0.009652,-0.00412695328148565));
#5945=CARTESIAN_POINT('',(-0.0652878965687126,0.009652,-0.00412695328148564));
#5946=CARTESIAN_POINT('',(-0.0652878965687126,0.009652,-0.00412695328148564));
#5947=CARTESIAN_POINT('',(-0.0646375972705936,0.009652,-0.0122288971730999));
#5948=CARTESIAN_POINT('',(-0.0646375972705936,0.01778,-0.0122288971730999));
#5949=CARTESIAN_POINT('',(-0.0652878965687126,0.01778,-0.00412695328148564));
#5950=CARTESIAN_POINT('',(-0.0689544837311424,0.00965199999994277,-0.0125753903447275));
#5951=CARTESIAN_POINT('',(-0.0689544837312496,0.0177799999999696,-0.0125753903451386));
#5952=CARTESIAN_POINT('',(-0.0693989991793322,0.01778,-0.00445692929475556));
#5953=CARTESIAN_POINT('',(-0.0733319155402563,0.009652,-0.0127808946454449));
#5954=CARTESIAN_POINT('',(-0.0733319155402177,0.01778,-0.0127808946437339));
#5955=CARTESIAN_POINT('',(-0.0735260765462283,0.01778,-0.00464400476204468));
#5956=CARTESIAN_POINT('',(-0.0778758859794921,0.009652,-0.0126507947250359));
#5957=CARTESIAN_POINT('',(-0.0778758859794921,0.01778,-0.0126507947250359));
#5958=CARTESIAN_POINT('',(-0.0776432658494376,0.01778,-0.00452612415478549));
#5959=CARTESIAN_POINT('',(-0.0697312876582146,0.056388,0.00719017954543233));
#5960=CARTESIAN_POINT('',(-0.0697312876582146,-0.01524,0.00719017954543233));
#5961=CARTESIAN_POINT('',(-0.0670775596052381,-0.01524,0.00719017954543233));
#5962=CARTESIAN_POINT('',(-0.0697312876582146,0.01524,0.00719017954543233));
#5963=CARTESIAN_POINT('',(-0.0670775596052381,0.01524,0.00719017954543233));
#5964=CARTESIAN_POINT('',(-0.0763814372357176,0.056388,0.00721289751581532));
#5965=CARTESIAN_POINT('',(-0.0763814372357176,-0.01524,0.00721289751581532));
#5966=CARTESIAN_POINT('',(-0.0768936442522353,-0.01524,0.00572039265423997));
#5967=CARTESIAN_POINT('',(-0.0778501182291882,-0.01524,0.00778987492353094));
#5968=CARTESIAN_POINT('',(-0.0778501182291882,-0.01524,0.00778987492353094));
#5969=CARTESIAN_POINT('',(-0.0780072336492843,-0.01524,0.00738994170571247));
#5970=CARTESIAN_POINT('',(-0.077973478379273,-0.015091666227083,0.00647599233054483));
#5971=CARTESIAN_POINT('',(-0.0773002350506009,-0.01524,0.00585992899019172));
#5972=CARTESIAN_POINT('',(-0.0768936442522353,-0.01524,0.00572039265423997));
#5973=CARTESIAN_POINT('',(-0.0768936442522353,0.01524,0.00572039265423997));
#5974=CARTESIAN_POINT('',(-0.0773002350506009,0.01524,0.00585992899019172));
#5975=CARTESIAN_POINT('',(-0.077973478379273,0.015091666227083,0.00647599233054482));
#5976=CARTESIAN_POINT('',(-0.0780072336492843,0.01524,0.00738994170571248));
#5977=CARTESIAN_POINT('',(-0.0778501182291882,0.01524,0.00778987492353095));
#5978=CARTESIAN_POINT('',(-0.0768936442522353,0.01524,0.00572039265423997));
#5979=CARTESIAN_POINT('',(-0.0778501182291882,0.01524,0.00778987492353095));
#5980=CARTESIAN_POINT('',(-0.0763814372357176,0.01524,0.00721289751581532));
#5981=CARTESIAN_POINT('',(-0.0458477064967156,0.056388,0.0103569934357669));
#5982=CARTESIAN_POINT('',(-0.0443416289711553,-0.0137705443506423,0.00767303886516047));
#5983=CARTESIAN_POINT('',(-0.0437356433540612,-0.0134815660032288,0.00801308236988791));
#5984=CARTESIAN_POINT('',(-0.0429934976299784,-0.0130170697359363,0.00883714779052519));
#5985=CARTESIAN_POINT('',(-0.0426986821631239,-0.0128021203887374,0.0103376367212434));
#5986=CARTESIAN_POINT('',(-0.0429061973964137,-0.0129531005405706,0.0114680525069963));
#5987=CARTESIAN_POINT('',(-0.0434667418330725,-0.0133167227146169,0.0124001309354817));
#5988=CARTESIAN_POINT('',(-0.0445487349605731,-0.0139053424574634,0.0132984173697687));
#5989=CARTESIAN_POINT('',(-0.0463801956022204,-0.0146005575811961,0.0136593370173528));
#5990=CARTESIAN_POINT('',(-0.0484556633479737,-0.0150024082139605,0.012486799239159));
#5991=CARTESIAN_POINT('',(-0.0492134536571026,-0.0150816785214872,0.010181757160997));
#5992=CARTESIAN_POINT('',(-0.0482178266564182,-0.0149705816152009,0.00797166161184319));
#5993=CARTESIAN_POINT('',(-0.0467794378413381,-0.014662789236,0.00733566165228318));
#5994=CARTESIAN_POINT('',(-0.04605675773693,-0.0144377166927824,0.00728645940582329));
#5995=CARTESIAN_POINT('',(-0.0443416289711553,-0.0137705443506423,0.00767303886516044));
#5996=CARTESIAN_POINT('',(-0.04605675773693,-0.0144377166927824,0.00728645940582329));
#5997=CARTESIAN_POINT('',(-0.04605675773693,-0.0144377166927824,0.00728645940582329));
#5998=CARTESIAN_POINT('',(-0.045447516114102,-0.0142479735953213,0.00724498039415939));
#5999=CARTESIAN_POINT('',(-0.044856193218738,-0.0140159262899325,0.0073842956586888));
#6000=CARTESIAN_POINT('',(-0.0443416289711553,-0.0137705443506423,0.00767303886516044));
#6001=CARTESIAN_POINT('',(-0.0443416289711553,0.0137705443506423,0.00767303886516044));
#6002=CARTESIAN_POINT('',(-0.0448561932187415,0.0140159262899341,0.00738429565868685));
#6003=CARTESIAN_POINT('',(-0.0454475161141099,0.0142479735953248,0.0072449803941575));
#6004=CARTESIAN_POINT('',(-0.0460567577369422,0.0144377166927862,0.00728645940582412));
#6005=CARTESIAN_POINT('',(-0.0443416289711553,0.0137705443506423,0.00767303886516044));
#6006=CARTESIAN_POINT('',(-0.0460567577369421,0.0144377166927863,0.00728645940582405));
#6007=CARTESIAN_POINT('',(-0.0460567577369421,0.0144377166927863,0.00728645940582405));
#6008=CARTESIAN_POINT('',(-0.0467748589624969,0.0146613631833109,0.00733534990837067));
#6009=CARTESIAN_POINT('',(-0.0482187210174147,0.0149710163798697,0.00797207176207286));
#6010=CARTESIAN_POINT('',(-0.0492125259808516,0.0150814641149297,0.0101761241617544));
#6011=CARTESIAN_POINT('',(-0.0484572805468779,0.0150026751640897,0.0124860747943284));
#6012=CARTESIAN_POINT('',(-0.0463826359786435,0.0146010311244339,0.013658040195229));
#6013=CARTESIAN_POINT('',(-0.0445542941282507,0.0139078311475824,0.0133006508304296));
#6014=CARTESIAN_POINT('',(-0.0434702865280714,0.0133188911855179,0.0124044502410737));
#6015=CARTESIAN_POINT('',(-0.0429075350740075,0.0129540600596431,0.0114720381681694));
#6016=CARTESIAN_POINT('',(-0.0426980653586198,0.0128016775564304,0.0103394694152821));
#6017=CARTESIAN_POINT('',(-0.0429951475926795,0.0130182561342968,0.0088320847438672));
#6018=CARTESIAN_POINT('',(-0.0437372827347952,0.0134823477800927,0.00801216244579291));
#6019=CARTESIAN_POINT('',(-0.0443416289711553,0.0137705443506423,0.00767303886516047));
#6020=CARTESIAN_POINT('',(-0.0460567577369297,-0.0144377166927823,0.00728645940582293));
#6021=CARTESIAN_POINT('',(-0.0456363208914378,-0.0169132497337583,0.00725783479423269));
#6022=CARTESIAN_POINT('',(-0.0458020778987106,-0.0169415318805354,0.00475232584770842));
#6023=CARTESIAN_POINT('',(-0.0467873269010804,-0.0146652462158453,0.00733619876332182));
#6024=CARTESIAN_POINT('',(-0.0464576981662717,-0.017058617029834,0.0072151041515276));
#6025=CARTESIAN_POINT('',(-0.0472136509809284,-0.0171823803234135,0.00484311544356726));
#6026=CARTESIAN_POINT('',(-0.0482072687170579,-0.0149678478805728,0.0079758582694792));
#6027=CARTESIAN_POINT('',(-0.048135092730749,-0.0173184240205068,0.00783005148458835));
#6028=CARTESIAN_POINT('',(-0.0499264815887322,-0.0174984628154628,0.00601069049650424));
#6029=CARTESIAN_POINT('',(-0.0491963251440648,-0.0150800215793661,0.0101241424958284));
#6030=CARTESIAN_POINT('',(-0.0492221443101288,-0.0174524083718878,0.0101137405111555));
#6031=CARTESIAN_POINT('',(-0.0517976086607871,-0.0176146839329338,0.00993196895929695));
#6032=CARTESIAN_POINT('',(-0.0485152613627943,-0.0150092362378902,0.0123917610472808));
#6033=CARTESIAN_POINT('',(-0.0484840951009942,-0.017363776383767,0.0125101633432957));
#6034=CARTESIAN_POINT('',(-0.0505102503311625,-0.017541361696972,0.0140710692189994));
#6035=CARTESIAN_POINT('',(-0.0468546357698118,-0.014697164971443,0.0134277079541115));
#6036=CARTESIAN_POINT('',(-0.0465326202970507,-0.0170761881899384,0.0135744355045609));
#6037=CARTESIAN_POINT('',(-0.0473459108342413,-0.0172162522423263,0.015961990470557));
#6038=CARTESIAN_POINT('',(-0.0453768589220547,-0.0142248065014643,0.0134632625877067));
#6039=CARTESIAN_POINT('',(-0.0448367029331323,-0.0167699969982041,0.0133978015777564));
#6040=CARTESIAN_POINT('',(-0.0444882959503429,-0.0167163131908437,0.0160268885959901));
#6041=CARTESIAN_POINT('',(-0.0443372847475478,-0.0137866094099831,0.0131112950288081));
#6042=CARTESIAN_POINT('',(-0.043728243979882,-0.0165588708981858,0.0127867877412398));
#6043=CARTESIAN_POINT('',(-0.0424527153617945,-0.016246635078857,0.0153844397091862));
#6044=CARTESIAN_POINT('',(-0.0434836411582484,-0.0133280095354137,0.0124259146905273));
#6045=CARTESIAN_POINT('',(-0.0430056399691375,-0.0164530285767283,0.011861799109925));
#6046=CARTESIAN_POINT('',(-0.0407557499144442,-0.0157475970077778,0.0141334101065252));
#6047=CARTESIAN_POINT('',(-0.042911698392224,-0.0129567052787618,0.0114803156978523));
#6048=CARTESIAN_POINT('',(-0.0427629980014497,-0.0165084038600997,0.0109571962794643));
#6049=CARTESIAN_POINT('',(-0.0396013242906939,-0.0153371923286365,0.0124074015445276));
#6050=CARTESIAN_POINT('',(-0.0427024694187626,-0.012805084001987,0.0103758298955527));
#6051=CARTESIAN_POINT('',(-0.0427741037323015,-0.0165889458035644,0.010365095356157));
#6052=CARTESIAN_POINT('',(-0.0391746030422616,-0.0151677965808972,0.0103913757597292));
#6053=CARTESIAN_POINT('',(-0.0428991227802953,-0.0129478583828492,0.00926587536730895));
#6054=CARTESIAN_POINT('',(-0.0427615186623457,-0.0165119072501635,0.00978043087175273));
#6055=CARTESIAN_POINT('',(-0.0395757522118764,-0.0153273413591124,0.00836536787036318));
#6056=CARTESIAN_POINT('',(-0.0434625591145331,-0.0133154283488402,0.00831186719161864));
#6057=CARTESIAN_POINT('',(-0.0429917597134743,-0.0164523491181977,0.0088804627832295));
#6058=CARTESIAN_POINT('',(-0.0407134986520188,-0.0157337893759125,0.00662400996754325));
#6059=CARTESIAN_POINT('',(-0.0440284430515343,-0.0136211943536973,0.00784878039224459));
#6060=CARTESIAN_POINT('',(-0.0434761556012448,-0.0165215341938383,0.00824590722222965));
#6061=CARTESIAN_POINT('',(-0.0418389048351469,-0.0160666801839685,0.00577873433964107));
#6062=CARTESIAN_POINT('',(-0.0443416289711553,-0.0137705443506423,0.00767303886516036));
#6063=CARTESIAN_POINT('',(-0.0437844137012514,-0.0165749569478652,0.00798571531806753));
#6064=CARTESIAN_POINT('',(-0.0424566106850104,-0.0162280598290983,0.00545795208237239));
#6065=CARTESIAN_POINT('',(-0.0430986524851677,-0.0137705443506423,0.00545795208237244));
#6066=CARTESIAN_POINT('',(-0.0462292892112686,-0.0144377166927824,0.00475232584770869));
#6067=CARTESIAN_POINT('',(-0.0443416289711553,-0.0137705443506423,0.00767303886516043));
#6068=CARTESIAN_POINT('',(-0.0437844137012514,-0.0165749569478653,0.00798571531806761));
#6069=CARTESIAN_POINT('',(-0.0424566106850104,-0.0162280598290983,0.00545795208237244));
#6070=CARTESIAN_POINT('',(-0.0446015051938128,-0.0138944723718673,0.00752721160613814));
#6071=CARTESIAN_POINT('',(-0.0440411935935437,-0.0167044089034661,0.0077707050963556));
#6072=CARTESIAN_POINT('',(-0.0429552049659379,-0.0163583208070987,0.00511751893530549));
#6073=CARTESIAN_POINT('',(-0.0451540498364623,-0.0141224741315331,0.00731480900213786));
#6074=CARTESIAN_POINT('',(-0.0445665326439425,-0.0168767231196132,0.00744582868203845));
#6075=CARTESIAN_POINT('',(-0.0440216765830259,-0.0165957068036144,0.00465517192280511));
#6076=CARTESIAN_POINT('',(-0.0457560874714388,-0.0143440755043653,0.00726598886510184));
#6077=CARTESIAN_POINT('',(-0.0452487972419268,-0.0169196000438793,0.00727373665274996));
#6078=CARTESIAN_POINT('',(-0.0452030692700426,-0.0168393265485532,0.00464070578470608));
#6079=CARTESIAN_POINT('',(-0.04605675773693,-0.0144377166927824,0.00728645940582329));
#6080=CARTESIAN_POINT('',(-0.0456363208914383,-0.0169132497337585,0.007257834794233));
#6081=CARTESIAN_POINT('',(-0.0458020778987114,-0.0169415318805355,0.00475232584770868));
#6082=CARTESIAN_POINT('',(-0.0443416289711553,0.0137705443506423,0.00767303886516047));
#6083=CARTESIAN_POINT('',(-0.0437844137012514,0.0165749569478653,0.00798571531806765));
#6084=CARTESIAN_POINT('',(-0.0424566106850104,0.0162280598290983,0.00545795208237247));
#6085=CARTESIAN_POINT('',(-0.044029218969888,0.0136215643683976,0.0078483449924779));
#6086=CARTESIAN_POINT('',(-0.0434769346510138,0.016521669207367,0.00824524964975812));
#6087=CARTESIAN_POINT('',(-0.0418404352024831,0.0160670800023249,0.00577793960258598));
#6088=CARTESIAN_POINT('',(-0.0434625718826159,0.0133154377849167,0.0083118744447369));
#6089=CARTESIAN_POINT('',(-0.042991817333202,0.0164523854160025,0.008880352439355));
#6090=CARTESIAN_POINT('',(-0.0407135243507525,0.0157337986646263,0.00662402320613698));
#6091=CARTESIAN_POINT('',(-0.0429005123292952,0.0129487911454262,0.00926346996810594));
#6092=CARTESIAN_POINT('',(-0.042761922070718,0.016511635413715,0.00977819638303503));
#6093=CARTESIAN_POINT('',(-0.0395785656137816,0.0153283763386071,0.008360977278256));
#6094=CARTESIAN_POINT('',(-0.0427025663280758,0.0128051575864047,0.0103701001329156));
#6095=CARTESIAN_POINT('',(-0.0427740918323786,0.01658890698777,0.0103626378364969));
#6096=CARTESIAN_POINT('',(-0.0391748015615657,0.0151678788541715,0.0103809171832233));
#6097=CARTESIAN_POINT('',(-0.0429097730903611,0.012955373438331,0.0114761728793627));
#6098=CARTESIAN_POINT('',(-0.0427626309505512,0.0165088654089531,0.0109538469764813));
#6099=CARTESIAN_POINT('',(-0.039597415456448,0.0153357115065167,0.0123998396285054));
#6100=CARTESIAN_POINT('',(-0.0434823368181505,0.0133272849504727,0.012424812572626));
#6101=CARTESIAN_POINT('',(-0.0430045189079229,0.0164528689722179,0.0118601541062731));
#6102=CARTESIAN_POINT('',(-0.040753150720391,0.0157468070773352,0.0141313984028836));
#6103=CARTESIAN_POINT('',(-0.044336644070923,0.0137863058484204,0.0131109368657227));
#6104=CARTESIAN_POINT('',(-0.0437276181035863,0.0165587604566145,0.0127862816875317));
#6105=CARTESIAN_POINT('',(-0.0424514523220152,0.0162463073451133,0.0153837859515641));
#6106=CARTESIAN_POINT('',(-0.0453755394886305,0.0142242878457716,0.0134629530722321));
#6107=CARTESIAN_POINT('',(-0.0448352653763679,0.0167697202001926,0.0133971955188994));
#6108=CARTESIAN_POINT('',(-0.0444857219191579,0.016715759681764,0.0160263236351869));
#6109=CARTESIAN_POINT('',(-0.0468524493635498,0.0146966300207981,0.0134283494188944));
#6110=CARTESIAN_POINT('',(-0.0465300267917316,0.0170757612106443,0.0135749520196262));
#6111=CARTESIAN_POINT('',(-0.047341719465359,0.0172156916286813,0.0159631613408261));
#6112=CARTESIAN_POINT('',(-0.0485153914287474,0.0150093383934981,0.0123929503681866));
#6113=CARTESIAN_POINT('',(-0.0484842416506816,0.0173638244896548,0.0125114386995758));
#6114=CARTESIAN_POINT('',(-0.0505105136717912,0.0175414699988603,0.0140732400945639));
#6115=CARTESIAN_POINT('',(-0.0491956295304396,0.0150798149947934,0.0101225638827736));
#6116=CARTESIAN_POINT('',(-0.0492214124448201,0.0174522792242263,0.0101121601137424));
#6117=CARTESIAN_POINT('',(-0.0517962669293755,0.0176144656756074,0.00992908750690102));
#6118=CARTESIAN_POINT('',(-0.0482096288870509,0.0149685340226208,0.00797677745007218));
#6119=CARTESIAN_POINT('',(-0.0481376021274143,0.0173188562162427,0.00783073722095086));
#6120=CARTESIAN_POINT('',(-0.0499310314266848,0.0174991880503044,0.00601236827878056));
#6121=CARTESIAN_POINT('',(-0.0467830926017208,0.0146639274779809,0.00733591047941986));
#6122=CARTESIAN_POINT('',(-0.0464530244709651,0.0170577898790196,0.00721534729838371));
#6123=CARTESIAN_POINT('',(-0.0472054696557167,0.017180984391837,0.00484258924680719));
#6124=CARTESIAN_POINT('',(-0.0460567577369301,0.0144377166927824,0.00728645940582329));
#6125=CARTESIAN_POINT('',(-0.0456363208914383,0.0169132497337585,0.00725783479423299));
#6126=CARTESIAN_POINT('',(-0.0458020778987114,0.0169415318805355,0.00475232584770869));
#6127=CARTESIAN_POINT('',(-0.0430986524851677,0.0137705443506423,0.00545795208237244));
#6128=CARTESIAN_POINT('',(-0.0462292892112909,0.0144377166927862,0.00475232584770893));
#6129=CARTESIAN_POINT('',(-0.0424566106850104,0.0162280598290983,0.00545795208237244));
#6130=CARTESIAN_POINT('',(-0.0437844137012514,0.0165749569478653,0.00798571531806761));
#6131=CARTESIAN_POINT('',(-0.0443416289711553,0.0137705443506423,0.00767303886516043));
#6132=CARTESIAN_POINT('',(-0.0429552049659295,0.0163583208070965,0.0051175189353075));
#6133=CARTESIAN_POINT('',(-0.0440411935935295,0.0167044089034892,0.0077707050963596));
#6134=CARTESIAN_POINT('',(-0.0446015051938082,0.013894472371887,0.00752721160614067));
#6135=CARTESIAN_POINT('',(-0.0440216765827083,0.0165957068035613,0.00465517192275726));
#6136=CARTESIAN_POINT('',(-0.0445665326437103,0.0168767231195869,0.00744582868204084));
#6137=CARTESIAN_POINT('',(-0.0451540498363245,0.0141224741314831,0.00731480900212412));
#6138=CARTESIAN_POINT('',(-0.0452030692707327,0.0168393265486715,0.00464070578478985));
#6139=CARTESIAN_POINT('',(-0.0452487972423997,0.0169196000439114,0.00727373665273457));
#6140=CARTESIAN_POINT('',(-0.0457560874717427,0.014344075504455,0.00726598886512137));
#6141=CARTESIAN_POINT('',(-0.045802077898735,0.0169415318805395,0.00475232584771312));
#6142=CARTESIAN_POINT('',(-0.0456363208914532,0.0169132497337582,0.00725783479423238));
#6143=CARTESIAN_POINT('',(-0.0460567577369419,0.0144377166927861,0.0072864594058241));
#6144=CARTESIAN_POINT('',(-0.0768936442522353,-0.01524,0.00572039265423997));
#6145=CARTESIAN_POINT('',(-0.0768936442522353,-0.01778,0.00572039265423997));
#6146=CARTESIAN_POINT('',(-0.0777181353125185,-0.01778,0.00331793256268526));
#6147=CARTESIAN_POINT('',(-0.0770963527953204,-0.0152399999933535,0.00578995942132351));
#6148=CARTESIAN_POINT('',(-0.0771611452719317,-0.0178357200941643,0.00581219531790921));
#6149=CARTESIAN_POINT('',(-0.0783269212836036,-0.01778,0.00346858858714628));
#6150=CARTESIAN_POINT('',(-0.0774670756481504,-0.0151969963263403,0.00600916848981515));
#6151=CARTESIAN_POINT('',(-0.0775703496434345,-0.0179412217968455,0.00610948377162319));
#6152=CARTESIAN_POINT('',(-0.0794214283033901,-0.0177283955876267,0.00398738667588415));
#6153=CARTESIAN_POINT('',(-0.0778531842994732,-0.015150447951483,0.00653235012236258));
#6154=CARTESIAN_POINT('',(-0.0778307652807974,-0.0180244168785497,0.00654430038642179));
#6155=CARTESIAN_POINT('',(-0.0804941828626143,-0.017672537543752,0.00531214430359906));
#6156=CARTESIAN_POINT('',(-0.0780017505780166,-0.0151962106656691,0.00716405242274861));
#6157=CARTESIAN_POINT('',(-0.0779916623352242,-0.0179426033139982,0.00701936667462685));
#6158=CARTESIAN_POINT('',(-0.0808095907664265,-0.0177274527948953,0.0069815627281297));
#6159=CARTESIAN_POINT('',(-0.0779284771482407,-0.0152399999934975,0.00759041433193351));
#6160=CARTESIAN_POINT('',(-0.0779538315163243,-0.0178355613574457,0.0075258754094032));
#6161=CARTESIAN_POINT('',(-0.0804941080844495,-0.01778,0.00815651032488734));
#6162=CARTESIAN_POINT('',(-0.0778501182291882,-0.01524,0.00778987492353093));
#6163=CARTESIAN_POINT('',(-0.0778501182291882,-0.01778,0.00778987492353093));
#6164=CARTESIAN_POINT('',(-0.0802142294390597,-0.01778,0.00871862579828678));
#6165=CARTESIAN_POINT('',(-0.0802142294390597,-0.01524,0.00871862579828679));
#6166=CARTESIAN_POINT('',(-0.0777181353125185,-0.01524,0.00331793256268525));
#6167=CARTESIAN_POINT('',(-0.0763814372357176,-0.01524,0.00721289751581532));
#6168=CARTESIAN_POINT('',(-0.0737985306611234,-0.01778,0.010420093699642));
#6169=CARTESIAN_POINT('',(-0.0736790688893973,-0.01778,0.00934571208618831));
#6170=CARTESIAN_POINT('',(-0.0735020440174209,-0.0170270142292011,0.00722401282741587));
#6171=CARTESIAN_POINT('',(-0.0736937038604739,-0.01778,0.00506166949916996));
#6172=CARTESIAN_POINT('',(-0.0738205032766813,-0.01778,0.00398812915326751));
#6173=CARTESIAN_POINT('',(-0.0697312876582146,-0.01524,0.00719017954543233));
#6174=CARTESIAN_POINT('',(-0.0777181353125185,0.01778,0.00331793256268526));
#6175=CARTESIAN_POINT('',(-0.0768936442522353,0.01778,0.00572039265423997));
#6176=CARTESIAN_POINT('',(-0.0768936442522353,0.01524,0.00572039265423997));
#6177=CARTESIAN_POINT('',(-0.0783269212836191,0.01778,0.00346858858714568));
#6178=CARTESIAN_POINT('',(-0.0771611452719485,0.0178357200941871,0.00581219531790945));
#6179=CARTESIAN_POINT('',(-0.0770963527953194,0.015239999993372,0.00578995942132318));
#6180=CARTESIAN_POINT('',(-0.079421428303383,0.0177283955876267,0.00398738667588472));
#6181=CARTESIAN_POINT('',(-0.0775703496434265,0.0179412217968339,0.00610948377162361));
#6182=CARTESIAN_POINT('',(-0.0774670756481508,0.0151969963263313,0.0060091684898154));
#6183=CARTESIAN_POINT('',(-0.0804941828626158,0.017672537543752,0.00531214430359802));
#6184=CARTESIAN_POINT('',(-0.0778307652807993,0.0180244168785549,0.0065443003864198));
#6185=CARTESIAN_POINT('',(-0.0778531842994732,0.0151504479514867,0.00653235012236218));
#6186=CARTESIAN_POINT('',(-0.0808095907664277,0.0177274527948952,0.00698156272813334));
#6187=CARTESIAN_POINT('',(-0.0779916623352247,0.0179426033139897,0.00701936667463385));
#6188=CARTESIAN_POINT('',(-0.0780017505780161,0.0151962106656634,0.00716405242274999));
#6189=CARTESIAN_POINT('',(-0.0804941080844456,0.01778,0.00815651032487961));
#6190=CARTESIAN_POINT('',(-0.0779538315163218,0.0178355613574613,0.00752587540938973));
#6191=CARTESIAN_POINT('',(-0.0779284771482418,0.0152399999935082,0.00759041433193058));
#6192=CARTESIAN_POINT('',(-0.0802142294390597,0.01778,0.00871862579828681));
#6193=CARTESIAN_POINT('',(-0.0778501182291882,0.01778,0.00778987492353095));
#6194=CARTESIAN_POINT('',(-0.0778501182291882,0.01524,0.00778987492353094));
#6195=CARTESIAN_POINT('',(-0.0777181353125185,0.01524,0.00331793256268525));
#6196=CARTESIAN_POINT('',(-0.0802142294390597,0.01524,0.00871862579828681));
#6197=CARTESIAN_POINT('',(-0.0763814372357176,0.01524,0.00721289751581532));
#6198=CARTESIAN_POINT('',(-0.0738205032766813,0.01778,0.00398812915326751));
#6199=CARTESIAN_POINT('',(-0.0736937032811305,0.01778,0.00506167441214831));
#6200=CARTESIAN_POINT('',(-0.0735021876116521,0.0170270141704842,0.00718213929146811));
#6201=CARTESIAN_POINT('',(-0.0736790683427449,0.01778,0.00934570716946551));
#6202=CARTESIAN_POINT('',(-0.0737985306611234,0.01778,0.010420093699642));
#6203=CARTESIAN_POINT('',(-0.0697312876582146,0.01524,0.00719017954543233));
#6204=CARTESIAN_POINT('',(0.075565,0.0287688262760641,1.04083408558608E-17));
#6205=CARTESIAN_POINT('',(0.00339933648739553,0.0374048262760641,0.0381));
#6206=CARTESIAN_POINT('',(0.154905480268001,0.0342298262760641,-0.0381));
#6207=CARTESIAN_POINT('',(0.210633837553263,-0.00106479963207231,-0.0381));
#6208=MECHANICAL_DESIGN_GEOMETRIC_PRESENTATION_REPRESENTATION('',(#2506,
#2507,#2508,#2509),#6209);
#6209=(
GEOMETRIC_REPRESENTATION_CONTEXT(3)
GLOBAL_UNCERTAINTY_ASSIGNED_CONTEXT((#6214))
GLOBAL_UNIT_ASSIGNED_CONTEXT((#6221,#6220,#6219))
REPRESENTATION_CONTEXT('carr go BRRRRRR','TOP_LEVEL_ASSEMBLY_PART')
);
#6210=(
GEOMETRIC_REPRESENTATION_CONTEXT(3)
GLOBAL_UNCERTAINTY_ASSIGNED_CONTEXT((#6215))
GLOBAL_UNIT_ASSIGNED_CONTEXT((#6221,#6220,#6219))
REPRESENTATION_CONTEXT('Part 2','COMPONENT_PART')
);
#6211=(
GEOMETRIC_REPRESENTATION_CONTEXT(3)
GLOBAL_UNCERTAINTY_ASSIGNED_CONTEXT((#6216))
GLOBAL_UNIT_ASSIGNED_CONTEXT((#6221,#6220,#6219))
REPRESENTATION_CONTEXT('Part 3','COMPONENT_PART')
);
#6212=(
GEOMETRIC_REPRESENTATION_CONTEXT(3)
GLOBAL_UNCERTAINTY_ASSIGNED_CONTEXT((#6217))
GLOBAL_UNIT_ASSIGNED_CONTEXT((#6221,#6220,#6219))
REPRESENTATION_CONTEXT('Part 1','COMPONENT_PART')
);
#6213=(
GEOMETRIC_REPRESENTATION_CONTEXT(3)
GLOBAL_UNCERTAINTY_ASSIGNED_CONTEXT((#6218))
GLOBAL_UNIT_ASSIGNED_CONTEXT((#6221,#6220,#6219))
REPRESENTATION_CONTEXT('Part 1','COMPONENT_PART')
);
#6214=UNCERTAINTY_MEASURE_WITH_UNIT(LENGTH_MEASURE(1.E-8),#6221,
'DISTANCE_ACCURACY_VALUE','Maximum Tolerance applied to model');
#6215=UNCERTAINTY_MEASURE_WITH_UNIT(LENGTH_MEASURE(1.E-8),#6221,
'DISTANCE_ACCURACY_VALUE','Maximum Tolerance applied to model');
#6216=UNCERTAINTY_MEASURE_WITH_UNIT(LENGTH_MEASURE(1.E-8),#6221,
'DISTANCE_ACCURACY_VALUE','Maximum Tolerance applied to model');
#6217=UNCERTAINTY_MEASURE_WITH_UNIT(LENGTH_MEASURE(2.E-5),#6221,
'DISTANCE_ACCURACY_VALUE','Maximum Tolerance applied to model');
#6218=UNCERTAINTY_MEASURE_WITH_UNIT(LENGTH_MEASURE(2.E-5),#6221,
'DISTANCE_ACCURACY_VALUE','Maximum Tolerance applied to model');
#6219=(
NAMED_UNIT(*)
SI_UNIT($,.STERADIAN.)
SOLID_ANGLE_UNIT()
);
#6220=(
NAMED_UNIT(*)
PLANE_ANGLE_UNIT()
SI_UNIT($,.RADIAN.)
);
#6221=(
LENGTH_UNIT()
NAMED_UNIT(*)
SI_UNIT($,.METRE.)
);
#6222=PRODUCT_DEFINITION_SHAPE('','',#6238);
#6223=PRODUCT_DEFINITION_SHAPE('','',#6239);
#6224=PRODUCT_DEFINITION_SHAPE(' ','NAUO PRDDFN',#452);
#6225=PRODUCT_DEFINITION_SHAPE(' ','NAUO PRDDFN',#453);
#6226=PRODUCT_DEFINITION_SHAPE('','',#6240);
#6227=PRODUCT_DEFINITION_SHAPE(' ','NAUO PRDDFN',#454);
#6228=PRODUCT_DEFINITION_SHAPE('','',#6241);
#6229=PRODUCT_DEFINITION_SHAPE(' ','NAUO PRDDFN',#455);
#6230=PRODUCT_DEFINITION_SHAPE(' ','NAUO PRDDFN',#456);
#6231=PRODUCT_DEFINITION_SHAPE(' ','NAUO PRDDFN',#457);
#6232=PRODUCT_DEFINITION_SHAPE(' ','NAUO PRDDFN',#458);
#6233=PRODUCT_DEFINITION_SHAPE('','',#6242);
#6234=PRODUCT_DEFINITION_SHAPE(' ','NAUO PRDDFN',#459);
#6235=PRODUCT_DEFINITION_SHAPE(' ','NAUO PRDDFN',#460);
#6236=PRODUCT_DEFINITION_SHAPE(' ','NAUO PRDDFN',#461);
#6237=PRODUCT_DEFINITION_SHAPE(' ','NAUO PRDDFN',#462);
#6238=PRODUCT_DEFINITION('','',#6248,#6243);
#6239=PRODUCT_DEFINITION('','',#6249,#6244);
#6240=PRODUCT_DEFINITION('','',#6250,#6245);
#6241=PRODUCT_DEFINITION('','',#6251,#6246);
#6242=PRODUCT_DEFINITION('','',#6252,#6247);
#6243=PRODUCT_DEFINITION_CONTEXT('',#6274,'design');
#6244=PRODUCT_DEFINITION_CONTEXT('',#6274,'design');
#6245=PRODUCT_DEFINITION_CONTEXT('',#6274,'design');
#6246=PRODUCT_DEFINITION_CONTEXT('',#6274,'design');
#6247=PRODUCT_DEFINITION_CONTEXT('',#6274,'design');
#6248=PRODUCT_DEFINITION_FORMATION_WITH_SPECIFIED_SOURCE('','',#6258,
 .NOT_KNOWN.);
#6249=PRODUCT_DEFINITION_FORMATION_WITH_SPECIFIED_SOURCE('','',#6259,
 .NOT_KNOWN.);
#6250=PRODUCT_DEFINITION_FORMATION_WITH_SPECIFIED_SOURCE('','',#6260,
 .NOT_KNOWN.);
#6251=PRODUCT_DEFINITION_FORMATION_WITH_SPECIFIED_SOURCE('','',#6261,
 .NOT_KNOWN.);
#6252=PRODUCT_DEFINITION_FORMATION_WITH_SPECIFIED_SOURCE('','',#6262,
 .NOT_KNOWN.);
#6253=PRODUCT_RELATED_PRODUCT_CATEGORY('','',(#6258));
#6254=PRODUCT_RELATED_PRODUCT_CATEGORY('','',(#6259));
#6255=PRODUCT_RELATED_PRODUCT_CATEGORY('','',(#6260));
#6256=PRODUCT_RELATED_PRODUCT_CATEGORY('','',(#6261));
#6257=PRODUCT_RELATED_PRODUCT_CATEGORY('','',(#6262));
#6258=PRODUCT('carr go BRRRRRR','carr go BRRRRRR','carr go BRRRRRR',(#6268));
#6259=PRODUCT('Part 2','Part 2','Part 2',(#6269));
#6260=PRODUCT('Part 3','Part 3','Part 3',(#6270));
#6261=PRODUCT('Part 1','Part 1','Part 1',(#6271));
#6262=PRODUCT('Part 1','Part 1','Part 1',(#6272));
#6263=PRODUCT_CATEGORY('','');
#6264=PRODUCT_CATEGORY('','');
#6265=PRODUCT_CATEGORY('','');
#6266=PRODUCT_CATEGORY('','');
#6267=PRODUCT_CATEGORY('','');
#6268=PRODUCT_CONTEXT('',#6274,'mechanical');
#6269=PRODUCT_CONTEXT('',#6274,'mechanical');
#6270=PRODUCT_CONTEXT('',#6274,'mechanical');
#6271=PRODUCT_CONTEXT('',#6274,'mechanical');
#6272=PRODUCT_CONTEXT('',#6274,'mechanical');
#6273=APPLICATION_PROTOCOL_DEFINITION('international standard',
'ap242_managed_model_based_3d_engineering',2020,#6274);
#6274=APPLICATION_CONTEXT('managed model based 3d engineering');
ENDSEC;
END-ISO-10303-21;
