ISO-10303-21;
HEADER;
/* Generated by software containing ST-Developer
 * from STEP Tools, Inc. (www.steptools.com) 
 */
/* OPTION: using custom renumber hook */

FILE_DESCRIPTION(
/* description */ ('STEP AP242 Edition 2',
'CAx-IF Rec.Pracs.---Representation and Presentation of Product Manufa
cturing Information (PMI)---4.0---2014-10-13',
'CAx-IF Rec.Pracs.---3D Tessellated Geometry---0.4---2014-09-14','2;1',
'CAx-IF Rec.Pracs.---User Defined Attributes---1.5---2016-08-15'),
/* implementation_level */ '2;1');

FILE_NAME(
/* name */ 'exo mk 3',
/* time_stamp */ '2026-08-04T01:13:12Z',
/* author */ (''),
/* organization */ (''),
/* preprocessor_version */ 'ST-DEVELOPER v20',
/* originating_system */ 'ONSHAPE BY PTC INC, 1.218',
/* authorisation */ '  ');

FILE_SCHEMA (('AP242_MANAGED_MODEL_BASED_3D_ENGINEERING_MIM_LF { 1 0 10303 442 3 1 4 }'));
ENDSEC;

DATA;
#10=SHAPE_REPRESENTATION_RELATIONSHIP('','',#1665,#11);
#11=ADVANCED_BREP_SHAPE_REPRESENTATION('',(#1663),#4514);
#12=(
BOUNDED_SURFACE()
B_SPLINE_SURFACE(3,2,((#3062,#3063,#3064),(#3065,#3066,#3067),(#3068,#3069,
#3070),(#3071,#3072,#3073),(#3074,#3075,#3076),(#3077,#3078,#3079),(#3080,
#3081,#3082),(#3083,#3084,#3085),(#3086,#3087,#3088),(#3089,#3090,#3091),
(#3092,#3093,#3094),(#3095,#3096,#3097),(#3098,#3099,#3100),(#3101,#3102,
#3103),(#3104,#3105,#3106),(#3107,#3108,#3109),(#3110,#3111,#3112),(#3113,
#3114,#3115),(#3116,#3117,#3118),(#3119,#3120,#3121),(#3122,#3123,#3124),
(#3125,#3126,#3127)),.UNSPECIFIED.,.F.,.F.,.F.)
B_SPLINE_SURFACE_WITH_KNOTS((4,1,1,1,1,1,1,1,1,1,1,1,1,1,1,1,1,1,1,4),(3,
3),(0.0392475847823615,0.0429948003897214,0.0467420159970814,0.0504892316044413,
0.0542364472118013,0.0561100550154812,0.0579836628191612,0.0598572706228412,
0.0607940745246812,0.0612624764756012,0.0614966774510611,0.0617308784265211,
0.0621992803774411,0.0626676823283611,0.0636044862302011,0.0645412901320411,
0.0654780940338811,0.0673517018375611,0.068288505739401,0.069225309641241),
(0.,1.),.UNSPECIFIED.)
GEOMETRIC_REPRESENTATION_ITEM()
RATIONAL_B_SPLINE_SURFACE(((1.,0.707106781186548,1.),(1.,0.707106781173998,
1.),(1.,0.708787886253942,1.),(1.,0.717388241113896,1.),(1.,0.732551607097312,
1.),(1.,0.750871590843307,1.),(1.,0.77000160106941,1.),(1.,0.787228230887647,
1.),(1.,0.80437204545429,1.),(1.,0.818082984273381,1.),(1.,0.825557716587375,
1.),(1.,0.829785891106018,1.),(1.,0.829564503168319,1.),(1.,0.830791415411237,
1.),(1.,0.831870282534721,1.),(1.,0.83344738345261,1.),(1.,0.835124593470181,
1.),(1.,0.837274594561652,1.),(1.,0.839312094911861,1.),(1.,0.841024010349662,
1.),(1.,0.842163714177303,1.),(1.,0.842163714177303,1.)))
REPRESENTATION_ITEM('')
SURFACE()
);
#13=(
BOUNDED_SURFACE()
B_SPLINE_SURFACE(3,2,((#3131,#3132,#3133),(#3134,#3135,#3136),(#3137,#3138,
#3139),(#3140,#3141,#3142),(#3143,#3144,#3145),(#3146,#3147,#3148),(#3149,
#3150,#3151),(#3152,#3153,#3154),(#3155,#3156,#3157),(#3158,#3159,#3160),
(#3161,#3162,#3163),(#3164,#3165,#3166),(#3167,#3168,#3169),(#3170,#3171,
#3172),(#3173,#3174,#3175),(#3176,#3177,#3178),(#3179,#3180,#3181),(#3182,
#3183,#3184),(#3185,#3186,#3187),(#3188,#3189,#3190),(#3191,#3192,#3193),
(#3194,#3195,#3196)),.UNSPECIFIED.,.F.,.F.,.F.)
B_SPLINE_SURFACE_WITH_KNOTS((4,1,1,1,1,1,1,1,1,1,1,1,1,1,1,1,1,1,1,4),(3,
3),(0.0392475847823615,0.0429948003897215,0.0467420159970814,0.0504892316044414,
0.0542364472118013,0.0561100550154813,0.0579836628191612,0.0598572706228412,
0.0607940745246812,0.0612624764756012,0.0614966774510612,0.0617308784265212,
0.0621992803774412,0.0626676823283612,0.0636044862302012,0.0645412901320411,
0.0654780940338811,0.0673517018375611,0.0682885057394011,0.0692253096412411),
(0.,1.),.UNSPECIFIED.)
GEOMETRIC_REPRESENTATION_ITEM()
RATIONAL_B_SPLINE_SURFACE(((1.,0.707106781186548,1.),(1.,0.707106781175038,
1.),(1.,0.70878788625346,1.),(1.,0.717388241114025,1.),(1.,0.732551607097275,
1.),(1.,0.750871590843312,1.),(1.,0.770001601069409,1.),(1.,0.787228230887646,
1.),(1.,0.804372045454291,1.),(1.,0.818082984273381,1.),(1.,0.825557716587375,
1.),(1.,0.829785891106019,1.),(1.,0.829564503168316,1.),(1.,0.830791415411238,
1.),(1.,0.83187028253472,1.),(1.,0.83344738345261,1.),(1.,0.83512459347018,
1.),(1.,0.837274594561652,1.),(1.,0.839312094911862,1.),(1.,0.841024010349661,
1.),(1.,0.842163714177303,1.),(1.,0.842163714177303,1.)))
REPRESENTATION_ITEM('')
SURFACE()
);
#14=(
BOUNDED_SURFACE()
B_SPLINE_SURFACE(3,2,((#3197,#3198,#3199),(#3200,#3201,#3202),(#3203,#3204,
#3205),(#3206,#3207,#3208),(#3209,#3210,#3211),(#3212,#3213,#3214),(#3215,
#3216,#3217),(#3218,#3219,#3220),(#3221,#3222,#3223),(#3224,#3225,#3226),
(#3227,#3228,#3229),(#3230,#3231,#3232),(#3233,#3234,#3235),(#3236,#3237,
#3238),(#3239,#3240,#3241),(#3242,#3243,#3244),(#3245,#3246,#3247)),
 .UNSPECIFIED.,.F.,.F.,.F.)
B_SPLINE_SURFACE_WITH_KNOTS((4,1,1,1,1,1,1,1,1,1,1,1,1,1,4),(3,3),(0.0648984334362928,
0.0704569271394962,0.0732361739910979,0.0760154208426996,0.0787946676943014,
0.0801842911201022,0.0815739145459031,0.0829635379717039,0.0843531613975048,
0.0850479731104052,0.0857427848233056,0.0864375965362061,0.0867850023926563,
0.0869587053208814,0.0871324082491065),(0.,1.),.UNSPECIFIED.)
GEOMETRIC_REPRESENTATION_ITEM()
RATIONAL_B_SPLINE_SURFACE(((1.,0.707106781186548,1.),(1.,0.707106781186548,
1.),(1.,0.707106781186548,1.),(1.,0.707106781186547,1.),(1.,0.707106781186549,
1.),(1.,0.707106781186548,1.),(1.,0.707106781186548,1.),(1.,0.707106781186548,
1.),(1.,0.707106781186546,1.),(1.,0.707106781186548,1.),(1.,0.707106781186547,
1.),(1.,0.707106781186551,1.),(1.,0.707106781186544,1.),(1.,0.707106781186552,
1.),(1.,0.707106781186547,1.),(1.,0.707106781186548,1.),(1.,0.707106781186548,
1.)))
REPRESENTATION_ITEM('')
SURFACE()
);
#15=(
BOUNDED_SURFACE()
B_SPLINE_SURFACE(3,2,((#3265,#3266,#3267),(#3268,#3269,#3270),(#3271,#3272,
#3273),(#3274,#3275,#3276),(#3277,#3278,#3279),(#3280,#3281,#3282),(#3283,
#3284,#3285),(#3286,#3287,#3288),(#3289,#3290,#3291),(#3292,#3293,#3294),
(#3295,#3296,#3297),(#3298,#3299,#3300),(#3301,#3302,#3303)),
 .UNSPECIFIED.,.F.,.F.,.F.)
B_SPLINE_SURFACE_WITH_KNOTS((4,1,1,1,1,1,1,1,1,1,4),(3,3),(0.0691963417555637,
0.0731480218166381,0.0751238618471753,0.0770997018777125,0.0790755419082496,
0.0810513819387868,0.0820393019540554,0.083027221969324,0.0840151419845926,
0.0845091019922269,0.0850030619998612),(0.,1.),.UNSPECIFIED.)
GEOMETRIC_REPRESENTATION_ITEM()
RATIONAL_B_SPLINE_SURFACE(((1.,0.707106781186547,1.),(1.,0.707106781186547,
1.),(1.,0.707106781186548,1.),(1.,0.707106781186548,1.),(1.,0.707106781186547,
1.),(1.,0.707106781186548,1.),(1.,0.707106781186547,1.),(1.,0.707106781186548,
1.),(1.,0.707106781186548,1.),(1.,0.707106781186548,1.),(1.,0.707106781186548,
1.),(1.,0.707106781186548,1.),(1.,0.707106781186548,1.)))
REPRESENTATION_ITEM('')
SURFACE()
);
#16=(
BOUNDED_SURFACE()
B_SPLINE_SURFACE(3,2,((#3305,#3306,#3307),(#3308,#3309,#3310),(#3311,#3312,
#3313),(#3314,#3315,#3316),(#3317,#3318,#3319),(#3320,#3321,#3322),(#3323,
#3324,#3325),(#3326,#3327,#3328),(#3329,#3330,#3331),(#3332,#3333,#3334),
(#3335,#3336,#3337),(#3338,#3339,#3340),(#3341,#3342,#3343),(#3344,#3345,
#3346),(#3347,#3348,#3349),(#3350,#3351,#3352),(#3353,#3354,#3355)),
 .UNSPECIFIED.,.F.,.F.,.F.)
B_SPLINE_SURFACE_WITH_KNOTS((4,1,1,1,1,1,1,1,1,1,1,1,1,1,4),(3,3),(0.0648984334362933,
0.0704569271394966,0.0732361739910983,0.0760154208426999,0.0787946676943016,
0.0801842911201024,0.0815739145459032,0.082963537971704,0.0843531613975049,
0.0850479731104053,0.0857427848233057,0.0864375965362061,0.0867850023926563,
0.0869587053208814,0.0871324082491065),(0.,1.),.UNSPECIFIED.)
GEOMETRIC_REPRESENTATION_ITEM()
RATIONAL_B_SPLINE_SURFACE(((1.,0.707106781186547,1.),(1.,0.707106781186547,
1.),(1.,0.707106781186548,1.),(1.,0.707106781186547,1.),(1.,0.707106781186548,
1.),(1.,0.707106781186547,1.),(1.,0.707106781186547,1.),(1.,0.707106781186548,
1.),(1.,0.707106781186547,1.),(1.,0.707106781186548,1.),(1.,0.707106781186548,
1.),(1.,0.707106781186548,1.),(1.,0.707106781186547,1.),(1.,0.707106781186548,
1.),(1.,0.707106781186547,1.),(1.,0.707106781186548,1.),(1.,0.707106781186548,
1.)))
REPRESENTATION_ITEM('')
SURFACE()
);
#17=(
BOUNDED_SURFACE()
B_SPLINE_SURFACE(3,2,((#3373,#3374,#3375),(#3376,#3377,#3378),(#3379,#3380,
#3381),(#3382,#3383,#3384),(#3385,#3386,#3387),(#3388,#3389,#3390),(#3391,
#3392,#3393),(#3394,#3395,#3396),(#3397,#3398,#3399),(#3400,#3401,#3402),
(#3403,#3404,#3405),(#3406,#3407,#3408),(#3409,#3410,#3411)),
 .UNSPECIFIED.,.F.,.F.,.F.)
B_SPLINE_SURFACE_WITH_KNOTS((4,1,1,1,1,1,1,1,1,1,4),(3,3),(0.0691963417555633,
0.0731480218166378,0.0751238618471751,0.0770997018777123,0.0790755419082496,
0.0810513819387868,0.0820393019540555,0.0830272219693241,0.0840151419845927,
0.084509101992227,0.0850030619998613),(0.,1.),.UNSPECIFIED.)
GEOMETRIC_REPRESENTATION_ITEM()
RATIONAL_B_SPLINE_SURFACE(((1.,0.707106781186548,1.),(1.,0.707106781186547,
1.),(1.,0.707106781186548,1.),(1.,0.707106781186548,1.),(1.,0.707106781186548,
1.),(1.,0.707106781186548,1.),(1.,0.707106781186548,1.),(1.,0.707106781186548,
1.),(1.,0.707106781186548,1.),(1.,0.707106781186547,1.),(1.,0.707106781186548,
1.),(1.,0.707106781186548,1.),(1.,0.707106781186548,1.)))
REPRESENTATION_ITEM('')
SURFACE()
);
#18=(
BOUNDED_SURFACE()
B_SPLINE_SURFACE(3,2,((#3413,#3414,#3415),(#3416,#3417,#3418),(#3419,#3420,
#3421),(#3422,#3423,#3424)),.UNSPECIFIED.,.F.,.F.,.F.)
B_SPLINE_SURFACE_WITH_KNOTS((4,4),(3,3),(0.00206948309740178,0.00273319826918636),
(0.,1.),.PIECEWISE_BEZIER_KNOTS.)
GEOMETRIC_REPRESENTATION_ITEM()
RATIONAL_B_SPLINE_SURFACE(((1.,0.707106781186967,1.),(1.,0.713247674447101,
1.),(1.,0.718907938582139,1.),(1.,0.724171744399936,1.)))
REPRESENTATION_ITEM('')
SURFACE()
);
#19=(
BOUNDED_SURFACE()
B_SPLINE_SURFACE(3,2,((#3434,#3435,#3436),(#3437,#3438,#3439),(#3440,#3441,
#3442),(#3443,#3444,#3445),(#3446,#3447,#3448),(#3449,#3450,#3451),(#3452,
#3453,#3454),(#3455,#3456,#3457),(#3458,#3459,#3460)),.UNSPECIFIED.,.F.,
 .F.,.F.)
B_SPLINE_SURFACE_WITH_KNOTS((4,1,1,1,1,1,4),(3,3),(1.5707963267949,1.96349540849362,
2.35619449019234,2.55254403104171,2.74889357189107,2.94524311274043,3.14159265358979),
(0.,1.),.UNSPECIFIED.)
GEOMETRIC_REPRESENTATION_ITEM()
RATIONAL_B_SPLINE_SURFACE(((1.,1.,1.),(1.,0.999999999999371,1.),(1.,0.97351379454561,
1.),(1.,0.886299164406139,1.),(1.,0.808034956513142,1.),(1.,0.754563896244571,
1.),(1.,0.716400177600187,1.),(1.,0.707106781189819,1.),(1.,0.707106781186548,
1.)))
REPRESENTATION_ITEM('')
SURFACE()
);
#20=(
BOUNDED_SURFACE()
B_SPLINE_SURFACE(3,2,((#3462,#3463,#3464),(#3465,#3466,#3467),(#3468,#3469,
#3470),(#3471,#3472,#3473),(#3474,#3475,#3476),(#3477,#3478,#3479),(#3480,
#3481,#3482)),.UNSPECIFIED.,.F.,.F.,.F.)
B_SPLINE_SURFACE_WITH_KNOTS((4,1,1,1,4),(3,3),(1.5707963267949,1.90778059309365,
2.2447648593924,2.58174912569114,2.91873339198989),(0.,1.),
 .UNSPECIFIED.)
GEOMETRIC_REPRESENTATION_ITEM()
RATIONAL_B_SPLINE_SURFACE(((1.,1.,1.),(1.,0.999999999999461,1.),(1.,0.980621588870664,
1.),(1.,0.901533368297778,1.),(1.,0.797404265070317,1.),(1.,0.740889242907079,
1.),(1.,0.724171744399888,1.)))
REPRESENTATION_ITEM('')
SURFACE()
);
#21=(
BOUNDED_SURFACE()
B_SPLINE_SURFACE(3,2,((#3488,#3489,#3490),(#3491,#3492,#3493),(#3494,#3495,
#3496),(#3497,#3498,#3499),(#3500,#3501,#3502),(#3503,#3504,#3505),(#3506,
#3507,#3508),(#3509,#3510,#3511),(#3512,#3513,#3514)),.UNSPECIFIED.,.F.,
 .F.,.F.)
B_SPLINE_SURFACE_WITH_KNOTS((4,1,1,1,1,1,4),(3,3),(1.5707963267949,1.96349540849362,
2.35619449019234,2.55254403104171,2.74889357189107,2.94524311274043,3.14159265358979),
(0.,1.),.UNSPECIFIED.)
GEOMETRIC_REPRESENTATION_ITEM()
RATIONAL_B_SPLINE_SURFACE(((1.,1.,1.),(1.,0.999999999999371,1.),(1.,0.97351379454561,
1.),(1.,0.886299164406139,1.),(1.,0.808034956513142,1.),(1.,0.754563896244571,
1.),(1.,0.716400177600187,1.),(1.,0.707106781189819,1.),(1.,0.707106781186548,
1.)))
REPRESENTATION_ITEM('')
SURFACE()
);
#22=(
BOUNDED_SURFACE()
B_SPLINE_SURFACE(3,2,((#3516,#3517,#3518),(#3519,#3520,#3521),(#3522,#3523,
#3524),(#3525,#3526,#3527),(#3528,#3529,#3530),(#3531,#3532,#3533),(#3534,
#3535,#3536)),.UNSPECIFIED.,.F.,.F.,.F.)
B_SPLINE_SURFACE_WITH_KNOTS((4,1,1,1,4),(3,3),(1.5707963267949,1.90778059309365,
2.2447648593924,2.58174912569114,2.91873339198989),(0.,1.),
 .UNSPECIFIED.)
GEOMETRIC_REPRESENTATION_ITEM()
RATIONAL_B_SPLINE_SURFACE(((1.,1.,1.),(1.,0.99999999999946,1.),(1.,0.980621588870686,
1.),(1.,0.901533368297702,1.),(1.,0.797404265070602,1.),(1.,0.740889242906466,
1.),(1.,0.724171744399888,1.)))
REPRESENTATION_ITEM('')
SURFACE()
);
#23=(
BOUNDED_SURFACE()
B_SPLINE_SURFACE(3,2,((#3545,#3546,#3547),(#3548,#3549,#3550),(#3551,#3552,
#3553),(#3554,#3555,#3556)),.UNSPECIFIED.,.F.,.F.,.F.)
B_SPLINE_SURFACE_WITH_KNOTS((4,4),(3,3),(0.00206948309741739,0.00273319826920229),
(0.,1.),.PIECEWISE_BEZIER_KNOTS.)
GEOMETRIC_REPRESENTATION_ITEM()
RATIONAL_B_SPLINE_SURFACE(((1.,0.707106781186528,1.),(1.,0.713247674593361,
1.),(1.,0.718907938598348,1.),(1.,0.724171744399887,1.)))
REPRESENTATION_ITEM('')
SURFACE()
);
#24=(
BOUNDED_SURFACE()
B_SPLINE_SURFACE(3,2,((#3557,#3558,#3559),(#3560,#3561,#3562),(#3563,#3564,
#3565),(#3566,#3567,#3568),(#3569,#3570,#3571),(#3572,#3573,#3574),(#3575,
#3576,#3577),(#3578,#3579,#3580),(#3581,#3582,#3583)),.UNSPECIFIED.,.F.,
 .F.,.F.)
B_SPLINE_SURFACE_WITH_KNOTS((4,1,1,1,1,1,4),(3,3),(-3.08962924688849E-13,
0.00957279389150802,0.0143591908374165,0.019145587783325,0.0239319847292335,
0.028718381675142,0.038291175566959),(0.,1.),.UNSPECIFIED.)
GEOMETRIC_REPRESENTATION_ITEM()
RATIONAL_B_SPLINE_SURFACE(((1.,0.707163462158898,1.),(1.,0.711166377327031,
1.),(1.,0.718365717990144,1.),(1.,0.727556095643983,1.),(1.,0.733676834385792,
1.),(1.,0.738977075931763,1.),(1.,0.745027726678249,1.),(1.,0.748462516416669,
1.),(1.,0.750422848318072,1.)))
REPRESENTATION_ITEM('')
SURFACE()
);
#25=(
BOUNDED_SURFACE()
B_SPLINE_SURFACE(3,2,((#3594,#3595,#3596),(#3597,#3598,#3599),(#3600,#3601,
#3602),(#3603,#3604,#3605),(#3606,#3607,#3608),(#3609,#3610,#3611),(#3612,
#3613,#3614),(#3615,#3616,#3617),(#3618,#3619,#3620)),.UNSPECIFIED.,.F.,
 .F.,.F.)
B_SPLINE_SURFACE_WITH_KNOTS((4,1,1,1,1,1,4),(3,3),(-1.66533453693773E-16,
0.0095727938918173,0.014359190837726,0.0191455877836348,0.0239319847295435,
0.0287183816754522,0.0382911755672697),(0.,1.),.UNSPECIFIED.)
GEOMETRIC_REPRESENTATION_ITEM()
RATIONAL_B_SPLINE_SURFACE(((1.,0.707163462158515,1.),(1.,0.711166379181711,
1.),(1.,0.718365717571952,1.),(1.,0.727556095722737,1.),(1.,0.733676834364717,
1.),(1.,0.738977075937285,1.),(1.,0.745027726675044,1.),(1.,0.748462516416136,
1.),(1.,0.750422848318071,1.)))
REPRESENTATION_ITEM('')
SURFACE()
);
#26=(
BOUNDED_SURFACE()
B_SPLINE_SURFACE(3,2,((#3622,#3623,#3624),(#3625,#3626,#3627),(#3628,#3629,
#3630),(#3631,#3632,#3633),(#3634,#3635,#3636),(#3637,#3638,#3639)),
 .UNSPECIFIED.,.F.,.F.,.F.)
B_SPLINE_SURFACE_WITH_KNOTS((4,1,1,4),(3,3),(0.0287774144614381,0.0316388747183725,
0.0345003349753069,0.0402232554891758),(0.,1.),.UNSPECIFIED.)
GEOMETRIC_REPRESENTATION_ITEM()
RATIONAL_B_SPLINE_SURFACE(((1.,0.707163462158511,1.),(1.,0.711496443263496,
1.),(1.,0.719378459673901,1.),(1.,0.731390632146351,1.),(1.,0.734468902170574,
1.),(1.,0.734894148567328,1.)))
REPRESENTATION_ITEM('')
SURFACE()
);
#27=(
BOUNDED_SURFACE()
B_SPLINE_SURFACE(3,2,((#3644,#3645,#3646),(#3647,#3648,#3649),(#3650,#3651,
#3652),(#3653,#3654,#3655),(#3656,#3657,#3658),(#3659,#3660,#3661)),
 .UNSPECIFIED.,.F.,.F.,.F.)
B_SPLINE_SURFACE_WITH_KNOTS((4,1,1,4),(3,3),(0.0287774144614382,0.0316388747183726,
0.034500334975307,0.0402232554891758),(0.,1.),.UNSPECIFIED.)
GEOMETRIC_REPRESENTATION_ITEM()
RATIONAL_B_SPLINE_SURFACE(((1.,0.707163462158512,1.),(1.,0.71149644326312,
1.),(1.,0.719378459673936,1.),(1.,0.731390632146927,1.),(1.,0.73446890216759,
1.),(1.,0.734894148567328,1.)))
REPRESENTATION_ITEM('')
SURFACE()
);
#28=(
BOUNDED_SURFACE()
B_SPLINE_SURFACE(3,2,((#3667,#3668,#3669),(#3670,#3671,#3672),(#3673,#3674,
#3675),(#3676,#3677,#3678),(#3679,#3680,#3681),(#3682,#3683,#3684),(#3685,
#3686,#3687),(#3688,#3689,#3690),(#3691,#3692,#3693),(#3694,#3695,#3696),
(#3697,#3698,#3699),(#3700,#3701,#3702),(#3703,#3704,#3705),(#3706,#3707,
#3708),(#3709,#3710,#3711),(#3712,#3713,#3714),(#3715,#3716,#3717),(#3718,
#3719,#3720),(#3721,#3722,#3723),(#3724,#3725,#3726),(#3727,#3728,#3729),
(#3730,#3731,#3732),(#3733,#3734,#3735),(#3736,#3737,#3738),(#3739,#3740,
#3741),(#3742,#3743,#3744),(#3745,#3746,#3747),(#3748,#3749,#3750)),
 .UNSPECIFIED.,.F.,.F.,.F.)
B_SPLINE_SURFACE_WITH_KNOTS((4,1,1,1,1,1,1,1,1,1,1,1,1,1,1,1,1,1,1,1,1,
1,1,1,1,4),(3,3),(0.0398484665974047,0.0517309533170289,0.0547015749969349,
0.057672196676841,0.060642818356747,0.0636134400366531,0.0695546833964652,
0.0725253050763713,0.0754959267562773,0.0784665484361833,0.0799518592761364,
0.0814371701160894,0.0829224809560424,0.0844077917959954,0.085150447215972,
0.0855217749259602,0.0858931026359485,0.0862644303459367,0.0864500942009309,
0.086635758055925,0.0867285899834221,0.0867750059471706,0.0868214219109191,
0.0869142538384162,0.0870070857659132,0.0873784134759015),(0.,1.),
 .UNSPECIFIED.)
GEOMETRIC_REPRESENTATION_ITEM()
RATIONAL_B_SPLINE_SURFACE(((1.,0.685583647259777,1.),(1.,0.685932675886045,
1.),(1.,0.686387420718151,1.),(1.,0.687305199878494,1.),(1.,0.687567613120994,
1.),(1.,0.688869368136596,1.),(1.,0.690526907490137,1.),(1.,0.692344251820379,
1.),(1.,0.694380406269707,1.),(1.,0.696089773023225,1.),(1.,0.697752240079326,
1.),(1.,0.699357705078216,1.),(1.,0.700768522774608,1.),(1.,0.702512354786655,
1.),(1.,0.704442908979733,1.),(1.,0.70637393652931,1.),(1.,0.707784798912855,
1.),(1.,0.709062076654971,1.),(1.,0.710427389233197,1.),(1.,0.711804976783665,
1.),(1.,0.712948829574385,1.),(1.,0.713772801320331,1.),(1.,0.714572464328833,
1.),(1.,0.714492181068041,1.),(1.,0.714515712790044,1.),(1.,0.714469881050009,
1.),(1.,0.71445832657699,1.),(1.,0.714440555263217,1.)))
REPRESENTATION_ITEM('')
SURFACE()
);
#29=(
BOUNDED_SURFACE()
B_SPLINE_SURFACE(3,2,((#3762,#3763,#3764),(#3765,#3766,#3767),(#3768,#3769,
#3770),(#3771,#3772,#3773),(#3774,#3775,#3776),(#3777,#3778,#3779),(#3780,
#3781,#3782),(#3783,#3784,#3785),(#3786,#3787,#3788),(#3789,#3790,#3791),
(#3792,#3793,#3794),(#3795,#3796,#3797),(#3798,#3799,#3800),(#3801,#3802,
#3803),(#3804,#3805,#3806),(#3807,#3808,#3809),(#3810,#3811,#3812),(#3813,
#3814,#3815),(#3816,#3817,#3818),(#3819,#3820,#3821),(#3822,#3823,#3824),
(#3825,#3826,#3827),(#3828,#3829,#3830),(#3831,#3832,#3833),(#3834,#3835,
#3836),(#3837,#3838,#3839),(#3840,#3841,#3842),(#3843,#3844,#3845)),
 .UNSPECIFIED.,.F.,.F.,.F.)
B_SPLINE_SURFACE_WITH_KNOTS((4,1,1,1,1,1,1,1,1,1,1,1,1,1,1,1,1,1,1,1,1,
1,1,1,1,4),(3,3),(0.0398484665974047,0.0517309533170289,0.0547015749969349,
0.057672196676841,0.060642818356747,0.063613440036653,0.0695546833964651,
0.0725253050763712,0.0754959267562772,0.0784665484361833,0.0799518592761363,
0.0814371701160893,0.0829224809560423,0.0844077917959954,0.0851504472159719,
0.0855217749259601,0.0858931026359484,0.0862644303459366,0.0864500942009307,
0.0866357580559249,0.0867285899834219,0.0867750059471705,0.086821421910919,
0.0869142538384161,0.0870070857659132,0.0873784134759014),(0.,1.),
 .UNSPECIFIED.)
GEOMETRIC_REPRESENTATION_ITEM()
RATIONAL_B_SPLINE_SURFACE(((1.,0.685583647259777,1.),(1.,0.685932675880329,
1.),(1.,0.686387420718781,1.),(1.,0.68730519987842,1.),(1.,0.687567613121014,
1.),(1.,0.688869368136593,1.),(1.,0.690526907490139,1.),(1.,0.692344251820379,
1.),(1.,0.694380406269707,1.),(1.,0.696089773023225,1.),(1.,0.697752240079327,
1.),(1.,0.699357705078216,1.),(1.,0.700768522774608,1.),(1.,0.702512354786654,
1.),(1.,0.704442908979732,1.),(1.,0.706373936529311,1.),(1.,0.707784798912855,
1.),(1.,0.709062076654968,1.),(1.,0.710427389233199,1.),(1.,0.711804976783663,
1.),(1.,0.712948829574383,1.),(1.,0.713772801320333,1.),(1.,0.714572464328829,
1.),(1.,0.714492181068043,1.),(1.,0.714515712790043,1.),(1.,0.714469881050017,
1.),(1.,0.714458326576915,1.),(1.,0.714440555263217,1.)))
REPRESENTATION_ITEM('')
SURFACE()
);
#30=(
BOUNDED_SURFACE()
B_SPLINE_SURFACE(3,2,((#3853,#3854,#3855),(#3856,#3857,#3858),(#3859,#3860,
#3861),(#3862,#3863,#3864),(#3865,#3866,#3867)),.UNSPECIFIED.,.F.,.F.,.F.)
B_SPLINE_SURFACE_WITH_KNOTS((4,1,4),(3,3),(0.058380019081449,0.0925624179476879,
0.126744816813927),(0.,1.),.UNSPECIFIED.)
GEOMETRIC_REPRESENTATION_ITEM()
RATIONAL_B_SPLINE_SURFACE(((1.,0.707106781186547,1.),(1.,0.707106781186547,
1.),(1.,0.707106781186547,1.),(1.,0.707106781186547,1.),(1.,0.707106781186547,
1.)))
REPRESENTATION_ITEM('')
SURFACE()
);
#31=(
BOUNDED_SURFACE()
B_SPLINE_SURFACE(3,2,((#3875,#3876,#3877),(#3878,#3879,#3880),(#3881,#3882,
#3883),(#3884,#3885,#3886),(#3887,#3888,#3889),(#3890,#3891,#3892),(#3893,
#3894,#3895)),.UNSPECIFIED.,.F.,.F.,.F.)
B_SPLINE_SURFACE_WITH_KNOTS((4,1,1,1,4),(3,3),(0.148293436565097,0.165389124680008,
0.182484812794919,0.199580500909829,0.21667618902474),(0.,1.),
 .UNSPECIFIED.)
GEOMETRIC_REPRESENTATION_ITEM()
RATIONAL_B_SPLINE_SURFACE(((1.,0.707106781186547,1.),(1.,0.707106781186547,
1.),(1.,0.707106781186547,1.),(1.,0.707106781186547,1.),(1.,0.707106781186547,
1.),(1.,0.707106781186547,1.),(1.,0.707106781186547,1.)))
REPRESENTATION_ITEM('')
SURFACE()
);
#32=(
BOUNDED_SURFACE()
B_SPLINE_SURFACE(3,2,((#3903,#3904,#3905),(#3906,#3907,#3908),(#3909,#3910,
#3911),(#3912,#3913,#3914),(#3915,#3916,#3917),(#3918,#3919,#3920),(#3921,
#3922,#3923),(#3924,#3925,#3926),(#3927,#3928,#3929),(#3930,#3931,#3932),
(#3933,#3934,#3935),(#3936,#3937,#3938),(#3939,#3940,#3941),(#3942,#3943,
#3944),(#3945,#3946,#3947),(#3948,#3949,#3950),(#3951,#3952,#3953),(#3954,
#3955,#3956),(#3957,#3958,#3959),(#3960,#3961,#3962)),.UNSPECIFIED.,.F.,
 .F.,.F.)
B_SPLINE_SURFACE_WITH_KNOTS((4,1,1,1,1,1,1,1,1,1,1,1,1,1,1,1,1,4),(3,3),
(0.0773024280005631,0.0780221099338514,0.0787417918671398,0.0801811557337164,
0.0816205196002931,0.0830598834668697,0.0859386112000231,0.0888173389331764,
0.0916960666663297,0.0931354305329064,0.094574794399483,0.0960141582660597,
0.0974535221326364,0.0981732040659247,0.098892885999213,0.0996125679325014,
0.0999724088991455,0.10033224986579),(0.,1.),.UNSPECIFIED.)
GEOMETRIC_REPRESENTATION_ITEM()
RATIONAL_B_SPLINE_SURFACE(((1.,0.704705401245934,1.),(1.,0.704667407900724,
1.),(1.,0.704985060536092,1.),(1.,0.705489133847393,1.),(1.,0.70636647957872,
1.),(1.,0.707679127997041,1.),(1.,0.709856917868337,1.),(1.,0.713408179287782,
1.),(1.,0.719011593865509,1.),(1.,0.72436826403667,1.),(1.,0.728907062796229,
1.),(1.,0.732282098140364,1.),(1.,0.735546987578777,1.),(1.,0.738138617083048,
1.),(1.,0.740110136167608,1.),(1.,0.741539365075692,1.),(1.,0.742666720987762,
1.),(1.,0.743565495624812,1.),(1.,0.74394180077093,1.),(1.,0.74394180077093,
1.)))
REPRESENTATION_ITEM('')
SURFACE()
);
#33=(
BOUNDED_SURFACE()
B_SPLINE_SURFACE(3,2,((#3969,#3970,#3971),(#3972,#3973,#3974),(#3975,#3976,
#3977),(#3978,#3979,#3980),(#3981,#3982,#3983),(#3984,#3985,#3986),(#3987,
#3988,#3989),(#3990,#3991,#3992),(#3993,#3994,#3995),(#3996,#3997,#3998),
(#3999,#4000,#4001),(#4002,#4003,#4004),(#4005,#4006,#4007),(#4008,#4009,
#4010),(#4011,#4012,#4013),(#4014,#4015,#4016),(#4017,#4018,#4019),(#4020,
#4021,#4022),(#4023,#4024,#4025),(#4026,#4027,#4028)),.UNSPECIFIED.,.F.,
 .F.,.F.)
B_SPLINE_SURFACE_WITH_KNOTS((4,1,1,1,1,1,1,1,1,1,1,1,1,1,1,1,1,4),(3,3),
(0.077302428000563,0.078022109933852,0.078741791867141,0.080181155733719,
0.0816205196002971,0.0830598834668751,0.0859386112000311,0.0888173389331872,
0.0916960666663432,0.0931354305329213,0.0945747943994993,0.0960141582660773,
0.0974535221326553,0.0981732040659444,0.0988928859992334,0.0996125679325224,
0.0999724088991669,0.100332249865811),(0.,1.),.UNSPECIFIED.)
GEOMETRIC_REPRESENTATION_ITEM()
RATIONAL_B_SPLINE_SURFACE(((1.,0.704705401245934,1.),(1.,0.704667407900711,
1.),(1.,0.704985060536099,1.),(1.,0.705489133847391,1.),(1.,0.706366479578723,
1.),(1.,0.707679127997045,1.),(1.,0.709856917868345,1.),(1.,0.713408179287795,
1.),(1.,0.719011593865531,1.),(1.,0.724368264036699,1.),(1.,0.728907062796265,
1.),(1.,0.732282098140401,1.),(1.,0.735546987578816,1.),(1.,0.738138617083088,
1.),(1.,0.740110136167648,1.),(1.,0.741539365075734,1.),(1.,0.742666720987791,
1.),(1.,0.743565495624868,1.),(1.,0.74394180077093,1.),(1.,0.74394180077093,
1.)))
REPRESENTATION_ITEM('')
SURFACE()
);
#34=(
BOUNDED_SURFACE()
B_SPLINE_SURFACE(3,2,((#4035,#4036,#4037),(#4038,#4039,#4040),(#4041,#4042,
#4043),(#4044,#4045,#4046),(#4047,#4048,#4049),(#4050,#4051,#4052),(#4053,
#4054,#4055),(#4056,#4057,#4058),(#4059,#4060,#4061),(#4062,#4063,#4064)),
 .UNSPECIFIED.,.F.,.F.,.F.)
B_SPLINE_SURFACE_WITH_KNOTS((4,1,1,1,1,1,1,4),(3,3),(0.065445328301578,
0.0655453999981294,0.0656454716946808,0.0658456150877835,0.0660457584808863,
0.066245901873989,0.0666461886601945,0.0670464754464),(0.,1.),
 .UNSPECIFIED.)
GEOMETRIC_REPRESENTATION_ITEM()
RATIONAL_B_SPLINE_SURFACE(((1.,0.731732702031397,1.),(1.,0.731751408953622,
1.),(1.,0.731404652641382,1.),(1.,0.731047906084853,1.),(1.,0.730504272535219,
1.),(1.,0.729922879970907,1.),(1.,0.729159406966353,1.),(1.,0.728261325266964,
1.),(1.,0.727588706616324,1.),(1.,0.727263162961994,1.)))
REPRESENTATION_ITEM('')
SURFACE()
);
#35=(
BOUNDED_SURFACE()
B_SPLINE_SURFACE(3,2,((#4066,#4067,#4068),(#4069,#4070,#4071),(#4072,#4073,
#4074),(#4075,#4076,#4077),(#4078,#4079,#4080),(#4081,#4082,#4083),(#4084,
#4085,#4086),(#4087,#4088,#4089),(#4090,#4091,#4092),(#4093,#4094,#4095)),
 .UNSPECIFIED.,.F.,.F.,.F.)
B_SPLINE_SURFACE_WITH_KNOTS((4,1,1,1,1,1,1,4),(3,3),(0.050823355838735,
0.0512238450790851,0.0516243343194352,0.0518245789396103,0.0520248235597854,
0.0522250681799604,0.0523251904900479,0.0524253128001355),(0.,1.),
 .UNSPECIFIED.)
GEOMETRIC_REPRESENTATION_ITEM()
RATIONAL_B_SPLINE_SURFACE(((1.,0.727263162961994,1.),(1.,0.72758869145382,
1.),(1.,0.728261284548832,1.),(1.,0.729159350442158,1.),(1.,0.729922824500115,
1.),(1.,0.730504225094043,1.),(1.,0.731047875225677,1.),(1.,0.731404635622195,
1.),(1.,0.731751409661467,1.),(1.,0.731732701747501,1.)))
REPRESENTATION_ITEM('')
SURFACE()
);
#36=(
BOUNDED_SURFACE()
B_SPLINE_SURFACE(3,2,((#4097,#4098,#4099),(#4100,#4101,#4102),(#4103,#4104,
#4105),(#4106,#4107,#4108)),.UNSPECIFIED.,.F.,.F.,.F.)
B_SPLINE_SURFACE_WITH_KNOTS((4,4),(3,3),(0.0196540071291199,0.0205691782992039),
(0.,1.),.PIECEWISE_BEZIER_KNOTS.)
GEOMETRIC_REPRESENTATION_ITEM()
RATIONAL_B_SPLINE_SURFACE(((1.,0.727263162961995,1.),(1.,0.729707215680042,
1.),(1.,0.731789405622051,1.),(1.,0.733591612131653,1.)))
REPRESENTATION_ITEM('')
SURFACE()
);
#37=(
BOUNDED_SURFACE()
B_SPLINE_SURFACE(3,2,((#4114,#4115,#4116),(#4117,#4118,#4119),(#4120,#4121,
#4122),(#4123,#4124,#4125)),.UNSPECIFIED.,.F.,.F.,.F.)
B_SPLINE_SURFACE_WITH_KNOTS((4,4),(3,3),(0.01965400712912,0.0205691782992039),
(0.,1.),.PIECEWISE_BEZIER_KNOTS.)
GEOMETRIC_REPRESENTATION_ITEM()
RATIONAL_B_SPLINE_SURFACE(((1.,0.727263162961994,1.),(1.,0.729707215680734,
1.),(1.,0.731789405622017,1.),(1.,0.733591612131653,1.)))
REPRESENTATION_ITEM('')
SURFACE()
);
#38=(
BOUNDED_SURFACE()
B_SPLINE_SURFACE(3,2,((#4132,#4133,#4134),(#4135,#4136,#4137),(#4138,#4139,
#4140),(#4141,#4142,#4143),(#4144,#4145,#4146),(#4147,#4148,#4149),(#4150,
#4151,#4152)),.UNSPECIFIED.,.F.,.F.,.F.)
B_SPLINE_SURFACE_WITH_KNOTS((4,1,1,1,4),(3,3),(-1.47451495458029E-17,0.00430200638919439,
0.00860401277838879,0.0129060191675832,0.0172080255567776),(0.,1.),
 .UNSPECIFIED.)
GEOMETRIC_REPRESENTATION_ITEM()
RATIONAL_B_SPLINE_SURFACE(((1.,0.733591612175044,1.),(1.,0.730650520249373,
1.),(1.,0.726171696837959,1.),(1.,0.719994331819045,1.),(1.,0.713760541816415,
1.),(1.,0.709361361328269,1.),(1.,0.707106781186574,1.)))
REPRESENTATION_ITEM('')
SURFACE()
);
#39=(
BOUNDED_SURFACE()
B_SPLINE_SURFACE(3,2,((#4154,#4155,#4156),(#4157,#4158,#4159),(#4160,#4161,
#4162),(#4163,#4164,#4165),(#4166,#4167,#4168),(#4169,#4170,#4171),(#4172,
#4173,#4174),(#4175,#4176,#4177),(#4178,#4179,#4180)),.UNSPECIFIED.,.F.,
 .F.,.F.)
B_SPLINE_SURFACE_WITH_KNOTS((4,1,1,1,1,1,4),(3,3),(-4.16333634234434E-17,
0.00296196076801943,0.00592392153603891,0.00888588230405838,0.0103668626880681,
0.011107352880073,0.0118478430720779),(0.,1.),.UNSPECIFIED.)
GEOMETRIC_REPRESENTATION_ITEM()
RATIONAL_B_SPLINE_SURFACE(((1.,0.707106781186547,1.),(1.,0.707106781186547,
1.),(1.,0.707106781186547,1.),(1.,0.707106781186547,1.),(1.,0.707106781186548,
1.),(1.,0.707106781186548,1.),(1.,0.707106781186548,1.),(1.,0.707106781186548,
1.),(1.,0.707106781186548,1.)))
REPRESENTATION_ITEM('')
SURFACE()
);
#40=(
BOUNDED_SURFACE()
B_SPLINE_SURFACE(3,2,((#4194,#4195,#4196),(#4197,#4198,#4199),(#4200,#4201,
#4202),(#4203,#4204,#4205),(#4206,#4207,#4208)),.UNSPECIFIED.,.F.,.F.,.F.)
B_SPLINE_SURFACE_WITH_KNOTS((4,1,4),(3,3),(-5.41016884070267E-17,0.00126788052192,
0.00253576104384006),(0.,1.),.UNSPECIFIED.)
GEOMETRIC_REPRESENTATION_ITEM()
RATIONAL_B_SPLINE_SURFACE(((1.,0.707106781186551,1.),(1.,0.746799525288118,
1.),(1.,0.819365687224366,1.),(1.,0.881212753039581,1.),(1.,0.906559305820078,
1.)))
REPRESENTATION_ITEM('')
SURFACE()
);
#41=(
BOUNDED_SURFACE()
B_SPLINE_SURFACE(3,2,((#4210,#4211,#4212),(#4213,#4214,#4215),(#4216,#4217,
#4218),(#4219,#4220,#4221),(#4222,#4223,#4224)),.UNSPECIFIED.,.F.,.F.,.F.)
B_SPLINE_SURFACE_WITH_KNOTS((4,1,4),(3,3),(-8.72926662507246E-6,0.000802872927703468,
0.00161447512203201),(0.,1.),.UNSPECIFIED.)
GEOMETRIC_REPRESENTATION_ITEM()
RATIONAL_B_SPLINE_SURFACE(((1.,1.,1.),(1.,0.999999999997552,1.),(1.,0.984135760699616,
1.),(1.,0.936804139539421,1.),(1.,0.906559305819461,1.)))
REPRESENTATION_ITEM('')
SURFACE()
);
#42=(
BOUNDED_SURFACE()
B_SPLINE_SURFACE(3,2,((#4234,#4235,#4236),(#4237,#4238,#4239),(#4240,#4241,
#4242),(#4243,#4244,#4245),(#4246,#4247,#4248)),.UNSPECIFIED.,.F.,.F.,.F.)
B_SPLINE_SURFACE_WITH_KNOTS((4,1,4),(3,3),(-8.72926662507924E-6,0.000802872927703461,
0.001614475122032),(0.,1.),.UNSPECIFIED.)
GEOMETRIC_REPRESENTATION_ITEM()
RATIONAL_B_SPLINE_SURFACE(((1.,1.,1.),(1.,0.999999999997552,1.),(1.,0.984135760697166,
1.),(1.,0.936804139544261,1.),(1.,0.906559305819447,1.)))
REPRESENTATION_ITEM('')
SURFACE()
);
#43=(
BOUNDED_SURFACE()
B_SPLINE_SURFACE(3,2,((#4255,#4256,#4257),(#4258,#4259,#4260),(#4261,#4262,
#4263),(#4264,#4265,#4266),(#4267,#4268,#4269)),.UNSPECIFIED.,.F.,.F.,.F.)
B_SPLINE_SURFACE_WITH_KNOTS((4,1,4),(3,3),(-4.06575814682064E-17,0.00126788052191993,
0.0025357610438399),(0.,1.),.UNSPECIFIED.)
GEOMETRIC_REPRESENTATION_ITEM()
RATIONAL_B_SPLINE_SURFACE(((1.,0.707106781186569,1.),(1.,0.746799525317598,
1.),(1.,0.819365687213958,1.),(1.,0.881212753031115,1.),(1.,0.906559305820092,
1.)))
REPRESENTATION_ITEM('')
SURFACE()
);
#44=(
BOUNDED_SURFACE()
B_SPLINE_SURFACE(3,2,((#4278,#4279,#4280),(#4281,#4282,#4283),(#4284,#4285,
#4286),(#4287,#4288,#4289),(#4290,#4291,#4292),(#4293,#4294,#4295),(#4296,
#4297,#4298),(#4299,#4300,#4301),(#4302,#4303,#4304)),.UNSPECIFIED.,.F.,
 .F.,.F.)
B_SPLINE_SURFACE_WITH_KNOTS((4,1,1,1,1,1,4),(3,3),(-4.16333634234434E-17,
0.00296196076801936,0.00592392153603876,0.00888588230405817,0.0103668626880679,
0.0111073528800727,0.0118478430720776),(0.,1.),.UNSPECIFIED.)
GEOMETRIC_REPRESENTATION_ITEM()
RATIONAL_B_SPLINE_SURFACE(((1.,0.707106781186547,1.),(1.,0.707106781186547,
1.),(1.,0.707106781186548,1.),(1.,0.707106781186547,1.),(1.,0.707106781186548,
1.),(1.,0.707106781186547,1.),(1.,0.707106781186548,1.),(1.,0.707106781186548,
1.),(1.,0.707106781186548,1.)))
REPRESENTATION_ITEM('')
SURFACE()
);
#45=(
BOUNDED_SURFACE()
B_SPLINE_SURFACE(3,2,((#4306,#4307,#4308),(#4309,#4310,#4311),(#4312,#4313,
#4314),(#4315,#4316,#4317),(#4318,#4319,#4320),(#4321,#4322,#4323),(#4324,
#4325,#4326)),.UNSPECIFIED.,.F.,.F.,.F.)
B_SPLINE_SURFACE_WITH_KNOTS((4,1,1,1,4),(3,3),(-2.79608579345503E-10,0.00430200610513177,
0.00860401248987212,0.0129060188746125,0.0172080252593528),(0.,1.),
 .UNSPECIFIED.)
GEOMETRIC_REPRESENTATION_ITEM()
RATIONAL_B_SPLINE_SURFACE(((1.,0.733591611558188,1.),(1.,0.730651771246906,
1.),(1.,0.726171115969819,1.),(1.,0.719994488182043,1.),(1.,0.713760497125833,
1.),(1.,0.709361361324958,1.),(1.,0.707106781186574,1.)))
REPRESENTATION_ITEM('')
SURFACE()
);
#46=(
BOUNDED_SURFACE()
B_SPLINE_SURFACE(3,2,((#4416,#4417,#4418),(#4419,#4420,#4421),(#4422,#4423,
#4424),(#4425,#4426,#4427),(#4428,#4429,#4430),(#4431,#4432,#4433)),
 .UNSPECIFIED.,.F.,.F.,.F.)
B_SPLINE_SURFACE_WITH_KNOTS((4,1,1,4),(3,3),(0.0440482186667807,0.0471020425443266,
0.0501558664218724,0.0562635141769641),(0.,1.),.UNSPECIFIED.)
GEOMETRIC_REPRESENTATION_ITEM()
RATIONAL_B_SPLINE_SURFACE(((1.,0.61811027942791,1.),(1.,0.628921149064508,
1.),(1.,0.645655503938411,1.),(1.,0.669350754777959,1.),(1.,0.680606591701658,
1.),(1.,0.686926771468885,1.)))
REPRESENTATION_ITEM('')
SURFACE()
);
#47=(
BOUNDED_SURFACE()
B_SPLINE_SURFACE(3,2,((#4439,#4440,#4441),(#4442,#4443,#4444),(#4445,#4446,
#4447),(#4448,#4449,#4450)),.UNSPECIFIED.,.F.,.F.,.F.)
B_SPLINE_SURFACE_WITH_KNOTS((4,4),(3,3),(-3.29597460435593E-17,0.00648796310578948),
(0.,1.),.PIECEWISE_BEZIER_KNOTS.)
GEOMETRIC_REPRESENTATION_ITEM()
RATIONAL_B_SPLINE_SURFACE(((1.,0.707106781186547,1.),(1.,0.707106781186547,
1.),(1.,0.707106781186548,1.),(1.,0.707106781186548,1.)))
REPRESENTATION_ITEM('')
SURFACE()
);
#48=(
BOUNDED_SURFACE()
B_SPLINE_SURFACE(3,2,((#4455,#4456,#4457),(#4458,#4459,#4460),(#4461,#4462,
#4463),(#4464,#4465,#4466)),.UNSPECIFIED.,.F.,.F.,.F.)
B_SPLINE_SURFACE_WITH_KNOTS((4,4),(3,3),(-3.46944695195361E-18,0.00648796310578946),
(0.,1.),.PIECEWISE_BEZIER_KNOTS.)
GEOMETRIC_REPRESENTATION_ITEM()
RATIONAL_B_SPLINE_SURFACE(((1.,0.707106781186547,1.),(1.,0.707106781186547,
1.),(1.,0.707106781186548,1.),(1.,0.707106781186548,1.)))
REPRESENTATION_ITEM('')
SURFACE()
);
#49=(
BOUNDED_SURFACE()
B_SPLINE_SURFACE(3,2,((#4472,#4473,#4474),(#4475,#4476,#4477),(#4478,#4479,
#4480),(#4481,#4482,#4483),(#4484,#4485,#4486),(#4487,#4488,#4489)),
 .UNSPECIFIED.,.F.,.F.,.F.)
B_SPLINE_SURFACE_WITH_KNOTS((4,1,1,4),(3,3),(0.0854733086094295,0.0916106518686598,
0.0946793234982749,0.0977479951278901),(0.,1.),.UNSPECIFIED.)
GEOMETRIC_REPRESENTATION_ITEM()
RATIONAL_B_SPLINE_SURFACE(((1.,0.68692682233747,1.),(1.,0.680605247933911,
1.),(1.,0.669340184726163,1.),(1.,0.645612128978229,1.),(1.,0.628888911617828,
1.),(1.,0.618112687597042,1.)))
REPRESENTATION_ITEM('')
SURFACE()
);
#50=(
BOUNDED_SURFACE()
B_SPLINE_SURFACE(3,2,((#4490,#4491,#4492),(#4493,#4494,#4495),(#4496,#4497,
#4498),(#4499,#4500,#4501),(#4502,#4503,#4504),(#4505,#4506,#4507),(#4508,
#4509,#4510)),.UNSPECIFIED.,.F.,.F.,.F.)
B_SPLINE_SURFACE_WITH_KNOTS((4,1,1,1,4),(3,3),(2.35626138480312,2.74892701919646,
3.1415926535898,3.53425828798313,3.92692392237647),(0.,1.),
 .UNSPECIFIED.)
GEOMETRIC_REPRESENTATION_ITEM()
RATIONAL_B_SPLINE_SURFACE(((1.,0.88937984416058,1.),(1.,0.910789714301951,
1.),(1.,0.943605238892152,1.),(1.,0.960287908910801,1.),(1.,0.943605238891889,
1.),(1.,0.910789714302562,1.),(1.,0.88937984416058,1.)))
REPRESENTATION_ITEM('')
SURFACE()
);
#51=ELLIPSE('',#1678,0.00870982818355786,0.00836143482289828);
#52=ELLIPSE('',#1679,0.0228964226054102,0.00836143482289828);
#53=ELLIPSE('',#1680,0.00870982818355786,0.00836143482289828);
#54=ELLIPSE('',#1687,0.0235361362309285,0.00581964190913341);
#55=ELLIPSE('',#1689,0.0235361362309286,0.00581964190913346);
#56=ELLIPSE('',#1712,0.00791432092738535,0.00735852293811319);
#57=ELLIPSE('',#1713,0.00791432092738535,0.00735852293811319);
#58=ELLIPSE('',#1714,0.00791432092738535,0.00735852293811319);
#59=ELLIPSE('',#1715,0.00791432092738535,0.00735852293811319);
#60=ELLIPSE('',#1717,0.00791432092738535,0.00735852293811319);
#61=ELLIPSE('',#1719,0.00791432092738535,0.00735852293811319);
#62=ELLIPSE('',#1720,0.00791432092738535,0.00735852293811319);
#63=ELLIPSE('',#1721,0.00791432092738535,0.00735852293811319);
#64=ELLIPSE('',#1739,0.00697489905435086,0.00635);
#65=ELLIPSE('',#1740,0.00697489905435086,0.00635);
#66=ELLIPSE('',#1742,0.0066145835179065,0.00635);
#67=ELLIPSE('',#1743,0.0100627791465091,0.00635);
#68=ELLIPSE('',#1745,0.0066145835179065,0.00635);
#69=ELLIPSE('',#1746,0.0100627791465091,0.00635);
#70=ELLIPSE('',#1748,0.0258990133089341,0.0147114348228983);
#71=CYLINDRICAL_SURFACE('',#1675,0.00836143482289828);
#72=CYLINDRICAL_SURFACE('',#1690,0.0434114051478595);
#73=CYLINDRICAL_SURFACE('',#1693,0.001651);
#74=CYLINDRICAL_SURFACE('',#1694,0.001651);
#75=CYLINDRICAL_SURFACE('',#1695,0.001651);
#76=CYLINDRICAL_SURFACE('',#1696,0.001651);
#77=CYLINDRICAL_SURFACE('',#1697,0.001651);
#78=CYLINDRICAL_SURFACE('',#1698,0.001651);
#79=CYLINDRICAL_SURFACE('',#1699,0.001651);
#80=CYLINDRICAL_SURFACE('',#1700,0.004445);
#81=CYLINDRICAL_SURFACE('',#1703,0.004445);
#82=CYLINDRICAL_SURFACE('',#1711,0.00735852293811319);
#83=CYLINDRICAL_SURFACE('',#1716,0.00735852293811319);
#84=CYLINDRICAL_SURFACE('',#1718,0.00735852293811319);
#85=CYLINDRICAL_SURFACE('',#1723,0.00735852293811319);
#86=CYLINDRICAL_SURFACE('',#1726,0.0053355493743567);
#87=CYLINDRICAL_SURFACE('',#1731,0.00635);
#88=CYLINDRICAL_SURFACE('',#1734,0.00635);
#89=CYLINDRICAL_SURFACE('',#1751,0.00635);
#90=CYLINDRICAL_SURFACE('',#1752,0.00635);
#91=CYLINDRICAL_SURFACE('',#1754,0.00635);
#92=CYLINDRICAL_SURFACE('',#1755,0.00635);
#93=B_SPLINE_SURFACE_WITH_KNOTS('',3,1,((#2062,#2063),(#2064,#2065),(#2066,
#2067),(#2068,#2069)),.SURF_OF_LINEAR_EXTRUSION.,.F.,.F.,.F.,(4,4),(2,2),
(0.,1.),(0.,1.),.PIECEWISE_BEZIER_KNOTS.);
#94=B_SPLINE_SURFACE_WITH_KNOTS('',3,1,((#2112,#2113),(#2114,#2115),(#2116,
#2117),(#2118,#2119)),.SURF_OF_LINEAR_EXTRUSION.,.F.,.F.,.F.,(4,4),(2,2),
(-1.40880871959634E-16,1.),(0.,1.),.PIECEWISE_BEZIER_KNOTS.);
#95=B_SPLINE_SURFACE_WITH_KNOTS('',3,1,((#2297,#2298),(#2299,#2300),(#2301,
#2302),(#2303,#2304)),.SURF_OF_LINEAR_EXTRUSION.,.F.,.F.,.F.,(4,4),(2,2),
(0.,1.),(0.,1.),.PIECEWISE_BEZIER_KNOTS.);
#96=B_SPLINE_SURFACE_WITH_KNOTS('',3,1,((#2357,#2358),(#2359,#2360),(#2361,
#2362),(#2363,#2364),(#2365,#2366),(#2367,#2368),(#2369,#2370)),
 .SURF_OF_LINEAR_EXTRUSION.,.F.,.F.,.F.,(4,1,1,1,4),(2,2),(-0.00633417783912724,
0.111008901844155,0.228351981527437,0.463038140894002,0.93241045962713),
(0.,1.),.UNSPECIFIED.);
#97=B_SPLINE_SURFACE_WITH_KNOTS('',3,1,((#2450,#2451),(#2452,#2453),(#2454,
#2455),(#2456,#2457),(#2458,#2459),(#2460,#2461),(#2462,#2463)),
 .SURF_OF_LINEAR_EXTRUSION.,.F.,.F.,.F.,(4,1,1,1,4),(2,2),(-0.00633417783913256,
0.11100890184415,0.228351981527433,0.463038140893999,0.93241045962713),
(0.,1.),.UNSPECIFIED.);
#98=B_SPLINE_SURFACE_WITH_KNOTS('',3,1,((#2564,#2565),(#2566,#2567),(#2568,
#2569),(#2570,#2571)),.SURF_OF_LINEAR_EXTRUSION.,.F.,.F.,.F.,(4,4),(2,2),
(-3.85276755137762E-16,1.),(0.,1.),.PIECEWISE_BEZIER_KNOTS.);
#99=B_SPLINE_SURFACE_WITH_KNOTS('',3,1,((#2602,#2603),(#2604,#2605),(#2606,
#2607),(#2608,#2609)),.SURF_OF_LINEAR_EXTRUSION.,.F.,.F.,.F.,(4,4),(2,2),
(0.0643199658063457,1.),(0.,1.),.PIECEWISE_BEZIER_KNOTS.);
#100=B_SPLINE_SURFACE_WITH_KNOTS('',3,1,((#2646,#2647),(#2648,#2649),(#2650,
#2651),(#2652,#2653)),.SURF_OF_LINEAR_EXTRUSION.,.F.,.F.,.F.,(4,4),(2,2),
(0.00773372686339537,0.919412888361692),(0.,1.),
 .PIECEWISE_BEZIER_KNOTS.);
#101=B_SPLINE_SURFACE_WITH_KNOTS('',3,1,((#2682,#2683),(#2684,#2685),(#2686,
#2687),(#2688,#2689)),.SURF_OF_LINEAR_EXTRUSION.,.F.,.F.,.F.,(4,4),(2,2),
(-4.3316475240396E-16,0.829892525620427),(0.,1.),
 .PIECEWISE_BEZIER_KNOTS.);
#102=B_SPLINE_SURFACE_WITH_KNOTS('',3,1,((#2721,#2722),(#2723,#2724),(#2725,
#2726),(#2727,#2728)),.SURF_OF_LINEAR_EXTRUSION.,.F.,.F.,.F.,(4,4),(2,2),
(0.0837618510318689,0.998252783160101),(0.,1.),.PIECEWISE_BEZIER_KNOTS.);
#103=B_SPLINE_SURFACE_WITH_KNOTS('',3,1,((#2820,#2821),(#2822,#2823),(#2824,
#2825),(#2826,#2827),(#2828,#2829),(#2830,#2831),(#2832,#2833),(#2834,#2835),
(#2836,#2837),(#2838,#2839),(#2840,#2841),(#2842,#2843)),
 .SURF_OF_LINEAR_EXTRUSION.,.F.,.F.,.F.,(4,1,1,1,1,1,1,1,1,4),(2,2),(-0.220010372858867,
-0.0675090762515086,-0.0293837520996691,0.00874157205217054,0.0849922203558497,
0.237493516963208,0.389994813570566,0.694997406785283,0.847498703392642,
1.),(0.,1.),.UNSPECIFIED.);
#104=B_SPLINE_SURFACE_WITH_KNOTS('',3,1,((#2872,#2873),(#2874,#2875),(#2876,
#2877),(#2878,#2879)),.SURF_OF_LINEAR_EXTRUSION.,.F.,.F.,.F.,(4,4),(2,2),
(0.,1.),(0.,1.),.PIECEWISE_BEZIER_KNOTS.);
#105=CIRCLE('',#1670,0.001651);
#106=CIRCLE('',#1671,0.001651);
#107=CIRCLE('',#1673,0.001651);
#108=CIRCLE('',#1674,0.001651);
#109=CIRCLE('',#1676,0.00836143482289828);
#110=CIRCLE('',#1677,0.00836143482289828);
#111=CIRCLE('',#1681,0.00836143482289828);
#112=CIRCLE('',#1701,0.004445);
#113=CIRCLE('',#1702,0.004445);
#114=CIRCLE('',#1704,0.004445);
#115=CIRCLE('',#1705,0.004445);
#116=CIRCLE('',#1706,0.004445);
#117=CIRCLE('',#1707,0.004445);
#118=CIRCLE('',#1708,0.004445);
#119=CIRCLE('',#1709,0.004445);
#120=CIRCLE('',#1710,0.004445);
#121=CIRCLE('',#1722,0.004445);
#122=CIRCLE('',#1724,0.0053355493743567);
#123=CIRCLE('',#1725,0.0053355493743567);
#124=CIRCLE('',#1727,0.00635);
#125=CIRCLE('',#1728,0.00635);
#126=CIRCLE('',#1729,0.00635);
#127=CIRCLE('',#1730,0.00635);
#128=CIRCLE('',#1732,0.00635);
#129=CIRCLE('',#1733,0.004445);
#130=CIRCLE('',#1735,0.004445);
#131=CIRCLE('',#1736,0.00635);
#132=CIRCLE('',#1750,0.00635);
#133=CIRCLE('',#1753,0.00635);
#134=B_SPLINE_CURVE_WITH_KNOTS('',3,(#1999,#2000,#2001,#2002),
 .UNSPECIFIED.,.F.,.F.,(4,4),(0.0125708559423922,0.0217451593394817),
 .UNSPECIFIED.);
#135=B_SPLINE_CURVE_WITH_KNOTS('',3,(#2012,#2013,#2014,#2015),
 .UNSPECIFIED.,.F.,.F.,(4,4),(0.00748083024822273,0.0166597897837672),
 .UNSPECIFIED.);
#136=B_SPLINE_CURVE_WITH_KNOTS('',3,(#2035,#2036,#2037,#2038),
 .UNSPECIFIED.,.F.,.F.,(4,4),(0.0286532050656114,0.0292370256814736),
 .UNSPECIFIED.);
#137=B_SPLINE_CURVE_WITH_KNOTS('',3,(#2040,#2041,#2042,#2043),
 .UNSPECIFIED.,.F.,.F.,(4,4),(4.85384852733949E-17,0.00523620511055183),
 .UNSPECIFIED.);
#138=B_SPLINE_CURVE_WITH_KNOTS('',3,(#2047,#2048,#2049,#2050,#2051,#2052),
 .UNSPECIFIED.,.F.,.F.,(4,1,1,4),(0.00630926027603017,0.00861556253501907,
0.010921864794008,0.0155344693119858),.UNSPECIFIED.);
#139=B_SPLINE_CURVE_WITH_KNOTS('',3,(#2054,#2055,#2056,#2057,#2058,#2059),
 .UNSPECIFIED.,.F.,.F.,(4,1,1,4),(1.68411186376203E-17,0.00295170566123352,
0.00590341132246703,0.011806822644934),.UNSPECIFIED.);
#140=B_SPLINE_CURVE_WITH_KNOTS('',3,(#2070,#2071,#2072,#2073,#2074),
 .UNSPECIFIED.,.F.,.F.,(4,1,4),(0.,0.00677569854476384,0.0135513970895277),
 .UNSPECIFIED.);
#141=B_SPLINE_CURVE_WITH_KNOTS('',3,(#2077,#2078,#2079,#2080,#2081),
 .UNSPECIFIED.,.F.,.F.,(4,1,4),(-0.00848166577148074,0.00204457025489845,
0.0125708062812777),.UNSPECIFIED.);
#142=B_SPLINE_CURVE_WITH_KNOTS('',3,(#2082,#2083,#2084,#2085,#2086,#2087),
 .UNSPECIFIED.,.F.,.F.,(4,1,1,4),(-6.00000000301361E-8,0.00990585077194978,
0.0148588061579247,0.0198117615438996),.UNSPECIFIED.);
#143=B_SPLINE_CURVE_WITH_KNOTS('',3,(#2089,#2090,#2091,#2092),
 .UNSPECIFIED.,.F.,.F.,(4,4),(0.0162200458831981,0.0175318461395521),
 .UNSPECIFIED.);
#144=B_SPLINE_CURVE_WITH_KNOTS('',3,(#2094,#2095,#2096,#2097),
 .UNSPECIFIED.,.F.,.F.,(4,4),(0.,0.00248832798182564),.UNSPECIFIED.);
#145=B_SPLINE_CURVE_WITH_KNOTS('',3,(#2101,#2102,#2103,#2104,#2105,#2106,
#2107),.UNSPECIFIED.,.F.,.F.,(4,1,1,1,4),(-5.99999999936031E-8,0.00613410320713949,
0.012268266414279,0.0184024296214185,0.024536592828558),.UNSPECIFIED.);
#146=B_SPLINE_CURVE_WITH_KNOTS('',3,(#2108,#2109,#2110,#2111),
 .UNSPECIFIED.,.F.,.F.,(4,4),(0.,0.00700970116258023),.UNSPECIFIED.);
#147=B_SPLINE_CURVE_WITH_KNOTS('',3,(#2120,#2121,#2122,#2123,#2124),
 .UNSPECIFIED.,.F.,.F.,(4,1,4),(0.,0.00676415644549544,0.0135283128909909),
 .UNSPECIFIED.);
#148=B_SPLINE_CURVE_WITH_KNOTS('',3,(#2127,#2128,#2129,#2130),
 .UNSPECIFIED.,.F.,.F.,(4,4),(0.,0.00700970116258033),.UNSPECIFIED.);
#149=B_SPLINE_CURVE_WITH_KNOTS('',3,(#2131,#2132,#2133,#2134,#2135,#2136,
#2137),.UNSPECIFIED.,.F.,.F.,(4,1,1,1,4),(-5.99999999962254E-8,0.00615230794321713,
0.0123046758864342,0.0184570438296514,0.0246094117728685),.UNSPECIFIED.);
#150=B_SPLINE_CURVE_WITH_KNOTS('',3,(#2141,#2142,#2143,#2144),
 .UNSPECIFIED.,.F.,.F.,(4,4),(-6.00000000171381E-8,0.00248826798182562),
 .UNSPECIFIED.);
#151=B_SPLINE_CURVE_WITH_KNOTS('',3,(#2146,#2147,#2148,#2149),
 .UNSPECIFIED.,.F.,.F.,(4,4),(0.,0.00130598598229406),.UNSPECIFIED.);
#152=B_SPLINE_CURVE_WITH_KNOTS('',3,(#2151,#2152,#2153,#2154,#2155,#2156,
#2157),.UNSPECIFIED.,.F.,.F.,(4,1,1,1,4),(6.56736616345478E-17,0.00490986366362535,
0.00981972732725063,0.0147295909908759,0.0196394546545012),
 .UNSPECIFIED.);
#153=B_SPLINE_CURVE_WITH_KNOTS('',3,(#2161,#2162,#2163,#2164,#2165),
 .UNSPECIFIED.,.F.,.F.,(4,1,4),(-0.00848166577148072,0.00204457025489845,
0.0125708062812776),.UNSPECIFIED.);
#154=B_SPLINE_CURVE_WITH_KNOTS('',3,(#2169,#2170,#2171,#2172),
 .UNSPECIFIED.,.F.,.F.,(4,4),(0.,0.000583524465780298),.UNSPECIFIED.);
#155=B_SPLINE_CURVE_WITH_KNOTS('',3,(#2178,#2179,#2180,#2181,#2182,#2183),
 .UNSPECIFIED.,.F.,.F.,(4,1,1,4),(7.26981609210096E-18,0.00588755061058882,
0.00883132591588322,0.0117751012211776),.UNSPECIFIED.);
#156=B_SPLINE_CURVE_WITH_KNOTS('',3,(#2185,#2186,#2187,#2188,#2189,#2190),
 .UNSPECIFIED.,.F.,.F.,(4,1,1,4),(0.00975136933902757,0.0143435308360335,
0.0166396115845364,0.0189356923330394),.UNSPECIFIED.);
#157=B_SPLINE_CURVE_WITH_KNOTS('',3,(#2194,#2195,#2196,#2197),
 .UNSPECIFIED.,.F.,.F.,(4,4),(0.0200039917278547,0.0252169900252895),
 .UNSPECIFIED.);
#158=B_SPLINE_CURVE_WITH_KNOTS('',3,(#2202,#2203,#2204,#2205,#2206,#2207,
#2208,#2209,#2210),.UNSPECIFIED.,.F.,.F.,(4,1,1,1,1,1,4),(0.,0.00451988675003491,
0.00677983012505237,0.00903977350006983,0.0112997168750873,0.0135596602501047,
0.0180795470001397),.UNSPECIFIED.);
#159=B_SPLINE_CURVE_WITH_KNOTS('',3,(#2214,#2215,#2216,#2217,#2218,#2219,
#2220,#2221,#2222,#2223,#2224,#2225,#2226),.UNSPECIFIED.,.F.,.F.,(4,1,1,
1,1,1,1,1,1,1,4),(0.,0.00279811088199563,0.00559622176399127,0.0083943326459869,
0.00979338808698471,0.0111924435279825,0.0125914989689803,0.0139905544099782,
0.0167886652919738,0.0195867761739694,0.0223848870559651),.UNSPECIFIED.);
#160=B_SPLINE_CURVE_WITH_KNOTS('',2,(#2254,#2255,#2256,#2257,#2258),
 .UNSPECIFIED.,.F.,.F.,(3,2,3),(-0.01,0.,1.),.PIECEWISE_BEZIER_KNOTS.);
#161=B_SPLINE_CURVE_WITH_KNOTS('',3,(#2261,#2262,#2263,#2264,#2265,#2266,
#2267,#2268,#2269),.UNSPECIFIED.,.F.,.F.,(4,1,1,1,1,1,4),(1.22264790126204E-15,
0.00498573510474904,0.00997147020949686,0.0124643377618708,0.0149572053142447,
0.0174500728666186,0.0199429404189925),.UNSPECIFIED.);
#162=B_SPLINE_CURVE_WITH_KNOTS('',3,(#2271,#2272,#2273,#2274,#2275,#2276,
#2277,#2278,#2279,#2280),.UNSPECIFIED.,.F.,.F.,(4,1,1,1,1,1,1,4),(0.00590265043339129,
0.00716888466797638,0.00843511890256147,0.0109675873717317,0.0135000558409018,
0.016032524310072,0.0210974612484124,0.0261623981867527),.UNSPECIFIED.);
#163=B_SPLINE_CURVE_WITH_KNOTS('',2,(#2282,#2283,#2284,#2285,#2286),
 .UNSPECIFIED.,.F.,.F.,(3,2,3),(-0.01,0.,1.),.PIECEWISE_BEZIER_KNOTS.);
#164=B_SPLINE_CURVE_WITH_KNOTS('',3,(#2288,#2289,#2290,#2291),
 .UNSPECIFIED.,.F.,.F.,(4,4),(4.33680868994202E-19,0.00366157204042516),
 .UNSPECIFIED.);
#165=B_SPLINE_CURVE_WITH_KNOTS('',3,(#2293,#2294,#2295,#2296),
 .UNSPECIFIED.,.F.,.F.,(4,4),(0.000855404428364122,0.00451783549904034),
 .UNSPECIFIED.);
#166=B_SPLINE_CURVE_WITH_KNOTS('',3,(#2305,#2306,#2307,#2308),
 .UNSPECIFIED.,.F.,.F.,(4,4),(9.54097911787244E-18,0.000205244407258211),
 .UNSPECIFIED.);
#167=B_SPLINE_CURVE_WITH_KNOTS('',3,(#2310,#2311,#2312,#2313,#2314,#2315,
#2316),.UNSPECIFIED.,.F.,.F.,(4,1,1,1,4),(9.42255661584646E-6,0.00400854359512151,
0.00800766463362717,0.0120067856721328,0.0160059067106385),
 .UNSPECIFIED.);
#168=B_SPLINE_CURVE_WITH_KNOTS('',3,(#2320,#2321,#2322,#2323,#2324,#2325,
#2326,#2327),.UNSPECIFIED.,.F.,.F.,(4,1,1,1,1,4),(-0.00402707561677248,
-0.00070969703989379,0.000948992248545554,0.0026076815369849,0.00592506011386359,
0.00924243869074227),.UNSPECIFIED.);
#169=B_SPLINE_CURVE_WITH_KNOTS('',3,(#2329,#2330,#2331,#2332,#2333,#2334,
#2335,#2336,#2337),.UNSPECIFIED.,.F.,.F.,(4,1,1,1,1,1,4),(0.,0.00120598569766823,
0.00241197139533647,0.00301496424417058,0.0036179570930047,0.00422094994183882,
0.00482394279067293),.UNSPECIFIED.);
#170=B_SPLINE_CURVE_WITH_KNOTS('',3,(#2339,#2340,#2341,#2342),
 .UNSPECIFIED.,.F.,.F.,(4,4),(0.,4.45366084975142E-5),.UNSPECIFIED.);
#171=B_SPLINE_CURVE_WITH_KNOTS('',3,(#2344,#2345,#2346,#2347,#2348,#2349,
#2350),.UNSPECIFIED.,.F.,.F.,(4,1,1,1,4),(1.31280674913507E-6,0.0167745887685516,
0.0335478647303541,0.0503211406921566,0.0670944166539591),.UNSPECIFIED.);
#172=B_SPLINE_CURVE_WITH_KNOTS('',3,(#2371,#2372,#2373,#2374),
 .UNSPECIFIED.,.F.,.F.,(4,4),(8.02309607639273E-18,0.000133945150680589),
 .UNSPECIFIED.);
#173=B_SPLINE_CURVE_WITH_KNOTS('',3,(#2376,#2377,#2378,#2379),
 .UNSPECIFIED.,.F.,.F.,(4,4),(0.,1.47719850993935E-5),.UNSPECIFIED.);
#174=B_SPLINE_CURVE_WITH_KNOTS('',3,(#2381,#2382,#2383,#2384,#2385,#2386,
#2387,#2388,#2389),.UNSPECIFIED.,.F.,.F.,(4,1,1,1,1,1,4),(-6.0000000024408E-8,
0.00390173928196008,0.00780353856392019,0.0117053378458803,0.0156071371278404,
0.0234107356917606,0.0312143342556808),.UNSPECIFIED.);
#175=B_SPLINE_CURVE_WITH_KNOTS('',3,(#2391,#2392,#2393,#2394),
 .UNSPECIFIED.,.F.,.F.,(4,4),(0.00172951285129064,0.00233121624596154),
 .UNSPECIFIED.);
#176=B_SPLINE_CURVE_WITH_KNOTS('',3,(#2396,#2397,#2398,#2399),
 .UNSPECIFIED.,.F.,.F.,(4,4),(0.031817335419706,0.0387953352606592),
 .UNSPECIFIED.);
#177=B_SPLINE_CURVE_WITH_KNOTS('',3,(#2401,#2402,#2403,#2404,#2405,#2406,
#2407,#2408,#2409,#2410,#2411),.UNSPECIFIED.,.F.,.F.,(4,1,1,1,1,1,1,1,4),
(0.00835473378636047,0.00937493710065798,0.0103951404149555,0.011415343729253,
0.0124355470435505,0.013455750357848,0.0144759536721456,0.0154961569864431,
0.0165163603007406),.UNSPECIFIED.);
#178=B_SPLINE_CURVE_WITH_KNOTS('',3,(#2413,#2414,#2415,#2416),
 .UNSPECIFIED.,.F.,.F.,(4,4),(0.04088762350094,0.0484709042050415),
 .UNSPECIFIED.);
#179=B_SPLINE_CURVE_WITH_KNOTS('',3,(#2417,#2418,#2419,#2420,#2421,#2422,
#2423,#2424),.UNSPECIFIED.,.F.,.F.,(4,1,1,1,1,4),(0.,0.00896700692365434,
0.0179340138473087,0.0224175173091359,0.026901020770963,0.0358680276946174),
 .UNSPECIFIED.);
#180=B_SPLINE_CURVE_WITH_KNOTS('',3,(#2426,#2427,#2428,#2429,#2430,#2431),
 .UNSPECIFIED.,.F.,.F.,(4,1,1,4),(0.,0.00289334647060871,0.00578669294121742,
0.0115733858824348),.UNSPECIFIED.);
#181=B_SPLINE_CURVE_WITH_KNOTS('',3,(#2433,#2434,#2435,#2436,#2437),
 .UNSPECIFIED.,.F.,.F.,(4,1,4),(0.,0.00412698561222401,0.00825397122444802),
 .UNSPECIFIED.);
#182=B_SPLINE_CURVE_WITH_KNOTS('',3,(#2438,#2439,#2440,#2441,#2442,#2443,
#2444,#2445,#2446,#2447,#2448),.UNSPECIFIED.,.T.,.F.,(1,1,1,1,1,1,1,1,1,
1,1,1,1,1,1),(-0.00389867605558252,-0.00259911737038835,-0.00129955868519417,
0.,0.00129955868519418,0.00259911737038835,0.00389867605558253,0.0051982347407767,
0.00649779342597088,0.00779735211116505,0.00909691079635923,0.0103964694815534,
0.0116960281667476,0.0129955868519418,0.0142951455371359),.UNSPECIFIED.);
#183=B_SPLINE_CURVE_WITH_KNOTS('',3,(#2464,#2465,#2466,#2467),
 .UNSPECIFIED.,.F.,.F.,(4,4),(1.15654908643297E-15,0.00756193528034469),
 .UNSPECIFIED.);
#184=B_SPLINE_CURVE_WITH_KNOTS('',3,(#2469,#2470,#2471,#2472,#2473,#2474,
#2475,#2476,#2477,#2478,#2479),.UNSPECIFIED.,.F.,.F.,(4,1,1,1,1,1,1,1,4),
(0.00835473378636047,0.00937493710065796,0.0103951404149555,0.0114153437292529,
0.0124355470435504,0.0134557503578479,0.0144759536721454,0.0154961569864429,
0.0165163603007404),.UNSPECIFIED.);
#185=B_SPLINE_CURVE_WITH_KNOTS('',3,(#2481,#2482,#2483,#2484),
 .UNSPECIFIED.,.F.,.F.,(4,4),(0.00964833414624395,0.0166066923084048),
 .UNSPECIFIED.);
#186=B_SPLINE_CURVE_WITH_KNOTS('',3,(#2486,#2487,#2488,#2489),
 .UNSPECIFIED.,.F.,.F.,(4,4),(0.00172951285126275,0.00233121624595648),
 .UNSPECIFIED.);
#187=B_SPLINE_CURVE_WITH_KNOTS('',3,(#2491,#2492,#2493,#2494,#2495,#2496,
#2497,#2498,#2499,#2500),.UNSPECIFIED.,.F.,.F.,(4,1,1,1,1,1,1,4),(0.0172079961443603,
0.0249896291758844,0.0327712622074084,0.0366620787231704,0.0405528952389324,
0.0444437117546945,0.0463891200125755,0.0483345282704565),.UNSPECIFIED.);
#188=B_SPLINE_CURVE_WITH_KNOTS('',3,(#2502,#2503,#2504,#2505),
 .UNSPECIFIED.,.F.,.F.,(4,4),(-5.96792867357613E-8,1.47123058128696E-5),
 .UNSPECIFIED.);
#189=B_SPLINE_CURVE_WITH_KNOTS('',3,(#2507,#2508,#2509,#2510),
 .UNSPECIFIED.,.F.,.F.,(4,4),(1.95156391047391E-18,0.000133945150680548),
 .UNSPECIFIED.);
#190=B_SPLINE_CURVE_WITH_KNOTS('',3,(#2514,#2515,#2516,#2517,#2518),
 .UNSPECIFIED.,.F.,.F.,(4,1,4),(0.,0.00412698561222401,0.00825397122444802),
 .UNSPECIFIED.);
#191=B_SPLINE_CURVE_WITH_KNOTS('',3,(#2520,#2521,#2522,#2523,#2524,#2525),
 .UNSPECIFIED.,.F.,.F.,(4,1,1,4),(9.81307786677359E-18,0.00586709197574606,
0.00880063796361909,0.0117341839514921),.UNSPECIFIED.);
#192=B_SPLINE_CURVE_WITH_KNOTS('',3,(#2527,#2528,#2529,#2530,#2531,#2532,
#2533,#2534),.UNSPECIFIED.,.F.,.F.,(4,1,1,1,1,4),(0.,0.0089121083831376,
0.0133681625747064,0.0178242167662752,0.0267363251494128,0.0356484335325504),
 .UNSPECIFIED.);
#193=B_SPLINE_CURVE_WITH_KNOTS('',3,(#2535,#2536,#2537,#2538,#2539,#2540,
#2541,#2542,#2543,#2544,#2545),.UNSPECIFIED.,.T.,.F.,(1,1,1,1,1,1,1,1,1,
1,1,1,1,1,1),(-0.00389867605558251,-0.00259911737038833,-0.00129955868519416,
1.82197586337529E-17,0.00129955868519419,0.00259911737038837,0.00389867605558254,
0.00519823474077672,0.00649779342597089,0.00779735211116507,0.00909691079635924,
0.0103964694815534,0.0116960281667476,0.0129955868519418,0.0142951455371359),
 .UNSPECIFIED.);
#194=B_SPLINE_CURVE_WITH_KNOTS('',3,(#2548,#2549,#2550,#2551,#2552),
 .UNSPECIFIED.,.F.,.F.,(4,1,4),(4.33680868994202E-19,0.0336181193356002,
0.0672362386712005),.UNSPECIFIED.);
#195=B_SPLINE_CURVE_WITH_KNOTS('',3,(#2554,#2555,#2556,#2557),
 .UNSPECIFIED.,.F.,.F.,(4,4),(0.,4.4536608498255E-5),.UNSPECIFIED.);
#196=B_SPLINE_CURVE_WITH_KNOTS('',3,(#2572,#2573,#2574,#2575,#2576,#2577,
#2578),.UNSPECIFIED.,.F.,.F.,(4,1,1,1,4),(-6.00000000086676E-8,0.00398160875059819,
0.00796327750119638,0.0119449462517946,0.0159266150023928),
 .UNSPECIFIED.);
#197=B_SPLINE_CURVE_WITH_KNOTS('',3,(#2580,#2581,#2582,#2583),
 .UNSPECIFIED.,.F.,.F.,(4,4),(0.,0.000205244407257266),.UNSPECIFIED.);
#198=B_SPLINE_CURVE_WITH_KNOTS('',3,(#2584,#2585,#2586,#2587,#2588,#2589,
#2590,#2591,#2592),.UNSPECIFIED.,.F.,.F.,(4,1,1,1,1,1,4),(0.,0.000609155507131684,
0.00121831101426337,0.00182746652139505,0.00243662202852674,0.00365493304279011,
0.00487324405705348),.UNSPECIFIED.);
#199=B_SPLINE_CURVE_WITH_KNOTS('',3,(#2594,#2595,#2596,#2597,#2598,#2599,
#2600,#2601),.UNSPECIFIED.,.F.,.F.,(4,1,1,1,1,4),(-0.00402707561677234,
-0.00070969703989368,0.000948992248545648,0.00260768153698498,0.00592506011386363,
0.00924243869074229),.UNSPECIFIED.);
#200=B_SPLINE_CURVE_WITH_KNOTS('',3,(#2610,#2611,#2612,#2613,#2614,#2615,
#2616,#2617,#2618),.UNSPECIFIED.,.F.,.F.,(4,1,1,1,1,1,4),(-5.9999999996938E-8,
0.00540562846544509,0.00810847269816763,0.0108113169308902,0.0135141611636127,
0.0162170053963353,0.0216226938617804),.UNSPECIFIED.);
#201=B_SPLINE_CURVE_WITH_KNOTS('',3,(#2621,#2622,#2623,#2624,#2625),
 .UNSPECIFIED.,.F.,.F.,(4,1,4),(0.,0.0014427697842678,0.00288553956853559),
 .UNSPECIFIED.);
#202=B_SPLINE_CURVE_WITH_KNOTS('',3,(#2629,#2630,#2631,#2632,#2633),
 .UNSPECIFIED.,.F.,.F.,(4,1,4),(0.,0.00144334789966271,0.00288669579932541),
 .UNSPECIFIED.);
#203=B_SPLINE_CURVE_WITH_KNOTS('',3,(#2635,#2636,#2637,#2638,#2639,#2640,
#2641,#2642,#2643),.UNSPECIFIED.,.F.,.F.,(4,1,1,1,1,1,4),(0.00495668432095869,
0.0103525900702945,0.0130505429449624,0.0157484958196303,0.0184464486942983,
0.0211444015689662,0.026540307318302),.UNSPECIFIED.);
#204=B_SPLINE_CURVE_WITH_KNOTS('',3,(#2654,#2655,#2656,#2657),
 .UNSPECIFIED.,.F.,.F.,(4,4),(0.0026858891584911,0.0103401007845352),
 .UNSPECIFIED.);
#205=B_SPLINE_CURVE_WITH_KNOTS('',3,(#2660,#2661,#2662,#2663,#2664,#2665),
 .UNSPECIFIED.,.F.,.F.,(4,1,1,4),(0.00951444180590615,0.0172899642289715,
0.0211777254405042,0.0250654866520369),.UNSPECIFIED.);
#206=B_SPLINE_CURVE_WITH_KNOTS('',3,(#2669,#2670,#2671,#2672,#2673,#2674),
 .UNSPECIFIED.,.F.,.F.,(4,1,1,4),(0.,0.00386033764006182,0.00772067528012365,
0.0154413505602473),.UNSPECIFIED.);
#207=B_SPLINE_CURVE_WITH_KNOTS('',3,(#2676,#2677,#2678,#2679),
 .UNSPECIFIED.,.F.,.F.,(4,4),(0.,0.00763377843110623),.UNSPECIFIED.);
#208=B_SPLINE_CURVE_WITH_KNOTS('',3,(#2690,#2691,#2692,#2693,#2694,#2695,
#2696,#2697,#2698),.UNSPECIFIED.,.F.,.F.,(4,1,1,1,1,1,4),(-5.99999999947197E-8,
0.00206552270035519,0.00413110540071037,0.00619668810106555,0.00826227080142073,
0.0123934362021311,0.0165246016028415),.UNSPECIFIED.);
#209=B_SPLINE_CURVE_WITH_KNOTS('',3,(#2700,#2701,#2702,#2703),
 .UNSPECIFIED.,.F.,.F.,(4,4),(0.,0.000616134695823023),.UNSPECIFIED.);
#210=B_SPLINE_CURVE_WITH_KNOTS('',3,(#2707,#2708,#2709,#2710),
 .UNSPECIFIED.,.F.,.F.,(4,4),(0.,0.000616134695823025),.UNSPECIFIED.);
#211=B_SPLINE_CURVE_WITH_KNOTS('',3,(#2712,#2713,#2714,#2715,#2716,#2717,
#2718,#2719,#2720),.UNSPECIFIED.,.F.,.F.,(4,1,1,1,1,1,4),(0.00643728306057117,
0.0105684389776837,0.0146995948947963,0.0167651728533525,0.0188307508119088,
0.0208963287704651,0.0229619067290213),.UNSPECIFIED.);
#212=B_SPLINE_CURVE_WITH_KNOTS('',3,(#2729,#2730,#2731,#2732,#2733,#2734,
#2735),.UNSPECIFIED.,.F.,.F.,(4,1,1,1,4),(0.00886051650185134,0.0134274497292619,
0.0179943829566724,0.022561316184083,0.0271282494114936),.UNSPECIFIED.);
#213=B_SPLINE_CURVE_WITH_KNOTS('',3,(#2738,#2739,#2740,#2741,#2742),
 .UNSPECIFIED.,.F.,.F.,(4,1,4),(0.,0.032721540014263,0.065443080028526),
 .UNSPECIFIED.);
#214=B_SPLINE_CURVE_WITH_KNOTS('',3,(#2744,#2745,#2746,#2747,#2748,#2749,
#2750,#2751,#2752),.UNSPECIFIED.,.F.,.F.,(4,1,1,1,1,1,4),(0.,0.00515672980079784,
0.00773509470119676,0.0103134596015957,0.0128918245019946,0.0154701894023935,
0.0206269192031913),.UNSPECIFIED.);
#215=B_SPLINE_CURVE_WITH_KNOTS('',3,(#2754,#2755,#2756,#2757),
 .UNSPECIFIED.,.F.,.F.,(4,4),(0.,0.000670293790302361),.UNSPECIFIED.);
#216=B_SPLINE_CURVE_WITH_KNOTS('',3,(#2761,#2762,#2763,#2764),
 .UNSPECIFIED.,.F.,.F.,(4,4),(0.,0.0006702937903024),.UNSPECIFIED.);
#217=B_SPLINE_CURVE_WITH_KNOTS('',3,(#2766,#2767,#2768,#2769,#2770,#2771,
#2772,#2773,#2774),.UNSPECIFIED.,.F.,.F.,(4,1,1,1,1,1,4),(8.69797772007508E-18,
0.00510922515465987,0.0076638377319898,0.0102184503093197,0.0127730628866497,
0.0153276754639796,0.0204369006186395),.UNSPECIFIED.);
#218=B_SPLINE_CURVE_WITH_KNOTS('',3,(#2776,#2777,#2778,#2779,#2780,#2781),
 .UNSPECIFIED.,.F.,.F.,(4,1,1,4),(0.,0.0327135079070389,0.0490702618605583,
0.0654270158140777),.UNSPECIFIED.);
#219=B_SPLINE_CURVE_WITH_KNOTS('',3,(#2783,#2784,#2785,#2786,#2787,#2788,
#2789),.UNSPECIFIED.,.F.,.F.,(4,1,1,1,4),(0.,0.00457328277523159,0.00914656555046318,
0.0137198483256948,0.0182931311009264),.UNSPECIFIED.);
#220=B_SPLINE_CURVE_WITH_KNOTS('',3,(#2791,#2792,#2793,#2794),
 .UNSPECIFIED.,.F.,.F.,(4,4),(0.0180169937065338,0.0274109435744423),
 .UNSPECIFIED.);
#221=B_SPLINE_CURVE_WITH_KNOTS('',3,(#2799,#2800,#2801,#2802),
 .UNSPECIFIED.,.F.,.F.,(4,4),(0.,0.00937439429966649),.UNSPECIFIED.);
#222=B_SPLINE_CURVE_WITH_KNOTS('',3,(#2807,#2808,#2809,#2810,#2811,#2812),
 .UNSPECIFIED.,.F.,.F.,(4,1,1,4),(8.67361737988404E-19,0.00277968360597171,
0.00555936721194343,0.0111187344238869),.UNSPECIFIED.);
#223=B_SPLINE_CURVE_WITH_KNOTS('',3,(#2814,#2815,#2816,#2817,#2818,#2819),
 .UNSPECIFIED.,.F.,.F.,(4,1,1,4),(0.,0.00277968360597171,0.00555936721194341,
0.0111187344238868),.UNSPECIFIED.);
#224=B_SPLINE_CURVE_WITH_KNOTS('',3,(#2844,#2845,#2846,#2847,#2848,#2849,
#2850,#2851),.UNSPECIFIED.,.F.,.F.,(4,1,1,1,1,4),(2.22152998685417E-17,
0.00142972215229825,0.00285944430459648,0.00428916645689471,0.00500402753304382,
0.00571888860919294),.UNSPECIFIED.);
#225=B_SPLINE_CURVE_WITH_KNOTS('',3,(#2855,#2856,#2857,#2858,#2859,#2860,
#2861,#2862),.UNSPECIFIED.,.F.,.F.,(4,1,1,1,1,4),(1.94722227236964E-17,
0.000722839096434817,0.00144567819286962,0.00289135638573921,0.00433703457860881,
0.0057827127714784),.UNSPECIFIED.);
#226=B_SPLINE_CURVE_WITH_KNOTS('',3,(#2880,#2881,#2882,#2883,#2884,#2885,
#2886,#2887,#2888,#2889,#2890,#2891),.UNSPECIFIED.,.F.,.F.,(4,1,1,1,1,1,
1,1,1,4),(-6.00000000183953E-8,0.004164050779302,0.00624610616895301,0.00832816155860402,
0.010410216948255,0.012492272337906,0.0166563831172081,0.0208204938965101,
0.0249846046758121,0.0333128262344161),.UNSPECIFIED.);
#227=B_SPLINE_CURVE_WITH_KNOTS('',3,(#2892,#2893,#2894,#2895,#2896,#2897,
#2898,#2899,#2900,#2901,#2902,#2903,#2904),.UNSPECIFIED.,.F.,.F.,(4,1,1,
1,1,1,1,1,1,1,4),(-5.99999999962156E-8,0.00417913936591199,0.00835833873182398,
0.012537538097736,0.0167167374636479,0.0208959368295599,0.0229855365125159,
0.0250751361954719,0.0271647358784279,0.0292543355613839,0.0334335349272959),
 .UNSPECIFIED.);
#228=B_SPLINE_CURVE_WITH_KNOTS('',3,(#2906,#2907,#2908,#2909,#2910,#2911,
#2912,#2913,#2914,#2915,#2916,#2917,#2918),.UNSPECIFIED.,.F.,.F.,(4,1,1,
1,1,1,1,1,1,1,4),(1.73472347597681E-18,0.00121913691988372,0.00243827383976744,
0.00365741075965115,0.00426697921959301,0.00487654767953487,0.00548611613947673,
0.00609568459941859,0.00731482151930231,0.00853395843918602,0.00975309535906974),
 .UNSPECIFIED.);
#229=B_SPLINE_CURVE_WITH_KNOTS('',3,(#2919,#2920,#2921,#2922,#2923,#2924,
#2925,#2926,#2927,#2928,#2929,#2930,#2931),.UNSPECIFIED.,.F.,.F.,(4,1,1,
1,1,1,1,1,1,1,4),(0.,0.00121914895041968,0.00243829790083937,0.00365744685125905,
0.00426702132646889,0.00487659580167873,0.00548617027688858,0.00609574475209842,
0.0073148937025181,0.00853404265293779,0.00975319160335747),
 .UNSPECIFIED.);
#230=B_SPLINE_CURVE_WITH_KNOTS('',3,(#2933,#2934,#2935,#2936,#2937,#2938,
#2939),.UNSPECIFIED.,.F.,.F.,(4,1,1,1,4),(0.00223243665664769,0.00335047525331399,
0.00446851384998028,0.00558655244664658,0.00670459104331287),
 .UNSPECIFIED.);
#231=B_SPLINE_CURVE_WITH_KNOTS('',3,(#2942,#2943,#2944,#2945),
 .UNSPECIFIED.,.F.,.F.,(4,4),(0.00314219929843095,0.00330334666129351),
 .UNSPECIFIED.);
#232=B_SPLINE_CURVE_WITH_KNOTS('',3,(#2947,#2948,#2949,#2950,#2951,#2952,
#2953),.UNSPECIFIED.,.F.,.F.,(4,1,1,1,4),(0.000963200708704484,0.00190006690618966,
0.00283693310367484,0.00377379930116001,0.00471066549864519),
 .UNSPECIFIED.);
#233=B_SPLINE_CURVE_WITH_KNOTS('',3,(#2955,#2956,#2957,#2958),
 .UNSPECIFIED.,.F.,.F.,(4,4),(0.00704999645621857,0.00925062866444382),
 .UNSPECIFIED.);
#234=B_SPLINE_CURVE_WITH_KNOTS('',3,(#2959,#2960,#2961,#2962,#2963,#2964,
#2965),.UNSPECIFIED.,.F.,.F.,(4,1,1,1,4),(0.000528537241104605,0.00164694043965575,
0.0027653436382069,0.00388374683675804,0.00500215003530919),
 .UNSPECIFIED.);
#235=B_SPLINE_CURVE_WITH_KNOTS('',3,(#2968,#2969,#2970,#2971,#2972),
 .UNSPECIFIED.,.F.,.F.,(4,1,4),(0.00129745361785854,0.00239801379864532,
0.00349857397943209),.UNSPECIFIED.);
#236=B_SPLINE_CURVE_WITH_KNOTS('',3,(#2974,#2975,#2976,#2977,#2978,#2979,
#2980),.UNSPECIFIED.,.F.,.F.,(4,1,1,1,4),(0.000963200708704622,0.0019000669061898,
0.00283693310367498,0.00377379930116016,0.00471066549864534),
 .UNSPECIFIED.);
#237=B_SPLINE_CURVE_WITH_KNOTS('',3,(#2982,#2983,#2984,#2985),
 .UNSPECIFIED.,.F.,.F.,(4,4),(0.00725261295565294,0.00741375181097395),
 .UNSPECIFIED.);
#238=B_SPLINE_CURVE_WITH_KNOTS('',3,(#2988,#2989,#2990,#2991,#2992,#2993,
#2994,#2995,#2996,#2997,#2998,#2999,#3000,#3001,#3002,#3003,#3004),
 .UNSPECIFIED.,.T.,.F.,(1,1,1,1,1,1,1,1,1,1,1,1,1,1,1,1,1,1,1,1,1),(-0.00273838337517253,
-0.00136919168758626,-0.000684595843793132,0.,0.000684595843793132,0.00136919168758626,
0.0020537875313794,0.00273838337517253,0.00342297921896566,0.0041075750627588,
0.00479217090655193,0.00547676675034506,0.00616136259413819,0.00684595843793132,
0.00821515012551759,0.00958434181310385,0.010268937656897,0.0109535335006901,
0.0116381293444833,0.0123227251882764,0.0130073210320695),.UNSPECIFIED.);
#239=B_SPLINE_CURVE_WITH_KNOTS('',3,(#3006,#3007,#3008,#3009,#3010,#3011,
#3012,#3013,#3014,#3015,#3016,#3017,#3018,#3019,#3020,#3021,#3022),
 .UNSPECIFIED.,.T.,.F.,(1,1,1,1,1,1,1,1,1,1,1,1,1,1,1,1,1,1,1,1,1),(-0.00273838337517263,
-0.00136919168758631,-0.000684595843793157,0.,0.000684595843793156,0.00136919168758631,
0.00205378753137947,0.00273838337517263,0.00342297921896578,0.00410757506275894,
0.00479217090655209,0.00547676675034525,0.00616136259413841,0.00684595843793156,
0.00821515012551788,0.00958434181310419,0.0102689376568973,0.0109535335006905,
0.0116381293444837,0.0123227251882768,0.01300732103207),.UNSPECIFIED.);
#240=B_SPLINE_CURVE_WITH_KNOTS('',3,(#3026,#3027,#3028,#3029,#3030,#3031,
#3032,#3033,#3034,#3035,#3036),.UNSPECIFIED.,.F.,.F.,(4,1,1,1,1,1,1,1,4),
(6.60131234835743E-16,0.00124285626297742,0.00248571252595418,0.00372856878893094,
0.00497142505190769,0.00621428131488445,0.00745713757786121,0.00869999384083797,
0.00994285010381473),.UNSPECIFIED.);
#241=B_SPLINE_CURVE_WITH_KNOTS('',3,(#3037,#3038,#3039,#3040,#3041,#3042,
#3043,#3044,#3045,#3046,#3047),.UNSPECIFIED.,.F.,.F.,(4,1,1,1,1,1,1,1,4),
(4.53626042860374E-16,0.00124297368683168,0.0024859473736629,0.00372892106049412,
0.00497189474732534,0.00621486843415657,0.00745784212098779,0.00870081580781901,
0.00994378949465024),.UNSPECIFIED.);
#242=B_SPLINE_CURVE_WITH_KNOTS('',3,(#3049,#3050,#3051,#3052,#3053),
 .UNSPECIFIED.,.F.,.F.,(4,1,4),(8.68586022402244E-17,0.00111918236228713,
0.00223836472457417),.UNSPECIFIED.);
#243=B_SPLINE_CURVE_WITH_KNOTS('',3,(#3054,#3055,#3056,#3057,#3058),
 .UNSPECIFIED.,.F.,.F.,(4,1,4),(0.,0.00111914169442673,0.00223828338885346),
 .UNSPECIFIED.);
#244=B_SPLINE_CURVE_WITH_KNOTS('',3,(#3248,#3249,#3250,#3251,#3252,#3253),
 .UNSPECIFIED.,.F.,.F.,(4,1,1,4),(-1.95475738785715E-5,0.00239612232715555,
0.00481179222818967,0.00964313203025791),.UNSPECIFIED.);
#245=B_SPLINE_CURVE_WITH_KNOTS('',3,(#3255,#3256,#3257,#3258),
 .UNSPECIFIED.,.F.,.F.,(4,4),(0.,0.00221393032814713),.UNSPECIFIED.);
#246=B_SPLINE_CURVE_WITH_KNOTS('',3,(#3260,#3261,#3262,#3263,#3264),
 .UNSPECIFIED.,.F.,.F.,(4,1,4),(0.,0.00347483332411846,0.00694966664823691),
 .UNSPECIFIED.);
#247=B_SPLINE_CURVE_WITH_KNOTS('',3,(#3356,#3357,#3358,#3359),
 .UNSPECIFIED.,.F.,.F.,(4,4),(0.,0.00221393032814724),.UNSPECIFIED.);
#248=B_SPLINE_CURVE_WITH_KNOTS('',3,(#3361,#3362,#3363,#3364,#3365,#3366),
 .UNSPECIFIED.,.F.,.F.,(4,1,1,4),(-1.95475738788335E-5,0.00239612232711384,
0.00481179222810652,0.00964313203009186),.UNSPECIFIED.);
#249=B_SPLINE_CURVE_WITH_KNOTS('',3,(#3367,#3368,#3369,#3370,#3371),
 .UNSPECIFIED.,.F.,.F.,(4,1,4),(0.,0.00347483332411833,0.00694966664823665),
 .UNSPECIFIED.);
#250=B_SPLINE_CURVE_WITH_KNOTS('',3,(#3425,#3426,#3427,#3428),
 .UNSPECIFIED.,.F.,.F.,(4,4),(4.44533104315064E-15,0.00164335135117967),
 .UNSPECIFIED.);
#251=B_SPLINE_CURVE_WITH_KNOTS('',3,(#3541,#3542,#3543,#3544),
 .UNSPECIFIED.,.F.,.F.,(4,4),(0.,0.00164335135117966),.UNSPECIFIED.);
#252=B_SPLINE_CURVE_WITH_KNOTS('',3,(#3585,#3586,#3587,#3588,#3589,#3590,
#3591,#3592,#3593),.UNSPECIFIED.,.F.,.F.,(4,1,1,1,1,1,4),(-2.84294967329527E-5,
0.00408043869544725,0.00818930688762746,0.0122981750798077,0.0164070432719879,
0.0246247796563483,0.0328425160407087),.UNSPECIFIED.);
#253=B_SPLINE_CURVE_WITH_KNOTS('',3,(#3640,#3641,#3642,#3643),
 .UNSPECIFIED.,.F.,.F.,(4,4),(0.,0.000110198347458809),.UNSPECIFIED.);
#254=B_SPLINE_CURVE_WITH_KNOTS('',3,(#3662,#3663,#3664,#3665),
 .UNSPECIFIED.,.F.,.F.,(4,4),(6.50521303491303E-19,0.00011019834745881),
 .UNSPECIFIED.);
#255=B_SPLINE_CURVE_WITH_KNOTS('',3,(#3751,#3752,#3753,#3754),
 .UNSPECIFIED.,.F.,.F.,(4,4),(-3.04650466481248E-5,0.0103413336750839),
 .UNSPECIFIED.);
#256=B_SPLINE_CURVE_WITH_KNOTS('',3,(#3755,#3756,#3757,#3758,#3759,#3760,
#3761),.UNSPECIFIED.,.F.,.F.,(4,1,1,1,4),(1.73472347597681E-18,0.00244815699158705,
0.0048963139831741,0.00734447097476114,0.00979262796634819),
 .UNSPECIFIED.);
#257=B_SPLINE_CURVE_WITH_KNOTS('',3,(#3846,#3847,#3848,#3849,#3850,#3851,
#3852),.UNSPECIFIED.,.F.,.F.,(4,1,1,1,4),(0.,0.00244815699158706,0.00489631398317412,
0.00734447097476117,0.00979262796634823),.UNSPECIFIED.);
#258=B_SPLINE_CURVE_WITH_KNOTS('',3,(#3868,#3869,#3870,#3871,#3872,#3873,
#3874),.UNSPECIFIED.,.F.,.F.,(4,1,1,1,4),(1.73472347597681E-18,0.0024818483190535,
0.004963696638107,0.0074455449571605,0.009927393276214),.UNSPECIFIED.);
#259=B_SPLINE_CURVE_WITH_KNOTS('',3,(#3896,#3897,#3898,#3899,#3900,#3901,
#3902),.UNSPECIFIED.,.F.,.F.,(4,1,1,1,4),(7.31130382474751E-16,0.00248184831905395,
0.00496369663810717,0.00744554495716038,0.0099273932762136),
 .UNSPECIFIED.);
#260=B_SPLINE_CURVE_WITH_KNOTS('',3,(#3963,#3964,#3965,#3966,#3967,#3968),
 .UNSPECIFIED.,.F.,.F.,(4,1,1,4),(1.4304896245382E-17,0.00467085050186381,
0.0070062757527957,0.0093417010037276),.UNSPECIFIED.);
#261=B_SPLINE_CURVE_WITH_KNOTS('',3,(#4029,#4030,#4031,#4032,#4033,#4034),
 .UNSPECIFIED.,.F.,.F.,(4,1,1,4),(7.619149596184E-16,0.00467085050186676,
0.00700627575279975,0.00934170100373275),.UNSPECIFIED.);
#262=B_SPLINE_CURVE_WITH_KNOTS('',3,(#4109,#4110,#4111,#4112),
 .UNSPECIFIED.,.F.,.F.,(4,4),(0.,0.000571268679683044),.UNSPECIFIED.);
#263=B_SPLINE_CURVE_WITH_KNOTS('',3,(#4127,#4128,#4129,#4130),
 .UNSPECIFIED.,.F.,.F.,(4,4),(0.,0.000571268679683003),.UNSPECIFIED.);
#264=B_SPLINE_CURVE_WITH_KNOTS('',3,(#4181,#4182,#4183,#4184),
 .UNSPECIFIED.,.F.,.F.,(4,4),(0.00585794610294083,0.00616777305345151),
 .UNSPECIFIED.);
#265=B_SPLINE_CURVE_WITH_KNOTS('',3,(#4185,#4186,#4187,#4188),
 .UNSPECIFIED.,.F.,.F.,(4,4),(5.95391871282079E-17,0.00416239174580458),
 .UNSPECIFIED.);
#266=B_SPLINE_CURVE_WITH_KNOTS('',3,(#4190,#4191,#4192,#4193),
 .UNSPECIFIED.,.F.,.F.,(4,4),(7.70537533588162E-17,0.00251552939344676),
 .UNSPECIFIED.);
#267=B_SPLINE_CURVE_WITH_KNOTS('',3,(#4225,#4226,#4227,#4228),
 .UNSPECIFIED.,.F.,.F.,(4,4),(4.30547044058221E-17,0.00413005946472323),
 .UNSPECIFIED.);
#268=B_SPLINE_CURVE_WITH_KNOTS('',3,(#4230,#4231,#4232,#4233),
 .UNSPECIFIED.,.F.,.F.,(4,4),(7.24857063808543E-17,0.00413005946472355),
 .UNSPECIFIED.);
#269=B_SPLINE_CURVE_WITH_KNOTS('',3,(#4251,#4252,#4253,#4254),
 .UNSPECIFIED.,.F.,.F.,(4,4),(4.51361581140567E-17,0.00416239174580469),
 .UNSPECIFIED.);
#270=B_SPLINE_CURVE_WITH_KNOTS('',3,(#4270,#4271,#4272,#4273),
 .UNSPECIFIED.,.F.,.F.,(4,4),(0.00365312099905697,0.00616706643021844),
 .UNSPECIFIED.);
#271=B_SPLINE_CURVE_WITH_KNOTS('',3,(#4274,#4275,#4276,#4277),
 .UNSPECIFIED.,.F.,.F.,(4,4),(4.74519013200431E-17,0.000310479471715588),
 .UNSPECIFIED.);
#272=B_SPLINE_CURVE_WITH_KNOTS('',3,(#4331,#4332,#4333,#4334),
 .UNSPECIFIED.,.F.,.F.,(4,4),(0.,0.00883079160406293),.UNSPECIFIED.);
#273=B_SPLINE_CURVE_WITH_KNOTS('',3,(#4338,#4339,#4340,#4341),
 .UNSPECIFIED.,.F.,.F.,(4,4),(0.,0.00882327197568747),.UNSPECIFIED.);
#274=B_SPLINE_CURVE_WITH_KNOTS('',3,(#4343,#4344,#4345,#4346,#4347,#4348,
#4349),.UNSPECIFIED.,.F.,.F.,(4,1,1,1,4),(7.9589597044533E-17,0.00292598294846729,
0.0058519658969345,0.00877794884540171,0.0117039317938689),
 .UNSPECIFIED.);
#275=B_SPLINE_CURVE_WITH_KNOTS('',3,(#4355,#4356,#4357,#4358,#4359,#4360,
#4361),.UNSPECIFIED.,.F.,.F.,(4,1,1,1,4),(0.,0.00292508497558326,0.00585016995116651,
0.00877525492674977,0.011700339902333),.UNSPECIFIED.);
#276=B_SPLINE_CURVE_WITH_KNOTS('',3,(#4366,#4367,#4368,#4369,#4370,#4371),
 .UNSPECIFIED.,.F.,.F.,(4,1,1,4),(0.,0.00370223721767577,0.00555335582651365,
0.00740447443535154),.UNSPECIFIED.);
#277=B_SPLINE_CURVE_WITH_KNOTS('',3,(#4384,#4385,#4386,#4387,#4388),
 .UNSPECIFIED.,.F.,.F.,(4,1,4),(3.36822372752406E-17,0.00368323429864214,
0.00736646859728424),.UNSPECIFIED.);
#278=B_SPLINE_CURVE_WITH_KNOTS('',3,(#4396,#4397,#4398,#4399),
 .UNSPECIFIED.,.F.,.F.,(4,4),(0.,0.00413446691282848),.UNSPECIFIED.);
#279=B_SPLINE_CURVE_WITH_KNOTS('',3,(#4401,#4402,#4403,#4404),
 .UNSPECIFIED.,.F.,.F.,(4,4),(0.,0.000347013931962845),.UNSPECIFIED.);
#280=B_SPLINE_CURVE_WITH_KNOTS('',3,(#4405,#4406,#4407,#4408),
 .UNSPECIFIED.,.F.,.F.,(4,4),(0.,0.000347013931962844),.UNSPECIFIED.);
#281=B_SPLINE_CURVE_WITH_KNOTS('',3,(#4410,#4411,#4412,#4413),
 .UNSPECIFIED.,.F.,.F.,(4,4),(-1.46388786972782E-5,0.0041198280341312),
 .UNSPECIFIED.);
#282=B_SPLINE_CURVE_WITH_KNOTS('',3,(#4434,#4435,#4436,#4437,#4438),
 .UNSPECIFIED.,.F.,.F.,(4,1,4),(0.,0.0051369205909838,0.0102738411819676),
 .UNSPECIFIED.);
#283=B_SPLINE_CURVE_WITH_KNOTS('',3,(#4467,#4468,#4469,#4470,#4471),
 .UNSPECIFIED.,.F.,.F.,(4,1,4),(0.,0.00513692059098379,0.0102738411819676),
 .UNSPECIFIED.);
#284=ORIENTED_EDGE('',*,*,#798,.F.);
#285=ORIENTED_EDGE('',*,*,#799,.T.);
#286=ORIENTED_EDGE('',*,*,#800,.T.);
#287=ORIENTED_EDGE('',*,*,#801,.T.);
#288=ORIENTED_EDGE('',*,*,#802,.F.);
#289=ORIENTED_EDGE('',*,*,#803,.T.);
#290=ORIENTED_EDGE('',*,*,#804,.T.);
#291=ORIENTED_EDGE('',*,*,#805,.T.);
#292=ORIENTED_EDGE('',*,*,#806,.T.);
#293=ORIENTED_EDGE('',*,*,#807,.T.);
#294=ORIENTED_EDGE('',*,*,#808,.T.);
#295=ORIENTED_EDGE('',*,*,#809,.T.);
#296=ORIENTED_EDGE('',*,*,#810,.F.);
#297=ORIENTED_EDGE('',*,*,#811,.T.);
#298=ORIENTED_EDGE('',*,*,#812,.T.);
#299=ORIENTED_EDGE('',*,*,#813,.T.);
#300=ORIENTED_EDGE('',*,*,#814,.T.);
#301=ORIENTED_EDGE('',*,*,#815,.F.);
#302=ORIENTED_EDGE('',*,*,#816,.T.);
#303=ORIENTED_EDGE('',*,*,#817,.T.);
#304=ORIENTED_EDGE('',*,*,#818,.T.);
#305=ORIENTED_EDGE('',*,*,#819,.T.);
#306=ORIENTED_EDGE('',*,*,#820,.T.);
#307=ORIENTED_EDGE('',*,*,#818,.F.);
#308=ORIENTED_EDGE('',*,*,#821,.T.);
#309=ORIENTED_EDGE('',*,*,#822,.T.);
#310=ORIENTED_EDGE('',*,*,#823,.T.);
#311=ORIENTED_EDGE('',*,*,#824,.T.);
#312=ORIENTED_EDGE('',*,*,#825,.T.);
#313=ORIENTED_EDGE('',*,*,#807,.F.);
#314=ORIENTED_EDGE('',*,*,#826,.T.);
#315=ORIENTED_EDGE('',*,*,#827,.T.);
#316=ORIENTED_EDGE('',*,*,#828,.T.);
#317=ORIENTED_EDGE('',*,*,#802,.T.);
#318=ORIENTED_EDGE('',*,*,#829,.T.);
#319=ORIENTED_EDGE('',*,*,#830,.F.);
#320=ORIENTED_EDGE('',*,*,#831,.T.);
#321=ORIENTED_EDGE('',*,*,#832,.T.);
#322=ORIENTED_EDGE('',*,*,#833,.T.);
#323=ORIENTED_EDGE('',*,*,#834,.T.);
#324=ORIENTED_EDGE('',*,*,#835,.F.);
#325=ORIENTED_EDGE('',*,*,#836,.T.);
#326=ORIENTED_EDGE('',*,*,#837,.T.);
#327=ORIENTED_EDGE('',*,*,#838,.T.);
#328=ORIENTED_EDGE('',*,*,#839,.F.);
#329=ORIENTED_EDGE('',*,*,#834,.F.);
#330=ORIENTED_EDGE('',*,*,#840,.T.);
#331=ORIENTED_EDGE('',*,*,#841,.T.);
#332=ORIENTED_EDGE('',*,*,#842,.T.);
#333=ORIENTED_EDGE('',*,*,#843,.T.);
#334=ORIENTED_EDGE('',*,*,#844,.T.);
#335=ORIENTED_EDGE('',*,*,#845,.T.);
#336=ORIENTED_EDGE('',*,*,#846,.T.);
#337=ORIENTED_EDGE('',*,*,#847,.T.);
#338=ORIENTED_EDGE('',*,*,#848,.F.);
#339=ORIENTED_EDGE('',*,*,#849,.T.);
#340=ORIENTED_EDGE('',*,*,#850,.F.);
#341=ORIENTED_EDGE('',*,*,#851,.F.);
#342=ORIENTED_EDGE('',*,*,#852,.F.);
#343=ORIENTED_EDGE('',*,*,#853,.F.);
#344=ORIENTED_EDGE('',*,*,#852,.T.);
#345=ORIENTED_EDGE('',*,*,#854,.T.);
#346=ORIENTED_EDGE('',*,*,#855,.T.);
#347=ORIENTED_EDGE('',*,*,#856,.T.);
#348=ORIENTED_EDGE('',*,*,#844,.F.);
#349=ORIENTED_EDGE('',*,*,#857,.T.);
#350=ORIENTED_EDGE('',*,*,#846,.F.);
#351=ORIENTED_EDGE('',*,*,#858,.T.);
#352=ORIENTED_EDGE('',*,*,#859,.T.);
#353=ORIENTED_EDGE('',*,*,#860,.T.);
#354=ORIENTED_EDGE('',*,*,#861,.F.);
#355=ORIENTED_EDGE('',*,*,#862,.T.);
#356=ORIENTED_EDGE('',*,*,#863,.T.);
#357=ORIENTED_EDGE('',*,*,#864,.T.);
#358=ORIENTED_EDGE('',*,*,#865,.T.);
#359=ORIENTED_EDGE('',*,*,#866,.T.);
#360=ORIENTED_EDGE('',*,*,#867,.T.);
#361=ORIENTED_EDGE('',*,*,#868,.T.);
#362=ORIENTED_EDGE('',*,*,#869,.T.);
#363=ORIENTED_EDGE('',*,*,#870,.F.);
#364=ORIENTED_EDGE('',*,*,#871,.T.);
#365=ORIENTED_EDGE('',*,*,#824,.F.);
#366=ORIENTED_EDGE('',*,*,#872,.T.);
#367=ORIENTED_EDGE('',*,*,#873,.T.);
#368=ORIENTED_EDGE('',*,*,#874,.T.);
#369=ORIENTED_EDGE('',*,*,#875,.F.);
#370=ORIENTED_EDGE('',*,*,#876,.F.);
#371=ORIENTED_EDGE('',*,*,#869,.F.);
#372=ORIENTED_EDGE('',*,*,#874,.F.);
#373=ORIENTED_EDGE('',*,*,#877,.T.);
#374=ORIENTED_EDGE('',*,*,#878,.T.);
#375=ORIENTED_EDGE('',*,*,#879,.T.);
#376=ORIENTED_EDGE('',*,*,#880,.F.);
#377=ORIENTED_EDGE('',*,*,#881,.T.);
#378=ORIENTED_EDGE('',*,*,#882,.F.);
#379=ORIENTED_EDGE('',*,*,#883,.T.);
#380=ORIENTED_EDGE('',*,*,#861,.T.);
#381=ORIENTED_EDGE('',*,*,#884,.T.);
#382=ORIENTED_EDGE('',*,*,#885,.T.);
#383=ORIENTED_EDGE('',*,*,#886,.F.);
#384=ORIENTED_EDGE('',*,*,#887,.F.);
#385=ORIENTED_EDGE('',*,*,#864,.F.);
#386=ORIENTED_EDGE('',*,*,#888,.T.);
#387=ORIENTED_EDGE('',*,*,#889,.T.);
#388=ORIENTED_EDGE('',*,*,#890,.T.);
#389=ORIENTED_EDGE('',*,*,#891,.T.);
#390=ORIENTED_EDGE('',*,*,#892,.T.);
#391=ORIENTED_EDGE('',*,*,#893,.T.);
#392=ORIENTED_EDGE('',*,*,#894,.T.);
#393=ORIENTED_EDGE('',*,*,#895,.T.);
#394=ORIENTED_EDGE('',*,*,#896,.T.);
#395=ORIENTED_EDGE('',*,*,#897,.T.);
#396=ORIENTED_EDGE('',*,*,#898,.T.);
#397=ORIENTED_EDGE('',*,*,#899,.T.);
#398=ORIENTED_EDGE('',*,*,#895,.F.);
#399=ORIENTED_EDGE('',*,*,#900,.T.);
#400=ORIENTED_EDGE('',*,*,#901,.T.);
#401=ORIENTED_EDGE('',*,*,#902,.T.);
#402=ORIENTED_EDGE('',*,*,#903,.T.);
#403=ORIENTED_EDGE('',*,*,#904,.T.);
#404=ORIENTED_EDGE('',*,*,#902,.F.);
#405=ORIENTED_EDGE('',*,*,#905,.T.);
#406=ORIENTED_EDGE('',*,*,#906,.T.);
#407=ORIENTED_EDGE('',*,*,#830,.T.);
#408=ORIENTED_EDGE('',*,*,#907,.T.);
#409=ORIENTED_EDGE('',*,*,#908,.T.);
#410=ORIENTED_EDGE('',*,*,#909,.T.);
#411=ORIENTED_EDGE('',*,*,#910,.T.);
#412=ORIENTED_EDGE('',*,*,#911,.T.);
#413=ORIENTED_EDGE('',*,*,#912,.T.);
#414=ORIENTED_EDGE('',*,*,#913,.T.);
#415=ORIENTED_EDGE('',*,*,#914,.F.);
#416=ORIENTED_EDGE('',*,*,#915,.T.);
#417=ORIENTED_EDGE('',*,*,#916,.T.);
#418=ORIENTED_EDGE('',*,*,#917,.T.);
#419=ORIENTED_EDGE('',*,*,#918,.T.);
#420=ORIENTED_EDGE('',*,*,#919,.T.);
#421=ORIENTED_EDGE('',*,*,#920,.T.);
#422=ORIENTED_EDGE('',*,*,#921,.T.);
#423=ORIENTED_EDGE('',*,*,#922,.T.);
#424=ORIENTED_EDGE('',*,*,#923,.T.);
#425=ORIENTED_EDGE('',*,*,#924,.T.);
#426=ORIENTED_EDGE('',*,*,#925,.T.);
#427=ORIENTED_EDGE('',*,*,#914,.T.);
#428=ORIENTED_EDGE('',*,*,#926,.T.);
#429=ORIENTED_EDGE('',*,*,#927,.T.);
#430=ORIENTED_EDGE('',*,*,#928,.T.);
#431=ORIENTED_EDGE('',*,*,#929,.T.);
#432=ORIENTED_EDGE('',*,*,#930,.T.);
#433=ORIENTED_EDGE('',*,*,#931,.T.);
#434=ORIENTED_EDGE('',*,*,#932,.T.);
#435=ORIENTED_EDGE('',*,*,#933,.T.);
#436=ORIENTED_EDGE('',*,*,#934,.T.);
#437=ORIENTED_EDGE('',*,*,#935,.T.);
#438=ORIENTED_EDGE('',*,*,#936,.T.);
#439=ORIENTED_EDGE('',*,*,#937,.T.);
#440=ORIENTED_EDGE('',*,*,#938,.T.);
#441=ORIENTED_EDGE('',*,*,#939,.T.);
#442=ORIENTED_EDGE('',*,*,#896,.F.);
#443=ORIENTED_EDGE('',*,*,#904,.F.);
#444=ORIENTED_EDGE('',*,*,#940,.T.);
#445=ORIENTED_EDGE('',*,*,#875,.T.);
#446=ORIENTED_EDGE('',*,*,#886,.T.);
#447=ORIENTED_EDGE('',*,*,#941,.T.);
#448=ORIENTED_EDGE('',*,*,#870,.T.);
#449=ORIENTED_EDGE('',*,*,#876,.T.);
#450=ORIENTED_EDGE('',*,*,#940,.F.);
#451=ORIENTED_EDGE('',*,*,#903,.F.);
#452=ORIENTED_EDGE('',*,*,#908,.F.);
#453=ORIENTED_EDGE('',*,*,#942,.T.);
#454=ORIENTED_EDGE('',*,*,#943,.T.);
#455=ORIENTED_EDGE('',*,*,#944,.T.);
#456=ORIENTED_EDGE('',*,*,#945,.T.);
#457=ORIENTED_EDGE('',*,*,#946,.T.);
#458=ORIENTED_EDGE('',*,*,#947,.T.);
#459=ORIENTED_EDGE('',*,*,#948,.F.);
#460=ORIENTED_EDGE('',*,*,#943,.F.);
#461=ORIENTED_EDGE('',*,*,#949,.T.);
#462=ORIENTED_EDGE('',*,*,#948,.T.);
#463=ORIENTED_EDGE('',*,*,#950,.T.);
#464=ORIENTED_EDGE('',*,*,#815,.T.);
#465=ORIENTED_EDGE('',*,*,#951,.T.);
#466=ORIENTED_EDGE('',*,*,#842,.F.);
#467=ORIENTED_EDGE('',*,*,#952,.T.);
#468=ORIENTED_EDGE('',*,*,#953,.F.);
#469=ORIENTED_EDGE('',*,*,#954,.T.);
#470=ORIENTED_EDGE('',*,*,#955,.F.);
#471=ORIENTED_EDGE('',*,*,#956,.T.);
#472=ORIENTED_EDGE('',*,*,#957,.F.);
#473=ORIENTED_EDGE('',*,*,#958,.T.);
#474=ORIENTED_EDGE('',*,*,#959,.T.);
#475=ORIENTED_EDGE('',*,*,#960,.T.);
#476=ORIENTED_EDGE('',*,*,#810,.T.);
#477=ORIENTED_EDGE('',*,*,#836,.F.);
#478=ORIENTED_EDGE('',*,*,#961,.T.);
#479=ORIENTED_EDGE('',*,*,#962,.F.);
#480=ORIENTED_EDGE('',*,*,#887,.T.);
#481=ORIENTED_EDGE('',*,*,#899,.F.);
#482=ORIENTED_EDGE('',*,*,#880,.T.);
#483=ORIENTED_EDGE('',*,*,#963,.T.);
#484=ORIENTED_EDGE('',*,*,#891,.F.);
#485=ORIENTED_EDGE('',*,*,#964,.T.);
#486=ORIENTED_EDGE('',*,*,#882,.T.);
#487=ORIENTED_EDGE('',*,*,#965,.T.);
#488=ORIENTED_EDGE('',*,*,#889,.F.);
#489=ORIENTED_EDGE('',*,*,#966,.T.);
#490=ORIENTED_EDGE('',*,*,#801,.F.);
#491=ORIENTED_EDGE('',*,*,#967,.T.);
#492=ORIENTED_EDGE('',*,*,#945,.F.);
#493=ORIENTED_EDGE('',*,*,#968,.F.);
#494=ORIENTED_EDGE('',*,*,#968,.T.);
#495=ORIENTED_EDGE('',*,*,#949,.F.);
#496=ORIENTED_EDGE('',*,*,#942,.F.);
#497=ORIENTED_EDGE('',*,*,#907,.F.);
#498=ORIENTED_EDGE('',*,*,#829,.F.);
#499=ORIENTED_EDGE('',*,*,#947,.F.);
#500=ORIENTED_EDGE('',*,*,#969,.T.);
#501=ORIENTED_EDGE('',*,*,#808,.F.);
#502=ORIENTED_EDGE('',*,*,#970,.F.);
#503=ORIENTED_EDGE('',*,*,#970,.T.);
#504=ORIENTED_EDGE('',*,*,#825,.F.);
#505=ORIENTED_EDGE('',*,*,#871,.F.);
#506=ORIENTED_EDGE('',*,*,#944,.F.);
#507=ORIENTED_EDGE('',*,*,#950,.F.);
#508=ORIENTED_EDGE('',*,*,#813,.F.);
#509=ORIENTED_EDGE('',*,*,#971,.T.);
#510=ORIENTED_EDGE('',*,*,#972,.T.);
#511=ORIENTED_EDGE('',*,*,#804,.F.);
#512=ORIENTED_EDGE('',*,*,#973,.T.);
#513=ORIENTED_EDGE('',*,*,#921,.F.);
#514=ORIENTED_EDGE('',*,*,#974,.F.);
#515=ORIENTED_EDGE('',*,*,#913,.F.);
#516=ORIENTED_EDGE('',*,*,#975,.T.);
#517=ORIENTED_EDGE('',*,*,#816,.F.);
#518=ORIENTED_EDGE('',*,*,#951,.F.);
#519=ORIENTED_EDGE('',*,*,#814,.F.);
#520=ORIENTED_EDGE('',*,*,#974,.T.);
#521=ORIENTED_EDGE('',*,*,#961,.F.);
#522=ORIENTED_EDGE('',*,*,#799,.F.);
#523=ORIENTED_EDGE('',*,*,#976,.T.);
#524=ORIENTED_EDGE('',*,*,#977,.T.);
#525=ORIENTED_EDGE('',*,*,#837,.F.);
#526=ORIENTED_EDGE('',*,*,#978,.F.);
#527=ORIENTED_EDGE('',*,*,#925,.F.);
#528=ORIENTED_EDGE('',*,*,#979,.T.);
#529=ORIENTED_EDGE('',*,*,#841,.F.);
#530=ORIENTED_EDGE('',*,*,#980,.T.);
#531=ORIENTED_EDGE('',*,*,#909,.F.);
#532=ORIENTED_EDGE('',*,*,#978,.T.);
#533=ORIENTED_EDGE('',*,*,#843,.F.);
#534=ORIENTED_EDGE('',*,*,#952,.F.);
#535=ORIENTED_EDGE('',*,*,#962,.T.);
#536=ORIENTED_EDGE('',*,*,#981,.F.);
#537=ORIENTED_EDGE('',*,*,#979,.F.);
#538=ORIENTED_EDGE('',*,*,#924,.F.);
#539=ORIENTED_EDGE('',*,*,#982,.F.);
#540=ORIENTED_EDGE('',*,*,#983,.F.);
#541=ORIENTED_EDGE('',*,*,#800,.F.);
#542=ORIENTED_EDGE('',*,*,#981,.T.);
#543=ORIENTED_EDGE('',*,*,#984,.F.);
#544=ORIENTED_EDGE('',*,*,#855,.F.);
#545=ORIENTED_EDGE('',*,*,#967,.F.);
#546=ORIENTED_EDGE('',*,*,#983,.T.);
#547=ORIENTED_EDGE('',*,*,#985,.F.);
#548=ORIENTED_EDGE('',*,*,#984,.T.);
#549=ORIENTED_EDGE('',*,*,#982,.T.);
#550=ORIENTED_EDGE('',*,*,#986,.F.);
#551=ORIENTED_EDGE('',*,*,#847,.F.);
#552=ORIENTED_EDGE('',*,*,#860,.F.);
#553=ORIENTED_EDGE('',*,*,#987,.F.);
#554=ORIENTED_EDGE('',*,*,#946,.F.);
#555=ORIENTED_EDGE('',*,*,#985,.T.);
#556=ORIENTED_EDGE('',*,*,#857,.F.);
#557=ORIENTED_EDGE('',*,*,#986,.T.);
#558=ORIENTED_EDGE('',*,*,#923,.F.);
#559=ORIENTED_EDGE('',*,*,#988,.F.);
#560=ORIENTED_EDGE('',*,*,#858,.F.);
#561=ORIENTED_EDGE('',*,*,#845,.F.);
#562=ORIENTED_EDGE('',*,*,#856,.F.);
#563=ORIENTED_EDGE('',*,*,#969,.F.);
#564=ORIENTED_EDGE('',*,*,#987,.T.);
#565=ORIENTED_EDGE('',*,*,#989,.F.);
#566=ORIENTED_EDGE('',*,*,#990,.F.);
#567=ORIENTED_EDGE('',*,*,#988,.T.);
#568=ORIENTED_EDGE('',*,*,#991,.F.);
#569=ORIENTED_EDGE('',*,*,#859,.F.);
#570=ORIENTED_EDGE('',*,*,#990,.T.);
#571=ORIENTED_EDGE('',*,*,#992,.F.);
#572=ORIENTED_EDGE('',*,*,#809,.F.);
#573=ORIENTED_EDGE('',*,*,#989,.T.);
#574=ORIENTED_EDGE('',*,*,#991,.T.);
#575=ORIENTED_EDGE('',*,*,#922,.F.);
#576=ORIENTED_EDGE('',*,*,#973,.F.);
#577=ORIENTED_EDGE('',*,*,#992,.T.);
#578=ORIENTED_EDGE('',*,*,#993,.F.);
#579=ORIENTED_EDGE('',*,*,#935,.F.);
#580=ORIENTED_EDGE('',*,*,#994,.F.);
#581=ORIENTED_EDGE('',*,*,#865,.F.);
#582=ORIENTED_EDGE('',*,*,#898,.F.);
#583=ORIENTED_EDGE('',*,*,#994,.T.);
#584=ORIENTED_EDGE('',*,*,#937,.F.);
#585=ORIENTED_EDGE('',*,*,#995,.F.);
#586=ORIENTED_EDGE('',*,*,#884,.F.);
#587=ORIENTED_EDGE('',*,*,#866,.F.);
#588=ORIENTED_EDGE('',*,*,#897,.F.);
#589=ORIENTED_EDGE('',*,*,#939,.F.);
#590=ORIENTED_EDGE('',*,*,#996,.F.);
#591=ORIENTED_EDGE('',*,*,#993,.T.);
#592=ORIENTED_EDGE('',*,*,#885,.F.);
#593=ORIENTED_EDGE('',*,*,#995,.T.);
#594=ORIENTED_EDGE('',*,*,#997,.F.);
#595=ORIENTED_EDGE('',*,*,#941,.F.);
#596=ORIENTED_EDGE('',*,*,#996,.T.);
#597=ORIENTED_EDGE('',*,*,#938,.F.);
#598=ORIENTED_EDGE('',*,*,#997,.T.);
#599=ORIENTED_EDGE('',*,*,#936,.F.);
#600=ORIENTED_EDGE('',*,*,#888,.F.);
#601=ORIENTED_EDGE('',*,*,#863,.F.);
#602=ORIENTED_EDGE('',*,*,#998,.F.);
#603=ORIENTED_EDGE('',*,*,#934,.F.);
#604=ORIENTED_EDGE('',*,*,#999,.F.);
#605=ORIENTED_EDGE('',*,*,#893,.F.);
#606=ORIENTED_EDGE('',*,*,#892,.F.);
#607=ORIENTED_EDGE('',*,*,#964,.F.);
#608=ORIENTED_EDGE('',*,*,#890,.F.);
#609=ORIENTED_EDGE('',*,*,#966,.F.);
#610=ORIENTED_EDGE('',*,*,#879,.F.);
#611=ORIENTED_EDGE('',*,*,#878,.F.);
#612=ORIENTED_EDGE('',*,*,#1000,.F.);
#613=ORIENTED_EDGE('',*,*,#926,.F.);
#614=ORIENTED_EDGE('',*,*,#998,.T.);
#615=ORIENTED_EDGE('',*,*,#862,.F.);
#616=ORIENTED_EDGE('',*,*,#883,.F.);
#617=ORIENTED_EDGE('',*,*,#965,.F.);
#618=ORIENTED_EDGE('',*,*,#881,.F.);
#619=ORIENTED_EDGE('',*,*,#963,.F.);
#620=ORIENTED_EDGE('',*,*,#999,.T.);
#621=ORIENTED_EDGE('',*,*,#933,.F.);
#622=ORIENTED_EDGE('',*,*,#1001,.F.);
#623=ORIENTED_EDGE('',*,*,#900,.F.);
#624=ORIENTED_EDGE('',*,*,#894,.F.);
#625=ORIENTED_EDGE('',*,*,#877,.F.);
#626=ORIENTED_EDGE('',*,*,#873,.F.);
#627=ORIENTED_EDGE('',*,*,#1002,.F.);
#628=ORIENTED_EDGE('',*,*,#927,.F.);
#629=ORIENTED_EDGE('',*,*,#1000,.T.);
#630=ORIENTED_EDGE('',*,*,#1001,.T.);
#631=ORIENTED_EDGE('',*,*,#932,.F.);
#632=ORIENTED_EDGE('',*,*,#1003,.F.);
#633=ORIENTED_EDGE('',*,*,#905,.F.);
#634=ORIENTED_EDGE('',*,*,#901,.F.);
#635=ORIENTED_EDGE('',*,*,#872,.F.);
#636=ORIENTED_EDGE('',*,*,#868,.F.);
#637=ORIENTED_EDGE('',*,*,#1004,.F.);
#638=ORIENTED_EDGE('',*,*,#928,.F.);
#639=ORIENTED_EDGE('',*,*,#1002,.T.);
#640=ORIENTED_EDGE('',*,*,#1003,.T.);
#641=ORIENTED_EDGE('',*,*,#931,.F.);
#642=ORIENTED_EDGE('',*,*,#1005,.F.);
#643=ORIENTED_EDGE('',*,*,#831,.F.);
#644=ORIENTED_EDGE('',*,*,#906,.F.);
#645=ORIENTED_EDGE('',*,*,#867,.F.);
#646=ORIENTED_EDGE('',*,*,#823,.F.);
#647=ORIENTED_EDGE('',*,*,#1006,.F.);
#648=ORIENTED_EDGE('',*,*,#929,.F.);
#649=ORIENTED_EDGE('',*,*,#1004,.T.);
#650=ORIENTED_EDGE('',*,*,#1007,.F.);
#651=ORIENTED_EDGE('',*,*,#1008,.T.);
#652=ORIENTED_EDGE('',*,*,#832,.F.);
#653=ORIENTED_EDGE('',*,*,#1005,.T.);
#654=ORIENTED_EDGE('',*,*,#822,.F.);
#655=ORIENTED_EDGE('',*,*,#1009,.T.);
#656=ORIENTED_EDGE('',*,*,#1010,.F.);
#657=ORIENTED_EDGE('',*,*,#1006,.T.);
#658=ORIENTED_EDGE('',*,*,#1007,.T.);
#659=ORIENTED_EDGE('',*,*,#930,.F.);
#660=ORIENTED_EDGE('',*,*,#1010,.T.);
#661=ORIENTED_EDGE('',*,*,#917,.F.);
#662=ORIENTED_EDGE('',*,*,#1008,.F.);
#663=ORIENTED_EDGE('',*,*,#916,.F.);
#664=ORIENTED_EDGE('',*,*,#1011,.F.);
#665=ORIENTED_EDGE('',*,*,#833,.F.);
#666=ORIENTED_EDGE('',*,*,#954,.F.);
#667=ORIENTED_EDGE('',*,*,#1012,.F.);
#668=ORIENTED_EDGE('',*,*,#840,.F.);
#669=ORIENTED_EDGE('',*,*,#1011,.T.);
#670=ORIENTED_EDGE('',*,*,#915,.F.);
#671=ORIENTED_EDGE('',*,*,#1013,.F.);
#672=ORIENTED_EDGE('',*,*,#1014,.F.);
#673=ORIENTED_EDGE('',*,*,#956,.F.);
#674=ORIENTED_EDGE('',*,*,#955,.T.);
#675=ORIENTED_EDGE('',*,*,#1012,.T.);
#676=ORIENTED_EDGE('',*,*,#953,.T.);
#677=ORIENTED_EDGE('',*,*,#1014,.T.);
#678=ORIENTED_EDGE('',*,*,#1015,.F.);
#679=ORIENTED_EDGE('',*,*,#910,.F.);
#680=ORIENTED_EDGE('',*,*,#980,.F.);
#681=ORIENTED_EDGE('',*,*,#1015,.T.);
#682=ORIENTED_EDGE('',*,*,#1013,.T.);
#683=ORIENTED_EDGE('',*,*,#1016,.F.);
#684=ORIENTED_EDGE('',*,*,#1017,.F.);
#685=ORIENTED_EDGE('',*,*,#911,.F.);
#686=ORIENTED_EDGE('',*,*,#1016,.T.);
#687=ORIENTED_EDGE('',*,*,#920,.F.);
#688=ORIENTED_EDGE('',*,*,#1018,.F.);
#689=ORIENTED_EDGE('',*,*,#1017,.T.);
#690=ORIENTED_EDGE('',*,*,#1019,.F.);
#691=ORIENTED_EDGE('',*,*,#1020,.F.);
#692=ORIENTED_EDGE('',*,*,#957,.T.);
#693=ORIENTED_EDGE('',*,*,#1021,.F.);
#694=ORIENTED_EDGE('',*,*,#975,.F.);
#695=ORIENTED_EDGE('',*,*,#912,.F.);
#696=ORIENTED_EDGE('',*,*,#1018,.T.);
#697=ORIENTED_EDGE('',*,*,#959,.F.);
#698=ORIENTED_EDGE('',*,*,#958,.F.);
#699=ORIENTED_EDGE('',*,*,#1020,.T.);
#700=ORIENTED_EDGE('',*,*,#1019,.T.);
#701=ORIENTED_EDGE('',*,*,#919,.F.);
#702=ORIENTED_EDGE('',*,*,#1022,.F.);
#703=ORIENTED_EDGE('',*,*,#817,.F.);
#704=ORIENTED_EDGE('',*,*,#1021,.T.);
#705=ORIENTED_EDGE('',*,*,#960,.F.);
#706=ORIENTED_EDGE('',*,*,#1009,.F.);
#707=ORIENTED_EDGE('',*,*,#821,.F.);
#708=ORIENTED_EDGE('',*,*,#1022,.T.);
#709=ORIENTED_EDGE('',*,*,#918,.F.);
#710=ORIENTED_EDGE('',*,*,#1023,.F.);
#711=ORIENTED_EDGE('',*,*,#1024,.T.);
#712=ORIENTED_EDGE('',*,*,#1025,.T.);
#713=ORIENTED_EDGE('',*,*,#1026,.T.);
#714=ORIENTED_EDGE('',*,*,#1025,.F.);
#715=ORIENTED_EDGE('',*,*,#1027,.T.);
#716=ORIENTED_EDGE('',*,*,#835,.T.);
#717=ORIENTED_EDGE('',*,*,#839,.T.);
#718=ORIENTED_EDGE('',*,*,#1028,.T.);
#719=ORIENTED_EDGE('',*,*,#1029,.T.);
#720=ORIENTED_EDGE('',*,*,#1030,.T.);
#721=ORIENTED_EDGE('',*,*,#811,.F.);
#722=ORIENTED_EDGE('',*,*,#820,.F.);
#723=ORIENTED_EDGE('',*,*,#1031,.T.);
#724=ORIENTED_EDGE('',*,*,#798,.T.);
#725=ORIENTED_EDGE('',*,*,#1032,.T.);
#726=ORIENTED_EDGE('',*,*,#1033,.T.);
#727=ORIENTED_EDGE('',*,*,#850,.T.);
#728=ORIENTED_EDGE('',*,*,#1034,.T.);
#729=ORIENTED_EDGE('',*,*,#1035,.F.);
#730=ORIENTED_EDGE('',*,*,#1036,.T.);
#731=ORIENTED_EDGE('',*,*,#976,.F.);
#732=ORIENTED_EDGE('',*,*,#848,.T.);
#733=ORIENTED_EDGE('',*,*,#1037,.T.);
#734=ORIENTED_EDGE('',*,*,#1038,.T.);
#735=ORIENTED_EDGE('',*,*,#805,.F.);
#736=ORIENTED_EDGE('',*,*,#972,.F.);
#737=ORIENTED_EDGE('',*,*,#1039,.T.);
#738=ORIENTED_EDGE('',*,*,#1040,.F.);
#739=ORIENTED_EDGE('',*,*,#1041,.T.);
#740=ORIENTED_EDGE('',*,*,#1035,.T.);
#741=ORIENTED_EDGE('',*,*,#1042,.T.);
#742=ORIENTED_EDGE('',*,*,#1040,.T.);
#743=ORIENTED_EDGE('',*,*,#1043,.T.);
#744=ORIENTED_EDGE('',*,*,#1029,.F.);
#745=ORIENTED_EDGE('',*,*,#1044,.T.);
#746=ORIENTED_EDGE('',*,*,#1033,.F.);
#747=ORIENTED_EDGE('',*,*,#1045,.T.);
#748=ORIENTED_EDGE('',*,*,#1046,.T.);
#749=ORIENTED_EDGE('',*,*,#1047,.T.);
#750=ORIENTED_EDGE('',*,*,#1023,.T.);
#751=ORIENTED_EDGE('',*,*,#1048,.T.);
#752=ORIENTED_EDGE('',*,*,#1049,.T.);
#753=ORIENTED_EDGE('',*,*,#1050,.T.);
#754=ORIENTED_EDGE('',*,*,#1037,.F.);
#755=ORIENTED_EDGE('',*,*,#853,.T.);
#756=ORIENTED_EDGE('',*,*,#854,.F.);
#757=ORIENTED_EDGE('',*,*,#851,.T.);
#758=ORIENTED_EDGE('',*,*,#1024,.F.);
#759=ORIENTED_EDGE('',*,*,#1047,.F.);
#760=ORIENTED_EDGE('',*,*,#1051,.F.);
#761=ORIENTED_EDGE('',*,*,#827,.F.);
#762=ORIENTED_EDGE('',*,*,#1027,.F.);
#763=ORIENTED_EDGE('',*,*,#1051,.T.);
#764=ORIENTED_EDGE('',*,*,#1046,.F.);
#765=ORIENTED_EDGE('',*,*,#1052,.F.);
#766=ORIENTED_EDGE('',*,*,#828,.F.);
#767=ORIENTED_EDGE('',*,*,#1032,.F.);
#768=ORIENTED_EDGE('',*,*,#803,.F.);
#769=ORIENTED_EDGE('',*,*,#1052,.T.);
#770=ORIENTED_EDGE('',*,*,#1045,.F.);
#771=ORIENTED_EDGE('',*,*,#1038,.F.);
#772=ORIENTED_EDGE('',*,*,#1050,.F.);
#773=ORIENTED_EDGE('',*,*,#1053,.F.);
#774=ORIENTED_EDGE('',*,*,#806,.F.);
#775=ORIENTED_EDGE('',*,*,#1049,.F.);
#776=ORIENTED_EDGE('',*,*,#1054,.F.);
#777=ORIENTED_EDGE('',*,*,#826,.F.);
#778=ORIENTED_EDGE('',*,*,#1053,.T.);
#779=ORIENTED_EDGE('',*,*,#1048,.F.);
#780=ORIENTED_EDGE('',*,*,#1026,.F.);
#781=ORIENTED_EDGE('',*,*,#1031,.F.);
#782=ORIENTED_EDGE('',*,*,#819,.F.);
#783=ORIENTED_EDGE('',*,*,#1054,.T.);
#784=ORIENTED_EDGE('',*,*,#1034,.F.);
#785=ORIENTED_EDGE('',*,*,#849,.F.);
#786=ORIENTED_EDGE('',*,*,#1041,.F.);
#787=ORIENTED_EDGE('',*,*,#1042,.F.);
#788=ORIENTED_EDGE('',*,*,#1030,.F.);
#789=ORIENTED_EDGE('',*,*,#1043,.F.);
#790=ORIENTED_EDGE('',*,*,#1039,.F.);
#791=ORIENTED_EDGE('',*,*,#971,.F.);
#792=ORIENTED_EDGE('',*,*,#812,.F.);
#793=ORIENTED_EDGE('',*,*,#838,.F.);
#794=ORIENTED_EDGE('',*,*,#977,.F.);
#795=ORIENTED_EDGE('',*,*,#1036,.F.);
#796=ORIENTED_EDGE('',*,*,#1044,.F.);
#797=ORIENTED_EDGE('',*,*,#1028,.F.);
#798=EDGE_CURVE('',#1055,#1056,#1219,.T.);
#799=EDGE_CURVE('',#1055,#1057,#134,.T.);
#800=EDGE_CURVE('',#1057,#1058,#1220,.T.);
#801=EDGE_CURVE('',#1058,#1059,#1221,.T.);
#802=EDGE_CURVE('',#1060,#1059,#1222,.T.);
#803=EDGE_CURVE('',#1060,#1056,#1223,.F.);
#804=EDGE_CURVE('',#1061,#1062,#135,.T.);
#805=EDGE_CURVE('',#1062,#1063,#1224,.T.);
#806=EDGE_CURVE('',#1063,#1064,#1225,.T.);
#807=EDGE_CURVE('',#1064,#1065,#1226,.T.);
#808=EDGE_CURVE('',#1065,#1066,#1227,.F.);
#809=EDGE_CURVE('',#1066,#1061,#1228,.F.);
#810=EDGE_CURVE('',#1067,#1067,#105,.T.);
#811=EDGE_CURVE('',#1068,#1069,#1229,.T.);
#812=EDGE_CURVE('',#1069,#1070,#1230,.T.);
#813=EDGE_CURVE('',#1070,#1071,#136,.T.);
#814=EDGE_CURVE('',#1071,#1072,#137,.T.);
#815=EDGE_CURVE('',#1073,#1072,#106,.T.);
#816=EDGE_CURVE('',#1073,#1074,#138,.T.);
#817=EDGE_CURVE('',#1074,#1075,#139,.T.);
#818=EDGE_CURVE('',#1075,#1068,#1231,.T.);
#819=EDGE_CURVE('',#1076,#1077,#140,.T.);
#820=EDGE_CURVE('',#1077,#1068,#141,.T.);
#821=EDGE_CURVE('',#1075,#1078,#142,.T.);
#822=EDGE_CURVE('',#1078,#1079,#143,.T.);
#823=EDGE_CURVE('',#1079,#1080,#144,.T.);
#824=EDGE_CURVE('',#1080,#1081,#1232,.T.);
#825=EDGE_CURVE('',#1081,#1065,#145,.T.);
#826=EDGE_CURVE('',#1064,#1076,#146,.T.);
#827=EDGE_CURVE('',#1082,#1083,#147,.T.);
#828=EDGE_CURVE('',#1083,#1060,#148,.T.);
#829=EDGE_CURVE('',#1059,#1084,#149,.T.);
#830=EDGE_CURVE('',#1085,#1084,#1233,.T.);
#831=EDGE_CURVE('',#1085,#1086,#150,.T.);
#832=EDGE_CURVE('',#1086,#1087,#151,.T.);
#833=EDGE_CURVE('',#1087,#1088,#152,.T.);
#834=EDGE_CURVE('',#1088,#1089,#1234,.T.);
#835=EDGE_CURVE('',#1082,#1089,#153,.T.);
#836=EDGE_CURVE('',#1090,#1090,#107,.T.);
#837=EDGE_CURVE('',#1091,#1092,#154,.T.);
#838=EDGE_CURVE('',#1092,#1093,#1235,.F.);
#839=EDGE_CURVE('',#1089,#1093,#1236,.T.);
#840=EDGE_CURVE('',#1088,#1094,#155,.T.);
#841=EDGE_CURVE('',#1094,#1095,#156,.T.);
#842=EDGE_CURVE('',#1095,#1096,#108,.T.);
#843=EDGE_CURVE('',#1096,#1091,#157,.T.);
#844=EDGE_CURVE('',#1097,#1098,#109,.T.);
#845=EDGE_CURVE('',#1098,#1099,#158,.T.);
#846=EDGE_CURVE('',#1099,#1100,#110,.T.);
#847=EDGE_CURVE('',#1100,#1097,#159,.T.);
#848=EDGE_CURVE('',#1101,#1102,#51,.F.);
#849=EDGE_CURVE('',#1101,#1103,#52,.F.);
#850=EDGE_CURVE('',#1104,#1103,#53,.F.);
#851=EDGE_CURVE('',#1105,#1104,#1237,.T.);
#852=EDGE_CURVE('',#1106,#1105,#111,.T.);
#853=EDGE_CURVE('',#1102,#1106,#1238,.F.);
#854=EDGE_CURVE('',#1105,#1106,#1239,.T.);
#855=EDGE_CURVE('',#1107,#1108,#1240,.F.);
#856=EDGE_CURVE('',#1108,#1098,#1241,.F.);
#857=EDGE_CURVE('',#1097,#1107,#1242,.F.);
#858=EDGE_CURVE('',#1099,#1109,#1243,.F.);
#859=EDGE_CURVE('',#1109,#1110,#1244,.T.);
#860=EDGE_CURVE('',#1110,#1100,#1245,.F.);
#861=EDGE_CURVE('',#1111,#1112,#160,.T.);
#862=EDGE_CURVE('',#1111,#1113,#161,.T.);
#863=EDGE_CURVE('',#1113,#1114,#162,.T.);
#864=EDGE_CURVE('',#1114,#1115,#163,.T.);
#865=EDGE_CURVE('',#1115,#1116,#164,.T.);
#866=EDGE_CURVE('',#1116,#1112,#165,.T.);
#867=EDGE_CURVE('',#1080,#1117,#166,.T.);
#868=EDGE_CURVE('',#1117,#1118,#167,.T.);
#869=EDGE_CURVE('',#1118,#1119,#1246,.T.);
#870=EDGE_CURVE('',#1120,#1119,#168,.T.);
#871=EDGE_CURVE('',#1120,#1081,#169,.T.);
#872=EDGE_CURVE('',#1118,#1121,#170,.T.);
#873=EDGE_CURVE('',#1121,#1122,#171,.T.);
#874=EDGE_CURVE('',#1122,#1123,#1247,.T.);
#875=EDGE_CURVE('',#1124,#1123,#1248,.T.);
#876=EDGE_CURVE('',#1119,#1124,#54,.T.);
#877=EDGE_CURVE('',#1122,#1125,#172,.T.);
#878=EDGE_CURVE('',#1125,#1126,#173,.T.);
#879=EDGE_CURVE('',#1126,#1127,#174,.T.);
#880=EDGE_CURVE('',#1128,#1127,#175,.T.);
#881=EDGE_CURVE('',#1128,#1129,#176,.T.);
#882=EDGE_CURVE('',#1130,#1129,#177,.T.);
#883=EDGE_CURVE('',#1130,#1111,#178,.T.);
#884=EDGE_CURVE('',#1112,#1131,#179,.T.);
#885=EDGE_CURVE('',#1131,#1132,#180,.T.);
#886=EDGE_CURVE('',#1123,#1132,#181,.T.);
#887=EDGE_CURVE('',#1133,#1133,#182,.T.);
#888=EDGE_CURVE('',#1114,#1134,#183,.T.);
#889=EDGE_CURVE('',#1134,#1135,#184,.T.);
#890=EDGE_CURVE('',#1135,#1136,#185,.T.);
#891=EDGE_CURVE('',#1136,#1137,#186,.T.);
#892=EDGE_CURVE('',#1137,#1138,#187,.T.);
#893=EDGE_CURVE('',#1138,#1139,#188,.T.);
#894=EDGE_CURVE('',#1139,#1140,#189,.T.);
#895=EDGE_CURVE('',#1140,#1141,#1249,.T.);
#896=EDGE_CURVE('',#1141,#1142,#190,.T.);
#897=EDGE_CURVE('',#1142,#1143,#191,.T.);
#898=EDGE_CURVE('',#1143,#1115,#192,.T.);
#899=EDGE_CURVE('',#1144,#1144,#193,.T.);
#900=EDGE_CURVE('',#1140,#1145,#194,.T.);
#901=EDGE_CURVE('',#1145,#1146,#195,.T.);
#902=EDGE_CURVE('',#1146,#1147,#1250,.T.);
#903=EDGE_CURVE('',#1147,#1148,#55,.T.);
#904=EDGE_CURVE('',#1148,#1141,#1251,.T.);
#905=EDGE_CURVE('',#1146,#1149,#196,.T.);
#906=EDGE_CURVE('',#1149,#1085,#197,.T.);
#907=EDGE_CURVE('',#1084,#1150,#198,.T.);
#908=EDGE_CURVE('',#1150,#1147,#199,.T.);
#909=EDGE_CURVE('',#1151,#1152,#200,.T.);
#910=EDGE_CURVE('',#1152,#1153,#201,.T.);
#911=EDGE_CURVE('',#1153,#1154,#1252,.T.);
#912=EDGE_CURVE('',#1154,#1155,#202,.T.);
#913=EDGE_CURVE('',#1155,#1156,#203,.T.);
#914=EDGE_CURVE('',#1151,#1156,#1253,.T.);
#915=EDGE_CURVE('',#1157,#1158,#204,.T.);
#916=EDGE_CURVE('',#1158,#1159,#205,.T.);
#917=EDGE_CURVE('',#1159,#1160,#1254,.T.);
#918=EDGE_CURVE('',#1160,#1161,#206,.T.);
#919=EDGE_CURVE('',#1161,#1162,#207,.T.);
#920=EDGE_CURVE('',#1162,#1157,#1255,.F.);
#921=EDGE_CURVE('',#1156,#1163,#208,.T.);
#922=EDGE_CURVE('',#1163,#1164,#209,.T.);
#923=EDGE_CURVE('',#1164,#1165,#1256,.F.);
#924=EDGE_CURVE('',#1165,#1166,#210,.T.);
#925=EDGE_CURVE('',#1166,#1151,#211,.T.);
#926=EDGE_CURVE('',#1167,#1168,#212,.T.);
#927=EDGE_CURVE('',#1168,#1169,#213,.T.);
#928=EDGE_CURVE('',#1169,#1170,#214,.T.);
#929=EDGE_CURVE('',#1170,#1171,#215,.T.);
#930=EDGE_CURVE('',#1171,#1172,#1257,.F.);
#931=EDGE_CURVE('',#1172,#1173,#216,.T.);
#932=EDGE_CURVE('',#1173,#1174,#217,.T.);
#933=EDGE_CURVE('',#1174,#1175,#218,.T.);
#934=EDGE_CURVE('',#1175,#1167,#219,.T.);
#935=EDGE_CURVE('',#1176,#1177,#220,.T.);
#936=EDGE_CURVE('',#1177,#1178,#1258,.T.);
#937=EDGE_CURVE('',#1178,#1176,#221,.T.);
#938=EDGE_CURVE('',#1179,#1180,#1259,.T.);
#939=EDGE_CURVE('',#1180,#1142,#222,.F.);
#940=EDGE_CURVE('',#1148,#1124,#1260,.T.);
#941=EDGE_CURVE('',#1132,#1179,#223,.T.);
#942=EDGE_CURVE('',#1150,#1181,#224,.T.);
#943=EDGE_CURVE('',#1181,#1182,#1261,.T.);
#944=EDGE_CURVE('',#1182,#1120,#225,.T.);
#945=EDGE_CURVE('',#1183,#1184,#1262,.F.);
#946=EDGE_CURVE('',#1184,#1185,#1263,.T.);
#947=EDGE_CURVE('',#1185,#1186,#1264,.T.);
#948=EDGE_CURVE('',#1183,#1186,#1265,.T.);
#949=EDGE_CURVE('',#1181,#1183,#226,.T.);
#950=EDGE_CURVE('',#1186,#1182,#227,.T.);
#951=EDGE_CURVE('',#1072,#1073,#228,.T.);
#952=EDGE_CURVE('',#1095,#1096,#229,.T.);
#953=EDGE_CURVE('',#1187,#1188,#230,.F.);
#954=EDGE_CURVE('',#1187,#1189,#231,.T.);
#955=EDGE_CURVE('',#1190,#1189,#232,.T.);
#956=EDGE_CURVE('',#1190,#1188,#233,.T.);
#957=EDGE_CURVE('',#1191,#1192,#234,.F.);
#958=EDGE_CURVE('',#1191,#1193,#235,.T.);
#959=EDGE_CURVE('',#1193,#1194,#236,.T.);
#960=EDGE_CURVE('',#1194,#1192,#237,.T.);
#961=EDGE_CURVE('',#1195,#1195,#238,.T.);
#962=EDGE_CURVE('',#1196,#1196,#239,.T.);
#963=EDGE_CURVE('',#1127,#1128,#240,.T.);
#964=EDGE_CURVE('',#1136,#1137,#241,.T.);
#965=EDGE_CURVE('',#1129,#1130,#242,.T.);
#966=EDGE_CURVE('',#1134,#1135,#243,.T.);
#967=EDGE_CURVE('',#1058,#1184,#112,.T.);
#968=EDGE_CURVE('',#1059,#1183,#113,.T.);
#969=EDGE_CURVE('',#1185,#1066,#114,.T.);
#970=EDGE_CURVE('',#1186,#1065,#115,.T.);
#971=EDGE_CURVE('',#1070,#1197,#244,.T.);
#972=EDGE_CURVE('',#1197,#1062,#245,.T.);
#973=EDGE_CURVE('',#1061,#1163,#116,.T.);
#974=EDGE_CURVE('',#1071,#1156,#246,.F.);
#975=EDGE_CURVE('',#1155,#1074,#117,.T.);
#976=EDGE_CURVE('',#1055,#1198,#247,.T.);
#977=EDGE_CURVE('',#1198,#1092,#248,.F.);
#978=EDGE_CURVE('',#1151,#1091,#249,.T.);
#979=EDGE_CURVE('',#1166,#1057,#118,.T.);
#980=EDGE_CURVE('',#1094,#1152,#119,.T.);
#981=EDGE_CURVE('',#1057,#1199,#250,.T.);
#982=EDGE_CURVE('',#1199,#1165,#120,.T.);
#983=EDGE_CURVE('',#1058,#1107,#56,.T.);
#984=EDGE_CURVE('',#1108,#1199,#57,.F.);
#985=EDGE_CURVE('',#1184,#1107,#58,.T.);
#986=EDGE_CURVE('',#1108,#1165,#59,.F.);
#987=EDGE_CURVE('',#1185,#1110,#60,.T.);
#988=EDGE_CURVE('',#1109,#1164,#61,.F.);
#989=EDGE_CURVE('',#1066,#1110,#62,.T.);
#990=EDGE_CURVE('',#1109,#1200,#63,.F.);
#991=EDGE_CURVE('',#1200,#1164,#121,.F.);
#992=EDGE_CURVE('',#1061,#1200,#251,.T.);
#993=EDGE_CURVE('',#1177,#1143,#122,.T.);
#994=EDGE_CURVE('',#1116,#1176,#252,.F.);
#995=EDGE_CURVE('',#1131,#1178,#123,.T.);
#996=EDGE_CURVE('',#1177,#1180,#253,.T.);
#997=EDGE_CURVE('',#1179,#1178,#254,.T.);
#998=EDGE_CURVE('',#1167,#1113,#255,.T.);
#999=EDGE_CURVE('',#1139,#1175,#256,.T.);
#1000=EDGE_CURVE('',#1168,#1125,#257,.F.);
#1001=EDGE_CURVE('',#1145,#1174,#258,.T.);
#1002=EDGE_CURVE('',#1169,#1121,#259,.F.);
#1003=EDGE_CURVE('',#1149,#1173,#260,.T.);
#1004=EDGE_CURVE('',#1170,#1117,#261,.F.);
#1005=EDGE_CURVE('',#1086,#1172,#124,.T.);
#1006=EDGE_CURVE('',#1171,#1079,#125,.T.);
#1007=EDGE_CURVE('',#1159,#1172,#262,.T.);
#1008=EDGE_CURVE('',#1159,#1087,#126,.T.);
#1009=EDGE_CURVE('',#1078,#1160,#127,.F.);
#1010=EDGE_CURVE('',#1171,#1160,#263,.T.);
#1011=EDGE_CURVE('',#1088,#1158,#128,.T.);
#1012=EDGE_CURVE('',#1094,#1187,#264,.F.);
#1013=EDGE_CURVE('',#1201,#1157,#265,.T.);
#1014=EDGE_CURVE('',#1188,#1201,#266,.F.);
#1015=EDGE_CURVE('',#1153,#1201,#129,.F.);
#1016=EDGE_CURVE('',#1153,#1157,#267,.T.);
#1017=EDGE_CURVE('',#1154,#1162,#268,.T.);
#1018=EDGE_CURVE('',#1154,#1202,#130,.T.);
#1019=EDGE_CURVE('',#1202,#1162,#269,.T.);
#1020=EDGE_CURVE('',#1191,#1202,#270,.T.);
#1021=EDGE_CURVE('',#1074,#1192,#271,.T.);
#1022=EDGE_CURVE('',#1075,#1161,#131,.T.);
#1023=EDGE_CURVE('',#1203,#1204,#1266,.T.);
#1024=EDGE_CURVE('',#1203,#1205,#272,.T.);
#1025=EDGE_CURVE('',#1205,#1206,#1267,.T.);
#1026=EDGE_CURVE('',#1206,#1204,#273,.T.);
#1027=EDGE_CURVE('',#1205,#1082,#274,.T.);
#1028=EDGE_CURVE('',#1093,#1207,#64,.F.);
#1029=EDGE_CURVE('',#1207,#1208,#1268,.T.);
#1030=EDGE_CURVE('',#1208,#1069,#65,.F.);
#1031=EDGE_CURVE('',#1077,#1206,#275,.T.);
#1032=EDGE_CURVE('',#1056,#1209,#66,.F.);
#1033=EDGE_CURVE('',#1209,#1104,#1269,.T.);
#1034=EDGE_CURVE('',#1103,#1210,#276,.T.);
#1035=EDGE_CURVE('',#1211,#1210,#1270,.T.);
#1036=EDGE_CURVE('',#1211,#1198,#67,.F.);
#1037=EDGE_CURVE('',#1102,#1212,#1271,.T.);
#1038=EDGE_CURVE('',#1212,#1063,#68,.F.);
#1039=EDGE_CURVE('',#1197,#1213,#69,.F.);
#1040=EDGE_CURVE('',#1214,#1213,#1272,.T.);
#1041=EDGE_CURVE('',#1214,#1101,#277,.T.);
#1042=EDGE_CURVE('',#1210,#1214,#70,.F.);
#1043=EDGE_CURVE('',#1213,#1208,#1273,.F.);
#1044=EDGE_CURVE('',#1207,#1211,#1274,.T.);
#1045=EDGE_CURVE('',#1209,#1215,#1275,.T.);
#1046=EDGE_CURVE('',#1215,#1216,#278,.T.);
#1047=EDGE_CURVE('',#1216,#1203,#279,.T.);
#1048=EDGE_CURVE('',#1204,#1217,#280,.T.);
#1049=EDGE_CURVE('',#1217,#1218,#281,.T.);
#1050=EDGE_CURVE('',#1218,#1212,#1276,.F.);
#1051=EDGE_CURVE('',#1083,#1216,#282,.F.);
#1052=EDGE_CURVE('',#1060,#1215,#132,.T.);
#1053=EDGE_CURVE('',#1064,#1218,#133,.T.);
#1054=EDGE_CURVE('',#1076,#1217,#283,.F.);
#1055=VERTEX_POINT('',#1997);
#1056=VERTEX_POINT('',#1998);
#1057=VERTEX_POINT('',#2003);
#1058=VERTEX_POINT('',#2005);
#1059=VERTEX_POINT('',#2007);
#1060=VERTEX_POINT('',#2009);
#1061=VERTEX_POINT('',#2016);
#1062=VERTEX_POINT('',#2017);
#1063=VERTEX_POINT('',#2019);
#1064=VERTEX_POINT('',#2021);
#1065=VERTEX_POINT('',#2023);
#1066=VERTEX_POINT('',#2025);
#1067=VERTEX_POINT('',#2029);
#1068=VERTEX_POINT('',#2031);
#1069=VERTEX_POINT('',#2032);
#1070=VERTEX_POINT('',#2034);
#1071=VERTEX_POINT('',#2039);
#1072=VERTEX_POINT('',#2044);
#1073=VERTEX_POINT('',#2046);
#1074=VERTEX_POINT('',#2053);
#1075=VERTEX_POINT('',#2060);
#1076=VERTEX_POINT('',#2075);
#1077=VERTEX_POINT('',#2076);
#1078=VERTEX_POINT('',#2088);
#1079=VERTEX_POINT('',#2093);
#1080=VERTEX_POINT('',#2098);
#1081=VERTEX_POINT('',#2100);
#1082=VERTEX_POINT('',#2125);
#1083=VERTEX_POINT('',#2126);
#1084=VERTEX_POINT('',#2138);
#1085=VERTEX_POINT('',#2140);
#1086=VERTEX_POINT('',#2145);
#1087=VERTEX_POINT('',#2150);
#1088=VERTEX_POINT('',#2158);
#1089=VERTEX_POINT('',#2160);
#1090=VERTEX_POINT('',#2168);
#1091=VERTEX_POINT('',#2173);
#1092=VERTEX_POINT('',#2174);
#1093=VERTEX_POINT('',#2176);
#1094=VERTEX_POINT('',#2184);
#1095=VERTEX_POINT('',#2191);
#1096=VERTEX_POINT('',#2193);
#1097=VERTEX_POINT('',#2200);
#1098=VERTEX_POINT('',#2201);
#1099=VERTEX_POINT('',#2211);
#1100=VERTEX_POINT('',#2213);
#1101=VERTEX_POINT('',#2228);
#1102=VERTEX_POINT('',#2229);
#1103=VERTEX_POINT('',#2231);
#1104=VERTEX_POINT('',#2233);
#1105=VERTEX_POINT('',#2235);
#1106=VERTEX_POINT('',#2237);
#1107=VERTEX_POINT('',#2243);
#1108=VERTEX_POINT('',#2244);
#1109=VERTEX_POINT('',#2249);
#1110=VERTEX_POINT('',#2251);
#1111=VERTEX_POINT('',#2259);
#1112=VERTEX_POINT('',#2260);
#1113=VERTEX_POINT('',#2270);
#1114=VERTEX_POINT('',#2281);
#1115=VERTEX_POINT('',#2287);
#1116=VERTEX_POINT('',#2292);
#1117=VERTEX_POINT('',#2309);
#1118=VERTEX_POINT('',#2317);
#1119=VERTEX_POINT('',#2319);
#1120=VERTEX_POINT('',#2328);
#1121=VERTEX_POINT('',#2343);
#1122=VERTEX_POINT('',#2351);
#1123=VERTEX_POINT('',#2353);
#1124=VERTEX_POINT('',#2355);
#1125=VERTEX_POINT('',#2375);
#1126=VERTEX_POINT('',#2380);
#1127=VERTEX_POINT('',#2390);
#1128=VERTEX_POINT('',#2395);
#1129=VERTEX_POINT('',#2400);
#1130=VERTEX_POINT('',#2412);
#1131=VERTEX_POINT('',#2425);
#1132=VERTEX_POINT('',#2432);
#1133=VERTEX_POINT('',#2449);
#1134=VERTEX_POINT('',#2468);
#1135=VERTEX_POINT('',#2480);
#1136=VERTEX_POINT('',#2485);
#1137=VERTEX_POINT('',#2490);
#1138=VERTEX_POINT('',#2501);
#1139=VERTEX_POINT('',#2506);
#1140=VERTEX_POINT('',#2511);
#1141=VERTEX_POINT('',#2513);
#1142=VERTEX_POINT('',#2519);
#1143=VERTEX_POINT('',#2526);
#1144=VERTEX_POINT('',#2546);
#1145=VERTEX_POINT('',#2553);
#1146=VERTEX_POINT('',#2558);
#1147=VERTEX_POINT('',#2560);
#1148=VERTEX_POINT('',#2562);
#1149=VERTEX_POINT('',#2579);
#1150=VERTEX_POINT('',#2593);
#1151=VERTEX_POINT('',#2619);
#1152=VERTEX_POINT('',#2620);
#1153=VERTEX_POINT('',#2626);
#1154=VERTEX_POINT('',#2628);
#1155=VERTEX_POINT('',#2634);
#1156=VERTEX_POINT('',#2644);
#1157=VERTEX_POINT('',#2658);
#1158=VERTEX_POINT('',#2659);
#1159=VERTEX_POINT('',#2666);
#1160=VERTEX_POINT('',#2668);
#1161=VERTEX_POINT('',#2675);
#1162=VERTEX_POINT('',#2680);
#1163=VERTEX_POINT('',#2699);
#1164=VERTEX_POINT('',#2704);
#1165=VERTEX_POINT('',#2706);
#1166=VERTEX_POINT('',#2711);
#1167=VERTEX_POINT('',#2736);
#1168=VERTEX_POINT('',#2737);
#1169=VERTEX_POINT('',#2743);
#1170=VERTEX_POINT('',#2753);
#1171=VERTEX_POINT('',#2758);
#1172=VERTEX_POINT('',#2760);
#1173=VERTEX_POINT('',#2765);
#1174=VERTEX_POINT('',#2775);
#1175=VERTEX_POINT('',#2782);
#1176=VERTEX_POINT('',#2795);
#1177=VERTEX_POINT('',#2796);
#1178=VERTEX_POINT('',#2798);
#1179=VERTEX_POINT('',#2805);
#1180=VERTEX_POINT('',#2806);
#1181=VERTEX_POINT('',#2852);
#1182=VERTEX_POINT('',#2854);
#1183=VERTEX_POINT('',#2865);
#1184=VERTEX_POINT('',#2866);
#1185=VERTEX_POINT('',#2868);
#1186=VERTEX_POINT('',#2870);
#1187=VERTEX_POINT('',#2940);
#1188=VERTEX_POINT('',#2941);
#1189=VERTEX_POINT('',#2946);
#1190=VERTEX_POINT('',#2954);
#1191=VERTEX_POINT('',#2966);
#1192=VERTEX_POINT('',#2967);
#1193=VERTEX_POINT('',#2973);
#1194=VERTEX_POINT('',#2981);
#1195=VERTEX_POINT('',#3005);
#1196=VERTEX_POINT('',#3023);
#1197=VERTEX_POINT('',#3254);
#1198=VERTEX_POINT('',#3360);
#1199=VERTEX_POINT('',#3429);
#1200=VERTEX_POINT('',#3538);
#1201=VERTEX_POINT('',#4189);
#1202=VERTEX_POINT('',#4250);
#1203=VERTEX_POINT('',#4329);
#1204=VERTEX_POINT('',#4330);
#1205=VERTEX_POINT('',#4335);
#1206=VERTEX_POINT('',#4337);
#1207=VERTEX_POINT('',#4351);
#1208=VERTEX_POINT('',#4353);
#1209=VERTEX_POINT('',#4364);
#1210=VERTEX_POINT('',#4372);
#1211=VERTEX_POINT('',#4374);
#1212=VERTEX_POINT('',#4378);
#1213=VERTEX_POINT('',#4381);
#1214=VERTEX_POINT('',#4383);
#1215=VERTEX_POINT('',#4395);
#1216=VERTEX_POINT('',#4400);
#1217=VERTEX_POINT('',#4409);
#1218=VERTEX_POINT('',#4414);
#1219=LINE('',#1996,#1277);
#1220=LINE('',#2004,#1278);
#1221=LINE('',#2006,#1279);
#1222=LINE('',#2008,#1280);
#1223=LINE('',#2010,#1281);
#1224=LINE('',#2018,#1282);
#1225=LINE('',#2020,#1283);
#1226=LINE('',#2022,#1284);
#1227=LINE('',#2024,#1285);
#1228=LINE('',#2026,#1286);
#1229=LINE('',#2030,#1287);
#1230=LINE('',#2033,#1288);
#1231=LINE('',#2061,#1289);
#1232=LINE('',#2099,#1290);
#1233=LINE('',#2139,#1291);
#1234=LINE('',#2159,#1292);
#1235=LINE('',#2175,#1293);
#1236=LINE('',#2177,#1294);
#1237=LINE('',#2234,#1295);
#1238=LINE('',#2238,#1296);
#1239=LINE('',#2240,#1297);
#1240=LINE('',#2242,#1298);
#1241=LINE('',#2245,#1299);
#1242=LINE('',#2246,#1300);
#1243=LINE('',#2248,#1301);
#1244=LINE('',#2250,#1302);
#1245=LINE('',#2252,#1303);
#1246=LINE('',#2318,#1304);
#1247=LINE('',#2352,#1305);
#1248=LINE('',#2354,#1306);
#1249=LINE('',#2512,#1307);
#1250=LINE('',#2559,#1308);
#1251=LINE('',#2563,#1309);
#1252=LINE('',#2627,#1310);
#1253=LINE('',#2645,#1311);
#1254=LINE('',#2667,#1312);
#1255=LINE('',#2681,#1313);
#1256=LINE('',#2705,#1314);
#1257=LINE('',#2759,#1315);
#1258=LINE('',#2797,#1316);
#1259=LINE('',#2804,#1317);
#1260=LINE('',#2813,#1318);
#1261=LINE('',#2853,#1319);
#1262=LINE('',#2864,#1320);
#1263=LINE('',#2867,#1321);
#1264=LINE('',#2869,#1322);
#1265=LINE('',#2871,#1323);
#1266=LINE('',#4328,#1324);
#1267=LINE('',#4336,#1325);
#1268=LINE('',#4352,#1326);
#1269=LINE('',#4365,#1327);
#1270=LINE('',#4373,#1328);
#1271=LINE('',#4377,#1329);
#1272=LINE('',#4382,#1330);
#1273=LINE('',#4391,#1331);
#1274=LINE('',#4392,#1332);
#1275=LINE('',#4394,#1333);
#1276=LINE('',#4415,#1334);
#1277=VECTOR('',#1760,1.);
#1278=VECTOR('',#1761,1.);
#1279=VECTOR('',#1762,1.);
#1280=VECTOR('',#1763,1.);
#1281=VECTOR('',#1764,1.);
#1282=VECTOR('',#1767,1.);
#1283=VECTOR('',#1768,1.);
#1284=VECTOR('',#1769,1.);
#1285=VECTOR('',#1770,1.);
#1286=VECTOR('',#1771,1.);
#1287=VECTOR('',#1776,1.);
#1288=VECTOR('',#1777,1.);
#1289=VECTOR('',#1780,1.);
#1290=VECTOR('',#1781,1.);
#1291=VECTOR('',#1782,1.);
#1292=VECTOR('',#1783,1.);
#1293=VECTOR('',#1788,1.);
#1294=VECTOR('',#1789,1.);
#1295=VECTOR('',#1804,1.);
#1296=VECTOR('',#1807,1.);
#1297=VECTOR('',#1810,1.);
#1298=VECTOR('',#1813,1.);
#1299=VECTOR('',#1814,1.);
#1300=VECTOR('',#1815,1.);
#1301=VECTOR('',#1818,1.);
#1302=VECTOR('',#1819,1.);
#1303=VECTOR('',#1820,1.);
#1304=VECTOR('',#1823,1.);
#1305=VECTOR('',#1826,1.);
#1306=VECTOR('',#1827,1.);
#1307=VECTOR('',#1830,1.);
#1308=VECTOR('',#1833,1.);
#1309=VECTOR('',#1836,1.);
#1310=VECTOR('',#1837,1.);
#1311=VECTOR('',#1838,1.);
#1312=VECTOR('',#1839,1.);
#1313=VECTOR('',#1840,1.);
#1314=VECTOR('',#1841,1.);
#1315=VECTOR('',#1842,1.);
#1316=VECTOR('',#1845,1.);
#1317=VECTOR('',#1848,1.);
#1318=VECTOR('',#1849,1.);
#1319=VECTOR('',#1850,1.);
#1320=VECTOR('',#1853,1.);
#1321=VECTOR('',#1854,1.);
#1322=VECTOR('',#1855,1.);
#1323=VECTOR('',#1856,1.);
#1324=VECTOR('',#1947,1.);
#1325=VECTOR('',#1948,1.);
#1326=VECTOR('',#1953,1.);
#1327=VECTOR('',#1960,1.);
#1328=VECTOR('',#1961,1.);
#1329=VECTOR('',#1966,1.);
#1330=VECTOR('',#1971,1.);
#1331=VECTOR('',#1976,1.);
#1332=VECTOR('',#1977,1.);
#1333=VECTOR('',#1980,1.);
#1334=VECTOR('',#1981,1.);
#1335=EDGE_LOOP('',(#284,#285,#286,#287,#288,#289));
#1336=EDGE_LOOP('',(#290,#291,#292,#293,#294,#295));
#1337=EDGE_LOOP('',(#296));
#1338=EDGE_LOOP('',(#297,#298,#299,#300,#301,#302,#303,#304));
#1339=EDGE_LOOP('',(#305,#306,#307,#308,#309,#310,#311,#312,#313,#314));
#1340=EDGE_LOOP('',(#315,#316,#317,#318,#319,#320,#321,#322,#323,#324));
#1341=EDGE_LOOP('',(#325));
#1342=EDGE_LOOP('',(#326,#327,#328,#329,#330,#331,#332,#333));
#1343=EDGE_LOOP('',(#334,#335,#336,#337));
#1344=EDGE_LOOP('',(#338,#339,#340,#341,#342,#343));
#1345=EDGE_LOOP('',(#344,#345));
#1346=EDGE_LOOP('',(#346,#347,#348,#349));
#1347=EDGE_LOOP('',(#350,#351,#352,#353));
#1348=EDGE_LOOP('',(#354,#355,#356,#357,#358,#359));
#1349=EDGE_LOOP('',(#360,#361,#362,#363,#364,#365));
#1350=EDGE_LOOP('',(#366,#367,#368,#369,#370,#371));
#1351=EDGE_LOOP('',(#372,#373,#374,#375,#376,#377,#378,#379,#380,#381,#382,
#383));
#1352=EDGE_LOOP('',(#384));
#1353=EDGE_LOOP('',(#385,#386,#387,#388,#389,#390,#391,#392,#393,#394,#395,
#396));
#1354=EDGE_LOOP('',(#397));
#1355=EDGE_LOOP('',(#398,#399,#400,#401,#402,#403));
#1356=EDGE_LOOP('',(#404,#405,#406,#407,#408,#409));
#1357=EDGE_LOOP('',(#410,#411,#412,#413,#414,#415));
#1358=EDGE_LOOP('',(#416,#417,#418,#419,#420,#421));
#1359=EDGE_LOOP('',(#422,#423,#424,#425,#426,#427));
#1360=EDGE_LOOP('',(#428,#429,#430,#431,#432,#433,#434,#435,#436));
#1361=EDGE_LOOP('',(#437,#438,#439));
#1362=EDGE_LOOP('',(#440,#441,#442,#443,#444,#445,#446,#447));
#1363=EDGE_LOOP('',(#448,#449,#450,#451,#452,#453,#454,#455));
#1364=EDGE_LOOP('',(#456,#457,#458,#459));
#1365=EDGE_LOOP('',(#460,#461,#462,#463));
#1366=EDGE_LOOP('',(#464,#465));
#1367=EDGE_LOOP('',(#466,#467));
#1368=EDGE_LOOP('',(#468,#469,#470,#471));
#1369=EDGE_LOOP('',(#472,#473,#474,#475));
#1370=EDGE_LOOP('',(#476));
#1371=EDGE_LOOP('',(#477));
#1372=EDGE_LOOP('',(#478));
#1373=EDGE_LOOP('',(#479));
#1374=EDGE_LOOP('',(#480));
#1375=EDGE_LOOP('',(#481));
#1376=EDGE_LOOP('',(#482,#483));
#1377=EDGE_LOOP('',(#484,#485));
#1378=EDGE_LOOP('',(#486,#487));
#1379=EDGE_LOOP('',(#488,#489));
#1380=EDGE_LOOP('',(#490,#491,#492,#493));
#1381=EDGE_LOOP('',(#494,#495,#496,#497,#498));
#1382=EDGE_LOOP('',(#499,#500,#501,#502));
#1383=EDGE_LOOP('',(#503,#504,#505,#506,#507));
#1384=EDGE_LOOP('',(#508,#509,#510,#511,#512,#513,#514));
#1385=EDGE_LOOP('',(#515,#516,#517,#518,#519,#520));
#1386=EDGE_LOOP('',(#521));
#1387=EDGE_LOOP('',(#522,#523,#524,#525,#526,#527,#528));
#1388=EDGE_LOOP('',(#529,#530,#531,#532,#533,#534));
#1389=EDGE_LOOP('',(#535));
#1390=EDGE_LOOP('',(#536,#537,#538,#539));
#1391=EDGE_LOOP('',(#540,#541,#542,#543,#544));
#1392=EDGE_LOOP('',(#545,#546,#547));
#1393=EDGE_LOOP('',(#548,#549,#550));
#1394=EDGE_LOOP('',(#551,#552,#553,#554,#555,#556));
#1395=EDGE_LOOP('',(#557,#558,#559,#560,#561,#562));
#1396=EDGE_LOOP('',(#563,#564,#565));
#1397=EDGE_LOOP('',(#566,#567,#568));
#1398=EDGE_LOOP('',(#569,#570,#571,#572,#573));
#1399=EDGE_LOOP('',(#574,#575,#576,#577));
#1400=EDGE_LOOP('',(#578,#579,#580,#581,#582));
#1401=EDGE_LOOP('',(#583,#584,#585,#586,#587));
#1402=EDGE_LOOP('',(#588,#589,#590,#591));
#1403=EDGE_LOOP('',(#592,#593,#594,#595));
#1404=EDGE_LOOP('',(#596,#597,#598,#599));
#1405=EDGE_LOOP('',(#600,#601,#602,#603,#604,#605,#606,#607,#608,#609));
#1406=EDGE_LOOP('',(#610,#611,#612,#613,#614,#615,#616,#617,#618,#619));
#1407=EDGE_LOOP('',(#620,#621,#622,#623,#624));
#1408=EDGE_LOOP('',(#625,#626,#627,#628,#629));
#1409=EDGE_LOOP('',(#630,#631,#632,#633,#634));
#1410=EDGE_LOOP('',(#635,#636,#637,#638,#639));
#1411=EDGE_LOOP('',(#640,#641,#642,#643,#644));
#1412=EDGE_LOOP('',(#645,#646,#647,#648,#649));
#1413=EDGE_LOOP('',(#650,#651,#652,#653));
#1414=EDGE_LOOP('',(#654,#655,#656,#657));
#1415=EDGE_LOOP('',(#658,#659,#660,#661));
#1416=EDGE_LOOP('',(#662,#663,#664,#665));
#1417=EDGE_LOOP('',(#666,#667,#668,#669,#670,#671,#672,#673,#674));
#1418=EDGE_LOOP('',(#675,#676,#677,#678,#679,#680));
#1419=EDGE_LOOP('',(#681,#682,#683));
#1420=EDGE_LOOP('',(#684,#685,#686,#687));
#1421=EDGE_LOOP('',(#688,#689,#690));
#1422=EDGE_LOOP('',(#691,#692,#693,#694,#695,#696));
#1423=EDGE_LOOP('',(#697,#698,#699,#700,#701,#702,#703,#704,#705));
#1424=EDGE_LOOP('',(#706,#707,#708,#709));
#1425=EDGE_LOOP('',(#710,#711,#712,#713));
#1426=EDGE_LOOP('',(#714,#715,#716,#717,#718,#719,#720,#721,#722,#723));
#1427=EDGE_LOOP('',(#724,#725,#726,#727,#728,#729,#730,#731));
#1428=EDGE_LOOP('',(#732,#733,#734,#735,#736,#737,#738,#739));
#1429=EDGE_LOOP('',(#740,#741,#742,#743,#744,#745));
#1430=EDGE_LOOP('',(#746,#747,#748,#749,#750,#751,#752,#753,#754,#755,#756,
#757));
#1431=EDGE_LOOP('',(#758,#759,#760,#761,#762));
#1432=EDGE_LOOP('',(#763,#764,#765,#766));
#1433=EDGE_LOOP('',(#767,#768,#769,#770));
#1434=EDGE_LOOP('',(#771,#772,#773,#774));
#1435=EDGE_LOOP('',(#775,#776,#777,#778));
#1436=EDGE_LOOP('',(#779,#780,#781,#782,#783));
#1437=EDGE_LOOP('',(#784,#785,#786,#787));
#1438=EDGE_LOOP('',(#788,#789,#790,#791,#792));
#1439=EDGE_LOOP('',(#793,#794,#795,#796,#797));
#1440=FACE_BOUND('',#1335,.T.);
#1441=FACE_BOUND('',#1336,.T.);
#1442=FACE_BOUND('',#1337,.T.);
#1443=FACE_BOUND('',#1338,.T.);
#1444=FACE_BOUND('',#1339,.T.);
#1445=FACE_BOUND('',#1340,.T.);
#1446=FACE_BOUND('',#1341,.T.);
#1447=FACE_BOUND('',#1342,.T.);
#1448=FACE_BOUND('',#1343,.T.);
#1449=FACE_BOUND('',#1344,.T.);
#1450=FACE_BOUND('',#1345,.T.);
#1451=FACE_BOUND('',#1346,.T.);
#1452=FACE_BOUND('',#1347,.T.);
#1453=FACE_BOUND('',#1348,.T.);
#1454=FACE_BOUND('',#1349,.T.);
#1455=FACE_BOUND('',#1350,.T.);
#1456=FACE_BOUND('',#1351,.T.);
#1457=FACE_BOUND('',#1352,.T.);
#1458=FACE_BOUND('',#1353,.T.);
#1459=FACE_BOUND('',#1354,.T.);
#1460=FACE_BOUND('',#1355,.T.);
#1461=FACE_BOUND('',#1356,.T.);
#1462=FACE_BOUND('',#1357,.T.);
#1463=FACE_BOUND('',#1358,.T.);
#1464=FACE_BOUND('',#1359,.T.);
#1465=FACE_BOUND('',#1360,.T.);
#1466=FACE_BOUND('',#1361,.T.);
#1467=FACE_BOUND('',#1362,.T.);
#1468=FACE_BOUND('',#1363,.T.);
#1469=FACE_BOUND('',#1364,.T.);
#1470=FACE_BOUND('',#1365,.T.);
#1471=FACE_BOUND('',#1366,.T.);
#1472=FACE_BOUND('',#1367,.T.);
#1473=FACE_BOUND('',#1368,.T.);
#1474=FACE_BOUND('',#1369,.T.);
#1475=FACE_BOUND('',#1370,.T.);
#1476=FACE_BOUND('',#1371,.T.);
#1477=FACE_BOUND('',#1372,.T.);
#1478=FACE_BOUND('',#1373,.T.);
#1479=FACE_BOUND('',#1374,.T.);
#1480=FACE_BOUND('',#1375,.T.);
#1481=FACE_BOUND('',#1376,.T.);
#1482=FACE_BOUND('',#1377,.T.);
#1483=FACE_BOUND('',#1378,.T.);
#1484=FACE_BOUND('',#1379,.T.);
#1485=FACE_BOUND('',#1380,.T.);
#1486=FACE_BOUND('',#1381,.T.);
#1487=FACE_BOUND('',#1382,.T.);
#1488=FACE_BOUND('',#1383,.T.);
#1489=FACE_BOUND('',#1384,.T.);
#1490=FACE_BOUND('',#1385,.T.);
#1491=FACE_BOUND('',#1386,.T.);
#1492=FACE_BOUND('',#1387,.T.);
#1493=FACE_BOUND('',#1388,.T.);
#1494=FACE_BOUND('',#1389,.T.);
#1495=FACE_BOUND('',#1390,.T.);
#1496=FACE_BOUND('',#1391,.T.);
#1497=FACE_BOUND('',#1392,.T.);
#1498=FACE_BOUND('',#1393,.T.);
#1499=FACE_BOUND('',#1394,.T.);
#1500=FACE_BOUND('',#1395,.T.);
#1501=FACE_BOUND('',#1396,.T.);
#1502=FACE_BOUND('',#1397,.T.);
#1503=FACE_BOUND('',#1398,.T.);
#1504=FACE_BOUND('',#1399,.T.);
#1505=FACE_BOUND('',#1400,.T.);
#1506=FACE_BOUND('',#1401,.T.);
#1507=FACE_BOUND('',#1402,.T.);
#1508=FACE_BOUND('',#1403,.T.);
#1509=FACE_BOUND('',#1404,.T.);
#1510=FACE_BOUND('',#1405,.T.);
#1511=FACE_BOUND('',#1406,.T.);
#1512=FACE_BOUND('',#1407,.T.);
#1513=FACE_BOUND('',#1408,.T.);
#1514=FACE_BOUND('',#1409,.T.);
#1515=FACE_BOUND('',#1410,.T.);
#1516=FACE_BOUND('',#1411,.T.);
#1517=FACE_BOUND('',#1412,.T.);
#1518=FACE_BOUND('',#1413,.T.);
#1519=FACE_BOUND('',#1414,.T.);
#1520=FACE_BOUND('',#1415,.T.);
#1521=FACE_BOUND('',#1416,.T.);
#1522=FACE_BOUND('',#1417,.T.);
#1523=FACE_BOUND('',#1418,.T.);
#1524=FACE_BOUND('',#1419,.T.);
#1525=FACE_BOUND('',#1420,.T.);
#1526=FACE_BOUND('',#1421,.T.);
#1527=FACE_BOUND('',#1422,.T.);
#1528=FACE_BOUND('',#1423,.T.);
#1529=FACE_BOUND('',#1424,.T.);
#1530=FACE_BOUND('',#1425,.T.);
#1531=FACE_BOUND('',#1426,.T.);
#1532=FACE_BOUND('',#1427,.T.);
#1533=FACE_BOUND('',#1428,.T.);
#1534=FACE_BOUND('',#1429,.T.);
#1535=FACE_BOUND('',#1430,.T.);
#1536=FACE_BOUND('',#1431,.T.);
#1537=FACE_BOUND('',#1432,.T.);
#1538=FACE_BOUND('',#1433,.T.);
#1539=FACE_BOUND('',#1434,.T.);
#1540=FACE_BOUND('',#1435,.T.);
#1541=FACE_BOUND('',#1436,.T.);
#1542=FACE_BOUND('',#1437,.T.);
#1543=FACE_BOUND('',#1438,.T.);
#1544=FACE_BOUND('',#1439,.T.);
#1545=PLANE('',#1667);
#1546=PLANE('',#1668);
#1547=PLANE('',#1669);
#1548=PLANE('',#1672);
#1549=PLANE('',#1682);
#1550=PLANE('',#1683);
#1551=PLANE('',#1684);
#1552=PLANE('',#1685);
#1553=PLANE('',#1686);
#1554=PLANE('',#1688);
#1555=PLANE('',#1691);
#1556=PLANE('',#1692);
#1557=PLANE('',#1737);
#1558=PLANE('',#1738);
#1559=PLANE('',#1741);
#1560=PLANE('',#1744);
#1561=PLANE('',#1747);
#1562=PLANE('',#1749);
#1563=ADVANCED_FACE('',(#1440),#1545,.F.);
#1564=ADVANCED_FACE('',(#1441),#1546,.T.);
#1565=ADVANCED_FACE('',(#1442,#1443),#1547,.T.);
#1566=ADVANCED_FACE('',(#1444),#93,.T.);
#1567=ADVANCED_FACE('',(#1445),#94,.F.);
#1568=ADVANCED_FACE('',(#1446,#1447),#1548,.F.);
#1569=ADVANCED_FACE('',(#1448,#1449),#71,.F.);
#1570=ADVANCED_FACE('',(#1450),#1549,.T.);
#1571=ADVANCED_FACE('',(#1451),#1550,.T.);
#1572=ADVANCED_FACE('',(#1452),#1551,.T.);
#1573=ADVANCED_FACE('',(#1453),#1552,.F.);
#1574=ADVANCED_FACE('',(#1454),#95,.T.);
#1575=ADVANCED_FACE('',(#1455),#1553,.T.);
#1576=ADVANCED_FACE('',(#1456,#1457),#96,.T.);
#1577=ADVANCED_FACE('',(#1458,#1459),#97,.F.);
#1578=ADVANCED_FACE('',(#1460),#1554,.F.);
#1579=ADVANCED_FACE('',(#1461),#98,.F.);
#1580=ADVANCED_FACE('',(#1462),#99,.F.);
#1581=ADVANCED_FACE('',(#1463),#100,.F.);
#1582=ADVANCED_FACE('',(#1464),#101,.F.);
#1583=ADVANCED_FACE('',(#1465),#102,.F.);
#1584=ADVANCED_FACE('',(#1466),#72,.T.);
#1585=ADVANCED_FACE('',(#1467),#1555,.F.);
#1586=ADVANCED_FACE('',(#1468),#103,.F.);
#1587=ADVANCED_FACE('',(#1469),#1556,.F.);
#1588=ADVANCED_FACE('',(#1470),#104,.F.);
#1589=ADVANCED_FACE('',(#1471,#1472),#73,.F.);
#1590=ADVANCED_FACE('',(#1473,#1474),#74,.F.);
#1591=ADVANCED_FACE('',(#1475,#1476),#75,.F.);
#1592=ADVANCED_FACE('',(#1477,#1478),#76,.F.);
#1593=ADVANCED_FACE('',(#1479,#1480),#77,.F.);
#1594=ADVANCED_FACE('',(#1481,#1482),#78,.F.);
#1595=ADVANCED_FACE('',(#1483,#1484),#79,.F.);
#1596=ADVANCED_FACE('',(#1485),#80,.T.);
#1597=ADVANCED_FACE('',(#1486),#12,.T.);
#1598=ADVANCED_FACE('',(#1487),#81,.T.);
#1599=ADVANCED_FACE('',(#1488),#13,.T.);
#1600=ADVANCED_FACE('',(#1489),#14,.T.);
#1601=ADVANCED_FACE('',(#1490,#1491),#15,.T.);
#1602=ADVANCED_FACE('',(#1492),#16,.T.);
#1603=ADVANCED_FACE('',(#1493,#1494),#17,.T.);
#1604=ADVANCED_FACE('',(#1495),#18,.T.);
#1605=ADVANCED_FACE('',(#1496),#82,.T.);
#1606=ADVANCED_FACE('',(#1497),#19,.T.);
#1607=ADVANCED_FACE('',(#1498),#20,.T.);
#1608=ADVANCED_FACE('',(#1499),#83,.T.);
#1609=ADVANCED_FACE('',(#1500),#84,.T.);
#1610=ADVANCED_FACE('',(#1501),#21,.T.);
#1611=ADVANCED_FACE('',(#1502),#22,.T.);
#1612=ADVANCED_FACE('',(#1503),#85,.T.);
#1613=ADVANCED_FACE('',(#1504),#23,.T.);
#1614=ADVANCED_FACE('',(#1505),#24,.T.);
#1615=ADVANCED_FACE('',(#1506),#25,.T.);
#1616=ADVANCED_FACE('',(#1507),#26,.T.);
#1617=ADVANCED_FACE('',(#1508),#27,.T.);
#1618=ADVANCED_FACE('',(#1509),#86,.F.);
#1619=ADVANCED_FACE('',(#1510),#28,.T.);
#1620=ADVANCED_FACE('',(#1511),#29,.T.);
#1621=ADVANCED_FACE('',(#1512),#30,.T.);
#1622=ADVANCED_FACE('',(#1513),#31,.T.);
#1623=ADVANCED_FACE('',(#1514),#32,.T.);
#1624=ADVANCED_FACE('',(#1515),#33,.T.);
#1625=ADVANCED_FACE('',(#1516),#34,.T.);
#1626=ADVANCED_FACE('',(#1517),#35,.T.);
#1627=ADVANCED_FACE('',(#1518),#36,.T.);
#1628=ADVANCED_FACE('',(#1519),#37,.T.);
#1629=ADVANCED_FACE('',(#1520),#87,.F.);
#1630=ADVANCED_FACE('',(#1521),#38,.T.);
#1631=ADVANCED_FACE('',(#1522),#39,.T.);
#1632=ADVANCED_FACE('',(#1523),#40,.T.);
#1633=ADVANCED_FACE('',(#1524),#41,.T.);
#1634=ADVANCED_FACE('',(#1525),#88,.T.);
#1635=ADVANCED_FACE('',(#1526),#42,.T.);
#1636=ADVANCED_FACE('',(#1527),#43,.T.);
#1637=ADVANCED_FACE('',(#1528),#44,.T.);
#1638=ADVANCED_FACE('',(#1529),#45,.T.);
#1639=ADVANCED_FACE('',(#1530),#1557,.T.);
#1640=ADVANCED_FACE('',(#1531),#1558,.T.);
#1641=ADVANCED_FACE('',(#1532),#1559,.T.);
#1642=ADVANCED_FACE('',(#1533),#1560,.T.);
#1643=ADVANCED_FACE('',(#1534),#1561,.T.);
#1644=ADVANCED_FACE('',(#1535),#1562,.T.);
#1645=ADVANCED_FACE('',(#1536),#46,.T.);
#1646=ADVANCED_FACE('',(#1537),#47,.T.);
#1647=ADVANCED_FACE('',(#1538),#89,.T.);
#1648=ADVANCED_FACE('',(#1539),#90,.T.);
#1649=ADVANCED_FACE('',(#1540),#48,.T.);
#1650=ADVANCED_FACE('',(#1541),#49,.T.);
#1651=ADVANCED_FACE('',(#1542),#50,.T.);
#1652=ADVANCED_FACE('',(#1543),#91,.T.);
#1653=ADVANCED_FACE('',(#1544),#92,.T.);
#1654=CLOSED_SHELL('',(#1563,#1564,#1565,#1566,#1567,#1568,#1569,#1570,
#1571,#1572,#1573,#1574,#1575,#1576,#1577,#1578,#1579,#1580,#1581,#1582,
#1583,#1584,#1585,#1586,#1587,#1588,#1589,#1590,#1591,#1592,#1593,#1594,
#1595,#1596,#1597,#1598,#1599,#1600,#1601,#1602,#1603,#1604,#1605,#1606,
#1607,#1608,#1609,#1610,#1611,#1612,#1613,#1614,#1615,#1616,#1617,#1618,
#1619,#1620,#1621,#1622,#1623,#1624,#1625,#1626,#1627,#1628,#1629,#1630,
#1631,#1632,#1633,#1634,#1635,#1636,#1637,#1638,#1639,#1640,#1641,#1642,
#1643,#1644,#1645,#1646,#1647,#1648,#1649,#1650,#1651,#1652,#1653));
#1655=STYLED_ITEM('',(#1656),#1663);
#1656=PRESENTATION_STYLE_ASSIGNMENT((#1657));
#1657=SURFACE_STYLE_USAGE(.BOTH.,#1658);
#1658=SURFACE_SIDE_STYLE('',(#1659));
#1659=SURFACE_STYLE_FILL_AREA(#1660);
#1660=FILL_AREA_STYLE('',(#1661));
#1661=FILL_AREA_STYLE_COLOUR('',#1662);
#1662=COLOUR_RGB('',0.647058823529412,0.647058823529412,0.647058823529412);
#1663=MANIFOLD_SOLID_BREP('Part 1',#1654);
#1664=SHAPE_DEFINITION_REPRESENTATION(#4519,#1665);
#1665=SHAPE_REPRESENTATION('Part 1',(#1666),#4514);
#1666=AXIS2_PLACEMENT_3D('',#1994,#1756,#1757);
#1667=AXIS2_PLACEMENT_3D('',#1995,#1758,#1759);
#1668=AXIS2_PLACEMENT_3D('',#2011,#1765,#1766);
#1669=AXIS2_PLACEMENT_3D('',#2027,#1772,#1773);
#1670=AXIS2_PLACEMENT_3D('',#2028,#1774,#1775);
#1671=AXIS2_PLACEMENT_3D('',#2045,#1778,#1779);
#1672=AXIS2_PLACEMENT_3D('',#2166,#1784,#1785);
#1673=AXIS2_PLACEMENT_3D('',#2167,#1786,#1787);
#1674=AXIS2_PLACEMENT_3D('',#2192,#1790,#1791);
#1675=AXIS2_PLACEMENT_3D('',#2198,#1792,#1793);
#1676=AXIS2_PLACEMENT_3D('',#2199,#1794,#1795);
#1677=AXIS2_PLACEMENT_3D('',#2212,#1796,#1797);
#1678=AXIS2_PLACEMENT_3D('',#2227,#1798,#1799);
#1679=AXIS2_PLACEMENT_3D('',#2230,#1800,#1801);
#1680=AXIS2_PLACEMENT_3D('',#2232,#1802,#1803);
#1681=AXIS2_PLACEMENT_3D('',#2236,#1805,#1806);
#1682=AXIS2_PLACEMENT_3D('',#2239,#1808,#1809);
#1683=AXIS2_PLACEMENT_3D('',#2241,#1811,#1812);
#1684=AXIS2_PLACEMENT_3D('',#2247,#1816,#1817);
#1685=AXIS2_PLACEMENT_3D('',#2253,#1821,#1822);
#1686=AXIS2_PLACEMENT_3D('',#2338,#1824,#1825);
#1687=AXIS2_PLACEMENT_3D('',#2356,#1828,#1829);
#1688=AXIS2_PLACEMENT_3D('',#2547,#1831,#1832);
#1689=AXIS2_PLACEMENT_3D('',#2561,#1834,#1835);
#1690=AXIS2_PLACEMENT_3D('',#2790,#1843,#1844);
#1691=AXIS2_PLACEMENT_3D('',#2803,#1846,#1847);
#1692=AXIS2_PLACEMENT_3D('',#2863,#1851,#1852);
#1693=AXIS2_PLACEMENT_3D('',#2905,#1857,#1858);
#1694=AXIS2_PLACEMENT_3D('',#2932,#1859,#1860);
#1695=AXIS2_PLACEMENT_3D('',#2986,#1861,#1862);
#1696=AXIS2_PLACEMENT_3D('',#2987,#1863,#1864);
#1697=AXIS2_PLACEMENT_3D('',#3024,#1865,#1866);
#1698=AXIS2_PLACEMENT_3D('',#3025,#1867,#1868);
#1699=AXIS2_PLACEMENT_3D('',#3048,#1869,#1870);
#1700=AXIS2_PLACEMENT_3D('',#3059,#1871,#1872);
#1701=AXIS2_PLACEMENT_3D('',#3060,#1873,#1874);
#1702=AXIS2_PLACEMENT_3D('',#3061,#1875,#1876);
#1703=AXIS2_PLACEMENT_3D('',#3128,#1877,#1878);
#1704=AXIS2_PLACEMENT_3D('',#3129,#1879,#1880);
#1705=AXIS2_PLACEMENT_3D('',#3130,#1881,#1882);
#1706=AXIS2_PLACEMENT_3D('',#3259,#1883,#1884);
#1707=AXIS2_PLACEMENT_3D('',#3304,#1885,#1886);
#1708=AXIS2_PLACEMENT_3D('',#3372,#1887,#1888);
#1709=AXIS2_PLACEMENT_3D('',#3412,#1889,#1890);
#1710=AXIS2_PLACEMENT_3D('',#3430,#1891,#1892);
#1711=AXIS2_PLACEMENT_3D('',#3431,#1893,#1894);
#1712=AXIS2_PLACEMENT_3D('',#3432,#1895,#1896);
#1713=AXIS2_PLACEMENT_3D('',#3433,#1897,#1898);
#1714=AXIS2_PLACEMENT_3D('',#3461,#1899,#1900);
#1715=AXIS2_PLACEMENT_3D('',#3483,#1901,#1902);
#1716=AXIS2_PLACEMENT_3D('',#3484,#1903,#1904);
#1717=AXIS2_PLACEMENT_3D('',#3485,#1905,#1906);
#1718=AXIS2_PLACEMENT_3D('',#3486,#1907,#1908);
#1719=AXIS2_PLACEMENT_3D('',#3487,#1909,#1910);
#1720=AXIS2_PLACEMENT_3D('',#3515,#1911,#1912);
#1721=AXIS2_PLACEMENT_3D('',#3537,#1913,#1914);
#1722=AXIS2_PLACEMENT_3D('',#3539,#1915,#1916);
#1723=AXIS2_PLACEMENT_3D('',#3540,#1917,#1918);
#1724=AXIS2_PLACEMENT_3D('',#3584,#1919,#1920);
#1725=AXIS2_PLACEMENT_3D('',#3621,#1921,#1922);
#1726=AXIS2_PLACEMENT_3D('',#3666,#1923,#1924);
#1727=AXIS2_PLACEMENT_3D('',#4065,#1925,#1926);
#1728=AXIS2_PLACEMENT_3D('',#4096,#1927,#1928);
#1729=AXIS2_PLACEMENT_3D('',#4113,#1929,#1930);
#1730=AXIS2_PLACEMENT_3D('',#4126,#1931,#1932);
#1731=AXIS2_PLACEMENT_3D('',#4131,#1933,#1934);
#1732=AXIS2_PLACEMENT_3D('',#4153,#1935,#1936);
#1733=AXIS2_PLACEMENT_3D('',#4209,#1937,#1938);
#1734=AXIS2_PLACEMENT_3D('',#4229,#1939,#1940);
#1735=AXIS2_PLACEMENT_3D('',#4249,#1941,#1942);
#1736=AXIS2_PLACEMENT_3D('',#4305,#1943,#1944);
#1737=AXIS2_PLACEMENT_3D('',#4327,#1945,#1946);
#1738=AXIS2_PLACEMENT_3D('',#4342,#1949,#1950);
#1739=AXIS2_PLACEMENT_3D('',#4350,#1951,#1952);
#1740=AXIS2_PLACEMENT_3D('',#4354,#1954,#1955);
#1741=AXIS2_PLACEMENT_3D('',#4362,#1956,#1957);
#1742=AXIS2_PLACEMENT_3D('',#4363,#1958,#1959);
#1743=AXIS2_PLACEMENT_3D('',#4375,#1962,#1963);
#1744=AXIS2_PLACEMENT_3D('',#4376,#1964,#1965);
#1745=AXIS2_PLACEMENT_3D('',#4379,#1967,#1968);
#1746=AXIS2_PLACEMENT_3D('',#4380,#1969,#1970);
#1747=AXIS2_PLACEMENT_3D('',#4389,#1972,#1973);
#1748=AXIS2_PLACEMENT_3D('',#4390,#1974,#1975);
#1749=AXIS2_PLACEMENT_3D('',#4393,#1978,#1979);
#1750=AXIS2_PLACEMENT_3D('',#4451,#1982,#1983);
#1751=AXIS2_PLACEMENT_3D('',#4452,#1984,#1985);
#1752=AXIS2_PLACEMENT_3D('',#4453,#1986,#1987);
#1753=AXIS2_PLACEMENT_3D('',#4454,#1988,#1989);
#1754=AXIS2_PLACEMENT_3D('',#4511,#1990,#1991);
#1755=AXIS2_PLACEMENT_3D('',#4512,#1992,#1993);
#1756=DIRECTION('',(0.,0.,1.));
#1757=DIRECTION('',(1.,0.,0.));
#1758=DIRECTION('',(2.34158399456937E-16,-1.,0.));
#1759=DIRECTION('',(1.,2.34158399456937E-16,0.));
#1760=DIRECTION('',(-0.280000091843922,-6.55643733539681E-17,0.959999973212185));
#1761=DIRECTION('',(0.,0.,1.));
#1762=DIRECTION('',(1.,2.34158399456937E-16,0.));
#1763=DIRECTION('',(0.,0.,1.));
#1764=DIRECTION('',(1.,2.34158399456937E-16,0.));
#1765=DIRECTION('',(7.80527998189789E-17,-1.,0.));
#1766=DIRECTION('',(1.,7.80527998189789E-17,0.));
#1767=DIRECTION('',(-0.280000091843922,-2.18547911179893E-17,0.959999973212185));
#1768=DIRECTION('',(1.,7.80527998189789E-17,0.));
#1769=DIRECTION('',(0.,0.,1.));
#1770=DIRECTION('',(1.,7.80527998189789E-17,0.));
#1771=DIRECTION('',(0.,0.,1.));
#1772=DIRECTION('',(7.80527998189789E-17,-1.,0.));
#1773=DIRECTION('',(1.,7.80527998189789E-17,0.));
#1774=DIRECTION('',(7.80527998189789E-17,-1.,0.));
#1775=DIRECTION('',(1.,7.80527998189789E-17,0.));
#1776=DIRECTION('',(-0.85762807190396,-6.69402722154567E-17,-0.514270444690628));
#1777=DIRECTION('',(-0.823007361252704,-6.42380288174034E-17,0.568030706321288));
#1778=DIRECTION('',(7.80527998189789E-17,-1.,0.));
#1779=DIRECTION('',(1.,7.80527998189789E-17,0.));
#1780=DIRECTION('',(0.,0.,1.));
#1781=DIRECTION('',(0.,0.,1.));
#1782=DIRECTION('',(0.,0.,1.));
#1783=DIRECTION('',(0.,0.,1.));
#1784=DIRECTION('',(2.34158399456937E-16,-1.,0.));
#1785=DIRECTION('',(1.,2.34158399456937E-16,0.));
#1786=DIRECTION('',(2.34158399456937E-16,-1.,0.));
#1787=DIRECTION('',(1.,2.34158399456937E-16,0.));
#1788=DIRECTION('',(-0.823007361252704,-1.9271408645221E-16,0.568030706321288));
#1789=DIRECTION('',(-0.85762807190396,-2.0082081664637E-16,-0.514270444690628));
#1790=DIRECTION('',(2.34158399456937E-16,-1.,0.));
#1791=DIRECTION('',(1.,2.34158399456937E-16,0.));
#1792=DIRECTION('',(-1.,0.,0.));
#1793=DIRECTION('',(0.,0.,1.));
#1794=DIRECTION('',(-1.,0.,0.));
#1795=DIRECTION('',(0.,0.,1.));
#1796=DIRECTION('',(-1.,0.,0.));
#1797=DIRECTION('',(0.,0.,1.));
#1798=DIRECTION('',(0.959999973212185,7.49306857353558E-17,0.280000091843922));
#1799=DIRECTION('',(-0.280000091843922,2.56905116798353E-16,0.959999973212185));
#1800=DIRECTION('',(-0.365185206745903,-5.01505714263988E-17,-0.930934887505003));
#1801=DIRECTION('',(-0.930934887505003,1.96729621379414E-17,0.365185206745903));
#1802=DIRECTION('',(0.959999973212185,7.49306857353558E-17,0.280000091843922));
#1803=DIRECTION('',(-0.280000091843922,2.56905116798353E-16,0.959999973212185));
#1804=DIRECTION('',(-1.,0.,0.));
#1805=DIRECTION('',(-1.,0.,0.));
#1806=DIRECTION('',(0.,0.,1.));
#1807=DIRECTION('',(-1.,0.,0.));
#1808=DIRECTION('',(-1.,0.,0.));
#1809=DIRECTION('',(0.,-1.,0.));
#1810=DIRECTION('',(0.,-1.,0.));
#1811=DIRECTION('',(-1.,0.,0.));
#1812=DIRECTION('',(0.,0.,1.));
#1813=DIRECTION('',(0.,0.,1.));
#1814=DIRECTION('',(0.,1.,0.));
#1815=DIRECTION('',(0.,-1.,0.));
#1816=DIRECTION('',(-1.,0.,0.));
#1817=DIRECTION('',(0.,0.,1.));
#1818=DIRECTION('',(0.,1.,0.));
#1819=DIRECTION('',(0.,0.,1.));
#1820=DIRECTION('',(0.,-1.,0.));
#1821=DIRECTION('',(0.,0.,1.));
#1822=DIRECTION('',(1.,0.,0.));
#1823=DIRECTION('',(0.,0.,1.));
#1824=DIRECTION('',(0.,-1.,0.));
#1825=DIRECTION('',(0.,0.,-1.));
#1826=DIRECTION('',(0.,0.,1.));
#1827=DIRECTION('',(0.999777625697918,-5.71060194893194E-36,-0.0210878911661171));
#1828=DIRECTION('',(-3.98620229575203E-16,-1.,-1.73517031610902E-15));
#1829=DIRECTION('',(0.987657257898537,-4.03291020262693E-16,-0.156630587435348));
#1830=DIRECTION('',(0.,0.,1.));
#1831=DIRECTION('',(0.,-1.,0.));
#1832=DIRECTION('',(0.,0.,-1.));
#1833=DIRECTION('',(0.,0.,1.));
#1834=DIRECTION('',(-1.99310114787601E-16,-1.,-8.67585158054508E-16));
#1835=DIRECTION('',(0.987657257898537,-2.06440938820128E-16,-0.156630587435348));
#1836=DIRECTION('',(0.999777625697918,-5.71060194893194E-36,-0.0210878911661171));
#1837=DIRECTION('',(7.80527998189789E-17,-1.,0.));
#1838=DIRECTION('',(7.80527998189789E-17,-1.,0.));
#1839=DIRECTION('',(7.80527998189789E-17,-1.,0.));
#1840=DIRECTION('',(7.80527998189789E-17,-1.,0.));
#1841=DIRECTION('',(7.80527998189789E-17,-1.,0.));
#1842=DIRECTION('',(7.80527998189789E-17,-1.,0.));
#1843=DIRECTION('',(-7.80527998189789E-17,1.,8.373607823169E-34));
#1844=DIRECTION('',(-1.,-7.80527998189789E-17,0.));
#1845=DIRECTION('',(7.80527998189789E-17,-1.,0.));
#1846=DIRECTION('',(-0.0210878911661171,-1.64596894779335E-18,-0.999777625697918));
#1847=DIRECTION('',(-0.999777625697918,0.,0.0210878911661171));
#1848=DIRECTION('',(-7.80527998189789E-17,1.,-1.92635774560983E-34));
#1849=DIRECTION('',(7.80527998189789E-17,-1.,0.));
#1850=DIRECTION('',(7.80527998189789E-17,-1.,0.));
#1851=DIRECTION('',(0.,0.,-1.));
#1852=DIRECTION('',(-1.,0.,0.));
#1853=DIRECTION('',(1.,2.34158399456937E-16,0.));
#1854=DIRECTION('',(0.,-1.,0.));
#1855=DIRECTION('',(1.,7.80527998189789E-17,0.));
#1856=DIRECTION('',(7.80527998189789E-17,-1.,0.));
#1857=DIRECTION('',(7.80527998189789E-17,-1.,0.));
#1858=DIRECTION('',(1.,7.80527998189789E-17,0.));
#1859=DIRECTION('',(7.80527998189789E-17,-1.,0.));
#1860=DIRECTION('',(1.,7.80527998189789E-17,0.));
#1861=DIRECTION('',(7.80527998189789E-17,-1.,0.));
#1862=DIRECTION('',(1.,7.80527998189789E-17,0.));
#1863=DIRECTION('',(7.80527998189789E-17,-1.,0.));
#1864=DIRECTION('',(1.,7.80527998189789E-17,0.));
#1865=DIRECTION('',(7.80527998189789E-17,-1.,0.));
#1866=DIRECTION('',(1.,7.80527998189789E-17,0.));
#1867=DIRECTION('',(7.80527998189789E-17,-1.,0.));
#1868=DIRECTION('',(1.,7.80527998189789E-17,0.));
#1869=DIRECTION('',(7.80527998189789E-17,-1.,0.));
#1870=DIRECTION('',(1.,7.80527998189789E-17,0.));
#1871=DIRECTION('',(1.,2.34158399456937E-16,0.));
#1872=DIRECTION('',(-2.34158399456937E-16,1.,0.));
#1873=DIRECTION('',(1.,0.,0.));
#1874=DIRECTION('',(0.,0.,-1.));
#1875=DIRECTION('',(1.,0.,-1.56105599637958E-15));
#1876=DIRECTION('',(-1.56105599637958E-15,0.,-1.));
#1877=DIRECTION('',(-1.,-7.80527998189789E-17,0.));
#1878=DIRECTION('',(7.80527998189789E-17,-1.,0.));
#1879=DIRECTION('',(1.,0.,0.));
#1880=DIRECTION('',(0.,0.,-1.));
#1881=DIRECTION('',(1.,0.,0.));
#1882=DIRECTION('',(0.,0.,-1.));
#1883=DIRECTION('',(0.97276355502724,0.,-0.231799624699366));
#1884=DIRECTION('',(-0.231799624699366,0.,-0.97276355502724));
#1885=DIRECTION('',(-0.999112161933028,-7.20371123925229E-14,0.0421294181957176));
#1886=DIRECTION('',(0.0421294181957176,0.,0.999112161933029));
#1887=DIRECTION('',(0.972763555027203,1.54011821956612E-13,-0.231799624699519));
#1888=DIRECTION('',(-0.231799624699519,0.,-0.972763555027203));
#1889=DIRECTION('',(-0.999112161933027,-3.15222325333186E-15,0.0421294181957428));
#1890=DIRECTION('',(0.0421294181957428,0.,0.999112161933028));
#1891=DIRECTION('',(-0.952287453867305,-0.215810802796027,0.215810802796012));
#1892=DIRECTION('',(0.221019073327072,-0.97526948543756,0.));
#1893=DIRECTION('',(0.,0.,-1.));
#1894=DIRECTION('',(-1.,0.,0.));
#1895=DIRECTION('',(0.,-0.36813302933316,0.929773129700999));
#1896=DIRECTION('',(0.,-0.929773129700999,-0.36813302933316));
#1897=DIRECTION('',(-2.87338136452954E-17,0.36813302933316,0.929773129700999));
#1898=DIRECTION('',(0.,-0.929773129700999,0.36813302933316));
#1899=DIRECTION('',(0.,-0.929773129700999,0.36813302933316));
#1900=DIRECTION('',(0.,-0.36813302933316,-0.929773129700999));
#1901=DIRECTION('',(-7.25713959696176E-17,0.929773129700999,0.36813302933316));
#1902=DIRECTION('',(0.,-0.36813302933316,0.929773129700999));
#1903=DIRECTION('',(0.,1.,0.));
#1904=DIRECTION('',(0.,0.,1.));
#1905=DIRECTION('',(0.,-0.929773129700999,-0.36813302933316));
#1906=DIRECTION('',(0.,0.36813302933316,-0.929773129700999));
#1907=DIRECTION('',(7.80527998189789E-17,-1.,0.));
#1908=DIRECTION('',(1.,7.80527998189789E-17,0.));
#1909=DIRECTION('',(-7.25713959696176E-17,0.929773129700999,-0.36813302933316));
#1910=DIRECTION('',(0.,0.36813302933316,0.929773129700999));
#1911=DIRECTION('',(0.,-0.36813302933316,-0.929773129700999));
#1912=DIRECTION('',(0.,0.929773129700999,-0.36813302933316));
#1913=DIRECTION('',(-2.87338136452954E-17,0.36813302933316,-0.929773129700999));
#1914=DIRECTION('',(0.,0.929773129700999,0.36813302933316));
#1915=DIRECTION('',(-0.952287453867305,0.215810802796028,0.215810802796012));
#1916=DIRECTION('',(-0.221019073327073,-0.97526948543756,0.));
#1917=DIRECTION('',(0.,0.,1.));
#1918=DIRECTION('',(1.,0.,0.));
#1919=DIRECTION('',(-0.990638063497012,0.136509609594241,0.00116346006306908));
#1920=DIRECTION('',(-0.136509701986722,-0.990638733981009,0.));
#1921=DIRECTION('',(-0.990638063497012,-0.136509609594241,0.00116346006306923));
#1922=DIRECTION('',(0.136509701986722,-0.990638733981009,0.));
#1923=DIRECTION('',(7.80527998189789E-17,-1.,0.));
#1924=DIRECTION('',(1.,7.80527998189789E-17,0.));
#1925=DIRECTION('',(-0.888533307638389,0.443924317400364,-0.115929985930319));
#1926=DIRECTION('',(-0.446937845986196,-0.894565012631961,0.));
#1927=DIRECTION('',(-0.88853330763838,-0.44392431740038,-0.115929985930333));
#1928=DIRECTION('',(0.446937845986212,-0.894565012631953,0.));
#1929=DIRECTION('',(0.90525712643236,-0.384831024930679,0.180040599016524));
#1930=DIRECTION('',(0.391223944933375,0.920295509556994,0.));
#1931=DIRECTION('',(-0.90525712643236,-0.384831024930679,-0.180040599016525));
#1932=DIRECTION('',(0.391223944933375,-0.920295509556994,0.));
#1933=DIRECTION('',(7.80527998189789E-17,-1.,0.));
#1934=DIRECTION('',(1.,7.80527998189789E-17,0.));
#1935=DIRECTION('',(-0.88782724452132,0.,-0.460176904989461));
#1936=DIRECTION('',(-0.460176904989461,0.,0.88782724452132));
#1937=DIRECTION('',(-0.772666803527416,0.634042632383621,-0.0312402152165169));
#1938=DIRECTION('',(-0.634352256320803,-0.773044122221174,0.));
#1939=DIRECTION('',(7.80527998189789E-17,-1.,0.));
#1940=DIRECTION('',(1.,7.80527998189789E-17,0.));
#1941=DIRECTION('',(-0.772666803527391,-0.634042632383652,-0.0312402152165157));
#1942=DIRECTION('',(0.634352256320834,-0.773044122221149,0.));
#1943=DIRECTION('',(0.887827244521321,0.,0.46017690498946));
#1944=DIRECTION('',(0.46017690498946,0.,-0.887827244521321));
#1945=DIRECTION('',(-0.645942196731352,-5.04175969761037E-17,-0.763386323221654));
#1946=DIRECTION('',(-0.763386323221654,0.,0.645942196731352));
#1947=DIRECTION('',(7.80527998189789E-17,-1.,0.));
#1948=DIRECTION('',(7.80527998189789E-17,-1.,0.));
#1949=DIRECTION('',(-0.514270444690628,-4.01402480722548E-17,0.85762807190396));
#1950=DIRECTION('',(0.85762807190396,0.,0.514270444690628));
#1951=DIRECTION('',(-0.514270444690628,-4.01402480722548E-17,0.85762807190396));
#1952=DIRECTION('',(0.85762807190396,3.77484335069267E-16,0.514270444690628));
#1953=DIRECTION('',(7.80527998189789E-17,-1.,0.));
#1954=DIRECTION('',(-0.514270444690628,-4.01402480722548E-17,0.85762807190396));
#1955=DIRECTION('',(-0.85762807190396,-6.69402722154567E-17,-0.514270444690628));
#1956=DIRECTION('',(0.959999973212185,7.49306857353558E-17,0.280000091843922));
#1957=DIRECTION('',(0.280000091843922,0.,-0.959999973212185));
#1958=DIRECTION('',(0.959999973212185,7.49306857353558E-17,0.280000091843922));
#1959=DIRECTION('',(-0.280000091843922,-5.79374606950673E-16,0.959999973212185));
#1960=DIRECTION('',(7.80527998189789E-17,-1.,0.));
#1961=DIRECTION('',(7.80527998189789E-17,-1.,0.));
#1962=DIRECTION('',(0.959999973212185,7.49306857353558E-17,0.280000091843922));
#1963=DIRECTION('',(0.280000091843922,1.87469735002764E-16,-0.959999973212185));
#1964=DIRECTION('',(0.959999973212185,7.49306857353558E-17,0.280000091843922));
#1965=DIRECTION('',(0.280000091843922,0.,-0.959999973212185));
#1966=DIRECTION('',(7.80527998189789E-17,-1.,0.));
#1967=DIRECTION('',(0.959999973212185,7.49306857353558E-17,0.280000091843922));
#1968=DIRECTION('',(0.280000091843922,2.18547911179894E-17,-0.959999973212185));
#1969=DIRECTION('',(0.959999973212185,7.49306857353558E-17,0.280000091843922));
#1970=DIRECTION('',(-0.280000091843922,-2.18547911179893E-17,0.959999973212185));
#1971=DIRECTION('',(7.80527998189789E-17,-1.,0.));
#1972=DIRECTION('',(0.568030706321288,4.43363870115287E-17,0.823007361252704));
#1973=DIRECTION('',(0.823007361252704,0.,-0.568030706321288));
#1974=DIRECTION('',(0.568030706321288,4.43363870115287E-17,0.823007361252704));
#1975=DIRECTION('',(-0.823007361252704,3.0600490852912E-17,0.568030706321288));
#1976=DIRECTION('',(-0.823007361252704,-6.42380288174034E-17,0.568030706321288));
#1977=DIRECTION('',(-0.823007361252704,-1.9271408645221E-16,0.568030706321288));
#1978=DIRECTION('',(0.,0.,-1.));
#1979=DIRECTION('',(-1.,0.,0.));
#1980=DIRECTION('',(1.,2.34158399456937E-16,0.));
#1981=DIRECTION('',(1.,7.80527998189789E-17,0.));
#1982=DIRECTION('',(-1.,0.,0.));
#1983=DIRECTION('',(0.,0.,1.));
#1984=DIRECTION('',(-1.,-2.34158399456937E-16,0.));
#1985=DIRECTION('',(2.34158399456937E-16,-1.,0.));
#1986=DIRECTION('',(1.,7.80527998189789E-17,0.));
#1987=DIRECTION('',(-7.80527998189789E-17,1.,0.));
#1988=DIRECTION('',(1.,0.,-1.0927391974657E-15));
#1989=DIRECTION('',(-1.0927391974657E-15,0.,-1.));
#1990=DIRECTION('',(-0.823007361252704,-6.42380288174034E-17,0.568030706321288));
#1991=DIRECTION('',(0.568030706321288,0.,0.823007361252704));
#1992=DIRECTION('',(0.823007361252704,1.9271408645221E-16,-0.568030706321288));
#1993=DIRECTION('',(-0.568030706321288,0.,-0.823007361252704));
#1994=CARTESIAN_POINT('',(0.,0.,0.));
#1995=CARTESIAN_POINT('',(-0.079375,0.01778,-0.0127));
#1996=CARTESIAN_POINT('',(-0.078970966358104,0.01778,-0.0125821568125045));
#1997=CARTESIAN_POINT('',(-0.0856343594849494,0.01778,0.0102637543482661));
#1998=CARTESIAN_POINT('',(-0.0894277037023294,0.01778,0.0232695013217323));
#1999=CARTESIAN_POINT('',(-0.0856343594849494,0.01778,0.0102637543482661));
#2000=CARTESIAN_POINT('',(-0.0883527509345634,0.01778,0.0117096249848723));
#2001=CARTESIAN_POINT('',(-0.0912625362876992,0.01778,0.012614831630598));
#2002=CARTESIAN_POINT('',(-0.0942414770618824,0.01778,0.0133246828065486));
#2003=CARTESIAN_POINT('',(-0.0942414770618824,0.01778,0.0133246828065486));
#2004=CARTESIAN_POINT('',(-0.0942414770618868,0.01778,0.0255920529294015));
#2005=CARTESIAN_POINT('',(-0.0942414770618868,0.01778,0.0255920529294015));
#2006=CARTESIAN_POINT('',(-0.079375,0.01778,0.0255920529294015));
#2007=CARTESIAN_POINT('',(-0.05715,0.01778,0.0255920529294015));
#2008=CARTESIAN_POINT('',(-0.05715,0.01778,-0.0127));
#2009=CARTESIAN_POINT('',(-0.05715,0.01778,0.0232695013217323));
#2010=CARTESIAN_POINT('',(-0.0875756197098063,0.01778,0.0232695013217323));
#2011=CARTESIAN_POINT('',(-0.079375,-0.01778,-0.0127));
#2012=CARTESIAN_POINT('',(-0.0942414770618868,-0.01778,0.0133246828065496));
#2013=CARTESIAN_POINT('',(-0.091262536287702,-0.01778,0.0126148316305989));
#2014=CARTESIAN_POINT('',(-0.0883527509345646,-0.01778,0.011709624984873));
#2015=CARTESIAN_POINT('',(-0.0856343594849493,-0.01778,0.010263754348266));
#2016=CARTESIAN_POINT('',(-0.0942414770618868,-0.01778,0.0133246828065496));
#2017=CARTESIAN_POINT('',(-0.0856343594849493,-0.01778,0.0102637543482661));
#2018=CARTESIAN_POINT('',(-0.0873024638952397,-0.01778,0.0159829674336907));
#2019=CARTESIAN_POINT('',(-0.0894277037023294,-0.01778,0.0232695013217323));
#2020=CARTESIAN_POINT('',(-0.079375,-0.01778,0.0232695013217323));
#2021=CARTESIAN_POINT('',(-0.05715,-0.01778,0.0232695013217323));
#2022=CARTESIAN_POINT('',(-0.05715,-0.01778,-0.0127));
#2023=CARTESIAN_POINT('',(-0.05715,-0.01778,0.0255920529294015));
#2024=CARTESIAN_POINT('',(-0.1016,-0.01778,0.0255920529294015));
#2025=CARTESIAN_POINT('',(-0.0942414770618868,-0.01778,0.0255920529294015));
#2026=CARTESIAN_POINT('',(-0.0942414770618868,-0.01778,-0.0127));
#2027=CARTESIAN_POINT('',(-0.079375,-0.01778,-0.0127));
#2028=CARTESIAN_POINT('',(-0.0685863196849823,-0.01778,-0.005461));
#2029=CARTESIAN_POINT('',(-0.0669353196849823,-0.01778,-0.005461));
#2030=CARTESIAN_POINT('',(-0.0558082982897759,-0.01778,0.0056489696726203));
#2031=CARTESIAN_POINT('',(-0.05715,-0.01778,0.00484442798635374));
#2032=CARTESIAN_POINT('',(-0.0712107263277176,-0.01778,-0.00358698443835327));
#2033=CARTESIAN_POINT('',(-0.0724804494641457,-0.01778,-0.00271063537518093));
#2034=CARTESIAN_POINT('',(-0.0782891177372076,-0.01778,0.00129844412674631));
#2035=CARTESIAN_POINT('',(-0.0782891177372076,-0.01778,0.00129844412674631));
#2036=CARTESIAN_POINT('',(-0.0782555228782374,-0.01778,0.00110569083111769));
#2037=CARTESIAN_POINT('',(-0.0782271867365715,-0.01778,0.000911419270637781));
#2038=CARTESIAN_POINT('',(-0.0782041659694421,-0.01778,0.000715613087575352));
#2039=CARTESIAN_POINT('',(-0.0782041659694421,-0.01778,0.000715613087575358));
#2040=CARTESIAN_POINT('',(-0.0782041659694418,-0.01778,0.000715613087575403));
#2041=CARTESIAN_POINT('',(-0.0778111086443679,-0.01778,-0.000990478451293084));
#2042=CARTESIAN_POINT('',(-0.0771657331221557,-0.01778,-0.00264508866081225));
#2043=CARTESIAN_POINT('',(-0.0760664753979438,-0.01778,-0.00401098533595626));
#2044=CARTESIAN_POINT('',(-0.0760664753979438,-0.01778,-0.00401098533595625));
#2045=CARTESIAN_POINT('',(-0.076855942606926,-0.01778,-0.005461));
#2046=CARTESIAN_POINT('',(-0.075342551147543,-0.01778,-0.00480111569902999));
#2047=CARTESIAN_POINT('',(-0.075342551147538,-0.01778,-0.00480111569902405));
#2048=CARTESIAN_POINT('',(-0.0747915412528067,-0.01778,-0.00532922113205193));
#2049=CARTESIAN_POINT('',(-0.0735283711845204,-0.01778,-0.00623063115117987));
#2050=CARTESIAN_POINT('',(-0.0706895080720236,-0.01778,-0.00735713315249124));
#2051=CARTESIAN_POINT('',(-0.0683865066157016,-0.01778,-0.00765441189848692));
#2052=CARTESIAN_POINT('',(-0.0668646377750793,-0.01778,-0.00771858432203298));
#2053=CARTESIAN_POINT('',(-0.0668646377750793,-0.01778,-0.00771858432203298));
#2054=CARTESIAN_POINT('',(-0.0668646377750797,-0.01778,-0.00771858432203246));
#2055=CARTESIAN_POINT('',(-0.0661175299360128,-0.01778,-0.00707783533883259));
#2056=CARTESIAN_POINT('',(-0.0646143523334012,-0.01778,-0.00580676187148633));
#2057=CARTESIAN_POINT('',(-0.0614265655642314,-0.01778,-0.00349252850279688));
#2058=CARTESIAN_POINT('',(-0.0588980820217134,-0.01778,-0.00198718523224187));
#2059=CARTESIAN_POINT('',(-0.05715,-0.01778,-0.00108112273034885));
#2060=CARTESIAN_POINT('',(-0.05715,-0.01778,-0.00108112273034887));
#2061=CARTESIAN_POINT('',(-0.05715,-0.01778,-0.0127));
#2062=CARTESIAN_POINT('',(-0.05715,-0.01778,-0.0012411617843074));
#2063=CARTESIAN_POINT('',(-0.05715,-0.01778,0.0257520919833601));
#2064=CARTESIAN_POINT('',(-0.04704751756112,-0.01778,-0.0012411617843074));
#2065=CARTESIAN_POINT('',(-0.04704751756112,-0.01778,0.0257520919833601));
#2066=CARTESIAN_POINT('',(-0.0397552092623733,-0.0162295094571511,-0.0012411617843074));
#2067=CARTESIAN_POINT('',(-0.0397552092623733,-0.0162295094571511,0.0257520919833601));
#2068=CARTESIAN_POINT('',(-0.0352730751037598,-0.0131285283714533,-0.0012411617843074));
#2069=CARTESIAN_POINT('',(-0.0352730751037598,-0.0131285283714533,0.0257520919833601));
#2070=CARTESIAN_POINT('',(-0.0501461612340089,-0.0174933766780618,0.0232695013217323));
#2071=CARTESIAN_POINT('',(-0.0483527342103151,-0.0173348294167471,0.0219026426044439));
#2072=CARTESIAN_POINT('',(-0.0447466577032433,-0.0168656671348853,0.0192088490205677));
#2073=CARTESIAN_POINT('',(-0.0411104230869548,-0.0159213413509625,0.0166994929455689));
#2074=CARTESIAN_POINT('',(-0.0392881564901326,-0.0152131425172765,0.0155551527232682));
#2075=CARTESIAN_POINT('',(-0.0501461612340089,-0.0174933766780618,0.0232695013217323));
#2076=CARTESIAN_POINT('',(-0.0392881564901324,-0.0152131425172765,0.0155551527232682));
#2077=CARTESIAN_POINT('',(-0.0392881564901327,-0.0152131425172766,0.0155551527232683));
#2078=CARTESIAN_POINT('',(-0.0421570692882087,-0.0163281059924822,0.0138348299997248));
#2079=CARTESIAN_POINT('',(-0.048117519863863,-0.0175089777545359,0.0102606891005195));
#2080=CARTESIAN_POINT('',(-0.0541355404673821,-0.01778,0.00665202675221469));
#2081=CARTESIAN_POINT('',(-0.05715,-0.01778,0.00484442798635374));
#2082=CARTESIAN_POINT('',(-0.05715,-0.01778,-0.00108112273034888));
#2083=CARTESIAN_POINT('',(-0.0541789983498457,-0.0177799991881507,0.000359764765254681));
#2084=CARTESIAN_POINT('',(-0.0495217010069214,-0.0175938742216833,0.00209171117414));
#2085=CARTESIAN_POINT('',(-0.0432073382944808,-0.0165208637097347,0.00364001732921944));
#2086=CARTESIAN_POINT('',(-0.0401161220881611,-0.0155778839829922,0.00417756874695476));
#2087=CARTESIAN_POINT('',(-0.0386010674492424,-0.0149338238778688,0.00439506203351398));
#2088=CARTESIAN_POINT('',(-0.0386010670661662,-0.0149338237150205,0.00439506208850639));
#2089=CARTESIAN_POINT('',(-0.0386010670661662,-0.0149338237150205,0.00439506208850641));
#2090=CARTESIAN_POINT('',(-0.0382026152349098,-0.0147644391035804,0.00445226173855523));
#2091=CARTESIAN_POINT('',(-0.0378062127483509,-0.0145825861833058,0.00449732784515159));
#2092=CARTESIAN_POINT('',(-0.0374130701643298,-0.0143861663622904,0.00453228274701801));
#2093=CARTESIAN_POINT('',(-0.0374130701643297,-0.0143861663622903,0.00453228274701787));
#2094=CARTESIAN_POINT('',(-0.0374130701643297,-0.0143861663622903,0.00453228274701787));
#2095=CARTESIAN_POINT('',(-0.0366716827027097,-0.0140157582750148,0.0045982006277456));
#2096=CARTESIAN_POINT('',(-0.0359539180736504,-0.0135995701460354,0.00465657472310452));
#2097=CARTESIAN_POINT('',(-0.0352730751037598,-0.0131285283714533,0.00470704871825429));
#2098=CARTESIAN_POINT('',(-0.0352730751037598,-0.0131285283714533,0.00470704871825428));
#2099=CARTESIAN_POINT('',(-0.0352730751037598,-0.0131285283714533,-0.0127));
#2100=CARTESIAN_POINT('',(-0.0352730751037598,-0.0131285283714533,0.0170089210745892));
#2101=CARTESIAN_POINT('',(-0.0352730751037598,-0.0131285283714533,0.0170089210745891));
#2102=CARTESIAN_POINT('',(-0.0367687471376789,-0.0141633108717805,0.0179433056817887));
#2103=CARTESIAN_POINT('',(-0.0400156543682175,-0.0156635136794792,0.0200266557437996));
#2104=CARTESIAN_POINT('',(-0.0452548945147131,-0.0169614446153013,0.0229033575650354));
#2105=CARTESIAN_POINT('',(-0.0509986021197209,-0.0176509562223012,0.0250415764104566));
#2106=CARTESIAN_POINT('',(-0.055105278930952,-0.0177799993797435,0.0255920529294016));
#2107=CARTESIAN_POINT('',(-0.05715,-0.01778,0.0255920529294016));
#2108=CARTESIAN_POINT('',(-0.05715,-0.01778,0.0232695013217323));
#2109=CARTESIAN_POINT('',(-0.0548114771779504,-0.01778,0.0232695013217323));
#2110=CARTESIAN_POINT('',(-0.0524762541321974,-0.0176993676879141,0.0232695013217323));
#2111=CARTESIAN_POINT('',(-0.0501461612340089,-0.0174933766780618,0.0232695013217323));
#2112=CARTESIAN_POINT('',(-0.05715,0.01778,-0.0012411617843074));
#2113=CARTESIAN_POINT('',(-0.05715,0.01778,0.0257520919833601));
#2114=CARTESIAN_POINT('',(-0.04704751756112,0.01778,-0.0012411617843074));
#2115=CARTESIAN_POINT('',(-0.04704751756112,0.01778,0.0257520919833601));
#2116=CARTESIAN_POINT('',(-0.0397552092623733,0.0162295094571511,-0.0012411617843074));
#2117=CARTESIAN_POINT('',(-0.0397552092623733,0.0162295094571511,0.0257520919833601));
#2118=CARTESIAN_POINT('',(-0.0352730751037598,0.0131285283714533,-0.0012411617843074));
#2119=CARTESIAN_POINT('',(-0.0352730751037598,0.0131285283714533,0.0257520919833601));
#2120=CARTESIAN_POINT('',(-0.0392881564901324,0.0152131425172765,0.0155551527232682));
#2121=CARTESIAN_POINT('',(-0.0411104230869547,0.0159213413509626,0.0166994929455688));
#2122=CARTESIAN_POINT('',(-0.0447466577031695,0.0168656671340398,0.0192088490208231));
#2123=CARTESIAN_POINT('',(-0.0483527342104627,0.0173348294184379,0.021902642603933));
#2124=CARTESIAN_POINT('',(-0.0501461612340088,0.0174933766780618,0.0232695013217323));
#2125=CARTESIAN_POINT('',(-0.0392881564901324,0.0152131425172765,0.0155551527232682));
#2126=CARTESIAN_POINT('',(-0.0501461612340088,0.0174933766780618,0.0232695013217323));
#2127=CARTESIAN_POINT('',(-0.0501461612340088,0.0174933766780618,0.0232695013217323));
#2128=CARTESIAN_POINT('',(-0.0524762541321084,0.017699367690086,0.0232695013217324));
#2129=CARTESIAN_POINT('',(-0.0548114771779503,0.01778,0.0232695013217324));
#2130=CARTESIAN_POINT('',(-0.05715,0.01778,0.0232695013217323));
#2131=CARTESIAN_POINT('',(-0.05715,0.01778,0.0255920529294015));
#2132=CARTESIAN_POINT('',(-0.0550992106855959,0.01778,0.0255920503249175));
#2133=CARTESIAN_POINT('',(-0.0510012609024704,0.0176508461563601,0.025041478554153));
#2134=CARTESIAN_POINT('',(-0.0452546906288509,0.0169618288774982,0.0229037038403594));
#2135=CARTESIAN_POINT('',(-0.0400138111289171,0.0156620866966327,0.0200253684988074));
#2136=CARTESIAN_POINT('',(-0.0367731842456161,0.0141663844263506,0.0179460785767853));
#2137=CARTESIAN_POINT('',(-0.0352730751037598,0.0131285283714533,0.0170089210745891));
#2138=CARTESIAN_POINT('',(-0.0352730751037598,0.0131285283714533,0.0170089210745892));
#2139=CARTESIAN_POINT('',(-0.0352730751037598,0.0131285283714533,-0.0127));
#2140=CARTESIAN_POINT('',(-0.0352730751037598,0.0131285283714533,0.00470704871825428));
#2141=CARTESIAN_POINT('',(-0.0352730751037598,0.0131285283714533,0.00470704871825429));
#2142=CARTESIAN_POINT('',(-0.0359539171571313,0.0135995714627886,0.00465657464861315));
#2143=CARTESIAN_POINT('',(-0.0366716827026421,0.0140157582751319,0.00459820062776032));
#2144=CARTESIAN_POINT('',(-0.0374130701643297,0.0143861663622903,0.00453228274701787));
#2145=CARTESIAN_POINT('',(-0.0374130701643297,0.0143861663622903,0.00453228274701787));
#2146=CARTESIAN_POINT('',(-0.0374130701643297,0.0143861663622903,0.00453228274701786));
#2147=CARTESIAN_POINT('',(-0.0378062127484252,0.0145825861834229,0.00449732784513065));
#2148=CARTESIAN_POINT('',(-0.0382026152351147,0.0147644391036744,0.00445226173853192));
#2149=CARTESIAN_POINT('',(-0.038601067066475,0.0149338237151518,0.00439506208846206));
#2150=CARTESIAN_POINT('',(-0.0386010670664751,0.0149338237151518,0.00439506208846205));
#2151=CARTESIAN_POINT('',(-0.0386010670664751,0.0149338237151518,0.00439506208846204));
#2152=CARTESIAN_POINT('',(-0.0401161217696613,0.0155778838740374,0.00417756880022069));
#2153=CARTESIAN_POINT('',(-0.0432070751531091,0.0165205284917387,0.00364023390332004));
#2154=CARTESIAN_POINT('',(-0.0479440307417747,0.0173267947684817,0.00247802984604134));
#2155=CARTESIAN_POINT('',(-0.0526231476898398,0.0177136000892412,0.000939895042715937));
#2156=CARTESIAN_POINT('',(-0.055677422924915,0.01778,-0.000366947836052026));
#2157=CARTESIAN_POINT('',(-0.05715,0.01778,-0.00108112273034888));
#2158=CARTESIAN_POINT('',(-0.05715,0.01778,-0.00108112273034887));
#2159=CARTESIAN_POINT('',(-0.05715,0.01778,-0.0127));
#2160=CARTESIAN_POINT('',(-0.05715,0.01778,0.00484442798635374));
#2161=CARTESIAN_POINT('',(-0.0392881564901327,0.0152131425172766,0.0155551527232683));
#2162=CARTESIAN_POINT('',(-0.0421570692882087,0.0163281059924822,0.0138348299997248));
#2163=CARTESIAN_POINT('',(-0.048117519863863,0.0175089777545359,0.0102606891005195));
#2164=CARTESIAN_POINT('',(-0.0541355404673821,0.01778,0.00665202675221468));
#2165=CARTESIAN_POINT('',(-0.05715,0.01778,0.00484442798635373));
#2166=CARTESIAN_POINT('',(-0.079375,0.01778,-0.0127));
#2167=CARTESIAN_POINT('',(-0.0685863196849823,0.01778,-0.005461));
#2168=CARTESIAN_POINT('',(-0.0669353196849823,0.01778,-0.005461));
#2169=CARTESIAN_POINT('',(-0.0782041659694422,0.01778,0.000715613087575358));
#2170=CARTESIAN_POINT('',(-0.0782271867365716,0.01778,0.000911419270637755));
#2171=CARTESIAN_POINT('',(-0.0782555228782374,0.01778,0.00110569083111764));
#2172=CARTESIAN_POINT('',(-0.0782891177372076,0.01778,0.00129844412674623));
#2173=CARTESIAN_POINT('',(-0.0782041659694422,0.01778,0.000715613087575358));
#2174=CARTESIAN_POINT('',(-0.0782891177372076,0.01778,0.00129844412674624));
#2175=CARTESIAN_POINT('',(-0.0688358520851501,0.01778,-0.00522609674395467));
#2176=CARTESIAN_POINT('',(-0.0712107263277176,0.01778,-0.00358698443835326));
#2177=CARTESIAN_POINT('',(-0.0812350819034704,0.01778,-0.00959801645627055));
#2178=CARTESIAN_POINT('',(-0.05715,0.01778,-0.00108112273034886));
#2179=CARTESIAN_POINT('',(-0.0588980820217135,0.01778,-0.00198718523224194));
#2180=CARTESIAN_POINT('',(-0.0614265655642317,0.01778,-0.00349252850279705));
#2181=CARTESIAN_POINT('',(-0.0646143523334016,0.01778,-0.0058067618714867));
#2182=CARTESIAN_POINT('',(-0.0661175299360134,0.01778,-0.00707783533883304));
#2183=CARTESIAN_POINT('',(-0.0668646377750803,0.01778,-0.00771858432203295));
#2184=CARTESIAN_POINT('',(-0.0668646377750803,0.01778,-0.00771858432203294));
#2185=CARTESIAN_POINT('',(-0.0668646377750803,0.01778,-0.00771858432203294));
#2186=CARTESIAN_POINT('',(-0.0683865066157054,0.01778,-0.0076544118984867));
#2187=CARTESIAN_POINT('',(-0.0706895080720316,0.01778,-0.0073571331524901));
#2188=CARTESIAN_POINT('',(-0.0735283711845331,0.01778,-0.00623063115117352));
#2189=CARTESIAN_POINT('',(-0.0747915412528199,0.01778,-0.00532922113204162));
#2190=CARTESIAN_POINT('',(-0.0753425511475511,0.01778,-0.00480111569901146));
#2191=CARTESIAN_POINT('',(-0.0753425511475511,0.01778,-0.00480111569901147));
#2192=CARTESIAN_POINT('',(-0.076855942606926,0.01778,-0.005461));
#2193=CARTESIAN_POINT('',(-0.0760664753979656,0.01778,-0.00401098533594441));
#2194=CARTESIAN_POINT('',(-0.0760664753979573,0.01778,-0.00401098533593952));
#2195=CARTESIAN_POINT('',(-0.0771657331221609,0.01778,-0.00264508866079879));
#2196=CARTESIAN_POINT('',(-0.0778111086443695,0.01778,-0.000990478451286143));
#2197=CARTESIAN_POINT('',(-0.0782041659694418,0.01778,0.000715613087575412));
#2198=CARTESIAN_POINT('',(-0.05715,0.,0.02032));
#2199=CARTESIAN_POINT('',(-0.1016,0.,0.02032));
#2200=CARTESIAN_POINT('',(-0.1016,0.00802190305212979,0.0226785299912883));
#2201=CARTESIAN_POINT('',(-0.1016,0.00734029893155834,0.0163158017165805));
#2202=CARTESIAN_POINT('',(-0.1016,0.00734029893155834,0.0163158017165805));
#2203=CARTESIAN_POINT('',(-0.1016,0.00660602182076811,0.0149697611086218));
#2204=CARTESIAN_POINT('',(-0.101054865498997,0.00500008818366217,0.0133404926845155));
#2205=CARTESIAN_POINT('',(-0.100334360252134,0.00227595803605783,0.0121699985146212));
#2206=CARTESIAN_POINT('',(-0.100090511318695,5.29787083189371E-6,0.0118540239634894));
#2207=CARTESIAN_POINT('',(-0.100331176295369,-0.0022606755933783,0.0121653099527953));
#2208=CARTESIAN_POINT('',(-0.101055146745963,-0.00500367565848424,0.0133401546255332));
#2209=CARTESIAN_POINT('',(-0.1016,-0.00660536354434315,0.0149685543887252));
#2210=CARTESIAN_POINT('',(-0.1016,-0.00734029893155833,0.0163158017165805));
#2211=CARTESIAN_POINT('',(-0.1016,-0.00734029893155834,0.0163158017165805));
#2212=CARTESIAN_POINT('',(-0.1016,0.,0.02032));
#2213=CARTESIAN_POINT('',(-0.1016,-0.00802190305212979,0.0226785299912883));
#2214=CARTESIAN_POINT('',(-0.1016,-0.00802190305212979,0.0226785299912883));
#2215=CARTESIAN_POINT('',(-0.1016,-0.00775404226638579,0.0235895861417899));
#2216=CARTESIAN_POINT('',(-0.101261644044022,-0.00692014519965041,0.0252689318739063));
#2217=CARTESIAN_POINT('',(-0.100192889789963,-0.00504742787511595,0.0271488109491928));
#2218=CARTESIAN_POINT('',(-0.0991947240986257,-0.00315665364817006,0.0281493358223758));
#2219=CARTESIAN_POINT('',(-0.0986161453697625,-0.00141580028023116,0.0285994750919944));
#2220=CARTESIAN_POINT('',(-0.0984387986143172,-7.88603648034735E-6,0.0287218788382149));
#2221=CARTESIAN_POINT('',(-0.0986131648544858,0.00140536285786176,0.0286016009272452));
#2222=CARTESIAN_POINT('',(-0.0991927845630972,0.00315324618694847,0.0281514169746114));
#2223=CARTESIAN_POINT('',(-0.100192442575097,0.00504674116740749,0.0271479503602971));
#2224=CARTESIAN_POINT('',(-0.101257886590628,0.00691256020222351,0.0252802957477121));
#2225=CARTESIAN_POINT('',(-0.1016,0.00775424740434502,0.0235888884204011));
#2226=CARTESIAN_POINT('',(-0.1016,0.0080219030521298,0.0226785299912883));
#2227=CARTESIAN_POINT('',(-0.0885674321773048,0.,0.02032));
#2228=CARTESIAN_POINT('',(-0.0863347116306855,-0.00336362422341257,0.0126649608504431));
#2229=CARTESIAN_POINT('',(-0.0875756197098063,-0.00763873032883575,0.0169195013217323));
#2230=CARTESIAN_POINT('',(-0.105849037178099,0.,0.02032));
#2231=CARTESIAN_POINT('',(-0.0863347116306856,0.00336362422341259,0.0126649608504432));
#2232=CARTESIAN_POINT('',(-0.0885674321773048,0.,0.02032));
#2233=CARTESIAN_POINT('',(-0.0875756197098063,0.00763873032883584,0.0169195013217323));
#2234=CARTESIAN_POINT('',(-0.05715,0.0076387303288358,0.0169195013217323));
#2235=CARTESIAN_POINT('',(-0.05715,0.0076387303288358,0.0169195013217323));
#2236=CARTESIAN_POINT('',(-0.05715,0.,0.02032));
#2237=CARTESIAN_POINT('',(-0.05715,-0.0076387303288358,0.0169195013217323));
#2238=CARTESIAN_POINT('',(-0.05715,-0.0076387303288358,0.0169195013217323));
#2239=CARTESIAN_POINT('',(-0.05715,-6.93889390390723E-18,0.0127));
#2240=CARTESIAN_POINT('',(-0.05715,-6.93889390390723E-18,0.0169195013217323));
#2241=CARTESIAN_POINT('',(-0.1016,-3.46944695195361E-18,-0.0127));
#2242=CARTESIAN_POINT('',(-0.1016,0.0104214770618868,0.0146715730645025));
#2243=CARTESIAN_POINT('',(-0.1016,0.0104214770618868,0.0226785299912883));
#2244=CARTESIAN_POINT('',(-0.1016,0.0104214770618868,0.0163158017165805));
#2245=CARTESIAN_POINT('',(-0.1016,-0.013335,0.0163158017165805));
#2246=CARTESIAN_POINT('',(-0.1016,0.013335,0.0226785299912883));
#2247=CARTESIAN_POINT('',(-0.1016,-3.46944695195361E-18,-0.0127));
#2248=CARTESIAN_POINT('',(-0.1016,-0.013335,0.0163158017165805));
#2249=CARTESIAN_POINT('',(-0.1016,-0.0104214770618868,0.0163158017165805));
#2250=CARTESIAN_POINT('',(-0.1016,-0.0104214770618868,-0.0127));
#2251=CARTESIAN_POINT('',(-0.1016,-0.0104214770618868,0.0226785299912883));
#2252=CARTESIAN_POINT('',(-0.1016,0.013335,0.0226785299912883));
#2253=CARTESIAN_POINT('',(-0.00238835811614989,-3.46944695195361E-18,-0.0127));
#2254=CARTESIAN_POINT('',(0.0452499908953905,-0.00786464946344494,-0.0127));
#2255=CARTESIAN_POINT('',(0.0453433709964156,-0.00787373076193034,-0.0127));
#2256=CARTESIAN_POINT('',(0.0454367510974407,-0.00788281206041574,-0.0127));
#2257=CARTESIAN_POINT('',(0.0547747611999512,-0.00879094190895556,-0.0127));
#2258=CARTESIAN_POINT('',(0.1016,0.,-0.0127));
#2259=CARTESIAN_POINT('',(0.0912388545678423,-0.00190937008319542,-0.0127));
#2260=CARTESIAN_POINT('',(0.0949495985893819,-0.00123430019078089,-0.0127));
#2261=CARTESIAN_POINT('',(0.0912388545678411,-0.00190937008319563,-0.0127));
#2262=CARTESIAN_POINT('',(0.0895893535231311,-0.00220705564269225,-0.0127));
#2263=CARTESIAN_POINT('',(0.0862825284810036,-0.00265123509520285,-0.0127));
#2264=CARTESIAN_POINT('',(0.0821324652499154,-0.00280699745559335,-0.0127));
#2265=CARTESIAN_POINT('',(0.0787908525674616,-0.00260192517377402,-0.0127));
#2266=CARTESIAN_POINT('',(0.0762892914891258,-0.00222429188758854,-0.0127));
#2267=CARTESIAN_POINT('',(0.0738656818879152,-0.00152020594155971,-0.0127));
#2268=CARTESIAN_POINT('',(0.0723647455132843,-0.000656325577204769,-0.0127));
#2269=CARTESIAN_POINT('',(0.07183175235354,1.15199253987357E-16,-0.0127));
#2270=CARTESIAN_POINT('',(0.0718317523535398,-8.09069318961665E-18,-0.0127));
#2271=CARTESIAN_POINT('',(0.0718317523535398,-4.99332113336307E-17,-0.0127));
#2272=CARTESIAN_POINT('',(0.0720983387177363,0.000328273348648899,-0.0127));
#2273=CARTESIAN_POINT('',(0.0727617175487461,0.000874214313269961,-0.0127));
#2274=CARTESIAN_POINT('',(0.0742699969565007,0.00164216496123036,-0.0127));
#2275=CARTESIAN_POINT('',(0.0762926666369222,0.00222302155277793,-0.0127));
#2276=CARTESIAN_POINT('',(0.0787734308333245,0.00260030854432076,-0.0127));
#2277=CARTESIAN_POINT('',(0.0821297920310945,0.00280753273137496,-0.0127));
#2278=CARTESIAN_POINT('',(0.0862806239431034,0.00265129320592152,-0.0127));
#2279=CARTESIAN_POINT('',(0.0895895099140751,0.00220702741880853,-0.0127));
#2280=CARTESIAN_POINT('',(0.0912388545678411,0.00190937008319563,-0.0127));
#2281=CARTESIAN_POINT('',(0.0912388545678423,0.00190937008319543,-0.0127));
#2282=CARTESIAN_POINT('',(0.0452499908953905,0.00786464946344495,-0.0127));
#2283=CARTESIAN_POINT('',(0.0453433709964156,0.00787373076193035,-0.0127));
#2284=CARTESIAN_POINT('',(0.0454367510974407,0.00788281206041575,-0.0127));
#2285=CARTESIAN_POINT('',(0.0547747611999512,0.00879094190895557,-0.0127));
#2286=CARTESIAN_POINT('',(0.1016,0.,-0.0127));
#2287=CARTESIAN_POINT('',(0.0949495985893819,0.00123430019078089,-0.0127));
#2288=CARTESIAN_POINT('',(0.0949495985893819,0.00123430019078089,-0.0127));
#2289=CARTESIAN_POINT('',(0.0961673564592387,0.00101105706973455,-0.0127));
#2290=CARTESIAN_POINT('',(0.0973229150603597,0.000617301274681146,-0.0127));
#2291=CARTESIAN_POINT('',(0.0983969291930535,-1.40947633829441E-17,-0.0127));
#2292=CARTESIAN_POINT('',(0.0983969291930535,3.28316732557274E-18,-0.0127));
#2293=CARTESIAN_POINT('',(0.0983969291930535,1.96183459854967E-18,-0.0127));
#2294=CARTESIAN_POINT('',(0.0973372382779833,-0.000609068849960244,-0.0127));
#2295=CARTESIAN_POINT('',(0.0961609364556008,-0.00101223400456267,-0.0127));
#2296=CARTESIAN_POINT('',(0.0949495985893819,-0.00123430019078089,-0.0127));
#2297=CARTESIAN_POINT('',(-0.0352730751037598,-0.0131285283714533,0.00441864955885437));
#2298=CARTESIAN_POINT('',(-0.0352730751037598,-0.0131285283714533,0.0184806475497433));
#2299=CARTESIAN_POINT('',(-0.0323187733689944,-0.0088709822545449,0.00441864955885437));
#2300=CARTESIAN_POINT('',(-0.0323187733689944,-0.0088709822545449,0.0184806475497433));
#2301=CARTESIAN_POINT('',(-0.0276639151076476,-0.00712241015086572,0.00441864955885437));
#2302=CARTESIAN_POINT('',(-0.0276639151076476,-0.00712241015086572,0.0184806475497433));
#2303=CARTESIAN_POINT('',(-0.0213085003197193,-0.00788281206041575,0.00441864955885437));
#2304=CARTESIAN_POINT('',(-0.0213085003197193,-0.00788281206041575,0.0184806475497433));
#2305=CARTESIAN_POINT('',(-0.0352730751037598,-0.0131285283714533,0.00470704871825429));
#2306=CARTESIAN_POINT('',(-0.0352730751037598,-0.0131285283714533,0.00463856158028495));
#2307=CARTESIAN_POINT('',(-0.0352712925307462,-0.0131259575998377,0.00457021833633339));
#2308=CARTESIAN_POINT('',(-0.0352676961765441,-0.01312078209056,0.00450202108844463));
#2309=CARTESIAN_POINT('',(-0.0352676961765521,-0.0131207820905716,0.00450202108844462));
#2310=CARTESIAN_POINT('',(-0.0352676961765521,-0.0131207820905716,0.00450202108844462));
#2311=CARTESIAN_POINT('',(-0.03451118603381,-0.0120320891970624,0.00464558094754298));
#2312=CARTESIAN_POINT('',(-0.0327116534219304,-0.0100983108791647,0.00499330915803849));
#2313=CARTESIAN_POINT('',(-0.0291740223152527,-0.00826832349112114,0.005592394481693));
#2314=CARTESIAN_POINT('',(-0.0252560302626589,-0.00760413256549824,0.00607424614460796));
#2315=CARTESIAN_POINT('',(-0.022628793457457,-0.0077248453570674,0.00629791153809136));
#2316=CARTESIAN_POINT('',(-0.0213085003197193,-0.00788281206041575,0.00639208752011068));
#2317=CARTESIAN_POINT('',(-0.0213085003197193,-0.00788281206041574,0.00639208752011067));
#2318=CARTESIAN_POINT('',(-0.0213085003197193,-0.00788281206041574,-0.0127));
#2319=CARTESIAN_POINT('',(-0.0213085003197193,-0.00788281206041573,0.0115101706832164));
#2320=CARTESIAN_POINT('',(-0.0326853837233911,-0.0103641287920821,0.01741123540688));
#2321=CARTESIAN_POINT('',(-0.0319112371163701,-0.00976032147234379,0.0168571093020757));
#2322=CARTESIAN_POINT('',(-0.0306826125122178,-0.00903740463342212,0.0159774440024011));
#2323=CARTESIAN_POINT('',(-0.0289281654993704,-0.00837616492891699,0.0147222385437391));
#2324=CARTESIAN_POINT('',(-0.0270356850819664,-0.00788874634614809,0.0136883912313826));
#2325=CARTESIAN_POINT('',(-0.024480471006087,-0.00763069266442139,0.012576229442643));
#2326=CARTESIAN_POINT('',(-0.0223689429802424,-0.00775593401217856,0.0118461354580621));
#2327=CARTESIAN_POINT('',(-0.0213085003197193,-0.00788281206041575,0.0115101706832164));
#2328=CARTESIAN_POINT('',(-0.0326853837233909,-0.0103641287920822,0.0174112354068801));
#2329=CARTESIAN_POINT('',(-0.0326853837233909,-0.0103641287920822,0.0174112354068801));
#2330=CARTESIAN_POINT('',(-0.0329499320548107,-0.0105704672523771,0.0176385849539177));
#2331=CARTESIAN_POINT('',(-0.0334770041199453,-0.0110170049583072,0.01804547758538));
#2332=CARTESIAN_POINT('',(-0.0341588949759276,-0.0117122478883788,0.0183843491451235));
#2333=CARTESIAN_POINT('',(-0.0346866097630469,-0.0123362464471403,0.0183999549534692));
#2334=CARTESIAN_POINT('',(-0.0350409438708478,-0.012799147281927,0.0181521883983618));
#2335=CARTESIAN_POINT('',(-0.035241583419081,-0.0130827222598755,0.0176202471508043));
#2336=CARTESIAN_POINT('',(-0.0352730751037598,-0.0131285283714533,0.0172134352698665));
#2337=CARTESIAN_POINT('',(-0.0352730751037598,-0.0131285283714533,0.0170089210745892));
#2338=CARTESIAN_POINT('',(0.0120641253888607,-0.00788281206041574,-0.0127));
#2339=CARTESIAN_POINT('',(-0.0213085003197193,-0.00788281206041575,0.00639208752011067));
#2340=CARTESIAN_POINT('',(-0.0213085003197193,-0.00788281206041575,0.00637723552423445));
#2341=CARTESIAN_POINT('',(-0.021308063405115,-0.00788281206041574,0.00636239641878743));
#2342=CARTESIAN_POINT('',(-0.0213071869136307,-0.00788281206041574,0.00634757028231555));
#2343=CARTESIAN_POINT('',(-0.0213071869136307,-0.00788281206041574,0.00634757028231555));
#2344=CARTESIAN_POINT('',(-0.0213071869136307,-0.00788281206041575,0.0063475702823148));
#2345=CARTESIAN_POINT('',(-0.01571354250822,-0.00788281206041575,0.0066862333524362));
#2346=CARTESIAN_POINT('',(-0.0045319638384726,-0.00788281206041575,0.00700770194153597));
#2347=CARTESIAN_POINT('',(0.01225147711349,-0.00788281206041575,0.00636762203172917));
#2348=CARTESIAN_POINT('',(0.0289598388490201,-0.00788281206041576,0.00455276280162976));
#2349=CARTESIAN_POINT('',(0.0399629709006381,-0.00788281206041574,0.00254746182432141));
#2350=CARTESIAN_POINT('',(0.0454367510974407,-0.00788281206041574,0.00134087369012637));
#2351=CARTESIAN_POINT('',(0.0454367510974407,-0.00788281206041574,0.00134087369012636));
#2352=CARTESIAN_POINT('',(0.0454367510974407,-0.00788281206041574,-0.0127));
#2353=CARTESIAN_POINT('',(0.0454367510974407,-0.00788281206041574,0.00678426267880645));
#2354=CARTESIAN_POINT('',(0.0124897568084968,-0.00788281206041574,0.00747919984478966));
#2355=CARTESIAN_POINT('',(0.00334756169468161,-0.00788281206041572,0.00767203234136105));
#2356=CARTESIAN_POINT('',(-0.00843482641503232,-0.00788281206041574,0.0145004629157482));
#2357=CARTESIAN_POINT('',(0.045318453864135,-0.0078713075484924,-0.0127));
#2358=CARTESIAN_POINT('',(0.045318453864135,-0.0078713075484924,0.00690116825487929));
#2359=CARTESIAN_POINT('',(0.0460489544398297,-0.00794234938394574,-0.0127));
#2360=CARTESIAN_POINT('',(0.0460489544398297,-0.00794234938394574,0.00690116825487929));
#2361=CARTESIAN_POINT('',(0.0477921412888332,-0.00801142314120472,-0.0127));
#2362=CARTESIAN_POINT('',(0.0477921412888332,-0.00801142314120472,0.00690116825487929));
#2363=CARTESIAN_POINT('',(0.0527166632488634,-0.00777747851458786,-0.0127));
#2364=CARTESIAN_POINT('',(0.0527166632488634,-0.00777747851458786,0.00690116825487929));
#2365=CARTESIAN_POINT('',(0.064918901506991,-0.00644070295230367,-0.0127));
#2366=CARTESIAN_POINT('',(0.064918901506991,-0.00644070295230367,0.00690116825487929));
#2367=CARTESIAN_POINT('',(0.0815819943248606,-0.00368972609128608,-0.0127));
#2368=CARTESIAN_POINT('',(0.0815819943248606,-0.00368972609128608,0.00690116825487929));
#2369=CARTESIAN_POINT('',(0.0954414618933747,-0.0011440427307869,-0.0127));
#2370=CARTESIAN_POINT('',(0.0954414618933747,-0.0011440427307869,0.00690116825487929));
#2371=CARTESIAN_POINT('',(0.0454367510974407,-0.00788281206041574,0.00134087369012637));
#2372=CARTESIAN_POINT('',(0.0454367510974407,-0.00788281206041574,0.00129596429509566));
#2373=CARTESIAN_POINT('',(0.0454320832176632,-0.00788235810492534,0.00125156275472896));
#2374=CARTESIAN_POINT('',(0.0454223986100837,-0.00788141626816164,0.00120770702289504));
#2375=CARTESIAN_POINT('',(0.0454223986100838,-0.00788141626816167,0.00120770702289504));
#2376=CARTESIAN_POINT('',(0.0454223986100838,-0.00788141626816167,0.00120770702289504));
#2377=CARTESIAN_POINT('',(0.0454271828064906,-0.00788188153554847,0.00120663897883673));
#2378=CARTESIAN_POINT('',(0.0454318555664951,-0.00788234704720734,0.00120507202314842));
#2379=CARTESIAN_POINT('',(0.0454367510974407,-0.00788281206041574,0.00120450243018624));
#2380=CARTESIAN_POINT('',(0.0454367510974407,-0.00788281206041574,0.00120450243018623));
#2381=CARTESIAN_POINT('',(0.0454367510974407,-0.00788281206041574,0.00120450243018624));
#2382=CARTESIAN_POINT('',(0.0467226539775976,-0.00800786429405092,0.001054918142625));
#2383=CARTESIAN_POINT('',(0.0492860595025704,-0.00796170874859655,0.000532210660486603));
#2384=CARTESIAN_POINT('',(0.053070402996959,-0.00769967462415941,-0.00032250323167983));
#2385=CARTESIAN_POINT('',(0.0568271592561562,-0.00731304416467836,-0.00127203455060122));
#2386=CARTESIAN_POINT('',(0.0618055709183051,-0.00670633355512711,-0.00262931383042979));
#2387=CARTESIAN_POINT('',(0.0679637226096743,-0.00583038629964675,-0.00448603461309869));
#2388=CARTESIAN_POINT('',(0.0728173826061653,-0.00506535900322031,-0.00614855691067994));
#2389=CARTESIAN_POINT('',(0.0752338205281486,-0.00467162994379421,-0.0070061052966146));
#2390=CARTESIAN_POINT('',(0.075233820528147,-0.00467162994379447,-0.00700610529661954));
#2391=CARTESIAN_POINT('',(0.0757939512890712,-0.00458013159128038,-0.00720490906648102));
#2392=CARTESIAN_POINT('',(0.0756205853592677,-0.00460852237559368,-0.00710517562296004));
#2393=CARTESIAN_POINT('',(0.0754301658601608,-0.00463963786893369,-0.007037804832855));
#2394=CARTESIAN_POINT('',(0.075233820528147,-0.00467162994379447,-0.00700610529661953));
#2395=CARTESIAN_POINT('',(0.0757939512890712,-0.00458013159128038,-0.00720490906648105));
#2396=CARTESIAN_POINT('',(0.0757939512890712,-0.00458013159128039,-0.00720490906648106));
#2397=CARTESIAN_POINT('',(0.0779544328691168,-0.00422632639656049,-0.00797180635115532));
#2398=CARTESIAN_POINT('',(0.080113201600931,-0.00386272911029374,-0.00873910935141996));
#2399=CARTESIAN_POINT('',(0.0822707112965168,-0.00349170136028272,-0.00950660001183128));
#2400=CARTESIAN_POINT('',(0.0822707112965168,-0.00349170136028272,-0.0095066000118314));
#2401=CARTESIAN_POINT('',(0.0842111036766935,-0.00315597605522164,-0.0101970249188514));
#2402=CARTESIAN_POINT('',(0.0845324110391984,-0.00310005471322742,-0.0100863723711283));
#2403=CARTESIAN_POINT('',(0.0850978937530328,-0.00300129478206992,-0.00966815249454596));
#2404=CARTESIAN_POINT('',(0.0854352245742846,-0.00294215456291974,-0.00864113312116844));
#2405=CARTESIAN_POINT('',(0.0851082334052534,-0.00299948449794271,-0.00761810714203424));
#2406=CARTESIAN_POINT('',(0.0842578703570164,-0.00314800981608183,-0.00697858044275066));
#2407=CARTESIAN_POINT('',(0.083201636961581,-0.00333132589206026,-0.00694349157214125));
#2408=CARTESIAN_POINT('',(0.0823105851662791,-0.00348492254011823,-0.00752296919023464));
#2409=CARTESIAN_POINT('',(0.081917249670786,-0.00355240684726623,-0.00852374763475269));
#2410=CARTESIAN_POINT('',(0.0820897680425166,-0.00352281823940904,-0.00921504503885114));
#2411=CARTESIAN_POINT('',(0.0822707112965169,-0.00349170136028272,-0.00950660001183137));
#2412=CARTESIAN_POINT('',(0.0842111036766935,-0.00315597605522164,-0.0101970249188514));
#2413=CARTESIAN_POINT('',(0.0842111036766935,-0.00315597605522164,-0.0101970249188514));
#2414=CARTESIAN_POINT('',(0.0865549595245437,-0.002748044025806,-0.0110312054680569));
#2415=CARTESIAN_POINT('',(0.0888974368452345,-0.00233192588999837,-0.0118655675257802));
#2416=CARTESIAN_POINT('',(0.091238854567841,-0.00190937008319564,-0.0127));
#2417=CARTESIAN_POINT('',(0.0949495985893819,-0.00123430019078089,-0.0127));
#2418=CARTESIAN_POINT('',(0.0927437757737905,-0.00163867841900971,-0.0107182459730495));
#2419=CARTESIAN_POINT('',(0.08809828620749,-0.00247979470129743,-0.00699862360359648));
#2420=CARTESIAN_POINT('',(0.0817629546680637,-0.0035861585175984,-0.00330254102512775));
#2421=CARTESIAN_POINT('',(0.0763241124572957,-0.00449730118817899,-0.00107856439700821));
#2422=CARTESIAN_POINT('',(0.0706156852863049,-0.00541925048423262,0.000581678073408651));
#2423=CARTESIAN_POINT('',(0.0662438963865777,-0.00607829897920036,0.00108548120418578));
#2424=CARTESIAN_POINT('',(0.063266845918089,-0.00648853558545506,0.0010889232109498));
#2425=CARTESIAN_POINT('',(0.063266845918089,-0.00648853558545506,0.0010889232109498));
#2426=CARTESIAN_POINT('',(0.063266845918089,-0.00648853558545506,0.0010889232109498));
#2427=CARTESIAN_POINT('',(0.0622982557173029,-0.00662200700653299,0.00109004307572049));
#2428=CARTESIAN_POINT('',(0.060396487159501,-0.00687562034589648,0.00134293109750336));
#2429=CARTESIAN_POINT('',(0.0567915466033287,-0.00731838894967511,0.00282601968162635));
#2430=CARTESIAN_POINT('',(0.0546667758491766,-0.00753348720334743,0.00491590834454844));
#2431=CARTESIAN_POINT('',(0.053692767709008,-0.00762293147531813,0.0066101219746185));
#2432=CARTESIAN_POINT('',(0.0536927677090079,-0.00762293147531814,0.00661012197461851));
#2433=CARTESIAN_POINT('',(0.0454367510974407,-0.00788281206041574,0.00678426267880645));
#2434=CARTESIAN_POINT('',(0.0468262287610511,-0.00801794000805683,0.00675495500778559));
#2435=CARTESIAN_POINT('',(0.0495796537496402,-0.0079501102400804,0.00669687816649512));
#2436=CARTESIAN_POINT('',(0.0523229929562996,-0.0077487194440908,0.00663901406038313));
#2437=CARTESIAN_POINT('',(0.0536927677090079,-0.00762293147531814,0.00661012197461851));
#2438=CARTESIAN_POINT('',(0.0806261077523919,-0.00377317696264278,-0.0067629693131226));
#2439=CARTESIAN_POINT('',(0.0811740555424331,-0.00367958506338563,-0.00546075873127081));
#2440=CARTESIAN_POINT('',(0.0806265516858852,-0.00377310098776865,-0.00415999576179416));
#2441=CARTESIAN_POINT('',(0.0793416324943091,-0.00399089531072208,-0.00363516496888268));
#2442=CARTESIAN_POINT('',(0.0780543776313059,-0.0042065772813957,-0.00415934542037774));
#2443=CARTESIAN_POINT('',(0.0775075065031073,-0.00429740014495223,-0.00546060030897894));
#2444=CARTESIAN_POINT('',(0.0780524787125721,-0.00420689360452468,-0.00676040298419158));
#2445=CARTESIAN_POINT('',(0.079339679912231,-0.00399122501500794,-0.00728715653340746));
#2446=CARTESIAN_POINT('',(0.0806261077523919,-0.00377317696264278,-0.0067629693131226));
#2447=CARTESIAN_POINT('',(0.0811740555424331,-0.00367958506338563,-0.00546075873127081));
#2448=CARTESIAN_POINT('',(0.0806265516858852,-0.00377310098776865,-0.00415999576179416));
#2449=CARTESIAN_POINT('',(0.0809914802680016,-0.00371076970065899,-0.005461));
#2450=CARTESIAN_POINT('',(0.0453184538641349,0.00787130754849239,-0.0127));
#2451=CARTESIAN_POINT('',(0.0453184538641349,0.00787130754849239,0.00690116825487929));
#2452=CARTESIAN_POINT('',(0.0460489544398297,0.00794234938394572,-0.0127));
#2453=CARTESIAN_POINT('',(0.0460489544398297,0.00794234938394572,0.00690116825487929));
#2454=CARTESIAN_POINT('',(0.0477921412888331,0.00801142314120474,-0.0127));
#2455=CARTESIAN_POINT('',(0.0477921412888331,0.00801142314120474,0.00690116825487929));
#2456=CARTESIAN_POINT('',(0.0527166632488632,0.00777747851458787,-0.0127));
#2457=CARTESIAN_POINT('',(0.0527166632488632,0.00777747851458787,0.00690116825487929));
#2458=CARTESIAN_POINT('',(0.0649189015069908,0.00644070295230371,-0.0127));
#2459=CARTESIAN_POINT('',(0.0649189015069908,0.00644070295230371,0.00690116825487929));
#2460=CARTESIAN_POINT('',(0.0815819943248605,0.0036897260912861,-0.0127));
#2461=CARTESIAN_POINT('',(0.0815819943248605,0.0036897260912861,0.00690116825487929));
#2462=CARTESIAN_POINT('',(0.0954414618933747,0.0011440427307869,-0.0127));
#2463=CARTESIAN_POINT('',(0.0954414618933747,0.0011440427307869,0.00690116825487929));
#2464=CARTESIAN_POINT('',(0.0912388545678411,0.00190937008319564,-0.0127));
#2465=CARTESIAN_POINT('',(0.0888974368452244,0.00233192588992195,-0.0118655675257765));
#2466=CARTESIAN_POINT('',(0.086554959524543,0.00274804402580613,-0.0110312054680566));
#2467=CARTESIAN_POINT('',(0.0842111036766935,0.00315597605522165,-0.0101970249188514));
#2468=CARTESIAN_POINT('',(0.0842111036766935,0.00315597605522165,-0.0101970249188514));
#2469=CARTESIAN_POINT('',(0.0842111036766935,0.00315597605522164,-0.0101970249188514));
#2470=CARTESIAN_POINT('',(0.0845324110391984,0.00310005471322742,-0.0100863723711283));
#2471=CARTESIAN_POINT('',(0.0850978937530328,0.00300129478206993,-0.00966815249454599));
#2472=CARTESIAN_POINT('',(0.0854352245742846,0.00294215456291974,-0.0086411331211685));
#2473=CARTESIAN_POINT('',(0.0851082334052534,0.00299948449794271,-0.00761810714203432));
#2474=CARTESIAN_POINT('',(0.0842578703570165,0.00314800981608181,-0.00697858044275071));
#2475=CARTESIAN_POINT('',(0.0832016369615812,0.00333132589206024,-0.00694349157214122));
#2476=CARTESIAN_POINT('',(0.0823105851662792,0.00348492254011822,-0.00752296919023451));
#2477=CARTESIAN_POINT('',(0.0819172496707861,0.00355240684726623,-0.00852374763475249));
#2478=CARTESIAN_POINT('',(0.0820897680425165,0.00352281823940905,-0.00921504503885095));
#2479=CARTESIAN_POINT('',(0.0822707112965168,0.00349170136028274,-0.0095066000118312));
#2480=CARTESIAN_POINT('',(0.0822707112965167,0.00349170136028275,-0.00950660001183122));
#2481=CARTESIAN_POINT('',(0.0822707112965167,0.00349170136028275,-0.00950660001183123));
#2482=CARTESIAN_POINT('',(0.0801132016009395,0.0038627291102923,-0.00873910935142297));
#2483=CARTESIAN_POINT('',(0.0779544328691338,0.00422632639655762,-0.00797180635116138));
#2484=CARTESIAN_POINT('',(0.0757939512890969,0.00458013159127618,-0.00720490906649018));
#2485=CARTESIAN_POINT('',(0.0757939512890953,0.00458013159127644,-0.00720490906649493));
#2486=CARTESIAN_POINT('',(0.0757939512890953,0.00458013159127644,-0.00720490906649489));
#2487=CARTESIAN_POINT('',(0.0756205853592865,0.0046085223755906,-0.00710517562296698));
#2488=CARTESIAN_POINT('',(0.0754301658601732,0.00463963786893168,-0.00703780483285761));
#2489=CARTESIAN_POINT('',(0.075233820528152,0.00467162994379367,-0.00700610529662033));
#2490=CARTESIAN_POINT('',(0.075233820528152,0.00467162994379366,-0.0070061052966198));
#2491=CARTESIAN_POINT('',(0.0752338205281532,0.00467162994379347,-0.00700610529661622));
#2492=CARTESIAN_POINT('',(0.0728173825930582,0.00506535900535597,-0.00614855690602849));
#2493=CARTESIAN_POINT('',(0.0679637032538028,0.00583050849076327,-0.00448588241368656));
#2494=CARTESIAN_POINT('',(0.0618056239643219,0.00670599755669633,-0.00262973232075295));
#2495=CARTESIAN_POINT('',(0.0568270674021563,0.00731362455483118,-0.00127131163945062));
#2496=CARTESIAN_POINT('',(0.0530707529824179,0.00769746003317035,-0.000325261576429432));
#2497=CARTESIAN_POINT('',(0.049915751062101,0.0079245656607277,0.000397890825010722));
#2498=CARTESIAN_POINT('',(0.047365293168544,0.0079850156641243,0.000910154568751263));
#2499=CARTESIAN_POINT('',(0.0460778924729614,0.00794516363359382,0.00112991955226594));
#2500=CARTESIAN_POINT('',(0.0454367510974407,0.00788281206041575,0.00120450243018624));
#2501=CARTESIAN_POINT('',(0.0454367510974407,0.00788281206041575,0.00120450243018623));
#2502=CARTESIAN_POINT('',(0.0454367510974407,0.00788281206041575,0.00120450243018624));
#2503=CARTESIAN_POINT('',(0.0454319669688083,0.00788234679962007,0.00120557078064731));
#2504=CARTESIAN_POINT('',(0.0454271828064905,0.00788188153554845,0.00120663897883677));
#2505=CARTESIAN_POINT('',(0.0454223986100836,0.00788141626816164,0.0012077070228951));
#2506=CARTESIAN_POINT('',(0.0454223986100836,0.00788141626816164,0.0012077070228951));
#2507=CARTESIAN_POINT('',(0.0454223986100836,0.00788141626816164,0.0012077070228951));
#2508=CARTESIAN_POINT('',(0.0454320832176631,0.00788235810492534,0.001251562754729));
#2509=CARTESIAN_POINT('',(0.0454367510974407,0.00788281206041575,0.00129596429509569));
#2510=CARTESIAN_POINT('',(0.0454367510974407,0.00788281206041575,0.00134087369012639));
#2511=CARTESIAN_POINT('',(0.0454367510974407,0.00788281206041575,0.00134087369012636));
#2512=CARTESIAN_POINT('',(0.0454367510974407,0.00788281206041575,-0.0127));
#2513=CARTESIAN_POINT('',(0.0454367510974407,0.00788281206041574,0.00678426267880645));
#2514=CARTESIAN_POINT('',(0.0454367510974407,0.00788281206041575,0.00678426267880645));
#2515=CARTESIAN_POINT('',(0.0468262287610511,0.00801794000805684,0.00675495500778559));
#2516=CARTESIAN_POINT('',(0.0495796537496402,0.00795011024008041,0.00669687816649512));
#2517=CARTESIAN_POINT('',(0.0523229929562996,0.00774871944409081,0.00663901406038313));
#2518=CARTESIAN_POINT('',(0.0536927677090079,0.00762293147531815,0.00661012197461851));
#2519=CARTESIAN_POINT('',(0.0536927677090079,0.00762293147531814,0.00661012197461851));
#2520=CARTESIAN_POINT('',(0.0536927677090079,0.00762293147531815,0.0066101219746185));
#2521=CARTESIAN_POINT('',(0.0546667758494206,0.00753348720356301,0.00491590834468463));
#2522=CARTESIAN_POINT('',(0.0567915466032766,0.00731838894964144,0.00282601968160294));
#2523=CARTESIAN_POINT('',(0.0603964871595066,0.00687562034588076,0.00134293109749696));
#2524=CARTESIAN_POINT('',(0.062298255717315,0.00662200700658915,0.00109004307574817));
#2525=CARTESIAN_POINT('',(0.063266845918089,0.00648853558545507,0.0010889232109498));
#2526=CARTESIAN_POINT('',(0.063266845918089,0.00648853558545507,0.0010889232109498));
#2527=CARTESIAN_POINT('',(0.063266845918089,0.00648853558545507,0.0010889232109498));
#2528=CARTESIAN_POINT('',(0.0662438963866012,0.00607829897937485,0.0010854812041623));
#2529=CARTESIAN_POINT('',(0.0706156852862984,0.00541925048419357,0.000581678073413836));
#2530=CARTESIAN_POINT('',(0.0763241124572924,0.00449730118818692,-0.00107856439700758));
#2531=CARTESIAN_POINT('',(0.0817629546680666,0.0035861585175938,-0.00330254102512861));
#2532=CARTESIAN_POINT('',(0.0880982862074875,0.00247979470129807,-0.00699862360359522));
#2533=CARTESIAN_POINT('',(0.0927437757737905,0.00163867841901256,-0.0107182459730494));
#2534=CARTESIAN_POINT('',(0.0949495985893819,0.00123430019078089,-0.0127));
#2535=CARTESIAN_POINT('',(0.0806261077523918,0.00377317696264278,-0.00676296931312257));
#2536=CARTESIAN_POINT('',(0.0811740555424331,0.00367958506338563,-0.00546075873127082));
#2537=CARTESIAN_POINT('',(0.0806265516858851,0.00377310098776865,-0.00415999576179414));
#2538=CARTESIAN_POINT('',(0.0793416324943091,0.0039908953107221,-0.00363516496888268));
#2539=CARTESIAN_POINT('',(0.078054377631306,0.0042065772813957,-0.00415934542037776));
#2540=CARTESIAN_POINT('',(0.0775075065031073,0.00429740014495224,-0.00546060030897896));
#2541=CARTESIAN_POINT('',(0.0780524787125721,0.00420689360452468,-0.0067604029841916));
#2542=CARTESIAN_POINT('',(0.0793396799122311,0.00399122501500794,-0.00728715653340746));
#2543=CARTESIAN_POINT('',(0.0806261077523918,0.00377317696264278,-0.00676296931312257));
#2544=CARTESIAN_POINT('',(0.0811740555424331,0.00367958506338563,-0.00546075873127082));
#2545=CARTESIAN_POINT('',(0.0806265516858851,0.00377310098776865,-0.00415999576179414));
#2546=CARTESIAN_POINT('',(0.0809914802680015,0.00371076970065899,-0.005461));
#2547=CARTESIAN_POINT('',(0.0120641253888607,0.00788281206041574,-0.0127));
#2548=CARTESIAN_POINT('',(0.0454367510974407,0.00788281206041574,0.00134087369012637));
#2549=CARTESIAN_POINT('',(0.0344933416597241,0.00788281206041574,0.00375313496121281));
#2550=CARTESIAN_POINT('',(0.0123013522888063,0.00788281206041576,0.00695413110467848));
#2551=CARTESIAN_POINT('',(-0.0101234771882801,0.00788281206041575,0.0070246797294706));
#2552=CARTESIAN_POINT('',(-0.0213071869136307,0.00788281206041575,0.00634757028231481));
#2553=CARTESIAN_POINT('',(-0.0213071869136307,0.00788281206041573,0.00634757028231481));
#2554=CARTESIAN_POINT('',(-0.0213071869136307,0.00788281206041573,0.00634757028231481));
#2555=CARTESIAN_POINT('',(-0.021308063405115,0.00788281206041573,0.00636239641878693));
#2556=CARTESIAN_POINT('',(-0.0213085003197193,0.00788281206041574,0.00637723552423421));
#2557=CARTESIAN_POINT('',(-0.0213085003197193,0.00788281206041574,0.00639208752011067));
#2558=CARTESIAN_POINT('',(-0.0213085003197193,0.00788281206041574,0.00639208752011067));
#2559=CARTESIAN_POINT('',(-0.0213085003197193,0.00788281206041574,-0.0127));
#2560=CARTESIAN_POINT('',(-0.0213085003197193,0.00788281206041575,0.0115101706832164));
#2561=CARTESIAN_POINT('',(-0.0084348264150323,0.00788281206041575,0.0145004629157483));
#2562=CARTESIAN_POINT('',(0.00334756169468161,0.00788281206041577,0.00767203234136105));
#2563=CARTESIAN_POINT('',(0.0124897568084968,0.00788281206041574,0.00747919984478966));
#2564=CARTESIAN_POINT('',(-0.0352730751037598,0.0131285283714533,0.00441869681066041));
#2565=CARTESIAN_POINT('',(-0.0352730751037598,0.0131285283714533,0.0184727249972034));
#2566=CARTESIAN_POINT('',(-0.0323187733689944,0.00887098225454489,0.00441869681066041));
#2567=CARTESIAN_POINT('',(-0.0323187733689944,0.00887098225454489,0.0184727249972034));
#2568=CARTESIAN_POINT('',(-0.0276639151076476,0.00712241015086571,0.00441869681066041));
#2569=CARTESIAN_POINT('',(-0.0276639151076476,0.00712241015086571,0.0184727249972034));
#2570=CARTESIAN_POINT('',(-0.0213085003197193,0.00788281206041575,0.00441869681066041));
#2571=CARTESIAN_POINT('',(-0.0213085003197193,0.00788281206041575,0.0184727249972034));
#2572=CARTESIAN_POINT('',(-0.0213085003197193,0.00788281206041575,0.00639208752011068));
#2573=CARTESIAN_POINT('',(-0.0226230314621082,0.00772553326364325,0.00629832224491637));
#2574=CARTESIAN_POINT('',(-0.0252587051703943,0.00760381317384167,0.0060740554888888));
#2575=CARTESIAN_POINT('',(-0.0291733019723866,0.00826840943130819,0.00559244583670829));
#2576=CARTESIAN_POINT('',(-0.0327118591514718,0.0100982862655597,0.00499329450004371));
#2577=CARTESIAN_POINT('',(-0.0345111860213637,0.0120320891791534,0.00464558094990492));
#2578=CARTESIAN_POINT('',(-0.0352676961765436,0.0131207820905594,0.00450202108844623));
#2579=CARTESIAN_POINT('',(-0.0352676961765436,0.0131207820905594,0.00450202108844624));
#2580=CARTESIAN_POINT('',(-0.0352676961765436,0.0131207820905594,0.00450202108844624));
#2581=CARTESIAN_POINT('',(-0.0352712925307457,0.013125957599837,0.00457021833633468));
#2582=CARTESIAN_POINT('',(-0.0352730751037598,0.0131285283714533,0.00463856158028525));
#2583=CARTESIAN_POINT('',(-0.0352730751037598,0.0131285283714533,0.00470704871825429));
#2584=CARTESIAN_POINT('',(-0.0352730751037598,0.0131285283714533,0.0170089210745892));
#2585=CARTESIAN_POINT('',(-0.0352730751037598,0.0131285283714533,0.0172135618148055));
#2586=CARTESIAN_POINT('',(-0.0352409874708891,0.0130818829468601,0.0176225261636653));
#2587=CARTESIAN_POINT('',(-0.0350415270466827,0.0127999515613112,0.0181510388676576));
#2588=CARTESIAN_POINT('',(-0.0346858971715199,0.012335249383515,0.0184008298527433));
#2589=CARTESIAN_POINT('',(-0.0341549515329195,0.0117078981187024,0.0183830718837223));
#2590=CARTESIAN_POINT('',(-0.0334776314158009,0.0110178275590595,0.0180454413550582));
#2591=CARTESIAN_POINT('',(-0.0329498488617005,0.0105704023646568,0.0176385134587917));
#2592=CARTESIAN_POINT('',(-0.0326853837233911,0.0103641287920821,0.0174112354068796));
#2593=CARTESIAN_POINT('',(-0.0326853837233909,0.0103641287920821,0.01741123540688));
#2594=CARTESIAN_POINT('',(-0.0326853837233909,0.010364128792082,0.01741123540688));
#2595=CARTESIAN_POINT('',(-0.03191123711637,0.00976032147234373,0.0168571093020757));
#2596=CARTESIAN_POINT('',(-0.0306826125122177,0.00903740463342211,0.015977444002401));
#2597=CARTESIAN_POINT('',(-0.0289281654993704,0.00837616492891694,0.0147222385437391));
#2598=CARTESIAN_POINT('',(-0.0270356850819664,0.00788874634614808,0.0136883912313826));
#2599=CARTESIAN_POINT('',(-0.0244804710060869,0.0076306926644214,0.012576229442643));
#2600=CARTESIAN_POINT('',(-0.0223689429802424,0.00775593401217856,0.0118461354580621));
#2601=CARTESIAN_POINT('',(-0.0213085003197193,0.00788281206041575,0.0115101706832164));
#2602=CARTESIAN_POINT('',(-0.0643062557630094,0.013335,-0.0121575708232392));
#2603=CARTESIAN_POINT('',(-0.0643062557630094,-0.013335,-0.0121575708232392));
#2604=CARTESIAN_POINT('',(-0.0746548955285036,0.013335,-0.0125759836914981));
#2605=CARTESIAN_POINT('',(-0.0746548955285036,-0.013335,-0.0125759836914981));
#2606=CARTESIAN_POINT('',(-0.080752405140327,0.013335,-0.00852346008375173));
#2607=CARTESIAN_POINT('',(-0.080752405140327,-0.013335,-0.00852346008375173));
#2608=CARTESIAN_POINT('',(-0.0825987845984796,0.013335,0.));
#2609=CARTESIAN_POINT('',(-0.0825987845984796,-0.013335,0.));
#2610=CARTESIAN_POINT('',(-0.0825987845984796,0.013335,-5.01147772409086E-35));
#2611=CARTESIAN_POINT('',(-0.0822173001204127,0.013335,-0.00176105063724423));
#2612=CARTESIAN_POINT('',(-0.0813219342556096,0.013335,-0.00434906781641718));
#2613=CARTESIAN_POINT('',(-0.0792241480122124,0.013335,-0.00730767392448515));
#2614=CARTESIAN_POINT('',(-0.0772433355546087,0.013335,-0.00912503282348145));
#2615=CARTESIAN_POINT('',(-0.0748922133209063,0.013335,-0.0105080081482439));
#2616=CARTESIAN_POINT('',(-0.071544228411155,0.013335,-0.0117250531308611));
#2617=CARTESIAN_POINT('',(-0.0688389394043075,0.013335,-0.0120842841775706));
#2618=CARTESIAN_POINT('',(-0.0670519030389623,0.013335,-0.0121596378818252));
#2619=CARTESIAN_POINT('',(-0.0825987845984796,0.013335,0.));
#2620=CARTESIAN_POINT('',(-0.0670519030389623,0.013335,-0.0121596378818252));
#2621=CARTESIAN_POINT('',(-0.0670519030389604,0.013335,-0.0121596378818252));
#2622=CARTESIAN_POINT('',(-0.066566207550936,0.0133349999999998,-0.0121801181333031));
#2623=CARTESIAN_POINT('',(-0.0656077089509059,0.0132118433839006,-0.0121966598928806));
#2624=CARTESIAN_POINT('',(-0.0647024705545275,0.0128439049418649,-0.0121735904520149));
#2625=CARTESIAN_POINT('',(-0.0643062557630087,0.0125573566284374,-0.0121575708232402));
#2626=CARTESIAN_POINT('',(-0.0643062557630099,0.0125573566284345,-0.0121575708232393));
#2627=CARTESIAN_POINT('',(-0.0643062557630099,0.013335,-0.0121575708232393));
#2628=CARTESIAN_POINT('',(-0.06430625576301,-0.0125573566284343,-0.0121575708232393));
#2629=CARTESIAN_POINT('',(-0.06430625576301,-0.0125573566284343,-0.0121575708232393));
#2630=CARTESIAN_POINT('',(-0.0647024705545285,-0.0128439049418617,-0.0121735904520139));
#2631=CARTESIAN_POINT('',(-0.0656077089509044,-0.0132118433839019,-0.012196659892881));
#2632=CARTESIAN_POINT('',(-0.066566207550935,-0.0133349999999996,-0.0121801181333031));
#2633=CARTESIAN_POINT('',(-0.0670519030389595,-0.013335,-0.0121596378818253));
#2634=CARTESIAN_POINT('',(-0.0670519030389611,-0.013335,-0.0121596378818252));
#2635=CARTESIAN_POINT('',(-0.0670519030389611,-0.013335,-0.0121596378818252));
#2636=CARTESIAN_POINT('',(-0.0688389394263324,-0.013335,-0.012084284176642));
#2637=CARTESIAN_POINT('',(-0.0715442309734933,-0.013335,-0.0117250415484236));
#2638=CARTESIAN_POINT('',(-0.074892209233638,-0.013335,-0.0105080273985962));
#2639=CARTESIAN_POINT('',(-0.0772433515425499,-0.013335,-0.00912495944259094));
#2640=CARTESIAN_POINT('',(-0.079224088785829,-0.013335,-0.00730794772545052));
#2641=CARTESIAN_POINT('',(-0.0813222494369334,-0.013335,-0.00434761311800382));
#2642=CARTESIAN_POINT('',(-0.082215902784004,-0.013335,-0.00176750117537706));
#2643=CARTESIAN_POINT('',(-0.0825987845984796,-0.013335,-1.52069620945406E-51));
#2644=CARTESIAN_POINT('',(-0.0825987845984796,-0.013335,0.));
#2645=CARTESIAN_POINT('',(-0.0825987845984796,0.086868,0.));
#2646=CARTESIAN_POINT('',(-0.0398466892224698,0.0114300000000002,-0.00183295898080794));
#2647=CARTESIAN_POINT('',(-0.0398466892224698,-0.0114300000000002,-0.00183295898080794));
#2648=CARTESIAN_POINT('',(-0.0481411621280128,0.0114300000000002,-0.00348259180537966));
#2649=CARTESIAN_POINT('',(-0.0481411621280128,-0.0114300000000002,-0.00348259180537966));
#2650=CARTESIAN_POINT('',(-0.0550799598529308,0.0114300000000002,-0.00647967938033886));
#2651=CARTESIAN_POINT('',(-0.0550799598529308,-0.0114300000000002,-0.00647967938033886));
#2652=CARTESIAN_POINT('',(-0.0606630823972239,0.0114300000000002,-0.0108242217056855));
#2653=CARTESIAN_POINT('',(-0.0606630823972239,-0.0114300000000002,-0.0108242217056855));
#2654=CARTESIAN_POINT('',(-0.0606630823972237,0.01143,-0.0108242217056854));
#2655=CARTESIAN_POINT('',(-0.0586489968972131,0.01143,-0.00925694826107739));
#2656=CARTESIAN_POINT('',(-0.056494396017796,0.01143,-0.00789360367852266));
#2657=CARTESIAN_POINT('',(-0.0542278766533169,0.01143,-0.00671882573305925));
#2658=CARTESIAN_POINT('',(-0.0606630823972237,0.01143,-0.0108242217056854));
#2659=CARTESIAN_POINT('',(-0.0542278766533169,0.01143,-0.00671882573305925));
#2660=CARTESIAN_POINT('',(-0.0542278766533169,0.01143,-0.00671882573305924));
#2661=CARTESIAN_POINT('',(-0.0519278709446647,0.01143,-0.0055266912102706));
#2662=CARTESIAN_POINT('',(-0.0483176285294558,0.0112747028104734,-0.00403934889369055));
#2663=CARTESIAN_POINT('',(-0.0434111155871162,0.0103991778025383,-0.00260606961230084));
#2664=CARTESIAN_POINT('',(-0.0410136279693636,0.0096325913712653,-0.00206504370554726));
#2665=CARTESIAN_POINT('',(-0.0398466892224698,0.00908994722946491,-0.00183295898080794));
#2666=CARTESIAN_POINT('',(-0.0398466892224698,0.00908994722946493,-0.00183295898080794));
#2667=CARTESIAN_POINT('',(-0.0398466892224698,0.00908994722946493,-0.00183295898080794));
#2668=CARTESIAN_POINT('',(-0.0398466892224698,-0.00908994722946488,-0.00183295898080794));
#2669=CARTESIAN_POINT('',(-0.0398466894750417,-0.00908994734691468,-0.00183295903104029));
#2670=CARTESIAN_POINT('',(-0.0410136282088424,-0.00963259145552135,-0.00206504375779406));
#2671=CARTESIAN_POINT('',(-0.0434111157897622,-0.0103991778479299,-0.00260606966583812));
#2672=CARTESIAN_POINT('',(-0.0483176286405451,-0.0112747028153251,-0.0040393489371549));
#2673=CARTESIAN_POINT('',(-0.0519278709861938,-0.01143,-0.0055266912317959));
#2674=CARTESIAN_POINT('',(-0.0542278766533169,-0.01143,-0.00671882573305924));
#2675=CARTESIAN_POINT('',(-0.0542278766533169,-0.01143,-0.00671882573305925));
#2676=CARTESIAN_POINT('',(-0.0542278766533169,-0.01143,-0.00671882573305925));
#2677=CARTESIAN_POINT('',(-0.0564943960177869,-0.01143,-0.00789360367853725));
#2678=CARTESIAN_POINT('',(-0.0586489968972131,-0.01143,-0.00925694826107739));
#2679=CARTESIAN_POINT('',(-0.0606630823972237,-0.01143,-0.0108242217056854));
#2680=CARTESIAN_POINT('',(-0.0606630823972237,-0.01143,-0.0108242217056854));
#2681=CARTESIAN_POINT('',(-0.0606630823972237,-0.013335,-0.0108242217056854));
#2682=CARTESIAN_POINT('',(-0.0825987845984796,0.013335,0.));
#2683=CARTESIAN_POINT('',(-0.0825987845984796,-0.013335,0.));
#2684=CARTESIAN_POINT('',(-0.0829564386125144,0.013335,0.00416916974804704));
#2685=CARTESIAN_POINT('',(-0.0829564386125144,-0.013335,0.00416916974804704));
#2686=CARTESIAN_POINT('',(-0.0873794607504827,0.013335,0.0072155893626697));
#2687=CARTESIAN_POINT('',(-0.0873794607504827,-0.013335,0.0072155893626697));
#2688=CARTESIAN_POINT('',(-0.0958678510123843,0.013335,0.00913925884386797));
#2689=CARTESIAN_POINT('',(-0.0958678510123843,-0.013335,0.00913925884386797));
#2690=CARTESIAN_POINT('',(-0.0825987845984796,-0.013335,8.09136630657227E-36));
#2691=CARTESIAN_POINT('',(-0.0826576373356611,-0.013335,0.000686007700794385));
#2692=CARTESIAN_POINT('',(-0.0830125199215002,-0.013335,0.00205013386464322));
#2693=CARTESIAN_POINT('',(-0.0841893489444202,-0.013335,0.0037886967001903));
#2694=CARTESIAN_POINT('',(-0.0857520949639745,-0.013335,0.00517320208633015));
#2695=CARTESIAN_POINT('',(-0.0880948371817471,-0.013335,0.00663355566463192));
#2696=CARTESIAN_POINT('',(-0.0912907446713283,-0.013335,0.00794582066353807));
#2697=CARTESIAN_POINT('',(-0.0939313023246627,-0.013335,0.008681315599959));
#2698=CARTESIAN_POINT('',(-0.095271826261195,-0.013335,0.0090007487728848));
#2699=CARTESIAN_POINT('',(-0.095271826261195,-0.013335,0.0090007487728848));
#2700=CARTESIAN_POINT('',(-0.0952718263936755,-0.013335,0.00900074880445355));
#2701=CARTESIAN_POINT('',(-0.0954729942730564,-0.0133349999995545,0.00904868505619337));
#2702=CARTESIAN_POINT('',(-0.0956716689369318,-0.0133108736188839,0.00909479935736984));
#2703=CARTESIAN_POINT('',(-0.0958678509827245,-0.013262947078551,0.00913925883714639));
#2704=CARTESIAN_POINT('',(-0.0958678509827245,-0.013262947078551,0.00913925883714639));
#2705=CARTESIAN_POINT('',(-0.0958678509827245,-0.013335,0.00913925883714639));
#2706=CARTESIAN_POINT('',(-0.0958678509827245,0.013262947078551,0.00913925883714639));
#2707=CARTESIAN_POINT('',(-0.0958678509827245,0.013262947078551,0.00913925883714639));
#2708=CARTESIAN_POINT('',(-0.0956716689369263,0.0133108736190471,0.00909479935747863));
#2709=CARTESIAN_POINT('',(-0.095472994273043,0.013335,0.00904868505648313));
#2710=CARTESIAN_POINT('',(-0.0952718263936755,0.013335,0.00900074880445355));
#2711=CARTESIAN_POINT('',(-0.0952718263936755,0.013335,0.00900074880445355));
#2712=CARTESIAN_POINT('',(-0.0952718263936755,0.013335,0.00900074880445354));
#2713=CARTESIAN_POINT('',(-0.093931302365254,0.013335,0.0086813156132295));
#2714=CARTESIAN_POINT('',(-0.0912907379790791,0.013335,0.00794574394779269));
#2715=CARTESIAN_POINT('',(-0.0880948548593386,0.013335,0.00663376638400551));
#2716=CARTESIAN_POINT('',(-0.0857520633625995,0.013335,0.00517283752118625));
#2717=CARTESIAN_POINT('',(-0.0841894672910047,0.013335,0.00379008604453868));
#2718=CARTESIAN_POINT('',(-0.0830120753365867,0.013335,0.00204493786387817));
#2719=CARTESIAN_POINT('',(-0.0826585944039615,0.013335,0.000697202385172912));
#2720=CARTESIAN_POINT('',(-0.0825987845984796,0.013335,0.));
#2721=CARTESIAN_POINT('',(0.062512943377758,0.00881014667446234,-0.0097630812902085));
#2722=CARTESIAN_POINT('',(0.062512943377758,-0.00881014667446234,-0.0097630812902085));
#2723=CARTESIAN_POINT('',(0.0304404403702306,0.00881014667446234,0.000251991567404501));
#2724=CARTESIAN_POINT('',(0.0304404403702306,-0.00881014667446234,0.000251991567404501));
#2725=CARTESIAN_POINT('',(-0.00354040156554286,0.00881014667446234,0.0029182357793265));
#2726=CARTESIAN_POINT('',(-0.00354040156554286,-0.00881014667446234,0.0029182357793265));
#2727=CARTESIAN_POINT('',(-0.0394295824295623,0.00881014667446234,-0.00176434865444251));
#2728=CARTESIAN_POINT('',(-0.0394295824295623,-0.00881014667446234,-0.00176434865444251));
#2729=CARTESIAN_POINT('',(0.0619388777855431,4.406351657195E-17,-0.00958466937150027));
#2730=CARTESIAN_POINT('',(0.0604983981596722,-0.000210222690965723,-0.00913911345219275));
#2731=CARTESIAN_POINT('',(0.0576052234655346,-0.000614136119506729,-0.00827620085099088));
#2732=CARTESIAN_POINT('',(0.0532315517992287,-0.00115022902698191,-0.00706817423326246));
#2733=CARTESIAN_POINT('',(0.0488293509715237,-0.0015524982889684,-0.00594819069398597));
#2734=CARTESIAN_POINT('',(0.0458531725588868,-0.00168122568278237,-0.00525571795123599));
#2735=CARTESIAN_POINT('',(0.0443693469242572,-0.00153281206041576,-0.00492649614308865));
#2736=CARTESIAN_POINT('',(0.0619388777855431,-4.29156340955819E-18,-0.00958466937150028));
#2737=CARTESIAN_POINT('',(0.0443693469242572,-0.00153281206041573,-0.00492649614308865));
#2738=CARTESIAN_POINT('',(0.0443693469242572,-0.00153281206041573,-0.00492649614308865));
#2739=CARTESIAN_POINT('',(0.0337209718009237,-0.00153281206041573,-0.00256390229774767));
#2740=CARTESIAN_POINT('',(0.0121156198103055,-0.00153281206041574,0.000579385465230511));
#2741=CARTESIAN_POINT('',(-0.00968924659402821,-0.00153281206041573,0.000674363548326612));
#2742=CARTESIAN_POINT('',(-0.0205751006107305,-0.00153281206041573,3.0030414757931E-5));
#2743=CARTESIAN_POINT('',(-0.0205751006107305,-0.00153281206041573,3.00304147579318E-5));
#2744=CARTESIAN_POINT('',(-0.0205751006107305,-0.00153281206041573,3.00304147579318E-5));
#2745=CARTESIAN_POINT('',(-0.0222811065586371,-0.00134521518187377,-7.09479886466069E-5));
#2746=CARTESIAN_POINT('',(-0.0248473985646296,-0.00127958996995356,-0.000248627483300206));
#2747=CARTESIAN_POINT('',(-0.0282109796832646,-0.00175737715842567,-0.000530444383429927));
#2748=CARTESIAN_POINT('',(-0.0307003124584093,-0.00244435348627218,-0.000762980774280057));
#2749=CARTESIAN_POINT('',(-0.0330247099830141,-0.00344670152389557,-0.00100132336171581));
#2750=CARTESIAN_POINT('',(-0.0359585978722817,-0.00525452159250807,-0.00132719331791511));
#2751=CARTESIAN_POINT('',(-0.037783378830266,-0.00703437233014627,-0.00155247444529372));
#2752=CARTESIAN_POINT('',(-0.0388447970048282,-0.00838694069147953,-0.00168867839703631));
#2753=CARTESIAN_POINT('',(-0.0388447970048282,-0.00838694069147951,-0.00168867839703631));
#2754=CARTESIAN_POINT('',(-0.0388447970048282,-0.00838694069147951,-0.00168867839703631));
#2755=CARTESIAN_POINT('',(-0.0390368009073844,-0.00849869118763845,-0.0017133168391743));
#2756=CARTESIAN_POINT('',(-0.0392318805683902,-0.00860465652243144,-0.00173855381502901));
#2757=CARTESIAN_POINT('',(-0.0394295824072399,-0.0087056785320774,-0.00176434865153003));
#2758=CARTESIAN_POINT('',(-0.0394295824072399,-0.0087056785320774,-0.00176434865153003));
#2759=CARTESIAN_POINT('',(-0.0394295824072399,-0.0087056785320774,-0.00176434865153003));
#2760=CARTESIAN_POINT('',(-0.0394295824072399,0.00870567853207739,-0.00176434865153003));
#2761=CARTESIAN_POINT('',(-0.0394295824072399,0.00870567853207739,-0.00176434865153003));
#2762=CARTESIAN_POINT('',(-0.0392318805683881,0.00860465652243906,-0.00173855381501252));
#2763=CARTESIAN_POINT('',(-0.0390368009073844,0.00849869118763844,-0.0017133168391743));
#2764=CARTESIAN_POINT('',(-0.0388447970048282,0.00838694069147949,-0.00168867839703631));
#2765=CARTESIAN_POINT('',(-0.0388447970048282,0.0083869406914795,-0.00168867839703631));
#2766=CARTESIAN_POINT('',(-0.0388447970048282,0.00838694069147949,-0.00168867839703631));
#2767=CARTESIAN_POINT('',(-0.037783378830266,0.00703437233014623,-0.00155247444529372));
#2768=CARTESIAN_POINT('',(-0.0359585978722817,0.00525452159250799,-0.0013271933179151));
#2769=CARTESIAN_POINT('',(-0.0330247099830141,0.00344670152389557,-0.0010013233617158));
#2770=CARTESIAN_POINT('',(-0.0307003124584093,0.00244435348627216,-0.000762980774280054));
#2771=CARTESIAN_POINT('',(-0.0282109796832646,0.00175737715842564,-0.000530444383429924));
#2772=CARTESIAN_POINT('',(-0.0248473985646296,0.00127958996995358,-0.000248627483300205));
#2773=CARTESIAN_POINT('',(-0.0222811065586371,0.00134521518187377,-7.09479886466075E-5));
#2774=CARTESIAN_POINT('',(-0.0205751006107305,0.00153281206041573,3.00304147579334E-5));
#2775=CARTESIAN_POINT('',(-0.0205751006107305,0.00153281206041573,3.00304147579334E-5));
#2776=CARTESIAN_POINT('',(-0.0205751006107305,0.00153281206041573,3.00304147579334E-5));
#2777=CARTESIAN_POINT('',(-0.00968940206443302,0.00153281206041573,0.000674354346041413));
#2778=CARTESIAN_POINT('',(0.00667294006096814,0.00153281206041573,0.000602560488127769));
#2779=CARTESIAN_POINT('',(0.0283432382295132,0.00153281206041573,-0.00177994538321116));
#2780=CARTESIAN_POINT('',(0.0390454134006598,0.00153281206041573,-0.0037452555847716));
#2781=CARTESIAN_POINT('',(0.0443693469242571,0.00153281206041573,-0.00492649614308862));
#2782=CARTESIAN_POINT('',(0.0443693469242571,0.00153281206041573,-0.00492649614308862));
#2783=CARTESIAN_POINT('',(0.0443693469242571,0.00153281206041573,-0.00492649614308862));
#2784=CARTESIAN_POINT('',(0.0458531725588867,0.00168122568278235,-0.00525571795123596));
#2785=CARTESIAN_POINT('',(0.0488293509715237,0.00155249828896843,-0.00594819069398596));
#2786=CARTESIAN_POINT('',(0.0532315517992287,0.00115022902698193,-0.00706817423326245));
#2787=CARTESIAN_POINT('',(0.0576052234655346,0.000614136119506708,-0.00827620085099086));
#2788=CARTESIAN_POINT('',(0.0604983981596722,0.00021022269096574,-0.00913911345219275));
#2789=CARTESIAN_POINT('',(0.0619388777855431,-2.80399470593565E-17,-0.00958466937150027));
#2790=CARTESIAN_POINT('',(0.0625066684598958,0.000730421347588175,-0.036987135946911));
#2791=CARTESIAN_POINT('',(0.0717975817508237,-3.01362775534375E-15,0.00541929931711202));
#2792=CARTESIAN_POINT('',(0.0687667349176105,0.000418041289719001,0.00608095740240099));
#2793=CARTESIAN_POINT('',(0.0656837264270953,0.000822913782146467,0.00642078232764245));
#2794=CARTESIAN_POINT('',(0.062544758022651,0.00120293370814915,0.00642446890552835));
#2795=CARTESIAN_POINT('',(0.0717975817508245,3.12035445571024E-15,0.00541929931711186));
#2796=CARTESIAN_POINT('',(0.0625447579277098,0.00120293345814816,0.00642436069828773));
#2797=CARTESIAN_POINT('',(0.062544758022651,0.00120293370814918,0.00642446890552835));
#2798=CARTESIAN_POINT('',(0.0625447579277095,-0.0012029334581457,0.00642436069828774));
#2799=CARTESIAN_POINT('',(0.062544758022651,-0.00120293370814916,0.00642446890552835));
#2800=CARTESIAN_POINT('',(0.0656837264270943,-0.00082291378214661,0.00642078232764253));
#2801=CARTESIAN_POINT('',(0.0687667349176099,-0.000418041289719109,0.0060809574024012));
#2802=CARTESIAN_POINT('',(0.0717975817508245,3.11734753424302E-15,0.00541929931711184));
#2803=CARTESIAN_POINT('',(0.0329203554429114,0.086868,0.00704826577566564));
#2804=CARTESIAN_POINT('',(0.0624385088977241,0.0065942352308929,0.00642565171481856));
#2805=CARTESIAN_POINT('',(0.0624385088977241,-0.00123214672232267,0.00642565171481856));
#2806=CARTESIAN_POINT('',(0.0624385088977241,0.00123214672232268,0.00642565171481856));
#2807=CARTESIAN_POINT('',(0.0536927677090079,0.00762293147531815,0.0066101219746185));
#2808=CARTESIAN_POINT('',(0.0546299385920366,0.00753687001044155,0.00659035462128174));
#2809=CARTESIAN_POINT('',(0.0564298711712081,0.00699879116286284,0.00655238939645546));
#2810=CARTESIAN_POINT('',(0.0595411429349008,0.0049186263203043,0.00648676464285571));
#2811=CARTESIAN_POINT('',(0.061304940212187,0.00269792740048226,0.00644956160483358));
#2812=CARTESIAN_POINT('',(0.0624385088977241,0.00123214672232266,0.00642565171481855));
#2813=CARTESIAN_POINT('',(0.00334756169468161,0.086868,0.00767203234136105));
#2814=CARTESIAN_POINT('',(0.0536927677090079,-0.00762293147531814,0.00661012197461851));
#2815=CARTESIAN_POINT('',(0.0546299385920366,-0.00753687001044154,0.00659035462128174));
#2816=CARTESIAN_POINT('',(0.0564298711712109,-0.00699879116286501,0.0065523893964554));
#2817=CARTESIAN_POINT('',(0.0595411429348867,-0.00491862632029343,0.00648676464285601));
#2818=CARTESIAN_POINT('',(0.0613049402122485,-0.00269792740052987,0.00644956160483226));
#2819=CARTESIAN_POINT('',(0.0624385088977241,-0.00123214672232266,0.00642565171481855));
#2820=CARTESIAN_POINT('',(-0.0327882205159569,0.0104884983375871,0.0174848449154385));
#2821=CARTESIAN_POINT('',(-0.0327882205159569,-0.0104884983375871,0.0174848449154385));
#2822=CARTESIAN_POINT('',(-0.0320697912567829,0.0104884983375871,0.0169706007098152));
#2823=CARTESIAN_POINT('',(-0.0320697912567829,-0.0104884983375871,0.0169706007098152));
#2824=CARTESIAN_POINT('',(-0.0311750389730335,0.0104884983375871,0.0163282708386038));
#2825=CARTESIAN_POINT('',(-0.0311750389730335,-0.0104884983375871,0.0163282708386038));
#2826=CARTESIAN_POINT('',(-0.0300914833618798,0.0104884983375871,0.0155560488356965));
#2827=CARTESIAN_POINT('',(-0.0300914833618798,-0.0104884983375871,0.0155560488356965));
#2828=CARTESIAN_POINT('',(-0.0293901324118403,0.0104884983375871,0.0150442766363262));
#2829=CARTESIAN_POINT('',(-0.0293901324118403,-0.0104884983375871,0.0150442766363262));
#2830=CARTESIAN_POINT('',(-0.0279033916485606,0.0104884983375871,0.0141110195138064));
#2831=CARTESIAN_POINT('',(-0.0279033916485606,-0.0104884983375871,0.0141110195138064));
#2832=CARTESIAN_POINT('',(-0.0248771552084205,0.0104884983375871,0.0126873295607361));
#2833=CARTESIAN_POINT('',(-0.0248771552084205,-0.0104884983375871,0.0126873295607361));
#2834=CARTESIAN_POINT('',(-0.0182142015453757,0.0104884983375871,0.0104228243095313));
#2835=CARTESIAN_POINT('',(-0.0182142015453757,-0.0104884983375871,0.0104228243095313));
#2836=CARTESIAN_POINT('',(-0.00954617190482096,0.0104884983375871,0.00861993681912764));
#2837=CARTESIAN_POINT('',(-0.00954617190482096,-0.0104884983375871,0.00861993681912764));
#2838=CARTESIAN_POINT('',(-0.00157704237037254,0.0104884983375871,0.00779139330348965));
#2839=CARTESIAN_POINT('',(-0.00157704237037254,-0.0104884983375871,0.00779139330348965));
#2840=CARTESIAN_POINT('',(0.00182751629896999,0.0104884983375871,0.00767203234136105));
#2841=CARTESIAN_POINT('',(0.00182751629896999,-0.0104884983375871,0.00767203234136105));
#2842=CARTESIAN_POINT('',(0.00334756169468164,0.0104884983375871,0.00767203234136105));
#2843=CARTESIAN_POINT('',(0.00334756169468164,-0.0104884983375871,0.00767203234136105));
#2844=CARTESIAN_POINT('',(-0.0326853837233909,0.0103641287920821,0.01741123540688));
#2845=CARTESIAN_POINT('',(-0.0323725379041971,0.0100773200295173,0.0171873036171881));
#2846=CARTESIAN_POINT('',(-0.0317578968964399,0.00948919960686209,0.0167473499644912));
#2847=CARTESIAN_POINT('',(-0.0308877114544378,0.00854061316887773,0.0161244802585977));
#2848=CARTESIAN_POINT('',(-0.0302277570404321,0.0076628779330928,0.015652091740112));
#2849=CARTESIAN_POINT('',(-0.02980341716008,0.00683169003158553,0.0153483536588745));
#2850=CARTESIAN_POINT('',(-0.0296788327395916,0.0063621481539783,0.0152591774240136));
#2851=CARTESIAN_POINT('',(-0.0296788327395916,0.00611493683422246,0.0152591774240136));
#2852=CARTESIAN_POINT('',(-0.0296788327395916,0.00611493683422251,0.0152591774240136));
#2853=CARTESIAN_POINT('',(-0.0296788327395916,0.086868,0.0152591774240136));
#2854=CARTESIAN_POINT('',(-0.0296788327395916,-0.00611493683422246,0.0152591774240136));
#2855=CARTESIAN_POINT('',(-0.0296788327395916,-0.00611493683422248,0.0152591774240136));
#2856=CARTESIAN_POINT('',(-0.0296788327395916,-0.00636094962580095,0.0152591774240136));
#2857=CARTESIAN_POINT('',(-0.0298026591871979,-0.00682844953715593,0.0153478111097545));
#2858=CARTESIAN_POINT('',(-0.0302195061625202,-0.00764950033072888,0.0156461858473553));
#2859=CARTESIAN_POINT('',(-0.0308840606203306,-0.00853715874929072,0.0161218670294431));
#2860=CARTESIAN_POINT('',(-0.03175524142514,-0.00948639597709243,0.0167454492057016));
#2861=CARTESIAN_POINT('',(-0.0323722279361694,-0.0100770358590372,0.0171870817452915));
#2862=CARTESIAN_POINT('',(-0.0326853837233912,-0.0103641287920819,0.0174112354068801));
#2863=CARTESIAN_POINT('',(-0.079375,0.086868,0.0300370529294016));
#2864=CARTESIAN_POINT('',(-0.079375,0.013335,0.0300370529294016));
#2865=CARTESIAN_POINT('',(-0.05715,0.013335,0.0300370529294015));
#2866=CARTESIAN_POINT('',(-0.0942414770618868,0.013335,0.0300370529294016));
#2867=CARTESIAN_POINT('',(-0.0942414770618868,-0.013335,0.0300370529294016));
#2868=CARTESIAN_POINT('',(-0.0942414770618868,-0.013335,0.0300370529294016));
#2869=CARTESIAN_POINT('',(-0.05715,-0.013335,0.0300370529294016));
#2870=CARTESIAN_POINT('',(-0.05715,-0.013335,0.0300370529294015));
#2871=CARTESIAN_POINT('',(-0.05715,0.086868,0.0300370529294015));
#2872=CARTESIAN_POINT('',(-0.05715,0.01349502,0.0300370529294016));
#2873=CARTESIAN_POINT('',(-0.05715,-0.01349502,0.0300370529294016));
#2874=CARTESIAN_POINT('',(-0.0479107080777486,0.01349502,0.0300370529294016));
#2875=CARTESIAN_POINT('',(-0.0479107080777486,-0.01349502,0.0300370529294016));
#2876=CARTESIAN_POINT('',(-0.0387536523242792,0.01349502,0.0251110944276056));
#2877=CARTESIAN_POINT('',(-0.0387536523242792,-0.01349502,0.0251110944276056));
#2878=CARTESIAN_POINT('',(-0.0296788327395916,0.01349502,0.0152591774240136));
#2879=CARTESIAN_POINT('',(-0.0296788327395916,-0.01349502,0.0152591774240136));
#2880=CARTESIAN_POINT('',(-0.0296788327395916,0.00611493683422247,0.0152591774240136));
#2881=CARTESIAN_POINT('',(-0.0305388235246048,0.00667653311272824,0.0161928111738349));
#2882=CARTESIAN_POINT('',(-0.031856796067118,0.00753799383984708,0.0175565100700291));
#2883=CARTESIAN_POINT('',(-0.0336828691672415,0.00870324148073482,0.0192942088440418));
#2884=CARTESIAN_POINT('',(-0.0350728674745409,0.00963024333517685,0.0205401051094003));
#2885=CARTESIAN_POINT('',(-0.0365458671336755,0.0104134196947523,0.0217769091660241));
#2886=CARTESIAN_POINT('',(-0.0386455820925772,0.0112556707118607,0.02341111434766));
#2887=CARTESIAN_POINT('',(-0.0414367141081077,0.0120338604138886,0.0253191075714));
#2888=CARTESIAN_POINT('',(-0.0450436771471373,0.0126685146108167,0.0272874501750147));
#2889=CARTESIAN_POINT('',(-0.0502036960538775,0.0132101414678492,0.0293435094412774));
#2890=CARTESIAN_POINT('',(-0.0543546892952637,0.013335,0.0300370529294016));
#2891=CARTESIAN_POINT('',(-0.05715,0.013335,0.0300370529294016));
#2892=CARTESIAN_POINT('',(-0.05715,-0.013335,0.0300370529294016));
#2893=CARTESIAN_POINT('',(-0.0557569335446969,-0.013335,0.0300370513215669));
#2894=CARTESIAN_POINT('',(-0.0529589632291406,-0.013292160146853,0.029808677637641));
#2895=CARTESIAN_POINT('',(-0.0489169236047689,-0.0130750618511021,0.02882874280228));
#2896=CARTESIAN_POINT('',(-0.0450428091691181,-0.0126684265222807,0.0272876514283345));
#2897=CARTESIAN_POINT('',(-0.0414369535260142,-0.0120338856403403,0.0253190542788604));
#2898=CARTESIAN_POINT('',(-0.0386455472977936,-0.0112556642457873,0.023411115424979));
#2899=CARTESIAN_POINT('',(-0.0365458820261249,-0.0104134263406425,0.0217769179937418));
#2900=CARTESIAN_POINT('',(-0.0350728306652317,-0.00963022011847944,0.0205400670967408));
#2901=CARTESIAN_POINT('',(-0.0336830019805592,-0.00870332798758554,0.0192943524732961));
#2902=CARTESIAN_POINT('',(-0.0318560932793673,-0.00753753506685653,0.017555747539736));
#2903=CARTESIAN_POINT('',(-0.0305419399886448,-0.00667856808117371,0.016196193882239));
#2904=CARTESIAN_POINT('',(-0.0296788327395916,-0.00611493683422248,0.0152591774240136));
#2905=CARTESIAN_POINT('',(-0.076855942606926,0.086868,-0.005461));
#2906=CARTESIAN_POINT('',(-0.0760664753979438,-0.01778,-0.00401098533595626));
#2907=CARTESIAN_POINT('',(-0.076428406997878,-0.01778,-0.00381392999773944));
#2908=CARTESIAN_POINT('',(-0.0772994182511469,-0.0177607778706117,-0.00371237783155099));
#2909=CARTESIAN_POINT('',(-0.0783054704405299,-0.0173385307025567,-0.00443110699592222));
#2910=CARTESIAN_POINT('',(-0.0785714329477304,-0.0168217143664302,-0.00532293001171516));
#2911=CARTESIAN_POINT('',(-0.0784287660137667,-0.0164976523712083,-0.00606930287155665));
#2912=CARTESIAN_POINT('',(-0.0781054720178321,-0.0163890694835565,-0.00659983312064423));
#2913=CARTESIAN_POINT('',(-0.0776037880333335,-0.0164958941424071,-0.00697300697495726));
#2914=CARTESIAN_POINT('',(-0.076869953909172,-0.0168201909448494,-0.00718258214860613));
#2915=CARTESIAN_POINT('',(-0.0759559913311195,-0.0173368671065195,-0.00699354666458467));
#2916=CARTESIAN_POINT('',(-0.0751550495654744,-0.0177591141848856,-0.00606136512670833));
#2917=CARTESIAN_POINT('',(-0.075177451753517,-0.0177799999999997,-0.0051797578526632));
#2918=CARTESIAN_POINT('',(-0.0753425511475432,-0.01778,-0.00480111569902947));
#2919=CARTESIAN_POINT('',(-0.0753425511475511,0.01778,-0.00480111569901147));
#2920=CARTESIAN_POINT('',(-0.0751778395067036,0.01778,-0.00517886857196951));
#2921=CARTESIAN_POINT('',(-0.0751527922846803,0.0177603278261969,-0.00605539623667561));
#2922=CARTESIAN_POINT('',(-0.0759561030098954,0.0173368076696983,-0.00699466754049305));
#2923=CARTESIAN_POINT('',(-0.076868277905031,0.0168211325804094,-0.00718207999577601));
#2924=CARTESIAN_POINT('',(-0.0775995706397593,0.0164976981422486,-0.00697455112204642));
#2925=CARTESIAN_POINT('',(-0.0780997352581655,0.0163890736221269,-0.00660609129392862));
#2926=CARTESIAN_POINT('',(-0.0784275846473248,0.0164958347689607,-0.00607367081624824));
#2927=CARTESIAN_POINT('',(-0.0785720832429357,0.0168207641977556,-0.00532456259721542));
#2928=CARTESIAN_POINT('',(-0.0783043619055714,0.0173385683237096,-0.00443113067037643));
#2929=CARTESIAN_POINT('',(-0.0773055974798349,0.0177595689198034,-0.00371410651173008));
#2930=CARTESIAN_POINT('',(-0.0764292626265316,0.0177799999999997,-0.00381346414675745));
#2931=CARTESIAN_POINT('',(-0.076066475397965,0.01778,-0.00401098533594473));
#2932=CARTESIAN_POINT('',(-0.0650137079113244,0.086868,-0.00835005100816488));
#2933=CARTESIAN_POINT('',(-0.0638483093201607,0.0168370533363195,-0.00951951546838323));
#2934=CARTESIAN_POINT('',(-0.0641158897505139,0.016818018319797,-0.00978616560369248));
#2935=CARTESIAN_POINT('',(-0.0648368495727836,0.0168576136278591,-0.010118751369744));
#2936=CARTESIAN_POINT('',(-0.065934867690676,0.017223387477829,-0.0098561997010744));
#2937=CARTESIAN_POINT('',(-0.0666520790574724,0.0176327804867888,-0.00902114931834824));
#2938=CARTESIAN_POINT('',(-0.0667038806305463,0.0177633336989478,-0.00824397691062409));
#2939=CARTESIAN_POINT('',(-0.0665970942060907,0.0177729788872353,-0.00788240922052569));
#2940=CARTESIAN_POINT('',(-0.0665970942060906,0.0177729788872353,-0.0078824092205257));
#2941=CARTESIAN_POINT('',(-0.0638483093201642,0.0168370533363224,-0.00951951546837995));
#2942=CARTESIAN_POINT('',(-0.0665970942060907,0.0177729788872366,-0.00788240922052569));
#2943=CARTESIAN_POINT('',(-0.0665818231412087,0.0177743582039137,-0.00783070298836292));
#2944=CARTESIAN_POINT('',(-0.0665640752011397,0.0177754267122814,-0.00777991181125675));
#2945=CARTESIAN_POINT('',(-0.0665438641145947,0.017776273445219,-0.00773003246522163));
#2946=CARTESIAN_POINT('',(-0.0665438641145946,0.017776273445219,-0.00773003246522165));
#2947=CARTESIAN_POINT('',(-0.0635595702823077,0.0174566217431646,-0.00756820399251684));
#2948=CARTESIAN_POINT('',(-0.0636999927750092,0.0175535611758006,-0.00730703572492649));
#2949=CARTESIAN_POINT('',(-0.0641366593170725,0.0177108016618216,-0.00684511064074979));
#2950=CARTESIAN_POINT('',(-0.0650916076652905,0.0177815101415215,-0.00660841855799045));
#2951=CARTESIAN_POINT('',(-0.0660180808174884,0.0177788480352009,-0.00692525004456686));
#2952=CARTESIAN_POINT('',(-0.0664264565000075,0.017781192176044,-0.00744027985730937));
#2953=CARTESIAN_POINT('',(-0.0665438641145947,0.017776273445219,-0.00773003246522163));
#2954=CARTESIAN_POINT('',(-0.0635595702823077,0.0174566217431645,-0.00756820399251682));
#2955=CARTESIAN_POINT('',(-0.0635595702823077,0.0174566217431646,-0.00756820399251683));
#2956=CARTESIAN_POINT('',(-0.0632284331440674,0.0172280241325667,-0.00818407763971757));
#2957=CARTESIAN_POINT('',(-0.0633221101188628,0.0168744858588602,-0.00899514570023402));
#2958=CARTESIAN_POINT('',(-0.0638483093201614,0.0168370533363195,-0.00951951546838385));
#2959=CARTESIAN_POINT('',(-0.0665970942060906,-0.0177729788872354,-0.0078824092205257));
#2960=CARTESIAN_POINT('',(-0.0667042357711409,-0.0177633016218563,-0.00824517937961891));
#2961=CARTESIAN_POINT('',(-0.0666520192486217,-0.0176323315626013,-0.0090234628981431));
#2962=CARTESIAN_POINT('',(-0.0659294930635453,-0.0172211909219846,-0.00985883492205618));
#2963=CARTESIAN_POINT('',(-0.0648380089276636,-0.0168580757106907,-0.010118265377835));
#2964=CARTESIAN_POINT('',(-0.0641150855299254,-0.0168180755300797,-0.00978536417913406));
#2965=CARTESIAN_POINT('',(-0.0638483093201565,-0.0168370533363198,-0.00951951546837902));
#2966=CARTESIAN_POINT('',(-0.0638483093201565,-0.0168370533363198,-0.00951951546837903));
#2967=CARTESIAN_POINT('',(-0.0665970942060906,-0.0177729788872353,-0.0078824092205257));
#2968=CARTESIAN_POINT('',(-0.0638483093201565,-0.0168370533363198,-0.00951951546837902));
#2969=CARTESIAN_POINT('',(-0.0635888848402806,-0.0168555081584994,-0.00926099292780814));
#2970=CARTESIAN_POINT('',(-0.0632639043052291,-0.0170592965486636,-0.00857918858841786));
#2971=CARTESIAN_POINT('',(-0.0633948838949403,-0.0173429319442787,-0.00787450006843043));
#2972=CARTESIAN_POINT('',(-0.0635595702823077,-0.0174566217431646,-0.00756820399251687));
#2973=CARTESIAN_POINT('',(-0.0635595702823077,-0.0174566217431645,-0.00756820399251688));
#2974=CARTESIAN_POINT('',(-0.0635595702823077,-0.0174566217431646,-0.00756820399251687));
#2975=CARTESIAN_POINT('',(-0.0636999927750091,-0.0175535611758006,-0.00730703572492652));
#2976=CARTESIAN_POINT('',(-0.0641366593170724,-0.0177108016618215,-0.00684511064074983));
#2977=CARTESIAN_POINT('',(-0.0650916076652903,-0.0177815101415215,-0.00660841855799045));
#2978=CARTESIAN_POINT('',(-0.0660180808174883,-0.017778848035201,-0.00692525004456679));
#2979=CARTESIAN_POINT('',(-0.0664264565000074,-0.017781192176044,-0.00744027985730927));
#2980=CARTESIAN_POINT('',(-0.0665438641145946,-0.017776273445219,-0.00773003246522151));
#2981=CARTESIAN_POINT('',(-0.0665438641145946,-0.017776273445219,-0.00773003246522151));
#2982=CARTESIAN_POINT('',(-0.0665438641145946,-0.0177762734452191,-0.0077300324652215));
#2983=CARTESIAN_POINT('',(-0.0665641614630698,-0.0177754230983829,-0.00778012469880499));
#2984=CARTESIAN_POINT('',(-0.0665818879600686,-0.0177743523493282,-0.00783092245825912));
#2985=CARTESIAN_POINT('',(-0.0665970942060906,-0.0177729788872353,-0.00788240922052569));
#2986=CARTESIAN_POINT('',(-0.0685863196849823,0.086868,-0.005461));
#2987=CARTESIAN_POINT('',(-0.0721656635126045,0.086868,-0.008636));
#2988=CARTESIAN_POINT('',(-0.0736103854729491,-0.0175448292212654,-0.00774918047506419));
#2989=CARTESIAN_POINT('',(-0.0738318011495505,-0.0172556469643395,-0.00835898212207842));
#2990=CARTESIAN_POINT('',(-0.0738200346324015,-0.0169055888239994,-0.00895754136997538));
#2991=CARTESIAN_POINT('',(-0.073607037738753,-0.0165380917255907,-0.00951186755514619));
#2992=CARTESIAN_POINT('',(-0.0731921481374718,-0.0162163569180173,-0.00998669733908115));
#2993=CARTESIAN_POINT('',(-0.0725443095022642,-0.0161089564035913,-0.0102953434226706));
#2994=CARTESIAN_POINT('',(-0.0718570225522172,-0.0163379002555688,-0.0102991000342855));
#2995=CARTESIAN_POINT('',(-0.0712946903646365,-0.0166894386190618,-0.0100785725861103));
#2996=CARTESIAN_POINT('',(-0.0708478322225347,-0.0170595807129931,-0.00968865741622989));
#2997=CARTESIAN_POINT('',(-0.070553206069086,-0.017390946819043,-0.00914661144103283));
#2998=CARTESIAN_POINT('',(-0.0704754072949715,-0.0176333295592615,-0.00848650994614939));
#2999=CARTESIAN_POINT('',(-0.0707412718775306,-0.017788607543349,-0.00759224051001948));
#3000=CARTESIAN_POINT('',(-0.0717473561742697,-0.0177757164746011,-0.0068237257028042));
#3001=CARTESIAN_POINT('',(-0.0729847946565147,-0.0177735329393552,-0.00707389961748064));
#3002=CARTESIAN_POINT('',(-0.0736103854729491,-0.0175448292212654,-0.00774918047506419));
#3003=CARTESIAN_POINT('',(-0.0738318011495505,-0.0172556469643395,-0.00835898212207842));
#3004=CARTESIAN_POINT('',(-0.0738200346324015,-0.0169055888239994,-0.00895754136997538));
#3005=CARTESIAN_POINT('',(-0.0737929374505921,-0.0172455009837705,-0.00835710838889221));
#3006=CARTESIAN_POINT('',(-0.0736103854729492,0.0175448292212654,-0.00774918047506419));
#3007=CARTESIAN_POINT('',(-0.0738318011495505,0.0172556469643395,-0.00835898212207841));
#3008=CARTESIAN_POINT('',(-0.0738200346324015,0.0169055888239994,-0.0089575413699754));
#3009=CARTESIAN_POINT('',(-0.073607037738753,0.0165380917255907,-0.00951186755514618));
#3010=CARTESIAN_POINT('',(-0.0731921481374718,0.0162163569180173,-0.00998669733908115));
#3011=CARTESIAN_POINT('',(-0.0725443095022641,0.0161089564035913,-0.0102953434226706));
#3012=CARTESIAN_POINT('',(-0.0718570225522172,0.0163379002555688,-0.0102991000342855));
#3013=CARTESIAN_POINT('',(-0.0712946903646365,0.0166894386190618,-0.0100785725861103));
#3014=CARTESIAN_POINT('',(-0.0708478322225347,0.0170595807129931,-0.00968865741622989));
#3015=CARTESIAN_POINT('',(-0.070553206069086,0.017390946819043,-0.00914661144103283));
#3016=CARTESIAN_POINT('',(-0.0704754072949715,0.0176333295592615,-0.00848650994614937));
#3017=CARTESIAN_POINT('',(-0.0707412718775306,0.017788607543349,-0.00759224051001949));
#3018=CARTESIAN_POINT('',(-0.0717473561742697,0.0177757164746011,-0.00682372570280419));
#3019=CARTESIAN_POINT('',(-0.0729847946565147,0.0177735329393552,-0.00707389961748065));
#3020=CARTESIAN_POINT('',(-0.0736103854729492,0.0175448292212654,-0.00774918047506419));
#3021=CARTESIAN_POINT('',(-0.0738318011495505,0.0172556469643395,-0.00835898212207841));
#3022=CARTESIAN_POINT('',(-0.0738200346324015,0.0169055888239994,-0.0089575413699754));
#3023=CARTESIAN_POINT('',(-0.0737929374505921,0.0172455009837705,-0.0083571083888922));
#3024=CARTESIAN_POINT('',(0.0793404802680016,0.025908,-0.005461));
#3025=CARTESIAN_POINT('',(0.0749706774950028,0.025908,-0.008636));
#3026=CARTESIAN_POINT('',(0.0752338205281476,-0.00467162994379437,-0.00700610529661424));
#3027=CARTESIAN_POINT('',(0.0748243006683839,-0.00473835620550968,-0.00693998918628675));
#3028=CARTESIAN_POINT('',(0.0739623496335791,-0.00488598613532987,-0.0071238224560089));
#3029=CARTESIAN_POINT('',(0.0732088201293761,-0.00477541771656403,-0.00824084238008352));
#3030=CARTESIAN_POINT('',(0.0733838302988761,-0.00428536008357625,-0.00945966411685703));
#3031=CARTESIAN_POINT('',(0.0742967874407287,-0.00383087989602013,-0.0103174786043904));
#3032=CARTESIAN_POINT('',(0.0756570003969693,-0.00389504620585542,-0.0103166442249681));
#3033=CARTESIAN_POINT('',(0.0765967598834762,-0.00423278878112452,-0.00942201786313585));
#3034=CARTESIAN_POINT('',(0.0767053016676538,-0.00443567141966734,-0.00810875719669632));
#3035=CARTESIAN_POINT('',(0.0761549680511708,-0.00452101069573953,-0.00741259373032365));
#3036=CARTESIAN_POINT('',(0.0757939512890712,-0.00458013159128038,-0.00720490906648106));
#3037=CARTESIAN_POINT('',(0.0757939512890982,0.00458013159127598,-0.00720490906649062));
#3038=CARTESIAN_POINT('',(0.076154640034986,0.00452106441238827,-0.00741240503013733));
#3039=CARTESIAN_POINT('',(0.0767039209549106,0.00443608556468763,-0.00810546882772334));
#3040=CARTESIAN_POINT('',(0.0765978442053273,0.00423314425575154,-0.00941996795751201));
#3041=CARTESIAN_POINT('',(0.0756613522193621,0.00389692212272029,-0.0103129205160778));
#3042=CARTESIAN_POINT('',(0.0743074502746279,0.00382849292123153,-0.0103226397060974));
#3043=CARTESIAN_POINT('',(0.0733829009360714,0.0042847805962141,-0.00946056152859109));
#3044=CARTESIAN_POINT('',(0.0732089951872347,0.00477390018262602,-0.0082457178961105));
#3045=CARTESIAN_POINT('',(0.073957297877056,0.00488670956337194,-0.00712598211112262));
#3046=CARTESIAN_POINT('',(0.0748237504908737,0.00473844585021834,-0.00693990036130173));
#3047=CARTESIAN_POINT('',(0.075233820528153,0.00467162994379349,-0.00700610529662053));
#3048=CARTESIAN_POINT('',(0.0836735144257546,0.025908,-0.008636));
#3049=CARTESIAN_POINT('',(0.082270711296517,-0.0034917013602827,-0.00950660001183133));
#3050=CARTESIAN_POINT('',(0.0824695312402788,-0.00345751022012598,-0.00982695980447281));
#3051=CARTESIAN_POINT('',(0.0830791362647546,-0.00333175632376882,-0.0103111567435261));
#3052=CARTESIAN_POINT('',(0.0838580587307176,-0.00321742110587141,-0.0103186073265138));
#3053=CARTESIAN_POINT('',(0.0842111036766935,-0.00315597605522165,-0.0101970249188514));
#3054=CARTESIAN_POINT('',(0.0842111036766935,0.00315597605522165,-0.0101970249188514));
#3055=CARTESIAN_POINT('',(0.0838580542557666,0.00321742188470593,-0.0103186088676074));
#3056=CARTESIAN_POINT('',(0.0830799394120736,0.0033316175091822,-0.0103114423380284));
#3057=CARTESIAN_POINT('',(0.0824695275434226,0.00345751085587571,-0.00982695384770627));
#3058=CARTESIAN_POINT('',(0.0822707112965167,0.00349170136028275,-0.00950660001183122));
#3059=CARTESIAN_POINT('',(-0.079375,0.013335,0.0255920529294015));
#3060=CARTESIAN_POINT('',(-0.0942414770618868,0.013335,0.0255920529294015));
#3061=CARTESIAN_POINT('',(-0.05715,0.013335,0.0255920529294015));
#3062=CARTESIAN_POINT('',(-0.05715,0.013335,0.0300370529294016));
#3063=CARTESIAN_POINT('',(-0.05715,0.01778,0.0300370529294016));
#3064=CARTESIAN_POINT('',(-0.05715,0.01778,0.0255920529294015));
#3065=CARTESIAN_POINT('',(-0.0556432804046546,0.013335000000234,0.0300370529294016));
#3066=CARTESIAN_POINT('',(-0.0555843979375936,0.0177800000004259,0.0300370529294873));
#3067=CARTESIAN_POINT('',(-0.0558420456633757,0.01778,0.025592052929317));
#3068=CARTESIAN_POINT('',(-0.0526171496441,0.0132846093102643,0.0297681277559006));
#3069=CARTESIAN_POINT('',(-0.0524382551448614,0.0177064839575092,0.0297482923415995));
#3070=CARTESIAN_POINT('',(-0.0532035132220259,0.0177272993801081,0.0253701575409098));
#3071=CARTESIAN_POINT('',(-0.048327539723849,0.0130315071809536,0.0286435766726778));
#3072=CARTESIAN_POINT('',(-0.0479603884035949,0.0173333691745774,0.0285285774813498));
#3073=CARTESIAN_POINT('',(-0.0493460504102655,0.0174579873337556,0.024426675979741));
#3074=CARTESIAN_POINT('',(-0.0443385303275064,0.012569618504046,0.0269481968343048));
#3075=CARTESIAN_POINT('',(-0.043797623742444,0.0166595045367391,0.0266874052016058));
#3076=CARTESIAN_POINT('',(-0.0455866064267888,0.0169555458978396,0.0229660476268831));
#3077=CARTESIAN_POINT('',(-0.0413490213272288,0.011990877781376,0.0252294295145114));
#3078=CARTESIAN_POINT('',(-0.0406649410250409,0.0158218779796242,0.0248127358679955));
#3079=CARTESIAN_POINT('',(-0.0426009109729015,0.0163060847442441,0.021446305456128));
#3080=CARTESIAN_POINT('',(-0.0391253409102176,0.0113784709350909,0.0237321662322778));
#3081=CARTESIAN_POINT('',(-0.0383245241485403,0.014931446519927,0.0231691131154559));
#3082=CARTESIAN_POINT('',(-0.0402548512062921,0.0155887787776058,0.0201003415483138));
#3083=CARTESIAN_POINT('',(-0.0375307231010672,0.0108248908174095,0.0225543471860836));
#3084=CARTESIAN_POINT('',(-0.0366529789604908,0.0141297714462985,0.0218811609681389));
#3085=CARTESIAN_POINT('',(-0.038494677045709,0.0149171526588033,0.019031410934736));
#3086=CARTESIAN_POINT('',(-0.0362860449395491,0.0102757098370382,0.0215578643086867));
#3087=CARTESIAN_POINT('',(-0.0353369894092734,0.0133250341346318,0.02078180204665));
#3088=CARTESIAN_POINT('',(-0.0370398844783787,0.0142182647100998,0.0181193538288951));
#3089=CARTESIAN_POINT('',(-0.0354604898014054,0.00983103526190466,0.0208618268985415));
#3090=CARTESIAN_POINT('',(-0.0344578204895122,0.012665820656148,0.0200076265869386));
#3091=CARTESIAN_POINT('',(-0.0360238323436233,0.0136244785865984,0.0174787900239286));
#3092=CARTESIAN_POINT('',(-0.0350593142476009,0.00959126531484669,0.020515273431975));
#3093=CARTESIAN_POINT('',(-0.0340301249201258,0.0123072165546469,0.0196216709686335));
#3094=CARTESIAN_POINT('',(-0.0355121222488986,0.0132930490376546,0.0171590457640079));
#3095=CARTESIAN_POINT('',(-0.0348338204142086,0.0094478736918547,0.0203181842601734));
#3096=CARTESIAN_POINT('',(-0.0337911446732607,0.0120961628879319,0.0194033268173445));
#3097=CARTESIAN_POINT('',(-0.0352240149923123,0.013094745449672,0.0169769814296751));
#3098=CARTESIAN_POINT('',(-0.0346093741275192,0.00930413496852077,0.0201204918027191));
#3099=CARTESIAN_POINT('',(-0.0335833427369203,0.0119635694679541,0.0192109132363792));
#3100=CARTESIAN_POINT('',(-0.0350361039416915,0.012964486995777,0.0167942139156016));
#3101=CARTESIAN_POINT('',(-0.0343301778488541,0.009125429045069,0.0198717411384062));
#3102=CARTESIAN_POINT('',(-0.0333148952954847,0.0117723999534,0.01896031639995));
#3103=CARTESIAN_POINT('',(-0.0347681344225549,0.0127792138174915,0.0165639704660835));
#3104=CARTESIAN_POINT('',(-0.0338865397529871,0.00884086001922952,0.0194705212574807));
#3105=CARTESIAN_POINT('',(-0.0328932934634755,0.0114828485933916,0.01856102239015));
#3106=CARTESIAN_POINT('',(-0.0343606199822537,0.0124972253015061,0.0161920310131489));
#3107=CARTESIAN_POINT('',(-0.0333375739665245,0.00848798306923374,0.018963023346728));
#3108=CARTESIAN_POINT('',(-0.0323692618271074,0.011119250017958,0.0180548841671695));
#3109=CARTESIAN_POINT('',(-0.0338487120045041,0.0121430834734472,0.015720499252082));
#3110=CARTESIAN_POINT('',(-0.0326871871615154,0.00806873292712725,0.0183445896017994));
#3111=CARTESIAN_POINT('',(-0.0317478793858791,0.0106896779173204,0.0174389832694207));
#3112=CARTESIAN_POINT('',(-0.0332433265670299,0.0117242377751101,0.0151443140785131));
#3113=CARTESIAN_POINT('',(-0.0318321525666483,0.00751587732899673,0.0175093459896396));
#3114=CARTESIAN_POINT('',(-0.0309299005217367,0.0101236465910761,0.0166081405964535));
#3115=CARTESIAN_POINT('',(-0.0324440371867596,0.0111712489484437,0.014363704442937));
#3116=CARTESIAN_POINT('',(-0.0309925407484106,0.00697199223144196,0.0166561814421242));
#3117=CARTESIAN_POINT('',(-0.0301252505514174,0.00956699342507987,0.0157597247640355));
#3118=CARTESIAN_POINT('',(-0.0316579939277276,0.0106274209488336,0.0135650326315773));
#3119=CARTESIAN_POINT('',(-0.0301732703036358,0.00643626650209383,0.0157938824024628));
#3120=CARTESIAN_POINT('',(-0.0293353945688782,0.00902052084781399,0.0149020726247648));
#3121=CARTESIAN_POINT('',(-0.0308836460765072,0.0100916857031598,0.0127499346869138));
#3122=CARTESIAN_POINT('',(-0.0297604758650172,0.00617142193233646,0.0153478118357615));
#3123=CARTESIAN_POINT('',(-0.0289421022675695,0.00874842141250644,0.0144593590478368));
#3124=CARTESIAN_POINT('',(-0.0305008441120721,0.00982684271945976,0.0123363090321595));
#3125=CARTESIAN_POINT('',(-0.0295694689250794,0.00603927307489249,0.0151404485375916));
#3126=CARTESIAN_POINT('',(-0.0287510953276381,0.0086162725550605,0.0142519957496677));
#3127=CARTESIAN_POINT('',(-0.030309837172135,0.00969469386201349,0.01212894573399));
#3128=CARTESIAN_POINT('',(-0.079375,-0.013335,0.0255920529294015));
#3129=CARTESIAN_POINT('',(-0.0942414770618868,-0.013335,0.0255920529294015));
#3130=CARTESIAN_POINT('',(-0.05715,-0.013335,0.0255920529294015));
#3131=CARTESIAN_POINT('',(-0.05715,-0.01778,0.0255920529294015));
#3132=CARTESIAN_POINT('',(-0.05715,-0.01778,0.0300370529294016));
#3133=CARTESIAN_POINT('',(-0.05715,-0.013335,0.0300370529294016));
#3134=CARTESIAN_POINT('',(-0.0558420456634017,-0.01778,0.0255920529293539));
#3135=CARTESIAN_POINT('',(-0.0555843979376161,-0.017780000000461,0.0300370529294891));
#3136=CARTESIAN_POINT('',(-0.0556432804046589,-0.013335000000286,0.0300370529294016));
#3137=CARTESIAN_POINT('',(-0.0532035132220137,-0.0177272993801081,0.0253701575408927));
#3138=CARTESIAN_POINT('',(-0.0524382551448487,-0.0177064839574928,0.0297482923415984));
#3139=CARTESIAN_POINT('',(-0.0526171496440979,-0.0132846093102401,0.0297681277559005));
#3140=CARTESIAN_POINT('',(-0.0493460504102687,-0.0174579873337556,0.0244266759797456));
#3141=CARTESIAN_POINT('',(-0.047960388403599,-0.0173333691745817,0.0285285774813503));
#3142=CARTESIAN_POINT('',(-0.0483275397238496,-0.0130315071809601,0.0286435766726778));
#3143=CARTESIAN_POINT('',(-0.045586606426788,-0.0169555458978396,0.0229660476268818));
#3144=CARTESIAN_POINT('',(-0.0437976237424428,-0.0166595045367379,0.0266874052016056));
#3145=CARTESIAN_POINT('',(-0.0443385303275063,-0.0125696185040443,0.0269481968343048));
#3146=CARTESIAN_POINT('',(-0.0426009109729016,-0.0163060847442441,0.0214463054561282));
#3147=CARTESIAN_POINT('',(-0.0406649410250411,-0.0158218779796243,0.0248127358679956));
#3148=CARTESIAN_POINT('',(-0.0413490213272288,-0.0119908777813762,0.0252294295145114));
#3149=CARTESIAN_POINT('',(-0.040254851206292,-0.0155887787776058,0.0201003415483137));
#3150=CARTESIAN_POINT('',(-0.0383245241485402,-0.0149314465199269,0.0231691131154559));
#3151=CARTESIAN_POINT('',(-0.0391253409102176,-0.0113784709350909,0.0237321662322778));
#3152=CARTESIAN_POINT('',(-0.038494677045709,-0.0149171526588033,0.019031410934736));
#3153=CARTESIAN_POINT('',(-0.0366529789604908,-0.0141297714462985,0.0218811609681389));
#3154=CARTESIAN_POINT('',(-0.0375307231010672,-0.0108248908174095,0.0225543471860835));
#3155=CARTESIAN_POINT('',(-0.0370398844783787,-0.0142182647100998,0.0181193538288951));
#3156=CARTESIAN_POINT('',(-0.0353369894092734,-0.0133250341346318,0.02078180204665));
#3157=CARTESIAN_POINT('',(-0.0362860449395491,-0.0102757098370383,0.0215578643086867));
#3158=CARTESIAN_POINT('',(-0.0360238323436233,-0.0136244785865984,0.0174787900239286));
#3159=CARTESIAN_POINT('',(-0.0344578204895122,-0.012665820656148,0.0200076265869386));
#3160=CARTESIAN_POINT('',(-0.0354604898014053,-0.00983103526190462,0.0208618268985415));
#3161=CARTESIAN_POINT('',(-0.0355121222488986,-0.0132930490376546,0.0171590457640079));
#3162=CARTESIAN_POINT('',(-0.0340301249201258,-0.0123072165546469,0.0196216709686335));
#3163=CARTESIAN_POINT('',(-0.035059314247601,-0.0095912653148467,0.020515273431975));
#3164=CARTESIAN_POINT('',(-0.0352240149923123,-0.013094745449672,0.0169769814296751));
#3165=CARTESIAN_POINT('',(-0.0337911446732608,-0.0120961628879318,0.0194033268173445));
#3166=CARTESIAN_POINT('',(-0.0348338204142086,-0.00944787369185468,0.0203181842601734));
#3167=CARTESIAN_POINT('',(-0.0350361039416915,-0.012964486995777,0.0167942139156016));
#3168=CARTESIAN_POINT('',(-0.0335833427369202,-0.0119635694679541,0.0192109132363792));
#3169=CARTESIAN_POINT('',(-0.0346093741275192,-0.00930413496852075,0.0201204918027191));
#3170=CARTESIAN_POINT('',(-0.0347681344225549,-0.0127792138174915,0.0165639704660835));
#3171=CARTESIAN_POINT('',(-0.0333148952954847,-0.0117723999534,0.01896031639995));
#3172=CARTESIAN_POINT('',(-0.0343301778488542,-0.00912542904506902,0.0198717411384062));
#3173=CARTESIAN_POINT('',(-0.0343606199822536,-0.0124972253015061,0.0161920310131489));
#3174=CARTESIAN_POINT('',(-0.0328932934634754,-0.0114828485933916,0.01856102239015));
#3175=CARTESIAN_POINT('',(-0.0338865397529871,-0.00884086001922949,0.0194705212574807));
#3176=CARTESIAN_POINT('',(-0.0338487120045041,-0.0121430834734472,0.015720499252082));
#3177=CARTESIAN_POINT('',(-0.0323692618271074,-0.0111192500179581,0.0180548841671695));
#3178=CARTESIAN_POINT('',(-0.0333375739665245,-0.00848798306923377,0.018963023346728));
#3179=CARTESIAN_POINT('',(-0.0332433265670298,-0.0117242377751101,0.015144314078513));
#3180=CARTESIAN_POINT('',(-0.031747879385879,-0.0106896779173203,0.0174389832694206));
#3181=CARTESIAN_POINT('',(-0.0326871871615154,-0.00806873292712719,0.0183445896017993));
#3182=CARTESIAN_POINT('',(-0.03244403718676,-0.011171248948444,0.0143637044429375));
#3183=CARTESIAN_POINT('',(-0.030929900521737,-0.0101236465910766,0.0166081405964541));
#3184=CARTESIAN_POINT('',(-0.0318321525666487,-0.00751587732899701,0.01750934598964));
#3185=CARTESIAN_POINT('',(-0.0316579939277252,-0.0106274209488319,0.013565032631574));
#3186=CARTESIAN_POINT('',(-0.0301252505514155,-0.00956699342507713,0.0157597247640318));
#3187=CARTESIAN_POINT('',(-0.0309925407484083,-0.00697199223144024,0.0166561814421217));
#3188=CARTESIAN_POINT('',(-0.0308836460765113,-0.0100916857031626,0.0127499346869194));
#3189=CARTESIAN_POINT('',(-0.0293353945688814,-0.00902052084781865,0.0149020726247711));
#3190=CARTESIAN_POINT('',(-0.0301732703036398,-0.00643626650209676,0.0157938824024671));
#3191=CARTESIAN_POINT('',(-0.0305008441120631,-0.00982684271945359,0.012336309032147));
#3192=CARTESIAN_POINT('',(-0.0289421022675625,-0.00874842141249618,0.014459359047823));
#3193=CARTESIAN_POINT('',(-0.0297604758650085,-0.00617142193232998,0.015347811835752));
#3194=CARTESIAN_POINT('',(-0.030309837172135,-0.00969469386201349,0.01212894573399));
#3195=CARTESIAN_POINT('',(-0.0287510953276381,-0.0086162725550605,0.0142519957496677));
#3196=CARTESIAN_POINT('',(-0.0295694689250794,-0.00603927307489249,0.0151404485375916));
#3197=CARTESIAN_POINT('',(-0.0952718263936761,-0.013335,0.0090007488044537));
#3198=CARTESIAN_POINT('',(-0.0952718263936761,-0.01778,0.0090007488044537));
#3199=CARTESIAN_POINT('',(-0.0942414770618868,-0.01778,0.0133246828065496));
#3200=CARTESIAN_POINT('',(-0.0936059348873602,-0.013335,0.00860378386476357));
#3201=CARTESIAN_POINT('',(-0.0936059348874245,-0.0177800000000318,0.00860378386542943));
#3202=CARTESIAN_POINT('',(-0.0924374909898394,-0.01778,0.0128948113424739));
#3203=CARTESIAN_POINT('',(-0.0911942291880912,-0.013335,0.00790481872003622));
#3204=CARTESIAN_POINT('',(-0.0911942291880767,-0.0177799999999928,0.00790481871988607));
#3205=CARTESIAN_POINT('',(-0.0897745863858679,-0.01778,0.0121290207624095));
#3206=CARTESIAN_POINT('',(-0.0882974476798932,-0.013335,0.00668073106697915));
#3207=CARTESIAN_POINT('',(-0.0882974476798959,-0.0177800000000014,0.00668073106700747));
#3208=CARTESIAN_POINT('',(-0.0863691148225938,-0.01778,0.0106953808950054));
#3209=CARTESIAN_POINT('',(-0.086350193437785,-0.013335,0.0055878796716909));
#3210=CARTESIAN_POINT('',(-0.0863501934377843,-0.0177799999999996,0.00558787967168316));
#3211=CARTESIAN_POINT('',(-0.0839205245800329,-0.01778,0.00932905603792855));
#3212=CARTESIAN_POINT('',(-0.0850335084534676,-0.013335,0.00456163273381912));
#3213=CARTESIAN_POINT('',(-0.0850335084534676,-0.01778,0.00456163273382008));
#3214=CARTESIAN_POINT('',(-0.0820949604813747,-0.01778,0.00792022271132495));
#3215=CARTESIAN_POINT('',(-0.084171122811671,-0.013335,0.00366011217482764));
#3216=CARTESIAN_POINT('',(-0.084171122811671,-0.01778,0.00366011217482746));
#3217=CARTESIAN_POINT('',(-0.0807946980686739,-0.01778,0.00656527007752192));
#3218=CARTESIAN_POINT('',(-0.0836430025431803,-0.013335,0.00296747590582462));
#3219=CARTESIAN_POINT('',(-0.0836430025431803,-0.01778,0.00296747590582467));
#3220=CARTESIAN_POINT('',(-0.0799522645026411,-0.01778,0.00546395592981841));
#3221=CARTESIAN_POINT('',(-0.0832188268639917,-0.013335,0.002246882641897));
#3222=CARTESIAN_POINT('',(-0.0832188268639917,-0.01778,0.00224688264189698));
#3223=CARTESIAN_POINT('',(-0.0792429397587561,-0.01778,0.00426231321333801));
#3224=CARTESIAN_POINT('',(-0.0829523463974271,-0.013335,0.00162004967575804));
#3225=CARTESIAN_POINT('',(-0.0829523463974271,-0.01778,0.00162004967575805));
#3226=CARTESIAN_POINT('',(-0.0787829065443337,-0.01778,0.00318286844191888));
#3227=CARTESIAN_POINT('',(-0.0827939385976635,-0.013335,0.00111440932943293));
#3228=CARTESIAN_POINT('',(-0.0827939385976635,-0.01778,0.00111440932943293));
#3229=CARTESIAN_POINT('',(-0.0785073965437718,-0.01778,0.00230244356248736));
#3230=CARTESIAN_POINT('',(-0.0826999922071585,-0.0133349999999999,0.000724800074219754));
#3231=CARTESIAN_POINT('',(-0.0826999922071586,-0.0177799999999999,0.000724800074219755));
#3232=CARTESIAN_POINT('',(-0.0783444585503769,-0.0177799999999999,0.00162937041572655));
#3233=CARTESIAN_POINT('',(-0.0826434886531557,-0.0133350000000001,0.000402519653938145));
#3234=CARTESIAN_POINT('',(-0.0826434886531554,-0.0177800000000001,0.000402519653938157));
#3235=CARTESIAN_POINT('',(-0.07824569948634,-0.0177800000000001,0.00105880889034894));
#3236=CARTESIAN_POINT('',(-0.0826133035267876,-0.0133349999999999,0.000152855079341891));
#3237=CARTESIAN_POINT('',(-0.082613303526788,-0.0177799999999998,0.000152855079341874));
#3238=CARTESIAN_POINT('',(-0.0781959740522478,-0.0177799999999998,0.000654176697013085));
#3239=CARTESIAN_POINT('',(-0.0826018784233679,-0.013335,3.84618170839532E-5));
#3240=CARTESIAN_POINT('',(-0.0826018784233672,-0.01778,3.84618170839911E-5));
#3241=CARTESIAN_POINT('',(-0.0781732614724377,-0.01778,0.000421436632176955));
#3242=CARTESIAN_POINT('',(-0.0825923244629198,-0.013335,-7.53057443432641E-5));
#3243=CARTESIAN_POINT('',(-0.0825923244629214,-0.01778,-7.53057443433515E-5));
#3244=CARTESIAN_POINT('',(-0.0781635904282854,-0.01778,0.000304615103283939));
#3245=CARTESIAN_POINT('',(-0.0825873176090113,-0.013335,-0.000133670597046778));
#3246=CARTESIAN_POINT('',(-0.0825873176090113,-0.01778,-0.000133670597046778));
#3247=CARTESIAN_POINT('',(-0.0781585835743759,-0.01778,0.00024625025058052));
#3248=CARTESIAN_POINT('',(-0.0782891177372076,-0.01778,0.00129844412674617));
#3249=CARTESIAN_POINT('',(-0.07869814531071,-0.01778,0.0019920441955918));
#3250=CARTESIAN_POINT('',(-0.0796103464798784,-0.0177255472876989,0.00334785276559984));
#3251=CARTESIAN_POINT('',(-0.081735831345665,-0.0175580062782697,0.00575654456908408));
#3252=CARTESIAN_POINT('',(-0.0836805200268805,-0.0175043179070961,0.00726861950165922));
#3253=CARTESIAN_POINT('',(-0.0850189556123348,-0.0175138161348509,0.00815379896452096));
#3254=CARTESIAN_POINT('',(-0.0850189556123348,-0.0175138161348509,0.00815379896452094));
#3255=CARTESIAN_POINT('',(-0.0850189556123348,-0.0175138161348509,0.00815379896452094));
#3256=CARTESIAN_POINT('',(-0.0852212485127321,-0.0176863440894991,0.00884737437616983));
#3257=CARTESIAN_POINT('',(-0.0854262160260899,-0.01778,0.00955011988617183));
#3258=CARTESIAN_POINT('',(-0.0856343594849494,-0.01778,0.010263754348266));
#3259=CARTESIAN_POINT('',(-0.0942414770618868,-0.013335,0.0133246828065496));
#3260=CARTESIAN_POINT('',(-0.0825987845984796,-0.013335,0.));
#3261=CARTESIAN_POINT('',(-0.0825987845984796,-0.0145099707362625,0.));
#3262=CARTESIAN_POINT('',(-0.0816470584371927,-0.0168114394361888,0.000139781709928944));
#3263=CARTESIAN_POINT('',(-0.0793454338432666,-0.0177799999999998,0.00051776839285317));
#3264=CARTESIAN_POINT('',(-0.0782041659694436,-0.01778,0.000715613087582589));
#3265=CARTESIAN_POINT('',(-0.0668646377750793,-0.01778,-0.00771858432203298));
#3266=CARTESIAN_POINT('',(-0.0670519030389611,-0.01778,-0.0121596378818252));
#3267=CARTESIAN_POINT('',(-0.0670519030389611,-0.013335,-0.0121596378818252));
#3268=CARTESIAN_POINT('',(-0.0681742989326427,-0.01778,-0.00766336003131309));
#3269=CARTESIAN_POINT('',(-0.0685929516544532,-0.0177799999999872,-0.0120946567107247));
#3270=CARTESIAN_POINT('',(-0.0685929516542105,-0.0133349999999727,-0.0120946567074926));
#3271=CARTESIAN_POINT('',(-0.0701580886133582,-0.01778,-0.00742782840970668));
#3272=CARTESIAN_POINT('',(-0.0710095341919915,-0.0177800000000029,-0.0118220003604471));
#3273=CARTESIAN_POINT('',(-0.0710095341920462,-0.0133350000000061,-0.0118220003611759));
#3274=CARTESIAN_POINT('',(-0.072643299523831,-0.01778,-0.00662102116235087));
#3275=CARTESIAN_POINT('',(-0.0743618560312686,-0.0177799999999995,-0.0107463339967861));
#3276=CARTESIAN_POINT('',(-0.0743618560312583,-0.0133349999999988,-0.0107463339966489));
#3277=CARTESIAN_POINT('',(-0.0744042882959575,-0.01778,-0.00567057581382354));
#3278=CARTESIAN_POINT('',(-0.0769553931355503,-0.0177800000000001,-0.0093612216958388));
#3279=CARTESIAN_POINT('',(-0.0769553931355531,-0.0133350000000003,-0.00936122169587564));
#3280=CARTESIAN_POINT('',(-0.0758813453526882,-0.01778,-0.00435422358109976));
#3281=CARTESIAN_POINT('',(-0.0792614038112745,-0.01778,-0.00730908438125083));
#3282=CARTESIAN_POINT('',(-0.0792614038112737,-0.0133349999999999,-0.00730908438124074));
#3283=CARTESIAN_POINT('',(-0.0768257877160349,-0.01778,-0.00298047900118709));
#3284=CARTESIAN_POINT('',(-0.0806719875555909,-0.01778,-0.00524052221427519));
#3285=CARTESIAN_POINT('',(-0.0806719875555911,-0.013335,-0.00524052221427644));
#3286=CARTESIAN_POINT('',(-0.0774045293180073,-0.01778,-0.00179643903800628));
#3287=CARTESIAN_POINT('',(-0.0814848421410571,-0.01778,-0.00357259485766734));
#3288=CARTESIAN_POINT('',(-0.081484842141057,-0.013335,-0.0035725948576671));
#3289=CARTESIAN_POINT('',(-0.0777653557373391,-0.01778,-0.000867043454621637));
#3290=CARTESIAN_POINT('',(-0.0819713984922286,-0.01778,-0.00231751518904953));
#3291=CARTESIAN_POINT('',(-0.0819713984922289,-0.013335,-0.00231751518904962));
#3292=CARTESIAN_POINT('',(-0.078005337716505,-0.01778,-8.26978682608229E-5));
#3293=CARTESIAN_POINT('',(-0.0822846255538188,-0.01778,-0.00128992254187862));
#3294=CARTESIAN_POINT('',(-0.0822846255538179,-0.013335,-0.00128992254187853));
#3295=CARTESIAN_POINT('',(-0.0781685038952938,-0.01778,0.00055257137288748));
#3296=CARTESIAN_POINT('',(-0.0824895189095783,-0.01778,-0.000493674644883695));
#3297=CARTESIAN_POINT('',(-0.0824895189095798,-0.013335,-0.000493674644883852));
#3298=CARTESIAN_POINT('',(-0.0782397084600332,-0.01778,0.000872577044073772));
#3299=CARTESIAN_POINT('',(-0.0825839488648873,-0.01778,-6.84863463780415E-5));
#3300=CARTESIAN_POINT('',(-0.0825839488648839,-0.013335,-6.84863463776978E-5));
#3301=CARTESIAN_POINT('',(-0.0782744171763022,-0.01778,0.00103280324047409));
#3302=CARTESIAN_POINT('',(-0.0826186575811545,-0.01778,9.17398500222793E-5));
#3303=CARTESIAN_POINT('',(-0.0826186575811545,-0.013335,9.17398500222793E-5));
#3304=CARTESIAN_POINT('',(-0.0668646377750796,-0.013335,-0.00771858432203262));
#3305=CARTESIAN_POINT('',(-0.0942414770618862,0.01778,0.0133246828065495));
#3306=CARTESIAN_POINT('',(-0.0952718263936755,0.01778,0.00900074880445354));
#3307=CARTESIAN_POINT('',(-0.0952718263936755,0.013335,0.00900074880445355));
#3308=CARTESIAN_POINT('',(-0.092437490989916,0.01778,0.012894811342506));
#3309=CARTESIAN_POINT('',(-0.0936059348874057,0.0177800000000205,0.00860378386544863));
#3310=CARTESIAN_POINT('',(-0.0936059348874399,0.013335,0.00860378386478255));
#3311=CARTESIAN_POINT('',(-0.08977458638585,0.01778,0.012129020762402));
#3312=CARTESIAN_POINT('',(-0.0911942291880804,0.0177799999999954,0.00790481871988155));
#3313=CARTESIAN_POINT('',(-0.0911942291880726,0.013335,0.00790481872003176));
#3314=CARTESIAN_POINT('',(-0.0863691148225966,0.01778,0.0106953808950065));
#3315=CARTESIAN_POINT('',(-0.0882974476798948,0.0177800000000009,0.00668073106700809));
#3316=CARTESIAN_POINT('',(-0.0882974476798962,0.013335,0.00668073106697976));
#3317=CARTESIAN_POINT('',(-0.0839205245800318,0.01778,0.00932905603792807));
#3318=CARTESIAN_POINT('',(-0.0863501934377843,0.0177799999999998,0.00558787967168284));
#3319=CARTESIAN_POINT('',(-0.0863501934377839,0.013335,0.00558787967169059));
#3320=CARTESIAN_POINT('',(-0.0820949604813746,0.01778,0.00792022271132473));
#3321=CARTESIAN_POINT('',(-0.0850335084534675,0.01778,0.00456163273381992));
#3322=CARTESIAN_POINT('',(-0.0850335084534675,0.013335,0.00456163273381896));
#3323=CARTESIAN_POINT('',(-0.0807946980686737,0.01778,0.00656527007752174));
#3324=CARTESIAN_POINT('',(-0.084171122811671,0.01778,0.00366011217482734));
#3325=CARTESIAN_POINT('',(-0.0841711228116709,0.013335,0.00366011217482752));
#3326=CARTESIAN_POINT('',(-0.079952264502641,0.01778,0.00546395592981822));
#3327=CARTESIAN_POINT('',(-0.0836430025431802,0.01778,0.00296747590582454));
#3328=CARTESIAN_POINT('',(-0.0836430025431802,0.013335,0.00296747590582449));
#3329=CARTESIAN_POINT('',(-0.079242939758756,0.01778,0.00426231321333783));
#3330=CARTESIAN_POINT('',(-0.0832188268639917,0.01778,0.0022468826418969));
#3331=CARTESIAN_POINT('',(-0.0832188268639917,0.013335,0.00224688264189691));
#3332=CARTESIAN_POINT('',(-0.0787829065443336,0.01778,0.00318286844191864));
#3333=CARTESIAN_POINT('',(-0.082952346397427,0.01778,0.0016200496757579));
#3334=CARTESIAN_POINT('',(-0.082952346397427,0.013335,0.0016200496757579));
#3335=CARTESIAN_POINT('',(-0.0785073965437719,0.01778,0.00230244356248728));
#3336=CARTESIAN_POINT('',(-0.0827939385976635,0.01778,0.00111440932943291));
#3337=CARTESIAN_POINT('',(-0.0827939385976636,0.013335,0.00111440932943291));
#3338=CARTESIAN_POINT('',(-0.0783444585503767,0.01778,0.00162937041572641));
#3339=CARTESIAN_POINT('',(-0.0826999922071584,0.01778,0.000724800074219608));
#3340=CARTESIAN_POINT('',(-0.0826999922071584,0.013335,0.000724800074219606));
#3341=CARTESIAN_POINT('',(-0.0782456994863403,0.01778,0.001058808890349));
#3342=CARTESIAN_POINT('',(-0.0826434886531559,0.01778,0.000402519653938306));
#3343=CARTESIAN_POINT('',(-0.0826434886531558,0.013335,0.000402519653938313));
#3344=CARTESIAN_POINT('',(-0.0781959740522474,0.01778,0.000654176697012768));
#3345=CARTESIAN_POINT('',(-0.0826133035267875,0.01778,0.000152855079341546));
#3346=CARTESIAN_POINT('',(-0.0826133035267876,0.013335,0.000152855079341536));
#3347=CARTESIAN_POINT('',(-0.0781732614724384,0.01778,0.000421436632177414));
#3348=CARTESIAN_POINT('',(-0.0826018784233681,0.01778,3.84618170844849E-5));
#3349=CARTESIAN_POINT('',(-0.082601878423368,0.013335,3.84618170845014E-5));
#3350=CARTESIAN_POINT('',(-0.0781635904282837,0.01778,0.000304615103282797));
#3351=CARTESIAN_POINT('',(-0.0825923244629194,0.01778,-7.53057443445039E-5));
#3352=CARTESIAN_POINT('',(-0.0825923244629197,0.013335,-7.53057443445405E-5));
#3353=CARTESIAN_POINT('',(-0.0781585835743759,0.01778,0.000246250250580471));
#3354=CARTESIAN_POINT('',(-0.0825873176090113,0.01778,-0.000133670597046826));
#3355=CARTESIAN_POINT('',(-0.0825873176090113,0.013335,-0.000133670597046826));
#3356=CARTESIAN_POINT('',(-0.0856343594849494,0.01778,0.0102637543482661));
#3357=CARTESIAN_POINT('',(-0.08542621602609,0.01778,0.00955011988617196));
#3358=CARTESIAN_POINT('',(-0.085221248512722,0.0176863440895009,0.008847374376173));
#3359=CARTESIAN_POINT('',(-0.0850189556123247,0.0175138161348537,0.00815379896452385));
#3360=CARTESIAN_POINT('',(-0.0850189556123347,0.0175138161348509,0.00815379896452092));
#3361=CARTESIAN_POINT('',(-0.0782891177372076,0.01778,0.00129844412674625));
#3362=CARTESIAN_POINT('',(-0.0786981453105494,0.01778,0.00199204419567053));
#3363=CARTESIAN_POINT('',(-0.0796103464799593,0.0177255472876984,0.00334785276556975));
#3364=CARTESIAN_POINT('',(-0.0817358313455477,0.0175580062782745,0.00575654456903189));
#3365=CARTESIAN_POINT('',(-0.0836805200268598,0.0175043179070959,0.00726861950164551));
#3366=CARTESIAN_POINT('',(-0.0850189556123347,0.0175138161348509,0.00815379896452089));
#3367=CARTESIAN_POINT('',(-0.0825987845984796,0.013335,0.));
#3368=CARTESIAN_POINT('',(-0.0825987845984796,0.0145099707362625,0.));
#3369=CARTESIAN_POINT('',(-0.0816470584371929,0.0168114394361887,0.000139781709928725));
#3370=CARTESIAN_POINT('',(-0.0793454338432669,0.0177799999999999,0.000517768392854804));
#3371=CARTESIAN_POINT('',(-0.0782041659694437,0.01778,0.000715613087582792));
#3372=CARTESIAN_POINT('',(-0.0942414770618862,0.013335,0.0133246828065495));
#3373=CARTESIAN_POINT('',(-0.0670519030389604,0.013335,-0.0121596378818252));
#3374=CARTESIAN_POINT('',(-0.0670519030389604,0.01778,-0.0121596378818252));
#3375=CARTESIAN_POINT('',(-0.0668646377750787,0.01778,-0.00771858432203301));
#3376=CARTESIAN_POINT('',(-0.0685929516540829,0.013335,-0.012094656707498));
#3377=CARTESIAN_POINT('',(-0.0685929516542146,0.01778,-0.0120946567107199));
#3378=CARTESIAN_POINT('',(-0.0681742989325239,0.01778,-0.00766336003130459));
#3379=CARTESIAN_POINT('',(-0.0710095341920741,0.013335,-0.0118220003611749));
#3380=CARTESIAN_POINT('',(-0.0710095341920444,0.01778,-0.0118220003604484));
#3381=CARTESIAN_POINT('',(-0.0701580886133844,0.01778,-0.00742782840970875));
#3382=CARTESIAN_POINT('',(-0.0743618560312525,0.013335,-0.0107463339966492));
#3383=CARTESIAN_POINT('',(-0.0743618560312581,0.01778,-0.0107463339967861));
#3384=CARTESIAN_POINT('',(-0.0726432995238258,0.01778,-0.00662102116235062));
#3385=CARTESIAN_POINT('',(-0.076955393135554,0.013335,-0.00936122169587596));
#3386=CARTESIAN_POINT('',(-0.0769553931355525,0.01778,-0.00936122169583923));
#3387=CARTESIAN_POINT('',(-0.0744042882959585,0.01778,-0.00567057581382388));
#3388=CARTESIAN_POINT('',(-0.079261403811273,0.013335,-0.00730908438124116));
#3389=CARTESIAN_POINT('',(-0.0792614038112734,0.01778,-0.00730908438125122));
#3390=CARTESIAN_POINT('',(-0.0758813453526876,0.01778,-0.0043542235811));
#3391=CARTESIAN_POINT('',(-0.0806719875555911,0.013335,-0.00524052221427669));
#3392=CARTESIAN_POINT('',(-0.080671987555591,0.01778,-0.00524052221427543));
#3393=CARTESIAN_POINT('',(-0.0768257877160349,0.01778,-0.00298047900118725));
#3394=CARTESIAN_POINT('',(-0.0814848421410569,0.013335,-0.00357259485766735));
#3395=CARTESIAN_POINT('',(-0.0814848421410569,0.01778,-0.00357259485766759));
#3396=CARTESIAN_POINT('',(-0.0774045293180072,0.01778,-0.00179643903800647));
#3397=CARTESIAN_POINT('',(-0.0819713984922289,0.013335,-0.00231751518904957));
#3398=CARTESIAN_POINT('',(-0.0819713984922287,0.01778,-0.00231751518904947));
#3399=CARTESIAN_POINT('',(-0.0777653557373391,0.01778,-0.000867043454621532));
#3400=CARTESIAN_POINT('',(-0.0822846255538177,0.013335,-0.00128992254187938));
#3401=CARTESIAN_POINT('',(-0.0822846255538182,0.01778,-0.00128992254187951));
#3402=CARTESIAN_POINT('',(-0.0780053377165049,0.01778,-8.26978682616994E-5));
#3403=CARTESIAN_POINT('',(-0.0824895189095801,0.013335,-0.000493674644882607));
#3404=CARTESIAN_POINT('',(-0.0824895189095794,0.01778,-0.000493674644882388));
#3405=CARTESIAN_POINT('',(-0.0781685038952938,0.01778,0.000552571372888788));
#3406=CARTESIAN_POINT('',(-0.0825839488648833,0.013335,-6.84863463806209E-5));
#3407=CARTESIAN_POINT('',(-0.082583948864885,0.01778,-6.84863463811017E-5));
#3408=CARTESIAN_POINT('',(-0.0782397084600332,0.01778,0.000872577044070783));
#3409=CARTESIAN_POINT('',(-0.0826186575811546,0.013335,9.17398500222854E-5));
#3410=CARTESIAN_POINT('',(-0.0826186575811546,0.01778,9.17398500222854E-5));
#3411=CARTESIAN_POINT('',(-0.0782744171763022,0.01778,0.00103280324047409));
#3412=CARTESIAN_POINT('',(-0.0668646377750803,0.013335,-0.00771858432203294));
#3413=CARTESIAN_POINT('',(-0.0952718263936898,0.013335,0.00900074880445695));
#3414=CARTESIAN_POINT('',(-0.0952718263937114,0.0177799999999947,0.00900074880446208));
#3415=CARTESIAN_POINT('',(-0.0942414770619245,0.01778,0.0133246828065532));
#3416=CARTESIAN_POINT('',(-0.0954734288405889,0.0133349999962968,0.00904878860949296));
#3417=CARTESIAN_POINT('',(-0.0957841533639383,0.0177034591992065,0.00912283108974595));
#3418=CARTESIAN_POINT('',(-0.0947928614578484,0.0177799999999972,0.0133767048849982));
#3419=CARTESIAN_POINT('',(-0.0956721128270192,0.0133107651764279,0.00909489995333559));
#3420=CARTESIAN_POINT('',(-0.0962791456366677,0.0175748758095214,0.00923579016385614));
#3421=CARTESIAN_POINT('',(-0.0953349341961224,0.0177187914573935,0.0134265136005821));
#3422=CARTESIAN_POINT('',(-0.0958678509827263,0.0132629470785506,0.00913925883714679));
#3423=CARTESIAN_POINT('',(-0.0967587687998595,0.0173961169460006,0.00934116183246604));
#3424=CARTESIAN_POINT('',(-0.0958678509827294,0.0175980199413199,0.0134743316999168));
#3425=CARTESIAN_POINT('',(-0.0942414770618868,0.01778,0.0133246828065496));
#3426=CARTESIAN_POINT('',(-0.0947902152854491,0.01778,0.0133764552239469));
#3427=CARTESIAN_POINT('',(-0.0953323492980356,0.0177193772562808,0.013426281660008));
#3428=CARTESIAN_POINT('',(-0.0958678509827246,0.0175980199413209,0.0134743316999164));
#3429=CARTESIAN_POINT('',(-0.0958678509827246,0.0175980199413209,0.0134743316999164));
#3430=CARTESIAN_POINT('',(-0.0948854212017858,0.013262947078551,0.0134743316999164));
#3431=CARTESIAN_POINT('',(-0.0942414770618868,0.0104214770618868,-0.0127));
#3432=CARTESIAN_POINT('',(-0.0942414770618868,0.0104214770618868,0.0226785299912883));
#3433=CARTESIAN_POINT('',(-0.0942414770618868,0.0104214770618868,0.0163158017165805));
#3434=CARTESIAN_POINT('',(-0.1016,0.0104214770618868,0.0226785299912883));
#3435=CARTESIAN_POINT('',(-0.1016,0.0104214770618868,0.0226785299912883));
#3436=CARTESIAN_POINT('',(-0.1016,0.0104214770618868,0.0226785299912883));
#3437=CARTESIAN_POINT('',(-0.1016,0.0108028563301432,0.0236417584103521));
#3438=CARTESIAN_POINT('',(-0.101599858829475,0.0110937808910853,0.0233508338204876));
#3439=CARTESIAN_POINT('',(-0.1016,0.011384705480951,0.0230599092595448));
#3440=CARTESIAN_POINT('',(-0.101216951266307,0.0115654970065217,0.0255679175756906));
#3441=CARTESIAN_POINT('',(-0.101446311986225,0.0124908244936671,0.0247478774230683));
#3442=CARTESIAN_POINT('',(-0.101216951266307,0.0133108646462888,0.0238225499359233));
#3443=CARTESIAN_POINT('',(-0.0998527129872777,0.0123734829199782,0.0276086026858246));
#3444=CARTESIAN_POINT('',(-0.100784492138702,0.0142619569294931,0.0265190098588946));
#3445=CARTESIAN_POINT('',(-0.0998527129872777,0.0153515497564231,0.0246305358493797));
#3446=CARTESIAN_POINT('',(-0.0983559419624689,0.0128595780084425,0.0288363060314125));
#3447=CARTESIAN_POINT('',(-0.0996859695515499,0.0157018195809798,0.0279588725103814));
#3448=CARTESIAN_POINT('',(-0.0983559419624689,0.0165792531020109,0.0251166309378441));
#3449=CARTESIAN_POINT('',(-0.0970756321108155,0.0131305783721817,0.0295207565866929));
#3450=CARTESIAN_POINT('',(-0.0983855919924987,0.016753745976577,0.0290107989059784));
#3451=CARTESIAN_POINT('',(-0.0970756321108155,0.0172637036572914,0.0253876313015831));
#3452=CARTESIAN_POINT('',(-0.0956863008561563,0.013297436134301,0.0299421799617716));
#3453=CARTESIAN_POINT('',(-0.0965277740592826,0.0175695218766662,0.0298265748060684));
#3454=CARTESIAN_POINT('',(-0.0956863008561563,0.0176851270323701,0.0255544890637031));
#3455=CARTESIAN_POINT('',(-0.0947230912808772,0.0133349999999982,0.0300370529294015));
#3456=CARTESIAN_POINT('',(-0.0950140159080712,0.0177799999999318,0.0300370529293318));
#3457=CARTESIAN_POINT('',(-0.0947230912808772,0.01778,0.0255920529293986));
#3458=CARTESIAN_POINT('',(-0.0942414770618868,0.013335,0.0300370529294015));
#3459=CARTESIAN_POINT('',(-0.0942414770618868,0.01778,0.0300370529294015));
#3460=CARTESIAN_POINT('',(-0.0942414770618868,0.01778,0.0255920529294015));
#3461=CARTESIAN_POINT('',(-0.0942414770618868,0.0104214770618868,0.0226785299912883));
#3462=CARTESIAN_POINT('',(-0.1016,0.0104214770618868,0.0163158017165806));
#3463=CARTESIAN_POINT('',(-0.1016,0.0104214770618868,0.0163158017165805));
#3464=CARTESIAN_POINT('',(-0.1016,0.0104214770618868,0.0163158017165806));
#3465=CARTESIAN_POINT('',(-0.1016,0.0112480458958966,0.01598853124694));
#3466=CARTESIAN_POINT('',(-0.101599878858271,0.0109983967013019,0.0157388820771674));
#3467=CARTESIAN_POINT('',(-0.1016,0.0107487475315273,0.0154892328825711));
#3468=CARTESIAN_POINT('',(-0.101318811475175,0.0129009760461133,0.0153340724719578));
#3469=CARTESIAN_POINT('',(-0.101488186725922,0.0121855800157087,0.0145516987627577));
#3470=CARTESIAN_POINT('',(-0.101318811475175,0.0114032063065096,0.0138363027323539));
#3471=CARTESIAN_POINT('',(-0.100100927016344,0.0151016191371548,0.014462753026701));
#3472=CARTESIAN_POINT('',(-0.100917385844367,0.014009278413942,0.0127280003645257));
#3473=CARTESIAN_POINT('',(-0.100100927016344,0.0122745257517664,0.0116356596413126));
#3474=CARTESIAN_POINT('',(-0.0982238826473573,0.0167757687876321,0.013799892633449));
#3475=CARTESIAN_POINT('',(-0.0996322371343787,0.0159346189061915,0.0108026598722757));
#3476=CARTESIAN_POINT('',(-0.0982238826473582,0.0129373861450183,0.00996150999083543));
#3477=CARTESIAN_POINT('',(-0.0966739783585133,0.0174153324603316,0.0135466647171352));
#3478=CARTESIAN_POINT('',(-0.0978937934616998,0.0170360528205735,0.00970122595789414));
#3479=CARTESIAN_POINT('',(-0.0966739783585114,0.0131906140613321,0.00932194631813536));
#3480=CARTESIAN_POINT('',(-0.0958678509827245,0.017598019941321,0.0134743316999164));
#3481=CARTESIAN_POINT('',(-0.0967587687998551,0.0173961169460023,0.00934116183246509));
#3482=CARTESIAN_POINT('',(-0.0958678509827245,0.013262947078551,0.00913925883714639));
#3483=CARTESIAN_POINT('',(-0.0942414770618868,0.0104214770618868,0.0163158017165805));
#3484=CARTESIAN_POINT('',(-0.0942414770618868,0.086868,0.0226785299912883));
#3485=CARTESIAN_POINT('',(-0.0942414770618868,-0.0104214770618868,0.0226785299912883));
#3486=CARTESIAN_POINT('',(-0.0942414770618868,4.17603064615173E-17,0.0163158017165805));
#3487=CARTESIAN_POINT('',(-0.0942414770618868,-0.0104214770618868,0.0163158017165805));
#3488=CARTESIAN_POINT('',(-0.1016,-0.0104214770618868,0.0226785299912883));
#3489=CARTESIAN_POINT('',(-0.1016,-0.0104214770618868,0.0226785299912883));
#3490=CARTESIAN_POINT('',(-0.1016,-0.0104214770618868,0.0226785299912883));
#3491=CARTESIAN_POINT('',(-0.1016,-0.011384705480951,0.0230599092595448));
#3492=CARTESIAN_POINT('',(-0.101599858829475,-0.0110937808910853,0.0233508338204876));
#3493=CARTESIAN_POINT('',(-0.1016,-0.0108028563301432,0.0236417584103521));
#3494=CARTESIAN_POINT('',(-0.101216951266307,-0.0133108646462888,0.0238225499359233));
#3495=CARTESIAN_POINT('',(-0.101446311986225,-0.0124908244936671,0.0247478774230683));
#3496=CARTESIAN_POINT('',(-0.101216951266307,-0.0115654970065217,0.0255679175756906));
#3497=CARTESIAN_POINT('',(-0.0998527129872777,-0.0153515497564231,0.0246305358493797));
#3498=CARTESIAN_POINT('',(-0.100784492138702,-0.0142619569294931,0.0265190098588946));
#3499=CARTESIAN_POINT('',(-0.0998527129872777,-0.0123734829199782,0.0276086026858246));
#3500=CARTESIAN_POINT('',(-0.0983559419624689,-0.0165792531020109,0.0251166309378441));
#3501=CARTESIAN_POINT('',(-0.0996859695515499,-0.0157018195809798,0.0279588725103814));
#3502=CARTESIAN_POINT('',(-0.0983559419624689,-0.0128595780084425,0.0288363060314125));
#3503=CARTESIAN_POINT('',(-0.0970756321108155,-0.0172637036572914,0.0253876313015831));
#3504=CARTESIAN_POINT('',(-0.0983855919924987,-0.016753745976577,0.0290107989059784));
#3505=CARTESIAN_POINT('',(-0.0970756321108155,-0.0131305783721817,0.0295207565866929));
#3506=CARTESIAN_POINT('',(-0.0956863008561563,-0.0176851270323701,0.0255544890637031));
#3507=CARTESIAN_POINT('',(-0.0965277740592826,-0.0175695218766662,0.0298265748060684));
#3508=CARTESIAN_POINT('',(-0.0956863008561563,-0.013297436134301,0.0299421799617716));
#3509=CARTESIAN_POINT('',(-0.0947230912808772,-0.01778,0.0255920529293986));
#3510=CARTESIAN_POINT('',(-0.0950140159080712,-0.0177799999999318,0.0300370529293318));
#3511=CARTESIAN_POINT('',(-0.0947230912808772,-0.0133349999999982,0.0300370529294015));
#3512=CARTESIAN_POINT('',(-0.0942414770618868,-0.01778,0.0255920529294015));
#3513=CARTESIAN_POINT('',(-0.0942414770618868,-0.01778,0.0300370529294015));
#3514=CARTESIAN_POINT('',(-0.0942414770618868,-0.013335,0.0300370529294015));
#3515=CARTESIAN_POINT('',(-0.0942414770618868,-0.0104214770618868,0.0226785299912883));
#3516=CARTESIAN_POINT('',(-0.1016,-0.0104214770618868,0.0163158017165805));
#3517=CARTESIAN_POINT('',(-0.1016,-0.0104214770618868,0.0163158017165805));
#3518=CARTESIAN_POINT('',(-0.1016,-0.0104214770618868,0.0163158017165805));
#3519=CARTESIAN_POINT('',(-0.1016,-0.0107487475315269,0.0154892328825711));
#3520=CARTESIAN_POINT('',(-0.101599878858271,-0.0109983967013011,0.0157388820771674));
#3521=CARTESIAN_POINT('',(-0.1016,-0.0112480458958954,0.01598853124694));
#3522=CARTESIAN_POINT('',(-0.101318811475176,-0.0114032063065097,0.0138363027323541));
#3523=CARTESIAN_POINT('',(-0.101488186725923,-0.012185580015709,0.0145516987627578));
#3524=CARTESIAN_POINT('',(-0.101318811475176,-0.0129009760461137,0.0153340724719578));
#3525=CARTESIAN_POINT('',(-0.100100927016341,-0.0122745257517663,0.0116356596413118));
#3526=CARTESIAN_POINT('',(-0.100917385844362,-0.0140092784139423,0.0127280003645252));
#3527=CARTESIAN_POINT('',(-0.100100927016341,-0.0151016191371554,0.014462753026701));
#3528=CARTESIAN_POINT('',(-0.0982238826473709,-0.0129373861450183,0.00996150999083832));
#3529=CARTESIAN_POINT('',(-0.0996322371343972,-0.0159346189061887,0.0108026598722786));
#3530=CARTESIAN_POINT('',(-0.0982238826473699,-0.0167757687876293,0.013799892633449));
#3531=CARTESIAN_POINT('',(-0.096673978358484,-0.0131906140613321,0.00932194631812914));
#3532=CARTESIAN_POINT('',(-0.0978937934616554,-0.0170360528205809,0.00970122595788648));
#3533=CARTESIAN_POINT('',(-0.0966739783584863,-0.0174153324603377,0.0135466647171352));
#3534=CARTESIAN_POINT('',(-0.0958678509827245,-0.013262947078551,0.00913925883714639));
#3535=CARTESIAN_POINT('',(-0.0967587687998551,-0.0173961169460023,0.00934116183246509));
#3536=CARTESIAN_POINT('',(-0.0958678509827245,-0.017598019941321,0.0134743316999164));
#3537=CARTESIAN_POINT('',(-0.0942414770618868,-0.0104214770618868,0.0163158017165805));
#3538=CARTESIAN_POINT('',(-0.0958678509827246,-0.017598019941321,0.0134743316999164));
#3539=CARTESIAN_POINT('',(-0.0948854212017858,-0.013262947078551,0.0134743316999164));
#3540=CARTESIAN_POINT('',(-0.0942414770618868,-0.0104214770618868,-0.0127));
#3541=CARTESIAN_POINT('',(-0.0942414770618868,-0.01778,0.0133246828065496));
#3542=CARTESIAN_POINT('',(-0.0947902152854505,-0.01778,0.013376455223947));
#3543=CARTESIAN_POINT('',(-0.0953323492980342,-0.0177193772562812,0.0134262816600078));
#3544=CARTESIAN_POINT('',(-0.0958678509827246,-0.017598019941321,0.0134743316999164));
#3545=CARTESIAN_POINT('',(-0.094241477061885,-0.01778,0.0133246828065495));
#3546=CARTESIAN_POINT('',(-0.0952718263936745,-0.0177800000000002,0.00900074880445331));
#3547=CARTESIAN_POINT('',(-0.0952718263936755,-0.013335,0.00900074880445355));
#3548=CARTESIAN_POINT('',(-0.0947928614709962,-0.0177800000000001,0.0133767048862331));
#3549=CARTESIAN_POINT('',(-0.0957841533760202,-0.017703459197398,0.00912283109262012));
#3550=CARTESIAN_POINT('',(-0.0954734288453698,-0.0133349999962968,0.00904878861063229));
#3551=CARTESIAN_POINT('',(-0.0953349341977666,-0.0177187914570205,0.0134265136007298));
#3552=CARTESIAN_POINT('',(-0.0962791456381723,-0.0175748758089708,0.00923579016418501));
#3553=CARTESIAN_POINT('',(-0.0956721128276231,-0.0133107651762869,0.00909489995347246));
#3554=CARTESIAN_POINT('',(-0.0958678509827244,-0.017598019941321,0.0134743316999163));
#3555=CARTESIAN_POINT('',(-0.096758768799855,-0.0173961169460023,0.00934116183246508));
#3556=CARTESIAN_POINT('',(-0.0958678509827245,-0.013262947078551,0.00913925883714638));
#3557=CARTESIAN_POINT('',(0.0625447580230035,0.00120293370810652,0.00642446890552793));
#3558=CARTESIAN_POINT('',(0.063272994519289,0.00648768831016827,0.00642361362435422));
#3559=CARTESIAN_POINT('',(0.0632668459184035,0.00648853558541174,0.00108892321094944));
#3560=CARTESIAN_POINT('',(0.066185429092375,0.000762175034274173,0.00642019310028991));
#3561=CARTESIAN_POINT('',(0.0669350993625754,0.00598299183717482,0.00635930763054588));
#3562=CARTESIAN_POINT('',(0.0665159498275034,0.00604081010169709,0.00108516666128267));
#3563=CARTESIAN_POINT('',(0.0715511709563666,4.97090472464287E-5,0.00573303069795265));
#3564=CARTESIAN_POINT('',(0.0722872188200343,0.00516214715646836,0.0055778551212697));
#3565=CARTESIAN_POINT('',(0.0712568505296976,0.00532072968983194,0.00048573024276899));
#3566=CARTESIAN_POINT('',(0.0784342619824914,-0.000942511453574587,0.00353524221449761));
#3567=CARTESIAN_POINT('',(0.0791427659709447,0.0040312050608085,0.00326300859617413));
#3568=CARTESIAN_POINT('',(0.0773939776495161,0.00432086449323026,-0.00145637742672626));
#3569=CARTESIAN_POINT('',(0.0832495027685984,-0.00167117800062655,0.00138473318750307));
#3570=CARTESIAN_POINT('',(0.0839053423222363,0.00321537852745065,0.00105077406512071));
#3571=CARTESIAN_POINT('',(0.0817312016850368,0.00358761849942859,-0.00337974955703697));
#3572=CARTESIAN_POINT('',(0.087774274000255,-0.00238385465184919,-0.00118537758503191));
#3573=CARTESIAN_POINT('',(0.0883719612026333,0.00242913326652431,-0.00156201178171996));
#3574=CARTESIAN_POINT('',(0.0858550298247726,0.00287113827145289,-0.00570811303240011));
#3575=CARTESIAN_POINT('',(0.0934819420768098,-0.00331474399201087,-0.00510979360267146));
#3576=CARTESIAN_POINT('',(0.0939915553257214,0.00141796462548103,-0.00551486282371371));
#3577=CARTESIAN_POINT('',(0.0911186638671065,0.00193595015492625,-0.00930863128799908));
#3578=CARTESIAN_POINT('',(0.0973370307677016,-0.00397242339456007,-0.00845030348001394));
#3579=CARTESIAN_POINT('',(0.0978065050240699,0.000712892883419023,-0.00887194737657398));
#3580=CARTESIAN_POINT('',(0.0947332939560995,0.00127577179083671,-0.0124247105084116));
#3581=CARTESIAN_POINT('',(0.0997599227345016,-0.00439384038944615,-0.010791582072272));
#3582=CARTESIAN_POINT('',(0.100205078952743,0.000264659723523932,-0.0112217435232405));
#3583=CARTESIAN_POINT('',(0.0970218179641923,0.000852883420343874,-0.0146284528733836));
#3584=CARTESIAN_POINT('',(0.0625384916630601,0.00120293370814918,0.0010889232109498));
#3585=CARTESIAN_POINT('',(0.0717975817508018,3.11333372856178E-18,0.0054192993171168));
#3586=CARTESIAN_POINT('',(0.0731356896642756,1.0002825884918E-13,0.00512717966585805));
#3587=CARTESIAN_POINT('',(0.0758043560289426,-4.64097632510665E-14,0.00439250519235327));
#3588=CARTESIAN_POINT('',(0.0796225212172118,1.24476027760557E-14,0.00290275001639578));
#3589=CARTESIAN_POINT('',(0.0833249595411253,-3.25788219500631E-15,0.00101829331102614));
#3590=CARTESIAN_POINT('',(0.0879426394624797,1.88782477286209E-15,-0.00190766624888121));
#3591=CARTESIAN_POINT('',(0.0931863868585597,-6.66063847471899E-16,-0.0062804487369541));
#3592=CARTESIAN_POINT('',(0.0968171758484304,-3.93620994714094E-18,-0.0104627286829866));
#3593=CARTESIAN_POINT('',(0.0983969291930552,6.67253805280587E-19,-0.0126999999999988));
#3594=CARTESIAN_POINT('',(0.0632668459180891,-0.00648853558545504,0.0010889232109498));
#3595=CARTESIAN_POINT('',(0.0632729945189327,-0.00648768831021735,0.0064236136243604));
#3596=CARTESIAN_POINT('',(0.0625447580226512,-0.00120293370814921,0.00642446890552835));
#3597=CARTESIAN_POINT('',(0.0665159513499366,-0.00604080989190926,0.00108516665955791));
#3598=CARTESIAN_POINT('',(0.0669351010684224,-0.00598299160216834,0.00635930760091755));
#3599=CARTESIAN_POINT('',(0.0661854307980975,-0.000762174827549112,0.00642019309831575));
#3600=CARTESIAN_POINT('',(0.0712568501864194,-0.0053207297371349,0.000485730243158685));
#3601=CARTESIAN_POINT('',(0.0722872184423703,-0.0051621472084488,0.00557785512742944));
#3602=CARTESIAN_POINT('',(0.0715511705717598,-4.97090938589181E-5,0.00573303069839865));
#3603=CARTESIAN_POINT('',(0.0773939777141635,-0.00432086448432206,-0.00145637742679951));
#3604=CARTESIAN_POINT('',(0.0791427660404274,-0.00403120505126539,0.00326300859527933));
#3605=CARTESIAN_POINT('',(0.0784342620549227,0.000942511462352925,0.00353524221441384));
#3606=CARTESIAN_POINT('',(0.0817312016677351,-0.00358761850181275,-0.00337974955701439));
#3607=CARTESIAN_POINT('',(0.0839053423039311,-0.00321537852996051,0.00105077406529866));
#3608=CARTESIAN_POINT('',(0.0832495027492098,0.00167117799827648,0.0013847331875286));
#3609=CARTESIAN_POINT('',(0.0858550298293143,-0.00287113827082755,-0.00570811303240807));
#3610=CARTESIAN_POINT('',(0.0883719612073748,-0.00242913326587483,-0.0015620117817517));
#3611=CARTESIAN_POINT('',(0.0877742740053579,0.00238385465246804,-0.00118537758504017));
#3612=CARTESIAN_POINT('',(0.0911186638644279,-0.0019359501552929,-0.00930863128797687));
#3613=CARTESIAN_POINT('',(0.0939915553229497,-0.00141796462586337,-0.00551486282367951));
#3614=CARTESIAN_POINT('',(0.0934819420737325,0.0033147439916356,-0.00510979360265078));
#3615=CARTESIAN_POINT('',(0.094733293955881,-0.00127577179087709,-0.0124247105085086));
#3616=CARTESIAN_POINT('',(0.0978065050239615,-0.00071289288341446,-0.0088719473767507));
#3617=CARTESIAN_POINT('',(0.097337030767794,0.00397242339458225,-0.0084503034801032));
#3618=CARTESIAN_POINT('',(0.0970218179641923,-0.000852883420343876,-0.0146284528733836));
#3619=CARTESIAN_POINT('',(0.100205078952743,-0.000264659723523937,-0.0112217435232405));
#3620=CARTESIAN_POINT('',(0.0997599227345016,0.00439384038944615,-0.010791582072272));
#3621=CARTESIAN_POINT('',(0.0625384916630601,-0.00120293370814917,0.0010889232109498));
#3622=CARTESIAN_POINT('',(0.063266845918089,0.00648853558545505,0.0010889232109498));
#3623=CARTESIAN_POINT('',(0.0632729945189326,0.00648768831021736,0.00642361362436046));
#3624=CARTESIAN_POINT('',(0.062544758022651,0.00120293370814917,0.00642446890552834));
#3625=CARTESIAN_POINT('',(0.0622933339340137,0.00662268522676029,0.00109004876758656));
#3626=CARTESIAN_POINT('',(0.0627726547225391,0.00655665282167404,0.00635919701839012));
#3627=CARTESIAN_POINT('',(0.0620655761731425,0.0013349959206417,0.00642503168316166));
#3628=CARTESIAN_POINT('',(0.0603793805023778,0.00687788365430269,0.00134603266077236));
#3629=CARTESIAN_POINT('',(0.061753906314851,0.00669678014002462,0.00637077281571096));
#3630=CARTESIAN_POINT('',(0.0611251688115337,0.00158576171441822,0.00655302363077205));
#3631=CARTESIAN_POINT('',(0.0567475975542289,0.00732357831731295,0.0028478828630671));
#3632=CARTESIAN_POINT('',(0.0597295183545491,0.00697468801937339,0.0069953631003034));
#3633=CARTESIAN_POINT('',(0.0593493951537112,0.00202152455192395,0.00730394873129501));
#3634=CARTESIAN_POINT('',(0.0546131795028363,0.00753866383070361,0.00498436578292205));
#3635=CARTESIAN_POINT('',(0.0584980888732019,0.00715036848565309,0.0081230409772871));
#3636=CARTESIAN_POINT('',(0.0583189258163296,0.00222898934204862,0.0083721901919771));
#3637=CARTESIAN_POINT('',(0.0536583891612004,0.00762608382864591,0.00667037226597876));
#3638=CARTESIAN_POINT('',(0.0579639224355603,0.00723187193356101,0.00902638532822198));
#3639=CARTESIAN_POINT('',(0.0578614644504508,0.00231275908619226,0.00921519343304285));
#3640=CARTESIAN_POINT('',(0.062544758022651,0.00120293370814918,0.00642446890552835));
#3641=CARTESIAN_POINT('',(0.0625093438915243,0.00121269382012622,0.00642451049784017));
#3642=CARTESIAN_POINT('',(0.0624739275483633,0.00122243161223186,0.00642490464403928));
#3643=CARTESIAN_POINT('',(0.0624385088977241,0.00123214672232267,0.00642565171481855));
#3644=CARTESIAN_POINT('',(0.062544758022651,-0.00120293370814917,0.00642446890552834));
#3645=CARTESIAN_POINT('',(0.0632729945189326,-0.00648768831021736,0.00642361362436046));
#3646=CARTESIAN_POINT('',(0.063266845918089,-0.00648853558545505,0.0010889232109498));
#3647=CARTESIAN_POINT('',(0.0620655761731694,-0.00133499592063551,0.00642503168316162));
#3648=CARTESIAN_POINT('',(0.0627726547226147,-0.00655665282165981,0.00635919701839348));
#3649=CARTESIAN_POINT('',(0.0622933339341278,-0.00662268522674456,0.00109004876758656));
#3650=CARTESIAN_POINT('',(0.0611251688115214,-0.0015857617144208,0.0065530236307723));
#3651=CARTESIAN_POINT('',(0.0617539063148176,-0.00669678014003229,0.00637077281571076));
#3652=CARTESIAN_POINT('',(0.0603793805023259,-0.00687788365430982,0.00134603266077282));
#3653=CARTESIAN_POINT('',(0.0593493951537192,-0.00202152455192339,0.00730394873129384));
#3654=CARTESIAN_POINT('',(0.0597295183545693,-0.00697468801936294,0.00699536310029738));
#3655=CARTESIAN_POINT('',(0.0567475975542598,-0.00732357831730866,0.00284788286306482));
#3656=CARTESIAN_POINT('',(0.0583189258163269,-0.00222898934204361,0.00837219019198223));
#3657=CARTESIAN_POINT('',(0.0584980888731947,-0.00715036848568327,0.00812304097732235));
#3658=CARTESIAN_POINT('',(0.0546131795028371,-0.00753866383070353,0.00498436578293201));
#3659=CARTESIAN_POINT('',(0.0578614644504508,-0.00231275908619225,0.00921519343304284));
#3660=CARTESIAN_POINT('',(0.0579639224355603,-0.007231871933561,0.00902638532822196));
#3661=CARTESIAN_POINT('',(0.0536583891612004,-0.0076260838286459,0.00667037226597873));
#3662=CARTESIAN_POINT('',(0.0624385088977241,-0.00123214672232267,0.00642565171481856));
#3663=CARTESIAN_POINT('',(0.0624739275483633,-0.00122243161223185,0.00642490464403929));
#3664=CARTESIAN_POINT('',(0.0625093438915243,-0.00121269382012621,0.00642451049784017));
#3665=CARTESIAN_POINT('',(0.062544758022651,-0.00120293370814917,0.00642446890552835));
#3666=CARTESIAN_POINT('',(0.0625510243822419,8.32672159537975E-17,0.0117600146001069));
#3667=CARTESIAN_POINT('',(0.0882315946562617,-0.00438690853338317,-0.0187718349664165));
#3668=CARTESIAN_POINT('',(0.0892961121997521,0.00226041829481244,-0.0191530827424491));
#3669=CARTESIAN_POINT('',(0.0915016785430201,0.00186191021908409,-0.0127936669008014));
#3670=CARTESIAN_POINT('',(0.0845556146510141,-0.00372272188448081,-0.017455314435298));
#3671=CARTESIAN_POINT('',(0.085603932085211,0.00292096514620112,-0.017830760281858));
#3672=CARTESIAN_POINT('',(0.0878076722490803,0.00252935390964438,-0.0114771463696699));
#3673=CARTESIAN_POINT('',(0.0799522122474202,-0.00291197535519082,-0.0158060744872163));
#3674=CARTESIAN_POINT('',(0.0809764263613051,0.00372742920751583,-0.0161739153243965));
#3675=CARTESIAN_POINT('',(0.0831838474582925,0.00334475386288195,-0.00982995925959666));
#3676=CARTESIAN_POINT('',(0.0744385493680383,-0.00198296013120098,-0.0138324316382875));
#3677=CARTESIAN_POINT('',(0.0754171095077397,0.00464702094311122,-0.014182073089595));
#3678=CARTESIAN_POINT('',(0.077617154306658,0.00428094469047149,-0.00785262130227685));
#3679=CARTESIAN_POINT('',(0.0716533661935004,-0.00152867009660753,-0.0128327150783279));
#3680=CARTESIAN_POINT('',(0.0726066792081058,0.00510034165235014,-0.0131773183826471));
#3681=CARTESIAN_POINT('',(0.0748303541537806,0.00473920795934036,-0.00686091081049448));
#3682=CARTESIAN_POINT('',(0.0689707194048072,-0.00108523779742597,-0.0118803432145868));
#3683=CARTESIAN_POINT('',(0.0699049188683718,0.00552327919305979,-0.0122030200780624));
#3684=CARTESIAN_POINT('',(0.0720351398034335,0.00518707577345819,-0.00587836222823994));
#3685=CARTESIAN_POINT('',(0.0653586735881786,-0.000508791091288288,-0.0106583123765189));
#3686=CARTESIAN_POINT('',(0.0662599274634604,0.00607476745693483,-0.0109529122692273));
#3687=CARTESIAN_POINT('',(0.0682807502358943,0.0057702198555332,-0.00462281274698984));
#3688=CARTESIAN_POINT('',(0.0617245946553169,4.03589824153664E-5,-0.00950343063815474));
#3689=CARTESIAN_POINT('',(0.0625798823015428,0.00659778493793368,-0.00976643655954389));
#3690=CARTESIAN_POINT('',(0.0644874398960741,0.00632747399270992,-0.00343463927745089));
#3691=CARTESIAN_POINT('',(0.0580583481650314,0.000547082709892098,-0.00841648025971234));
#3692=CARTESIAN_POINT('',(0.0588409000798355,0.00707728032985204,-0.00864275368786155));
#3693=CARTESIAN_POINT('',(0.060639809768999,0.00684461403497011,-0.00231679764359914));
#3694=CARTESIAN_POINT('',(0.0552945196749287,0.000898772351102307,-0.00763557701619115));
#3695=CARTESIAN_POINT('',(0.0560071501641593,0.00740657318824662,-0.00783158622769774));
#3696=CARTESIAN_POINT('',(0.0577219542135681,0.00720565451956695,-0.00151360712815553));
#3697=CARTESIAN_POINT('',(0.0529815651544089,0.00115970678917411,-0.00701420965355001));
#3698=CARTESIAN_POINT('',(0.0536123309324397,0.00764640080691551,-0.00718041442211377));
#3699=CARTESIAN_POINT('',(0.0552577025973753,0.00747608739135183,-0.000874511597815299));
#3700=CARTESIAN_POINT('',(0.0511241099735718,0.0013403729662719,-0.00653446632993229));
#3701=CARTESIAN_POINT('',(0.0516637466982669,0.00780655277113957,-0.00667180910887642));
#3702=CARTESIAN_POINT('',(0.0532533961914662,0.00766568545274937,-0.000381076695168631));
#3703=CARTESIAN_POINT('',(0.0497272568663572,0.00145807448507874,-0.00618331097959041));
#3704=CARTESIAN_POINT('',(0.0501809151851313,0.00790579009184202,-0.0062955692945178));
#3705=CARTESIAN_POINT('',(0.0517273062182468,0.00779080078326911,-1.99009307593991E-5));
#3706=CARTESIAN_POINT('',(0.0483260594144331,0.00155249103947042,-0.00584069625068659));
#3707=CARTESIAN_POINT('',(0.0486646451275723,0.00797631044162291,-0.00592202071916477));
#3708=CARTESIAN_POINT('',(0.0501665433542091,0.00789318834200986,0.000332488520633697));
#3709=CARTESIAN_POINT('',(0.0471544785499041,0.00160439160526739,-0.00556226194456819));
#3710=CARTESIAN_POINT('',(0.0473558426883663,0.00799975768848889,-0.00560936304041951));
#3711=CARTESIAN_POINT('',(0.0488190623089022,0.00795170863086682,0.000618863758430849));
#3712=CARTESIAN_POINT('',(0.0463310175446796,0.00161849125310693,-0.00537080141742667));
#3713=CARTESIAN_POINT('',(0.0463873296145461,0.00798177220290564,-0.00538372943576992));
#3714=CARTESIAN_POINT('',(0.0478212038570579,0.00796860000349407,0.000815782827312576));
#3715=CARTESIAN_POINT('',(0.0458607677433563,0.00161769291657687,-0.00526267381781368));
#3716=CARTESIAN_POINT('',(0.0458094240098928,0.0079555206764714,-0.00525086168207168));
#3717=CARTESIAN_POINT('',(0.0472243954657468,0.00796768495978977,0.000926992532668367));
#3718=CARTESIAN_POINT('',(0.0455083377379043,0.00161172632553677,-0.0051822393261532));
#3719=CARTESIAN_POINT('',(0.0453588466109846,0.00792514775131709,-0.00514818554691637));
#3720=CARTESIAN_POINT('',(0.0467579459535,0.00796011646261315,0.00100971943397903));
#3721=CARTESIAN_POINT('',(0.045214929857343,0.0016011596452709,-0.00511577574300429));
#3722=CARTESIAN_POINT('',(0.0449596488407731,0.00788656342040939,-0.0050580448124713));
#3723=CARTESIAN_POINT('',(0.0463434913490729,0.00794573797187309,0.00107807697014179));
#3724=CARTESIAN_POINT('',(0.0449804585892365,0.00158816441455684,-0.00506296167984048));
#3725=CARTESIAN_POINT('',(0.0446180921152617,0.00784332352901274,-0.00498146590372077));
#3726=CARTESIAN_POINT('',(0.0459874989509823,0.00792672533871439,0.00113239585253047));
#3727=CARTESIAN_POINT('',(0.0448340504864542,0.00157771635129371,-0.00503010796313228));
#3728=CARTESIAN_POINT('',(0.0443829249892927,0.00780623257718178,-0.00492898746338952));
#3729=CARTESIAN_POINT('',(0.0457410531475806,0.00790957746502602,0.00116618558803448));
#3730=CARTESIAN_POINT('',(0.0447316591650459,0.00156885790580973,-0.00500719662277096));
#3731=CARTESIAN_POINT('',(0.0442165195829206,0.00777742905491297,-0.0048919925984082));
#3732=CARTESIAN_POINT('',(0.0455662789227208,0.00789504275790022,0.00118974964396483));
#3733=CARTESIAN_POINT('',(0.0446731852250256,0.00156323415681197,-0.00499413091382569));
#3734=CARTESIAN_POINT('',(0.0440964063231167,0.00775171264118458,-0.00486531195702602));
#3735=CARTESIAN_POINT('',(0.0454388850759552,0.00788307990699879,0.00120318756716934));
#3736=CARTESIAN_POINT('',(0.0446147278083981,0.00155733696719057,-0.00498108126598426));
#3737=CARTESIAN_POINT('',(0.0440432771592779,0.00774772769376684,-0.0048536166332972));
#3738=CARTESIAN_POINT('',(0.0453846911559575,0.0078777144144914,0.00121660896400301));
#3739=CARTESIAN_POINT('',(0.0445416451304033,0.00155005150021367,-0.00496478996280514));
#3740=CARTESIAN_POINT('',(0.0439674680885737,0.00773978184229432,-0.00483691741474371));
#3741=CARTESIAN_POINT('',(0.0453066507109906,0.00787017103473531,0.00123336434757504));
#3742=CARTESIAN_POINT('',(0.0443662361616676,0.00153249341403912,-0.00492576269513053));
#3743=CARTESIAN_POINT('',(0.043793255661323,0.00772315707958037,-0.00479864357362019));
#3744=CARTESIAN_POINT('',(0.045127837994428,0.00785275579256161,0.00127350331417358));
#3745=CARTESIAN_POINT('',(0.0442200283429964,0.00151787708251052,-0.00489338705585974));
#3746=CARTESIAN_POINT('',(0.0436460388484517,0.00770866368987353,-0.00476644696795673));
#3747=CARTESIAN_POINT('',(0.0449765809700578,0.00783806010325408,0.00130680108066861));
#3748=CARTESIAN_POINT('',(0.0441030417746717,0.00150617602019475,-0.00486758093715591));
#3749=CARTESIAN_POINT('',(0.0435288905312603,0.0076972709110723,-0.00474092866114166));
#3750=CARTESIAN_POINT('',(0.0448562626716511,0.00782635904093897,0.00133334214717948));
#3751=CARTESIAN_POINT('',(0.0619388777855432,1.73912349876857E-18,-0.00958466937150028));
#3752=CARTESIAN_POINT('',(0.0652417540998199,-1.48432629849818E-13,-0.0106062847183171));
#3753=CARTESIAN_POINT('',(0.068535600515196,1.87712693996965E-17,-0.0116568673920404));
#3754=CARTESIAN_POINT('',(0.0718317523535398,2.16558311872875E-18,-0.0127));
#3755=CARTESIAN_POINT('',(0.0454223986100836,0.00788141626816163,0.0012077070228951));
#3756=CARTESIAN_POINT('',(0.0452439347945949,0.0078640605022168,0.00039955231245477));
#3757=CARTESIAN_POINT('',(0.0449087746472703,0.00750795992541207,-0.00118890496645539));
#3758=CARTESIAN_POINT('',(0.0445264476818378,0.00608637425246785,-0.00322286820163686));
#3759=CARTESIAN_POINT('',(0.0443254860936113,0.00400164518409788,-0.00458438451579404));
#3760=CARTESIAN_POINT('',(0.0443316570094503,0.00234795726323899,-0.00491813374415706));
#3761=CARTESIAN_POINT('',(0.0443693469242574,0.00153281206041595,-0.00492649614308867));
#3762=CARTESIAN_POINT('',(0.0915016785430201,-0.00186191021908409,-0.0127936669008014));
#3763=CARTESIAN_POINT('',(0.0892961121997522,-0.00226041829481243,-0.0191530827424492));
#3764=CARTESIAN_POINT('',(0.0882315946562618,0.00438690853338317,-0.0187718349664166));
#3765=CARTESIAN_POINT('',(0.0878076722491223,-0.0025293539096368,-0.0114771463696562));
#3766=CARTESIAN_POINT('',(0.0856039320849829,-0.00292096514617913,-0.0178307602819466));
#3767=CARTESIAN_POINT('',(0.0845556146509367,0.00372272188459074,-0.0174553144352703));
#3768=CARTESIAN_POINT('',(0.0831838474582881,-0.00334475386288276,-0.00982995925959824));
#3769=CARTESIAN_POINT('',(0.0809764263613346,-0.00372742920751745,-0.0161739153243884));
#3770=CARTESIAN_POINT('',(0.0799522122474289,0.00291197535517877,-0.0158060744872194));
#3771=CARTESIAN_POINT('',(0.0776171543066586,-0.0042809446904714,-0.00785262130227667));
#3772=CARTESIAN_POINT('',(0.0754171095077356,-0.00464702094311113,-0.0141820730895958));
#3773=CARTESIAN_POINT('',(0.0744385493680373,0.0019829601312024,-0.0138324316382871));
#3774=CARTESIAN_POINT('',(0.0748303541537805,-0.00473920795934038,-0.00686091081049453));
#3775=CARTESIAN_POINT('',(0.072606679208107,-0.00510034165235015,-0.0131773183826469));
#3776=CARTESIAN_POINT('',(0.0716533661935008,0.00152867009660715,-0.012832715078328));
#3777=CARTESIAN_POINT('',(0.0720351398034336,-0.00518707577345819,-0.00587836222823995));
#3778=CARTESIAN_POINT('',(0.0699049188683715,-0.00552327919305977,-0.0122030200780624));
#3779=CARTESIAN_POINT('',(0.0689707194048072,0.00108523779742606,-0.0118803432145868));
#3780=CARTESIAN_POINT('',(0.0682807502358943,-0.00577021985553319,-0.00462281274698985));
#3781=CARTESIAN_POINT('',(0.0662599274634605,-0.00607476745693481,-0.0109529122692273));
#3782=CARTESIAN_POINT('',(0.0653586735881786,0.000508791091288259,-0.010658312376519));
#3783=CARTESIAN_POINT('',(0.0644874398960742,-0.00632747399270992,-0.00343463927745091));
#3784=CARTESIAN_POINT('',(0.0625798823015428,-0.00659778493793368,-0.00976643655954389));
#3785=CARTESIAN_POINT('',(0.061724594655317,-4.03589824153814E-5,-0.00950343063815476));
#3786=CARTESIAN_POINT('',(0.0606398097689991,-0.0068446140349701,-0.00231679764359916));
#3787=CARTESIAN_POINT('',(0.0588409000798356,-0.00707728032985203,-0.00864275368786155));
#3788=CARTESIAN_POINT('',(0.0580583481650315,-0.000547082709892105,-0.00841648025971236));
#3789=CARTESIAN_POINT('',(0.0577219542135681,-0.00720565451956693,-0.00151360712815555));
#3790=CARTESIAN_POINT('',(0.0560071501641594,-0.00740657318824659,-0.00783158622769777));
#3791=CARTESIAN_POINT('',(0.0552945196749288,-0.000898772351102271,-0.00763557701619118));
#3792=CARTESIAN_POINT('',(0.0552577025973754,-0.00747608739135184,-0.000874511597815323));
#3793=CARTESIAN_POINT('',(0.0536123309324398,-0.00764640080691552,-0.00718041442211376));
#3794=CARTESIAN_POINT('',(0.052981565154409,-0.00115970678917415,-0.00701420965355002));
#3795=CARTESIAN_POINT('',(0.0532533961914663,-0.00766568545274935,-0.000381076695168653));
#3796=CARTESIAN_POINT('',(0.051663746698267,-0.00780655277113955,-0.00667180910887645));
#3797=CARTESIAN_POINT('',(0.0511241099735719,-0.00134037296627188,-0.00653446632993231));
#3798=CARTESIAN_POINT('',(0.0517273062182469,-0.00779080078326909,-1.99009307594187E-5));
#3799=CARTESIAN_POINT('',(0.0501809151851314,-0.00790579009184201,-0.00629556929451781));
#3800=CARTESIAN_POINT('',(0.0497272568663573,-0.00145807448507873,-0.00618331097959044));
#3801=CARTESIAN_POINT('',(0.0501665433542093,-0.00789318834200985,0.00033248852063367));
#3802=CARTESIAN_POINT('',(0.0486646451275724,-0.00797631044162292,-0.0059220207191648));
#3803=CARTESIAN_POINT('',(0.0483260594144332,-0.00155249103947041,-0.00584069625068661));
#3804=CARTESIAN_POINT('',(0.0488190623089024,-0.0079517086308668,0.000618863758430825));
#3805=CARTESIAN_POINT('',(0.0473558426883664,-0.00799975768848889,-0.00560936304041955));
#3806=CARTESIAN_POINT('',(0.0471544785499043,-0.00160439160526737,-0.00556226194456822));
#3807=CARTESIAN_POINT('',(0.047821203857058,-0.00796860000349406,0.000815782827312543));
#3808=CARTESIAN_POINT('',(0.0463873296145462,-0.00798177220290563,-0.00538372943576994));
#3809=CARTESIAN_POINT('',(0.0463310175446797,-0.00161849125310693,-0.0053708014174267));
#3810=CARTESIAN_POINT('',(0.047224395465747,-0.00796768495978978,0.000926992532668351));
#3811=CARTESIAN_POINT('',(0.0458094240098929,-0.00795552067647141,-0.0052508616820717));
#3812=CARTESIAN_POINT('',(0.0458607677433564,-0.00161769291657687,-0.0052626738178137));
#3813=CARTESIAN_POINT('',(0.0467579459535002,-0.00796011646261309,0.001009719433979));
#3814=CARTESIAN_POINT('',(0.0453588466109848,-0.00792514775131705,-0.00514818554691646));
#3815=CARTESIAN_POINT('',(0.0455083377379043,-0.00161172632553667,-0.00518223932615322));
#3816=CARTESIAN_POINT('',(0.046343491349073,-0.00794573797187311,0.00107807697014179));
#3817=CARTESIAN_POINT('',(0.0449596488407732,-0.00788656342040941,-0.00505804481247129));
#3818=CARTESIAN_POINT('',(0.0452149298573431,-0.00160115964527096,-0.00511577574300431));
#3819=CARTESIAN_POINT('',(0.0459874989509827,-0.00792672533871438,0.0011323958525304));
#3820=CARTESIAN_POINT('',(0.044618092115262,-0.00784332352901277,-0.00498146590372087));
#3821=CARTESIAN_POINT('',(0.0449804585892367,-0.00158816441455681,-0.00506296167984053));
#3822=CARTESIAN_POINT('',(0.0457410531475808,-0.00790957746502603,0.00116618558803447));
#3823=CARTESIAN_POINT('',(0.0443829249892929,-0.00780623257718182,-0.00492898746338956));
#3824=CARTESIAN_POINT('',(0.0448340504864543,-0.00157771635129372,-0.0050301079631323));
#3825=CARTESIAN_POINT('',(0.045566278922721,-0.00789504275790026,0.00118974964396479));
#3826=CARTESIAN_POINT('',(0.0442165195829208,-0.00777742905491302,-0.00489199259840821));
#3827=CARTESIAN_POINT('',(0.0447316591650461,-0.0015688579058098,-0.00500719662277099));
#3828=CARTESIAN_POINT('',(0.0454388850759556,-0.00788307990699878,0.00120318756716931));
#3829=CARTESIAN_POINT('',(0.044096406323117,-0.0077517126411846,-0.0048653119570261));
#3830=CARTESIAN_POINT('',(0.0446731852250256,-0.00156323415681191,-0.00499413091382571));
#3831=CARTESIAN_POINT('',(0.0453846911559576,-0.00787771441449141,0.00121660896400298));
#3832=CARTESIAN_POINT('',(0.0440432771592779,-0.00774772769376683,-0.0048536166332972));
#3833=CARTESIAN_POINT('',(0.0446147278083982,-0.00155733696719061,-0.0049810812659843));
#3834=CARTESIAN_POINT('',(0.0453066507109906,-0.0078701710347353,0.00123336434757503));
#3835=CARTESIAN_POINT('',(0.0439674680885738,-0.00773978184229427,-0.00483691741474376));
#3836=CARTESIAN_POINT('',(0.0445416451304033,-0.00155005150021359,-0.00496478996280515));
#3837=CARTESIAN_POINT('',(0.0451278379944292,-0.00785275579256172,0.00127350331417341));
#3838=CARTESIAN_POINT('',(0.043793255661324,-0.00772315707958072,-0.00479864357362016));
#3839=CARTESIAN_POINT('',(0.0443662361616685,-0.0015324934140397,-0.00492576269513075));
#3840=CARTESIAN_POINT('',(0.0449765809700483,-0.00783806010325316,0.00130680108066977));
#3841=CARTESIAN_POINT('',(0.0436460388484441,-0.00770866368987054,-0.00476644696795748));
#3842=CARTESIAN_POINT('',(0.0442200283429889,-0.00151787708250539,-0.00489338705585809));
#3843=CARTESIAN_POINT('',(0.0448562626716513,-0.00782635904093898,0.00133334214717945));
#3844=CARTESIAN_POINT('',(0.0435288905312604,-0.00769727091107232,-0.00474092866114168));
#3845=CARTESIAN_POINT('',(0.0441030417746718,-0.00150617602019477,-0.00486758093715593));
#3846=CARTESIAN_POINT('',(0.0454223986100838,-0.00788141626816167,0.00120770702289504));
#3847=CARTESIAN_POINT('',(0.0452439347945951,-0.00786406050221684,0.000399552312454704));
#3848=CARTESIAN_POINT('',(0.0449087746472677,-0.00750795992541192,-0.00118890496645484));
#3849=CARTESIAN_POINT('',(0.044526447681847,-0.00608637425246827,-0.00322286820163891));
#3850=CARTESIAN_POINT('',(0.044325486093577,-0.00400164518409619,-0.00458438451578645));
#3851=CARTESIAN_POINT('',(0.0443316570095253,-0.0023479572632426,-0.0049181337441737));
#3852=CARTESIAN_POINT('',(0.0443693469242574,-0.00153281206041591,-0.00492649614308868));
#3853=CARTESIAN_POINT('',(0.0447537837650087,0.00153281206041576,-0.00501214895007485));
#3854=CARTESIAN_POINT('',(0.0447537837650087,0.00788281206041577,-0.00501214895007486));
#3855=CARTESIAN_POINT('',(0.0461401839815335,0.00788281206041577,0.00118465622998527));
#3856=CARTESIAN_POINT('',(0.0339495281673593,0.00153281205986268,-0.00259493203511207));
#3857=CARTESIAN_POINT('',(0.0339495281684384,0.0078828120597593,-0.0025949320349587));
#3858=CARTESIAN_POINT('',(0.035028129627437,0.00788281206041577,0.00367073641404735));
#3859=CARTESIAN_POINT('',(0.0120019063311172,0.00153281206069228,0.000615358021559712));
#3860=CARTESIAN_POINT('',(0.012001906330611,0.00788281206074398,0.00061535802145734));
#3861=CARTESIAN_POINT('',(0.0124601985699214,0.00788281206041574,0.00697059515527154));
#3862=CARTESIAN_POINT('',(-0.0102286500901407,0.00153281206041575,0.000673415636484779));
#3863=CARTESIAN_POINT('',(-0.0102286500902074,0.00788281206041575,0.00067341563653614));
#3864=CARTESIAN_POINT('',(-0.0103503488776724,0.00788281206041575,0.00702808510384492));
#3865=CARTESIAN_POINT('',(-0.0213189558259287,0.00153281206041575,-1.50737441014619E-5));
#3866=CARTESIAN_POINT('',(-0.0213189558259287,0.00788281206041575,-1.50737441014636E-5));
#3867=CARTESIAN_POINT('',(-0.0217124082122229,0.00788281206041575,0.00632272518137096));
#3868=CARTESIAN_POINT('',(-0.0213071869136307,0.00788281206041574,0.00634757028231481));
#3869=CARTESIAN_POINT('',(-0.021257661409523,0.00788281206041574,0.00550983038878997));
#3870=CARTESIAN_POINT('',(-0.0211403514056515,0.00755170843889849,0.00386087678955579));
#3871=CARTESIAN_POINT('',(-0.0209325391918861,0.00613751698517217,0.00175360347221203));
#3872=CARTESIAN_POINT('',(-0.020730084756734,0.00403515483101039,0.000354970752118277));
#3873=CARTESIAN_POINT('',(-0.0206191648109987,0.00235892232064437,2.74222570338058E-5));
#3874=CARTESIAN_POINT('',(-0.0205751006107306,0.00153281206041546,3.00304147579252E-5));
#3875=CARTESIAN_POINT('',(-0.0213184142499382,-0.00153281206041575,-1.50401234768676E-5));
#3876=CARTESIAN_POINT('',(-0.0213184142499382,-0.00788281206041575,-1.5040123476872E-5));
#3877=CARTESIAN_POINT('',(-0.0217118533655996,-0.00788281206041575,0.00632275962582632));
#3878=CARTESIAN_POINT('',(-0.0157805199257081,-0.00153281206041575,0.000328742313920427));
#3879=CARTESIAN_POINT('',(-0.0157805199256673,-0.00788281206041227,0.000328742313970061));
#3880=CARTESIAN_POINT('',(-0.0160382598244689,-0.00788281206041575,0.00667496602456719));
#3881=CARTESIAN_POINT('',(-0.00471164649832331,-0.00153281206041575,0.000659482078714503));
#3882=CARTESIAN_POINT('',(-0.00471164649834157,-0.00788281206041725,0.000659482078691062));
#3883=CARTESIAN_POINT('',(-0.00468957519401159,-0.00788281206041575,0.00701433536202852));
#3884=CARTESIAN_POINT('',(0.01191069902931,-0.00153281206041575,2.69563511896394E-5));
#3885=CARTESIAN_POINT('',(0.0119106990293127,-0.00788281206041575,2.69563511972145E-5));
#3886=CARTESIAN_POINT('',(0.0123755638775808,-0.00788281206041575,0.00636531694755071));
#3887=CARTESIAN_POINT('',(0.0284506048287873,-0.00153281206041575,-0.00178834037121308));
#3888=CARTESIAN_POINT('',(0.028450604828795,-0.00788281206041425,-0.00178834037121995));
#3889=CARTESIAN_POINT('',(0.029373726870555,-0.00788281206041575,0.00449999437658933));
#3890=CARTESIAN_POINT('',(0.0393469359890096,-0.00153281206041575,-0.00380247506444899));
#3891=CARTESIAN_POINT('',(0.0393469359889901,-0.00788281206041925,-0.00380247506443801));
#3892=CARTESIAN_POINT('',(0.0405793023353256,-0.00788281206041575,0.00242879210862287));
#3893=CARTESIAN_POINT('',(0.0447541452702938,-0.00153281206041575,-0.00501222982932563));
#3894=CARTESIAN_POINT('',(0.0447541452702938,-0.00788281206041575,-0.00501222982932563));
#3895=CARTESIAN_POINT('',(0.0461405557856203,-0.00788281206041575,0.00118457304659288));
#3896=CARTESIAN_POINT('',(-0.0213071869136307,-0.00788281206041574,0.00634757028231481));
#3897=CARTESIAN_POINT('',(-0.021257661409523,-0.00788281206041574,0.00550983038879007));
#3898=CARTESIAN_POINT('',(-0.0211403514056502,-0.0075517084388983,0.00386087678955511));
#3899=CARTESIAN_POINT('',(-0.0209325391918904,-0.00613751698517181,0.00175360347221178));
#3900=CARTESIAN_POINT('',(-0.020730084756718,-0.00403515483101135,0.000354970752119279));
#3901=CARTESIAN_POINT('',(-0.0206191648110335,-0.00235892232064281,2.74222570317911E-5));
#3902=CARTESIAN_POINT('',(-0.0205751006107304,-0.00153281206041587,3.00304147579385E-5));
#3903=CARTESIAN_POINT('',(-0.020056100191263,0.0015940038671258,6.02258260586439E-5));
#3904=CARTESIAN_POINT('',(-0.0208131496370374,0.00794207894032479,1.69457739413598E-5));
#3905=CARTESIAN_POINT('',(-0.0211729077153737,0.00789903521479761,0.00639987421815828));
#3906=CARTESIAN_POINT('',(-0.0202886074149285,0.00156550032356961,4.69335308009768E-5));
#3907=CARTESIAN_POINT('',(-0.0210456728669994,0.00791425839454273,2.96670337791145E-6));
#3908=CARTESIAN_POINT('',(-0.0214111394188319,0.00787053167124147,0.00638625465790315));
#3909=CARTESIAN_POINT('',(-0.0207538110875879,0.00151065838838131,1.97067242278415E-5));
#3910=CARTESIAN_POINT('',(-0.0213889491274254,0.00786782284400059,-1.84931953430912E-5));
#3911=CARTESIAN_POINT('',(-0.0217672216845201,0.00782970909142897,0.00635835836422191));
#3912=CARTESIAN_POINT('',(-0.0216870730202464,0.00142492499105518,-3.74480885117345E-5));
#3913=CARTESIAN_POINT('',(-0.0221405090913605,0.00778889109975348,-6.65226841783124E-5));
#3914=CARTESIAN_POINT('',(-0.0225431220888855,0.00775978025792612,0.00629980185605715));
#3915=CARTESIAN_POINT('',(-0.0228563535292723,0.00135925279356689,-0.000113833025275258));
#3916=CARTESIAN_POINT('',(-0.0230418031142802,0.00772278042727813,-0.000127057095263935));
#3917=CARTESIAN_POINT('',(-0.023474382836197,0.00770943314425325,0.00622155094302142));
#3918=CARTESIAN_POINT('',(-0.0242517757667742,0.00135449875855603,-0.000212544330304762));
#3919=CARTESIAN_POINT('',(-0.0241028204481559,0.00769561688819568,-0.000202221793584926));
#3920=CARTESIAN_POINT('',(-0.0245680166466874,0.00770592744394356,0.00612044124692993));
#3921=CARTESIAN_POINT('',(-0.0261040753675798,0.00145300196714065,-0.000353485745881119));
#3922=CARTESIAN_POINT('',(-0.0254740584369193,0.00773062693423275,-0.000304291498930943));
#3923=CARTESIAN_POINT('',(-0.0259783973036437,0.00777980341548434,0.00597609392132861));
#3924=CARTESIAN_POINT('',(-0.0284082386661057,0.00178770355393547,-0.000547197945962198));
#3925=CARTESIAN_POINT('',(-0.0271224729268435,0.00791024583929819,-0.000435258396947067));
#3926=CARTESIAN_POINT('',(-0.0276630829045425,0.0080217333385704,0.00577773775410417));
#3927=CARTESIAN_POINT('',(-0.0311179173874534,0.00258360044394922,-0.00080356581633191));
#3928=CARTESIAN_POINT('',(-0.0289964301105324,0.00836431129107583,-0.000595134614909948));
#3929=CARTESIAN_POINT('',(-0.0295426918695745,0.00856450749865381,0.0055152927525571));
#3930=CARTESIAN_POINT('',(-0.033217299450062,0.00356838692668109,-0.00102300766715501));
#3931=CARTESIAN_POINT('',(-0.0304312898341635,0.00893973503803217,-0.000725076750527413));
#3932=CARTESIAN_POINT('',(-0.0309448162232352,0.00920889697056189,0.00529070553414438));
#3933=CARTESIAN_POINT('',(-0.0348220568952144,0.00457208881669534,-0.00120151875316737));
#3934=CARTESIAN_POINT('',(-0.0315373197624248,0.00954396973428234,-0.000829487434478143));
#3935=CARTESIAN_POINT('',(-0.0320051994448165,0.00985707759412301,0.00510804115091256));
#3936=CARTESIAN_POINT('',(-0.0359538281869835,0.00541560407579811,-0.00133239116503124));
#3937=CARTESIAN_POINT('',(-0.0323250312216434,0.0100627061342555,-0.000905973351385247));
#3938=CARTESIAN_POINT('',(-0.0327525743767327,0.0104014471030722,0.00497413884898809));
#3939=CARTESIAN_POINT('',(-0.0370097204882405,0.00634138467453435,-0.00145876534942461));
#3940=CARTESIAN_POINT('',(-0.0330718313786275,0.0106471666084496,-0.000980501546333611));
#3941=CARTESIAN_POINT('',(-0.0334541886357065,0.0110025264907263,0.00484485321537683));
#3942=CARTESIAN_POINT('',(-0.0378294095232289,0.00718105566654762,-0.00155996195390967));
#3943=CARTESIAN_POINT('',(-0.0336636089510688,0.0111933284634177,-0.00104116187971992));
#3944=CARTESIAN_POINT('',(-0.0340056439546784,0.0115544172388894,0.00474133340166066));
#3945=CARTESIAN_POINT('',(-0.0384494598957134,0.00789276940291963,-0.00163810790131507));
#3946=CARTESIAN_POINT('',(-0.0341187296847498,0.0116675499856669,-0.00108876554470882));
#3947=CARTESIAN_POINT('',(-0.0344283090770553,0.0120286537414372,0.00466140344158172));
#3948=CARTESIAN_POINT('',(-0.0388967770913679,0.00844642657601121,-0.0016952348146805));
#3949=CARTESIAN_POINT('',(-0.0344507133318675,0.0120419800380476,-0.00112387092809155));
#3950=CARTESIAN_POINT('',(-0.0347362838325052,0.0124011835588663,0.00460296243855421));
#3951=CARTESIAN_POINT('',(-0.0392549854887009,0.00892433620897812,-0.0017415638917225));
#3952=CARTESIAN_POINT('',(-0.0347199804484372,0.0123710471254363,-0.00115294233908574));
#3953=CARTESIAN_POINT('',(-0.034985708761863,0.01272671828727,0.00455560945945575));
#3954=CARTESIAN_POINT('',(-0.0395304798963452,0.00931346441480765,-0.0017775032739922));
#3955=CARTESIAN_POINT('',(-0.0349288402049754,0.0126412175306539,-0.00117518716421889));
#3956=CARTESIAN_POINT('',(-0.0351791477002456,0.0129933585280061,0.00451878795361155));
#3957=CARTESIAN_POINT('',(-0.0396655948989096,0.0095108983143316,-0.00179524264828627));
#3958=CARTESIAN_POINT('',(-0.0350321875825668,0.0127813770570176,-0.00118720428785079));
#3959=CARTESIAN_POINT('',(-0.0352747813690674,0.0131309873292333,0.00450077656000211));
#3960=CARTESIAN_POINT('',(-0.0397341213757207,0.00960965418339205,-0.00180423532338736));
#3961=CARTESIAN_POINT('',(-0.0351007140593874,0.0128801329260801,-0.0011961969629488));
#3962=CARTESIAN_POINT('',(-0.0353433078458846,0.013229743198292,0.00449178388490107));
#3963=CARTESIAN_POINT('',(-0.0352676961765436,0.0131207820905594,0.00450202108844623));
#3964=CARTESIAN_POINT('',(-0.0351847517115697,0.0130014168045297,0.00292915481308253));
#3965=CARTESIAN_POINT('',(-0.0357244690953398,0.0121731514103128,0.000641388910783178));
#3966=CARTESIAN_POINT('',(-0.0373549969941998,0.0101686559350251,-0.00121182238380453));
#3967=CARTESIAN_POINT('',(-0.0383462290956941,0.00898138394398757,-0.00162470086107212));
#3968=CARTESIAN_POINT('',(-0.0388447970048282,0.00838694069147949,-0.00168867839703632));
#3969=CARTESIAN_POINT('',(-0.0211729077153735,-0.00789903521479762,0.00639987421815828));
#3970=CARTESIAN_POINT('',(-0.0208131496370373,-0.0079420789403248,1.69457739413658E-5));
#3971=CARTESIAN_POINT('',(-0.0200561001912629,-0.00159400386712581,6.022582605865E-5));
#3972=CARTESIAN_POINT('',(-0.021411139418833,-0.00787053167124134,0.00638625465790314));
#3973=CARTESIAN_POINT('',(-0.0210456728669987,-0.00791425839454227,2.96670337811237E-6));
#3974=CARTESIAN_POINT('',(-0.0202886074149236,-0.0015655003235696,4.69335308012554E-5));
#3975=CARTESIAN_POINT('',(-0.02176722168452,-0.00782970909142897,0.00635835836422187));
#3976=CARTESIAN_POINT('',(-0.0213889491274262,-0.00786782284400074,-1.8493195343208E-5));
#3977=CARTESIAN_POINT('',(-0.0207538110875906,-0.00151065838838125,1.97067242276844E-5));
#3978=CARTESIAN_POINT('',(-0.0225431220888871,-0.007759780257926,0.00629980185605704));
#3979=CARTESIAN_POINT('',(-0.0221405090913616,-0.00778889109975325,-6.65226841783357E-5));
#3980=CARTESIAN_POINT('',(-0.0216870730202467,-0.00142492499105506,-3.744808851176E-5));
#3981=CARTESIAN_POINT('',(-0.0234743828361989,-0.00770943314425318,0.00622155094302125));
#3982=CARTESIAN_POINT('',(-0.0230418031142822,-0.00772278042727806,-0.000127057095264079));
#3983=CARTESIAN_POINT('',(-0.0228563535292753,-0.0013592527935668,-0.000113833025275451));
#3984=CARTESIAN_POINT('',(-0.0245680166466904,-0.00770592744394362,0.00612044124692963));
#3985=CARTESIAN_POINT('',(-0.0241028204481589,-0.00769561688819564,-0.000202221793585143));
#3986=CARTESIAN_POINT('',(-0.024251775766778,-0.00135449875855609,-0.000212544330305046));
#3987=CARTESIAN_POINT('',(-0.0259783973036478,-0.00777980341548473,0.00597609392132818));
#3988=CARTESIAN_POINT('',(-0.0254740584369233,-0.00773062693423303,-0.000304291498931239));
#3989=CARTESIAN_POINT('',(-0.0261040753675854,-0.00145300196714119,-0.000353485745881557));
#3990=CARTESIAN_POINT('',(-0.027663082904548,-0.00802173333857148,0.00577773775410347));
#3991=CARTESIAN_POINT('',(-0.027122472926849,-0.00791024583929904,-0.000435258396947513));
#3992=CARTESIAN_POINT('',(-0.0284082386661134,-0.00178770355393699,-0.000547197945962876));
#3993=CARTESIAN_POINT('',(-0.0295426918695813,-0.00856450749865625,0.00551529275255609));
#3994=CARTESIAN_POINT('',(-0.0289964301105393,-0.00836431129107794,-0.000595134614910541));
#3995=CARTESIAN_POINT('',(-0.0311179173874634,-0.00258360044395287,-0.000803565816332901));
#3996=CARTESIAN_POINT('',(-0.0309448162232425,-0.00920889697056567,0.00529070553414316));
#3997=CARTESIAN_POINT('',(-0.0304312898341711,-0.0089397350380356,-0.000725076750528139));
#3998=CARTESIAN_POINT('',(-0.0332172994500732,-0.00356838692668689,-0.0010230076671562));
#3999=CARTESIAN_POINT('',(-0.0320051994448246,-0.00985707759412841,0.00510804115091114));
#4000=CARTESIAN_POINT('',(-0.0315373197624333,-0.00954396973428741,-0.000829487434478934));
#4001=CARTESIAN_POINT('',(-0.0348220568952267,-0.00457208881670372,-0.00120151875316876));
#4002=CARTESIAN_POINT('',(-0.0327525743767408,-0.0104014471030787,0.00497413884898661));
#4003=CARTESIAN_POINT('',(-0.032325031221652,-0.0100627061342617,-0.000905973351386116));
#4004=CARTESIAN_POINT('',(-0.0359538281869958,-0.00541560407580802,-0.00133239116503269));
#4005=CARTESIAN_POINT('',(-0.0334541886357148,-0.0110025264907341,0.00484485321537527));
#4006=CARTESIAN_POINT('',(-0.0330718313786365,-0.0106471666084572,-0.000980501546334504));
#4007=CARTESIAN_POINT('',(-0.037009720488253,-0.0063413846745462,-0.00145876534942613));
#4008=CARTESIAN_POINT('',(-0.034005643954687,-0.0115544172388984,0.00474133340165903));
#4009=CARTESIAN_POINT('',(-0.033663608951078,-0.0111933284634266,-0.00104116187972091));
#4010=CARTESIAN_POINT('',(-0.0378294095232417,-0.00718105566656123,-0.00155996195391126));
#4011=CARTESIAN_POINT('',(-0.0344283090770637,-0.012028653741447,0.00466140344158015));
#4012=CARTESIAN_POINT('',(-0.0341187296847589,-0.0116675499856768,-0.0010887655447097));
#4013=CARTESIAN_POINT('',(-0.0384494598957256,-0.00789276940293428,-0.00163810790131661));
#4014=CARTESIAN_POINT('',(-0.0347362838325141,-0.0124011835588775,0.00460296243855245));
#4015=CARTESIAN_POINT('',(-0.034450713331877,-0.0120419800380587,-0.00112387092809278));
#4016=CARTESIAN_POINT('',(-0.0388967770913812,-0.00844642657602782,-0.00169523481468221));
#4017=CARTESIAN_POINT('',(-0.0349857087618708,-0.0127267182872804,0.00455560945945446));
#4018=CARTESIAN_POINT('',(-0.0347199804484462,-0.0123710471254476,-0.00115294233908612));
#4019=CARTESIAN_POINT('',(-0.0392549854887109,-0.00892433620899316,-0.0017415638917238));
#4020=CARTESIAN_POINT('',(-0.0351791477002554,-0.01299335852802,0.00451878795360935));
#4021=CARTESIAN_POINT('',(-0.0349288402049851,-0.0126412175306667,-0.00117518716422096));
#4022=CARTESIAN_POINT('',(-0.0395304798963611,-0.00931346441482808,-0.00177750327399429));
#4023=CARTESIAN_POINT('',(-0.0352747813690731,-0.0131309873292415,0.00450077656000174));
#4024=CARTESIAN_POINT('',(-0.0350321875825749,-0.0127813770570287,-0.00118720428784943));
#4025=CARTESIAN_POINT('',(-0.0396655948989131,-0.00951089831434268,-0.00179524264828672));
#4026=CARTESIAN_POINT('',(-0.035343307845897,-0.0132297431983099,0.00449178388489944));
#4027=CARTESIAN_POINT('',(-0.0351007140593998,-0.0128801329260979,-0.00119619696295043));
#4028=CARTESIAN_POINT('',(-0.0397341213757331,-0.00960965418340991,-0.00180423532338899));
#4029=CARTESIAN_POINT('',(-0.0352676961765486,-0.0131207820905742,0.00450202108844464));
#4030=CARTESIAN_POINT('',(-0.0351847517115749,-0.0130014168045446,0.00292915481307928));
#4031=CARTESIAN_POINT('',(-0.0357244690952782,-0.0121731514102546,0.000641388910793004));
#4032=CARTESIAN_POINT('',(-0.0373549969943023,-0.0101686559351172,-0.00121182238382113));
#4033=CARTESIAN_POINT('',(-0.0383462290956363,-0.00898138394393867,-0.0016247008610647));
#4034=CARTESIAN_POINT('',(-0.0388447970048282,-0.00838694069147945,-0.00168867839703631));
#4035=CARTESIAN_POINT('',(-0.0380872231976376,0.00790108870105942,-0.00159252167867055));
#4036=CARTESIAN_POINT('',(-0.0347657676725903,0.0127775458499535,-0.00117557693435013));
#4037=CARTESIAN_POINT('',(-0.0352652555683083,0.0131231183969466,0.00470803042053685));
#4038=CARTESIAN_POINT('',(-0.0381139262081147,0.0079199860658159,-0.00159587372713002));
#4039=CARTESIAN_POINT('',(-0.0347927207011378,0.0127961934023853,-0.00117863314943958));
#4040=CARTESIAN_POINT('',(-0.0352925696736649,0.0131420157617032,0.00470460166088961));
#4041=CARTESIAN_POINT('',(-0.0381674591773518,0.00795756600514792,-0.0016026016432408));
#4042=CARTESIAN_POINT('',(-0.0348959577608293,0.0128752295148608,-0.00119095250617562));
#4043=CARTESIAN_POINT('',(-0.0354045881695508,0.0132189992997972,0.00469771980393738));
#4044=CARTESIAN_POINT('',(-0.0382752943813938,0.00803142688868698,-0.00161618620357043));
#4045=CARTESIAN_POINT('',(-0.0350598271620938,0.0129937546049924,-0.00121030648239589));
#4046=CARTESIAN_POINT('',(-0.0355788458035604,0.0133354632149953,0.00468382452521266));
#4047=CARTESIAN_POINT('',(-0.0384113716954495,0.00812158469435488,-0.001633389461313));
#4048=CARTESIAN_POINT('',(-0.0352781907811933,0.0131485046046024,-0.00123631313680118));
#4049=CARTESIAN_POINT('',(-0.0358120105647863,0.0134866693042165,0.00466622798605352));
#4050=CARTESIAN_POINT('',(-0.0385766434849327,0.00822642913335368,-0.00165438365726794));
#4051=CARTESIAN_POINT('',(-0.0355325314421162,0.0133202087256961,-0.0012667430850459));
#4052=CARTESIAN_POINT('',(-0.0360823952211238,0.0136542204038855,0.00464475418731677));
#4053=CARTESIAN_POINT('',(-0.0387994972088551,0.0083620088985349,-0.00168282886579232));
#4054=CARTESIAN_POINT('',(-0.0358720731524286,0.0135404824409166,-0.0013076191095801));
#4055=CARTESIAN_POINT('',(-0.0364426309081312,0.0138684953112396,0.00461565963109026));
#4056=CARTESIAN_POINT('',(-0.0390825089459448,0.00852396449788195,-0.00171921408855127));
#4057=CARTESIAN_POINT('',(-0.0362924514753809,0.0137968299371517,-0.00135867701343629));
#4058=CARTESIAN_POINT('',(-0.0368871461913152,0.0141170005340381,0.00457844471120334));
#4059=CARTESIAN_POINT('',(-0.0393132315289141,0.00864622537031263,-0.00174916795366386));
#4060=CARTESIAN_POINT('',(-0.0366256609897406,0.0139851633866778,-0.00139963882549557));
#4061=CARTESIAN_POINT('',(-0.0372384462155417,0.0142989216674645,0.00454780882661214));
#4062=CARTESIAN_POINT('',(-0.0394295824072398,0.0087056785320774,-0.00176434865153002));
#4063=CARTESIAN_POINT('',(-0.0367915703806716,0.0140756559235109,-0.00142015818112779));
#4064=CARTESIAN_POINT('',(-0.0374130701643297,0.0143861663622903,0.00453228274701787));
#4065=CARTESIAN_POINT('',(-0.040251125486342,0.00870567853207735,0.00453228274701787));
#4066=CARTESIAN_POINT('',(-0.0394295824072399,-0.00870567853207742,-0.00176434865153003));
#4067=CARTESIAN_POINT('',(-0.0367915703806716,-0.0140756559235109,-0.00142015818112779));
#4068=CARTESIAN_POINT('',(-0.0374130701643297,-0.0143861663622903,0.00453228274701787));
#4069=CARTESIAN_POINT('',(-0.0393132369480751,-0.00864622813940626,-0.00174916866072036));
#4070=CARTESIAN_POINT('',(-0.0366256687136876,-0.0139851675995772,-0.0013996397807771));
#4071=CARTESIAN_POINT('',(-0.0372384543488367,-0.0142989257309784,0.00454780810346934));
#4072=CARTESIAN_POINT('',(-0.0390825226056192,-0.00852397188998911,-0.00171921585685698));
#4073=CARTESIAN_POINT('',(-0.0362924713407426,-0.0137968413944288,-0.00135867944701994));
#4074=CARTESIAN_POINT('',(-0.0368871671581023,-0.014117011615158,0.00457844290261706));
#4075=CARTESIAN_POINT('',(-0.0387995144311883,-0.00836201902148041,-0.00168283107281604));
#4076=CARTESIAN_POINT('',(-0.0358720990117872,-0.0135404986411739,-0.00130762223794699));
#4077=CARTESIAN_POINT('',(-0.0364426582981586,-0.0138685110427703,0.00461565737371474));
#4078=CARTESIAN_POINT('',(-0.03857665936744,-0.00822643901401905,-0.00165438567924844));
#4079=CARTESIAN_POINT('',(-0.0355325558052018,-0.0133202248751869,-0.0012667460084531));
#4080=CARTESIAN_POINT('',(-0.0360824211015777,-0.0136542361391934,0.00464475211916033));
#4081=CARTESIAN_POINT('',(-0.0384113844455379,-0.00812159299557456,-0.00163339107623036));
#4082=CARTESIAN_POINT('',(-0.0352782107713947,-0.0131485184796551,-0.00123631552095449));
#4083=CARTESIAN_POINT('',(-0.0358120318576792,-0.0134866828568438,0.00466622633422802));
#4084=CARTESIAN_POINT('',(-0.038275302712036,-0.00803143252686667,-0.00161618725434241));
#4085=CARTESIAN_POINT('',(-0.0350598402364345,-0.0129937640100303,-0.00121030803249316));
#4086=CARTESIAN_POINT('',(-0.035578859742833,-0.0133354724310145,0.00468382345041096));
#4087=CARTESIAN_POINT('',(-0.0381674628910014,-0.00795756860018927,-0.00160260211014393));
#4088=CARTESIAN_POINT('',(-0.0348959640205191,-0.0128752342056194,-0.00119095324797186));
#4089=CARTESIAN_POINT('',(-0.0354045948881554,-0.01321900389201,0.00469771932635163));
#4090=CARTESIAN_POINT('',(-0.0381139272184531,-0.00791998678081931,-0.00159587385391862));
#4091=CARTESIAN_POINT('',(-0.0347927217208883,-0.0127961941079032,-0.00117863326502845));
#4092=CARTESIAN_POINT('',(-0.0352925707071249,-0.0131420164767064,0.00470460153119945));
#4093=CARTESIAN_POINT('',(-0.0380872227923928,-0.00790108841427309,-0.00159252162779987));
#4094=CARTESIAN_POINT('',(-0.0347657672635408,-0.0127775455669511,-0.00117557688796784));
#4095=CARTESIAN_POINT('',(-0.0352652551537895,-0.0131231181101602,0.00470803047257169));
#4096=CARTESIAN_POINT('',(-0.0402511254863421,-0.0087056785320774,0.00453228274701787));
#4097=CARTESIAN_POINT('',(-0.0394295824072399,0.0087056785320774,-0.00176434865153003));
#4098=CARTESIAN_POINT('',(-0.0367915703806716,0.0140756559235109,-0.00142015818112779));
#4099=CARTESIAN_POINT('',(-0.0374130701643297,0.0143861663622903,0.00453228274701785));
#4100=CARTESIAN_POINT('',(-0.0395680796945595,0.00884406909572975,-0.00178241886728033));
#4101=CARTESIAN_POINT('',(-0.0370823176853822,0.0142385609934446,-0.0013992785860484));
#4102=CARTESIAN_POINT('',(-0.0378195465575034,0.0145892479505974,0.0044961423159135));
#4103=CARTESIAN_POINT('',(-0.0397072695849771,0.0089714107392878,-0.0018052307317658));
#4104=CARTESIAN_POINT('',(-0.0373595762818434,0.014384841455905,-0.00139011030201528));
#4105=CARTESIAN_POINT('',(-0.0382147580068946,0.0147696010793972,0.00445051858616955));
#4106=CARTESIAN_POINT('',(-0.0398466892224698,0.00908994722946494,-0.00183295898080791));
#4107=CARTESIAN_POINT('',(-0.0376263816541302,0.0145194782488025,-0.00139137670221243));
#4108=CARTESIAN_POINT('',(-0.0386010670664751,0.0149338237151519,0.00439506208846207));
#4109=CARTESIAN_POINT('',(-0.0398466892224698,0.00908994722946493,-0.00183295898080794));
#4110=CARTESIAN_POINT('',(-0.0397030747304944,0.00896784421469036,-0.00180439644491871));
#4111=CARTESIAN_POINT('',(-0.0395638767780215,0.0088398694202916,-0.0017818704983549));
#4112=CARTESIAN_POINT('',(-0.0394295824072399,0.00870567853207739,-0.00176434865153003));
#4113=CARTESIAN_POINT('',(-0.041085339116802,0.00908994722946492,0.00439506208846207));
#4114=CARTESIAN_POINT('',(-0.0374130701643297,-0.0143861663622903,0.00453228274701785));
#4115=CARTESIAN_POINT('',(-0.0367915703806716,-0.0140756559235109,-0.0014201581811278));
#4116=CARTESIAN_POINT('',(-0.0394295824072399,-0.0087056785320774,-0.00176434865153003));
#4117=CARTESIAN_POINT('',(-0.0378195465575652,-0.0145892479506283,0.00449614231590864));
#4118=CARTESIAN_POINT('',(-0.0370823176854262,-0.0142385609934522,-0.00139927858603791));
#4119=CARTESIAN_POINT('',(-0.0395680796945862,-0.00884406909574515,-0.00178241886728381));
#4120=CARTESIAN_POINT('',(-0.0382147580068915,-0.0147696010793959,0.00445051858616955));
#4121=CARTESIAN_POINT('',(-0.0373595762818422,-0.0143848414559031,-0.00139011030201462));
#4122=CARTESIAN_POINT('',(-0.0397072695849729,-0.0089714107392878,-0.00180523073176496));
#4123=CARTESIAN_POINT('',(-0.0386010670664751,-0.0149338237151518,0.00439506208846207));
#4124=CARTESIAN_POINT('',(-0.0376263816541302,-0.0145194782488025,-0.00139137670221244));
#4125=CARTESIAN_POINT('',(-0.0398466892224698,-0.00908994722946492,-0.00183295898080791));
#4126=CARTESIAN_POINT('',(-0.041085339116802,-0.00908994722946491,0.00439506208846205));
#4127=CARTESIAN_POINT('',(-0.0394295824072399,-0.0087056785320774,-0.00176434865153003));
#4128=CARTESIAN_POINT('',(-0.0395638767780215,-0.0088398694202916,-0.0017818704983549));
#4129=CARTESIAN_POINT('',(-0.0397030747304944,-0.00896784421469036,-0.0018043964449187));
#4130=CARTESIAN_POINT('',(-0.0398466892224697,-0.00908994722946489,-0.00183295898080793));
#4131=CARTESIAN_POINT('',(-0.0386080393281376,6.94856191313204E-17,-0.00806098005007792));
#4132=CARTESIAN_POINT('',(-0.0398466892047023,0.0090899472212027,-0.00183295897727429));
#4133=CARTESIAN_POINT('',(-0.037626381629694,0.0145194782369394,-0.00139137669797074));
#4134=CARTESIAN_POINT('',(-0.0386010670395489,0.0149338237037053,0.00439506209232745));
#4135=CARTESIAN_POINT('',(-0.041050829636434,0.00964989070322693,-0.00207244249858044));
#4136=CARTESIAN_POINT('',(-0.0392891399300387,0.0153267046949116,-0.00168000905216274));
#4137=CARTESIAN_POINT('',(-0.0404259164078575,0.0157095797124076,0.00413309630986445));
#4138=CARTESIAN_POINT('',(-0.0435022855507534,0.0104219988846474,-0.00262836631432601));
#4139=CARTESIAN_POINT('',(-0.0423428626397721,0.0163239064815243,-0.00231278145094395));
#4140=CARTESIAN_POINT('',(-0.0437753387231826,0.0166444618477369,0.00352257105416612));
#4141=CARTESIAN_POINT('',(-0.0472022937156822,0.0110705946024056,-0.00371829420911323));
#4142=CARTESIAN_POINT('',(-0.046606537787126,0.0171658448597148,-0.00350843815956474));
#4143=CARTESIAN_POINT('',(-0.0485033819556484,0.0173889967268346,0.00231266458603705));
#4144=CARTESIAN_POINT('',(-0.0507997769955486,0.0113769806145887,-0.00506300644591405));
#4145=CARTESIAN_POINT('',(-0.0505737089793703,0.0176057636957403,-0.00495952527175925));
#4146=CARTESIAN_POINT('',(-0.0529594037982479,0.0177232026313145,0.000802836370405029));
#4147=CARTESIAN_POINT('',(-0.0531067145844012,0.0114300000003802,-0.0061377071719324));
#4148=CARTESIAN_POINT('',(-0.0530411372666328,0.0177396352874224,-0.00610371726292308));
#4149=CARTESIAN_POINT('',(-0.0557817539315863,0.0177799999999998,-0.000417545631969677));
#4150=CARTESIAN_POINT('',(-0.0542278766533169,0.01143,-0.00671882573305924));
#4151=CARTESIAN_POINT('',(-0.054227876653316,0.0177799999999995,-0.00671882573305881));
#4152=CARTESIAN_POINT('',(-0.05715,0.01778,-0.00108112273034942));
#4153=CARTESIAN_POINT('',(-0.05715,0.01143,-0.00108112273034886));
#4154=CARTESIAN_POINT('',(-0.0542278766533159,0.01143,-0.00671882573305873));
#4155=CARTESIAN_POINT('',(-0.0542278766533159,0.01778,-0.00671882573305874));
#4156=CARTESIAN_POINT('',(-0.05715,0.01778,-0.00108112273034886));
#4157=CARTESIAN_POINT('',(-0.0549980346209734,0.0114300000000206,-0.00711801252541812));
#4158=CARTESIAN_POINT('',(-0.0549980346209954,0.0177800000000219,-0.00711801252538945));
#4159=CARTESIAN_POINT('',(-0.0580294404855805,0.01778,-0.00153695262654197));
#4160=CARTESIAN_POINT('',(-0.0565061366654321,0.0114299999999904,-0.00795653690107164));
#4161=CARTESIAN_POINT('',(-0.0565061366654218,0.0177799999999898,-0.00795653690108494));
#4162=CARTESIAN_POINT('',(-0.059757805292301,0.01778,-0.00249776924296699));
#4163=CARTESIAN_POINT('',(-0.0586720313993614,0.0114300000000026,-0.00933849130179554));
#4164=CARTESIAN_POINT('',(-0.0586720313993641,0.0177800000000028,-0.00933849130179202));
#4165=CARTESIAN_POINT('',(-0.0622543266588394,0.01778,-0.00409023710539721));
#4166=CARTESIAN_POINT('',(-0.0603967918973319,0.0114299999999997,-0.0105990181614644));
#4167=CARTESIAN_POINT('',(-0.0603967918973318,0.0177799999999996,-0.0105990181614645));
#4168=CARTESIAN_POINT('',(-0.0642545340382399,0.01778,-0.00555211971456039));
#4169=CARTESIAN_POINT('',(-0.0615603154880492,0.01143,-0.0115376180037395));
#4170=CARTESIAN_POINT('',(-0.0615603154880488,0.01778,-0.01153761800374));
#4171=CARTESIAN_POINT('',(-0.0656025129211568,0.01778,-0.00663931570230817));
#4172=CARTESIAN_POINT('',(-0.0622031650667068,0.01143,-0.0120856713732704));
#4173=CARTESIAN_POINT('',(-0.0622031650667076,0.01778,-0.0120856713732695));
#4174=CARTESIAN_POINT('',(-0.0663554106966798,0.01778,-0.00728121537777755));
#4175=CARTESIAN_POINT('',(-0.0625967239613334,0.01143,-0.0124237495228568));
#4176=CARTESIAN_POINT('',(-0.0625967239613317,0.01778,-0.0124237495228589));
#4177=CARTESIAN_POINT('',(-0.0667306282251598,0.01778,-0.00760365247637726));
#4178=CARTESIAN_POINT('',(-0.062784486645482,0.01143,-0.0125847821645453));
#4179=CARTESIAN_POINT('',(-0.062784486645482,0.01778,-0.0125847821645453));
#4180=CARTESIAN_POINT('',(-0.0669183909093102,0.01778,-0.00776468511806344));
#4181=CARTESIAN_POINT('',(-0.0665970942060906,0.0177729788872353,-0.00788240922052573));
#4182=CARTESIAN_POINT('',(-0.0666862202406966,0.0177776526687706,-0.00782802096180077));
#4183=CARTESIAN_POINT('',(-0.0667754013383203,0.01778,-0.00777341343787683));
#4184=CARTESIAN_POINT('',(-0.0668646377750803,0.01778,-0.00771858432203293));
#4185=CARTESIAN_POINT('',(-0.0622151993232118,0.0151878554281146,-0.0104879764323096));
#4186=CARTESIAN_POINT('',(-0.0614777997983031,0.0140919626128147,-0.0109239366058056));
#4187=CARTESIAN_POINT('',(-0.0609426535735593,0.0127714807938342,-0.0110417717950665));
#4188=CARTESIAN_POINT('',(-0.0606630823972237,0.01143,-0.0108242217056854));
#4189=CARTESIAN_POINT('',(-0.0622151993232116,0.0151878554281148,-0.0104879764323095));
#4190=CARTESIAN_POINT('',(-0.0622151993232119,0.0151878554281147,-0.0104879764323096));
#4191=CARTESIAN_POINT('',(-0.0626664007615203,0.0158584124298383,-0.0102212202835978));
#4192=CARTESIAN_POINT('',(-0.0632171406554855,0.016409567204035,-0.00989499325523778));
#4193=CARTESIAN_POINT('',(-0.0638483093201614,0.0168370533363231,-0.00951951546837612));
#4194=CARTESIAN_POINT('',(-0.0668646377750803,0.01778,-0.00771858432203298));
#4195=CARTESIAN_POINT('',(-0.0670519030389623,0.01778,-0.0121596378818252));
#4196=CARTESIAN_POINT('',(-0.0670519030389623,0.013335,-0.0121596378818252));
#4197=CARTESIAN_POINT('',(-0.0659918241752168,0.01778,-0.00825486299369635));
#4198=CARTESIAN_POINT('',(-0.0661339125024135,0.0173074923130213,-0.012198346646387));
#4199=CARTESIAN_POINT('',(-0.066547847898428,0.0133349999911403,-0.0121808923021181));
#4200=CARTESIAN_POINT('',(-0.0642895455803129,0.017341429613463,-0.00925155919584946));
#4201=CARTESIAN_POINT('',(-0.0646199207290112,0.0162580149561445,-0.0122003863699829));
#4202=CARTESIAN_POINT('',(-0.0655701816146812,0.0132034288993372,-0.0121964374165032));
#4203=CARTESIAN_POINT('',(-0.0628280381672172,0.0160986312579893,-0.0101256581787546));
#4204=CARTESIAN_POINT('',(-0.0634551856655958,0.0149298909162411,-0.0121367979519456));
#4205=CARTESIAN_POINT('',(-0.0646840589763718,0.0128305893556599,-0.0121728460410188));
#4206=CARTESIAN_POINT('',(-0.0622151993232248,0.0151878554281144,-0.0104879764323204));
#4207=CARTESIAN_POINT('',(-0.062995165754354,0.014157709198817,-0.0121045612544942));
#4208=CARTESIAN_POINT('',(-0.0643062557630101,0.0125573566284343,-0.0121575708232393));
#4209=CARTESIAN_POINT('',(-0.0644858278554944,0.0125573566284345,-0.00771619954134886));
#4210=CARTESIAN_POINT('',(-0.0606630823972235,0.01143,-0.0108242217056853));
#4211=CARTESIAN_POINT('',(-0.0606630823972236,0.01143,-0.0108242217056854));
#4212=CARTESIAN_POINT('',(-0.0606630823972237,0.01143,-0.0108242217056854));
#4213=CARTESIAN_POINT('',(-0.061160969153853,0.011623310942426,-0.0112116554527052));
#4214=CARTESIAN_POINT('',(-0.0609792769391009,0.0118488403405906,-0.0110700514533056));
#4215=CARTESIAN_POINT('',(-0.0607973724427557,0.0120743698080832,-0.0109287203589136));
#4216=CARTESIAN_POINT('',(-0.0622764912946164,0.0120118490097235,-0.0118427317749932));
#4217=CARTESIAN_POINT('',(-0.0616601591692332,0.0127107137139221,-0.0115369162796593));
#4218=CARTESIAN_POINT('',(-0.0611857620360174,0.0133694966877968,-0.0109863004885732));
#4219=CARTESIAN_POINT('',(-0.0635980967454498,0.0123830241641072,-0.012128938766038));
#4220=CARTESIAN_POINT('',(-0.0624888541664702,0.0136461839987304,-0.01194224939978));
#4221=CARTESIAN_POINT('',(-0.0618241858028025,0.0146067472362572,-0.0107191486984849));
#4222=CARTESIAN_POINT('',(-0.0643062557630101,0.0125573566284343,-0.0121575708232393));
#4223=CARTESIAN_POINT('',(-0.0629951657543442,0.0141577091988192,-0.0121045612544938));
#4224=CARTESIAN_POINT('',(-0.0622151993232119,0.0151878554281144,-0.01048797643231));
#4225=CARTESIAN_POINT('',(-0.06430625576301,0.0125573566284343,-0.0121575708232393));
#4226=CARTESIAN_POINT('',(-0.0629672033955995,0.0122277127441403,-0.0121034306894156));
#4227=CARTESIAN_POINT('',(-0.0617018993708405,0.0118333340680933,-0.0116325837422271));
#4228=CARTESIAN_POINT('',(-0.0606630823972237,0.01143,-0.0108242217056854));
#4229=CARTESIAN_POINT('',(-0.0645627873237021,4.16133404168894E-17,-0.00581275470625297));
#4230=CARTESIAN_POINT('',(-0.06430625576301,-0.0125573566284343,-0.0121575708232393));
#4231=CARTESIAN_POINT('',(-0.0629672033955993,-0.0122277127441406,-0.0121034306894156));
#4232=CARTESIAN_POINT('',(-0.0617018993708295,-0.0118333340681393,-0.0116325837422185));
#4233=CARTESIAN_POINT('',(-0.0606630823972237,-0.01143,-0.0108242217056854));
#4234=CARTESIAN_POINT('',(-0.0606630823972237,-0.01143,-0.0108242217056854));
#4235=CARTESIAN_POINT('',(-0.0606630823972236,-0.01143,-0.0108242217056854));
#4236=CARTESIAN_POINT('',(-0.0606630823972235,-0.01143,-0.0108242217056853));
#4237=CARTESIAN_POINT('',(-0.0607973724427406,-0.0120743698080987,-0.0109287203589019));
#4238=CARTESIAN_POINT('',(-0.0609792769045209,-0.0118488403406208,-0.0110700514977354));
#4239=CARTESIAN_POINT('',(-0.0611609691538295,-0.0116233109424297,-0.0112116554526869));
#4240=CARTESIAN_POINT('',(-0.0611857620359643,-0.0133694966877859,-0.0109863004885324));
#4241=CARTESIAN_POINT('',(-0.0616601591867488,-0.0127107137139108,-0.0115369162570806));
#4242=CARTESIAN_POINT('',(-0.0622764912946196,-0.0120118490097231,-0.011842731775002));
#4243=CARTESIAN_POINT('',(-0.0618241858029214,-0.0146067472362636,-0.0107191486985762));
#4244=CARTESIAN_POINT('',(-0.062488854166576,-0.013646183998717,-0.0119422493997894));
#4245=CARTESIAN_POINT('',(-0.063598096745467,-0.0123830241641043,-0.0121289387660387));
#4246=CARTESIAN_POINT('',(-0.0622151993232117,-0.0151878554281145,-0.0104879764323097));
#4247=CARTESIAN_POINT('',(-0.0629951657543441,-0.0141577091988193,-0.0121045612544938));
#4248=CARTESIAN_POINT('',(-0.0643062557630101,-0.0125573566284343,-0.0121575708232393));
#4249=CARTESIAN_POINT('',(-0.0644858278554944,-0.0125573566284345,-0.00771619954134886));
#4250=CARTESIAN_POINT('',(-0.0622151993232118,-0.0151878554281147,-0.0104879764323096));
#4251=CARTESIAN_POINT('',(-0.0622151993232118,-0.0151878554281146,-0.0104879764323096));
#4252=CARTESIAN_POINT('',(-0.0614777997983031,-0.0140919626128147,-0.0109239366058056));
#4253=CARTESIAN_POINT('',(-0.0609426535735535,-0.0127714807938362,-0.011041771795062));
#4254=CARTESIAN_POINT('',(-0.0606630823972237,-0.01143,-0.0108242217056854));
#4255=CARTESIAN_POINT('',(-0.0670519030389615,-0.013335,-0.0121596378818252));
#4256=CARTESIAN_POINT('',(-0.0670519030389601,-0.0177799999999997,-0.0121596378818253));
#4257=CARTESIAN_POINT('',(-0.0668646377750782,-0.01778,-0.0077185843220333));
#4258=CARTESIAN_POINT('',(-0.0665478478983945,-0.0133349999911165,-0.0121808923021195));
#4259=CARTESIAN_POINT('',(-0.066133912502798,-0.0173074923126709,-0.012198346646358));
#4260=CARTESIAN_POINT('',(-0.0659918241756283,-0.0177799999999997,-0.00825486299403746));
#4261=CARTESIAN_POINT('',(-0.0655701816146997,-0.0132034288993951,-0.0121964374165026));
#4262=CARTESIAN_POINT('',(-0.0646199207288688,-0.0162580149563001,-0.0122003863699851));
#4263=CARTESIAN_POINT('',(-0.0642895455801833,-0.0173414296134798,-0.00925155919572757));
#4264=CARTESIAN_POINT('',(-0.0646840589763656,-0.0128305893555672,-0.0121728460410186));
#4265=CARTESIAN_POINT('',(-0.0634551856654692,-0.0149298909161975,-0.0121367979519654));
#4266=CARTESIAN_POINT('',(-0.0628280381670602,-0.0160986312579534,-0.0101256581786601));
#4267=CARTESIAN_POINT('',(-0.0643062557630101,-0.0125573566284344,-0.0121575708232393));
#4268=CARTESIAN_POINT('',(-0.0629951657543542,-0.014157709198817,-0.0121045612544942));
#4269=CARTESIAN_POINT('',(-0.062215199323225,-0.0151878554281145,-0.0104879764323206));
#4270=CARTESIAN_POINT('',(-0.0638483093201565,-0.0168370533363198,-0.00951951546837908));
#4271=CARTESIAN_POINT('',(-0.0632215971769354,-0.0164125855749143,-0.00989234210206003));
#4272=CARTESIAN_POINT('',(-0.0626659794742286,-0.0158577863300097,-0.0102214693541147));
#4273=CARTESIAN_POINT('',(-0.0622151993232119,-0.0151878554281147,-0.0104879764323096));
#4274=CARTESIAN_POINT('',(-0.0668646377750795,-0.01778,-0.00771858432203339));
#4275=CARTESIAN_POINT('',(-0.0667752011122141,-0.01778,-0.0077735364618429));
#4276=CARTESIAN_POINT('',(-0.066686021747237,-0.0177776422597462,-0.00782814209042141));
#4277=CARTESIAN_POINT('',(-0.0665970942060906,-0.0177729788872353,-0.00788240922052572));
#4278=CARTESIAN_POINT('',(-0.05715,-0.01778,-0.00108112273034886));
#4279=CARTESIAN_POINT('',(-0.0542278766533159,-0.01778,-0.00671882573305874));
#4280=CARTESIAN_POINT('',(-0.0542278766533159,-0.01143,-0.00671882573305873));
#4281=CARTESIAN_POINT('',(-0.0580294404855805,-0.01778,-0.00153695262654196));
#4282=CARTESIAN_POINT('',(-0.0549980346210197,-0.0177800000000109,-0.00711801252538519));
#4283=CARTESIAN_POINT('',(-0.0549980346209734,-0.01143,-0.00711801252541811));
#4284=CARTESIAN_POINT('',(-0.059757805292301,-0.01778,-0.00249776924296705));
#4285=CARTESIAN_POINT('',(-0.0565061366654105,-0.0177799999999949,-0.00795653690108696));
#4286=CARTESIAN_POINT('',(-0.0565061366654321,-0.01143,-0.00795653690107165));
#4287=CARTESIAN_POINT('',(-0.0622543266588393,-0.01778,-0.00409023710539684));
#4288=CARTESIAN_POINT('',(-0.0586720313993671,-0.0177800000000014,-0.00933849130179116));
#4289=CARTESIAN_POINT('',(-0.0586720313993612,-0.01143,-0.00933849130179537));
#4290=CARTESIAN_POINT('',(-0.0642545340382398,-0.01778,-0.00555211971456108));
#4291=CARTESIAN_POINT('',(-0.0603967918973312,-0.0177799999999998,-0.0105990181614651));
#4292=CARTESIAN_POINT('',(-0.060396791897332,-0.01143,-0.0105990181614646));
#4293=CARTESIAN_POINT('',(-0.0656025129211566,-0.01778,-0.00663931570230691));
#4294=CARTESIAN_POINT('',(-0.0615603154880487,-0.01778,-0.0115376180037389));
#4295=CARTESIAN_POINT('',(-0.0615603154880487,-0.01143,-0.011537618003739));
#4296=CARTESIAN_POINT('',(-0.0663554106966796,-0.01778,-0.0072812153777793));
#4297=CARTESIAN_POINT('',(-0.0622031650667073,-0.01778,-0.0120856713732709));
#4298=CARTESIAN_POINT('',(-0.0622031650667073,-0.01143,-0.0120856713732709));
#4299=CARTESIAN_POINT('',(-0.0667306282251596,-0.01778,-0.0076036524763728));
#4300=CARTESIAN_POINT('',(-0.0625967239613315,-0.01778,-0.0124237495228551));
#4301=CARTESIAN_POINT('',(-0.0625967239613315,-0.01143,-0.0124237495228552));
#4302=CARTESIAN_POINT('',(-0.06691839090931,-0.01778,-0.00776468511806327));
#4303=CARTESIAN_POINT('',(-0.0627844866454818,-0.01778,-0.0125847821645451));
#4304=CARTESIAN_POINT('',(-0.0627844866454818,-0.01143,-0.0125847821645451));
#4305=CARTESIAN_POINT('',(-0.05715,-0.01143,-0.00108112273034886));
#4306=CARTESIAN_POINT('',(-0.0386010674222929,-0.0149338238664124,0.0043950620373827));
#4307=CARTESIAN_POINT('',(-0.0376263819770429,-0.0145194784055683,-0.0013913767582657));
#4308=CARTESIAN_POINT('',(-0.0398466894572589,-0.0090899473386454,-0.00183295902750358));
#4309=CARTESIAN_POINT('',(-0.0404251402113568,-0.0157092497066987,0.00413320773782652));
#4310=CARTESIAN_POINT('',(-0.039288429820727,-0.015326359952446,-0.00167988578755846));
#4311=CARTESIAN_POINT('',(-0.0410503174492512,-0.00964965252662145,-0.00207234063782471));
#4312=CARTESIAN_POINT('',(-0.0437756991361587,-0.0166446150732541,0.0035225193122924));
#4313=CARTESIAN_POINT('',(-0.0423431968429297,-0.0163240683350283,-0.00231283954777076));
#4314=CARTESIAN_POINT('',(-0.0435025233789463,-0.0104221094737658,-0.0026284136135872));
#4315=CARTESIAN_POINT('',(-0.0485032849397837,-0.0173889554761488,0.00231267851132506));
#4316=CARTESIAN_POINT('',(-0.0466064461279235,-0.0171658007298186,-0.00350842212933337));
#4317=CARTESIAN_POINT('',(-0.0472022296995839,-0.0110705648304835,-0.00371828147937486));
#4318=CARTESIAN_POINT('',(-0.0529594315277559,-0.0177232144177789,0.000802832387712064));
#4319=CARTESIAN_POINT('',(-0.0505737356542407,-0.0176057764427672,-0.00495952998650045));
#4320=CARTESIAN_POINT('',(-0.0507997952945561,-0.0113769891213605,-0.00506301008656641));
#4321=CARTESIAN_POINT('',(-0.0557817539332759,-0.0177799999999998,-0.000417545632779409));
#4322=CARTESIAN_POINT('',(-0.0530411372680547,-0.0177396352874732,-0.0061037172636673));
#4323=CARTESIAN_POINT('',(-0.0531067145857441,-0.0114300000003802,-0.00613770717262845));
#4324=CARTESIAN_POINT('',(-0.05715,-0.01778,-0.00108112273034942));
#4325=CARTESIAN_POINT('',(-0.0542278766533161,-0.0177799999999995,-0.00671882573305882));
#4326=CARTESIAN_POINT('',(-0.0542278766533169,-0.01143,-0.00671882573305924));
#4327=CARTESIAN_POINT('',(-0.0497095719513268,0.081534,0.0141087203334865));
#4328=CARTESIAN_POINT('',(-0.0530314044231118,0.081534,0.0169195013217323));
#4329=CARTESIAN_POINT('',(-0.0530314044231118,0.0109817765632555,0.0169195013217323));
#4330=CARTESIAN_POINT('',(-0.0530314044231118,-0.0109817765632556,0.0169195013217323));
#4331=CARTESIAN_POINT('',(-0.0530314044231118,0.0109817765632556,0.0169195013217323));
#4332=CARTESIAN_POINT('',(-0.0507933209591341,0.0107078982075631,0.0150257386157294));
#4333=CARTESIAN_POINT('',(-0.0485627442546457,0.0103013759522773,0.0131383277823856));
#4334=CARTESIAN_POINT('',(-0.0463877394795406,0.00955002673764578,0.0112979393452396));
#4335=CARTESIAN_POINT('',(-0.0463877394795418,0.00955002673764578,0.0112979393452406));
#4336=CARTESIAN_POINT('',(-0.0463877394795418,0.081534,0.0112979393452406));
#4337=CARTESIAN_POINT('',(-0.0463877394795418,-0.00955002673764621,0.0112979393452406));
#4338=CARTESIAN_POINT('',(-0.0463877394795418,-0.00955002673764621,0.0112979393452406));
#4339=CARTESIAN_POINT('',(-0.0485627442546469,-0.0103013759522776,0.0131383277823866));
#4340=CARTESIAN_POINT('',(-0.0507933209591341,-0.0107078982075635,0.0150257386157294));
#4341=CARTESIAN_POINT('',(-0.0530314044231118,-0.0109817765632556,0.0169195013217323));
#4342=CARTESIAN_POINT('',(-0.0558082982897759,0.081534,0.0056489696726203));
#4343=CARTESIAN_POINT('',(-0.0463877394795406,0.00955002673764578,0.0112979393452396));
#4344=CARTESIAN_POINT('',(-0.0463877394795406,0.010538569669348,0.0112979393452396));
#4345=CARTESIAN_POINT('',(-0.0459912179344675,0.0124920050901374,0.01153571060996));
#4346=CARTESIAN_POINT('',(-0.044250118759612,0.0147461763961778,0.0125797480852198));
#4347=CARTESIAN_POINT('',(-0.0417967125618463,0.0157531851502556,0.014050915293554));
#4348=CARTESIAN_POINT('',(-0.0400919761588459,0.0155255359688546,0.0150731480967607));
#4349=CARTESIAN_POINT('',(-0.0392881564901324,0.0152131425172765,0.0155551527232682));
#4350=CARTESIAN_POINT('',(-0.0712107263277176,0.01143,-0.00358698443835326));
#4351=CARTESIAN_POINT('',(-0.0652288571000099,0.01143,-3.46944695195361E-18));
#4352=CARTESIAN_POINT('',(-0.0652288571000099,0.081534,-3.46944695195361E-18));
#4353=CARTESIAN_POINT('',(-0.0652288571000099,-0.01143,-3.46944695195361E-18));
#4354=CARTESIAN_POINT('',(-0.0712107263277176,-0.01143,-0.00358698443835326));
#4355=CARTESIAN_POINT('',(-0.0392881564901324,-0.0152131425172765,0.0155551527232682));
#4356=CARTESIAN_POINT('',(-0.0400922529152963,-0.0155256435264401,0.0150729821417653));
#4357=CARTESIAN_POINT('',(-0.0417935289679114,-0.0157513026311605,0.0140528243125358));
#4358=CARTESIAN_POINT('',(-0.0442359286085372,-0.0147558652424075,0.0125882571062544));
#4359=CARTESIAN_POINT('',(-0.0459885833524263,-0.0125035995376662,0.0115372904179463));
#4360=CARTESIAN_POINT('',(-0.0463877394795418,-0.0105397295770136,0.0112979393452406));
#4361=CARTESIAN_POINT('',(-0.0463877394795418,-0.00955002673764621,0.0112979393452406));
#4362=CARTESIAN_POINT('',(-0.0873024638952398,0.081534,0.0159829674336907));
#4363=CARTESIAN_POINT('',(-0.0894277037023294,0.01143,0.0232695013217323));
#4364=CARTESIAN_POINT('',(-0.0875756197098063,0.01143,0.0169195013217323));
#4365=CARTESIAN_POINT('',(-0.0875756197098063,0.081534,0.0169195013217323));
#4366=CARTESIAN_POINT('',(-0.0863347116306856,0.0033636242234126,0.0126649608504432));
#4367=CARTESIAN_POINT('',(-0.0864785776167437,0.00448618824409946,0.0131582154842268));
#4368=CARTESIAN_POINT('',(-0.086725348782494,0.00612123286029675,0.0140042877513813));
#4369=CARTESIAN_POINT('',(-0.0869686035057301,0.00843874825144352,0.0148383036484926));
#4370=CARTESIAN_POINT('',(-0.0870293080806733,0.00967731645001881,0.015046433545649));
#4371=CARTESIAN_POINT('',(-0.0870293080806733,0.0103045323654463,0.0150464335456491));
#4372=CARTESIAN_POINT('',(-0.0870293080806732,0.0103045323654463,0.015046433545649));
#4373=CARTESIAN_POINT('',(-0.0870293080806732,0.081534,0.015046433545649));
#4374=CARTESIAN_POINT('',(-0.0870293080806732,0.01143,0.015046433545649));
#4375=CARTESIAN_POINT('',(-0.0842117289954456,0.01143,0.00538616583456019));
#4376=CARTESIAN_POINT('',(-0.0873024638952398,0.081534,0.0159829674336907));
#4377=CARTESIAN_POINT('',(-0.0875756197098063,0.081534,0.0169195013217323));
#4378=CARTESIAN_POINT('',(-0.0875756197098063,-0.01143,0.0169195013217323));
#4379=CARTESIAN_POINT('',(-0.0894277037023294,-0.01143,0.0232695013217323));
#4380=CARTESIAN_POINT('',(-0.0842117289954456,-0.01143,0.00538616583456019));
#4381=CARTESIAN_POINT('',(-0.0870293080806732,-0.01143,0.015046433545649));
#4382=CARTESIAN_POINT('',(-0.0870293080806732,0.081534,0.015046433545649));
#4383=CARTESIAN_POINT('',(-0.0870293080806732,-0.0103045323654462,0.015046433545649));
#4384=CARTESIAN_POINT('',(-0.087029308080673,-0.0103045323654462,0.0150464335456489));
#4385=CARTESIAN_POINT('',(-0.087029308080673,-0.00904546374069195,0.015046433545649));
#4386=CARTESIAN_POINT('',(-0.0868078971244122,-0.00669052520937242,0.0142873105372248));
#4387=CARTESIAN_POINT('',(-0.0864794573507424,-0.00449305267232056,0.013161231714006));
#4388=CARTESIAN_POINT('',(-0.0863347116306856,-0.00336362422341257,0.0126649608504431));
#4389=CARTESIAN_POINT('',(-0.0761290825903416,0.081534,0.00752321677282453));
#4390=CARTESIAN_POINT('',(-0.102242042192959,2.81536057523208E-19,0.0255460967439547));
#4391=CARTESIAN_POINT('',(-0.0761290825903416,-0.01143,0.00752321677282453));
#4392=CARTESIAN_POINT('',(-0.0870293080806732,0.01143,0.015046433545649));
#4393=CARTESIAN_POINT('',(-0.0703035120664591,0.081534,0.0169195013217323));
#4394=CARTESIAN_POINT('',(-0.05715,0.01143,0.0169195013217323));
#4395=CARTESIAN_POINT('',(-0.05715,0.01143,0.0169195013217323));
#4396=CARTESIAN_POINT('',(-0.05715,0.01143,0.0169195013217323));
#4397=CARTESIAN_POINT('',(-0.0557714319601855,0.01143,0.0169195013217323));
#4398=CARTESIAN_POINT('',(-0.054393601394829,0.0113995379681913,0.0169195013217323));
#4399=CARTESIAN_POINT('',(-0.0530167796335812,0.0113284821797481,0.0169195013217323));
#4400=CARTESIAN_POINT('',(-0.0530167796335812,0.0113284821797481,0.0169195013217323));
#4401=CARTESIAN_POINT('',(-0.0530167796335812,0.0113284821797481,0.0169195013217324));
#4402=CARTESIAN_POINT('',(-0.0530265487522889,0.0112131200883431,0.0169195013217324));
#4403=CARTESIAN_POINT('',(-0.0530314044231119,0.0110975507371253,0.0169195013217324));
#4404=CARTESIAN_POINT('',(-0.0530314044231119,0.0109817765632556,0.0169195013217324));
#4405=CARTESIAN_POINT('',(-0.0530314044231118,-0.0109817765632556,0.0169195013217324));
#4406=CARTESIAN_POINT('',(-0.0530314044231118,-0.0110975507371253,0.0169195013217324));
#4407=CARTESIAN_POINT('',(-0.0530265487522886,-0.0112131200883432,0.0169195013217324));
#4408=CARTESIAN_POINT('',(-0.0530167796335809,-0.0113284821797481,0.0169195013217324));
#4409=CARTESIAN_POINT('',(-0.0530167796335812,-0.0113284821797481,0.0169195013217323));
#4410=CARTESIAN_POINT('',(-0.0530167796335812,-0.0113284821797481,0.0169195013217323));
#4411=CARTESIAN_POINT('',(-0.0543936013948291,-0.0113995379681914,0.0169195013217323));
#4412=CARTESIAN_POINT('',(-0.0557714319601855,-0.01143,0.0169195013217323));
#4413=CARTESIAN_POINT('',(-0.05715,-0.01143,0.0169195013217323));
#4414=CARTESIAN_POINT('',(-0.05715,-0.01143,0.0169195013217323));
#4415=CARTESIAN_POINT('',(-0.070303512066459,-0.01143,0.0169195013217323));
#4416=CARTESIAN_POINT('',(-0.0456368677157248,0.00927361417814207,0.010662586389824));
#4417=CARTESIAN_POINT('',(-0.0438684012018066,0.0170099212807607,0.00916619182510966));
#4418=CARTESIAN_POINT('',(-0.0392162988475828,0.015185086074483,0.0155100895422815));
#4419=CARTESIAN_POINT('',(-0.0463852037027234,0.00956715669744429,0.0112957936881878));
#4420=CARTESIAN_POINT('',(-0.0448616252024336,0.0171650218151417,0.0100066120334502));
#4421=CARTESIAN_POINT('',(-0.0402273993134241,0.0155817006772283,0.0161432968406436));
#4422=CARTESIAN_POINT('',(-0.0478989593820198,0.0100494197593215,0.0125766637261428));
#4423=CARTESIAN_POINT('',(-0.0467342509063337,0.0174102642585688,0.0115911412869106));
#4424=CARTESIAN_POINT('',(-0.0421601246547939,0.0161924595060236,0.017424166878599));
#4425=CARTESIAN_POINT('',(-0.0509757243646838,0.0107420362319371,0.0151800799405449));
#4426=CARTESIAN_POINT('',(-0.0502716517931874,0.0177380033058142,0.0145843262970235));
#4427=CARTESIAN_POINT('',(-0.0458484184697413,0.01701949658213,0.0200275830930124));
#4428=CARTESIAN_POINT('',(-0.0533061671611439,0.0110368404600516,0.0171519928416687));
#4429=CARTESIAN_POINT('',(-0.052837433855618,0.0178471009136794,0.0167553723994082));
#4430=CARTESIAN_POINT('',(-0.0484806146894131,0.0173477795992667,0.02199949599408));
#4431=CARTESIAN_POINT('',(-0.0548624424311568,0.0111729131902131,0.0184688409905698));
#4432=CARTESIAN_POINT('',(-0.0545209016778062,0.01787591132514,0.0181798450028482));
#4433=CARTESIAN_POINT('',(-0.0502076082029942,0.0174987790578441,0.0233163441430273));
#4434=CARTESIAN_POINT('',(-0.0530167796335812,0.0113284821797481,0.0169195013217323));
#4435=CARTESIAN_POINT('',(-0.0528701442737207,0.013060077658689,0.0169195013217323));
#4436=CARTESIAN_POINT('',(-0.052047593411547,0.016356708239191,0.0184022963741879));
#4437=CARTESIAN_POINT('',(-0.0507374476628958,0.0175456491383972,0.0216633727018935));
#4438=CARTESIAN_POINT('',(-0.0501461612340088,0.0174933766780618,0.0232695013217323));
#4439=CARTESIAN_POINT('',(-0.05715,0.01778,0.0232695013217324));
#4440=CARTESIAN_POINT('',(-0.05715,0.01778,0.0169195013217323));
#4441=CARTESIAN_POINT('',(-0.05715,0.01143,0.0169195013217323));
#4442=CARTESIAN_POINT('',(-0.0548351484145747,0.01778,0.0232695013217324));
#4443=CARTESIAN_POINT('',(-0.0548351484146905,0.0177800000005978,0.0169195013217802));
#4444=CARTESIAN_POINT('',(-0.0549840223025335,0.0114300000004753,0.0169195013217323));
#4445=CARTESIAN_POINT('',(-0.0524970219738321,0.0177028131431644,0.0232695013217286));
#4446=CARTESIAN_POINT('',(-0.0524970219739266,0.0177028131417233,0.0169195013217191));
#4447=CARTESIAN_POINT('',(-0.0528221138264861,0.0113566269649587,0.0169195013217324));
#4448=CARTESIAN_POINT('',(-0.0501033381948187,0.0174895764039496,0.0232695013217324));
#4449=CARTESIAN_POINT('',(-0.0501033381948187,0.0174895764039496,0.0169195013217324));
#4450=CARTESIAN_POINT('',(-0.0506667845146789,0.0111646235784626,0.0169195013217324));
#4451=CARTESIAN_POINT('',(-0.05715,0.01143,0.0232695013217323));
#4452=CARTESIAN_POINT('',(-0.070303512066459,0.01143,0.0232695013217323));
#4453=CARTESIAN_POINT('',(-0.079375,-0.01143,0.0232695013217323));
#4454=CARTESIAN_POINT('',(-0.05715,-0.01143,0.0232695013217323));
#4455=CARTESIAN_POINT('',(-0.05715,-0.01143,0.0169195013217323));
#4456=CARTESIAN_POINT('',(-0.05715,-0.01778,0.0169195013217323));
#4457=CARTESIAN_POINT('',(-0.05715,-0.01778,0.0232695013217324));
#4458=CARTESIAN_POINT('',(-0.0549840223026087,-0.0114300000004922,0.0169195013217323));
#4459=CARTESIAN_POINT('',(-0.0548351484147649,-0.0177800000006191,0.0169195013217642));
#4460=CARTESIAN_POINT('',(-0.0548351484146498,-0.01778,0.0232695013217173));
#4461=CARTESIAN_POINT('',(-0.0528221138264486,-0.0113566269649287,0.0169195013217323));
#4462=CARTESIAN_POINT('',(-0.0524970219739373,-0.0177028131417021,0.0169195013216925));
#4463=CARTESIAN_POINT('',(-0.0524970219737923,-0.0177028131431608,0.0232695013217136));
#4464=CARTESIAN_POINT('',(-0.050666784514679,-0.0111646235784626,0.0169195013217323));
#4465=CARTESIAN_POINT('',(-0.0501033381948187,-0.0174895764039496,0.0169195013217323));
#4466=CARTESIAN_POINT('',(-0.0501033381948187,-0.0174895764039496,0.0232695013217324));
#4467=CARTESIAN_POINT('',(-0.0530167796335812,-0.0113284821797481,0.0169195013217323));
#4468=CARTESIAN_POINT('',(-0.0528701442737207,-0.013060077658689,0.0169195013217323));
#4469=CARTESIAN_POINT('',(-0.0520475934114813,-0.0163567082391852,0.0184022963741635));
#4470=CARTESIAN_POINT('',(-0.0507374476630272,-0.0175456491384088,0.0216633727019422));
#4471=CARTESIAN_POINT('',(-0.0501461612340088,-0.0174933766780618,0.0232695013217323));
#4472=CARTESIAN_POINT('',(-0.0548624549569976,-0.0111729142854071,0.0184688515893568));
#4473=CARTESIAN_POINT('',(-0.0545209151027037,-0.0178759115548891,0.0181798563623755));
#4474=CARTESIAN_POINT('',(-0.0502076221028775,-0.0174987802731771,0.0233163547418143));
#4475=CARTESIAN_POINT('',(-0.0533058344815743,-0.0110368117129674,0.0171517113436048));
#4476=CARTESIAN_POINT('',(-0.0528370705674923,-0.0178470949285892,0.0167550650018048));
#4477=CARTESIAN_POINT('',(-0.0484802456998986,-0.0173477477147859,0.0219992144960269));
#4478=CARTESIAN_POINT('',(-0.0509732082463074,-0.0107417622307905,0.0151779509175565));
#4479=CARTESIAN_POINT('',(-0.0502688309004562,-0.0177379010144792,0.0145819393880856));
#4480=CARTESIAN_POINT('',(-0.045845614285748,-0.017019203618109,0.0200254540700275));
#4481=CARTESIAN_POINT('',(-0.0478941268085928,-0.0100481334932204,0.0125725746260367));
#4482=CARTESIAN_POINT('',(-0.0467284784383653,-0.0174096237581367,0.0115862568914946));
#4483=CARTESIAN_POINT('',(-0.0421541832587349,-0.0161908988047568,0.0174200777784835));
#4484=CARTESIAN_POINT('',(-0.0463829999637322,-0.00956628373457801,0.011293928986186));
#4485=CARTESIAN_POINT('',(-0.0448587462185807,-0.0171645684751677,0.0100041759705326));
#4486=CARTESIAN_POINT('',(-0.0402244130450721,-0.0155805177663145,0.0161414321386635));
#4487=CARTESIAN_POINT('',(-0.0456370344139821,-0.00927367956630327,0.0106627274421788));
#4488=CARTESIAN_POINT('',(-0.0438686263192319,-0.01700995643437,0.0091663823090623));
#4489=CARTESIAN_POINT('',(-0.0392165240779066,-0.0151851744221176,0.0155102305946363));
#4490=CARTESIAN_POINT('',(-0.0871689973673535,-0.0104018594260911,0.0151428455680855));
#4491=CARTESIAN_POINT('',(-0.0884959601701061,-0.0075637762966107,0.0160587008247898));
#4492=CARTESIAN_POINT('',(-0.0907759923524936,-0.00591203174097171,0.0144071772399877));
#4493=CARTESIAN_POINT('',(-0.0851963723965475,-0.00904019301749751,0.0137813613235602));
#4494=CARTESIAN_POINT('',(-0.0866768986689859,-0.00673033665358986,0.014803204412584));
#4495=CARTESIAN_POINT('',(-0.0888033673816651,-0.00513811097369043,0.0136333600080377));
#4496=CARTESIAN_POINT('',(-0.0820367410506074,-0.00577597630858113,0.0116006182225296));
#4497=CARTESIAN_POINT('',(-0.0836521005980752,-0.00445812687161081,0.0127155217676083));
#4498=CARTESIAN_POINT('',(-0.085643736035758,-0.00328285106274043,0.0123939063772568));
#4499=CARTESIAN_POINT('',(-0.0803720748604887,-1.16818614076957E-15,0.0104516837703237));
#4500=CARTESIAN_POINT('',(-0.082016520215953,2.82475050470531E-15,0.0115866620229609));
#4501=CARTESIAN_POINT('',(-0.0839790698456262,-8.05820754674784E-16,0.0117408945770235));
#4502=CARTESIAN_POINT('',(-0.0820367410505847,0.00577597630858599,0.0116006182225139));
#4503=CARTESIAN_POINT('',(-0.0836521005980637,0.00445812687160069,0.0127155217676053));
#4504=CARTESIAN_POINT('',(-0.0856437360357252,0.00328285106274376,0.0123939063772597));
#4505=CARTESIAN_POINT('',(-0.0851963723966005,0.00904019301748799,0.0137813613235968));
#4506=CARTESIAN_POINT('',(-0.0866768986690117,0.00673033665360899,0.0148032044125898));
#4507=CARTESIAN_POINT('',(-0.0888033673817416,0.00513811097368388,0.0136333600080311));
#4508=CARTESIAN_POINT('',(-0.0871689973673535,0.0104018594260912,0.0151428455680856));
#4509=CARTESIAN_POINT('',(-0.0884959601701061,0.00756377629661073,0.0160587008247899));
#4510=CARTESIAN_POINT('',(-0.0907759923524937,0.00591203174097174,0.0144071772399878));
#4511=CARTESIAN_POINT('',(-0.0724804494641457,-0.01143,-0.00271063537518093));
#4512=CARTESIAN_POINT('',(-0.0797360775754818,0.01143,0.00229712002886985));
#4513=MECHANICAL_DESIGN_GEOMETRIC_PRESENTATION_REPRESENTATION('',(#1655),
#4514);
#4514=(
GEOMETRIC_REPRESENTATION_CONTEXT(3)
GLOBAL_UNCERTAINTY_ASSIGNED_CONTEXT((#4515))
GLOBAL_UNIT_ASSIGNED_CONTEXT((#4518,#4517,#4516))
REPRESENTATION_CONTEXT('Part 1','TOP_LEVEL_ASSEMBLY_PART')
);
#4515=UNCERTAINTY_MEASURE_WITH_UNIT(LENGTH_MEASURE(2.E-5),#4518,
'DISTANCE_ACCURACY_VALUE','Maximum Tolerance applied to model');
#4516=(
NAMED_UNIT(*)
SI_UNIT($,.STERADIAN.)
SOLID_ANGLE_UNIT()
);
#4517=(
NAMED_UNIT(*)
PLANE_ANGLE_UNIT()
SI_UNIT($,.RADIAN.)
);
#4518=(
LENGTH_UNIT()
NAMED_UNIT(*)
SI_UNIT($,.METRE.)
);
#4519=PRODUCT_DEFINITION_SHAPE('','',#4520);
#4520=PRODUCT_DEFINITION('','',#4522,#4521);
#4521=PRODUCT_DEFINITION_CONTEXT('',#4528,'design');
#4522=PRODUCT_DEFINITION_FORMATION_WITH_SPECIFIED_SOURCE('','',#4524,
 .NOT_KNOWN.);
#4523=PRODUCT_RELATED_PRODUCT_CATEGORY('','',(#4524));
#4524=PRODUCT('Part 1','Part 1','Part 1',(#4526));
#4525=PRODUCT_CATEGORY('','');
#4526=PRODUCT_CONTEXT('',#4528,'mechanical');
#4527=APPLICATION_PROTOCOL_DEFINITION('international standard',
'ap242_managed_model_based_3d_engineering',2020,#4528);
#4528=APPLICATION_CONTEXT('managed model based 3d engineering');
ENDSEC;
END-ISO-10303-21;
