ISO-10303-21;
HEADER;
/* Generated by software containing ST-Developer
 * from STEP Tools, Inc. (www.steptools.com) 
 */
/* OPTION: using custom renumber hook */

FILE_DESCRIPTION(
/* description */ ('STEP AP242 Edition 2',
'CAx-IF Rec.Pracs.---Representation and Presentation of Product Manufa
cturing Information (PMI)---4.0---2014-10-13',
'CAx-IF Rec.Pracs.---3D Tessellated Geometry---0.4---2014-09-14','2;1',
'CAx-IF Rec.Pracs.---User Defined Attributes---1.5---2016-08-15'),
/* implementation_level */ '2;1');

FILE_NAME(
/* name */ 'final version',
/* time_stamp */ '2026-08-04T01:12:45Z',
/* author */ (''),
/* organization */ (''),
/* preprocessor_version */ 'ST-DEVELOPER v20',
/* originating_system */ 'ONSHAPE BY PTC INC, 1.218',
/* authorisation */ '  ');

FILE_SCHEMA (('AP242_MANAGED_MODEL_BASED_3D_ENGINEERING_MIM_LF { 1 0 10303 442 3 1 4 }'));
ENDSEC;

DATA;
#10=SHAPE_REPRESENTATION_RELATIONSHIP('','',#1488,#11);
#11=ADVANCED_BREP_SHAPE_REPRESENTATION('',(#1486),#4176);
#12=SPHERICAL_SURFACE('',#1546,0.00254);
#13=SPHERICAL_SURFACE('',#1552,0.00254);
#14=SPHERICAL_SURFACE('',#1557,0.00254);
#15=SPHERICAL_SURFACE('',#1562,0.00254);
#16=(
BOUNDED_SURFACE()
B_SPLINE_SURFACE(2,3,((#2837,#2838,#2839,#2840,#2841,#2842,#2843,#2844,
#2845,#2846,#2847,#2848,#2849,#2850,#2851,#2852,#2853,#2854,#2855,#2856,
#2857,#2858,#2859,#2860,#2861,#2862,#2863,#2864,#2865,#2866,#2867,#2868,
#2869,#2870,#2871,#2872,#2873,#2874,#2875,#2876),(#2877,#2878,#2879,#2880,
#2881,#2882,#2883,#2884,#2885,#2886,#2887,#2888,#2889,#2890,#2891,#2892,
#2893,#2894,#2895,#2896,#2897,#2898,#2899,#2900,#2901,#2902,#2903,#2904,
#2905,#2906,#2907,#2908,#2909,#2910,#2911,#2912,#2913,#2914,#2915,#2916),
(#2917,#2918,#2919,#2920,#2921,#2922,#2923,#2924,#2925,#2926,#2927,#2928,
#2929,#2930,#2931,#2932,#2933,#2934,#2935,#2936,#2937,#2938,#2939,#2940,
#2941,#2942,#2943,#2944,#2945,#2946,#2947,#2948,#2949,#2950,#2951,#2952,
#2953,#2954,#2955,#2956)),.UNSPECIFIED.,.F.,.F.,.F.)
B_SPLINE_SURFACE_WITH_KNOTS((3,3),(4,2,2,2,2,2,2,2,2,2,2,2,2,2,2,2,2,2,
2,4),(0.,1.),(0.00748878796020256,0.00749661343228854,0.00750122479499642,
0.00750353047635036,0.00750410689668884,0.00750468331702733,0.0075058361577043,
0.00751505888312005,0.00755194978478306,0.00762573158810907,0.0077732951947611,
0.00792085880141314,0.0082159860147172,0.00880624044132533,0.00998674929454158,
0.0111672581477578,0.011757512574366,0.01205263978767,0.0123477670009741,
0.0125130390040307),.UNSPECIFIED.)
GEOMETRIC_REPRESENTATION_ITEM()
RATIONAL_B_SPLINE_SURFACE(((1.,1.,1.,1.,1.,1.,1.,1.,1.,1.,1.,1.,1.,1.,1.,
1.,1.,1.,1.,1.,1.,1.,1.,1.,1.,1.,1.,1.,1.,1.,1.,1.,1.,1.,1.,1.,1.,1.,1.,
1.),(0.712192889379999,0.712193125225207,0.712193361002512,0.712193735609906,
0.712193874484275,0.712194082760516,0.712190850870345,0.712195064274524,
0.712191446644539,0.712197100661095,0.712203789846458,0.712217926958505,
0.712235664283313,0.712349817731432,0.712419234784582,0.712731522608509,
0.71285785273153,0.713213630176131,0.713359588245844,0.713744408912055,
0.713905770886274,0.714184858763712,0.714294937772126,0.714584553160843,
0.714723403403058,0.715082276529987,0.715241124559774,0.715651357734319,
0.715825890213132,0.7161313390232,0.716254517928781,0.716419878695438,0.716471448386396,
0.7165448514669,0.716551088909219,0.716573190339881,0.716584146315437,0.71660109401538,
0.716607148981238,0.716613175528337),(1.,1.,1.,1.,1.,1.,1.,1.,1.,1.,1.,
1.,1.,1.,1.,1.,1.,1.,1.,1.,1.,1.,1.,1.,1.,1.,1.,1.,1.,1.,1.,1.,1.,1.,1.,
1.,1.,1.,1.,1.)))
REPRESENTATION_ITEM('')
SURFACE()
);
#17=(
BOUNDED_SURFACE()
B_SPLINE_SURFACE(3,2,((#3364,#3365,#3366),(#3367,#3368,#3369),(#3370,#3371,
#3372),(#3373,#3374,#3375),(#3376,#3377,#3378),(#3379,#3380,#3381)),
 .UNSPECIFIED.,.F.,.F.,.F.)
B_SPLINE_SURFACE_WITH_KNOTS((4,1,1,4),(3,3),(2.60208521396521E-18,0.00419581756321839,
0.00839163512643679,0.0167832702528736),(0.,1.),.UNSPECIFIED.)
GEOMETRIC_REPRESENTATION_ITEM()
RATIONAL_B_SPLINE_SURFACE(((1.,0.70710678118654,1.),(1.,0.707286806823032,
1.),(1.,0.707324049980576,1.),(1.,0.707305376313072,1.),(1.,0.707106781186547,
1.),(1.,0.707106781186547,1.)))
REPRESENTATION_ITEM('')
SURFACE()
);
#18=(
BOUNDED_SURFACE()
B_SPLINE_SURFACE(3,2,((#3383,#3384,#3385),(#3386,#3387,#3388),(#3389,#3390,
#3391),(#3392,#3393,#3394),(#3395,#3396,#3397),(#3398,#3399,#3400),(#3401,
#3402,#3403),(#3404,#3405,#3406),(#3407,#3408,#3409),(#3410,#3411,#3412),
(#3413,#3414,#3415),(#3416,#3417,#3418),(#3419,#3420,#3421)),
 .UNSPECIFIED.,.F.,.F.,.F.)
B_SPLINE_SURFACE_WITH_KNOTS((4,1,1,1,1,1,1,1,1,1,4),(3,3),(-1.73472347597681E-16,
0.0158812605900857,0.0238218908851287,0.0317625211801716,0.0397031514752146,
0.0476437817702575,0.051614096917779,0.0555844120653005,0.059554727212822,
0.0615398847865827,0.0635250423603435),(0.,1.),.UNSPECIFIED.)
GEOMETRIC_REPRESENTATION_ITEM()
RATIONAL_B_SPLINE_SURFACE(((1.,0.707106781186547,1.),(1.,0.707106781186547,
1.),(1.,0.707106781186548,1.),(1.,0.707106781186548,1.),(1.,0.707106781186548,
1.),(1.,0.707106781186548,1.),(1.,0.707106781186548,1.),(1.,0.707106781186548,
1.),(1.,0.707106781186547,1.),(1.,0.707106781186548,1.),(1.,0.707106781186548,
1.),(1.,0.707106781186548,1.),(1.,0.707106781186548,1.)))
REPRESENTATION_ITEM('')
SURFACE()
);
#19=(
BOUNDED_SURFACE()
B_SPLINE_SURFACE(3,2,((#3423,#3424,#3425),(#3426,#3427,#3428),(#3429,#3430,
#3431),(#3432,#3433,#3434),(#3435,#3436,#3437),(#3438,#3439,#3440),(#3441,
#3442,#3443),(#3444,#3445,#3446),(#3447,#3448,#3449),(#3450,#3451,#3452),
(#3453,#3454,#3455),(#3456,#3457,#3458),(#3459,#3460,#3461),(#3462,#3463,
#3464),(#3465,#3466,#3467),(#3468,#3469,#3470),(#3471,#3472,#3473)),
 .UNSPECIFIED.,.F.,.F.,.F.)
B_SPLINE_SURFACE_WITH_KNOTS((4,1,1,1,1,1,1,1,1,1,1,1,1,1,4),(3,3),(0.0074890033673081,
0.00750862850142262,0.00752825363553713,0.00756750390376615,0.00764600444022421,
0.00772450497668226,0.00780300551314031,0.00796000658605641,0.00811700765897251,
0.00843100980480471,0.00874501195063692,0.00937301624230132,0.0100010205339657,
0.0112570291172945,0.0125130377006234),(0.,1.),.UNSPECIFIED.)
GEOMETRIC_REPRESENTATION_ITEM()
RATIONAL_B_SPLINE_SURFACE(((1.,0.712192908855776,1.),(1.,0.712193500311511,
1.),(1.,0.712274232000275,1.),(1.,0.712895100873471,1.),(1.,0.713202489385017,
1.),(1.,0.713626447773881,1.),(1.,0.713903165486902,1.),(1.,0.714210711417594,
1.),(1.,0.714478078435326,1.),(1.,0.714803936340584,1.),(1.,0.715088410149991,
1.),(1.,0.7154276297706,1.),(1.,0.715724642407619,1.),(1.,0.716079698400053,
1.),(1.,0.71642159862004,1.),(1.,0.716567376041975,1.),(1.,0.716613175300703,
1.)))
REPRESENTATION_ITEM('')
SURFACE()
);
#20=(
BOUNDED_SURFACE()
B_SPLINE_SURFACE(3,2,((#3677,#3678,#3679),(#3680,#3681,#3682),(#3683,#3684,
#3685),(#3686,#3687,#3688),(#3689,#3690,#3691),(#3692,#3693,#3694)),
 .UNSPECIFIED.,.F.,.F.,.F.)
B_SPLINE_SURFACE_WITH_KNOTS((4,1,1,4),(3,3),(-0.00010009902735323,0.00829153609908355,
0.0124873536623019,0.0166831712255203),(0.,1.),.UNSPECIFIED.)
GEOMETRIC_REPRESENTATION_ITEM()
RATIONAL_B_SPLINE_SURFACE(((1.,0.707106781186548,1.),(1.,0.707106781186548,
1.),(1.,0.707305376312629,1.),(1.,0.707324049981317,1.),(1.,0.7072868068214,
1.),(1.,0.707106781186541,1.)))
REPRESENTATION_ITEM('')
SURFACE()
);
#21=(
BOUNDED_SURFACE()
B_SPLINE_SURFACE(3,2,((#3696,#3697,#3698),(#3699,#3700,#3701),(#3702,#3703,
#3704),(#3705,#3706,#3707),(#3708,#3709,#3710),(#3711,#3712,#3713),(#3714,
#3715,#3716),(#3717,#3718,#3719),(#3720,#3721,#3722),(#3723,#3724,#3725),
(#3726,#3727,#3728),(#3729,#3730,#3731),(#3732,#3733,#3734)),
 .UNSPECIFIED.,.F.,.F.,.F.)
B_SPLINE_SURFACE_WITH_KNOTS((4,1,1,1,1,1,1,1,1,1,4),(3,3),(-1.73472347597681E-16,
0.0158812605900805,0.0238218908851208,0.0317625211801611,0.0397031514752015,
0.0476437817702418,0.051614096917762,0.0555844120652821,0.0595547272128023,
0.0615398847865624,0.0635250423603225),(0.,1.),.UNSPECIFIED.)
GEOMETRIC_REPRESENTATION_ITEM()
RATIONAL_B_SPLINE_SURFACE(((1.,0.707106781186548,1.),(1.,0.707106781186548,
1.),(1.,0.707106781186548,1.),(1.,0.707106781186548,1.),(1.,0.707106781186547,
1.),(1.,0.707106781186548,1.),(1.,0.707106781186548,1.),(1.,0.707106781186548,
1.),(1.,0.707106781186547,1.),(1.,0.707106781186549,1.),(1.,0.707106781186547,
1.),(1.,0.707106781186548,1.),(1.,0.707106781186548,1.)))
REPRESENTATION_ITEM('')
SURFACE()
);
#22=(
BOUNDED_SURFACE()
B_SPLINE_SURFACE(3,2,((#3736,#3737,#3738),(#3739,#3740,#3741),(#3742,#3743,
#3744),(#3745,#3746,#3747),(#3748,#3749,#3750),(#3751,#3752,#3753)),
 .UNSPECIFIED.,.F.,.F.,.F.)
B_SPLINE_SURFACE_WITH_KNOTS((4,1,1,4),(3,3),(0.0238069815024361,0.0263338384304869,
0.0288606953585376,0.0339144092146391),(0.,1.),.UNSPECIFIED.)
GEOMETRIC_REPRESENTATION_ITEM()
RATIONAL_B_SPLINE_SURFACE(((1.,0.730557892257653,1.),(1.,0.729574190453953,
1.),(1.,0.727430376531984,1.),(1.,0.722869621391,1.),(1.,0.720049313715165,
1.),(1.,0.718248826092185,1.)))
REPRESENTATION_ITEM('')
SURFACE()
);
#23=(
BOUNDED_SURFACE()
B_SPLINE_SURFACE(3,2,((#3759,#3760,#3761),(#3762,#3763,#3764),(#3765,#3766,
#3767),(#3768,#3769,#3770),(#3771,#3772,#3773),(#3774,#3775,#3776),(#3777,
#3778,#3779),(#3780,#3781,#3782),(#3783,#3784,#3785),(#3786,#3787,#3788),
(#3789,#3790,#3791)),.UNSPECIFIED.,.F.,.F.,.F.)
B_SPLINE_SURFACE_WITH_KNOTS((4,1,1,1,1,1,1,1,4),(3,3),(0.0621266268204549,
0.0681518014640343,0.0741769761076138,0.0771895634294035,0.0802021507511932,
0.0817084444120881,0.083214738072983,0.0847210317338778,0.0862273253947727),
(0.,1.),.UNSPECIFIED.)
GEOMETRIC_REPRESENTATION_ITEM()
RATIONAL_B_SPLINE_SURFACE(((1.,0.707106781186548,1.),(1.,0.707106781186548,
1.),(1.,0.707106781186547,1.),(1.,0.707106781186548,1.),(1.,0.707106781186548,
1.),(1.,0.707106781186548,1.),(1.,0.707106781186548,1.),(1.,0.707106781186548,
1.),(1.,0.707106781186548,1.),(1.,0.707106781186548,1.),(1.,0.707106781186548,
1.)))
REPRESENTATION_ITEM('')
SURFACE()
);
#24=(
BOUNDED_SURFACE()
B_SPLINE_SURFACE(3,2,((#3797,#3798,#3799),(#3800,#3801,#3802),(#3803,#3804,
#3805),(#3806,#3807,#3808),(#3809,#3810,#3811),(#3812,#3813,#3814),(#3815,
#3816,#3817),(#3818,#3819,#3820)),.UNSPECIFIED.,.F.,.F.,.F.)
B_SPLINE_SURFACE_WITH_KNOTS((4,1,1,1,1,4),(3,3),(0.0340017407600606,0.0362547304120074,
0.0385077200639541,0.0407607097159008,0.0418872045418742,0.0430136993678475),
(0.,1.),.UNSPECIFIED.)
GEOMETRIC_REPRESENTATION_ITEM()
RATIONAL_B_SPLINE_SURFACE(((1.,0.735138761457672,1.),(1.,0.733235554947261,
1.),(1.,0.728501968797457,1.),(1.,0.723314887323478,1.),(1.,0.719421440203709,
1.),(1.,0.717119804638808,1.),(1.,0.715428359490845,1.),(1.,0.715300214356645,
1.)))
REPRESENTATION_ITEM('')
SURFACE()
);
#25=(
BOUNDED_SURFACE()
B_SPLINE_SURFACE(3,2,((#3821,#3822,#3823),(#3824,#3825,#3826),(#3827,#3828,
#3829),(#3830,#3831,#3832),(#3833,#3834,#3835),(#3836,#3837,#3838)),
 .UNSPECIFIED.,.F.,.F.,.F.)
B_SPLINE_SURFACE_WITH_KNOTS((4,1,1,4),(3,3),(0.0238069815024362,0.0263338384304869,
0.0288606953585376,0.0339144092146391),(0.,1.),.UNSPECIFIED.)
GEOMETRIC_REPRESENTATION_ITEM()
RATIONAL_B_SPLINE_SURFACE(((1.,0.730557892257652,1.),(1.,0.729574190455532,
1.),(1.,0.727430376531267,1.),(1.,0.722869621391447,1.),(1.,0.720049313715071,
1.),(1.,0.718248826092185,1.)))
REPRESENTATION_ITEM('')
SURFACE()
);
#26=(
BOUNDED_SURFACE()
B_SPLINE_SURFACE(3,2,((#3844,#3845,#3846),(#3847,#3848,#3849),(#3850,#3851,
#3852),(#3853,#3854,#3855),(#3856,#3857,#3858),(#3859,#3860,#3861),(#3862,
#3863,#3864),(#3865,#3866,#3867)),.UNSPECIFIED.,.F.,.F.,.F.)
B_SPLINE_SURFACE_WITH_KNOTS((4,1,1,1,1,4),(3,3),(0.0340017407600607,0.0362547304120074,
0.0385077200639541,0.0407607097159009,0.0418872045418742,0.0430136993678476),
(0.,1.),.UNSPECIFIED.)
GEOMETRIC_REPRESENTATION_ITEM()
RATIONAL_B_SPLINE_SURFACE(((1.,0.735138761457672,1.),(1.,0.733235554945207,
1.),(1.,0.728501968798416,1.),(1.,0.723314887323196,1.),(1.,0.719421440203806,
1.),(1.,0.717119804638685,1.),(1.,0.715428359491112,1.),(1.,0.715300214356644,
1.)))
REPRESENTATION_ITEM('')
SURFACE()
);
#27=(
BOUNDED_SURFACE()
B_SPLINE_SURFACE(3,2,((#3873,#3874,#3875),(#3876,#3877,#3878),(#3879,#3880,
#3881),(#3882,#3883,#3884),(#3885,#3886,#3887),(#3888,#3889,#3890),(#3891,
#3892,#3893),(#3894,#3895,#3896),(#3897,#3898,#3899),(#3900,#3901,#3902),
(#3903,#3904,#3905)),.UNSPECIFIED.,.F.,.F.,.F.)
B_SPLINE_SURFACE_WITH_KNOTS((4,1,1,1,1,1,1,1,4),(3,3),(0.0258546678521646,
0.0273744194393801,0.0288941710265955,0.030413922613811,0.0319336742010264,
0.0349731773754573,0.0380126805498882,0.04409168689875,0.0501706932476118),
(0.,1.),.UNSPECIFIED.)
GEOMETRIC_REPRESENTATION_ITEM()
RATIONAL_B_SPLINE_SURFACE(((1.,0.707106781186548,1.),(1.,0.707106781186548,
1.),(1.,0.707106781186547,1.),(1.,0.707106781186547,1.),(1.,0.707106781186548,
1.),(1.,0.707106781186547,1.),(1.,0.707106781186548,1.),(1.,0.707106781186547,
1.),(1.,0.707106781186548,1.),(1.,0.707106781186547,1.),(1.,0.707106781186547,
1.)))
REPRESENTATION_ITEM('')
SURFACE()
);
#28=(
BOUNDED_SURFACE()
B_SPLINE_SURFACE(3,2,((#3957,#3958,#3959),(#3960,#3961,#3962),(#3963,#3964,
#3965),(#3966,#3967,#3968),(#3969,#3970,#3971),(#3972,#3973,#3974),(#3975,
#3976,#3977),(#3978,#3979,#3980)),.UNSPECIFIED.,.F.,.F.,.F.)
B_SPLINE_SURFACE_WITH_KNOTS((4,1,1,1,1,4),(3,3),(0.0411956195547422,0.0523644113226353,
0.0635332030905284,0.0747019948584215,0.080286390742368,0.0858707866263146),
(0.,1.),.UNSPECIFIED.)
GEOMETRIC_REPRESENTATION_ITEM()
RATIONAL_B_SPLINE_SURFACE(((1.,0.722435643876232,1.),(1.,0.722317201711645,
1.),(1.,0.721396208076314,1.),(1.,0.720141561623169,1.),(1.,0.718465227008935,
1.),(1.,0.716368443463708,1.),(1.,0.714840956329277,1.),(1.,0.713770367077611,
1.)))
REPRESENTATION_ITEM('')
SURFACE()
);
#29=(
BOUNDED_SURFACE()
B_SPLINE_SURFACE(3,2,((#3989,#3990,#3991),(#3992,#3993,#3994),(#3995,#3996,
#3997),(#3998,#3999,#4000),(#4001,#4002,#4003),(#4004,#4005,#4006),(#4007,
#4008,#4009),(#4010,#4011,#4012)),.UNSPECIFIED.,.F.,.F.,.F.)
B_SPLINE_SURFACE_WITH_KNOTS((4,1,1,1,1,4),(3,3),(0.0411956421686201,0.0523636623718296,
0.0635316825750392,0.0746997027782487,0.0802837128798535,0.0858677229814583),
(0.,1.),.UNSPECIFIED.)
GEOMETRIC_REPRESENTATION_ITEM()
RATIONAL_B_SPLINE_SURFACE(((1.,0.722435643294095,1.),(1.,0.72231720927869,
1.),(1.,0.721396281346098,1.),(1.,0.72014176943743,1.),(1.,0.718465655628057,
1.),(1.,0.716369325914181,1.),(1.,0.714842272334794,1.),(1.,0.713772131252143,
1.)))
REPRESENTATION_ITEM('')
SURFACE()
);
#30=(
BOUNDED_SURFACE()
B_SPLINE_SURFACE(3,2,((#4018,#4019,#4020),(#4021,#4022,#4023),(#4024,#4025,
#4026),(#4027,#4028,#4029)),.UNSPECIFIED.,.F.,.F.,.F.)
B_SPLINE_SURFACE_WITH_KNOTS((4,4),(3,3),(-1.73472347597681E-18,0.0176969951966296),
(0.,1.),.PIECEWISE_BEZIER_KNOTS.)
GEOMETRIC_REPRESENTATION_ITEM()
RATIONAL_B_SPLINE_SURFACE(((1.,0.707106781186547,1.),(1.,0.707106781186547,
1.),(1.,0.707106781186548,1.),(1.,0.707106781186548,1.)))
REPRESENTATION_ITEM('')
SURFACE()
);
#31=(
BOUNDED_SURFACE()
B_SPLINE_SURFACE(3,2,((#4036,#4037,#4038),(#4039,#4040,#4041),(#4042,#4043,
#4044),(#4045,#4046,#4047),(#4048,#4049,#4050),(#4051,#4052,#4053),(#4054,
#4055,#4056),(#4057,#4058,#4059),(#4060,#4061,#4062),(#4063,#4064,#4065),
(#4066,#4067,#4068)),.UNSPECIFIED.,.F.,.F.,.F.)
B_SPLINE_SURFACE_WITH_KNOTS((4,1,1,1,1,1,1,1,4),(3,3),(0.0449809971041352,
0.0457023335853411,0.0464236700665469,0.0471450065477527,0.0478663430289585,
0.0493090159913702,0.0507516889537818,0.0536370348786051,0.0565223808034284),
(0.,1.),.UNSPECIFIED.)
GEOMETRIC_REPRESENTATION_ITEM()
RATIONAL_B_SPLINE_SURFACE(((1.,0.851701679148156,1.),(1.,0.851447726070107,
1.),(1.,0.850587305180335,1.),(1.,0.851318331693423,1.),(1.,0.844825001374251,
1.),(1.,0.837762323312969,1.),(1.,0.827770691784956,1.),(1.,0.811502418232943,
1.),(1.,0.791134108466792,1.),(1.,0.776128110245524,1.),(1.,0.768810500787026,
1.)))
REPRESENTATION_ITEM('')
SURFACE()
);
#32=(
BOUNDED_SURFACE()
B_SPLINE_SURFACE(3,2,((#4073,#4074,#4075),(#4076,#4077,#4078),(#4079,#4080,
#4081),(#4082,#4083,#4084)),.UNSPECIFIED.,.F.,.F.,.F.)
B_SPLINE_SURFACE_WITH_KNOTS((4,4),(3,3),(1.04083408558608E-17,0.0176969951966118),
(0.,1.),.PIECEWISE_BEZIER_KNOTS.)
GEOMETRIC_REPRESENTATION_ITEM()
RATIONAL_B_SPLINE_SURFACE(((1.,0.707106781186549,1.),(1.,0.707106781186549,
1.),(1.,0.707106781186547,1.),(1.,0.707106781186547,1.)))
REPRESENTATION_ITEM('')
SURFACE()
);
#33=(
BOUNDED_SURFACE()
B_SPLINE_SURFACE(3,2,((#4089,#4090,#4091),(#4092,#4093,#4094),(#4095,#4096,
#4097),(#4098,#4099,#4100),(#4101,#4102,#4103),(#4104,#4105,#4106),(#4107,
#4108,#4109)),.UNSPECIFIED.,.F.,.F.,.F.)
B_SPLINE_SURFACE_WITH_KNOTS((4,1,1,1,4),(3,3),(0.,0.00282499980663397,0.00564999961326795,
0.00847499941990192,0.0112999992265359),(0.,1.),.UNSPECIFIED.)
GEOMETRIC_REPRESENTATION_ITEM()
RATIONAL_B_SPLINE_SURFACE(((1.,0.984485133643684,1.),(1.,0.984485133676284,
1.),(1.,0.982834878264782,1.),(1.,0.972872880709122,1.),(1.,0.952671632342271,
1.),(1.,0.928734076840214,1.),(1.,0.914295023775393,1.)))
REPRESENTATION_ITEM('')
SURFACE()
);
#34=(
BOUNDED_SURFACE()
B_SPLINE_SURFACE(3,2,((#4111,#4112,#4113),(#4114,#4115,#4116),(#4117,#4118,
#4119),(#4120,#4121,#4122),(#4123,#4124,#4125),(#4126,#4127,#4128),(#4129,
#4130,#4131),(#4132,#4133,#4134),(#4135,#4136,#4137),(#4138,#4139,#4140),
(#4141,#4142,#4143),(#4144,#4145,#4146),(#4147,#4148,#4149)),
 .UNSPECIFIED.,.F.,.F.,.F.)
B_SPLINE_SURFACE_WITH_KNOTS((4,1,1,1,1,1,1,1,1,1,4),(3,3),(0.0448260475482251,
0.0455751031532917,0.045949630955825,0.0463241587583583,0.0466986865608917,
0.047073214363425,0.0478222699684916,0.0493203811786249,0.0508184923887582,
0.0538147148090247,0.0568109372292913),(0.,1.),.UNSPECIFIED.)
GEOMETRIC_REPRESENTATION_ITEM()
RATIONAL_B_SPLINE_SURFACE(((1.,0.85170445534562,1.),(1.,0.851440784816168,
1.),(1.,0.851122236645071,1.),(1.,0.850339263814924,1.),(1.,0.850594604207631,
1.),(1.,0.847077827390184,1.),(1.,0.843579995128056,1.),(1.,0.836625389677423,
1.),(1.,0.826488726499496,1.),(1.,0.809453934867214,1.),(1.,0.788485211279978,
1.),(1.,0.773039080596685,1.),(1.,0.765511428520941,1.)))
REPRESENTATION_ITEM('')
SURFACE()
);
#35=(
BOUNDED_SURFACE()
B_SPLINE_SURFACE(3,2,((#4154,#4155,#4156),(#4157,#4158,#4159),(#4160,#4161,
#4162),(#4163,#4164,#4165),(#4166,#4167,#4168),(#4169,#4170,#4171),(#4172,
#4173,#4174)),.UNSPECIFIED.,.F.,.F.,.F.)
B_SPLINE_SURFACE_WITH_KNOTS((4,1,1,1,4),(3,3),(-6.93889390390723E-18,0.00281965990594376,
0.00563931981188752,0.00845897971783129,0.0112786396237751),(0.,1.),
 .UNSPECIFIED.)
GEOMETRIC_REPRESENTATION_ITEM()
RATIONAL_B_SPLINE_SURFACE(((1.,0.984485133643684,1.),(1.,0.984485133671811,
1.),(1.,0.983067606999527,1.),(1.,0.974528614611246,1.),(1.,0.956866047268314,
1.),(1.,0.934637335694874,1.),(1.,0.920123770158604,1.)))
REPRESENTATION_ITEM('')
SURFACE()
);
#36=TOROIDAL_SURFACE('',#1512,0.00508,0.00254);
#37=TOROIDAL_SURFACE('',#1514,0.00508,0.00254);
#38=CYLINDRICAL_SURFACE('',#1503,0.00254);
#39=CYLINDRICAL_SURFACE('',#1506,0.00254);
#40=CYLINDRICAL_SURFACE('',#1509,0.00254);
#41=CYLINDRICAL_SURFACE('',#1523,1.6148613522466);
#42=CYLINDRICAL_SURFACE('',#1524,0.00263542736553906);
#43=CYLINDRICAL_SURFACE('',#1530,1.61486135224716);
#44=CYLINDRICAL_SURFACE('',#1532,0.00263542736553906);
#45=CYLINDRICAL_SURFACE('',#1533,0.00263542736553906);
#46=CYLINDRICAL_SURFACE('',#1534,0.009525);
#47=CYLINDRICAL_SURFACE('',#1544,0.00254);
#48=CYLINDRICAL_SURFACE('',#1548,0.00254);
#49=CYLINDRICAL_SURFACE('',#1550,0.00254);
#50=CYLINDRICAL_SURFACE('',#1560,0.00254);
#51=CIRCLE('',#1491,1.61486135224716);
#52=CIRCLE('',#1494,0.00263542736553906);
#53=CIRCLE('',#1496,0.00508);
#54=CIRCLE('',#1497,0.00508);
#55=CIRCLE('',#1499,0.00263542736553906);
#56=CIRCLE('',#1502,1.6148613522466);
#57=CIRCLE('',#1504,0.00254);
#58=CIRCLE('',#1505,0.00254);
#59=CIRCLE('',#1507,0.00254);
#60=CIRCLE('',#1508,0.00254);
#61=CIRCLE('',#1510,0.00254);
#62=CIRCLE('',#1511,0.00254);
#63=CIRCLE('',#1513,0.00508);
#64=CIRCLE('',#1515,0.00508);
#65=CIRCLE('',#1519,0.009525);
#66=CIRCLE('',#1525,0.00263542736553906);
#67=CIRCLE('',#1528,0.00263542736553906);
#68=CIRCLE('',#1535,0.009525);
#69=CIRCLE('',#1538,0.00254);
#70=CIRCLE('',#1539,0.00254);
#71=CIRCLE('',#1540,0.00254);
#72=CIRCLE('',#1541,0.00254);
#73=CIRCLE('',#1545,0.00254);
#74=CIRCLE('',#1547,0.00254);
#75=CIRCLE('',#1549,0.00254);
#76=CIRCLE('',#1551,0.00254);
#77=CIRCLE('',#1558,0.00254);
#78=CIRCLE('',#1559,0.00254);
#79=CIRCLE('',#1561,0.00254);
#80=CIRCLE('',#1563,0.00254);
#81=CIRCLE('',#1564,0.00254);
#82=PLANE('',#1490);
#83=PLANE('',#1492);
#84=PLANE('',#1493);
#85=PLANE('',#1495);
#86=PLANE('',#1498);
#87=PLANE('',#1500);
#88=PLANE('',#1501);
#89=PLANE('',#1516);
#90=PLANE('',#1517);
#91=PLANE('',#1518);
#92=PLANE('',#1520);
#93=PLANE('',#1521);
#94=PLANE('',#1522);
#95=PLANE('',#1526);
#96=PLANE('',#1527);
#97=PLANE('',#1529);
#98=PLANE('',#1531);
#99=PLANE('',#1536);
#100=PLANE('',#1537);
#101=PLANE('',#1542);
#102=PLANE('',#1543);
#103=PLANE('',#1553);
#104=PLANE('',#1554);
#105=PLANE('',#1555);
#106=PLANE('',#1556);
#107=LINE('',#1815,#171);
#108=LINE('',#1830,#172);
#109=LINE('',#1870,#173);
#110=LINE('',#1904,#174);
#111=LINE('',#1930,#175);
#112=LINE('',#1946,#176);
#113=LINE('',#1948,#177);
#114=LINE('',#1959,#178);
#115=LINE('',#1961,#179);
#116=LINE('',#1969,#180);
#117=LINE('',#1971,#181);
#118=LINE('',#1981,#182);
#119=LINE('',#1984,#183);
#120=LINE('',#1987,#184);
#121=LINE('',#1993,#185);
#122=LINE('',#1996,#186);
#123=LINE('',#2010,#187);
#124=LINE('',#2016,#188);
#125=LINE('',#2026,#189);
#126=LINE('',#2028,#190);
#127=LINE('',#2043,#191);
#128=LINE('',#2048,#192);
#129=LINE('',#2051,#193);
#130=LINE('',#2056,#194);
#131=LINE('',#2059,#195);
#132=LINE('',#2077,#196);
#133=LINE('',#2078,#197);
#134=LINE('',#2080,#198);
#135=LINE('',#2097,#199);
#136=LINE('',#2103,#200);
#137=LINE('',#2109,#201);
#138=LINE('',#2111,#202);
#139=LINE('',#2113,#203);
#140=LINE('',#2128,#204);
#141=LINE('',#2173,#205);
#142=LINE('',#2209,#206);
#143=LINE('',#2215,#207);
#144=LINE('',#2240,#208);
#145=LINE('',#2241,#209);
#146=LINE('',#2304,#210);
#147=LINE('',#2341,#211);
#148=LINE('',#2342,#212);
#149=LINE('',#2361,#213);
#150=LINE('',#2376,#214);
#151=LINE('',#2385,#215);
#152=LINE('',#2408,#216);
#153=LINE('',#2510,#217);
#154=LINE('',#2523,#218);
#155=LINE('',#2534,#219);
#156=LINE('',#2536,#220);
#157=LINE('',#2594,#221);
#158=LINE('',#2613,#222);
#159=LINE('',#2658,#223);
#160=LINE('',#2723,#224);
#161=LINE('',#2738,#225);
#162=LINE('',#2794,#226);
#163=LINE('',#2815,#227);
#164=LINE('',#3907,#228);
#165=LINE('',#3910,#229);
#166=LINE('',#3911,#230);
#167=LINE('',#3913,#231);
#168=LINE('',#3924,#232);
#169=LINE('',#3926,#233);
#170=LINE('',#3948,#234);
#171=VECTOR('',#1567,1.);
#172=VECTOR('',#1568,1.);
#173=VECTOR('',#1569,1.);
#174=VECTOR('',#1570,1.);
#175=VECTOR('',#1573,1.);
#176=VECTOR('',#1576,1.);
#177=VECTOR('',#1577,1.);
#178=VECTOR('',#1578,1.);
#179=VECTOR('',#1581,1.);
#180=VECTOR('',#1586,1.);
#181=VECTOR('',#1587,1.);
#182=VECTOR('',#1590,1.);
#183=VECTOR('',#1591,1.);
#184=VECTOR('',#1594,1.);
#185=VECTOR('',#1601,1.);
#186=VECTOR('',#1602,1.);
#187=VECTOR('',#1605,1.);
#188=VECTOR('',#1608,1.);
#189=VECTOR('',#1609,1.);
#190=VECTOR('',#1610,1.);
#191=VECTOR('',#1619,1.);
#192=VECTOR('',#1624,1.);
#193=VECTOR('',#1627,1.);
#194=VECTOR('',#1632,1.);
#195=VECTOR('',#1635,1.);
#196=VECTOR('',#1646,1.);
#197=VECTOR('',#1647,1.);
#198=VECTOR('',#1650,1.);
#199=VECTOR('',#1655,1.);
#200=VECTOR('',#1656,1.);
#201=VECTOR('',#1659,1.);
#202=VECTOR('',#1660,1.);
#203=VECTOR('',#1661,1.);
#204=VECTOR('',#1662,1.);
#205=VECTOR('',#1663,1.);
#206=VECTOR('',#1666,1.);
#207=VECTOR('',#1669,1.);
#208=VECTOR('',#1670,1.);
#209=VECTOR('',#1671,1.);
#210=VECTOR('',#1672,1.);
#211=VECTOR('',#1673,1.);
#212=VECTOR('',#1674,1.);
#213=VECTOR('',#1675,1.);
#214=VECTOR('',#1678,1.);
#215=VECTOR('',#1679,1.);
#216=VECTOR('',#1680,1.);
#217=VECTOR('',#1687,1.);
#218=VECTOR('',#1692,1.);
#219=VECTOR('',#1695,1.);
#220=VECTOR('',#1698,1.);
#221=VECTOR('',#1699,1.);
#222=VECTOR('',#1700,1.);
#223=VECTOR('',#1701,1.);
#224=VECTOR('',#1702,1.);
#225=VECTOR('',#1705,1.);
#226=VECTOR('',#1710,1.);
#227=VECTOR('',#1711,1.);
#228=VECTOR('',#1730,1.);
#229=VECTOR('',#1731,1.);
#230=VECTOR('',#1732,1.);
#231=VECTOR('',#1735,1.);
#232=VECTOR('',#1756,1.);
#233=VECTOR('',#1759,1.);
#234=VECTOR('',#1764,1.);
#235=ORIENTED_EDGE('',*,*,#683,.T.);
#236=ORIENTED_EDGE('',*,*,#684,.T.);
#237=ORIENTED_EDGE('',*,*,#685,.T.);
#238=ORIENTED_EDGE('',*,*,#686,.T.);
#239=ORIENTED_EDGE('',*,*,#687,.T.);
#240=ORIENTED_EDGE('',*,*,#688,.T.);
#241=ORIENTED_EDGE('',*,*,#689,.T.);
#242=ORIENTED_EDGE('',*,*,#690,.F.);
#243=ORIENTED_EDGE('',*,*,#691,.T.);
#244=ORIENTED_EDGE('',*,*,#692,.F.);
#245=ORIENTED_EDGE('',*,*,#693,.F.);
#246=ORIENTED_EDGE('',*,*,#694,.F.);
#247=ORIENTED_EDGE('',*,*,#695,.T.);
#248=ORIENTED_EDGE('',*,*,#696,.F.);
#249=ORIENTED_EDGE('',*,*,#697,.T.);
#250=ORIENTED_EDGE('',*,*,#698,.F.);
#251=ORIENTED_EDGE('',*,*,#699,.T.);
#252=ORIENTED_EDGE('',*,*,#700,.F.);
#253=ORIENTED_EDGE('',*,*,#701,.T.);
#254=ORIENTED_EDGE('',*,*,#702,.T.);
#255=ORIENTED_EDGE('',*,*,#703,.F.);
#256=ORIENTED_EDGE('',*,*,#704,.T.);
#257=ORIENTED_EDGE('',*,*,#705,.T.);
#258=ORIENTED_EDGE('',*,*,#706,.T.);
#259=ORIENTED_EDGE('',*,*,#707,.T.);
#260=ORIENTED_EDGE('',*,*,#708,.T.);
#261=ORIENTED_EDGE('',*,*,#709,.T.);
#262=ORIENTED_EDGE('',*,*,#710,.T.);
#263=ORIENTED_EDGE('',*,*,#711,.F.);
#264=ORIENTED_EDGE('',*,*,#712,.T.);
#265=ORIENTED_EDGE('',*,*,#713,.F.);
#266=ORIENTED_EDGE('',*,*,#714,.F.);
#267=ORIENTED_EDGE('',*,*,#715,.T.);
#268=ORIENTED_EDGE('',*,*,#716,.T.);
#269=ORIENTED_EDGE('',*,*,#717,.T.);
#270=ORIENTED_EDGE('',*,*,#718,.T.);
#271=ORIENTED_EDGE('',*,*,#719,.T.);
#272=ORIENTED_EDGE('',*,*,#710,.F.);
#273=ORIENTED_EDGE('',*,*,#720,.T.);
#274=ORIENTED_EDGE('',*,*,#721,.T.);
#275=ORIENTED_EDGE('',*,*,#722,.T.);
#276=ORIENTED_EDGE('',*,*,#723,.T.);
#277=ORIENTED_EDGE('',*,*,#724,.F.);
#278=ORIENTED_EDGE('',*,*,#725,.T.);
#279=ORIENTED_EDGE('',*,*,#726,.F.);
#280=ORIENTED_EDGE('',*,*,#727,.F.);
#281=ORIENTED_EDGE('',*,*,#728,.F.);
#282=ORIENTED_EDGE('',*,*,#729,.T.);
#283=ORIENTED_EDGE('',*,*,#730,.F.);
#284=ORIENTED_EDGE('',*,*,#731,.T.);
#285=ORIENTED_EDGE('',*,*,#718,.F.);
#286=ORIENTED_EDGE('',*,*,#732,.T.);
#287=ORIENTED_EDGE('',*,*,#733,.F.);
#288=ORIENTED_EDGE('',*,*,#734,.T.);
#289=ORIENTED_EDGE('',*,*,#735,.T.);
#290=ORIENTED_EDGE('',*,*,#736,.F.);
#291=ORIENTED_EDGE('',*,*,#737,.T.);
#292=ORIENTED_EDGE('',*,*,#721,.F.);
#293=ORIENTED_EDGE('',*,*,#738,.F.);
#294=ORIENTED_EDGE('',*,*,#739,.F.);
#295=ORIENTED_EDGE('',*,*,#740,.F.);
#296=ORIENTED_EDGE('',*,*,#741,.F.);
#297=ORIENTED_EDGE('',*,*,#742,.F.);
#298=ORIENTED_EDGE('',*,*,#743,.F.);
#299=ORIENTED_EDGE('',*,*,#744,.T.);
#300=ORIENTED_EDGE('',*,*,#745,.F.);
#301=ORIENTED_EDGE('',*,*,#746,.T.);
#302=ORIENTED_EDGE('',*,*,#747,.F.);
#303=ORIENTED_EDGE('',*,*,#709,.F.);
#304=ORIENTED_EDGE('',*,*,#748,.F.);
#305=ORIENTED_EDGE('',*,*,#749,.F.);
#306=ORIENTED_EDGE('',*,*,#746,.F.);
#307=ORIENTED_EDGE('',*,*,#738,.T.);
#308=ORIENTED_EDGE('',*,*,#720,.F.);
#309=ORIENTED_EDGE('',*,*,#732,.F.);
#310=ORIENTED_EDGE('',*,*,#722,.F.);
#311=ORIENTED_EDGE('',*,*,#737,.F.);
#312=ORIENTED_EDGE('',*,*,#742,.T.);
#313=ORIENTED_EDGE('',*,*,#750,.F.);
#314=ORIENTED_EDGE('',*,*,#751,.F.);
#315=ORIENTED_EDGE('',*,*,#752,.F.);
#316=ORIENTED_EDGE('',*,*,#724,.T.);
#317=ORIENTED_EDGE('',*,*,#753,.F.);
#318=ORIENTED_EDGE('',*,*,#715,.F.);
#319=ORIENTED_EDGE('',*,*,#733,.T.);
#320=ORIENTED_EDGE('',*,*,#751,.T.);
#321=ORIENTED_EDGE('',*,*,#754,.T.);
#322=ORIENTED_EDGE('',*,*,#755,.T.);
#323=ORIENTED_EDGE('',*,*,#756,.F.);
#324=ORIENTED_EDGE('',*,*,#757,.F.);
#325=ORIENTED_EDGE('',*,*,#758,.T.);
#326=ORIENTED_EDGE('',*,*,#759,.F.);
#327=ORIENTED_EDGE('',*,*,#760,.F.);
#328=ORIENTED_EDGE('',*,*,#761,.F.);
#329=ORIENTED_EDGE('',*,*,#762,.F.);
#330=ORIENTED_EDGE('',*,*,#763,.F.);
#331=ORIENTED_EDGE('',*,*,#764,.F.);
#332=ORIENTED_EDGE('',*,*,#765,.T.);
#333=ORIENTED_EDGE('',*,*,#761,.T.);
#334=ORIENTED_EDGE('',*,*,#766,.F.);
#335=ORIENTED_EDGE('',*,*,#767,.T.);
#336=ORIENTED_EDGE('',*,*,#768,.T.);
#337=ORIENTED_EDGE('',*,*,#769,.T.);
#338=ORIENTED_EDGE('',*,*,#770,.T.);
#339=ORIENTED_EDGE('',*,*,#764,.T.);
#340=ORIENTED_EDGE('',*,*,#771,.T.);
#341=ORIENTED_EDGE('',*,*,#772,.T.);
#342=ORIENTED_EDGE('',*,*,#773,.T.);
#343=ORIENTED_EDGE('',*,*,#774,.T.);
#344=ORIENTED_EDGE('',*,*,#775,.T.);
#345=ORIENTED_EDGE('',*,*,#734,.F.);
#346=ORIENTED_EDGE('',*,*,#755,.F.);
#347=ORIENTED_EDGE('',*,*,#776,.T.);
#348=ORIENTED_EDGE('',*,*,#777,.T.);
#349=ORIENTED_EDGE('',*,*,#766,.T.);
#350=ORIENTED_EDGE('',*,*,#754,.F.);
#351=ORIENTED_EDGE('',*,*,#750,.T.);
#352=ORIENTED_EDGE('',*,*,#741,.T.);
#353=ORIENTED_EDGE('',*,*,#778,.T.);
#354=ORIENTED_EDGE('',*,*,#779,.F.);
#355=ORIENTED_EDGE('',*,*,#689,.F.);
#356=ORIENTED_EDGE('',*,*,#780,.F.);
#357=ORIENTED_EDGE('',*,*,#781,.T.);
#358=ORIENTED_EDGE('',*,*,#782,.T.);
#359=ORIENTED_EDGE('',*,*,#700,.T.);
#360=ORIENTED_EDGE('',*,*,#783,.T.);
#361=ORIENTED_EDGE('',*,*,#784,.T.);
#362=ORIENTED_EDGE('',*,*,#747,.T.);
#363=ORIENTED_EDGE('',*,*,#749,.T.);
#364=ORIENTED_EDGE('',*,*,#785,.T.);
#365=ORIENTED_EDGE('',*,*,#786,.F.);
#366=ORIENTED_EDGE('',*,*,#787,.T.);
#367=ORIENTED_EDGE('',*,*,#788,.T.);
#368=ORIENTED_EDGE('',*,*,#789,.T.);
#369=ORIENTED_EDGE('',*,*,#780,.T.);
#370=ORIENTED_EDGE('',*,*,#790,.T.);
#371=ORIENTED_EDGE('',*,*,#707,.F.);
#372=ORIENTED_EDGE('',*,*,#791,.T.);
#373=ORIENTED_EDGE('',*,*,#792,.T.);
#374=ORIENTED_EDGE('',*,*,#793,.T.);
#375=ORIENTED_EDGE('',*,*,#794,.F.);
#376=ORIENTED_EDGE('',*,*,#795,.T.);
#377=ORIENTED_EDGE('',*,*,#796,.F.);
#378=ORIENTED_EDGE('',*,*,#797,.T.);
#379=ORIENTED_EDGE('',*,*,#798,.F.);
#380=ORIENTED_EDGE('',*,*,#716,.F.);
#381=ORIENTED_EDGE('',*,*,#753,.T.);
#382=ORIENTED_EDGE('',*,*,#727,.T.);
#383=ORIENTED_EDGE('',*,*,#799,.F.);
#384=ORIENTED_EDGE('',*,*,#800,.T.);
#385=ORIENTED_EDGE('',*,*,#801,.T.);
#386=ORIENTED_EDGE('',*,*,#802,.F.);
#387=ORIENTED_EDGE('',*,*,#803,.T.);
#388=ORIENTED_EDGE('',*,*,#804,.T.);
#389=ORIENTED_EDGE('',*,*,#736,.T.);
#390=ORIENTED_EDGE('',*,*,#805,.T.);
#391=ORIENTED_EDGE('',*,*,#806,.T.);
#392=ORIENTED_EDGE('',*,*,#807,.F.);
#393=ORIENTED_EDGE('',*,*,#690,.T.);
#394=ORIENTED_EDGE('',*,*,#779,.T.);
#395=ORIENTED_EDGE('',*,*,#808,.T.);
#396=ORIENTED_EDGE('',*,*,#809,.T.);
#397=ORIENTED_EDGE('',*,*,#810,.T.);
#398=ORIENTED_EDGE('',*,*,#783,.F.);
#399=ORIENTED_EDGE('',*,*,#699,.F.);
#400=ORIENTED_EDGE('',*,*,#726,.T.);
#401=ORIENTED_EDGE('',*,*,#728,.T.);
#402=ORIENTED_EDGE('',*,*,#730,.T.);
#403=ORIENTED_EDGE('',*,*,#806,.F.);
#404=ORIENTED_EDGE('',*,*,#811,.T.);
#405=ORIENTED_EDGE('',*,*,#812,.T.);
#406=ORIENTED_EDGE('',*,*,#813,.T.);
#407=ORIENTED_EDGE('',*,*,#814,.T.);
#408=ORIENTED_EDGE('',*,*,#799,.T.);
#409=ORIENTED_EDGE('',*,*,#759,.T.);
#410=ORIENTED_EDGE('',*,*,#815,.T.);
#411=ORIENTED_EDGE('',*,*,#803,.F.);
#412=ORIENTED_EDGE('',*,*,#816,.F.);
#413=ORIENTED_EDGE('',*,*,#817,.F.);
#414=ORIENTED_EDGE('',*,*,#818,.T.);
#415=ORIENTED_EDGE('',*,*,#723,.F.);
#416=ORIENTED_EDGE('',*,*,#801,.F.);
#417=ORIENTED_EDGE('',*,*,#819,.T.);
#418=ORIENTED_EDGE('',*,*,#817,.T.);
#419=ORIENTED_EDGE('',*,*,#820,.T.);
#420=ORIENTED_EDGE('',*,*,#772,.F.);
#421=ORIENTED_EDGE('',*,*,#821,.T.);
#422=ORIENTED_EDGE('',*,*,#794,.T.);
#423=ORIENTED_EDGE('',*,*,#822,.T.);
#424=ORIENTED_EDGE('',*,*,#823,.F.);
#425=ORIENTED_EDGE('',*,*,#824,.T.);
#426=ORIENTED_EDGE('',*,*,#796,.T.);
#427=ORIENTED_EDGE('',*,*,#825,.F.);
#428=ORIENTED_EDGE('',*,*,#696,.T.);
#429=ORIENTED_EDGE('',*,*,#826,.T.);
#430=ORIENTED_EDGE('',*,*,#827,.T.);
#431=ORIENTED_EDGE('',*,*,#684,.F.);
#432=ORIENTED_EDGE('',*,*,#828,.F.);
#433=ORIENTED_EDGE('',*,*,#829,.T.);
#434=ORIENTED_EDGE('',*,*,#830,.T.);
#435=ORIENTED_EDGE('',*,*,#705,.F.);
#436=ORIENTED_EDGE('',*,*,#831,.T.);
#437=ORIENTED_EDGE('',*,*,#832,.T.);
#438=ORIENTED_EDGE('',*,*,#833,.T.);
#439=ORIENTED_EDGE('',*,*,#834,.T.);
#440=ORIENTED_EDGE('',*,*,#829,.F.);
#441=ORIENTED_EDGE('',*,*,#704,.F.);
#442=ORIENTED_EDGE('',*,*,#712,.F.);
#443=ORIENTED_EDGE('',*,*,#717,.F.);
#444=ORIENTED_EDGE('',*,*,#798,.T.);
#445=ORIENTED_EDGE('',*,*,#835,.T.);
#446=ORIENTED_EDGE('',*,*,#836,.T.);
#447=ORIENTED_EDGE('',*,*,#837,.F.);
#448=ORIENTED_EDGE('',*,*,#838,.T.);
#449=ORIENTED_EDGE('',*,*,#839,.T.);
#450=ORIENTED_EDGE('',*,*,#840,.T.);
#451=ORIENTED_EDGE('',*,*,#841,.T.);
#452=ORIENTED_EDGE('',*,*,#842,.T.);
#453=ORIENTED_EDGE('',*,*,#843,.T.);
#454=ORIENTED_EDGE('',*,*,#844,.T.);
#455=ORIENTED_EDGE('',*,*,#845,.T.);
#456=ORIENTED_EDGE('',*,*,#846,.T.);
#457=ORIENTED_EDGE('',*,*,#837,.T.);
#458=ORIENTED_EDGE('',*,*,#847,.T.);
#459=ORIENTED_EDGE('',*,*,#848,.T.);
#460=ORIENTED_EDGE('',*,*,#849,.T.);
#461=ORIENTED_EDGE('',*,*,#850,.T.);
#462=ORIENTED_EDGE('',*,*,#851,.T.);
#463=ORIENTED_EDGE('',*,*,#852,.T.);
#464=ORIENTED_EDGE('',*,*,#853,.T.);
#465=ORIENTED_EDGE('',*,*,#854,.T.);
#466=ORIENTED_EDGE('',*,*,#855,.T.);
#467=ORIENTED_EDGE('',*,*,#856,.T.);
#468=ORIENTED_EDGE('',*,*,#694,.T.);
#469=ORIENTED_EDGE('',*,*,#857,.T.);
#470=ORIENTED_EDGE('',*,*,#841,.F.);
#471=ORIENTED_EDGE('',*,*,#858,.T.);
#472=ORIENTED_EDGE('',*,*,#686,.F.);
#473=ORIENTED_EDGE('',*,*,#859,.T.);
#474=ORIENTED_EDGE('',*,*,#713,.T.);
#475=ORIENTED_EDGE('',*,*,#823,.T.);
#476=ORIENTED_EDGE('',*,*,#860,.T.);
#477=ORIENTED_EDGE('',*,*,#693,.T.);
#478=ORIENTED_EDGE('',*,*,#683,.F.);
#479=ORIENTED_EDGE('',*,*,#861,.T.);
#480=ORIENTED_EDGE('',*,*,#862,.T.);
#481=ORIENTED_EDGE('',*,*,#863,.T.);
#482=ORIENTED_EDGE('',*,*,#762,.T.);
#483=ORIENTED_EDGE('',*,*,#765,.F.);
#484=ORIENTED_EDGE('',*,*,#770,.F.);
#485=ORIENTED_EDGE('',*,*,#863,.F.);
#486=ORIENTED_EDGE('',*,*,#864,.T.);
#487=ORIENTED_EDGE('',*,*,#865,.T.);
#488=ORIENTED_EDGE('',*,*,#786,.T.);
#489=ORIENTED_EDGE('',*,*,#866,.T.);
#490=ORIENTED_EDGE('',*,*,#757,.T.);
#491=ORIENTED_EDGE('',*,*,#867,.F.);
#492=ORIENTED_EDGE('',*,*,#756,.T.);
#493=ORIENTED_EDGE('',*,*,#867,.T.);
#494=ORIENTED_EDGE('',*,*,#748,.T.);
#495=ORIENTED_EDGE('',*,*,#708,.F.);
#496=ORIENTED_EDGE('',*,*,#790,.F.);
#497=ORIENTED_EDGE('',*,*,#785,.F.);
#498=ORIENTED_EDGE('',*,*,#763,.T.);
#499=ORIENTED_EDGE('',*,*,#760,.T.);
#500=ORIENTED_EDGE('',*,*,#816,.T.);
#501=ORIENTED_EDGE('',*,*,#802,.T.);
#502=ORIENTED_EDGE('',*,*,#821,.F.);
#503=ORIENTED_EDGE('',*,*,#771,.F.);
#504=ORIENTED_EDGE('',*,*,#825,.T.);
#505=ORIENTED_EDGE('',*,*,#804,.F.);
#506=ORIENTED_EDGE('',*,*,#815,.F.);
#507=ORIENTED_EDGE('',*,*,#758,.F.);
#508=ORIENTED_EDGE('',*,*,#866,.F.);
#509=ORIENTED_EDGE('',*,*,#795,.F.);
#510=ORIENTED_EDGE('',*,*,#868,.F.);
#511=ORIENTED_EDGE('',*,*,#842,.F.);
#512=ORIENTED_EDGE('',*,*,#857,.F.);
#513=ORIENTED_EDGE('',*,*,#702,.F.);
#514=ORIENTED_EDGE('',*,*,#869,.F.);
#515=ORIENTED_EDGE('',*,*,#868,.T.);
#516=ORIENTED_EDGE('',*,*,#870,.F.);
#517=ORIENTED_EDGE('',*,*,#835,.F.);
#518=ORIENTED_EDGE('',*,*,#869,.T.);
#519=ORIENTED_EDGE('',*,*,#871,.F.);
#520=ORIENTED_EDGE('',*,*,#836,.F.);
#521=ORIENTED_EDGE('',*,*,#870,.T.);
#522=ORIENTED_EDGE('',*,*,#701,.F.);
#523=ORIENTED_EDGE('',*,*,#872,.F.);
#524=ORIENTED_EDGE('',*,*,#847,.F.);
#525=ORIENTED_EDGE('',*,*,#871,.T.);
#526=ORIENTED_EDGE('',*,*,#782,.F.);
#527=ORIENTED_EDGE('',*,*,#873,.T.);
#528=ORIENTED_EDGE('',*,*,#843,.F.);
#529=ORIENTED_EDGE('',*,*,#872,.T.);
#530=ORIENTED_EDGE('',*,*,#858,.F.);
#531=ORIENTED_EDGE('',*,*,#840,.F.);
#532=ORIENTED_EDGE('',*,*,#874,.F.);
#533=ORIENTED_EDGE('',*,*,#687,.F.);
#534=ORIENTED_EDGE('',*,*,#875,.F.);
#535=ORIENTED_EDGE('',*,*,#839,.F.);
#536=ORIENTED_EDGE('',*,*,#838,.F.);
#537=ORIENTED_EDGE('',*,*,#876,.F.);
#538=ORIENTED_EDGE('',*,*,#874,.T.);
#539=ORIENTED_EDGE('',*,*,#875,.T.);
#540=ORIENTED_EDGE('',*,*,#877,.F.);
#541=ORIENTED_EDGE('',*,*,#876,.T.);
#542=ORIENTED_EDGE('',*,*,#846,.F.);
#543=ORIENTED_EDGE('',*,*,#878,.F.);
#544=ORIENTED_EDGE('',*,*,#688,.F.);
#545=ORIENTED_EDGE('',*,*,#877,.T.);
#546=ORIENTED_EDGE('',*,*,#845,.F.);
#547=ORIENTED_EDGE('',*,*,#879,.T.);
#548=ORIENTED_EDGE('',*,*,#776,.F.);
#549=ORIENTED_EDGE('',*,*,#878,.T.);
#550=ORIENTED_EDGE('',*,*,#830,.F.);
#551=ORIENTED_EDGE('',*,*,#834,.F.);
#552=ORIENTED_EDGE('',*,*,#880,.F.);
#553=ORIENTED_EDGE('',*,*,#791,.F.);
#554=ORIENTED_EDGE('',*,*,#706,.F.);
#555=ORIENTED_EDGE('',*,*,#822,.F.);
#556=ORIENTED_EDGE('',*,*,#793,.F.);
#557=ORIENTED_EDGE('',*,*,#881,.F.);
#558=ORIENTED_EDGE('',*,*,#831,.F.);
#559=ORIENTED_EDGE('',*,*,#797,.F.);
#560=ORIENTED_EDGE('',*,*,#824,.F.);
#561=ORIENTED_EDGE('',*,*,#860,.F.);
#562=ORIENTED_EDGE('',*,*,#833,.F.);
#563=ORIENTED_EDGE('',*,*,#832,.F.);
#564=ORIENTED_EDGE('',*,*,#881,.T.);
#565=ORIENTED_EDGE('',*,*,#792,.F.);
#566=ORIENTED_EDGE('',*,*,#880,.T.);
#567=ORIENTED_EDGE('',*,*,#735,.F.);
#568=ORIENTED_EDGE('',*,*,#775,.F.);
#569=ORIENTED_EDGE('',*,*,#882,.F.);
#570=ORIENTED_EDGE('',*,*,#811,.F.);
#571=ORIENTED_EDGE('',*,*,#805,.F.);
#572=ORIENTED_EDGE('',*,*,#882,.T.);
#573=ORIENTED_EDGE('',*,*,#774,.F.);
#574=ORIENTED_EDGE('',*,*,#883,.F.);
#575=ORIENTED_EDGE('',*,*,#813,.F.);
#576=ORIENTED_EDGE('',*,*,#812,.F.);
#577=ORIENTED_EDGE('',*,*,#818,.F.);
#578=ORIENTED_EDGE('',*,*,#819,.F.);
#579=ORIENTED_EDGE('',*,*,#800,.F.);
#580=ORIENTED_EDGE('',*,*,#814,.F.);
#581=ORIENTED_EDGE('',*,*,#883,.T.);
#582=ORIENTED_EDGE('',*,*,#773,.F.);
#583=ORIENTED_EDGE('',*,*,#820,.F.);
#584=ORIENTED_EDGE('',*,*,#884,.T.);
#585=ORIENTED_EDGE('',*,*,#885,.T.);
#586=ORIENTED_EDGE('',*,*,#809,.F.);
#587=ORIENTED_EDGE('',*,*,#886,.T.);
#588=ORIENTED_EDGE('',*,*,#743,.T.);
#589=ORIENTED_EDGE('',*,*,#739,.T.);
#590=ORIENTED_EDGE('',*,*,#745,.T.);
#591=ORIENTED_EDGE('',*,*,#887,.T.);
#592=ORIENTED_EDGE('',*,*,#808,.F.);
#593=ORIENTED_EDGE('',*,*,#778,.F.);
#594=ORIENTED_EDGE('',*,*,#888,.F.);
#595=ORIENTED_EDGE('',*,*,#886,.F.);
#596=ORIENTED_EDGE('',*,*,#888,.T.);
#597=ORIENTED_EDGE('',*,*,#740,.T.);
#598=ORIENTED_EDGE('',*,*,#889,.F.);
#599=ORIENTED_EDGE('',*,*,#889,.T.);
#600=ORIENTED_EDGE('',*,*,#887,.F.);
#601=ORIENTED_EDGE('',*,*,#890,.F.);
#602=ORIENTED_EDGE('',*,*,#884,.F.);
#603=ORIENTED_EDGE('',*,*,#810,.F.);
#604=ORIENTED_EDGE('',*,*,#885,.F.);
#605=ORIENTED_EDGE('',*,*,#891,.F.);
#606=ORIENTED_EDGE('',*,*,#784,.F.);
#607=ORIENTED_EDGE('',*,*,#891,.T.);
#608=ORIENTED_EDGE('',*,*,#890,.T.);
#609=ORIENTED_EDGE('',*,*,#744,.F.);
#610=ORIENTED_EDGE('',*,*,#725,.F.);
#611=ORIENTED_EDGE('',*,*,#752,.T.);
#612=ORIENTED_EDGE('',*,*,#714,.T.);
#613=ORIENTED_EDGE('',*,*,#892,.F.);
#614=ORIENTED_EDGE('',*,*,#729,.F.);
#615=ORIENTED_EDGE('',*,*,#892,.T.);
#616=ORIENTED_EDGE('',*,*,#711,.T.);
#617=ORIENTED_EDGE('',*,*,#893,.F.);
#618=ORIENTED_EDGE('',*,*,#731,.F.);
#619=ORIENTED_EDGE('',*,*,#893,.T.);
#620=ORIENTED_EDGE('',*,*,#703,.T.);
#621=ORIENTED_EDGE('',*,*,#719,.F.);
#622=ORIENTED_EDGE('',*,*,#894,.T.);
#623=ORIENTED_EDGE('',*,*,#895,.T.);
#624=ORIENTED_EDGE('',*,*,#855,.F.);
#625=ORIENTED_EDGE('',*,*,#807,.T.);
#626=ORIENTED_EDGE('',*,*,#698,.T.);
#627=ORIENTED_EDGE('',*,*,#896,.T.);
#628=ORIENTED_EDGE('',*,*,#691,.F.);
#629=ORIENTED_EDGE('',*,*,#692,.T.);
#630=ORIENTED_EDGE('',*,*,#896,.F.);
#631=ORIENTED_EDGE('',*,*,#697,.F.);
#632=ORIENTED_EDGE('',*,*,#828,.T.);
#633=ORIENTED_EDGE('',*,*,#685,.F.);
#634=ORIENTED_EDGE('',*,*,#827,.F.);
#635=ORIENTED_EDGE('',*,*,#897,.F.);
#636=ORIENTED_EDGE('',*,*,#894,.F.);
#637=ORIENTED_EDGE('',*,*,#859,.F.);
#638=ORIENTED_EDGE('',*,*,#826,.F.);
#639=ORIENTED_EDGE('',*,*,#695,.F.);
#640=ORIENTED_EDGE('',*,*,#856,.F.);
#641=ORIENTED_EDGE('',*,*,#895,.F.);
#642=ORIENTED_EDGE('',*,*,#897,.T.);
#643=ORIENTED_EDGE('',*,*,#898,.F.);
#644=ORIENTED_EDGE('',*,*,#899,.F.);
#645=ORIENTED_EDGE('',*,*,#873,.F.);
#646=ORIENTED_EDGE('',*,*,#899,.T.);
#647=ORIENTED_EDGE('',*,*,#852,.F.);
#648=ORIENTED_EDGE('',*,*,#900,.F.);
#649=ORIENTED_EDGE('',*,*,#844,.F.);
#650=ORIENTED_EDGE('',*,*,#781,.F.);
#651=ORIENTED_EDGE('',*,*,#789,.F.);
#652=ORIENTED_EDGE('',*,*,#901,.F.);
#653=ORIENTED_EDGE('',*,*,#853,.F.);
#654=ORIENTED_EDGE('',*,*,#898,.T.);
#655=ORIENTED_EDGE('',*,*,#879,.F.);
#656=ORIENTED_EDGE('',*,*,#900,.T.);
#657=ORIENTED_EDGE('',*,*,#902,.F.);
#658=ORIENTED_EDGE('',*,*,#787,.F.);
#659=ORIENTED_EDGE('',*,*,#865,.F.);
#660=ORIENTED_EDGE('',*,*,#903,.F.);
#661=ORIENTED_EDGE('',*,*,#854,.F.);
#662=ORIENTED_EDGE('',*,*,#901,.T.);
#663=ORIENTED_EDGE('',*,*,#788,.F.);
#664=ORIENTED_EDGE('',*,*,#902,.T.);
#665=ORIENTED_EDGE('',*,*,#851,.F.);
#666=ORIENTED_EDGE('',*,*,#904,.F.);
#667=ORIENTED_EDGE('',*,*,#767,.F.);
#668=ORIENTED_EDGE('',*,*,#777,.F.);
#669=ORIENTED_EDGE('',*,*,#903,.T.);
#670=ORIENTED_EDGE('',*,*,#864,.F.);
#671=ORIENTED_EDGE('',*,*,#905,.F.);
#672=ORIENTED_EDGE('',*,*,#848,.F.);
#673=ORIENTED_EDGE('',*,*,#904,.T.);
#674=ORIENTED_EDGE('',*,*,#850,.F.);
#675=ORIENTED_EDGE('',*,*,#906,.F.);
#676=ORIENTED_EDGE('',*,*,#861,.F.);
#677=ORIENTED_EDGE('',*,*,#769,.F.);
#678=ORIENTED_EDGE('',*,*,#768,.F.);
#679=ORIENTED_EDGE('',*,*,#905,.T.);
#680=ORIENTED_EDGE('',*,*,#862,.F.);
#681=ORIENTED_EDGE('',*,*,#906,.T.);
#682=ORIENTED_EDGE('',*,*,#849,.F.);
#683=EDGE_CURVE('',#907,#907,#1050,.T.);
#684=EDGE_CURVE('',#908,#909,#1051,.T.);
#685=EDGE_CURVE('',#909,#910,#1052,.T.);
#686=EDGE_CURVE('',#910,#911,#107,.T.);
#687=EDGE_CURVE('',#911,#912,#1053,.T.);
#688=EDGE_CURVE('',#912,#913,#1054,.T.);
#689=EDGE_CURVE('',#913,#914,#108,.T.);
#690=EDGE_CURVE('',#915,#914,#1055,.T.);
#691=EDGE_CURVE('',#915,#916,#1056,.T.);
#692=EDGE_CURVE('',#908,#916,#1057,.T.);
#693=EDGE_CURVE('',#917,#917,#1058,.T.);
#694=EDGE_CURVE('',#918,#919,#109,.T.);
#695=EDGE_CURVE('',#918,#920,#1059,.T.);
#696=EDGE_CURVE('',#921,#920,#1060,.T.);
#697=EDGE_CURVE('',#921,#922,#1061,.T.);
#698=EDGE_CURVE('',#923,#922,#1062,.T.);
#699=EDGE_CURVE('',#923,#924,#1063,.T.);
#700=EDGE_CURVE('',#925,#924,#110,.T.);
#701=EDGE_CURVE('',#925,#926,#1064,.T.);
#702=EDGE_CURVE('',#926,#919,#1065,.T.);
#703=EDGE_CURVE('',#927,#928,#111,.T.);
#704=EDGE_CURVE('',#927,#929,#1066,.F.);
#705=EDGE_CURVE('',#929,#930,#51,.F.);
#706=EDGE_CURVE('',#930,#931,#1067,.T.);
#707=EDGE_CURVE('',#931,#932,#112,.F.);
#708=EDGE_CURVE('',#932,#933,#113,.T.);
#709=EDGE_CURVE('',#933,#934,#1068,.F.);
#710=EDGE_CURVE('',#934,#928,#114,.T.);
#711=EDGE_CURVE('',#935,#927,#115,.T.);
#712=EDGE_CURVE('',#935,#927,#1069,.F.);
#713=EDGE_CURVE('',#936,#936,#52,.F.);
#714=EDGE_CURVE('',#937,#935,#116,.T.);
#715=EDGE_CURVE('',#937,#938,#117,.T.);
#716=EDGE_CURVE('',#938,#939,#1070,.F.);
#717=EDGE_CURVE('',#939,#935,#1071,.F.);
#718=EDGE_CURVE('',#940,#941,#118,.T.);
#719=EDGE_CURVE('',#941,#928,#119,.T.);
#720=EDGE_CURVE('',#934,#942,#53,.F.);
#721=EDGE_CURVE('',#942,#943,#120,.T.);
#722=EDGE_CURVE('',#943,#940,#54,.F.);
#723=EDGE_CURVE('',#944,#944,#55,.F.);
#724=EDGE_CURVE('',#945,#946,#121,.T.);
#725=EDGE_CURVE('',#945,#947,#122,.T.);
#726=EDGE_CURVE('',#948,#947,#1072,.F.);
#727=EDGE_CURVE('',#946,#948,#1073,.F.);
#728=EDGE_CURVE('',#947,#949,#1074,.F.);
#729=EDGE_CURVE('',#947,#949,#123,.T.);
#730=EDGE_CURVE('',#949,#950,#1075,.F.);
#731=EDGE_CURVE('',#949,#941,#124,.T.);
#732=EDGE_CURVE('',#940,#951,#1076,.T.);
#733=EDGE_CURVE('',#952,#951,#125,.T.);
#734=EDGE_CURVE('',#952,#953,#126,.T.);
#735=EDGE_CURVE('',#953,#954,#1077,.T.);
#736=EDGE_CURVE('',#950,#954,#56,.F.);
#737=EDGE_CURVE('',#955,#943,#57,.T.);
#738=EDGE_CURVE('',#956,#942,#58,.T.);
#739=EDGE_CURVE('',#955,#956,#127,.F.);
#740=EDGE_CURVE('',#957,#958,#59,.T.);
#741=EDGE_CURVE('',#959,#957,#128,.F.);
#742=EDGE_CURVE('',#955,#959,#60,.F.);
#743=EDGE_CURVE('',#958,#955,#129,.T.);
#744=EDGE_CURVE('',#960,#961,#61,.F.);
#745=EDGE_CURVE('',#956,#961,#130,.F.);
#746=EDGE_CURVE('',#956,#962,#62,.T.);
#747=EDGE_CURVE('',#960,#962,#131,.T.);
#748=EDGE_CURVE('',#963,#933,#63,.F.);
#749=EDGE_CURVE('',#962,#963,#1078,.F.);
#750=EDGE_CURVE('',#964,#959,#1079,.T.);
#751=EDGE_CURVE('',#951,#964,#64,.F.);
#752=EDGE_CURVE('',#945,#937,#132,.T.);
#753=EDGE_CURVE('',#938,#946,#133,.F.);
#754=EDGE_CURVE('',#964,#965,#134,.T.);
#755=EDGE_CURVE('',#965,#952,#1080,.F.);
#756=EDGE_CURVE('',#966,#966,#65,.T.);
#757=EDGE_CURVE('',#967,#968,#1081,.T.);
#758=EDGE_CURVE('',#967,#969,#1082,.T.);
#759=EDGE_CURVE('',#970,#969,#135,.T.);
#760=EDGE_CURVE('',#971,#970,#1083,.T.);
#761=EDGE_CURVE('',#972,#971,#136,.T.);
#762=EDGE_CURVE('',#968,#972,#1084,.T.);
#763=EDGE_CURVE('',#973,#971,#137,.T.);
#764=EDGE_CURVE('',#974,#973,#138,.T.);
#765=EDGE_CURVE('',#974,#972,#139,.T.);
#766=EDGE_CURVE('',#975,#965,#140,.T.);
#767=EDGE_CURVE('',#975,#976,#1085,.T.);
#768=EDGE_CURVE('',#976,#977,#1086,.T.);
#769=EDGE_CURVE('',#977,#978,#1087,.T.);
#770=EDGE_CURVE('',#978,#974,#1088,.T.);
#771=EDGE_CURVE('',#973,#979,#1089,.T.);
#772=EDGE_CURVE('',#979,#980,#141,.T.);
#773=EDGE_CURVE('',#980,#981,#1090,.T.);
#774=EDGE_CURVE('',#981,#982,#1091,.T.);
#775=EDGE_CURVE('',#982,#953,#1092,.T.);
#776=EDGE_CURVE('',#913,#983,#1093,.T.);
#777=EDGE_CURVE('',#983,#975,#1094,.T.);
#778=EDGE_CURVE('',#957,#984,#142,.T.);
#779=EDGE_CURVE('',#914,#984,#1095,.T.);
#780=EDGE_CURVE('',#985,#986,#143,.T.);
#781=EDGE_CURVE('',#985,#987,#1096,.T.);
#782=EDGE_CURVE('',#987,#925,#1097,.T.);
#783=EDGE_CURVE('',#924,#988,#1098,.T.);
#784=EDGE_CURVE('',#988,#960,#144,.F.);
#785=EDGE_CURVE('',#963,#986,#145,.T.);
#786=EDGE_CURVE('',#989,#990,#1099,.T.);
#787=EDGE_CURVE('',#989,#991,#1100,.T.);
#788=EDGE_CURVE('',#991,#992,#1101,.T.);
#789=EDGE_CURVE('',#992,#985,#1102,.T.);
#790=EDGE_CURVE('',#986,#932,#1103,.F.);
#791=EDGE_CURVE('',#931,#993,#1104,.T.);
#792=EDGE_CURVE('',#993,#994,#1105,.T.);
#793=EDGE_CURVE('',#994,#995,#1106,.T.);
#794=EDGE_CURVE('',#996,#995,#146,.T.);
#795=EDGE_CURVE('',#996,#990,#1107,.T.);
#796=EDGE_CURVE('',#997,#998,#1108,.T.);
#797=EDGE_CURVE('',#997,#999,#1109,.T.);
#798=EDGE_CURVE('',#939,#999,#147,.T.);
#799=EDGE_CURVE('',#1000,#948,#148,.T.);
#800=EDGE_CURVE('',#1000,#1001,#1110,.T.);
#801=EDGE_CURVE('',#1001,#1002,#1111,.T.);
#802=EDGE_CURVE('',#1003,#1002,#1112,.T.);
#803=EDGE_CURVE('',#1003,#1004,#149,.T.);
#804=EDGE_CURVE('',#1004,#998,#1113,.T.);
#805=EDGE_CURVE('',#954,#1005,#1114,.T.);
#806=EDGE_CURVE('',#1005,#950,#150,.T.);
#807=EDGE_CURVE('',#915,#923,#151,.T.);
#808=EDGE_CURVE('',#984,#1006,#1115,.T.);
#809=EDGE_CURVE('',#1006,#1007,#152,.T.);
#810=EDGE_CURVE('',#1007,#988,#1116,.T.);
#811=EDGE_CURVE('',#1005,#1008,#1117,.T.);
#812=EDGE_CURVE('',#1008,#1009,#1118,.T.);
#813=EDGE_CURVE('',#1009,#1010,#1119,.T.);
#814=EDGE_CURVE('',#1010,#1000,#1120,.T.);
#815=EDGE_CURVE('',#969,#1004,#1121,.T.);
#816=EDGE_CURVE('',#970,#1003,#1122,.T.);
#817=EDGE_CURVE('',#1011,#1012,#66,.T.);
#818=EDGE_CURVE('',#1011,#1012,#1123,.T.);
#819=EDGE_CURVE('',#1001,#1011,#1124,.T.);
#820=EDGE_CURVE('',#1012,#980,#1125,.T.);
#821=EDGE_CURVE('',#979,#1002,#153,.T.);
#822=EDGE_CURVE('',#995,#1013,#1126,.T.);
#823=EDGE_CURVE('',#1014,#1013,#67,.T.);
#824=EDGE_CURVE('',#1014,#997,#1127,.T.);
#825=EDGE_CURVE('',#996,#998,#154,.T.);
#826=EDGE_CURVE('',#920,#1015,#1128,.T.);
#827=EDGE_CURVE('',#1015,#909,#1129,.T.);
#828=EDGE_CURVE('',#921,#908,#155,.T.);
#829=EDGE_CURVE('',#929,#1016,#156,.T.);
#830=EDGE_CURVE('',#1016,#930,#1130,.T.);
#831=EDGE_CURVE('',#999,#1017,#1131,.T.);
#832=EDGE_CURVE('',#1017,#1018,#1132,.T.);
#833=EDGE_CURVE('',#1018,#1019,#1133,.T.);
#834=EDGE_CURVE('',#1019,#1016,#1134,.T.);
#835=EDGE_CURVE('',#1020,#1021,#1135,.T.);
#836=EDGE_CURVE('',#1021,#1022,#1136,.T.);
#837=EDGE_CURVE('',#1023,#1022,#157,.T.);
#838=EDGE_CURVE('',#1023,#1024,#1137,.T.);
#839=EDGE_CURVE('',#1024,#1025,#1138,.T.);
#840=EDGE_CURVE('',#1025,#1026,#1139,.T.);
#841=EDGE_CURVE('',#1026,#1027,#158,.T.);
#842=EDGE_CURVE('',#1027,#1020,#1140,.T.);
#843=EDGE_CURVE('',#1028,#1029,#1141,.T.);
#844=EDGE_CURVE('',#1029,#1030,#159,.F.);
#845=EDGE_CURVE('',#1030,#1031,#1142,.T.);
#846=EDGE_CURVE('',#1031,#1023,#1143,.T.);
#847=EDGE_CURVE('',#1022,#1028,#1144,.T.);
#848=EDGE_CURVE('',#1032,#1033,#1145,.T.);
#849=EDGE_CURVE('',#1033,#1034,#1146,.T.);
#850=EDGE_CURVE('',#1034,#1035,#1147,.T.);
#851=EDGE_CURVE('',#1035,#1036,#1148,.T.);
#852=EDGE_CURVE('',#1036,#1037,#160,.T.);
#853=EDGE_CURVE('',#1037,#1038,#1149,.T.);
#854=EDGE_CURVE('',#1038,#1032,#1150,.T.);
#855=EDGE_CURVE('',#1039,#1040,#161,.F.);
#856=EDGE_CURVE('',#1040,#918,#1151,.T.);
#857=EDGE_CURVE('',#919,#1027,#1152,.F.);
#858=EDGE_CURVE('',#1026,#911,#1153,.T.);
#859=EDGE_CURVE('',#910,#1039,#1154,.T.);
#860=EDGE_CURVE('',#1013,#1014,#1155,.T.);
#861=EDGE_CURVE('',#978,#1041,#1156,.T.);
#862=EDGE_CURVE('',#1041,#1042,#1157,.T.);
#863=EDGE_CURVE('',#1042,#968,#162,.T.);
#864=EDGE_CURVE('',#1042,#1043,#1158,.T.);
#865=EDGE_CURVE('',#1043,#989,#1159,.T.);
#866=EDGE_CURVE('',#990,#967,#163,.T.);
#867=EDGE_CURVE('',#1044,#1044,#68,.T.);
#868=EDGE_CURVE('',#1020,#926,#1160,.F.);
#869=EDGE_CURVE('',#1020,#1045,#1161,.F.);
#870=EDGE_CURVE('',#1045,#926,#1162,.F.);
#871=EDGE_CURVE('',#1022,#1045,#1163,.F.);
#872=EDGE_CURVE('',#1028,#925,#69,.T.);
#873=EDGE_CURVE('',#987,#1029,#70,.F.);
#874=EDGE_CURVE('',#912,#1025,#1164,.T.);
#875=EDGE_CURVE('',#1025,#1046,#1165,.F.);
#876=EDGE_CURVE('',#1046,#1023,#1166,.F.);
#877=EDGE_CURVE('',#912,#1046,#1167,.F.);
#878=EDGE_CURVE('',#913,#1031,#71,.T.);
#879=EDGE_CURVE('',#1030,#983,#72,.F.);
#880=EDGE_CURVE('',#993,#1019,#1168,.F.);
#881=EDGE_CURVE('',#1017,#994,#1169,.F.);
#882=EDGE_CURVE('',#1008,#982,#1170,.T.);
#883=EDGE_CURVE('',#1010,#981,#1171,.F.);
#884=EDGE_CURVE('',#1047,#1048,#164,.T.);
#885=EDGE_CURVE('',#1048,#1007,#165,.T.);
#886=EDGE_CURVE('',#1006,#1047,#166,.F.);
#887=EDGE_CURVE('',#961,#958,#167,.F.);
#888=EDGE_CURVE('',#1047,#957,#73,.T.);
#889=EDGE_CURVE('',#1047,#958,#74,.F.);
#890=EDGE_CURVE('',#1048,#961,#75,.T.);
#891=EDGE_CURVE('',#960,#1048,#76,.T.);
#892=EDGE_CURVE('',#947,#935,#168,.T.);
#893=EDGE_CURVE('',#949,#927,#169,.T.);
#894=EDGE_CURVE('',#1039,#1049,#1172,.T.);
#895=EDGE_CURVE('',#1049,#1040,#1173,.T.);
#896=EDGE_CURVE('',#922,#916,#170,.T.);
#897=EDGE_CURVE('',#1049,#1015,#1174,.T.);
#898=EDGE_CURVE('',#1037,#987,#77,.T.);
#899=EDGE_CURVE('',#1029,#1037,#78,.T.);
#900=EDGE_CURVE('',#1030,#1036,#79,.T.);
#901=EDGE_CURVE('',#1038,#992,#1175,.F.);
#902=EDGE_CURVE('',#983,#1036,#80,.T.);
#903=EDGE_CURVE('',#1032,#1043,#1176,.F.);
#904=EDGE_CURVE('',#976,#1035,#1177,.T.);
#905=EDGE_CURVE('',#1033,#1042,#81,.T.);
#906=EDGE_CURVE('',#1041,#1034,#1178,.T.);
#907=VERTEX_POINT('',#1801);
#908=VERTEX_POINT('',#1805);
#909=VERTEX_POINT('',#1806);
#910=VERTEX_POINT('',#1814);
#911=VERTEX_POINT('',#1816);
#912=VERTEX_POINT('',#1823);
#913=VERTEX_POINT('',#1829);
#914=VERTEX_POINT('',#1831);
#915=VERTEX_POINT('',#1838);
#916=VERTEX_POINT('',#1843);
#917=VERTEX_POINT('',#1869);
#918=VERTEX_POINT('',#1871);
#919=VERTEX_POINT('',#1872);
#920=VERTEX_POINT('',#1880);
#921=VERTEX_POINT('',#1884);
#922=VERTEX_POINT('',#1891);
#923=VERTEX_POINT('',#1896);
#924=VERTEX_POINT('',#1903);
#925=VERTEX_POINT('',#1905);
#926=VERTEX_POINT('',#1911);
#927=VERTEX_POINT('',#1931);
#928=VERTEX_POINT('',#1932);
#929=VERTEX_POINT('',#1936);
#930=VERTEX_POINT('',#1938);
#931=VERTEX_POINT('',#1945);
#932=VERTEX_POINT('',#1947);
#933=VERTEX_POINT('',#1949);
#934=VERTEX_POINT('',#1958);
#935=VERTEX_POINT('',#1962);
#936=VERTEX_POINT('',#1968);
#937=VERTEX_POINT('',#1970);
#938=VERTEX_POINT('',#1972);
#939=VERTEX_POINT('',#1976);
#940=VERTEX_POINT('',#1982);
#941=VERTEX_POINT('',#1983);
#942=VERTEX_POINT('',#1986);
#943=VERTEX_POINT('',#1988);
#944=VERTEX_POINT('',#1992);
#945=VERTEX_POINT('',#1994);
#946=VERTEX_POINT('',#1995);
#947=VERTEX_POINT('',#1997);
#948=VERTEX_POINT('',#2001);
#949=VERTEX_POINT('',#2009);
#950=VERTEX_POINT('',#2015);
#951=VERTEX_POINT('',#2025);
#952=VERTEX_POINT('',#2027);
#953=VERTEX_POINT('',#2029);
#954=VERTEX_POINT('',#2036);
#955=VERTEX_POINT('',#2040);
#956=VERTEX_POINT('',#2042);
#957=VERTEX_POINT('',#2046);
#958=VERTEX_POINT('',#2047);
#959=VERTEX_POINT('',#2049);
#960=VERTEX_POINT('',#2054);
#961=VERTEX_POINT('',#2055);
#962=VERTEX_POINT('',#2058);
#963=VERTEX_POINT('',#2062);
#964=VERTEX_POINT('',#2074);
#965=VERTEX_POINT('',#2081);
#966=VERTEX_POINT('',#2087);
#967=VERTEX_POINT('',#2091);
#968=VERTEX_POINT('',#2092);
#969=VERTEX_POINT('',#2096);
#970=VERTEX_POINT('',#2098);
#971=VERTEX_POINT('',#2102);
#972=VERTEX_POINT('',#2104);
#973=VERTEX_POINT('',#2110);
#974=VERTEX_POINT('',#2112);
#975=VERTEX_POINT('',#2129);
#976=VERTEX_POINT('',#2134);
#977=VERTEX_POINT('',#2139);
#978=VERTEX_POINT('',#2145);
#979=VERTEX_POINT('',#2172);
#980=VERTEX_POINT('',#2174);
#981=VERTEX_POINT('',#2179);
#982=VERTEX_POINT('',#2184);
#983=VERTEX_POINT('',#2204);
#984=VERTEX_POINT('',#2210);
#985=VERTEX_POINT('',#2216);
#986=VERTEX_POINT('',#2217);
#987=VERTEX_POINT('',#2222);
#988=VERTEX_POINT('',#2239);
#989=VERTEX_POINT('',#2265);
#990=VERTEX_POINT('',#2266);
#991=VERTEX_POINT('',#2275);
#992=VERTEX_POINT('',#2280);
#993=VERTEX_POINT('',#2293);
#994=VERTEX_POINT('',#2298);
#995=VERTEX_POINT('',#2303);
#996=VERTEX_POINT('',#2305);
#997=VERTEX_POINT('',#2333);
#998=VERTEX_POINT('',#2334);
#999=VERTEX_POINT('',#2340);
#1000=VERTEX_POINT('',#2343);
#1001=VERTEX_POINT('',#2349);
#1002=VERTEX_POINT('',#2353);
#1003=VERTEX_POINT('',#2360);
#1004=VERTEX_POINT('',#2362);
#1005=VERTEX_POINT('',#2375);
#1006=VERTEX_POINT('',#2407);
#1007=VERTEX_POINT('',#2409);
#1008=VERTEX_POINT('',#2447);
#1009=VERTEX_POINT('',#2452);
#1010=VERTEX_POINT('',#2457);
#1011=VERTEX_POINT('',#2488);
#1012=VERTEX_POINT('',#2489);
#1013=VERTEX_POINT('',#2516);
#1014=VERTEX_POINT('',#2518);
#1015=VERTEX_POINT('',#2529);
#1016=VERTEX_POINT('',#2537);
#1017=VERTEX_POINT('',#2560);
#1018=VERTEX_POINT('',#2565);
#1019=VERTEX_POINT('',#2570);
#1020=VERTEX_POINT('',#2587);
#1021=VERTEX_POINT('',#2588);
#1022=VERTEX_POINT('',#2593);
#1023=VERTEX_POINT('',#2595);
#1024=VERTEX_POINT('',#2600);
#1025=VERTEX_POINT('',#2605);
#1026=VERTEX_POINT('',#2612);
#1027=VERTEX_POINT('',#2614);
#1028=VERTEX_POINT('',#2656);
#1029=VERTEX_POINT('',#2657);
#1030=VERTEX_POINT('',#2659);
#1031=VERTEX_POINT('',#2675);
#1032=VERTEX_POINT('',#2701);
#1033=VERTEX_POINT('',#2702);
#1034=VERTEX_POINT('',#2709);
#1035=VERTEX_POINT('',#2717);
#1036=VERTEX_POINT('',#2722);
#1037=VERTEX_POINT('',#2724);
#1038=VERTEX_POINT('',#2729);
#1039=VERTEX_POINT('',#2739);
#1040=VERTEX_POINT('',#2740);
#1041=VERTEX_POINT('',#2785);
#1042=VERTEX_POINT('',#2793);
#1043=VERTEX_POINT('',#2810);
#1044=VERTEX_POINT('',#2818);
#1045=VERTEX_POINT('',#3330);
#1046=VERTEX_POINT('',#3507);
#1047=VERTEX_POINT('',#3908);
#1048=VERTEX_POINT('',#3909);
#1049=VERTEX_POINT('',#3941);
#1050=B_SPLINE_CURVE_WITH_KNOTS('',3,(#1790,#1791,#1792,#1793,#1794,#1795,
#1796,#1797,#1798,#1799,#1800),.UNSPECIFIED.,.T.,.F.,(1,1,1,1,1,1,1,1,1,
1,1,1,1,1,1),(-0.00619309587314567,-0.00412873058209711,-0.00206436529104856,
4.77048955893622E-18,0.00206436529104856,0.00412873058209712,0.00619309587314568,
0.00825746116419424,0.0103218264552428,0.0123861917462914,0.0144505570373399,
0.0165149223283885,0.018579287619437,0.0206436529104856,0.0227080182015342),
 .UNSPECIFIED.);
#1051=B_SPLINE_CURVE_WITH_KNOTS('',2,(#1802,#1803,#1804),.UNSPECIFIED.,
 .F.,.F.,(3,3),(0.,1.),.PIECEWISE_BEZIER_KNOTS.);
#1052=B_SPLINE_CURVE_WITH_KNOTS('',3,(#1807,#1808,#1809,#1810,#1811,#1812,
#1813),.UNSPECIFIED.,.F.,.F.,(4,1,1,1,4),(2.01547170899564E-15,0.0105394327424653,
0.0210788654849287,0.031618298227392,0.0421577309698553),.UNSPECIFIED.);
#1053=B_SPLINE_CURVE_WITH_KNOTS('',3,(#1817,#1818,#1819,#1820,#1821,#1822),
 .UNSPECIFIED.,.F.,.F.,(4,1,1,4),(0.019736767932575,0.0221906489241349,
0.0234175894199148,0.0246445299156948),.UNSPECIFIED.);
#1054=B_SPLINE_CURVE_WITH_KNOTS('',3,(#1824,#1825,#1826,#1827,#1828),
 .UNSPECIFIED.,.F.,.F.,(4,1,4),(0.000170402033499245,0.00852491493512095,
0.0168794278367427),.UNSPECIFIED.);
#1055=B_SPLINE_CURVE_WITH_KNOTS('',3,(#1832,#1833,#1834,#1835,#1836,#1837),
 .UNSPECIFIED.,.F.,.F.,(4,1,1,4),(0.000663573823417404,0.0110931176283882,
0.0163078895308736,0.021522661433359),.UNSPECIFIED.);
#1056=B_SPLINE_CURVE_WITH_KNOTS('',3,(#1839,#1840,#1841,#1842),
 .UNSPECIFIED.,.F.,.F.,(4,4),(0.0162523059360059,0.0166245628015238),
 .UNSPECIFIED.);
#1057=B_SPLINE_CURVE_WITH_KNOTS('',3,(#1844,#1845,#1846,#1847,#1848,#1849),
 .UNSPECIFIED.,.F.,.F.,(4,1,1,4),(7.41743968510979E-19,0.00883607270629554,
0.0132541090594433,0.0176721454125911),.UNSPECIFIED.);
#1058=B_SPLINE_CURVE_WITH_KNOTS('',3,(#1858,#1859,#1860,#1861,#1862,#1863,
#1864,#1865,#1866,#1867,#1868),.UNSPECIFIED.,.T.,.F.,(1,1,1,1,1,1,1,1,1,
1,1,1,1,1,1),(-0.00619309587314567,-0.00412873058209711,-0.00206436529104855,
9.97465998686664E-18,0.00206436529104857,0.00412873058209713,0.00619309587314569,
0.00825746116419425,0.0103218264552428,0.0123861917462914,0.0144505570373399,
0.0165149223283885,0.018579287619437,0.0206436529104856,0.0227080182015342),
 .UNSPECIFIED.);
#1059=B_SPLINE_CURVE_WITH_KNOTS('',3,(#1873,#1874,#1875,#1876,#1877,#1878,
#1879),.UNSPECIFIED.,.F.,.F.,(4,1,1,1,4),(0.,0.0105265938951228,0.0210531877902457,
0.0315797816853685,0.0421063755804914),.UNSPECIFIED.);
#1060=B_SPLINE_CURVE_WITH_KNOTS('',2,(#1881,#1882,#1883),.UNSPECIFIED.,
 .F.,.F.,(3,3),(0.,1.),.PIECEWISE_BEZIER_KNOTS.);
#1061=B_SPLINE_CURVE_WITH_KNOTS('',3,(#1885,#1886,#1887,#1888,#1889,#1890),
 .UNSPECIFIED.,.F.,.F.,(4,1,1,4),(6.35672917397752E-19,0.00883607270629554,
0.0132541090594433,0.0176721454125911),.UNSPECIFIED.);
#1062=B_SPLINE_CURVE_WITH_KNOTS('',3,(#1892,#1893,#1894,#1895),
 .UNSPECIFIED.,.F.,.F.,(4,4),(0.0162523059360201,0.0166245628015238),
 .UNSPECIFIED.);
#1063=B_SPLINE_CURVE_WITH_KNOTS('',3,(#1897,#1898,#1899,#1900,#1901,#1902),
 .UNSPECIFIED.,.F.,.F.,(4,1,1,4),(0.000663573823404723,0.0110931176283818,
0.0163078895308704,0.021522661433359),.UNSPECIFIED.);
#1064=B_SPLINE_CURVE_WITH_KNOTS('',3,(#1906,#1907,#1908,#1909,#1910),
 .UNSPECIFIED.,.F.,.F.,(4,1,4),(-6.0000000041263E-8,0.00835445915896653,
0.0167089783179331),.UNSPECIFIED.);
#1065=B_SPLINE_CURVE_WITH_KNOTS('',3,(#1912,#1913,#1914,#1915,#1916,#1917,
#1918,#1919,#1920,#1921,#1922,#1923,#1924,#1925,#1926,#1927,#1928),
 .UNSPECIFIED.,.F.,.F.,(4,1,1,1,1,1,1,1,1,1,1,1,1,1,4),(4.69858177065405E-6,
0.06250440492041,0.125004111259049,0.156253964428369,0.187503817597689,
0.250003523936328,0.312503230274967,0.375002936613607,0.500002349290885,
0.625001761968164,0.687501468306803,0.750001174645443,0.812500880984082,
0.875000587322721,1.),.UNSPECIFIED.);
#1066=B_SPLINE_CURVE_WITH_KNOTS('',2,(#1933,#1934,#1935),.UNSPECIFIED.,
 .F.,.F.,(3,3),(0.,1.),.PIECEWISE_BEZIER_KNOTS.);
#1067=B_SPLINE_CURVE_WITH_KNOTS('',3,(#1939,#1940,#1941,#1942,#1943,#1944),
 .UNSPECIFIED.,.F.,.F.,(4,1,1,4),(0.,0.00227766869904875,0.00341650304857312,
0.00455533739809749),.UNSPECIFIED.);
#1068=B_SPLINE_CURVE_WITH_KNOTS('',3,(#1950,#1951,#1952,#1953,#1954,#1955,
#1956,#1957),.UNSPECIFIED.,.F.,.F.,(4,1,1,1,1,4),(0.00224766766625139,0.004106636158291,
0.00596560465033062,0.00689508889635043,0.00782457314237024,0.00968354163440986),
 .UNSPECIFIED.);
#1069=B_SPLINE_CURVE_WITH_KNOTS('',2,(#1963,#1964,#1965),.UNSPECIFIED.,
 .F.,.F.,(3,3),(0.,1.),.PIECEWISE_BEZIER_KNOTS.);
#1070=B_SPLINE_CURVE_WITH_KNOTS('',2,(#1973,#1974,#1975),.UNSPECIFIED.,
 .F.,.F.,(3,3),(0.,1.),.PIECEWISE_BEZIER_KNOTS.);
#1071=B_SPLINE_CURVE_WITH_KNOTS('',2,(#1977,#1978,#1979),.UNSPECIFIED.,
 .F.,.F.,(3,3),(0.,1.),.PIECEWISE_BEZIER_KNOTS.);
#1072=B_SPLINE_CURVE_WITH_KNOTS('',2,(#1998,#1999,#2000),.UNSPECIFIED.,
 .F.,.F.,(3,3),(0.,1.),.PIECEWISE_BEZIER_KNOTS.);
#1073=B_SPLINE_CURVE_WITH_KNOTS('',2,(#2002,#2003,#2004),.UNSPECIFIED.,
 .F.,.F.,(3,3),(0.,1.),.PIECEWISE_BEZIER_KNOTS.);
#1074=B_SPLINE_CURVE_WITH_KNOTS('',2,(#2006,#2007,#2008),.UNSPECIFIED.,
 .F.,.F.,(3,3),(0.,1.),.PIECEWISE_BEZIER_KNOTS.);
#1075=B_SPLINE_CURVE_WITH_KNOTS('',2,(#2012,#2013,#2014),.UNSPECIFIED.,
 .F.,.F.,(3,3),(0.,1.),.PIECEWISE_BEZIER_KNOTS.);
#1076=B_SPLINE_CURVE_WITH_KNOTS('',3,(#2017,#2018,#2019,#2020,#2021,#2022,
#2023,#2024),.UNSPECIFIED.,.F.,.F.,(4,1,1,1,1,4),(0.00224766766625139,0.004106636158291,
0.00596560465033062,0.00689508889635043,0.00782457314237024,0.00968354163440986),
 .UNSPECIFIED.);
#1077=B_SPLINE_CURVE_WITH_KNOTS('',3,(#2030,#2031,#2032,#2033,#2034,#2035),
 .UNSPECIFIED.,.F.,.F.,(4,1,1,4),(1.73472347597681E-18,0.00114548156819723,
0.00229096313639446,0.00458192627278891),.UNSPECIFIED.);
#1078=B_SPLINE_CURVE_WITH_KNOTS('',3,(#2063,#2064,#2065,#2066,#2067),
 .UNSPECIFIED.,.F.,.F.,(4,1,4),(0.,0.00260030078800378,0.00520060157600756),
 .UNSPECIFIED.);
#1079=B_SPLINE_CURVE_WITH_KNOTS('',3,(#2069,#2070,#2071,#2072,#2073),
 .UNSPECIFIED.,.F.,.F.,(4,1,4),(0.,0.00260030078800378,0.00520060157600756),
 .UNSPECIFIED.);
#1080=B_SPLINE_CURVE_WITH_KNOTS('',2,(#2082,#2083,#2084),.UNSPECIFIED.,
 .F.,.F.,(3,3),(0.,1.),.PIECEWISE_BEZIER_KNOTS.);
#1081=B_SPLINE_CURVE_WITH_KNOTS('',2,(#2088,#2089,#2090),.UNSPECIFIED.,
 .F.,.F.,(3,3),(0.,1.),.PIECEWISE_BEZIER_KNOTS.);
#1082=B_SPLINE_CURVE_WITH_KNOTS('',2,(#2093,#2094,#2095),.UNSPECIFIED.,
 .F.,.F.,(3,3),(0.,1.),.PIECEWISE_BEZIER_KNOTS.);
#1083=B_SPLINE_CURVE_WITH_KNOTS('',2,(#2099,#2100,#2101),.UNSPECIFIED.,
 .F.,.F.,(3,3),(0.,1.),.PIECEWISE_BEZIER_KNOTS.);
#1084=B_SPLINE_CURVE_WITH_KNOTS('',2,(#2105,#2106,#2107),.UNSPECIFIED.,
 .F.,.F.,(3,3),(0.,1.),.PIECEWISE_BEZIER_KNOTS.);
#1085=B_SPLINE_CURVE_WITH_KNOTS('',3,(#2130,#2131,#2132,#2133),
 .UNSPECIFIED.,.F.,.F.,(4,4),(0.,0.00130811783390605),.UNSPECIFIED.);
#1086=B_SPLINE_CURVE_WITH_KNOTS('',3,(#2135,#2136,#2137,#2138),
 .UNSPECIFIED.,.F.,.F.,(4,4),(0.,0.000356249263197384),.UNSPECIFIED.);
#1087=B_SPLINE_CURVE_WITH_KNOTS('',3,(#2140,#2141,#2142,#2143,#2144),
 .UNSPECIFIED.,.F.,.F.,(4,1,4),(-6.00000000015698E-8,0.00585025282572958,
0.0117005656514592),.UNSPECIFIED.);
#1088=B_SPLINE_CURVE_WITH_KNOTS('',3,(#2146,#2147,#2148,#2149,#2150,#2151,
#2152,#2153,#2154),.UNSPECIFIED.,.F.,.F.,(4,1,1,1,1,1,4),(0.00795047394393008,
0.0113621890652362,0.0147739041865422,0.0164797617471953,0.0181856193078483,
0.0198914768685013,0.0215973344291544),.UNSPECIFIED.);
#1089=B_SPLINE_CURVE_WITH_KNOTS('',3,(#2155,#2156,#2157,#2158,#2159,#2160,
#2161,#2162,#2163,#2164,#2165,#2166,#2167,#2168,#2169,#2170,#2171),
 .UNSPECIFIED.,.F.,.F.,(4,1,1,1,1,1,1,1,1,1,1,1,1,1,4),(1.58990032769613E-17,
0.00486339683564216,0.00729509525346323,0.0097267936712843,0.0121584920891054,
0.0145901905069264,0.0170218889247475,0.0194535873425686,0.0218852857603897,
0.0243169841782107,0.0267486825960318,0.0291803810138529,0.0316120794316739,
0.034043777849495,0.0389071746851371),.UNSPECIFIED.);
#1090=B_SPLINE_CURVE_WITH_KNOTS('',3,(#2175,#2176,#2177,#2178),
 .UNSPECIFIED.,.F.,.F.,(4,4),(2.11038219202008E-17,6.00535321338087E-5),
 .UNSPECIFIED.);
#1091=B_SPLINE_CURVE_WITH_KNOTS('',3,(#2180,#2181,#2182,#2183),
 .UNSPECIFIED.,.F.,.F.,(4,4),(5.36061261083749E-6,0.00938945044152284),
 .UNSPECIFIED.);
#1092=B_SPLINE_CURVE_WITH_KNOTS('',3,(#2185,#2186,#2187,#2188,#2189),
 .UNSPECIFIED.,.F.,.F.,(4,1,4),(0.,0.00566725739460986,0.0113345147892197),
 .UNSPECIFIED.);
#1093=B_SPLINE_CURVE_WITH_KNOTS('',3,(#2191,#2192,#2193,#2194,#2195,#2196,
#2197,#2198,#2199,#2200,#2201,#2202,#2203),.UNSPECIFIED.,.F.,.F.,(4,1,1,
1,1,1,1,1,1,1,4),(0.,0.0158812605900808,0.0238218908851212,0.0317625211801616,
0.039703151475202,0.0476437817702424,0.0516140969177626,0.0555844120652828,
0.059554727212803,0.0615398847865631,0.0635250423603232),.UNSPECIFIED.);
#1094=B_SPLINE_CURVE_WITH_KNOTS('',3,(#2205,#2206,#2207,#2208),
 .UNSPECIFIED.,.F.,.F.,(4,4),(0.,0.0159980542791524),.UNSPECIFIED.);
#1095=B_SPLINE_CURVE_WITH_KNOTS('',2,(#2211,#2212,#2213),.UNSPECIFIED.,
 .F.,.F.,(3,3),(0.246310382939231,1.),.PIECEWISE_BEZIER_KNOTS.);
#1096=B_SPLINE_CURVE_WITH_KNOTS('',3,(#2218,#2219,#2220,#2221),
 .UNSPECIFIED.,.F.,.F.,(4,4),(0.,0.016001988828316),.UNSPECIFIED.);
#1097=B_SPLINE_CURVE_WITH_KNOTS('',3,(#2223,#2224,#2225,#2226,#2227,#2228,
#2229,#2230,#2231,#2232,#2233,#2234,#2235),.UNSPECIFIED.,.F.,.F.,(4,1,1,
1,1,1,1,1,1,1,4),(0.00563545962837935,0.00758764804111001,0.00953983645384067,
0.013444213279302,0.0173485901047633,0.0212529669302247,0.0290617205811473,
0.03687047423207,0.0446792278829926,0.0524879815339153,0.0681054888357606),
 .UNSPECIFIED.);
#1098=B_SPLINE_CURVE_WITH_KNOTS('',2,(#2236,#2237,#2238),.UNSPECIFIED.,
 .F.,.F.,(3,3),(0.246310382939231,1.),.PIECEWISE_BEZIER_KNOTS.);
#1099=B_SPLINE_CURVE_WITH_KNOTS('',3,(#2256,#2257,#2258,#2259,#2260,#2261,
#2262,#2263,#2264),.UNSPECIFIED.,.F.,.F.,(4,1,1,1,1,1,4),(0.00755723123715002,
0.0112124261877437,0.0148676211383374,0.0166952186136343,0.0185228160889311,
0.020350413564228,0.0221780110395248),.UNSPECIFIED.);
#1100=B_SPLINE_CURVE_WITH_KNOTS('',3,(#2267,#2268,#2269,#2270,#2271,#2272,
#2273,#2274),.UNSPECIFIED.,.F.,.F.,(4,1,1,1,1,4),(7.09864383251337E-15,
0.00561696852925651,0.00842545279388122,0.00982969492619357,0.0105318159923497,
0.0112339370585059),.UNSPECIFIED.);
#1101=B_SPLINE_CURVE_WITH_KNOTS('',3,(#2276,#2277,#2278,#2279),
 .UNSPECIFIED.,.F.,.F.,(4,4),(-5.99238483374658E-8,0.000356189339349047),
 .UNSPECIFIED.);
#1102=B_SPLINE_CURVE_WITH_KNOTS('',3,(#2281,#2282,#2283,#2284),
 .UNSPECIFIED.,.F.,.F.,(4,4),(0.,0.00130409916505884),.UNSPECIFIED.);
#1103=B_SPLINE_CURVE_WITH_KNOTS('',2,(#2285,#2286,#2287),.UNSPECIFIED.,
 .F.,.F.,(3,3),(0.,1.),.PIECEWISE_BEZIER_KNOTS.);
#1104=B_SPLINE_CURVE_WITH_KNOTS('',3,(#2288,#2289,#2290,#2291,#2292),
 .UNSPECIFIED.,.F.,.F.,(4,1,4),(0.,0.00566288549060204,0.0113257709812041),
 .UNSPECIFIED.);
#1105=B_SPLINE_CURVE_WITH_KNOTS('',3,(#2294,#2295,#2296,#2297),
 .UNSPECIFIED.,.F.,.F.,(4,4),(0.,0.00938722359606408),.UNSPECIFIED.);
#1106=B_SPLINE_CURVE_WITH_KNOTS('',3,(#2299,#2300,#2301,#2302),
 .UNSPECIFIED.,.F.,.F.,(4,4),(0.,6.0053532133859E-5),.UNSPECIFIED.);
#1107=B_SPLINE_CURVE_WITH_KNOTS('',3,(#2306,#2307,#2308,#2309,#2310,#2311,
#2312,#2313,#2314,#2315,#2316,#2317,#2318,#2319,#2320,#2321),
 .UNSPECIFIED.,.F.,.F.,(4,1,1,1,1,1,1,1,1,1,1,1,1,4),(0.,0.00489145496004967,
0.0073371824400745,0.00978290992009933,0.0122286374001242,0.014674364880149,
0.0171200923601738,0.0195658198401987,0.0220115473202235,0.0244572748002483,
0.0269030022802732,0.029348729760298,0.0342401847203477,0.0391316396803973),
 .UNSPECIFIED.);
#1108=B_SPLINE_CURVE_WITH_KNOTS('',2,(#2330,#2331,#2332),.UNSPECIFIED.,
 .F.,.F.,(3,3),(0.,1.),.PIECEWISE_BEZIER_KNOTS.);
#1109=B_SPLINE_CURVE_WITH_KNOTS('',3,(#2335,#2336,#2337,#2338,#2339),
 .UNSPECIFIED.,.F.,.F.,(4,1,4),(0.,0.00198588458114412,0.00397176916228825),
 .UNSPECIFIED.);
#1110=B_SPLINE_CURVE_WITH_KNOTS('',3,(#2344,#2345,#2346,#2347,#2348),
 .UNSPECIFIED.,.F.,.F.,(4,1,4),(0.,0.00198589142754461,0.00397178285508922),
 .UNSPECIFIED.);
#1111=B_SPLINE_CURVE_WITH_KNOTS('',2,(#2350,#2351,#2352),.UNSPECIFIED.,
 .F.,.F.,(3,3),(0.,1.),.PIECEWISE_BEZIER_KNOTS.);
#1112=B_SPLINE_CURVE_WITH_KNOTS('',3,(#2354,#2355,#2356,#2357,#2358,#2359),
 .UNSPECIFIED.,.F.,.F.,(4,1,1,4),(0.,0.00226496591002244,0.00452993182004488,
0.00905986364008976),.UNSPECIFIED.);
#1113=B_SPLINE_CURVE_WITH_KNOTS('',3,(#2363,#2364,#2365,#2366,#2367,#2368),
 .UNSPECIFIED.,.F.,.F.,(4,1,1,4),(7.94950163848063E-18,0.00226496591002243,
0.00452993182004486,0.00905986364008972),.UNSPECIFIED.);
#1114=B_SPLINE_CURVE_WITH_KNOTS('',3,(#2370,#2371,#2372,#2373,#2374),
 .UNSPECIFIED.,.F.,.F.,(4,1,4),(0.,0.00381985460292092,0.00763970920584185),
 .UNSPECIFIED.);
#1115=B_SPLINE_CURVE_WITH_KNOTS('',3,(#2386,#2387,#2388,#2389,#2390,#2391,
#2392,#2393,#2394,#2395,#2396,#2397,#2398,#2399,#2400,#2401,#2402,#2403,
#2404,#2405,#2406),.UNSPECIFIED.,.F.,.F.,(4,1,1,1,1,1,1,1,1,1,1,1,1,1,1,
1,1,1,4),(4.86419061030209E-17,0.00460860024535278,0.00921720049070551,
0.0138258007360582,0.018434400981411,0.0207387011040873,0.0230430012267637,
0.0253473013494401,0.0276516014721164,0.0299559015947928,0.031108051656131,
0.0322602017174692,0.0334123517788074,0.0345645018401455,0.0351405768708146,
0.0357166519014837,0.0362927269321528,0.0365807644474874,0.0368688019628219),
 .UNSPECIFIED.);
#1116=B_SPLINE_CURVE_WITH_KNOTS('',3,(#2410,#2411,#2412,#2413,#2414,#2415,
#2416,#2417,#2418,#2419,#2420,#2421,#2422,#2423,#2424,#2425,#2426,#2427,
#2428,#2429,#2430),.UNSPECIFIED.,.F.,.F.,(4,1,1,1,1,1,1,1,1,1,1,1,1,1,1,
1,1,1,4),(5.07610442859724E-18,0.000290829678965074,0.000581659357930143,
0.00116331871586028,0.00174497807379042,0.00232663743172056,0.00348995614758083,
0.00465327486344111,0.00581659357930138,0.00697991229516166,0.00930654972688221,
0.0116331871586028,0.0139598245903233,0.0162864620220439,0.0186130994537644,
0.0232663743172055,0.0279196491806466,0.0325729240440877,0.0372261989075288),
 .UNSPECIFIED.);
#1117=B_SPLINE_CURVE_WITH_KNOTS('',3,(#2443,#2444,#2445,#2446),
 .UNSPECIFIED.,.F.,.F.,(4,4),(1.26364216697489E-17,0.000125787159653297),
 .UNSPECIFIED.);
#1118=B_SPLINE_CURVE_WITH_KNOTS('',3,(#2448,#2449,#2450,#2451),
 .UNSPECIFIED.,.F.,.F.,(4,4),(3.97475081924031E-18,2.27577040010977E-5),
 .UNSPECIFIED.);
#1119=B_SPLINE_CURVE_WITH_KNOTS('',3,(#2453,#2454,#2455,#2456),
 .UNSPECIFIED.,.F.,.F.,(4,4),(-6.00000000036997E-8,0.00860088479960406),
 .UNSPECIFIED.);
#1120=B_SPLINE_CURVE_WITH_KNOTS('',3,(#2458,#2459,#2460,#2461,#2462,#2463),
 .UNSPECIFIED.,.F.,.F.,(4,1,1,4),(0.,0.0123580218393875,0.0185370327590812,
0.0247160436787749),.UNSPECIFIED.);
#1121=B_SPLINE_CURVE_WITH_KNOTS('',3,(#2472,#2473,#2474,#2475,#2476,#2477,
#2478),.UNSPECIFIED.,.F.,.F.,(4,1,1,1,4),(0.,0.00553961436538709,0.0110792287307742,
0.0166188430961613,0.0221584574615484),.UNSPECIFIED.);
#1122=B_SPLINE_CURVE_WITH_KNOTS('',3,(#2479,#2480,#2481,#2482,#2483,#2484,
#2485),.UNSPECIFIED.,.F.,.F.,(4,1,1,1,4),(1.4304896245382E-17,0.00553961436538711,
0.0110792287307742,0.0166188430961613,0.0221584574615484),.UNSPECIFIED.);
#1123=B_SPLINE_CURVE_WITH_KNOTS('',3,(#2490,#2491,#2492,#2493,#2494,#2495,
#2496,#2497,#2498,#2499),.UNSPECIFIED.,.F.,.F.,(4,1,1,1,1,1,1,4),(0.,0.00181977218468913,
0.0027296582770337,0.00363954436937826,0.00454943046172283,0.00545931655406739,
0.00636920264641196,0.00727908873875653),.UNSPECIFIED.);
#1124=B_SPLINE_CURVE_WITH_KNOTS('',3,(#2501,#2502,#2503,#2504),
 .UNSPECIFIED.,.F.,.F.,(4,4),(0.,0.00407696686643326),.UNSPECIFIED.);
#1125=B_SPLINE_CURVE_WITH_KNOTS('',3,(#2505,#2506,#2507,#2508,#2509),
 .UNSPECIFIED.,.F.,.F.,(4,1,4),(0.00927221927464068,0.0166515075825206,
0.0240307958904005),.UNSPECIFIED.);
#1126=B_SPLINE_CURVE_WITH_KNOTS('',3,(#2512,#2513,#2514,#2515),
 .UNSPECIFIED.,.F.,.F.,(4,4),(3.5762240613455E-18,0.0146285403457505),
 .UNSPECIFIED.);
#1127=B_SPLINE_CURVE_WITH_KNOTS('',3,(#2519,#2520,#2521,#2522),
 .UNSPECIFIED.,.F.,.F.,(4,4),(0.0197644428435423,0.0238075623246611),
 .UNSPECIFIED.);
#1128=B_SPLINE_CURVE_WITH_KNOTS('',3,(#2525,#2526,#2527,#2528),
 .UNSPECIFIED.,.F.,.F.,(4,4),(0.,0.00176982360683806),.UNSPECIFIED.);
#1129=B_SPLINE_CURVE_WITH_KNOTS('',3,(#2530,#2531,#2532,#2533),
 .UNSPECIFIED.,.F.,.F.,(4,4),(0.,0.00176982360683585),.UNSPECIFIED.);
#1130=B_SPLINE_CURVE_WITH_KNOTS('',3,(#2538,#2539,#2540,#2541),
 .UNSPECIFIED.,.F.,.F.,(4,4),(-5.99999999857481E-8,0.00759280316751347),
 .UNSPECIFIED.);
#1131=B_SPLINE_CURVE_WITH_KNOTS('',3,(#2554,#2555,#2556,#2557,#2558,#2559),
 .UNSPECIFIED.,.F.,.F.,(4,1,1,4),(-5.99999999814452E-8,0.0061667308880131,
0.0123335217760262,0.0246671035520523),.UNSPECIFIED.);
#1132=B_SPLINE_CURVE_WITH_KNOTS('',3,(#2561,#2562,#2563,#2564),
 .UNSPECIFIED.,.F.,.F.,(4,4),(0.,0.0085976628552312),.UNSPECIFIED.);
#1133=B_SPLINE_CURVE_WITH_KNOTS('',3,(#2566,#2567,#2568,#2569),
 .UNSPECIFIED.,.F.,.F.,(4,4),(-5.99994750861364E-8,2.26977045260681E-5),
 .UNSPECIFIED.);
#1134=B_SPLINE_CURVE_WITH_KNOTS('',3,(#2571,#2572,#2573,#2574),
 .UNSPECIFIED.,.F.,.F.,(4,4),(5.0829544003063E-17,0.000125787159653014),
 .UNSPECIFIED.);
#1135=B_SPLINE_CURVE_WITH_KNOTS('',3,(#2583,#2584,#2585,#2586),
 .UNSPECIFIED.,.F.,.F.,(4,4),(0.,1.),.UNSPECIFIED.);
#1136=B_SPLINE_CURVE_WITH_KNOTS('',3,(#2589,#2590,#2591,#2592),
 .UNSPECIFIED.,.F.,.F.,(4,4),(0.,1.),.UNSPECIFIED.);
#1137=B_SPLINE_CURVE_WITH_KNOTS('',3,(#2596,#2597,#2598,#2599),
 .UNSPECIFIED.,.F.,.F.,(4,4),(0.,1.),.UNSPECIFIED.);
#1138=B_SPLINE_CURVE_WITH_KNOTS('',3,(#2601,#2602,#2603,#2604),
 .UNSPECIFIED.,.F.,.F.,(4,4),(0.,1.),.UNSPECIFIED.);
#1139=B_SPLINE_CURVE_WITH_KNOTS('',3,(#2606,#2607,#2608,#2609,#2610,#2611),
 .UNSPECIFIED.,.F.,.F.,(4,1,1,4),(0.,0.00115617273940346,0.00231234547880691,
0.00462469095761382),.UNSPECIFIED.);
#1140=B_SPLINE_CURVE_WITH_KNOTS('',3,(#2615,#2616,#2617,#2618,#2619,#2620,
#2621,#2622,#2623,#2624,#2625,#2626,#2627,#2628,#2629,#2630,#2631,#2632),
 .UNSPECIFIED.,.F.,.F.,(4,1,1,1,1,1,1,1,1,1,1,1,1,1,1,4),(0.,0.249982732290834,
0.374974098436251,0.437469781508959,0.499965464581668,0.562461147654376,
0.624956830727084,0.687452513799793,0.749948196872501,0.781196038408855,
0.81244387994521,0.843691721481564,0.874939563017918,0.906187404554272,
0.937435246090627,0.999930929163335),.UNSPECIFIED.);
#1141=B_SPLINE_CURVE_WITH_KNOTS('',3,(#2641,#2642,#2643,#2644,#2645,#2646,
#2647,#2648,#2649,#2650,#2651,#2652,#2653,#2654,#2655),.UNSPECIFIED.,.F.,
 .F.,(4,1,1,1,1,1,1,1,1,1,1,1,4),(0.,0.00762037511187252,0.015240750223745,
0.0228611253356176,0.0304815004474901,0.0381018755593626,0.0419120631152989,
0.0457222506712351,0.0495324382271714,0.0533426257831077,0.0571528133390439,
0.0590579071170121,0.0609630008949802),.UNSPECIFIED.);
#1142=B_SPLINE_CURVE_WITH_KNOTS('',3,(#2660,#2661,#2662,#2663,#2664,#2665,
#2666,#2667,#2668,#2669,#2670,#2671,#2672,#2673,#2674),.UNSPECIFIED.,.F.,
 .F.,(4,1,1,1,1,1,1,1,1,1,1,1,4),(0.000401114077228291,0.00232173390093011,
0.00424235372463193,0.00808359337203558,0.0119248330194392,0.0157660726668429,
0.0196073123142465,0.0234485519616501,0.0311310312564574,0.0388135105512647,
0.046495989846072,0.0541784691408793,0.0618609484356866),.UNSPECIFIED.);
#1143=B_SPLINE_CURVE_WITH_KNOTS('',3,(#2676,#2677,#2678,#2679,#2680),
 .UNSPECIFIED.,.F.,.F.,(4,1,4),(0.,0.0083175730886767,0.0166351461773534),
 .UNSPECIFIED.);
#1144=B_SPLINE_CURVE_WITH_KNOTS('',3,(#2681,#2682,#2683,#2684,#2685),
 .UNSPECIFIED.,.F.,.F.,(4,1,4),(-5.99999999989718E-8,0.0083175130886767,
0.0166350861773534),.UNSPECIFIED.);
#1145=B_SPLINE_CURVE_WITH_KNOTS('',3,(#2694,#2695,#2696,#2697,#2698,#2699,
#2700),.UNSPECIFIED.,.F.,.F.,(4,1,1,1,4),(0.,0.00264168188929961,0.00528336377859921,
0.00792504566789882,0.0105667275571984),.UNSPECIFIED.);
#1146=B_SPLINE_CURVE_WITH_KNOTS('',3,(#2703,#2704,#2705,#2706,#2707,#2708),
 .UNSPECIFIED.,.F.,.F.,(4,1,1,4),(1.56435090572321E-17,0.00261521427591649,
0.00523042855183296,0.0104608571036659),.UNSPECIFIED.);
#1147=B_SPLINE_CURVE_WITH_KNOTS('',3,(#2710,#2711,#2712,#2713,#2714,#2715,
#2716),.UNSPECIFIED.,.F.,.F.,(4,1,1,1,4),(0.,0.0025570905873294,0.0051141811746588,
0.0076712717619882,0.0102283623493176),.UNSPECIFIED.);
#1148=B_SPLINE_CURVE_WITH_KNOTS('',3,(#2718,#2719,#2720,#2721),
 .UNSPECIFIED.,.F.,.F.,(4,4),(0.,0.0178096929820476),.UNSPECIFIED.);
#1149=B_SPLINE_CURVE_WITH_KNOTS('',3,(#2725,#2726,#2727,#2728),
 .UNSPECIFIED.,.F.,.F.,(4,4),(1.66614749014063E-17,0.0178068323805347),
 .UNSPECIFIED.);
#1150=B_SPLINE_CURVE_WITH_KNOTS('',3,(#2730,#2731,#2732,#2733,#2734,#2735,
#2736),.UNSPECIFIED.,.F.,.F.,(4,1,1,1,4),(2.2634651706231E-17,0.00244908946552218,
0.00489817893104434,0.0073472683965665,0.00979635786208865),
 .UNSPECIFIED.);
#1151=B_SPLINE_CURVE_WITH_KNOTS('',3,(#2741,#2742,#2743,#2744,#2745),
 .UNSPECIFIED.,.F.,.F.,(4,1,4),(1.68411186376203E-17,0.00197953365446031,
0.0039590673089206),.UNSPECIFIED.);
#1152=B_SPLINE_CURVE_WITH_KNOTS('',3,(#2746,#2747,#2748,#2749,#2750),
 .UNSPECIFIED.,.F.,.F.,(4,1,4),(0.,0.00199479214689313,0.00398958429378625),
 .UNSPECIFIED.);
#1153=B_SPLINE_CURVE_WITH_KNOTS('',3,(#2751,#2752,#2753,#2754,#2755),
 .UNSPECIFIED.,.F.,.F.,(4,1,4),(0.,0.00199460454885054,0.00398920909770109),
 .UNSPECIFIED.);
#1154=B_SPLINE_CURVE_WITH_KNOTS('',3,(#2756,#2757,#2758,#2759,#2760),
 .UNSPECIFIED.,.F.,.F.,(4,1,4),(4.91955466380951E-17,0.00197953521673489,
0.00395907043346973),.UNSPECIFIED.);
#1155=B_SPLINE_CURVE_WITH_KNOTS('',3,(#2762,#2763,#2764,#2765,#2766,#2767,
#2768,#2769,#2770,#2771),.UNSPECIFIED.,.F.,.F.,(4,1,1,1,1,1,1,4),(3.90312782094782E-18,
0.0018197600377425,0.00272964005661375,0.003639520075485,0.00454940009435625,
0.0054592801132275,0.00636916013209875,0.00727904015097),.UNSPECIFIED.);
#1156=B_SPLINE_CURVE_WITH_KNOTS('',3,(#2781,#2782,#2783,#2784),
 .UNSPECIFIED.,.F.,.F.,(4,4),(7.12034657962772E-15,0.00180302113666562),
 .UNSPECIFIED.);
#1157=B_SPLINE_CURVE_WITH_KNOTS('',3,(#2786,#2787,#2788,#2789,#2790,#2791,
#2792),.UNSPECIFIED.,.F.,.F.,(4,1,1,1,4),(0.000489151216093019,0.00368034815775793,
0.00687154509942284,0.0100627420410877,0.0132539389827527),
 .UNSPECIFIED.);
#1158=B_SPLINE_CURVE_WITH_KNOTS('',3,(#2803,#2804,#2805,#2806,#2807,#2808,
#2809),.UNSPECIFIED.,.F.,.F.,(4,1,1,1,4),(-5.99999999995114E-8,0.0031803667570639,
0.0063607935141278,0.00954122027119171,0.0127216470282556),
 .UNSPECIFIED.);
#1159=B_SPLINE_CURVE_WITH_KNOTS('',3,(#2811,#2812,#2813,#2814),
 .UNSPECIFIED.,.F.,.F.,(4,4),(0.,0.0016493540155603),.UNSPECIFIED.);
#1160=B_SPLINE_CURVE_WITH_KNOTS('',3,(#2957,#2958,#2959,#2960,#2961,#2962,
#2963,#2964,#2965,#2966,#2967,#2968,#2969,#2970,#2971,#2972,#2973,#2974,
#2975),.UNSPECIFIED.,.F.,.F.,(4,1,1,1,1,1,1,1,1,1,1,1,1,1,1,1,4),(0.,0.03125,
0.0625,0.078125,0.09375,0.125,0.1875,0.25,0.3125,0.375,0.5,0.625,0.6875,
0.75,0.8125,0.875,1.),.UNSPECIFIED.);
#1161=B_SPLINE_CURVE_WITH_KNOTS('',3,(#3326,#3327,#3328,#3329),
 .UNSPECIFIED.,.F.,.F.,(4,4),(0.,1.),.UNSPECIFIED.);
#1162=B_SPLINE_CURVE_WITH_KNOTS('',3,(#3331,#3332,#3333,#3334,#3335),
 .UNSPECIFIED.,.F.,.F.,(4,1,4),(0.,0.5,1.),.UNSPECIFIED.);
#1163=B_SPLINE_CURVE_WITH_KNOTS('',3,(#3360,#3361,#3362,#3363),
 .UNSPECIFIED.,.F.,.F.,(4,4),(0.,1.),.UNSPECIFIED.);
#1164=B_SPLINE_CURVE_WITH_KNOTS('',3,(#3474,#3475,#3476,#3477,#3478),
 .UNSPECIFIED.,.F.,.F.,(4,1,4),(0.,0.5,1.),.UNSPECIFIED.);
#1165=B_SPLINE_CURVE_WITH_KNOTS('',3,(#3503,#3504,#3505,#3506),
 .UNSPECIFIED.,.F.,.F.,(4,4),(0.,1.),.UNSPECIFIED.);
#1166=B_SPLINE_CURVE_WITH_KNOTS('',3,(#3508,#3509,#3510,#3511),
 .UNSPECIFIED.,.F.,.F.,(4,4),(0.,1.),.UNSPECIFIED.);
#1167=B_SPLINE_CURVE_WITH_KNOTS('',3,(#3672,#3673,#3674,#3675,#3676),
 .UNSPECIFIED.,.F.,.F.,(4,1,4),(0.,0.5,1.),.UNSPECIFIED.);
#1168=B_SPLINE_CURVE_WITH_KNOTS('',3,(#3754,#3755,#3756,#3757,#3758),
 .UNSPECIFIED.,.F.,.F.,(4,1,4),(3.56357974104738E-17,0.00188470385695306,
0.00376940771390608),.UNSPECIFIED.);
#1169=B_SPLINE_CURVE_WITH_KNOTS('',3,(#3792,#3793,#3794,#3795,#3796),
 .UNSPECIFIED.,.F.,.F.,(4,1,4),(2.34026991591808E-17,0.0019563903127896,
0.00391278062557917),.UNSPECIFIED.);
#1170=B_SPLINE_CURVE_WITH_KNOTS('',3,(#3839,#3840,#3841,#3842,#3843),
 .UNSPECIFIED.,.F.,.F.,(4,1,4),(0.,0.00188470385695301,0.00376940771390601),
 .UNSPECIFIED.);
#1171=B_SPLINE_CURVE_WITH_KNOTS('',3,(#3868,#3869,#3870,#3871,#3872),
 .UNSPECIFIED.,.F.,.F.,(4,1,4),(4.30896372346162E-17,0.00195639031278962,
0.00391278062557919),.UNSPECIFIED.);
#1172=B_SPLINE_CURVE_WITH_KNOTS('',3,(#3936,#3937,#3938,#3939,#3940),
 .UNSPECIFIED.,.F.,.F.,(4,1,4),(1.55899073754791E-17,0.0089844405642899,
0.0179688811285798),.UNSPECIFIED.);
#1173=B_SPLINE_CURVE_WITH_KNOTS('',3,(#3942,#3943,#3944,#3945,#3946),
 .UNSPECIFIED.,.F.,.F.,(4,1,4),(0.0139065503315581,0.0229052032147564,0.0319038560979548),
 .UNSPECIFIED.);
#1174=B_SPLINE_CURVE_WITH_KNOTS('',3,(#3981,#3982,#3983,#3984,#3985,#3986,
#3987,#3988),.UNSPECIFIED.,.F.,.F.,(4,1,1,1,1,4),(-2.43166994594119E-5,
0.00668425260230914,0.0133928219040777,0.0201013912058463,0.0234556758567305,
0.0268099605076148),.UNSPECIFIED.);
#1175=B_SPLINE_CURVE_WITH_KNOTS('',3,(#4030,#4031,#4032,#4033),
 .UNSPECIFIED.,.F.,.F.,(4,4),(0.,0.00298597380350854),.UNSPECIFIED.);
#1176=B_SPLINE_CURVE_WITH_KNOTS('',3,(#4069,#4070,#4071,#4072),
 .UNSPECIFIED.,.F.,.F.,(4,4),(0.,0.00230487795696101),.UNSPECIFIED.);
#1177=B_SPLINE_CURVE_WITH_KNOTS('',3,(#4085,#4086,#4087,#4088),
 .UNSPECIFIED.,.F.,.F.,(4,4),(0.,0.0029859499272972),.UNSPECIFIED.);
#1178=B_SPLINE_CURVE_WITH_KNOTS('',3,(#4150,#4151,#4152,#4153),
 .UNSPECIFIED.,.F.,.F.,(4,4),(1.58990032769613E-17,0.00223781226852548),
 .UNSPECIFIED.);
#1179=EDGE_LOOP('',(#235));
#1180=EDGE_LOOP('',(#236,#237,#238,#239,#240,#241,#242,#243,#244));
#1181=EDGE_LOOP('',(#245));
#1182=EDGE_LOOP('',(#246,#247,#248,#249,#250,#251,#252,#253,#254));
#1183=EDGE_LOOP('',(#255,#256,#257,#258,#259,#260,#261,#262));
#1184=EDGE_LOOP('',(#263,#264));
#1185=EDGE_LOOP('',(#265));
#1186=EDGE_LOOP('',(#266,#267,#268,#269));
#1187=EDGE_LOOP('',(#270,#271,#272,#273,#274,#275));
#1188=EDGE_LOOP('',(#276));
#1189=EDGE_LOOP('',(#277,#278,#279,#280));
#1190=EDGE_LOOP('',(#281,#282));
#1191=EDGE_LOOP('',(#283,#284,#285,#286,#287,#288,#289,#290));
#1192=EDGE_LOOP('',(#291,#292,#293,#294));
#1193=EDGE_LOOP('',(#295,#296,#297,#298));
#1194=EDGE_LOOP('',(#299,#300,#301,#302));
#1195=EDGE_LOOP('',(#303,#304,#305,#306,#307,#308));
#1196=EDGE_LOOP('',(#309,#310,#311,#312,#313,#314));
#1197=EDGE_LOOP('',(#315,#316,#317,#318));
#1198=EDGE_LOOP('',(#319,#320,#321,#322));
#1199=EDGE_LOOP('',(#323));
#1200=EDGE_LOOP('',(#324,#325,#326,#327,#328,#329));
#1201=EDGE_LOOP('',(#330,#331,#332,#333));
#1202=EDGE_LOOP('',(#334,#335,#336,#337,#338,#339,#340,#341,#342,#343,#344,
#345,#346));
#1203=EDGE_LOOP('',(#347,#348,#349,#350,#351,#352,#353,#354,#355));
#1204=EDGE_LOOP('',(#356,#357,#358,#359,#360,#361,#362,#363,#364));
#1205=EDGE_LOOP('',(#365,#366,#367,#368,#369,#370,#371,#372,#373,#374,#375,
#376));
#1206=EDGE_LOOP('',(#377,#378,#379,#380,#381,#382,#383,#384,#385,#386,#387,
#388));
#1207=EDGE_LOOP('',(#389,#390,#391));
#1208=EDGE_LOOP('',(#392,#393,#394,#395,#396,#397,#398,#399));
#1209=EDGE_LOOP('',(#400,#401,#402,#403,#404,#405,#406,#407,#408));
#1210=EDGE_LOOP('',(#409,#410,#411,#412));
#1211=EDGE_LOOP('',(#413,#414));
#1212=EDGE_LOOP('',(#415));
#1213=EDGE_LOOP('',(#416,#417,#418,#419,#420,#421));
#1214=EDGE_LOOP('',(#422,#423,#424,#425,#426,#427));
#1215=EDGE_LOOP('',(#428,#429,#430,#431,#432));
#1216=EDGE_LOOP('',(#433,#434,#435));
#1217=EDGE_LOOP('',(#436,#437,#438,#439,#440,#441,#442,#443,#444));
#1218=EDGE_LOOP('',(#445,#446,#447,#448,#449,#450,#451,#452));
#1219=EDGE_LOOP('',(#453,#454,#455,#456,#457,#458));
#1220=EDGE_LOOP('',(#459,#460,#461,#462,#463,#464,#465));
#1221=EDGE_LOOP('',(#466,#467,#468,#469,#470,#471,#472,#473));
#1222=EDGE_LOOP('',(#474));
#1223=EDGE_LOOP('',(#475,#476));
#1224=EDGE_LOOP('',(#477));
#1225=EDGE_LOOP('',(#478));
#1226=EDGE_LOOP('',(#479,#480,#481,#482,#483,#484));
#1227=EDGE_LOOP('',(#485,#486,#487,#488,#489,#490));
#1228=EDGE_LOOP('',(#491));
#1229=EDGE_LOOP('',(#492));
#1230=EDGE_LOOP('',(#493));
#1231=EDGE_LOOP('',(#494,#495,#496,#497));
#1232=EDGE_LOOP('',(#498,#499,#500,#501,#502,#503));
#1233=EDGE_LOOP('',(#504,#505,#506,#507,#508,#509));
#1234=EDGE_LOOP('',(#510,#511,#512,#513));
#1235=EDGE_LOOP('',(#514,#515,#516));
#1236=EDGE_LOOP('',(#517,#518,#519,#520));
#1237=EDGE_LOOP('',(#521,#522,#523,#524,#525));
#1238=EDGE_LOOP('',(#526,#527,#528,#529));
#1239=EDGE_LOOP('',(#530,#531,#532,#533));
#1240=EDGE_LOOP('',(#534,#535,#536,#537));
#1241=EDGE_LOOP('',(#538,#539,#540));
#1242=EDGE_LOOP('',(#541,#542,#543,#544,#545));
#1243=EDGE_LOOP('',(#546,#547,#548,#549));
#1244=EDGE_LOOP('',(#550,#551,#552,#553,#554));
#1245=EDGE_LOOP('',(#555,#556,#557,#558,#559,#560,#561));
#1246=EDGE_LOOP('',(#562,#563,#564,#565,#566));
#1247=EDGE_LOOP('',(#567,#568,#569,#570,#571));
#1248=EDGE_LOOP('',(#572,#573,#574,#575,#576));
#1249=EDGE_LOOP('',(#577,#578,#579,#580,#581,#582,#583));
#1250=EDGE_LOOP('',(#584,#585,#586,#587));
#1251=EDGE_LOOP('',(#588,#589,#590,#591));
#1252=EDGE_LOOP('',(#592,#593,#594,#595));
#1253=EDGE_LOOP('',(#596,#597,#598));
#1254=EDGE_LOOP('',(#599,#600,#601,#602));
#1255=EDGE_LOOP('',(#603,#604,#605,#606));
#1256=EDGE_LOOP('',(#607,#608,#609));
#1257=EDGE_LOOP('',(#610,#611,#612,#613));
#1258=EDGE_LOOP('',(#614,#615,#616,#617));
#1259=EDGE_LOOP('',(#618,#619,#620,#621));
#1260=EDGE_LOOP('',(#622,#623,#624));
#1261=EDGE_LOOP('',(#625,#626,#627,#628));
#1262=EDGE_LOOP('',(#629,#630,#631,#632));
#1263=EDGE_LOOP('',(#633,#634,#635,#636,#637));
#1264=EDGE_LOOP('',(#638,#639,#640,#641,#642));
#1265=EDGE_LOOP('',(#643,#644,#645));
#1266=EDGE_LOOP('',(#646,#647,#648,#649));
#1267=EDGE_LOOP('',(#650,#651,#652,#653,#654));
#1268=EDGE_LOOP('',(#655,#656,#657));
#1269=EDGE_LOOP('',(#658,#659,#660,#661,#662,#663));
#1270=EDGE_LOOP('',(#664,#665,#666,#667,#668));
#1271=EDGE_LOOP('',(#669,#670,#671,#672));
#1272=EDGE_LOOP('',(#673,#674,#675,#676,#677,#678));
#1273=EDGE_LOOP('',(#679,#680,#681,#682));
#1274=FACE_BOUND('',#1179,.T.);
#1275=FACE_BOUND('',#1180,.T.);
#1276=FACE_BOUND('',#1181,.T.);
#1277=FACE_BOUND('',#1182,.T.);
#1278=FACE_BOUND('',#1183,.T.);
#1279=FACE_BOUND('',#1184,.T.);
#1280=FACE_BOUND('',#1185,.T.);
#1281=FACE_BOUND('',#1186,.T.);
#1282=FACE_BOUND('',#1187,.T.);
#1283=FACE_BOUND('',#1188,.T.);
#1284=FACE_BOUND('',#1189,.T.);
#1285=FACE_BOUND('',#1190,.T.);
#1286=FACE_BOUND('',#1191,.T.);
#1287=FACE_BOUND('',#1192,.T.);
#1288=FACE_BOUND('',#1193,.T.);
#1289=FACE_BOUND('',#1194,.T.);
#1290=FACE_BOUND('',#1195,.T.);
#1291=FACE_BOUND('',#1196,.T.);
#1292=FACE_BOUND('',#1197,.T.);
#1293=FACE_BOUND('',#1198,.T.);
#1294=FACE_BOUND('',#1199,.T.);
#1295=FACE_BOUND('',#1200,.T.);
#1296=FACE_BOUND('',#1201,.T.);
#1297=FACE_BOUND('',#1202,.T.);
#1298=FACE_BOUND('',#1203,.T.);
#1299=FACE_BOUND('',#1204,.T.);
#1300=FACE_BOUND('',#1205,.T.);
#1301=FACE_BOUND('',#1206,.T.);
#1302=FACE_BOUND('',#1207,.T.);
#1303=FACE_BOUND('',#1208,.T.);
#1304=FACE_BOUND('',#1209,.T.);
#1305=FACE_BOUND('',#1210,.T.);
#1306=FACE_BOUND('',#1211,.T.);
#1307=FACE_BOUND('',#1212,.T.);
#1308=FACE_BOUND('',#1213,.T.);
#1309=FACE_BOUND('',#1214,.T.);
#1310=FACE_BOUND('',#1215,.T.);
#1311=FACE_BOUND('',#1216,.T.);
#1312=FACE_BOUND('',#1217,.T.);
#1313=FACE_BOUND('',#1218,.T.);
#1314=FACE_BOUND('',#1219,.T.);
#1315=FACE_BOUND('',#1220,.T.);
#1316=FACE_BOUND('',#1221,.T.);
#1317=FACE_BOUND('',#1222,.T.);
#1318=FACE_BOUND('',#1223,.T.);
#1319=FACE_BOUND('',#1224,.T.);
#1320=FACE_BOUND('',#1225,.T.);
#1321=FACE_BOUND('',#1226,.T.);
#1322=FACE_BOUND('',#1227,.T.);
#1323=FACE_BOUND('',#1228,.T.);
#1324=FACE_BOUND('',#1229,.T.);
#1325=FACE_BOUND('',#1230,.T.);
#1326=FACE_BOUND('',#1231,.T.);
#1327=FACE_BOUND('',#1232,.T.);
#1328=FACE_BOUND('',#1233,.T.);
#1329=FACE_BOUND('',#1234,.T.);
#1330=FACE_BOUND('',#1235,.T.);
#1331=FACE_BOUND('',#1236,.T.);
#1332=FACE_BOUND('',#1237,.T.);
#1333=FACE_BOUND('',#1238,.T.);
#1334=FACE_BOUND('',#1239,.T.);
#1335=FACE_BOUND('',#1240,.T.);
#1336=FACE_BOUND('',#1241,.T.);
#1337=FACE_BOUND('',#1242,.T.);
#1338=FACE_BOUND('',#1243,.T.);
#1339=FACE_BOUND('',#1244,.T.);
#1340=FACE_BOUND('',#1245,.T.);
#1341=FACE_BOUND('',#1246,.T.);
#1342=FACE_BOUND('',#1247,.T.);
#1343=FACE_BOUND('',#1248,.T.);
#1344=FACE_BOUND('',#1249,.T.);
#1345=FACE_BOUND('',#1250,.T.);
#1346=FACE_BOUND('',#1251,.T.);
#1347=FACE_BOUND('',#1252,.T.);
#1348=FACE_BOUND('',#1253,.T.);
#1349=FACE_BOUND('',#1254,.T.);
#1350=FACE_BOUND('',#1255,.T.);
#1351=FACE_BOUND('',#1256,.T.);
#1352=FACE_BOUND('',#1257,.T.);
#1353=FACE_BOUND('',#1258,.T.);
#1354=FACE_BOUND('',#1259,.T.);
#1355=FACE_BOUND('',#1260,.T.);
#1356=FACE_BOUND('',#1261,.T.);
#1357=FACE_BOUND('',#1262,.T.);
#1358=FACE_BOUND('',#1263,.T.);
#1359=FACE_BOUND('',#1264,.T.);
#1360=FACE_BOUND('',#1265,.T.);
#1361=FACE_BOUND('',#1266,.T.);
#1362=FACE_BOUND('',#1267,.T.);
#1363=FACE_BOUND('',#1268,.T.);
#1364=FACE_BOUND('',#1269,.T.);
#1365=FACE_BOUND('',#1270,.T.);
#1366=FACE_BOUND('',#1271,.T.);
#1367=FACE_BOUND('',#1272,.T.);
#1368=FACE_BOUND('',#1273,.T.);
#1369=B_SPLINE_SURFACE_WITH_KNOTS('',3,1,((#1782,#1783),(#1784,#1785),(#1786,
#1787),(#1788,#1789)),.SURF_OF_LINEAR_EXTRUSION.,.F.,.F.,.F.,(4,4),(2,2),
(0.,0.977528136536136),(0.,1.),.PIECEWISE_BEZIER_KNOTS.);
#1370=B_SPLINE_SURFACE_WITH_KNOTS('',3,1,((#1850,#1851),(#1852,#1853),(#1854,
#1855),(#1856,#1857)),.SURF_OF_LINEAR_EXTRUSION.,.F.,.F.,.F.,(4,4),(2,2),
(-8.20781319640123E-16,0.977528136536114),(0.,1.),
 .PIECEWISE_BEZIER_KNOTS.);
#1371=B_SPLINE_SURFACE_WITH_KNOTS('',3,1,((#2114,#2115),(#2116,#2117),(#2118,
#2119),(#2120,#2121),(#2122,#2123),(#2124,#2125),(#2126,#2127)),
 .SURF_OF_LINEAR_EXTRUSION.,.F.,.F.,.F.,(4,1,1,1,4),(2,2),(-1.78795780264585E-15,
0.51212810912127,0.768192163681906,0.896224190962224,1.02425621824254),
(0.,1.),.UNSPECIFIED.);
#1372=B_SPLINE_SURFACE_WITH_KNOTS('',3,1,((#2242,#2243),(#2244,#2245),(#2246,
#2247),(#2248,#2249),(#2250,#2251),(#2252,#2253),(#2254,#2255)),
 .SURF_OF_LINEAR_EXTRUSION.,.F.,.F.,.F.,(4,1,1,1,4),(2,2),(-2.14985804180333E-15,
0.51212810912127,0.768192163681906,0.896224190962224,1.02425621824254),
(0.,1.),.UNSPECIFIED.);
#1373=B_SPLINE_SURFACE_WITH_KNOTS('',3,1,((#2322,#2323),(#2324,#2325),(#2326,
#2327),(#2328,#2329)),.SURF_OF_LINEAR_EXTRUSION.,.F.,.F.,.F.,(4,4),(2,2),
(-8.09942722441272E-17,1.),(0.,1.),.PIECEWISE_BEZIER_KNOTS.);
#1374=B_SPLINE_SURFACE_WITH_KNOTS('',3,1,((#2377,#2378),(#2379,#2380),(#2381,
#2382),(#2383,#2384)),.SURF_OF_LINEAR_EXTRUSION.,.F.,.F.,.F.,(4,4),(2,2),
(0.256729776638229,0.951551427502366),(0.,1.),.PIECEWISE_BEZIER_KNOTS.);
#1375=B_SPLINE_SURFACE_WITH_KNOTS('',3,1,((#2431,#2432),(#2433,#2434),(#2435,
#2436),(#2437,#2438),(#2439,#2440),(#2441,#2442)),
 .SURF_OF_LINEAR_EXTRUSION.,.F.,.F.,.F.,(4,1,1,4),(2,2),(-0.00647058606909488,
0.245147060448179,0.496764706965453,1.),(0.,1.),.UNSPECIFIED.);
#1376=B_SPLINE_SURFACE_WITH_KNOTS('',3,1,((#2464,#2465),(#2466,#2467),(#2468,
#2469),(#2470,#2471)),.SURF_OF_LINEAR_EXTRUSION.,.F.,.F.,.F.,(4,4),(2,2),
(-1.03717011169291E-16,1.),(0.,1.),.PIECEWISE_BEZIER_KNOTS.);
#1377=B_SPLINE_SURFACE_WITH_KNOTS('',3,1,((#2542,#2543),(#2544,#2545),(#2546,
#2547),(#2548,#2549),(#2550,#2551),(#2552,#2553)),
 .SURF_OF_LINEAR_EXTRUSION.,.F.,.F.,.F.,(4,1,1,4),(2,2),(-0.00647058606909316,
0.24514706044818,0.496764706965453,1.),(0.,1.),.UNSPECIFIED.);
#1378=B_SPLINE_SURFACE_WITH_KNOTS('',3,1,((#2575,#2576),(#2577,#2578),(#2579,
#2580),(#2581,#2582)),.SURF_OF_LINEAR_EXTRUSION.,.F.,.F.,.F.,(4,4),(2,2),
(0.,0.290824220726571),(0.,1.),.PIECEWISE_BEZIER_KNOTS.);
#1379=B_SPLINE_SURFACE_WITH_KNOTS('',3,1,((#2633,#2634),(#2635,#2636),(#2637,
#2638),(#2639,#2640)),.SURF_OF_LINEAR_EXTRUSION.,.F.,.F.,.F.,(4,4),(2,2),
(0.,0.981594471612932),(0.,1.),.PIECEWISE_BEZIER_KNOTS.);
#1380=B_SPLINE_SURFACE_WITH_KNOTS('',3,1,((#2686,#2687),(#2688,#2689),(#2690,
#2691),(#2692,#2693)),.SURF_OF_LINEAR_EXTRUSION.,.F.,.F.,.F.,(4,4),(2,2),
(0.0114539056297687,0.980809917755174),(0.,1.),.PIECEWISE_BEZIER_KNOTS.);
#1381=B_SPLINE_SURFACE_WITH_KNOTS('',3,1,((#2773,#2774),(#2775,#2776),(#2777,
#2778),(#2779,#2780)),.SURF_OF_LINEAR_EXTRUSION.,.F.,.F.,.F.,(4,4),(2,2),
(0.,1.),(0.,1.),.PIECEWISE_BEZIER_KNOTS.);
#1382=B_SPLINE_SURFACE_WITH_KNOTS('',3,1,((#2795,#2796),(#2797,#2798),(#2799,
#2800),(#2801,#2802)),.SURF_OF_LINEAR_EXTRUSION.,.F.,.F.,.F.,(4,4),(2,2),
(0.,1.),(0.,1.),.PIECEWISE_BEZIER_KNOTS.);
#1383=B_SPLINE_SURFACE_WITH_KNOTS('',3,1,((#2821,#2822),(#2823,#2824),(#2825,
#2826),(#2827,#2828)),.SURF_OF_LINEAR_EXTRUSION.,.F.,.F.,.F.,(4,4),(2,2),
(0.,1.),(0.,1.),.PIECEWISE_BEZIER_KNOTS.);
#1384=B_SPLINE_SURFACE_WITH_KNOTS('',3,1,((#2829,#2830),(#2831,#2832),(#2833,
#2834),(#2835,#2836)),.SURF_OF_LINEAR_EXTRUSION.,.F.,.F.,.F.,(4,4),(2,2),
(0.,1.),(0.,1.),.PIECEWISE_BEZIER_KNOTS.);
#1385=B_SPLINE_SURFACE_WITH_KNOTS('',3,3,((#2976,#2977,#2978,#2979,#2980,
#2981,#2982,#2983,#2984,#2985,#2986,#2987,#2988,#2989),(#2990,#2991,#2992,
#2993,#2994,#2995,#2996,#2997,#2998,#2999,#3000,#3001,#3002,#3003),(#3004,
#3005,#3006,#3007,#3008,#3009,#3010,#3011,#3012,#3013,#3014,#3015,#3016,
#3017),(#3018,#3019,#3020,#3021,#3022,#3023,#3024,#3025,#3026,#3027,#3028,
#3029,#3030,#3031),(#3032,#3033,#3034,#3035,#3036,#3037,#3038,#3039,#3040,
#3041,#3042,#3043,#3044,#3045),(#3046,#3047,#3048,#3049,#3050,#3051,#3052,
#3053,#3054,#3055,#3056,#3057,#3058,#3059),(#3060,#3061,#3062,#3063,#3064,
#3065,#3066,#3067,#3068,#3069,#3070,#3071,#3072,#3073),(#3074,#3075,#3076,
#3077,#3078,#3079,#3080,#3081,#3082,#3083,#3084,#3085,#3086,#3087),(#3088,
#3089,#3090,#3091,#3092,#3093,#3094,#3095,#3096,#3097,#3098,#3099,#3100,
#3101),(#3102,#3103,#3104,#3105,#3106,#3107,#3108,#3109,#3110,#3111,#3112,
#3113,#3114,#3115),(#3116,#3117,#3118,#3119,#3120,#3121,#3122,#3123,#3124,
#3125,#3126,#3127,#3128,#3129),(#3130,#3131,#3132,#3133,#3134,#3135,#3136,
#3137,#3138,#3139,#3140,#3141,#3142,#3143),(#3144,#3145,#3146,#3147,#3148,
#3149,#3150,#3151,#3152,#3153,#3154,#3155,#3156,#3157),(#3158,#3159,#3160,
#3161,#3162,#3163,#3164,#3165,#3166,#3167,#3168,#3169,#3170,#3171),(#3172,
#3173,#3174,#3175,#3176,#3177,#3178,#3179,#3180,#3181,#3182,#3183,#3184,
#3185),(#3186,#3187,#3188,#3189,#3190,#3191,#3192,#3193,#3194,#3195,#3196,
#3197,#3198,#3199),(#3200,#3201,#3202,#3203,#3204,#3205,#3206,#3207,#3208,
#3209,#3210,#3211,#3212,#3213),(#3214,#3215,#3216,#3217,#3218,#3219,#3220,
#3221,#3222,#3223,#3224,#3225,#3226,#3227),(#3228,#3229,#3230,#3231,#3232,
#3233,#3234,#3235,#3236,#3237,#3238,#3239,#3240,#3241),(#3242,#3243,#3244,
#3245,#3246,#3247,#3248,#3249,#3250,#3251,#3252,#3253,#3254,#3255),(#3256,
#3257,#3258,#3259,#3260,#3261,#3262,#3263,#3264,#3265,#3266,#3267,#3268,
#3269),(#3270,#3271,#3272,#3273,#3274,#3275,#3276,#3277,#3278,#3279,#3280,
#3281,#3282,#3283),(#3284,#3285,#3286,#3287,#3288,#3289,#3290,#3291,#3292,
#3293,#3294,#3295,#3296,#3297),(#3298,#3299,#3300,#3301,#3302,#3303,#3304,
#3305,#3306,#3307,#3308,#3309,#3310,#3311),(#3312,#3313,#3314,#3315,#3316,
#3317,#3318,#3319,#3320,#3321,#3322,#3323,#3324,#3325)),.UNSPECIFIED.,.F.,
 .F.,.F.,(4,2,1,2,2,2,2,2,2,2,2,2,4),(4,3,2,2,3,4),(0.,0.0155277812024046,
0.0310555624048092,0.0621111248096184,0.124222249619237,0.248444499238474,
0.373438148033087,0.498431796827701,0.623778159181973,0.749124521536244,
0.780483956344214,0.811843391152183,1.),(-0.00605261057316093,0.,0.5,0.75,
1.,1.00688034284393),.UNSPECIFIED.);
#1386=B_SPLINE_SURFACE_WITH_KNOTS('',3,3,((#3336,#3337,#3338,#3339,#3340,
#3341),(#3342,#3343,#3344,#3345,#3346,#3347),(#3348,#3349,#3350,#3351,#3352,
#3353),(#3354,#3355,#3356,#3357,#3358,#3359)),.UNSPECIFIED.,.F.,.F.,.F.,
(4,4),(4,2,4),(0.,1.),(0.,0.5,1.),.UNSPECIFIED.);
#1387=B_SPLINE_SURFACE_WITH_KNOTS('',3,3,((#3479,#3480,#3481,#3482,#3483,
#3484),(#3485,#3486,#3487,#3488,#3489,#3490),(#3491,#3492,#3493,#3494,#3495,
#3496),(#3497,#3498,#3499,#3500,#3501,#3502)),.UNSPECIFIED.,.F.,.F.,.F.,
(4,4),(4,2,4),(0.,1.),(0.,0.5,1.),.UNSPECIFIED.);
#1388=B_SPLINE_SURFACE_WITH_KNOTS('',3,3,((#3512,#3513,#3514,#3515,#3516,
#3517,#3518,#3519),(#3520,#3521,#3522,#3523,#3524,#3525,#3526,#3527),(#3528,
#3529,#3530,#3531,#3532,#3533,#3534,#3535),(#3536,#3537,#3538,#3539,#3540,
#3541,#3542,#3543),(#3544,#3545,#3546,#3547,#3548,#3549,#3550,#3551),(#3552,
#3553,#3554,#3555,#3556,#3557,#3558,#3559),(#3560,#3561,#3562,#3563,#3564,
#3565,#3566,#3567),(#3568,#3569,#3570,#3571,#3572,#3573,#3574,#3575),(#3576,
#3577,#3578,#3579,#3580,#3581,#3582,#3583),(#3584,#3585,#3586,#3587,#3588,
#3589,#3590,#3591),(#3592,#3593,#3594,#3595,#3596,#3597,#3598,#3599),(#3600,
#3601,#3602,#3603,#3604,#3605,#3606,#3607),(#3608,#3609,#3610,#3611,#3612,
#3613,#3614,#3615),(#3616,#3617,#3618,#3619,#3620,#3621,#3622,#3623),(#3624,
#3625,#3626,#3627,#3628,#3629,#3630,#3631),(#3632,#3633,#3634,#3635,#3636,
#3637,#3638,#3639),(#3640,#3641,#3642,#3643,#3644,#3645,#3646,#3647),(#3648,
#3649,#3650,#3651,#3652,#3653,#3654,#3655),(#3656,#3657,#3658,#3659,#3660,
#3661,#3662,#3663),(#3664,#3665,#3666,#3667,#3668,#3669,#3670,#3671)),
 .UNSPECIFIED.,.F.,.F.,.F.,(4,2,2,2,2,2,2,2,2,4),(4,2,2,4),(0.,0.250953793561386,
0.282198693729484,0.375933394233778,0.500912994906171,0.625786365357549,
0.750659735808928,0.875329867904464,0.937664933952232,1.),(0.,0.5,0.75,
1.),.UNSPECIFIED.);
#1389=B_SPLINE_SURFACE_WITH_KNOTS('',3,1,((#3928,#3929),(#3930,#3931),(#3932,
#3933),(#3934,#3935)),.SURF_OF_LINEAR_EXTRUSION.,.F.,.F.,.F.,(4,4),(2,2),
(0.305843678658996,0.652067086742797),(0.,1.),.PIECEWISE_BEZIER_KNOTS.);
#1390=B_SPLINE_SURFACE_WITH_KNOTS('',3,1,((#3949,#3950),(#3951,#3952),(#3953,
#3954),(#3955,#3956)),.SURF_OF_LINEAR_EXTRUSION.,.F.,.F.,.F.,(4,4),(2,2),
(0.,1.),(0.,1.),.PIECEWISE_BEZIER_KNOTS.);
#1391=ADVANCED_FACE('',(#1274,#1275),#1369,.F.);
#1392=ADVANCED_FACE('',(#1276,#1277),#1370,.T.);
#1393=ADVANCED_FACE('',(#1278),#82,.F.);
#1394=ADVANCED_FACE('',(#1279),#83,.F.);
#1395=ADVANCED_FACE('',(#1280,#1281),#84,.F.);
#1396=ADVANCED_FACE('',(#1282),#85,.T.);
#1397=ADVANCED_FACE('',(#1283,#1284),#86,.T.);
#1398=ADVANCED_FACE('',(#1285),#87,.T.);
#1399=ADVANCED_FACE('',(#1286),#88,.T.);
#1400=ADVANCED_FACE('',(#1287),#38,.F.);
#1401=ADVANCED_FACE('',(#1288),#39,.T.);
#1402=ADVANCED_FACE('',(#1289),#40,.T.);
#1403=ADVANCED_FACE('',(#1290),#36,.F.);
#1404=ADVANCED_FACE('',(#1291),#37,.F.);
#1405=ADVANCED_FACE('',(#1292),#89,.T.);
#1406=ADVANCED_FACE('',(#1293),#90,.T.);
#1407=ADVANCED_FACE('',(#1294,#1295),#91,.F.);
#1408=ADVANCED_FACE('',(#1296),#92,.F.);
#1409=ADVANCED_FACE('',(#1297),#1371,.F.);
#1410=ADVANCED_FACE('',(#1298),#93,.F.);
#1411=ADVANCED_FACE('',(#1299),#94,.T.);
#1412=ADVANCED_FACE('',(#1300),#1372,.T.);
#1413=ADVANCED_FACE('',(#1301),#1373,.T.);
#1414=ADVANCED_FACE('',(#1302),#41,.F.);
#1415=ADVANCED_FACE('',(#1303),#1374,.T.);
#1416=ADVANCED_FACE('',(#1304),#1375,.T.);
#1417=ADVANCED_FACE('',(#1305),#1376,.T.);
#1418=ADVANCED_FACE('',(#1306,#1307),#42,.F.);
#1419=ADVANCED_FACE('',(#1308),#95,.F.);
#1420=ADVANCED_FACE('',(#1309),#96,.T.);
#1421=ADVANCED_FACE('',(#1310),#97,.F.);
#1422=ADVANCED_FACE('',(#1311),#43,.F.);
#1423=ADVANCED_FACE('',(#1312),#1377,.T.);
#1424=ADVANCED_FACE('',(#1313),#1378,.T.);
#1425=ADVANCED_FACE('',(#1314),#1379,.F.);
#1426=ADVANCED_FACE('',(#1315),#1380,.F.);
#1427=ADVANCED_FACE('',(#1316),#98,.F.);
#1428=ADVANCED_FACE('',(#1317,#1318),#44,.F.);
#1429=ADVANCED_FACE('',(#1319,#1320),#45,.F.);
#1430=ADVANCED_FACE('',(#1321),#1381,.F.);
#1431=ADVANCED_FACE('',(#1322),#1382,.F.);
#1432=ADVANCED_FACE('',(#1323,#1324),#46,.F.);
#1433=ADVANCED_FACE('',(#1325),#99,.T.);
#1434=ADVANCED_FACE('',(#1326),#100,.T.);
#1435=ADVANCED_FACE('',(#1327),#1383,.F.);
#1436=ADVANCED_FACE('',(#1328),#1384,.T.);
#1437=ADVANCED_FACE('',(#1329),#16,.T.);
#1438=ADVANCED_FACE('',(#1330),#1385,.T.);
#1439=ADVANCED_FACE('',(#1331),#1386,.T.);
#1440=ADVANCED_FACE('',(#1332),#17,.T.);
#1441=ADVANCED_FACE('',(#1333),#18,.T.);
#1442=ADVANCED_FACE('',(#1334),#19,.T.);
#1443=ADVANCED_FACE('',(#1335),#1387,.T.);
#1444=ADVANCED_FACE('',(#1336),#1388,.T.);
#1445=ADVANCED_FACE('',(#1337),#20,.T.);
#1446=ADVANCED_FACE('',(#1338),#21,.T.);
#1447=ADVANCED_FACE('',(#1339),#22,.T.);
#1448=ADVANCED_FACE('',(#1340),#23,.T.);
#1449=ADVANCED_FACE('',(#1341),#24,.T.);
#1450=ADVANCED_FACE('',(#1342),#25,.T.);
#1451=ADVANCED_FACE('',(#1343),#26,.T.);
#1452=ADVANCED_FACE('',(#1344),#27,.T.);
#1453=ADVANCED_FACE('',(#1345),#101,.T.);
#1454=ADVANCED_FACE('',(#1346),#102,.T.);
#1455=ADVANCED_FACE('',(#1347),#47,.T.);
#1456=ADVANCED_FACE('',(#1348),#12,.T.);
#1457=ADVANCED_FACE('',(#1349),#48,.T.);
#1458=ADVANCED_FACE('',(#1350),#49,.T.);
#1459=ADVANCED_FACE('',(#1351),#13,.T.);
#1460=ADVANCED_FACE('',(#1352),#103,.F.);
#1461=ADVANCED_FACE('',(#1353),#104,.F.);
#1462=ADVANCED_FACE('',(#1354),#105,.F.);
#1463=ADVANCED_FACE('',(#1355),#1389,.F.);
#1464=ADVANCED_FACE('',(#1356),#106,.F.);
#1465=ADVANCED_FACE('',(#1357),#1390,.T.);
#1466=ADVANCED_FACE('',(#1358),#28,.T.);
#1467=ADVANCED_FACE('',(#1359),#29,.T.);
#1468=ADVANCED_FACE('',(#1360),#14,.T.);
#1469=ADVANCED_FACE('',(#1361),#50,.T.);
#1470=ADVANCED_FACE('',(#1362),#30,.T.);
#1471=ADVANCED_FACE('',(#1363),#15,.T.);
#1472=ADVANCED_FACE('',(#1364),#31,.T.);
#1473=ADVANCED_FACE('',(#1365),#32,.T.);
#1474=ADVANCED_FACE('',(#1366),#33,.T.);
#1475=ADVANCED_FACE('',(#1367),#34,.T.);
#1476=ADVANCED_FACE('',(#1368),#35,.T.);
#1477=CLOSED_SHELL('',(#1391,#1392,#1393,#1394,#1395,#1396,#1397,#1398,
#1399,#1400,#1401,#1402,#1403,#1404,#1405,#1406,#1407,#1408,#1409,#1410,
#1411,#1412,#1413,#1414,#1415,#1416,#1417,#1418,#1419,#1420,#1421,#1422,
#1423,#1424,#1425,#1426,#1427,#1428,#1429,#1430,#1431,#1432,#1433,#1434,
#1435,#1436,#1437,#1438,#1439,#1440,#1441,#1442,#1443,#1444,#1445,#1446,
#1447,#1448,#1449,#1450,#1451,#1452,#1453,#1454,#1455,#1456,#1457,#1458,
#1459,#1460,#1461,#1462,#1463,#1464,#1465,#1466,#1467,#1468,#1469,#1470,
#1471,#1472,#1473,#1474,#1475,#1476));
#1478=STYLED_ITEM('',(#1479),#1486);
#1479=PRESENTATION_STYLE_ASSIGNMENT((#1480));
#1480=SURFACE_STYLE_USAGE(.BOTH.,#1481);
#1481=SURFACE_SIDE_STYLE('',(#1482));
#1482=SURFACE_STYLE_FILL_AREA(#1483);
#1483=FILL_AREA_STYLE('',(#1484));
#1484=FILL_AREA_STYLE_COLOUR('',#1485);
#1485=COLOUR_RGB('',0.615686274509804,0.811764705882353,0.929411764705882);
#1486=MANIFOLD_SOLID_BREP('Part 1',#1477);
#1487=SHAPE_DEFINITION_REPRESENTATION(#4181,#1488);
#1488=SHAPE_REPRESENTATION('Part 1',(#1489),#4176);
#1489=AXIS2_PLACEMENT_3D('',#1781,#1565,#1566);
#1490=AXIS2_PLACEMENT_3D('',#1929,#1571,#1572);
#1491=AXIS2_PLACEMENT_3D('',#1937,#1574,#1575);
#1492=AXIS2_PLACEMENT_3D('',#1960,#1579,#1580);
#1493=AXIS2_PLACEMENT_3D('',#1966,#1582,#1583);
#1494=AXIS2_PLACEMENT_3D('',#1967,#1584,#1585);
#1495=AXIS2_PLACEMENT_3D('',#1980,#1588,#1589);
#1496=AXIS2_PLACEMENT_3D('',#1985,#1592,#1593);
#1497=AXIS2_PLACEMENT_3D('',#1989,#1595,#1596);
#1498=AXIS2_PLACEMENT_3D('',#1990,#1597,#1598);
#1499=AXIS2_PLACEMENT_3D('',#1991,#1599,#1600);
#1500=AXIS2_PLACEMENT_3D('',#2005,#1603,#1604);
#1501=AXIS2_PLACEMENT_3D('',#2011,#1606,#1607);
#1502=AXIS2_PLACEMENT_3D('',#2037,#1611,#1612);
#1503=AXIS2_PLACEMENT_3D('',#2038,#1613,#1614);
#1504=AXIS2_PLACEMENT_3D('',#2039,#1615,#1616);
#1505=AXIS2_PLACEMENT_3D('',#2041,#1617,#1618);
#1506=AXIS2_PLACEMENT_3D('',#2044,#1620,#1621);
#1507=AXIS2_PLACEMENT_3D('',#2045,#1622,#1623);
#1508=AXIS2_PLACEMENT_3D('',#2050,#1625,#1626);
#1509=AXIS2_PLACEMENT_3D('',#2052,#1628,#1629);
#1510=AXIS2_PLACEMENT_3D('',#2053,#1630,#1631);
#1511=AXIS2_PLACEMENT_3D('',#2057,#1633,#1634);
#1512=AXIS2_PLACEMENT_3D('',#2060,#1636,#1637);
#1513=AXIS2_PLACEMENT_3D('',#2061,#1638,#1639);
#1514=AXIS2_PLACEMENT_3D('',#2068,#1640,#1641);
#1515=AXIS2_PLACEMENT_3D('',#2075,#1642,#1643);
#1516=AXIS2_PLACEMENT_3D('',#2076,#1644,#1645);
#1517=AXIS2_PLACEMENT_3D('',#2079,#1648,#1649);
#1518=AXIS2_PLACEMENT_3D('',#2085,#1651,#1652);
#1519=AXIS2_PLACEMENT_3D('',#2086,#1653,#1654);
#1520=AXIS2_PLACEMENT_3D('',#2108,#1657,#1658);
#1521=AXIS2_PLACEMENT_3D('',#2190,#1664,#1665);
#1522=AXIS2_PLACEMENT_3D('',#2214,#1667,#1668);
#1523=AXIS2_PLACEMENT_3D('',#2369,#1676,#1677);
#1524=AXIS2_PLACEMENT_3D('',#2486,#1681,#1682);
#1525=AXIS2_PLACEMENT_3D('',#2487,#1683,#1684);
#1526=AXIS2_PLACEMENT_3D('',#2500,#1685,#1686);
#1527=AXIS2_PLACEMENT_3D('',#2511,#1688,#1689);
#1528=AXIS2_PLACEMENT_3D('',#2517,#1690,#1691);
#1529=AXIS2_PLACEMENT_3D('',#2524,#1693,#1694);
#1530=AXIS2_PLACEMENT_3D('',#2535,#1696,#1697);
#1531=AXIS2_PLACEMENT_3D('',#2737,#1703,#1704);
#1532=AXIS2_PLACEMENT_3D('',#2761,#1706,#1707);
#1533=AXIS2_PLACEMENT_3D('',#2772,#1708,#1709);
#1534=AXIS2_PLACEMENT_3D('',#2816,#1712,#1713);
#1535=AXIS2_PLACEMENT_3D('',#2817,#1714,#1715);
#1536=AXIS2_PLACEMENT_3D('',#2819,#1716,#1717);
#1537=AXIS2_PLACEMENT_3D('',#2820,#1718,#1719);
#1538=AXIS2_PLACEMENT_3D('',#3382,#1720,#1721);
#1539=AXIS2_PLACEMENT_3D('',#3422,#1722,#1723);
#1540=AXIS2_PLACEMENT_3D('',#3695,#1724,#1725);
#1541=AXIS2_PLACEMENT_3D('',#3735,#1726,#1727);
#1542=AXIS2_PLACEMENT_3D('',#3906,#1728,#1729);
#1543=AXIS2_PLACEMENT_3D('',#3912,#1733,#1734);
#1544=AXIS2_PLACEMENT_3D('',#3914,#1736,#1737);
#1545=AXIS2_PLACEMENT_3D('',#3915,#1738,#1739);
#1546=AXIS2_PLACEMENT_3D('',#3916,#1740,#1741);
#1547=AXIS2_PLACEMENT_3D('',#3917,#1742,#1743);
#1548=AXIS2_PLACEMENT_3D('',#3918,#1744,#1745);
#1549=AXIS2_PLACEMENT_3D('',#3919,#1746,#1747);
#1550=AXIS2_PLACEMENT_3D('',#3920,#1748,#1749);
#1551=AXIS2_PLACEMENT_3D('',#3921,#1750,#1751);
#1552=AXIS2_PLACEMENT_3D('',#3922,#1752,#1753);
#1553=AXIS2_PLACEMENT_3D('',#3923,#1754,#1755);
#1554=AXIS2_PLACEMENT_3D('',#3925,#1757,#1758);
#1555=AXIS2_PLACEMENT_3D('',#3927,#1760,#1761);
#1556=AXIS2_PLACEMENT_3D('',#3947,#1762,#1763);
#1557=AXIS2_PLACEMENT_3D('',#4013,#1765,#1766);
#1558=AXIS2_PLACEMENT_3D('',#4014,#1767,#1768);
#1559=AXIS2_PLACEMENT_3D('',#4015,#1769,#1770);
#1560=AXIS2_PLACEMENT_3D('',#4016,#1771,#1772);
#1561=AXIS2_PLACEMENT_3D('',#4017,#1773,#1774);
#1562=AXIS2_PLACEMENT_3D('',#4034,#1775,#1776);
#1563=AXIS2_PLACEMENT_3D('',#4035,#1777,#1778);
#1564=AXIS2_PLACEMENT_3D('',#4110,#1779,#1780);
#1565=DIRECTION('',(0.,0.,1.));
#1566=DIRECTION('',(1.,0.,0.));
#1567=DIRECTION('',(0.,0.,-1.));
#1568=DIRECTION('',(0.,0.,-1.));
#1569=DIRECTION('',(0.,0.,-1.));
#1570=DIRECTION('',(0.,0.,-1.));
#1571=DIRECTION('',(-1.,0.,0.));
#1572=DIRECTION('',(0.,0.,1.));
#1573=DIRECTION('',(0.,0.,1.));
#1574=DIRECTION('',(1.,-2.03517080804902E-16,-1.7888107349141E-31));
#1575=DIRECTION('',(2.03517080804902E-16,1.,0.));
#1576=DIRECTION('',(0.,0.,-1.));
#1577=DIRECTION('',(0.,-1.,0.));
#1578=DIRECTION('',(0.,-1.,0.));
#1579=DIRECTION('',(-1.,0.,0.));
#1580=DIRECTION('',(0.,0.,1.));
#1581=DIRECTION('',(0.,0.997454023356492,0.0713124904203046));
#1582=DIRECTION('',(-1.,0.,0.));
#1583=DIRECTION('',(0.,0.,1.));
#1584=DIRECTION('',(-1.,0.,0.));
#1585=DIRECTION('',(0.,0.,1.));
#1586=DIRECTION('',(0.,0.,-1.));
#1587=DIRECTION('',(0.,-1.,0.));
#1588=DIRECTION('',(0.,0.,-1.));
#1589=DIRECTION('',(-1.,0.,0.));
#1590=DIRECTION('',(0.,-1.,0.));
#1591=DIRECTION('',(-1.,0.,0.));
#1592=DIRECTION('',(0.,0.,-1.));
#1593=DIRECTION('',(-1.,0.,0.));
#1594=DIRECTION('',(1.,0.,0.));
#1595=DIRECTION('',(0.,0.,-1.));
#1596=DIRECTION('',(-1.,0.,0.));
#1597=DIRECTION('',(-1.,0.,0.));
#1598=DIRECTION('',(0.,0.,1.));
#1599=DIRECTION('',(-1.,0.,0.));
#1600=DIRECTION('',(0.,0.,1.));
#1601=DIRECTION('',(0.,-1.,0.));
#1602=DIRECTION('',(0.,0.,-1.));
#1603=DIRECTION('',(-1.,0.,0.));
#1604=DIRECTION('',(0.,0.,1.));
#1605=DIRECTION('',(0.,0.997454023356492,0.0713124904203046));
#1606=DIRECTION('',(-1.,0.,0.));
#1607=DIRECTION('',(0.,0.,1.));
#1608=DIRECTION('',(0.,0.,1.));
#1609=DIRECTION('',(0.,-1.,0.));
#1610=DIRECTION('',(0.,0.,-1.));
#1611=DIRECTION('',(1.,-2.03517080804898E-16,1.78881073490402E-31));
#1612=DIRECTION('',(2.03517080804898E-16,1.,0.));
#1613=DIRECTION('',(-1.,0.,0.));
#1614=DIRECTION('',(0.,0.,1.));
#1615=DIRECTION('',(1.,0.,0.));
#1616=DIRECTION('',(0.,0.,-1.));
#1617=DIRECTION('',(1.,0.,0.));
#1618=DIRECTION('',(0.,0.,-1.));
#1619=DIRECTION('',(1.,0.,0.));
#1620=DIRECTION('',(0.,0.,-1.));
#1621=DIRECTION('',(-1.,0.,0.));
#1622=DIRECTION('',(0.,-3.41480999208033E-16,-1.));
#1623=DIRECTION('',(0.,1.,-3.41480999208033E-16));
#1624=DIRECTION('',(0.,0.,1.));
#1625=DIRECTION('',(0.,0.,-1.));
#1626=DIRECTION('',(-1.,0.,0.));
#1627=DIRECTION('',(0.,0.,1.));
#1628=DIRECTION('',(0.,0.,1.));
#1629=DIRECTION('',(1.,0.,0.));
#1630=DIRECTION('',(0.,0.,-1.));
#1631=DIRECTION('',(-1.,0.,0.));
#1632=DIRECTION('',(0.,0.,1.));
#1633=DIRECTION('',(0.,0.,-1.));
#1634=DIRECTION('',(-1.,0.,0.));
#1635=DIRECTION('',(0.,0.,1.));
#1636=DIRECTION('',(0.,0.,-1.));
#1637=DIRECTION('',(-1.,0.,0.));
#1638=DIRECTION('',(0.,0.,-1.));
#1639=DIRECTION('',(-1.,0.,0.));
#1640=DIRECTION('',(0.,0.,-1.));
#1641=DIRECTION('',(-1.,0.,0.));
#1642=DIRECTION('',(0.,0.,-1.));
#1643=DIRECTION('',(-1.,0.,0.));
#1644=DIRECTION('',(0.,0.,-1.));
#1645=DIRECTION('',(-1.,0.,0.));
#1646=DIRECTION('',(-1.,0.,0.));
#1647=DIRECTION('',(-1.,2.03517080804901E-16,0.));
#1648=DIRECTION('',(0.,0.,-1.));
#1649=DIRECTION('',(-1.,0.,0.));
#1650=DIRECTION('',(0.,1.,0.));
#1651=DIRECTION('',(0.,1.,0.));
#1652=DIRECTION('',(0.,0.,1.));
#1653=DIRECTION('',(0.,-1.,0.));
#1654=DIRECTION('',(0.,0.,-1.));
#1655=DIRECTION('',(-1.,2.03517080804901E-16,0.));
#1656=DIRECTION('',(0.,0.,-1.));
#1657=DIRECTION('',(-1.,-2.03517080804901E-16,0.));
#1658=DIRECTION('',(2.03517080804901E-16,-1.,0.));
#1659=DIRECTION('',(0.,-1.,0.));
#1660=DIRECTION('',(0.,0.,-1.));
#1661=DIRECTION('',(0.,-1.,0.));
#1662=DIRECTION('',(0.,0.,-1.));
#1663=DIRECTION('',(0.,0.,-1.));
#1664=DIRECTION('',(-1.,0.,0.));
#1665=DIRECTION('',(0.,0.,1.));
#1666=DIRECTION('',(0.,1.,0.));
#1667=DIRECTION('',(-1.,0.,0.));
#1668=DIRECTION('',(0.,0.,1.));
#1669=DIRECTION('',(0.,0.,-1.));
#1670=DIRECTION('',(0.,1.,0.));
#1671=DIRECTION('',(0.,1.,0.));
#1672=DIRECTION('',(0.,0.,-1.));
#1673=DIRECTION('',(-1.,2.03517080804901E-16,0.));
#1674=DIRECTION('',(-1.,2.03517080804901E-16,0.));
#1675=DIRECTION('',(-1.,2.03517080804901E-16,0.));
#1676=DIRECTION('',(1.,-2.03517080804898E-16,1.78881073490402E-31));
#1677=DIRECTION('',(2.03517080804898E-16,1.,0.));
#1678=DIRECTION('',(-1.,2.03517080804901E-16,0.));
#1679=DIRECTION('',(-1.,2.03517080804901E-16,0.));
#1680=DIRECTION('',(-1.,2.03517080804901E-16,0.));
#1681=DIRECTION('',(-1.,2.03517080804901E-16,0.));
#1682=DIRECTION('',(-2.03517080804901E-16,-1.,0.));
#1683=DIRECTION('',(-1.,-2.03517080804901E-16,0.));
#1684=DIRECTION('',(2.03517080804901E-16,-1.,0.));
#1685=DIRECTION('',(-1.,-2.03517080804901E-16,0.));
#1686=DIRECTION('',(2.03517080804901E-16,-1.,0.));
#1687=DIRECTION('',(0.,-1.,0.));
#1688=DIRECTION('',(-1.,2.03517080804901E-16,0.));
#1689=DIRECTION('',(-2.03517080804901E-16,-1.,0.));
#1690=DIRECTION('',(-1.,2.03517080804901E-16,0.));
#1691=DIRECTION('',(-2.03517080804901E-16,-1.,0.));
#1692=DIRECTION('',(0.,-1.,0.));
#1693=DIRECTION('',(0.,0.,1.));
#1694=DIRECTION('',(1.,0.,0.));
#1695=DIRECTION('',(1.,0.,0.));
#1696=DIRECTION('',(1.,-2.03517080804902E-16,-1.7888107349141E-31));
#1697=DIRECTION('',(2.03517080804902E-16,1.,0.));
#1698=DIRECTION('',(-1.,2.03517080804901E-16,0.));
#1699=DIRECTION('',(-1.,2.03517080804901E-16,0.));
#1700=DIRECTION('',(-1.,2.03517080804901E-16,0.));
#1701=DIRECTION('',(-1.,2.03517080804901E-16,0.));
#1702=DIRECTION('',(-1.,2.03517080804901E-16,0.));
#1703=DIRECTION('',(2.03517080804901E-16,1.,0.));
#1704=DIRECTION('',(-1.,2.03517080804901E-16,0.));
#1705=DIRECTION('',(1.,0.,0.));
#1706=DIRECTION('',(-1.,2.03517080804901E-16,0.));
#1707=DIRECTION('',(-2.03517080804901E-16,-1.,0.));
#1708=DIRECTION('',(-1.,2.03517080804901E-16,0.));
#1709=DIRECTION('',(-2.03517080804901E-16,-1.,0.));
#1710=DIRECTION('',(0.,-1.,0.));
#1711=DIRECTION('',(0.,-1.,0.));
#1712=DIRECTION('',(0.,-1.,0.));
#1713=DIRECTION('',(0.,0.,-1.));
#1714=DIRECTION('',(0.,-1.,0.));
#1715=DIRECTION('',(0.,0.,-1.));
#1716=DIRECTION('',(0.,-1.,0.));
#1717=DIRECTION('',(1.,0.,0.));
#1718=DIRECTION('',(0.,0.,-1.));
#1719=DIRECTION('',(-1.,0.,0.));
#1720=DIRECTION('',(-1.29318417560859E-17,-0.999820718027614,0.0189349360375506));
#1721=DIRECTION('',(0.,-0.0189349360375506,-0.999820718027614));
#1722=DIRECTION('',(0.,-0.517774893200029,0.85551689636833));
#1723=DIRECTION('',(0.,-0.85551689636833,-0.517774893200029));
#1724=DIRECTION('',(0.,-0.999820718027614,0.0189349360375506));
#1725=DIRECTION('',(0.,-0.0189349360375506,-0.999820718027614));
#1726=DIRECTION('',(0.,-0.517774893200508,0.85551689636804));
#1727=DIRECTION('',(0.,-0.85551689636804,-0.517774893200508));
#1728=DIRECTION('',(0.,0.,-1.));
#1729=DIRECTION('',(-1.,0.,0.));
#1730=DIRECTION('',(-1.,0.,0.));
#1731=DIRECTION('',(0.,1.,0.));
#1732=DIRECTION('',(0.,1.,0.));
#1733=DIRECTION('',(0.,-1.,0.));
#1734=DIRECTION('',(1.,0.,0.));
#1735=DIRECTION('',(-1.,0.,0.));
#1736=DIRECTION('',(0.,-1.,0.));
#1737=DIRECTION('',(0.,0.,-1.));
#1738=DIRECTION('',(0.,-1.,0.));
#1739=DIRECTION('',(0.,0.,-1.));
#1740=DIRECTION('',(1.,0.,-3.41480999208033E-16));
#1741=DIRECTION('',(-3.41480999208033E-16,0.,-1.));
#1742=DIRECTION('',(1.,0.,0.));
#1743=DIRECTION('',(0.,0.,-1.));
#1744=DIRECTION('',(-1.,0.,0.));
#1745=DIRECTION('',(0.,0.,1.));
#1746=DIRECTION('',(-1.,0.,0.));
#1747=DIRECTION('',(0.,0.,1.));
#1748=DIRECTION('',(0.,1.,0.));
#1749=DIRECTION('',(0.,0.,1.));
#1750=DIRECTION('',(0.,-1.,0.));
#1751=DIRECTION('',(0.,0.,-1.));
#1752=DIRECTION('',(0.,0.,-1.));
#1753=DIRECTION('',(-1.,0.,0.));
#1754=DIRECTION('',(0.,1.,0.));
#1755=DIRECTION('',(0.,0.,1.));
#1756=DIRECTION('',(-1.,0.,0.));
#1757=DIRECTION('',(0.,-0.0713124904203046,0.997454023356492));
#1758=DIRECTION('',(0.,-0.997454023356492,-0.0713124904203046));
#1759=DIRECTION('',(-1.,0.,0.));
#1760=DIRECTION('',(0.,-1.,0.));
#1761=DIRECTION('',(0.,0.,-1.));
#1762=DIRECTION('',(0.,-0.344817432463157,0.938669770616651));
#1763=DIRECTION('',(0.,-0.938669770616651,-0.344817432463157));
#1764=DIRECTION('',(1.,0.,0.));
#1765=DIRECTION('',(-1.70740499604017E-16,-0.619333242435356,-0.785128228262434));
#1766=DIRECTION('',(0.,0.785128228262434,-0.619333242435356));
#1767=DIRECTION('',(-3.92610912046437E-16,-0.785128228262434,0.619333242435355));
#1768=DIRECTION('',(0.,-0.619333242435355,-0.785128228262434));
#1769=DIRECTION('',(1.,2.51855556183764E-16,-4.16139690404399E-16));
#1770=DIRECTION('',(-4.16139690404399E-16,0.,-1.));
#1771=DIRECTION('',(-1.,2.03517080804901E-16,0.));
#1772=DIRECTION('',(-2.03517080804901E-16,-1.,0.));
#1773=DIRECTION('',(1.,7.92933205062009E-15,-1.34313543146045E-14));
#1774=DIRECTION('',(-1.34313543146045E-14,0.,-1.));
#1775=DIRECTION('',(-1.70740499604017E-16,-0.619333242435364,-0.785128228262428));
#1776=DIRECTION('',(0.,0.785128228262428,-0.619333242435364));
#1777=DIRECTION('',(1.43738935464176E-12,-0.785128228261538,0.619333242436493));
#1778=DIRECTION('',(0.,-0.619333242436493,-0.785128228261538));
#1779=DIRECTION('',(1.,-2.22732335462494E-14,8.12523060230894E-15));
#1780=DIRECTION('',(2.22732335462494E-14,1.,0.));
#1781=CARTESIAN_POINT('',(0.,0.,0.));
#1782=CARTESIAN_POINT('',(0.0052569299004972,0.0659143924713135,0.0156204272389331));
#1783=CARTESIAN_POINT('',(0.0052569299004972,0.0659143924713135,0.));
#1784=CARTESIAN_POINT('',(0.0052569299004972,0.0737228444161007,0.0156204272389331));
#1785=CARTESIAN_POINT('',(0.0052569299004972,0.0737228444161007,0.));
#1786=CARTESIAN_POINT('',(0.00358249038467587,0.0940154846182249,0.0156204272389331));
#1787=CARTESIAN_POINT('',(0.00358249038467587,0.0940154846182249,0.));
#1788=CARTESIAN_POINT('',(0.000233611353033212,0.126792313077686,0.0156204272389331));
#1789=CARTESIAN_POINT('',(0.000233611353033212,0.126792313077686,0.));
#1790=CARTESIAN_POINT('',(0.00257204561489631,0.103060204753711,0.00181053144236116));
#1791=CARTESIAN_POINT('',(0.00265270795493878,0.102197099185035,0.00388204486546928));
#1792=CARTESIAN_POINT('',(0.0025721085179166,0.103059526471452,0.0059506599119627));
#1793=CARTESIAN_POINT('',(0.00237787814051889,0.105118379611302,0.00679990389683122));
#1794=CARTESIAN_POINT('',(0.00218093905355687,0.107180815431742,0.00595165803430774));
#1795=CARTESIAN_POINT('',(0.00209803918310546,0.108042187752933,0.00388201154597921));
#1796=CARTESIAN_POINT('',(0.00218066287757576,0.107183688879321,0.00181537111865658));
#1797=CARTESIAN_POINT('',(0.00237744535599235,0.105122944270603,0.000962727789054854));
#1798=CARTESIAN_POINT('',(0.00257204561489631,0.103060204753711,0.00181053144236116));
#1799=CARTESIAN_POINT('',(0.00265270795493878,0.102197099185035,0.00388204486546928));
#1800=CARTESIAN_POINT('',(0.0025721085179166,0.103059526471452,0.0059506599119627));
#1801=CARTESIAN_POINT('',(0.00262583099209468,0.102484687994217,0.00388156180270017));
#1802=CARTESIAN_POINT('',(0.0052569299004972,0.0659143924713135,0.));
#1803=CARTESIAN_POINT('',(0.0052569299004972,0.0778963267803192,0.));
#1804=CARTESIAN_POINT('',(0.,0.129072571730782,0.));
#1805=CARTESIAN_POINT('',(0.00252285951919891,0.103580981492996,4.33680868994202E-19));
#1806=CARTESIAN_POINT('',(0.000293352965028505,0.126207181207464,0.));
#1807=CARTESIAN_POINT('',(0.000293352965028746,0.126207181207462,1.44955901759276E-18));
#1808=CARTESIAN_POINT('',(0.000616112861447767,0.12304368464958,0.00149511679022217));
#1809=CARTESIAN_POINT('',(0.00125653316926992,0.116693458929998,0.00443256229217363));
#1810=CARTESIAN_POINT('',(0.00219843816613839,0.107065541486133,0.00862628889256394));
#1811=CARTESIAN_POINT('',(0.00311358011706446,0.0973021501457897,0.0124796462111224));
#1812=CARTESIAN_POINT('',(0.00369719614669076,0.0906615745907148,0.0146756981716887));
#1813=CARTESIAN_POINT('',(0.00397937587503106,0.0872530564665794,0.0155272636569912));
#1814=CARTESIAN_POINT('',(0.00397937587503106,0.0872530564665794,0.0155272636569912));
#1815=CARTESIAN_POINT('',(0.00397937587503106,0.0872530564665794,0.0508));
#1816=CARTESIAN_POINT('',(0.00397937587503106,0.0872530564665794,0.0128585910426851));
#1817=CARTESIAN_POINT('',(0.00397937587503106,0.0872530564665794,0.0128585910426851));
#1818=CARTESIAN_POINT('',(0.00404316960423771,0.0864824763703903,0.0131254312779795));
#1819=CARTESIAN_POINT('',(0.00413747196412306,0.0853269595751583,0.0135276443350735));
#1820=CARTESIAN_POINT('',(0.00426093829666839,0.0837747470053585,0.0140283992203081));
#1821=CARTESIAN_POINT('',(0.00432171546928179,0.0829960813744758,0.0142728072116449));
#1822=CARTESIAN_POINT('',(0.00435243364559548,0.0825982621930742,0.0143643184771162));
#1823=CARTESIAN_POINT('',(0.00435243364559548,0.0825982621930742,0.0143643184771162));
#1824=CARTESIAN_POINT('',(0.00435243364559548,0.0825982621930742,0.0143643184771163));
#1825=CARTESIAN_POINT('',(0.00456689371396999,0.0798208730677289,0.0143647637309684));
#1826=CARTESIAN_POINT('',(0.00495590546091462,0.0742662322001702,0.0143870722102459));
#1827=CARTESIAN_POINT('',(0.0052569299004972,0.0686987761798707,0.0144621444576542));
#1828=CARTESIAN_POINT('',(0.0052569299004972,0.0659143924713135,0.0145124237830658));
#1829=CARTESIAN_POINT('',(0.0052569299004972,0.0659143924713135,0.0145124237830658));
#1830=CARTESIAN_POINT('',(0.0052569299004972,0.0659143924713135,0.0508));
#1831=CARTESIAN_POINT('',(0.0052569299004972,0.0659143924713135,0.00792785251575522));
#1832=CARTESIAN_POINT('',(0.00403270040727852,0.0866063085514901,0.00559215615449178));
#1833=CARTESIAN_POINT('',(0.00431118840759646,0.0832146404143808,0.00642963142026423));
#1834=CARTESIAN_POINT('',(0.00471172646199371,0.0780613920558375,0.00713364359440547));
#1835=CARTESIAN_POINT('',(0.00512188290996896,0.0711383132899038,0.00769123289131746));
#1836=CARTESIAN_POINT('',(0.0052569299004972,0.0676598842569673,0.00786169064031358));
#1837=CARTESIAN_POINT('',(0.0052569299004972,0.0659143924713135,0.00792785251575522));
#1838=CARTESIAN_POINT('',(0.00403270040727697,0.08660630855149,0.00559215615449181));
#1839=CARTESIAN_POINT('',(0.00403270040727853,0.0866063085514901,0.00559215615449185));
#1840=CARTESIAN_POINT('',(0.00402316433335176,0.0867224471213876,0.00563481929837438));
#1841=CARTESIAN_POINT('',(0.00401360676417467,0.0868385843676661,0.00567748195602959));
#1842=CARTESIAN_POINT('',(0.00400402815432817,0.0869547203183174,0.00572014413774015));
#1843=CARTESIAN_POINT('',(0.00400402815432816,0.0869547203183174,0.00572014413774013));
#1844=CARTESIAN_POINT('',(0.00252285951919892,0.103580981492996,3.46944695195361E-18));
#1845=CARTESIAN_POINT('',(0.00277766011621187,0.100875956436334,0.00113789908751894));
#1846=CARTESIAN_POINT('',(0.00315486209314137,0.0967896061588947,0.0027770844821858));
#1847=CARTESIAN_POINT('',(0.00364532853504763,0.0912263158838573,0.00466125500666379));
#1848=CARTESIAN_POINT('',(0.00388513942853461,0.0883961878603758,0.00543185062932845));
#1849=CARTESIAN_POINT('',(0.00400402815432818,0.0869547203183174,0.00572014413774013));
#1850=CARTESIAN_POINT('',(-0.0052569299004972,0.0659143924713135,0.0156204272389331));
#1851=CARTESIAN_POINT('',(-0.0052569299004972,0.0659143924713135,0.));
#1852=CARTESIAN_POINT('',(-0.0052569299004972,0.0737228444161005,0.0156204272389331));
#1853=CARTESIAN_POINT('',(-0.0052569299004972,0.0737228444161005,0.));
#1854=CARTESIAN_POINT('',(-0.00358249038467595,0.094015484618224,0.0156204272389331));
#1855=CARTESIAN_POINT('',(-0.00358249038467595,0.094015484618224,0.));
#1856=CARTESIAN_POINT('',(-0.000233611353033439,0.126792313077684,0.0156204272389331));
#1857=CARTESIAN_POINT('',(-0.000233611353033439,0.126792313077684,0.));
#1858=CARTESIAN_POINT('',(-0.0025720456148963,0.103060204753711,0.00181053144236116));
#1859=CARTESIAN_POINT('',(-0.00265270795493878,0.102197099185035,0.00388204486546929));
#1860=CARTESIAN_POINT('',(-0.0025721085179166,0.103059526471452,0.00595065991196269));
#1861=CARTESIAN_POINT('',(-0.00237787814051889,0.105118379611302,0.00679990389683122));
#1862=CARTESIAN_POINT('',(-0.00218093905355687,0.107180815431742,0.00595165803430773));
#1863=CARTESIAN_POINT('',(-0.00209803918310546,0.108042187752933,0.00388201154597921));
#1864=CARTESIAN_POINT('',(-0.00218066287757576,0.107183688879321,0.00181537111865658));
#1865=CARTESIAN_POINT('',(-0.00237744535599235,0.105122944270603,0.000962727789054855));
#1866=CARTESIAN_POINT('',(-0.0025720456148963,0.103060204753711,0.00181053144236116));
#1867=CARTESIAN_POINT('',(-0.00265270795493878,0.102197099185035,0.00388204486546929));
#1868=CARTESIAN_POINT('',(-0.0025721085179166,0.103059526471452,0.00595065991196269));
#1869=CARTESIAN_POINT('',(-0.00262583099209468,0.102484687994217,0.00388156180270016));
#1870=CARTESIAN_POINT('',(-0.00397937587503106,0.0872530564665794,0.0508));
#1871=CARTESIAN_POINT('',(-0.00397937587503106,0.0872530564665794,0.0155272636569912));
#1872=CARTESIAN_POINT('',(-0.00397937587503106,0.0872530564665794,0.0128585910431643));
#1873=CARTESIAN_POINT('',(-0.00397937587503106,0.0872530564665794,0.0155272636569912));
#1874=CARTESIAN_POINT('',(-0.00369719614671166,0.0906615745907166,0.0146756981716882));
#1875=CARTESIAN_POINT('',(-0.0031135801170547,0.0973021501457895,0.0124796462111225));
#1876=CARTESIAN_POINT('',(-0.00219843816614094,0.107065541486134,0.00862628889256359));
#1877=CARTESIAN_POINT('',(-0.00125653316926895,0.11669345893,0.00443256229217261));
#1878=CARTESIAN_POINT('',(-0.000616112861447785,0.12304368464958,0.00149511679022221));
#1879=CARTESIAN_POINT('',(-0.00029335296502874,0.126207181207462,-3.06190654372832E-17));
#1880=CARTESIAN_POINT('',(-0.00029335296502874,0.126207181207462,0.));
#1881=CARTESIAN_POINT('',(-0.0052569299004972,0.0659143924713135,0.));
#1882=CARTESIAN_POINT('',(-0.0052569299004972,0.0778963267803192,0.));
#1883=CARTESIAN_POINT('',(0.,0.129072571730782,0.));
#1884=CARTESIAN_POINT('',(-0.00252285951919891,0.103580981492996,0.));
#1885=CARTESIAN_POINT('',(-0.00252285951919892,0.103580981492996,3.46944695195361E-18));
#1886=CARTESIAN_POINT('',(-0.00277766011621187,0.100875956436334,0.00113789908751894));
#1887=CARTESIAN_POINT('',(-0.00315486209314137,0.0967896061588947,0.0027770844821858));
#1888=CARTESIAN_POINT('',(-0.00364532853504763,0.0912263158838573,0.00466125500666379));
#1889=CARTESIAN_POINT('',(-0.00388513942853461,0.0883961878603758,0.00543185062932845));
#1890=CARTESIAN_POINT('',(-0.00400402815432818,0.0869547203183174,0.00572014413774013));
#1891=CARTESIAN_POINT('',(-0.00400402815432819,0.0869547203183174,0.00572014413774013));
#1892=CARTESIAN_POINT('',(-0.00403270040727744,0.0866063085515034,0.00559215615449674));
#1893=CARTESIAN_POINT('',(-0.00402316433335103,0.0867224471213965,0.00563481929837764));
#1894=CARTESIAN_POINT('',(-0.0040136067641743,0.0868385843676705,0.00567748195603122));
#1895=CARTESIAN_POINT('',(-0.00400402815432818,0.0869547203183174,0.00572014413774015));
#1896=CARTESIAN_POINT('',(-0.00403270040727744,0.0866063085515034,0.00559215615449673));
#1897=CARTESIAN_POINT('',(-0.0040327004072775,0.0866063085515025,0.00559215615448872));
#1898=CARTESIAN_POINT('',(-0.00431118840759565,0.0832146404143912,0.00642963142026271));
#1899=CARTESIAN_POINT('',(-0.00471172646199321,0.0780613920558448,0.00713364359440473));
#1900=CARTESIAN_POINT('',(-0.00512188290996882,0.071138313289907,0.00769123289131731));
#1901=CARTESIAN_POINT('',(-0.0052569299004972,0.0676598842569684,0.00786169064031354));
#1902=CARTESIAN_POINT('',(-0.0052569299004972,0.0659143924713135,0.00792785251575522));
#1903=CARTESIAN_POINT('',(-0.00525692990049718,0.0659143924713135,0.00792785251575522));
#1904=CARTESIAN_POINT('',(-0.0052569299004972,0.0659143924713135,0.0508));
#1905=CARTESIAN_POINT('',(-0.0052569299004972,0.0659143924713135,0.0145124237830658));
#1906=CARTESIAN_POINT('',(-0.0052569299004972,0.0659143924713135,0.0145124237830658));
#1907=CARTESIAN_POINT('',(-0.00525692837158937,0.0686987782639922,0.0144621443469336));
#1908=CARTESIAN_POINT('',(-0.00495590585254713,0.0742662384483379,0.0143870721743065));
#1909=CARTESIAN_POINT('',(-0.00456689295913776,0.079820883471085,0.0143647636965481));
#1910=CARTESIAN_POINT('',(-0.00435243268184036,0.0825982746742913,0.0143643184751154));
#1911=CARTESIAN_POINT('',(-0.00435243085099416,0.0825982983800376,0.0143643487065648));
#1912=CARTESIAN_POINT('',(-0.00435243144994406,0.0825982906280964,0.0143643147967767));
#1913=CARTESIAN_POINT('',(-0.00434696886944609,0.0826690343519663,0.014348045954298));
#1914=CARTESIAN_POINT('',(-0.00433442627957225,0.0828312338250618,0.0143071420798349));
#1915=CARTESIAN_POINT('',(-0.00431273257442433,0.0831102879760484,0.0142282282818293));
#1916=CARTESIAN_POINT('',(-0.00429494850229314,0.083337922593148,0.0141607901365607));
#1917=CARTESIAN_POINT('',(-0.00428136684158943,0.0835113667644252,0.0141084551999047));
#1918=CARTESIAN_POINT('',(-0.00425962831931596,0.083787945385577,0.0140229477406108));
#1919=CARTESIAN_POINT('',(-0.00423976559649564,0.0840393788001491,0.0139432897612893));
#1920=CARTESIAN_POINT('',(-0.0042095544710698,0.0844204385762804,0.0138208643308675));
#1921=CARTESIAN_POINT('',(-0.00416675707252497,0.0849561719000192,0.0136444663080946));
#1922=CARTESIAN_POINT('',(-0.00413070519120773,0.0854034681710591,0.013494204716001));
#1923=CARTESIAN_POINT('',(-0.00409930512439559,0.0857909814561338,0.0133627243648017));
#1924=CARTESIAN_POINT('',(-0.00407308656774519,0.0861130194220951,0.013252616099207));
#1925=CARTESIAN_POINT('',(-0.00405450881411093,0.0863403717476224,0.0131743849561437));
#1926=CARTESIAN_POINT('',(-0.00402362063212184,0.0867172509907916,0.0130442285621464));
#1927=CARTESIAN_POINT('',(-0.00399806278423066,0.0870273327086546,0.0129367557661086));
#1928=CARTESIAN_POINT('',(-0.00397937587505809,0.0872530564662529,0.0128585910431643));
#1929=CARTESIAN_POINT('',(-0.00615999242290855,-0.00841762826921843,0.00666268682107329));
#1930=CARTESIAN_POINT('',(-0.00615999242290855,-0.0347235729405444,0.00717559801061691));
#1931=CARTESIAN_POINT('',(-0.00615999242290854,-0.0347235729405444,0.00102582237908723));
#1932=CARTESIAN_POINT('',(-0.00615999242290855,-0.0347235729405444,0.0133253736421466));
#1933=CARTESIAN_POINT('',(-0.00615999242290853,-0.0188571475446224,0.00388156180270016));
#1934=CARTESIAN_POINT('',(-0.00615999242290854,-0.0411527641117573,-0.0013798555592075));
#1935=CARTESIAN_POINT('',(-0.00615999242290854,-0.0515104457736015,0.00177677057217807));
#1936=CARTESIAN_POINT('',(-0.00615999242290853,-0.0188571475446224,0.00388156180270016));
#1937=CARTESIAN_POINT('',(-0.00615999242290851,0.1285298716004,-1.60423988229655));
#1938=CARTESIAN_POINT('',(-0.00615999242290854,-0.0123693965271961,0.00446287303852384));
#1939=CARTESIAN_POINT('',(-0.00615999242290853,-0.0123693965271961,0.00446287303852384));
#1940=CARTESIAN_POINT('',(-0.00615999242290853,-0.0116025321536855,0.0045300268260383));
#1941=CARTESIAN_POINT('',(-0.00615999242290855,-0.0104694075315195,0.00486043717094879));
#1942=CARTESIAN_POINT('',(-0.00615999242290855,-0.00935780976169398,0.0059732792108293));
#1943=CARTESIAN_POINT('',(-0.00615999242290855,-0.0091223646056966,0.00673435605485748));
#1944=CARTESIAN_POINT('',(-0.00615999242290855,-0.00912236460569655,0.00712290635127356));
#1945=CARTESIAN_POINT('',(-0.00615999242290855,-0.00912236460569655,0.00712290635127356));
#1946=CARTESIAN_POINT('',(-0.00615999242290855,-0.00912236460569655,0.0215861066765661));
#1947=CARTESIAN_POINT('',(-0.00615999242290855,-0.00912236460569655,0.0133253736421466));
#1948=CARTESIAN_POINT('',(-0.00615999242290855,-0.00841762826921843,0.0133253736421466));
#1949=CARTESIAN_POINT('',(-0.00615999242290855,-0.0168744280782291,0.0133253736421466));
#1950=CARTESIAN_POINT('',(-0.00615999242290855,-0.0243448284602077,0.0133253736421466));
#1951=CARTESIAN_POINT('',(-0.00615999242290855,-0.0237181913633927,0.0133253736421466));
#1952=CARTESIAN_POINT('',(-0.00615999242290855,-0.0224962787406764,0.013067796503292));
#1953=CARTESIAN_POINT('',(-0.00615999242290855,-0.0209860574032088,0.0126517099919752));
#1954=CARTESIAN_POINT('',(-0.00615999242290855,-0.0197048136692783,0.0127969212616612));
#1955=CARTESIAN_POINT('',(-0.00615999242290855,-0.0184627324323809,0.0131220876964222));
#1956=CARTESIAN_POINT('',(-0.00615999242290855,-0.0175126317982283,0.0133253736421466));
#1957=CARTESIAN_POINT('',(-0.00615999242290855,-0.0168744280782291,0.0133253736421466));
#1958=CARTESIAN_POINT('',(-0.00615999242290855,-0.0243448284602077,0.0133253736421466));
#1959=CARTESIAN_POINT('',(-0.00615999242290855,-0.00841762826921843,0.0133253736421466));
#1960=CARTESIAN_POINT('',(-0.00615999242290855,-0.00841762826921843,0.00666268682107329));
#1961=CARTESIAN_POINT('',(-0.00615999242290855,-0.0375802999683192,0.000821582069227049));
#1962=CARTESIAN_POINT('',(-0.00615999242290854,-0.040437026996094,0.000617341759366867));
#1963=CARTESIAN_POINT('',(-0.00615999242290853,-0.0188571475446224,0.00388156180270016));
#1964=CARTESIAN_POINT('',(-0.00615999242290854,-0.0411527641117573,-0.0013798555592075));
#1965=CARTESIAN_POINT('',(-0.00615999242290854,-0.0515104457736015,0.00177677057217807));
#1966=CARTESIAN_POINT('',(-0.00615999242290855,-0.00841762826921843,0.00666268682107329));
#1967=CARTESIAN_POINT('',(-0.00615999242290855,-0.0443799797787423,0.00388156180270016));
#1968=CARTESIAN_POINT('',(-0.00615999242290855,-0.0443799797787423,0.00651698916823922));
#1969=CARTESIAN_POINT('',(-0.00615999242290855,-0.040437026996094,0.00697135770075673));
#1970=CARTESIAN_POINT('',(-0.00615999242290855,-0.040437026996094,0.0133253736421466));
#1971=CARTESIAN_POINT('',(-0.00615999242290855,-0.00841762826921843,0.0133253736421466));
#1972=CARTESIAN_POINT('',(-0.00615999242290855,-0.0460471316683228,0.0133253736421466));
#1973=CARTESIAN_POINT('',(-0.00615999242290854,-0.0515104457736015,0.00177677057217807));
#1974=CARTESIAN_POINT('',(-0.00615999242290854,-0.0492416210472584,0.0135154761373997));
#1975=CARTESIAN_POINT('',(-0.00615999242290854,-0.0397717393934727,0.0177571941167116));
#1976=CARTESIAN_POINT('',(-0.00615999242290852,-0.0515104457736015,0.00177677057217807));
#1977=CARTESIAN_POINT('',(-0.00615999242290853,-0.0188571475446224,0.00388156180270016));
#1978=CARTESIAN_POINT('',(-0.00615999242290854,-0.0411527641117573,-0.0013798555592075));
#1979=CARTESIAN_POINT('',(-0.00615999242290854,-0.0515104457736015,0.00177677057217807));
#1980=CARTESIAN_POINT('',(0.,-0.00841762826921843,0.0133253736421466));
#1981=CARTESIAN_POINT('',(0.00615999242290855,-0.00841762826921843,0.0133253736421466));
#1982=CARTESIAN_POINT('',(0.00615999242290855,-0.0243448284602077,0.0133253736421466));
#1983=CARTESIAN_POINT('',(0.00615999242290855,-0.0347235729405444,0.0133253736421466));
#1984=CARTESIAN_POINT('',(0.0103754075770914,-0.0347235729405444,0.0133253736421466));
#1985=CARTESIAN_POINT('',(-0.0027169299004972,-0.0206096282692184,0.0133253736421466));
#1986=CARTESIAN_POINT('',(-0.0027169299004972,-0.0256896282692184,0.0133253736421466));
#1987=CARTESIAN_POINT('',(0.00525692990049721,-0.0256896282692184,0.0133253736421466));
#1988=CARTESIAN_POINT('',(0.0027169299004972,-0.0256896282692184,0.0133253736421466));
#1989=CARTESIAN_POINT('',(0.0027169299004972,-0.0206096282692184,0.0133253736421466));
#1990=CARTESIAN_POINT('',(0.00615999242290855,-0.00841762826921843,0.00666268682107329));
#1991=CARTESIAN_POINT('',(0.00615999242290855,-0.0443799797787423,0.00388156180270016));
#1992=CARTESIAN_POINT('',(0.00615999242290855,-0.0443799797787423,0.00651698916823922));
#1993=CARTESIAN_POINT('',(0.00615999242290855,-0.00841762826921843,0.0133253736421466));
#1994=CARTESIAN_POINT('',(0.00615999242290855,-0.040437026996094,0.0133253736421466));
#1995=CARTESIAN_POINT('',(0.00615999242290855,-0.0460471316683228,0.0133253736421466));
#1996=CARTESIAN_POINT('',(0.00615999242290855,-0.040437026996094,0.00666268682107329));
#1997=CARTESIAN_POINT('',(0.00615999242290857,-0.040437026996094,0.000617341759366867));
#1998=CARTESIAN_POINT('',(0.00615999242290856,-0.0188571475446224,0.00388156180270016));
#1999=CARTESIAN_POINT('',(0.00615999242290855,-0.0411527641117573,-0.0013798555592075));
#2000=CARTESIAN_POINT('',(0.00615999242290855,-0.0515104457736015,0.00177677057217807));
#2001=CARTESIAN_POINT('',(0.00615999242290855,-0.0515104457736015,0.00177677057217807));
#2002=CARTESIAN_POINT('',(0.00615999242290855,-0.0515104457736015,0.00177677057217807));
#2003=CARTESIAN_POINT('',(0.00615999242290855,-0.0492416210472584,0.0135154761373997));
#2004=CARTESIAN_POINT('',(0.00615999242290855,-0.0397717393934727,0.0177571941167116));
#2005=CARTESIAN_POINT('',(0.00615999242290855,-0.00841762826921843,0.00666268682107329));
#2006=CARTESIAN_POINT('',(0.00615999242290856,-0.0188571475446224,0.00388156180270016));
#2007=CARTESIAN_POINT('',(0.00615999242290855,-0.0411527641117573,-0.0013798555592075));
#2008=CARTESIAN_POINT('',(0.00615999242290855,-0.0515104457736015,0.00177677057217807));
#2009=CARTESIAN_POINT('',(0.00615999242290857,-0.0347235729405444,0.00102582237908723));
#2010=CARTESIAN_POINT('',(0.00615999242290855,-0.00815045098282137,0.00292565481313861));
#2011=CARTESIAN_POINT('',(0.00615999242290855,-0.00841762826921843,0.00666268682107329));
#2012=CARTESIAN_POINT('',(0.00615999242290856,-0.0188571475446224,0.00388156180270016));
#2013=CARTESIAN_POINT('',(0.00615999242290855,-0.0411527641117573,-0.0013798555592075));
#2014=CARTESIAN_POINT('',(0.00615999242290855,-0.0515104457736015,0.00177677057217807));
#2015=CARTESIAN_POINT('',(0.00615999242290856,-0.0188571475446224,0.00388156180270016));
#2016=CARTESIAN_POINT('',(0.00615999242290855,-0.0347235729405444,0.00666268682107329));
#2017=CARTESIAN_POINT('',(0.00615999242290855,-0.0243448284602077,0.0133253736421466));
#2018=CARTESIAN_POINT('',(0.00615999242290855,-0.0237181913633927,0.0133253736421466));
#2019=CARTESIAN_POINT('',(0.00615999242290855,-0.0224962787406764,0.013067796503292));
#2020=CARTESIAN_POINT('',(0.00615999242290855,-0.0209860574032088,0.0126517099919752));
#2021=CARTESIAN_POINT('',(0.00615999242290855,-0.0197048136692783,0.0127969212616612));
#2022=CARTESIAN_POINT('',(0.00615999242290855,-0.0184627324323809,0.0131220876964222));
#2023=CARTESIAN_POINT('',(0.00615999242290855,-0.0175126317982283,0.0133253736421466));
#2024=CARTESIAN_POINT('',(0.00615999242290855,-0.0168744280782291,0.0133253736421466));
#2025=CARTESIAN_POINT('',(0.00615999242290855,-0.0168744280782291,0.0133253736421466));
#2026=CARTESIAN_POINT('',(0.00615999242290855,-0.00841762826921843,0.0133253736421466));
#2027=CARTESIAN_POINT('',(0.00615999242290855,-0.00912236460569656,0.0133253736421466));
#2028=CARTESIAN_POINT('',(0.00615999242290855,-0.00912236460569655,0.0216592686754136));
#2029=CARTESIAN_POINT('',(0.00615999242290855,-0.00912236460569655,0.00712290635127356));
#2030=CARTESIAN_POINT('',(0.00615999242290855,-0.00912236460569655,0.00712290635127356));
#2031=CARTESIAN_POINT('',(0.00615999242290855,-0.00912236460569655,0.00673473328098184));
#2032=CARTESIAN_POINT('',(0.00615999242290855,-0.00935524842162032,0.00597944571708031));
#2033=CARTESIAN_POINT('',(0.00615999242290855,-0.0104613559221584,0.00486357873381686));
#2034=CARTESIAN_POINT('',(0.00615999242290855,-0.0116023251896357,0.00453004494973829));
#2035=CARTESIAN_POINT('',(0.00615999242290855,-0.0123693965271962,0.00446287303852385));
#2036=CARTESIAN_POINT('',(0.00615999242290855,-0.0123693965271962,0.00446287303852384));
#2037=CARTESIAN_POINT('',(0.00615999242290858,0.128529871600351,-1.60423988229599));
#2038=CARTESIAN_POINT('',(0.,-0.0256896282692184,0.0107853736421466));
#2039=CARTESIAN_POINT('',(0.0027169299004972,-0.0256896282692184,0.0107853736421466));
#2040=CARTESIAN_POINT('',(0.0027169299004972,-0.0231496282692185,0.0107853736421466));
#2041=CARTESIAN_POINT('',(-0.0027169299004972,-0.0256896282692184,0.0107853736421466));
#2042=CARTESIAN_POINT('',(-0.0027169299004972,-0.0231496282692185,0.0107853736421466));
#2043=CARTESIAN_POINT('',(-0.0052569299004972,-0.0231496282692185,0.0107853736421466));
#2044=CARTESIAN_POINT('',(0.0027169299004972,-0.0206096282692184,0.0258977431512903));
#2045=CARTESIAN_POINT('',(0.0027169299004972,-0.0206096282692184,0.00734379616355321));
#2046=CARTESIAN_POINT('',(0.0052569299004972,-0.0206096282692184,0.00734379616355321));
#2047=CARTESIAN_POINT('',(0.0027169299004972,-0.0231496282692185,0.00734379616355321));
#2048=CARTESIAN_POINT('',(0.0052569299004972,-0.0206096282692184,0.00480379616355321));
#2049=CARTESIAN_POINT('',(0.0052569299004972,-0.0206096282692184,0.0107853736421466));
#2050=CARTESIAN_POINT('',(0.0027169299004972,-0.0206096282692184,0.0107853736421466));
#2051=CARTESIAN_POINT('',(0.0027169299004972,-0.0231496282692185,0.0133253736421466));
#2052=CARTESIAN_POINT('',(-0.0027169299004972,-0.0206096282692184,0.0508));
#2053=CARTESIAN_POINT('',(-0.0027169299004972,-0.0206096282692184,0.00734379616355321));
#2054=CARTESIAN_POINT('',(-0.0052569299004972,-0.0206096282692184,0.00734379616355321));
#2055=CARTESIAN_POINT('',(-0.0027169299004972,-0.0231496282692185,0.00734379616355321));
#2056=CARTESIAN_POINT('',(-0.0027169299004972,-0.0231496282692185,0.0258977431512903));
#2057=CARTESIAN_POINT('',(-0.0027169299004972,-0.0206096282692184,0.0107853736421466));
#2058=CARTESIAN_POINT('',(-0.0052569299004972,-0.0206096282692184,0.0107853736421466));
#2059=CARTESIAN_POINT('',(-0.0052569299004972,-0.0206096282692184,0.0508));
#2060=CARTESIAN_POINT('',(-0.0027169299004972,-0.0206096282692184,0.0107853736421466));
#2061=CARTESIAN_POINT('',(-0.0027169299004972,-0.0206096282692184,0.0133253736421466));
#2062=CARTESIAN_POINT('',(-0.0052569299004972,-0.0162102192179935,0.0133253736421466));
#2063=CARTESIAN_POINT('',(-0.0052569299004972,-0.0162102192179935,0.0133253736421466));
#2064=CARTESIAN_POINT('',(-0.0052569299004972,-0.0170907192289085,0.0133253736421466));
#2065=CARTESIAN_POINT('',(-0.0052569299004972,-0.0187499261051745,0.0126468057061322));
#2066=CARTESIAN_POINT('',(-0.0052569299004972,-0.0199967308955626,0.0113982698153716));
#2067=CARTESIAN_POINT('',(-0.0052569299004972,-0.0206096282692184,0.0107853736421466));
#2068=CARTESIAN_POINT('',(0.0027169299004972,-0.0206096282692184,0.0107853736421466));
#2069=CARTESIAN_POINT('',(0.0052569299004972,-0.0162102192179935,0.0133253736421466));
#2070=CARTESIAN_POINT('',(0.0052569299004972,-0.0170907192289085,0.0133253736421466));
#2071=CARTESIAN_POINT('',(0.0052569299004972,-0.0187499261051745,0.0126468057061322));
#2072=CARTESIAN_POINT('',(0.0052569299004972,-0.0199967308955626,0.0113982698153716));
#2073=CARTESIAN_POINT('',(0.0052569299004972,-0.0206096282692184,0.0107853736421466));
#2074=CARTESIAN_POINT('',(0.0052569299004972,-0.0162102192179935,0.0133253736421466));
#2075=CARTESIAN_POINT('',(0.0027169299004972,-0.0206096282692184,0.0133253736421466));
#2076=CARTESIAN_POINT('',(0.,-0.00841762826921843,0.0133253736421466));
#2077=CARTESIAN_POINT('',(0.0103754075770914,-0.040437026996094,0.0133253736421466));
#2078=CARTESIAN_POINT('',(2.08166817117217E-17,-0.0460471316683228,0.0133253736421466));
#2079=CARTESIAN_POINT('',(0.,-0.00841762826921843,0.0133253736421466));
#2080=CARTESIAN_POINT('',(0.0052569299004972,-0.0231496282692185,0.0133253736421466));
#2081=CARTESIAN_POINT('',(0.0052569299004972,-0.00844458676874638,0.0133253736421466));
#2082=CARTESIAN_POINT('',(0.014605,-0.0273325312882662,0.0133253736421466));
#2083=CARTESIAN_POINT('',(0.0127976601943374,-0.0137164611369371,0.0133253736421466));
#2084=CARTESIAN_POINT('',(0.0052569299004972,-0.00844458676874638,0.0133253736421466));
#2085=CARTESIAN_POINT('',(2.08166817117217E-17,-0.0614274282692184,0.0508));
#2086=CARTESIAN_POINT('',(0.,-0.0614274282692184,0.032756045460701));
#2087=CARTESIAN_POINT('',(0.,-0.0614274282692184,0.023231045460701));
#2088=CARTESIAN_POINT('',(-0.014605,-0.0614274282692184,0.0313135618027002));
#2089=CARTESIAN_POINT('',(-0.014605,-0.0614274282692184,0.0438305586576462));
#2090=CARTESIAN_POINT('',(0.,-0.0614274282692184,0.0438305586576462));
#2091=CARTESIAN_POINT('',(-0.014605,-0.0614274282692184,0.0313135618027002));
#2092=CARTESIAN_POINT('',(2.77555756156289E-17,-0.0614274282692184,0.0438305586576462));
#2093=CARTESIAN_POINT('',(-0.014605,-0.0614274282692184,0.0313135618027002));
#2094=CARTESIAN_POINT('',(-0.00408307742327452,-0.0614274282692184,0.0199833381921053));
#2095=CARTESIAN_POINT('',(-0.014605,-0.0614274282692184,0.0133253736421466));
#2096=CARTESIAN_POINT('',(-0.00934414442003151,-0.0614274282692184,0.0211111102253198));
#2097=CARTESIAN_POINT('',(0.038989,-0.0614274282692184,0.0211111102253199));
#2098=CARTESIAN_POINT('',(0.00934414442003153,-0.0614274282692184,0.0211111102253199));
#2099=CARTESIAN_POINT('',(0.014605,-0.0614274282692184,0.0313135618027002));
#2100=CARTESIAN_POINT('',(0.00408307742327452,-0.0614274282692184,0.0199833381921053));
#2101=CARTESIAN_POINT('',(0.014605,-0.0614274282692184,0.0133253736421466));
#2102=CARTESIAN_POINT('',(0.014605,-0.0614274282692184,0.0313135618027002));
#2103=CARTESIAN_POINT('',(0.014605,-0.0614274282692184,0.0508));
#2104=CARTESIAN_POINT('',(0.014605,-0.0614274282692184,0.0324708344414831));
#2105=CARTESIAN_POINT('',(0.,-0.0614274282692184,0.0438305586576462));
#2106=CARTESIAN_POINT('',(0.014605,-0.0614274282692184,0.0438305586576462));
#2107=CARTESIAN_POINT('',(0.014605,-0.0614274282692184,0.0324708344414831));
#2108=CARTESIAN_POINT('',(0.014605,-0.0443799797787423,0.0508));
#2109=CARTESIAN_POINT('',(0.014605,-0.00841762826921843,0.0313135618027002));
#2110=CARTESIAN_POINT('',(0.014605,-0.0273325312882662,0.0313135618027002));
#2111=CARTESIAN_POINT('',(0.014605,-0.0273325312882662,0.0508));
#2112=CARTESIAN_POINT('',(0.014605,-0.0273325312882662,0.0324708344414831));
#2113=CARTESIAN_POINT('',(0.014605,-0.0106274282692184,0.0324708344414831));
#2114=CARTESIAN_POINT('',(0.014605,-0.0273325312882662,0.0403626360002899));
#2115=CARTESIAN_POINT('',(0.014605,-0.0273325312882662,0.004415932580763));
#2116=CARTESIAN_POINT('',(0.0139879403218576,-0.0226837497814244,0.0403626360002899));
#2117=CARTESIAN_POINT('',(0.0139879403218576,-0.0226837497814244,0.004415932580763));
#2118=CARTESIAN_POINT('',(0.0123121323137415,-0.0168024218637247,0.0403626360002899));
#2119=CARTESIAN_POINT('',(0.0123121323137415,-0.0168024218637247,0.004415932580763));
#2120=CARTESIAN_POINT('',(0.0090355065772758,-0.0118641659276571,0.0403626360002899));
#2121=CARTESIAN_POINT('',(0.0090355065772758,-0.0118641659276571,0.00441593258076299));
#2122=CARTESIAN_POINT('',(0.00679544036920201,-0.00957745696253119,0.0403626360002899));
#2123=CARTESIAN_POINT('',(0.00679544036920201,-0.00957745696253119,0.004415932580763));
#2124=CARTESIAN_POINT('',(0.00553474735886244,-0.00863881447358661,0.0403626360002899));
#2125=CARTESIAN_POINT('',(0.00553474735886244,-0.00863881447358661,0.004415932580763));
#2126=CARTESIAN_POINT('',(0.00489111070106611,-0.00818883529830216,0.0403626360002899));
#2127=CARTESIAN_POINT('',(0.00489111070106611,-0.00818883529830216,0.004415932580763));
#2128=CARTESIAN_POINT('',(0.0052569299004972,-0.00844458676874638,0.0508));
#2129=CARTESIAN_POINT('',(0.0052569299004972,-0.00844458676874638,0.0344927980957655));
#2130=CARTESIAN_POINT('',(0.0052569299004972,-0.00844458676874638,0.0344927980957655));
#2131=CARTESIAN_POINT('',(0.0052569299004972,-0.00844458676874638,0.0349333687910078));
#2132=CARTESIAN_POINT('',(0.00517830168426366,-0.00838961622058651,0.0353738856177419));
#2133=CARTESIAN_POINT('',(0.0049832415944286,-0.00825324583631504,0.0357464725488252));
#2134=CARTESIAN_POINT('',(0.0049832415944286,-0.00825324583631504,0.0357464725488252));
#2135=CARTESIAN_POINT('',(0.0049832415944286,-0.00825324583631504,0.0357464725488252));
#2136=CARTESIAN_POINT('',(0.00507444681753302,-0.00831700921985922,0.0357879134653078));
#2137=CARTESIAN_POINT('',(0.00516567614051414,-0.00838078945210601,0.0358292753323693));
#2138=CARTESIAN_POINT('',(0.0052569299004972,-0.00844458676874637,0.0358705567791499));
#2139=CARTESIAN_POINT('',(0.0052569299004972,-0.00844458676874638,0.0358705567791499));
#2140=CARTESIAN_POINT('',(0.0052569299004972,-0.00844458676874637,0.0358705567791499));
#2141=CARTESIAN_POINT('',(0.00678157746580882,-0.00951049817346226,0.0364555263195688));
#2142=CARTESIAN_POINT('',(0.00941476244421144,-0.0121367102298779,0.0378619218109663));
#2143=CARTESIAN_POINT('',(0.0111657898938287,-0.015273107527445,0.0394190072677238));
#2144=CARTESIAN_POINT('',(0.0118950848600465,-0.0169440982218057,0.0401495132527345));
#2145=CARTESIAN_POINT('',(0.0118950848600451,-0.0169440982218024,0.0401495132527433));
#2146=CARTESIAN_POINT('',(0.0118950848600451,-0.0169440982218024,0.0401495132527433));
#2147=CARTESIAN_POINT('',(0.0123175590972765,-0.0179120886121404,0.0397152619945806));
#2148=CARTESIAN_POINT('',(0.0130366365835529,-0.0198624419840534,0.0387999171242879));
#2149=CARTESIAN_POINT('',(0.0136943444731908,-0.0223032930742343,0.037516924254505));
#2150=CARTESIAN_POINT('',(0.0141023612494884,-0.0242150647888646,0.0363474748805026));
#2151=CARTESIAN_POINT('',(0.0143531180735963,-0.0256033854691095,0.03534116334447));
#2152=CARTESIAN_POINT('',(0.0145421339956263,-0.0268499490727714,0.0341531923516502));
#2153=CARTESIAN_POINT('',(0.014605,-0.0273325312882662,0.0330561029235743));
#2154=CARTESIAN_POINT('',(0.014605,-0.0273325312882662,0.0324708344414831));
#2155=CARTESIAN_POINT('',(0.014605,-0.0273325312882662,0.0313135618027002));
#2156=CARTESIAN_POINT('',(0.0143908297380161,-0.0257190232460238,0.0310829388398982));
#2157=CARTESIAN_POINT('',(0.0139689870525281,-0.0233543445810328,0.0306231853116629));
#2158=CARTESIAN_POINT('',(0.0131690169853588,-0.0203592839660216,0.0296790985836239));
#2159=CARTESIAN_POINT('',(0.0124356064230851,-0.0181947807268793,0.0287507838980935));
#2160=CARTESIAN_POINT('',(0.0115826686419967,-0.0161885085832776,0.0275526725872728));
#2161=CARTESIAN_POINT('',(0.0106648638793895,-0.0144429365982245,0.0260316222671267));
#2162=CARTESIAN_POINT('',(0.00980242617352351,-0.0130859501476587,0.024134884650492));
#2163=CARTESIAN_POINT('',(0.00923274537534947,-0.0123168390162352,0.0217683935455932));
#2164=CARTESIAN_POINT('',(0.00946196633939645,-0.0126117815541481,0.0192074072058575));
#2165=CARTESIAN_POINT('',(0.0103872991710765,-0.0139648521471658,0.0172422584177136));
#2166=CARTESIAN_POINT('',(0.0114115574988602,-0.0158239571857295,0.0159235362067208));
#2167=CARTESIAN_POINT('',(0.0123348019182649,-0.0179243049286256,0.0150119393836371));
#2168=CARTESIAN_POINT('',(0.0131204963109213,-0.0201914790348277,0.0143588971145055));
#2169=CARTESIAN_POINT('',(0.0139579576087644,-0.0232875442660324,0.013739969356459));
#2170=CARTESIAN_POINT('',(0.0143888460190157,-0.0257040783767828,0.0134621495528446));
#2171=CARTESIAN_POINT('',(0.014605,-0.0273325312882662,0.0133253736421466));
#2172=CARTESIAN_POINT('',(0.014605,-0.0273325312882662,0.0133253736421466));
#2173=CARTESIAN_POINT('',(0.014605,-0.0273325312882662,0.0508));
#2174=CARTESIAN_POINT('',(0.014605,-0.0273325312882662,0.00468887032337618));
#2175=CARTESIAN_POINT('',(0.014605,-0.0273325312882662,0.00468887032337616));
#2176=CARTESIAN_POINT('',(0.014605,-0.0273325312882662,0.00466877264988735));
#2177=CARTESIAN_POINT('',(0.0146047693063674,-0.0273307926251143,0.00464883176899503));
#2178=CARTESIAN_POINT('',(0.0146042961449948,-0.0273272305642525,0.0046290553283096));
#2179=CARTESIAN_POINT('',(0.0146042961449948,-0.0273272305642523,0.00462905532830965));
#2180=CARTESIAN_POINT('',(0.0146042961449948,-0.0273272305642523,0.00462905532830964));
#2181=CARTESIAN_POINT('',(0.0141979797067463,-0.0242683927845569,0.0051556860824175));
#2182=CARTESIAN_POINT('',(0.0135494738548317,-0.0212511727750144,0.00577302342278469));
#2183=CARTESIAN_POINT('',(0.0124744072972199,-0.0183768492876699,0.00639468796513868));
#2184=CARTESIAN_POINT('',(0.0124744072972199,-0.0183768492876699,0.00639468796513867));
#2185=CARTESIAN_POINT('',(0.0124744072972199,-0.0183768492876699,0.00639468796513867));
#2186=CARTESIAN_POINT('',(0.0118101771644197,-0.0166009478102087,0.00654373858794791));
#2187=CARTESIAN_POINT('',(0.0101594402556055,-0.0131855904659532,0.00682052181387585));
#2188=CARTESIAN_POINT('',(0.0076454165375275,-0.0103173273873461,0.00703500709824713));
#2189=CARTESIAN_POINT('',(0.00615999242290855,-0.00912236460569655,0.00712290635127356));
#2190=CARTESIAN_POINT('',(0.0052569299004972,0.0287349028512836,0.0508));
#2191=CARTESIAN_POINT('',(0.0052569299004972,0.0659143924713135,0.0145124237830658));
#2192=CARTESIAN_POINT('',(0.0052569299004972,0.0606179046906518,0.0146127304235886));
#2193=CARTESIAN_POINT('',(0.00525692990049718,0.0526780356547661,0.0148462422306294));
#2194=CARTESIAN_POINT('',(0.00525692990049721,0.0421057843188798,0.0154238952569396));
#2195=CARTESIAN_POINT('',(0.00525692990049719,0.0341885236869273,0.0160357199642835));
#2196=CARTESIAN_POINT('',(0.0052569299004972,0.026278590499076,0.0169042871609785));
#2197=CARTESIAN_POINT('',(0.0052569299004972,0.0197491368026474,0.0179497851146353));
#2198=CARTESIAN_POINT('',(0.0052569299004972,0.0146021529699807,0.0191528741106988));
#2199=CARTESIAN_POINT('',(0.0052569299004972,0.0107907252676471,0.0203518077511721));
#2200=CARTESIAN_POINT('',(0.0052569299004972,0.00774631540074979,0.0217732150212698));
#2201=CARTESIAN_POINT('',(0.0052569299004972,0.0056288948888713,0.023382606005881));
#2202=CARTESIAN_POINT('',(0.0052569299004972,0.004760704695012,0.0244205984558757));
#2203=CARTESIAN_POINT('',(0.0052569299004972,0.00441954067145235,0.0249843020854247));
#2204=CARTESIAN_POINT('',(0.0052569299004972,0.00441954067145235,0.0249843020854246));
#2205=CARTESIAN_POINT('',(0.0052569299004972,0.00441954067143981,0.0249843020854348));
#2206=CARTESIAN_POINT('',(0.0052569299004972,0.000231774868540818,0.0282877402754096));
#2207=CARTESIAN_POINT('',(0.0052569299004972,-0.00402477420398577,0.0315057492127223));
#2208=CARTESIAN_POINT('',(0.0052569299004972,-0.00844458676874638,0.0344927980957655));
#2209=CARTESIAN_POINT('',(0.0052569299004972,-0.00841762826921795,0.00734379616355321));
#2210=CARTESIAN_POINT('',(0.00525692990049721,0.0280069432481692,0.0073437961635532));
#2211=CARTESIAN_POINT('',(0.00525692990049722,0.0872530564665824,0.00542700670203016));
#2212=CARTESIAN_POINT('',(0.00525692990049721,0.0642775510044913,0.0114946360554676));
#2213=CARTESIAN_POINT('',(0.0052569299004972,-0.0188571475446224,0.00388156180270016));
#2214=CARTESIAN_POINT('',(-0.0052569299004972,0.0287349028512836,0.0508));
#2215=CARTESIAN_POINT('',(-0.0052569299004972,-0.00844458676874638,0.0508));
#2216=CARTESIAN_POINT('',(-0.0052569299004972,-0.00844458676874638,0.0344927980957655));
#2217=CARTESIAN_POINT('',(-0.0052569299004972,-0.00844458676874638,0.0133253736421466));
#2218=CARTESIAN_POINT('',(-0.0052569299004972,-0.00844458676874638,0.0344927980957655));
#2219=CARTESIAN_POINT('',(-0.0052569299004972,-0.00402477420398669,0.0315057492127229));
#2220=CARTESIAN_POINT('',(-0.0052569299004972,0.000231774868554069,0.0282877402753995));
#2221=CARTESIAN_POINT('',(-0.0052569299004972,0.00441954067145204,0.0249843020854251));
#2222=CARTESIAN_POINT('',(-0.0052569299004972,0.00441954067144152,0.0249843020854425));
#2223=CARTESIAN_POINT('',(-0.0052569299004972,0.00441954067144152,0.0249843020854425));
#2224=CARTESIAN_POINT('',(-0.0052569299004972,0.00475710087698581,0.0244265530265805));
#2225=CARTESIAN_POINT('',(-0.0052569299004972,0.00562278502718815,0.0233879947164984));
#2226=CARTESIAN_POINT('',(-0.0052569299004972,0.00773861072640594,0.0217777752799369));
#2227=CARTESIAN_POINT('',(-0.0052569299004972,0.0107807471482551,0.0203555752071962));
#2228=CARTESIAN_POINT('',(-0.0052569299004972,0.0145903233596575,0.0191560889903219));
#2229=CARTESIAN_POINT('',(-0.00525692990049719,0.0197347683666394,0.0179525151403621));
#2230=CARTESIAN_POINT('',(-0.0052569299004972,0.0262611091750378,0.0169066463379125));
#2231=CARTESIAN_POINT('',(-0.00525692990049718,0.0341674234899336,0.0160376493880807));
#2232=CARTESIAN_POINT('',(-0.0052569299004972,0.0420888939505202,0.0154249278717266));
#2233=CARTESIAN_POINT('',(-0.00525692990049719,0.0526727901556023,0.0148463411801795));
#2234=CARTESIAN_POINT('',(-0.0052569299004972,0.0606163783189712,0.0146127593305213));
#2235=CARTESIAN_POINT('',(-0.0052569299004972,0.0659143924713135,0.0145124237830658));
#2236=CARTESIAN_POINT('',(-0.00525692990049718,0.0872530564665824,0.00542700670203016));
#2237=CARTESIAN_POINT('',(-0.00525692990049718,0.0642775510044913,0.0114946360554676));
#2238=CARTESIAN_POINT('',(-0.0052569299004972,-0.0188571475446224,0.00388156180270016));
#2239=CARTESIAN_POINT('',(-0.00525692990049719,0.0280069432481693,0.00734379616355321));
#2240=CARTESIAN_POINT('',(-0.0052569299004972,0.0287349028512836,0.00734379616355321));
#2241=CARTESIAN_POINT('',(-0.0052569299004972,-0.0231496282692185,0.0133253736421466));
#2242=CARTESIAN_POINT('',(-0.014605,-0.0273325312882662,0.0401839386508528));
#2243=CARTESIAN_POINT('',(-0.014605,-0.0273325312882662,0.00441699837012346));
#2244=CARTESIAN_POINT('',(-0.0139879403218576,-0.0226837497814244,0.0401839386508528));
#2245=CARTESIAN_POINT('',(-0.0139879403218576,-0.0226837497814244,0.00441699837012346));
#2246=CARTESIAN_POINT('',(-0.0123121323137415,-0.0168024218637247,0.0401839386508528));
#2247=CARTESIAN_POINT('',(-0.0123121323137415,-0.0168024218637247,0.00441699837012346));
#2248=CARTESIAN_POINT('',(-0.0090355065772758,-0.0118641659276571,0.0401839386508528));
#2249=CARTESIAN_POINT('',(-0.0090355065772758,-0.0118641659276571,0.00441699837012346));
#2250=CARTESIAN_POINT('',(-0.00679544036920201,-0.00957745696253119,0.0401839386508528));
#2251=CARTESIAN_POINT('',(-0.00679544036920201,-0.00957745696253119,0.00441699837012346));
#2252=CARTESIAN_POINT('',(-0.00553474735886243,-0.00863881447358661,0.0401839386508528));
#2253=CARTESIAN_POINT('',(-0.00553474735886243,-0.00863881447358661,0.00441699837012346));
#2254=CARTESIAN_POINT('',(-0.00489111070106611,-0.00818883529830216,0.0401839386508528));
#2255=CARTESIAN_POINT('',(-0.00489111070106611,-0.00818883529830216,0.00441699837012346));
#2256=CARTESIAN_POINT('',(-0.0117157708947207,-0.0165421868009528,0.0399718816926586));
#2257=CARTESIAN_POINT('',(-0.0121806613746951,-0.0175616153476712,0.0394745133210953));
#2258=CARTESIAN_POINT('',(-0.0129628892857679,-0.0196146973786993,0.0384243330861071));
#2259=CARTESIAN_POINT('',(-0.0136653588549246,-0.0221769296815029,0.03695406966851));
#2260=CARTESIAN_POINT('',(-0.0140948838192669,-0.0241737949580564,0.0356167048199131));
#2261=CARTESIAN_POINT('',(-0.0143549885749889,-0.0256124318409668,0.0344730698780362));
#2262=CARTESIAN_POINT('',(-0.0145461227926929,-0.0268789343298496,0.0331265453440856));
#2263=CARTESIAN_POINT('',(-0.014605,-0.0273325312882662,0.0319404640591752));
#2264=CARTESIAN_POINT('',(-0.014605,-0.0273325312882662,0.0313135618027002));
#2265=CARTESIAN_POINT('',(-0.0117157708947207,-0.0165421868009527,0.0399718816926586));
#2266=CARTESIAN_POINT('',(-0.014605,-0.0273325312882662,0.0313135618027002));
#2267=CARTESIAN_POINT('',(-0.0117157708947224,-0.0165421868009567,0.0399718816926667));
#2268=CARTESIAN_POINT('',(-0.0109914658846213,-0.0149539047525287,0.0392624864555959));
#2269=CARTESIAN_POINT('',(-0.00969523173831736,-0.0127161293869247,0.0381471434313845));
#2270=CARTESIAN_POINT('',(-0.00765010745954402,-0.0104184808283077,0.036936007044355));
#2271=CARTESIAN_POINT('',(-0.00650064082271536,-0.00938910003980182,0.0363881819690492));
#2272=CARTESIAN_POINT('',(-0.00580453032382321,-0.00884112241330111,0.0360822173813308));
#2273=CARTESIAN_POINT('',(-0.00544028207550932,-0.00856702665127057,0.0359497841491539));
#2274=CARTESIAN_POINT('',(-0.0052569299004972,-0.00844458676874638,0.03587055677915));
#2275=CARTESIAN_POINT('',(-0.0052569299004972,-0.00844458676874638,0.0358705567791499));
#2276=CARTESIAN_POINT('',(-0.0052569299004972,-0.00844458676874637,0.0358705567791499));
#2277=CARTESIAN_POINT('',(-0.00516567614048391,-0.0083807894451202,0.0358292753432322));
#2278=CARTESIAN_POINT('',(-0.00507444681753302,-0.00831700921985922,0.0357879134653079));
#2279=CARTESIAN_POINT('',(-0.0049832415944286,-0.00825324583631504,0.0357464725488253));
#2280=CARTESIAN_POINT('',(-0.0049832415944286,-0.00825324583631504,0.0357464725488252));
#2281=CARTESIAN_POINT('',(-0.0049832415944286,-0.00825324583631504,0.0357464725488252));
#2282=CARTESIAN_POINT('',(-0.00517870585116844,-0.00838989878169966,0.035373113613039));
#2283=CARTESIAN_POINT('',(-0.0052569299004972,-0.00844458676874638,0.0349340868857862));
#2284=CARTESIAN_POINT('',(-0.0052569299004972,-0.00844458676874638,0.0344927980957656));
#2285=CARTESIAN_POINT('',(-0.014605,-0.0273325312882662,0.0133253736421466));
#2286=CARTESIAN_POINT('',(-0.0127976601943374,-0.0137164611369371,0.0133253736421466));
#2287=CARTESIAN_POINT('',(-0.0052569299004972,-0.00844458676874638,0.0133253736421466));
#2288=CARTESIAN_POINT('',(-0.00615999242290855,-0.00912236460569655,0.00712290635127356));
#2289=CARTESIAN_POINT('',(-0.00764541653752752,-0.0103173273873461,0.00703500709824713));
#2290=CARTESIAN_POINT('',(-0.0101594402579911,-0.0131855904647402,0.00682052181401766));
#2291=CARTESIAN_POINT('',(-0.0118101771596485,-0.0166009478126348,0.00654373858766427));
#2292=CARTESIAN_POINT('',(-0.0124744072972199,-0.0183768492876699,0.00639468796513866));
#2293=CARTESIAN_POINT('',(-0.0124744072972199,-0.0183768492876699,0.00639468796513869));
#2294=CARTESIAN_POINT('',(-0.0124744072972199,-0.0183768492876699,0.00639468796513869));
#2295=CARTESIAN_POINT('',(-0.0135494738465944,-0.0212511727775642,0.00577302342189954));
#2296=CARTESIAN_POINT('',(-0.0141979797067463,-0.0242683927845568,0.00515568608241748));
#2297=CARTESIAN_POINT('',(-0.0146042961449948,-0.0273272305642523,0.00462905532830962));
#2298=CARTESIAN_POINT('',(-0.0146042961449948,-0.0273272305642523,0.00462905532830962));
#2299=CARTESIAN_POINT('',(-0.0146042961449948,-0.0273272305642523,0.00462905532830962));
#2300=CARTESIAN_POINT('',(-0.0146047693063673,-0.0273307926251015,0.0046488317689962));
#2301=CARTESIAN_POINT('',(-0.014605,-0.0273325312882662,0.00466877264988732));
#2302=CARTESIAN_POINT('',(-0.014605,-0.0273325312882662,0.00468887032337616));
#2303=CARTESIAN_POINT('',(-0.014605,-0.0273325312882662,0.00468887032337618));
#2304=CARTESIAN_POINT('',(-0.014605,-0.0273325312882662,0.0508));
#2305=CARTESIAN_POINT('',(-0.014605,-0.0273325312882662,0.0133253736421466));
#2306=CARTESIAN_POINT('',(-0.014605,-0.0273325312882662,0.0133253736421466));
#2307=CARTESIAN_POINT('',(-0.014389438862595,-0.0257085447199347,0.0134617744187847));
#2308=CARTESIAN_POINT('',(-0.0139617173108243,-0.0233073042331359,0.0137376105271626));
#2309=CARTESIAN_POINT('',(-0.0131284895839101,-0.0202176000574935,0.0143526274585997));
#2310=CARTESIAN_POINT('',(-0.0123447662381358,-0.0179505687317039,0.0150034229754411));
#2311=CARTESIAN_POINT('',(-0.0114287250853573,-0.0158591303270893,0.0159043783873134));
#2312=CARTESIAN_POINT('',(-0.0104035180165051,-0.0139912193665022,0.0172188482205481));
#2313=CARTESIAN_POINT('',(-0.00947846490970545,-0.0126340932204543,0.0191551282557616));
#2314=CARTESIAN_POINT('',(-0.00922737240913121,-0.0123099006856497,0.02171065351024));
#2315=CARTESIAN_POINT('',(-0.00978378168479996,-0.0130592599717812,0.0240838345728279));
#2316=CARTESIAN_POINT('',(-0.0106457226156821,-0.0144096751690744,0.0259964984261518));
#2317=CARTESIAN_POINT('',(-0.0115631993344859,-0.0161487593781455,0.027523091780678));
#2318=CARTESIAN_POINT('',(-0.0126933440149657,-0.0187897364165162,0.0291147059479969));
#2319=CARTESIAN_POINT('',(-0.0138277173533371,-0.0225447321585021,0.0304674836306209));
#2320=CARTESIAN_POINT('',(-0.0143901507364005,-0.0257139078086272,0.0310822076769306));
#2321=CARTESIAN_POINT('',(-0.014605,-0.0273325312882662,0.0313135618027002));
#2322=CARTESIAN_POINT('',(0.014605,-0.0515104457736016,0.00177677057217807));
#2323=CARTESIAN_POINT('',(-0.014605,-0.0515104457736016,0.00177677057217807));
#2324=CARTESIAN_POINT('',(0.014605,-0.0499978959560395,0.0096025742823258));
#2325=CARTESIAN_POINT('',(-0.014605,-0.0499978959560394,0.0096025742823258));
#2326=CARTESIAN_POINT('',(0.014605,-0.0460849938293298,0.0149293821305036));
#2327=CARTESIAN_POINT('',(-0.014605,-0.0460849938293298,0.0149293821305036));
#2328=CARTESIAN_POINT('',(0.014605,-0.0397717393934727,0.0177571941167116));
#2329=CARTESIAN_POINT('',(-0.014605,-0.0397717393934727,0.0177571941167116));
#2330=CARTESIAN_POINT('',(-0.014605,-0.0515104457736015,0.00177677057217807));
#2331=CARTESIAN_POINT('',(-0.014605,-0.0492416210472584,0.0135154761373997));
#2332=CARTESIAN_POINT('',(-0.014605,-0.0397717393934727,0.0177571941167116));
#2333=CARTESIAN_POINT('',(-0.014605,-0.0509280790870136,0.00425462604863847));
#2334=CARTESIAN_POINT('',(-0.014605,-0.0460471316683228,0.0133253736421466));
#2335=CARTESIAN_POINT('',(-0.014605,-0.0509280790870136,0.00425462604863847));
#2336=CARTESIAN_POINT('',(-0.014605,-0.0511090924097847,0.00360795317030114));
#2337=CARTESIAN_POINT('',(-0.014053178189502,-0.0514106112180323,0.00232698604393311));
#2338=CARTESIAN_POINT('',(-0.0127365385317573,-0.0515104457736015,0.00177677057217807));
#2339=CARTESIAN_POINT('',(-0.012065,-0.0515104457736015,0.00177677057217807));
#2340=CARTESIAN_POINT('',(-0.012065,-0.0515104457736015,0.00177677057217807));
#2341=CARTESIAN_POINT('',(0.038989,-0.0515104457736016,0.00177677057217807));
#2342=CARTESIAN_POINT('',(0.038989,-0.0515104457736016,0.00177677057217807));
#2343=CARTESIAN_POINT('',(0.012065,-0.0515104457736015,0.00177677057217807));
#2344=CARTESIAN_POINT('',(0.012065,-0.0515104457736015,0.00177677057217807));
#2345=CARTESIAN_POINT('',(0.0127365272719778,-0.0515104457736015,0.00177677057217807));
#2346=CARTESIAN_POINT('',(0.0140507226818756,-0.0514111383880056,0.00232455986984683));
#2347=CARTESIAN_POINT('',(0.014605,-0.051109085673319,0.00360797723642796));
#2348=CARTESIAN_POINT('',(0.014605,-0.0509280790870136,0.00425462604863847));
#2349=CARTESIAN_POINT('',(0.014605,-0.0509280790870136,0.00425462604863847));
#2350=CARTESIAN_POINT('',(0.014605,-0.0515104457736015,0.00177677057217807));
#2351=CARTESIAN_POINT('',(0.014605,-0.0492416210472584,0.0135154761373997));
#2352=CARTESIAN_POINT('',(0.014605,-0.0397717393934727,0.0177571941167116));
#2353=CARTESIAN_POINT('',(0.014605,-0.0460471316683229,0.0133253736421466));
#2354=CARTESIAN_POINT('',(0.0101771808073432,-0.0397717393934727,0.0177571941167116));
#2355=CARTESIAN_POINT('',(0.0103355827951176,-0.0404528462069543,0.017452115012009));
#2356=CARTESIAN_POINT('',(0.0107286618665199,-0.0417500593576738,0.0167888331933367));
#2357=CARTESIAN_POINT('',(0.01197783713074,-0.0440921382497244,0.0152482999549416));
#2358=CARTESIAN_POINT('',(0.0134504663213151,-0.0453662506790749,0.0140559287520484));
#2359=CARTESIAN_POINT('',(0.014605,-0.0460471316683228,0.0133253736421466));
#2360=CARTESIAN_POINT('',(0.0101771808073432,-0.0397717393934727,0.0177571941167116));
#2361=CARTESIAN_POINT('',(0.038989,-0.0397717393934727,0.0177571941167116));
#2362=CARTESIAN_POINT('',(-0.0101771808073432,-0.0397717393934727,0.0177571941167116));
#2363=CARTESIAN_POINT('',(-0.0101771808073432,-0.0397717393934727,0.0177571941167116));
#2364=CARTESIAN_POINT('',(-0.0103355827951176,-0.0404528462069543,0.017452115012009));
#2365=CARTESIAN_POINT('',(-0.0107286618665199,-0.0417500593576738,0.0167888331933367));
#2366=CARTESIAN_POINT('',(-0.01197783713074,-0.0440921382497243,0.0152482999549416));
#2367=CARTESIAN_POINT('',(-0.0134504663213151,-0.0453662506790749,0.0140559287520484));
#2368=CARTESIAN_POINT('',(-0.014605,-0.0460471316683228,0.0133253736421466));
#2369=CARTESIAN_POINT('',(0.00927307632654663,0.128529871600351,-1.60423988229599));
#2370=CARTESIAN_POINT('',(0.00615999242290856,-0.0123693965271962,0.00446287303852384));
#2371=CARTESIAN_POINT('',(0.00702527066077589,-0.0133043113615242,0.00438100318735166));
#2372=CARTESIAN_POINT('',(0.00851476068402573,-0.0153825333921838,0.00419725378489385));
#2373=CARTESIAN_POINT('',(0.00957495846765592,-0.017672197152653,0.00399007377299029));
#2374=CARTESIAN_POINT('',(0.0100281384264349,-0.0188571475446224,0.00388156180270016));
#2375=CARTESIAN_POINT('',(0.0100281384264349,-0.0188571475446224,0.00388156180270016));
#2376=CARTESIAN_POINT('',(0.038989,-0.0188571475446225,0.00388156180270016));
#2377=CARTESIAN_POINT('',(0.0052569299004972,0.0866063085515043,0.00559215615448827));
#2378=CARTESIAN_POINT('',(-0.0052569299004972,0.0866063085515043,0.00559215615448827));
#2379=CARTESIAN_POINT('',(0.0052569299004972,0.0719745187035961,0.00920505741612678));
#2380=CARTESIAN_POINT('',(-0.0052569299004972,0.0719745187035961,0.00920505741612678));
#2381=CARTESIAN_POINT('',(0.0052569299004972,0.0402998730966884,0.00894227075248173));
#2382=CARTESIAN_POINT('',(-0.0052569299004972,0.0402998730966884,0.00894227075248173));
#2383=CARTESIAN_POINT('',(0.0052569299004972,-0.0084176282692189,0.00480379616355312));
#2384=CARTESIAN_POINT('',(-0.0052569299004972,-0.0084176282692189,0.00480379616355312));
#2385=CARTESIAN_POINT('',(1.36846079747408E-17,0.08660630855149,0.00559215615449181));
#2386=CARTESIAN_POINT('',(0.0052569299004972,0.0280069432481692,0.00734379616355321));
#2387=CARTESIAN_POINT('',(0.0052569299004972,0.0264727134517738,0.0072657358570033));
#2388=CARTESIAN_POINT('',(0.00524974603061675,0.0234047029211468,0.00710048720006179));
#2389=CARTESIAN_POINT('',(0.00520958802135457,0.0188045040174417,0.00682784630019489));
#2390=CARTESIAN_POINT('',(0.00513107161158164,0.0142071144338158,0.00653271617911353));
#2391=CARTESIAN_POINT('',(0.00502424736807302,0.0103782822596761,0.00626963348438325));
#2392=CARTESIAN_POINT('',(0.00490543096556703,0.00731681057766085,0.00604972797508267));
#2393=CARTESIAN_POINT('',(0.00479642573690288,0.00502164192949114,0.00588027601749544));
#2394=CARTESIAN_POINT('',(0.00466327654594691,0.00272726294147872,0.0057064683591317));
#2395=CARTESIAN_POINT('',(0.00449965186572237,0.000434811943027836,0.00552855995899509));
#2396=CARTESIAN_POINT('',(0.00432972800004359,-0.00147274530317022,0.00537711770017686));
#2397=CARTESIAN_POINT('',(0.00416405784874117,-0.00299552642832453,0.00525426160330081));
#2398=CARTESIAN_POINT('',(0.00402053949850089,-0.00413547004926963,0.00516133128218932));
#2399=CARTESIAN_POINT('',(0.0038507055499335,-0.00527172763310975,0.00506776191475757));
#2400=CARTESIAN_POINT('',(0.00367716015256777,-0.00621334806799395,0.00498945797258991));
#2401=CARTESIAN_POINT('',(0.00350299837243419,-0.00695960777023476,0.00492695845878495));
#2402=CARTESIAN_POINT('',(0.00334543812449503,-0.00751128016810554,0.00488054271407272));
#2403=CARTESIAN_POINT('',(0.00317221264268541,-0.00796206477323939,0.00484244174916123));
#2404=CARTESIAN_POINT('',(0.00297735305982664,-0.00828731033662022,0.00481486677141109));
#2405=CARTESIAN_POINT('',(0.00281435413432529,-0.00841762826921888,0.00480379616355313));
#2406=CARTESIAN_POINT('',(0.00271692990049742,-0.00841762826921898,0.00480379616355312));
#2407=CARTESIAN_POINT('',(0.0027169299004972,-0.00841762826921795,0.00480379616355321));
#2408=CARTESIAN_POINT('',(1.56332953041746E-17,-0.00841762826921795,0.00480379616355321));
#2409=CARTESIAN_POINT('',(-0.0027169299004972,-0.00841762826921795,0.00480379616355321));
#2410=CARTESIAN_POINT('',(-0.0027169299004972,-0.00841762826921795,0.00480379616355321));
#2411=CARTESIAN_POINT('',(-0.00281588298714557,-0.00841762826921795,0.00480379616355321));
#2412=CARTESIAN_POINT('',(-0.00297912269715547,-0.00828521870117713,0.00481504450903966));
#2413=CARTESIAN_POINT('',(-0.00317581997105655,-0.00795480568013605,0.00484305642780303));
#2414=CARTESIAN_POINT('',(-0.00334733280975905,-0.00750501483210893,0.00488107107074546));
#2415=CARTESIAN_POINT('',(-0.00350542031007721,-0.00695039188068088,0.0049277322997973));
#2416=CARTESIAN_POINT('',(-0.00367877976229528,-0.00620496702614084,0.00499015672172206));
#2417=CARTESIAN_POINT('',(-0.00385202596315508,-0.00526384179942642,0.00506841471822262));
#2418=CARTESIAN_POINT('',(-0.00402179310203216,-0.00412628604692794,0.0051620840229252));
#2419=CARTESIAN_POINT('',(-0.00416513933490368,-0.00298623034810931,0.00525501540592102));
#2420=CARTESIAN_POINT('',(-0.00433054302564592,-0.00146422484868602,0.00537779851332066));
#2421=CARTESIAN_POINT('',(-0.00450015642881425,0.000441366344903686,0.00552907299612116));
#2422=CARTESIAN_POINT('',(-0.00466353606996607,0.00273145290690002,0.0057067883688725));
#2423=CARTESIAN_POINT('',(-0.00479655582163461,0.00502418615110217,0.00588046571408905));
#2424=CARTESIAN_POINT('',(-0.00490553275770107,0.00731915471490328,0.00604989899977681));
#2425=CARTESIAN_POINT('',(-0.00502434924400528,0.0103813548025165,0.00626984965828052));
#2426=CARTESIAN_POINT('',(-0.00513113663199482,0.0142101465258763,0.00653291731906626));
#2427=CARTESIAN_POINT('',(-0.00520961605173969,0.0188069601090718,0.00682799642079404));
#2428=CARTESIAN_POINT('',(-0.00524974842664817,0.0234057627935574,0.00710054462112479));
#2429=CARTESIAN_POINT('',(-0.0052569299004972,0.0264729885986993,0.00726574985624473));
#2430=CARTESIAN_POINT('',(-0.0052569299004972,0.0280069432481693,0.00734379616355321));
#2431=CARTESIAN_POINT('',(0.012065,-0.0185686161327001,0.00394965071047147));
#2432=CARTESIAN_POINT('',(0.00615999242290855,-0.0185686161327001,0.00394965071047147));
#2433=CARTESIAN_POINT('',(0.012065,-0.0223085965115495,0.00306707374117259));
#2434=CARTESIAN_POINT('',(0.00615999242290855,-0.0223085965115495,0.00306707374117259));
#2435=CARTESIAN_POINT('',(0.012065,-0.0293287207752444,0.00162617384123693));
#2436=CARTESIAN_POINT('',(0.00615999242290855,-0.0293287207752444,0.00162617384123693));
#2437=CARTESIAN_POINT('',(0.012065,-0.0413081809033254,0.000197540482084886));
#2438=CARTESIAN_POINT('',(0.00615999242290856,-0.0413081809033254,0.000197540482084886));
#2439=CARTESIAN_POINT('',(0.012065,-0.0480355451294304,0.000717753454692515));
#2440=CARTESIAN_POINT('',(0.00615999242290855,-0.0480355451294304,0.000717753454692515));
#2441=CARTESIAN_POINT('',(0.012065,-0.0515104457736016,0.00177677057217807));
#2442=CARTESIAN_POINT('',(0.00615999242290855,-0.0515104457736016,0.00177677057217807));
#2443=CARTESIAN_POINT('',(0.0100281384264349,-0.0188571475446224,0.00388156180270016));
#2444=CARTESIAN_POINT('',(0.0100706896556071,-0.0188571475446224,0.00388156180270017));
#2445=CARTESIAN_POINT('',(0.0101120944956775,-0.0188506947938305,0.00388308455112682));
#2446=CARTESIAN_POINT('',(0.0101520863502392,-0.0188362886846654,0.00388648416793716));
#2447=CARTESIAN_POINT('',(0.0101520863502392,-0.0188362886846655,0.00388648416793717));
#2448=CARTESIAN_POINT('',(0.0101520863502392,-0.0188362886846656,0.00388648416793715));
#2449=CARTESIAN_POINT('',(0.0101546405993011,-0.0188432406824063,0.00388484360502638));
#2450=CARTESIAN_POINT('',(0.0101572217830932,-0.0188501827555383,0.0038832028121385));
#2451=CARTESIAN_POINT('',(0.0101597408504172,-0.0188571475446224,0.00388156180270017));
#2452=CARTESIAN_POINT('',(0.0101597408504172,-0.0188571475446224,0.00388156180270016));
#2453=CARTESIAN_POINT('',(0.0101597408504172,-0.0188571475446224,0.00388156180270016));
#2454=CARTESIAN_POINT('',(0.0111117068130108,-0.021489173055549,0.00326044505853311));
#2455=CARTESIAN_POINT('',(0.0116919038753094,-0.0242506511399016,0.00266709413153752));
#2456=CARTESIAN_POINT('',(0.012065,-0.0270483094618886,0.0021588135679892));
#2457=CARTESIAN_POINT('',(0.012065,-0.0270483094618886,0.0021588135679892));
#2458=CARTESIAN_POINT('',(0.012065,-0.0270483094618886,0.0021588135679892));
#2459=CARTESIAN_POINT('',(0.012065,-0.0311014327849622,0.00142243922693403));
#2460=CARTESIAN_POINT('',(0.012065,-0.0372182823416633,0.000569598531165317));
#2461=CARTESIAN_POINT('',(0.012065,-0.0454766769593598,0.000561149997070728));
#2462=CARTESIAN_POINT('',(0.012065,-0.0495213264718687,0.0011705629118844));
#2463=CARTESIAN_POINT('',(0.012065,-0.0515104457736015,0.00177677057217807));
#2464=CARTESIAN_POINT('',(0.010470764680919,-0.0397717393934727,0.0177571941167116));
#2465=CARTESIAN_POINT('',(-0.010470764680919,-0.0397717393934727,0.0177571941167116));
#2466=CARTESIAN_POINT('',(0.010470764680919,-0.0466768605013688,0.0169680373122295));
#2467=CARTESIAN_POINT('',(-0.010470764680919,-0.0466768605013688,0.0169680373122295));
#2468=CARTESIAN_POINT('',(0.010470764680919,-0.0538954234599507,0.0180860093484322));
#2469=CARTESIAN_POINT('',(-0.010470764680919,-0.0538954234599507,0.0180860093484322));
#2470=CARTESIAN_POINT('',(0.010470764680919,-0.0614274282692184,0.0211111102253198));
#2471=CARTESIAN_POINT('',(-0.010470764680919,-0.0614274282692184,0.0211111102253198));
#2472=CARTESIAN_POINT('',(-0.00934414442003152,-0.0614274282692184,0.0211111102253198));
#2473=CARTESIAN_POINT('',(-0.00934777089634089,-0.0597075814346013,0.0204203631666999));
#2474=CARTESIAN_POINT('',(-0.00954328133411868,-0.0562232035055633,0.0192059099438287));
#2475=CARTESIAN_POINT('',(-0.0100523317072849,-0.050829404119232,0.0179601152018069));
#2476=CARTESIAN_POINT('',(-0.0103756980005403,-0.0452975013124609,0.0174009871795262));
#2477=CARTESIAN_POINT('',(-0.0102863057512991,-0.0416107484335622,0.0175470216266402));
#2478=CARTESIAN_POINT('',(-0.0101771808073432,-0.0397717393934727,0.0177571941167116));
#2479=CARTESIAN_POINT('',(0.00934414442003151,-0.0614274282692184,0.0211111102253198));
#2480=CARTESIAN_POINT('',(0.00934777089634088,-0.0597075814346013,0.0204203631666999));
#2481=CARTESIAN_POINT('',(0.00954328133411868,-0.0562232035055633,0.0192059099438287));
#2482=CARTESIAN_POINT('',(0.010052331707285,-0.050829404119232,0.0179601152018069));
#2483=CARTESIAN_POINT('',(0.0103756980005403,-0.0452975013124609,0.0174009871795262));
#2484=CARTESIAN_POINT('',(0.0102863057512991,-0.0416107484335622,0.0175470216266402));
#2485=CARTESIAN_POINT('',(0.0101771808073432,-0.0397717393934727,0.0177571941167116));
#2486=CARTESIAN_POINT('',(0.036195,-0.0443799797787423,0.00388156180270016));
#2487=CARTESIAN_POINT('',(0.014605,-0.0443799797787423,0.00388156180270016));
#2488=CARTESIAN_POINT('',(0.014605,-0.0469746558233089,0.00341989783097996));
#2489=CARTESIAN_POINT('',(0.014605,-0.041852939972735,0.00313353291429634));
#2490=CARTESIAN_POINT('',(0.014605,-0.0469746558233089,0.00341989783097996));
#2491=CARTESIAN_POINT('',(0.014605,-0.0468664670030149,0.00281184747942034));
#2492=CARTESIAN_POINT('',(0.0142997331924274,-0.0463915539338741,0.00202031024253179));
#2493=CARTESIAN_POINT('',(0.0138306303786969,-0.0454292338764327,0.00141155968837981));
#2494=CARTESIAN_POINT('',(0.0136322261374566,-0.0445329142427689,0.00119518714404746));
#2495=CARTESIAN_POINT('',(0.0138252995039832,-0.0436105742217483,0.00130965427597714));
#2496=CARTESIAN_POINT('',(0.0141785178747977,-0.0428447944260689,0.00168497929718702));
#2497=CARTESIAN_POINT('',(0.0145004943251221,-0.0422182214217251,0.00228843957171697));
#2498=CARTESIAN_POINT('',(0.014605,-0.0419405408972248,0.00283759377790676));
#2499=CARTESIAN_POINT('',(0.014605,-0.041852939972735,0.00313353291429635));
#2500=CARTESIAN_POINT('',(0.014605,-0.0443799797787423,0.0508));
#2501=CARTESIAN_POINT('',(0.014605,-0.0509280790870136,0.00425462604863847));
#2502=CARTESIAN_POINT('',(0.014605,-0.0496280689980178,0.00385843258064397));
#2503=CARTESIAN_POINT('',(0.014605,-0.0483043655672684,0.00359030174136704));
#2504=CARTESIAN_POINT('',(0.014605,-0.0469746558233089,0.00341989783097996));
#2505=CARTESIAN_POINT('',(0.014605,-0.041852939972735,0.00313353291429634));
#2506=CARTESIAN_POINT('',(0.014605,-0.0394126564663158,0.00314378570813705));
#2507=CARTESIAN_POINT('',(0.014605,-0.0345505481391179,0.00350242269059741));
#2508=CARTESIAN_POINT('',(0.014605,-0.0297319470813795,0.00424970572255269));
#2509=CARTESIAN_POINT('',(0.014605,-0.0273325312882662,0.00468887032337616));
#2510=CARTESIAN_POINT('',(0.014605,-0.00841762826921843,0.0133253736421466));
#2511=CARTESIAN_POINT('',(-0.014605,-0.0443799797787423,0.0508));
#2512=CARTESIAN_POINT('',(-0.014605,-0.0273325312882662,0.00468887032337616));
#2513=CARTESIAN_POINT('',(-0.014605,-0.0321298368538168,0.00381082042899304));
#2514=CARTESIAN_POINT('',(-0.014605,-0.0369741952405489,0.0031540308457084));
#2515=CARTESIAN_POINT('',(-0.014605,-0.041852939972735,0.00313353291429634));
#2516=CARTESIAN_POINT('',(-0.014605,-0.041852939972735,0.00313353291429634));
#2517=CARTESIAN_POINT('',(-0.014605,-0.0443799797787423,0.00388156180270016));
#2518=CARTESIAN_POINT('',(-0.014605,-0.0469746558233089,0.00341989783097996));
#2519=CARTESIAN_POINT('',(-0.014605,-0.0469746558233089,0.00341989783097996));
#2520=CARTESIAN_POINT('',(-0.014605,-0.0483133525558549,0.00359145343481345));
#2521=CARTESIAN_POINT('',(-0.014605,-0.049635407910691,0.00386066920118096));
#2522=CARTESIAN_POINT('',(-0.014605,-0.0509280790870136,0.00425462604863847));
#2523=CARTESIAN_POINT('',(-0.014605,-0.00841762826921843,0.0133253736421466));
#2524=CARTESIAN_POINT('',(0.,0.0338225717307816,0.));
#2525=CARTESIAN_POINT('',(-0.00029335296502874,0.126207181207462,-9.48751367255323E-18));
#2526=CARTESIAN_POINT('',(-0.00023334816226891,0.126795311855331,-9.48751367255323E-18));
#2527=CARTESIAN_POINT('',(-0.000137197152786431,0.127377367135005,0.));
#2528=CARTESIAN_POINT('',(5.41048858053654E-16,0.127952523476828,0.));
#2529=CARTESIAN_POINT('',(6.89403381111383E-20,0.127952523476826,-3.23652784320516E-16));
#2530=CARTESIAN_POINT('',(6.89403381111383E-20,0.127952523476826,-3.23652784320516E-16));
#2531=CARTESIAN_POINT('',(0.00013719715278669,0.127377367135004,-3.23652784320516E-16));
#2532=CARTESIAN_POINT('',(0.000233348162268981,0.126795311855331,0.));
#2533=CARTESIAN_POINT('',(0.000293352965028742,0.126207181207462,0.));
#2534=CARTESIAN_POINT('',(-0.0201430700995028,0.103580981492996,4.33680868994202E-19));
#2535=CARTESIAN_POINT('',(-0.00693826339881799,0.1285298716004,-1.60423988229655));
#2536=CARTESIAN_POINT('',(0.038989,-0.0188571475446225,0.00388156180270016));
#2537=CARTESIAN_POINT('',(-0.0100281384264349,-0.0188571475446224,0.00388156180270016));
#2538=CARTESIAN_POINT('',(-0.0100281384264349,-0.0188571475446224,0.00388156180270016));
#2539=CARTESIAN_POINT('',(-0.0091273336589396,-0.0165017797747251,0.00409725500948085));
#2540=CARTESIAN_POINT('',(-0.00789054898249857,-0.0142392262864561,0.00429913332824532));
#2541=CARTESIAN_POINT('',(-0.00615999242290852,-0.0123693965271961,0.00446287303852384));
#2542=CARTESIAN_POINT('',(-0.00615999242290852,-0.0185686161327001,0.00394965071047146));
#2543=CARTESIAN_POINT('',(-0.012065,-0.0185686161327001,0.00394965071047146));
#2544=CARTESIAN_POINT('',(-0.00615999242290852,-0.0223085965115496,0.00306707374117257));
#2545=CARTESIAN_POINT('',(-0.012065,-0.0223085965115496,0.00306707374117257));
#2546=CARTESIAN_POINT('',(-0.00615999242290852,-0.0293287207752445,0.00162617384123693));
#2547=CARTESIAN_POINT('',(-0.012065,-0.0293287207752445,0.00162617384123693));
#2548=CARTESIAN_POINT('',(-0.00615999242290852,-0.0413081809033254,0.000197540482084885));
#2549=CARTESIAN_POINT('',(-0.012065,-0.0413081809033254,0.000197540482084885));
#2550=CARTESIAN_POINT('',(-0.00615999242290852,-0.0480355451294304,0.000717753454692517));
#2551=CARTESIAN_POINT('',(-0.012065,-0.0480355451294304,0.000717753454692517));
#2552=CARTESIAN_POINT('',(-0.00615999242290852,-0.0515104457736016,0.00177677057217807));
#2553=CARTESIAN_POINT('',(-0.012065,-0.0515104457736016,0.00177677057217807));
#2554=CARTESIAN_POINT('',(-0.012065,-0.0515104457736015,0.00177677057217807));
#2555=CARTESIAN_POINT('',(-0.012065,-0.0495441367515051,0.0011775146146993));
#2556=CARTESIAN_POINT('',(-0.012065,-0.0454481206709308,0.000556103566624781));
#2557=CARTESIAN_POINT('',(-0.012065,-0.0372157071144366,0.000573417063698484));
#2558=CARTESIAN_POINT('',(-0.012065,-0.0310957776270999,0.00142346665882971));
#2559=CARTESIAN_POINT('',(-0.012065,-0.0270483094618886,0.0021588135679892));
#2560=CARTESIAN_POINT('',(-0.012065,-0.0270483094618886,0.0021588135679892));
#2561=CARTESIAN_POINT('',(-0.012065,-0.0270483094618886,0.0021588135679892));
#2562=CARTESIAN_POINT('',(-0.0116919038742706,-0.0242506511322998,0.00266709413207187));
#2563=CARTESIAN_POINT('',(-0.011111340886826,-0.0214881696055778,0.00326068167994643));
#2564=CARTESIAN_POINT('',(-0.0101597408504172,-0.0188571475446224,0.00388156180270016));
#2565=CARTESIAN_POINT('',(-0.0101597408504172,-0.0188571475446224,0.00388156180270016));
#2566=CARTESIAN_POINT('',(-0.0101597408504172,-0.0188571475446224,0.00388156180270016));
#2567=CARTESIAN_POINT('',(-0.0101571920906028,-0.0188501936393461,0.00388320281575956));
#2568=CARTESIAN_POINT('',(-0.010154640599301,-0.0188432406824062,0.00388484360502636));
#2569=CARTESIAN_POINT('',(-0.0101520863502392,-0.0188362886846655,0.00388648416793714));
#2570=CARTESIAN_POINT('',(-0.0101520863502392,-0.0188362886846655,0.00388648416793714));
#2571=CARTESIAN_POINT('',(-0.0101520863502392,-0.0188362886846655,0.00388648416793718));
#2572=CARTESIAN_POINT('',(-0.0101120944956775,-0.0188506947938306,0.00388308455112684));
#2573=CARTESIAN_POINT('',(-0.0100706896556065,-0.018857147544621,0.00388156180270049));
#2574=CARTESIAN_POINT('',(-0.0100281384264346,-0.0188571475446211,0.00388156180270048));
#2575=CARTESIAN_POINT('',(0.00184639940303381,0.0825720652937889,0.0169043048620393));
#2576=CARTESIAN_POINT('',(-0.00184640836364813,0.0825720652937889,0.0169043048620393));
#2577=CARTESIAN_POINT('',(0.00184639940303381,0.0829472907805319,0.0169043048620393));
#2578=CARTESIAN_POINT('',(-0.00184640836364813,0.0829472907805319,0.0169043048620393));
#2579=CARTESIAN_POINT('',(0.00184639940303381,0.0845076211705462,0.0164277233313202));
#2580=CARTESIAN_POINT('',(-0.00184640836364813,0.0845076211705462,0.0164277233313202));
#2581=CARTESIAN_POINT('',(0.00184639940303381,0.0872530564638317,0.015474560269882));
#2582=CARTESIAN_POINT('',(-0.00184640836364813,0.0872530564638317,0.015474560269882));
#2583=CARTESIAN_POINT('',(-0.001824479623322,0.0828546851502238,0.0168653616350603));
#2584=CARTESIAN_POINT('',(-0.00181861157252435,0.0828543504468936,0.0168654303350953));
#2585=CARTESIAN_POINT('',(-0.0018127435217267,0.0828540159695916,0.0168654989442346));
#2586=CARTESIAN_POINT('',(-0.00180687547092905,0.0828536817183179,0.0168655674624783));
#2587=CARTESIAN_POINT('',(-0.00182450011169372,0.0828544471768378,0.016865410465484));
#2588=CARTESIAN_POINT('',(-0.00180687547092904,0.0828536817183179,0.0168655674624783));
#2589=CARTESIAN_POINT('',(-0.00180687547092905,0.0828536817183179,0.0168655674624783));
#2590=CARTESIAN_POINT('',(-0.00180687547095569,0.0827277004277955,0.016891392395519));
#2591=CARTESIAN_POINT('',(-0.00180687547098231,0.0826338282862859,0.0169043048620393));
#2592=CARTESIAN_POINT('',(-0.00180687547100895,0.0825720652937889,0.0169043048620393));
#2593=CARTESIAN_POINT('',(-0.00180687547100894,0.0825720652937889,0.0169043048620393));
#2594=CARTESIAN_POINT('',(0.038989,0.0825720652937889,0.0169043048620393));
#2595=CARTESIAN_POINT('',(0.001806875471009,0.0825720652937889,0.0169043048620393));
#2596=CARTESIAN_POINT('',(0.00180687547100901,0.0825720652937889,0.0169043048620393));
#2597=CARTESIAN_POINT('',(0.00180687547097731,0.0826338282862866,0.0169043048620393));
#2598=CARTESIAN_POINT('',(0.00180687547094561,0.0827277004277979,0.0168913923955186));
#2599=CARTESIAN_POINT('',(0.0018068754709139,0.0828536817183226,0.0168655674624773));
#2600=CARTESIAN_POINT('',(0.00180687547091392,0.0828536817183226,0.0168655674624774));
#2601=CARTESIAN_POINT('',(0.0018068754709139,0.0828536817183226,0.0168655674624773));
#2602=CARTESIAN_POINT('',(0.00181275207588929,0.0828540170484334,0.0168654987230826));
#2603=CARTESIAN_POINT('',(0.00181862868086467,0.0828543526060339,0.0168654298922045));
#2604=CARTESIAN_POINT('',(0.00182450528584005,0.0828546883911242,0.016865360969843));
#2605=CARTESIAN_POINT('',(0.00182450487450384,0.0828546883525196,0.0168653609777668));
#2606=CARTESIAN_POINT('',(0.00182450487450384,0.0828546883525196,0.0168653609777668));
#2607=CARTESIAN_POINT('',(0.00181377529278874,0.0832329787327748,0.0167877140965093));
#2608=CARTESIAN_POINT('',(0.00175403302504232,0.083969510345624,0.0165664397314557));
#2609=CARTESIAN_POINT('',(0.00164685178538886,0.0854358235879375,0.016101487539488));
#2610=CARTESIAN_POINT('',(0.00155907515357354,0.0865270978482435,0.0157266200509926));
#2611=CARTESIAN_POINT('',(0.00149945035603181,0.0872530564638317,0.015474560269882));
#2612=CARTESIAN_POINT('',(0.00149945035603182,0.0872530564638317,0.015474560269882));
#2613=CARTESIAN_POINT('',(0.038989,0.0872530564638317,0.015474560269882));
#2614=CARTESIAN_POINT('',(-0.00149943474044188,0.0872530564638317,0.015474560269882));
#2615=CARTESIAN_POINT('',(-0.0014994347404419,0.0872530564638317,0.015474560269882));
#2616=CARTESIAN_POINT('',(-0.00153059229176894,0.086871318133453,0.0156070925777976));
#2617=CARTESIAN_POINT('',(-0.00157465130992057,0.0863226285686466,0.0157956533353628));
#2618=CARTESIAN_POINT('',(-0.00162046531696309,0.0857413393403799,0.015991775038172));
#2619=CARTESIAN_POINT('',(-0.00164608000113899,0.0854133363345506,0.0161011038872435));
#2620=CARTESIAN_POINT('',(-0.00166217098472902,0.0852065118163806,0.0161695885508012));
#2621=CARTESIAN_POINT('',(-0.00168675052877152,0.0848880912168632,0.0162738354123761));
#2622=CARTESIAN_POINT('',(-0.00170695769645291,0.0846230358419473,0.016359302185236));
#2623=CARTESIAN_POINT('',(-0.00172713421011877,0.0843549093994848,0.016444357516438));
#2624=CARTESIAN_POINT('',(-0.00174015220456927,0.0841798054468495,0.0164990347259988));
#2625=CARTESIAN_POINT('',(-0.00175516681141384,0.083974822071058,0.0165619227202715));
#2626=CARTESIAN_POINT('',(-0.00176564260502965,0.0838290726580259,0.0166057419088365));
#2627=CARTESIAN_POINT('',(-0.00177303092707272,0.0837254083661723,0.0166366704565281));
#2628=CARTESIAN_POINT('',(-0.00178960141704606,0.0834872659606918,0.0167057295249956));
#2629=CARTESIAN_POINT('',(-0.00180270958609183,0.0832882552696592,0.016760525046167));
#2630=CARTESIAN_POINT('',(-0.00181651376486157,0.0830592517366045,0.0168202092669357));
#2631=CARTESIAN_POINT('',(-0.00182246911425156,0.0829278231704032,0.0168503541924978));
#2632=CARTESIAN_POINT('',(-0.00182451424645436,0.0828544475563941,0.0168654103952615));
#2633=CARTESIAN_POINT('',(0.0027169299004972,0.0825720652937889,0.0169043048620393));
#2634=CARTESIAN_POINT('',(-0.0027169299004972,0.0825720652937889,0.0169043048620393));
#2635=CARTESIAN_POINT('',(0.0027169299004972,0.035709803142402,0.0169043048620393));
#2636=CARTESIAN_POINT('',(-0.0027169299004972,0.035709803142402,0.0169043048620393));
#2637=CARTESIAN_POINT('',(0.0027169299004972,0.0103832992405463,0.0200360200127471));
#2638=CARTESIAN_POINT('',(-0.0027169299004972,0.0103832992405463,0.0200360200127471));
#2639=CARTESIAN_POINT('',(0.0027169299004972,0.0065925535882219,0.0262994503141626));
#2640=CARTESIAN_POINT('',(-0.0027169299004972,0.0065925535882219,0.0262994503141626));
#2641=CARTESIAN_POINT('',(-0.0027169299004972,0.0659624872088489,0.017051968406856));
#2642=CARTESIAN_POINT('',(-0.0027169299004972,0.0634210569950249,0.0171000988542454));
#2643=CARTESIAN_POINT('',(-0.00271692990049722,0.0583396540763842,0.0172227839442803));
#2644=CARTESIAN_POINT('',(-0.00271692990049717,0.0507231690325018,0.0175037712420437));
#2645=CARTESIAN_POINT('',(-0.0027169299004972,0.0431129652264692,0.017906962799589));
#2646=CARTESIAN_POINT('',(-0.00271692990049719,0.0355139810544807,0.0184708058505293));
#2647=CARTESIAN_POINT('',(-0.00271692990049722,0.0291851925436776,0.0191274482162877));
#2648=CARTESIAN_POINT('',(-0.00271692990049719,0.0241514889783026,0.0198239570233781));
#2649=CARTESIAN_POINT('',(-0.0027169299004972,0.020398951816524,0.0204592269981614));
#2650=CARTESIAN_POINT('',(-0.00271692990049719,0.0166774465760189,0.0212489508819422));
#2651=CARTESIAN_POINT('',(-0.0027169299004972,0.0130000842617425,0.0222746511801993));
#2652=CARTESIAN_POINT('',(-0.00271692990049718,0.0100086137153841,0.0234590785945307));
#2653=CARTESIAN_POINT('',(-0.0027169299004972,0.00783850451722323,0.0248223049262695));
#2654=CARTESIAN_POINT('',(-0.0027169299004972,0.00692470994925914,0.0257506300008729));
#2655=CARTESIAN_POINT('',(-0.0027169299004972,0.00659255358822995,0.0262994503141494));
#2656=CARTESIAN_POINT('',(-0.0027169299004972,0.0659624872088489,0.0170519684068559));
#2657=CARTESIAN_POINT('',(-0.0027169299004972,0.00659255358822995,0.0262994503141493));
#2658=CARTESIAN_POINT('',(-0.0027169299004972,0.00659255358822351,0.02629945031416));
#2659=CARTESIAN_POINT('',(0.0027169299004972,0.00659255358823794,0.0262994503141361));
#2660=CARTESIAN_POINT('',(0.00271692990049721,0.00659255358823794,0.0262994503141361));
#2661=CARTESIAN_POINT('',(0.00271692990049721,0.00692451864813935,0.0257509460867722));
#2662=CARTESIAN_POINT('',(0.00271692990049721,0.00783766929542382,0.0248230462465848));
#2663=CARTESIAN_POINT('',(0.00271692990049721,0.0100062985875614,0.0234602763136485));
#2664=CARTESIAN_POINT('',(0.00271692990049719,0.0129958716004704,0.0222760964778757));
#2665=CARTESIAN_POINT('',(0.0027169299004972,0.016671049549472,0.0212505335558081));
#2666=CARTESIAN_POINT('',(0.0027169299004972,0.0203903165148187,0.0204608826092775));
#2667=CARTESIAN_POINT('',(0.0027169299004972,0.0241406451816811,0.0198256314523046));
#2668=CARTESIAN_POINT('',(0.00271692990049718,0.0291712385270295,0.0191291244468291));
#2669=CARTESIAN_POINT('',(0.00271692990049719,0.0354972024473297,0.0184722676347991));
#2670=CARTESIAN_POINT('',(0.00271692990049718,0.0430998775029832,0.017907732202015));
#2671=CARTESIAN_POINT('',(0.00271692990049722,0.0507174622149911,0.0175039918662561));
#2672=CARTESIAN_POINT('',(0.00271692990049719,0.058337821090561,0.0172228286608925));
#2673=CARTESIAN_POINT('',(0.0027169299004972,0.0634206449774954,0.0171001066572446));
#2674=CARTESIAN_POINT('',(0.00271692990049721,0.0659624872088489,0.0170519684068559));
#2675=CARTESIAN_POINT('',(0.0027169299004972,0.0659624872088489,0.0170519684068559));
#2676=CARTESIAN_POINT('',(0.0027169299004972,0.0659624872088489,0.0170519684068559));
#2677=CARTESIAN_POINT('',(0.0027169299004932,0.0687388120229948,0.0169993894477028));
#2678=CARTESIAN_POINT('',(0.00241070464700057,0.074274552194039,0.0169260390054144));
#2679=CARTESIAN_POINT('',(0.00202148729830267,0.0798078596020184,0.0169043048620393));
#2680=CARTESIAN_POINT('',(0.00180687547100897,0.0825720652937889,0.0169043048620393));
#2681=CARTESIAN_POINT('',(-0.00180687547100897,0.0825720652937889,0.0169043048620393));
#2682=CARTESIAN_POINT('',(-0.00202148741258469,0.0798078596108912,0.0169043049405955));
#2683=CARTESIAN_POINT('',(-0.00241070458985755,0.0742745521896029,0.0169260389661771));
#2684=CARTESIAN_POINT('',(-0.00271692990049723,0.0687388120229942,0.0169993894476211));
#2685=CARTESIAN_POINT('',(-0.00271692990049723,0.0659624872088488,0.0170519684068559));
#2686=CARTESIAN_POINT('',(0.0089417074220389,0.00599264710723867,0.0269785277852111));
#2687=CARTESIAN_POINT('',(-0.00880099170092848,0.00599264710723867,0.0269785277852111));
#2688=CARTESIAN_POINT('',(0.00894170742203889,-0.00552193349970603,0.0360615823562658));
#2689=CARTESIAN_POINT('',(-0.00880099170092848,-0.00552193349970603,0.0360615823562658));
#2690=CARTESIAN_POINT('',(0.00894170742203889,-0.0141331204279807,0.0416392744143924));
#2691=CARTESIAN_POINT('',(-0.00880099170092848,-0.0141331204279806,0.0416392744143924));
#2692=CARTESIAN_POINT('',(0.00894170742203889,-0.0198409136775852,0.0437116039595907));
#2693=CARTESIAN_POINT('',(-0.00880099170092848,-0.0198409136775852,0.0437116039595907));
#2694=CARTESIAN_POINT('',(-0.00869579783261055,-0.0149753112915539,0.0414785120703508));
#2695=CARTESIAN_POINT('',(-0.0082115210320545,-0.0156317076314226,0.0418298686793886));
#2696=CARTESIAN_POINT('',(-0.00711933324364245,-0.0168673739697684,0.0424583235592474));
#2697=CARTESIAN_POINT('',(-0.00506946361880451,-0.0184262321382591,0.0431637287301402));
#2698=CARTESIAN_POINT('',(-0.0026512334723986,-0.019499604295397,0.0435887059245859));
#2699=CARTESIAN_POINT('',(-0.000891302860258065,-0.0197384763268529,0.0436741504277426));
#2700=CARTESIAN_POINT('',(2.08166817117217E-17,-0.0197384763268529,0.0436741504277426));
#2701=CARTESIAN_POINT('',(-0.00869579783261055,-0.0149753112915539,0.0414785120703508));
#2702=CARTESIAN_POINT('',(2.08166817117217E-17,-0.0197384763268529,0.0436741504277426));
#2703=CARTESIAN_POINT('',(2.77555756156289E-17,-0.0197384763268528,0.0436741504277426));
#2704=CARTESIAN_POINT('',(0.000885961079173447,-0.0197384763268528,0.0436741504277426));
#2705=CARTESIAN_POINT('',(0.00262048696306048,-0.0195318942382196,0.0435999656499862));
#2706=CARTESIAN_POINT('',(0.00589550428408945,-0.0182259711885466,0.0430883663961518));
#2707=CARTESIAN_POINT('',(0.00782468486290825,-0.0165337308737873,0.0423026615006807));
#2708=CARTESIAN_POINT('',(0.00883651355372088,-0.015250484937066,0.0416248394032935));
#2709=CARTESIAN_POINT('',(0.00883651355372089,-0.015250484937066,0.0416248394032935));
#2710=CARTESIAN_POINT('',(0.00883651355372089,-0.015250484937066,0.0416248394032935));
#2711=CARTESIAN_POINT('',(0.00848924254713652,-0.0145592117457802,0.0412597026582812));
#2712=CARTESIAN_POINT('',(0.00772937464983862,-0.013226370570743,0.0405189291554084));
#2713=CARTESIAN_POINT('',(0.00632925287072712,-0.0113701218033613,0.0394124629669235));
#2714=CARTESIAN_POINT('',(0.00468123061588789,-0.00973735358627469,0.03838834079705));
#2715=CARTESIAN_POINT('',(0.00336284981679837,-0.00883268637329989,0.0378008144395175));
#2716=CARTESIAN_POINT('',(0.00271692990049717,-0.00837168479903643,0.0374974320063535));
#2717=CARTESIAN_POINT('',(0.0027169299004972,-0.00837168479903645,0.0374974320063535));
#2718=CARTESIAN_POINT('',(0.0027169299004972,-0.00837168479903645,0.0374974320063535));
#2719=CARTESIAN_POINT('',(0.0027169299004972,-0.00341154166379398,0.0342331908904411));
#2720=CARTESIAN_POINT('',(0.0027169299004972,0.00133140027283066,0.0306554623442123));
#2721=CARTESIAN_POINT('',(0.0027169299004972,0.00599264710722563,0.0269785277852214));
#2722=CARTESIAN_POINT('',(0.0027169299004972,0.00599264710722563,0.0269785277852214));
#2723=CARTESIAN_POINT('',(0.00271692990049721,0.00599264710723794,0.0269785277852117));
#2724=CARTESIAN_POINT('',(-0.00271692990049719,0.00599264710723794,0.0269785277852117));
#2725=CARTESIAN_POINT('',(-0.0027169299004972,0.00599264710723796,0.0269785277852117));
#2726=CARTESIAN_POINT('',(-0.0027169299004972,0.00133140027283907,0.030655462344206));
#2727=CARTESIAN_POINT('',(-0.00271692990049723,-0.0034115416637902,0.0342331908904373));
#2728=CARTESIAN_POINT('',(-0.00271692990049723,-0.00837168479903644,0.0374974320063535));
#2729=CARTESIAN_POINT('',(-0.00271692990049717,-0.00837168479903644,0.0374974320063535));
#2730=CARTESIAN_POINT('',(-0.0027169299004972,-0.00837168479903645,0.0374974320063535));
#2731=CARTESIAN_POINT('',(-0.0033411236981563,-0.00881718015551058,0.0377906098885035));
#2732=CARTESIAN_POINT('',(-0.00461631455300784,-0.00969030559800315,0.0383578662184284));
#2733=CARTESIAN_POINT('',(-0.00622463001704739,-0.0112563065451341,0.039341954440295));
#2734=CARTESIAN_POINT('',(-0.00759897952822759,-0.0130353064026711,0.0404073123797266));
#2735=CARTESIAN_POINT('',(-0.00835103375756995,-0.0143129620763648,0.0411239689991716));
#2736=CARTESIAN_POINT('',(-0.00869579783261055,-0.0149753112915539,0.0414785120703508));
#2737=CARTESIAN_POINT('',(0.038989,0.0872530564665794,0.0439570185587653));
#2738=CARTESIAN_POINT('',(-0.0201430700995028,0.0872530564665794,0.0180918191952492));
#2739=CARTESIAN_POINT('',(0.00148034631762428,0.0872530564665794,0.0180918191952492));
#2740=CARTESIAN_POINT('',(-0.0014803463176243,0.0872530564665794,0.0180918191952492));
#2741=CARTESIAN_POINT('',(-0.00148034631762429,0.0872530564665794,0.0180918191952493));
#2742=CARTESIAN_POINT('',(-0.0021496497406619,0.0872530564665794,0.0180918191952493));
#2743=CARTESIAN_POINT('',(-0.0034581449927186,0.0872530564665795,0.0175214499593561));
#2744=CARTESIAN_POINT('',(-0.00397937587503107,0.0872530564665794,0.0161961376306146));
#2745=CARTESIAN_POINT('',(-0.00397937587503106,0.0872530564665794,0.0155272636569911));
#2746=CARTESIAN_POINT('',(-0.00149943483274023,0.0872530564665767,0.0154745640086082));
#2747=CARTESIAN_POINT('',(-0.00217392306707837,0.0872530564665767,0.0154745616487934));
#2748=CARTESIAN_POINT('',(-0.0034851060188502,0.0872530564665808,0.0148736378874068));
#2749=CARTESIAN_POINT('',(-0.00397937586776008,0.0872530564665794,0.0135262798143697));
#2750=CARTESIAN_POINT('',(-0.00397937587900208,0.0872530564665794,0.0128585910431643));
#2751=CARTESIAN_POINT('',(0.00149945035603181,0.0872530564665794,0.0154745602689281));
#2752=CARTESIAN_POINT('',(0.00217391271963817,0.0872530564665794,0.015474560268865));
#2753=CARTESIAN_POINT('',(0.00348495682000283,0.0872530564665794,0.0148736626625119));
#2754=CARTESIAN_POINT('',(0.00397937587503106,0.0872530564665794,0.0135265447311708));
#2755=CARTESIAN_POINT('',(0.00397937587503107,0.0872530564665794,0.0128585910426851));
#2756=CARTESIAN_POINT('',(0.00397937587503106,0.0872530564665794,0.0155272636569911));
#2757=CARTESIAN_POINT('',(0.00397937587503107,0.0872530564665794,0.0161963651116648));
#2758=CARTESIAN_POINT('',(0.00346084577831366,0.0872530564665794,0.0175183395267267));
#2759=CARTESIAN_POINT('',(0.00215001307720649,0.0872530564665794,0.0180918191952493));
#2760=CARTESIAN_POINT('',(0.00148034631762429,0.0872530564665794,0.0180918191952492));
#2761=CARTESIAN_POINT('',(0.036195,-0.0443799797787423,0.00388156180270016));
#2762=CARTESIAN_POINT('',(-0.014605,-0.041852939972735,0.00313353291429635));
#2763=CARTESIAN_POINT('',(-0.014605,-0.0420282464483241,0.00254130118510484));
#2764=CARTESIAN_POINT('',(-0.014296654700057,-0.0425878978394634,0.00180845975698514));
#2765=CARTESIAN_POINT('',(-0.0138255594002486,-0.0436111741011584,0.00131030578358098));
#2766=CARTESIAN_POINT('',(-0.0136322014962185,-0.0445274152940844,0.00119486771894492));
#2767=CARTESIAN_POINT('',(-0.0138304041639439,-0.0454300169005925,0.00141103527651052));
#2768=CARTESIAN_POINT('',(-0.0141821726864824,-0.0461498224831719,0.00186906311739864));
#2769=CARTESIAN_POINT('',(-0.0145014753245184,-0.0467059840790885,0.00253947200597542));
#2770=CARTESIAN_POINT('',(-0.014605,-0.0469205866652134,0.00311601457854077));
#2771=CARTESIAN_POINT('',(-0.014605,-0.0469746558233089,0.00341989783097997));
#2772=CARTESIAN_POINT('',(0.036195,0.105120115359756,0.00388156180270016));
#2773=CARTESIAN_POINT('',(0.,-0.0154933427637624,0.0438305586576462));
#2774=CARTESIAN_POINT('',(0.,-0.0614274282692184,0.0438305586576462));
#2775=CARTESIAN_POINT('',(0.00973666666666667,-0.0154933427637624,0.0438305586576462));
#2776=CARTESIAN_POINT('',(0.00973666666666667,-0.0614274282692184,0.0438305586576462));
#2777=CARTESIAN_POINT('',(0.014605,-0.0154933427637624,0.0400439839189252));
#2778=CARTESIAN_POINT('',(0.014605,-0.0614274282692184,0.0400439839189252));
#2779=CARTESIAN_POINT('',(0.014605,-0.0154933427637624,0.0324708344414831));
#2780=CARTESIAN_POINT('',(0.014605,-0.0614274282692184,0.0324708344414831));
#2781=CARTESIAN_POINT('',(0.0118950848600465,-0.0169440982218057,0.0401495132527345));
#2782=CARTESIAN_POINT('',(0.0116701299829944,-0.0164286723329442,0.0403807390406784));
#2783=CARTESIAN_POINT('',(0.0113463806506179,-0.0159898726728536,0.0406905085702862));
#2784=CARTESIAN_POINT('',(0.0108944591051269,-0.015767303512304,0.0410363724593901));
#2785=CARTESIAN_POINT('',(0.0108944591051269,-0.0157673035123039,0.0410363724593901));
#2786=CARTESIAN_POINT('',(0.0108944591051269,-0.015767303512304,0.04103637245939));
#2787=CARTESIAN_POINT('',(0.01024093573082,-0.0164413164886319,0.0415365259442445));
#2788=CARTESIAN_POINT('',(0.00877467194489278,-0.0177115047449499,0.0423919644615478));
#2789=CARTESIAN_POINT('',(0.00614347532706587,-0.0193038250724254,0.0432616296030219));
#2790=CARTESIAN_POINT('',(0.00316572985359501,-0.0203796696502017,0.0437406474029199));
#2791=CARTESIAN_POINT('',(0.00106373231388646,-0.0206160220499268,0.0438305586576462));
#2792=CARTESIAN_POINT('',(-1.42155747569402E-35,-0.0206160242022015,0.0438305586576462));
#2793=CARTESIAN_POINT('',(2.77555756156289E-17,-0.0206160242022015,0.0438305586576462));
#2794=CARTESIAN_POINT('',(2.77555756156289E-17,-0.0106274282692184,0.0438305586576462));
#2795=CARTESIAN_POINT('',(-0.014605,-0.0152099085948592,0.0313135618027002));
#2796=CARTESIAN_POINT('',(-0.014605,-0.0614274282692184,0.0313135618027002));
#2797=CARTESIAN_POINT('',(-0.014605,-0.0152099085948592,0.0396582263726642));
#2798=CARTESIAN_POINT('',(-0.014605,-0.0614274282692184,0.0396582263726642));
#2799=CARTESIAN_POINT('',(-0.00973666666666667,-0.0152099085948592,0.0438305586576462));
#2800=CARTESIAN_POINT('',(-0.00973666666666667,-0.0614274282692184,0.0438305586576462));
#2801=CARTESIAN_POINT('',(0.,-0.0152099085948592,0.0438305586576462));
#2802=CARTESIAN_POINT('',(0.,-0.0614274282692184,0.0438305586576462));
#2803=CARTESIAN_POINT('',(-1.41105202909465E-35,-0.0206160242022015,0.0438305586576462));
#2804=CARTESIAN_POINT('',(-0.00106014225235245,-0.0206160218557529,0.0438305586576462));
#2805=CARTESIAN_POINT('',(-0.00319236792613934,-0.0203524597903666,0.0437299184177816));
#2806=CARTESIAN_POINT('',(-0.00616009451534336,-0.0191817071820071,0.0431976199604554));
#2807=CARTESIAN_POINT('',(-0.00874876134068252,-0.0175031112264196,0.0422533355739524));
#2808=CARTESIAN_POINT('',(-0.0101755381528604,-0.016182025291573,0.0413445368245979));
#2809=CARTESIAN_POINT('',(-0.0108060482992731,-0.0154855598056407,0.0408253851483478));
#2810=CARTESIAN_POINT('',(-0.0108060482992731,-0.0154855598056407,0.0408253851483478));
#2811=CARTESIAN_POINT('',(-0.0108060482992731,-0.0154855598056407,0.0408253851483478));
#2812=CARTESIAN_POINT('',(-0.0112083410979282,-0.0156895410174246,0.0404941438790422));
#2813=CARTESIAN_POINT('',(-0.0115044174322247,-0.0160787233350439,0.0401980006002166));
#2814=CARTESIAN_POINT('',(-0.0117157708947204,-0.0165421868009524,0.039971881692659));
#2815=CARTESIAN_POINT('',(-0.014605,-0.0106274282692184,0.0313135618027002));
#2816=CARTESIAN_POINT('',(0.,-0.0169774282692184,0.032756045460701));
#2817=CARTESIAN_POINT('',(0.,-0.0169774282692184,0.032756045460701));
#2818=CARTESIAN_POINT('',(0.,-0.0169774282692184,0.023231045460701));
#2819=CARTESIAN_POINT('',(-0.000100161256492124,-0.0169774282692184,0.0258977431512903));
#2820=CARTESIAN_POINT('',(0.,-0.00841762826921843,0.0133253736421466));
#2821=CARTESIAN_POINT('',(0.014605,-0.0121572320621898,0.0313135618027002));
#2822=CARTESIAN_POINT('',(0.014605,-0.0614274282692184,0.0313135618027002));
#2823=CARTESIAN_POINT('',(0.00759038494884968,-0.0121572320621898,0.0237600793956369));
#2824=CARTESIAN_POINT('',(0.00759038494884968,-0.0614274282692184,0.0237600793956369));
#2825=CARTESIAN_POINT('',(0.00759038494884968,-0.0121572320621898,0.0177640166754524));
#2826=CARTESIAN_POINT('',(0.00759038494884968,-0.0614274282692184,0.0177640166754524));
#2827=CARTESIAN_POINT('',(0.014605,-0.0121572320621898,0.0133253736421466));
#2828=CARTESIAN_POINT('',(0.014605,-0.0614274282692184,0.0133253736421466));
#2829=CARTESIAN_POINT('',(-0.014605,-0.0121533692405866,0.0313135618027002));
#2830=CARTESIAN_POINT('',(-0.014605,-0.0614274282692184,0.0313135618027002));
#2831=CARTESIAN_POINT('',(-0.00759038494884968,-0.0121533692405866,0.0237600793956369));
#2832=CARTESIAN_POINT('',(-0.00759038494884968,-0.0614274282692184,0.0237600793956369));
#2833=CARTESIAN_POINT('',(-0.00759038494884968,-0.0121533692405866,0.0177640166754524));
#2834=CARTESIAN_POINT('',(-0.00759038494884968,-0.0614274282692184,0.0177640166754524));
#2835=CARTESIAN_POINT('',(-0.014605,-0.0121533692405866,0.0133253736421466));
#2836=CARTESIAN_POINT('',(-0.014605,-0.0614274282692184,0.0133253736421466));
#2837=CARTESIAN_POINT('',(-0.00435925477756023,0.0825098534273135,0.0143829599452599));
#2838=CARTESIAN_POINT('',(-0.00435905712388094,0.0825124172819901,0.0143824713874444));
#2839=CARTESIAN_POINT('',(-0.0043588594566023,0.0825149811330366,0.0143819828298237));
#2840=CARTESIAN_POINT('',(-0.00435854528714421,0.0825190557941485,0.0143812063772432));
#2841=CARTESIAN_POINT('',(-0.00435842879383669,0.0825205666065815,0.0143809184821564));
#2842=CARTESIAN_POINT('',(-0.00435825404679838,0.0825228328233428,0.0143804866396276));
#2843=CARTESIAN_POINT('',(-0.00435819579639803,0.0825235882313137,0.0143803427062622));
#2844=CARTESIAN_POINT('',(-0.00435812298244365,0.0825245324841377,0.0143801627542582));
#2845=CARTESIAN_POINT('',(-0.00435810841884996,0.082524721344138,0.0143801268133584));
#2846=CARTESIAN_POINT('',(-0.00435807929411949,0.0825250990303265,0.0143800547547523));
#2847=CARTESIAN_POINT('',(-0.00435806473011462,0.0825252878937076,0.0143800188317603));
#2848=CARTESIAN_POINT('',(-0.00435802104611642,0.0825258543769706,0.0143799105035505));
#2849=CARTESIAN_POINT('',(-0.00435799192632352,0.0825262319913281,0.0143798380697235));
#2850=CARTESIAN_POINT('',(-0.00435772988524013,0.0825296300049783,0.0143791834698956));
#2851=CARTESIAN_POINT('',(-0.00435749718390278,0.0825326473065172,0.0143785851125573));
#2852=CARTESIAN_POINT('',(-0.00435633431950339,0.0825477242448828,0.0143755433602484));
#2853=CARTESIAN_POINT('',(-0.00435540659688893,0.0825597485173542,0.0143729585011574));
#2854=CARTESIAN_POINT('',(-0.00435262747560394,0.0825957571445903,0.0143649959055561));
#2855=CARTESIAN_POINT('',(-0.0043507798557552,0.0826196807812507,0.0143593914654934));
#2856=CARTESIAN_POINT('',(-0.00434524352548277,0.0826913209706442,0.0143421084233263));
#2857=CARTESIAN_POINT('',(-0.00434156160746191,0.082738903404921,0.0143299478003004));
#2858=CARTESIAN_POINT('',(-0.00433420300382176,0.0828338804464095,0.0143049555500271));
#2859=CARTESIAN_POINT('',(-0.00433052671070214,0.0828812699422812,0.0142921054250258));
#2860=CARTESIAN_POINT('',(-0.00431949974474266,0.0830232367758702,0.0142528381074793));
#2861=CARTESIAN_POINT('',(-0.00431215076300165,0.0831176154110349,0.0142257146488105));
#2862=CARTESIAN_POINT('',(-0.00429008737153243,0.0834002780784091,0.0141426810872848));
#2863=CARTESIAN_POINT('',(-0.00427535526070001,0.0835881051297468,0.0140851192224541));
#2864=CARTESIAN_POINT('',(-0.00423105073383269,0.0841503836633068,0.0139091450820388));
#2865=CARTESIAN_POINT('',(-0.00420136274305939,0.0845237306901568,0.0137873971084707));
#2866=CARTESIAN_POINT('',(-0.00414160380200462,0.0852690281204551,0.0135399670045203));
#2867=CARTESIAN_POINT('',(-0.00411153651334304,0.0856409289036366,0.0134141241581204));
#2868=CARTESIAN_POINT('',(-0.00406615345447345,0.0861980270170605,0.0132234603440773));
#2869=CARTESIAN_POINT('',(-0.00405097877851021,0.0863835997526954,0.0131595767049546));
#2870=CARTESIAN_POINT('',(-0.00402814694918648,0.0866618004496125,0.0130633465343715));
#2871=CARTESIAN_POINT('',(-0.00402052414862223,0.0867545143653606,0.0130312220527958));
#2872=CARTESIAN_POINT('',(-0.00400525082108736,0.0869399494322769,0.0129670128405549));
#2873=CARTESIAN_POINT('',(-0.00399760084342964,0.0870326638862256,0.0129349085754332));
#2874=CARTESIAN_POINT('',(-0.00398564643723784,0.0871772939875702,0.0128848263617853));
#2875=CARTESIAN_POINT('',(-0.00398135099720766,0.0872292116867737,0.0128668481869959));
#2876=CARTESIAN_POINT('',(-0.00397705149182295,0.0872811284447979,0.012848870120525));
#2877=CARTESIAN_POINT('',(-0.00432321256787867,0.082977373122276,0.016842246140086));
#2878=CARTESIAN_POINT('',(-0.00432301327082166,0.0829799364078507,0.01684175595363));
#2879=CARTESIAN_POINT('',(-0.00432281396057699,0.0829824996907909,0.0168412657676778));
#2880=CARTESIAN_POINT('',(-0.00432249718070799,0.0829865734498107,0.016840486727872));
#2881=CARTESIAN_POINT('',(-0.004322379719687,0.0829880839276092,0.0168401978736897));
#2882=CARTESIAN_POINT('',(-0.00432220352130983,0.0829903496427155,0.0168397645927205));
#2883=CARTESIAN_POINT('',(-0.00432216793106536,0.0829908047583822,0.0168397015996305));
#2884=CARTESIAN_POINT('',(-0.00432206558275056,0.0829921239569352,0.0168394192740868));
#2885=CARTESIAN_POINT('',(-0.00432207638017722,0.0829919823332917,0.0168394729633296));
#2886=CARTESIAN_POINT('',(-0.00432200762170825,0.082992870756552,0.0168392618750964));
#2887=CARTESIAN_POINT('',(-0.00432194616224177,0.0829936661483315,0.0168390615830853));
#2888=CARTESIAN_POINT('',(-0.00432180338298231,0.0829955128227514,0.0168386045304901));
#2889=CARTESIAN_POINT('',(-0.00432164993108483,0.0829974994970937,0.0168380939276573));
#2890=CARTESIAN_POINT('',(-0.0043205879375202,0.0830112416277703,0.01683461071231));
#2891=CARTESIAN_POINT('',(-0.0043198690115556,0.0830205366591554,0.0168322483744914));
#2892=CARTESIAN_POINT('',(-0.00431652043396414,0.0830638166276085,0.0168212254189054));
#2893=CARTESIAN_POINT('',(-0.00431470943094173,0.0830871724127067,0.0168151981722519));
#2894=CARTESIAN_POINT('',(-0.0043094453689735,0.0831550263363325,0.0167975721052857));
#2895=CARTESIAN_POINT('',(-0.00430657923397734,0.0831918888020748,0.0167877977604877));
#2896=CARTESIAN_POINT('',(-0.00429836161087407,0.0832974711156949,0.0167594777911234));
#2897=CARTESIAN_POINT('',(-0.00429355608256982,0.0833590422627571,0.0167424743820443));
#2898=CARTESIAN_POINT('',(-0.00428425664978861,0.0834780006328921,0.0167090944223345));
#2899=CARTESIAN_POINT('',(-0.00427981536469396,0.0835347041503678,0.0166928836036559));
#2900=CARTESIAN_POINT('',(-0.00426677933419926,0.0837008864210252,0.0166447555568281));
#2901=CARTESIAN_POINT('',(-0.0042584668975924,0.0838065079940069,0.016613329057336));
#2902=CARTESIAN_POINT('',(-0.00423392136459843,0.0841175881999746,0.016519255077561));
#2903=CARTESIAN_POINT('',(-0.00421808875378478,0.0843171462233792,0.0164568502705723));
#2904=CARTESIAN_POINT('',(-0.00417095916985402,0.0849085031427715,0.016268680053533));
#2905=CARTESIAN_POINT('',(-0.00414006350890279,0.0852925442020382,0.0161420614326903));
#2906=CARTESIAN_POINT('',(-0.00407820189802649,0.0860554554799851,0.015886463638788));
#2907=CARTESIAN_POINT('',(-0.00404728622975777,0.0864336634890679,0.0157575392117945));
#2908=CARTESIAN_POINT('',(-0.00400076409166507,0.0869986959977564,0.0155628987946737));
#2909=CARTESIAN_POINT('',(-0.00398523536897054,0.0871866160586556,0.0154978130822203));
#2910=CARTESIAN_POINT('',(-0.00396189921497083,0.0874680404315065,0.0153999072101511));
#2911=CARTESIAN_POINT('',(-0.00395423388960063,0.0875603057391826,0.0153678891490457));
#2912=CARTESIAN_POINT('',(-0.00393880955813787,0.0877456653774737,0.0153035357983284));
#2913=CARTESIAN_POINT('',(-0.00393108473222446,0.0878383424446126,0.0152713600784136));
#2914=CARTESIAN_POINT('',(-0.00391901447799646,0.0879829156094847,0.0152211670176754));
#2915=CARTESIAN_POINT('',(-0.00391467767953326,0.0880348126187931,0.0152031493603691));
#2916=CARTESIAN_POINT('',(-0.00391033697601513,0.0880867092099723,0.0151851318482292));
#2917=CARTESIAN_POINT('',(-0.0018267692091368,0.0827917062377627,0.016877751896061));
#2918=CARTESIAN_POINT('',(-0.00182657225588785,0.0827942610068425,0.0168772633382454));
#2919=CARTESIAN_POINT('',(-0.00182637528888743,0.0827968157749034,0.0168767747806247));
#2920=CARTESIAN_POINT('',(-0.00182606223212316,0.0828008760047907,0.0168759983280442));
#2921=CARTESIAN_POINT('',(-0.00182594615133038,0.0828023814672818,0.0168757104329574));
#2922=CARTESIAN_POINT('',(-0.0018257720229851,0.0828046396604883,0.0168752785904286));
#2923=CARTESIAN_POINT('',(-0.00182571397880326,0.0828050816866722,0.0168751940601481));
#2924=CARTESIAN_POINT('',(-0.00182564142260376,0.0828064109812829,0.016874939854288));
#2925=CARTESIAN_POINT('',(-0.00182562691056277,0.0828062570344118,0.0168749692941101));
#2926=CARTESIAN_POINT('',(-0.00182559788892692,0.0828071623066148,0.0168747961756027));
#2927=CARTESIAN_POINT('',(-0.001825583376474,0.0828079783295023,0.0168746399992724));
#2928=CARTESIAN_POINT('',(-0.00182553984710031,0.0828098685122334,0.0168742774847501));
#2929=CARTESIAN_POINT('',(-0.0018255108303757,0.0828119107869111,0.0168738844370525));
#2930=CARTESIAN_POINT('',(-0.00182524971673864,0.0828260107438845,0.0168711583051287));
#2931=CARTESIAN_POINT('',(-0.00182501783872605,0.0828355247127169,0.0168692555005488));
#2932=CARTESIAN_POINT('',(-0.00182385908730366,0.082879807036545,0.016860289674944));
#2933=CARTESIAN_POINT('',(-0.00182293464156339,0.0829035665707209,0.016855086445843));
#2934=CARTESIAN_POINT('',(-0.00182016532356332,0.0829725821581271,0.0168397709334871));
#2935=CARTESIAN_POINT('',(-0.00181832420371575,0.0830099075990505,0.0168309350455107));
#2936=CARTESIAN_POINT('',(-0.00181280729920089,0.0831167335834949,0.0168050727385736));
#2937=CARTESIAN_POINT('',(-0.00180913823174923,0.0831787797005269,0.0167890896473001));
#2938=CARTESIAN_POINT('',(-0.00180180517773621,0.0832985480411292,0.0167574640031328));
#2939=CARTESIAN_POINT('',(-0.00179814158225035,0.0833555442544912,0.0167419409040746));
#2940=CARTESIAN_POINT('',(-0.00178715250676383,0.0835224834876423,0.0166956071302829));
#2941=CARTESIAN_POINT('',(-0.00177982851627327,0.0836283746988046,0.0166650384354014));
#2942=CARTESIAN_POINT('',(-0.0017578394001195,0.0839401221647131,0.0165731517345315));
#2943=CARTESIAN_POINT('',(-0.00174315587934345,0.0841397396288769,0.0165117207283826));
#2944=CARTESIAN_POINT('',(-0.00169899465613219,0.0847312220341878,0.0163260060661699));
#2945=CARTESIAN_POINT('',(-0.00166939894173071,0.0851148172908507,0.0162004624181796));
#2946=CARTESIAN_POINT('',(-0.0016098190611911,0.0858768543968135,0.0159467146104136));
#2947=CARTESIAN_POINT('',(-0.00157983854124236,0.0862545096263312,0.0158185445319219));
#2948=CARTESIAN_POINT('',(-0.00153458196163805,0.0868186708281104,0.0156249238071228));
#2949=CARTESIAN_POINT('',(-0.00151944883209793,0.0870063062715489,0.0155601522819548));
#2950=CARTESIAN_POINT('',(-0.00149667845170487,0.0872872916065845,0.0154626966100826));
#2951=CARTESIAN_POINT('',(-0.00148907599046819,0.0873793205234125,0.015430723783233));
#2952=CARTESIAN_POINT('',(-0.00147384307084688,0.087564264993641,0.0153665145709926));
#2953=CARTESIAN_POINT('',(-0.00146621316028691,0.0876567362465613,0.0153344103058714));
#2954=CARTESIAN_POINT('',(-0.00145428985007518,0.0878009901339397,0.0152843280922223));
#2955=CARTESIAN_POINT('',(-0.00145000553080472,0.0878527734201092,0.0152663499174326));
#2956=CARTESIAN_POINT('',(-0.00144571710474219,0.0879045563942842,0.0152483718509615));
#2957=CARTESIAN_POINT('',(-0.00435242940337327,0.0825983171318516,0.0143643458799237));
#2958=CARTESIAN_POINT('',(-0.00435242324008032,0.0825983968508992,0.0143648778890422));
#2959=CARTESIAN_POINT('',(-0.00435249549977782,0.082604225221666,0.0143975947112207));
#2960=CARTESIAN_POINT('',(-0.00434572409253205,0.0826288046076809,0.014539972993471));
#2961=CARTESIAN_POINT('',(-0.00432823187696302,0.0826517612077702,0.014681927865835));
#2962=CARTESIAN_POINT('',(-0.00431601886832814,0.0826641276426488,0.0147593944800298));
#2963=CARTESIAN_POINT('',(-0.00428634844300184,0.0826879884387069,0.0149095167238382));
#2964=CARTESIAN_POINT('',(-0.00425827452961312,0.0827071559815817,0.0150237003034341));
#2965=CARTESIAN_POINT('',(-0.00414957535346929,0.0827562819505192,0.015330133621912));
#2966=CARTESIAN_POINT('',(-0.00404205160349382,0.0827871646602417,0.0155416646328397));
#2967=CARTESIAN_POINT('',(-0.00386329118022743,0.0828262082729632,0.0158314329508613));
#2968=CARTESIAN_POINT('',(-0.00360718793912871,0.0828598912920088,0.0161322756026232));
#2969=CARTESIAN_POINT('',(-0.00330252506848325,0.0828806272133143,0.0163826876263372));
#2970=CARTESIAN_POINT('',(-0.00302307948987545,0.0828896766124178,0.0165553418204932));
#2971=CARTESIAN_POINT('',(-0.00276284834316699,0.0828913093023562,0.0166768719904204));
#2972=CARTESIAN_POINT('',(-0.00261464765967948,0.0828898229664593,0.0167309360583391));
#2973=CARTESIAN_POINT('',(-0.0023070971130643,0.0828832599002871,0.016822707020416));
#2974=CARTESIAN_POINT('',(-0.00202896103777268,0.0828694150576989,0.0168623427097395));
#2975=CARTESIAN_POINT('',(-0.00182452102011016,0.0828542048671236,0.016865462922745));
#2976=CARTESIAN_POINT('',(-0.00435242902006797,0.0825983220868199,0.014364378947271));
#2977=CARTESIAN_POINT('',(-0.00435242902006797,0.0825983220868199,0.014364378947271));
#2978=CARTESIAN_POINT('',(-0.00435242902006797,0.0825983220868199,0.014364378947271));
#2979=CARTESIAN_POINT('',(-0.00435242902006797,0.0825983220868199,0.014364378947271));
#2980=CARTESIAN_POINT('',(-0.00435242902006797,0.0825983220868199,0.014364378947271));
#2981=CARTESIAN_POINT('',(-0.00435242902006797,0.0825983220868199,0.014364378947271));
#2982=CARTESIAN_POINT('',(-0.00435242902006797,0.0825983220868199,0.014364378947271));
#2983=CARTESIAN_POINT('',(-0.00435242902006797,0.0825983220868199,0.014364378947271));
#2984=CARTESIAN_POINT('',(-0.00435242902006797,0.0825983220868199,0.014364378947271));
#2985=CARTESIAN_POINT('',(-0.00435242902006797,0.0825983220868199,0.014364378947271));
#2986=CARTESIAN_POINT('',(-0.00435242902006797,0.0825983220868199,0.014364378947271));
#2987=CARTESIAN_POINT('',(-0.00435242902006797,0.0825983220868199,0.014364378947271));
#2988=CARTESIAN_POINT('',(-0.00435242902006797,0.0825983220868199,0.014364378947271));
#2989=CARTESIAN_POINT('',(-0.00435242902006797,0.0825983220868199,0.014364378947271));
#2990=CARTESIAN_POINT('',(-0.00435238991656742,0.0825988232230504,0.0143849193662233));
#2991=CARTESIAN_POINT('',(-0.00435238951931937,0.0825988283677157,0.0143849191122985));
#2992=CARTESIAN_POINT('',(-0.00435238912207131,0.082598833512381,0.0143849188583736));
#2993=CARTESIAN_POINT('',(-0.00435238872482326,0.0825988386570462,0.0143849186044488));
#2994=CARTESIAN_POINT('',(-0.0043523559085658,0.0825992636526078,0.0143848976279764));
#2995=CARTESIAN_POINT('',(-0.00435232350099798,0.0825996828395837,0.0143848530821907));
#2996=CARTESIAN_POINT('',(-0.00435227489114277,0.0826003115892569,0.0143847842391979));
#2997=CARTESIAN_POINT('',(-0.00435225868810712,0.0826005211673495,0.0143847609541479));
#2998=CARTESIAN_POINT('',(-0.00435222618061165,0.0826009417602859,0.0143847192642193));
#2999=CARTESIAN_POINT('',(-0.00435220987615183,0.0826011527751297,0.0143847008593405));
#3000=CARTESIAN_POINT('',(-0.00435219347001843,0.0826013652318563,0.0143846876720188));
#3001=CARTESIAN_POINT('',(-0.00435219301849914,0.0826013710789568,0.0143846873090856));
#3002=CARTESIAN_POINT('',(-0.00435219256697985,0.0826013769260572,0.0143846869461524));
#3003=CARTESIAN_POINT('',(-0.00435219211546057,0.0826013827731577,0.0143846865832193));
#3004=CARTESIAN_POINT('',(-0.00435202356086227,0.0826003202182396,0.0144054902043726));
#3005=CARTESIAN_POINT('',(-0.00435202277124958,0.0826003305488035,0.0144054896666488));
#3006=CARTESIAN_POINT('',(-0.0043520219816369,0.0826003408793674,0.0144054891289249));
#3007=CARTESIAN_POINT('',(-0.00435202119202422,0.0826003512099313,0.0144054885912011));
#3008=CARTESIAN_POINT('',(-0.00435195596292399,0.0826012046073029,0.0144054441703826));
#3009=CARTESIAN_POINT('',(-0.00435189172767106,0.0826020472464873,0.0144053270834587));
#3010=CARTESIAN_POINT('',(-0.00435179474468711,0.0826033080652152,0.0144051479519474));
#3011=CARTESIAN_POINT('',(-0.00435176231200837,0.0826037278147831,0.0144050876579227));
#3012=CARTESIAN_POINT('',(-0.00435169688313678,0.0826045684334413,0.014404983485837));
#3013=CARTESIAN_POINT('',(-0.00435166388694393,0.0826049893025316,0.0144049396077759));
#3014=CARTESIAN_POINT('',(-0.0043516304322544,0.0826054118144858,0.0144049127291994));
#3015=CARTESIAN_POINT('',(-0.00435162951153547,0.0826054234425942,0.0144049119894641));
#3016=CARTESIAN_POINT('',(-0.00435162859081654,0.0826054350707026,0.0144049112497289));
#3017=CARTESIAN_POINT('',(-0.0043516276700976,0.082605446698811,0.0144049105099936));
#3018=CARTESIAN_POINT('',(-0.00435086793161436,0.0826022987408622,0.0144466154395678));
#3019=CARTESIAN_POINT('',(-0.00435086636990254,0.0826023195085241,0.0144466142820839));
#3020=CARTESIAN_POINT('',(-0.00435086480819071,0.0826023402761861,0.0144466131246));
#3021=CARTESIAN_POINT('',(-0.00435086324647888,0.0826023610438481,0.0144466119671161));
#3022=CARTESIAN_POINT('',(-0.00435073423505424,0.0826040766392698,0.0144465163485469));
#3023=CARTESIAN_POINT('',(-0.00435060825569112,0.0826057600001671,0.0144462855728114));
#3024=CARTESIAN_POINT('',(-0.00435041612795747,0.0826082702766957,0.0144459338039635));
#3025=CARTESIAN_POINT('',(-0.00435035155893143,0.0826091045747358,0.0144458156134735));
#3026=CARTESIAN_POINT('',(-0.00435022008351948,0.0826107738470384,0.0144456102191627));
#3027=CARTESIAN_POINT('',(-0.00435015317713357,0.082611608821301,0.014445523015342));
#3028=CARTESIAN_POINT('',(-0.00435008445983595,0.082612446932589,0.014445467732398));
#3029=CARTESIAN_POINT('',(-0.00435008256864169,0.082612469998561,0.0144454662109356));
#3030=CARTESIAN_POINT('',(-0.00435008067744742,0.082612493064533,0.0144454646894732));
#3031=CARTESIAN_POINT('',(-0.00435007878625315,0.082612516130505,0.0144454631680107));
#3032=CARTESIAN_POINT('',(-0.00434838803083487,0.082605201335599,0.0145082888524758));
#3033=CARTESIAN_POINT('',(-0.00434838532991951,0.0826052378568592,0.0145082866871085));
#3034=CARTESIAN_POINT('',(-0.00434838262900414,0.0826052743781195,0.0145082845217413));
#3035=CARTESIAN_POINT('',(-0.00434837992808878,0.0826053108993797,0.0145082823563741));
#3036=CARTESIAN_POINT('',(-0.00434815680821915,0.0826083278835223,0.0145081034775913));
#3037=CARTESIAN_POINT('',(-0.00434794057264636,0.0826112712013545,0.0145077054748863));
#3038=CARTESIAN_POINT('',(-0.00434760736964815,0.0826156458667543,0.0145071009836605));
#3039=CARTESIAN_POINT('',(-0.00434749482704224,0.0826170973699962,0.0145068982387239));
#3040=CARTESIAN_POINT('',(-0.00434726359593672,0.0826199986373832,0.0145065437862473));
#3041=CARTESIAN_POINT('',(-0.0043471449074371,0.0826214484015285,0.0145063920787072));
#3042=CARTESIAN_POINT('',(-0.0043470215479836,0.0826229031451351,0.014506292656425));
#3043=CARTESIAN_POINT('',(-0.00434701815296227,0.0826229431816742,0.0145062899201874));
#3044=CARTESIAN_POINT('',(-0.00434701475794094,0.0826229832182132,0.0145062871839499));
#3045=CARTESIAN_POINT('',(-0.0043470113629196,0.0826230232547523,0.0145062844477123));
#3046=CARTESIAN_POINT('',(-0.00434366743186285,0.0826079065409103,0.0145698806402053));
#3047=CARTESIAN_POINT('',(-0.00434366366146418,0.0826079590323753,0.0145698772663633));
#3048=CARTESIAN_POINT('',(-0.00434365989106551,0.0826080115238402,0.0145698738925212));
#3049=CARTESIAN_POINT('',(-0.00434365612066684,0.0826080640153052,0.0145698705186792));
#3050=CARTESIAN_POINT('',(-0.00434334465186983,0.0826124002818079,0.0145695918090214));
#3051=CARTESIAN_POINT('',(-0.00434304480987127,0.082616597306835,0.0145690367742867));
#3052=CARTESIAN_POINT('',(-0.00434257481572186,0.0826228060364313,0.0145681975710971));
#3053=CARTESIAN_POINT('',(-0.00434241477914679,0.0826248611449727,0.0145679167281859));
#3054=CARTESIAN_POINT('',(-0.00434208168372126,0.0826289627684521,0.0145674207980892));
#3055=CARTESIAN_POINT('',(-0.00434190862487079,0.0826310092833902,0.0145672057109035));
#3056=CARTESIAN_POINT('',(-0.00434172591560351,0.0826330616727156,0.014567057487958));
#3057=CARTESIAN_POINT('',(-0.00434172088719391,0.0826331181572844,0.0145670534086593));
#3058=CARTESIAN_POINT('',(-0.00434171585878431,0.0826331746418533,0.0145670493293605));
#3059=CARTESIAN_POINT('',(-0.00434171083037471,0.0826332311264221,0.0145670452500618));
#3060=CARTESIAN_POINT('',(-0.00433125623053403,0.082613042581136,0.0146927236572816));
#3061=CARTESIAN_POINT('',(-0.00433125044848829,0.082613127095827,0.0146927176900691));
#3062=CARTESIAN_POINT('',(-0.00433124466644255,0.0826132116105179,0.0146927117228566));
#3063=CARTESIAN_POINT('',(-0.00433123888439681,0.0826132961252089,0.0146927057556441));
#3064=CARTESIAN_POINT('',(-0.00433076123548218,0.0826202777978232,0.0146922128102914));
#3065=CARTESIAN_POINT('',(-0.00433030219448001,0.0826269632650675,0.0146913581239421));
#3066=CARTESIAN_POINT('',(-0.00432956306113744,0.0826367927395681,0.014690071793468));
#3067=CARTESIAN_POINT('',(-0.0043293082547167,0.0826400361100074,0.0146896422998182));
#3068=CARTESIAN_POINT('',(-0.00432876870397745,0.0826464975390455,0.0146888715972927));
#3069=CARTESIAN_POINT('',(-0.00432848395965893,0.0826497155976445,0.0146885303884169));
#3070=CARTESIAN_POINT('',(-0.00432817770608252,0.082652941465464,0.0146882781811402));
#3071=CARTESIAN_POINT('',(-0.00432816927756411,0.0826530302457703,0.0146882712400501));
#3072=CARTESIAN_POINT('',(-0.0043281608490457,0.0826531190260765,0.0146882642989599));
#3073=CARTESIAN_POINT('',(-0.00432815242052729,0.0826532078063828,0.0146882573578698));
#3074=CARTESIAN_POINT('',(-0.00431897268594773,0.082615833969772,0.0147744786911789));
#3075=CARTESIAN_POINT('',(-0.00431896573256332,0.0826159399437023,0.014774470759825));
#3076=CARTESIAN_POINT('',(-0.00431895877917891,0.0826160459176327,0.0147744628284711));
#3077=CARTESIAN_POINT('',(-0.00431895182579449,0.0826161518915631,0.0147744548971172));
#3078=CARTESIAN_POINT('',(-0.00431837741378432,0.0826249062901073,0.0147737996960413));
#3079=CARTESIAN_POINT('',(-0.00431783117900804,0.0826332240417588,0.0147727491415164));
#3080=CARTESIAN_POINT('',(-0.00431693092432899,0.0826454020969501,0.014771171479505));
#3081=CARTESIAN_POINT('',(-0.00431661735568354,0.0826494116866328,0.0147706452871305));
#3082=CARTESIAN_POINT('',(-0.00431594272282684,0.0826573907415786,0.0147696908256317));
#3083=CARTESIAN_POINT('',(-0.00431558165861558,0.0826613602068415,0.0147692625565074));
#3084=CARTESIAN_POINT('',(-0.00431518658259099,0.0826653393097324,0.0147689325156706));
#3085=CARTESIAN_POINT('',(-0.004315175709557,0.0826654488201008,0.0147689234324942));
#3086=CARTESIAN_POINT('',(-0.004315164836523,0.0826655583304692,0.0147689143493177));
#3087=CARTESIAN_POINT('',(-0.00431515396348901,0.0826656678408376,0.0147689052661413));
#3088=CARTESIAN_POINT('',(-0.00427079822972393,0.0826261791994803,0.0150146207207329));
#3089=CARTESIAN_POINT('',(-0.00427078854647542,0.0826263482344587,0.0150146069195477));
#3090=CARTESIAN_POINT('',(-0.00427077886322691,0.0826265172694371,0.0150145931183625));
#3091=CARTESIAN_POINT('',(-0.00427076917997839,0.0826266863044155,0.0150145793171774));
#3092=CARTESIAN_POINT('',(-0.00426996925667306,0.0826406501119637,0.015013439215314));
#3093=CARTESIAN_POINT('',(-0.00426909706438834,0.082653772623272,0.0150120406653406));
#3094=CARTESIAN_POINT('',(-0.00426758664880279,0.0826728546447894,0.0150099275660024));
#3095=CARTESIAN_POINT('',(-0.00426704948908118,0.082679115027721,0.0150092206538266));
#3096=CARTESIAN_POINT('',(-0.00426589217330359,0.0826915452449217,0.0150078638043135));
#3097=CARTESIAN_POINT('',(-0.0042652720172476,0.0826977150791908,0.0150072138669762));
#3098=CARTESIAN_POINT('',(-0.00426460255271696,0.0827038946557048,0.0150066234502071));
#3099=CARTESIAN_POINT('',(-0.00426458412813499,0.082704064726125,0.0150066072011279));
#3100=CARTESIAN_POINT('',(-0.00426456570355302,0.0827042347965452,0.0150065909520488));
#3101=CARTESIAN_POINT('',(-0.00426454727897105,0.0827044048669654,0.0150065747029696));
#3102=CARTESIAN_POINT('',(-0.00422378452943612,0.0826336504390514,0.0151693805672777));
#3103=CARTESIAN_POINT('',(-0.0042237740424752,0.0826338601545584,0.0151693632348446));
#3104=CARTESIAN_POINT('',(-0.00422376355551428,0.0826340698700655,0.0151693459024115));
#3105=CARTESIAN_POINT('',(-0.00422375306855336,0.0826342795855725,0.0151693285699785));
#3106=CARTESIAN_POINT('',(-0.00422288675138406,0.0826516039701921,0.015167896755319));
#3107=CARTESIAN_POINT('',(-0.00422172430161698,0.0826678329071989,0.0151664109048201));
#3108=CARTESIAN_POINT('',(-0.00421965518903212,0.0826913695410694,0.0151641311418692));
#3109=CARTESIAN_POINT('',(-0.00421891124518146,0.082699080623753,0.0151633627230184));
#3110=CARTESIAN_POINT('',(-0.00421733467166246,0.0827143732652036,0.0151618139006757));
#3111=CARTESIAN_POINT('',(-0.00421650204199412,0.0827219548239706,0.0151610334971836));
#3112=CARTESIAN_POINT('',(-0.0042156349661638,0.082729541320761,0.0151602496069172));
#3113=CARTESIAN_POINT('',(-0.00421561110304786,0.0827297501115566,0.0151602280331821));
#3114=CARTESIAN_POINT('',(-0.00421558723993192,0.0827299589023522,0.015160206459447));
#3115=CARTESIAN_POINT('',(-0.00421556337681598,0.0827301676931478,0.0151601848857118));
#3116=CARTESIAN_POINT('',(-0.00410057205654957,0.0826452188605192,0.0154699758534497));
#3117=CARTESIAN_POINT('',(-0.00410055957955632,0.0826454980193088,0.0154699567224139));
#3118=CARTESIAN_POINT('',(-0.00410054710256307,0.0826457771780984,0.0154699375913781));
#3119=CARTESIAN_POINT('',(-0.00410053462556983,0.082646056336888,0.0154699184603424));
#3120=CARTESIAN_POINT('',(-0.00409950391385494,0.0826691173604103,0.0154683380649447));
#3121=CARTESIAN_POINT('',(-0.00409777883748666,0.0826910509366785,0.0154665273057085));
#3122=CARTESIAN_POINT('',(-0.00409457276334322,0.0827231008781943,0.0154635654437835));
#3123=CARTESIAN_POINT('',(-0.00409340099536358,0.0827336424548851,0.0154625372026301));
#3124=CARTESIAN_POINT('',(-0.00409092182077214,0.0827545822586372,0.0154604154497474));
#3125=CARTESIAN_POINT('',(-0.00408961441416034,0.0827649804856984,0.0154593219380182));
#3126=CARTESIAN_POINT('',(-0.00408827444551489,0.0827753771002778,0.0154582041095583));
#3127=CARTESIAN_POINT('',(-0.00408823756774016,0.0827756632293687,0.0154581733453862));
#3128=CARTESIAN_POINT('',(-0.00408820068996544,0.0827759493584596,0.015458142581214));
#3129=CARTESIAN_POINT('',(-0.00408816381219072,0.0827762354875505,0.0154581118170418));
#3130=CARTESIAN_POINT('',(-0.00402385951061777,0.0826495983318998,0.0156158501067094));
#3131=CARTESIAN_POINT('',(-0.00402384616127314,0.0826499113786135,0.0156158306806221));
#3132=CARTESIAN_POINT('',(-0.0040238328119285,0.0826502244253273,0.0156158112545349));
#3133=CARTESIAN_POINT('',(-0.00402381946258387,0.082650537472041,0.0156157918284476));
#3134=CARTESIAN_POINT('',(-0.00402271668680862,0.0826763979424912,0.0156141870591486));
#3135=CARTESIAN_POINT('',(-0.00402068114496225,0.0827010512159803,0.0156122200115948));
#3136=CARTESIAN_POINT('',(-0.00401685815441166,0.082737098616593,0.015608882413932));
#3137=CARTESIAN_POINT('',(-0.00401545554459795,0.082748958998527,0.0156077053769891));
#3138=CARTESIAN_POINT('',(-0.0040124986775978,0.0827725153068247,0.0156052483595007));
#3139=CARTESIAN_POINT('',(-0.00401094442041134,0.0827842112331885,0.0156039683789554));
#3140=CARTESIAN_POINT('',(-0.00400936679548232,0.0827958981222522,0.0156026499591962));
#3141=CARTESIAN_POINT('',(-0.00400932337708076,0.0827962197614664,0.0156026136744764));
#3142=CARTESIAN_POINT('',(-0.00400927995867919,0.0827965414006805,0.0156025773897566));
#3143=CARTESIAN_POINT('',(-0.00400923654027763,0.0827968630398947,0.0156025411050368));
#3144=CARTESIAN_POINT('',(-0.00384321147593054,0.0826549398463591,0.0158909420008933));
#3145=CARTESIAN_POINT('',(-0.00384319575691441,0.0826553158079609,0.0158909240047816));
#3146=CARTESIAN_POINT('',(-0.00384318003789828,0.0826556917695628,0.0158909060086698));
#3147=CARTESIAN_POINT('',(-0.00384316431888215,0.0826560677311646,0.0158908880125581));
#3148=CARTESIAN_POINT('',(-0.00384186578695622,0.0826871255364952,0.0158894013720796));
#3149=CARTESIAN_POINT('',(-0.00383924611753623,0.0827167678575229,0.0158870456164243));
#3150=CARTESIAN_POINT('',(-0.00383428402909894,0.0827601263323511,0.0158827699901731));
#3151=CARTESIAN_POINT('',(-0.00383245790223529,0.0827743949895083,0.0158812211159614));
#3152=CARTESIAN_POINT('',(-0.00382861964072784,0.0828027336715417,0.015877969649948));
#3153=CARTESIAN_POINT('',(-0.00382660750608404,0.082816803696418,0.0158762670581464));
#3154=CARTESIAN_POINT('',(-0.00382458146104464,0.082830859256799,0.0158745344142162));
#3155=CARTESIAN_POINT('',(-0.00382452570150669,0.0828312460850961,0.0158744867294791));
#3156=CARTESIAN_POINT('',(-0.00382446994196874,0.0828316329133933,0.0158744390447421));
#3157=CARTESIAN_POINT('',(-0.00382441418243079,0.0828320197416904,0.015874391360005));
#3158=CARTESIAN_POINT('',(-0.00373931472195616,0.082655928411655,0.0160200985012551));
#3159=CARTESIAN_POINT('',(-0.00373929763267447,0.0826563333105541,0.0160200819391664));
#3160=CARTESIAN_POINT('',(-0.00373928054339278,0.0826567382094532,0.0160200653770777));
#3161=CARTESIAN_POINT('',(-0.00373926345411109,0.0826571431083523,0.016020048814989));
#3162=CARTESIAN_POINT('',(-0.00373785172594158,0.0826905913943623,0.0160186806376966));
#3163=CARTESIAN_POINT('',(-0.00373495468890873,0.0827225081213358,0.0160161054704706));
#3164=CARTESIAN_POINT('',(-0.00372946388989565,0.0827691914166276,0.0160112866495647));
#3165=CARTESIAN_POINT('',(-0.00372744274964731,0.0827845538825301,0.0160095210309183));
#3166=CARTESIAN_POINT('',(-0.00372319917463457,0.08281506580651,0.0160058135060756));
#3167=CARTESIAN_POINT('',(-0.00372097673987016,0.0828302152645873,0.0160038715998792));
#3168=CARTESIAN_POINT('',(-0.00371874388450031,0.0828453503473677,0.016001912751144));
#3169=CARTESIAN_POINT('',(-0.00371868243325844,0.0828457668856017,0.0160018588409405));
#3170=CARTESIAN_POINT('',(-0.00371862098201658,0.0828461834238357,0.016001804930737));
#3171=CARTESIAN_POINT('',(-0.00371855953077472,0.0828465999620697,0.0160017510205335));
#3172=CARTESIAN_POINT('',(-0.00350847582905607,0.0826545877161933,0.0162561337822254));
#3173=CARTESIAN_POINT('',(-0.00350845550970191,0.0826550420023991,0.0162561205909909));
#3174=CARTESIAN_POINT('',(-0.00350843519034774,0.082655496288605,0.0162561073997563));
#3175=CARTESIAN_POINT('',(-0.00350841487099357,0.0826559505748108,0.0162560942085218));
#3176=CARTESIAN_POINT('',(-0.00350673630982379,0.0826934786959703,0.0162550044940593));
#3177=CARTESIAN_POINT('',(-0.00350335642158566,0.082729476792188,0.0162519809917408));
#3178=CARTESIAN_POINT('',(-0.00349699562301473,0.0827822412218643,0.0162460000588398));
#3179=CARTESIAN_POINT('',(-0.00349466019578878,0.082799623912648,0.0162437654679689));
#3180=CARTESIAN_POINT('',(-0.00348976918999713,0.0828341554431258,0.0162390568934797));
#3181=CARTESIAN_POINT('',(-0.0034872136114314,0.0828513042828199,0.0162365829098613));
#3182=CARTESIAN_POINT('',(-0.00348465304256152,0.0828684247238661,0.0162341104800659));
#3183=CARTESIAN_POINT('',(-0.00348458257219472,0.0828688959018822,0.0162340424354073));
#3184=CARTESIAN_POINT('',(-0.00348451210182792,0.0828693670798984,0.0162339743907487));
#3185=CARTESIAN_POINT('',(-0.00348444163146112,0.0828698382579146,0.0162339063460901));
#3186=CARTESIAN_POINT('',(-0.00338143163541961,0.0826522506785442,0.0163629021151783));
#3187=CARTESIAN_POINT('',(-0.00338140969308154,0.0826527246855036,0.0163628906105244));
#3188=CARTESIAN_POINT('',(-0.00338138775074347,0.0826531986924629,0.0163628791058705));
#3189=CARTESIAN_POINT('',(-0.00338136580840541,0.0826536726994223,0.0163628676012166));
#3190=CARTESIAN_POINT('',(-0.00337955317418732,0.0826928299319632,0.0163619172134634));
#3191=CARTESIAN_POINT('',(-0.0033758774990431,0.0827305630321681,0.0163584314443498));
#3192=CARTESIAN_POINT('',(-0.00336919821856656,0.0827860934987302,0.0163518798042733));
#3193=CARTESIAN_POINT('',(-0.00336676460332726,0.0828044211255963,0.0163494450697084));
#3194=CARTESIAN_POINT('',(-0.00336166977699081,0.0828408533856174,0.0163442869842591));
#3195=CARTESIAN_POINT('',(-0.00335900856589368,0.0828589580187724,0.0163415636333748));
#3196=CARTESIAN_POINT('',(-0.00335632694735253,0.0828770221868707,0.0163388025207105));
#3197=CARTESIAN_POINT('',(-0.00335625314553277,0.0828775193375495,0.0163387265311035));
#3198=CARTESIAN_POINT('',(-0.00335617934371301,0.0828780164882284,0.0163386505414964));
#3199=CARTESIAN_POINT('',(-0.00335610554189325,0.0828785136389072,0.0163385745518894));
#3200=CARTESIAN_POINT('',(-0.00310913797263066,0.0826444009969866,0.0165501702019961));
#3201=CARTESIAN_POINT('',(-0.00310911238599976,0.0826449095751537,0.0165501620444267));
#3202=CARTESIAN_POINT('',(-0.00310908679936885,0.0826454181533207,0.0165501538868573));
#3203=CARTESIAN_POINT('',(-0.00310906121273795,0.0826459267314878,0.0165501457292879));
#3204=CARTESIAN_POINT('',(-0.00310694752719721,0.0826879398563123,0.0165494718407813));
#3205=CARTESIAN_POINT('',(-0.00310277648565288,0.0827286807719874,0.0165450675315468));
#3206=CARTESIAN_POINT('',(-0.00309570290676542,0.0827890407094231,0.0165373907054595));
#3207=CARTESIAN_POINT('',(-0.0030931701963465,0.0828090224551311,0.016534562299309));
#3208=CARTESIAN_POINT('',(-0.00308787918959634,0.0828487949760284,0.0165285200057027));
#3209=CARTESIAN_POINT('',(-0.00308512089326512,0.0828685857512176,0.0165253061182467));
#3210=CARTESIAN_POINT('',(-0.00308231186181137,0.0828883237893253,0.0165219762136067));
#3211=CARTESIAN_POINT('',(-0.00308223455341353,0.0828888670072023,0.0165218845700644));
#3212=CARTESIAN_POINT('',(-0.00308215724501568,0.0828894102250793,0.0165217929265222));
#3213=CARTESIAN_POINT('',(-0.00308207993661784,0.0828899534429563,0.0165217012829799));
#3214=CARTESIAN_POINT('',(-0.00296388842677296,0.0826388894360018,0.0166306700370471));
#3215=CARTESIAN_POINT('',(-0.00296386084440152,0.0826394125036485,0.0166306635129196));
#3216=CARTESIAN_POINT('',(-0.00296383326203009,0.0826399355712951,0.016630656988792));
#3217=CARTESIAN_POINT('',(-0.00296380567965865,0.0826404586389418,0.0166306504646644));
#3218=CARTESIAN_POINT('',(-0.00296152712802366,0.0826836687249308,0.0166301115131263));
#3219=CARTESIAN_POINT('',(-0.0029571565069853,0.0827256824520888,0.016625250930566));
#3220=CARTESIAN_POINT('',(-0.002950006319525,0.0827881170059139,0.0166170204639815));
#3221=CARTESIAN_POINT('',(-0.00294747230590607,0.0828088135255822,0.0166139989491087));
#3222=CARTESIAN_POINT('',(-0.0029421882792307,0.0828500348964805,0.0166075226569206));
#3223=CARTESIAN_POINT('',(-0.00293943826617427,0.0828705597477104,0.0166040678796051));
#3224=CARTESIAN_POINT('',(-0.00293662287147919,0.0828910279287753,0.0166004578658582));
#3225=CARTESIAN_POINT('',(-0.00293654538795622,0.0828915912411878,0.0166003585133292));
#3226=CARTESIAN_POINT('',(-0.00293646790443325,0.0828921545536003,0.0166002591608002));
#3227=CARTESIAN_POINT('',(-0.00293639042091027,0.0828927178660127,0.0166001598082712));
#3228=CARTESIAN_POINT('',(-0.00277386947641868,0.0826301167945085,0.016712740960888));
#3229=CARTESIAN_POINT('',(-0.0027738390359809,0.0826306563432749,0.0167127363124564));
#3230=CARTESIAN_POINT('',(-0.00277380859554311,0.0826311958920413,0.0167127316640248));
#3231=CARTESIAN_POINT('',(-0.00277377815510533,0.0826317354408077,0.0167127270155932));
#3232=CARTESIAN_POINT('',(-0.00277126350151769,0.082676307015328,0.0167123430133872));
#3233=CARTESIAN_POINT('',(-0.00276683118281988,0.0827197199149688,0.0167072167715423));
#3234=CARTESIAN_POINT('',(-0.00275973820094424,0.0827842742245262,0.0166983046727184));
#3235=CARTESIAN_POINT('',(-0.00275724821453249,0.0828056808289399,0.0166950087565471));
#3236=CARTESIAN_POINT('',(-0.00275208351723512,0.0828483234468452,0.0166879472422598));
#3237=CARTESIAN_POINT('',(-0.0027494088063495,0.0828695594603367,0.0166841816441438));
#3238=CARTESIAN_POINT('',(-0.00274667503010988,0.082890736381678,0.0166802715806462));
#3239=CARTESIAN_POINT('',(-0.00274659979283873,0.0828913191995948,0.0166801639703366));
#3240=CARTESIAN_POINT('',(-0.00274652455556758,0.0828919020175117,0.016680056360027));
#3241=CARTESIAN_POINT('',(-0.00274644931829643,0.0828924848354285,0.0166799487497174));
#3242=CARTESIAN_POINT('',(-0.00273544820587459,0.0826282697888141,0.0167282225752226));
#3243=CARTESIAN_POINT('',(-0.00273541717292613,0.0826288124847114,0.0167282183004881));
#3244=CARTESIAN_POINT('',(-0.00273538613997768,0.0826293551806086,0.0167282140257537));
#3245=CARTESIAN_POINT('',(-0.00273535510702922,0.0826298978765058,0.0167282097510192));
#3246=CARTESIAN_POINT('',(-0.00273279150673794,0.0826747294323005,0.0167278566195553));
#3247=CARTESIAN_POINT('',(-0.0027283362167561,0.0827183814182195,0.0167226872314969));
#3248=CARTESIAN_POINT('',(-0.00272126294220622,0.0827833132732035,0.0167136542771807));
#3249=CARTESIAN_POINT('',(-0.00271878588066508,0.0828048498297477,0.0167103082838864));
#3250=CARTESIAN_POINT('',(-0.00271365699121181,0.0828477728439749,0.0167031304182325));
#3251=CARTESIAN_POINT('',(-0.00271100651318508,0.0828691625979273,0.0166992955679509));
#3252=CARTESIAN_POINT('',(-0.00270829787954307,0.0828905028770166,0.0166953153714751));
#3253=CARTESIAN_POINT('',(-0.00270822333423068,0.0828910901907627,0.0166952058310097));
#3254=CARTESIAN_POINT('',(-0.0027081487889183,0.0828916775045088,0.0166950962905443));
#3255=CARTESIAN_POINT('',(-0.00270807424360592,0.0828922648182549,0.016694986750079));
#3256=CARTESIAN_POINT('',(-0.00265790567494407,0.082624395591457,0.0167572796967372));
#3257=CARTESIAN_POINT('',(-0.00265787345530008,0.0826249440175391,0.0167572761335626));
#3258=CARTESIAN_POINT('',(-0.00265784123565609,0.0826254924436213,0.0167572725703879));
#3259=CARTESIAN_POINT('',(-0.0026578090160121,0.0826260408697035,0.0167572690072132));
#3260=CARTESIAN_POINT('',(-0.00265514738401052,0.0826713457902461,0.0167569746569789));
#3261=CARTESIAN_POINT('',(-0.00265064720924362,0.0827154885463402,0.0167517000318401));
#3262=CARTESIAN_POINT('',(-0.00264363582456343,0.0827811625837177,0.016742426562889));
#3263=CARTESIAN_POINT('',(-0.002641192434103,0.0828029507404801,0.0167389850121317));
#3264=CARTESIAN_POINT('',(-0.00263614928124838,0.0828463954672853,0.0167315928276759));
#3265=CARTESIAN_POINT('',(-0.00263355525586712,0.0828680660464731,0.0167276295378096));
#3266=CARTESIAN_POINT('',(-0.00263089967722658,0.0828896794507156,0.0167235310379255));
#3267=CARTESIAN_POINT('',(-0.0026308265920606,0.0828902742812404,0.0167234182415881));
#3268=CARTESIAN_POINT('',(-0.00263075350689461,0.0828908691117653,0.0167233054452507));
#3269=CARTESIAN_POINT('',(-0.00263068042172863,0.0828914639422902,0.0167231926489133));
#3270=CARTESIAN_POINT('',(-0.00261878441455765,0.0826223683997943,0.0167708552039173));
#3271=CARTESIAN_POINT('',(-0.0026187516007288,0.0826229194089306,0.0167708519786053));
#3272=CARTESIAN_POINT('',(-0.00261871878689995,0.082623470418067,0.0167708487532932));
#3273=CARTESIAN_POINT('',(-0.0026186859730711,0.0826240214272033,0.0167708455279812));
#3274=CARTESIAN_POINT('',(-0.00261597525606287,0.0826695397312193,0.0167705790882344));
#3275=CARTESIAN_POINT('',(-0.00261145093312007,0.0827139177459924,0.0167652494244434));
#3276=CARTESIAN_POINT('',(-0.00260448005497771,0.0827799441014233,0.0167558615855104));
#3277=CARTESIAN_POINT('',(-0.00260205713139303,0.0828018518531211,0.0167523754359399));
#3278=CARTESIAN_POINT('',(-0.00259706474529601,0.0828455440556392,0.0167448826394684));
#3279=CARTESIAN_POINT('',(-0.00259450405703874,0.0828673499322104,0.0167408566360756));
#3280=CARTESIAN_POINT('',(-0.00259187862547691,0.082889089529076,0.0167367029135471));
#3281=CARTESIAN_POINT('',(-0.00259180636999988,0.0828896878325949,0.0167365885974068));
#3282=CARTESIAN_POINT('',(-0.00259173411452284,0.0828902861361138,0.0167364742812665));
#3283=CARTESIAN_POINT('',(-0.00259166185904581,0.0828908844396327,0.0167363599651262));
#3284=CARTESIAN_POINT('',(-0.00234280290326684,0.0826075569365542,0.0168591359961757));
#3285=CARTESIAN_POINT('',(-0.00234276606237327,0.082608123135639,0.0168591348966857));
#3286=CARTESIAN_POINT('',(-0.0023427292214797,0.0826086893347239,0.0168591337971956));
#3287=CARTESIAN_POINT('',(-0.00234269238058612,0.0826092555338087,0.0168591326977056));
#3288=CARTESIAN_POINT('',(-0.0023396489918591,0.0826560286640137,0.0168590418699536));
#3289=CARTESIAN_POINT('',(-0.00233497483716811,0.0827019681465207,0.016853321668658));
#3290=CARTESIAN_POINT('',(-0.0023283400863848,0.0827703520100417,0.0168431808576592));
#3291=CARTESIAN_POINT('',(-0.00232607855888269,0.0827930663431386,0.0168394055306606));
#3292=CARTESIAN_POINT('',(-0.00232148035418322,0.0828384179117731,0.0168312577602258));
#3293=CARTESIAN_POINT('',(-0.0023191760742354,0.0828611342577758,0.0168268138466658));
#3294=CARTESIAN_POINT('',(-0.00231678196604786,0.0828836912874388,0.0168223004577089));
#3295=CARTESIAN_POINT('',(-0.00231671607690732,0.0828843120878293,0.0168221762430553));
#3296=CARTESIAN_POINT('',(-0.00231665018776678,0.0828849328882198,0.0168220520284016));
#3297=CARTESIAN_POINT('',(-0.00231658429862624,0.0828855536886103,0.016821927813748));
#3298=CARTESIAN_POINT('',(-0.00209528073747673,0.0825916541618965,0.016900101329567));
#3299=CARTESIAN_POINT('',(-0.00209524061550195,0.0825922228090813,0.0169001012091803));
#3300=CARTESIAN_POINT('',(-0.00209520049352717,0.0825927914562661,0.0169001010887936));
#3301=CARTESIAN_POINT('',(-0.00209516037155239,0.0825933601034509,0.0169001009684069));
#3302=CARTESIAN_POINT('',(-0.002091845936046,0.082640335468704,0.0169000910233842));
#3303=CARTESIAN_POINT('',(-0.00208714212519797,0.0826871744451675,0.0168940089885375));
#3304=CARTESIAN_POINT('',(-0.00208108168197192,0.0827568867512004,0.0168834556688745));
#3305=CARTESIAN_POINT('',(-0.00207905961282051,0.0827800685769597,0.0168795448367777));
#3306=CARTESIAN_POINT('',(-0.00207501204220357,0.0828263562532065,0.0168710792587792));
#3307=CARTESIAN_POINT('',(-0.00207305133523713,0.0828496203246243,0.0168663815726296));
#3308=CARTESIAN_POINT('',(-0.00207095987246174,0.0828725390166406,0.0168616982003017));
#3309=CARTESIAN_POINT('',(-0.00207090231253798,0.082873169770475,0.0168615693074725));
#3310=CARTESIAN_POINT('',(-0.00207084475261422,0.0828738005243095,0.0168614404146434));
#3311=CARTESIAN_POINT('',(-0.00207078719269046,0.0828744312781439,0.0168613115218143));
#3312=CARTESIAN_POINT('',(-0.00184659596600278,0.0825727221434295,0.0169039953308056));
#3313=CARTESIAN_POINT('',(-0.00184655241053556,0.0825732930510783,0.0169039953201199));
#3314=CARTESIAN_POINT('',(-0.00184650885506834,0.082573863958727,0.0169039953094343));
#3315=CARTESIAN_POINT('',(-0.00184646529960112,0.0825744348663758,0.0169039952987486));
#3316=CARTESIAN_POINT('',(-0.00184286722677831,0.0826215969662539,0.0169039944160167));
#3317=CARTESIAN_POINT('',(-0.00183919360636787,0.0826684503922086,0.0168978836819794));
#3318=CARTESIAN_POINT('',(-0.00183369288949725,0.0827383007204399,0.0168872404740569));
#3319=CARTESIAN_POINT('',(-0.00183185741035712,0.0827615235824353,0.0168832758099734));
#3320=CARTESIAN_POINT('',(-0.00182818320393916,0.0828079012370663,0.0168747533909822));
#3321=CARTESIAN_POINT('',(-0.00182634447666133,0.0828310560297018,0.0168701956360745));
#3322=CARTESIAN_POINT('',(-0.00182450440809569,0.0828542033337257,0.016865461718452));
#3323=CARTESIAN_POINT('',(-0.00182445376688534,0.0828548403792761,0.016865331434547));
#3324=CARTESIAN_POINT('',(-0.00182440312567499,0.0828554774248265,0.016865201150642));
#3325=CARTESIAN_POINT('',(-0.00182435248446464,0.0828561144703769,0.0168650708667371));
#3326=CARTESIAN_POINT('',(-0.00184646631596808,0.082574421544244,0.016903995298998));
#3327=CARTESIAN_POINT('',(-0.00183926806417646,0.0826688330451726,0.0169039934610039));
#3328=CARTESIAN_POINT('',(-0.00183186118032746,0.0827617724723914,0.0168843650020456));
#3329=CARTESIAN_POINT('',(-0.00182449855281188,0.082854447329417,0.0168654118174549));
#3330=CARTESIAN_POINT('',(-0.00184646628060669,0.0825744215415531,0.0169039952995519));
#3331=CARTESIAN_POINT('',(-0.00435242902006797,0.0825983220868199,0.014364378947271));
#3332=CARTESIAN_POINT('',(-0.00435113149905742,0.0826149558292577,0.0150257631112435));
#3333=CARTESIAN_POINT('',(-0.00381008153289196,0.0826932080233889,0.0163249667829931));
#3334=CARTESIAN_POINT('',(-0.00250733783943419,0.0826247260498506,0.0168936466578862));
#3335=CARTESIAN_POINT('',(-0.00184646529960112,0.0825744348663758,0.0169039952987486));
#3336=CARTESIAN_POINT('',(-0.00184646628060669,0.0825744215415531,0.0169039952995519));
#3337=CARTESIAN_POINT('',(-0.00184286638935691,0.0826216074765252,0.0169039944157913));
#3338=CARTESIAN_POINT('',(-0.00183918741017445,0.0826685708463331,0.0168978586611314));
#3339=CARTESIAN_POINT('',(-0.00183184072862677,0.0827619455255572,0.016883617675539));
#3340=CARTESIAN_POINT('',(-0.00182815976166961,0.0828083973007735,0.0168748625171574));
#3341=CARTESIAN_POINT('',(-0.00182447962332201,0.0828546851502238,0.0168653616350602));
#3342=CARTESIAN_POINT('',(-0.00183328696049065,0.0825734192223107,0.0169042016745515));
#3343=CARTESIAN_POINT('',(-0.00183088588915506,0.0826206974131716,0.0169041823020097));
#3344=CARTESIAN_POINT('',(-0.00182843218371328,0.082667712042999,0.0168980317734101));
#3345=CARTESIAN_POINT('',(-0.00182354345854749,0.082761175470903,0.0168837679348023));
#3346=CARTESIAN_POINT('',(-0.00182109517423151,0.0828076647347798,0.016875004697345));
#3347=CARTESIAN_POINT('',(-0.00181862867359909,0.0828540172974008,0.0168654987161951));
#3348=CARTESIAN_POINT('',(-0.00182009000436922,0.0825726335757936,0.0169043048620393));
#3349=CARTESIAN_POINT('',(-0.00181888756745802,0.0826200244254766,0.0169042857486626));
#3350=CARTESIAN_POINT('',(-0.00181767366698167,0.0826671093088167,0.0168981272412752));
#3351=CARTESIAN_POINT('',(-0.00181522866686029,0.0827607161684348,0.0168838506575738));
#3352=CARTESIAN_POINT('',(-0.00181399756721525,0.0828072716252254,0.0168750810778903));
#3353=CARTESIAN_POINT('',(-0.00181276073196669,0.0828536817187549,0.0168655674623887));
#3354=CARTESIAN_POINT('',(-0.00180687547100896,0.0825720652937889,0.0169043048620393));
#3355=CARTESIAN_POINT('',(-0.00180687547098195,0.0826195539441558,0.0169043048620393));
#3356=CARTESIAN_POINT('',(-0.00180687547097518,0.0826667489407037,0.0168981529055823));
#3357=CARTESIAN_POINT('',(-0.00180687547096195,0.0827605590835796,0.0168838733161453));
#3358=CARTESIAN_POINT('',(-0.00180687547095548,0.0828072077104202,0.0168750941797958));
#3359=CARTESIAN_POINT('',(-0.00180687547092905,0.0828536817183179,0.0168655674624783));
#3360=CARTESIAN_POINT('',(-0.00184646628060669,0.0825744215415531,0.0169039952995519));
#3361=CARTESIAN_POINT('',(-0.00183328696049065,0.0825734192223107,0.0169042016745515));
#3362=CARTESIAN_POINT('',(-0.00182009000436922,0.0825726335757936,0.0169043048620393));
#3363=CARTESIAN_POINT('',(-0.00180687547100896,0.0825720652937889,0.0169043048620393));
#3364=CARTESIAN_POINT('',(-0.0027169299004972,0.0659624872088489,0.0170519684068559));
#3365=CARTESIAN_POINT('',(-0.00525692990049725,0.0659624872088489,0.0170519684068559));
#3366=CARTESIAN_POINT('',(-0.0052569299004972,0.0659143924713135,0.0145124237830657));
#3367=CARTESIAN_POINT('',(-0.00271692989643921,0.0673581348880991,0.0170255371686739));
#3368=CARTESIAN_POINT('',(-0.00525563688398796,0.0674260422674182,0.0170242511163121));
#3369=CARTESIAN_POINT('',(-0.0052569299004972,0.0673832078518186,0.0144859004437723));
#3370=CARTESIAN_POINT('',(-0.00262282868353819,0.0701445901696824,0.016980771294483));
#3371=CARTESIAN_POINT('',(-0.00515856907795942,0.0702583478024034,0.0169792094406336));
#3372=CARTESIAN_POINT('',(-0.00516012113601064,0.0702246696044349,0.0144409879493411));
#3373=CARTESIAN_POINT('',(-0.00231990418361663,0.0757155595521268,0.0169200398143257));
#3374=CARTESIAN_POINT('',(-0.00485306702013146,0.0758868879424642,0.0169186121248647));
#3375=CARTESIAN_POINT('',(-0.00485451850080973,0.075867827025016,0.0143800765904777));
#3376=CARTESIAN_POINT('',(-0.00201558718192287,0.0798822393455257,0.0169043048620393));
#3377=CARTESIAN_POINT('',(-0.00454872539827095,0.0800690672846332,0.0169043048620359));
#3378=CARTESIAN_POINT('',(-0.00454872539816489,0.0800690672846063,0.0143643048620393));
#3379=CARTESIAN_POINT('',(-0.00179913654804972,0.0826718945138018,0.0169043048620393));
#3380=CARTESIAN_POINT('',(-0.00433152514258387,0.0828683837152184,0.0169043048620393));
#3381=CARTESIAN_POINT('',(-0.00433152514258387,0.0828683837152184,0.0143643048620393));
#3382=CARTESIAN_POINT('',(-0.0027169299004972,0.0659143924713135,0.0145124237830658));
#3383=CARTESIAN_POINT('',(-0.0052569299004972,0.0659143924713135,0.0145124237830658));
#3384=CARTESIAN_POINT('',(-0.0052569299004972,0.0659624872088489,0.0170519684068559));
#3385=CARTESIAN_POINT('',(-0.0027169299004972,0.0659624872088489,0.0170519684068559));
#3386=CARTESIAN_POINT('',(-0.0052569299004972,0.0606179046910062,0.0146127304236023));
#3387=CARTESIAN_POINT('',(-0.00525692990051669,0.0606843912757399,0.0171519267364816));
#3388=CARTESIAN_POINT('',(-0.00271692990051558,0.0606843912756404,0.0171519267364778));
#3389=CARTESIAN_POINT('',(-0.00525692990049719,0.052678035654681,0.0148462422306261));
#3390=CARTESIAN_POINT('',(-0.0052569299004928,0.0527769992822751,0.0173846131453822));
#3391=CARTESIAN_POINT('',(-0.00271692990049305,0.0527769992822974,0.017384613145383));
#3392=CARTESIAN_POINT('',(-0.0052569299004972,0.0421057843188884,0.0154238952569413));
#3393=CARTESIAN_POINT('',(-0.00525692990049802,0.0422701120639441,0.0179587701379851));
#3394=CARTESIAN_POINT('',(-0.00271692990049798,0.0422701120639401,0.017958770137985));
#3395=CARTESIAN_POINT('',(-0.00525692990049719,0.0341885236869091,0.0160357199642819));
#3396=CARTESIAN_POINT('',(-0.00525692990049697,0.0344195596636293,0.0185656391789026));
#3397=CARTESIAN_POINT('',(-0.00271692990049699,0.0344195596636297,0.0185656391789022));
#3398=CARTESIAN_POINT('',(-0.0052569299004972,0.0262785904990794,0.0169042871609891));
#3399=CARTESIAN_POINT('',(-0.00525692990049725,0.0266087889737841,0.019423560749038));
#3400=CARTESIAN_POINT('',(-0.00271692990049726,0.0266087889737866,0.0194235607490397));
#3401=CARTESIAN_POINT('',(-0.0052569299004972,0.0197491368025887,0.0179497851146117));
#3402=CARTESIAN_POINT('',(-0.0052569299004972,0.0202124302851269,0.0204493293769859));
#3403=CARTESIAN_POINT('',(-0.00271692990049719,0.0202124302851185,0.020449329376981));
#3404=CARTESIAN_POINT('',(-0.0052569299004972,0.014602152970041,0.0191528741107483));
#3405=CARTESIAN_POINT('',(-0.00525692990049718,0.0152590839352856,0.0216090934184974));
#3406=CARTESIAN_POINT('',(-0.0027169299004972,0.0152590839353003,0.021609093418506));
#3407=CARTESIAN_POINT('',(-0.00525692990049719,0.0107907252673389,0.0203518077510055));
#3408=CARTESIAN_POINT('',(-0.00525692990049725,0.01167992297277,0.0227361011972056));
#3409=CARTESIAN_POINT('',(-0.0027169299004972,0.011679922972714,0.0227361011971728));
#3410=CARTESIAN_POINT('',(-0.0052569299004972,0.00774631540159166,0.0217732150217886));
#3411=CARTESIAN_POINT('',(-0.00525692990049704,0.008994793895204,0.0240091963070486));
#3412=CARTESIAN_POINT('',(-0.0027169299004972,0.00899479389536891,0.0240091963071454));
#3413=CARTESIAN_POINT('',(-0.0052569299004972,0.00562889488736864,0.0233826060050124));
#3414=CARTESIAN_POINT('',(-0.00525692990049747,0.00736831222954815,0.025262296571763));
#3415=CARTESIAN_POINT('',(-0.0027169299004972,0.0073683122292625,0.0252622965715953));
#3416=CARTESIAN_POINT('',(-0.0052569299004972,0.00476070469828921,0.0244205984578437));
#3417=CARTESIAN_POINT('',(-0.00525692990049659,0.00680143611320988,0.0259543147493396));
#3418=CARTESIAN_POINT('',(-0.0027169299004972,0.00680143611384155,0.0259543147497106));
#3419=CARTESIAN_POINT('',(-0.0052569299004972,0.00441954067144152,0.0249843020854426));
#3420=CARTESIAN_POINT('',(-0.0052569299004972,0.00659255358821707,0.0262994503141706));
#3421=CARTESIAN_POINT('',(-0.0027169299004972,0.00659255358821707,0.0262994503141706));
#3422=CARTESIAN_POINT('',(-0.0027169299004972,0.00441954067144152,0.0249843020854425));
#3423=CARTESIAN_POINT('',(0.00435923845544566,0.0825100651483854,0.0143829196005445));
#3424=CARTESIAN_POINT('',(0.00432319611005078,0.0829775847964242,0.0168422056608659));
#3425=CARTESIAN_POINT('',(0.00182675294486288,0.0827919172085611,0.0168777115513452));
#3426=CARTESIAN_POINT('',(0.00435874276718373,0.0825164949186797,0.0143816943693587));
#3427=CARTESIAN_POINT('',(0.00432269630075442,0.0829840131363051,0.0168409763459683));
#3428=CARTESIAN_POINT('',(0.0018262590131561,0.0827983241938742,0.0168764863201595));
#3429=CARTESIAN_POINT('',(0.00435775056163476,0.082529362943881,0.0143792893033159));
#3430=CARTESIAN_POINT('',(0.00432113829016665,0.0830041121399277,0.0168366773057502));
#3431=CARTESIAN_POINT('',(0.00182527032113144,0.082818633949933,0.0168727259566316));
#3432=CARTESIAN_POINT('',(0.00435577209261171,0.0825550129142138,0.0143740235983604));
#3433=CARTESIAN_POINT('',(0.00431481443551152,0.0830858658160327,0.0168154566147222));
#3434=CARTESIAN_POINT('',(0.00182329884808426,0.0829024006542867,0.0168555934006644));
#3435=CARTESIAN_POINT('',(0.00435232237810948,0.0825997134730796,0.0143641598579955));
#3436=CARTESIAN_POINT('',(0.00430921842641633,0.0831579293972374,0.0167969075375999));
#3437=CARTESIAN_POINT('',(0.00181986130587949,0.0829754396361789,0.0168390295262564));
#3438=CARTESIAN_POINT('',(0.0043474115161868,0.0826632810279551,0.0143490091372519));
#3439=CARTESIAN_POINT('',(0.00430135102638643,0.0832591093831198,0.0167698525367243));
#3440=CARTESIAN_POINT('',(0.00181496769832376,0.0830780029873957,0.0168146986697642));
#3441=CARTESIAN_POINT('',(0.00434153177783825,0.0827392857906508,0.0143298416867075));
#3442=CARTESIAN_POINT('',(0.00429354433337612,0.0833591854138462,0.0167424288784578));
#3443=CARTESIAN_POINT('',(0.00180910850279707,0.0831789108987021,0.0167890273971732));
#3444=CARTESIAN_POINT('',(0.00433370224356128,0.0828403574640971,0.01430332317378));
#3445=CARTESIAN_POINT('',(0.00428357677101822,0.0834867219793308,0.0167067040970808));
#3446=CARTESIAN_POINT('',(0.00180130617136807,0.0833073605744964,0.0167552343784884));
#3447=CARTESIAN_POINT('',(0.0043239254648107,0.0829663118130853,0.0142687995077509));
#3448=CARTESIAN_POINT('',(0.00427194341031633,0.0836351292391735,0.0166639754638414));
#3449=CARTESIAN_POINT('',(0.00179156307907956,0.0834564610078173,0.0167141686224196));
#3450=CARTESIAN_POINT('',(0.0043082852816697,0.0831672726580768,0.0142115541163024));
#3451=CARTESIAN_POINT('',(0.00425404470246573,0.0838627309977926,0.0165966970899251));
#3452=CARTESIAN_POINT('',(0.00177597619697147,0.0836847981037918,0.0166488970783925));
#3453=CARTESIAN_POINT('',(0.00428872041201642,0.0834176827878708,0.0141371850780557));
#3454=CARTESIAN_POINT('',(0.00423251039576197,0.0841353221847807,0.0165135607700595));
#3455=CARTESIAN_POINT('',(0.00175647692301,0.0839578042192518,0.0165674999131688));
#3456=CARTESIAN_POINT('',(0.00425734861086635,0.0838171877312005,0.01401430151658));
#3457=CARTESIAN_POINT('',(0.00419879621608914,0.0845598200845662,0.0163804225010013));
#3458=CARTESIAN_POINT('',(0.00172520808100646,0.0843825370669989,0.0164364142415582));
#3459=CARTESIAN_POINT('',(0.00421798672977052,0.0843147700535539,0.0138555044299488));
#3460=CARTESIAN_POINT('',(0.0041573854227259,0.0850773008679231,0.0162129906202536));
#3461=CARTESIAN_POINT('',(0.00168597136259054,0.0848997723348677,0.0162707781953039));
#3462=CARTESIAN_POINT('',(0.00415460814749543,0.0851085484411733,0.0135945464693452));
#3463=CARTESIAN_POINT('',(0.00409156781393404,0.085892313802721,0.0159423527764071));
#3464=CARTESIAN_POINT('',(0.00162278627669722,0.0857140265804006,0.0160022628425035));
#3465=CARTESIAN_POINT('',(0.00407458622819186,0.0860976235027831,0.0132594741489885));
#3466=CARTESIAN_POINT('',(0.00400919735896104,0.0868992893754988,0.0155985706042128));
#3467=CARTESIAN_POINT('',(0.0015429945221306,0.0867196903354434,0.0156605421884949));
#3468=CARTESIAN_POINT('',(0.00400972632929114,0.0868865782421144,0.0129854974861564));
#3469=CARTESIAN_POINT('',(0.00394332673536243,0.0876922903658206,0.0153220665900189));
#3470=CARTESIAN_POINT('',(0.00147830774327148,0.087511022898476,0.0153849992165965));
#3471=CARTESIAN_POINT('',(0.00397705158616643,0.0872811272383059,0.0128488705376447));
#3472=CARTESIAN_POINT('',(0.00391033707171986,0.0880867080077041,0.0151851322656331));
#3473=CARTESIAN_POINT('',(0.00144571719874748,0.087904555192834,0.0152483722680822));
#3474=CARTESIAN_POINT('',(0.00435243364559553,0.0825982621930736,0.0143643184771162));
#3475=CARTESIAN_POINT('',(0.00434364039654359,0.0827121401493675,0.0150092566193884));
#3476=CARTESIAN_POINT('',(0.0037815576712672,0.0829075213922245,0.0163118551594045));
#3477=CARTESIAN_POINT('',(0.00248311233919255,0.0829036166864914,0.0168553180770572));
#3478=CARTESIAN_POINT('',(0.00182450508028743,0.0828546883677508,0.0168653609746406));
#3479=CARTESIAN_POINT('',(0.00180687547100898,0.0825720652937889,0.0169043048620393));
#3480=CARTESIAN_POINT('',(0.0018068754709769,0.0826195539441566,0.0169043048620393));
#3481=CARTESIAN_POINT('',(0.00180687547096882,0.0826667489407053,0.0168981529055821));
#3482=CARTESIAN_POINT('',(0.00180687547095301,0.0827605590835828,0.0168838733161447));
#3483=CARTESIAN_POINT('',(0.00180687547094529,0.0828072077104241,0.0168750941797951));
#3484=CARTESIAN_POINT('',(0.0018068754709139,0.0828536817183226,0.0168655674624774));
#3485=CARTESIAN_POINT('',(0.00182010927183053,0.0825726344044104,0.0169043048620393));
#3486=CARTESIAN_POINT('',(0.00181890503196344,0.0826200252039659,0.0169042857198899));
#3487=CARTESIAN_POINT('',(0.00181768945291754,0.0826671099308442,0.0168981272020651));
#3488=CARTESIAN_POINT('',(0.00181524100458901,0.0827607164519239,0.0168838506223099));
#3489=CARTESIAN_POINT('',(0.00181400813530635,0.082807271726638,0.0168750810570099));
#3490=CARTESIAN_POINT('',(0.00181276931496568,0.0828536817188109,0.0168655674623773));
#3491=CARTESIAN_POINT('',(0.00183332603860644,0.0825734216243161,0.0169042013650542));
#3492=CARTESIAN_POINT('',(0.00183092147789105,0.0826206997555196,0.0169041819911927));
#3493=CARTESIAN_POINT('',(0.00182846410156808,0.0826677141416836,0.0168980314624309));
#3494=CARTESIAN_POINT('',(0.00182356806376183,0.0827611770642246,0.0168837676525794));
#3495=CARTESIAN_POINT('',(0.00182111611911985,0.0828076660534624,0.0168750044411912));
#3496=CARTESIAN_POINT('',(0.00181864604423204,0.0828540184082636,0.0168654984887569));
#3497=CARTESIAN_POINT('',(0.00184652410719391,0.0825744261420726,0.0169039943931369));
#3498=CARTESIAN_POINT('',(0.00184291894086768,0.0826216119839779,0.0169039935904859));
#3499=CARTESIAN_POINT('',(0.00183923457911619,0.0826685751354631,0.0168978578796269));
#3500=CARTESIAN_POINT('',(0.00183187715194199,0.0827619493342504,0.0168836169653238));
#3501=CARTESIAN_POINT('',(0.00182819080336057,0.0828084008344135,0.0168748618315812));
#3502=CARTESIAN_POINT('',(0.00182450528584008,0.0828546883911242,0.016865360969843));
#3503=CARTESIAN_POINT('',(0.00184652410719391,0.0825744261420726,0.0169039943931369));
#3504=CARTESIAN_POINT('',(0.00183931377454145,0.0826687978258832,0.0169039927878348));
#3505=CARTESIAN_POINT('',(0.00183187632088106,0.0827621132777028,0.0168843626933195));
#3506=CARTESIAN_POINT('',(0.00182450528584008,0.0828546883911242,0.016865360969843));
#3507=CARTESIAN_POINT('',(0.00184652410719444,0.0825744261420682,0.0169039943931375));
#3508=CARTESIAN_POINT('',(0.00180687547100898,0.0825720652937889,0.0169043048620393));
#3509=CARTESIAN_POINT('',(0.00182010927183053,0.0825726344044104,0.0169043048620393));
#3510=CARTESIAN_POINT('',(0.00183332603860644,0.0825734216243161,0.0169042013650542));
#3511=CARTESIAN_POINT('',(0.00184652410719391,0.0825744261420726,0.0169039943931369));
#3512=CARTESIAN_POINT('',(0.00184652410719444,0.0825744261420682,0.0169039943931375));
#3513=CARTESIAN_POINT('',(0.00184291894086821,0.0826216119839735,0.0169039935904866));
#3514=CARTESIAN_POINT('',(0.00183923452772842,0.0826685751296164,0.0168978578808266));
#3515=CARTESIAN_POINT('',(0.00183371638026533,0.0827386057699436,0.0168871771968983));
#3516=CARTESIAN_POINT('',(0.00183187508902906,0.0827618904168834,0.0168832082996369));
#3517=CARTESIAN_POINT('',(0.00182819081842022,0.0828083598265811,0.0168746754038051));
#3518=CARTESIAN_POINT('',(0.00182634783904767,0.082831544589339,0.0168701114052347));
#3519=CARTESIAN_POINT('',(0.00182450508028743,0.0828546883677508,0.0168653609746406));
#3520=CARTESIAN_POINT('',(0.00218007173700045,0.0825998110329558,0.0168987637062244));
#3521=CARTESIAN_POINT('',(0.00217686920875338,0.0826467999947129,0.0168987505384859));
#3522=CARTESIAN_POINT('',(0.00217178627589672,0.0826936778072905,0.0168926592541617));
#3523=CARTESIAN_POINT('',(0.00216552144456459,0.0827635141976903,0.0168821025059196));
#3524=CARTESIAN_POINT('',(0.00216343123884518,0.0827867408149787,0.0168782071724966));
#3525=CARTESIAN_POINT('',(0.0021592488894239,0.0828330835081132,0.0168697528143485));
#3526=CARTESIAN_POINT('',(0.0021572587705378,0.0828564042934636,0.0168650023396364));
#3527=CARTESIAN_POINT('',(0.00215506505813763,0.0828792458913951,0.0168603203621444));
#3528=CARTESIAN_POINT('',(0.00250964764758651,0.0826196496889634,0.0168268614396928));
#3529=CARTESIAN_POINT('',(0.00250676391692166,0.0826665487313445,0.0168267121261035));
#3530=CARTESIAN_POINT('',(0.00250220212926267,0.0827119802527449,0.0168212509766598));
#3531=CARTESIAN_POINT('',(0.00249515350780551,0.0827795996079615,0.0168113689843447));
#3532=CARTESIAN_POINT('',(0.00249271818435504,0.0828020306115811,0.0168076717603931));
#3533=CARTESIAN_POINT('',(0.00248772256283889,0.0828467879768759,0.0167997140834527));
#3534=CARTESIAN_POINT('',(0.00248516226477322,0.0828691143385509,0.0167954536304638));
#3535=CARTESIAN_POINT('',(0.00248256277505709,0.0828914448397339,0.0167910331749509));
#3536=CARTESIAN_POINT('',(0.00284981181682299,0.0826352043073036,0.016679880735354));
#3537=CARTESIAN_POINT('',(0.00284738699479282,0.0826795450556595,0.0166794242541301));
#3538=CARTESIAN_POINT('',(0.00284297125684073,0.0827226034675046,0.0166743659974737));
#3539=CARTESIAN_POINT('',(0.00283583463146508,0.0827865737247606,0.0166656617604115));
#3540=CARTESIAN_POINT('',(0.00283331879362866,0.0828077734567888,0.0166624526908895));
#3541=CARTESIAN_POINT('',(0.00282808681883314,0.0828499772659697,0.0166555805157389));
#3542=CARTESIAN_POINT('',(0.00282537068187405,0.0828709813431223,0.0166519174101102));
#3543=CARTESIAN_POINT('',(0.0028225912085035,0.0828919134524562,0.0166481079255424));
#3544=CARTESIAN_POINT('',(0.00288721914294785,0.0826368425080557,0.0166626146643175));
#3545=CARTESIAN_POINT('',(0.00288484227206473,0.0826808968014548,0.0166621242501475));
#3546=CARTESIAN_POINT('',(0.00288044872624115,0.0827236497036374,0.016657139645311));
#3547=CARTESIAN_POINT('',(0.0028733075974285,0.0827871641012079,0.0166485768389779));
#3548=CARTESIAN_POINT('',(0.00287078476389826,0.0828082126057096,0.0166454219705398));
#3549=CARTESIAN_POINT('',(0.00286553324038736,0.0828501231690233,0.0166386631224574));
#3550=CARTESIAN_POINT('',(0.0028628045504067,0.0828709852278353,0.016635059142813));
#3551=CARTESIAN_POINT('',(0.00286001246123496,0.0828917838023125,0.016631306651623));
#3552=CARTESIAN_POINT('',(0.00303542607881262,0.082643037943423,0.0165897842270049));
#3553=CARTESIAN_POINT('',(0.0030332321217396,0.0826859201777024,0.0165891579776398));
#3554=CARTESIAN_POINT('',(0.0030289598544828,0.0827274687846354,0.0165844903010806));
#3555=CARTESIAN_POINT('',(0.00302183275858101,0.082789104065398,0.016576478073191));
#3556=CARTESIAN_POINT('',(0.00301929225026227,0.0828095163596124,0.0165735325526254));
#3557=CARTESIAN_POINT('',(0.00301398513464296,0.0828501489261551,0.016567231214582));
#3558=CARTESIAN_POINT('',(0.00301121852734239,0.0828703691984834,0.0165638753971041));
#3559=CARTESIAN_POINT('',(0.00300839063074481,0.0828905302482988,0.0165603840606498));
#3560=CARTESIAN_POINT('',(0.00314338095128322,0.0826468804427553,0.0165266875543952));
#3561=CARTESIAN_POINT('',(0.00314130417531713,0.082688824594287,0.0165259591959599));
#3562=CARTESIAN_POINT('',(0.00313718608726316,0.082729365665859,0.0165216378584229));
#3563=CARTESIAN_POINT('',(0.00313013417552132,0.0827893581559368,0.0165140483047303));
#3564=CARTESIAN_POINT('',(0.0031276023631637,0.0828092048374563,0.0165112503205991));
#3565=CARTESIAN_POINT('',(0.00312230813241041,0.0828486967152061,0.0165052796613444));
#3566=CARTESIAN_POINT('',(0.00311954571401472,0.0828683419114364,0.0165021069862208));
#3567=CARTESIAN_POINT('',(0.00311673386469132,0.0828879364375507,0.016498827753005));
#3568=CARTESIAN_POINT('',(0.00338150133498872,0.082653633485879,0.0163628964855768));
#3569=CARTESIAN_POINT('',(0.00337969139167496,0.0826930394724959,0.0163619228813367));
#3570=CARTESIAN_POINT('',(0.00337600476889604,0.0827309306085747,0.0163584118008231));
#3571=CARTESIAN_POINT('',(0.003369297398485,0.0827866620425934,0.0163518179073285));
#3572=CARTESIAN_POINT('',(0.00336685250406507,0.0828050497771735,0.0163493683519209));
#3573=CARTESIAN_POINT('',(0.0033617327872503,0.0828415994342316,0.0163441784603305));
#3574=CARTESIAN_POINT('',(0.00335905796485548,0.0828597613567097,0.0163414381241476));
#3575=CARTESIAN_POINT('',(0.00335636231876871,0.0828778868771785,0.0163386585980989));
#3576=CARTESIAN_POINT('',(0.00350711056052646,0.0826558239672398,0.0162571986740404));
#3577=CARTESIAN_POINT('',(0.00350543694494776,0.0826935422026277,0.0162560857281604));
#3578=CARTESIAN_POINT('',(0.00350204928186039,0.0827297027524376,0.0162530367700052));
#3579=CARTESIAN_POINT('',(0.00349566846537735,0.082782679738523,0.01624701294579));
#3580=CARTESIAN_POINT('',(0.00349332497290767,0.0828001280941132,0.0162447632732213));
#3581=CARTESIAN_POINT('',(0.00348841683891951,0.0828347823073734,0.0162400227376614));
#3582=CARTESIAN_POINT('',(0.00348585219740102,0.0828519881650435,0.0162375318746701));
#3583=CARTESIAN_POINT('',(0.00348328296047571,0.0828691621645649,0.0162350415524203));
#3584=CARTESIAN_POINT('',(0.00373723262737471,0.0826569921087357,0.0160223712832981));
#3585=CARTESIAN_POINT('',(0.00373581394564307,0.0826906046271014,0.0160210050111533));
#3586=CARTESIAN_POINT('',(0.00373291372290685,0.0827226226788086,0.0160184193474909));
#3587=CARTESIAN_POINT('',(0.00372741545763489,0.0827694208486651,0.0160135741695376));
#3588=CARTESIAN_POINT('',(0.00372539138068296,0.0827848154206665,0.0160117979964765));
#3589=CARTESIAN_POINT('',(0.00372113964644646,0.0828153887274818,0.0160080671570039));
#3590=CARTESIAN_POINT('',(0.00371891198916187,0.0828305674622956,0.0160061124905923));
#3591=CARTESIAN_POINT('',(0.00371667207340589,0.0828457351778726,0.0160041404445736));
#3592=CARTESIAN_POINT('',(0.00384212246421998,0.0826559557362014,0.0158921867488484));
#3593=CARTESIAN_POINT('',(0.00384082045121777,0.0826870920240009,0.0158907016972471));
#3594=CARTESIAN_POINT('',(0.00383819852880226,0.0827167670258476,0.0158883445411467));
#3595=CARTESIAN_POINT('',(0.00383323344140017,0.0827601505025642,0.0158840636581718));
#3596=CARTESIAN_POINT('',(0.003831406378303,0.0827744234904607,0.0158825125057094));
#3597=CARTESIAN_POINT('',(0.00382756612757259,0.0828027702747152,0.0158792556524971));
#3598=CARTESIAN_POINT('',(0.00382555293993933,0.0828168440710732,0.0158775499517472));
#3599=CARTESIAN_POINT('',(0.00382352566173315,0.0828309068469014,0.0158758138941805));
#3600=CARTESIAN_POINT('',(0.00402205486563078,0.0826504436590093,0.015618796386986));
#3601=CARTESIAN_POINT('',(0.00402095228756159,0.0826763193882873,0.0156171933849653));
#3602=CARTESIAN_POINT('',(0.00401891470551106,0.0827009685883402,0.015615236513901));
#3603=CARTESIAN_POINT('',(0.00401509079402822,0.0827370009609503,0.0156119125470729));
#3604=CARTESIAN_POINT('',(0.00401368823379944,0.0827488548472421,0.015610739781425));
#3605=CARTESIAN_POINT('',(0.00401073309513371,0.0827723985383975,0.0156082883872741));
#3606=CARTESIAN_POINT('',(0.00400918051669676,0.0827840883432611,0.0156070097587712));
#3607=CARTESIAN_POINT('',(0.00400760584311949,0.0827957709712745,0.0156056900441187));
#3608=CARTESIAN_POINT('',(0.00409841787367126,0.082646021233077,0.0154745201220764));
#3609=CARTESIAN_POINT('',(0.00409739994204017,0.0826690736944607,0.0154729163046918));
#3610=CARTESIAN_POINT('',(0.00409566611920535,0.0826910301198031,0.0154711265396813));
#3611=CARTESIAN_POINT('',(0.00409244763558554,0.0827231163117125,0.0154681941915516));
#3612=CARTESIAN_POINT('',(0.00409127184948433,0.0827336703013317,0.0154671754587395));
#3613=CARTESIAN_POINT('',(0.0040887903753991,0.0827546280665282,0.0154650606297146));
#3614=CARTESIAN_POINT('',(0.00408748468741506,0.0827650318421057,0.0154639645335021));
#3615=CARTESIAN_POINT('',(0.00408615205577612,0.0827754268113254,0.0154628323573247));
#3616=CARTESIAN_POINT('',(0.00422351014208368,0.0826342985366379,0.0151705154970593));
#3617=CARTESIAN_POINT('',(0.00422263011583505,0.0826516298971805,0.0151691202811894));
#3618=CARTESIAN_POINT('',(0.00422147664504299,0.0826678332858525,0.0151676247800951));
#3619=CARTESIAN_POINT('',(0.00421942113057028,0.0826913287926185,0.0151653308980945));
#3620=CARTESIAN_POINT('',(0.00421868174103194,0.0826990256988335,0.0151645578323678));
#3621=CARTESIAN_POINT('',(0.00421710866894882,0.0827142967161101,0.0151630114570407));
#3622=CARTESIAN_POINT('',(0.00421627498640406,0.0827218708271716,0.0151622381474404));
#3623=CARTESIAN_POINT('',(0.0042154012289003,0.0827294570724535,0.0151614730323599));
#3624=CARTESIAN_POINT('',(0.00427129555472183,0.0826266292926269,0.0150125382036479));
#3625=CARTESIAN_POINT('',(0.00427049762658229,0.0826405575990492,0.0150113990068136));
#3626=CARTESIAN_POINT('',(0.00426962684526274,0.082653642485667,0.0150100076226563));
#3627=CARTESIAN_POINT('',(0.00426812011166764,0.0826726677626434,0.0150079038252111));
#3628=CARTESIAN_POINT('',(0.00426758444019998,0.0826789091794771,0.0150071997725278));
#3629=CARTESIAN_POINT('',(0.00426643102975179,0.0826913018416205,0.0150058463533873));
#3630=CARTESIAN_POINT('',(0.00426581329077127,0.0826974530869301,0.0150051969869302));
#3631=CARTESIAN_POINT('',(0.00426514691121384,0.082703614502874,0.0150046050935673));
#3632=CARTESIAN_POINT('',(0.00431922807182818,0.0826160848907798,0.0147727731955731));
#3633=CARTESIAN_POINT('',(0.00431865562388882,0.082624812541271,0.0147721152963406));
#3634=CARTESIAN_POINT('',(0.00431810884630582,0.082633105332301,0.0147710763217248));
#3635=CARTESIAN_POINT('',(0.00431720969303518,0.082645245519266,0.0147695105680659));
#3636=CARTESIAN_POINT('',(0.00431689681079561,0.0826492424149911,0.0147689874348904));
#3637=CARTESIAN_POINT('',(0.00431622513527934,0.0826571954215163,0.0147680327915176));
#3638=CARTESIAN_POINT('',(0.00431586634200262,0.0826611515323166,0.0147676012813203));
#3639=CARTESIAN_POINT('',(0.00431547480217146,0.0826651166914555,0.0147672626093904));
#3640=CARTESIAN_POINT('',(0.00433141138840229,0.0826132363427555,0.0146913733991266));
#3641=CARTESIAN_POINT('',(0.00433093570753228,0.0826201922298609,0.0146908563808034));
#3642=CARTESIAN_POINT('',(0.00433047606500931,0.0826268604049871,0.0146900226172558));
#3643=CARTESIAN_POINT('',(0.00432973751585118,0.0826366633671697,0.0146887629213599));
#3644=CARTESIAN_POINT('',(0.00432948315190286,0.0826398978044795,0.0146883415142989));
#3645=CARTESIAN_POINT('',(0.00432894587173263,0.0826463389568404,0.0146875733611956));
#3646=CARTESIAN_POINT('',(0.00432866295551073,0.0826495456718916,0.0146872266151534));
#3647=CARTESIAN_POINT('',(0.00432835966791086,0.0826527578814354,0.0146869560385592));
#3648=CARTESIAN_POINT('',(0.00434785715678601,0.0826062632861481,0.0145279469168563));
#3649=CARTESIAN_POINT('',(0.0043476025649535,0.0826096988852393,0.0145276951461171));
#3650=CARTESIAN_POINT('',(0.00434735634274001,0.0826130503638465,0.0145272680537838));
#3651=CARTESIAN_POINT('',(0.00434697744106599,0.0826180274757714,0.0145266176430143));
#3652=CARTESIAN_POINT('',(0.00434684954578234,0.0826196781620821,0.0145263992107129));
#3653=CARTESIAN_POINT('',(0.0043465868786334,0.0826229755118315,0.0145260012903739));
#3654=CARTESIAN_POINT('',(0.0043464521067681,0.0826246221752703,0.0145258218023363));
#3655=CARTESIAN_POINT('',(0.00434631205304678,0.0826262731668347,0.0145256828872741));
#3656=CARTESIAN_POINT('',(0.0043521131268792,0.082602413106593,0.0144458679744578));
#3657=CARTESIAN_POINT('',(0.00435198285701485,0.0826041001810556,0.0144457405703932));
#3658=CARTESIAN_POINT('',(0.00435185399464204,0.0826057690276414,0.0144455296754868));
#3659=CARTESIAN_POINT('',(0.00435166074822642,0.0826082716869818,0.0144452045980019));
#3660=CARTESIAN_POINT('',(0.00435159634061182,0.0826091058050055,0.0144450947829861));
#3661=CARTESIAN_POINT('',(0.00435146719708151,0.0826107782927529,0.0144448916581023));
#3662=CARTESIAN_POINT('',(0.00435140246116582,0.0826116166624767,0.0144447983482344));
#3663=CARTESIAN_POINT('',(0.00435133738909176,0.0826124593856568,0.0144447229993686));
#3664=CARTESIAN_POINT('',(0.00435243364559553,0.0825982621930736,0.0143643184771162));
#3665=CARTESIAN_POINT('',(0.00435243364559553,0.0825982621930736,0.0143643184771162));
#3666=CARTESIAN_POINT('',(0.00435243364559553,0.0825982621930736,0.0143643184771162));
#3667=CARTESIAN_POINT('',(0.00435243364559553,0.0825982621930736,0.0143643184771162));
#3668=CARTESIAN_POINT('',(0.00435243364559553,0.0825982621930736,0.0143643184771162));
#3669=CARTESIAN_POINT('',(0.00435243364559553,0.0825982621930736,0.0143643184771162));
#3670=CARTESIAN_POINT('',(0.00435243364559553,0.0825982621930736,0.0143643184771162));
#3671=CARTESIAN_POINT('',(0.00435243364559553,0.0825982621930736,0.0143643184771162));
#3672=CARTESIAN_POINT('',(0.00184652410719444,0.0825744261420682,0.0169039943931375));
#3673=CARTESIAN_POINT('',(0.00251108395518977,0.0826250029644532,0.0168935727795829));
#3674=CARTESIAN_POINT('',(0.00380891896025841,0.0826845102821956,0.0163286081716434));
#3675=CARTESIAN_POINT('',(0.0043498627113153,0.0826315573652983,0.0150184406471249));
#3676=CARTESIAN_POINT('',(0.00435243364559553,0.0825982621930736,0.0143643184771162));
#3677=CARTESIAN_POINT('',(0.00179913654804972,0.0826718945138018,0.0169043048620393));
#3678=CARTESIAN_POINT('',(0.00433152514258388,0.0828683837152184,0.0169043048620393));
#3679=CARTESIAN_POINT('',(0.00433152514258388,0.0828683837152184,0.0143643048620393));
#3680=CARTESIAN_POINT('',(0.00201558718189366,0.0798822393454492,0.0169043048620393));
#3681=CARTESIAN_POINT('',(0.00454872539823311,0.0800690672843323,0.0169043048619981));
#3682=CARTESIAN_POINT('',(0.00454872539816465,0.0800690672846092,0.0143643048620393));
#3683=CARTESIAN_POINT('',(0.00231990418361929,0.0757155595521547,0.0169200398143255));
#3684=CARTESIAN_POINT('',(0.004853067020139,0.0758868879425484,0.0169186121248769));
#3685=CARTESIAN_POINT('',(0.00485451850080979,0.0758678270250259,0.0143800765904751));
#3686=CARTESIAN_POINT('',(0.00262282868354348,0.0701445901696613,0.0169807712944833));
#3687=CARTESIAN_POINT('',(0.00515856907795912,0.0702583478023691,0.0169792094406258));
#3688=CARTESIAN_POINT('',(0.00516012113601062,0.0702246696044174,0.0144409879493455));
#3689=CARTESIAN_POINT('',(0.00271692989642463,0.0673581348881379,0.0170255371686731));
#3690=CARTESIAN_POINT('',(0.00525563688398507,0.067426042267457,0.0170242511163256));
#3691=CARTESIAN_POINT('',(0.0052569299004972,0.0673832078518574,0.0144859004437626));
#3692=CARTESIAN_POINT('',(0.0027169299004972,0.0659624872088489,0.0170519684068559));
#3693=CARTESIAN_POINT('',(0.00525692990049725,0.0659624872088489,0.0170519684068559));
#3694=CARTESIAN_POINT('',(0.0052569299004972,0.0659143924713135,0.0145124237830657));
#3695=CARTESIAN_POINT('',(0.0027169299004972,0.0659143924713135,0.0145124237830658));
#3696=CARTESIAN_POINT('',(0.0027169299004972,0.0659624872088489,0.0170519684068559));
#3697=CARTESIAN_POINT('',(0.0052569299004972,0.0659624872088489,0.0170519684068559));
#3698=CARTESIAN_POINT('',(0.0052569299004972,0.0659143924713135,0.0145124237830658));
#3699=CARTESIAN_POINT('',(0.00271692990042369,0.0606843912756421,0.0171519267364777));
#3700=CARTESIAN_POINT('',(0.00525692990040948,0.0606843912751958,0.0171519267364231));
#3701=CARTESIAN_POINT('',(0.0052569299004972,0.0606179046910079,0.0146127304236022));
#3702=CARTESIAN_POINT('',(0.00271692990051377,0.0527769992823018,0.0173846131453828));
#3703=CARTESIAN_POINT('',(0.00525692990051697,0.0527769992824026,0.0173846131453952));
#3704=CARTESIAN_POINT('',(0.00525692990049719,0.0526780356546854,0.014846242230626));
#3705=CARTESIAN_POINT('',(0.00271692990049407,0.0422701120639479,0.0179587701379845));
#3706=CARTESIAN_POINT('',(0.00525692990049346,0.0422701120639287,0.0179587701379821));
#3707=CARTESIAN_POINT('',(0.00525692990049718,0.0421057843188962,0.0154238952569408));
#3708=CARTESIAN_POINT('',(0.00271692990049804,0.03441955966364,0.0185656391789013));
#3709=CARTESIAN_POINT('',(0.0052569299004982,0.0344195596636459,0.0185656391789024));
#3710=CARTESIAN_POINT('',(0.0052569299004972,0.0341885236869196,0.016035719964281));
#3711=CARTESIAN_POINT('',(0.00271692990049697,0.0266087889737995,0.019423560749038));
#3712=CARTESIAN_POINT('',(0.00525692990049692,0.0266087889737952,0.0194235607490362));
#3713=CARTESIAN_POINT('',(0.00525692990049719,0.0262785904990925,0.0169042871609874));
#3714=CARTESIAN_POINT('',(0.00271692990049723,0.0202124302851331,0.0204493293769784));
#3715=CARTESIAN_POINT('',(0.00525692990049723,0.0202124302851417,0.0204493293769833));
#3716=CARTESIAN_POINT('',(0.0052569299004972,0.0197491368026036,0.0179497851146091));
#3717=CARTESIAN_POINT('',(0.00271692990049719,0.0152590839353161,0.0216090934185018));
#3718=CARTESIAN_POINT('',(0.00525692990049719,0.0152590839353014,0.0216090934184932));
#3719=CARTESIAN_POINT('',(0.0052569299004972,0.0146021529700576,0.0191528741107438));
#3720=CARTESIAN_POINT('',(0.0027169299004972,0.01167992297273,0.022736101197167));
#3721=CARTESIAN_POINT('',(0.0052569299004972,0.0116799229727858,0.0227361011971995));
#3722=CARTESIAN_POINT('',(0.0052569299004972,0.0107907252673559,0.0203518077509995));
#3723=CARTESIAN_POINT('',(0.0027169299004972,0.00899479389538379,0.0240091963071367));
#3724=CARTESIAN_POINT('',(0.00525692990049719,0.00899479389521916,0.0240091963070407));
#3725=CARTESIAN_POINT('',(0.0052569299004972,0.00774631540161002,0.0217732150217779));
#3726=CARTESIAN_POINT('',(0.0027169299004972,0.00736831222927291,0.0252622965715858));
#3727=CARTESIAN_POINT('',(0.0052569299004972,0.00736831222955806,0.0252622965717521));
#3728=CARTESIAN_POINT('',(0.0052569299004972,0.00562889488738203,0.0233826060050003));
#3729=CARTESIAN_POINT('',(0.0027169299004972,0.00680143611385064,0.0259543147496981));
#3730=CARTESIAN_POINT('',(0.0052569299004972,0.00680143611322008,0.0259543147493304));
#3731=CARTESIAN_POINT('',(0.0052569299004972,0.00476070469830593,0.0244205984578226));
#3732=CARTESIAN_POINT('',(0.0027169299004972,0.0065925535882237,0.0262994503141597));
#3733=CARTESIAN_POINT('',(0.0052569299004972,0.0065925535882237,0.0262994503141597));
#3734=CARTESIAN_POINT('',(0.0052569299004972,0.00441954067145235,0.0249843020854246));
#3735=CARTESIAN_POINT('',(0.0027169299004972,0.00441954067145235,0.0249843020854246));
#3736=CARTESIAN_POINT('',(-0.00452151663629038,-0.0108452278151681,0.00459558890041867));
#3737=CARTESIAN_POINT('',(-0.00600533679704803,-0.00899881843668029,0.00475544306045685));
#3738=CARTESIAN_POINT('',(-0.00610539029768139,-0.0090786257164548,0.00712612298613769));
#3739=CARTESIAN_POINT('',(-0.00517453629164945,-0.0113652457819253,0.0045505679878035));
#3740=CARTESIAN_POINT('',(-0.00677196898281094,-0.00960075071281948,0.00470396384675338));
#3741=CARTESIAN_POINT('',(-0.00687431606098856,-0.00969195631588034,0.0070810275678686));
#3742=CARTESIAN_POINT('',(-0.00637810809428522,-0.0125081378701283,0.00445108880006415));
#3743=CARTESIAN_POINT('',(-0.00818281078796579,-0.0109222620428115,0.00459025784068975));
#3744=CARTESIAN_POINT('',(-0.00828568831382557,-0.0110360844488937,0.00698137703090607));
#3745=CARTESIAN_POINT('',(-0.00843499417696049,-0.0152163229932445,0.00421212452008529));
#3746=CARTESIAN_POINT('',(-0.0105577895528404,-0.0140040414819228,0.00432062811085202));
#3747=CARTESIAN_POINT('',(-0.0106489353163375,-0.0141580574383254,0.00674208145538589));
#3748=CARTESIAN_POINT('',(-0.00952584669885531,-0.0175020897743297,0.00400565145000831));
#3749=CARTESIAN_POINT('',(-0.0117716818584762,-0.0165218657233672,0.00409541563530724));
#3750=CARTESIAN_POINT('',(-0.0118532653945255,-0.0167049619217395,0.00653506773485212));
#3751=CARTESIAN_POINT('',(-0.010116436399172,-0.0190915481438716,0.00386009652769321));
#3752=CARTESIAN_POINT('',(-0.0124240917891435,-0.0182412311585182,0.00393796445120604));
#3753=CARTESIAN_POINT('',(-0.0124973892758403,-0.0184384972187551,0.00638951281252373));
#3754=CARTESIAN_POINT('',(-0.0101520863502392,-0.0188362886846655,0.00388648416793722));
#3755=CARTESIAN_POINT('',(-0.0107497546074875,-0.0186209929887602,0.0039372905903104));
#3756=CARTESIAN_POINT('',(-0.011910379969959,-0.0182823450740259,0.0045224796006607));
#3757=CARTESIAN_POINT('',(-0.0124411690323611,-0.0182879826731464,0.00577364884161972));
#3758=CARTESIAN_POINT('',(-0.01247440729722,-0.01837684928767,0.00639468796513863));
#3759=CARTESIAN_POINT('',(-0.012065,-0.0267320740773158,0.00221665686666713));
#3760=CARTESIAN_POINT('',(-0.014605,-0.0267320740773158,0.00221665686666713));
#3761=CARTESIAN_POINT('',(-0.014605,-0.0271920510207862,0.00471466031171592));
#3762=CARTESIAN_POINT('',(-0.012065,-0.0287439102054883,0.00184620171984406));
#3763=CARTESIAN_POINT('',(-0.014605,-0.0287439102054295,0.00184620171957736));
#3764=CARTESIAN_POINT('',(-0.014605,-0.029166384994217,0.00435111073017509));
#3765=CARTESIAN_POINT('',(-0.012065,-0.032799964513117,0.00119236122013072));
#3766=CARTESIAN_POINT('',(-0.014605,-0.0327999645131449,0.00119236122025769));
#3767=CARTESIAN_POINT('',(-0.014605,-0.0331360534858655,0.00371148976054879));
#3768=CARTESIAN_POINT('',(-0.012065,-0.0379435388229588,0.000682557573355067));
#3769=CARTESIAN_POINT('',(-0.014605,-0.0379435388229554,0.000682557573339287));
#3770=CARTESIAN_POINT('',(-0.014605,-0.0381251713328205,0.003218266595352));
#3771=CARTESIAN_POINT('',(-0.012065,-0.0421428463983568,0.000561162739375011));
#3772=CARTESIAN_POINT('',(-0.014605,-0.0421428463983572,0.000561162739378022));
#3773=CARTESIAN_POINT('',(-0.014605,-0.0421457318622972,0.00310270978675045));
#3774=CARTESIAN_POINT('',(-0.012065,-0.0447977260064445,0.000645265263270329));
#3775=CARTESIAN_POINT('',(-0.0146050000000001,-0.0447977260064451,0.000645265263270029));
#3776=CARTESIAN_POINT('',(-0.014605,-0.044653747142996,0.00318270893715003));
#3777=CARTESIAN_POINT('',(-0.012065,-0.0469441026506145,0.00084350137133162));
#3778=CARTESIAN_POINT('',(-0.0146049999999999,-0.0469441026506133,0.000843501371331554));
#3779=CARTESIAN_POINT('',(-0.014605,-0.0466525610961156,0.00336790919841834));
#3780=CARTESIAN_POINT('',(-0.012065,-0.0485772732765596,0.00107684806945999));
#3781=CARTESIAN_POINT('',(-0.0146050000000005,-0.048577273276564,0.0010768480694605));
#3782=CARTESIAN_POINT('',(-0.014605,-0.0481483398449707,0.00358119845430343));
#3783=CARTESIAN_POINT('',(-0.012065,-0.0501929639360053,0.00139622353126107));
#3784=CARTESIAN_POINT('',(-0.014604999999998,-0.0501929639359888,0.00139622353125911));
#3785=CARTESIAN_POINT('',(-0.014605,-0.0496221884892983,0.00387477549354764));
#3786=CARTESIAN_POINT('',(-0.012065,-0.0513256277002921,0.00172044507591279));
#3787=CARTESIAN_POINT('',(-0.0146050000000043,-0.0513256277003277,0.00172044507591704));
#3788=CARTESIAN_POINT('',(-0.014605,-0.0505851566061838,0.00415011636207244));
#3789=CARTESIAN_POINT('',(-0.012065,-0.0518049613337198,0.00186652767647231));
#3790=CARTESIAN_POINT('',(-0.014605,-0.0518049613337198,0.00186652767647231));
#3791=CARTESIAN_POINT('',(-0.014605,-0.0510644902396116,0.00429619896263229));
#3792=CARTESIAN_POINT('',(-0.0146042961449948,-0.0273272305642523,0.0046290553283096));
#3793=CARTESIAN_POINT('',(-0.0145887237091217,-0.0272099979084046,0.00397818361255658));
#3794=CARTESIAN_POINT('',(-0.0140265819294357,-0.0270164775581596,0.00270908931833116));
#3795=CARTESIAN_POINT('',(-0.0127156995648009,-0.0270056882742824,0.00216655701581674));
#3796=CARTESIAN_POINT('',(-0.012065,-0.0270483094618889,0.00215881356798915));
#3797=CARTESIAN_POINT('',(-0.0100773078007992,-0.0186351377357823,0.00393395265088452));
#3798=CARTESIAN_POINT('',(-0.0122768471447849,-0.0178514611568028,0.00411888808634771));
#3799=CARTESIAN_POINT('',(-0.0124546974908913,-0.0183243006440969,0.00640605128452952));
#3800=CARTESIAN_POINT('',(-0.0103317801181865,-0.0193116872226898,0.00377429753635174));
#3801=CARTESIAN_POINT('',(-0.012564992280419,-0.0185800804172538,0.00394694531833199));
#3802=CARTESIAN_POINT('',(-0.0127324493586517,-0.0190627420001136,0.00624639616998719));
#3803=CARTESIAN_POINT('',(-0.0107899542340109,-0.0207177674897854,0.00344755039084576));
#3804=CARTESIAN_POINT('',(-0.01308898566134,-0.0200800165564102,0.00358971551613487));
#3805=CARTESIAN_POINT('',(-0.0132285057750658,-0.0205564212063272,0.00592614502337584));
#3806=CARTESIAN_POINT('',(-0.011342631467679,-0.0228654968873412,0.00297819706389703));
#3807=CARTESIAN_POINT('',(-0.0137105519802616,-0.0223486645419321,0.00308734496794648));
#3808=CARTESIAN_POINT('',(-0.0138193397729456,-0.0228227705856982,0.00546294641283052));
#3809=CARTESIAN_POINT('',(-0.0117042777170786,-0.0246874537043417,0.0026054242201614));
#3810=CARTESIAN_POINT('',(-0.0141185351309673,-0.0242638740795502,0.00268959406550225));
#3811=CARTESIAN_POINT('',(-0.0142030147361462,-0.0247261414952844,0.00509647352724344));
#3812=CARTESIAN_POINT('',(-0.0119424388919234,-0.0261553089874995,0.00232260939125965));
#3813=CARTESIAN_POINT('',(-0.0143829436079071,-0.0257884117383364,0.00239161763890472));
#3814=CARTESIAN_POINT('',(-0.014452389857634,-0.0262341805918155,0.00481862716270594));
#3815=CARTESIAN_POINT('',(-0.0120451005438212,-0.0268934307028597,0.00218650800024904));
#3816=CARTESIAN_POINT('',(-0.0145047905047787,-0.0265775766790186,0.00224428298922543));
#3817=CARTESIAN_POINT('',(-0.0145630160825195,-0.027016234394981,0.00468506425184616));
#3818=CARTESIAN_POINT('',(-0.012093266405878,-0.0272633785467217,0.00211992121765415));
#3819=CARTESIAN_POINT('',(-0.0145538291950777,-0.0269470225602788,0.0021768620206386));
#3820=CARTESIAN_POINT('',(-0.0146111819445755,-0.0273791045949279,0.00461975137184868));
#3821=CARTESIAN_POINT('',(0.00610539029768139,-0.00907862571645481,0.00712612298613768));
#3822=CARTESIAN_POINT('',(0.00600533679704802,-0.0089988184366803,0.00475544306045684));
#3823=CARTESIAN_POINT('',(0.00452151663629036,-0.0108452278151681,0.00459558890041866));
#3824=CARTESIAN_POINT('',(0.0068743160609942,-0.00969195631588485,0.00708102756787729));
#3825=CARTESIAN_POINT('',(0.00677196898283854,-0.0096007507128186,0.00470396384677203));
#3826=CARTESIAN_POINT('',(0.00517453629169876,-0.0113652457819249,0.00455056798780353));
#3827=CARTESIAN_POINT('',(0.00828568831382201,-0.0110360844488888,0.00698137703090184));
#3828=CARTESIAN_POINT('',(0.00818281078795266,-0.0109222620428114,0.00459025784068092));
#3829=CARTESIAN_POINT('',(0.00637810809426195,-0.0125081378701285,0.00445108880006413));
#3830=CARTESIAN_POINT('',(0.0106489353163442,-0.0141580574383405,0.00674208145538961));
#3831=CARTESIAN_POINT('',(0.0105577895528556,-0.0140040414819293,0.00432062811085852));
#3832=CARTESIAN_POINT('',(0.00843499417697851,-0.0152163229932443,0.00421212452008531));
#3833=CARTESIAN_POINT('',(0.0118532653945027,-0.0167049619216781,0.00653506773484621));
#3834=CARTESIAN_POINT('',(0.0117716818584326,-0.0165218657233263,0.00409541563530214));
#3835=CARTESIAN_POINT('',(0.00952584669883465,-0.0175020897743297,0.00400565145000831));
#3836=CARTESIAN_POINT('',(0.0124973892758403,-0.0184384972187551,0.00638951281252373));
#3837=CARTESIAN_POINT('',(0.0124240917891435,-0.0182412311585182,0.00393796445120604));
#3838=CARTESIAN_POINT('',(0.010116436399172,-0.0190915481438716,0.00386009652769321));
#3839=CARTESIAN_POINT('',(0.0101520863502392,-0.0188362886846655,0.00388648416793717));
#3840=CARTESIAN_POINT('',(0.0107497546074875,-0.0186209929887602,0.00393729059031035));
#3841=CARTESIAN_POINT('',(0.0119103799699552,-0.018282345074016,0.00452247960066229));
#3842=CARTESIAN_POINT('',(0.0124411690323685,-0.0182879826731662,0.00577364884161643));
#3843=CARTESIAN_POINT('',(0.0124744072972199,-0.0183768492876698,0.0063946879651386));
#3844=CARTESIAN_POINT('',(0.0124546974908913,-0.018324300644097,0.00640605128452951));
#3845=CARTESIAN_POINT('',(0.0122768471447849,-0.0178514611568028,0.0041188880863477));
#3846=CARTESIAN_POINT('',(0.0100773078007992,-0.0186351377357823,0.00393395265088452));
#3847=CARTESIAN_POINT('',(0.0127324493586526,-0.0190627420001161,0.00624639616999745));
#3848=CARTESIAN_POINT('',(0.012564992280421,-0.0185800804172516,0.00394694531833384));
#3849=CARTESIAN_POINT('',(0.0103317801181737,-0.0193116872227063,0.00377429753634784));
#3850=CARTESIAN_POINT('',(0.0132285057750653,-0.0205564212063259,0.00592614502337117));
#3851=CARTESIAN_POINT('',(0.0130889856613385,-0.0200800165564093,0.00358971551613458));
#3852=CARTESIAN_POINT('',(0.0107899542340169,-0.0207177674897776,0.0034475503908476));
#3853=CARTESIAN_POINT('',(0.0138193397729458,-0.0228227705856992,0.00546294641283147));
#3854=CARTESIAN_POINT('',(0.013710551980262,-0.0223486645419331,0.00308734496794598));
#3855=CARTESIAN_POINT('',(0.0113426314676772,-0.0228654968873438,0.00297819706389644));
#3856=CARTESIAN_POINT('',(0.0142030147361459,-0.0247261414952825,0.00509647352724431));
#3857=CARTESIAN_POINT('',(0.0141185351309681,-0.0242638740795501,0.00268959406550356));
#3858=CARTESIAN_POINT('',(0.0117042777170795,-0.0246874537043401,0.00260542422016172));
#3859=CARTESIAN_POINT('',(0.0144523898576344,-0.0262341805918189,0.00481862716270419));
#3860=CARTESIAN_POINT('',(0.0143829436079057,-0.0257884117383367,0.00239161763890239));
#3861=CARTESIAN_POINT('',(0.0119424388919222,-0.026155308987502,0.00232260939125918));
#3862=CARTESIAN_POINT('',(0.0145630160825185,-0.0270162343949735,0.00468506425185003));
#3863=CARTESIAN_POINT('',(0.0145047905047819,-0.0265775766790177,0.0022442829892306));
#3864=CARTESIAN_POINT('',(0.0120451005438238,-0.0268934307028543,0.00218650800025001));
#3865=CARTESIAN_POINT('',(0.0146111819445755,-0.0273791045949279,0.00461975137184868));
#3866=CARTESIAN_POINT('',(0.0145538291950777,-0.0269470225602788,0.00217686202063858));
#3867=CARTESIAN_POINT('',(0.012093266405878,-0.0272633785467218,0.00211992121765414));
#3868=CARTESIAN_POINT('',(0.0146042961449948,-0.0273272305642523,0.00462905532830961));
#3869=CARTESIAN_POINT('',(0.0145887237091217,-0.0272099979084047,0.00397818361255658));
#3870=CARTESIAN_POINT('',(0.0140265819294395,-0.0270164775582168,0.00270908931832077));
#3871=CARTESIAN_POINT('',(0.0127156995647932,-0.027005688274168,0.00216655701583751));
#3872=CARTESIAN_POINT('',(0.012065,-0.0270483094618888,0.00215881356798916));
#3873=CARTESIAN_POINT('',(0.012065,-0.0518064542660324,0.00186698266527235));
#3874=CARTESIAN_POINT('',(0.014605,-0.0518064542660324,0.00186698266527235));
#3875=CARTESIAN_POINT('',(0.014605,-0.0510659831719243,0.00429665395143233));
#3876=CARTESIAN_POINT('',(0.012065,-0.0513218746343282,0.00171930128462038));
#3877=CARTESIAN_POINT('',(0.014605,-0.0513218746343319,0.00171930128462052));
#3878=CARTESIAN_POINT('',(0.014605,-0.05058140354022,0.00414897257078028));
#3879=CARTESIAN_POINT('',(0.012065,-0.0501744423015154,0.00139145499083429));
#3880=CARTESIAN_POINT('',(0.014605,-0.0501744423015137,0.00139145499083422));
#3881=CARTESIAN_POINT('',(0.014605,-0.0496059625819802,0.00387059781329701));
#3882=CARTESIAN_POINT('',(0.012065,-0.0485565869768475,0.00107353653127943));
#3883=CARTESIAN_POINT('',(0.014605,-0.0485565869768479,0.00107353653127943));
#3884=CARTESIAN_POINT('',(0.014605,-0.0481293798641421,0.003578144832687));
#3885=CARTESIAN_POINT('',(0.012065,-0.0469351707030958,0.000842639050810075));
#3886=CARTESIAN_POINT('',(0.014605,-0.0469351707030957,0.000842639050810138));
#3887=CARTESIAN_POINT('',(0.014605,-0.0466442718496838,0.00336711057566621));
#3888=CARTESIAN_POINT('',(0.0120649999999999,-0.0447981107819061,0.000645448789052728));
#3889=CARTESIAN_POINT('',(0.0146049999999999,-0.0447981107819062,0.000645448789052376));
#3890=CARTESIAN_POINT('',(0.014605,-0.0446540623502887,0.00318287598569709));
#3891=CARTESIAN_POINT('',(0.0120650000000006,-0.0421465689810052,0.000561111281277288));
#3892=CARTESIAN_POINT('',(0.0146050000000004,-0.0421465689810048,0.000561111281280144));
#3893=CARTESIAN_POINT('',(0.014605,-0.042149288509728,0.00310266333197409));
#3894=CARTESIAN_POINT('',(0.0120649999999971,-0.0379418405245533,0.000682573271394354));
#3895=CARTESIAN_POINT('',(0.0146049999999978,-0.0379418405245551,0.000682573271379498));
#3896=CARTESIAN_POINT('',(0.014605,-0.0381235498605696,0.0032182800995553));
#3897=CARTESIAN_POINT('',(0.0120650000000232,-0.0328019892608173,0.00119219794541979));
#3898=CARTESIAN_POINT('',(0.0146050000000176,-0.032801989260803,0.00119219794553922));
#3899=CARTESIAN_POINT('',(0.014605,-0.0331380108099338,0.00371133194395936));
#3900=CARTESIAN_POINT('',(0.0120649999999512,-0.0287448985940565,0.00184601851475425));
#3901=CARTESIAN_POINT('',(0.0146049999999631,-0.0287448985940863,0.00184601851450338));
#3902=CARTESIAN_POINT('',(0.014605,-0.0291673550998644,0.00435093091413063));
#3903=CARTESIAN_POINT('',(0.012065,-0.0267319964613237,0.00221667115873103));
#3904=CARTESIAN_POINT('',(0.014605,-0.0267319964613237,0.00221667115873102));
#3905=CARTESIAN_POINT('',(0.014605,-0.0271919748516124,0.00471467433736539));
#3906=CARTESIAN_POINT('',(1.56332953041746E-17,-0.023149628269218,0.00480379616355321));
#3907=CARTESIAN_POINT('',(1.56332953041746E-17,-0.0206096282692184,0.00480379616355321));
#3908=CARTESIAN_POINT('',(0.0027169299004972,-0.0206096282692184,0.00480379616355321));
#3909=CARTESIAN_POINT('',(-0.0027169299004972,-0.0206096282692184,0.00480379616355321));
#3910=CARTESIAN_POINT('',(-0.0027169299004972,-0.023149628269218,0.00480379616355321));
#3911=CARTESIAN_POINT('',(0.0027169299004972,-0.023149628269218,0.00480379616355321));
#3912=CARTESIAN_POINT('',(-0.000100161256492124,-0.0231496282692185,0.0258977431512903));
#3913=CARTESIAN_POINT('',(-0.000100161256492124,-0.0231496282692185,0.00734379616355321));
#3914=CARTESIAN_POINT('',(0.0027169299004972,0.0287349028512836,0.00734379616355321));
#3915=CARTESIAN_POINT('',(0.0027169299004972,-0.0206096282692184,0.00734379616355321));
#3916=CARTESIAN_POINT('',(0.0027169299004972,-0.0206096282692184,0.00734379616355321));
#3917=CARTESIAN_POINT('',(0.0027169299004972,-0.0206096282692184,0.00734379616355321));
#3918=CARTESIAN_POINT('',(1.56332953041746E-17,-0.0206096282692184,0.00734379616355321));
#3919=CARTESIAN_POINT('',(-0.0027169299004972,-0.0206096282692184,0.00734379616355321));
#3920=CARTESIAN_POINT('',(-0.0027169299004972,-0.023149628269218,0.00734379616355321));
#3921=CARTESIAN_POINT('',(-0.0027169299004972,-0.0206096282692184,0.00734379616355321));
#3922=CARTESIAN_POINT('',(-0.0027169299004972,-0.0206096282692184,0.00734379616355321));
#3923=CARTESIAN_POINT('',(0.0103754075770914,-0.040437026996094,0.00697135770075673));
#3924=CARTESIAN_POINT('',(0.0103754075770915,-0.040437026996094,0.000617341759366867));
#3925=CARTESIAN_POINT('',(0.0103754075770914,-0.0375802999683192,0.000821582069227049));
#3926=CARTESIAN_POINT('',(0.0103754075770915,-0.0347235729405444,0.00102582237908723));
#3927=CARTESIAN_POINT('',(0.0103754075770914,-0.0347235729405444,0.00717559801061691));
#3928=CARTESIAN_POINT('',(-0.00149811047343579,0.0872530564665794,0.0180918191952493));
#3929=CARTESIAN_POINT('',(0.00149811047343579,0.0872530564665794,0.0180918191952493));
#3930=CARTESIAN_POINT('',(-0.00149811047343579,0.0917620245758447,0.0169941186948556));
#3931=CARTESIAN_POINT('',(0.00149811047343579,0.0917620245758447,0.0169941186948556));
#3932=CARTESIAN_POINT('',(-0.00149811047343579,0.0974592192131515,0.0150684516046757));
#3933=CARTESIAN_POINT('',(0.00149811047343579,0.0974592192131515,0.0150684516046757));
#3934=CARTESIAN_POINT('',(-0.00149811047343579,0.1043446403785,0.0123148179247096));
#3935=CARTESIAN_POINT('',(0.00149811047343579,0.1043446403785,0.0123148179247096));
#3936=CARTESIAN_POINT('',(0.00148034631762429,0.0872530564665794,0.0180918191952493));
#3937=CARTESIAN_POINT('',(0.00125004914500807,0.0901686250692661,0.0173820290498346));
#3938=CARTESIAN_POINT('',(0.000766756771041247,0.0958655689639832,0.0155862404426726));
#3939=CARTESIAN_POINT('',(0.000258500431012944,0.101448211038072,0.0134714286391109));
#3940=CARTESIAN_POINT('',(4.31803911444897E-19,0.104221568790182,0.0123639993552796));
#3941=CARTESIAN_POINT('',(-6.47705867167345E-19,0.104221568790182,0.0123639993552796));
#3942=CARTESIAN_POINT('',(-6.47705867167345E-19,0.104221568790182,0.0123639993552796));
#3943=CARTESIAN_POINT('',(-0.000258500431012944,0.101448211038072,0.0134714286391109));
#3944=CARTESIAN_POINT('',(-0.000766756771046723,0.095865568963415,0.0155862404410539));
#3945=CARTESIAN_POINT('',(-0.00125004914499713,0.0901686250704026,0.0173820290530719));
#3946=CARTESIAN_POINT('',(-0.00148034631762429,0.0872530564665794,0.0180918191952493));
#3947=CARTESIAN_POINT('',(-0.0201430700995028,0.0756396241486073,0.00156357861123979));
#3948=CARTESIAN_POINT('',(-0.0201430700995028,0.0869547203183174,0.00572014413774013));
#3949=CARTESIAN_POINT('',(-0.00405207649218013,0.0869547203183174,0.00572014413774014));
#3950=CARTESIAN_POINT('',(0.00405207649218014,0.0869547203183174,0.00572014413774014));
#3951=CARTESIAN_POINT('',(-0.00405207649218013,0.0908033922314644,0.00495040975511074));
#3952=CARTESIAN_POINT('',(0.00405207649218014,0.0908033922314644,0.00495040975511074));
#3953=CARTESIAN_POINT('',(-0.00405207649218013,0.0963454792896907,0.00304369504253069));
#3954=CARTESIAN_POINT('',(0.00405207649218014,0.0963454792896907,0.00304369504253069));
#3955=CARTESIAN_POINT('',(-0.00405207649218013,0.103580981492996,0.));
#3956=CARTESIAN_POINT('',(0.00405207649218014,0.103580981492996,0.));
#3957=CARTESIAN_POINT('',(-0.00240461784828104,0.128715257182774,0.00149873499862918));
#3958=CARTESIAN_POINT('',(1.60689349631171E-5,0.128917363406377,0.00140245603440592));
#3959=CARTESIAN_POINT('',(0.000122159210469543,0.127881714453296,-0.000794363750321339));
#3960=CARTESIAN_POINT('',(-0.0020617809323204,0.125368497157615,0.00309305793922284));
#3961=CARTESIAN_POINT('',(0.000359954343620353,0.125568542249589,0.00299776085278086));
#3962=CARTESIAN_POINT('',(0.000465203198466217,0.124532932999637,0.000799959190162778));
#3963=CARTESIAN_POINT('',(-0.00138156413776801,0.118602204773521,0.00624935889704917));
#3964=CARTESIAN_POINT('',(0.00104739713095912,0.118797107707328,0.00616150553717299));
#3965=CARTESIAN_POINT('',(0.00114587752457141,0.117809909607873,0.00393368822565096));
#3966=CARTESIAN_POINT('',(-0.000381395952560502,0.108352845700987,0.0107440850781215));
#3967=CARTESIAN_POINT('',(0.00205687988355817,0.108545314663385,0.0106629939828541));
#3968=CARTESIAN_POINT('',(0.00214692869233841,0.10760884243409,0.00840355568168782));
#3969=CARTESIAN_POINT('',(0.00042781508940901,0.0996491265544985,0.0142095334678536));
#3970=CARTESIAN_POINT('',(0.00287850688703837,0.0998385703742379,0.0141378062781749));
#3971=CARTESIAN_POINT('',(0.00295713352233601,0.0989823207287253,0.0118328878454091));
#3972=CARTESIAN_POINT('',(0.00105251437447567,0.0925123595925338,0.0166566599251977));
#3973=CARTESIAN_POINT('',(0.00351829524619675,0.0927031602718926,0.0165959006295525));
#3974=CARTESIAN_POINT('',(0.00358291634607079,0.0919605868673959,0.0142361195333995));
#3975=CARTESIAN_POINT('',(0.00135558350738493,0.0888421304666214,0.0177144936442747));
#3976=CARTESIAN_POINT('',(0.00383241422228497,0.0890332113083941,0.0176623407709642));
#3977=CARTESIAN_POINT('',(0.00388667122835494,0.0883856625273868,0.0152627942424848));
#3978=CARTESIAN_POINT('',(0.00150431103146464,0.0869488305122797,0.0181650551954514));
#3979=CARTESIAN_POINT('',(0.0039887540334735,0.0871417981294049,0.0181191333705977));
#3980=CARTESIAN_POINT('',(0.00403580012649001,0.0865685482064682,0.0156940615084722));
#3981=CARTESIAN_POINT('',(-3.82508616682081E-17,0.104221568790205,0.0123639993552702));
#3982=CARTESIAN_POINT('',(5.24542527225643E-13,0.106298312678803,0.0115347349030004));
#3983=CARTESIAN_POINT('',(-2.43892834953182E-13,0.11041572865196,0.00978052970741748));
#3984=CARTESIAN_POINT('',(6.68054499339481E-14,0.116464724652982,0.00689698583227931));
#3985=CARTESIAN_POINT('',(-8.36348670476607E-15,0.121402843707762,0.00427501590976083));
#3986=CARTESIAN_POINT('',(1.6826920292607E-15,0.125233867419945,0.00196782588329991));
#3987=CARTESIAN_POINT('',(2.56385606323033E-18,0.127093768764951,0.00071600418551035));
#3988=CARTESIAN_POINT('',(1.53212842339025E-18,0.127952523476829,2.67437319847184E-15));
#3989=CARTESIAN_POINT('',(-0.00012216089650928,0.127881697994244,-0.000794355914323683));
#3990=CARTESIAN_POINT('',(-1.60706248612855E-5,0.128917346949828,0.00140246387394397));
#3991=CARTESIAN_POINT('',(0.00240461616325905,0.128715240733658,0.00149874283462685));
#3992=CARTESIAN_POINT('',(-0.000465181173174964,0.124533147879756,0.000799856887447443));
#3993=CARTESIAN_POINT('',(-0.000359932260393947,0.125568757173211,0.00299765846792034));
#3994=CARTESIAN_POINT('',(0.00206180294439356,0.125368711908864,0.00309295563644637));
#3995=CARTESIAN_POINT('',(-0.00114580887461134,0.117810589948354,0.0039333728199065));
#3996=CARTESIAN_POINT('',(-0.00104732788635355,0.118797792015784,0.00616118768048058));
#3997=CARTESIAN_POINT('',(0.00138163274033392,0.118602887970765,0.00624904188716375));
#3998=CARTESIAN_POINT('',(-0.00214679292550078,0.107610242851491,0.00840295774892505));
#3999=CARTESIAN_POINT('',(-0.00205674260444387,0.108546725408769,0.0106623901125944));
#4000=CARTESIAN_POINT('',(0.000381531587641443,0.108354255038205,0.0107434828471614));
#4001=CARTESIAN_POINT('',(-0.00295694684414542,0.0989843380894584,0.011832114162805));
#4002=CARTESIAN_POINT('',(-0.00287831711155391,0.0998406104574545,0.0141370202179059));
#4003=CARTESIAN_POINT('',(-0.000427628664351697,0.0996511639226812,0.0142087504841801));
#4004=CARTESIAN_POINT('',(-0.00358269364640144,0.0919631340105858,0.0142353019420128));
#4005=CARTESIAN_POINT('',(-0.00351806637668217,0.0927057608554286,0.0165950591663852));
#4006=CARTESIAN_POINT('',(-0.00105229210527913,0.0925149579313163,0.01665582414811));
#4007=CARTESIAN_POINT('',(-0.00388643275291781,0.0883884972963693,0.0152620176270013));
#4008=CARTESIAN_POINT('',(-0.00383216654093582,0.0890361336414517,0.0176615293126199));
#4009=CARTESIAN_POINT('',(-0.00135534559927038,0.0888450501080186,0.0177136905983727));
#4010=CARTESIAN_POINT('',(-0.00403555433844889,0.0865715430401549,0.0156933506401044));
#4011=CARTESIAN_POINT('',(-0.00398849597653832,0.0871449200644091,0.0181183793091972));
#4012=CARTESIAN_POINT('',(-0.00150406590489025,0.0869519508815198,0.0181643125306857));
#4013=CARTESIAN_POINT('',(-0.0027169299004972,0.00441954067144152,0.0249843020854425));
#4014=CARTESIAN_POINT('',(-0.0027169299004972,0.00441954067143711,0.0249843020854369));
#4015=CARTESIAN_POINT('',(-0.0027169299004972,0.0044195406714524,0.0249843020854245));
#4016=CARTESIAN_POINT('',(0.00271692990049721,0.00441954067145203,0.0249843020854252));
#4017=CARTESIAN_POINT('',(0.0027169299004972,0.00441954067145203,0.0249843020854251));
#4018=CARTESIAN_POINT('',(-0.0052569299004972,0.00441954067145204,0.0249843020854251));
#4019=CARTESIAN_POINT('',(-0.0052569299004972,0.00599264710723794,0.0269785277852117));
#4020=CARTESIAN_POINT('',(-0.0027169299004972,0.00599264710723794,0.0269785277852117));
#4021=CARTESIAN_POINT('',(-0.0052569299004972,-0.000212952130557228,0.0286385545817712));
#4022=CARTESIAN_POINT('',(-0.00525692990049358,0.00132509845961954,0.0306604334085287));
#4023=CARTESIAN_POINT('',(-0.0027169299004972,0.00132509845932904,0.0306604334081085));
#4024=CARTESIAN_POINT('',(-0.00525692990049719,-0.00492852817957443,0.0321969250056115));
#4025=CARTESIAN_POINT('',(-0.00525692990055685,-0.0034302976396516,0.034251752395934));
#4026=CARTESIAN_POINT('',(-0.00271692990055855,-0.00343029763897224,0.0342517523972182));
#4027=CARTESIAN_POINT('',(-0.00525692990049719,-0.00985614899587849,0.0354336184083842));
#4028=CARTESIAN_POINT('',(-0.00525692990049719,-0.0084616757243366,0.0375565984589159));
#4029=CARTESIAN_POINT('',(-0.00271692990049719,-0.00846167572433659,0.0375565984589159));
#4030=CARTESIAN_POINT('',(-0.0049832415944286,-0.00825324583631504,0.0357464725488252));
#4031=CARTESIAN_POINT('',(-0.00453727922705713,-0.00794146468487353,0.0365983113333663));
#4032=CARTESIAN_POINT('',(-0.00361813680419773,-0.00801875887895576,0.0372651735275581));
#4033=CARTESIAN_POINT('',(-0.00271692990049723,-0.00837168479903655,0.0374974320063536));
#4034=CARTESIAN_POINT('',(0.0027169299004972,0.00441954067144342,0.0249843020854394));
#4035=CARTESIAN_POINT('',(0.00271692990049719,0.0044195406714414,0.0249843020854427));
#4036=CARTESIAN_POINT('',(-0.00411981414424487,-0.00764960655125342,0.0353515119745801));
#4037=CARTESIAN_POINT('',(-0.00366760173191005,-0.00733345586920167,0.0368136530256103));
#4038=CARTESIAN_POINT('',(-0.00266444969420395,-0.00833423036321214,0.0374727737839871));
#4039=CARTESIAN_POINT('',(-0.0043042140098942,-0.00777852416099855,0.0354364184877168));
#4040=CARTESIAN_POINT('',(-0.00385265499765094,-0.00746283028393345,0.0369006746517129));
#4041=CARTESIAN_POINT('',(-0.00284884955985772,-0.00846582929077041,0.0375594462416216));
#4042=CARTESIAN_POINT('',(-0.00468028498457375,-0.00804236025541696,0.0356058983701025));
#4043=CARTESIAN_POINT('',(-0.00422820901979442,-0.00772377065088646,0.0370755014838427));
#4044=CARTESIAN_POINT('',(-0.00321734464741943,-0.0087297060935875,0.0377325185688979));
#4045=CARTESIAN_POINT('',(-0.00520263286027389,-0.00840341571439636,0.0358565971293788));
#4046=CARTESIAN_POINT('',(-0.00476006617650646,-0.00810287379814901,0.0373278249437105));
#4047=CARTESIAN_POINT('',(-0.00377378401512314,-0.00912371817023595,0.0379887414049413));
#4048=CARTESIAN_POINT('',(-0.0058740262066085,-0.00888793731165698,0.0361110824405083));
#4049=CARTESIAN_POINT('',(-0.00540993279300611,-0.0085303909115556,0.0376094891130243));
#4050=CARTESIAN_POINT('',(-0.00432017522412062,-0.00952759290719075,0.0382490599327567));
#4051=CARTESIAN_POINT('',(-0.00667904948471773,-0.00954004321826522,0.0364679479988436));
#4052=CARTESIAN_POINT('',(-0.00620156077120577,-0.00912604094743453,0.0379983657788048));
#4053=CARTESIAN_POINT('',(-0.00501146788173761,-0.0101000843201415,0.0386144637208574));
#4054=CARTESIAN_POINT('',(-0.00763072125139224,-0.0104207686238928,0.0369379171114955));
#4055=CARTESIAN_POINT('',(-0.00714503707848583,-0.0099305181385084,0.0385157534941797));
#4056=CARTESIAN_POINT('',(-0.00581914802641071,-0.0108673082887801,0.0390964606730033));
#4057=CARTESIAN_POINT('',(-0.0090036236381614,-0.0119391741006542,0.037737255836052));
#4058=CARTESIAN_POINT('',(-0.00853013998125374,-0.0113401669666032,0.0394001765021535));
#4059=CARTESIAN_POINT('',(-0.00700126197319844,-0.0122107258637012,0.039918586868384));
#4060=CARTESIAN_POINT('',(-0.0104429942203916,-0.0139871303917392,0.0387816166904975));
#4061=CARTESIAN_POINT('',(-0.0100154937559641,-0.0132799647634889,0.0405642333709846));
#4062=CARTESIAN_POINT('',(-0.00826034755034335,-0.0140601489328517,0.0409985476120761));
#4063=CARTESIAN_POINT('',(-0.0113411788815152,-0.0157148271521081,0.0396035884249438));
#4064=CARTESIAN_POINT('',(-0.0109574386426138,-0.0149435539326822,0.0414791683762215));
#4065=CARTESIAN_POINT('',(-0.00906580957352674,-0.0156783123786885,0.0418591188856936));
#4066=CARTESIAN_POINT('',(-0.0117445488883575,-0.0166055115034552,0.0400001195804851));
#4067=CARTESIAN_POINT('',(-0.0113880506055186,-0.0158183249590406,0.0419280132492777));
#4068=CARTESIAN_POINT('',(-0.00943076553359808,-0.0165319495423854,0.0422791582062798));
#4069=CARTESIAN_POINT('',(-0.0108060482992731,-0.0154855598056407,0.0408253851483478));
#4070=CARTESIAN_POINT('',(-0.0102438506755704,-0.0152004993888262,0.0412882894178344));
#4071=CARTESIAN_POINT('',(-0.00946188937218228,-0.0150265599252925,0.0415059444996234));
#4072=CARTESIAN_POINT('',(-0.00869579783261054,-0.0149753112915539,0.0414785120703508));
#4073=CARTESIAN_POINT('',(0.0027169299004972,0.00599264710722402,0.0269785277852227));
#4074=CARTESIAN_POINT('',(0.0052569299004972,0.00599264710722401,0.0269785277852227));
#4075=CARTESIAN_POINT('',(0.0052569299004972,0.0044195406714382,0.0249843020854361));
#4076=CARTESIAN_POINT('',(0.00271692990043579,0.00132509845915051,0.030660433408249));
#4077=CARTESIAN_POINT('',(0.00525692990042844,0.00132509845925567,0.0306604334081742));
#4078=CARTESIAN_POINT('',(0.0052569299004972,-0.000212952130694363,0.0286385545816045));
#4079=CARTESIAN_POINT('',(0.00271692990035402,-0.00343029763895618,0.0342517523972076));
#4080=CARTESIAN_POINT('',(0.00525692990035438,-0.00343029763989158,0.0342517523964725));
#4081=CARTESIAN_POINT('',(0.00525692990049721,-0.0049285281795844,0.0321969250055533));
#4082=CARTESIAN_POINT('',(0.0027169299004972,-0.00846167572433651,0.0375565984589158));
#4083=CARTESIAN_POINT('',(0.00525692990049721,-0.00846167572433651,0.0375565984589158));
#4084=CARTESIAN_POINT('',(0.00525692990049721,-0.0098561489958784,0.0354336184083842));
#4085=CARTESIAN_POINT('',(0.0049832415944286,-0.00825324583631504,0.0357464725488252));
#4086=CARTESIAN_POINT('',(0.0045372744779679,-0.0079414613646909,0.0365983204046662));
#4087=CARTESIAN_POINT('',(0.0036181295980903,-0.00801876170108912,0.0372651753847875));
#4088=CARTESIAN_POINT('',(0.00271692990049721,-0.00837168479903649,0.0374974320063536));
#4089=CARTESIAN_POINT('',(-2.55763496614625E-31,-0.0197384763268528,0.0436741504277425));
#4090=CARTESIAN_POINT('',(-5.4823459536147E-19,-0.0201633116891691,0.0438305586576462));
#4091=CARTESIAN_POINT('',(3.08148791101958E-33,-0.0206160242022015,0.0438305586576462));
#4092=CARTESIAN_POINT('',(-0.000958012153022917,-0.0197384763292415,0.043674150428622));
#4093=CARTESIAN_POINT('',(-0.000997809915084498,-0.0201633116914894,0.0438305586583724));
#4094=CARTESIAN_POINT('',(-0.00103515700780335,-0.0206160242043752,0.0438305586576462));
#4095=CARTESIAN_POINT('',(-0.0028314062651828,-0.0194671367614607,0.0435777267200198));
#4096=CARTESIAN_POINT('',(-0.00296802999450128,-0.0199035459704794,0.0437440854561456));
#4097=CARTESIAN_POINT('',(-0.00308519066692056,-0.0203743534209922,0.0437384422889937));
#4098=CARTESIAN_POINT('',(-0.00545089165580155,-0.0182121608063594,0.0430754896457807));
#4099=CARTESIAN_POINT('',(-0.00579101371384733,-0.0186861808344237,0.0432820082629191));
#4100=CARTESIAN_POINT('',(-0.00607375344849438,-0.0192305612513956,0.0432222231661996));
#4101=CARTESIAN_POINT('',(-0.00762727440887544,-0.0163927907687305,0.0422308702970434));
#4102=CARTESIAN_POINT('',(-0.0082486690185126,-0.0168850827315213,0.0424766323040266));
#4103=CARTESIAN_POINT('',(-0.00872597467938712,-0.0175279416504267,0.0422715260047674));
#4104=CARTESIAN_POINT('',(-0.00874945730245278,-0.0149496723399781,0.0414714300578502));
#4105=CARTESIAN_POINT('',(-0.0096012971656974,-0.0154439501448595,0.0417368120289874));
#4106=CARTESIAN_POINT('',(-0.0102092252417849,-0.0161510706692305,0.0413231917010581));
#4107=CARTESIAN_POINT('',(-0.00922575664366845,-0.0142034150823611,0.0410580045874932));
#4108=CARTESIAN_POINT('',(-0.0101986089837837,-0.0146980694480016,0.0413320424098283));
#4109=CARTESIAN_POINT('',(-0.0108522400453355,-0.015434303824653,0.0407871142281415));
#4110=CARTESIAN_POINT('',(2.06380857298642E-17,-0.0206160242022015,0.0412905586576462));
#4111=CARTESIAN_POINT('',(0.00266243370481771,-0.00833279163295011,0.0374718262066351));
#4112=CARTESIAN_POINT('',(0.00366557920282899,-0.00733204187893735,0.036812701915061));
#4113=CARTESIAN_POINT('',(0.00411779815485863,-0.00764819713301967,0.035350583702733));
#4114=CARTESIAN_POINT('',(0.00285391671735431,-0.00846944513825046,0.0375618303705243));
#4115=CARTESIAN_POINT('',(0.00385774281260379,-0.00746638727644916,0.0369030695997181));
#4116=CARTESIAN_POINT('',(0.00430928116739087,-0.00778206671147912,0.0354387542875614));
#4117=CARTESIAN_POINT('',(0.00314141110523435,-0.00867454030403445,0.0376963348888367));
#4118=CARTESIAN_POINT('',(0.00414481340340478,-0.00766752785510907,0.0370378659020938));
#4119=CARTESIAN_POINT('',(0.00459488089668794,-0.00798155050868765,0.0355704656299801));
#4120=CARTESIAN_POINT('',(0.00352467052931471,-0.0089487692643421,0.0378749755380573));
#4121=CARTESIAN_POINT('',(0.00453319360901057,-0.00793786795853476,0.0372179277688731));
#4122=CARTESIAN_POINT('',(0.00498319274366929,-0.00825351943021001,0.0357452841952459));
#4123=CARTESIAN_POINT('',(0.00381332162758861,-0.00915379318990713,0.0380079276097258));
#4124=CARTESIAN_POINT('',(0.00481095020447633,-0.00813560613835988,0.0373491941653537));
#4125=CARTESIAN_POINT('',(0.00525668657323697,-0.00844324721738507,0.0358753343183756));
#4126=CARTESIAN_POINT('',(0.00409820492005818,-0.00936235128072583,0.0381425439991258));
#4127=CARTESIAN_POINT('',(0.00515224467675084,-0.00835704762518909,0.0374952589045447));
#4128=CARTESIAN_POINT('',(0.00561036610056864,-0.0086961071732512,0.0360069524024382));
#4129=CARTESIAN_POINT('',(0.00446811498578768,-0.0096492878038076,0.0383268457897592));
#4130=CARTESIAN_POINT('',(0.00557345043435932,-0.00865477000487327,0.0376908050611816));
#4131=CARTESIAN_POINT('',(0.00604049723553143,-0.0090225114204569,0.0361870617396296));
#4132=CARTESIAN_POINT('',(0.00509328546715169,-0.0101717926451453,0.0386598884960212));
#4133=CARTESIAN_POINT('',(0.00630075221970789,-0.00920249640921177,0.0380479315324997));
#4134=CARTESIAN_POINT('',(0.00678000738598876,-0.00962565674615322,0.0365122772328735));
#4135=CARTESIAN_POINT('',(0.00592339896491083,-0.010974998681137,0.0391634176000375));
#4136=CARTESIAN_POINT('',(0.00726526076789403,-0.010042844147654,0.0385872796023928));
#4137=CARTESIAN_POINT('',(0.00775100238560009,-0.0105423415638972,0.0370031316990634));
#4138=CARTESIAN_POINT('',(0.00713499450586148,-0.0123831581816781,0.0400219200641668));
#4139=CARTESIAN_POINT('',(0.00868862324064275,-0.011521669336244,0.0395118317085509));
#4140=CARTESIAN_POINT('',(0.00915881318654974,-0.012133010798153,0.0378374873774202));
#4141=CARTESIAN_POINT('',(0.00841408078695581,-0.0143207078082428,0.0411455871492104));
#4142=CARTESIAN_POINT('',(0.0101971539507627,-0.0135530040050527,0.0407228851550144));
#4143=CARTESIAN_POINT('',(0.0106162826544507,-0.0142710865330479,0.0389232075811416));
#4144=CARTESIAN_POINT('',(0.00922719238841714,-0.0160227866902038,0.0420372125581037));
#4145=CARTESIAN_POINT('',(0.0111490864351767,-0.0153013266278102,0.0416710036090349));
#4146=CARTESIAN_POINT('',(0.0115205308664695,-0.0160794664179941,0.039772987494663));
#4147=CARTESIAN_POINT('',(0.00959326405383946,-0.0169212671603393,0.0424683743734491));
#4148=CARTESIAN_POINT('',(0.0115818105865061,-0.0162208873206527,0.0421322768697771));
#4149=CARTESIAN_POINT('',(0.0119238714014449,-0.017010292839867,0.0401783976284954));
#4150=CARTESIAN_POINT('',(0.0108944591051269,-0.0157673035123039,0.0410363724593901));
#4151=CARTESIAN_POINT('',(0.0103342012913613,-0.0154913792671659,0.0414651480915837));
#4152=CARTESIAN_POINT('',(0.00957881641942633,-0.0153155256086206,0.0416591944736251));
#4153=CARTESIAN_POINT('',(0.00883651355372088,-0.015250484937066,0.0416248394032935));
#4154=CARTESIAN_POINT('',(3.08148791101958E-33,-0.0206160242022015,0.0438305586576462));
#4155=CARTESIAN_POINT('',(-4.38020328655728E-19,-0.0201633116891692,0.0438305586576462));
#4156=CARTESIAN_POINT('',(-2.37274569148508E-31,-0.0197384763268528,0.0436741504277426));
#4157=CARTESIAN_POINT('',(0.00102149974011765,-0.0206160242042997,0.0438305586576462));
#4158=CARTESIAN_POINT('',(0.000988052793375566,-0.0201633116914142,0.0438305586583508));
#4159=CARTESIAN_POINT('',(0.000952411100004853,-0.019738476329173,0.0436741504285968));
#4160=CARTESIAN_POINT('',(0.00305474544666999,-0.0204006273351475,0.0437486786528136));
#4161=CARTESIAN_POINT('',(0.00294934703093549,-0.0199320885618849,0.0437532588049586));
#4162=CARTESIAN_POINT('',(0.00282699129963622,-0.019496787219267,0.0435879397959086));
#4163=CARTESIAN_POINT('',(0.00602942886405116,-0.0193604858452751,0.0432890531971421));
#4164=CARTESIAN_POINT('',(0.00577364357589798,-0.0188252808296722,0.043337376865589));
#4165=CARTESIAN_POINT('',(0.00546855552731958,-0.018353524391447,0.0431345738120479));
#4166=CARTESIAN_POINT('',(0.0087266936113562,-0.0177540720736864,0.0424203677617));
#4167=CARTESIAN_POINT('',(0.00828408968234493,-0.0171268894176572,0.0425908940835804));
#4168=CARTESIAN_POINT('',(0.00771822196417458,-0.0166324193964925,0.042347832252149));
#4169=CARTESIAN_POINT('',(0.0102653387329744,-0.0164223481221761,0.0415245318567915));
#4170=CARTESIAN_POINT('',(0.00968262491646436,-0.0157314327082378,0.0418862536774492));
#4171=CARTESIAN_POINT('',(0.00888890255743274,-0.0152336128427856,0.0416225982933736));
#4172=CARTESIAN_POINT('',(0.0109431446262579,-0.0157168614381611,0.0409988644684303));
#4173=CARTESIAN_POINT('',(0.0103058337610445,-0.0149969375451311,0.0414931262348308));
#4174=CARTESIAN_POINT('',(0.00938653220370982,-0.0144978463432354,0.0412201008454029));
#4175=MECHANICAL_DESIGN_GEOMETRIC_PRESENTATION_REPRESENTATION('',(#1478),
#4176);
#4176=(
GEOMETRIC_REPRESENTATION_CONTEXT(3)
GLOBAL_UNCERTAINTY_ASSIGNED_CONTEXT((#4177))
GLOBAL_UNIT_ASSIGNED_CONTEXT((#4180,#4179,#4178))
REPRESENTATION_CONTEXT('Part 1','TOP_LEVEL_ASSEMBLY_PART')
);
#4177=UNCERTAINTY_MEASURE_WITH_UNIT(LENGTH_MEASURE(2.E-5),#4180,
'DISTANCE_ACCURACY_VALUE','Maximum Tolerance applied to model');
#4178=(
NAMED_UNIT(*)
SI_UNIT($,.STERADIAN.)
SOLID_ANGLE_UNIT()
);
#4179=(
NAMED_UNIT(*)
PLANE_ANGLE_UNIT()
SI_UNIT($,.RADIAN.)
);
#4180=(
LENGTH_UNIT()
NAMED_UNIT(*)
SI_UNIT($,.METRE.)
);
#4181=PRODUCT_DEFINITION_SHAPE('','',#4182);
#4182=PRODUCT_DEFINITION('','',#4184,#4183);
#4183=PRODUCT_DEFINITION_CONTEXT('',#4190,'design');
#4184=PRODUCT_DEFINITION_FORMATION_WITH_SPECIFIED_SOURCE('','',#4186,
 .NOT_KNOWN.);
#4185=PRODUCT_RELATED_PRODUCT_CATEGORY('','',(#4186));
#4186=PRODUCT('Part 1','Part 1','Part 1',(#4188));
#4187=PRODUCT_CATEGORY('','');
#4188=PRODUCT_CONTEXT('',#4190,'mechanical');
#4189=APPLICATION_PROTOCOL_DEFINITION('international standard',
'ap242_managed_model_based_3d_engineering',2020,#4190);
#4190=APPLICATION_CONTEXT('managed model based 3d engineering');
ENDSEC;
END-ISO-10303-21;
