ISO-10303-21;
HEADER;
/* Generated by software containing ST-Developer
 * from STEP Tools, Inc. (www.steptools.com) 
 */
/* OPTION: using custom renumber hook */

FILE_DESCRIPTION(
/* description */ ('STEP AP242 Edition 2',
'CAx-IF Rec.Pracs.---Representation and Presentation of Product Manufa
cturing Information (PMI)---4.0---2014-10-13',
'CAx-IF Rec.Pracs.---3D Tessellated Geometry---0.4---2014-09-14','2;1',
'CAx-IF Rec.Pracs.---User Defined Attributes---1.5---2016-08-15'),
/* implementation_level */ '2;1');

FILE_NAME(
/* name */ 'flaken back up',
/* time_stamp */ '2026-08-04T01:13:22Z',
/* author */ (''),
/* organization */ (''),
/* preprocessor_version */ 'ST-DEVELOPER v20',
/* originating_system */ 'ONSHAPE BY PTC INC, 1.218',
/* authorisation */ '  ');

FILE_SCHEMA (('AP242_MANAGED_MODEL_BASED_3D_ENGINEERING_MIM_LF { 1 0 10303 442 3 1 4 }'));
ENDSEC;

DATA;
#10=SHAPE_REPRESENTATION_RELATIONSHIP('','',#1081,#11);
#11=ADVANCED_BREP_SHAPE_REPRESENTATION('',(#1079),#2984);
#12=(
BOUNDED_SURFACE()
B_SPLINE_SURFACE(3,2,((#2164,#2165,#2166),(#2167,#2168,#2169),(#2170,#2171,
#2172),(#2173,#2174,#2175),(#2176,#2177,#2178),(#2179,#2180,#2181),(#2182,
#2183,#2184),(#2185,#2186,#2187),(#2188,#2189,#2190),(#2191,#2192,#2193),
(#2194,#2195,#2196),(#2197,#2198,#2199),(#2200,#2201,#2202),(#2203,#2204,
#2205),(#2206,#2207,#2208),(#2209,#2210,#2211),(#2212,#2213,#2214)),
 .UNSPECIFIED.,.F.,.F.,.F.)
B_SPLINE_SURFACE_WITH_KNOTS((4,1,1,1,1,1,1,1,1,1,1,1,1,1,4),(3,3),(0.0648984334362928,
0.0704569271394962,0.0732361739910979,0.0760154208426996,0.0787946676943014,
0.0801842911201022,0.0815739145459031,0.0829635379717039,0.0843531613975048,
0.0850479731104052,0.0857427848233056,0.0864375965362061,0.0867850023926563,
0.0869587053208814,0.0871324082491065),(0.,1.),.UNSPECIFIED.)
GEOMETRIC_REPRESENTATION_ITEM()
RATIONAL_B_SPLINE_SURFACE(((1.,0.707106781186548,1.),(1.,0.707106781186548,
1.),(1.,0.707106781186548,1.),(1.,0.707106781186547,1.),(1.,0.707106781186549,
1.),(1.,0.707106781186548,1.),(1.,0.707106781186548,1.),(1.,0.707106781186548,
1.),(1.,0.707106781186546,1.),(1.,0.707106781186548,1.),(1.,0.707106781186547,
1.),(1.,0.707106781186551,1.),(1.,0.707106781186544,1.),(1.,0.707106781186552,
1.),(1.,0.707106781186547,1.),(1.,0.707106781186548,1.),(1.,0.707106781186548,
1.)))
REPRESENTATION_ITEM('')
SURFACE()
);
#13=(
BOUNDED_SURFACE()
B_SPLINE_SURFACE(3,2,((#2221,#2222,#2223),(#2224,#2225,#2226),(#2227,#2228,
#2229),(#2230,#2231,#2232),(#2233,#2234,#2235),(#2236,#2237,#2238),(#2239,
#2240,#2241),(#2242,#2243,#2244),(#2245,#2246,#2247),(#2248,#2249,#2250),
(#2251,#2252,#2253),(#2254,#2255,#2256),(#2257,#2258,#2259),(#2260,#2261,
#2262),(#2263,#2264,#2265),(#2266,#2267,#2268),(#2269,#2270,#2271),(#2272,
#2273,#2274),(#2275,#2276,#2277),(#2278,#2279,#2280)),.UNSPECIFIED.,.F.,
 .F.,.F.)
B_SPLINE_SURFACE_WITH_KNOTS((4,1,1,1,1,1,1,1,1,1,1,1,1,1,1,1,1,4),(3,3),
(0.0592922687346577,0.062513431360761,0.0641240126738127,0.0649293033303385,
0.0657345939868644,0.067345175299916,0.0689557566129677,0.072176919239071,
0.0737875005521227,0.0753980818651743,0.077008663178226,0.0786192444912777,
0.0802298258043293,0.081840407117381,0.0826456977739068,0.0834509884304326,
0.0842562790869585,0.0850615697434843),(0.,1.),.UNSPECIFIED.)
GEOMETRIC_REPRESENTATION_ITEM()
RATIONAL_B_SPLINE_SURFACE(((1.,0.707106781186548,1.),(1.,0.707106781186548,
1.),(1.,0.707106781186548,1.),(1.,0.707106781186548,1.),(1.,0.707106781186548,
1.),(1.,0.707106781186548,1.),(1.,0.707106781186548,1.),(1.,0.707106781186547,
1.),(1.,0.707106781186547,1.),(1.,0.707106781186548,1.),(1.,0.707106781186548,
1.),(1.,0.707106781186547,1.),(1.,0.707106781186548,1.),(1.,0.707106781186547,
1.),(1.,0.707106781186548,1.),(1.,0.707106781186547,1.),(1.,0.707106781186547,
1.),(1.,0.707106781186548,1.),(1.,0.707106781186548,1.),(1.,0.707106781186548,
1.)))
REPRESENTATION_ITEM('')
SURFACE()
);
#14=(
BOUNDED_SURFACE()
B_SPLINE_SURFACE(3,2,((#2281,#2282,#2283),(#2284,#2285,#2286),(#2287,#2288,
#2289),(#2290,#2291,#2292),(#2293,#2294,#2295),(#2296,#2297,#2298),(#2299,
#2300,#2301),(#2302,#2303,#2304),(#2305,#2306,#2307),(#2308,#2309,#2310),
(#2311,#2312,#2313),(#2314,#2315,#2316),(#2317,#2318,#2319),(#2320,#2321,
#2322),(#2323,#2324,#2325),(#2326,#2327,#2328),(#2329,#2330,#2331)),
 .UNSPECIFIED.,.F.,.F.,.F.)
B_SPLINE_SURFACE_WITH_KNOTS((4,1,1,1,1,1,1,1,1,1,1,1,1,1,4),(3,3),(0.0648984334362933,
0.0704569271394966,0.0732361739910983,0.0760154208426999,0.0787946676943016,
0.0801842911201024,0.0815739145459032,0.082963537971704,0.0843531613975049,
0.0850479731104053,0.0857427848233057,0.0864375965362061,0.0867850023926563,
0.0869587053208814,0.0871324082491065),(0.,1.),.UNSPECIFIED.)
GEOMETRIC_REPRESENTATION_ITEM()
RATIONAL_B_SPLINE_SURFACE(((1.,0.707106781186547,1.),(1.,0.707106781186547,
1.),(1.,0.707106781186548,1.),(1.,0.707106781186547,1.),(1.,0.707106781186548,
1.),(1.,0.707106781186547,1.),(1.,0.707106781186547,1.),(1.,0.707106781186548,
1.),(1.,0.707106781186547,1.),(1.,0.707106781186548,1.),(1.,0.707106781186548,
1.),(1.,0.707106781186548,1.),(1.,0.707106781186547,1.),(1.,0.707106781186548,
1.),(1.,0.707106781186547,1.),(1.,0.707106781186548,1.),(1.,0.707106781186548,
1.)))
REPRESENTATION_ITEM('')
SURFACE()
);
#15=(
BOUNDED_SURFACE()
B_SPLINE_SURFACE(3,2,((#2338,#2339,#2340),(#2341,#2342,#2343),(#2344,#2345,
#2346),(#2347,#2348,#2349),(#2350,#2351,#2352),(#2353,#2354,#2355),(#2356,
#2357,#2358),(#2359,#2360,#2361),(#2362,#2363,#2364),(#2365,#2366,#2367),
(#2368,#2369,#2370),(#2371,#2372,#2373),(#2374,#2375,#2376),(#2377,#2378,
#2379),(#2380,#2381,#2382),(#2383,#2384,#2385),(#2386,#2387,#2388),(#2389,
#2390,#2391),(#2392,#2393,#2394),(#2395,#2396,#2397)),.UNSPECIFIED.,.F.,
 .F.,.F.)
B_SPLINE_SURFACE_WITH_KNOTS((4,1,1,1,1,1,1,1,1,1,1,1,1,1,1,1,1,4),(3,3),
(0.0592922687346579,0.0625134313607612,0.0641240126738129,0.0649293033303387,
0.0657345939868646,0.0673451752999162,0.0689557566129679,0.0721769192390712,
0.0737875005521229,0.0753980818651745,0.0770086631782262,0.0786192444912778,
0.0802298258043295,0.0818404071173812,0.082645697773907,0.0834509884304328,
0.0842562790869586,0.0850615697434845),(0.,1.),.UNSPECIFIED.)
GEOMETRIC_REPRESENTATION_ITEM()
RATIONAL_B_SPLINE_SURFACE(((1.,0.707106781186548,1.),(1.,0.707106781186548,
1.),(1.,0.707106781186547,1.),(1.,0.707106781186549,1.),(1.,0.707106781186546,
1.),(1.,0.707106781186549,1.),(1.,0.707106781186547,1.),(1.,0.707106781186548,
1.),(1.,0.707106781186548,1.),(1.,0.707106781186548,1.),(1.,0.707106781186548,
1.),(1.,0.707106781186547,1.),(1.,0.707106781186547,1.),(1.,0.707106781186548,
1.),(1.,0.707106781186548,1.),(1.,0.707106781186547,1.),(1.,0.707106781186547,
1.),(1.,0.707106781186548,1.),(1.,0.707106781186548,1.),(1.,0.707106781186548,
1.)))
REPRESENTATION_ITEM('')
SURFACE()
);
#16=(
BOUNDED_SURFACE()
B_SPLINE_SURFACE(3,2,((#2398,#2399,#2400),(#2401,#2402,#2403),(#2404,#2405,
#2406),(#2407,#2408,#2409)),.UNSPECIFIED.,.F.,.F.,.F.)
B_SPLINE_SURFACE_WITH_KNOTS((4,4),(3,3),(0.00206948309740178,0.00273319826918636),
(0.,1.),.PIECEWISE_BEZIER_KNOTS.)
GEOMETRIC_REPRESENTATION_ITEM()
RATIONAL_B_SPLINE_SURFACE(((1.,0.707106781186967,1.),(1.,0.713247674447101,
1.),(1.,0.718907938582139,1.),(1.,0.724171744399936,1.)))
REPRESENTATION_ITEM('')
SURFACE()
);
#17=(
BOUNDED_SURFACE()
B_SPLINE_SURFACE(3,2,((#2419,#2420,#2421),(#2422,#2423,#2424),(#2425,#2426,
#2427),(#2428,#2429,#2430),(#2431,#2432,#2433),(#2434,#2435,#2436),(#2437,
#2438,#2439),(#2440,#2441,#2442),(#2443,#2444,#2445)),.UNSPECIFIED.,.F.,
 .F.,.F.)
B_SPLINE_SURFACE_WITH_KNOTS((4,1,1,1,1,1,4),(3,3),(1.5707963267949,1.96349540849362,
2.35619449019234,2.55254403104171,2.74889357189107,2.94524311274043,3.14159265358979),
(0.,1.),.UNSPECIFIED.)
GEOMETRIC_REPRESENTATION_ITEM()
RATIONAL_B_SPLINE_SURFACE(((1.,1.,1.),(1.,0.999999999999371,1.),(1.,0.97351379454561,
1.),(1.,0.886299164406139,1.),(1.,0.808034956513142,1.),(1.,0.754563896244571,
1.),(1.,0.716400177600187,1.),(1.,0.707106781189819,1.),(1.,0.707106781186548,
1.)))
REPRESENTATION_ITEM('')
SURFACE()
);
#18=(
BOUNDED_SURFACE()
B_SPLINE_SURFACE(3,2,((#2447,#2448,#2449),(#2450,#2451,#2452),(#2453,#2454,
#2455),(#2456,#2457,#2458),(#2459,#2460,#2461),(#2462,#2463,#2464),(#2465,
#2466,#2467)),.UNSPECIFIED.,.F.,.F.,.F.)
B_SPLINE_SURFACE_WITH_KNOTS((4,1,1,1,4),(3,3),(1.5707963267949,1.90778059309365,
2.2447648593924,2.58174912569114,2.91873339198989),(0.,1.),
 .UNSPECIFIED.)
GEOMETRIC_REPRESENTATION_ITEM()
RATIONAL_B_SPLINE_SURFACE(((1.,1.,1.),(1.,0.999999999999461,1.),(1.,0.980621588870664,
1.),(1.,0.901533368297778,1.),(1.,0.797404265070317,1.),(1.,0.740889242907079,
1.),(1.,0.724171744399888,1.)))
REPRESENTATION_ITEM('')
SURFACE()
);
#19=(
BOUNDED_SURFACE()
B_SPLINE_SURFACE(3,2,((#2473,#2474,#2475),(#2476,#2477,#2478),(#2479,#2480,
#2481),(#2482,#2483,#2484),(#2485,#2486,#2487),(#2488,#2489,#2490),(#2491,
#2492,#2493),(#2494,#2495,#2496),(#2497,#2498,#2499)),.UNSPECIFIED.,.F.,
 .F.,.F.)
B_SPLINE_SURFACE_WITH_KNOTS((4,1,1,1,1,1,4),(3,3),(1.5707963267949,1.96349540849362,
2.35619449019234,2.55254403104171,2.74889357189107,2.94524311274043,3.14159265358979),
(0.,1.),.UNSPECIFIED.)
GEOMETRIC_REPRESENTATION_ITEM()
RATIONAL_B_SPLINE_SURFACE(((1.,1.,1.),(1.,0.999999999999371,1.),(1.,0.97351379454561,
1.),(1.,0.886299164406139,1.),(1.,0.808034956513142,1.),(1.,0.754563896244571,
1.),(1.,0.716400177600187,1.),(1.,0.707106781189819,1.),(1.,0.707106781186548,
1.)))
REPRESENTATION_ITEM('')
SURFACE()
);
#20=(
BOUNDED_SURFACE()
B_SPLINE_SURFACE(3,2,((#2501,#2502,#2503),(#2504,#2505,#2506),(#2507,#2508,
#2509),(#2510,#2511,#2512),(#2513,#2514,#2515),(#2516,#2517,#2518),(#2519,
#2520,#2521)),.UNSPECIFIED.,.F.,.F.,.F.)
B_SPLINE_SURFACE_WITH_KNOTS((4,1,1,1,4),(3,3),(1.5707963267949,1.90778059309365,
2.2447648593924,2.58174912569114,2.91873339198989),(0.,1.),
 .UNSPECIFIED.)
GEOMETRIC_REPRESENTATION_ITEM()
RATIONAL_B_SPLINE_SURFACE(((1.,1.,1.),(1.,0.99999999999946,1.),(1.,0.980621588870686,
1.),(1.,0.901533368297702,1.),(1.,0.797404265070602,1.),(1.,0.740889242906466,
1.),(1.,0.724171744399888,1.)))
REPRESENTATION_ITEM('')
SURFACE()
);
#21=(
BOUNDED_SURFACE()
B_SPLINE_SURFACE(3,2,((#2530,#2531,#2532),(#2533,#2534,#2535),(#2536,#2537,
#2538),(#2539,#2540,#2541)),.UNSPECIFIED.,.F.,.F.,.F.)
B_SPLINE_SURFACE_WITH_KNOTS((4,4),(3,3),(0.00206948309741739,0.00273319826920229),
(0.,1.),.PIECEWISE_BEZIER_KNOTS.)
GEOMETRIC_REPRESENTATION_ITEM()
RATIONAL_B_SPLINE_SURFACE(((1.,0.707106781186528,1.),(1.,0.713247674593361,
1.),(1.,0.718907938598348,1.),(1.,0.724171744399887,1.)))
REPRESENTATION_ITEM('')
SURFACE()
);
#22=(
BOUNDED_SURFACE()
B_SPLINE_SURFACE(3,2,((#2542,#2543,#2544),(#2545,#2546,#2547),(#2548,#2549,
#2550),(#2551,#2552,#2553),(#2554,#2555,#2556),(#2557,#2558,#2559),(#2560,
#2561,#2562),(#2563,#2564,#2565),(#2566,#2567,#2568)),.UNSPECIFIED.,.F.,
 .F.,.F.)
B_SPLINE_SURFACE_WITH_KNOTS((4,1,1,1,1,1,4),(3,3),(-3.08962924688849E-13,
0.00957279389150802,0.0143591908374165,0.019145587783325,0.0239319847292335,
0.028718381675142,0.038291175566959),(0.,1.),.UNSPECIFIED.)
GEOMETRIC_REPRESENTATION_ITEM()
RATIONAL_B_SPLINE_SURFACE(((1.,0.707163462158898,1.),(1.,0.711166377327031,
1.),(1.,0.718365717990144,1.),(1.,0.727556095643983,1.),(1.,0.733676834385792,
1.),(1.,0.738977075931763,1.),(1.,0.745027726678249,1.),(1.,0.748462516416669,
1.),(1.,0.750422848318072,1.)))
REPRESENTATION_ITEM('')
SURFACE()
);
#23=(
BOUNDED_SURFACE()
B_SPLINE_SURFACE(3,2,((#2579,#2580,#2581),(#2582,#2583,#2584),(#2585,#2586,
#2587),(#2588,#2589,#2590),(#2591,#2592,#2593),(#2594,#2595,#2596),(#2597,
#2598,#2599),(#2600,#2601,#2602),(#2603,#2604,#2605)),.UNSPECIFIED.,.F.,
 .F.,.F.)
B_SPLINE_SURFACE_WITH_KNOTS((4,1,1,1,1,1,4),(3,3),(-1.66533453693773E-16,
0.0095727938918173,0.014359190837726,0.0191455877836348,0.0239319847295435,
0.0287183816754522,0.0382911755672697),(0.,1.),.UNSPECIFIED.)
GEOMETRIC_REPRESENTATION_ITEM()
RATIONAL_B_SPLINE_SURFACE(((1.,0.707163462158515,1.),(1.,0.711166379181711,
1.),(1.,0.718365717571952,1.),(1.,0.727556095722737,1.),(1.,0.733676834364717,
1.),(1.,0.738977075937285,1.),(1.,0.745027726675044,1.),(1.,0.748462516416136,
1.),(1.,0.750422848318071,1.)))
REPRESENTATION_ITEM('')
SURFACE()
);
#24=(
BOUNDED_SURFACE()
B_SPLINE_SURFACE(3,2,((#2607,#2608,#2609),(#2610,#2611,#2612),(#2613,#2614,
#2615),(#2616,#2617,#2618),(#2619,#2620,#2621),(#2622,#2623,#2624)),
 .UNSPECIFIED.,.F.,.F.,.F.)
B_SPLINE_SURFACE_WITH_KNOTS((4,1,1,4),(3,3),(0.0287774144614381,0.0316388747183725,
0.0345003349753069,0.0402232554891758),(0.,1.),.UNSPECIFIED.)
GEOMETRIC_REPRESENTATION_ITEM()
RATIONAL_B_SPLINE_SURFACE(((1.,0.707163462158511,1.),(1.,0.711496443263496,
1.),(1.,0.719378459673901,1.),(1.,0.731390632146351,1.),(1.,0.734468902170574,
1.),(1.,0.734894148567328,1.)))
REPRESENTATION_ITEM('')
SURFACE()
);
#25=(
BOUNDED_SURFACE()
B_SPLINE_SURFACE(3,2,((#2629,#2630,#2631),(#2632,#2633,#2634),(#2635,#2636,
#2637),(#2638,#2639,#2640),(#2641,#2642,#2643),(#2644,#2645,#2646)),
 .UNSPECIFIED.,.F.,.F.,.F.)
B_SPLINE_SURFACE_WITH_KNOTS((4,1,1,4),(3,3),(0.0287774144614382,0.0316388747183726,
0.034500334975307,0.0402232554891758),(0.,1.),.UNSPECIFIED.)
GEOMETRIC_REPRESENTATION_ITEM()
RATIONAL_B_SPLINE_SURFACE(((1.,0.707163462158512,1.),(1.,0.71149644326312,
1.),(1.,0.719378459673936,1.),(1.,0.731390632146927,1.),(1.,0.73446890216759,
1.),(1.,0.734894148567328,1.)))
REPRESENTATION_ITEM('')
SURFACE()
);
#26=(
BOUNDED_SURFACE()
B_SPLINE_SURFACE(3,2,((#2652,#2653,#2654),(#2655,#2656,#2657),(#2658,#2659,
#2660),(#2661,#2662,#2663),(#2664,#2665,#2666),(#2667,#2668,#2669),(#2670,
#2671,#2672),(#2673,#2674,#2675),(#2676,#2677,#2678),(#2679,#2680,#2681),
(#2682,#2683,#2684),(#2685,#2686,#2687),(#2688,#2689,#2690),(#2691,#2692,
#2693),(#2694,#2695,#2696),(#2697,#2698,#2699),(#2700,#2701,#2702),(#2703,
#2704,#2705),(#2706,#2707,#2708),(#2709,#2710,#2711),(#2712,#2713,#2714),
(#2715,#2716,#2717),(#2718,#2719,#2720),(#2721,#2722,#2723),(#2724,#2725,
#2726),(#2727,#2728,#2729),(#2730,#2731,#2732),(#2733,#2734,#2735)),
 .UNSPECIFIED.,.F.,.F.,.F.)
B_SPLINE_SURFACE_WITH_KNOTS((4,1,1,1,1,1,1,1,1,1,1,1,1,1,1,1,1,1,1,1,1,
1,1,1,1,4),(3,3),(0.0398484665974047,0.0517309533170289,0.0547015749969349,
0.057672196676841,0.060642818356747,0.0636134400366531,0.0695546833964652,
0.0725253050763713,0.0754959267562773,0.0784665484361833,0.0799518592761364,
0.0814371701160894,0.0829224809560424,0.0844077917959954,0.085150447215972,
0.0855217749259602,0.0858931026359485,0.0862644303459367,0.0864500942009309,
0.086635758055925,0.0867285899834221,0.0867750059471706,0.0868214219109191,
0.0869142538384162,0.0870070857659132,0.0873784134759015),(0.,1.),
 .UNSPECIFIED.)
GEOMETRIC_REPRESENTATION_ITEM()
RATIONAL_B_SPLINE_SURFACE(((1.,0.685583647259777,1.),(1.,0.685932675886045,
1.),(1.,0.686387420718151,1.),(1.,0.687305199878494,1.),(1.,0.687567613120994,
1.),(1.,0.688869368136596,1.),(1.,0.690526907490137,1.),(1.,0.692344251820379,
1.),(1.,0.694380406269707,1.),(1.,0.696089773023225,1.),(1.,0.697752240079326,
1.),(1.,0.699357705078216,1.),(1.,0.700768522774608,1.),(1.,0.702512354786655,
1.),(1.,0.704442908979733,1.),(1.,0.70637393652931,1.),(1.,0.707784798912855,
1.),(1.,0.709062076654971,1.),(1.,0.710427389233197,1.),(1.,0.711804976783665,
1.),(1.,0.712948829574385,1.),(1.,0.713772801320331,1.),(1.,0.714572464328833,
1.),(1.,0.714492181068041,1.),(1.,0.714515712790044,1.),(1.,0.714469881050009,
1.),(1.,0.71445832657699,1.),(1.,0.714440555263217,1.)))
REPRESENTATION_ITEM('')
SURFACE()
);
#27=(
BOUNDED_SURFACE()
B_SPLINE_SURFACE(3,2,((#2747,#2748,#2749),(#2750,#2751,#2752),(#2753,#2754,
#2755),(#2756,#2757,#2758),(#2759,#2760,#2761),(#2762,#2763,#2764),(#2765,
#2766,#2767),(#2768,#2769,#2770),(#2771,#2772,#2773),(#2774,#2775,#2776),
(#2777,#2778,#2779),(#2780,#2781,#2782),(#2783,#2784,#2785),(#2786,#2787,
#2788),(#2789,#2790,#2791),(#2792,#2793,#2794),(#2795,#2796,#2797),(#2798,
#2799,#2800),(#2801,#2802,#2803),(#2804,#2805,#2806),(#2807,#2808,#2809),
(#2810,#2811,#2812),(#2813,#2814,#2815),(#2816,#2817,#2818),(#2819,#2820,
#2821),(#2822,#2823,#2824),(#2825,#2826,#2827),(#2828,#2829,#2830)),
 .UNSPECIFIED.,.F.,.F.,.F.)
B_SPLINE_SURFACE_WITH_KNOTS((4,1,1,1,1,1,1,1,1,1,1,1,1,1,1,1,1,1,1,1,1,
1,1,1,1,4),(3,3),(0.0398484665974047,0.0517309533170289,0.0547015749969349,
0.057672196676841,0.060642818356747,0.063613440036653,0.0695546833964651,
0.0725253050763712,0.0754959267562772,0.0784665484361833,0.0799518592761363,
0.0814371701160893,0.0829224809560423,0.0844077917959954,0.0851504472159719,
0.0855217749259601,0.0858931026359484,0.0862644303459366,0.0864500942009307,
0.0866357580559249,0.0867285899834219,0.0867750059471705,0.086821421910919,
0.0869142538384161,0.0870070857659132,0.0873784134759014),(0.,1.),
 .UNSPECIFIED.)
GEOMETRIC_REPRESENTATION_ITEM()
RATIONAL_B_SPLINE_SURFACE(((1.,0.685583647259777,1.),(1.,0.685932675880329,
1.),(1.,0.68638742071878,1.),(1.,0.687305199878421,1.),(1.,0.687567613121014,
1.),(1.,0.688869368136592,1.),(1.,0.690526907490139,1.),(1.,0.692344251820379,
1.),(1.,0.694380406269707,1.),(1.,0.696089773023225,1.),(1.,0.697752240079327,
1.),(1.,0.699357705078216,1.),(1.,0.700768522774608,1.),(1.,0.702512354786654,
1.),(1.,0.704442908979732,1.),(1.,0.706373936529311,1.),(1.,0.707784798912855,
1.),(1.,0.709062076654968,1.),(1.,0.710427389233199,1.),(1.,0.711804976783663,
1.),(1.,0.712948829574383,1.),(1.,0.713772801320333,1.),(1.,0.714572464328829,
1.),(1.,0.714492181068043,1.),(1.,0.714515712790043,1.),(1.,0.714469881050017,
1.),(1.,0.714458326576915,1.),(1.,0.714440555263217,1.)))
REPRESENTATION_ITEM('')
SURFACE()
);
#28=(
BOUNDED_SURFACE()
B_SPLINE_SURFACE(3,2,((#2838,#2839,#2840),(#2841,#2842,#2843),(#2844,#2845,
#2846),(#2847,#2848,#2849),(#2850,#2851,#2852)),.UNSPECIFIED.,.F.,.F.,.F.)
B_SPLINE_SURFACE_WITH_KNOTS((4,1,4),(3,3),(0.0583797709019342,0.0925830995739249,
0.126786428245916),(0.,1.),.UNSPECIFIED.)
GEOMETRIC_REPRESENTATION_ITEM()
RATIONAL_B_SPLINE_SURFACE(((1.,0.707106781186547,1.),(1.,0.707106781186547,
1.),(1.,0.707106781186547,1.),(1.,0.707106781186547,1.),(1.,0.707106781186547,
1.)))
REPRESENTATION_ITEM('')
SURFACE()
);
#29=(
BOUNDED_SURFACE()
B_SPLINE_SURFACE(3,2,((#2860,#2861,#2862),(#2863,#2864,#2865),(#2866,#2867,
#2868),(#2869,#2870,#2871),(#2872,#2873,#2874),(#2875,#2876,#2877),(#2878,
#2879,#2880)),.UNSPECIFIED.,.F.,.F.,.F.)
B_SPLINE_SURFACE_WITH_KNOTS((4,1,1,1,4),(3,3),(0.148251754604198,0.165357925359375,
0.182464096114551,0.199570266869728,0.216676437624904),(0.,1.),
 .UNSPECIFIED.)
GEOMETRIC_REPRESENTATION_ITEM()
RATIONAL_B_SPLINE_SURFACE(((1.,0.707106781186547,1.),(1.,0.707106781186547,
1.),(1.,0.707106781186547,1.),(1.,0.707106781186547,1.),(1.,0.707106781186547,
1.),(1.,0.707106781186547,1.),(1.,0.707106781186547,1.)))
REPRESENTATION_ITEM('')
SURFACE()
);
#30=(
BOUNDED_SURFACE()
B_SPLINE_SURFACE(3,2,((#2888,#2889,#2890),(#2891,#2892,#2893),(#2894,#2895,
#2896),(#2897,#2898,#2899),(#2900,#2901,#2902),(#2903,#2904,#2905),(#2906,
#2907,#2908),(#2909,#2910,#2911)),.UNSPECIFIED.,.F.,.F.,.F.)
B_SPLINE_SURFACE_WITH_KNOTS((4,1,1,1,1,4),(3,3),(0.113073972515877,0.115465644216488,
0.117857315917099,0.122640659318322,0.127424002719544,0.132207346120767),
(0.,1.),.UNSPECIFIED.)
GEOMETRIC_REPRESENTATION_ITEM()
RATIONAL_B_SPLINE_SURFACE(((1.,0.707381033870708,1.),(1.,0.707394732690043,
1.),(1.,0.707675020673682,1.),(1.,0.708157086276441,1.),(1.,0.709105133023353,
1.),(1.,0.710811893086661,1.),(1.,0.71251839637717,1.),(1.,0.713582781914574,
1.)))
REPRESENTATION_ITEM('')
SURFACE()
);
#31=(
BOUNDED_SURFACE()
B_SPLINE_SURFACE(3,2,((#2913,#2914,#2915),(#2916,#2917,#2918),(#2919,#2920,
#2921),(#2922,#2923,#2924),(#2925,#2926,#2927),(#2928,#2929,#2930),(#2931,
#2932,#2933),(#2934,#2935,#2936)),.UNSPECIFIED.,.F.,.F.,.F.)
B_SPLINE_SURFACE_WITH_KNOTS((4,1,1,1,1,4),(3,3),(0.113073972515876,0.115465644216488,
0.117857315917099,0.122640659318321,0.127424002719544,0.132207346120767),
(0.,1.),.UNSPECIFIED.)
GEOMETRIC_REPRESENTATION_ITEM()
RATIONAL_B_SPLINE_SURFACE(((1.,0.707381033870708,1.),(1.,0.70739473268991,
1.),(1.,0.707675020673744,1.),(1.,0.7081570862764,1.),(1.,0.70910513302341,
1.),(1.,0.710811893086493,1.),(1.,0.712518396377525,1.),(1.,0.713582781914574,
1.)))
REPRESENTATION_ITEM('')
SURFACE()
);
#32=(
BOUNDED_SURFACE()
B_SPLINE_SURFACE(3,2,((#2938,#2939,#2940),(#2941,#2942,#2943),(#2944,#2945,
#2946),(#2947,#2948,#2949),(#2950,#2951,#2952),(#2953,#2954,#2955)),
 .UNSPECIFIED.,.F.,.F.,.F.)
B_SPLINE_SURFACE_WITH_KNOTS((4,1,1,4),(3,3),(0.0268471869379186,0.0305148270047112,
0.0341824670715038,0.0415177472050891),(0.,1.),.UNSPECIFIED.)
GEOMETRIC_REPRESENTATION_ITEM()
RATIONAL_B_SPLINE_SURFACE(((1.,0.808783516713829,1.),(1.,0.803264757511378,
1.),(1.,0.78757403549675,1.),(1.,0.748961729502361,1.),(1.,0.724363294768497,
1.),(1.,0.713582781914575,1.)))
REPRESENTATION_ITEM('')
SURFACE()
);
#33=(
BOUNDED_SURFACE()
B_SPLINE_SURFACE(3,2,((#2960,#2961,#2962),(#2963,#2964,#2965),(#2966,#2967,
#2968),(#2969,#2970,#2971),(#2972,#2973,#2974),(#2975,#2976,#2977)),
 .UNSPECIFIED.,.F.,.F.,.F.)
B_SPLINE_SURFACE_WITH_KNOTS((4,1,1,4),(3,3),(0.0268471869379186,0.0305148270047112,
0.0341824670715039,0.0415177472050891),(0.,1.),.UNSPECIFIED.)
GEOMETRIC_REPRESENTATION_ITEM()
RATIONAL_B_SPLINE_SURFACE(((1.,0.808783516713829,1.),(1.,0.803264757513218,
1.),(1.,0.787574035495812,1.),(1.,0.748961729503364,1.),(1.,0.724363294766295,
1.),(1.,0.713582781914575,1.)))
REPRESENTATION_ITEM('')
SURFACE()
);
#34=CYLINDRICAL_SURFACE('',#1100,0.00836143482289828);
#35=CYLINDRICAL_SURFACE('',#1103,0.0434114051478595);
#36=CYLINDRICAL_SURFACE('',#1106,0.001651);
#37=CYLINDRICAL_SURFACE('',#1107,0.001651);
#38=CYLINDRICAL_SURFACE('',#1108,0.001651);
#39=CYLINDRICAL_SURFACE('',#1109,0.001651);
#40=CYLINDRICAL_SURFACE('',#1110,0.001651);
#41=CYLINDRICAL_SURFACE('',#1111,0.001651);
#42=CYLINDRICAL_SURFACE('',#1112,0.001651);
#43=CYLINDRICAL_SURFACE('',#1113,0.004445);
#44=CYLINDRICAL_SURFACE('',#1115,0.004445);
#45=CYLINDRICAL_SURFACE('',#1120,0.00735852293811319);
#46=CYLINDRICAL_SURFACE('',#1125,0.00735852293811319);
#47=CYLINDRICAL_SURFACE('',#1127,0.00735852293811319);
#48=CYLINDRICAL_SURFACE('',#1132,0.00735852293811319);
#49=CYLINDRICAL_SURFACE('',#1135,0.0053355493743567);
#50=CYLINDRICAL_SURFACE('',#1138,0.00635);
#51=ELLIPSE('',#1093,0.0235361362309285,0.00581964190913341);
#52=ELLIPSE('',#1095,0.0235361362309286,0.00581964190913346);
#53=ELLIPSE('',#1121,0.00791432092738535,0.00735852293811319);
#54=ELLIPSE('',#1122,0.00791432092738535,0.00735852293811319);
#55=ELLIPSE('',#1123,0.00791432092738535,0.00735852293811319);
#56=ELLIPSE('',#1124,0.00791432092738535,0.00735852293811319);
#57=ELLIPSE('',#1126,0.00791432092738535,0.00735852293811319);
#58=ELLIPSE('',#1128,0.00791432092738535,0.00735852293811319);
#59=ELLIPSE('',#1129,0.00791432092738535,0.00735852293811319);
#60=ELLIPSE('',#1130,0.00791432092738535,0.00735852293811319);
#61=B_SPLINE_SURFACE_WITH_KNOTS('',3,1,((#1388,#1389),(#1390,#1391),(#1392,
#1393),(#1394,#1395),(#1396,#1397),(#1398,#1399),(#1400,#1401)),
 .SURF_OF_LINEAR_EXTRUSION.,.F.,.F.,.F.,(4,1,1,1,4),(2,2),(0.,0.50300115218187,
0.754501728272805,0.880252016318273,1.00600230436374),(0.,1.),
 .UNSPECIFIED.);
#62=B_SPLINE_SURFACE_WITH_KNOTS('',3,1,((#1476,#1477),(#1478,#1479),(#1480,
#1481),(#1482,#1483),(#1484,#1485),(#1486,#1487),(#1488,#1489)),
 .SURF_OF_LINEAR_EXTRUSION.,.F.,.F.,.F.,(4,1,1,1,4),(2,2),(-0.00633417783912724,
0.111008901844155,0.228351981527437,0.463038140894002,0.93241045962713),
(0.,1.),.UNSPECIFIED.);
#63=B_SPLINE_SURFACE_WITH_KNOTS('',3,1,((#1569,#1570),(#1571,#1572),(#1573,
#1574),(#1575,#1576),(#1577,#1578),(#1579,#1580),(#1581,#1582)),
 .SURF_OF_LINEAR_EXTRUSION.,.F.,.F.,.F.,(4,1,1,1,4),(2,2),(-0.00633417783913256,
0.11100890184415,0.228351981527433,0.463038140893999,0.93241045962713),
(0.,1.),.UNSPECIFIED.);
#64=B_SPLINE_SURFACE_WITH_KNOTS('',3,1,((#1678,#1679),(#1680,#1681),(#1682,
#1683),(#1684,#1685),(#1686,#1687),(#1688,#1689),(#1690,#1691)),
 .SURF_OF_LINEAR_EXTRUSION.,.F.,.F.,.F.,(4,1,1,1,4),(2,2),(-2.65020982177287E-16,
0.50300115218188,0.75450172827282,0.88025201631829,1.00600230436376),(0.,
1.),.UNSPECIFIED.);
#65=B_SPLINE_SURFACE_WITH_KNOTS('',3,1,((#1815,#1816),(#1817,#1818),(#1819,
#1820),(#1821,#1822)),.SURF_OF_LINEAR_EXTRUSION.,.F.,.F.,.F.,(4,4),(2,2),
(0.,1.),(0.,1.),.PIECEWISE_BEZIER_KNOTS.);
#66=B_SPLINE_SURFACE_WITH_KNOTS('',3,1,((#1845,#1846),(#1847,#1848),(#1849,
#1850),(#1851,#1852)),.SURF_OF_LINEAR_EXTRUSION.,.F.,.F.,.F.,(4,4),(2,2),
(0.00773372686345562,1.),(0.,1.),.PIECEWISE_BEZIER_KNOTS.);
#67=B_SPLINE_SURFACE_WITH_KNOTS('',3,1,((#1882,#1883),(#1884,#1885),(#1886,
#1887),(#1888,#1889)),.SURF_OF_LINEAR_EXTRUSION.,.F.,.F.,.F.,(4,4),(2,2),
(-4.3316475240396E-16,0.829892525620427),(0.,1.),
 .PIECEWISE_BEZIER_KNOTS.);
#68=B_SPLINE_SURFACE_WITH_KNOTS('',3,1,((#1921,#1922),(#1923,#1924),(#1925,
#1926),(#1927,#1928)),.SURF_OF_LINEAR_EXTRUSION.,.F.,.F.,.F.,(4,4),(2,2),
(0.0837618510318689,0.998252783160101),(0.,1.),.PIECEWISE_BEZIER_KNOTS.);
#69=B_SPLINE_SURFACE_WITH_KNOTS('',3,1,((#2001,#2002),(#2003,#2004),(#2005,
#2006),(#2007,#2008),(#2009,#2010),(#2011,#2012),(#2013,#2014)),
 .SURF_OF_LINEAR_EXTRUSION.,.F.,.F.,.F.,(4,1,1,1,4),(2,2),(0.,0.25,0.5,
0.75,1.),(0.,1.),.UNSPECIFIED.);
#70=B_SPLINE_SURFACE_WITH_KNOTS('',3,1,((#2025,#2026),(#2027,#2028),(#2029,
#2030),(#2031,#2032)),.SURF_OF_LINEAR_EXTRUSION.,.F.,.F.,.F.,(4,4),(2,2),
(0.,1.),(0.,1.),.PIECEWISE_BEZIER_KNOTS.);
#71=B_SPLINE_CURVE_WITH_KNOTS('',2,(#1304,#1305,#1306,#1307,#1308),
 .UNSPECIFIED.,.F.,.F.,(3,2,3),(-0.01,0.,1.),.PIECEWISE_BEZIER_KNOTS.);
#72=B_SPLINE_CURVE_WITH_KNOTS('',3,(#1311,#1312,#1313,#1314,#1315,#1316,
#1317,#1318,#1319),.UNSPECIFIED.,.F.,.F.,(4,1,1,1,1,1,4),(1.22264790126204E-15,
0.00498573510474904,0.00997147020949686,0.0124643377618708,0.0149572053142447,
0.0174500728666186,0.0199429404189925),.UNSPECIFIED.);
#73=B_SPLINE_CURVE_WITH_KNOTS('',3,(#1321,#1322,#1323,#1324,#1325,#1326,
#1327,#1328,#1329,#1330),.UNSPECIFIED.,.F.,.F.,(4,1,1,1,1,1,1,4),(0.00590265043339129,
0.00716888466797638,0.00843511890256148,0.0109675873717317,0.0135000558409018,
0.016032524310072,0.0210974612484124,0.0261623981867527),.UNSPECIFIED.);
#74=B_SPLINE_CURVE_WITH_KNOTS('',2,(#1332,#1333,#1334,#1335,#1336),
 .UNSPECIFIED.,.F.,.F.,(3,2,3),(-0.01,0.,1.),.PIECEWISE_BEZIER_KNOTS.);
#75=B_SPLINE_CURVE_WITH_KNOTS('',3,(#1338,#1339,#1340,#1341),
 .UNSPECIFIED.,.F.,.F.,(4,4),(4.33680868994202E-19,0.00366157204042516),
 .UNSPECIFIED.);
#76=B_SPLINE_CURVE_WITH_KNOTS('',3,(#1343,#1344,#1345,#1346),
 .UNSPECIFIED.,.F.,.F.,(4,4),(0.000855404428364122,0.00451783549904034),
 .UNSPECIFIED.);
#77=B_SPLINE_CURVE_WITH_KNOTS('',3,(#1355,#1356,#1357,#1358,#1359,#1360,
#1361,#1362,#1363),.UNSPECIFIED.,.F.,.F.,(4,1,1,1,1,1,4),(0.00748083024822273,
0.0129198791065355,0.0183589279648482,0.0210784523940045,0.0237979768231609,
0.0265175012523173,0.0292370256814736),.UNSPECIFIED.);
#78=B_SPLINE_CURVE_WITH_KNOTS('',3,(#1365,#1366,#1367,#1368),
 .UNSPECIFIED.,.F.,.F.,(4,4),(4.85384852733949E-17,0.00523620511055183),
 .UNSPECIFIED.);
#79=B_SPLINE_CURVE_WITH_KNOTS('',3,(#1372,#1373,#1374,#1375,#1376,#1377),
 .UNSPECIFIED.,.F.,.F.,(4,1,1,4),(0.00630926027603017,0.00869654872102519,
0.0110838371660202,0.0158584140560103),.UNSPECIFIED.);
#80=B_SPLINE_CURVE_WITH_KNOTS('',3,(#1381,#1382,#1383,#1384,#1385),
 .UNSPECIFIED.,.F.,.F.,(4,1,4),(0.0189111587767192,0.0221202039008585,0.0253292490249978),
 .UNSPECIFIED.);
#81=B_SPLINE_CURVE_WITH_KNOTS('',3,(#1402,#1403,#1404,#1405),
 .UNSPECIFIED.,.F.,.F.,(4,4),(0.,0.00128098052413679),.UNSPECIFIED.);
#82=B_SPLINE_CURVE_WITH_KNOTS('',3,(#1407,#1408,#1409,#1410,#1411,#1412),
 .UNSPECIFIED.,.F.,.F.,(4,1,1,4),(0.00963317963747659,0.0154466253803183,
0.0183533482517392,0.02126007112316),.UNSPECIFIED.);
#83=B_SPLINE_CURVE_WITH_KNOTS('',3,(#1414,#1415,#1416,#1417,#1418),
 .UNSPECIFIED.,.F.,.F.,(4,1,4),(4.33680868994202E-18,0.0069163683114501,
0.0138327366229002),.UNSPECIFIED.);
#84=B_SPLINE_CURVE_WITH_KNOTS('',3,(#1420,#1421,#1422,#1423,#1424),
 .UNSPECIFIED.,.F.,.F.,(4,1,4),(0.,0.00909075998463519,0.0181815199692704),
 .UNSPECIFIED.);
#85=B_SPLINE_CURVE_WITH_KNOTS('',3,(#1426,#1427,#1428,#1429),
 .UNSPECIFIED.,.F.,.F.,(4,4),(-5.99999146301501E-8,9.06062813873711E-8),
 .UNSPECIFIED.);
#86=B_SPLINE_CURVE_WITH_KNOTS('',3,(#1431,#1432,#1433,#1434),
 .UNSPECIFIED.,.F.,.F.,(4,4),(0.,4.96415981224519E-6),.UNSPECIFIED.);
#87=B_SPLINE_CURVE_WITH_KNOTS('',3,(#1438,#1439,#1440,#1441,#1442),
 .UNSPECIFIED.,.F.,.F.,(4,1,4),(0.,0.0045879519678592,0.00917590393571841),
 .UNSPECIFIED.);
#88=B_SPLINE_CURVE_WITH_KNOTS('',3,(#1444,#1445,#1446,#1447,#1448,#1449,
#1450,#1451,#1452,#1453),.UNSPECIFIED.,.F.,.F.,(4,1,1,1,1,1,1,4),(0.00425270348963928,
0.00810990962228129,0.0119671157549233,0.0158243218875653,0.0196815280202073,
0.0235387341528493,0.0273959402854913,0.0351103525507753),.UNSPECIFIED.);
#89=B_SPLINE_CURVE_WITH_KNOTS('',3,(#1455,#1456,#1457,#1458,#1459,#1460,
#1461),.UNSPECIFIED.,.F.,.F.,(4,1,1,1,4),(0.,0.00166082232066555,0.0033216446413311,
0.00498246696199665,0.0066432892826622),.UNSPECIFIED.);
#90=B_SPLINE_CURVE_WITH_KNOTS('',3,(#1463,#1464,#1465,#1466,#1467,#1468,
#1469),.UNSPECIFIED.,.F.,.F.,(4,1,1,1,4),(0.,0.0167736041634898,0.0335472083269796,
0.0503208124904693,0.0670944166539591),.UNSPECIFIED.);
#91=B_SPLINE_CURVE_WITH_KNOTS('',3,(#1490,#1491,#1492,#1493),
 .UNSPECIFIED.,.F.,.F.,(4,4),(1.95156391047391E-18,0.000133945150680589),
 .UNSPECIFIED.);
#92=B_SPLINE_CURVE_WITH_KNOTS('',3,(#1495,#1496,#1497,#1498),
 .UNSPECIFIED.,.F.,.F.,(4,4),(0.,1.47719850993935E-5),.UNSPECIFIED.);
#93=B_SPLINE_CURVE_WITH_KNOTS('',3,(#1500,#1501,#1502,#1503,#1504,#1505,
#1506,#1507,#1508),.UNSPECIFIED.,.F.,.F.,(4,1,1,1,1,1,4),(-6.0000000024408E-8,
0.00390173928196008,0.00780353856392019,0.0117053378458803,0.0156071371278404,
0.0234107356917606,0.0312143342556808),.UNSPECIFIED.);
#94=B_SPLINE_CURVE_WITH_KNOTS('',3,(#1510,#1511,#1512,#1513),
 .UNSPECIFIED.,.F.,.F.,(4,4),(0.00172951285129064,0.00233121624596154),
 .UNSPECIFIED.);
#95=B_SPLINE_CURVE_WITH_KNOTS('',3,(#1515,#1516,#1517,#1518),
 .UNSPECIFIED.,.F.,.F.,(4,4),(0.031817335419706,0.0387953352606592),
 .UNSPECIFIED.);
#96=B_SPLINE_CURVE_WITH_KNOTS('',3,(#1520,#1521,#1522,#1523,#1524,#1525,
#1526,#1527,#1528,#1529,#1530),.UNSPECIFIED.,.F.,.F.,(4,1,1,1,1,1,1,1,4),
(0.00835473378636047,0.00937493710065798,0.0103951404149555,0.011415343729253,
0.0124355470435505,0.013455750357848,0.0144759536721456,0.0154961569864431,
0.0165163603007406),.UNSPECIFIED.);
#97=B_SPLINE_CURVE_WITH_KNOTS('',3,(#1532,#1533,#1534,#1535),
 .UNSPECIFIED.,.F.,.F.,(4,4),(0.04088762350094,0.0484709042050415),
 .UNSPECIFIED.);
#98=B_SPLINE_CURVE_WITH_KNOTS('',3,(#1536,#1537,#1538,#1539,#1540,#1541,
#1542,#1543),.UNSPECIFIED.,.F.,.F.,(4,1,1,1,1,4),(0.,0.00896700692365434,
0.0179340138473087,0.0224175173091359,0.026901020770963,0.0358680276946174),
 .UNSPECIFIED.);
#99=B_SPLINE_CURVE_WITH_KNOTS('',3,(#1545,#1546,#1547,#1548,#1549,#1550),
 .UNSPECIFIED.,.F.,.F.,(4,1,1,4),(0.,0.00289334647060871,0.00578669294121742,
0.0115733858824348),.UNSPECIFIED.);
#100=B_SPLINE_CURVE_WITH_KNOTS('',3,(#1552,#1553,#1554,#1555,#1556),
 .UNSPECIFIED.,.F.,.F.,(4,1,4),(0.,0.00412698561222401,0.00825397122444802),
 .UNSPECIFIED.);
#101=B_SPLINE_CURVE_WITH_KNOTS('',3,(#1557,#1558,#1559,#1560,#1561,#1562,
#1563,#1564,#1565,#1566,#1567),.UNSPECIFIED.,.T.,.F.,(1,1,1,1,1,1,1,1,1,
1,1,1,1,1,1),(-0.00389867605558252,-0.00259911737038835,-0.00129955868519417,
0.,0.00129955868519418,0.00259911737038835,0.00389867605558253,0.0051982347407767,
0.00649779342597088,0.00779735211116505,0.00909691079635923,0.0103964694815534,
0.0116960281667476,0.0129955868519418,0.0142951455371359),.UNSPECIFIED.);
#102=B_SPLINE_CURVE_WITH_KNOTS('',3,(#1583,#1584,#1585,#1586),
 .UNSPECIFIED.,.F.,.F.,(4,4),(1.15654908643297E-15,0.00756193528034469),
 .UNSPECIFIED.);
#103=B_SPLINE_CURVE_WITH_KNOTS('',3,(#1588,#1589,#1590,#1591,#1592,#1593,
#1594,#1595,#1596,#1597,#1598),.UNSPECIFIED.,.F.,.F.,(4,1,1,1,1,1,1,1,4),
(0.00835473378636047,0.00937493710065796,0.0103951404149555,0.0114153437292529,
0.0124355470435504,0.0134557503578479,0.0144759536721454,0.0154961569864429,
0.0165163603007404),.UNSPECIFIED.);
#104=B_SPLINE_CURVE_WITH_KNOTS('',3,(#1600,#1601,#1602,#1603),
 .UNSPECIFIED.,.F.,.F.,(4,4),(0.00964833414624395,0.0166066923084048),
 .UNSPECIFIED.);
#105=B_SPLINE_CURVE_WITH_KNOTS('',3,(#1605,#1606,#1607,#1608),
 .UNSPECIFIED.,.F.,.F.,(4,4),(0.00172951285126275,0.00233121624595648),
 .UNSPECIFIED.);
#106=B_SPLINE_CURVE_WITH_KNOTS('',3,(#1610,#1611,#1612,#1613,#1614,#1615,
#1616,#1617,#1618,#1619),.UNSPECIFIED.,.F.,.F.,(4,1,1,1,1,1,1,4),(0.0172079961443603,
0.0249896291758844,0.0327712622074084,0.0366620787231704,0.0405528952389324,
0.0444437117546945,0.0463891200125755,0.0483345282704565),.UNSPECIFIED.);
#107=B_SPLINE_CURVE_WITH_KNOTS('',3,(#1621,#1622,#1623,#1624),
 .UNSPECIFIED.,.F.,.F.,(4,4),(-5.96792867357613E-8,1.47123058128696E-5),
 .UNSPECIFIED.);
#108=B_SPLINE_CURVE_WITH_KNOTS('',3,(#1626,#1627,#1628,#1629),
 .UNSPECIFIED.,.F.,.F.,(4,4),(1.95156391047391E-18,0.000133945150680554),
 .UNSPECIFIED.);
#109=B_SPLINE_CURVE_WITH_KNOTS('',3,(#1633,#1634,#1635,#1636,#1637),
 .UNSPECIFIED.,.F.,.F.,(4,1,4),(0.,0.00412698561222401,0.00825397122444802),
 .UNSPECIFIED.);
#110=B_SPLINE_CURVE_WITH_KNOTS('',3,(#1639,#1640,#1641,#1642,#1643,#1644),
 .UNSPECIFIED.,.F.,.F.,(4,1,1,4),(9.81307786677359E-18,0.00586709197574606,
0.00880063796361909,0.0117341839514921),.UNSPECIFIED.);
#111=B_SPLINE_CURVE_WITH_KNOTS('',3,(#1646,#1647,#1648,#1649,#1650,#1651,
#1652,#1653),.UNSPECIFIED.,.F.,.F.,(4,1,1,1,1,4),(0.,0.0089121083831376,
0.0133681625747064,0.0178242167662752,0.0267363251494128,0.0356484335325504),
 .UNSPECIFIED.);
#112=B_SPLINE_CURVE_WITH_KNOTS('',3,(#1654,#1655,#1656,#1657,#1658,#1659,
#1660,#1661,#1662,#1663,#1664),.UNSPECIFIED.,.T.,.F.,(1,1,1,1,1,1,1,1,1,
1,1,1,1,1,1),(-0.00389867605558251,-0.00259911737038833,-0.00129955868519416,
1.82197586337529E-17,0.00129955868519419,0.00259911737038837,0.00389867605558254,
0.00519823474077672,0.00649779342597089,0.00779735211116507,0.00909691079635924,
0.0103964694815534,0.0116960281667476,0.0129955868519418,0.0142951455371359),
 .UNSPECIFIED.);
#113=B_SPLINE_CURVE_WITH_KNOTS('',3,(#1667,#1668,#1669,#1670,#1671),
 .UNSPECIFIED.,.F.,.F.,(4,1,4),(0.,0.0336187773499433,0.0672375546998866),
 .UNSPECIFIED.);
#114=B_SPLINE_CURVE_WITH_KNOTS('',3,(#1692,#1693,#1694,#1695),
 .UNSPECIFIED.,.F.,.F.,(4,4),(-5.99999999959412E-8,0.0181836423378945),
 .UNSPECIFIED.);
#115=B_SPLINE_CURVE_WITH_KNOTS('',3,(#1698,#1699,#1700,#1701,#1702),
 .UNSPECIFIED.,.F.,.F.,(4,1,4),(8.67361737988404E-19,0.00690450228877312,
0.0138090045775462),.UNSPECIFIED.);
#116=B_SPLINE_CURVE_WITH_KNOTS('',3,(#1704,#1705,#1706,#1707,#1708,#1709),
 .UNSPECIFIED.,.F.,.F.,(4,1,1,4),(0.0096331796374765,0.0154466253803183,
0.0183533482517391,0.02126007112316),.UNSPECIFIED.);
#117=B_SPLINE_CURVE_WITH_KNOTS('',3,(#1711,#1712,#1713,#1714),
 .UNSPECIFIED.,.F.,.F.,(4,4),(8.67361737988404E-18,0.00128098052413681),
 .UNSPECIFIED.);
#118=B_SPLINE_CURVE_WITH_KNOTS('',3,(#1718,#1719,#1720,#1721,#1722,#1723,
#1724),.UNSPECIFIED.,.F.,.F.,(4,1,1,1,4),(5.25022593123785E-17,0.00166200983380399,
0.00332401966760793,0.00498602950141187,0.00664803933521581),
 .UNSPECIFIED.);
#119=B_SPLINE_CURVE_WITH_KNOTS('',3,(#1726,#1727,#1728,#1729,#1730,#1731,
#1732,#1733,#1734,#1735),.UNSPECIFIED.,.F.,.F.,(4,1,1,1,1,1,1,4),(0.00425270348965647,
0.00810990962229631,0.0119671157549362,0.015824321887576,0.0196815280202159,
0.0235387341528557,0.0273959402854955,0.0351103525507752),.UNSPECIFIED.);
#120=B_SPLINE_CURVE_WITH_KNOTS('',3,(#1737,#1738,#1739,#1740,#1741),
 .UNSPECIFIED.,.F.,.F.,(4,1,4),(0.,0.0045879519678592,0.0091759039357184),
 .UNSPECIFIED.);
#121=B_SPLINE_CURVE_WITH_KNOTS('',3,(#1742,#1743,#1744,#1745),
 .UNSPECIFIED.,.F.,.F.,(4,4),(0.,4.96415981222146E-6),.UNSPECIFIED.);
#122=B_SPLINE_CURVE_WITH_KNOTS('',3,(#1747,#1748,#1749,#1750),
 .UNSPECIFIED.,.F.,.F.,(4,4),(0.,1.5060619686901E-7),.UNSPECIFIED.);
#123=B_SPLINE_CURVE_WITH_KNOTS('',3,(#1754,#1755,#1756,#1757,#1758,#1759,
#1760,#1761,#1762),.UNSPECIFIED.,.F.,.F.,(4,1,1,1,1,1,4),(0.,0.00271814491743522,
0.00543628983487044,0.00815443475230566,0.0108725796697409,0.0163088695046113,
0.0217451593394817),.UNSPECIFIED.);
#124=B_SPLINE_CURVE_WITH_KNOTS('',3,(#1768,#1769,#1770,#1771,#1772),
 .UNSPECIFIED.,.F.,.F.,(4,1,4),(0.,0.00319482266553826,0.00638964533107653),
 .UNSPECIFIED.);
#125=B_SPLINE_CURVE_WITH_KNOTS('',3,(#1776,#1777,#1778,#1779,#1780,#1781),
 .UNSPECIFIED.,.F.,.F.,(4,1,1,4),(0.00942886031514092,0.0141822763240902,
0.0165589843285648,0.0189356923330394),.UNSPECIFIED.);
#126=B_SPLINE_CURVE_WITH_KNOTS('',3,(#1785,#1786,#1787,#1788),
 .UNSPECIFIED.,.F.,.F.,(4,4),(0.0200039917278547,0.0252169900252895),
 .UNSPECIFIED.);
#127=B_SPLINE_CURVE_WITH_KNOTS('',3,(#1792,#1793,#1794,#1795,#1796,#1797,
#1798,#1799,#1800),.UNSPECIFIED.,.F.,.F.,(4,1,1,1,1,1,4),(0.,0.00451988675003491,
0.00677983012505237,0.00903977350006983,0.0112997168750873,0.0135596602501047,
0.0180795470001397),.UNSPECIFIED.);
#128=B_SPLINE_CURVE_WITH_KNOTS('',3,(#1801,#1802,#1803,#1804,#1805,#1806,
#1807,#1808,#1809,#1810,#1811,#1812,#1813),.UNSPECIFIED.,.F.,.F.,(4,1,1,
1,1,1,1,1,1,1,4),(0.,0.00279811088199563,0.00559622176399127,0.0083943326459869,
0.00979338808698471,0.0111924435279825,0.0125914989689803,0.0139905544099782,
0.0167886652919738,0.0195867761739694,0.0223848870559651),.UNSPECIFIED.);
#129=B_SPLINE_CURVE_WITH_KNOTS('',3,(#1826,#1827,#1828,#1829,#1830,#1831,
#1832,#1833),.UNSPECIFIED.,.F.,.F.,(4,1,1,1,1,4),(-6.00000000414462E-8,
0.00663503182957545,0.013270123659151,0.0165876695739387,0.0199052154887264,
0.0265403073183019),.UNSPECIFIED.);
#130=B_SPLINE_CURVE_WITH_KNOTS('',3,(#1837,#1838,#1839,#1840,#1841,#1842,
#1843,#1844),.UNSPECIFIED.,.F.,.F.,(4,1,1,1,1,4),(-6.00000000028143E-8,
0.00664706119467712,0.00997062179201568,0.0132941823893542,0.0199413035840314,
0.0265884247787085),.UNSPECIFIED.);
#131=B_SPLINE_CURVE_WITH_KNOTS('',3,(#1856,#1857,#1858,#1859,#1860,#1861),
 .UNSPECIFIED.,.F.,.F.,(4,1,1,4),(0.,0.00313647365543678,0.00627294731087356,
0.0125458946217471),.UNSPECIFIED.);
#132=B_SPLINE_CURVE_WITH_KNOTS('',3,(#1862,#1863,#1864,#1865,#1866,#1867,
#1868),.UNSPECIFIED.,.F.,.F.,(4,1,1,1,4),(7.75791922889773E-18,0.00202918246208668,
0.00405836492417335,0.00608754738626002,0.00811672984834669),
 .UNSPECIFIED.);
#133=B_SPLINE_CURVE_WITH_KNOTS('',3,(#1869,#1870,#1871,#1872,#1873,#1874,
#1875),.UNSPECIFIED.,.F.,.F.,(4,1,1,1,4),(0.,0.00203467360475175,0.0040693472095035,
0.00610402081425526,0.00813869441900701),.UNSPECIFIED.);
#134=B_SPLINE_CURVE_WITH_KNOTS('',3,(#1876,#1877,#1878,#1879,#1880,#1881),
 .UNSPECIFIED.,.F.,.F.,(4,1,1,4),(8.99717972339255E-17,0.00313647365543684,
0.0062729473108736,0.0125458946217471),.UNSPECIFIED.);
#135=B_SPLINE_CURVE_WITH_KNOTS('',3,(#1890,#1891,#1892,#1893,#1894,#1895,
#1896,#1897,#1898),.UNSPECIFIED.,.F.,.F.,(4,1,1,1,1,1,4),(-5.99999999947197E-8,
0.00206552270035519,0.00413110540071037,0.00619668810106555,0.00826227080142073,
0.0123934362021311,0.0165246016028415),.UNSPECIFIED.);
#136=B_SPLINE_CURVE_WITH_KNOTS('',3,(#1900,#1901,#1902,#1903),
 .UNSPECIFIED.,.F.,.F.,(4,4),(0.,0.000616134695823023),.UNSPECIFIED.);
#137=B_SPLINE_CURVE_WITH_KNOTS('',3,(#1907,#1908,#1909,#1910),
 .UNSPECIFIED.,.F.,.F.,(4,4),(0.,0.000616134695823025),.UNSPECIFIED.);
#138=B_SPLINE_CURVE_WITH_KNOTS('',3,(#1912,#1913,#1914,#1915,#1916,#1917,
#1918,#1919,#1920),.UNSPECIFIED.,.F.,.F.,(4,1,1,1,1,1,4),(0.00643728306057117,
0.0105684389776837,0.0146995948947963,0.0167651728533525,0.0188307508119088,
0.0208963287704651,0.0229619067290213),.UNSPECIFIED.);
#139=B_SPLINE_CURVE_WITH_KNOTS('',3,(#1929,#1930,#1931,#1932,#1933,#1934,
#1935),.UNSPECIFIED.,.F.,.F.,(4,1,1,1,4),(0.00886051650185134,0.0134274497292619,
0.0179943829566724,0.022561316184083,0.0271282494114936),.UNSPECIFIED.);
#140=B_SPLINE_CURVE_WITH_KNOTS('',3,(#1938,#1939,#1940,#1941,#1942,#1943),
 .UNSPECIFIED.,.F.,.F.,(4,1,1,4),(0.,0.0164588191867494,0.0329176383734988,
0.0658352767469976),.UNSPECIFIED.);
#141=B_SPLINE_CURVE_WITH_KNOTS('',3,(#1945,#1946,#1947,#1948),
 .UNSPECIFIED.,.F.,.F.,(4,4),(0.,0.018606919621669),.UNSPECIFIED.);
#142=B_SPLINE_CURVE_WITH_KNOTS('',3,(#1952,#1953,#1954,#1955),
 .UNSPECIFIED.,.F.,.F.,(4,4),(0.,0.0186045918744552),.UNSPECIFIED.);
#143=B_SPLINE_CURVE_WITH_KNOTS('',3,(#1957,#1958,#1959,#1960,#1961,#1962),
 .UNSPECIFIED.,.F.,.F.,(4,1,1,4),(0.,0.0329084749120073,0.049362712368011,
0.0658169498240147),.UNSPECIFIED.);
#144=B_SPLINE_CURVE_WITH_KNOTS('',3,(#1964,#1965,#1966,#1967,#1968,#1969,
#1970),.UNSPECIFIED.,.F.,.F.,(4,1,1,1,4),(0.,0.00457328277523159,0.00914656555046318,
0.0137198483256948,0.0182931311009264),.UNSPECIFIED.);
#145=B_SPLINE_CURVE_WITH_KNOTS('',3,(#1972,#1973,#1974,#1975),
 .UNSPECIFIED.,.F.,.F.,(4,4),(0.0180169937065338,0.0274109435744423),
 .UNSPECIFIED.);
#146=B_SPLINE_CURVE_WITH_KNOTS('',3,(#1980,#1981,#1982,#1983),
 .UNSPECIFIED.,.F.,.F.,(4,4),(0.,0.00937439429966649),.UNSPECIFIED.);
#147=B_SPLINE_CURVE_WITH_KNOTS('',3,(#1988,#1989,#1990,#1991,#1992,#1993),
 .UNSPECIFIED.,.F.,.F.,(4,1,1,4),(8.67361737988404E-19,0.00277968360597171,
0.00555936721194343,0.0111187344238869),.UNSPECIFIED.);
#148=B_SPLINE_CURVE_WITH_KNOTS('',3,(#1995,#1996,#1997,#1998,#1999,#2000),
 .UNSPECIFIED.,.F.,.F.,(4,1,1,4),(0.,0.00277968360597171,0.00555936721194341,
0.0111187344238868),.UNSPECIFIED.);
#149=B_SPLINE_CURVE_WITH_KNOTS('',3,(#2033,#2034,#2035,#2036),
 .UNSPECIFIED.,.F.,.F.,(4,4),(7.94588663238761E-15,0.00262611354775299),
 .UNSPECIFIED.);
#150=B_SPLINE_CURVE_WITH_KNOTS('',3,(#2037,#2038,#2039,#2040),
 .UNSPECIFIED.,.F.,.F.,(4,4),(0.,0.00262611354775295),.UNSPECIFIED.);
#151=B_SPLINE_CURVE_WITH_KNOTS('',3,(#2042,#2043,#2044,#2045,#2046,#2047,
#2048,#2049,#2050,#2051,#2052,#2053,#2054),.UNSPECIFIED.,.F.,.F.,(4,1,1,
1,1,1,1,1,1,1,4),(1.73472347597681E-18,0.00121913691988372,0.00243827383976744,
0.00365741075965115,0.00426697921959301,0.00487654767953487,0.00548611613947673,
0.00609568459941859,0.00731482151930231,0.00853395843918602,0.00975309535906974),
 .UNSPECIFIED.);
#152=B_SPLINE_CURVE_WITH_KNOTS('',3,(#2055,#2056,#2057,#2058,#2059,#2060,
#2061,#2062,#2063,#2064,#2065,#2066,#2067),.UNSPECIFIED.,.F.,.F.,(4,1,1,
1,1,1,1,1,1,1,4),(0.,0.00121914895041968,0.00243829790083937,0.00365744685125905,
0.00426702132646889,0.00487659580167873,0.00548617027688858,0.00609574475209842,
0.0073148937025181,0.00853404265293779,0.00975319160335747),
 .UNSPECIFIED.);
#153=B_SPLINE_CURVE_WITH_KNOTS('',3,(#2069,#2070,#2071,#2072,#2073,#2074,
#2075,#2076,#2077),.UNSPECIFIED.,.F.,.F.,(4,1,1,1,1,1,4),(5.64851643068858E-17,
0.00166142346566641,0.00249213519849959,0.00332284693133277,0.00415355866416594,
0.00498427039699912,0.00664569386266547),.UNSPECIFIED.);
#154=B_SPLINE_CURVE_WITH_KNOTS('',3,(#2078,#2079,#2080,#2081,#2082,#2083,
#2084,#2085,#2086),.UNSPECIFIED.,.F.,.F.,(4,1,1,1,1,1,4),(2.16840434497101E-17,
0.00166142876526437,0.00249214314789654,0.00332285753052871,0.00415357191316088,
0.00498428629579305,0.0066457150610574),.UNSPECIFIED.);
#155=B_SPLINE_CURVE_WITH_KNOTS('',3,(#2089,#2090,#2091,#2092,#2093,#2094,
#2095,#2096,#2097,#2098,#2099,#2100,#2101,#2102,#2103,#2104,#2105),
 .UNSPECIFIED.,.T.,.F.,(1,1,1,1,1,1,1,1,1,1,1,1,1,1,1,1,1,1,1,1,1),(-0.00273838337517253,
-0.00136919168758626,-0.000684595843793132,0.,0.000684595843793132,0.00136919168758626,
0.0020537875313794,0.00273838337517253,0.00342297921896566,0.0041075750627588,
0.00479217090655193,0.00547676675034506,0.00616136259413819,0.00684595843793132,
0.00821515012551759,0.00958434181310385,0.010268937656897,0.0109535335006901,
0.0116381293444833,0.0123227251882764,0.0130073210320695),.UNSPECIFIED.);
#156=B_SPLINE_CURVE_WITH_KNOTS('',3,(#2107,#2108,#2109,#2110,#2111,#2112,
#2113,#2114,#2115,#2116,#2117,#2118,#2119,#2120,#2121,#2122,#2123),
 .UNSPECIFIED.,.T.,.F.,(1,1,1,1,1,1,1,1,1,1,1,1,1,1,1,1,1,1,1,1,1),(-0.00273838337517263,
-0.00136919168758631,-0.000684595843793157,0.,0.000684595843793156,0.00136919168758631,
0.00205378753137947,0.00273838337517263,0.00342297921896578,0.00410757506275894,
0.00479217090655209,0.00547676675034525,0.00616136259413841,0.00684595843793156,
0.00821515012551788,0.00958434181310419,0.0102689376568973,0.0109535335006905,
0.0116381293444837,0.0123227251882768,0.01300732103207),.UNSPECIFIED.);
#157=B_SPLINE_CURVE_WITH_KNOTS('',3,(#2127,#2128,#2129,#2130,#2131,#2132,
#2133,#2134,#2135,#2136,#2137),.UNSPECIFIED.,.F.,.F.,(4,1,1,1,1,1,1,1,4),
(6.60131234835743E-16,0.00124285626297742,0.00248571252595418,0.00372856878893094,
0.00497142505190769,0.00621428131488445,0.00745713757786121,0.00869999384083797,
0.00994285010381473),.UNSPECIFIED.);
#158=B_SPLINE_CURVE_WITH_KNOTS('',3,(#2138,#2139,#2140,#2141,#2142,#2143,
#2144,#2145,#2146,#2147,#2148),.UNSPECIFIED.,.F.,.F.,(4,1,1,1,1,1,1,1,4),
(4.53626042860374E-16,0.00124297368683168,0.0024859473736629,0.00372892106049412,
0.00497189474732534,0.00621486843415657,0.00745784212098779,0.00870081580781901,
0.00994378949465024),.UNSPECIFIED.);
#159=B_SPLINE_CURVE_WITH_KNOTS('',3,(#2150,#2151,#2152,#2153,#2154),
 .UNSPECIFIED.,.F.,.F.,(4,1,4),(8.68586022402244E-17,0.00111918236228713,
0.00223836472457417),.UNSPECIFIED.);
#160=B_SPLINE_CURVE_WITH_KNOTS('',3,(#2155,#2156,#2157,#2158,#2159),
 .UNSPECIFIED.,.F.,.F.,(4,1,4),(0.,0.00111914169442673,0.00223828338885346),
 .UNSPECIFIED.);
#161=B_SPLINE_CURVE_WITH_KNOTS('',3,(#2216,#2217,#2218,#2219,#2220),
 .UNSPECIFIED.,.F.,.F.,(4,1,4),(0.,0.00347483332411846,0.00694966664823691),
 .UNSPECIFIED.);
#162=B_SPLINE_CURVE_WITH_KNOTS('',3,(#2333,#2334,#2335,#2336,#2337),
 .UNSPECIFIED.,.F.,.F.,(4,1,4),(0.,0.00347483332411833,0.00694966664823665),
 .UNSPECIFIED.);
#163=B_SPLINE_CURVE_WITH_KNOTS('',3,(#2410,#2411,#2412,#2413),
 .UNSPECIFIED.,.F.,.F.,(4,4),(4.44533104315064E-15,0.00164335135117967),
 .UNSPECIFIED.);
#164=B_SPLINE_CURVE_WITH_KNOTS('',3,(#2526,#2527,#2528,#2529),
 .UNSPECIFIED.,.F.,.F.,(4,4),(0.,0.00164335135117966),.UNSPECIFIED.);
#165=B_SPLINE_CURVE_WITH_KNOTS('',3,(#2570,#2571,#2572,#2573,#2574,#2575,
#2576,#2577,#2578),.UNSPECIFIED.,.F.,.F.,(4,1,1,1,1,1,4),(-2.84294967329527E-5,
0.00408043869544725,0.00818930688762746,0.0122981750798077,0.0164070432719879,
0.0246247796563483,0.0328425160407087),.UNSPECIFIED.);
#166=B_SPLINE_CURVE_WITH_KNOTS('',3,(#2625,#2626,#2627,#2628),
 .UNSPECIFIED.,.F.,.F.,(4,4),(0.,0.000110198347458809),.UNSPECIFIED.);
#167=B_SPLINE_CURVE_WITH_KNOTS('',3,(#2647,#2648,#2649,#2650),
 .UNSPECIFIED.,.F.,.F.,(4,4),(6.50521303491303E-19,0.00011019834745881),
 .UNSPECIFIED.);
#168=B_SPLINE_CURVE_WITH_KNOTS('',3,(#2736,#2737,#2738,#2739),
 .UNSPECIFIED.,.F.,.F.,(4,4),(-3.04650466480264E-5,0.010341333675084),
 .UNSPECIFIED.);
#169=B_SPLINE_CURVE_WITH_KNOTS('',3,(#2740,#2741,#2742,#2743,#2744,#2745,
#2746),.UNSPECIFIED.,.F.,.F.,(4,1,1,1,4),(1.73472347597681E-18,0.00244815699158705,
0.0048963139831741,0.00734447097476114,0.00979262796634819),
 .UNSPECIFIED.);
#170=B_SPLINE_CURVE_WITH_KNOTS('',3,(#2831,#2832,#2833,#2834,#2835,#2836,
#2837),.UNSPECIFIED.,.F.,.F.,(4,1,1,1,4),(0.,0.00244815699158706,0.00489631398317412,
0.00734447097476117,0.00979262796634823),.UNSPECIFIED.);
#171=B_SPLINE_CURVE_WITH_KNOTS('',3,(#2853,#2854,#2855,#2856,#2857,#2858,
#2859),.UNSPECIFIED.,.F.,.F.,(4,1,1,1,4),(0.,0.00247882802260908,0.00495765604521815,
0.00743648406782723,0.0099153120904363),.UNSPECIFIED.);
#172=B_SPLINE_CURVE_WITH_KNOTS('',3,(#2881,#2882,#2883,#2884,#2885,#2886,
#2887),.UNSPECIFIED.,.F.,.F.,(4,1,1,1,4),(0.,0.00247882802260946,0.00495765604521891,
0.00743648406782837,0.00991531209043782),.UNSPECIFIED.);
#173=B_SPLINE_CURVE_WITH_KNOTS('',3,(#2956,#2957,#2958,#2959),
 .UNSPECIFIED.,.F.,.F.,(4,4),(0.,0.000440508090995077),.UNSPECIFIED.);
#174=B_SPLINE_CURVE_WITH_KNOTS('',3,(#2978,#2979,#2980,#2981),
 .UNSPECIFIED.,.F.,.F.,(4,4),(0.,0.000440508090995116),.UNSPECIFIED.);
#175=CIRCLE('',#1084,0.00836143482289828);
#176=CIRCLE('',#1086,0.00836143482289828);
#177=CIRCLE('',#1089,0.001651);
#178=CIRCLE('',#1090,0.001651);
#179=CIRCLE('',#1091,0.001651);
#180=CIRCLE('',#1097,0.001651);
#181=CIRCLE('',#1098,0.001651);
#182=CIRCLE('',#1099,0.001651);
#183=CIRCLE('',#1101,0.00836143482289828);
#184=CIRCLE('',#1114,0.004445);
#185=CIRCLE('',#1116,0.004445);
#186=CIRCLE('',#1117,0.004445);
#187=CIRCLE('',#1118,0.004445);
#188=CIRCLE('',#1119,0.004445);
#189=CIRCLE('',#1131,0.004445);
#190=CIRCLE('',#1133,0.0053355493743567);
#191=CIRCLE('',#1134,0.0053355493743567);
#192=CIRCLE('',#1136,0.00635);
#193=CIRCLE('',#1137,0.00635);
#194=ORIENTED_EDGE('',*,*,#522,.T.);
#195=ORIENTED_EDGE('',*,*,#523,.T.);
#196=ORIENTED_EDGE('',*,*,#524,.F.);
#197=ORIENTED_EDGE('',*,*,#525,.T.);
#198=ORIENTED_EDGE('',*,*,#526,.F.);
#199=ORIENTED_EDGE('',*,*,#527,.T.);
#200=ORIENTED_EDGE('',*,*,#528,.T.);
#201=ORIENTED_EDGE('',*,*,#529,.T.);
#202=ORIENTED_EDGE('',*,*,#530,.F.);
#203=ORIENTED_EDGE('',*,*,#531,.T.);
#204=ORIENTED_EDGE('',*,*,#532,.T.);
#205=ORIENTED_EDGE('',*,*,#533,.T.);
#206=ORIENTED_EDGE('',*,*,#534,.T.);
#207=ORIENTED_EDGE('',*,*,#535,.T.);
#208=ORIENTED_EDGE('',*,*,#536,.F.);
#209=ORIENTED_EDGE('',*,*,#537,.T.);
#210=ORIENTED_EDGE('',*,*,#538,.T.);
#211=ORIENTED_EDGE('',*,*,#539,.T.);
#212=ORIENTED_EDGE('',*,*,#540,.T.);
#213=ORIENTED_EDGE('',*,*,#541,.F.);
#214=ORIENTED_EDGE('',*,*,#542,.T.);
#215=ORIENTED_EDGE('',*,*,#543,.F.);
#216=ORIENTED_EDGE('',*,*,#544,.T.);
#217=ORIENTED_EDGE('',*,*,#545,.T.);
#218=ORIENTED_EDGE('',*,*,#545,.F.);
#219=ORIENTED_EDGE('',*,*,#546,.T.);
#220=ORIENTED_EDGE('',*,*,#547,.F.);
#221=ORIENTED_EDGE('',*,*,#548,.T.);
#222=ORIENTED_EDGE('',*,*,#549,.T.);
#223=ORIENTED_EDGE('',*,*,#550,.T.);
#224=ORIENTED_EDGE('',*,*,#551,.T.);
#225=ORIENTED_EDGE('',*,*,#552,.T.);
#226=ORIENTED_EDGE('',*,*,#553,.F.);
#227=ORIENTED_EDGE('',*,*,#554,.F.);
#228=ORIENTED_EDGE('',*,*,#555,.T.);
#229=ORIENTED_EDGE('',*,*,#552,.F.);
#230=ORIENTED_EDGE('',*,*,#556,.T.);
#231=ORIENTED_EDGE('',*,*,#557,.T.);
#232=ORIENTED_EDGE('',*,*,#558,.F.);
#233=ORIENTED_EDGE('',*,*,#559,.F.);
#234=ORIENTED_EDGE('',*,*,#557,.F.);
#235=ORIENTED_EDGE('',*,*,#560,.T.);
#236=ORIENTED_EDGE('',*,*,#561,.T.);
#237=ORIENTED_EDGE('',*,*,#562,.T.);
#238=ORIENTED_EDGE('',*,*,#563,.F.);
#239=ORIENTED_EDGE('',*,*,#564,.T.);
#240=ORIENTED_EDGE('',*,*,#565,.F.);
#241=ORIENTED_EDGE('',*,*,#566,.T.);
#242=ORIENTED_EDGE('',*,*,#530,.T.);
#243=ORIENTED_EDGE('',*,*,#567,.T.);
#244=ORIENTED_EDGE('',*,*,#568,.T.);
#245=ORIENTED_EDGE('',*,*,#569,.F.);
#246=ORIENTED_EDGE('',*,*,#570,.F.);
#247=ORIENTED_EDGE('',*,*,#533,.F.);
#248=ORIENTED_EDGE('',*,*,#571,.T.);
#249=ORIENTED_EDGE('',*,*,#572,.T.);
#250=ORIENTED_EDGE('',*,*,#573,.T.);
#251=ORIENTED_EDGE('',*,*,#574,.T.);
#252=ORIENTED_EDGE('',*,*,#575,.T.);
#253=ORIENTED_EDGE('',*,*,#576,.T.);
#254=ORIENTED_EDGE('',*,*,#577,.T.);
#255=ORIENTED_EDGE('',*,*,#578,.T.);
#256=ORIENTED_EDGE('',*,*,#579,.T.);
#257=ORIENTED_EDGE('',*,*,#580,.T.);
#258=ORIENTED_EDGE('',*,*,#581,.T.);
#259=ORIENTED_EDGE('',*,*,#582,.T.);
#260=ORIENTED_EDGE('',*,*,#578,.F.);
#261=ORIENTED_EDGE('',*,*,#583,.T.);
#262=ORIENTED_EDGE('',*,*,#584,.T.);
#263=ORIENTED_EDGE('',*,*,#585,.T.);
#264=ORIENTED_EDGE('',*,*,#586,.T.);
#265=ORIENTED_EDGE('',*,*,#587,.T.);
#266=ORIENTED_EDGE('',*,*,#588,.T.);
#267=ORIENTED_EDGE('',*,*,#589,.T.);
#268=ORIENTED_EDGE('',*,*,#590,.T.);
#269=ORIENTED_EDGE('',*,*,#591,.T.);
#270=ORIENTED_EDGE('',*,*,#592,.T.);
#271=ORIENTED_EDGE('',*,*,#593,.T.);
#272=ORIENTED_EDGE('',*,*,#594,.T.);
#273=ORIENTED_EDGE('',*,*,#584,.F.);
#274=ORIENTED_EDGE('',*,*,#595,.T.);
#275=ORIENTED_EDGE('',*,*,#596,.T.);
#276=ORIENTED_EDGE('',*,*,#597,.T.);
#277=ORIENTED_EDGE('',*,*,#598,.T.);
#278=ORIENTED_EDGE('',*,*,#599,.T.);
#279=ORIENTED_EDGE('',*,*,#600,.T.);
#280=ORIENTED_EDGE('',*,*,#591,.F.);
#281=ORIENTED_EDGE('',*,*,#601,.T.);
#282=ORIENTED_EDGE('',*,*,#602,.T.);
#283=ORIENTED_EDGE('',*,*,#603,.T.);
#284=ORIENTED_EDGE('',*,*,#604,.T.);
#285=ORIENTED_EDGE('',*,*,#605,.T.);
#286=ORIENTED_EDGE('',*,*,#606,.F.);
#287=ORIENTED_EDGE('',*,*,#524,.T.);
#288=ORIENTED_EDGE('',*,*,#607,.T.);
#289=ORIENTED_EDGE('',*,*,#526,.T.);
#290=ORIENTED_EDGE('',*,*,#608,.T.);
#291=ORIENTED_EDGE('',*,*,#606,.T.);
#292=ORIENTED_EDGE('',*,*,#609,.T.);
#293=ORIENTED_EDGE('',*,*,#610,.T.);
#294=ORIENTED_EDGE('',*,*,#611,.F.);
#295=ORIENTED_EDGE('',*,*,#612,.T.);
#296=ORIENTED_EDGE('',*,*,#613,.T.);
#297=ORIENTED_EDGE('',*,*,#614,.T.);
#298=ORIENTED_EDGE('',*,*,#547,.T.);
#299=ORIENTED_EDGE('',*,*,#615,.T.);
#300=ORIENTED_EDGE('',*,*,#609,.F.);
#301=ORIENTED_EDGE('',*,*,#616,.T.);
#302=ORIENTED_EDGE('',*,*,#589,.F.);
#303=ORIENTED_EDGE('',*,*,#617,.T.);
#304=ORIENTED_EDGE('',*,*,#618,.T.);
#305=ORIENTED_EDGE('',*,*,#619,.T.);
#306=ORIENTED_EDGE('',*,*,#620,.T.);
#307=ORIENTED_EDGE('',*,*,#621,.T.);
#308=ORIENTED_EDGE('',*,*,#622,.T.);
#309=ORIENTED_EDGE('',*,*,#611,.T.);
#310=ORIENTED_EDGE('',*,*,#623,.T.);
#311=ORIENTED_EDGE('',*,*,#624,.T.);
#312=ORIENTED_EDGE('',*,*,#625,.T.);
#313=ORIENTED_EDGE('',*,*,#626,.T.);
#314=ORIENTED_EDGE('',*,*,#627,.T.);
#315=ORIENTED_EDGE('',*,*,#628,.T.);
#316=ORIENTED_EDGE('',*,*,#629,.T.);
#317=ORIENTED_EDGE('',*,*,#630,.T.);
#318=ORIENTED_EDGE('',*,*,#631,.T.);
#319=ORIENTED_EDGE('',*,*,#632,.T.);
#320=ORIENTED_EDGE('',*,*,#633,.T.);
#321=ORIENTED_EDGE('',*,*,#634,.T.);
#322=ORIENTED_EDGE('',*,*,#579,.F.);
#323=ORIENTED_EDGE('',*,*,#586,.F.);
#324=ORIENTED_EDGE('',*,*,#635,.T.);
#325=ORIENTED_EDGE('',*,*,#558,.T.);
#326=ORIENTED_EDGE('',*,*,#569,.T.);
#327=ORIENTED_EDGE('',*,*,#636,.T.);
#328=ORIENTED_EDGE('',*,*,#553,.T.);
#329=ORIENTED_EDGE('',*,*,#559,.T.);
#330=ORIENTED_EDGE('',*,*,#635,.F.);
#331=ORIENTED_EDGE('',*,*,#585,.F.);
#332=ORIENTED_EDGE('',*,*,#594,.F.);
#333=ORIENTED_EDGE('',*,*,#637,.T.);
#334=ORIENTED_EDGE('',*,*,#638,.T.);
#335=ORIENTED_EDGE('',*,*,#639,.T.);
#336=ORIENTED_EDGE('',*,*,#640,.T.);
#337=ORIENTED_EDGE('',*,*,#641,.F.);
#338=ORIENTED_EDGE('',*,*,#593,.F.);
#339=ORIENTED_EDGE('',*,*,#642,.T.);
#340=ORIENTED_EDGE('',*,*,#641,.T.);
#341=ORIENTED_EDGE('',*,*,#643,.T.);
#342=ORIENTED_EDGE('',*,*,#554,.T.);
#343=ORIENTED_EDGE('',*,*,#637,.F.);
#344=ORIENTED_EDGE('',*,*,#541,.T.);
#345=ORIENTED_EDGE('',*,*,#644,.T.);
#346=ORIENTED_EDGE('',*,*,#604,.F.);
#347=ORIENTED_EDGE('',*,*,#645,.T.);
#348=ORIENTED_EDGE('',*,*,#543,.T.);
#349=ORIENTED_EDGE('',*,*,#646,.T.);
#350=ORIENTED_EDGE('',*,*,#602,.F.);
#351=ORIENTED_EDGE('',*,*,#647,.T.);
#352=ORIENTED_EDGE('',*,*,#536,.T.);
#353=ORIENTED_EDGE('',*,*,#597,.F.);
#354=ORIENTED_EDGE('',*,*,#648,.T.);
#355=ORIENTED_EDGE('',*,*,#649,.F.);
#356=ORIENTED_EDGE('',*,*,#570,.T.);
#357=ORIENTED_EDGE('',*,*,#582,.F.);
#358=ORIENTED_EDGE('',*,*,#563,.T.);
#359=ORIENTED_EDGE('',*,*,#650,.T.);
#360=ORIENTED_EDGE('',*,*,#574,.F.);
#361=ORIENTED_EDGE('',*,*,#651,.T.);
#362=ORIENTED_EDGE('',*,*,#565,.T.);
#363=ORIENTED_EDGE('',*,*,#652,.T.);
#364=ORIENTED_EDGE('',*,*,#572,.F.);
#365=ORIENTED_EDGE('',*,*,#653,.T.);
#366=ORIENTED_EDGE('',*,*,#600,.F.);
#367=ORIENTED_EDGE('',*,*,#654,.T.);
#368=ORIENTED_EDGE('',*,*,#638,.F.);
#369=ORIENTED_EDGE('',*,*,#642,.F.);
#370=ORIENTED_EDGE('',*,*,#592,.F.);
#371=ORIENTED_EDGE('',*,*,#640,.F.);
#372=ORIENTED_EDGE('',*,*,#655,.T.);
#373=ORIENTED_EDGE('',*,*,#537,.F.);
#374=ORIENTED_EDGE('',*,*,#555,.F.);
#375=ORIENTED_EDGE('',*,*,#643,.F.);
#376=ORIENTED_EDGE('',*,*,#539,.F.);
#377=ORIENTED_EDGE('',*,*,#656,.T.);
#378=ORIENTED_EDGE('',*,*,#618,.F.);
#379=ORIENTED_EDGE('',*,*,#657,.F.);
#380=ORIENTED_EDGE('',*,*,#644,.F.);
#381=ORIENTED_EDGE('',*,*,#540,.F.);
#382=ORIENTED_EDGE('',*,*,#657,.T.);
#383=ORIENTED_EDGE('',*,*,#610,.F.);
#384=ORIENTED_EDGE('',*,*,#615,.F.);
#385=ORIENTED_EDGE('',*,*,#546,.F.);
#386=ORIENTED_EDGE('',*,*,#544,.F.);
#387=ORIENTED_EDGE('',*,*,#646,.F.);
#388=ORIENTED_EDGE('',*,*,#542,.F.);
#389=ORIENTED_EDGE('',*,*,#648,.F.);
#390=ORIENTED_EDGE('',*,*,#622,.F.);
#391=ORIENTED_EDGE('',*,*,#658,.T.);
#392=ORIENTED_EDGE('',*,*,#598,.F.);
#393=ORIENTED_EDGE('',*,*,#659,.F.);
#394=ORIENTED_EDGE('',*,*,#616,.F.);
#395=ORIENTED_EDGE('',*,*,#612,.F.);
#396=ORIENTED_EDGE('',*,*,#659,.T.);
#397=ORIENTED_EDGE('',*,*,#605,.F.);
#398=ORIENTED_EDGE('',*,*,#645,.F.);
#399=ORIENTED_EDGE('',*,*,#603,.F.);
#400=ORIENTED_EDGE('',*,*,#647,.F.);
#401=ORIENTED_EDGE('',*,*,#601,.F.);
#402=ORIENTED_EDGE('',*,*,#590,.F.);
#403=ORIENTED_EDGE('',*,*,#649,.T.);
#404=ORIENTED_EDGE('',*,*,#660,.F.);
#405=ORIENTED_EDGE('',*,*,#658,.F.);
#406=ORIENTED_EDGE('',*,*,#621,.F.);
#407=ORIENTED_EDGE('',*,*,#661,.F.);
#408=ORIENTED_EDGE('',*,*,#662,.F.);
#409=ORIENTED_EDGE('',*,*,#599,.F.);
#410=ORIENTED_EDGE('',*,*,#660,.T.);
#411=ORIENTED_EDGE('',*,*,#663,.F.);
#412=ORIENTED_EDGE('',*,*,#522,.F.);
#413=ORIENTED_EDGE('',*,*,#654,.F.);
#414=ORIENTED_EDGE('',*,*,#662,.T.);
#415=ORIENTED_EDGE('',*,*,#664,.F.);
#416=ORIENTED_EDGE('',*,*,#663,.T.);
#417=ORIENTED_EDGE('',*,*,#661,.T.);
#418=ORIENTED_EDGE('',*,*,#665,.F.);
#419=ORIENTED_EDGE('',*,*,#608,.F.);
#420=ORIENTED_EDGE('',*,*,#529,.F.);
#421=ORIENTED_EDGE('',*,*,#666,.F.);
#422=ORIENTED_EDGE('',*,*,#639,.F.);
#423=ORIENTED_EDGE('',*,*,#664,.T.);
#424=ORIENTED_EDGE('',*,*,#525,.F.);
#425=ORIENTED_EDGE('',*,*,#665,.T.);
#426=ORIENTED_EDGE('',*,*,#620,.F.);
#427=ORIENTED_EDGE('',*,*,#667,.F.);
#428=ORIENTED_EDGE('',*,*,#527,.F.);
#429=ORIENTED_EDGE('',*,*,#607,.F.);
#430=ORIENTED_EDGE('',*,*,#523,.F.);
#431=ORIENTED_EDGE('',*,*,#655,.F.);
#432=ORIENTED_EDGE('',*,*,#666,.T.);
#433=ORIENTED_EDGE('',*,*,#668,.F.);
#434=ORIENTED_EDGE('',*,*,#669,.F.);
#435=ORIENTED_EDGE('',*,*,#667,.T.);
#436=ORIENTED_EDGE('',*,*,#670,.F.);
#437=ORIENTED_EDGE('',*,*,#528,.F.);
#438=ORIENTED_EDGE('',*,*,#669,.T.);
#439=ORIENTED_EDGE('',*,*,#671,.F.);
#440=ORIENTED_EDGE('',*,*,#538,.F.);
#441=ORIENTED_EDGE('',*,*,#668,.T.);
#442=ORIENTED_EDGE('',*,*,#670,.T.);
#443=ORIENTED_EDGE('',*,*,#619,.F.);
#444=ORIENTED_EDGE('',*,*,#656,.F.);
#445=ORIENTED_EDGE('',*,*,#671,.T.);
#446=ORIENTED_EDGE('',*,*,#672,.F.);
#447=ORIENTED_EDGE('',*,*,#630,.F.);
#448=ORIENTED_EDGE('',*,*,#673,.F.);
#449=ORIENTED_EDGE('',*,*,#534,.F.);
#450=ORIENTED_EDGE('',*,*,#581,.F.);
#451=ORIENTED_EDGE('',*,*,#673,.T.);
#452=ORIENTED_EDGE('',*,*,#632,.F.);
#453=ORIENTED_EDGE('',*,*,#674,.F.);
#454=ORIENTED_EDGE('',*,*,#567,.F.);
#455=ORIENTED_EDGE('',*,*,#535,.F.);
#456=ORIENTED_EDGE('',*,*,#580,.F.);
#457=ORIENTED_EDGE('',*,*,#634,.F.);
#458=ORIENTED_EDGE('',*,*,#675,.F.);
#459=ORIENTED_EDGE('',*,*,#672,.T.);
#460=ORIENTED_EDGE('',*,*,#568,.F.);
#461=ORIENTED_EDGE('',*,*,#674,.T.);
#462=ORIENTED_EDGE('',*,*,#676,.F.);
#463=ORIENTED_EDGE('',*,*,#636,.F.);
#464=ORIENTED_EDGE('',*,*,#675,.T.);
#465=ORIENTED_EDGE('',*,*,#633,.F.);
#466=ORIENTED_EDGE('',*,*,#676,.T.);
#467=ORIENTED_EDGE('',*,*,#631,.F.);
#468=ORIENTED_EDGE('',*,*,#571,.F.);
#469=ORIENTED_EDGE('',*,*,#532,.F.);
#470=ORIENTED_EDGE('',*,*,#677,.F.);
#471=ORIENTED_EDGE('',*,*,#629,.F.);
#472=ORIENTED_EDGE('',*,*,#678,.F.);
#473=ORIENTED_EDGE('',*,*,#576,.F.);
#474=ORIENTED_EDGE('',*,*,#575,.F.);
#475=ORIENTED_EDGE('',*,*,#651,.F.);
#476=ORIENTED_EDGE('',*,*,#573,.F.);
#477=ORIENTED_EDGE('',*,*,#653,.F.);
#478=ORIENTED_EDGE('',*,*,#562,.F.);
#479=ORIENTED_EDGE('',*,*,#561,.F.);
#480=ORIENTED_EDGE('',*,*,#679,.F.);
#481=ORIENTED_EDGE('',*,*,#623,.F.);
#482=ORIENTED_EDGE('',*,*,#677,.T.);
#483=ORIENTED_EDGE('',*,*,#531,.F.);
#484=ORIENTED_EDGE('',*,*,#566,.F.);
#485=ORIENTED_EDGE('',*,*,#652,.F.);
#486=ORIENTED_EDGE('',*,*,#564,.F.);
#487=ORIENTED_EDGE('',*,*,#650,.F.);
#488=ORIENTED_EDGE('',*,*,#678,.T.);
#489=ORIENTED_EDGE('',*,*,#628,.F.);
#490=ORIENTED_EDGE('',*,*,#680,.F.);
#491=ORIENTED_EDGE('',*,*,#595,.F.);
#492=ORIENTED_EDGE('',*,*,#583,.F.);
#493=ORIENTED_EDGE('',*,*,#577,.F.);
#494=ORIENTED_EDGE('',*,*,#556,.F.);
#495=ORIENTED_EDGE('',*,*,#551,.F.);
#496=ORIENTED_EDGE('',*,*,#681,.F.);
#497=ORIENTED_EDGE('',*,*,#624,.F.);
#498=ORIENTED_EDGE('',*,*,#679,.T.);
#499=ORIENTED_EDGE('',*,*,#560,.F.);
#500=ORIENTED_EDGE('',*,*,#680,.T.);
#501=ORIENTED_EDGE('',*,*,#627,.F.);
#502=ORIENTED_EDGE('',*,*,#682,.F.);
#503=ORIENTED_EDGE('',*,*,#587,.F.);
#504=ORIENTED_EDGE('',*,*,#596,.F.);
#505=ORIENTED_EDGE('',*,*,#550,.F.);
#506=ORIENTED_EDGE('',*,*,#549,.F.);
#507=ORIENTED_EDGE('',*,*,#683,.F.);
#508=ORIENTED_EDGE('',*,*,#625,.F.);
#509=ORIENTED_EDGE('',*,*,#681,.T.);
#510=ORIENTED_EDGE('',*,*,#588,.F.);
#511=ORIENTED_EDGE('',*,*,#682,.T.);
#512=ORIENTED_EDGE('',*,*,#684,.F.);
#513=ORIENTED_EDGE('',*,*,#617,.F.);
#514=ORIENTED_EDGE('',*,*,#548,.F.);
#515=ORIENTED_EDGE('',*,*,#614,.F.);
#516=ORIENTED_EDGE('',*,*,#685,.F.);
#517=ORIENTED_EDGE('',*,*,#683,.T.);
#518=ORIENTED_EDGE('',*,*,#684,.T.);
#519=ORIENTED_EDGE('',*,*,#626,.F.);
#520=ORIENTED_EDGE('',*,*,#685,.T.);
#521=ORIENTED_EDGE('',*,*,#613,.F.);
#522=EDGE_CURVE('',#686,#687,#793,.F.);
#523=EDGE_CURVE('',#687,#688,#794,.F.);
#524=EDGE_CURVE('',#689,#688,#175,.T.);
#525=EDGE_CURVE('',#689,#686,#795,.F.);
#526=EDGE_CURVE('',#690,#691,#176,.T.);
#527=EDGE_CURVE('',#690,#692,#796,.F.);
#528=EDGE_CURVE('',#692,#693,#797,.T.);
#529=EDGE_CURVE('',#693,#691,#798,.F.);
#530=EDGE_CURVE('',#694,#695,#71,.T.);
#531=EDGE_CURVE('',#694,#696,#72,.T.);
#532=EDGE_CURVE('',#696,#697,#73,.T.);
#533=EDGE_CURVE('',#697,#698,#74,.T.);
#534=EDGE_CURVE('',#698,#699,#75,.T.);
#535=EDGE_CURVE('',#699,#695,#76,.T.);
#536=EDGE_CURVE('',#700,#700,#177,.T.);
#537=EDGE_CURVE('',#701,#702,#799,.F.);
#538=EDGE_CURVE('',#702,#703,#800,.F.);
#539=EDGE_CURVE('',#703,#704,#77,.T.);
#540=EDGE_CURVE('',#704,#705,#78,.T.);
#541=EDGE_CURVE('',#706,#705,#178,.T.);
#542=EDGE_CURVE('',#706,#707,#79,.T.);
#543=EDGE_CURVE('',#708,#707,#179,.T.);
#544=EDGE_CURVE('',#708,#709,#80,.T.);
#545=EDGE_CURVE('',#709,#701,#801,.T.);
#546=EDGE_CURVE('',#709,#710,#81,.T.);
#547=EDGE_CURVE('',#711,#710,#82,.T.);
#548=EDGE_CURVE('',#711,#712,#83,.T.);
#549=EDGE_CURVE('',#712,#713,#84,.T.);
#550=EDGE_CURVE('',#713,#714,#85,.T.);
#551=EDGE_CURVE('',#714,#715,#86,.T.);
#552=EDGE_CURVE('',#715,#716,#802,.T.);
#553=EDGE_CURVE('',#717,#716,#87,.T.);
#554=EDGE_CURVE('',#718,#717,#88,.T.);
#555=EDGE_CURVE('',#718,#701,#89,.T.);
#556=EDGE_CURVE('',#715,#719,#90,.T.);
#557=EDGE_CURVE('',#719,#720,#803,.T.);
#558=EDGE_CURVE('',#721,#720,#804,.T.);
#559=EDGE_CURVE('',#716,#721,#51,.T.);
#560=EDGE_CURVE('',#719,#722,#91,.T.);
#561=EDGE_CURVE('',#722,#723,#92,.T.);
#562=EDGE_CURVE('',#723,#724,#93,.T.);
#563=EDGE_CURVE('',#725,#724,#94,.T.);
#564=EDGE_CURVE('',#725,#726,#95,.T.);
#565=EDGE_CURVE('',#727,#726,#96,.T.);
#566=EDGE_CURVE('',#727,#694,#97,.T.);
#567=EDGE_CURVE('',#695,#728,#98,.T.);
#568=EDGE_CURVE('',#728,#729,#99,.T.);
#569=EDGE_CURVE('',#720,#729,#100,.T.);
#570=EDGE_CURVE('',#730,#730,#101,.T.);
#571=EDGE_CURVE('',#697,#731,#102,.T.);
#572=EDGE_CURVE('',#731,#732,#103,.T.);
#573=EDGE_CURVE('',#732,#733,#104,.T.);
#574=EDGE_CURVE('',#733,#734,#105,.T.);
#575=EDGE_CURVE('',#734,#735,#106,.T.);
#576=EDGE_CURVE('',#735,#736,#107,.T.);
#577=EDGE_CURVE('',#736,#737,#108,.T.);
#578=EDGE_CURVE('',#737,#738,#805,.T.);
#579=EDGE_CURVE('',#738,#739,#109,.T.);
#580=EDGE_CURVE('',#739,#740,#110,.T.);
#581=EDGE_CURVE('',#740,#698,#111,.T.);
#582=EDGE_CURVE('',#741,#741,#112,.T.);
#583=EDGE_CURVE('',#737,#742,#113,.T.);
#584=EDGE_CURVE('',#742,#743,#806,.T.);
#585=EDGE_CURVE('',#743,#744,#52,.T.);
#586=EDGE_CURVE('',#744,#738,#807,.T.);
#587=EDGE_CURVE('',#745,#746,#114,.T.);
#588=EDGE_CURVE('',#746,#747,#115,.T.);
#589=EDGE_CURVE('',#747,#748,#116,.T.);
#590=EDGE_CURVE('',#748,#749,#117,.T.);
#591=EDGE_CURVE('',#749,#750,#808,.T.);
#592=EDGE_CURVE('',#750,#751,#118,.T.);
#593=EDGE_CURVE('',#751,#752,#119,.T.);
#594=EDGE_CURVE('',#752,#743,#120,.T.);
#595=EDGE_CURVE('',#742,#753,#121,.T.);
#596=EDGE_CURVE('',#753,#745,#122,.T.);
#597=EDGE_CURVE('',#754,#754,#180,.T.);
#598=EDGE_CURVE('',#755,#756,#123,.T.);
#599=EDGE_CURVE('',#756,#757,#809,.T.);
#600=EDGE_CURVE('',#757,#750,#810,.T.);
#601=EDGE_CURVE('',#749,#758,#124,.T.);
#602=EDGE_CURVE('',#758,#759,#181,.T.);
#603=EDGE_CURVE('',#759,#760,#125,.T.);
#604=EDGE_CURVE('',#760,#761,#182,.T.);
#605=EDGE_CURVE('',#761,#755,#126,.T.);
#606=EDGE_CURVE('',#762,#762,#183,.T.);
#607=EDGE_CURVE('',#688,#690,#127,.T.);
#608=EDGE_CURVE('',#691,#689,#128,.T.);
#609=EDGE_CURVE('',#763,#764,#811,.T.);
#610=EDGE_CURVE('',#764,#765,#129,.T.);
#611=EDGE_CURVE('',#766,#765,#812,.T.);
#612=EDGE_CURVE('',#766,#763,#130,.T.);
#613=EDGE_CURVE('',#767,#768,#813,.T.);
#614=EDGE_CURVE('',#768,#711,#131,.F.);
#615=EDGE_CURVE('',#710,#764,#132,.T.);
#616=EDGE_CURVE('',#763,#748,#133,.T.);
#617=EDGE_CURVE('',#747,#767,#134,.T.);
#618=EDGE_CURVE('',#765,#769,#135,.T.);
#619=EDGE_CURVE('',#769,#770,#136,.T.);
#620=EDGE_CURVE('',#770,#771,#814,.F.);
#621=EDGE_CURVE('',#771,#772,#137,.T.);
#622=EDGE_CURVE('',#772,#766,#138,.T.);
#623=EDGE_CURVE('',#773,#774,#139,.T.);
#624=EDGE_CURVE('',#774,#775,#140,.T.);
#625=EDGE_CURVE('',#775,#776,#141,.T.);
#626=EDGE_CURVE('',#776,#777,#815,.F.);
#627=EDGE_CURVE('',#777,#778,#142,.T.);
#628=EDGE_CURVE('',#778,#779,#143,.T.);
#629=EDGE_CURVE('',#779,#773,#144,.T.);
#630=EDGE_CURVE('',#780,#781,#145,.T.);
#631=EDGE_CURVE('',#781,#782,#816,.T.);
#632=EDGE_CURVE('',#782,#780,#146,.T.);
#633=EDGE_CURVE('',#783,#784,#817,.T.);
#634=EDGE_CURVE('',#784,#739,#147,.F.);
#635=EDGE_CURVE('',#744,#721,#818,.T.);
#636=EDGE_CURVE('',#729,#783,#148,.T.);
#637=EDGE_CURVE('',#752,#717,#819,.T.);
#638=EDGE_CURVE('',#785,#786,#820,.F.);
#639=EDGE_CURVE('',#786,#787,#821,.T.);
#640=EDGE_CURVE('',#787,#788,#822,.T.);
#641=EDGE_CURVE('',#785,#788,#823,.T.);
#642=EDGE_CURVE('',#751,#785,#149,.T.);
#643=EDGE_CURVE('',#788,#718,#150,.F.);
#644=EDGE_CURVE('',#705,#706,#151,.T.);
#645=EDGE_CURVE('',#760,#761,#152,.T.);
#646=EDGE_CURVE('',#707,#708,#153,.T.);
#647=EDGE_CURVE('',#758,#759,#154,.T.);
#648=EDGE_CURVE('',#789,#789,#155,.T.);
#649=EDGE_CURVE('',#790,#790,#156,.T.);
#650=EDGE_CURVE('',#724,#725,#157,.T.);
#651=EDGE_CURVE('',#733,#734,#158,.T.);
#652=EDGE_CURVE('',#726,#727,#159,.T.);
#653=EDGE_CURVE('',#731,#732,#160,.T.);
#654=EDGE_CURVE('',#757,#786,#184,.T.);
#655=EDGE_CURVE('',#787,#702,#185,.T.);
#656=EDGE_CURVE('',#703,#769,#186,.T.);
#657=EDGE_CURVE('',#704,#765,#161,.F.);
#658=EDGE_CURVE('',#772,#756,#187,.T.);
#659=EDGE_CURVE('',#766,#755,#162,.T.);
#660=EDGE_CURVE('',#756,#791,#163,.T.);
#661=EDGE_CURVE('',#791,#771,#188,.T.);
#662=EDGE_CURVE('',#757,#686,#53,.T.);
#663=EDGE_CURVE('',#687,#791,#54,.F.);
#664=EDGE_CURVE('',#786,#686,#55,.T.);
#665=EDGE_CURVE('',#687,#771,#56,.F.);
#666=EDGE_CURVE('',#787,#693,#57,.T.);
#667=EDGE_CURVE('',#692,#770,#58,.F.);
#668=EDGE_CURVE('',#702,#693,#59,.T.);
#669=EDGE_CURVE('',#692,#792,#60,.F.);
#670=EDGE_CURVE('',#792,#770,#189,.F.);
#671=EDGE_CURVE('',#703,#792,#164,.T.);
#672=EDGE_CURVE('',#781,#740,#190,.T.);
#673=EDGE_CURVE('',#699,#780,#165,.F.);
#674=EDGE_CURVE('',#728,#782,#191,.T.);
#675=EDGE_CURVE('',#781,#784,#166,.T.);
#676=EDGE_CURVE('',#783,#782,#167,.T.);
#677=EDGE_CURVE('',#773,#696,#168,.T.);
#678=EDGE_CURVE('',#736,#779,#169,.T.);
#679=EDGE_CURVE('',#774,#722,#170,.F.);
#680=EDGE_CURVE('',#753,#778,#171,.T.);
#681=EDGE_CURVE('',#775,#714,#172,.F.);
#682=EDGE_CURVE('',#746,#777,#192,.T.);
#683=EDGE_CURVE('',#776,#712,#193,.T.);
#684=EDGE_CURVE('',#767,#777,#173,.T.);
#685=EDGE_CURVE('',#776,#768,#174,.T.);
#686=VERTEX_POINT('',#1287);
#687=VERTEX_POINT('',#1288);
#688=VERTEX_POINT('',#1290);
#689=VERTEX_POINT('',#1292);
#690=VERTEX_POINT('',#1296);
#691=VERTEX_POINT('',#1297);
#692=VERTEX_POINT('',#1299);
#693=VERTEX_POINT('',#1301);
#694=VERTEX_POINT('',#1309);
#695=VERTEX_POINT('',#1310);
#696=VERTEX_POINT('',#1320);
#697=VERTEX_POINT('',#1331);
#698=VERTEX_POINT('',#1337);
#699=VERTEX_POINT('',#1342);
#700=VERTEX_POINT('',#1349);
#701=VERTEX_POINT('',#1351);
#702=VERTEX_POINT('',#1352);
#703=VERTEX_POINT('',#1354);
#704=VERTEX_POINT('',#1364);
#705=VERTEX_POINT('',#1369);
#706=VERTEX_POINT('',#1371);
#707=VERTEX_POINT('',#1378);
#708=VERTEX_POINT('',#1380);
#709=VERTEX_POINT('',#1386);
#710=VERTEX_POINT('',#1406);
#711=VERTEX_POINT('',#1413);
#712=VERTEX_POINT('',#1419);
#713=VERTEX_POINT('',#1425);
#714=VERTEX_POINT('',#1430);
#715=VERTEX_POINT('',#1435);
#716=VERTEX_POINT('',#1437);
#717=VERTEX_POINT('',#1443);
#718=VERTEX_POINT('',#1454);
#719=VERTEX_POINT('',#1470);
#720=VERTEX_POINT('',#1472);
#721=VERTEX_POINT('',#1474);
#722=VERTEX_POINT('',#1494);
#723=VERTEX_POINT('',#1499);
#724=VERTEX_POINT('',#1509);
#725=VERTEX_POINT('',#1514);
#726=VERTEX_POINT('',#1519);
#727=VERTEX_POINT('',#1531);
#728=VERTEX_POINT('',#1544);
#729=VERTEX_POINT('',#1551);
#730=VERTEX_POINT('',#1568);
#731=VERTEX_POINT('',#1587);
#732=VERTEX_POINT('',#1599);
#733=VERTEX_POINT('',#1604);
#734=VERTEX_POINT('',#1609);
#735=VERTEX_POINT('',#1620);
#736=VERTEX_POINT('',#1625);
#737=VERTEX_POINT('',#1630);
#738=VERTEX_POINT('',#1632);
#739=VERTEX_POINT('',#1638);
#740=VERTEX_POINT('',#1645);
#741=VERTEX_POINT('',#1665);
#742=VERTEX_POINT('',#1672);
#743=VERTEX_POINT('',#1674);
#744=VERTEX_POINT('',#1676);
#745=VERTEX_POINT('',#1696);
#746=VERTEX_POINT('',#1697);
#747=VERTEX_POINT('',#1703);
#748=VERTEX_POINT('',#1710);
#749=VERTEX_POINT('',#1715);
#750=VERTEX_POINT('',#1717);
#751=VERTEX_POINT('',#1725);
#752=VERTEX_POINT('',#1736);
#753=VERTEX_POINT('',#1746);
#754=VERTEX_POINT('',#1753);
#755=VERTEX_POINT('',#1763);
#756=VERTEX_POINT('',#1764);
#757=VERTEX_POINT('',#1766);
#758=VERTEX_POINT('',#1773);
#759=VERTEX_POINT('',#1775);
#760=VERTEX_POINT('',#1782);
#761=VERTEX_POINT('',#1784);
#762=VERTEX_POINT('',#1791);
#763=VERTEX_POINT('',#1824);
#764=VERTEX_POINT('',#1825);
#765=VERTEX_POINT('',#1834);
#766=VERTEX_POINT('',#1836);
#767=VERTEX_POINT('',#1854);
#768=VERTEX_POINT('',#1855);
#769=VERTEX_POINT('',#1899);
#770=VERTEX_POINT('',#1904);
#771=VERTEX_POINT('',#1906);
#772=VERTEX_POINT('',#1911);
#773=VERTEX_POINT('',#1936);
#774=VERTEX_POINT('',#1937);
#775=VERTEX_POINT('',#1944);
#776=VERTEX_POINT('',#1949);
#777=VERTEX_POINT('',#1951);
#778=VERTEX_POINT('',#1956);
#779=VERTEX_POINT('',#1963);
#780=VERTEX_POINT('',#1976);
#781=VERTEX_POINT('',#1977);
#782=VERTEX_POINT('',#1979);
#783=VERTEX_POINT('',#1986);
#784=VERTEX_POINT('',#1987);
#785=VERTEX_POINT('',#2018);
#786=VERTEX_POINT('',#2019);
#787=VERTEX_POINT('',#2021);
#788=VERTEX_POINT('',#2023);
#789=VERTEX_POINT('',#2106);
#790=VERTEX_POINT('',#2124);
#791=VERTEX_POINT('',#2414);
#792=VERTEX_POINT('',#2523);
#793=LINE('',#1286,#824);
#794=LINE('',#1289,#825);
#795=LINE('',#1293,#826);
#796=LINE('',#1298,#827);
#797=LINE('',#1300,#828);
#798=LINE('',#1302,#829);
#799=LINE('',#1350,#830);
#800=LINE('',#1353,#831);
#801=LINE('',#1387,#832);
#802=LINE('',#1436,#833);
#803=LINE('',#1471,#834);
#804=LINE('',#1473,#835);
#805=LINE('',#1631,#836);
#806=LINE('',#1673,#837);
#807=LINE('',#1677,#838);
#808=LINE('',#1716,#839);
#809=LINE('',#1765,#840);
#810=LINE('',#1767,#841);
#811=LINE('',#1823,#842);
#812=LINE('',#1835,#843);
#813=LINE('',#1853,#844);
#814=LINE('',#1905,#845);
#815=LINE('',#1950,#846);
#816=LINE('',#1978,#847);
#817=LINE('',#1985,#848);
#818=LINE('',#1994,#849);
#819=LINE('',#2015,#850);
#820=LINE('',#2017,#851);
#821=LINE('',#2020,#852);
#822=LINE('',#2022,#853);
#823=LINE('',#2024,#854);
#824=VECTOR('',#1143,1.);
#825=VECTOR('',#1144,1.);
#826=VECTOR('',#1147,1.);
#827=VECTOR('',#1152,1.);
#828=VECTOR('',#1153,1.);
#829=VECTOR('',#1154,1.);
#830=VECTOR('',#1161,1.);
#831=VECTOR('',#1162,1.);
#832=VECTOR('',#1167,1.);
#833=VECTOR('',#1168,1.);
#834=VECTOR('',#1171,1.);
#835=VECTOR('',#1172,1.);
#836=VECTOR('',#1175,1.);
#837=VECTOR('',#1178,1.);
#838=VECTOR('',#1181,1.);
#839=VECTOR('',#1182,1.);
#840=VECTOR('',#1187,1.);
#841=VECTOR('',#1188,1.);
#842=VECTOR('',#1199,1.);
#843=VECTOR('',#1200,1.);
#844=VECTOR('',#1201,1.);
#845=VECTOR('',#1202,1.);
#846=VECTOR('',#1203,1.);
#847=VECTOR('',#1206,1.);
#848=VECTOR('',#1209,1.);
#849=VECTOR('',#1210,1.);
#850=VECTOR('',#1211,1.);
#851=VECTOR('',#1214,1.);
#852=VECTOR('',#1215,1.);
#853=VECTOR('',#1216,1.);
#854=VECTOR('',#1217,1.);
#855=EDGE_LOOP('',(#194,#195,#196,#197));
#856=EDGE_LOOP('',(#198,#199,#200,#201));
#857=EDGE_LOOP('',(#202,#203,#204,#205,#206,#207));
#858=EDGE_LOOP('',(#208));
#859=EDGE_LOOP('',(#209,#210,#211,#212,#213,#214,#215,#216,#217));
#860=EDGE_LOOP('',(#218,#219,#220,#221,#222,#223,#224,#225,#226,#227,#228));
#861=EDGE_LOOP('',(#229,#230,#231,#232,#233));
#862=EDGE_LOOP('',(#234,#235,#236,#237,#238,#239,#240,#241,#242,#243,#244,
#245));
#863=EDGE_LOOP('',(#246));
#864=EDGE_LOOP('',(#247,#248,#249,#250,#251,#252,#253,#254,#255,#256,#257,
#258));
#865=EDGE_LOOP('',(#259));
#866=EDGE_LOOP('',(#260,#261,#262,#263,#264));
#867=EDGE_LOOP('',(#265,#266,#267,#268,#269,#270,#271,#272,#273,#274,#275));
#868=EDGE_LOOP('',(#276));
#869=EDGE_LOOP('',(#277,#278,#279,#280,#281,#282,#283,#284,#285));
#870=EDGE_LOOP('',(#286));
#871=EDGE_LOOP('',(#287,#288,#289,#290));
#872=EDGE_LOOP('',(#291));
#873=EDGE_LOOP('',(#292,#293,#294,#295));
#874=EDGE_LOOP('',(#296,#297,#298,#299,#300,#301,#302,#303));
#875=EDGE_LOOP('',(#304,#305,#306,#307,#308,#309));
#876=EDGE_LOOP('',(#310,#311,#312,#313,#314,#315,#316));
#877=EDGE_LOOP('',(#317,#318,#319));
#878=EDGE_LOOP('',(#320,#321,#322,#323,#324,#325,#326,#327));
#879=EDGE_LOOP('',(#328,#329,#330,#331,#332,#333));
#880=EDGE_LOOP('',(#334,#335,#336,#337));
#881=EDGE_LOOP('',(#338,#339,#340,#341,#342,#343));
#882=EDGE_LOOP('',(#344,#345));
#883=EDGE_LOOP('',(#346,#347));
#884=EDGE_LOOP('',(#348,#349));
#885=EDGE_LOOP('',(#350,#351));
#886=EDGE_LOOP('',(#352));
#887=EDGE_LOOP('',(#353));
#888=EDGE_LOOP('',(#354));
#889=EDGE_LOOP('',(#355));
#890=EDGE_LOOP('',(#356));
#891=EDGE_LOOP('',(#357));
#892=EDGE_LOOP('',(#358,#359));
#893=EDGE_LOOP('',(#360,#361));
#894=EDGE_LOOP('',(#362,#363));
#895=EDGE_LOOP('',(#364,#365));
#896=EDGE_LOOP('',(#366,#367,#368,#369,#370));
#897=EDGE_LOOP('',(#371,#372,#373,#374,#375));
#898=EDGE_LOOP('',(#376,#377,#378,#379));
#899=EDGE_LOOP('',(#380,#381,#382,#383,#384,#385,#386,#387,#388));
#900=EDGE_LOOP('',(#389));
#901=EDGE_LOOP('',(#390,#391,#392,#393));
#902=EDGE_LOOP('',(#394,#395,#396,#397,#398,#399,#400,#401,#402));
#903=EDGE_LOOP('',(#403));
#904=EDGE_LOOP('',(#404,#405,#406,#407));
#905=EDGE_LOOP('',(#408,#409,#410,#411,#412));
#906=EDGE_LOOP('',(#413,#414,#415));
#907=EDGE_LOOP('',(#416,#417,#418));
#908=EDGE_LOOP('',(#419,#420,#421,#422,#423,#424));
#909=EDGE_LOOP('',(#425,#426,#427,#428,#429,#430));
#910=EDGE_LOOP('',(#431,#432,#433));
#911=EDGE_LOOP('',(#434,#435,#436));
#912=EDGE_LOOP('',(#437,#438,#439,#440,#441));
#913=EDGE_LOOP('',(#442,#443,#444,#445));
#914=EDGE_LOOP('',(#446,#447,#448,#449,#450));
#915=EDGE_LOOP('',(#451,#452,#453,#454,#455));
#916=EDGE_LOOP('',(#456,#457,#458,#459));
#917=EDGE_LOOP('',(#460,#461,#462,#463));
#918=EDGE_LOOP('',(#464,#465,#466,#467));
#919=EDGE_LOOP('',(#468,#469,#470,#471,#472,#473,#474,#475,#476,#477));
#920=EDGE_LOOP('',(#478,#479,#480,#481,#482,#483,#484,#485,#486,#487));
#921=EDGE_LOOP('',(#488,#489,#490,#491,#492,#493));
#922=EDGE_LOOP('',(#494,#495,#496,#497,#498,#499));
#923=EDGE_LOOP('',(#500,#501,#502,#503,#504));
#924=EDGE_LOOP('',(#505,#506,#507,#508,#509));
#925=EDGE_LOOP('',(#510,#511,#512,#513));
#926=EDGE_LOOP('',(#514,#515,#516,#517));
#927=EDGE_LOOP('',(#518,#519,#520,#521));
#928=FACE_BOUND('',#855,.T.);
#929=FACE_BOUND('',#856,.T.);
#930=FACE_BOUND('',#857,.T.);
#931=FACE_BOUND('',#858,.T.);
#932=FACE_BOUND('',#859,.T.);
#933=FACE_BOUND('',#860,.T.);
#934=FACE_BOUND('',#861,.T.);
#935=FACE_BOUND('',#862,.T.);
#936=FACE_BOUND('',#863,.T.);
#937=FACE_BOUND('',#864,.T.);
#938=FACE_BOUND('',#865,.T.);
#939=FACE_BOUND('',#866,.T.);
#940=FACE_BOUND('',#867,.T.);
#941=FACE_BOUND('',#868,.T.);
#942=FACE_BOUND('',#869,.T.);
#943=FACE_BOUND('',#870,.T.);
#944=FACE_BOUND('',#871,.T.);
#945=FACE_BOUND('',#872,.T.);
#946=FACE_BOUND('',#873,.T.);
#947=FACE_BOUND('',#874,.T.);
#948=FACE_BOUND('',#875,.T.);
#949=FACE_BOUND('',#876,.T.);
#950=FACE_BOUND('',#877,.T.);
#951=FACE_BOUND('',#878,.T.);
#952=FACE_BOUND('',#879,.T.);
#953=FACE_BOUND('',#880,.T.);
#954=FACE_BOUND('',#881,.T.);
#955=FACE_BOUND('',#882,.T.);
#956=FACE_BOUND('',#883,.T.);
#957=FACE_BOUND('',#884,.T.);
#958=FACE_BOUND('',#885,.T.);
#959=FACE_BOUND('',#886,.T.);
#960=FACE_BOUND('',#887,.T.);
#961=FACE_BOUND('',#888,.T.);
#962=FACE_BOUND('',#889,.T.);
#963=FACE_BOUND('',#890,.T.);
#964=FACE_BOUND('',#891,.T.);
#965=FACE_BOUND('',#892,.T.);
#966=FACE_BOUND('',#893,.T.);
#967=FACE_BOUND('',#894,.T.);
#968=FACE_BOUND('',#895,.T.);
#969=FACE_BOUND('',#896,.T.);
#970=FACE_BOUND('',#897,.T.);
#971=FACE_BOUND('',#898,.T.);
#972=FACE_BOUND('',#899,.T.);
#973=FACE_BOUND('',#900,.T.);
#974=FACE_BOUND('',#901,.T.);
#975=FACE_BOUND('',#902,.T.);
#976=FACE_BOUND('',#903,.T.);
#977=FACE_BOUND('',#904,.T.);
#978=FACE_BOUND('',#905,.T.);
#979=FACE_BOUND('',#906,.T.);
#980=FACE_BOUND('',#907,.T.);
#981=FACE_BOUND('',#908,.T.);
#982=FACE_BOUND('',#909,.T.);
#983=FACE_BOUND('',#910,.T.);
#984=FACE_BOUND('',#911,.T.);
#985=FACE_BOUND('',#912,.T.);
#986=FACE_BOUND('',#913,.T.);
#987=FACE_BOUND('',#914,.T.);
#988=FACE_BOUND('',#915,.T.);
#989=FACE_BOUND('',#916,.T.);
#990=FACE_BOUND('',#917,.T.);
#991=FACE_BOUND('',#918,.T.);
#992=FACE_BOUND('',#919,.T.);
#993=FACE_BOUND('',#920,.T.);
#994=FACE_BOUND('',#921,.T.);
#995=FACE_BOUND('',#922,.T.);
#996=FACE_BOUND('',#923,.T.);
#997=FACE_BOUND('',#924,.T.);
#998=FACE_BOUND('',#925,.T.);
#999=FACE_BOUND('',#926,.T.);
#1000=FACE_BOUND('',#927,.T.);
#1001=PLANE('',#1083);
#1002=PLANE('',#1085);
#1003=PLANE('',#1087);
#1004=PLANE('',#1088);
#1005=PLANE('',#1092);
#1006=PLANE('',#1094);
#1007=PLANE('',#1096);
#1008=PLANE('',#1102);
#1009=PLANE('',#1104);
#1010=PLANE('',#1105);
#1011=ADVANCED_FACE('',(#928),#1001,.T.);
#1012=ADVANCED_FACE('',(#929),#1002,.T.);
#1013=ADVANCED_FACE('',(#930),#1003,.F.);
#1014=ADVANCED_FACE('',(#931,#932),#1004,.T.);
#1015=ADVANCED_FACE('',(#933),#61,.T.);
#1016=ADVANCED_FACE('',(#934),#1005,.T.);
#1017=ADVANCED_FACE('',(#935,#936),#62,.T.);
#1018=ADVANCED_FACE('',(#937,#938),#63,.F.);
#1019=ADVANCED_FACE('',(#939),#1006,.F.);
#1020=ADVANCED_FACE('',(#940),#64,.F.);
#1021=ADVANCED_FACE('',(#941,#942),#1007,.F.);
#1022=ADVANCED_FACE('',(#943,#944),#34,.F.);
#1023=ADVANCED_FACE('',(#945),#1008,.T.);
#1024=ADVANCED_FACE('',(#946),#65,.F.);
#1025=ADVANCED_FACE('',(#947),#66,.F.);
#1026=ADVANCED_FACE('',(#948),#67,.F.);
#1027=ADVANCED_FACE('',(#949),#68,.F.);
#1028=ADVANCED_FACE('',(#950),#35,.T.);
#1029=ADVANCED_FACE('',(#951),#1009,.F.);
#1030=ADVANCED_FACE('',(#952),#69,.F.);
#1031=ADVANCED_FACE('',(#953),#1010,.F.);
#1032=ADVANCED_FACE('',(#954),#70,.F.);
#1033=ADVANCED_FACE('',(#955,#956),#36,.F.);
#1034=ADVANCED_FACE('',(#957,#958),#37,.F.);
#1035=ADVANCED_FACE('',(#959,#960),#38,.F.);
#1036=ADVANCED_FACE('',(#961,#962),#39,.F.);
#1037=ADVANCED_FACE('',(#963,#964),#40,.F.);
#1038=ADVANCED_FACE('',(#965,#966),#41,.F.);
#1039=ADVANCED_FACE('',(#967,#968),#42,.F.);
#1040=ADVANCED_FACE('',(#969),#43,.T.);
#1041=ADVANCED_FACE('',(#970),#44,.T.);
#1042=ADVANCED_FACE('',(#971),#12,.T.);
#1043=ADVANCED_FACE('',(#972,#973),#13,.T.);
#1044=ADVANCED_FACE('',(#974),#14,.T.);
#1045=ADVANCED_FACE('',(#975,#976),#15,.T.);
#1046=ADVANCED_FACE('',(#977),#16,.T.);
#1047=ADVANCED_FACE('',(#978),#45,.T.);
#1048=ADVANCED_FACE('',(#979),#17,.T.);
#1049=ADVANCED_FACE('',(#980),#18,.T.);
#1050=ADVANCED_FACE('',(#981),#46,.T.);
#1051=ADVANCED_FACE('',(#982),#47,.T.);
#1052=ADVANCED_FACE('',(#983),#19,.T.);
#1053=ADVANCED_FACE('',(#984),#20,.T.);
#1054=ADVANCED_FACE('',(#985),#48,.T.);
#1055=ADVANCED_FACE('',(#986),#21,.T.);
#1056=ADVANCED_FACE('',(#987),#22,.T.);
#1057=ADVANCED_FACE('',(#988),#23,.T.);
#1058=ADVANCED_FACE('',(#989),#24,.T.);
#1059=ADVANCED_FACE('',(#990),#25,.T.);
#1060=ADVANCED_FACE('',(#991),#49,.F.);
#1061=ADVANCED_FACE('',(#992),#26,.T.);
#1062=ADVANCED_FACE('',(#993),#27,.T.);
#1063=ADVANCED_FACE('',(#994),#28,.T.);
#1064=ADVANCED_FACE('',(#995),#29,.T.);
#1065=ADVANCED_FACE('',(#996),#30,.T.);
#1066=ADVANCED_FACE('',(#997),#31,.T.);
#1067=ADVANCED_FACE('',(#998),#32,.T.);
#1068=ADVANCED_FACE('',(#999),#33,.T.);
#1069=ADVANCED_FACE('',(#1000),#50,.F.);
#1070=CLOSED_SHELL('',(#1011,#1012,#1013,#1014,#1015,#1016,#1017,#1018,
#1019,#1020,#1021,#1022,#1023,#1024,#1025,#1026,#1027,#1028,#1029,#1030,
#1031,#1032,#1033,#1034,#1035,#1036,#1037,#1038,#1039,#1040,#1041,#1042,
#1043,#1044,#1045,#1046,#1047,#1048,#1049,#1050,#1051,#1052,#1053,#1054,
#1055,#1056,#1057,#1058,#1059,#1060,#1061,#1062,#1063,#1064,#1065,#1066,
#1067,#1068,#1069));
#1071=STYLED_ITEM('',(#1072),#1079);
#1072=PRESENTATION_STYLE_ASSIGNMENT((#1073));
#1073=SURFACE_STYLE_USAGE(.BOTH.,#1074);
#1074=SURFACE_SIDE_STYLE('',(#1075));
#1075=SURFACE_STYLE_FILL_AREA(#1076);
#1076=FILL_AREA_STYLE('',(#1077));
#1077=FILL_AREA_STYLE_COLOUR('',#1078);
#1078=COLOUR_RGB('',0.647058823529412,0.647058823529412,0.647058823529412);
#1079=MANIFOLD_SOLID_BREP('Part 1',#1070);
#1080=SHAPE_DEFINITION_REPRESENTATION(#2989,#1081);
#1081=SHAPE_REPRESENTATION('Part 1',(#1082),#2984);
#1082=AXIS2_PLACEMENT_3D('',#1284,#1139,#1140);
#1083=AXIS2_PLACEMENT_3D('',#1285,#1141,#1142);
#1084=AXIS2_PLACEMENT_3D('',#1291,#1145,#1146);
#1085=AXIS2_PLACEMENT_3D('',#1294,#1148,#1149);
#1086=AXIS2_PLACEMENT_3D('',#1295,#1150,#1151);
#1087=AXIS2_PLACEMENT_3D('',#1303,#1155,#1156);
#1088=AXIS2_PLACEMENT_3D('',#1347,#1157,#1158);
#1089=AXIS2_PLACEMENT_3D('',#1348,#1159,#1160);
#1090=AXIS2_PLACEMENT_3D('',#1370,#1163,#1164);
#1091=AXIS2_PLACEMENT_3D('',#1379,#1165,#1166);
#1092=AXIS2_PLACEMENT_3D('',#1462,#1169,#1170);
#1093=AXIS2_PLACEMENT_3D('',#1475,#1173,#1174);
#1094=AXIS2_PLACEMENT_3D('',#1666,#1176,#1177);
#1095=AXIS2_PLACEMENT_3D('',#1675,#1179,#1180);
#1096=AXIS2_PLACEMENT_3D('',#1751,#1183,#1184);
#1097=AXIS2_PLACEMENT_3D('',#1752,#1185,#1186);
#1098=AXIS2_PLACEMENT_3D('',#1774,#1189,#1190);
#1099=AXIS2_PLACEMENT_3D('',#1783,#1191,#1192);
#1100=AXIS2_PLACEMENT_3D('',#1789,#1193,#1194);
#1101=AXIS2_PLACEMENT_3D('',#1790,#1195,#1196);
#1102=AXIS2_PLACEMENT_3D('',#1814,#1197,#1198);
#1103=AXIS2_PLACEMENT_3D('',#1971,#1204,#1205);
#1104=AXIS2_PLACEMENT_3D('',#1984,#1207,#1208);
#1105=AXIS2_PLACEMENT_3D('',#2016,#1212,#1213);
#1106=AXIS2_PLACEMENT_3D('',#2041,#1218,#1219);
#1107=AXIS2_PLACEMENT_3D('',#2068,#1220,#1221);
#1108=AXIS2_PLACEMENT_3D('',#2087,#1222,#1223);
#1109=AXIS2_PLACEMENT_3D('',#2088,#1224,#1225);
#1110=AXIS2_PLACEMENT_3D('',#2125,#1226,#1227);
#1111=AXIS2_PLACEMENT_3D('',#2126,#1228,#1229);
#1112=AXIS2_PLACEMENT_3D('',#2149,#1230,#1231);
#1113=AXIS2_PLACEMENT_3D('',#2160,#1232,#1233);
#1114=AXIS2_PLACEMENT_3D('',#2161,#1234,#1235);
#1115=AXIS2_PLACEMENT_3D('',#2162,#1236,#1237);
#1116=AXIS2_PLACEMENT_3D('',#2163,#1238,#1239);
#1117=AXIS2_PLACEMENT_3D('',#2215,#1240,#1241);
#1118=AXIS2_PLACEMENT_3D('',#2332,#1242,#1243);
#1119=AXIS2_PLACEMENT_3D('',#2415,#1244,#1245);
#1120=AXIS2_PLACEMENT_3D('',#2416,#1246,#1247);
#1121=AXIS2_PLACEMENT_3D('',#2417,#1248,#1249);
#1122=AXIS2_PLACEMENT_3D('',#2418,#1250,#1251);
#1123=AXIS2_PLACEMENT_3D('',#2446,#1252,#1253);
#1124=AXIS2_PLACEMENT_3D('',#2468,#1254,#1255);
#1125=AXIS2_PLACEMENT_3D('',#2469,#1256,#1257);
#1126=AXIS2_PLACEMENT_3D('',#2470,#1258,#1259);
#1127=AXIS2_PLACEMENT_3D('',#2471,#1260,#1261);
#1128=AXIS2_PLACEMENT_3D('',#2472,#1262,#1263);
#1129=AXIS2_PLACEMENT_3D('',#2500,#1264,#1265);
#1130=AXIS2_PLACEMENT_3D('',#2522,#1266,#1267);
#1131=AXIS2_PLACEMENT_3D('',#2524,#1268,#1269);
#1132=AXIS2_PLACEMENT_3D('',#2525,#1270,#1271);
#1133=AXIS2_PLACEMENT_3D('',#2569,#1272,#1273);
#1134=AXIS2_PLACEMENT_3D('',#2606,#1274,#1275);
#1135=AXIS2_PLACEMENT_3D('',#2651,#1276,#1277);
#1136=AXIS2_PLACEMENT_3D('',#2912,#1278,#1279);
#1137=AXIS2_PLACEMENT_3D('',#2937,#1280,#1281);
#1138=AXIS2_PLACEMENT_3D('',#2982,#1282,#1283);
#1139=DIRECTION('',(0.,0.,1.));
#1140=DIRECTION('',(1.,0.,0.));
#1141=DIRECTION('',(-1.,0.,0.));
#1142=DIRECTION('',(0.,0.,1.));
#1143=DIRECTION('',(0.,0.,1.));
#1144=DIRECTION('',(0.,1.,0.));
#1145=DIRECTION('',(-1.,0.,0.));
#1146=DIRECTION('',(0.,0.,1.));
#1147=DIRECTION('',(0.,-1.,0.));
#1148=DIRECTION('',(-1.,0.,0.));
#1149=DIRECTION('',(0.,0.,1.));
#1150=DIRECTION('',(-1.,0.,0.));
#1151=DIRECTION('',(0.,0.,1.));
#1152=DIRECTION('',(0.,1.,0.));
#1153=DIRECTION('',(0.,0.,1.));
#1154=DIRECTION('',(0.,-1.,0.));
#1155=DIRECTION('',(0.,0.,1.));
#1156=DIRECTION('',(1.,0.,0.));
#1157=DIRECTION('',(7.80527998189789E-17,-1.,0.));
#1158=DIRECTION('',(1.,7.80527998189789E-17,0.));
#1159=DIRECTION('',(7.80527998189789E-17,-1.,0.));
#1160=DIRECTION('',(1.,7.80527998189789E-17,0.));
#1161=DIRECTION('',(1.,7.80527998189789E-17,0.));
#1162=DIRECTION('',(0.,0.,1.));
#1163=DIRECTION('',(7.80527998189789E-17,-1.,0.));
#1164=DIRECTION('',(1.,7.80527998189789E-17,0.));
#1165=DIRECTION('',(7.80527998189789E-17,-1.,0.));
#1166=DIRECTION('',(1.,7.80527998189789E-17,0.));
#1167=DIRECTION('',(0.,0.,1.));
#1168=DIRECTION('',(0.,0.,1.));
#1169=DIRECTION('',(0.,-1.,0.));
#1170=DIRECTION('',(0.,0.,-1.));
#1171=DIRECTION('',(0.,0.,1.));
#1172=DIRECTION('',(0.999777625697918,-5.71060194893194E-36,-0.0210878911661171));
#1173=DIRECTION('',(-3.98620229575203E-16,-1.,-1.73517031610902E-15));
#1174=DIRECTION('',(0.987657257898537,-4.03291020262693E-16,-0.156630587435348));
#1175=DIRECTION('',(0.,0.,1.));
#1176=DIRECTION('',(0.,-1.,0.));
#1177=DIRECTION('',(0.,0.,-1.));
#1178=DIRECTION('',(0.,0.,1.));
#1179=DIRECTION('',(-1.99310114787601E-16,-1.,-8.67585158054508E-16));
#1180=DIRECTION('',(0.987657257898537,-2.06440938820128E-16,-0.156630587435348));
#1181=DIRECTION('',(0.999777625697918,-5.71060194893194E-36,-0.0210878911661171));
#1182=DIRECTION('',(0.,0.,1.));
#1183=DIRECTION('',(2.34158399456937E-16,-1.,0.));
#1184=DIRECTION('',(1.,2.34158399456937E-16,0.));
#1185=DIRECTION('',(2.34158399456937E-16,-1.,0.));
#1186=DIRECTION('',(1.,2.34158399456937E-16,0.));
#1187=DIRECTION('',(0.,0.,1.));
#1188=DIRECTION('',(1.,2.34158399456937E-16,0.));
#1189=DIRECTION('',(2.34158399456937E-16,-1.,0.));
#1190=DIRECTION('',(1.,2.34158399456937E-16,0.));
#1191=DIRECTION('',(2.34158399456937E-16,-1.,0.));
#1192=DIRECTION('',(1.,2.34158399456937E-16,0.));
#1193=DIRECTION('',(-1.,0.,0.));
#1194=DIRECTION('',(0.,0.,1.));
#1195=DIRECTION('',(-1.,0.,0.));
#1196=DIRECTION('',(0.,0.,1.));
#1197=DIRECTION('',(-1.,0.,0.));
#1198=DIRECTION('',(0.,-1.,0.));
#1199=DIRECTION('',(7.80527998189789E-17,-1.,0.));
#1200=DIRECTION('',(7.80527998189789E-17,-1.,0.));
#1201=DIRECTION('',(7.80527998189789E-17,-1.,0.));
#1202=DIRECTION('',(7.80527998189789E-17,-1.,0.));
#1203=DIRECTION('',(7.80527998189789E-17,-1.,0.));
#1204=DIRECTION('',(-7.80527998189789E-17,1.,8.373607823169E-34));
#1205=DIRECTION('',(-1.,-7.80527998189789E-17,0.));
#1206=DIRECTION('',(7.80527998189789E-17,-1.,0.));
#1207=DIRECTION('',(-0.0210878911661171,-1.64596894779335E-18,-0.999777625697918));
#1208=DIRECTION('',(-0.999777625697918,0.,0.0210878911661171));
#1209=DIRECTION('',(-7.80527998189789E-17,1.,-1.92635774560983E-34));
#1210=DIRECTION('',(7.80527998189789E-17,-1.,0.));
#1211=DIRECTION('',(7.80527998189789E-17,-1.,0.));
#1212=DIRECTION('',(0.,0.,-1.));
#1213=DIRECTION('',(-1.,0.,0.));
#1214=DIRECTION('',(1.,2.34158399456937E-16,0.));
#1215=DIRECTION('',(0.,-1.,0.));
#1216=DIRECTION('',(1.,7.80527998189789E-17,0.));
#1217=DIRECTION('',(7.80527998189789E-17,-1.,0.));
#1218=DIRECTION('',(7.80527998189789E-17,-1.,0.));
#1219=DIRECTION('',(1.,7.80527998189789E-17,0.));
#1220=DIRECTION('',(7.80527998189789E-17,-1.,0.));
#1221=DIRECTION('',(1.,7.80527998189789E-17,0.));
#1222=DIRECTION('',(7.80527998189789E-17,-1.,0.));
#1223=DIRECTION('',(1.,7.80527998189789E-17,0.));
#1224=DIRECTION('',(7.80527998189789E-17,-1.,0.));
#1225=DIRECTION('',(1.,7.80527998189789E-17,0.));
#1226=DIRECTION('',(7.80527998189789E-17,-1.,0.));
#1227=DIRECTION('',(1.,7.80527998189789E-17,0.));
#1228=DIRECTION('',(7.80527998189789E-17,-1.,0.));
#1229=DIRECTION('',(1.,7.80527998189789E-17,0.));
#1230=DIRECTION('',(7.80527998189789E-17,-1.,0.));
#1231=DIRECTION('',(1.,7.80527998189789E-17,0.));
#1232=DIRECTION('',(1.,2.34158399456937E-16,0.));
#1233=DIRECTION('',(-2.34158399456937E-16,1.,0.));
#1234=DIRECTION('',(1.,0.,0.));
#1235=DIRECTION('',(0.,0.,-1.));
#1236=DIRECTION('',(-1.,-7.80527998189789E-17,0.));
#1237=DIRECTION('',(7.80527998189789E-17,-1.,0.));
#1238=DIRECTION('',(1.,0.,0.));
#1239=DIRECTION('',(0.,0.,-1.));
#1240=DIRECTION('',(0.97276355502724,0.,-0.231799624699366));
#1241=DIRECTION('',(-0.231799624699366,0.,-0.97276355502724));
#1242=DIRECTION('',(0.972763555027203,1.54011821956612E-13,-0.231799624699519));
#1243=DIRECTION('',(-0.231799624699519,0.,-0.972763555027203));
#1244=DIRECTION('',(-0.952287453867305,-0.215810802796027,0.215810802796012));
#1245=DIRECTION('',(0.221019073327072,-0.97526948543756,0.));
#1246=DIRECTION('',(0.,0.,-1.));
#1247=DIRECTION('',(-1.,0.,0.));
#1248=DIRECTION('',(0.,-0.36813302933316,0.929773129700999));
#1249=DIRECTION('',(0.,-0.929773129700999,-0.36813302933316));
#1250=DIRECTION('',(-2.87338136452954E-17,0.36813302933316,0.929773129700999));
#1251=DIRECTION('',(0.,-0.929773129700999,0.36813302933316));
#1252=DIRECTION('',(0.,-0.929773129700999,0.36813302933316));
#1253=DIRECTION('',(0.,-0.36813302933316,-0.929773129700999));
#1254=DIRECTION('',(-7.25713959696176E-17,0.929773129700999,0.36813302933316));
#1255=DIRECTION('',(0.,-0.36813302933316,0.929773129700999));
#1256=DIRECTION('',(0.,1.,0.));
#1257=DIRECTION('',(0.,0.,1.));
#1258=DIRECTION('',(0.,-0.929773129700999,-0.36813302933316));
#1259=DIRECTION('',(0.,0.36813302933316,-0.929773129700999));
#1260=DIRECTION('',(7.80527998189789E-17,-1.,0.));
#1261=DIRECTION('',(1.,7.80527998189789E-17,0.));
#1262=DIRECTION('',(-7.25713959696176E-17,0.929773129700999,-0.36813302933316));
#1263=DIRECTION('',(0.,0.36813302933316,0.929773129700999));
#1264=DIRECTION('',(0.,-0.36813302933316,-0.929773129700999));
#1265=DIRECTION('',(0.,0.929773129700999,-0.36813302933316));
#1266=DIRECTION('',(-2.87338136452954E-17,0.36813302933316,-0.929773129700999));
#1267=DIRECTION('',(0.,0.929773129700999,0.36813302933316));
#1268=DIRECTION('',(-0.952287453867305,0.215810802796028,0.215810802796012));
#1269=DIRECTION('',(-0.221019073327073,-0.97526948543756,0.));
#1270=DIRECTION('',(0.,0.,1.));
#1271=DIRECTION('',(1.,0.,0.));
#1272=DIRECTION('',(-0.990638063497012,0.136509609594241,0.00116346006306908));
#1273=DIRECTION('',(-0.136509701986722,-0.990638733981009,0.));
#1274=DIRECTION('',(-0.990638063497012,-0.136509609594241,0.00116346006306923));
#1275=DIRECTION('',(0.136509701986722,-0.990638733981009,0.));
#1276=DIRECTION('',(7.80527998189789E-17,-1.,0.));
#1277=DIRECTION('',(1.,7.80527998189789E-17,0.));
#1278=DIRECTION('',(-0.981681330554554,0.141054692934439,-0.12808332772774));
#1279=DIRECTION('',(-0.14222615144961,-0.989834189065943,0.));
#1280=DIRECTION('',(-0.981681330554554,-0.141054692934438,-0.128083327727741));
#1281=DIRECTION('',(0.142226151449609,-0.989834189065943,0.));
#1282=DIRECTION('',(7.80527998189789E-17,-1.,0.));
#1283=DIRECTION('',(1.,7.80527998189789E-17,0.));
#1284=CARTESIAN_POINT('',(0.,0.,0.));
#1285=CARTESIAN_POINT('',(-0.1016,-3.46944695195361E-18,-0.0127));
#1286=CARTESIAN_POINT('',(-0.1016,0.0104214770618868,0.0146715730645025));
#1287=CARTESIAN_POINT('',(-0.1016,0.0104214770618868,0.0226785299912883));
#1288=CARTESIAN_POINT('',(-0.1016,0.0104214770618868,0.0163158017165805));
#1289=CARTESIAN_POINT('',(-0.1016,-0.013335,0.0163158017165805));
#1290=CARTESIAN_POINT('',(-0.1016,0.00734029893155834,0.0163158017165805));
#1291=CARTESIAN_POINT('',(-0.1016,0.,0.02032));
#1292=CARTESIAN_POINT('',(-0.1016,0.00802190305212979,0.0226785299912883));
#1293=CARTESIAN_POINT('',(-0.1016,0.013335,0.0226785299912883));
#1294=CARTESIAN_POINT('',(-0.1016,-3.46944695195361E-18,-0.0127));
#1295=CARTESIAN_POINT('',(-0.1016,0.,0.02032));
#1296=CARTESIAN_POINT('',(-0.1016,-0.00734029893155834,0.0163158017165805));
#1297=CARTESIAN_POINT('',(-0.1016,-0.00802190305212979,0.0226785299912883));
#1298=CARTESIAN_POINT('',(-0.1016,-0.013335,0.0163158017165805));
#1299=CARTESIAN_POINT('',(-0.1016,-0.0104214770618868,0.0163158017165805));
#1300=CARTESIAN_POINT('',(-0.1016,-0.0104214770618868,-0.0127));
#1301=CARTESIAN_POINT('',(-0.1016,-0.0104214770618868,0.0226785299912883));
#1302=CARTESIAN_POINT('',(-0.1016,0.013335,0.0226785299912883));
#1303=CARTESIAN_POINT('',(-0.00238835811614989,-3.46944695195361E-18,-0.0127));
#1304=CARTESIAN_POINT('',(0.0452499908953905,-0.00786464946344494,-0.0127));
#1305=CARTESIAN_POINT('',(0.0453433709964156,-0.00787373076193034,-0.0127));
#1306=CARTESIAN_POINT('',(0.0454367510974407,-0.00788281206041574,-0.0127));
#1307=CARTESIAN_POINT('',(0.0547747611999512,-0.00879094190895556,-0.0127));
#1308=CARTESIAN_POINT('',(0.1016,0.,-0.0127));
#1309=CARTESIAN_POINT('',(0.0912388545678423,-0.00190937008319542,-0.0127));
#1310=CARTESIAN_POINT('',(0.0949495985893819,-0.00123430019078089,-0.0127));
#1311=CARTESIAN_POINT('',(0.0912388545678411,-0.00190937008319563,-0.0127));
#1312=CARTESIAN_POINT('',(0.0895893535231311,-0.00220705564269225,-0.0127));
#1313=CARTESIAN_POINT('',(0.0862825284810036,-0.00265123509520285,-0.0127));
#1314=CARTESIAN_POINT('',(0.0821324652499154,-0.00280699745559334,-0.0127));
#1315=CARTESIAN_POINT('',(0.0787908525674616,-0.00260192517377402,-0.0127));
#1316=CARTESIAN_POINT('',(0.0762892914891258,-0.00222429188758853,-0.0127));
#1317=CARTESIAN_POINT('',(0.0738656818879152,-0.0015202059415597,-0.0127));
#1318=CARTESIAN_POINT('',(0.0723647455132842,-0.000656325577204771,-0.0127));
#1319=CARTESIAN_POINT('',(0.07183175235354,1.141930228037E-16,-0.0127));
#1320=CARTESIAN_POINT('',(0.0718317523535398,2.81627749273912E-18,-0.0127));
#1321=CARTESIAN_POINT('',(0.0718317523535398,-3.82033660590709E-17,-0.0127));
#1322=CARTESIAN_POINT('',(0.0720983387177363,0.000328273348648911,-0.0127));
#1323=CARTESIAN_POINT('',(0.0727617175487461,0.000874214313269973,-0.0127));
#1324=CARTESIAN_POINT('',(0.0742699969565008,0.00164216496123033,-0.0127));
#1325=CARTESIAN_POINT('',(0.0762926666369221,0.00222302155277794,-0.0127));
#1326=CARTESIAN_POINT('',(0.0787734308333245,0.00260030854432076,-0.0127));
#1327=CARTESIAN_POINT('',(0.0821297920310946,0.00280753273137495,-0.0127));
#1328=CARTESIAN_POINT('',(0.0862806239431034,0.00265129320592152,-0.0127));
#1329=CARTESIAN_POINT('',(0.0895895099140751,0.00220702741880853,-0.0127));
#1330=CARTESIAN_POINT('',(0.0912388545678411,0.00190937008319563,-0.0127));
#1331=CARTESIAN_POINT('',(0.0912388545678423,0.00190937008319543,-0.0127));
#1332=CARTESIAN_POINT('',(0.0452499908953905,0.00786464946344495,-0.0127));
#1333=CARTESIAN_POINT('',(0.0453433709964156,0.00787373076193035,-0.0127));
#1334=CARTESIAN_POINT('',(0.0454367510974407,0.00788281206041575,-0.0127));
#1335=CARTESIAN_POINT('',(0.0547747611999512,0.00879094190895557,-0.0127));
#1336=CARTESIAN_POINT('',(0.1016,0.,-0.0127));
#1337=CARTESIAN_POINT('',(0.0949495985893819,0.00123430019078089,-0.0127));
#1338=CARTESIAN_POINT('',(0.0949495985893819,0.00123430019078089,-0.0127));
#1339=CARTESIAN_POINT('',(0.0961673564592387,0.00101105706973455,-0.0127));
#1340=CARTESIAN_POINT('',(0.0973229150603597,0.000617301274681146,-0.0127));
#1341=CARTESIAN_POINT('',(0.0983969291930535,-1.40947633829441E-17,-0.0127));
#1342=CARTESIAN_POINT('',(0.0983969291930535,3.28316732557274E-18,-0.0127));
#1343=CARTESIAN_POINT('',(0.0983969291930535,1.96183459854967E-18,-0.0127));
#1344=CARTESIAN_POINT('',(0.0973372382779833,-0.000609068849960244,-0.0127));
#1345=CARTESIAN_POINT('',(0.0961609364556008,-0.00101223400456267,-0.0127));
#1346=CARTESIAN_POINT('',(0.0949495985893819,-0.00123430019078089,-0.0127));
#1347=CARTESIAN_POINT('',(-0.079375,-0.01778,-0.0127));
#1348=CARTESIAN_POINT('',(-0.0685863196849823,-0.01778,-0.005461));
#1349=CARTESIAN_POINT('',(-0.0669353196849823,-0.01778,-0.005461));
#1350=CARTESIAN_POINT('',(-0.1016,-0.01778,0.0255920529294015));
#1351=CARTESIAN_POINT('',(-0.05715,-0.01778,0.0255920529294015));
#1352=CARTESIAN_POINT('',(-0.0942414770618868,-0.01778,0.0255920529294015));
#1353=CARTESIAN_POINT('',(-0.0942414770618868,-0.01778,-0.0127));
#1354=CARTESIAN_POINT('',(-0.0942414770618868,-0.01778,0.0133246828065496));
#1355=CARTESIAN_POINT('',(-0.0942414770618868,-0.01778,0.0133246828065496));
#1356=CARTESIAN_POINT('',(-0.0924762874067774,-0.01778,0.0129040561316878));
#1357=CARTESIAN_POINT('',(-0.089012373619914,-0.01778,0.0119123899202824));
#1358=CARTESIAN_POINT('',(-0.0848545530298863,-0.01778,0.0100000062410991));
#1359=CARTESIAN_POINT('',(-0.0819501323539917,-0.01778,0.00783310427304995));
#1360=CARTESIAN_POINT('',(-0.0800921678199964,-0.01778,0.0058052611570446));
#1361=CARTESIAN_POINT('',(-0.0787561902516745,-0.01778,0.00339213954875046));
#1362=CARTESIAN_POINT('',(-0.0783114001726979,-0.01778,0.00162770780254474));
#1363=CARTESIAN_POINT('',(-0.0782041659694421,-0.01778,0.000715613087575352));
#1364=CARTESIAN_POINT('',(-0.0782041659694421,-0.01778,0.000715613087575358));
#1365=CARTESIAN_POINT('',(-0.0782041659694418,-0.01778,0.000715613087575403));
#1366=CARTESIAN_POINT('',(-0.0778111086443679,-0.01778,-0.000990478451293084));
#1367=CARTESIAN_POINT('',(-0.0771657331221557,-0.01778,-0.00264508866081225));
#1368=CARTESIAN_POINT('',(-0.0760664753979438,-0.01778,-0.00401098533595626));
#1369=CARTESIAN_POINT('',(-0.0760664753979438,-0.01778,-0.00401098533595625));
#1370=CARTESIAN_POINT('',(-0.076855942606926,-0.01778,-0.005461));
#1371=CARTESIAN_POINT('',(-0.075342551147543,-0.01778,-0.00480111569902999));
#1372=CARTESIAN_POINT('',(-0.075342551147538,-0.01778,-0.00480111569902405));
#1373=CARTESIAN_POINT('',(-0.0747721924490443,-0.01778,-0.00534776564184605));
#1374=CARTESIAN_POINT('',(-0.0734583572757098,-0.01778,-0.00627470764022433));
#1375=CARTESIAN_POINT('',(-0.0705081896799259,-0.01778,-0.00740683279802527));
#1376=CARTESIAN_POINT('',(-0.0681202460544384,-0.01778,-0.00768336451350511));
#1377=CARTESIAN_POINT('',(-0.0665438861317131,-0.01778,-0.00773008680448237));
#1378=CARTESIAN_POINT('',(-0.0665438861317131,-0.01778,-0.00773008680448223));
#1379=CARTESIAN_POINT('',(-0.0650137079113243,-0.01778,-0.00835005100816488));
#1380=CARTESIAN_POINT('',(-0.0635124906429076,-0.01778,-0.00766292095278418));
#1381=CARTESIAN_POINT('',(-0.0635124906429076,-0.01778,-0.00766292095278417));
#1382=CARTESIAN_POINT('',(-0.0624498057753258,-0.01778,-0.00759002808087415));
#1383=CARTESIAN_POINT('',(-0.0603313550534704,-0.01778,-0.00736736538022508));
#1384=CARTESIAN_POINT('',(-0.0582102287165697,-0.01778,-0.00717443136098859));
#1385=CARTESIAN_POINT('',(-0.05715,-0.01778,-0.00707424826619377));
#1386=CARTESIAN_POINT('',(-0.05715,-0.01778,-0.00707424826619377));
#1387=CARTESIAN_POINT('',(-0.05715,-0.01778,-0.0127));
#1388=CARTESIAN_POINT('',(-0.05715,-0.01778,-0.00856997972641726));
#1389=CARTESIAN_POINT('',(-0.05715,-0.01778,0.0301532061633472));
#1390=CARTESIAN_POINT('',(-0.0561338091547595,-0.0146030367309094,-0.00856997972641726));
#1391=CARTESIAN_POINT('',(-0.0561338091547595,-0.0146030367309094,0.0301532061633472));
#1392=CARTESIAN_POINT('',(-0.0508448016224514,-0.0109817531839455,-0.00856997972641726));
#1393=CARTESIAN_POINT('',(-0.0508448016224514,-0.0109817531839455,0.0301532061633472));
#1394=CARTESIAN_POINT('',(-0.0380718936595783,-0.00876350121113943,-0.00856997972641725));
#1395=CARTESIAN_POINT('',(-0.0380718936595783,-0.00876350121113943,0.0301532061633472));
#1396=CARTESIAN_POINT('',(-0.0289028458734819,-0.00806432665546419,-0.00856997972641726));
#1397=CARTESIAN_POINT('',(-0.0289028458734819,-0.00806432665546419,0.0301532061633472));
#1398=CARTESIAN_POINT('',(-0.0236652872663069,-0.00791320747977409,-0.00856997972641726));
#1399=CARTESIAN_POINT('',(-0.0236652872663069,-0.00791320747977409,0.0301532061633472));
#1400=CARTESIAN_POINT('',(-0.0209146157050992,-0.00787773214088484,-0.00856997972641726));
#1401=CARTESIAN_POINT('',(-0.0209146157050992,-0.00787773214088484,0.0301532061633472));
#1402=CARTESIAN_POINT('',(-0.05715,-0.01778,-0.00707424826619377));
#1403=CARTESIAN_POINT('',(-0.05715,-0.01778,-0.00750624408875199));
#1404=CARTESIAN_POINT('',(-0.057131526480641,-0.0177189030362011,-0.00792844585352032));
#1405=CARTESIAN_POINT('',(-0.0570879609897804,-0.0175957904943054,-0.00834039562035147));
#1406=CARTESIAN_POINT('',(-0.0570879609897804,-0.0175957904943054,-0.00834039562035146));
#1407=CARTESIAN_POINT('',(-0.048693711072168,-0.0111869463852131,-0.00428938695223362));
#1408=CARTESIAN_POINT('',(-0.0504202997154858,-0.0117731169752342,-0.004924026066198));
#1409=CARTESIAN_POINT('',(-0.0529149308699134,-0.0128382534179417,-0.00600434455560079));
#1410=CARTESIAN_POINT('',(-0.0557407687547812,-0.0151116660955065,-0.00751985472947335));
#1411=CARTESIAN_POINT('',(-0.0567670045561006,-0.0166887936578763,-0.00814177257457772));
#1412=CARTESIAN_POINT('',(-0.0570879609897804,-0.0175957904943055,-0.00834039562035147));
#1413=CARTESIAN_POINT('',(-0.048693711072168,-0.0111869463852131,-0.0042893869522336));
#1414=CARTESIAN_POINT('',(-0.048693711072168,-0.0111869463852131,-0.0042893869522336));
#1415=CARTESIAN_POINT('',(-0.0481132859473555,-0.0109898941593798,-0.0020537817105348));
#1416=CARTESIAN_POINT('',(-0.0458538450666459,-0.0102508056558619,0.00209721263911649));
#1417=CARTESIAN_POINT('',(-0.0416246834819845,-0.00942044683336512,0.00421262866132493));
#1418=CARTESIAN_POINT('',(-0.0393479894246371,-0.00909331584781058,0.00453228274701786));
#1419=CARTESIAN_POINT('',(-0.0393479894246371,-0.00909331584781058,0.00453228274701787));
#1420=CARTESIAN_POINT('',(-0.0393479894246371,-0.00909331584781058,0.00453228274701787));
#1421=CARTESIAN_POINT('',(-0.0363741218633624,-0.00866601020123423,0.00494982190349942));
#1422=CARTESIAN_POINT('',(-0.0303761966218917,-0.00811830109605004,0.00566091768586545));
#1423=CARTESIAN_POINT('',(-0.0243329110483465,-0.00792181419884004,0.00615845471028684));
#1424=CARTESIAN_POINT('',(-0.0213085003197193,-0.00788281206041575,0.00634251972858706));
#1425=CARTESIAN_POINT('',(-0.0213085003197193,-0.00788281206041574,0.00634251972858705));
#1426=CARTESIAN_POINT('',(-0.0213085003197193,-0.00788281206041575,0.00634251972858706));
#1427=CARTESIAN_POINT('',(-0.0213084502145201,-0.00788281141421031,0.00634252277797924));
#1428=CARTESIAN_POINT('',(-0.02130840010932,-0.00788281076800486,0.00634252582735719));
#1429=CARTESIAN_POINT('',(-0.021308350004119,-0.0078828101217994,0.00634252887672091));
#1430=CARTESIAN_POINT('',(-0.021308350004119,-0.00788281012179941,0.00634252887672091));
#1431=CARTESIAN_POINT('',(-0.021308350004119,-0.0078828101217994,0.00634252887672091));
#1432=CARTESIAN_POINT('',(-0.0213084503063684,-0.00788281141539488,0.00634418131683563));
#1433=CARTESIAN_POINT('',(-0.0213085003197193,-0.00788281206041575,0.00634583528065883));
#1434=CARTESIAN_POINT('',(-0.0213085003197193,-0.00788281206041575,0.00634749075984163));
#1435=CARTESIAN_POINT('',(-0.0213085003197193,-0.00788281206041574,0.00634749075984162));
#1436=CARTESIAN_POINT('',(-0.0213085003197193,-0.00788281206041574,-0.0127));
#1437=CARTESIAN_POINT('',(-0.0213085003197193,-0.00788281206041573,0.0115101706832164));
#1438=CARTESIAN_POINT('',(-0.0296788327395916,-0.00816511805720748,0.0152591774240136));
#1439=CARTESIAN_POINT('',(-0.0284111913403339,-0.0080922428462683,0.0143518128699501));
#1440=CARTESIAN_POINT('',(-0.0256606361111055,-0.00796703366052063,0.0130161714284883));
#1441=CARTESIAN_POINT('',(-0.0227761100240932,-0.00790173978423199,0.0119751323282412));
#1442=CARTESIAN_POINT('',(-0.0213085003197193,-0.00788281206041575,0.0115101706832164));
#1443=CARTESIAN_POINT('',(-0.0296788327395916,-0.00816511805720743,0.0152591774240136));
#1444=CARTESIAN_POINT('',(-0.0547234972809447,-0.0143327644463602,0.0299236220572813));
#1445=CARTESIAN_POINT('',(-0.0537445989126945,-0.0135027411506843,0.0298320301402342));
#1446=CARTESIAN_POINT('',(-0.0515119276057036,-0.01219585434154,0.0295030225241586));
#1447=CARTESIAN_POINT('',(-0.0479952700261857,-0.0108947235051185,0.0284950601025646));
#1448=CARTESIAN_POINT('',(-0.0445600313458163,-0.0100015869457217,0.0270382681042306));
#1449=CARTESIAN_POINT('',(-0.041243114854312,-0.00936386134301949,0.0251893988487759));
#1450=CARTESIAN_POINT('',(-0.0380842330016971,-0.00890405353989652,0.0230203229195558));
#1451=CARTESIAN_POINT('',(-0.0341417846900904,-0.0084634584278056,0.0198316854873632));
#1452=CARTESIAN_POINT('',(-0.0314161554552748,-0.0082649946938091,0.0171452710310145));
#1453=CARTESIAN_POINT('',(-0.0296788327395916,-0.00816511805720748,0.0152591774240136));
#1454=CARTESIAN_POINT('',(-0.0547234972809447,-0.0143327644463602,0.0299236220572814));
#1455=CARTESIAN_POINT('',(-0.0547234972809447,-0.0143327644463602,0.0299236220572814));
#1456=CARTESIAN_POINT('',(-0.0551458135704837,-0.0146908530588585,0.0298411373789468));
#1457=CARTESIAN_POINT('',(-0.055915145789262,-0.0154567593621853,0.0295763859810322));
#1458=CARTESIAN_POINT('',(-0.0567200054968705,-0.0166700034955791,0.0286736534900141));
#1459=CARTESIAN_POINT('',(-0.0570874302000877,-0.0175651602843209,0.0272678862340845));
#1460=CARTESIAN_POINT('',(-0.05715,-0.01778,0.0261542027700531));
#1461=CARTESIAN_POINT('',(-0.05715,-0.01778,0.0255920529294015));
#1462=CARTESIAN_POINT('',(0.0120641253888607,-0.00788281206041574,-0.0127));
#1463=CARTESIAN_POINT('',(-0.0213085003197193,-0.00788281206041574,0.00634749075984162));
#1464=CARTESIAN_POINT('',(-0.015714746265359,-0.00788281206041574,0.00668618833392261));
#1465=CARTESIAN_POINT('',(-0.00453294802547889,-0.00788281206041576,0.00700771326927237));
#1466=CARTESIAN_POINT('',(0.0122508198207805,-0.00788281206041575,0.00636767760189728));
#1467=CARTESIAN_POINT('',(0.0289595157403999,-0.00788281206041576,0.00455281767758468));
#1468=CARTESIAN_POINT('',(0.0399628637955085,-0.00788281206041574,0.00254748543355924));
#1469=CARTESIAN_POINT('',(0.0454367510974407,-0.00788281206041574,0.00134087369012637));
#1470=CARTESIAN_POINT('',(0.0454367510974407,-0.00788281206041574,0.00134087369012637));
#1471=CARTESIAN_POINT('',(0.0454367510974407,-0.00788281206041574,-0.0127));
#1472=CARTESIAN_POINT('',(0.0454367510974407,-0.00788281206041574,0.00678426267880645));
#1473=CARTESIAN_POINT('',(0.0124897568084968,-0.00788281206041574,0.00747919984478966));
#1474=CARTESIAN_POINT('',(0.00334756169468161,-0.00788281206041572,0.00767203234136105));
#1475=CARTESIAN_POINT('',(-0.00843482641503232,-0.00788281206041574,0.0145004629157482));
#1476=CARTESIAN_POINT('',(0.045318453864135,-0.0078713075484924,-0.0127));
#1477=CARTESIAN_POINT('',(0.045318453864135,-0.0078713075484924,0.00690116825487929));
#1478=CARTESIAN_POINT('',(0.0460489544398297,-0.00794234938394574,-0.0127));
#1479=CARTESIAN_POINT('',(0.0460489544398297,-0.00794234938394574,0.00690116825487929));
#1480=CARTESIAN_POINT('',(0.0477921412888332,-0.00801142314120472,-0.0127));
#1481=CARTESIAN_POINT('',(0.0477921412888332,-0.00801142314120472,0.00690116825487929));
#1482=CARTESIAN_POINT('',(0.0527166632488634,-0.00777747851458786,-0.0127));
#1483=CARTESIAN_POINT('',(0.0527166632488634,-0.00777747851458786,0.00690116825487929));
#1484=CARTESIAN_POINT('',(0.064918901506991,-0.00644070295230367,-0.0127));
#1485=CARTESIAN_POINT('',(0.064918901506991,-0.00644070295230367,0.00690116825487929));
#1486=CARTESIAN_POINT('',(0.0815819943248606,-0.00368972609128608,-0.0127));
#1487=CARTESIAN_POINT('',(0.0815819943248606,-0.00368972609128608,0.00690116825487929));
#1488=CARTESIAN_POINT('',(0.0954414618933747,-0.0011440427307869,-0.0127));
#1489=CARTESIAN_POINT('',(0.0954414618933747,-0.0011440427307869,0.00690116825487929));
#1490=CARTESIAN_POINT('',(0.0454367510974407,-0.00788281206041574,0.00134087369012637));
#1491=CARTESIAN_POINT('',(0.0454367510974407,-0.00788281206041574,0.00129596429509566));
#1492=CARTESIAN_POINT('',(0.0454320832176632,-0.00788235810492534,0.00125156275472896));
#1493=CARTESIAN_POINT('',(0.0454223986100837,-0.00788141626816164,0.00120770702289504));
#1494=CARTESIAN_POINT('',(0.0454223986100838,-0.00788141626816167,0.00120770702289504));
#1495=CARTESIAN_POINT('',(0.0454223986100838,-0.00788141626816167,0.00120770702289504));
#1496=CARTESIAN_POINT('',(0.0454271828064906,-0.00788188153554847,0.00120663897883673));
#1497=CARTESIAN_POINT('',(0.0454318555664951,-0.00788234704720734,0.00120507202314842));
#1498=CARTESIAN_POINT('',(0.0454367510974407,-0.00788281206041574,0.00120450243018624));
#1499=CARTESIAN_POINT('',(0.0454367510974407,-0.00788281206041574,0.00120450243018623));
#1500=CARTESIAN_POINT('',(0.0454367510974407,-0.00788281206041574,0.00120450243018624));
#1501=CARTESIAN_POINT('',(0.0467226539775976,-0.00800786429405092,0.001054918142625));
#1502=CARTESIAN_POINT('',(0.0492860595025704,-0.00796170874859655,0.000532210660486603));
#1503=CARTESIAN_POINT('',(0.053070402996959,-0.00769967462415941,-0.00032250323167983));
#1504=CARTESIAN_POINT('',(0.0568271592561562,-0.00731304416467836,-0.00127203455060122));
#1505=CARTESIAN_POINT('',(0.0618055709183051,-0.00670633355512711,-0.00262931383042979));
#1506=CARTESIAN_POINT('',(0.0679637226096743,-0.00583038629964675,-0.00448603461309869));
#1507=CARTESIAN_POINT('',(0.0728173826061653,-0.00506535900322031,-0.00614855691067994));
#1508=CARTESIAN_POINT('',(0.0752338205281486,-0.00467162994379421,-0.0070061052966146));
#1509=CARTESIAN_POINT('',(0.075233820528147,-0.00467162994379447,-0.00700610529661954));
#1510=CARTESIAN_POINT('',(0.0757939512890712,-0.00458013159128038,-0.00720490906648102));
#1511=CARTESIAN_POINT('',(0.0756205853592677,-0.00460852237559368,-0.00710517562296004));
#1512=CARTESIAN_POINT('',(0.0754301658601608,-0.00463963786893369,-0.007037804832855));
#1513=CARTESIAN_POINT('',(0.075233820528147,-0.00467162994379447,-0.00700610529661953));
#1514=CARTESIAN_POINT('',(0.0757939512890712,-0.00458013159128038,-0.00720490906648105));
#1515=CARTESIAN_POINT('',(0.0757939512890712,-0.00458013159128039,-0.00720490906648106));
#1516=CARTESIAN_POINT('',(0.0779544328691168,-0.00422632639656049,-0.00797180635115532));
#1517=CARTESIAN_POINT('',(0.080113201600931,-0.00386272911029374,-0.00873910935141996));
#1518=CARTESIAN_POINT('',(0.0822707112965168,-0.00349170136028272,-0.00950660001183128));
#1519=CARTESIAN_POINT('',(0.0822707112965168,-0.00349170136028272,-0.0095066000118314));
#1520=CARTESIAN_POINT('',(0.0842111036766935,-0.00315597605522164,-0.0101970249188514));
#1521=CARTESIAN_POINT('',(0.0845324110391984,-0.00310005471322742,-0.0100863723711283));
#1522=CARTESIAN_POINT('',(0.0850978937530328,-0.00300129478206992,-0.00966815249454596));
#1523=CARTESIAN_POINT('',(0.0854352245742846,-0.00294215456291974,-0.00864113312116844));
#1524=CARTESIAN_POINT('',(0.0851082334052534,-0.00299948449794271,-0.00761810714203424));
#1525=CARTESIAN_POINT('',(0.0842578703570164,-0.00314800981608183,-0.00697858044275066));
#1526=CARTESIAN_POINT('',(0.083201636961581,-0.00333132589206026,-0.00694349157214125));
#1527=CARTESIAN_POINT('',(0.0823105851662791,-0.00348492254011823,-0.00752296919023464));
#1528=CARTESIAN_POINT('',(0.081917249670786,-0.00355240684726623,-0.00852374763475269));
#1529=CARTESIAN_POINT('',(0.0820897680425166,-0.00352281823940904,-0.00921504503885114));
#1530=CARTESIAN_POINT('',(0.0822707112965169,-0.00349170136028272,-0.00950660001183137));
#1531=CARTESIAN_POINT('',(0.0842111036766935,-0.00315597605522164,-0.0101970249188514));
#1532=CARTESIAN_POINT('',(0.0842111036766935,-0.00315597605522164,-0.0101970249188514));
#1533=CARTESIAN_POINT('',(0.0865549595245437,-0.002748044025806,-0.0110312054680569));
#1534=CARTESIAN_POINT('',(0.0888974368452345,-0.00233192588999837,-0.0118655675257802));
#1535=CARTESIAN_POINT('',(0.091238854567841,-0.00190937008319564,-0.0127));
#1536=CARTESIAN_POINT('',(0.0949495985893819,-0.00123430019078089,-0.0127));
#1537=CARTESIAN_POINT('',(0.0927437757737905,-0.00163867841900971,-0.0107182459730495));
#1538=CARTESIAN_POINT('',(0.08809828620749,-0.00247979470129743,-0.00699862360359648));
#1539=CARTESIAN_POINT('',(0.0817629546680637,-0.0035861585175984,-0.00330254102512775));
#1540=CARTESIAN_POINT('',(0.0763241124572957,-0.00449730118817899,-0.00107856439700821));
#1541=CARTESIAN_POINT('',(0.0706156852863049,-0.00541925048423262,0.000581678073408651));
#1542=CARTESIAN_POINT('',(0.0662438963865777,-0.00607829897920036,0.00108548120418578));
#1543=CARTESIAN_POINT('',(0.063266845918089,-0.00648853558545506,0.0010889232109498));
#1544=CARTESIAN_POINT('',(0.063266845918089,-0.00648853558545506,0.0010889232109498));
#1545=CARTESIAN_POINT('',(0.063266845918089,-0.00648853558545506,0.0010889232109498));
#1546=CARTESIAN_POINT('',(0.0622982557173029,-0.00662200700653299,0.00109004307572049));
#1547=CARTESIAN_POINT('',(0.060396487159501,-0.00687562034589648,0.00134293109750336));
#1548=CARTESIAN_POINT('',(0.0567915466033287,-0.00731838894967511,0.00282601968162635));
#1549=CARTESIAN_POINT('',(0.0546667758491766,-0.00753348720334743,0.00491590834454844));
#1550=CARTESIAN_POINT('',(0.053692767709008,-0.00762293147531813,0.0066101219746185));
#1551=CARTESIAN_POINT('',(0.0536927677090079,-0.00762293147531814,0.00661012197461851));
#1552=CARTESIAN_POINT('',(0.0454367510974407,-0.00788281206041574,0.00678426267880645));
#1553=CARTESIAN_POINT('',(0.0468262287610511,-0.00801794000805683,0.00675495500778559));
#1554=CARTESIAN_POINT('',(0.0495796537496402,-0.0079501102400804,0.00669687816649512));
#1555=CARTESIAN_POINT('',(0.0523229929562996,-0.0077487194440908,0.00663901406038313));
#1556=CARTESIAN_POINT('',(0.0536927677090079,-0.00762293147531814,0.00661012197461851));
#1557=CARTESIAN_POINT('',(0.0806261077523919,-0.00377317696264278,-0.0067629693131226));
#1558=CARTESIAN_POINT('',(0.0811740555424331,-0.00367958506338563,-0.00546075873127081));
#1559=CARTESIAN_POINT('',(0.0806265516858852,-0.00377310098776865,-0.00415999576179416));
#1560=CARTESIAN_POINT('',(0.0793416324943091,-0.00399089531072208,-0.00363516496888268));
#1561=CARTESIAN_POINT('',(0.0780543776313059,-0.0042065772813957,-0.00415934542037774));
#1562=CARTESIAN_POINT('',(0.0775075065031073,-0.00429740014495223,-0.00546060030897894));
#1563=CARTESIAN_POINT('',(0.0780524787125721,-0.00420689360452468,-0.00676040298419158));
#1564=CARTESIAN_POINT('',(0.079339679912231,-0.00399122501500794,-0.00728715653340746));
#1565=CARTESIAN_POINT('',(0.0806261077523919,-0.00377317696264278,-0.0067629693131226));
#1566=CARTESIAN_POINT('',(0.0811740555424331,-0.00367958506338563,-0.00546075873127081));
#1567=CARTESIAN_POINT('',(0.0806265516858852,-0.00377310098776865,-0.00415999576179416));
#1568=CARTESIAN_POINT('',(0.0809914802680016,-0.00371076970065899,-0.005461));
#1569=CARTESIAN_POINT('',(0.0453184538641349,0.00787130754849239,-0.0127));
#1570=CARTESIAN_POINT('',(0.0453184538641349,0.00787130754849239,0.00690116825487929));
#1571=CARTESIAN_POINT('',(0.0460489544398297,0.00794234938394572,-0.0127));
#1572=CARTESIAN_POINT('',(0.0460489544398297,0.00794234938394572,0.00690116825487929));
#1573=CARTESIAN_POINT('',(0.0477921412888331,0.00801142314120474,-0.0127));
#1574=CARTESIAN_POINT('',(0.0477921412888331,0.00801142314120474,0.00690116825487929));
#1575=CARTESIAN_POINT('',(0.0527166632488632,0.00777747851458787,-0.0127));
#1576=CARTESIAN_POINT('',(0.0527166632488632,0.00777747851458787,0.00690116825487929));
#1577=CARTESIAN_POINT('',(0.0649189015069908,0.00644070295230371,-0.0127));
#1578=CARTESIAN_POINT('',(0.0649189015069908,0.00644070295230371,0.00690116825487929));
#1579=CARTESIAN_POINT('',(0.0815819943248605,0.0036897260912861,-0.0127));
#1580=CARTESIAN_POINT('',(0.0815819943248605,0.0036897260912861,0.00690116825487929));
#1581=CARTESIAN_POINT('',(0.0954414618933747,0.0011440427307869,-0.0127));
#1582=CARTESIAN_POINT('',(0.0954414618933747,0.0011440427307869,0.00690116825487929));
#1583=CARTESIAN_POINT('',(0.0912388545678411,0.00190937008319564,-0.0127));
#1584=CARTESIAN_POINT('',(0.0888974368452244,0.00233192588992195,-0.0118655675257765));
#1585=CARTESIAN_POINT('',(0.086554959524543,0.00274804402580613,-0.0110312054680566));
#1586=CARTESIAN_POINT('',(0.0842111036766935,0.00315597605522165,-0.0101970249188514));
#1587=CARTESIAN_POINT('',(0.0842111036766935,0.00315597605522165,-0.0101970249188514));
#1588=CARTESIAN_POINT('',(0.0842111036766935,0.00315597605522164,-0.0101970249188514));
#1589=CARTESIAN_POINT('',(0.0845324110391984,0.00310005471322742,-0.0100863723711283));
#1590=CARTESIAN_POINT('',(0.0850978937530328,0.00300129478206993,-0.00966815249454599));
#1591=CARTESIAN_POINT('',(0.0854352245742846,0.00294215456291974,-0.0086411331211685));
#1592=CARTESIAN_POINT('',(0.0851082334052534,0.00299948449794271,-0.00761810714203432));
#1593=CARTESIAN_POINT('',(0.0842578703570165,0.00314800981608181,-0.00697858044275071));
#1594=CARTESIAN_POINT('',(0.0832016369615812,0.00333132589206024,-0.00694349157214122));
#1595=CARTESIAN_POINT('',(0.0823105851662792,0.00348492254011822,-0.00752296919023451));
#1596=CARTESIAN_POINT('',(0.0819172496707861,0.00355240684726623,-0.00852374763475249));
#1597=CARTESIAN_POINT('',(0.0820897680425165,0.00352281823940905,-0.00921504503885095));
#1598=CARTESIAN_POINT('',(0.0822707112965168,0.00349170136028274,-0.0095066000118312));
#1599=CARTESIAN_POINT('',(0.0822707112965167,0.00349170136028275,-0.00950660001183122));
#1600=CARTESIAN_POINT('',(0.0822707112965167,0.00349170136028275,-0.00950660001183123));
#1601=CARTESIAN_POINT('',(0.0801132016009395,0.0038627291102923,-0.00873910935142297));
#1602=CARTESIAN_POINT('',(0.0779544328691338,0.00422632639655762,-0.00797180635116138));
#1603=CARTESIAN_POINT('',(0.0757939512890969,0.00458013159127618,-0.00720490906649018));
#1604=CARTESIAN_POINT('',(0.0757939512890953,0.00458013159127644,-0.00720490906649493));
#1605=CARTESIAN_POINT('',(0.0757939512890953,0.00458013159127644,-0.00720490906649489));
#1606=CARTESIAN_POINT('',(0.0756205853592865,0.0046085223755906,-0.00710517562296698));
#1607=CARTESIAN_POINT('',(0.0754301658601732,0.00463963786893168,-0.00703780483285761));
#1608=CARTESIAN_POINT('',(0.075233820528152,0.00467162994379367,-0.00700610529662033));
#1609=CARTESIAN_POINT('',(0.075233820528152,0.00467162994379366,-0.0070061052966198));
#1610=CARTESIAN_POINT('',(0.0752338205281532,0.00467162994379347,-0.00700610529661622));
#1611=CARTESIAN_POINT('',(0.0728173825930582,0.00506535900535597,-0.00614855690602849));
#1612=CARTESIAN_POINT('',(0.0679637032538028,0.00583050849076327,-0.00448588241368656));
#1613=CARTESIAN_POINT('',(0.0618056239643219,0.00670599755669633,-0.00262973232075295));
#1614=CARTESIAN_POINT('',(0.0568270674021563,0.00731362455483118,-0.00127131163945062));
#1615=CARTESIAN_POINT('',(0.0530707529824179,0.00769746003317035,-0.000325261576429432));
#1616=CARTESIAN_POINT('',(0.049915751062101,0.0079245656607277,0.000397890825010722));
#1617=CARTESIAN_POINT('',(0.047365293168544,0.0079850156641243,0.000910154568751263));
#1618=CARTESIAN_POINT('',(0.0460778924729614,0.00794516363359382,0.00112991955226594));
#1619=CARTESIAN_POINT('',(0.0454367510974407,0.00788281206041575,0.00120450243018624));
#1620=CARTESIAN_POINT('',(0.0454367510974407,0.00788281206041575,0.00120450243018623));
#1621=CARTESIAN_POINT('',(0.0454367510974407,0.00788281206041575,0.00120450243018624));
#1622=CARTESIAN_POINT('',(0.0454319669688083,0.00788234679962007,0.00120557078064731));
#1623=CARTESIAN_POINT('',(0.0454271828064905,0.00788188153554845,0.00120663897883677));
#1624=CARTESIAN_POINT('',(0.0454223986100836,0.00788141626816164,0.0012077070228951));
#1625=CARTESIAN_POINT('',(0.0454223986100836,0.00788141626816164,0.0012077070228951));
#1626=CARTESIAN_POINT('',(0.0454223986100836,0.00788141626816164,0.0012077070228951));
#1627=CARTESIAN_POINT('',(0.0454320832176631,0.00788235810492534,0.00125156275472901));
#1628=CARTESIAN_POINT('',(0.0454367510974407,0.00788281206041575,0.00129596429509568));
#1629=CARTESIAN_POINT('',(0.0454367510974407,0.00788281206041575,0.00134087369012639));
#1630=CARTESIAN_POINT('',(0.0454367510974407,0.00788281206041575,0.00134087369012637));
#1631=CARTESIAN_POINT('',(0.0454367510974407,0.00788281206041575,-0.0127));
#1632=CARTESIAN_POINT('',(0.0454367510974407,0.00788281206041574,0.00678426267880645));
#1633=CARTESIAN_POINT('',(0.0454367510974407,0.00788281206041575,0.00678426267880645));
#1634=CARTESIAN_POINT('',(0.0468262287610511,0.00801794000805684,0.00675495500778559));
#1635=CARTESIAN_POINT('',(0.0495796537496402,0.00795011024008041,0.00669687816649512));
#1636=CARTESIAN_POINT('',(0.0523229929562996,0.00774871944409081,0.00663901406038313));
#1637=CARTESIAN_POINT('',(0.0536927677090079,0.00762293147531815,0.00661012197461851));
#1638=CARTESIAN_POINT('',(0.0536927677090079,0.00762293147531814,0.00661012197461851));
#1639=CARTESIAN_POINT('',(0.0536927677090079,0.00762293147531815,0.0066101219746185));
#1640=CARTESIAN_POINT('',(0.0546667758494206,0.00753348720356301,0.00491590834468463));
#1641=CARTESIAN_POINT('',(0.0567915466032766,0.00731838894964144,0.00282601968160294));
#1642=CARTESIAN_POINT('',(0.0603964871595066,0.00687562034588076,0.00134293109749696));
#1643=CARTESIAN_POINT('',(0.062298255717315,0.00662200700658915,0.00109004307574817));
#1644=CARTESIAN_POINT('',(0.063266845918089,0.00648853558545507,0.0010889232109498));
#1645=CARTESIAN_POINT('',(0.063266845918089,0.00648853558545507,0.0010889232109498));
#1646=CARTESIAN_POINT('',(0.063266845918089,0.00648853558545507,0.0010889232109498));
#1647=CARTESIAN_POINT('',(0.0662438963866012,0.00607829897937485,0.0010854812041623));
#1648=CARTESIAN_POINT('',(0.0706156852862984,0.00541925048419357,0.000581678073413836));
#1649=CARTESIAN_POINT('',(0.0763241124572924,0.00449730118818692,-0.00107856439700758));
#1650=CARTESIAN_POINT('',(0.0817629546680666,0.0035861585175938,-0.00330254102512861));
#1651=CARTESIAN_POINT('',(0.0880982862074875,0.00247979470129807,-0.00699862360359522));
#1652=CARTESIAN_POINT('',(0.0927437757737905,0.00163867841901256,-0.0107182459730494));
#1653=CARTESIAN_POINT('',(0.0949495985893819,0.00123430019078089,-0.0127));
#1654=CARTESIAN_POINT('',(0.0806261077523918,0.00377317696264278,-0.00676296931312257));
#1655=CARTESIAN_POINT('',(0.0811740555424331,0.00367958506338563,-0.00546075873127082));
#1656=CARTESIAN_POINT('',(0.0806265516858851,0.00377310098776865,-0.00415999576179414));
#1657=CARTESIAN_POINT('',(0.0793416324943091,0.0039908953107221,-0.00363516496888268));
#1658=CARTESIAN_POINT('',(0.078054377631306,0.0042065772813957,-0.00415934542037776));
#1659=CARTESIAN_POINT('',(0.0775075065031073,0.00429740014495224,-0.00546060030897896));
#1660=CARTESIAN_POINT('',(0.0780524787125721,0.00420689360452468,-0.0067604029841916));
#1661=CARTESIAN_POINT('',(0.0793396799122311,0.00399122501500794,-0.00728715653340746));
#1662=CARTESIAN_POINT('',(0.0806261077523918,0.00377317696264278,-0.00676296931312257));
#1663=CARTESIAN_POINT('',(0.0811740555424331,0.00367958506338563,-0.00546075873127082));
#1664=CARTESIAN_POINT('',(0.0806265516858851,0.00377310098776865,-0.00415999576179414));
#1665=CARTESIAN_POINT('',(0.0809914802680015,0.00371076970065899,-0.005461));
#1666=CARTESIAN_POINT('',(0.0120641253888607,0.00788281206041574,-0.0127));
#1667=CARTESIAN_POINT('',(0.0454367510974407,0.00788281206041574,0.00134087369012637));
#1668=CARTESIAN_POINT('',(0.0344931274621273,0.00788281206041574,0.0037531821768973));
#1669=CARTESIAN_POINT('',(0.0123006959858487,0.00788281206041577,0.00695420904685226));
#1670=CARTESIAN_POINT('',(-0.0101245746425621,0.00788281206041574,0.00702466899448398));
#1671=CARTESIAN_POINT('',(-0.0213085003197193,0.00788281206041574,0.00634749075984162));
#1672=CARTESIAN_POINT('',(-0.0213085003197193,0.00788281206041574,0.00634749075984162));
#1673=CARTESIAN_POINT('',(-0.0213085003197193,0.00788281206041574,-0.0127));
#1674=CARTESIAN_POINT('',(-0.0213085003197193,0.00788281206041575,0.0115101706832164));
#1675=CARTESIAN_POINT('',(-0.0084348264150323,0.00788281206041575,0.0145004629157483));
#1676=CARTESIAN_POINT('',(0.00334756169468161,0.00788281206041577,0.00767203234136105));
#1677=CARTESIAN_POINT('',(0.0124897568084968,0.00788281206041574,0.00747919984478966));
#1678=CARTESIAN_POINT('',(-0.05715,0.01778,-0.00856997972641727));
#1679=CARTESIAN_POINT('',(-0.05715,0.01778,0.0301532061633459));
#1680=CARTESIAN_POINT('',(-0.0561338091547595,0.0146030367309093,-0.00856997972641727));
#1681=CARTESIAN_POINT('',(-0.0561338091547595,0.0146030367309093,0.0301532061633459));
#1682=CARTESIAN_POINT('',(-0.0508448016224512,0.0109817531839454,-0.00856997972641727));
#1683=CARTESIAN_POINT('',(-0.0508448016224512,0.0109817531839454,0.0301532061633459));
#1684=CARTESIAN_POINT('',(-0.0380718936595776,0.00876350121113934,-0.00856997972641727));
#1685=CARTESIAN_POINT('',(-0.0380718936595776,0.00876350121113934,0.0301532061633459));
#1686=CARTESIAN_POINT('',(-0.0289028458734809,0.00806432665546413,-0.00856997972641727));
#1687=CARTESIAN_POINT('',(-0.0289028458734809,0.00806432665546413,0.0301532061633459));
#1688=CARTESIAN_POINT('',(-0.0236652872663057,0.00791320747977407,-0.00856997972641727));
#1689=CARTESIAN_POINT('',(-0.0236652872663057,0.00791320747977407,0.0301532061633459));
#1690=CARTESIAN_POINT('',(-0.0209146157050979,0.00787773214088482,-0.00856997972641727));
#1691=CARTESIAN_POINT('',(-0.0209146157050979,0.00787773214088482,0.0301532061633459));
#1692=CARTESIAN_POINT('',(-0.0213085003197193,0.00788281206041575,0.00634251972858706));
#1693=CARTESIAN_POINT('',(-0.0273574096258307,0.00796082468488577,0.0059641426613777));
#1694=CARTESIAN_POINT('',(-0.0334002543044431,0.00823870455499885,0.00536736105965003));
#1695=CARTESIAN_POINT('',(-0.0393479894246371,0.00909331584781057,0.00453228274701787));
#1696=CARTESIAN_POINT('',(-0.0213085003197193,0.00788281206041574,0.00634251972858705));
#1697=CARTESIAN_POINT('',(-0.0393479894246371,0.00909331584781057,0.00453228274701787));
#1698=CARTESIAN_POINT('',(-0.0393479894246371,0.00909331584781057,0.00453228274701786));
#1699=CARTESIAN_POINT('',(-0.0416246834819842,0.00942044683336604,0.0042126286613244));
#1700=CARTESIAN_POINT('',(-0.0458538450658982,0.0102508056563634,0.00209721263889921));
#1701=CARTESIAN_POINT('',(-0.048113285948851,0.0109898941583758,-0.00205378171009968));
#1702=CARTESIAN_POINT('',(-0.048693711072168,0.0111869463852131,-0.00428938695223361));
#1703=CARTESIAN_POINT('',(-0.0486937110721679,0.0111869463852131,-0.0042893869522336));
#1704=CARTESIAN_POINT('',(-0.0486937110721679,0.0111869463852131,-0.00428938695223359));
#1705=CARTESIAN_POINT('',(-0.0504202997154857,0.0117731169752341,-0.00492402606619797));
#1706=CARTESIAN_POINT('',(-0.0529149308699133,0.0128382534179416,-0.00600434455560075));
#1707=CARTESIAN_POINT('',(-0.0557407687547812,0.0151116660955065,-0.00751985472947334));
#1708=CARTESIAN_POINT('',(-0.0567670045561006,0.0166887936578762,-0.00814177257457771));
#1709=CARTESIAN_POINT('',(-0.0570879609897803,0.0175957904943054,-0.00834039562035146));
#1710=CARTESIAN_POINT('',(-0.0570879609897804,0.0175957904943054,-0.00834039562035148));
#1711=CARTESIAN_POINT('',(-0.0570879609897804,0.0175957904943054,-0.00834039562035147));
#1712=CARTESIAN_POINT('',(-0.0571315264811994,0.0177189030362082,-0.00792844585354873));
#1713=CARTESIAN_POINT('',(-0.05715,0.01778,-0.00750624408875199));
#1714=CARTESIAN_POINT('',(-0.05715,0.01778,-0.00707424826619377));
#1715=CARTESIAN_POINT('',(-0.05715,0.01778,-0.00707424826619377));
#1716=CARTESIAN_POINT('',(-0.05715,0.01778,-0.0127));
#1717=CARTESIAN_POINT('',(-0.05715,0.01778,0.0255920529294015));
#1718=CARTESIAN_POINT('',(-0.05715,0.01778,0.0255920529294015));
#1719=CARTESIAN_POINT('',(-0.05715,0.01778,0.026153829367126));
#1720=CARTESIAN_POINT('',(-0.0570882841038368,0.0175672564812868,0.0272617709147443));
#1721=CARTESIAN_POINT('',(-0.0567207905315187,0.0166726620209256,0.0286702517932641));
#1722=CARTESIAN_POINT('',(-0.055923482049858,0.0154663747823271,0.0295716131388296));
#1723=CARTESIAN_POINT('',(-0.0551463442454512,0.0146913030264925,0.0298410337301985));
#1724=CARTESIAN_POINT('',(-0.0547234972809441,0.0143327644463597,0.0299236220572789));
#1725=CARTESIAN_POINT('',(-0.0547234972809316,0.0143327644463491,0.0299236220572801));
#1726=CARTESIAN_POINT('',(-0.0547234972809316,0.0143327644463491,0.0299236220572801));
#1727=CARTESIAN_POINT('',(-0.0537445989126806,0.0135027411506753,0.0298320301402324));
#1728=CARTESIAN_POINT('',(-0.0515119276056902,0.0121958543415341,0.0295030225241556));
#1729=CARTESIAN_POINT('',(-0.0479952700261739,0.010894723505115,0.0284950601025603));
#1730=CARTESIAN_POINT('',(-0.044560031345807,0.0100015869457197,0.0270382681042259));
#1731=CARTESIAN_POINT('',(-0.0412431148543047,0.0093638613430183,0.0251893988487713));
#1732=CARTESIAN_POINT('',(-0.0380842330016921,0.00890405353989589,0.0230203229195519));
#1733=CARTESIAN_POINT('',(-0.0341417846900879,0.00846345842780541,0.0198316854873608));
#1734=CARTESIAN_POINT('',(-0.0314161554552738,0.00826499469380905,0.0171452710310134));
#1735=CARTESIAN_POINT('',(-0.0296788327395916,0.00816511805720748,0.0152591774240136));
#1736=CARTESIAN_POINT('',(-0.0296788327395916,0.00816511805720753,0.0152591774240136));
#1737=CARTESIAN_POINT('',(-0.0296788327395916,0.00816511805720747,0.0152591774240136));
#1738=CARTESIAN_POINT('',(-0.0284111913403339,0.0080922428462683,0.0143518128699501));
#1739=CARTESIAN_POINT('',(-0.0256606361111055,0.00796703366052061,0.0130161714284883));
#1740=CARTESIAN_POINT('',(-0.0227761100240932,0.00790173978423204,0.0119751323282412));
#1741=CARTESIAN_POINT('',(-0.0213085003197193,0.00788281206041575,0.0115101706832164));
#1742=CARTESIAN_POINT('',(-0.0213085003197193,0.00788281206041574,0.00634749075984162));
#1743=CARTESIAN_POINT('',(-0.0213085003197193,0.00788281206041574,0.00634583528065881));
#1744=CARTESIAN_POINT('',(-0.0213084503063672,0.00788281141539486,0.00634418131683566));
#1745=CARTESIAN_POINT('',(-0.0213083500041178,0.00788281012179938,0.00634252887672096));
#1746=CARTESIAN_POINT('',(-0.0213083500041182,0.00788281012179939,0.00634252887672096));
#1747=CARTESIAN_POINT('',(-0.0213083500041182,0.00788281012179939,0.00634252887672096));
#1748=CARTESIAN_POINT('',(-0.0213084001093194,0.00788281076800485,0.00634252582735722));
#1749=CARTESIAN_POINT('',(-0.0213084502145194,0.0078828114142103,0.00634252277797359));
#1750=CARTESIAN_POINT('',(-0.0213085003197193,0.00788281206041575,0.00634251972858706));
#1751=CARTESIAN_POINT('',(-0.079375,0.01778,-0.0127));
#1752=CARTESIAN_POINT('',(-0.0685863196849823,0.01778,-0.005461));
#1753=CARTESIAN_POINT('',(-0.0669353196849823,0.01778,-0.005461));
#1754=CARTESIAN_POINT('',(-0.0782041659694422,0.01778,0.000715613087575358));
#1755=CARTESIAN_POINT('',(-0.0783114001726979,0.01778,0.00162770780254457));
#1756=CARTESIAN_POINT('',(-0.0787561902516744,0.01778,0.00339213954874997));
#1757=CARTESIAN_POINT('',(-0.0800921678199959,0.01778,0.00580526115704378));
#1758=CARTESIAN_POINT('',(-0.0819501323539905,0.01778,0.00783310427304889));
#1759=CARTESIAN_POINT('',(-0.0848545530298845,0.01778,0.010000006241098));
#1760=CARTESIAN_POINT('',(-0.0890123736199109,0.01778,0.0119123899202813));
#1761=CARTESIAN_POINT('',(-0.0924762874067734,0.01778,0.0129040561316868));
#1762=CARTESIAN_POINT('',(-0.0942414770618824,0.01778,0.0133246828065486));
#1763=CARTESIAN_POINT('',(-0.0782041659694422,0.01778,0.000715613087575358));
#1764=CARTESIAN_POINT('',(-0.0942414770618824,0.01778,0.0133246828065486));
#1765=CARTESIAN_POINT('',(-0.0942414770618868,0.01778,0.0255920529294015));
#1766=CARTESIAN_POINT('',(-0.0942414770618868,0.01778,0.0255920529294015));
#1767=CARTESIAN_POINT('',(-0.079375,0.01778,0.0255920529294015));
#1768=CARTESIAN_POINT('',(-0.05715,0.01778,-0.00707424826619377));
#1769=CARTESIAN_POINT('',(-0.0582102287165697,0.01778,-0.00717443136098859));
#1770=CARTESIAN_POINT('',(-0.0603313550534705,0.01778,-0.00736736538022509));
#1771=CARTESIAN_POINT('',(-0.0624498057753259,0.01778,-0.00759002808087417));
#1772=CARTESIAN_POINT('',(-0.0635124906429077,0.01778,-0.00766292095278418));
#1773=CARTESIAN_POINT('',(-0.0635124906429077,0.01778,-0.00766292095278413));
#1774=CARTESIAN_POINT('',(-0.0650137079113244,0.01778,-0.00835005100816488));
#1775=CARTESIAN_POINT('',(-0.0665438861317132,0.01778,-0.00773008680448236));
#1776=CARTESIAN_POINT('',(-0.0665438861317132,0.01778,-0.00773008680448237));
#1777=CARTESIAN_POINT('',(-0.0681202460544415,0.01778,-0.00768336451350502));
#1778=CARTESIAN_POINT('',(-0.0705081896799335,0.01778,-0.00740683279802439));
#1779=CARTESIAN_POINT('',(-0.0734583572757225,0.01778,-0.00627470764021824));
#1780=CARTESIAN_POINT('',(-0.0747721924490575,0.01778,-0.00534776564183585));
#1781=CARTESIAN_POINT('',(-0.0753425511475511,0.01778,-0.00480111569901146));
#1782=CARTESIAN_POINT('',(-0.0753425511475511,0.01778,-0.00480111569901147));
#1783=CARTESIAN_POINT('',(-0.076855942606926,0.01778,-0.005461));
#1784=CARTESIAN_POINT('',(-0.0760664753979656,0.01778,-0.00401098533594441));
#1785=CARTESIAN_POINT('',(-0.0760664753979573,0.01778,-0.00401098533593952));
#1786=CARTESIAN_POINT('',(-0.0771657331221609,0.01778,-0.00264508866079879));
#1787=CARTESIAN_POINT('',(-0.0778111086443695,0.01778,-0.000990478451286143));
#1788=CARTESIAN_POINT('',(-0.0782041659694418,0.01778,0.000715613087575412));
#1789=CARTESIAN_POINT('',(-0.05715,0.,0.02032));
#1790=CARTESIAN_POINT('',(-0.05715,0.,0.02032));
#1791=CARTESIAN_POINT('',(-0.05715,0.,0.0286814348228983));
#1792=CARTESIAN_POINT('',(-0.1016,0.00734029893155834,0.0163158017165805));
#1793=CARTESIAN_POINT('',(-0.1016,0.00660602182076811,0.0149697611086218));
#1794=CARTESIAN_POINT('',(-0.101054865498997,0.00500008818366217,0.0133404926845155));
#1795=CARTESIAN_POINT('',(-0.100334360252134,0.00227595803605783,0.0121699985146212));
#1796=CARTESIAN_POINT('',(-0.100090511318695,5.29787083189371E-6,0.0118540239634894));
#1797=CARTESIAN_POINT('',(-0.100331176295369,-0.0022606755933783,0.0121653099527953));
#1798=CARTESIAN_POINT('',(-0.101055146745963,-0.00500367565848424,0.0133401546255332));
#1799=CARTESIAN_POINT('',(-0.1016,-0.00660536354434315,0.0149685543887252));
#1800=CARTESIAN_POINT('',(-0.1016,-0.00734029893155833,0.0163158017165805));
#1801=CARTESIAN_POINT('',(-0.1016,-0.00802190305212979,0.0226785299912883));
#1802=CARTESIAN_POINT('',(-0.1016,-0.00775404226638579,0.0235895861417899));
#1803=CARTESIAN_POINT('',(-0.101261644044022,-0.00692014519965041,0.0252689318739063));
#1804=CARTESIAN_POINT('',(-0.100192889789963,-0.00504742787511595,0.0271488109491928));
#1805=CARTESIAN_POINT('',(-0.0991947240986257,-0.00315665364817006,0.0281493358223758));
#1806=CARTESIAN_POINT('',(-0.0986161453697625,-0.00141580028023116,0.0285994750919944));
#1807=CARTESIAN_POINT('',(-0.0984387986143172,-7.88603648034735E-6,0.0287218788382149));
#1808=CARTESIAN_POINT('',(-0.0986131648544858,0.00140536285786176,0.0286016009272452));
#1809=CARTESIAN_POINT('',(-0.0991927845630972,0.00315324618694847,0.0281514169746114));
#1810=CARTESIAN_POINT('',(-0.100192442575097,0.00504674116740749,0.0271479503602971));
#1811=CARTESIAN_POINT('',(-0.101257886590628,0.00691256020222351,0.0252802957477121));
#1812=CARTESIAN_POINT('',(-0.1016,0.00775424740434502,0.0235888884204011));
#1813=CARTESIAN_POINT('',(-0.1016,0.0080219030521298,0.0226785299912883));
#1814=CARTESIAN_POINT('',(-0.05715,-6.93889390390723E-18,0.0127));
#1815=CARTESIAN_POINT('',(-0.0621118508279324,0.013335,-0.0120079033076763));
#1816=CARTESIAN_POINT('',(-0.0621118508279324,-0.013335,-0.0120079033076763));
#1817=CARTESIAN_POINT('',(-0.073796504487594,0.013335,-0.0131120091925065));
#1818=CARTESIAN_POINT('',(-0.073796504487594,-0.013335,-0.0131120091925065));
#1819=CARTESIAN_POINT('',(-0.0806254824111097,0.013335,-0.00910937475661436));
#1820=CARTESIAN_POINT('',(-0.0806254824111097,-0.013335,-0.00910937475661436));
#1821=CARTESIAN_POINT('',(-0.0825987845984796,0.013335,0.));
#1822=CARTESIAN_POINT('',(-0.0825987845984796,-0.013335,0.));
#1823=CARTESIAN_POINT('',(-0.0621118508279324,0.086868,-0.0120079033076763));
#1824=CARTESIAN_POINT('',(-0.0621118508279323,0.013335,-0.0120079033076763));
#1825=CARTESIAN_POINT('',(-0.0621118508279323,-0.013335,-0.0120079033076763));
#1826=CARTESIAN_POINT('',(-0.0621118508279323,-0.013335,-0.0120079033076763));
#1827=CARTESIAN_POINT('',(-0.0643137400511682,-0.013335,-0.0122159626539853));
#1828=CARTESIAN_POINT('',(-0.0687340414614162,-0.013335,-0.012319402172467));
#1829=CARTESIAN_POINT('',(-0.0741726205737631,-0.013335,-0.0110512782788439));
#1830=CARTESIAN_POINT('',(-0.0779305033235439,-0.013335,-0.00864890892861138));
#1831=CARTESIAN_POINT('',(-0.0809249617812731,-0.013335,-0.00533848690502022));
#1832=CARTESIAN_POINT('',(-0.0821279728169298,-0.013335,-0.00217341316774352));
#1833=CARTESIAN_POINT('',(-0.0825987845984796,-0.013335,-1.52069620945406E-51));
#1834=CARTESIAN_POINT('',(-0.0825987845984796,-0.013335,0.));
#1835=CARTESIAN_POINT('',(-0.0825987845984796,0.086868,0.));
#1836=CARTESIAN_POINT('',(-0.0825987845984796,0.013335,0.));
#1837=CARTESIAN_POINT('',(-0.0825987845984796,0.013335,-5.01147772409086E-35));
#1838=CARTESIAN_POINT('',(-0.0821296910545566,0.013335,-0.00216548125008568));
#1839=CARTESIAN_POINT('',(-0.0809245781654255,0.013335,-0.0053402712469937));
#1840=CARTESIAN_POINT('',(-0.0779305695889206,0.013335,-0.00864857949588666));
#1841=CARTESIAN_POINT('',(-0.0741726055591453,0.013335,-0.011051471411587));
#1842=CARTESIAN_POINT('',(-0.068733843390653,0.013335,-0.0123193120589162));
#1843=CARTESIAN_POINT('',(-0.0643141875155146,0.013335,-0.0122160064289123));
#1844=CARTESIAN_POINT('',(-0.0621118508279323,0.013335,-0.0120079033076763));
#1845=CARTESIAN_POINT('',(-0.0398466892224714,0.0178069399802371,-0.00183295898080826));
#1846=CARTESIAN_POINT('',(-0.0398466892224714,-0.0178069399802371,-0.00183295898080826));
#1847=CARTESIAN_POINT('',(-0.0488743450746562,0.0178069399802371,-0.00362840970954002));
#1848=CARTESIAN_POINT('',(-0.0488743450746562,-0.0178069399802371,-0.00362840970954002));
#1849=CARTESIAN_POINT('',(-0.0562960656098099,0.0178069399802371,-0.00702005781849604));
#1850=CARTESIAN_POINT('',(-0.0562960656098099,-0.0178069399802371,-0.00702005781849604));
#1851=CARTESIAN_POINT('',(-0.0621118508279324,0.0178069399802371,-0.0120079033076763));
#1852=CARTESIAN_POINT('',(-0.0621118508279324,-0.0178069399802371,-0.0120079033076763));
#1853=CARTESIAN_POINT('',(-0.0398466892224697,0.00293181190210436,-0.00183295898080794));
#1854=CARTESIAN_POINT('',(-0.0398466892224697,0.00293181190210436,-0.00183295898080794));
#1855=CARTESIAN_POINT('',(-0.0398466892224698,-0.00293181190210434,-0.00183295898080794));
#1856=CARTESIAN_POINT('',(-0.048693711072168,-0.0111869463852131,-0.0042893869522336));
#1857=CARTESIAN_POINT('',(-0.0477475347842537,-0.0108657229628901,-0.00394160261845374));
#1858=CARTESIAN_POINT('',(-0.0459609825211962,-0.00990961838722174,-0.00334715197603093));
#1859=CARTESIAN_POINT('',(-0.0429179823769278,-0.00714240889366795,-0.00248935925114136));
#1860=CARTESIAN_POINT('',(-0.0411124914983751,-0.00457697924591551,-0.00208470601856796));
#1861=CARTESIAN_POINT('',(-0.0398466892224698,-0.00293181190210437,-0.00183295898080794));
#1862=CARTESIAN_POINT('',(-0.0570879609897804,-0.0175957904943054,-0.00834039562035147));
#1863=CARTESIAN_POINT('',(-0.0576630353206915,-0.0175065649032542,-0.00869627885921495));
#1864=CARTESIAN_POINT('',(-0.0587760193391587,-0.0172566123193051,-0.00942334636280096));
#1865=CARTESIAN_POINT('',(-0.0603378105689736,-0.0165458908052417,-0.0105552940862052));
#1866=CARTESIAN_POINT('',(-0.0616583415440819,-0.0153416270128803,-0.0116147696044599));
#1867=CARTESIAN_POINT('',(-0.0621118508279323,-0.014027933735304,-0.0120079033076763));
#1868=CARTESIAN_POINT('',(-0.0621118508279323,-0.013335,-0.0120079033076763));
#1869=CARTESIAN_POINT('',(-0.0621118508279323,0.013335,-0.0120079033076763));
#1870=CARTESIAN_POINT('',(-0.0621118508279323,0.0140269754926853,-0.0120079033076763));
#1871=CARTESIAN_POINT('',(-0.0616655061095388,0.0153311086465494,-0.0116206115135282));
#1872=CARTESIAN_POINT('',(-0.060336454962089,0.0165470434719998,-0.0105544348280644));
#1873=CARTESIAN_POINT('',(-0.0587909709335303,0.0172513552758834,-0.00943362438886098));
#1874=CARTESIAN_POINT('',(-0.0576635031206139,0.0175064923218116,-0.00869656835596743));
#1875=CARTESIAN_POINT('',(-0.0570879609897804,0.0175957904943054,-0.00834039562035147));
#1876=CARTESIAN_POINT('',(-0.048693711072168,0.0111869463852131,-0.0042893869522336));
#1877=CARTESIAN_POINT('',(-0.0477475347842536,0.0108657229628901,-0.00394160261845374));
#1878=CARTESIAN_POINT('',(-0.0459609825211943,0.00990961838722314,-0.00334715197603054));
#1879=CARTESIAN_POINT('',(-0.0429179823769368,0.00714240889366068,-0.00248935925114315));
#1880=CARTESIAN_POINT('',(-0.0411124914983357,0.00457697924594697,-0.00208470601856009));
#1881=CARTESIAN_POINT('',(-0.0398466892224698,0.00293181190210436,-0.00183295898080792));
#1882=CARTESIAN_POINT('',(-0.0825987845984796,0.013335,0.));
#1883=CARTESIAN_POINT('',(-0.0825987845984796,-0.013335,0.));
#1884=CARTESIAN_POINT('',(-0.0829564386125144,0.013335,0.00416916974804704));
#1885=CARTESIAN_POINT('',(-0.0829564386125144,-0.013335,0.00416916974804704));
#1886=CARTESIAN_POINT('',(-0.0873794607504827,0.013335,0.0072155893626697));
#1887=CARTESIAN_POINT('',(-0.0873794607504827,-0.013335,0.0072155893626697));
#1888=CARTESIAN_POINT('',(-0.0958678510123843,0.013335,0.00913925884386797));
#1889=CARTESIAN_POINT('',(-0.0958678510123843,-0.013335,0.00913925884386797));
#1890=CARTESIAN_POINT('',(-0.0825987845984796,-0.013335,8.09136630657227E-36));
#1891=CARTESIAN_POINT('',(-0.0826576373356611,-0.013335,0.000686007700794385));
#1892=CARTESIAN_POINT('',(-0.0830125199215002,-0.013335,0.00205013386464322));
#1893=CARTESIAN_POINT('',(-0.0841893489444202,-0.013335,0.0037886967001903));
#1894=CARTESIAN_POINT('',(-0.0857520949639745,-0.013335,0.00517320208633015));
#1895=CARTESIAN_POINT('',(-0.0880948371817471,-0.013335,0.00663355566463192));
#1896=CARTESIAN_POINT('',(-0.0912907446713283,-0.013335,0.00794582066353807));
#1897=CARTESIAN_POINT('',(-0.0939313023246627,-0.013335,0.008681315599959));
#1898=CARTESIAN_POINT('',(-0.095271826261195,-0.013335,0.0090007487728848));
#1899=CARTESIAN_POINT('',(-0.095271826261195,-0.013335,0.0090007487728848));
#1900=CARTESIAN_POINT('',(-0.0952718263936755,-0.013335,0.00900074880445355));
#1901=CARTESIAN_POINT('',(-0.0954729942730564,-0.0133349999995545,0.00904868505619337));
#1902=CARTESIAN_POINT('',(-0.0956716689369318,-0.0133108736188839,0.00909479935736984));
#1903=CARTESIAN_POINT('',(-0.0958678509827245,-0.013262947078551,0.00913925883714639));
#1904=CARTESIAN_POINT('',(-0.0958678509827245,-0.013262947078551,0.00913925883714639));
#1905=CARTESIAN_POINT('',(-0.0958678509827245,-0.013335,0.00913925883714639));
#1906=CARTESIAN_POINT('',(-0.0958678509827245,0.013262947078551,0.00913925883714639));
#1907=CARTESIAN_POINT('',(-0.0958678509827245,0.013262947078551,0.00913925883714639));
#1908=CARTESIAN_POINT('',(-0.0956716689369263,0.0133108736190471,0.00909479935747863));
#1909=CARTESIAN_POINT('',(-0.095472994273043,0.013335,0.00904868505648313));
#1910=CARTESIAN_POINT('',(-0.0952718263936755,0.013335,0.00900074880445355));
#1911=CARTESIAN_POINT('',(-0.0952718263936755,0.013335,0.00900074880445355));
#1912=CARTESIAN_POINT('',(-0.0952718263936755,0.013335,0.00900074880445354));
#1913=CARTESIAN_POINT('',(-0.093931302365254,0.013335,0.0086813156132295));
#1914=CARTESIAN_POINT('',(-0.0912907379790791,0.013335,0.00794574394779269));
#1915=CARTESIAN_POINT('',(-0.0880948548593386,0.013335,0.00663376638400551));
#1916=CARTESIAN_POINT('',(-0.0857520633625995,0.013335,0.00517283752118625));
#1917=CARTESIAN_POINT('',(-0.0841894672910047,0.013335,0.00379008604453868));
#1918=CARTESIAN_POINT('',(-0.0830120753365867,0.013335,0.00204493786387817));
#1919=CARTESIAN_POINT('',(-0.0826585944039615,0.013335,0.000697202385172912));
#1920=CARTESIAN_POINT('',(-0.0825987845984796,0.013335,0.));
#1921=CARTESIAN_POINT('',(0.062512943377758,0.00284156317220872,-0.0097630812902085));
#1922=CARTESIAN_POINT('',(0.062512943377758,-0.00284156317220874,-0.0097630812902085));
#1923=CARTESIAN_POINT('',(0.0304404403702306,0.00284156317220872,0.000251991567404501));
#1924=CARTESIAN_POINT('',(0.0304404403702306,-0.00284156317220874,0.000251991567404501));
#1925=CARTESIAN_POINT('',(-0.00354040156554286,0.00284156317220872,0.0029182357793265));
#1926=CARTESIAN_POINT('',(-0.00354040156554286,-0.00284156317220874,0.0029182357793265));
#1927=CARTESIAN_POINT('',(-0.0394295824295623,0.00284156317220872,-0.00176434865444251));
#1928=CARTESIAN_POINT('',(-0.0394295824295623,-0.00284156317220874,-0.00176434865444251));
#1929=CARTESIAN_POINT('',(0.0619388777855431,4.406351657195E-17,-0.00958466937150027));
#1930=CARTESIAN_POINT('',(0.0604983981596722,-0.000210222690965723,-0.00913911345219275));
#1931=CARTESIAN_POINT('',(0.0576052234655346,-0.000614136119506729,-0.00827620085099088));
#1932=CARTESIAN_POINT('',(0.0532315517992287,-0.00115022902698191,-0.00706817423326246));
#1933=CARTESIAN_POINT('',(0.0488293509715237,-0.0015524982889684,-0.00594819069398597));
#1934=CARTESIAN_POINT('',(0.0458531725588868,-0.00168122568278237,-0.00525571795123599));
#1935=CARTESIAN_POINT('',(0.0443693469242572,-0.00153281206041576,-0.00492649614308865));
#1936=CARTESIAN_POINT('',(0.0619388777855431,-4.29156340955819E-18,-0.00958466937150028));
#1937=CARTESIAN_POINT('',(0.0443693469242572,-0.00153281206041573,-0.00492649614308865));
#1938=CARTESIAN_POINT('',(0.0443693469242572,-0.00153281206041573,-0.00492649614308865));
#1939=CARTESIAN_POINT('',(0.0390132518043077,-0.00153281206041573,-0.00373811977402887));
#1940=CARTESIAN_POINT('',(0.0282362151892048,-0.00153281206041573,-0.00176153730296857));
#1941=CARTESIAN_POINT('',(0.00642761462750092,-0.00153281206041574,0.000619882391083758));
#1942=CARTESIAN_POINT('',(-0.0100146436898407,-0.00153281206041573,0.0006713930091993));
#1943=CARTESIAN_POINT('',(-0.0209646809978864,-0.00153281206041573,6.67608626455513E-6));
#1944=CARTESIAN_POINT('',(-0.0209646809978864,-0.00153281206041573,6.67608626455513E-6));
#1945=CARTESIAN_POINT('',(-0.0209646809978864,-0.00153281206041573,6.67608626455513E-6));
#1946=CARTESIAN_POINT('',(-0.0271581669015577,-0.00161464920113947,-0.000369296595500017));
#1947=CARTESIAN_POINT('',(-0.0333384901760672,-0.00191274669694501,-0.000969622972042508));
#1948=CARTESIAN_POINT('',(-0.0394295824072399,-0.00280786874724173,-0.00176434865153003));
#1949=CARTESIAN_POINT('',(-0.0394295824072399,-0.00280786874724185,-0.00176434865153003));
#1950=CARTESIAN_POINT('',(-0.0394295824072399,-0.00280786874724185,-0.00176434865153003));
#1951=CARTESIAN_POINT('',(-0.0394295824072399,0.00280786874724183,-0.00176434865153003));
#1952=CARTESIAN_POINT('',(-0.0394295824072399,0.00280786874724183,-0.00176434865153003));
#1953=CARTESIAN_POINT('',(-0.0333384901761263,0.00191274669692014,-0.000969622971550563));
#1954=CARTESIAN_POINT('',(-0.0271581669015579,0.00161464920113968,-0.000369296595500044));
#1955=CARTESIAN_POINT('',(-0.0209646809978866,0.00153281206041573,6.67608626453968E-6));
#1956=CARTESIAN_POINT('',(-0.0209646809978866,0.00153281206041573,6.67608626453968E-6));
#1957=CARTESIAN_POINT('',(-0.0209646809978866,0.00153281206041573,6.67608626453968E-6));
#1958=CARTESIAN_POINT('',(-0.0100150376174348,0.00153281206041573,0.000671369096007874));
#1959=CARTESIAN_POINT('',(0.00644531392480722,0.00153281206041573,0.000619305904908273));
#1960=CARTESIAN_POINT('',(0.0282473551205455,0.00153281206041573,-0.00176355501518561));
#1961=CARTESIAN_POINT('',(0.0390136546160786,0.00153281206041573,-0.00373820914734637));
#1962=CARTESIAN_POINT('',(0.0443693469242571,0.00153281206041573,-0.00492649614308862));
#1963=CARTESIAN_POINT('',(0.0443693469242571,0.00153281206041573,-0.00492649614308862));
#1964=CARTESIAN_POINT('',(0.0443693469242571,0.00153281206041573,-0.00492649614308862));
#1965=CARTESIAN_POINT('',(0.0458531725588867,0.00168122568278235,-0.00525571795123596));
#1966=CARTESIAN_POINT('',(0.0488293509715237,0.00155249828896843,-0.00594819069398596));
#1967=CARTESIAN_POINT('',(0.0532315517992287,0.00115022902698193,-0.00706817423326245));
#1968=CARTESIAN_POINT('',(0.0576052234655346,0.000614136119506708,-0.00827620085099086));
#1969=CARTESIAN_POINT('',(0.0604983981596722,0.00021022269096574,-0.00913911345219275));
#1970=CARTESIAN_POINT('',(0.0619388777855431,-2.80399470593565E-17,-0.00958466937150027));
#1971=CARTESIAN_POINT('',(0.0625066684598958,0.000730421347588175,-0.036987135946911));
#1972=CARTESIAN_POINT('',(0.0717975817508237,-3.01362775534375E-15,0.00541929931711202));
#1973=CARTESIAN_POINT('',(0.0687667349176105,0.000418041289719001,0.00608095740240099));
#1974=CARTESIAN_POINT('',(0.0656837264270953,0.000822913782146467,0.00642078232764245));
#1975=CARTESIAN_POINT('',(0.062544758022651,0.00120293370814915,0.00642446890552835));
#1976=CARTESIAN_POINT('',(0.0717975817508245,3.12035445571024E-15,0.00541929931711186));
#1977=CARTESIAN_POINT('',(0.0625447579277098,0.00120293345814816,0.00642436069828773));
#1978=CARTESIAN_POINT('',(0.062544758022651,0.00120293370814918,0.00642446890552835));
#1979=CARTESIAN_POINT('',(0.0625447579277095,-0.0012029334581457,0.00642436069828774));
#1980=CARTESIAN_POINT('',(0.062544758022651,-0.00120293370814916,0.00642446890552835));
#1981=CARTESIAN_POINT('',(0.0656837264270943,-0.00082291378214661,0.00642078232764253));
#1982=CARTESIAN_POINT('',(0.0687667349176099,-0.000418041289719109,0.0060809574024012));
#1983=CARTESIAN_POINT('',(0.0717975817508245,3.11734753424302E-15,0.00541929931711184));
#1984=CARTESIAN_POINT('',(0.0329203554429114,0.086868,0.00704826577566564));
#1985=CARTESIAN_POINT('',(0.0624385088977241,0.0065942352308929,0.00642565171481856));
#1986=CARTESIAN_POINT('',(0.0624385088977241,-0.00123214672232267,0.00642565171481856));
#1987=CARTESIAN_POINT('',(0.0624385088977241,0.00123214672232268,0.00642565171481856));
#1988=CARTESIAN_POINT('',(0.0536927677090079,0.00762293147531815,0.0066101219746185));
#1989=CARTESIAN_POINT('',(0.0546299385920366,0.00753687001044155,0.00659035462128174));
#1990=CARTESIAN_POINT('',(0.0564298711712081,0.00699879116286284,0.00655238939645546));
#1991=CARTESIAN_POINT('',(0.0595411429349008,0.0049186263203043,0.00648676464285571));
#1992=CARTESIAN_POINT('',(0.061304940212187,0.00269792740048226,0.00644956160483358));
#1993=CARTESIAN_POINT('',(0.0624385088977241,0.00123214672232266,0.00642565171481855));
#1994=CARTESIAN_POINT('',(0.00334756169468161,0.086868,0.00767203234136105));
#1995=CARTESIAN_POINT('',(0.0536927677090079,-0.00762293147531814,0.00661012197461851));
#1996=CARTESIAN_POINT('',(0.0546299385920366,-0.00753687001044154,0.00659035462128174));
#1997=CARTESIAN_POINT('',(0.0564298711712109,-0.00699879116286501,0.0065523893964554));
#1998=CARTESIAN_POINT('',(0.0595411429348867,-0.00491862632029343,0.00648676464285601));
#1999=CARTESIAN_POINT('',(0.0613049402122485,-0.00269792740052987,0.00644956160483226));
#2000=CARTESIAN_POINT('',(0.0624385088977241,-0.00123214672232266,0.00642565171481855));
#2001=CARTESIAN_POINT('',(-0.0296788327395916,0.00826309947389402,0.0152591774240136));
#2002=CARTESIAN_POINT('',(-0.0296788327395916,-0.00826309947389399,0.0152591774240136));
#2003=CARTESIAN_POINT('',(-0.028501089869274,0.00826309947389401,0.0144161613037189));
#2004=CARTESIAN_POINT('',(-0.028501089869274,-0.00826309947389399,0.0144161613037189));
#2005=CARTESIAN_POINT('',(-0.0249190055930991,0.008263099473894,0.0125382998847358));
#2006=CARTESIAN_POINT('',(-0.0249190055930991,-0.00826309947389401,0.0125382998847358));
#2007=CARTESIAN_POINT('',(-0.0157797830153464,0.008263099473894,0.00978860495767245));
#2008=CARTESIAN_POINT('',(-0.0157797830153464,-0.00826309947389401,0.00978860495767245));
#2009=CARTESIAN_POINT('',(-0.00514810280251379,0.008263099473894,0.00799633548151524));
#2010=CARTESIAN_POINT('',(-0.00514810280251378,-0.00826309947389401,0.00799633548151524));
#2011=CARTESIAN_POINT('',(0.000855705183413286,0.00826309947389401,0.00767203234136105));
#2012=CARTESIAN_POINT('',(0.000855705183413288,-0.00826309947389399,0.00767203234136105));
#2013=CARTESIAN_POINT('',(0.00334756169468164,0.00826309947389402,0.00767203234136105));
#2014=CARTESIAN_POINT('',(0.00334756169468164,-0.00826309947389399,0.00767203234136105));
#2015=CARTESIAN_POINT('',(-0.0296788327395916,0.086868,0.0152591774240136));
#2016=CARTESIAN_POINT('',(-0.079375,0.086868,0.0300370529294016));
#2017=CARTESIAN_POINT('',(-0.079375,0.013335,0.0300370529294016));
#2018=CARTESIAN_POINT('',(-0.05715,0.013335,0.0300370529294015));
#2019=CARTESIAN_POINT('',(-0.0942414770618868,0.013335,0.0300370529294016));
#2020=CARTESIAN_POINT('',(-0.0942414770618868,-0.013335,0.0300370529294016));
#2021=CARTESIAN_POINT('',(-0.0942414770618868,-0.013335,0.0300370529294016));
#2022=CARTESIAN_POINT('',(-0.05715,-0.013335,0.0300370529294016));
#2023=CARTESIAN_POINT('',(-0.05715,-0.013335,0.0300370529294015));
#2024=CARTESIAN_POINT('',(-0.05715,0.086868,0.0300370529294015));
#2025=CARTESIAN_POINT('',(-0.05715,0.0145047576197165,0.0300370529294016));
#2026=CARTESIAN_POINT('',(-0.05715,-0.0145047576197165,0.0300370529294016));
#2027=CARTESIAN_POINT('',(-0.0479107080777486,0.0145047576197165,0.0300370529294016));
#2028=CARTESIAN_POINT('',(-0.0479107080777486,-0.0145047576197165,0.0300370529294016));
#2029=CARTESIAN_POINT('',(-0.0387536523242792,0.0145047576197165,0.0251110944276056));
#2030=CARTESIAN_POINT('',(-0.0387536523242792,-0.0145047576197165,0.0251110944276056));
#2031=CARTESIAN_POINT('',(-0.0296788327395916,0.0145047576197165,0.0152591774240136));
#2032=CARTESIAN_POINT('',(-0.0296788327395916,-0.0145047576197165,0.0152591774240136));
#2033=CARTESIAN_POINT('',(-0.0547234972809447,0.0143327644463602,0.0299236220572813));
#2034=CARTESIAN_POINT('',(-0.0555322297933651,0.0140042596820693,0.0299992921815695));
#2035=CARTESIAN_POINT('',(-0.0563410652837239,0.0136695138966958,0.0300370529294016));
#2036=CARTESIAN_POINT('',(-0.05715,0.013335,0.0300370529294016));
#2037=CARTESIAN_POINT('',(-0.0547234972809447,-0.0143327644463602,0.0299236220572814));
#2038=CARTESIAN_POINT('',(-0.0555322297933675,-0.0140042596820684,0.0299992921815697));
#2039=CARTESIAN_POINT('',(-0.0563410652837346,-0.0136695138967285,0.0300370529294016));
#2040=CARTESIAN_POINT('',(-0.05715,-0.013335,0.0300370529294016));
#2041=CARTESIAN_POINT('',(-0.076855942606926,0.086868,-0.005461));
#2042=CARTESIAN_POINT('',(-0.0760664753979438,-0.01778,-0.00401098533595626));
#2043=CARTESIAN_POINT('',(-0.076428406997878,-0.01778,-0.00381392999773944));
#2044=CARTESIAN_POINT('',(-0.0772994182511469,-0.0177607778706117,-0.00371237783155099));
#2045=CARTESIAN_POINT('',(-0.0783054704405299,-0.0173385307025567,-0.00443110699592222));
#2046=CARTESIAN_POINT('',(-0.0785714329477304,-0.0168217143664302,-0.00532293001171516));
#2047=CARTESIAN_POINT('',(-0.0784287660137667,-0.0164976523712083,-0.00606930287155665));
#2048=CARTESIAN_POINT('',(-0.0781054720178321,-0.0163890694835565,-0.00659983312064423));
#2049=CARTESIAN_POINT('',(-0.0776037880333335,-0.0164958941424071,-0.00697300697495726));
#2050=CARTESIAN_POINT('',(-0.076869953909172,-0.0168201909448494,-0.00718258214860613));
#2051=CARTESIAN_POINT('',(-0.0759559913311195,-0.0173368671065195,-0.00699354666458467));
#2052=CARTESIAN_POINT('',(-0.0751550495654744,-0.0177591141848856,-0.00606136512670833));
#2053=CARTESIAN_POINT('',(-0.075177451753517,-0.0177799999999997,-0.0051797578526632));
#2054=CARTESIAN_POINT('',(-0.0753425511475432,-0.01778,-0.00480111569902947));
#2055=CARTESIAN_POINT('',(-0.0753425511475511,0.01778,-0.00480111569901147));
#2056=CARTESIAN_POINT('',(-0.0751778395067036,0.01778,-0.00517886857196951));
#2057=CARTESIAN_POINT('',(-0.0751527922846803,0.0177603278261969,-0.00605539623667561));
#2058=CARTESIAN_POINT('',(-0.0759561030098954,0.0173368076696983,-0.00699466754049305));
#2059=CARTESIAN_POINT('',(-0.076868277905031,0.0168211325804094,-0.00718207999577601));
#2060=CARTESIAN_POINT('',(-0.0775995706397593,0.0164976981422486,-0.00697455112204642));
#2061=CARTESIAN_POINT('',(-0.0780997352581655,0.0163890736221269,-0.00660609129392862));
#2062=CARTESIAN_POINT('',(-0.0784275846473248,0.0164958347689607,-0.00607367081624824));
#2063=CARTESIAN_POINT('',(-0.0785720832429357,0.0168207641977556,-0.00532456259721542));
#2064=CARTESIAN_POINT('',(-0.0783043619055714,0.0173385683237096,-0.00443113067037643));
#2065=CARTESIAN_POINT('',(-0.0773055974798349,0.0177595689198034,-0.00371410651173008));
#2066=CARTESIAN_POINT('',(-0.0764292626265316,0.0177799999999997,-0.00381346414675745));
#2067=CARTESIAN_POINT('',(-0.076066475397965,0.01778,-0.00401098533594473));
#2068=CARTESIAN_POINT('',(-0.0650137079113244,0.086868,-0.00835005100816488));
#2069=CARTESIAN_POINT('',(-0.0665438861317127,-0.01778,-0.00773008680448238));
#2070=CARTESIAN_POINT('',(-0.0667548809864087,-0.01778,-0.00825085837379559));
#2071=CARTESIAN_POINT('',(-0.0666272480287377,-0.0175938733802824,-0.00915423150161387));
#2072=CARTESIAN_POINT('',(-0.0658093873597649,-0.0172441300774241,-0.00987221581222907));
#2073=CARTESIAN_POINT('',(-0.0649778567372051,-0.0171154083754903,-0.0100738639469496));
#2074=CARTESIAN_POINT('',(-0.0641508153053252,-0.0172426319361701,-0.00983639515485317));
#2075=CARTESIAN_POINT('',(-0.0633638260099479,-0.0175956965168613,-0.00907704368776675));
#2076=CARTESIAN_POINT('',(-0.0632783973347531,-0.01778,-0.00817435967369378));
#2077=CARTESIAN_POINT('',(-0.0635124906429077,-0.01778,-0.00766292095278418));
#2078=CARTESIAN_POINT('',(-0.0635124906429078,0.01778,-0.00766292095278418));
#2079=CARTESIAN_POINT('',(-0.0632786383832639,0.01778,-0.00817383303949401));
#2080=CARTESIAN_POINT('',(-0.0633662057589668,0.0175939633225174,-0.00908191909510267));
#2081=CARTESIAN_POINT('',(-0.0641511064805355,0.0172430548702589,-0.00983532040873201));
#2082=CARTESIAN_POINT('',(-0.0649730731016434,0.0171154024254581,-0.0100737613202943));
#2083=CARTESIAN_POINT('',(-0.0658096546077016,0.0172437175038021,-0.00987328858696143));
#2084=CARTESIAN_POINT('',(-0.0666298302881754,0.0175955975313395,-0.00914947070416761));
#2085=CARTESIAN_POINT('',(-0.0667550980319253,0.01778,-0.00825139407943759));
#2086=CARTESIAN_POINT('',(-0.0665438861317132,0.01778,-0.00773008680448237));
#2087=CARTESIAN_POINT('',(-0.0685863196849823,0.086868,-0.005461));
#2088=CARTESIAN_POINT('',(-0.0721656635126045,0.086868,-0.008636));
#2089=CARTESIAN_POINT('',(-0.0736103854729491,-0.0175448292212654,-0.00774918047506419));
#2090=CARTESIAN_POINT('',(-0.0738318011495505,-0.0172556469643395,-0.00835898212207842));
#2091=CARTESIAN_POINT('',(-0.0738200346324015,-0.0169055888239994,-0.00895754136997538));
#2092=CARTESIAN_POINT('',(-0.073607037738753,-0.0165380917255907,-0.00951186755514619));
#2093=CARTESIAN_POINT('',(-0.0731921481374718,-0.0162163569180173,-0.00998669733908115));
#2094=CARTESIAN_POINT('',(-0.0725443095022642,-0.0161089564035913,-0.0102953434226706));
#2095=CARTESIAN_POINT('',(-0.0718570225522172,-0.0163379002555688,-0.0102991000342855));
#2096=CARTESIAN_POINT('',(-0.0712946903646365,-0.0166894386190618,-0.0100785725861103));
#2097=CARTESIAN_POINT('',(-0.0708478322225347,-0.0170595807129931,-0.00968865741622989));
#2098=CARTESIAN_POINT('',(-0.070553206069086,-0.017390946819043,-0.00914661144103283));
#2099=CARTESIAN_POINT('',(-0.0704754072949715,-0.0176333295592615,-0.00848650994614939));
#2100=CARTESIAN_POINT('',(-0.0707412718775306,-0.017788607543349,-0.00759224051001948));
#2101=CARTESIAN_POINT('',(-0.0717473561742697,-0.0177757164746011,-0.0068237257028042));
#2102=CARTESIAN_POINT('',(-0.0729847946565147,-0.0177735329393552,-0.00707389961748064));
#2103=CARTESIAN_POINT('',(-0.0736103854729491,-0.0175448292212654,-0.00774918047506419));
#2104=CARTESIAN_POINT('',(-0.0738318011495505,-0.0172556469643395,-0.00835898212207842));
#2105=CARTESIAN_POINT('',(-0.0738200346324015,-0.0169055888239994,-0.00895754136997538));
#2106=CARTESIAN_POINT('',(-0.0737929374505921,-0.0172455009837705,-0.00835710838889221));
#2107=CARTESIAN_POINT('',(-0.0736103854729492,0.0175448292212654,-0.00774918047506419));
#2108=CARTESIAN_POINT('',(-0.0738318011495505,0.0172556469643395,-0.00835898212207841));
#2109=CARTESIAN_POINT('',(-0.0738200346324015,0.0169055888239994,-0.0089575413699754));
#2110=CARTESIAN_POINT('',(-0.073607037738753,0.0165380917255907,-0.00951186755514618));
#2111=CARTESIAN_POINT('',(-0.0731921481374718,0.0162163569180173,-0.00998669733908115));
#2112=CARTESIAN_POINT('',(-0.0725443095022641,0.0161089564035913,-0.0102953434226706));
#2113=CARTESIAN_POINT('',(-0.0718570225522172,0.0163379002555688,-0.0102991000342855));
#2114=CARTESIAN_POINT('',(-0.0712946903646365,0.0166894386190618,-0.0100785725861103));
#2115=CARTESIAN_POINT('',(-0.0708478322225347,0.0170595807129931,-0.00968865741622989));
#2116=CARTESIAN_POINT('',(-0.070553206069086,0.017390946819043,-0.00914661144103283));
#2117=CARTESIAN_POINT('',(-0.0704754072949715,0.0176333295592615,-0.00848650994614937));
#2118=CARTESIAN_POINT('',(-0.0707412718775306,0.017788607543349,-0.00759224051001949));
#2119=CARTESIAN_POINT('',(-0.0717473561742697,0.0177757164746011,-0.00682372570280419));
#2120=CARTESIAN_POINT('',(-0.0729847946565147,0.0177735329393552,-0.00707389961748065));
#2121=CARTESIAN_POINT('',(-0.0736103854729492,0.0175448292212654,-0.00774918047506419));
#2122=CARTESIAN_POINT('',(-0.0738318011495505,0.0172556469643395,-0.00835898212207841));
#2123=CARTESIAN_POINT('',(-0.0738200346324015,0.0169055888239994,-0.0089575413699754));
#2124=CARTESIAN_POINT('',(-0.0737929374505921,0.0172455009837705,-0.0083571083888922));
#2125=CARTESIAN_POINT('',(0.0793404802680016,0.025908,-0.005461));
#2126=CARTESIAN_POINT('',(0.0749706774950028,0.025908,-0.008636));
#2127=CARTESIAN_POINT('',(0.0752338205281476,-0.00467162994379437,-0.00700610529661424));
#2128=CARTESIAN_POINT('',(0.0748243006683839,-0.00473835620550968,-0.00693998918628675));
#2129=CARTESIAN_POINT('',(0.0739623496335791,-0.00488598613532987,-0.0071238224560089));
#2130=CARTESIAN_POINT('',(0.0732088201293761,-0.00477541771656403,-0.00824084238008352));
#2131=CARTESIAN_POINT('',(0.0733838302988761,-0.00428536008357625,-0.00945966411685703));
#2132=CARTESIAN_POINT('',(0.0742967874407287,-0.00383087989602013,-0.0103174786043904));
#2133=CARTESIAN_POINT('',(0.0756570003969693,-0.00389504620585542,-0.0103166442249681));
#2134=CARTESIAN_POINT('',(0.0765967598834762,-0.00423278878112452,-0.00942201786313585));
#2135=CARTESIAN_POINT('',(0.0767053016676538,-0.00443567141966734,-0.00810875719669632));
#2136=CARTESIAN_POINT('',(0.0761549680511708,-0.00452101069573953,-0.00741259373032365));
#2137=CARTESIAN_POINT('',(0.0757939512890712,-0.00458013159128038,-0.00720490906648106));
#2138=CARTESIAN_POINT('',(0.0757939512890982,0.00458013159127598,-0.00720490906649062));
#2139=CARTESIAN_POINT('',(0.076154640034986,0.00452106441238827,-0.00741240503013733));
#2140=CARTESIAN_POINT('',(0.0767039209549106,0.00443608556468763,-0.00810546882772334));
#2141=CARTESIAN_POINT('',(0.0765978442053273,0.00423314425575154,-0.00941996795751201));
#2142=CARTESIAN_POINT('',(0.0756613522193621,0.00389692212272029,-0.0103129205160778));
#2143=CARTESIAN_POINT('',(0.0743074502746279,0.00382849292123153,-0.0103226397060974));
#2144=CARTESIAN_POINT('',(0.0733829009360714,0.0042847805962141,-0.00946056152859109));
#2145=CARTESIAN_POINT('',(0.0732089951872347,0.00477390018262602,-0.0082457178961105));
#2146=CARTESIAN_POINT('',(0.073957297877056,0.00488670956337194,-0.00712598211112262));
#2147=CARTESIAN_POINT('',(0.0748237504908737,0.00473844585021834,-0.00693990036130173));
#2148=CARTESIAN_POINT('',(0.075233820528153,0.00467162994379349,-0.00700610529662053));
#2149=CARTESIAN_POINT('',(0.0836735144257546,0.025908,-0.008636));
#2150=CARTESIAN_POINT('',(0.082270711296517,-0.0034917013602827,-0.00950660001183133));
#2151=CARTESIAN_POINT('',(0.0824695312402788,-0.00345751022012598,-0.00982695980447281));
#2152=CARTESIAN_POINT('',(0.0830791362647546,-0.00333175632376882,-0.0103111567435261));
#2153=CARTESIAN_POINT('',(0.0838580587307176,-0.00321742110587141,-0.0103186073265138));
#2154=CARTESIAN_POINT('',(0.0842111036766935,-0.00315597605522165,-0.0101970249188514));
#2155=CARTESIAN_POINT('',(0.0842111036766935,0.00315597605522165,-0.0101970249188514));
#2156=CARTESIAN_POINT('',(0.0838580542557666,0.00321742188470593,-0.0103186088676074));
#2157=CARTESIAN_POINT('',(0.0830799394120736,0.0033316175091822,-0.0103114423380284));
#2158=CARTESIAN_POINT('',(0.0824695275434226,0.00345751085587571,-0.00982695384770627));
#2159=CARTESIAN_POINT('',(0.0822707112965167,0.00349170136028275,-0.00950660001183122));
#2160=CARTESIAN_POINT('',(-0.079375,0.013335,0.0255920529294015));
#2161=CARTESIAN_POINT('',(-0.0942414770618868,0.013335,0.0255920529294015));
#2162=CARTESIAN_POINT('',(-0.079375,-0.013335,0.0255920529294015));
#2163=CARTESIAN_POINT('',(-0.0942414770618868,-0.013335,0.0255920529294015));
#2164=CARTESIAN_POINT('',(-0.0952718263936761,-0.013335,0.0090007488044537));
#2165=CARTESIAN_POINT('',(-0.0952718263936761,-0.01778,0.0090007488044537));
#2166=CARTESIAN_POINT('',(-0.0942414770618868,-0.01778,0.0133246828065496));
#2167=CARTESIAN_POINT('',(-0.0936059348873595,-0.013335,0.0086037838647634));
#2168=CARTESIAN_POINT('',(-0.0936059348874245,-0.0177800000000318,0.00860378386542602));
#2169=CARTESIAN_POINT('',(-0.0924374909898394,-0.01778,0.0128948113424723));
#2170=CARTESIAN_POINT('',(-0.0911942291880914,-0.013335,0.00790481872003626));
#2171=CARTESIAN_POINT('',(-0.0911942291880767,-0.0177799999999928,0.00790481871988684));
#2172=CARTESIAN_POINT('',(-0.0897745863858679,-0.01778,0.0121290207624098));
#2173=CARTESIAN_POINT('',(-0.0882974476798932,-0.013335,0.00668073106697914));
#2174=CARTESIAN_POINT('',(-0.0882974476798959,-0.0177800000000014,0.00668073106700733));
#2175=CARTESIAN_POINT('',(-0.0863691148225938,-0.01778,0.0106953808950053));
#2176=CARTESIAN_POINT('',(-0.086350193437785,-0.013335,0.00558787967169091));
#2177=CARTESIAN_POINT('',(-0.0863501934377843,-0.0177799999999996,0.0055878796716832));
#2178=CARTESIAN_POINT('',(-0.0839205245800329,-0.01778,0.00932905603792857));
#2179=CARTESIAN_POINT('',(-0.0850335084534676,-0.013335,0.00456163273381912));
#2180=CARTESIAN_POINT('',(-0.0850335084534676,-0.01778,0.00456163273382008));
#2181=CARTESIAN_POINT('',(-0.0820949604813747,-0.01778,0.00792022271132495));
#2182=CARTESIAN_POINT('',(-0.084171122811671,-0.013335,0.00366011217482764));
#2183=CARTESIAN_POINT('',(-0.084171122811671,-0.01778,0.00366011217482746));
#2184=CARTESIAN_POINT('',(-0.0807946980686739,-0.01778,0.00656527007752192));
#2185=CARTESIAN_POINT('',(-0.0836430025431803,-0.013335,0.00296747590582462));
#2186=CARTESIAN_POINT('',(-0.0836430025431803,-0.01778,0.00296747590582467));
#2187=CARTESIAN_POINT('',(-0.0799522645026411,-0.01778,0.00546395592981841));
#2188=CARTESIAN_POINT('',(-0.0832188268639917,-0.013335,0.002246882641897));
#2189=CARTESIAN_POINT('',(-0.0832188268639917,-0.01778,0.00224688264189698));
#2190=CARTESIAN_POINT('',(-0.0792429397587561,-0.01778,0.00426231321333801));
#2191=CARTESIAN_POINT('',(-0.0829523463974271,-0.013335,0.00162004967575804));
#2192=CARTESIAN_POINT('',(-0.0829523463974271,-0.01778,0.00162004967575805));
#2193=CARTESIAN_POINT('',(-0.0787829065443337,-0.01778,0.00318286844191888));
#2194=CARTESIAN_POINT('',(-0.0827939385976635,-0.013335,0.00111440932943293));
#2195=CARTESIAN_POINT('',(-0.0827939385976635,-0.01778,0.00111440932943293));
#2196=CARTESIAN_POINT('',(-0.0785073965437718,-0.01778,0.00230244356248736));
#2197=CARTESIAN_POINT('',(-0.0826999922071585,-0.0133349999999999,0.000724800074219754));
#2198=CARTESIAN_POINT('',(-0.0826999922071586,-0.0177799999999999,0.000724800074219755));
#2199=CARTESIAN_POINT('',(-0.0783444585503769,-0.0177799999999999,0.00162937041572655));
#2200=CARTESIAN_POINT('',(-0.0826434886531557,-0.0133350000000001,0.000402519653938145));
#2201=CARTESIAN_POINT('',(-0.0826434886531554,-0.0177800000000001,0.000402519653938157));
#2202=CARTESIAN_POINT('',(-0.07824569948634,-0.0177800000000001,0.00105880889034894));
#2203=CARTESIAN_POINT('',(-0.0826133035267876,-0.0133349999999999,0.000152855079341891));
#2204=CARTESIAN_POINT('',(-0.082613303526788,-0.0177799999999998,0.000152855079341874));
#2205=CARTESIAN_POINT('',(-0.0781959740522478,-0.0177799999999998,0.000654176697013085));
#2206=CARTESIAN_POINT('',(-0.0826018784233679,-0.013335,3.84618170839532E-5));
#2207=CARTESIAN_POINT('',(-0.0826018784233672,-0.01778,3.84618170839911E-5));
#2208=CARTESIAN_POINT('',(-0.0781732614724377,-0.01778,0.000421436632176955));
#2209=CARTESIAN_POINT('',(-0.0825923244629198,-0.013335,-7.53057443432641E-5));
#2210=CARTESIAN_POINT('',(-0.0825923244629214,-0.01778,-7.53057443433515E-5));
#2211=CARTESIAN_POINT('',(-0.0781635904282854,-0.01778,0.000304615103283939));
#2212=CARTESIAN_POINT('',(-0.0825873176090113,-0.013335,-0.000133670597046778));
#2213=CARTESIAN_POINT('',(-0.0825873176090113,-0.01778,-0.000133670597046778));
#2214=CARTESIAN_POINT('',(-0.0781585835743759,-0.01778,0.00024625025058052));
#2215=CARTESIAN_POINT('',(-0.0942414770618868,-0.013335,0.0133246828065496));
#2216=CARTESIAN_POINT('',(-0.0825987845984796,-0.013335,0.));
#2217=CARTESIAN_POINT('',(-0.0825987845984796,-0.0145099707362625,0.));
#2218=CARTESIAN_POINT('',(-0.0816470584371929,-0.0168114394361888,0.000139781709930154));
#2219=CARTESIAN_POINT('',(-0.0793454338432666,-0.0177799999999998,0.00051776839285317));
#2220=CARTESIAN_POINT('',(-0.0782041659694436,-0.01778,0.000715613087582589));
#2221=CARTESIAN_POINT('',(-0.0569978951257009,-0.01778,-0.00705987557773277));
#2222=CARTESIAN_POINT('',(-0.0565797409856933,-0.01778,-0.0114851633780001));
#2223=CARTESIAN_POINT('',(-0.0565797409856933,-0.013335,-0.0114851633780001));
#2224=CARTESIAN_POINT('',(-0.0580668543811836,-0.01778,-0.00716088363830534));
#2225=CARTESIAN_POINT('',(-0.0576487002411703,-0.01778,-0.0115861714385704));
#2226=CARTESIAN_POINT('',(-0.057648700241176,-0.013335,-0.0115861714385724));
#2227=CARTESIAN_POINT('',(-0.0596702319786335,-0.01778,-0.00731311715783859));
#2228=CARTESIAN_POINT('',(-0.059246339214271,-0.01778,-0.0117379453055553));
#2229=CARTESIAN_POINT('',(-0.0592463392142696,-0.013335,-0.0117379453055548));
#2230=CARTESIAN_POINT('',(-0.0615410536759331,-0.01778,-0.00748819793027146));
#2231=CARTESIAN_POINT('',(-0.061130551035067,-0.01778,-0.0119140986006068));
#2232=CARTESIAN_POINT('',(-0.0611305510350672,-0.013335,-0.0119140986006069));
#2233=CARTESIAN_POINT('',(-0.062609788216836,-0.01778,-0.00759185122931173));
#2234=CARTESIAN_POINT('',(-0.0621782439533306,-0.01778,-0.0120160665069598));
#2235=CARTESIAN_POINT('',(-0.0621782439533305,-0.013335,-0.0120160665069598));
#2236=CARTESIAN_POINT('',(-0.0636797251452792,-0.01778,-0.00768139769646169));
#2237=CARTESIAN_POINT('',(-0.0634052238787844,-0.01778,-0.0121191415108394));
#2238=CARTESIAN_POINT('',(-0.0634052238787845,-0.013335,-0.0121191415108394));
#2239=CARTESIAN_POINT('',(-0.0650219659155677,-0.01778,-0.00774710374339083));
#2240=CARTESIAN_POINT('',(-0.0649059121229178,-0.01778,-0.012192328022624));
#2241=CARTESIAN_POINT('',(-0.0649059121229178,-0.013335,-0.012192328022624));
#2242=CARTESIAN_POINT('',(-0.0671598723089402,-0.01778,-0.00774261582477424));
#2243=CARTESIAN_POINT('',(-0.0673822670364871,-0.01778,-0.012188009149727));
#2244=CARTESIAN_POINT('',(-0.0673822670364871,-0.013335,-0.012188009149727));
#2245=CARTESIAN_POINT('',(-0.0692975226469375,-0.01778,-0.00754380254368504));
#2246=CARTESIAN_POINT('',(-0.0699522258416482,-0.01778,-0.0119565272378408));
#2247=CARTESIAN_POINT('',(-0.0699522258416481,-0.013335,-0.0119565272378408));
#2248=CARTESIAN_POINT('',(-0.0713917087081909,-0.01778,-0.00704429717719939));
#2249=CARTESIAN_POINT('',(-0.0726629113536859,-0.01778,-0.0113144514973878));
#2250=CARTESIAN_POINT('',(-0.0726629113536859,-0.013335,-0.0113144514973878));
#2251=CARTESIAN_POINT('',(-0.0728868469722889,-0.01778,-0.00649328545187457));
#2252=CARTESIAN_POINT('',(-0.0747199106794051,-0.01778,-0.0105617877238278));
#2253=CARTESIAN_POINT('',(-0.0747199106794051,-0.013335,-0.0105617877238278));
#2254=CARTESIAN_POINT('',(-0.0743148414174453,-0.01778,-0.00570006226533984));
#2255=CARTESIAN_POINT('',(-0.0768270697423468,-0.01778,-0.00939905107030358));
#2256=CARTESIAN_POINT('',(-0.0768270697423468,-0.013335,-0.00939905107030358));
#2257=CARTESIAN_POINT('',(-0.0755465996302276,-0.01778,-0.00467506353776176));
#2258=CARTESIAN_POINT('',(-0.0787372225026778,-0.01778,-0.00781300666230398));
#2259=CARTESIAN_POINT('',(-0.0787372225026778,-0.013335,-0.00781300666230398));
#2260=CARTESIAN_POINT('',(-0.0765727782094,-0.01778,-0.0034011926210789));
#2261=CARTESIAN_POINT('',(-0.0803039367819468,-0.01778,-0.00586046837641002));
#2262=CARTESIAN_POINT('',(-0.0803039367819468,-0.013335,-0.00586046837641002));
#2263=CARTESIAN_POINT('',(-0.0772144006649938,-0.01778,-0.00222739180426356));
#2264=CARTESIAN_POINT('',(-0.081222517921259,-0.01778,-0.00416795029748759));
#2265=CARTESIAN_POINT('',(-0.0812225179212589,-0.013335,-0.00416795029748759));
#2266=CARTESIAN_POINT('',(-0.0776313410633211,-0.01778,-0.00122627112080873));
#2267=CARTESIAN_POINT('',(-0.0817919318391648,-0.01778,-0.00279956448094586));
#2268=CARTESIAN_POINT('',(-0.0817919318391647,-0.013335,-0.00279956448094587));
#2269=CARTESIAN_POINT('',(-0.0778927843806548,-0.01778,-0.000464683191634764));
#2270=CARTESIAN_POINT('',(-0.0821389019670202,-0.01778,-0.00178579146305807));
#2271=CARTESIAN_POINT('',(-0.0821389019670202,-0.013335,-0.00178579146305803));
#2272=CARTESIAN_POINT('',(-0.0781122904552923,-0.01778,0.000307234038637034));
#2273=CARTESIAN_POINT('',(-0.0824179073361472,-0.01778,-0.000806983395814431));
#2274=CARTESIAN_POINT('',(-0.0824179073361469,-0.013335,-0.000806983395814591));
#2275=CARTESIAN_POINT('',(-0.0782301657823539,-0.01778,0.000828525085017982));
#2276=CARTESIAN_POINT('',(-0.0825744061872039,-0.01778,-0.000112538305433878));
#2277=CARTESIAN_POINT('',(-0.0825744061872046,-0.013335,-0.000112538305433535));
#2278=CARTESIAN_POINT('',(-0.0782867505351263,-0.01778,0.00108973784899739));
#2279=CARTESIAN_POINT('',(-0.0826309909399786,-0.01778,0.000148674458545585));
#2280=CARTESIAN_POINT('',(-0.0826309909399786,-0.013335,0.000148674458545585));
#2281=CARTESIAN_POINT('',(-0.0942414770618862,0.01778,0.0133246828065495));
#2282=CARTESIAN_POINT('',(-0.0952718263936755,0.01778,0.00900074880445354));
#2283=CARTESIAN_POINT('',(-0.0952718263936755,0.013335,0.00900074880445355));
#2284=CARTESIAN_POINT('',(-0.092437490989916,0.01778,0.012894811342506));
#2285=CARTESIAN_POINT('',(-0.0936059348874057,0.0177800000000205,0.00860378386544863));
#2286=CARTESIAN_POINT('',(-0.0936059348874399,0.013335,0.00860378386478255));
#2287=CARTESIAN_POINT('',(-0.08977458638585,0.01778,0.012129020762402));
#2288=CARTESIAN_POINT('',(-0.0911942291880804,0.0177799999999954,0.00790481871988155));
#2289=CARTESIAN_POINT('',(-0.0911942291880726,0.013335,0.00790481872003176));
#2290=CARTESIAN_POINT('',(-0.0863691148225966,0.01778,0.0106953808950065));
#2291=CARTESIAN_POINT('',(-0.0882974476798948,0.0177800000000009,0.00668073106700809));
#2292=CARTESIAN_POINT('',(-0.0882974476798962,0.013335,0.00668073106697976));
#2293=CARTESIAN_POINT('',(-0.0839205245800318,0.01778,0.00932905603792807));
#2294=CARTESIAN_POINT('',(-0.0863501934377843,0.0177799999999998,0.00558787967168284));
#2295=CARTESIAN_POINT('',(-0.0863501934377839,0.013335,0.00558787967169059));
#2296=CARTESIAN_POINT('',(-0.0820949604813746,0.01778,0.00792022271132473));
#2297=CARTESIAN_POINT('',(-0.0850335084534675,0.01778,0.00456163273381992));
#2298=CARTESIAN_POINT('',(-0.0850335084534675,0.013335,0.00456163273381896));
#2299=CARTESIAN_POINT('',(-0.0807946980686737,0.01778,0.00656527007752174));
#2300=CARTESIAN_POINT('',(-0.084171122811671,0.01778,0.00366011217482734));
#2301=CARTESIAN_POINT('',(-0.0841711228116709,0.013335,0.00366011217482752));
#2302=CARTESIAN_POINT('',(-0.079952264502641,0.01778,0.00546395592981822));
#2303=CARTESIAN_POINT('',(-0.0836430025431802,0.01778,0.00296747590582454));
#2304=CARTESIAN_POINT('',(-0.0836430025431802,0.013335,0.00296747590582449));
#2305=CARTESIAN_POINT('',(-0.079242939758756,0.01778,0.00426231321333783));
#2306=CARTESIAN_POINT('',(-0.0832188268639917,0.01778,0.0022468826418969));
#2307=CARTESIAN_POINT('',(-0.0832188268639917,0.013335,0.00224688264189691));
#2308=CARTESIAN_POINT('',(-0.0787829065443336,0.01778,0.00318286844191864));
#2309=CARTESIAN_POINT('',(-0.082952346397427,0.01778,0.00162004967575789));
#2310=CARTESIAN_POINT('',(-0.082952346397427,0.013335,0.00162004967575789));
#2311=CARTESIAN_POINT('',(-0.0785073965437719,0.01778,0.00230244356248729));
#2312=CARTESIAN_POINT('',(-0.0827939385976635,0.01778,0.00111440932943291));
#2313=CARTESIAN_POINT('',(-0.0827939385976636,0.013335,0.00111440932943291));
#2314=CARTESIAN_POINT('',(-0.0783444585503767,0.01778,0.0016293704157264));
#2315=CARTESIAN_POINT('',(-0.0826999922071584,0.01778,0.000724800074219605));
#2316=CARTESIAN_POINT('',(-0.0826999922071584,0.013335,0.000724800074219603));
#2317=CARTESIAN_POINT('',(-0.0782456994863403,0.01778,0.00105880889034902));
#2318=CARTESIAN_POINT('',(-0.0826434886531559,0.01778,0.000402519653938315));
#2319=CARTESIAN_POINT('',(-0.0826434886531558,0.013335,0.000402519653938321));
#2320=CARTESIAN_POINT('',(-0.0781959740522474,0.01778,0.00065417669701274));
#2321=CARTESIAN_POINT('',(-0.0826133035267875,0.01778,0.000152855079341534));
#2322=CARTESIAN_POINT('',(-0.0826133035267876,0.013335,0.000152855079341525));
#2323=CARTESIAN_POINT('',(-0.0781732614724384,0.01778,0.000421436632177424));
#2324=CARTESIAN_POINT('',(-0.0826018784233681,0.01778,3.84618170844908E-5));
#2325=CARTESIAN_POINT('',(-0.082601878423368,0.013335,3.84618170845072E-5));
#2326=CARTESIAN_POINT('',(-0.0781635904282837,0.01778,0.000304615103282797));
#2327=CARTESIAN_POINT('',(-0.0825923244629194,0.01778,-7.53057443445039E-5));
#2328=CARTESIAN_POINT('',(-0.0825923244629197,0.013335,-7.53057443445405E-5));
#2329=CARTESIAN_POINT('',(-0.0781585835743759,0.01778,0.000246250250580471));
#2330=CARTESIAN_POINT('',(-0.0825873176090113,0.01778,-0.000133670597046826));
#2331=CARTESIAN_POINT('',(-0.0825873176090113,0.013335,-0.000133670597046826));
#2332=CARTESIAN_POINT('',(-0.0942414770618862,0.013335,0.0133246828065495));
#2333=CARTESIAN_POINT('',(-0.0825987845984796,0.013335,0.));
#2334=CARTESIAN_POINT('',(-0.0825987845984796,0.0145099707362625,0.));
#2335=CARTESIAN_POINT('',(-0.0816470584371929,0.0168114394361887,0.000139781709928725));
#2336=CARTESIAN_POINT('',(-0.0793454338432669,0.0177799999999999,0.000517768392854804));
#2337=CARTESIAN_POINT('',(-0.0782041659694437,0.01778,0.000715613087582792));
#2338=CARTESIAN_POINT('',(-0.0565797409856933,0.013335,-0.0114851633780001));
#2339=CARTESIAN_POINT('',(-0.0565797409856933,0.01778,-0.0114851633780001));
#2340=CARTESIAN_POINT('',(-0.0569978951257009,0.01778,-0.00705987557773277));
#2341=CARTESIAN_POINT('',(-0.0576487002411871,0.013335,-0.0115861714385735));
#2342=CARTESIAN_POINT('',(-0.0576487002411861,0.01778,-0.0115861714385756));
#2343=CARTESIAN_POINT('',(-0.0580668543811947,0.01778,-0.00716088363830534));
#2344=CARTESIAN_POINT('',(-0.059246339214267,0.013335,-0.0117379453055546));
#2345=CARTESIAN_POINT('',(-0.0592463392142673,0.01778,-0.0117379453055541));
#2346=CARTESIAN_POINT('',(-0.0596702319786308,0.01778,-0.0073131171578386));
#2347=CARTESIAN_POINT('',(-0.0611305510350674,0.013335,-0.0119140986006069));
#2348=CARTESIAN_POINT('',(-0.0611305510350673,0.01778,-0.0119140986006069));
#2349=CARTESIAN_POINT('',(-0.0615410536759333,0.01778,-0.00748819793027145));
#2350=CARTESIAN_POINT('',(-0.0621782439533305,0.013335,-0.0120160665069598));
#2351=CARTESIAN_POINT('',(-0.0621782439533305,0.0177800000000001,-0.0120160665069598));
#2352=CARTESIAN_POINT('',(-0.062609788216836,0.0177800000000001,-0.00759185122931173));
#2353=CARTESIAN_POINT('',(-0.0634052238787845,0.013335,-0.0121191415108394));
#2354=CARTESIAN_POINT('',(-0.0634052238787845,0.01778,-0.0121191415108393));
#2355=CARTESIAN_POINT('',(-0.0636797251452792,0.01778,-0.0076813976964617));
#2356=CARTESIAN_POINT('',(-0.0649059121229178,0.013335,-0.012192328022624));
#2357=CARTESIAN_POINT('',(-0.0649059121229178,0.01778,-0.012192328022624));
#2358=CARTESIAN_POINT('',(-0.0650219659155677,0.01778,-0.00774710374339084));
#2359=CARTESIAN_POINT('',(-0.0673822670364871,0.013335,-0.012188009149727));
#2360=CARTESIAN_POINT('',(-0.0673822670364871,0.01778,-0.012188009149727));
#2361=CARTESIAN_POINT('',(-0.0671598723089402,0.01778,-0.00774261582477424));
#2362=CARTESIAN_POINT('',(-0.0699522258416479,0.013335,-0.0119565272378409));
#2363=CARTESIAN_POINT('',(-0.0699522258416479,0.01778,-0.0119565272378409));
#2364=CARTESIAN_POINT('',(-0.0692975226469373,0.01778,-0.00754380254368507));
#2365=CARTESIAN_POINT('',(-0.0726629113536859,0.013335,-0.0113144514973878));
#2366=CARTESIAN_POINT('',(-0.0726629113536859,0.01778,-0.0113144514973878));
#2367=CARTESIAN_POINT('',(-0.0713917087081909,0.01778,-0.00704429717719938));
#2368=CARTESIAN_POINT('',(-0.074719910679405,0.013335,-0.0105617877238278));
#2369=CARTESIAN_POINT('',(-0.074719910679405,0.01778,-0.0105617877238278));
#2370=CARTESIAN_POINT('',(-0.0728868469722888,0.01778,-0.00649328545187459));
#2371=CARTESIAN_POINT('',(-0.0768270697423468,0.013335,-0.00939905107030362));
#2372=CARTESIAN_POINT('',(-0.0768270697423468,0.01778,-0.00939905107030362));
#2373=CARTESIAN_POINT('',(-0.0743148414174454,0.01778,-0.00570006226533987));
#2374=CARTESIAN_POINT('',(-0.0787372225026778,0.013335,-0.00781300666230397));
#2375=CARTESIAN_POINT('',(-0.0787372225026779,0.01778,-0.00781300666230397));
#2376=CARTESIAN_POINT('',(-0.0755465996302275,0.01778,-0.00467506353776175));
#2377=CARTESIAN_POINT('',(-0.0803039367819468,0.013335,-0.00586046837641011));
#2378=CARTESIAN_POINT('',(-0.0803039367819468,0.01778,-0.00586046837641011));
#2379=CARTESIAN_POINT('',(-0.0765727782094001,0.01778,-0.00340119262107898));
#2380=CARTESIAN_POINT('',(-0.081222517921259,0.013335,-0.00416795029748743));
#2381=CARTESIAN_POINT('',(-0.081222517921259,0.01778,-0.00416795029748742));
#2382=CARTESIAN_POINT('',(-0.0772144006649937,0.01778,-0.00222739180426338));
#2383=CARTESIAN_POINT('',(-0.0817919318391647,0.013335,-0.00279956448094625));
#2384=CARTESIAN_POINT('',(-0.0817919318391646,0.01778,-0.00279956448094626));
#2385=CARTESIAN_POINT('',(-0.0776313410633211,0.01778,-0.00122627112080913));
#2386=CARTESIAN_POINT('',(-0.0821389019670206,0.013335,-0.00178579146305659));
#2387=CARTESIAN_POINT('',(-0.0821389019670208,0.01778,-0.00178579146305656));
#2388=CARTESIAN_POINT('',(-0.0778927843806548,0.01778,-0.000464683191633254));
#2389=CARTESIAN_POINT('',(-0.0824179073361458,0.013335,-0.000806983395819985));
#2390=CARTESIAN_POINT('',(-0.0824179073361448,0.01778,-0.000806983395820079));
#2391=CARTESIAN_POINT('',(-0.0781122904552924,0.01778,0.000307234038631386));
#2392=CARTESIAN_POINT('',(-0.0825744061872071,0.013335,-0.00011253830542191));
#2393=CARTESIAN_POINT('',(-0.0825744061872092,0.01778,-0.000112538305421707));
#2394=CARTESIAN_POINT('',(-0.0782301657823539,0.01778,0.000828525085030153));
#2395=CARTESIAN_POINT('',(-0.0826309909399786,0.013335,0.000148674458545585));
#2396=CARTESIAN_POINT('',(-0.0826309909399786,0.01778,0.000148674458545585));
#2397=CARTESIAN_POINT('',(-0.0782867505351263,0.01778,0.00108973784899739));
#2398=CARTESIAN_POINT('',(-0.0952718263936898,0.013335,0.00900074880445695));
#2399=CARTESIAN_POINT('',(-0.0952718263937114,0.0177799999999947,0.00900074880446208));
#2400=CARTESIAN_POINT('',(-0.0942414770619245,0.01778,0.0133246828065532));
#2401=CARTESIAN_POINT('',(-0.0954734288405889,0.0133349999962968,0.00904878860949296));
#2402=CARTESIAN_POINT('',(-0.0957841533639383,0.0177034591992065,0.00912283108974595));
#2403=CARTESIAN_POINT('',(-0.0947928614578484,0.0177799999999972,0.0133767048849982));
#2404=CARTESIAN_POINT('',(-0.0956721128270192,0.0133107651764279,0.00909489995333559));
#2405=CARTESIAN_POINT('',(-0.0962791456366677,0.0175748758095214,0.00923579016385614));
#2406=CARTESIAN_POINT('',(-0.0953349341961224,0.0177187914573935,0.0134265136005821));
#2407=CARTESIAN_POINT('',(-0.0958678509827263,0.0132629470785506,0.00913925883714679));
#2408=CARTESIAN_POINT('',(-0.0967587687998595,0.0173961169460006,0.00934116183246604));
#2409=CARTESIAN_POINT('',(-0.0958678509827294,0.0175980199413199,0.0134743316999168));
#2410=CARTESIAN_POINT('',(-0.0942414770618868,0.01778,0.0133246828065496));
#2411=CARTESIAN_POINT('',(-0.0947902152854491,0.01778,0.0133764552239469));
#2412=CARTESIAN_POINT('',(-0.0953323492980356,0.0177193772562808,0.013426281660008));
#2413=CARTESIAN_POINT('',(-0.0958678509827246,0.0175980199413209,0.0134743316999164));
#2414=CARTESIAN_POINT('',(-0.0958678509827246,0.0175980199413209,0.0134743316999164));
#2415=CARTESIAN_POINT('',(-0.0948854212017858,0.013262947078551,0.0134743316999164));
#2416=CARTESIAN_POINT('',(-0.0942414770618868,0.0104214770618868,-0.0127));
#2417=CARTESIAN_POINT('',(-0.0942414770618868,0.0104214770618868,0.0226785299912883));
#2418=CARTESIAN_POINT('',(-0.0942414770618868,0.0104214770618868,0.0163158017165805));
#2419=CARTESIAN_POINT('',(-0.1016,0.0104214770618868,0.0226785299912883));
#2420=CARTESIAN_POINT('',(-0.1016,0.0104214770618868,0.0226785299912883));
#2421=CARTESIAN_POINT('',(-0.1016,0.0104214770618868,0.0226785299912883));
#2422=CARTESIAN_POINT('',(-0.1016,0.0108028563301432,0.0236417584103521));
#2423=CARTESIAN_POINT('',(-0.101599858829475,0.0110937808910853,0.0233508338204876));
#2424=CARTESIAN_POINT('',(-0.1016,0.011384705480951,0.0230599092595448));
#2425=CARTESIAN_POINT('',(-0.101216951266307,0.0115654970065217,0.0255679175756906));
#2426=CARTESIAN_POINT('',(-0.101446311986225,0.0124908244936671,0.0247478774230683));
#2427=CARTESIAN_POINT('',(-0.101216951266307,0.0133108646462888,0.0238225499359233));
#2428=CARTESIAN_POINT('',(-0.0998527129872777,0.0123734829199782,0.0276086026858246));
#2429=CARTESIAN_POINT('',(-0.100784492138702,0.0142619569294931,0.0265190098588946));
#2430=CARTESIAN_POINT('',(-0.0998527129872777,0.0153515497564231,0.0246305358493797));
#2431=CARTESIAN_POINT('',(-0.0983559419624689,0.0128595780084425,0.0288363060314125));
#2432=CARTESIAN_POINT('',(-0.0996859695515499,0.0157018195809798,0.0279588725103814));
#2433=CARTESIAN_POINT('',(-0.0983559419624689,0.0165792531020109,0.0251166309378441));
#2434=CARTESIAN_POINT('',(-0.0970756321108155,0.0131305783721817,0.0295207565866929));
#2435=CARTESIAN_POINT('',(-0.0983855919924987,0.016753745976577,0.0290107989059784));
#2436=CARTESIAN_POINT('',(-0.0970756321108155,0.0172637036572914,0.0253876313015831));
#2437=CARTESIAN_POINT('',(-0.0956863008561563,0.013297436134301,0.0299421799617716));
#2438=CARTESIAN_POINT('',(-0.0965277740592826,0.0175695218766662,0.0298265748060684));
#2439=CARTESIAN_POINT('',(-0.0956863008561563,0.0176851270323701,0.0255544890637031));
#2440=CARTESIAN_POINT('',(-0.0947230912808772,0.0133349999999982,0.0300370529294015));
#2441=CARTESIAN_POINT('',(-0.0950140159080712,0.0177799999999318,0.0300370529293318));
#2442=CARTESIAN_POINT('',(-0.0947230912808772,0.01778,0.0255920529293986));
#2443=CARTESIAN_POINT('',(-0.0942414770618868,0.013335,0.0300370529294015));
#2444=CARTESIAN_POINT('',(-0.0942414770618868,0.01778,0.0300370529294015));
#2445=CARTESIAN_POINT('',(-0.0942414770618868,0.01778,0.0255920529294015));
#2446=CARTESIAN_POINT('',(-0.0942414770618868,0.0104214770618868,0.0226785299912883));
#2447=CARTESIAN_POINT('',(-0.1016,0.0104214770618868,0.0163158017165806));
#2448=CARTESIAN_POINT('',(-0.1016,0.0104214770618868,0.0163158017165805));
#2449=CARTESIAN_POINT('',(-0.1016,0.0104214770618868,0.0163158017165806));
#2450=CARTESIAN_POINT('',(-0.1016,0.0112480458958966,0.01598853124694));
#2451=CARTESIAN_POINT('',(-0.101599878858271,0.0109983967013019,0.0157388820771674));
#2452=CARTESIAN_POINT('',(-0.1016,0.0107487475315273,0.0154892328825711));
#2453=CARTESIAN_POINT('',(-0.101318811475175,0.0129009760461133,0.0153340724719578));
#2454=CARTESIAN_POINT('',(-0.101488186725922,0.0121855800157087,0.0145516987627577));
#2455=CARTESIAN_POINT('',(-0.101318811475175,0.0114032063065096,0.0138363027323539));
#2456=CARTESIAN_POINT('',(-0.100100927016344,0.0151016191371548,0.014462753026701));
#2457=CARTESIAN_POINT('',(-0.100917385844367,0.014009278413942,0.0127280003645257));
#2458=CARTESIAN_POINT('',(-0.100100927016344,0.0122745257517664,0.0116356596413126));
#2459=CARTESIAN_POINT('',(-0.0982238826473573,0.0167757687876321,0.013799892633449));
#2460=CARTESIAN_POINT('',(-0.0996322371343787,0.0159346189061915,0.0108026598722757));
#2461=CARTESIAN_POINT('',(-0.0982238826473582,0.0129373861450183,0.00996150999083543));
#2462=CARTESIAN_POINT('',(-0.0966739783585133,0.0174153324603316,0.0135466647171352));
#2463=CARTESIAN_POINT('',(-0.0978937934616998,0.0170360528205735,0.00970122595789414));
#2464=CARTESIAN_POINT('',(-0.0966739783585114,0.0131906140613321,0.00932194631813536));
#2465=CARTESIAN_POINT('',(-0.0958678509827245,0.017598019941321,0.0134743316999164));
#2466=CARTESIAN_POINT('',(-0.0967587687998551,0.0173961169460023,0.00934116183246509));
#2467=CARTESIAN_POINT('',(-0.0958678509827245,0.013262947078551,0.00913925883714639));
#2468=CARTESIAN_POINT('',(-0.0942414770618868,0.0104214770618868,0.0163158017165805));
#2469=CARTESIAN_POINT('',(-0.0942414770618868,0.086868,0.0226785299912883));
#2470=CARTESIAN_POINT('',(-0.0942414770618868,-0.0104214770618868,0.0226785299912883));
#2471=CARTESIAN_POINT('',(-0.0942414770618868,4.17603064615173E-17,0.0163158017165805));
#2472=CARTESIAN_POINT('',(-0.0942414770618868,-0.0104214770618868,0.0163158017165805));
#2473=CARTESIAN_POINT('',(-0.1016,-0.0104214770618868,0.0226785299912883));
#2474=CARTESIAN_POINT('',(-0.1016,-0.0104214770618868,0.0226785299912883));
#2475=CARTESIAN_POINT('',(-0.1016,-0.0104214770618868,0.0226785299912883));
#2476=CARTESIAN_POINT('',(-0.1016,-0.011384705480951,0.0230599092595448));
#2477=CARTESIAN_POINT('',(-0.101599858829475,-0.0110937808910853,0.0233508338204876));
#2478=CARTESIAN_POINT('',(-0.1016,-0.0108028563301432,0.0236417584103521));
#2479=CARTESIAN_POINT('',(-0.101216951266307,-0.0133108646462888,0.0238225499359233));
#2480=CARTESIAN_POINT('',(-0.101446311986225,-0.0124908244936671,0.0247478774230683));
#2481=CARTESIAN_POINT('',(-0.101216951266307,-0.0115654970065217,0.0255679175756906));
#2482=CARTESIAN_POINT('',(-0.0998527129872777,-0.0153515497564231,0.0246305358493797));
#2483=CARTESIAN_POINT('',(-0.100784492138702,-0.0142619569294931,0.0265190098588946));
#2484=CARTESIAN_POINT('',(-0.0998527129872777,-0.0123734829199782,0.0276086026858246));
#2485=CARTESIAN_POINT('',(-0.0983559419624689,-0.0165792531020109,0.0251166309378441));
#2486=CARTESIAN_POINT('',(-0.0996859695515499,-0.0157018195809798,0.0279588725103814));
#2487=CARTESIAN_POINT('',(-0.0983559419624689,-0.0128595780084425,0.0288363060314125));
#2488=CARTESIAN_POINT('',(-0.0970756321108155,-0.0172637036572914,0.0253876313015831));
#2489=CARTESIAN_POINT('',(-0.0983855919924987,-0.016753745976577,0.0290107989059784));
#2490=CARTESIAN_POINT('',(-0.0970756321108155,-0.0131305783721817,0.0295207565866929));
#2491=CARTESIAN_POINT('',(-0.0956863008561563,-0.0176851270323701,0.0255544890637031));
#2492=CARTESIAN_POINT('',(-0.0965277740592826,-0.0175695218766662,0.0298265748060684));
#2493=CARTESIAN_POINT('',(-0.0956863008561563,-0.013297436134301,0.0299421799617716));
#2494=CARTESIAN_POINT('',(-0.0947230912808772,-0.01778,0.0255920529293986));
#2495=CARTESIAN_POINT('',(-0.0950140159080712,-0.0177799999999318,0.0300370529293318));
#2496=CARTESIAN_POINT('',(-0.0947230912808772,-0.0133349999999982,0.0300370529294015));
#2497=CARTESIAN_POINT('',(-0.0942414770618868,-0.01778,0.0255920529294015));
#2498=CARTESIAN_POINT('',(-0.0942414770618868,-0.01778,0.0300370529294015));
#2499=CARTESIAN_POINT('',(-0.0942414770618868,-0.013335,0.0300370529294015));
#2500=CARTESIAN_POINT('',(-0.0942414770618868,-0.0104214770618868,0.0226785299912883));
#2501=CARTESIAN_POINT('',(-0.1016,-0.0104214770618868,0.0163158017165805));
#2502=CARTESIAN_POINT('',(-0.1016,-0.0104214770618868,0.0163158017165805));
#2503=CARTESIAN_POINT('',(-0.1016,-0.0104214770618868,0.0163158017165805));
#2504=CARTESIAN_POINT('',(-0.1016,-0.0107487475315269,0.0154892328825711));
#2505=CARTESIAN_POINT('',(-0.101599878858271,-0.0109983967013011,0.0157388820771674));
#2506=CARTESIAN_POINT('',(-0.1016,-0.0112480458958954,0.01598853124694));
#2507=CARTESIAN_POINT('',(-0.101318811475176,-0.0114032063065097,0.0138363027323541));
#2508=CARTESIAN_POINT('',(-0.101488186725923,-0.012185580015709,0.0145516987627578));
#2509=CARTESIAN_POINT('',(-0.101318811475176,-0.0129009760461137,0.0153340724719578));
#2510=CARTESIAN_POINT('',(-0.100100927016341,-0.0122745257517663,0.0116356596413118));
#2511=CARTESIAN_POINT('',(-0.100917385844362,-0.0140092784139423,0.0127280003645252));
#2512=CARTESIAN_POINT('',(-0.100100927016341,-0.0151016191371554,0.014462753026701));
#2513=CARTESIAN_POINT('',(-0.0982238826473709,-0.0129373861450183,0.00996150999083832));
#2514=CARTESIAN_POINT('',(-0.0996322371343972,-0.0159346189061887,0.0108026598722786));
#2515=CARTESIAN_POINT('',(-0.0982238826473699,-0.0167757687876293,0.013799892633449));
#2516=CARTESIAN_POINT('',(-0.096673978358484,-0.0131906140613321,0.00932194631812914));
#2517=CARTESIAN_POINT('',(-0.0978937934616554,-0.0170360528205809,0.00970122595788648));
#2518=CARTESIAN_POINT('',(-0.0966739783584863,-0.0174153324603377,0.0135466647171352));
#2519=CARTESIAN_POINT('',(-0.0958678509827245,-0.013262947078551,0.00913925883714639));
#2520=CARTESIAN_POINT('',(-0.0967587687998551,-0.0173961169460023,0.00934116183246509));
#2521=CARTESIAN_POINT('',(-0.0958678509827245,-0.017598019941321,0.0134743316999164));
#2522=CARTESIAN_POINT('',(-0.0942414770618868,-0.0104214770618868,0.0163158017165805));
#2523=CARTESIAN_POINT('',(-0.0958678509827246,-0.017598019941321,0.0134743316999164));
#2524=CARTESIAN_POINT('',(-0.0948854212017858,-0.013262947078551,0.0134743316999164));
#2525=CARTESIAN_POINT('',(-0.0942414770618868,-0.0104214770618868,-0.0127));
#2526=CARTESIAN_POINT('',(-0.0942414770618868,-0.01778,0.0133246828065496));
#2527=CARTESIAN_POINT('',(-0.0947902152854505,-0.01778,0.013376455223947));
#2528=CARTESIAN_POINT('',(-0.0953323492980342,-0.0177193772562812,0.0134262816600078));
#2529=CARTESIAN_POINT('',(-0.0958678509827246,-0.017598019941321,0.0134743316999164));
#2530=CARTESIAN_POINT('',(-0.094241477061885,-0.01778,0.0133246828065495));
#2531=CARTESIAN_POINT('',(-0.0952718263936745,-0.0177800000000002,0.00900074880445331));
#2532=CARTESIAN_POINT('',(-0.0952718263936755,-0.013335,0.00900074880445355));
#2533=CARTESIAN_POINT('',(-0.0947928614709962,-0.0177800000000001,0.0133767048862331));
#2534=CARTESIAN_POINT('',(-0.0957841533760202,-0.017703459197398,0.00912283109262012));
#2535=CARTESIAN_POINT('',(-0.0954734288453698,-0.0133349999962968,0.00904878861063229));
#2536=CARTESIAN_POINT('',(-0.0953349341977666,-0.0177187914570205,0.0134265136007298));
#2537=CARTESIAN_POINT('',(-0.0962791456381723,-0.0175748758089708,0.00923579016418501));
#2538=CARTESIAN_POINT('',(-0.0956721128276231,-0.0133107651762869,0.00909489995347246));
#2539=CARTESIAN_POINT('',(-0.0958678509827244,-0.017598019941321,0.0134743316999163));
#2540=CARTESIAN_POINT('',(-0.096758768799855,-0.0173961169460023,0.00934116183246508));
#2541=CARTESIAN_POINT('',(-0.0958678509827245,-0.013262947078551,0.00913925883714638));
#2542=CARTESIAN_POINT('',(0.0625447580230035,0.00120293370810652,0.00642446890552793));
#2543=CARTESIAN_POINT('',(0.063272994519289,0.00648768831016827,0.00642361362435422));
#2544=CARTESIAN_POINT('',(0.0632668459184035,0.00648853558541174,0.00108892321094944));
#2545=CARTESIAN_POINT('',(0.066185429092375,0.000762175034274173,0.00642019310028991));
#2546=CARTESIAN_POINT('',(0.0669350993625754,0.00598299183717482,0.00635930763054588));
#2547=CARTESIAN_POINT('',(0.0665159498275034,0.00604081010169709,0.00108516666128267));
#2548=CARTESIAN_POINT('',(0.0715511709563666,4.97090472464287E-5,0.00573303069795265));
#2549=CARTESIAN_POINT('',(0.0722872188200343,0.00516214715646836,0.0055778551212697));
#2550=CARTESIAN_POINT('',(0.0712568505296976,0.00532072968983194,0.00048573024276899));
#2551=CARTESIAN_POINT('',(0.0784342619824914,-0.000942511453574587,0.00353524221449761));
#2552=CARTESIAN_POINT('',(0.0791427659709447,0.0040312050608085,0.00326300859617413));
#2553=CARTESIAN_POINT('',(0.0773939776495161,0.00432086449323026,-0.00145637742672626));
#2554=CARTESIAN_POINT('',(0.0832495027685984,-0.00167117800062655,0.00138473318750307));
#2555=CARTESIAN_POINT('',(0.0839053423222363,0.00321537852745065,0.00105077406512071));
#2556=CARTESIAN_POINT('',(0.0817312016850368,0.00358761849942859,-0.00337974955703697));
#2557=CARTESIAN_POINT('',(0.087774274000255,-0.00238385465184919,-0.00118537758503191));
#2558=CARTESIAN_POINT('',(0.0883719612026333,0.00242913326652431,-0.00156201178171996));
#2559=CARTESIAN_POINT('',(0.0858550298247726,0.00287113827145289,-0.00570811303240011));
#2560=CARTESIAN_POINT('',(0.0934819420768098,-0.00331474399201087,-0.00510979360267146));
#2561=CARTESIAN_POINT('',(0.0939915553257214,0.00141796462548103,-0.00551486282371371));
#2562=CARTESIAN_POINT('',(0.0911186638671065,0.00193595015492625,-0.00930863128799908));
#2563=CARTESIAN_POINT('',(0.0973370307677016,-0.00397242339456007,-0.00845030348001394));
#2564=CARTESIAN_POINT('',(0.0978065050240699,0.000712892883419023,-0.00887194737657398));
#2565=CARTESIAN_POINT('',(0.0947332939560995,0.00127577179083671,-0.0124247105084116));
#2566=CARTESIAN_POINT('',(0.0997599227345016,-0.00439384038944615,-0.010791582072272));
#2567=CARTESIAN_POINT('',(0.100205078952743,0.000264659723523932,-0.0112217435232405));
#2568=CARTESIAN_POINT('',(0.0970218179641923,0.000852883420343874,-0.0146284528733836));
#2569=CARTESIAN_POINT('',(0.0625384916630601,0.00120293370814918,0.0010889232109498));
#2570=CARTESIAN_POINT('',(0.0717975817508018,3.11333372856178E-18,0.0054192993171168));
#2571=CARTESIAN_POINT('',(0.0731356896642756,1.0002825884918E-13,0.00512717966585805));
#2572=CARTESIAN_POINT('',(0.0758043560289426,-4.64097632510665E-14,0.00439250519235327));
#2573=CARTESIAN_POINT('',(0.0796225212172118,1.24476027760557E-14,0.00290275001639578));
#2574=CARTESIAN_POINT('',(0.0833249595411253,-3.25788219500631E-15,0.00101829331102614));
#2575=CARTESIAN_POINT('',(0.0879426394624797,1.88782477286209E-15,-0.00190766624888121));
#2576=CARTESIAN_POINT('',(0.0931863868585597,-6.66063847471899E-16,-0.0062804487369541));
#2577=CARTESIAN_POINT('',(0.0968171758484304,-3.93620994714094E-18,-0.0104627286829866));
#2578=CARTESIAN_POINT('',(0.0983969291930552,6.67253805280587E-19,-0.0126999999999988));
#2579=CARTESIAN_POINT('',(0.0632668459180891,-0.00648853558545504,0.0010889232109498));
#2580=CARTESIAN_POINT('',(0.0632729945189327,-0.00648768831021735,0.0064236136243604));
#2581=CARTESIAN_POINT('',(0.0625447580226512,-0.00120293370814921,0.00642446890552835));
#2582=CARTESIAN_POINT('',(0.0665159513499366,-0.00604080989190926,0.00108516665955791));
#2583=CARTESIAN_POINT('',(0.0669351010684224,-0.00598299160216834,0.00635930760091755));
#2584=CARTESIAN_POINT('',(0.0661854307980975,-0.000762174827549112,0.00642019309831575));
#2585=CARTESIAN_POINT('',(0.0712568501864194,-0.0053207297371349,0.000485730243158685));
#2586=CARTESIAN_POINT('',(0.0722872184423703,-0.0051621472084488,0.00557785512742944));
#2587=CARTESIAN_POINT('',(0.0715511705717598,-4.97090938589181E-5,0.00573303069839865));
#2588=CARTESIAN_POINT('',(0.0773939777141635,-0.00432086448432206,-0.00145637742679951));
#2589=CARTESIAN_POINT('',(0.0791427660404274,-0.00403120505126539,0.00326300859527933));
#2590=CARTESIAN_POINT('',(0.0784342620549227,0.000942511462352925,0.00353524221441384));
#2591=CARTESIAN_POINT('',(0.0817312016677351,-0.00358761850181275,-0.00337974955701439));
#2592=CARTESIAN_POINT('',(0.0839053423039311,-0.00321537852996051,0.00105077406529866));
#2593=CARTESIAN_POINT('',(0.0832495027492098,0.00167117799827648,0.0013847331875286));
#2594=CARTESIAN_POINT('',(0.0858550298293143,-0.00287113827082755,-0.00570811303240807));
#2595=CARTESIAN_POINT('',(0.0883719612073748,-0.00242913326587483,-0.0015620117817517));
#2596=CARTESIAN_POINT('',(0.0877742740053579,0.00238385465246804,-0.00118537758504017));
#2597=CARTESIAN_POINT('',(0.0911186638644279,-0.0019359501552929,-0.00930863128797687));
#2598=CARTESIAN_POINT('',(0.0939915553229497,-0.00141796462586337,-0.00551486282367951));
#2599=CARTESIAN_POINT('',(0.0934819420737325,0.0033147439916356,-0.00510979360265078));
#2600=CARTESIAN_POINT('',(0.094733293955881,-0.00127577179087709,-0.0124247105085086));
#2601=CARTESIAN_POINT('',(0.0978065050239615,-0.00071289288341446,-0.0088719473767507));
#2602=CARTESIAN_POINT('',(0.097337030767794,0.00397242339458225,-0.0084503034801032));
#2603=CARTESIAN_POINT('',(0.0970218179641923,-0.000852883420343876,-0.0146284528733836));
#2604=CARTESIAN_POINT('',(0.100205078952743,-0.000264659723523937,-0.0112217435232405));
#2605=CARTESIAN_POINT('',(0.0997599227345016,0.00439384038944615,-0.010791582072272));
#2606=CARTESIAN_POINT('',(0.0625384916630601,-0.00120293370814917,0.0010889232109498));
#2607=CARTESIAN_POINT('',(0.063266845918089,0.00648853558545505,0.0010889232109498));
#2608=CARTESIAN_POINT('',(0.0632729945189326,0.00648768831021736,0.00642361362436046));
#2609=CARTESIAN_POINT('',(0.062544758022651,0.00120293370814917,0.00642446890552834));
#2610=CARTESIAN_POINT('',(0.0622933339340137,0.00662268522676029,0.00109004876758656));
#2611=CARTESIAN_POINT('',(0.0627726547225391,0.00655665282167404,0.00635919701839012));
#2612=CARTESIAN_POINT('',(0.0620655761731425,0.0013349959206417,0.00642503168316166));
#2613=CARTESIAN_POINT('',(0.0603793805023778,0.00687788365430269,0.00134603266077236));
#2614=CARTESIAN_POINT('',(0.061753906314851,0.00669678014002462,0.00637077281571096));
#2615=CARTESIAN_POINT('',(0.0611251688115337,0.00158576171441822,0.00655302363077205));
#2616=CARTESIAN_POINT('',(0.0567475975542289,0.00732357831731295,0.0028478828630671));
#2617=CARTESIAN_POINT('',(0.0597295183545491,0.00697468801937339,0.0069953631003034));
#2618=CARTESIAN_POINT('',(0.0593493951537112,0.00202152455192395,0.00730394873129501));
#2619=CARTESIAN_POINT('',(0.0546131795028363,0.00753866383070361,0.00498436578292205));
#2620=CARTESIAN_POINT('',(0.0584980888732019,0.00715036848565309,0.0081230409772871));
#2621=CARTESIAN_POINT('',(0.0583189258163296,0.00222898934204862,0.0083721901919771));
#2622=CARTESIAN_POINT('',(0.0536583891612004,0.00762608382864591,0.00667037226597876));
#2623=CARTESIAN_POINT('',(0.0579639224355603,0.00723187193356101,0.00902638532822198));
#2624=CARTESIAN_POINT('',(0.0578614644504508,0.00231275908619226,0.00921519343304285));
#2625=CARTESIAN_POINT('',(0.062544758022651,0.00120293370814918,0.00642446890552835));
#2626=CARTESIAN_POINT('',(0.0625093438915243,0.00121269382012622,0.00642451049784017));
#2627=CARTESIAN_POINT('',(0.0624739275483633,0.00122243161223186,0.00642490464403928));
#2628=CARTESIAN_POINT('',(0.0624385088977241,0.00123214672232267,0.00642565171481855));
#2629=CARTESIAN_POINT('',(0.062544758022651,-0.00120293370814917,0.00642446890552834));
#2630=CARTESIAN_POINT('',(0.0632729945189326,-0.00648768831021736,0.00642361362436046));
#2631=CARTESIAN_POINT('',(0.063266845918089,-0.00648853558545505,0.0010889232109498));
#2632=CARTESIAN_POINT('',(0.0620655761731694,-0.00133499592063551,0.00642503168316162));
#2633=CARTESIAN_POINT('',(0.0627726547226147,-0.00655665282165981,0.00635919701839348));
#2634=CARTESIAN_POINT('',(0.0622933339341278,-0.00662268522674456,0.00109004876758656));
#2635=CARTESIAN_POINT('',(0.0611251688115214,-0.0015857617144208,0.0065530236307723));
#2636=CARTESIAN_POINT('',(0.0617539063148176,-0.00669678014003229,0.00637077281571076));
#2637=CARTESIAN_POINT('',(0.0603793805023259,-0.00687788365430982,0.00134603266077282));
#2638=CARTESIAN_POINT('',(0.0593493951537192,-0.00202152455192339,0.00730394873129384));
#2639=CARTESIAN_POINT('',(0.0597295183545693,-0.00697468801936294,0.00699536310029738));
#2640=CARTESIAN_POINT('',(0.0567475975542598,-0.00732357831730866,0.00284788286306482));
#2641=CARTESIAN_POINT('',(0.0583189258163269,-0.00222898934204361,0.00837219019198223));
#2642=CARTESIAN_POINT('',(0.0584980888731947,-0.00715036848568327,0.00812304097732235));
#2643=CARTESIAN_POINT('',(0.0546131795028371,-0.00753866383070353,0.00498436578293201));
#2644=CARTESIAN_POINT('',(0.0578614644504508,-0.00231275908619225,0.00921519343304284));
#2645=CARTESIAN_POINT('',(0.0579639224355603,-0.007231871933561,0.00902638532822196));
#2646=CARTESIAN_POINT('',(0.0536583891612004,-0.0076260838286459,0.00667037226597873));
#2647=CARTESIAN_POINT('',(0.0624385088977241,-0.00123214672232267,0.00642565171481856));
#2648=CARTESIAN_POINT('',(0.0624739275483633,-0.00122243161223185,0.00642490464403929));
#2649=CARTESIAN_POINT('',(0.0625093438915243,-0.00121269382012621,0.00642451049784017));
#2650=CARTESIAN_POINT('',(0.062544758022651,-0.00120293370814917,0.00642446890552835));
#2651=CARTESIAN_POINT('',(0.0625510243822419,8.32672159537975E-17,0.0117600146001069));
#2652=CARTESIAN_POINT('',(0.0882315946562617,-0.00438690853338317,-0.0187718349664165));
#2653=CARTESIAN_POINT('',(0.0892961121997521,0.00226041829481244,-0.0191530827424491));
#2654=CARTESIAN_POINT('',(0.0915016785430201,0.00186191021908409,-0.0127936669008014));
#2655=CARTESIAN_POINT('',(0.0845556146510141,-0.00372272188448081,-0.017455314435298));
#2656=CARTESIAN_POINT('',(0.085603932085211,0.00292096514620112,-0.017830760281858));
#2657=CARTESIAN_POINT('',(0.0878076722490803,0.00252935390964438,-0.0114771463696699));
#2658=CARTESIAN_POINT('',(0.0799522122474202,-0.00291197535519082,-0.0158060744872163));
#2659=CARTESIAN_POINT('',(0.0809764263613051,0.00372742920751583,-0.0161739153243965));
#2660=CARTESIAN_POINT('',(0.0831838474582925,0.00334475386288195,-0.00982995925959666));
#2661=CARTESIAN_POINT('',(0.0744385493680383,-0.00198296013120098,-0.0138324316382875));
#2662=CARTESIAN_POINT('',(0.0754171095077397,0.00464702094311122,-0.014182073089595));
#2663=CARTESIAN_POINT('',(0.077617154306658,0.00428094469047149,-0.00785262130227685));
#2664=CARTESIAN_POINT('',(0.0716533661935004,-0.00152867009660753,-0.0128327150783279));
#2665=CARTESIAN_POINT('',(0.0726066792081058,0.00510034165235014,-0.0131773183826471));
#2666=CARTESIAN_POINT('',(0.0748303541537806,0.00473920795934036,-0.00686091081049447));
#2667=CARTESIAN_POINT('',(0.0689707194048072,-0.00108523779742597,-0.0118803432145868));
#2668=CARTESIAN_POINT('',(0.0699049188683718,0.00552327919305978,-0.0122030200780624));
#2669=CARTESIAN_POINT('',(0.0720351398034335,0.00518707577345819,-0.00587836222823994));
#2670=CARTESIAN_POINT('',(0.0653586735881786,-0.000508791091288288,-0.0106583123765189));
#2671=CARTESIAN_POINT('',(0.0662599274634604,0.00607476745693483,-0.0109529122692273));
#2672=CARTESIAN_POINT('',(0.0682807502358943,0.0057702198555332,-0.00462281274698984));
#2673=CARTESIAN_POINT('',(0.0617245946553169,4.03589824153664E-5,-0.00950343063815474));
#2674=CARTESIAN_POINT('',(0.0625798823015428,0.00659778493793368,-0.00976643655954389));
#2675=CARTESIAN_POINT('',(0.0644874398960741,0.00632747399270992,-0.00343463927745089));
#2676=CARTESIAN_POINT('',(0.0580583481650314,0.000547082709892098,-0.00841648025971234));
#2677=CARTESIAN_POINT('',(0.0588409000798355,0.00707728032985204,-0.00864275368786155));
#2678=CARTESIAN_POINT('',(0.060639809768999,0.00684461403497011,-0.00231679764359914));
#2679=CARTESIAN_POINT('',(0.0552945196749287,0.000898772351102307,-0.00763557701619115));
#2680=CARTESIAN_POINT('',(0.0560071501641593,0.00740657318824662,-0.00783158622769774));
#2681=CARTESIAN_POINT('',(0.0577219542135681,0.00720565451956695,-0.00151360712815553));
#2682=CARTESIAN_POINT('',(0.0529815651544089,0.00115970678917411,-0.00701420965355001));
#2683=CARTESIAN_POINT('',(0.0536123309324397,0.00764640080691551,-0.00718041442211377));
#2684=CARTESIAN_POINT('',(0.0552577025973753,0.00747608739135183,-0.000874511597815299));
#2685=CARTESIAN_POINT('',(0.0511241099735718,0.0013403729662719,-0.00653446632993229));
#2686=CARTESIAN_POINT('',(0.0516637466982669,0.00780655277113957,-0.00667180910887642));
#2687=CARTESIAN_POINT('',(0.0532533961914662,0.00766568545274937,-0.000381076695168631));
#2688=CARTESIAN_POINT('',(0.0497272568663572,0.00145807448507874,-0.00618331097959041));
#2689=CARTESIAN_POINT('',(0.0501809151851313,0.00790579009184202,-0.0062955692945178));
#2690=CARTESIAN_POINT('',(0.0517273062182468,0.00779080078326911,-1.99009307593991E-5));
#2691=CARTESIAN_POINT('',(0.0483260594144331,0.00155249103947042,-0.00584069625068659));
#2692=CARTESIAN_POINT('',(0.0486646451275723,0.00797631044162291,-0.00592202071916477));
#2693=CARTESIAN_POINT('',(0.0501665433542091,0.00789318834200986,0.000332488520633697));
#2694=CARTESIAN_POINT('',(0.0471544785499041,0.00160439160526739,-0.00556226194456819));
#2695=CARTESIAN_POINT('',(0.0473558426883663,0.00799975768848889,-0.00560936304041951));
#2696=CARTESIAN_POINT('',(0.0488190623089022,0.00795170863086682,0.000618863758430849));
#2697=CARTESIAN_POINT('',(0.0463310175446796,0.00161849125310693,-0.00537080141742667));
#2698=CARTESIAN_POINT('',(0.0463873296145461,0.00798177220290564,-0.00538372943576992));
#2699=CARTESIAN_POINT('',(0.0478212038570579,0.00796860000349407,0.000815782827312576));
#2700=CARTESIAN_POINT('',(0.0458607677433563,0.00161769291657687,-0.00526267381781368));
#2701=CARTESIAN_POINT('',(0.0458094240098928,0.0079555206764714,-0.00525086168207168));
#2702=CARTESIAN_POINT('',(0.0472243954657468,0.00796768495978977,0.000926992532668367));
#2703=CARTESIAN_POINT('',(0.0455083377379043,0.00161172632553677,-0.0051822393261532));
#2704=CARTESIAN_POINT('',(0.0453588466109846,0.00792514775131709,-0.00514818554691637));
#2705=CARTESIAN_POINT('',(0.0467579459535,0.00796011646261315,0.00100971943397903));
#2706=CARTESIAN_POINT('',(0.045214929857343,0.0016011596452709,-0.00511577574300429));
#2707=CARTESIAN_POINT('',(0.0449596488407731,0.00788656342040939,-0.0050580448124713));
#2708=CARTESIAN_POINT('',(0.0463434913490729,0.00794573797187309,0.00107807697014179));
#2709=CARTESIAN_POINT('',(0.0449804585892365,0.00158816441455684,-0.00506296167984048));
#2710=CARTESIAN_POINT('',(0.0446180921152617,0.00784332352901274,-0.00498146590372077));
#2711=CARTESIAN_POINT('',(0.0459874989509823,0.00792672533871439,0.00113239585253047));
#2712=CARTESIAN_POINT('',(0.0448340504864542,0.00157771635129371,-0.00503010796313228));
#2713=CARTESIAN_POINT('',(0.0443829249892927,0.00780623257718178,-0.00492898746338952));
#2714=CARTESIAN_POINT('',(0.0457410531475806,0.00790957746502602,0.00116618558803448));
#2715=CARTESIAN_POINT('',(0.0447316591650459,0.00156885790580973,-0.00500719662277096));
#2716=CARTESIAN_POINT('',(0.0442165195829206,0.00777742905491297,-0.0048919925984082));
#2717=CARTESIAN_POINT('',(0.0455662789227208,0.00789504275790022,0.00118974964396483));
#2718=CARTESIAN_POINT('',(0.0446731852250256,0.00156323415681197,-0.00499413091382569));
#2719=CARTESIAN_POINT('',(0.0440964063231167,0.00775171264118458,-0.00486531195702602));
#2720=CARTESIAN_POINT('',(0.0454388850759552,0.00788307990699879,0.00120318756716934));
#2721=CARTESIAN_POINT('',(0.0446147278083981,0.00155733696719057,-0.00498108126598426));
#2722=CARTESIAN_POINT('',(0.0440432771592779,0.00774772769376684,-0.0048536166332972));
#2723=CARTESIAN_POINT('',(0.0453846911559575,0.0078777144144914,0.00121660896400301));
#2724=CARTESIAN_POINT('',(0.0445416451304033,0.00155005150021367,-0.00496478996280514));
#2725=CARTESIAN_POINT('',(0.0439674680885737,0.00773978184229432,-0.00483691741474371));
#2726=CARTESIAN_POINT('',(0.0453066507109906,0.00787017103473531,0.00123336434757504));
#2727=CARTESIAN_POINT('',(0.0443662361616676,0.00153249341403912,-0.00492576269513053));
#2728=CARTESIAN_POINT('',(0.043793255661323,0.00772315707958037,-0.00479864357362019));
#2729=CARTESIAN_POINT('',(0.045127837994428,0.00785275579256161,0.00127350331417358));
#2730=CARTESIAN_POINT('',(0.0442200283429964,0.00151787708251052,-0.00489338705585974));
#2731=CARTESIAN_POINT('',(0.0436460388484517,0.00770866368987353,-0.00476644696795673));
#2732=CARTESIAN_POINT('',(0.0449765809700578,0.00783806010325408,0.00130680108066861));
#2733=CARTESIAN_POINT('',(0.0441030417746717,0.00150617602019475,-0.00486758093715591));
#2734=CARTESIAN_POINT('',(0.0435288905312603,0.0076972709110723,-0.00474092866114166));
#2735=CARTESIAN_POINT('',(0.0448562626716511,0.00782635904093897,0.00133334214717948));
#2736=CARTESIAN_POINT('',(0.0619388777855432,2.02479353352505E-18,-0.00958466937150029));
#2737=CARTESIAN_POINT('',(0.0652417540998199,-5.90238071225833E-13,-0.0106062847183171));
#2738=CARTESIAN_POINT('',(0.068535600515196,1.81219819934507E-17,-0.0116568673920404));
#2739=CARTESIAN_POINT('',(0.0718317523535398,3.17686434057976E-18,-0.0127));
#2740=CARTESIAN_POINT('',(0.0454223986100836,0.00788141626816163,0.0012077070228951));
#2741=CARTESIAN_POINT('',(0.0452439347945949,0.0078640605022168,0.00039955231245477));
#2742=CARTESIAN_POINT('',(0.0449087746472703,0.00750795992541207,-0.00118890496645539));
#2743=CARTESIAN_POINT('',(0.0445264476818378,0.00608637425246785,-0.00322286820163686));
#2744=CARTESIAN_POINT('',(0.0443254860936113,0.00400164518409788,-0.00458438451579404));
#2745=CARTESIAN_POINT('',(0.0443316570094503,0.00234795726323899,-0.00491813374415706));
#2746=CARTESIAN_POINT('',(0.0443693469242574,0.00153281206041595,-0.00492649614308867));
#2747=CARTESIAN_POINT('',(0.0915016785430201,-0.00186191021908409,-0.0127936669008014));
#2748=CARTESIAN_POINT('',(0.0892961121997522,-0.00226041829481243,-0.0191530827424492));
#2749=CARTESIAN_POINT('',(0.0882315946562618,0.00438690853338317,-0.0187718349664166));
#2750=CARTESIAN_POINT('',(0.0878076722491223,-0.0025293539096368,-0.0114771463696562));
#2751=CARTESIAN_POINT('',(0.0856039320849829,-0.00292096514617913,-0.0178307602819466));
#2752=CARTESIAN_POINT('',(0.0845556146509367,0.00372272188459074,-0.0174553144352703));
#2753=CARTESIAN_POINT('',(0.0831838474582881,-0.00334475386288276,-0.00982995925959824));
#2754=CARTESIAN_POINT('',(0.0809764263613347,-0.00372742920751746,-0.0161739153243884));
#2755=CARTESIAN_POINT('',(0.0799522122474289,0.00291197535517877,-0.0158060744872194));
#2756=CARTESIAN_POINT('',(0.0776171543066586,-0.0042809446904714,-0.00785262130227667));
#2757=CARTESIAN_POINT('',(0.0754171095077356,-0.00464702094311113,-0.0141820730895958));
#2758=CARTESIAN_POINT('',(0.0744385493680373,0.0019829601312024,-0.0138324316382871));
#2759=CARTESIAN_POINT('',(0.0748303541537805,-0.00473920795934037,-0.00686091081049453));
#2760=CARTESIAN_POINT('',(0.072606679208107,-0.00510034165235016,-0.0131773183826469));
#2761=CARTESIAN_POINT('',(0.0716533661935007,0.00152867009660715,-0.012832715078328));
#2762=CARTESIAN_POINT('',(0.0720351398034336,-0.00518707577345819,-0.00587836222823995));
#2763=CARTESIAN_POINT('',(0.0699049188683715,-0.00552327919305977,-0.0122030200780624));
#2764=CARTESIAN_POINT('',(0.0689707194048073,0.00108523779742606,-0.0118803432145868));
#2765=CARTESIAN_POINT('',(0.0682807502358943,-0.00577021985553319,-0.00462281274698984));
#2766=CARTESIAN_POINT('',(0.0662599274634605,-0.0060747674569348,-0.0109529122692273));
#2767=CARTESIAN_POINT('',(0.0653586735881786,0.000508791091288259,-0.010658312376519));
#2768=CARTESIAN_POINT('',(0.0644874398960742,-0.00632747399270992,-0.00343463927745091));
#2769=CARTESIAN_POINT('',(0.0625798823015428,-0.00659778493793368,-0.00976643655954389));
#2770=CARTESIAN_POINT('',(0.061724594655317,-4.03589824153814E-5,-0.00950343063815476));
#2771=CARTESIAN_POINT('',(0.0606398097689991,-0.0068446140349701,-0.00231679764359916));
#2772=CARTESIAN_POINT('',(0.0588409000798356,-0.00707728032985203,-0.00864275368786155));
#2773=CARTESIAN_POINT('',(0.0580583481650315,-0.000547082709892105,-0.00841648025971236));
#2774=CARTESIAN_POINT('',(0.0577219542135681,-0.00720565451956693,-0.00151360712815555));
#2775=CARTESIAN_POINT('',(0.0560071501641594,-0.00740657318824659,-0.00783158622769777));
#2776=CARTESIAN_POINT('',(0.0552945196749288,-0.000898772351102271,-0.00763557701619118));
#2777=CARTESIAN_POINT('',(0.0552577025973754,-0.00747608739135184,-0.000874511597815323));
#2778=CARTESIAN_POINT('',(0.0536123309324398,-0.00764640080691552,-0.00718041442211376));
#2779=CARTESIAN_POINT('',(0.052981565154409,-0.00115970678917415,-0.00701420965355002));
#2780=CARTESIAN_POINT('',(0.0532533961914663,-0.00766568545274935,-0.000381076695168653));
#2781=CARTESIAN_POINT('',(0.051663746698267,-0.00780655277113955,-0.00667180910887645));
#2782=CARTESIAN_POINT('',(0.0511241099735719,-0.00134037296627188,-0.00653446632993231));
#2783=CARTESIAN_POINT('',(0.0517273062182469,-0.00779080078326909,-1.99009307594187E-5));
#2784=CARTESIAN_POINT('',(0.0501809151851314,-0.00790579009184201,-0.00629556929451781));
#2785=CARTESIAN_POINT('',(0.0497272568663573,-0.00145807448507873,-0.00618331097959044));
#2786=CARTESIAN_POINT('',(0.0501665433542093,-0.00789318834200985,0.00033248852063367));
#2787=CARTESIAN_POINT('',(0.0486646451275724,-0.00797631044162292,-0.0059220207191648));
#2788=CARTESIAN_POINT('',(0.0483260594144332,-0.00155249103947041,-0.00584069625068661));
#2789=CARTESIAN_POINT('',(0.0488190623089024,-0.0079517086308668,0.000618863758430825));
#2790=CARTESIAN_POINT('',(0.0473558426883664,-0.00799975768848889,-0.00560936304041955));
#2791=CARTESIAN_POINT('',(0.0471544785499043,-0.00160439160526737,-0.00556226194456822));
#2792=CARTESIAN_POINT('',(0.047821203857058,-0.00796860000349406,0.000815782827312543));
#2793=CARTESIAN_POINT('',(0.0463873296145462,-0.00798177220290563,-0.00538372943576994));
#2794=CARTESIAN_POINT('',(0.0463310175446797,-0.00161849125310693,-0.0053708014174267));
#2795=CARTESIAN_POINT('',(0.047224395465747,-0.00796768495978978,0.000926992532668351));
#2796=CARTESIAN_POINT('',(0.0458094240098929,-0.00795552067647141,-0.0052508616820717));
#2797=CARTESIAN_POINT('',(0.0458607677433564,-0.00161769291657687,-0.0052626738178137));
#2798=CARTESIAN_POINT('',(0.0467579459535002,-0.00796011646261309,0.001009719433979));
#2799=CARTESIAN_POINT('',(0.0453588466109848,-0.00792514775131705,-0.00514818554691646));
#2800=CARTESIAN_POINT('',(0.0455083377379043,-0.00161172632553667,-0.00518223932615322));
#2801=CARTESIAN_POINT('',(0.046343491349073,-0.00794573797187311,0.00107807697014179));
#2802=CARTESIAN_POINT('',(0.0449596488407732,-0.00788656342040941,-0.00505804481247129));
#2803=CARTESIAN_POINT('',(0.0452149298573431,-0.00160115964527096,-0.00511577574300431));
#2804=CARTESIAN_POINT('',(0.0459874989509827,-0.00792672533871438,0.0011323958525304));
#2805=CARTESIAN_POINT('',(0.044618092115262,-0.00784332352901277,-0.00498146590372087));
#2806=CARTESIAN_POINT('',(0.0449804585892367,-0.00158816441455681,-0.00506296167984053));
#2807=CARTESIAN_POINT('',(0.0457410531475808,-0.00790957746502603,0.00116618558803447));
#2808=CARTESIAN_POINT('',(0.0443829249892929,-0.00780623257718182,-0.00492898746338956));
#2809=CARTESIAN_POINT('',(0.0448340504864543,-0.00157771635129372,-0.0050301079631323));
#2810=CARTESIAN_POINT('',(0.045566278922721,-0.00789504275790026,0.00118974964396479));
#2811=CARTESIAN_POINT('',(0.0442165195829208,-0.00777742905491302,-0.00489199259840821));
#2812=CARTESIAN_POINT('',(0.0447316591650461,-0.0015688579058098,-0.00500719662277099));
#2813=CARTESIAN_POINT('',(0.0454388850759556,-0.00788307990699878,0.00120318756716931));
#2814=CARTESIAN_POINT('',(0.044096406323117,-0.0077517126411846,-0.0048653119570261));
#2815=CARTESIAN_POINT('',(0.0446731852250256,-0.00156323415681191,-0.00499413091382571));
#2816=CARTESIAN_POINT('',(0.0453846911559576,-0.00787771441449141,0.00121660896400298));
#2817=CARTESIAN_POINT('',(0.0440432771592779,-0.00774772769376683,-0.0048536166332972));
#2818=CARTESIAN_POINT('',(0.0446147278083982,-0.00155733696719061,-0.0049810812659843));
#2819=CARTESIAN_POINT('',(0.0453066507109906,-0.0078701710347353,0.00123336434757503));
#2820=CARTESIAN_POINT('',(0.0439674680885738,-0.00773978184229427,-0.00483691741474376));
#2821=CARTESIAN_POINT('',(0.0445416451304033,-0.00155005150021359,-0.00496478996280515));
#2822=CARTESIAN_POINT('',(0.0451278379944292,-0.00785275579256172,0.00127350331417341));
#2823=CARTESIAN_POINT('',(0.043793255661324,-0.00772315707958072,-0.00479864357362016));
#2824=CARTESIAN_POINT('',(0.0443662361616685,-0.0015324934140397,-0.00492576269513075));
#2825=CARTESIAN_POINT('',(0.0449765809700483,-0.00783806010325316,0.00130680108066977));
#2826=CARTESIAN_POINT('',(0.0436460388484441,-0.00770866368987054,-0.00476644696795748));
#2827=CARTESIAN_POINT('',(0.0442200283429889,-0.00151787708250539,-0.00489338705585809));
#2828=CARTESIAN_POINT('',(0.0448562626716513,-0.00782635904093898,0.00133334214717945));
#2829=CARTESIAN_POINT('',(0.0435288905312604,-0.00769727091107232,-0.00474092866114168));
#2830=CARTESIAN_POINT('',(0.0441030417746718,-0.00150617602019477,-0.00486758093715593));
#2831=CARTESIAN_POINT('',(0.0454223986100838,-0.00788141626816167,0.00120770702289504));
#2832=CARTESIAN_POINT('',(0.0452439347945951,-0.00786406050221684,0.000399552312454704));
#2833=CARTESIAN_POINT('',(0.0449087746472677,-0.00750795992541192,-0.00118890496645484));
#2834=CARTESIAN_POINT('',(0.044526447681847,-0.00608637425246827,-0.00322286820163891));
#2835=CARTESIAN_POINT('',(0.044325486093577,-0.00400164518409619,-0.00458438451578645));
#2836=CARTESIAN_POINT('',(0.0443316570095253,-0.0023479572632426,-0.0049181337441737));
#2837=CARTESIAN_POINT('',(0.0443693469242574,-0.00153281206041591,-0.00492649614308868));
#2838=CARTESIAN_POINT('',(0.0447540190961668,0.00153281206041576,-0.00501220160043054));
#2839=CARTESIAN_POINT('',(0.0447540190961668,0.00788281206041577,-0.00501220160043055));
#2840=CARTESIAN_POINT('',(0.0461404260169611,0.00788281206041577,0.00118460207969146));
#2841=CARTESIAN_POINT('',(0.0339431513745678,0.00153281206017858,-0.002593493085088));
#2842=CARTESIAN_POINT('',(0.0339431513749311,0.00788281206012228,-0.00259349308498718));
#2843=CARTESIAN_POINT('',(0.0350215711342231,0.00788281206041577,0.00367221636548757));
#2844=CARTESIAN_POINT('',(0.0119818661370903,0.00153281206053433,0.000617786228551983));
#2845=CARTESIAN_POINT('',(0.0119818661369208,0.00788281206056249,0.000617786228466986));
#2846=CARTESIAN_POINT('',(0.012439593727824,0.00788281206041574,0.00697308921041375));
#2847=CARTESIAN_POINT('',(-0.0102624921937498,0.00153281206041575,0.000673055794494507));
#2848=CARTESIAN_POINT('',(-0.0102624921937741,0.00788281206041575,0.000673055794563663));
#2849=CARTESIAN_POINT('',(-0.0103850619415338,0.00788281206041575,0.00702771384892304));
#2850=CARTESIAN_POINT('',(-0.0213594574401748,0.00153281206041575,-1.75912791770885E-5));
#2851=CARTESIAN_POINT('',(-0.0213594574401748,0.00788281206041575,-1.75912791770911E-5));
#2852=CARTESIAN_POINT('',(-0.0217539021899044,0.00788281206041575,0.00632014596209528));
#2853=CARTESIAN_POINT('',(-0.0213083500041182,0.00788281012179939,0.00634252887672096));
#2854=CARTESIAN_POINT('',(-0.0212575668414433,0.00788215517268399,0.00550589624236194));
#2855=CARTESIAN_POINT('',(-0.0211596729902809,0.00755063611997752,0.00385805302693005));
#2856=CARTESIAN_POINT('',(-0.0210406442743374,0.00613744893489896,0.00174715323734814));
#2857=CARTESIAN_POINT('',(-0.020968816901815,0.00403521033548353,0.000340619463097577));
#2858=CARTESIAN_POINT('',(-0.0209593723494216,0.0023591202998786,6.99834530131548E-6));
#2859=CARTESIAN_POINT('',(-0.0209646809978854,0.00153281206041781,6.6760862646126E-6));
#2860=CARTESIAN_POINT('',(-0.0213589210328203,-0.00153281206041575,-1.75578950972069E-5));
#2861=CARTESIAN_POINT('',(-0.0213589210328203,-0.00788281206041575,-1.75578950972104E-5));
#2862=CARTESIAN_POINT('',(-0.0217533526405876,-0.00788281206041575,0.00632018016408401));
#2863=CARTESIAN_POINT('',(-0.0158176239278581,-0.00153281206041575,0.000327306898274969));
#2864=CARTESIAN_POINT('',(-0.0158176239278694,-0.00788281206044366,0.000327306898279668));
#2865=CARTESIAN_POINT('',(-0.0160762938030839,-0.00788281206041575,0.00667349414201925));
#2866=CARTESIAN_POINT('',(-0.00474193863423276,-0.00153281206041716,0.000659814378733607));
#2867=CARTESIAN_POINT('',(-0.00474193863423019,-0.00788281206040455,0.000659814378730243));
#2868=CARTESIAN_POINT('',(-0.00472065946797273,-0.00788281206041575,0.00701467538689018));
#2869=CARTESIAN_POINT('',(0.0118905339916799,-0.0015328120604108,2.86773576015042E-5));
#2870=CARTESIAN_POINT('',(0.0118905339916879,-0.00788281206041312,2.86773576062205E-5));
#2871=CARTESIAN_POINT('',(0.012354846102929,-0.00788281206041575,0.00636708459049251));
#2872=CARTESIAN_POINT('',(0.0284408251868184,-0.00153281206043412,-0.00178665032732563));
#2873=CARTESIAN_POINT('',(0.0284408251867842,-0.00788281206043749,-0.00178665032734115));
#2874=CARTESIAN_POINT('',(0.0293636699531611,-0.00788281206041575,0.0045017321411142));
#2875=CARTESIAN_POINT('',(0.0393438579673031,-0.00153281206037618,-0.00380178025768482));
#2876=CARTESIAN_POINT('',(0.0393438579673777,-0.00788281206036679,-0.00380178025765177));
#2877=CARTESIAN_POINT('',(0.0405761366078668,-0.00788281206041575,0.00242950671332351));
#2878=CARTESIAN_POINT('',(0.0447543811601103,-0.00153281206041575,-0.00501228260508129));
#2879=CARTESIAN_POINT('',(0.0447543811601103,-0.00788281206041575,-0.00501228260508129));
#2880=CARTESIAN_POINT('',(0.046140798395623,-0.00788281206041575,0.00118451876732637));
#2881=CARTESIAN_POINT('',(-0.021308350004119,-0.00788281012179941,0.00634252887672091));
#2882=CARTESIAN_POINT('',(-0.0212575668414442,-0.00788215517268401,0.00550589624236176));
#2883=CARTESIAN_POINT('',(-0.0211596729902799,-0.00755063611997741,0.00385805302692973));
#2884=CARTESIAN_POINT('',(-0.0210406442743392,-0.00613744893489846,0.00174715323734745));
#2885=CARTESIAN_POINT('',(-0.0209688169018088,-0.00403521033548244,0.000340619463097458));
#2886=CARTESIAN_POINT('',(-0.0209593723494359,-0.0023591202998773,6.99834530025307E-6));
#2887=CARTESIAN_POINT('',(-0.0209646809978878,-0.00153281206041631,6.67608626446963E-6));
#2888=CARTESIAN_POINT('',(-0.0208533841619451,0.00153134144098666,1.34082419307041E-5));
#2889=CARTESIAN_POINT('',(-0.0207718548463923,0.00787589095783915,1.83221790486313E-5));
#2890=CARTESIAN_POINT('',(-0.0211535292791337,0.00788081340297503,0.00635190569431005));
#2891=CARTESIAN_POINT('',(-0.0216309219862185,0.00154161547959225,-3.34555388992984E-5));
#2892=CARTESIAN_POINT('',(-0.0215494103637521,0.00788591907092556,-2.82962842165507E-5));
#2893=CARTESIAN_POINT('',(-0.0219501532637904,0.00789108744158493,0.00630389155190103));
#2894=CARTESIAN_POINT('',(-0.0231856260622023,0.00156847337485481,-0.000134210767929015));
#2895=CARTESIAN_POINT('',(-0.0230342903019964,0.00790667523824485,-0.000124007173766574));
#2896=CARTESIAN_POINT('',(-0.0234729667898968,0.007916877647601,0.006200673226117));
#2897=CARTESIAN_POINT('',(-0.0262930377655105,0.00165931146093673,-0.000363546137750456));
#2898=CARTESIAN_POINT('',(-0.0260558805562378,0.00798623419604035,-0.000344705879647537));
#2899=CARTESIAN_POINT('',(-0.02656906840137,0.00800507758420137,0.00596578186165233));
#2900=CARTESIAN_POINT('',(-0.0301749309237324,0.00184537069388545,-0.000702039152231138));
#2901=CARTESIAN_POINT('',(-0.0297890835245092,0.00814866708071319,-0.000666147441063695));
#2902=CARTESIAN_POINT('',(-0.0303939538798675,0.00818454642274432,0.0056191953688352));
#2903=CARTESIAN_POINT('',(-0.0348221022487229,0.00221426941890868,-0.00118905341479359));
#2904=CARTESIAN_POINT('',(-0.0342272597437705,0.0084708440232826,-0.00112289999935126));
#2905=CARTESIAN_POINT('',(-0.0349344758423379,0.00853704877883154,0.0051207583368801));
#2906=CARTESIAN_POINT('',(-0.0378976898502746,0.0025827480706801,-0.00156447737934577));
#2907=CARTESIAN_POINT('',(-0.0371266981989572,0.00878838734878243,-0.00146879943967784));
#2908=CARTESIAN_POINT('',(-0.037892044781557,0.00888411575592007,0.0047367013653963));
#2909=CARTESIAN_POINT('',(-0.0394295824072398,0.00280786874724183,-0.00176434865153002));
#2910=CARTESIAN_POINT('',(-0.0385576083700542,0.00897974848792973,-0.00165057921036948));
#2911=CARTESIAN_POINT('',(-0.0393479894246371,0.00909331584781057,0.00453228274701787));
#2912=CARTESIAN_POINT('',(-0.0402511254863421,0.00280786874724183,0.00453228274701787));
#2913=CARTESIAN_POINT('',(-0.0211535292791335,-0.00788081340297503,0.00635190569431007));
#2914=CARTESIAN_POINT('',(-0.0207718548463921,-0.00787589095783916,1.83221790486434E-5));
#2915=CARTESIAN_POINT('',(-0.0208533841619449,-0.00153134144098666,1.34082419307215E-5));
#2916=CARTESIAN_POINT('',(-0.0219501532638456,-0.00789108744158563,0.00630389155190105));
#2917=CARTESIAN_POINT('',(-0.0215494103638226,-0.00788591907092411,-2.82962842203557E-5));
#2918=CARTESIAN_POINT('',(-0.0216309219862224,-0.00154161547959225,-3.34555388995322E-5));
#2919=CARTESIAN_POINT('',(-0.0234729667898714,-0.00791687764760068,0.006200673226117));
#2920=CARTESIAN_POINT('',(-0.023034290301964,-0.00790667523824548,-0.000124007173764795));
#2921=CARTESIAN_POINT('',(-0.0231856260622,-0.00156847337485485,-0.000134210767928861));
#2922=CARTESIAN_POINT('',(-0.0265690684013844,-0.00800507758420153,0.00596578186165242));
#2923=CARTESIAN_POINT('',(-0.0260558805562566,-0.00798623419604008,-0.00034470587964865));
#2924=CARTESIAN_POINT('',(-0.0262930377655123,-0.00165931146093653,-0.000363546137750623));
#2925=CARTESIAN_POINT('',(-0.0303939538798625,-0.00818454642274429,0.00561919536883452));
#2926=CARTESIAN_POINT('',(-0.0297890835245006,-0.00814866708071231,-0.000666147441062558));
#2927=CARTESIAN_POINT('',(-0.0301749309237255,-0.00184537069388687,-0.000702039152230272));
#2928=CARTESIAN_POINT('',(-0.0349344758423386,-0.00853704877883147,0.00512075833688268));
#2929=CARTESIAN_POINT('',(-0.0342272597437802,-0.00847084402328632,-0.00112289999935421));
#2930=CARTESIAN_POINT('',(-0.034822102248746,-0.00221426941890352,-0.0011890534147966));
#2931=CARTESIAN_POINT('',(-0.0378920447815582,-0.00888411575592024,0.00473670136539077));
#2932=CARTESIAN_POINT('',(-0.0371266981989388,-0.00878838734877419,-0.00146879943967152));
#2933=CARTESIAN_POINT('',(-0.037897689850225,-0.00258274807069119,-0.0015644773793393));
#2934=CARTESIAN_POINT('',(-0.0393479894246371,-0.00909331584781058,0.00453228274701787));
#2935=CARTESIAN_POINT('',(-0.0385576083700542,-0.00897974848792974,-0.00165057921036948));
#2936=CARTESIAN_POINT('',(-0.0394295824072399,-0.00280786874724184,-0.00176434865153003));
#2937=CARTESIAN_POINT('',(-0.0402511254863421,-0.00280786874724185,0.00453228274701787));
#2938=CARTESIAN_POINT('',(-0.0487151360052017,0.011194228506988,-0.00437294171244565));
#2939=CARTESIAN_POINT('',(-0.0445525347698018,0.00977776097367389,-0.00578246044624735));
#2940=CARTESIAN_POINT('',(-0.0446843945930179,0.00518274250387233,-0.00621696088126179));
#2941=CARTESIAN_POINT('',(-0.0484191003063742,0.0110934922287865,-0.00320383875463817));
#2942=CARTESIAN_POINT('',(-0.0442917480119484,0.00973472839425706,-0.00507457847424878));
#2943=CARTESIAN_POINT('',(-0.044506998097013,0.00506201204471753,-0.00563240940224291));
#2944=CARTESIAN_POINT('',(-0.0475381494732551,0.0108029609632229,-0.000974628469343873));
#2945=CARTESIAN_POINT('',(-0.0435261525853341,0.00961281808697929,-0.00377855770630873));
#2946=CARTESIAN_POINT('',(-0.0439826055979192,0.00471643956909374,-0.00451780425971651));
#2947=CARTESIAN_POINT('',(-0.0447267818337172,0.0100257532322895,0.00267674062360912));
#2948=CARTESIAN_POINT('',(-0.0414070152237102,0.00932231814059006,-0.00199774337840309));
#2949=CARTESIAN_POINT('',(-0.0423624163626054,0.00382242897593122,-0.00269211971343405));
#2950=CARTESIAN_POINT('',(-0.0416102913424399,0.00941837887224478,0.00421464935510786));
#2951=CARTESIAN_POINT('',(-0.0396622616299122,0.00911670500229348,-0.00162582322473731));
#2952=CARTESIAN_POINT('',(-0.0406468164311269,0.00315766977957968,-0.00192316534646993));
#2953=CARTESIAN_POINT('',(-0.0393479894246371,0.00909331584781057,0.00453228274701785));
#2954=CARTESIAN_POINT('',(-0.0385576083700542,0.00897974848792973,-0.00165057921036949));
#2955=CARTESIAN_POINT('',(-0.0394295824072399,0.00280786874724183,-0.00176434865153003));
#2956=CARTESIAN_POINT('',(-0.0398466892224698,0.00293181190210436,-0.00183295898080794));
#2957=CARTESIAN_POINT('',(-0.0397087201388439,0.00288943793224182,-0.00180551922282486));
#2958=CARTESIAN_POINT('',(-0.0395696857903499,0.00284813077335672,-0.0017826284201027));
#2959=CARTESIAN_POINT('',(-0.0394295824072399,0.00280786874724183,-0.00176434865153003));
#2960=CARTESIAN_POINT('',(-0.0446843945930179,-0.00518274250387234,-0.00621696088126179));
#2961=CARTESIAN_POINT('',(-0.0445525347698018,-0.0097777609736739,-0.00578246044624734));
#2962=CARTESIAN_POINT('',(-0.0487151360052017,-0.011194228506988,-0.00437294171244564));
#2963=CARTESIAN_POINT('',(-0.044506998097014,-0.00506201204472126,-0.00563240940224617));
#2964=CARTESIAN_POINT('',(-0.0442917480119954,-0.00973472839424405,-0.00507457847423781));
#2965=CARTESIAN_POINT('',(-0.0484191003063843,-0.01109349222879,-0.00320383875463284));
#2966=CARTESIAN_POINT('',(-0.0439826055979165,-0.0047164395690905,-0.00451780425971474));
#2967=CARTESIAN_POINT('',(-0.0435261525853153,-0.00961281808698581,-0.00377855770631491));
#2968=CARTESIAN_POINT('',(-0.0475381494732505,-0.0108029609632213,-0.000974628469346286));
#2969=CARTESIAN_POINT('',(-0.0423624163626168,-0.00382242897593995,-0.00269211971343638));
#2970=CARTESIAN_POINT('',(-0.0414070152237074,-0.00932231814058355,-0.00199774337839016));
#2971=CARTESIAN_POINT('',(-0.0447267818337203,-0.0100257532322905,0.00267674062361057));
#2972=CARTESIAN_POINT('',(-0.040646816431078,-0.00315766977954582,-0.00192316534646356));
#2973=CARTESIAN_POINT('',(-0.0396622616299912,-0.00911670500230635,-0.00162582322478975));
#2974=CARTESIAN_POINT('',(-0.0416102913424387,-0.00941837887224462,0.00421464935510786));
#2975=CARTESIAN_POINT('',(-0.0394295824072399,-0.00280786874724184,-0.00176434865153003));
#2976=CARTESIAN_POINT('',(-0.0385576083700542,-0.00897974848792972,-0.00165057921036948));
#2977=CARTESIAN_POINT('',(-0.0393479894246371,-0.00909331584781057,0.00453228274701785));
#2978=CARTESIAN_POINT('',(-0.0394295824072399,-0.00280786874724185,-0.00176434865153003));
#2979=CARTESIAN_POINT('',(-0.0395696857903499,-0.00284813077335678,-0.0017826284201027));
#2980=CARTESIAN_POINT('',(-0.0397087201388439,-0.00288943793224186,-0.00180551922282485));
#2981=CARTESIAN_POINT('',(-0.0398466892224698,-0.00293181190210437,-0.00183295898080794));
#2982=CARTESIAN_POINT('',(-0.0386080393281376,6.94856191313204E-17,-0.00806098005007792));
#2983=MECHANICAL_DESIGN_GEOMETRIC_PRESENTATION_REPRESENTATION('',(#1071),
#2984);
#2984=(
GEOMETRIC_REPRESENTATION_CONTEXT(3)
GLOBAL_UNCERTAINTY_ASSIGNED_CONTEXT((#2985))
GLOBAL_UNIT_ASSIGNED_CONTEXT((#2988,#2987,#2986))
REPRESENTATION_CONTEXT('Part 1','TOP_LEVEL_ASSEMBLY_PART')
);
#2985=UNCERTAINTY_MEASURE_WITH_UNIT(LENGTH_MEASURE(2.E-5),#2988,
'DISTANCE_ACCURACY_VALUE','Maximum Tolerance applied to model');
#2986=(
NAMED_UNIT(*)
SI_UNIT($,.STERADIAN.)
SOLID_ANGLE_UNIT()
);
#2987=(
NAMED_UNIT(*)
PLANE_ANGLE_UNIT()
SI_UNIT($,.RADIAN.)
);
#2988=(
LENGTH_UNIT()
NAMED_UNIT(*)
SI_UNIT($,.METRE.)
);
#2989=PRODUCT_DEFINITION_SHAPE('','',#2990);
#2990=PRODUCT_DEFINITION('','',#2992,#2991);
#2991=PRODUCT_DEFINITION_CONTEXT('',#2998,'design');
#2992=PRODUCT_DEFINITION_FORMATION_WITH_SPECIFIED_SOURCE('','',#2994,
 .NOT_KNOWN.);
#2993=PRODUCT_RELATED_PRODUCT_CATEGORY('','',(#2994));
#2994=PRODUCT('Part 1','Part 1','Part 1',(#2996));
#2995=PRODUCT_CATEGORY('','');
#2996=PRODUCT_CONTEXT('',#2998,'mechanical');
#2997=APPLICATION_PROTOCOL_DEFINITION('international standard',
'ap242_managed_model_based_3d_engineering',2020,#2998);
#2998=APPLICATION_CONTEXT('managed model based 3d engineering');
ENDSEC;
END-ISO-10303-21;
