ISO-10303-21;
HEADER;
/* Generated by software containing ST-Developer
 * from STEP Tools, Inc. (www.steptools.com) 
 */
/* OPTION: using custom renumber hook */

FILE_DESCRIPTION(
/* description */ ('STEP AP242 Edition 2',
'CAx-IF Rec.Pracs.---Representation and Presentation of Product Manufa
cturing Information (PMI)---4.0---2014-10-13',
'CAx-IF Rec.Pracs.---3D Tessellated Geometry---0.4---2014-09-14','2;1',
'CAx-IF Rec.Pracs.---User Defined Attributes---1.5---2016-08-15'),
/* implementation_level */ '2;1');

FILE_NAME(
/* name */ 'flaken',
/* time_stamp */ '2026-08-04T01:13:08Z',
/* author */ (''),
/* organization */ (''),
/* preprocessor_version */ 'ST-DEVELOPER v20',
/* originating_system */ 'ONSHAPE BY PTC INC, 1.218',
/* authorisation */ '  ');

FILE_SCHEMA (('AP242_MANAGED_MODEL_BASED_3D_ENGINEERING_MIM_LF { 1 0 10303 442 3 1 4 }'));
ENDSEC;

DATA;
#10=SHAPE_REPRESENTATION_RELATIONSHIP('','',#1294,#11);
#11=ADVANCED_BREP_SHAPE_REPRESENTATION('',(#1292),#3774);
#12=(
BOUNDED_SURFACE()
B_SPLINE_SURFACE(3,2,((#2530,#2531,#2532),(#2533,#2534,#2535),(#2536,#2537,
#2538),(#2539,#2540,#2541),(#2542,#2543,#2544),(#2545,#2546,#2547),(#2548,
#2549,#2550),(#2551,#2552,#2553),(#2554,#2555,#2556),(#2557,#2558,#2559),
(#2560,#2561,#2562),(#2563,#2564,#2565),(#2566,#2567,#2568),(#2569,#2570,
#2571),(#2572,#2573,#2574),(#2575,#2576,#2577),(#2578,#2579,#2580),(#2581,
#2582,#2583),(#2584,#2585,#2586),(#2587,#2588,#2589),(#2590,#2591,#2592),
(#2593,#2594,#2595)),.UNSPECIFIED.,.F.,.F.,.F.)
B_SPLINE_SURFACE_WITH_KNOTS((4,1,1,1,1,1,1,1,1,1,1,1,1,1,1,1,1,1,1,4),(3,
3),(0.0392475847823615,0.0429948003897214,0.0467420159970814,0.0504892316044413,
0.0542364472118013,0.0561100550154812,0.0579836628191612,0.0598572706228412,
0.0607940745246812,0.0612624764756012,0.0614966774510611,0.0617308784265211,
0.0621992803774411,0.0626676823283611,0.0636044862302011,0.0645412901320411,
0.0654780940338811,0.0673517018375611,0.068288505739401,0.069225309641241),
(0.,1.),.UNSPECIFIED.)
GEOMETRIC_REPRESENTATION_ITEM()
RATIONAL_B_SPLINE_SURFACE(((1.,0.707106781186548,1.),(1.,0.707106781173998,
1.),(1.,0.708787886253942,1.),(1.,0.717388241113896,1.),(1.,0.732551607097312,
1.),(1.,0.750871590843307,1.),(1.,0.77000160106941,1.),(1.,0.787228230887647,
1.),(1.,0.80437204545429,1.),(1.,0.818082984273381,1.),(1.,0.825557716587375,
1.),(1.,0.829785891106018,1.),(1.,0.829564503168319,1.),(1.,0.830791415411237,
1.),(1.,0.831870282534721,1.),(1.,0.83344738345261,1.),(1.,0.835124593470181,
1.),(1.,0.837274594561652,1.),(1.,0.839312094911861,1.),(1.,0.841024010349662,
1.),(1.,0.842163714177303,1.),(1.,0.842163714177303,1.)))
REPRESENTATION_ITEM('')
SURFACE()
);
#13=(
BOUNDED_SURFACE()
B_SPLINE_SURFACE(3,2,((#2599,#2600,#2601),(#2602,#2603,#2604),(#2605,#2606,
#2607),(#2608,#2609,#2610),(#2611,#2612,#2613),(#2614,#2615,#2616),(#2617,
#2618,#2619),(#2620,#2621,#2622),(#2623,#2624,#2625),(#2626,#2627,#2628),
(#2629,#2630,#2631),(#2632,#2633,#2634),(#2635,#2636,#2637),(#2638,#2639,
#2640),(#2641,#2642,#2643),(#2644,#2645,#2646),(#2647,#2648,#2649),(#2650,
#2651,#2652),(#2653,#2654,#2655),(#2656,#2657,#2658),(#2659,#2660,#2661),
(#2662,#2663,#2664)),.UNSPECIFIED.,.F.,.F.,.F.)
B_SPLINE_SURFACE_WITH_KNOTS((4,1,1,1,1,1,1,1,1,1,1,1,1,1,1,1,1,1,1,4),(3,
3),(0.0392475847823615,0.0429948003897215,0.0467420159970814,0.0504892316044414,
0.0542364472118013,0.0561100550154813,0.0579836628191612,0.0598572706228412,
0.0607940745246812,0.0612624764756012,0.0614966774510612,0.0617308784265212,
0.0621992803774412,0.0626676823283612,0.0636044862302012,0.0645412901320411,
0.0654780940338811,0.0673517018375611,0.0682885057394011,0.0692253096412411),
(0.,1.),.UNSPECIFIED.)
GEOMETRIC_REPRESENTATION_ITEM()
RATIONAL_B_SPLINE_SURFACE(((1.,0.707106781186548,1.),(1.,0.707106781175038,
1.),(1.,0.70878788625346,1.),(1.,0.717388241114025,1.),(1.,0.732551607097275,
1.),(1.,0.750871590843312,1.),(1.,0.770001601069409,1.),(1.,0.787228230887646,
1.),(1.,0.804372045454291,1.),(1.,0.818082984273381,1.),(1.,0.825557716587375,
1.),(1.,0.829785891106019,1.),(1.,0.829564503168316,1.),(1.,0.830791415411238,
1.),(1.,0.83187028253472,1.),(1.,0.83344738345261,1.),(1.,0.83512459347018,
1.),(1.,0.837274594561652,1.),(1.,0.839312094911862,1.),(1.,0.841024010349661,
1.),(1.,0.842163714177303,1.),(1.,0.842163714177303,1.)))
REPRESENTATION_ITEM('')
SURFACE()
);
#14=(
BOUNDED_SURFACE()
B_SPLINE_SURFACE(3,2,((#2665,#2666,#2667),(#2668,#2669,#2670),(#2671,#2672,
#2673),(#2674,#2675,#2676),(#2677,#2678,#2679),(#2680,#2681,#2682),(#2683,
#2684,#2685),(#2686,#2687,#2688),(#2689,#2690,#2691),(#2692,#2693,#2694),
(#2695,#2696,#2697),(#2698,#2699,#2700),(#2701,#2702,#2703),(#2704,#2705,
#2706),(#2707,#2708,#2709),(#2710,#2711,#2712),(#2713,#2714,#2715)),
 .UNSPECIFIED.,.F.,.F.,.F.)
B_SPLINE_SURFACE_WITH_KNOTS((4,1,1,1,1,1,1,1,1,1,1,1,1,1,4),(3,3),(0.0648984334362928,
0.0704569271394962,0.0732361739910979,0.0760154208426996,0.0787946676943014,
0.0801842911201022,0.0815739145459031,0.0829635379717039,0.0843531613975048,
0.0850479731104052,0.0857427848233056,0.0864375965362061,0.0867850023926563,
0.0869587053208814,0.0871324082491065),(0.,1.),.UNSPECIFIED.)
GEOMETRIC_REPRESENTATION_ITEM()
RATIONAL_B_SPLINE_SURFACE(((1.,0.707106781186548,1.),(1.,0.707106781186548,
1.),(1.,0.707106781186548,1.),(1.,0.707106781186547,1.),(1.,0.707106781186549,
1.),(1.,0.707106781186548,1.),(1.,0.707106781186548,1.),(1.,0.707106781186548,
1.),(1.,0.707106781186546,1.),(1.,0.707106781186548,1.),(1.,0.707106781186547,
1.),(1.,0.707106781186551,1.),(1.,0.707106781186544,1.),(1.,0.707106781186552,
1.),(1.,0.707106781186547,1.),(1.,0.707106781186548,1.),(1.,0.707106781186548,
1.)))
REPRESENTATION_ITEM('')
SURFACE()
);
#15=(
BOUNDED_SURFACE()
B_SPLINE_SURFACE(3,2,((#2722,#2723,#2724),(#2725,#2726,#2727),(#2728,#2729,
#2730),(#2731,#2732,#2733),(#2734,#2735,#2736),(#2737,#2738,#2739),(#2740,
#2741,#2742),(#2743,#2744,#2745),(#2746,#2747,#2748),(#2749,#2750,#2751),
(#2752,#2753,#2754),(#2755,#2756,#2757),(#2758,#2759,#2760)),
 .UNSPECIFIED.,.F.,.F.,.F.)
B_SPLINE_SURFACE_WITH_KNOTS((4,1,1,1,1,1,1,1,1,1,4),(3,3),(0.0691963417555637,
0.0731480218166381,0.0751238618471753,0.0770997018777125,0.0790755419082496,
0.0810513819387868,0.0820393019540554,0.083027221969324,0.0840151419845926,
0.0845091019922269,0.0850030619998612),(0.,1.),.UNSPECIFIED.)
GEOMETRIC_REPRESENTATION_ITEM()
RATIONAL_B_SPLINE_SURFACE(((1.,0.707106781186547,1.),(1.,0.707106781186547,
1.),(1.,0.707106781186548,1.),(1.,0.707106781186548,1.),(1.,0.707106781186547,
1.),(1.,0.707106781186548,1.),(1.,0.707106781186547,1.),(1.,0.707106781186548,
1.),(1.,0.707106781186548,1.),(1.,0.707106781186548,1.),(1.,0.707106781186548,
1.),(1.,0.707106781186548,1.),(1.,0.707106781186548,1.)))
REPRESENTATION_ITEM('')
SURFACE()
);
#16=(
BOUNDED_SURFACE()
B_SPLINE_SURFACE(3,2,((#2762,#2763,#2764),(#2765,#2766,#2767),(#2768,#2769,
#2770),(#2771,#2772,#2773),(#2774,#2775,#2776),(#2777,#2778,#2779),(#2780,
#2781,#2782),(#2783,#2784,#2785),(#2786,#2787,#2788),(#2789,#2790,#2791),
(#2792,#2793,#2794),(#2795,#2796,#2797),(#2798,#2799,#2800),(#2801,#2802,
#2803),(#2804,#2805,#2806),(#2807,#2808,#2809),(#2810,#2811,#2812)),
 .UNSPECIFIED.,.F.,.F.,.F.)
B_SPLINE_SURFACE_WITH_KNOTS((4,1,1,1,1,1,1,1,1,1,1,1,1,1,4),(3,3),(0.0648984334362933,
0.0704569271394966,0.0732361739910983,0.0760154208426999,0.0787946676943016,
0.0801842911201024,0.0815739145459032,0.082963537971704,0.0843531613975049,
0.0850479731104053,0.0857427848233057,0.0864375965362061,0.0867850023926563,
0.0869587053208814,0.0871324082491065),(0.,1.),.UNSPECIFIED.)
GEOMETRIC_REPRESENTATION_ITEM()
RATIONAL_B_SPLINE_SURFACE(((1.,0.707106781186547,1.),(1.,0.707106781186547,
1.),(1.,0.707106781186548,1.),(1.,0.707106781186547,1.),(1.,0.707106781186548,
1.),(1.,0.707106781186547,1.),(1.,0.707106781186547,1.),(1.,0.707106781186548,
1.),(1.,0.707106781186547,1.),(1.,0.707106781186548,1.),(1.,0.707106781186548,
1.),(1.,0.707106781186548,1.),(1.,0.707106781186547,1.),(1.,0.707106781186548,
1.),(1.,0.707106781186547,1.),(1.,0.707106781186548,1.),(1.,0.707106781186548,
1.)))
REPRESENTATION_ITEM('')
SURFACE()
);
#17=(
BOUNDED_SURFACE()
B_SPLINE_SURFACE(3,2,((#2819,#2820,#2821),(#2822,#2823,#2824),(#2825,#2826,
#2827),(#2828,#2829,#2830),(#2831,#2832,#2833),(#2834,#2835,#2836),(#2837,
#2838,#2839),(#2840,#2841,#2842),(#2843,#2844,#2845),(#2846,#2847,#2848),
(#2849,#2850,#2851),(#2852,#2853,#2854),(#2855,#2856,#2857)),
 .UNSPECIFIED.,.F.,.F.,.F.)
B_SPLINE_SURFACE_WITH_KNOTS((4,1,1,1,1,1,1,1,1,1,4),(3,3),(0.0691963417555633,
0.0731480218166378,0.0751238618471751,0.0770997018777123,0.0790755419082496,
0.0810513819387868,0.0820393019540555,0.0830272219693241,0.0840151419845927,
0.084509101992227,0.0850030619998613),(0.,1.),.UNSPECIFIED.)
GEOMETRIC_REPRESENTATION_ITEM()
RATIONAL_B_SPLINE_SURFACE(((1.,0.707106781186548,1.),(1.,0.707106781186547,
1.),(1.,0.707106781186548,1.),(1.,0.707106781186548,1.),(1.,0.707106781186548,
1.),(1.,0.707106781186548,1.),(1.,0.707106781186548,1.),(1.,0.707106781186548,
1.),(1.,0.707106781186548,1.),(1.,0.707106781186547,1.),(1.,0.707106781186548,
1.),(1.,0.707106781186548,1.),(1.,0.707106781186548,1.)))
REPRESENTATION_ITEM('')
SURFACE()
);
#18=(
BOUNDED_SURFACE()
B_SPLINE_SURFACE(3,2,((#2859,#2860,#2861),(#2862,#2863,#2864),(#2865,#2866,
#2867),(#2868,#2869,#2870)),.UNSPECIFIED.,.F.,.F.,.F.)
B_SPLINE_SURFACE_WITH_KNOTS((4,4),(3,3),(0.00206948309740178,0.00273319826918636),
(0.,1.),.PIECEWISE_BEZIER_KNOTS.)
GEOMETRIC_REPRESENTATION_ITEM()
RATIONAL_B_SPLINE_SURFACE(((1.,0.707106781186967,1.),(1.,0.713247674447101,
1.),(1.,0.718907938582139,1.),(1.,0.724171744399936,1.)))
REPRESENTATION_ITEM('')
SURFACE()
);
#19=(
BOUNDED_SURFACE()
B_SPLINE_SURFACE(3,2,((#2880,#2881,#2882),(#2883,#2884,#2885),(#2886,#2887,
#2888),(#2889,#2890,#2891),(#2892,#2893,#2894),(#2895,#2896,#2897),(#2898,
#2899,#2900),(#2901,#2902,#2903),(#2904,#2905,#2906)),.UNSPECIFIED.,.F.,
 .F.,.F.)
B_SPLINE_SURFACE_WITH_KNOTS((4,1,1,1,1,1,4),(3,3),(1.5707963267949,1.96349540849362,
2.35619449019234,2.55254403104171,2.74889357189107,2.94524311274043,3.14159265358979),
(0.,1.),.UNSPECIFIED.)
GEOMETRIC_REPRESENTATION_ITEM()
RATIONAL_B_SPLINE_SURFACE(((1.,1.,1.),(1.,0.999999999999371,1.),(1.,0.97351379454561,
1.),(1.,0.886299164406139,1.),(1.,0.808034956513142,1.),(1.,0.754563896244571,
1.),(1.,0.716400177600187,1.),(1.,0.707106781189819,1.),(1.,0.707106781186548,
1.)))
REPRESENTATION_ITEM('')
SURFACE()
);
#20=(
BOUNDED_SURFACE()
B_SPLINE_SURFACE(3,2,((#2908,#2909,#2910),(#2911,#2912,#2913),(#2914,#2915,
#2916),(#2917,#2918,#2919),(#2920,#2921,#2922),(#2923,#2924,#2925),(#2926,
#2927,#2928)),.UNSPECIFIED.,.F.,.F.,.F.)
B_SPLINE_SURFACE_WITH_KNOTS((4,1,1,1,4),(3,3),(1.5707963267949,1.90778059309365,
2.2447648593924,2.58174912569114,2.91873339198989),(0.,1.),
 .UNSPECIFIED.)
GEOMETRIC_REPRESENTATION_ITEM()
RATIONAL_B_SPLINE_SURFACE(((1.,1.,1.),(1.,0.999999999999461,1.),(1.,0.980621588870664,
1.),(1.,0.901533368297778,1.),(1.,0.797404265070317,1.),(1.,0.740889242907079,
1.),(1.,0.724171744399888,1.)))
REPRESENTATION_ITEM('')
SURFACE()
);
#21=(
BOUNDED_SURFACE()
B_SPLINE_SURFACE(3,2,((#2934,#2935,#2936),(#2937,#2938,#2939),(#2940,#2941,
#2942),(#2943,#2944,#2945),(#2946,#2947,#2948),(#2949,#2950,#2951),(#2952,
#2953,#2954),(#2955,#2956,#2957),(#2958,#2959,#2960)),.UNSPECIFIED.,.F.,
 .F.,.F.)
B_SPLINE_SURFACE_WITH_KNOTS((4,1,1,1,1,1,4),(3,3),(1.5707963267949,1.96349540849362,
2.35619449019234,2.55254403104171,2.74889357189107,2.94524311274043,3.14159265358979),
(0.,1.),.UNSPECIFIED.)
GEOMETRIC_REPRESENTATION_ITEM()
RATIONAL_B_SPLINE_SURFACE(((1.,1.,1.),(1.,0.999999999999371,1.),(1.,0.97351379454561,
1.),(1.,0.886299164406139,1.),(1.,0.808034956513142,1.),(1.,0.754563896244571,
1.),(1.,0.716400177600187,1.),(1.,0.707106781189819,1.),(1.,0.707106781186548,
1.)))
REPRESENTATION_ITEM('')
SURFACE()
);
#22=(
BOUNDED_SURFACE()
B_SPLINE_SURFACE(3,2,((#2962,#2963,#2964),(#2965,#2966,#2967),(#2968,#2969,
#2970),(#2971,#2972,#2973),(#2974,#2975,#2976),(#2977,#2978,#2979),(#2980,
#2981,#2982)),.UNSPECIFIED.,.F.,.F.,.F.)
B_SPLINE_SURFACE_WITH_KNOTS((4,1,1,1,4),(3,3),(1.5707963267949,1.90778059309365,
2.2447648593924,2.58174912569114,2.91873339198989),(0.,1.),
 .UNSPECIFIED.)
GEOMETRIC_REPRESENTATION_ITEM()
RATIONAL_B_SPLINE_SURFACE(((1.,1.,1.),(1.,0.99999999999946,1.),(1.,0.980621588870686,
1.),(1.,0.901533368297702,1.),(1.,0.797404265070602,1.),(1.,0.740889242906466,
1.),(1.,0.724171744399888,1.)))
REPRESENTATION_ITEM('')
SURFACE()
);
#23=(
BOUNDED_SURFACE()
B_SPLINE_SURFACE(3,2,((#2991,#2992,#2993),(#2994,#2995,#2996),(#2997,#2998,
#2999),(#3000,#3001,#3002)),.UNSPECIFIED.,.F.,.F.,.F.)
B_SPLINE_SURFACE_WITH_KNOTS((4,4),(3,3),(0.00206948309741739,0.00273319826920229),
(0.,1.),.PIECEWISE_BEZIER_KNOTS.)
GEOMETRIC_REPRESENTATION_ITEM()
RATIONAL_B_SPLINE_SURFACE(((1.,0.707106781186528,1.),(1.,0.713247674593361,
1.),(1.,0.718907938598348,1.),(1.,0.724171744399887,1.)))
REPRESENTATION_ITEM('')
SURFACE()
);
#24=(
BOUNDED_SURFACE()
B_SPLINE_SURFACE(3,2,((#3003,#3004,#3005),(#3006,#3007,#3008),(#3009,#3010,
#3011),(#3012,#3013,#3014),(#3015,#3016,#3017),(#3018,#3019,#3020),(#3021,
#3022,#3023),(#3024,#3025,#3026),(#3027,#3028,#3029)),.UNSPECIFIED.,.F.,
 .F.,.F.)
B_SPLINE_SURFACE_WITH_KNOTS((4,1,1,1,1,1,4),(3,3),(-3.08962924688849E-13,
0.00957279389150802,0.0143591908374165,0.019145587783325,0.0239319847292335,
0.028718381675142,0.038291175566959),(0.,1.),.UNSPECIFIED.)
GEOMETRIC_REPRESENTATION_ITEM()
RATIONAL_B_SPLINE_SURFACE(((1.,0.707163462158898,1.),(1.,0.711166377327031,
1.),(1.,0.718365717990144,1.),(1.,0.727556095643983,1.),(1.,0.733676834385792,
1.),(1.,0.738977075931763,1.),(1.,0.745027726678249,1.),(1.,0.748462516416669,
1.),(1.,0.750422848318072,1.)))
REPRESENTATION_ITEM('')
SURFACE()
);
#25=(
BOUNDED_SURFACE()
B_SPLINE_SURFACE(3,2,((#3040,#3041,#3042),(#3043,#3044,#3045),(#3046,#3047,
#3048),(#3049,#3050,#3051),(#3052,#3053,#3054),(#3055,#3056,#3057),(#3058,
#3059,#3060),(#3061,#3062,#3063),(#3064,#3065,#3066)),.UNSPECIFIED.,.F.,
 .F.,.F.)
B_SPLINE_SURFACE_WITH_KNOTS((4,1,1,1,1,1,4),(3,3),(-1.66533453693773E-16,
0.0095727938918173,0.014359190837726,0.0191455877836348,0.0239319847295435,
0.0287183816754522,0.0382911755672697),(0.,1.),.UNSPECIFIED.)
GEOMETRIC_REPRESENTATION_ITEM()
RATIONAL_B_SPLINE_SURFACE(((1.,0.707163462158515,1.),(1.,0.711166379181711,
1.),(1.,0.718365717571952,1.),(1.,0.727556095722737,1.),(1.,0.733676834364717,
1.),(1.,0.738977075937285,1.),(1.,0.745027726675044,1.),(1.,0.748462516416136,
1.),(1.,0.750422848318071,1.)))
REPRESENTATION_ITEM('')
SURFACE()
);
#26=(
BOUNDED_SURFACE()
B_SPLINE_SURFACE(3,2,((#3068,#3069,#3070),(#3071,#3072,#3073),(#3074,#3075,
#3076),(#3077,#3078,#3079),(#3080,#3081,#3082),(#3083,#3084,#3085)),
 .UNSPECIFIED.,.F.,.F.,.F.)
B_SPLINE_SURFACE_WITH_KNOTS((4,1,1,4),(3,3),(0.0287774144614381,0.0316388747183725,
0.0345003349753069,0.0402232554891758),(0.,1.),.UNSPECIFIED.)
GEOMETRIC_REPRESENTATION_ITEM()
RATIONAL_B_SPLINE_SURFACE(((1.,0.707163462158511,1.),(1.,0.711496443263496,
1.),(1.,0.719378459673901,1.),(1.,0.731390632146351,1.),(1.,0.734468902170574,
1.),(1.,0.734894148567328,1.)))
REPRESENTATION_ITEM('')
SURFACE()
);
#27=(
BOUNDED_SURFACE()
B_SPLINE_SURFACE(3,2,((#3090,#3091,#3092),(#3093,#3094,#3095),(#3096,#3097,
#3098),(#3099,#3100,#3101),(#3102,#3103,#3104),(#3105,#3106,#3107)),
 .UNSPECIFIED.,.F.,.F.,.F.)
B_SPLINE_SURFACE_WITH_KNOTS((4,1,1,4),(3,3),(0.0287774144614382,0.0316388747183726,
0.034500334975307,0.0402232554891758),(0.,1.),.UNSPECIFIED.)
GEOMETRIC_REPRESENTATION_ITEM()
RATIONAL_B_SPLINE_SURFACE(((1.,0.707163462158512,1.),(1.,0.71149644326312,
1.),(1.,0.719378459673936,1.),(1.,0.731390632146927,1.),(1.,0.73446890216759,
1.),(1.,0.734894148567328,1.)))
REPRESENTATION_ITEM('')
SURFACE()
);
#28=(
BOUNDED_SURFACE()
B_SPLINE_SURFACE(3,2,((#3113,#3114,#3115),(#3116,#3117,#3118),(#3119,#3120,
#3121),(#3122,#3123,#3124),(#3125,#3126,#3127),(#3128,#3129,#3130),(#3131,
#3132,#3133),(#3134,#3135,#3136),(#3137,#3138,#3139),(#3140,#3141,#3142),
(#3143,#3144,#3145),(#3146,#3147,#3148),(#3149,#3150,#3151),(#3152,#3153,
#3154),(#3155,#3156,#3157),(#3158,#3159,#3160),(#3161,#3162,#3163),(#3164,
#3165,#3166),(#3167,#3168,#3169),(#3170,#3171,#3172),(#3173,#3174,#3175),
(#3176,#3177,#3178),(#3179,#3180,#3181),(#3182,#3183,#3184),(#3185,#3186,
#3187),(#3188,#3189,#3190),(#3191,#3192,#3193),(#3194,#3195,#3196)),
 .UNSPECIFIED.,.F.,.F.,.F.)
B_SPLINE_SURFACE_WITH_KNOTS((4,1,1,1,1,1,1,1,1,1,1,1,1,1,1,1,1,1,1,1,1,
1,1,1,1,4),(3,3),(0.0398484665974047,0.0517309533170289,0.0547015749969349,
0.057672196676841,0.060642818356747,0.0636134400366531,0.0695546833964652,
0.0725253050763713,0.0754959267562773,0.0784665484361833,0.0799518592761364,
0.0814371701160894,0.0829224809560424,0.0844077917959954,0.085150447215972,
0.0855217749259602,0.0858931026359485,0.0862644303459367,0.0864500942009309,
0.086635758055925,0.0867285899834221,0.0867750059471706,0.0868214219109191,
0.0869142538384162,0.0870070857659132,0.0873784134759015),(0.,1.),
 .UNSPECIFIED.)
GEOMETRIC_REPRESENTATION_ITEM()
RATIONAL_B_SPLINE_SURFACE(((1.,0.685583647259777,1.),(1.,0.685932675886045,
1.),(1.,0.686387420718151,1.),(1.,0.687305199878494,1.),(1.,0.687567613120994,
1.),(1.,0.688869368136596,1.),(1.,0.690526907490137,1.),(1.,0.692344251820379,
1.),(1.,0.694380406269707,1.),(1.,0.696089773023225,1.),(1.,0.697752240079326,
1.),(1.,0.699357705078216,1.),(1.,0.700768522774608,1.),(1.,0.702512354786655,
1.),(1.,0.704442908979733,1.),(1.,0.70637393652931,1.),(1.,0.707784798912855,
1.),(1.,0.709062076654971,1.),(1.,0.710427389233197,1.),(1.,0.711804976783665,
1.),(1.,0.712948829574385,1.),(1.,0.713772801320331,1.),(1.,0.714572464328833,
1.),(1.,0.714492181068041,1.),(1.,0.714515712790044,1.),(1.,0.714469881050009,
1.),(1.,0.71445832657699,1.),(1.,0.714440555263217,1.)))
REPRESENTATION_ITEM('')
SURFACE()
);
#29=(
BOUNDED_SURFACE()
B_SPLINE_SURFACE(3,2,((#3208,#3209,#3210),(#3211,#3212,#3213),(#3214,#3215,
#3216),(#3217,#3218,#3219),(#3220,#3221,#3222),(#3223,#3224,#3225),(#3226,
#3227,#3228),(#3229,#3230,#3231),(#3232,#3233,#3234),(#3235,#3236,#3237),
(#3238,#3239,#3240),(#3241,#3242,#3243),(#3244,#3245,#3246),(#3247,#3248,
#3249),(#3250,#3251,#3252),(#3253,#3254,#3255),(#3256,#3257,#3258),(#3259,
#3260,#3261),(#3262,#3263,#3264),(#3265,#3266,#3267),(#3268,#3269,#3270),
(#3271,#3272,#3273),(#3274,#3275,#3276),(#3277,#3278,#3279),(#3280,#3281,
#3282),(#3283,#3284,#3285),(#3286,#3287,#3288),(#3289,#3290,#3291)),
 .UNSPECIFIED.,.F.,.F.,.F.)
B_SPLINE_SURFACE_WITH_KNOTS((4,1,1,1,1,1,1,1,1,1,1,1,1,1,1,1,1,1,1,1,1,
1,1,1,1,4),(3,3),(0.0398484665974047,0.0517309533170289,0.0547015749969349,
0.057672196676841,0.060642818356747,0.063613440036653,0.0695546833964651,
0.0725253050763712,0.0754959267562772,0.0784665484361833,0.0799518592761363,
0.0814371701160893,0.0829224809560423,0.0844077917959954,0.0851504472159719,
0.0855217749259601,0.0858931026359484,0.0862644303459366,0.0864500942009307,
0.0866357580559249,0.0867285899834219,0.0867750059471705,0.086821421910919,
0.0869142538384161,0.0870070857659132,0.0873784134759014),(0.,1.),
 .UNSPECIFIED.)
GEOMETRIC_REPRESENTATION_ITEM()
RATIONAL_B_SPLINE_SURFACE(((1.,0.685583647259777,1.),(1.,0.685932675880329,
1.),(1.,0.686387420718781,1.),(1.,0.68730519987842,1.),(1.,0.687567613121014,
1.),(1.,0.688869368136593,1.),(1.,0.690526907490139,1.),(1.,0.692344251820379,
1.),(1.,0.694380406269707,1.),(1.,0.696089773023225,1.),(1.,0.697752240079327,
1.),(1.,0.699357705078216,1.),(1.,0.700768522774608,1.),(1.,0.702512354786654,
1.),(1.,0.704442908979732,1.),(1.,0.706373936529311,1.),(1.,0.707784798912855,
1.),(1.,0.709062076654968,1.),(1.,0.710427389233199,1.),(1.,0.711804976783663,
1.),(1.,0.712948829574383,1.),(1.,0.713772801320333,1.),(1.,0.714572464328829,
1.),(1.,0.714492181068043,1.),(1.,0.714515712790043,1.),(1.,0.714469881050017,
1.),(1.,0.714458326576915,1.),(1.,0.714440555263217,1.)))
REPRESENTATION_ITEM('')
SURFACE()
);
#30=(
BOUNDED_SURFACE()
B_SPLINE_SURFACE(3,2,((#3299,#3300,#3301),(#3302,#3303,#3304),(#3305,#3306,
#3307),(#3308,#3309,#3310),(#3311,#3312,#3313)),.UNSPECIFIED.,.F.,.F.,.F.)
B_SPLINE_SURFACE_WITH_KNOTS((4,1,4),(3,3),(0.058380019081449,0.0925624179476879,
0.126744816813927),(0.,1.),.UNSPECIFIED.)
GEOMETRIC_REPRESENTATION_ITEM()
RATIONAL_B_SPLINE_SURFACE(((1.,0.707106781186547,1.),(1.,0.707106781186547,
1.),(1.,0.707106781186547,1.),(1.,0.707106781186547,1.),(1.,0.707106781186547,
1.)))
REPRESENTATION_ITEM('')
SURFACE()
);
#31=(
BOUNDED_SURFACE()
B_SPLINE_SURFACE(3,2,((#3321,#3322,#3323),(#3324,#3325,#3326),(#3327,#3328,
#3329),(#3330,#3331,#3332),(#3333,#3334,#3335),(#3336,#3337,#3338),(#3339,
#3340,#3341)),.UNSPECIFIED.,.F.,.F.,.F.)
B_SPLINE_SURFACE_WITH_KNOTS((4,1,1,1,4),(3,3),(0.148293436565097,0.165389124680008,
0.182484812794919,0.199580500909829,0.21667618902474),(0.,1.),
 .UNSPECIFIED.)
GEOMETRIC_REPRESENTATION_ITEM()
RATIONAL_B_SPLINE_SURFACE(((1.,0.707106781186547,1.),(1.,0.707106781186547,
1.),(1.,0.707106781186547,1.),(1.,0.707106781186547,1.),(1.,0.707106781186547,
1.),(1.,0.707106781186547,1.),(1.,0.707106781186547,1.)))
REPRESENTATION_ITEM('')
SURFACE()
);
#32=(
BOUNDED_SURFACE()
B_SPLINE_SURFACE(3,2,((#3349,#3350,#3351),(#3352,#3353,#3354),(#3355,#3356,
#3357),(#3358,#3359,#3360),(#3361,#3362,#3363),(#3364,#3365,#3366),(#3367,
#3368,#3369),(#3370,#3371,#3372),(#3373,#3374,#3375),(#3376,#3377,#3378),
(#3379,#3380,#3381),(#3382,#3383,#3384),(#3385,#3386,#3387),(#3388,#3389,
#3390),(#3391,#3392,#3393),(#3394,#3395,#3396),(#3397,#3398,#3399),(#3400,
#3401,#3402),(#3403,#3404,#3405),(#3406,#3407,#3408)),.UNSPECIFIED.,.F.,
 .F.,.F.)
B_SPLINE_SURFACE_WITH_KNOTS((4,1,1,1,1,1,1,1,1,1,1,1,1,1,1,1,1,4),(3,3),
(0.0773024280005631,0.0780221099338514,0.0787417918671398,0.0801811557337164,
0.0816205196002931,0.0830598834668697,0.0859386112000231,0.0888173389331764,
0.0916960666663297,0.0931354305329064,0.094574794399483,0.0960141582660597,
0.0974535221326364,0.0981732040659247,0.098892885999213,0.0996125679325014,
0.0999724088991455,0.10033224986579),(0.,1.),.UNSPECIFIED.)
GEOMETRIC_REPRESENTATION_ITEM()
RATIONAL_B_SPLINE_SURFACE(((1.,0.704705401245934,1.),(1.,0.704667407900724,
1.),(1.,0.704985060536092,1.),(1.,0.705489133847393,1.),(1.,0.70636647957872,
1.),(1.,0.707679127997041,1.),(1.,0.709856917868337,1.),(1.,0.713408179287782,
1.),(1.,0.719011593865509,1.),(1.,0.72436826403667,1.),(1.,0.728907062796229,
1.),(1.,0.732282098140364,1.),(1.,0.735546987578777,1.),(1.,0.738138617083048,
1.),(1.,0.740110136167608,1.),(1.,0.741539365075692,1.),(1.,0.742666720987762,
1.),(1.,0.743565495624812,1.),(1.,0.74394180077093,1.),(1.,0.74394180077093,
1.)))
REPRESENTATION_ITEM('')
SURFACE()
);
#33=(
BOUNDED_SURFACE()
B_SPLINE_SURFACE(3,2,((#3415,#3416,#3417),(#3418,#3419,#3420),(#3421,#3422,
#3423),(#3424,#3425,#3426),(#3427,#3428,#3429),(#3430,#3431,#3432),(#3433,
#3434,#3435),(#3436,#3437,#3438),(#3439,#3440,#3441),(#3442,#3443,#3444),
(#3445,#3446,#3447),(#3448,#3449,#3450),(#3451,#3452,#3453),(#3454,#3455,
#3456),(#3457,#3458,#3459),(#3460,#3461,#3462),(#3463,#3464,#3465),(#3466,
#3467,#3468),(#3469,#3470,#3471),(#3472,#3473,#3474)),.UNSPECIFIED.,.F.,
 .F.,.F.)
B_SPLINE_SURFACE_WITH_KNOTS((4,1,1,1,1,1,1,1,1,1,1,1,1,1,1,1,1,4),(3,3),
(0.077302428000563,0.078022109933852,0.078741791867141,0.080181155733719,
0.0816205196002971,0.0830598834668751,0.0859386112000311,0.0888173389331872,
0.0916960666663432,0.0931354305329213,0.0945747943994993,0.0960141582660773,
0.0974535221326553,0.0981732040659444,0.0988928859992334,0.0996125679325224,
0.0999724088991669,0.100332249865811),(0.,1.),.UNSPECIFIED.)
GEOMETRIC_REPRESENTATION_ITEM()
RATIONAL_B_SPLINE_SURFACE(((1.,0.704705401245934,1.),(1.,0.704667407900711,
1.),(1.,0.704985060536099,1.),(1.,0.705489133847391,1.),(1.,0.706366479578723,
1.),(1.,0.707679127997045,1.),(1.,0.709856917868345,1.),(1.,0.713408179287795,
1.),(1.,0.719011593865531,1.),(1.,0.724368264036699,1.),(1.,0.728907062796265,
1.),(1.,0.732282098140401,1.),(1.,0.735546987578816,1.),(1.,0.738138617083088,
1.),(1.,0.740110136167648,1.),(1.,0.741539365075734,1.),(1.,0.742666720987791,
1.),(1.,0.743565495624868,1.),(1.,0.74394180077093,1.),(1.,0.74394180077093,
1.)))
REPRESENTATION_ITEM('')
SURFACE()
);
#34=(
BOUNDED_SURFACE()
B_SPLINE_SURFACE(3,2,((#3481,#3482,#3483),(#3484,#3485,#3486),(#3487,#3488,
#3489),(#3490,#3491,#3492),(#3493,#3494,#3495),(#3496,#3497,#3498),(#3499,
#3500,#3501),(#3502,#3503,#3504),(#3505,#3506,#3507),(#3508,#3509,#3510)),
 .UNSPECIFIED.,.F.,.F.,.F.)
B_SPLINE_SURFACE_WITH_KNOTS((4,1,1,1,1,1,1,4),(3,3),(0.065445328301578,
0.0655453999981294,0.0656454716946808,0.0658456150877835,0.0660457584808863,
0.066245901873989,0.0666461886601945,0.0670464754464),(0.,1.),
 .UNSPECIFIED.)
GEOMETRIC_REPRESENTATION_ITEM()
RATIONAL_B_SPLINE_SURFACE(((1.,0.731732702031397,1.),(1.,0.731751408953622,
1.),(1.,0.731404652641382,1.),(1.,0.731047906084853,1.),(1.,0.730504272535219,
1.),(1.,0.729922879970907,1.),(1.,0.729159406966353,1.),(1.,0.728261325266964,
1.),(1.,0.727588706616324,1.),(1.,0.727263162961994,1.)))
REPRESENTATION_ITEM('')
SURFACE()
);
#35=(
BOUNDED_SURFACE()
B_SPLINE_SURFACE(3,2,((#3512,#3513,#3514),(#3515,#3516,#3517),(#3518,#3519,
#3520),(#3521,#3522,#3523),(#3524,#3525,#3526),(#3527,#3528,#3529),(#3530,
#3531,#3532),(#3533,#3534,#3535),(#3536,#3537,#3538),(#3539,#3540,#3541)),
 .UNSPECIFIED.,.F.,.F.,.F.)
B_SPLINE_SURFACE_WITH_KNOTS((4,1,1,1,1,1,1,4),(3,3),(0.050823355838735,
0.0512238450790851,0.0516243343194352,0.0518245789396103,0.0520248235597854,
0.0522250681799604,0.0523251904900479,0.0524253128001355),(0.,1.),
 .UNSPECIFIED.)
GEOMETRIC_REPRESENTATION_ITEM()
RATIONAL_B_SPLINE_SURFACE(((1.,0.727263162961994,1.),(1.,0.72758869145382,
1.),(1.,0.728261284548832,1.),(1.,0.729159350442158,1.),(1.,0.729922824500115,
1.),(1.,0.730504225094043,1.),(1.,0.731047875225677,1.),(1.,0.731404635622195,
1.),(1.,0.731751409661467,1.),(1.,0.731732701747501,1.)))
REPRESENTATION_ITEM('')
SURFACE()
);
#36=(
BOUNDED_SURFACE()
B_SPLINE_SURFACE(3,2,((#3543,#3544,#3545),(#3546,#3547,#3548),(#3549,#3550,
#3551),(#3552,#3553,#3554)),.UNSPECIFIED.,.F.,.F.,.F.)
B_SPLINE_SURFACE_WITH_KNOTS((4,4),(3,3),(0.0196540071291199,0.0205691782992039),
(0.,1.),.PIECEWISE_BEZIER_KNOTS.)
GEOMETRIC_REPRESENTATION_ITEM()
RATIONAL_B_SPLINE_SURFACE(((1.,0.727263162961995,1.),(1.,0.729707215680042,
1.),(1.,0.731789405622051,1.),(1.,0.733591612131653,1.)))
REPRESENTATION_ITEM('')
SURFACE()
);
#37=(
BOUNDED_SURFACE()
B_SPLINE_SURFACE(3,2,((#3560,#3561,#3562),(#3563,#3564,#3565),(#3566,#3567,
#3568),(#3569,#3570,#3571)),.UNSPECIFIED.,.F.,.F.,.F.)
B_SPLINE_SURFACE_WITH_KNOTS((4,4),(3,3),(0.01965400712912,0.0205691782992039),
(0.,1.),.PIECEWISE_BEZIER_KNOTS.)
GEOMETRIC_REPRESENTATION_ITEM()
RATIONAL_B_SPLINE_SURFACE(((1.,0.727263162961994,1.),(1.,0.729707215680734,
1.),(1.,0.731789405622017,1.),(1.,0.733591612131653,1.)))
REPRESENTATION_ITEM('')
SURFACE()
);
#38=(
BOUNDED_SURFACE()
B_SPLINE_SURFACE(3,2,((#3578,#3579,#3580),(#3581,#3582,#3583),(#3584,#3585,
#3586),(#3587,#3588,#3589),(#3590,#3591,#3592),(#3593,#3594,#3595),(#3596,
#3597,#3598)),.UNSPECIFIED.,.F.,.F.,.F.)
B_SPLINE_SURFACE_WITH_KNOTS((4,1,1,1,4),(3,3),(-1.47451495458029E-17,0.00430200638919439,
0.00860401277838879,0.0129060191675832,0.0172080255567776),(0.,1.),
 .UNSPECIFIED.)
GEOMETRIC_REPRESENTATION_ITEM()
RATIONAL_B_SPLINE_SURFACE(((1.,0.733591612175044,1.),(1.,0.730650520249373,
1.),(1.,0.726171696837959,1.),(1.,0.719994331819045,1.),(1.,0.713760541816415,
1.),(1.,0.709361361328269,1.),(1.,0.707106781186574,1.)))
REPRESENTATION_ITEM('')
SURFACE()
);
#39=(
BOUNDED_SURFACE()
B_SPLINE_SURFACE(3,2,((#3600,#3601,#3602),(#3603,#3604,#3605),(#3606,#3607,
#3608),(#3609,#3610,#3611),(#3612,#3613,#3614),(#3615,#3616,#3617),(#3618,
#3619,#3620),(#3621,#3622,#3623),(#3624,#3625,#3626)),.UNSPECIFIED.,.F.,
 .F.,.F.)
B_SPLINE_SURFACE_WITH_KNOTS((4,1,1,1,1,1,4),(3,3),(-4.16333634234434E-17,
0.00296196076801943,0.00592392153603891,0.00888588230405838,0.0103668626880681,
0.011107352880073,0.0118478430720779),(0.,1.),.UNSPECIFIED.)
GEOMETRIC_REPRESENTATION_ITEM()
RATIONAL_B_SPLINE_SURFACE(((1.,0.707106781186547,1.),(1.,0.707106781186547,
1.),(1.,0.707106781186547,1.),(1.,0.707106781186547,1.),(1.,0.707106781186548,
1.),(1.,0.707106781186548,1.),(1.,0.707106781186548,1.),(1.,0.707106781186548,
1.),(1.,0.707106781186548,1.)))
REPRESENTATION_ITEM('')
SURFACE()
);
#40=(
BOUNDED_SURFACE()
B_SPLINE_SURFACE(3,2,((#3640,#3641,#3642),(#3643,#3644,#3645),(#3646,#3647,
#3648),(#3649,#3650,#3651),(#3652,#3653,#3654)),.UNSPECIFIED.,.F.,.F.,.F.)
B_SPLINE_SURFACE_WITH_KNOTS((4,1,4),(3,3),(-5.41016884070267E-17,0.00126788052192,
0.00253576104384006),(0.,1.),.UNSPECIFIED.)
GEOMETRIC_REPRESENTATION_ITEM()
RATIONAL_B_SPLINE_SURFACE(((1.,0.707106781186551,1.),(1.,0.746799525288118,
1.),(1.,0.819365687224366,1.),(1.,0.881212753039581,1.),(1.,0.906559305820078,
1.)))
REPRESENTATION_ITEM('')
SURFACE()
);
#41=(
BOUNDED_SURFACE()
B_SPLINE_SURFACE(3,2,((#3656,#3657,#3658),(#3659,#3660,#3661),(#3662,#3663,
#3664),(#3665,#3666,#3667),(#3668,#3669,#3670)),.UNSPECIFIED.,.F.,.F.,.F.)
B_SPLINE_SURFACE_WITH_KNOTS((4,1,4),(3,3),(-8.72926662507246E-6,0.000802872927703468,
0.00161447512203201),(0.,1.),.UNSPECIFIED.)
GEOMETRIC_REPRESENTATION_ITEM()
RATIONAL_B_SPLINE_SURFACE(((1.,1.,1.),(1.,0.999999999997552,1.),(1.,0.984135760699616,
1.),(1.,0.936804139539421,1.),(1.,0.906559305819461,1.)))
REPRESENTATION_ITEM('')
SURFACE()
);
#42=(
BOUNDED_SURFACE()
B_SPLINE_SURFACE(3,2,((#3680,#3681,#3682),(#3683,#3684,#3685),(#3686,#3687,
#3688),(#3689,#3690,#3691),(#3692,#3693,#3694)),.UNSPECIFIED.,.F.,.F.,.F.)
B_SPLINE_SURFACE_WITH_KNOTS((4,1,4),(3,3),(-8.72926662507924E-6,0.000802872927703461,
0.001614475122032),(0.,1.),.UNSPECIFIED.)
GEOMETRIC_REPRESENTATION_ITEM()
RATIONAL_B_SPLINE_SURFACE(((1.,1.,1.),(1.,0.999999999997552,1.),(1.,0.984135760697166,
1.),(1.,0.936804139544261,1.),(1.,0.906559305819447,1.)))
REPRESENTATION_ITEM('')
SURFACE()
);
#43=(
BOUNDED_SURFACE()
B_SPLINE_SURFACE(3,2,((#3701,#3702,#3703),(#3704,#3705,#3706),(#3707,#3708,
#3709),(#3710,#3711,#3712),(#3713,#3714,#3715)),.UNSPECIFIED.,.F.,.F.,.F.)
B_SPLINE_SURFACE_WITH_KNOTS((4,1,4),(3,3),(-4.06575814682064E-17,0.00126788052191993,
0.0025357610438399),(0.,1.),.UNSPECIFIED.)
GEOMETRIC_REPRESENTATION_ITEM()
RATIONAL_B_SPLINE_SURFACE(((1.,0.707106781186569,1.),(1.,0.746799525317598,
1.),(1.,0.819365687213757,1.),(1.,0.881212753031521,1.),(1.,0.906559305820091,
1.)))
REPRESENTATION_ITEM('')
SURFACE()
);
#44=(
BOUNDED_SURFACE()
B_SPLINE_SURFACE(3,2,((#3724,#3725,#3726),(#3727,#3728,#3729),(#3730,#3731,
#3732),(#3733,#3734,#3735),(#3736,#3737,#3738),(#3739,#3740,#3741),(#3742,
#3743,#3744),(#3745,#3746,#3747),(#3748,#3749,#3750)),.UNSPECIFIED.,.F.,
 .F.,.F.)
B_SPLINE_SURFACE_WITH_KNOTS((4,1,1,1,1,1,4),(3,3),(-4.16333634234434E-17,
0.00296196076801936,0.00592392153603876,0.00888588230405817,0.0103668626880679,
0.0111073528800727,0.0118478430720776),(0.,1.),.UNSPECIFIED.)
GEOMETRIC_REPRESENTATION_ITEM()
RATIONAL_B_SPLINE_SURFACE(((1.,0.707106781186547,1.),(1.,0.707106781186547,
1.),(1.,0.707106781186548,1.),(1.,0.707106781186547,1.),(1.,0.707106781186548,
1.),(1.,0.707106781186547,1.),(1.,0.707106781186548,1.),(1.,0.707106781186548,
1.),(1.,0.707106781186548,1.)))
REPRESENTATION_ITEM('')
SURFACE()
);
#45=(
BOUNDED_SURFACE()
B_SPLINE_SURFACE(3,2,((#3752,#3753,#3754),(#3755,#3756,#3757),(#3758,#3759,
#3760),(#3761,#3762,#3763),(#3764,#3765,#3766),(#3767,#3768,#3769),(#3770,
#3771,#3772)),.UNSPECIFIED.,.F.,.F.,.F.)
B_SPLINE_SURFACE_WITH_KNOTS((4,1,1,1,4),(3,3),(-2.79608579345503E-10,0.00430200610513177,
0.00860401248987212,0.0129060188746125,0.0172080252593528),(0.,1.),
 .UNSPECIFIED.)
GEOMETRIC_REPRESENTATION_ITEM()
RATIONAL_B_SPLINE_SURFACE(((1.,0.733591611558188,1.),(1.,0.730651771246906,
1.),(1.,0.726171115969819,1.),(1.,0.719994488182043,1.),(1.,0.713760497125833,
1.),(1.,0.709361361324958,1.),(1.,0.707106781186574,1.)))
REPRESENTATION_ITEM('')
SURFACE()
);
#46=CYLINDRICAL_SURFACE('',#1311,0.00836143482289828);
#47=CYLINDRICAL_SURFACE('',#1314,0.0434114051478595);
#48=CYLINDRICAL_SURFACE('',#1317,0.001651);
#49=CYLINDRICAL_SURFACE('',#1318,0.001651);
#50=CYLINDRICAL_SURFACE('',#1319,0.001651);
#51=CYLINDRICAL_SURFACE('',#1320,0.001651);
#52=CYLINDRICAL_SURFACE('',#1321,0.001651);
#53=CYLINDRICAL_SURFACE('',#1322,0.001651);
#54=CYLINDRICAL_SURFACE('',#1323,0.001651);
#55=CYLINDRICAL_SURFACE('',#1324,0.004445);
#56=CYLINDRICAL_SURFACE('',#1327,0.004445);
#57=CYLINDRICAL_SURFACE('',#1335,0.00735852293811319);
#58=CYLINDRICAL_SURFACE('',#1340,0.00735852293811319);
#59=CYLINDRICAL_SURFACE('',#1342,0.00735852293811319);
#60=CYLINDRICAL_SURFACE('',#1347,0.00735852293811319);
#61=CYLINDRICAL_SURFACE('',#1350,0.0053355493743567);
#62=CYLINDRICAL_SURFACE('',#1355,0.00635);
#63=CYLINDRICAL_SURFACE('',#1358,0.00635);
#64=ELLIPSE('',#1305,0.0235361362309285,0.00581964190913341);
#65=ELLIPSE('',#1307,0.0235361362309286,0.00581964190913346);
#66=ELLIPSE('',#1336,0.00791432092738535,0.00735852293811319);
#67=ELLIPSE('',#1337,0.00791432092738535,0.00735852293811319);
#68=ELLIPSE('',#1338,0.00791432092738535,0.00735852293811319);
#69=ELLIPSE('',#1339,0.00791432092738535,0.00735852293811319);
#70=ELLIPSE('',#1341,0.00791432092738535,0.00735852293811319);
#71=ELLIPSE('',#1343,0.00791432092738535,0.00735852293811319);
#72=ELLIPSE('',#1344,0.00791432092738535,0.00735852293811319);
#73=ELLIPSE('',#1345,0.00791432092738535,0.00735852293811319);
#74=B_SPLINE_SURFACE_WITH_KNOTS('',3,1,((#1630,#1631),(#1632,#1633),(#1634,
#1635),(#1636,#1637)),.SURF_OF_LINEAR_EXTRUSION.,.F.,.F.,.F.,(4,4),(2,2),
(0.,1.),(0.,1.),.PIECEWISE_BEZIER_KNOTS.);
#75=B_SPLINE_SURFACE_WITH_KNOTS('',3,1,((#1664,#1665),(#1666,#1667),(#1668,
#1669),(#1670,#1671)),.SURF_OF_LINEAR_EXTRUSION.,.F.,.F.,.F.,(4,4),(2,2),
(0.,1.),(0.,1.),.PIECEWISE_BEZIER_KNOTS.);
#76=B_SPLINE_SURFACE_WITH_KNOTS('',3,1,((#1724,#1725),(#1726,#1727),(#1728,
#1729),(#1730,#1731),(#1732,#1733),(#1734,#1735),(#1736,#1737)),
 .SURF_OF_LINEAR_EXTRUSION.,.F.,.F.,.F.,(4,1,1,1,4),(2,2),(-0.00633417783912724,
0.111008901844155,0.228351981527437,0.463038140894002,0.93241045962713),
(0.,1.),.UNSPECIFIED.);
#77=B_SPLINE_SURFACE_WITH_KNOTS('',3,1,((#1817,#1818),(#1819,#1820),(#1821,
#1822),(#1823,#1824),(#1825,#1826),(#1827,#1828),(#1829,#1830)),
 .SURF_OF_LINEAR_EXTRUSION.,.F.,.F.,.F.,(4,1,1,1,4),(2,2),(-0.00633417783913256,
0.11100890184415,0.228351981527433,0.463038140893999,0.93241045962713),
(0.,1.),.UNSPECIFIED.);
#78=B_SPLINE_SURFACE_WITH_KNOTS('',3,1,((#1931,#1932),(#1933,#1934),(#1935,
#1936),(#1937,#1938)),.SURF_OF_LINEAR_EXTRUSION.,.F.,.F.,.F.,(4,4),(2,2),
(-3.85276755137762E-16,1.),(0.,1.),.PIECEWISE_BEZIER_KNOTS.);
#79=B_SPLINE_SURFACE_WITH_KNOTS('',3,1,((#1972,#1973),(#1974,#1975),(#1976,
#1977),(#1978,#1979)),.SURF_OF_LINEAR_EXTRUSION.,.F.,.F.,.F.,(4,4),(2,2),
(0.,1.),(0.,1.),.PIECEWISE_BEZIER_KNOTS.);
#80=B_SPLINE_SURFACE_WITH_KNOTS('',3,1,((#2070,#2071),(#2072,#2073),(#2074,
#2075),(#2076,#2077)),.SURF_OF_LINEAR_EXTRUSION.,.F.,.F.,.F.,(4,4),(2,2),
(0.0643199658063457,1.),(0.,1.),.PIECEWISE_BEZIER_KNOTS.);
#81=B_SPLINE_SURFACE_WITH_KNOTS('',3,1,((#2114,#2115),(#2116,#2117),(#2118,
#2119),(#2120,#2121)),.SURF_OF_LINEAR_EXTRUSION.,.F.,.F.,.F.,(4,4),(2,2),
(0.00773372686339537,0.919412888361692),(0.,1.),
 .PIECEWISE_BEZIER_KNOTS.);
#82=B_SPLINE_SURFACE_WITH_KNOTS('',3,1,((#2150,#2151),(#2152,#2153),(#2154,
#2155),(#2156,#2157)),.SURF_OF_LINEAR_EXTRUSION.,.F.,.F.,.F.,(4,4),(2,2),
(-4.3316475240396E-16,0.829892525620427),(0.,1.),
 .PIECEWISE_BEZIER_KNOTS.);
#83=B_SPLINE_SURFACE_WITH_KNOTS('',3,1,((#2189,#2190),(#2191,#2192),(#2193,
#2194),(#2195,#2196)),.SURF_OF_LINEAR_EXTRUSION.,.F.,.F.,.F.,(4,4),(2,2),
(0.0837618510318689,0.998252783160101),(0.,1.),.PIECEWISE_BEZIER_KNOTS.);
#84=B_SPLINE_SURFACE_WITH_KNOTS('',3,1,((#2288,#2289),(#2290,#2291),(#2292,
#2293),(#2294,#2295),(#2296,#2297),(#2298,#2299),(#2300,#2301),(#2302,#2303),
(#2304,#2305),(#2306,#2307),(#2308,#2309),(#2310,#2311)),
 .SURF_OF_LINEAR_EXTRUSION.,.F.,.F.,.F.,(4,1,1,1,1,1,1,1,1,4),(2,2),(-0.220010372858867,
-0.0675090762515086,-0.0293837520996691,0.00874157205217054,0.0849922203558497,
0.237493516963208,0.389994813570566,0.694997406785283,0.847498703392642,
1.),(0.,1.),.UNSPECIFIED.);
#85=B_SPLINE_SURFACE_WITH_KNOTS('',3,1,((#2340,#2341),(#2342,#2343),(#2344,
#2345),(#2346,#2347)),.SURF_OF_LINEAR_EXTRUSION.,.F.,.F.,.F.,(4,4),(2,2),
(0.,1.),(0.,1.),.PIECEWISE_BEZIER_KNOTS.);
#86=B_SPLINE_CURVE_WITH_KNOTS('',2,(#1547,#1548,#1549,#1550,#1551),
 .UNSPECIFIED.,.F.,.F.,(3,2,3),(-0.01,0.,1.),.PIECEWISE_BEZIER_KNOTS.);
#87=B_SPLINE_CURVE_WITH_KNOTS('',3,(#1554,#1555,#1556,#1557,#1558,#1559,
#1560,#1561,#1562),.UNSPECIFIED.,.F.,.F.,(4,1,1,1,1,1,4),(1.22264790126204E-15,
0.00498573510474904,0.00997147020949686,0.0124643377618708,0.0149572053142447,
0.0174500728666186,0.0199429404189925),.UNSPECIFIED.);
#88=B_SPLINE_CURVE_WITH_KNOTS('',3,(#1564,#1565,#1566,#1567,#1568,#1569,
#1570,#1571,#1572,#1573),.UNSPECIFIED.,.F.,.F.,(4,1,1,1,1,1,1,4),(0.00590265043339129,
0.00716888466797638,0.00843511890256147,0.0109675873717317,0.0135000558409018,
0.016032524310072,0.0210974612484124,0.0261623981867527),.UNSPECIFIED.);
#89=B_SPLINE_CURVE_WITH_KNOTS('',2,(#1575,#1576,#1577,#1578,#1579),
 .UNSPECIFIED.,.F.,.F.,(3,2,3),(-0.01,0.,1.),.PIECEWISE_BEZIER_KNOTS.);
#90=B_SPLINE_CURVE_WITH_KNOTS('',3,(#1581,#1582,#1583,#1584),
 .UNSPECIFIED.,.F.,.F.,(4,4),(4.33680868994202E-19,0.00366157204042516),
 .UNSPECIFIED.);
#91=B_SPLINE_CURVE_WITH_KNOTS('',3,(#1586,#1587,#1588,#1589),
 .UNSPECIFIED.,.F.,.F.,(4,4),(0.000855404428364122,0.00451783549904034),
 .UNSPECIFIED.);
#92=B_SPLINE_CURVE_WITH_KNOTS('',3,(#1593,#1594,#1595,#1596,#1597,#1598),
 .UNSPECIFIED.,.F.,.F.,(4,1,1,4),(0.00630926027603017,0.00861556253501907,
0.010921864794008,0.0155344693119858),.UNSPECIFIED.);
#93=B_SPLINE_CURVE_WITH_KNOTS('',3,(#1601,#1602,#1603,#1604,#1605,#1606),
 .UNSPECIFIED.,.F.,.F.,(4,1,1,4),(1.68411186376203E-17,0.00295170566123352,
0.00590341132246703,0.011806822644934),.UNSPECIFIED.);
#94=B_SPLINE_CURVE_WITH_KNOTS('',3,(#1614,#1615,#1616,#1617,#1618,#1619,
#1620,#1621,#1622),.UNSPECIFIED.,.F.,.F.,(4,1,1,1,1,1,4),(0.00748083024822273,
0.0129198791065355,0.0183589279648482,0.0210784523940045,0.0237979768231609,
0.0265175012523173,0.0292370256814736),.UNSPECIFIED.);
#95=B_SPLINE_CURVE_WITH_KNOTS('',3,(#1624,#1625,#1626,#1627),
 .UNSPECIFIED.,.F.,.F.,(4,4),(4.85384852733949E-17,0.00523620511055183),
 .UNSPECIFIED.);
#96=B_SPLINE_CURVE_WITH_KNOTS('',3,(#1638,#1639,#1640,#1641,#1642,#1643),
 .UNSPECIFIED.,.F.,.F.,(4,1,1,4),(-6.00000000301361E-8,0.00990585077194978,
0.0148588061579247,0.0198117615438996),.UNSPECIFIED.);
#97=B_SPLINE_CURVE_WITH_KNOTS('',3,(#1645,#1646,#1647,#1648),
 .UNSPECIFIED.,.F.,.F.,(4,4),(0.0162200458831981,0.0175318461395521),
 .UNSPECIFIED.);
#98=B_SPLINE_CURVE_WITH_KNOTS('',3,(#1650,#1651,#1652,#1653),
 .UNSPECIFIED.,.F.,.F.,(4,4),(0.,0.00248832798182564),.UNSPECIFIED.);
#99=B_SPLINE_CURVE_WITH_KNOTS('',3,(#1657,#1658,#1659,#1660,#1661,#1662,
#1663),.UNSPECIFIED.,.F.,.F.,(4,1,1,1,4),(-5.99999999936031E-8,0.00613410320713949,
0.012268266414279,0.0184024296214185,0.024536592828558),.UNSPECIFIED.);
#100=B_SPLINE_CURVE_WITH_KNOTS('',3,(#1672,#1673,#1674,#1675),
 .UNSPECIFIED.,.F.,.F.,(4,4),(9.54097911787244E-18,0.000205244407258211),
 .UNSPECIFIED.);
#101=B_SPLINE_CURVE_WITH_KNOTS('',3,(#1677,#1678,#1679,#1680,#1681,#1682,
#1683),.UNSPECIFIED.,.F.,.F.,(4,1,1,1,4),(9.42255661584646E-6,0.00400854359512151,
0.00800766463362717,0.0120067856721328,0.0160059067106385),
 .UNSPECIFIED.);
#102=B_SPLINE_CURVE_WITH_KNOTS('',3,(#1687,#1688,#1689,#1690,#1691,#1692,
#1693,#1694),.UNSPECIFIED.,.F.,.F.,(4,1,1,1,1,4),(-0.00402707561677248,
-0.00070969703989379,0.000948992248545554,0.0026076815369849,0.00592506011386359,
0.00924243869074227),.UNSPECIFIED.);
#103=B_SPLINE_CURVE_WITH_KNOTS('',3,(#1696,#1697,#1698,#1699,#1700,#1701,
#1702,#1703,#1704),.UNSPECIFIED.,.F.,.F.,(4,1,1,1,1,1,4),(0.,0.00120598569766823,
0.00241197139533647,0.00301496424417058,0.0036179570930047,0.00422094994183882,
0.00482394279067293),.UNSPECIFIED.);
#104=B_SPLINE_CURVE_WITH_KNOTS('',3,(#1706,#1707,#1708,#1709),
 .UNSPECIFIED.,.F.,.F.,(4,4),(0.,4.45366084975142E-5),.UNSPECIFIED.);
#105=B_SPLINE_CURVE_WITH_KNOTS('',3,(#1711,#1712,#1713,#1714,#1715,#1716,
#1717),.UNSPECIFIED.,.F.,.F.,(4,1,1,1,4),(1.31280674913507E-6,0.0167745887685516,
0.0335478647303541,0.0503211406921566,0.0670944166539591),.UNSPECIFIED.);
#106=B_SPLINE_CURVE_WITH_KNOTS('',3,(#1738,#1739,#1740,#1741),
 .UNSPECIFIED.,.F.,.F.,(4,4),(8.02309607639273E-18,0.000133945150680589),
 .UNSPECIFIED.);
#107=B_SPLINE_CURVE_WITH_KNOTS('',3,(#1743,#1744,#1745,#1746),
 .UNSPECIFIED.,.F.,.F.,(4,4),(0.,1.47719850993935E-5),.UNSPECIFIED.);
#108=B_SPLINE_CURVE_WITH_KNOTS('',3,(#1748,#1749,#1750,#1751,#1752,#1753,
#1754,#1755,#1756),.UNSPECIFIED.,.F.,.F.,(4,1,1,1,1,1,4),(-6.0000000024408E-8,
0.00390173928196008,0.00780353856392019,0.0117053378458803,0.0156071371278404,
0.0234107356917606,0.0312143342556808),.UNSPECIFIED.);
#109=B_SPLINE_CURVE_WITH_KNOTS('',3,(#1758,#1759,#1760,#1761),
 .UNSPECIFIED.,.F.,.F.,(4,4),(0.00172951285129064,0.00233121624596154),
 .UNSPECIFIED.);
#110=B_SPLINE_CURVE_WITH_KNOTS('',3,(#1763,#1764,#1765,#1766),
 .UNSPECIFIED.,.F.,.F.,(4,4),(0.031817335419706,0.0387953352606592),
 .UNSPECIFIED.);
#111=B_SPLINE_CURVE_WITH_KNOTS('',3,(#1768,#1769,#1770,#1771,#1772,#1773,
#1774,#1775,#1776,#1777,#1778),.UNSPECIFIED.,.F.,.F.,(4,1,1,1,1,1,1,1,4),
(0.00835473378636047,0.00937493710065798,0.0103951404149555,0.011415343729253,
0.0124355470435505,0.013455750357848,0.0144759536721456,0.0154961569864431,
0.0165163603007406),.UNSPECIFIED.);
#112=B_SPLINE_CURVE_WITH_KNOTS('',3,(#1780,#1781,#1782,#1783),
 .UNSPECIFIED.,.F.,.F.,(4,4),(0.04088762350094,0.0484709042050415),
 .UNSPECIFIED.);
#113=B_SPLINE_CURVE_WITH_KNOTS('',3,(#1784,#1785,#1786,#1787,#1788,#1789,
#1790,#1791),.UNSPECIFIED.,.F.,.F.,(4,1,1,1,1,4),(0.,0.00896700692365434,
0.0179340138473087,0.0224175173091359,0.026901020770963,0.0358680276946174),
 .UNSPECIFIED.);
#114=B_SPLINE_CURVE_WITH_KNOTS('',3,(#1793,#1794,#1795,#1796,#1797,#1798),
 .UNSPECIFIED.,.F.,.F.,(4,1,1,4),(0.,0.00289334647060871,0.00578669294121742,
0.0115733858824348),.UNSPECIFIED.);
#115=B_SPLINE_CURVE_WITH_KNOTS('',3,(#1800,#1801,#1802,#1803,#1804),
 .UNSPECIFIED.,.F.,.F.,(4,1,4),(0.,0.00412698561222401,0.00825397122444802),
 .UNSPECIFIED.);
#116=B_SPLINE_CURVE_WITH_KNOTS('',3,(#1805,#1806,#1807,#1808,#1809,#1810,
#1811,#1812,#1813,#1814,#1815),.UNSPECIFIED.,.T.,.F.,(1,1,1,1,1,1,1,1,1,
1,1,1,1,1,1),(-0.00389867605558252,-0.00259911737038835,-0.00129955868519417,
0.,0.00129955868519418,0.00259911737038835,0.00389867605558253,0.0051982347407767,
0.00649779342597088,0.00779735211116505,0.00909691079635923,0.0103964694815534,
0.0116960281667476,0.0129955868519418,0.0142951455371359),.UNSPECIFIED.);
#117=B_SPLINE_CURVE_WITH_KNOTS('',3,(#1831,#1832,#1833,#1834),
 .UNSPECIFIED.,.F.,.F.,(4,4),(1.15654908643297E-15,0.00756193528034469),
 .UNSPECIFIED.);
#118=B_SPLINE_CURVE_WITH_KNOTS('',3,(#1836,#1837,#1838,#1839,#1840,#1841,
#1842,#1843,#1844,#1845,#1846),.UNSPECIFIED.,.F.,.F.,(4,1,1,1,1,1,1,1,4),
(0.00835473378636047,0.00937493710065796,0.0103951404149555,0.0114153437292529,
0.0124355470435504,0.0134557503578479,0.0144759536721454,0.0154961569864429,
0.0165163603007404),.UNSPECIFIED.);
#119=B_SPLINE_CURVE_WITH_KNOTS('',3,(#1848,#1849,#1850,#1851),
 .UNSPECIFIED.,.F.,.F.,(4,4),(0.00964833414624395,0.0166066923084048),
 .UNSPECIFIED.);
#120=B_SPLINE_CURVE_WITH_KNOTS('',3,(#1853,#1854,#1855,#1856),
 .UNSPECIFIED.,.F.,.F.,(4,4),(0.00172951285126275,0.00233121624595648),
 .UNSPECIFIED.);
#121=B_SPLINE_CURVE_WITH_KNOTS('',3,(#1858,#1859,#1860,#1861,#1862,#1863,
#1864,#1865,#1866,#1867),.UNSPECIFIED.,.F.,.F.,(4,1,1,1,1,1,1,4),(0.0172079961443603,
0.0249896291758844,0.0327712622074084,0.0366620787231704,0.0405528952389324,
0.0444437117546945,0.0463891200125755,0.0483345282704565),.UNSPECIFIED.);
#122=B_SPLINE_CURVE_WITH_KNOTS('',3,(#1869,#1870,#1871,#1872),
 .UNSPECIFIED.,.F.,.F.,(4,4),(-5.96792867357613E-8,1.47123058128696E-5),
 .UNSPECIFIED.);
#123=B_SPLINE_CURVE_WITH_KNOTS('',3,(#1874,#1875,#1876,#1877),
 .UNSPECIFIED.,.F.,.F.,(4,4),(1.95156391047391E-18,0.000133945150680548),
 .UNSPECIFIED.);
#124=B_SPLINE_CURVE_WITH_KNOTS('',3,(#1881,#1882,#1883,#1884,#1885),
 .UNSPECIFIED.,.F.,.F.,(4,1,4),(0.,0.00412698561222401,0.00825397122444802),
 .UNSPECIFIED.);
#125=B_SPLINE_CURVE_WITH_KNOTS('',3,(#1887,#1888,#1889,#1890,#1891,#1892),
 .UNSPECIFIED.,.F.,.F.,(4,1,1,4),(9.81307786677359E-18,0.00586709197574606,
0.00880063796361909,0.0117341839514921),.UNSPECIFIED.);
#126=B_SPLINE_CURVE_WITH_KNOTS('',3,(#1894,#1895,#1896,#1897,#1898,#1899,
#1900,#1901),.UNSPECIFIED.,.F.,.F.,(4,1,1,1,1,4),(0.,0.0089121083831376,
0.0133681625747064,0.0178242167662752,0.0267363251494128,0.0356484335325504),
 .UNSPECIFIED.);
#127=B_SPLINE_CURVE_WITH_KNOTS('',3,(#1902,#1903,#1904,#1905,#1906,#1907,
#1908,#1909,#1910,#1911,#1912),.UNSPECIFIED.,.T.,.F.,(1,1,1,1,1,1,1,1,1,
1,1,1,1,1,1),(-0.00389867605558251,-0.00259911737038833,-0.00129955868519416,
1.82197586337529E-17,0.00129955868519419,0.00259911737038837,0.00389867605558254,
0.00519823474077672,0.00649779342597089,0.00779735211116507,0.00909691079635924,
0.0103964694815534,0.0116960281667476,0.0129955868519418,0.0142951455371359),
 .UNSPECIFIED.);
#128=B_SPLINE_CURVE_WITH_KNOTS('',3,(#1915,#1916,#1917,#1918,#1919),
 .UNSPECIFIED.,.F.,.F.,(4,1,4),(4.33680868994202E-19,0.0336181193356002,
0.0672362386712005),.UNSPECIFIED.);
#129=B_SPLINE_CURVE_WITH_KNOTS('',3,(#1921,#1922,#1923,#1924),
 .UNSPECIFIED.,.F.,.F.,(4,4),(0.,4.4536608498255E-5),.UNSPECIFIED.);
#130=B_SPLINE_CURVE_WITH_KNOTS('',3,(#1939,#1940,#1941,#1942,#1943,#1944,
#1945),.UNSPECIFIED.,.F.,.F.,(4,1,1,1,4),(-6.00000000086676E-8,0.00398160875059819,
0.00796327750119638,0.0119449462517946,0.0159266150023928),
 .UNSPECIFIED.);
#131=B_SPLINE_CURVE_WITH_KNOTS('',3,(#1947,#1948,#1949,#1950),
 .UNSPECIFIED.,.F.,.F.,(4,4),(0.,0.000205244407257266),.UNSPECIFIED.);
#132=B_SPLINE_CURVE_WITH_KNOTS('',3,(#1954,#1955,#1956,#1957,#1958,#1959,
#1960,#1961,#1962),.UNSPECIFIED.,.F.,.F.,(4,1,1,1,1,1,4),(0.,0.000609155507131684,
0.00121831101426337,0.00182746652139505,0.00243662202852674,0.00365493304279011,
0.00487324405705348),.UNSPECIFIED.);
#133=B_SPLINE_CURVE_WITH_KNOTS('',3,(#1964,#1965,#1966,#1967,#1968,#1969,
#1970,#1971),.UNSPECIFIED.,.F.,.F.,(4,1,1,1,1,4),(-0.00402707561677234,
-0.00070969703989368,0.000948992248545648,0.00260768153698498,0.00592506011386363,
0.00924243869074229),.UNSPECIFIED.);
#134=B_SPLINE_CURVE_WITH_KNOTS('',3,(#1980,#1981,#1982,#1983),
 .UNSPECIFIED.,.F.,.F.,(4,4),(0.,0.00130598598229406),.UNSPECIFIED.);
#135=B_SPLINE_CURVE_WITH_KNOTS('',3,(#1986,#1987,#1988,#1989,#1990,#1991,
#1992),.UNSPECIFIED.,.F.,.F.,(4,1,1,1,4),(6.56736616345478E-17,0.00490986366362535,
0.00981972732725063,0.0147295909908759,0.0196394546545012),
 .UNSPECIFIED.);
#136=B_SPLINE_CURVE_WITH_KNOTS('',3,(#1996,#1997,#1998,#1999,#2000,#2001,
#2002),.UNSPECIFIED.,.F.,.F.,(4,1,1,1,4),(-5.99999999962254E-8,0.00615230794321713,
0.0123046758864342,0.0184570438296514,0.0246094117728685),.UNSPECIFIED.);
#137=B_SPLINE_CURVE_WITH_KNOTS('',3,(#2003,#2004,#2005,#2006),
 .UNSPECIFIED.,.F.,.F.,(4,4),(-6.00000000171381E-8,0.00248826798182562),
 .UNSPECIFIED.);
#138=B_SPLINE_CURVE_WITH_KNOTS('',3,(#2010,#2011,#2012,#2013,#2014,#2015),
 .UNSPECIFIED.,.F.,.F.,(4,1,1,4),(7.26981609210096E-18,0.00588755061058882,
0.00883132591588322,0.0117751012211776),.UNSPECIFIED.);
#139=B_SPLINE_CURVE_WITH_KNOTS('',3,(#2017,#2018,#2019,#2020,#2021,#2022),
 .UNSPECIFIED.,.F.,.F.,(4,1,1,4),(0.00975136933902757,0.0143435308360335,
0.0166396115845364,0.0189356923330394),.UNSPECIFIED.);
#140=B_SPLINE_CURVE_WITH_KNOTS('',3,(#2026,#2027,#2028,#2029),
 .UNSPECIFIED.,.F.,.F.,(4,4),(0.0200039917278547,0.0252169900252895),
 .UNSPECIFIED.);
#141=B_SPLINE_CURVE_WITH_KNOTS('',3,(#2031,#2032,#2033,#2034,#2035,#2036,
#2037,#2038,#2039),.UNSPECIFIED.,.F.,.F.,(4,1,1,1,1,1,4),(0.,0.00271814491743522,
0.00543628983487044,0.00815443475230566,0.0108725796697409,0.0163088695046113,
0.0217451593394817),.UNSPECIFIED.);
#142=B_SPLINE_CURVE_WITH_KNOTS('',3,(#2047,#2048,#2049,#2050,#2051,#2052,
#2053,#2054,#2055),.UNSPECIFIED.,.F.,.F.,(4,1,1,1,1,1,4),(0.,0.00451988675003491,
0.00677983012505237,0.00903977350006983,0.0112997168750873,0.0135596602501047,
0.0180795470001397),.UNSPECIFIED.);
#143=B_SPLINE_CURVE_WITH_KNOTS('',3,(#2056,#2057,#2058,#2059,#2060,#2061,
#2062,#2063,#2064,#2065,#2066,#2067,#2068),.UNSPECIFIED.,.F.,.F.,(4,1,1,
1,1,1,1,1,1,1,4),(0.,0.00279811088199563,0.00559622176399127,0.0083943326459869,
0.00979338808698471,0.0111924435279825,0.0125914989689803,0.0139905544099782,
0.0167886652919738,0.0195867761739694,0.0223848870559651),.UNSPECIFIED.);
#144=B_SPLINE_CURVE_WITH_KNOTS('',3,(#2078,#2079,#2080,#2081,#2082,#2083,
#2084,#2085,#2086),.UNSPECIFIED.,.F.,.F.,(4,1,1,1,1,1,4),(-5.9999999996938E-8,
0.00540562846544509,0.00810847269816763,0.0108113169308902,0.0135141611636127,
0.0162170053963353,0.0216226938617804),.UNSPECIFIED.);
#145=B_SPLINE_CURVE_WITH_KNOTS('',3,(#2089,#2090,#2091,#2092,#2093),
 .UNSPECIFIED.,.F.,.F.,(4,1,4),(0.,0.0014427697842678,0.00288553956853559),
 .UNSPECIFIED.);
#146=B_SPLINE_CURVE_WITH_KNOTS('',3,(#2097,#2098,#2099,#2100,#2101),
 .UNSPECIFIED.,.F.,.F.,(4,1,4),(0.,0.00144334789966271,0.00288669579932541),
 .UNSPECIFIED.);
#147=B_SPLINE_CURVE_WITH_KNOTS('',3,(#2103,#2104,#2105,#2106,#2107,#2108,
#2109,#2110,#2111),.UNSPECIFIED.,.F.,.F.,(4,1,1,1,1,1,4),(0.00495668432095869,
0.0103525900702945,0.0130505429449624,0.0157484958196303,0.0184464486942983,
0.0211444015689662,0.026540307318302),.UNSPECIFIED.);
#148=B_SPLINE_CURVE_WITH_KNOTS('',3,(#2122,#2123,#2124,#2125),
 .UNSPECIFIED.,.F.,.F.,(4,4),(0.0026858891584911,0.0103401007845352),
 .UNSPECIFIED.);
#149=B_SPLINE_CURVE_WITH_KNOTS('',3,(#2128,#2129,#2130,#2131,#2132,#2133),
 .UNSPECIFIED.,.F.,.F.,(4,1,1,4),(0.00951444180590615,0.0172899642289715,
0.0211777254405042,0.0250654866520369),.UNSPECIFIED.);
#150=B_SPLINE_CURVE_WITH_KNOTS('',3,(#2137,#2138,#2139,#2140,#2141,#2142),
 .UNSPECIFIED.,.F.,.F.,(4,1,1,4),(0.,0.00386033764006182,0.00772067528012365,
0.0154413505602473),.UNSPECIFIED.);
#151=B_SPLINE_CURVE_WITH_KNOTS('',3,(#2144,#2145,#2146,#2147),
 .UNSPECIFIED.,.F.,.F.,(4,4),(0.,0.00763377843110623),.UNSPECIFIED.);
#152=B_SPLINE_CURVE_WITH_KNOTS('',3,(#2158,#2159,#2160,#2161,#2162,#2163,
#2164,#2165,#2166),.UNSPECIFIED.,.F.,.F.,(4,1,1,1,1,1,4),(-5.99999999947197E-8,
0.00206552270035519,0.00413110540071037,0.00619668810106555,0.00826227080142073,
0.0123934362021311,0.0165246016028415),.UNSPECIFIED.);
#153=B_SPLINE_CURVE_WITH_KNOTS('',3,(#2168,#2169,#2170,#2171),
 .UNSPECIFIED.,.F.,.F.,(4,4),(0.,0.000616134695823023),.UNSPECIFIED.);
#154=B_SPLINE_CURVE_WITH_KNOTS('',3,(#2175,#2176,#2177,#2178),
 .UNSPECIFIED.,.F.,.F.,(4,4),(0.,0.000616134695823025),.UNSPECIFIED.);
#155=B_SPLINE_CURVE_WITH_KNOTS('',3,(#2180,#2181,#2182,#2183,#2184,#2185,
#2186,#2187,#2188),.UNSPECIFIED.,.F.,.F.,(4,1,1,1,1,1,4),(0.00643728306057117,
0.0105684389776837,0.0146995948947963,0.0167651728533525,0.0188307508119088,
0.0208963287704651,0.0229619067290213),.UNSPECIFIED.);
#156=B_SPLINE_CURVE_WITH_KNOTS('',3,(#2197,#2198,#2199,#2200,#2201,#2202,
#2203),.UNSPECIFIED.,.F.,.F.,(4,1,1,1,4),(0.00886051650185134,0.0134274497292619,
0.0179943829566724,0.022561316184083,0.0271282494114936),.UNSPECIFIED.);
#157=B_SPLINE_CURVE_WITH_KNOTS('',3,(#2206,#2207,#2208,#2209,#2210),
 .UNSPECIFIED.,.F.,.F.,(4,1,4),(0.,0.032721540014263,0.065443080028526),
 .UNSPECIFIED.);
#158=B_SPLINE_CURVE_WITH_KNOTS('',3,(#2212,#2213,#2214,#2215,#2216,#2217,
#2218,#2219,#2220),.UNSPECIFIED.,.F.,.F.,(4,1,1,1,1,1,4),(0.,0.00515672980079784,
0.00773509470119676,0.0103134596015957,0.0128918245019946,0.0154701894023935,
0.0206269192031913),.UNSPECIFIED.);
#159=B_SPLINE_CURVE_WITH_KNOTS('',3,(#2222,#2223,#2224,#2225),
 .UNSPECIFIED.,.F.,.F.,(4,4),(0.,0.000670293790302361),.UNSPECIFIED.);
#160=B_SPLINE_CURVE_WITH_KNOTS('',3,(#2229,#2230,#2231,#2232),
 .UNSPECIFIED.,.F.,.F.,(4,4),(0.,0.0006702937903024),.UNSPECIFIED.);
#161=B_SPLINE_CURVE_WITH_KNOTS('',3,(#2234,#2235,#2236,#2237,#2238,#2239,
#2240,#2241,#2242),.UNSPECIFIED.,.F.,.F.,(4,1,1,1,1,1,4),(8.69797772007508E-18,
0.00510922515465987,0.0076638377319898,0.0102184503093197,0.0127730628866497,
0.0153276754639796,0.0204369006186395),.UNSPECIFIED.);
#162=B_SPLINE_CURVE_WITH_KNOTS('',3,(#2244,#2245,#2246,#2247,#2248,#2249),
 .UNSPECIFIED.,.F.,.F.,(4,1,1,4),(0.,0.0327135079070389,0.0490702618605583,
0.0654270158140777),.UNSPECIFIED.);
#163=B_SPLINE_CURVE_WITH_KNOTS('',3,(#2251,#2252,#2253,#2254,#2255,#2256,
#2257),.UNSPECIFIED.,.F.,.F.,(4,1,1,1,4),(0.,0.00457328277523159,0.00914656555046318,
0.0137198483256948,0.0182931311009264),.UNSPECIFIED.);
#164=B_SPLINE_CURVE_WITH_KNOTS('',3,(#2259,#2260,#2261,#2262),
 .UNSPECIFIED.,.F.,.F.,(4,4),(0.0180169937065338,0.0274109435744423),
 .UNSPECIFIED.);
#165=B_SPLINE_CURVE_WITH_KNOTS('',3,(#2267,#2268,#2269,#2270),
 .UNSPECIFIED.,.F.,.F.,(4,4),(0.,0.00937439429966649),.UNSPECIFIED.);
#166=B_SPLINE_CURVE_WITH_KNOTS('',3,(#2275,#2276,#2277,#2278,#2279,#2280),
 .UNSPECIFIED.,.F.,.F.,(4,1,1,4),(8.67361737988404E-19,0.00277968360597171,
0.00555936721194343,0.0111187344238869),.UNSPECIFIED.);
#167=B_SPLINE_CURVE_WITH_KNOTS('',3,(#2282,#2283,#2284,#2285,#2286,#2287),
 .UNSPECIFIED.,.F.,.F.,(4,1,1,4),(0.,0.00277968360597171,0.00555936721194341,
0.0111187344238868),.UNSPECIFIED.);
#168=B_SPLINE_CURVE_WITH_KNOTS('',3,(#2312,#2313,#2314,#2315,#2316,#2317,
#2318,#2319),.UNSPECIFIED.,.F.,.F.,(4,1,1,1,1,4),(2.22152998685417E-17,
0.00142972215229825,0.00285944430459648,0.00428916645689471,0.00500402753304382,
0.00571888860919294),.UNSPECIFIED.);
#169=B_SPLINE_CURVE_WITH_KNOTS('',3,(#2323,#2324,#2325,#2326,#2327,#2328,
#2329,#2330),.UNSPECIFIED.,.F.,.F.,(4,1,1,1,1,4),(1.94722227236964E-17,
0.000722839096434817,0.00144567819286962,0.00289135638573921,0.00433703457860881,
0.0057827127714784),.UNSPECIFIED.);
#170=B_SPLINE_CURVE_WITH_KNOTS('',3,(#2348,#2349,#2350,#2351,#2352,#2353,
#2354,#2355,#2356,#2357,#2358,#2359),.UNSPECIFIED.,.F.,.F.,(4,1,1,1,1,1,
1,1,1,4),(-6.00000000183953E-8,0.004164050779302,0.00624610616895301,0.00832816155860402,
0.010410216948255,0.012492272337906,0.0166563831172081,0.0208204938965101,
0.0249846046758121,0.0333128262344161),.UNSPECIFIED.);
#171=B_SPLINE_CURVE_WITH_KNOTS('',3,(#2360,#2361,#2362,#2363,#2364,#2365,
#2366,#2367,#2368,#2369,#2370,#2371,#2372),.UNSPECIFIED.,.F.,.F.,(4,1,1,
1,1,1,1,1,1,1,4),(-5.99999999962156E-8,0.00417913936591199,0.00835833873182398,
0.012537538097736,0.0167167374636479,0.0208959368295599,0.0229855365125159,
0.0250751361954719,0.0271647358784279,0.0292543355613839,0.0334335349272959),
 .UNSPECIFIED.);
#172=B_SPLINE_CURVE_WITH_KNOTS('',3,(#2374,#2375,#2376,#2377,#2378,#2379,
#2380,#2381,#2382,#2383,#2384,#2385,#2386),.UNSPECIFIED.,.F.,.F.,(4,1,1,
1,1,1,1,1,1,1,4),(1.73472347597681E-18,0.00121913691988372,0.00243827383976744,
0.00365741075965115,0.00426697921959301,0.00487654767953487,0.00548611613947673,
0.00609568459941859,0.00731482151930231,0.00853395843918602,0.00975309535906974),
 .UNSPECIFIED.);
#173=B_SPLINE_CURVE_WITH_KNOTS('',3,(#2387,#2388,#2389,#2390,#2391,#2392,
#2393,#2394,#2395,#2396,#2397,#2398,#2399),.UNSPECIFIED.,.F.,.F.,(4,1,1,
1,1,1,1,1,1,1,4),(0.,0.00121914895041968,0.00243829790083937,0.00365744685125905,
0.00426702132646889,0.00487659580167873,0.00548617027688858,0.00609574475209842,
0.0073148937025181,0.00853404265293779,0.00975319160335747),
 .UNSPECIFIED.);
#174=B_SPLINE_CURVE_WITH_KNOTS('',3,(#2401,#2402,#2403,#2404,#2405,#2406,
#2407),.UNSPECIFIED.,.F.,.F.,(4,1,1,1,4),(0.00223243665664769,0.00335047525331399,
0.00446851384998028,0.00558655244664658,0.00670459104331287),
 .UNSPECIFIED.);
#175=B_SPLINE_CURVE_WITH_KNOTS('',3,(#2410,#2411,#2412,#2413),
 .UNSPECIFIED.,.F.,.F.,(4,4),(0.00314219929843095,0.00330334666129351),
 .UNSPECIFIED.);
#176=B_SPLINE_CURVE_WITH_KNOTS('',3,(#2415,#2416,#2417,#2418,#2419,#2420,
#2421),.UNSPECIFIED.,.F.,.F.,(4,1,1,1,4),(0.000963200708704484,0.00190006690618966,
0.00283693310367484,0.00377379930116001,0.00471066549864519),
 .UNSPECIFIED.);
#177=B_SPLINE_CURVE_WITH_KNOTS('',3,(#2423,#2424,#2425,#2426),
 .UNSPECIFIED.,.F.,.F.,(4,4),(0.00704999645621857,0.00925062866444382),
 .UNSPECIFIED.);
#178=B_SPLINE_CURVE_WITH_KNOTS('',3,(#2427,#2428,#2429,#2430,#2431,#2432,
#2433),.UNSPECIFIED.,.F.,.F.,(4,1,1,1,4),(0.000528537241104605,0.00164694043965575,
0.00276534363820689,0.00388374683675804,0.00500215003530918),
 .UNSPECIFIED.);
#179=B_SPLINE_CURVE_WITH_KNOTS('',3,(#2436,#2437,#2438,#2439,#2440),
 .UNSPECIFIED.,.F.,.F.,(4,1,4),(0.00129745361785854,0.00239801379864532,
0.00349857397943209),.UNSPECIFIED.);
#180=B_SPLINE_CURVE_WITH_KNOTS('',3,(#2442,#2443,#2444,#2445,#2446,#2447,
#2448),.UNSPECIFIED.,.F.,.F.,(4,1,1,1,4),(0.000963200708704622,0.0019000669061898,
0.00283693310367498,0.00377379930116016,0.00471066549864534),
 .UNSPECIFIED.);
#181=B_SPLINE_CURVE_WITH_KNOTS('',3,(#2450,#2451,#2452,#2453),
 .UNSPECIFIED.,.F.,.F.,(4,4),(0.00725261295565294,0.00741375181097395),
 .UNSPECIFIED.);
#182=B_SPLINE_CURVE_WITH_KNOTS('',3,(#2456,#2457,#2458,#2459,#2460,#2461,
#2462,#2463,#2464,#2465,#2466,#2467,#2468,#2469,#2470,#2471,#2472),
 .UNSPECIFIED.,.T.,.F.,(1,1,1,1,1,1,1,1,1,1,1,1,1,1,1,1,1,1,1,1,1),(-0.00273838337517253,
-0.00136919168758626,-0.000684595843793132,0.,0.000684595843793132,0.00136919168758626,
0.0020537875313794,0.00273838337517253,0.00342297921896566,0.0041075750627588,
0.00479217090655193,0.00547676675034506,0.00616136259413819,0.00684595843793132,
0.00821515012551759,0.00958434181310385,0.010268937656897,0.0109535335006901,
0.0116381293444833,0.0123227251882764,0.0130073210320695),.UNSPECIFIED.);
#183=B_SPLINE_CURVE_WITH_KNOTS('',3,(#2474,#2475,#2476,#2477,#2478,#2479,
#2480,#2481,#2482,#2483,#2484,#2485,#2486,#2487,#2488,#2489,#2490),
 .UNSPECIFIED.,.T.,.F.,(1,1,1,1,1,1,1,1,1,1,1,1,1,1,1,1,1,1,1,1,1),(-0.00273838337517263,
-0.00136919168758631,-0.000684595843793157,0.,0.000684595843793156,0.00136919168758631,
0.00205378753137947,0.00273838337517263,0.00342297921896578,0.00410757506275894,
0.00479217090655209,0.00547676675034525,0.00616136259413841,0.00684595843793156,
0.00821515012551788,0.00958434181310419,0.0102689376568973,0.0109535335006905,
0.0116381293444837,0.0123227251882768,0.01300732103207),.UNSPECIFIED.);
#184=B_SPLINE_CURVE_WITH_KNOTS('',3,(#2494,#2495,#2496,#2497,#2498,#2499,
#2500,#2501,#2502,#2503,#2504),.UNSPECIFIED.,.F.,.F.,(4,1,1,1,1,1,1,1,4),
(6.60131234835743E-16,0.00124285626297742,0.00248571252595418,0.00372856878893094,
0.00497142505190769,0.00621428131488445,0.00745713757786121,0.00869999384083797,
0.00994285010381473),.UNSPECIFIED.);
#185=B_SPLINE_CURVE_WITH_KNOTS('',3,(#2505,#2506,#2507,#2508,#2509,#2510,
#2511,#2512,#2513,#2514,#2515),.UNSPECIFIED.,.F.,.F.,(4,1,1,1,1,1,1,1,4),
(4.53626042860374E-16,0.00124297368683168,0.0024859473736629,0.00372892106049412,
0.00497189474732534,0.00621486843415657,0.00745784212098779,0.00870081580781901,
0.00994378949465024),.UNSPECIFIED.);
#186=B_SPLINE_CURVE_WITH_KNOTS('',3,(#2517,#2518,#2519,#2520,#2521),
 .UNSPECIFIED.,.F.,.F.,(4,1,4),(8.68586022402244E-17,0.00111918236228713,
0.00223836472457417),.UNSPECIFIED.);
#187=B_SPLINE_CURVE_WITH_KNOTS('',3,(#2522,#2523,#2524,#2525,#2526),
 .UNSPECIFIED.,.F.,.F.,(4,1,4),(0.,0.00111914169442673,0.00223828338885346),
 .UNSPECIFIED.);
#188=B_SPLINE_CURVE_WITH_KNOTS('',3,(#2717,#2718,#2719,#2720,#2721),
 .UNSPECIFIED.,.F.,.F.,(4,1,4),(0.,0.00347483332411846,0.00694966664823691),
 .UNSPECIFIED.);
#189=B_SPLINE_CURVE_WITH_KNOTS('',3,(#2814,#2815,#2816,#2817,#2818),
 .UNSPECIFIED.,.F.,.F.,(4,1,4),(0.,0.00347483332411833,0.00694966664823665),
 .UNSPECIFIED.);
#190=B_SPLINE_CURVE_WITH_KNOTS('',3,(#2871,#2872,#2873,#2874),
 .UNSPECIFIED.,.F.,.F.,(4,4),(4.44533104315064E-15,0.00164335135117967),
 .UNSPECIFIED.);
#191=B_SPLINE_CURVE_WITH_KNOTS('',3,(#2987,#2988,#2989,#2990),
 .UNSPECIFIED.,.F.,.F.,(4,4),(0.,0.00164335135117966),.UNSPECIFIED.);
#192=B_SPLINE_CURVE_WITH_KNOTS('',3,(#3031,#3032,#3033,#3034,#3035,#3036,
#3037,#3038,#3039),.UNSPECIFIED.,.F.,.F.,(4,1,1,1,1,1,4),(-2.84294967329527E-5,
0.00408043869544725,0.00818930688762746,0.0122981750798077,0.0164070432719879,
0.0246247796563483,0.0328425160407087),.UNSPECIFIED.);
#193=B_SPLINE_CURVE_WITH_KNOTS('',3,(#3086,#3087,#3088,#3089),
 .UNSPECIFIED.,.F.,.F.,(4,4),(0.,0.000110198347458809),.UNSPECIFIED.);
#194=B_SPLINE_CURVE_WITH_KNOTS('',3,(#3108,#3109,#3110,#3111),
 .UNSPECIFIED.,.F.,.F.,(4,4),(6.50521303491303E-19,0.00011019834745881),
 .UNSPECIFIED.);
#195=B_SPLINE_CURVE_WITH_KNOTS('',3,(#3197,#3198,#3199,#3200),
 .UNSPECIFIED.,.F.,.F.,(4,4),(-3.04650466481248E-5,0.0103413336750839),
 .UNSPECIFIED.);
#196=B_SPLINE_CURVE_WITH_KNOTS('',3,(#3201,#3202,#3203,#3204,#3205,#3206,
#3207),.UNSPECIFIED.,.F.,.F.,(4,1,1,1,4),(1.73472347597681E-18,0.00244815699158705,
0.0048963139831741,0.00734447097476114,0.00979262796634819),
 .UNSPECIFIED.);
#197=B_SPLINE_CURVE_WITH_KNOTS('',3,(#3292,#3293,#3294,#3295,#3296,#3297,
#3298),.UNSPECIFIED.,.F.,.F.,(4,1,1,1,4),(0.,0.00244815699158706,0.00489631398317412,
0.00734447097476117,0.00979262796634823),.UNSPECIFIED.);
#198=B_SPLINE_CURVE_WITH_KNOTS('',3,(#3314,#3315,#3316,#3317,#3318,#3319,
#3320),.UNSPECIFIED.,.F.,.F.,(4,1,1,1,4),(1.73472347597681E-18,0.0024818483190535,
0.004963696638107,0.0074455449571605,0.009927393276214),.UNSPECIFIED.);
#199=B_SPLINE_CURVE_WITH_KNOTS('',3,(#3342,#3343,#3344,#3345,#3346,#3347,
#3348),.UNSPECIFIED.,.F.,.F.,(4,1,1,1,4),(7.31130382474751E-16,0.00248184831905395,
0.00496369663810717,0.00744554495716038,0.0099273932762136),
 .UNSPECIFIED.);
#200=B_SPLINE_CURVE_WITH_KNOTS('',3,(#3409,#3410,#3411,#3412,#3413,#3414),
 .UNSPECIFIED.,.F.,.F.,(4,1,1,4),(1.4304896245382E-17,0.00467085050186381,
0.0070062757527957,0.0093417010037276),.UNSPECIFIED.);
#201=B_SPLINE_CURVE_WITH_KNOTS('',3,(#3475,#3476,#3477,#3478,#3479,#3480),
 .UNSPECIFIED.,.F.,.F.,(4,1,1,4),(7.619149596184E-16,0.00467085050186676,
0.00700627575279975,0.00934170100373275),.UNSPECIFIED.);
#202=B_SPLINE_CURVE_WITH_KNOTS('',3,(#3555,#3556,#3557,#3558),
 .UNSPECIFIED.,.F.,.F.,(4,4),(0.,0.000571268679683044),.UNSPECIFIED.);
#203=B_SPLINE_CURVE_WITH_KNOTS('',3,(#3573,#3574,#3575,#3576),
 .UNSPECIFIED.,.F.,.F.,(4,4),(0.,0.000571268679683003),.UNSPECIFIED.);
#204=B_SPLINE_CURVE_WITH_KNOTS('',3,(#3627,#3628,#3629,#3630),
 .UNSPECIFIED.,.F.,.F.,(4,4),(0.00585794610294083,0.00616777305345151),
 .UNSPECIFIED.);
#205=B_SPLINE_CURVE_WITH_KNOTS('',3,(#3631,#3632,#3633,#3634),
 .UNSPECIFIED.,.F.,.F.,(4,4),(5.95391871282079E-17,0.00416239174580464),
 .UNSPECIFIED.);
#206=B_SPLINE_CURVE_WITH_KNOTS('',3,(#3636,#3637,#3638,#3639),
 .UNSPECIFIED.,.F.,.F.,(4,4),(7.70537533588162E-17,0.00251552939344676),
 .UNSPECIFIED.);
#207=B_SPLINE_CURVE_WITH_KNOTS('',3,(#3671,#3672,#3673,#3674),
 .UNSPECIFIED.,.F.,.F.,(4,4),(4.30547044058221E-17,0.00413005946472323),
 .UNSPECIFIED.);
#208=B_SPLINE_CURVE_WITH_KNOTS('',3,(#3676,#3677,#3678,#3679),
 .UNSPECIFIED.,.F.,.F.,(4,4),(7.24857063808543E-17,0.00413005946472355),
 .UNSPECIFIED.);
#209=B_SPLINE_CURVE_WITH_KNOTS('',3,(#3697,#3698,#3699,#3700),
 .UNSPECIFIED.,.F.,.F.,(4,4),(4.51361581140567E-17,0.00416239174580469),
 .UNSPECIFIED.);
#210=B_SPLINE_CURVE_WITH_KNOTS('',3,(#3716,#3717,#3718,#3719),
 .UNSPECIFIED.,.F.,.F.,(4,4),(0.00365312099905697,0.00616706643021844),
 .UNSPECIFIED.);
#211=B_SPLINE_CURVE_WITH_KNOTS('',3,(#3720,#3721,#3722,#3723),
 .UNSPECIFIED.,.F.,.F.,(4,4),(4.74519013200431E-17,0.000310479471715588),
 .UNSPECIFIED.);
#212=CIRCLE('',#1297,0.00836143482289828);
#213=CIRCLE('',#1299,0.00836143482289828);
#214=CIRCLE('',#1302,0.001651);
#215=CIRCLE('',#1303,0.001651);
#216=CIRCLE('',#1309,0.001651);
#217=CIRCLE('',#1310,0.001651);
#218=CIRCLE('',#1312,0.00836143482289828);
#219=CIRCLE('',#1325,0.004445);
#220=CIRCLE('',#1326,0.004445);
#221=CIRCLE('',#1328,0.004445);
#222=CIRCLE('',#1329,0.004445);
#223=CIRCLE('',#1330,0.004445);
#224=CIRCLE('',#1331,0.004445);
#225=CIRCLE('',#1332,0.004445);
#226=CIRCLE('',#1333,0.004445);
#227=CIRCLE('',#1334,0.004445);
#228=CIRCLE('',#1346,0.004445);
#229=CIRCLE('',#1348,0.0053355493743567);
#230=CIRCLE('',#1349,0.0053355493743567);
#231=CIRCLE('',#1351,0.00635);
#232=CIRCLE('',#1352,0.00635);
#233=CIRCLE('',#1353,0.00635);
#234=CIRCLE('',#1354,0.00635);
#235=CIRCLE('',#1356,0.00635);
#236=CIRCLE('',#1357,0.004445);
#237=CIRCLE('',#1359,0.004445);
#238=CIRCLE('',#1360,0.00635);
#239=ORIENTED_EDGE('',*,*,#633,.T.);
#240=ORIENTED_EDGE('',*,*,#634,.T.);
#241=ORIENTED_EDGE('',*,*,#635,.F.);
#242=ORIENTED_EDGE('',*,*,#636,.T.);
#243=ORIENTED_EDGE('',*,*,#637,.F.);
#244=ORIENTED_EDGE('',*,*,#638,.T.);
#245=ORIENTED_EDGE('',*,*,#639,.T.);
#246=ORIENTED_EDGE('',*,*,#640,.T.);
#247=ORIENTED_EDGE('',*,*,#641,.F.);
#248=ORIENTED_EDGE('',*,*,#642,.T.);
#249=ORIENTED_EDGE('',*,*,#643,.T.);
#250=ORIENTED_EDGE('',*,*,#644,.T.);
#251=ORIENTED_EDGE('',*,*,#645,.T.);
#252=ORIENTED_EDGE('',*,*,#646,.T.);
#253=ORIENTED_EDGE('',*,*,#647,.F.);
#254=ORIENTED_EDGE('',*,*,#648,.T.);
#255=ORIENTED_EDGE('',*,*,#649,.T.);
#256=ORIENTED_EDGE('',*,*,#650,.T.);
#257=ORIENTED_EDGE('',*,*,#651,.T.);
#258=ORIENTED_EDGE('',*,*,#652,.T.);
#259=ORIENTED_EDGE('',*,*,#653,.T.);
#260=ORIENTED_EDGE('',*,*,#654,.T.);
#261=ORIENTED_EDGE('',*,*,#655,.F.);
#262=ORIENTED_EDGE('',*,*,#650,.F.);
#263=ORIENTED_EDGE('',*,*,#656,.T.);
#264=ORIENTED_EDGE('',*,*,#657,.T.);
#265=ORIENTED_EDGE('',*,*,#658,.T.);
#266=ORIENTED_EDGE('',*,*,#659,.T.);
#267=ORIENTED_EDGE('',*,*,#660,.T.);
#268=ORIENTED_EDGE('',*,*,#661,.T.);
#269=ORIENTED_EDGE('',*,*,#662,.T.);
#270=ORIENTED_EDGE('',*,*,#663,.T.);
#271=ORIENTED_EDGE('',*,*,#664,.F.);
#272=ORIENTED_EDGE('',*,*,#665,.T.);
#273=ORIENTED_EDGE('',*,*,#659,.F.);
#274=ORIENTED_EDGE('',*,*,#666,.T.);
#275=ORIENTED_EDGE('',*,*,#667,.T.);
#276=ORIENTED_EDGE('',*,*,#668,.T.);
#277=ORIENTED_EDGE('',*,*,#669,.F.);
#278=ORIENTED_EDGE('',*,*,#670,.F.);
#279=ORIENTED_EDGE('',*,*,#663,.F.);
#280=ORIENTED_EDGE('',*,*,#668,.F.);
#281=ORIENTED_EDGE('',*,*,#671,.T.);
#282=ORIENTED_EDGE('',*,*,#672,.T.);
#283=ORIENTED_EDGE('',*,*,#673,.T.);
#284=ORIENTED_EDGE('',*,*,#674,.F.);
#285=ORIENTED_EDGE('',*,*,#675,.T.);
#286=ORIENTED_EDGE('',*,*,#676,.F.);
#287=ORIENTED_EDGE('',*,*,#677,.T.);
#288=ORIENTED_EDGE('',*,*,#641,.T.);
#289=ORIENTED_EDGE('',*,*,#678,.T.);
#290=ORIENTED_EDGE('',*,*,#679,.T.);
#291=ORIENTED_EDGE('',*,*,#680,.F.);
#292=ORIENTED_EDGE('',*,*,#681,.F.);
#293=ORIENTED_EDGE('',*,*,#644,.F.);
#294=ORIENTED_EDGE('',*,*,#682,.T.);
#295=ORIENTED_EDGE('',*,*,#683,.T.);
#296=ORIENTED_EDGE('',*,*,#684,.T.);
#297=ORIENTED_EDGE('',*,*,#685,.T.);
#298=ORIENTED_EDGE('',*,*,#686,.T.);
#299=ORIENTED_EDGE('',*,*,#687,.T.);
#300=ORIENTED_EDGE('',*,*,#688,.T.);
#301=ORIENTED_EDGE('',*,*,#689,.T.);
#302=ORIENTED_EDGE('',*,*,#690,.T.);
#303=ORIENTED_EDGE('',*,*,#691,.T.);
#304=ORIENTED_EDGE('',*,*,#692,.T.);
#305=ORIENTED_EDGE('',*,*,#693,.T.);
#306=ORIENTED_EDGE('',*,*,#689,.F.);
#307=ORIENTED_EDGE('',*,*,#694,.T.);
#308=ORIENTED_EDGE('',*,*,#695,.T.);
#309=ORIENTED_EDGE('',*,*,#696,.T.);
#310=ORIENTED_EDGE('',*,*,#697,.T.);
#311=ORIENTED_EDGE('',*,*,#698,.T.);
#312=ORIENTED_EDGE('',*,*,#696,.F.);
#313=ORIENTED_EDGE('',*,*,#699,.T.);
#314=ORIENTED_EDGE('',*,*,#700,.T.);
#315=ORIENTED_EDGE('',*,*,#701,.T.);
#316=ORIENTED_EDGE('',*,*,#702,.T.);
#317=ORIENTED_EDGE('',*,*,#703,.T.);
#318=ORIENTED_EDGE('',*,*,#704,.T.);
#319=ORIENTED_EDGE('',*,*,#705,.T.);
#320=ORIENTED_EDGE('',*,*,#706,.T.);
#321=ORIENTED_EDGE('',*,*,#707,.T.);
#322=ORIENTED_EDGE('',*,*,#701,.F.);
#323=ORIENTED_EDGE('',*,*,#708,.T.);
#324=ORIENTED_EDGE('',*,*,#709,.T.);
#325=ORIENTED_EDGE('',*,*,#706,.F.);
#326=ORIENTED_EDGE('',*,*,#710,.T.);
#327=ORIENTED_EDGE('',*,*,#711,.T.);
#328=ORIENTED_EDGE('',*,*,#712,.T.);
#329=ORIENTED_EDGE('',*,*,#713,.T.);
#330=ORIENTED_EDGE('',*,*,#714,.T.);
#331=ORIENTED_EDGE('',*,*,#715,.T.);
#332=ORIENTED_EDGE('',*,*,#716,.T.);
#333=ORIENTED_EDGE('',*,*,#717,.F.);
#334=ORIENTED_EDGE('',*,*,#635,.T.);
#335=ORIENTED_EDGE('',*,*,#718,.T.);
#336=ORIENTED_EDGE('',*,*,#637,.T.);
#337=ORIENTED_EDGE('',*,*,#719,.T.);
#338=ORIENTED_EDGE('',*,*,#717,.T.);
#339=ORIENTED_EDGE('',*,*,#720,.T.);
#340=ORIENTED_EDGE('',*,*,#721,.T.);
#341=ORIENTED_EDGE('',*,*,#722,.T.);
#342=ORIENTED_EDGE('',*,*,#723,.T.);
#343=ORIENTED_EDGE('',*,*,#724,.T.);
#344=ORIENTED_EDGE('',*,*,#725,.F.);
#345=ORIENTED_EDGE('',*,*,#726,.T.);
#346=ORIENTED_EDGE('',*,*,#727,.T.);
#347=ORIENTED_EDGE('',*,*,#728,.T.);
#348=ORIENTED_EDGE('',*,*,#729,.T.);
#349=ORIENTED_EDGE('',*,*,#730,.T.);
#350=ORIENTED_EDGE('',*,*,#731,.T.);
#351=ORIENTED_EDGE('',*,*,#732,.T.);
#352=ORIENTED_EDGE('',*,*,#733,.T.);
#353=ORIENTED_EDGE('',*,*,#734,.T.);
#354=ORIENTED_EDGE('',*,*,#735,.T.);
#355=ORIENTED_EDGE('',*,*,#736,.T.);
#356=ORIENTED_EDGE('',*,*,#725,.T.);
#357=ORIENTED_EDGE('',*,*,#737,.T.);
#358=ORIENTED_EDGE('',*,*,#738,.T.);
#359=ORIENTED_EDGE('',*,*,#739,.T.);
#360=ORIENTED_EDGE('',*,*,#740,.T.);
#361=ORIENTED_EDGE('',*,*,#741,.T.);
#362=ORIENTED_EDGE('',*,*,#742,.T.);
#363=ORIENTED_EDGE('',*,*,#743,.T.);
#364=ORIENTED_EDGE('',*,*,#744,.T.);
#365=ORIENTED_EDGE('',*,*,#745,.T.);
#366=ORIENTED_EDGE('',*,*,#746,.T.);
#367=ORIENTED_EDGE('',*,*,#747,.T.);
#368=ORIENTED_EDGE('',*,*,#748,.T.);
#369=ORIENTED_EDGE('',*,*,#749,.T.);
#370=ORIENTED_EDGE('',*,*,#750,.T.);
#371=ORIENTED_EDGE('',*,*,#690,.F.);
#372=ORIENTED_EDGE('',*,*,#698,.F.);
#373=ORIENTED_EDGE('',*,*,#751,.T.);
#374=ORIENTED_EDGE('',*,*,#669,.T.);
#375=ORIENTED_EDGE('',*,*,#680,.T.);
#376=ORIENTED_EDGE('',*,*,#752,.T.);
#377=ORIENTED_EDGE('',*,*,#664,.T.);
#378=ORIENTED_EDGE('',*,*,#670,.T.);
#379=ORIENTED_EDGE('',*,*,#751,.F.);
#380=ORIENTED_EDGE('',*,*,#697,.F.);
#381=ORIENTED_EDGE('',*,*,#703,.F.);
#382=ORIENTED_EDGE('',*,*,#753,.T.);
#383=ORIENTED_EDGE('',*,*,#754,.T.);
#384=ORIENTED_EDGE('',*,*,#755,.T.);
#385=ORIENTED_EDGE('',*,*,#756,.T.);
#386=ORIENTED_EDGE('',*,*,#757,.T.);
#387=ORIENTED_EDGE('',*,*,#758,.T.);
#388=ORIENTED_EDGE('',*,*,#759,.F.);
#389=ORIENTED_EDGE('',*,*,#754,.F.);
#390=ORIENTED_EDGE('',*,*,#760,.T.);
#391=ORIENTED_EDGE('',*,*,#759,.T.);
#392=ORIENTED_EDGE('',*,*,#761,.T.);
#393=ORIENTED_EDGE('',*,*,#655,.T.);
#394=ORIENTED_EDGE('',*,*,#762,.T.);
#395=ORIENTED_EDGE('',*,*,#712,.F.);
#396=ORIENTED_EDGE('',*,*,#763,.T.);
#397=ORIENTED_EDGE('',*,*,#764,.F.);
#398=ORIENTED_EDGE('',*,*,#765,.T.);
#399=ORIENTED_EDGE('',*,*,#766,.F.);
#400=ORIENTED_EDGE('',*,*,#767,.T.);
#401=ORIENTED_EDGE('',*,*,#768,.F.);
#402=ORIENTED_EDGE('',*,*,#769,.T.);
#403=ORIENTED_EDGE('',*,*,#770,.T.);
#404=ORIENTED_EDGE('',*,*,#771,.T.);
#405=ORIENTED_EDGE('',*,*,#647,.T.);
#406=ORIENTED_EDGE('',*,*,#709,.F.);
#407=ORIENTED_EDGE('',*,*,#772,.T.);
#408=ORIENTED_EDGE('',*,*,#773,.F.);
#409=ORIENTED_EDGE('',*,*,#681,.T.);
#410=ORIENTED_EDGE('',*,*,#693,.F.);
#411=ORIENTED_EDGE('',*,*,#674,.T.);
#412=ORIENTED_EDGE('',*,*,#774,.T.);
#413=ORIENTED_EDGE('',*,*,#685,.F.);
#414=ORIENTED_EDGE('',*,*,#775,.T.);
#415=ORIENTED_EDGE('',*,*,#676,.T.);
#416=ORIENTED_EDGE('',*,*,#776,.T.);
#417=ORIENTED_EDGE('',*,*,#683,.F.);
#418=ORIENTED_EDGE('',*,*,#777,.T.);
#419=ORIENTED_EDGE('',*,*,#716,.F.);
#420=ORIENTED_EDGE('',*,*,#778,.T.);
#421=ORIENTED_EDGE('',*,*,#756,.F.);
#422=ORIENTED_EDGE('',*,*,#779,.F.);
#423=ORIENTED_EDGE('',*,*,#779,.T.);
#424=ORIENTED_EDGE('',*,*,#760,.F.);
#425=ORIENTED_EDGE('',*,*,#753,.F.);
#426=ORIENTED_EDGE('',*,*,#702,.F.);
#427=ORIENTED_EDGE('',*,*,#707,.F.);
#428=ORIENTED_EDGE('',*,*,#758,.F.);
#429=ORIENTED_EDGE('',*,*,#780,.T.);
#430=ORIENTED_EDGE('',*,*,#651,.F.);
#431=ORIENTED_EDGE('',*,*,#781,.F.);
#432=ORIENTED_EDGE('',*,*,#781,.T.);
#433=ORIENTED_EDGE('',*,*,#660,.F.);
#434=ORIENTED_EDGE('',*,*,#665,.F.);
#435=ORIENTED_EDGE('',*,*,#755,.F.);
#436=ORIENTED_EDGE('',*,*,#761,.F.);
#437=ORIENTED_EDGE('',*,*,#653,.F.);
#438=ORIENTED_EDGE('',*,*,#782,.T.);
#439=ORIENTED_EDGE('',*,*,#732,.F.);
#440=ORIENTED_EDGE('',*,*,#783,.F.);
#441=ORIENTED_EDGE('',*,*,#724,.F.);
#442=ORIENTED_EDGE('',*,*,#784,.T.);
#443=ORIENTED_EDGE('',*,*,#648,.F.);
#444=ORIENTED_EDGE('',*,*,#762,.F.);
#445=ORIENTED_EDGE('',*,*,#654,.F.);
#446=ORIENTED_EDGE('',*,*,#783,.T.);
#447=ORIENTED_EDGE('',*,*,#772,.F.);
#448=ORIENTED_EDGE('',*,*,#736,.F.);
#449=ORIENTED_EDGE('',*,*,#785,.T.);
#450=ORIENTED_EDGE('',*,*,#714,.F.);
#451=ORIENTED_EDGE('',*,*,#786,.F.);
#452=ORIENTED_EDGE('',*,*,#711,.F.);
#453=ORIENTED_EDGE('',*,*,#787,.T.);
#454=ORIENTED_EDGE('',*,*,#720,.F.);
#455=ORIENTED_EDGE('',*,*,#786,.T.);
#456=ORIENTED_EDGE('',*,*,#713,.F.);
#457=ORIENTED_EDGE('',*,*,#763,.F.);
#458=ORIENTED_EDGE('',*,*,#773,.T.);
#459=ORIENTED_EDGE('',*,*,#788,.F.);
#460=ORIENTED_EDGE('',*,*,#785,.F.);
#461=ORIENTED_EDGE('',*,*,#735,.F.);
#462=ORIENTED_EDGE('',*,*,#789,.F.);
#463=ORIENTED_EDGE('',*,*,#790,.F.);
#464=ORIENTED_EDGE('',*,*,#715,.F.);
#465=ORIENTED_EDGE('',*,*,#788,.T.);
#466=ORIENTED_EDGE('',*,*,#791,.F.);
#467=ORIENTED_EDGE('',*,*,#633,.F.);
#468=ORIENTED_EDGE('',*,*,#778,.F.);
#469=ORIENTED_EDGE('',*,*,#790,.T.);
#470=ORIENTED_EDGE('',*,*,#792,.F.);
#471=ORIENTED_EDGE('',*,*,#791,.T.);
#472=ORIENTED_EDGE('',*,*,#789,.T.);
#473=ORIENTED_EDGE('',*,*,#793,.F.);
#474=ORIENTED_EDGE('',*,*,#719,.F.);
#475=ORIENTED_EDGE('',*,*,#640,.F.);
#476=ORIENTED_EDGE('',*,*,#794,.F.);
#477=ORIENTED_EDGE('',*,*,#757,.F.);
#478=ORIENTED_EDGE('',*,*,#792,.T.);
#479=ORIENTED_EDGE('',*,*,#636,.F.);
#480=ORIENTED_EDGE('',*,*,#793,.T.);
#481=ORIENTED_EDGE('',*,*,#734,.F.);
#482=ORIENTED_EDGE('',*,*,#795,.F.);
#483=ORIENTED_EDGE('',*,*,#638,.F.);
#484=ORIENTED_EDGE('',*,*,#718,.F.);
#485=ORIENTED_EDGE('',*,*,#634,.F.);
#486=ORIENTED_EDGE('',*,*,#780,.F.);
#487=ORIENTED_EDGE('',*,*,#794,.T.);
#488=ORIENTED_EDGE('',*,*,#796,.F.);
#489=ORIENTED_EDGE('',*,*,#797,.F.);
#490=ORIENTED_EDGE('',*,*,#795,.T.);
#491=ORIENTED_EDGE('',*,*,#798,.F.);
#492=ORIENTED_EDGE('',*,*,#639,.F.);
#493=ORIENTED_EDGE('',*,*,#797,.T.);
#494=ORIENTED_EDGE('',*,*,#799,.F.);
#495=ORIENTED_EDGE('',*,*,#652,.F.);
#496=ORIENTED_EDGE('',*,*,#796,.T.);
#497=ORIENTED_EDGE('',*,*,#798,.T.);
#498=ORIENTED_EDGE('',*,*,#733,.F.);
#499=ORIENTED_EDGE('',*,*,#782,.F.);
#500=ORIENTED_EDGE('',*,*,#799,.T.);
#501=ORIENTED_EDGE('',*,*,#800,.F.);
#502=ORIENTED_EDGE('',*,*,#746,.F.);
#503=ORIENTED_EDGE('',*,*,#801,.F.);
#504=ORIENTED_EDGE('',*,*,#645,.F.);
#505=ORIENTED_EDGE('',*,*,#692,.F.);
#506=ORIENTED_EDGE('',*,*,#801,.T.);
#507=ORIENTED_EDGE('',*,*,#748,.F.);
#508=ORIENTED_EDGE('',*,*,#802,.F.);
#509=ORIENTED_EDGE('',*,*,#678,.F.);
#510=ORIENTED_EDGE('',*,*,#646,.F.);
#511=ORIENTED_EDGE('',*,*,#691,.F.);
#512=ORIENTED_EDGE('',*,*,#750,.F.);
#513=ORIENTED_EDGE('',*,*,#803,.F.);
#514=ORIENTED_EDGE('',*,*,#800,.T.);
#515=ORIENTED_EDGE('',*,*,#679,.F.);
#516=ORIENTED_EDGE('',*,*,#802,.T.);
#517=ORIENTED_EDGE('',*,*,#804,.F.);
#518=ORIENTED_EDGE('',*,*,#752,.F.);
#519=ORIENTED_EDGE('',*,*,#803,.T.);
#520=ORIENTED_EDGE('',*,*,#749,.F.);
#521=ORIENTED_EDGE('',*,*,#804,.T.);
#522=ORIENTED_EDGE('',*,*,#747,.F.);
#523=ORIENTED_EDGE('',*,*,#682,.F.);
#524=ORIENTED_EDGE('',*,*,#643,.F.);
#525=ORIENTED_EDGE('',*,*,#805,.F.);
#526=ORIENTED_EDGE('',*,*,#745,.F.);
#527=ORIENTED_EDGE('',*,*,#806,.F.);
#528=ORIENTED_EDGE('',*,*,#687,.F.);
#529=ORIENTED_EDGE('',*,*,#686,.F.);
#530=ORIENTED_EDGE('',*,*,#775,.F.);
#531=ORIENTED_EDGE('',*,*,#684,.F.);
#532=ORIENTED_EDGE('',*,*,#777,.F.);
#533=ORIENTED_EDGE('',*,*,#673,.F.);
#534=ORIENTED_EDGE('',*,*,#672,.F.);
#535=ORIENTED_EDGE('',*,*,#807,.F.);
#536=ORIENTED_EDGE('',*,*,#737,.F.);
#537=ORIENTED_EDGE('',*,*,#805,.T.);
#538=ORIENTED_EDGE('',*,*,#642,.F.);
#539=ORIENTED_EDGE('',*,*,#677,.F.);
#540=ORIENTED_EDGE('',*,*,#776,.F.);
#541=ORIENTED_EDGE('',*,*,#675,.F.);
#542=ORIENTED_EDGE('',*,*,#774,.F.);
#543=ORIENTED_EDGE('',*,*,#806,.T.);
#544=ORIENTED_EDGE('',*,*,#744,.F.);
#545=ORIENTED_EDGE('',*,*,#808,.F.);
#546=ORIENTED_EDGE('',*,*,#694,.F.);
#547=ORIENTED_EDGE('',*,*,#688,.F.);
#548=ORIENTED_EDGE('',*,*,#671,.F.);
#549=ORIENTED_EDGE('',*,*,#667,.F.);
#550=ORIENTED_EDGE('',*,*,#809,.F.);
#551=ORIENTED_EDGE('',*,*,#738,.F.);
#552=ORIENTED_EDGE('',*,*,#807,.T.);
#553=ORIENTED_EDGE('',*,*,#808,.T.);
#554=ORIENTED_EDGE('',*,*,#743,.F.);
#555=ORIENTED_EDGE('',*,*,#810,.F.);
#556=ORIENTED_EDGE('',*,*,#699,.F.);
#557=ORIENTED_EDGE('',*,*,#695,.F.);
#558=ORIENTED_EDGE('',*,*,#666,.F.);
#559=ORIENTED_EDGE('',*,*,#662,.F.);
#560=ORIENTED_EDGE('',*,*,#811,.F.);
#561=ORIENTED_EDGE('',*,*,#739,.F.);
#562=ORIENTED_EDGE('',*,*,#809,.T.);
#563=ORIENTED_EDGE('',*,*,#810,.T.);
#564=ORIENTED_EDGE('',*,*,#742,.F.);
#565=ORIENTED_EDGE('',*,*,#812,.F.);
#566=ORIENTED_EDGE('',*,*,#708,.F.);
#567=ORIENTED_EDGE('',*,*,#700,.F.);
#568=ORIENTED_EDGE('',*,*,#661,.F.);
#569=ORIENTED_EDGE('',*,*,#658,.F.);
#570=ORIENTED_EDGE('',*,*,#813,.F.);
#571=ORIENTED_EDGE('',*,*,#740,.F.);
#572=ORIENTED_EDGE('',*,*,#811,.T.);
#573=ORIENTED_EDGE('',*,*,#814,.F.);
#574=ORIENTED_EDGE('',*,*,#815,.T.);
#575=ORIENTED_EDGE('',*,*,#704,.F.);
#576=ORIENTED_EDGE('',*,*,#812,.T.);
#577=ORIENTED_EDGE('',*,*,#657,.F.);
#578=ORIENTED_EDGE('',*,*,#816,.T.);
#579=ORIENTED_EDGE('',*,*,#817,.F.);
#580=ORIENTED_EDGE('',*,*,#813,.T.);
#581=ORIENTED_EDGE('',*,*,#814,.T.);
#582=ORIENTED_EDGE('',*,*,#741,.F.);
#583=ORIENTED_EDGE('',*,*,#817,.T.);
#584=ORIENTED_EDGE('',*,*,#728,.F.);
#585=ORIENTED_EDGE('',*,*,#815,.F.);
#586=ORIENTED_EDGE('',*,*,#727,.F.);
#587=ORIENTED_EDGE('',*,*,#818,.F.);
#588=ORIENTED_EDGE('',*,*,#705,.F.);
#589=ORIENTED_EDGE('',*,*,#765,.F.);
#590=ORIENTED_EDGE('',*,*,#819,.F.);
#591=ORIENTED_EDGE('',*,*,#710,.F.);
#592=ORIENTED_EDGE('',*,*,#818,.T.);
#593=ORIENTED_EDGE('',*,*,#726,.F.);
#594=ORIENTED_EDGE('',*,*,#820,.F.);
#595=ORIENTED_EDGE('',*,*,#821,.F.);
#596=ORIENTED_EDGE('',*,*,#767,.F.);
#597=ORIENTED_EDGE('',*,*,#766,.T.);
#598=ORIENTED_EDGE('',*,*,#819,.T.);
#599=ORIENTED_EDGE('',*,*,#764,.T.);
#600=ORIENTED_EDGE('',*,*,#821,.T.);
#601=ORIENTED_EDGE('',*,*,#822,.F.);
#602=ORIENTED_EDGE('',*,*,#721,.F.);
#603=ORIENTED_EDGE('',*,*,#787,.F.);
#604=ORIENTED_EDGE('',*,*,#822,.T.);
#605=ORIENTED_EDGE('',*,*,#820,.T.);
#606=ORIENTED_EDGE('',*,*,#823,.F.);
#607=ORIENTED_EDGE('',*,*,#824,.F.);
#608=ORIENTED_EDGE('',*,*,#722,.F.);
#609=ORIENTED_EDGE('',*,*,#823,.T.);
#610=ORIENTED_EDGE('',*,*,#731,.F.);
#611=ORIENTED_EDGE('',*,*,#825,.F.);
#612=ORIENTED_EDGE('',*,*,#824,.T.);
#613=ORIENTED_EDGE('',*,*,#826,.F.);
#614=ORIENTED_EDGE('',*,*,#827,.F.);
#615=ORIENTED_EDGE('',*,*,#768,.T.);
#616=ORIENTED_EDGE('',*,*,#828,.F.);
#617=ORIENTED_EDGE('',*,*,#784,.F.);
#618=ORIENTED_EDGE('',*,*,#723,.F.);
#619=ORIENTED_EDGE('',*,*,#825,.T.);
#620=ORIENTED_EDGE('',*,*,#770,.F.);
#621=ORIENTED_EDGE('',*,*,#769,.F.);
#622=ORIENTED_EDGE('',*,*,#827,.T.);
#623=ORIENTED_EDGE('',*,*,#826,.T.);
#624=ORIENTED_EDGE('',*,*,#730,.F.);
#625=ORIENTED_EDGE('',*,*,#829,.F.);
#626=ORIENTED_EDGE('',*,*,#649,.F.);
#627=ORIENTED_EDGE('',*,*,#828,.T.);
#628=ORIENTED_EDGE('',*,*,#771,.F.);
#629=ORIENTED_EDGE('',*,*,#816,.F.);
#630=ORIENTED_EDGE('',*,*,#656,.F.);
#631=ORIENTED_EDGE('',*,*,#829,.T.);
#632=ORIENTED_EDGE('',*,*,#729,.F.);
#633=EDGE_CURVE('',#830,#831,#955,.F.);
#634=EDGE_CURVE('',#831,#832,#956,.F.);
#635=EDGE_CURVE('',#833,#832,#212,.T.);
#636=EDGE_CURVE('',#833,#830,#957,.F.);
#637=EDGE_CURVE('',#834,#835,#213,.T.);
#638=EDGE_CURVE('',#834,#836,#958,.F.);
#639=EDGE_CURVE('',#836,#837,#959,.T.);
#640=EDGE_CURVE('',#837,#835,#960,.F.);
#641=EDGE_CURVE('',#838,#839,#86,.T.);
#642=EDGE_CURVE('',#838,#840,#87,.T.);
#643=EDGE_CURVE('',#840,#841,#88,.T.);
#644=EDGE_CURVE('',#841,#842,#89,.T.);
#645=EDGE_CURVE('',#842,#843,#90,.T.);
#646=EDGE_CURVE('',#843,#839,#91,.T.);
#647=EDGE_CURVE('',#844,#844,#214,.T.);
#648=EDGE_CURVE('',#845,#846,#92,.T.);
#649=EDGE_CURVE('',#846,#847,#93,.T.);
#650=EDGE_CURVE('',#847,#848,#961,.T.);
#651=EDGE_CURVE('',#848,#849,#962,.F.);
#652=EDGE_CURVE('',#849,#850,#963,.F.);
#653=EDGE_CURVE('',#850,#851,#94,.T.);
#654=EDGE_CURVE('',#851,#852,#95,.T.);
#655=EDGE_CURVE('',#845,#852,#215,.T.);
#656=EDGE_CURVE('',#847,#853,#96,.T.);
#657=EDGE_CURVE('',#853,#854,#97,.T.);
#658=EDGE_CURVE('',#854,#855,#98,.T.);
#659=EDGE_CURVE('',#855,#856,#964,.T.);
#660=EDGE_CURVE('',#856,#848,#99,.T.);
#661=EDGE_CURVE('',#855,#857,#100,.T.);
#662=EDGE_CURVE('',#857,#858,#101,.T.);
#663=EDGE_CURVE('',#858,#859,#965,.T.);
#664=EDGE_CURVE('',#860,#859,#102,.T.);
#665=EDGE_CURVE('',#860,#856,#103,.T.);
#666=EDGE_CURVE('',#858,#861,#104,.T.);
#667=EDGE_CURVE('',#861,#862,#105,.T.);
#668=EDGE_CURVE('',#862,#863,#966,.T.);
#669=EDGE_CURVE('',#864,#863,#967,.T.);
#670=EDGE_CURVE('',#859,#864,#64,.T.);
#671=EDGE_CURVE('',#862,#865,#106,.T.);
#672=EDGE_CURVE('',#865,#866,#107,.T.);
#673=EDGE_CURVE('',#866,#867,#108,.T.);
#674=EDGE_CURVE('',#868,#867,#109,.T.);
#675=EDGE_CURVE('',#868,#869,#110,.T.);
#676=EDGE_CURVE('',#870,#869,#111,.T.);
#677=EDGE_CURVE('',#870,#838,#112,.T.);
#678=EDGE_CURVE('',#839,#871,#113,.T.);
#679=EDGE_CURVE('',#871,#872,#114,.T.);
#680=EDGE_CURVE('',#863,#872,#115,.T.);
#681=EDGE_CURVE('',#873,#873,#116,.T.);
#682=EDGE_CURVE('',#841,#874,#117,.T.);
#683=EDGE_CURVE('',#874,#875,#118,.T.);
#684=EDGE_CURVE('',#875,#876,#119,.T.);
#685=EDGE_CURVE('',#876,#877,#120,.T.);
#686=EDGE_CURVE('',#877,#878,#121,.T.);
#687=EDGE_CURVE('',#878,#879,#122,.T.);
#688=EDGE_CURVE('',#879,#880,#123,.T.);
#689=EDGE_CURVE('',#880,#881,#968,.T.);
#690=EDGE_CURVE('',#881,#882,#124,.T.);
#691=EDGE_CURVE('',#882,#883,#125,.T.);
#692=EDGE_CURVE('',#883,#842,#126,.T.);
#693=EDGE_CURVE('',#884,#884,#127,.T.);
#694=EDGE_CURVE('',#880,#885,#128,.T.);
#695=EDGE_CURVE('',#885,#886,#129,.T.);
#696=EDGE_CURVE('',#886,#887,#969,.T.);
#697=EDGE_CURVE('',#887,#888,#65,.T.);
#698=EDGE_CURVE('',#888,#881,#970,.T.);
#699=EDGE_CURVE('',#886,#889,#130,.T.);
#700=EDGE_CURVE('',#889,#890,#131,.T.);
#701=EDGE_CURVE('',#890,#891,#971,.T.);
#702=EDGE_CURVE('',#891,#892,#132,.T.);
#703=EDGE_CURVE('',#892,#887,#133,.T.);
#704=EDGE_CURVE('',#893,#894,#134,.T.);
#705=EDGE_CURVE('',#894,#895,#135,.T.);
#706=EDGE_CURVE('',#895,#896,#972,.T.);
#707=EDGE_CURVE('',#896,#891,#136,.T.);
#708=EDGE_CURVE('',#890,#893,#137,.T.);
#709=EDGE_CURVE('',#897,#897,#216,.T.);
#710=EDGE_CURVE('',#895,#898,#138,.T.);
#711=EDGE_CURVE('',#898,#899,#139,.T.);
#712=EDGE_CURVE('',#899,#900,#217,.T.);
#713=EDGE_CURVE('',#900,#901,#140,.T.);
#714=EDGE_CURVE('',#901,#902,#141,.T.);
#715=EDGE_CURVE('',#902,#903,#973,.T.);
#716=EDGE_CURVE('',#903,#896,#974,.T.);
#717=EDGE_CURVE('',#904,#904,#218,.T.);
#718=EDGE_CURVE('',#832,#834,#142,.T.);
#719=EDGE_CURVE('',#835,#833,#143,.T.);
#720=EDGE_CURVE('',#905,#906,#144,.T.);
#721=EDGE_CURVE('',#906,#907,#145,.T.);
#722=EDGE_CURVE('',#907,#908,#975,.T.);
#723=EDGE_CURVE('',#908,#909,#146,.T.);
#724=EDGE_CURVE('',#909,#910,#147,.T.);
#725=EDGE_CURVE('',#905,#910,#976,.T.);
#726=EDGE_CURVE('',#911,#912,#148,.T.);
#727=EDGE_CURVE('',#912,#913,#149,.T.);
#728=EDGE_CURVE('',#913,#914,#977,.T.);
#729=EDGE_CURVE('',#914,#915,#150,.T.);
#730=EDGE_CURVE('',#915,#916,#151,.T.);
#731=EDGE_CURVE('',#916,#911,#978,.F.);
#732=EDGE_CURVE('',#910,#917,#152,.T.);
#733=EDGE_CURVE('',#917,#918,#153,.T.);
#734=EDGE_CURVE('',#918,#919,#979,.F.);
#735=EDGE_CURVE('',#919,#920,#154,.T.);
#736=EDGE_CURVE('',#920,#905,#155,.T.);
#737=EDGE_CURVE('',#921,#922,#156,.T.);
#738=EDGE_CURVE('',#922,#923,#157,.T.);
#739=EDGE_CURVE('',#923,#924,#158,.T.);
#740=EDGE_CURVE('',#924,#925,#159,.T.);
#741=EDGE_CURVE('',#925,#926,#980,.F.);
#742=EDGE_CURVE('',#926,#927,#160,.T.);
#743=EDGE_CURVE('',#927,#928,#161,.T.);
#744=EDGE_CURVE('',#928,#929,#162,.T.);
#745=EDGE_CURVE('',#929,#921,#163,.T.);
#746=EDGE_CURVE('',#930,#931,#164,.T.);
#747=EDGE_CURVE('',#931,#932,#981,.T.);
#748=EDGE_CURVE('',#932,#930,#165,.T.);
#749=EDGE_CURVE('',#933,#934,#982,.T.);
#750=EDGE_CURVE('',#934,#882,#166,.F.);
#751=EDGE_CURVE('',#888,#864,#983,.T.);
#752=EDGE_CURVE('',#872,#933,#167,.T.);
#753=EDGE_CURVE('',#892,#935,#168,.T.);
#754=EDGE_CURVE('',#935,#936,#984,.T.);
#755=EDGE_CURVE('',#936,#860,#169,.T.);
#756=EDGE_CURVE('',#937,#938,#985,.F.);
#757=EDGE_CURVE('',#938,#939,#986,.T.);
#758=EDGE_CURVE('',#939,#940,#987,.T.);
#759=EDGE_CURVE('',#937,#940,#988,.T.);
#760=EDGE_CURVE('',#935,#937,#170,.T.);
#761=EDGE_CURVE('',#940,#936,#171,.T.);
#762=EDGE_CURVE('',#852,#845,#172,.T.);
#763=EDGE_CURVE('',#899,#900,#173,.T.);
#764=EDGE_CURVE('',#941,#942,#174,.F.);
#765=EDGE_CURVE('',#941,#943,#175,.T.);
#766=EDGE_CURVE('',#944,#943,#176,.T.);
#767=EDGE_CURVE('',#944,#942,#177,.T.);
#768=EDGE_CURVE('',#945,#946,#178,.F.);
#769=EDGE_CURVE('',#945,#947,#179,.T.);
#770=EDGE_CURVE('',#947,#948,#180,.T.);
#771=EDGE_CURVE('',#948,#946,#181,.T.);
#772=EDGE_CURVE('',#949,#949,#182,.T.);
#773=EDGE_CURVE('',#950,#950,#183,.T.);
#774=EDGE_CURVE('',#867,#868,#184,.T.);
#775=EDGE_CURVE('',#876,#877,#185,.T.);
#776=EDGE_CURVE('',#869,#870,#186,.T.);
#777=EDGE_CURVE('',#874,#875,#187,.T.);
#778=EDGE_CURVE('',#903,#938,#219,.T.);
#779=EDGE_CURVE('',#896,#937,#220,.T.);
#780=EDGE_CURVE('',#939,#849,#221,.T.);
#781=EDGE_CURVE('',#940,#848,#222,.T.);
#782=EDGE_CURVE('',#850,#917,#223,.T.);
#783=EDGE_CURVE('',#851,#910,#188,.F.);
#784=EDGE_CURVE('',#909,#846,#224,.T.);
#785=EDGE_CURVE('',#920,#902,#225,.T.);
#786=EDGE_CURVE('',#905,#901,#189,.T.);
#787=EDGE_CURVE('',#898,#906,#226,.T.);
#788=EDGE_CURVE('',#902,#951,#190,.T.);
#789=EDGE_CURVE('',#951,#919,#227,.T.);
#790=EDGE_CURVE('',#903,#830,#66,.T.);
#791=EDGE_CURVE('',#831,#951,#67,.F.);
#792=EDGE_CURVE('',#938,#830,#68,.T.);
#793=EDGE_CURVE('',#831,#919,#69,.F.);
#794=EDGE_CURVE('',#939,#837,#70,.T.);
#795=EDGE_CURVE('',#836,#918,#71,.F.);
#796=EDGE_CURVE('',#849,#837,#72,.T.);
#797=EDGE_CURVE('',#836,#952,#73,.F.);
#798=EDGE_CURVE('',#952,#918,#228,.F.);
#799=EDGE_CURVE('',#850,#952,#191,.T.);
#800=EDGE_CURVE('',#931,#883,#229,.T.);
#801=EDGE_CURVE('',#843,#930,#192,.F.);
#802=EDGE_CURVE('',#871,#932,#230,.T.);
#803=EDGE_CURVE('',#931,#934,#193,.T.);
#804=EDGE_CURVE('',#933,#932,#194,.T.);
#805=EDGE_CURVE('',#921,#840,#195,.T.);
#806=EDGE_CURVE('',#879,#929,#196,.T.);
#807=EDGE_CURVE('',#922,#865,#197,.F.);
#808=EDGE_CURVE('',#885,#928,#198,.T.);
#809=EDGE_CURVE('',#923,#861,#199,.F.);
#810=EDGE_CURVE('',#889,#927,#200,.T.);
#811=EDGE_CURVE('',#924,#857,#201,.F.);
#812=EDGE_CURVE('',#893,#926,#231,.T.);
#813=EDGE_CURVE('',#925,#854,#232,.T.);
#814=EDGE_CURVE('',#913,#926,#202,.T.);
#815=EDGE_CURVE('',#913,#894,#233,.T.);
#816=EDGE_CURVE('',#853,#914,#234,.F.);
#817=EDGE_CURVE('',#925,#914,#203,.T.);
#818=EDGE_CURVE('',#895,#912,#235,.T.);
#819=EDGE_CURVE('',#898,#941,#204,.F.);
#820=EDGE_CURVE('',#953,#911,#205,.T.);
#821=EDGE_CURVE('',#942,#953,#206,.F.);
#822=EDGE_CURVE('',#907,#953,#236,.F.);
#823=EDGE_CURVE('',#907,#911,#207,.T.);
#824=EDGE_CURVE('',#908,#916,#208,.T.);
#825=EDGE_CURVE('',#908,#954,#237,.T.);
#826=EDGE_CURVE('',#954,#916,#209,.T.);
#827=EDGE_CURVE('',#945,#954,#210,.T.);
#828=EDGE_CURVE('',#846,#946,#211,.T.);
#829=EDGE_CURVE('',#847,#915,#238,.T.);
#830=VERTEX_POINT('',#1530);
#831=VERTEX_POINT('',#1531);
#832=VERTEX_POINT('',#1533);
#833=VERTEX_POINT('',#1535);
#834=VERTEX_POINT('',#1539);
#835=VERTEX_POINT('',#1540);
#836=VERTEX_POINT('',#1542);
#837=VERTEX_POINT('',#1544);
#838=VERTEX_POINT('',#1552);
#839=VERTEX_POINT('',#1553);
#840=VERTEX_POINT('',#1563);
#841=VERTEX_POINT('',#1574);
#842=VERTEX_POINT('',#1580);
#843=VERTEX_POINT('',#1585);
#844=VERTEX_POINT('',#1592);
#845=VERTEX_POINT('',#1599);
#846=VERTEX_POINT('',#1600);
#847=VERTEX_POINT('',#1607);
#848=VERTEX_POINT('',#1609);
#849=VERTEX_POINT('',#1611);
#850=VERTEX_POINT('',#1613);
#851=VERTEX_POINT('',#1623);
#852=VERTEX_POINT('',#1628);
#853=VERTEX_POINT('',#1644);
#854=VERTEX_POINT('',#1649);
#855=VERTEX_POINT('',#1654);
#856=VERTEX_POINT('',#1656);
#857=VERTEX_POINT('',#1676);
#858=VERTEX_POINT('',#1684);
#859=VERTEX_POINT('',#1686);
#860=VERTEX_POINT('',#1695);
#861=VERTEX_POINT('',#1710);
#862=VERTEX_POINT('',#1718);
#863=VERTEX_POINT('',#1720);
#864=VERTEX_POINT('',#1722);
#865=VERTEX_POINT('',#1742);
#866=VERTEX_POINT('',#1747);
#867=VERTEX_POINT('',#1757);
#868=VERTEX_POINT('',#1762);
#869=VERTEX_POINT('',#1767);
#870=VERTEX_POINT('',#1779);
#871=VERTEX_POINT('',#1792);
#872=VERTEX_POINT('',#1799);
#873=VERTEX_POINT('',#1816);
#874=VERTEX_POINT('',#1835);
#875=VERTEX_POINT('',#1847);
#876=VERTEX_POINT('',#1852);
#877=VERTEX_POINT('',#1857);
#878=VERTEX_POINT('',#1868);
#879=VERTEX_POINT('',#1873);
#880=VERTEX_POINT('',#1878);
#881=VERTEX_POINT('',#1880);
#882=VERTEX_POINT('',#1886);
#883=VERTEX_POINT('',#1893);
#884=VERTEX_POINT('',#1913);
#885=VERTEX_POINT('',#1920);
#886=VERTEX_POINT('',#1925);
#887=VERTEX_POINT('',#1927);
#888=VERTEX_POINT('',#1929);
#889=VERTEX_POINT('',#1946);
#890=VERTEX_POINT('',#1951);
#891=VERTEX_POINT('',#1953);
#892=VERTEX_POINT('',#1963);
#893=VERTEX_POINT('',#1984);
#894=VERTEX_POINT('',#1985);
#895=VERTEX_POINT('',#1993);
#896=VERTEX_POINT('',#1995);
#897=VERTEX_POINT('',#2009);
#898=VERTEX_POINT('',#2016);
#899=VERTEX_POINT('',#2023);
#900=VERTEX_POINT('',#2025);
#901=VERTEX_POINT('',#2030);
#902=VERTEX_POINT('',#2040);
#903=VERTEX_POINT('',#2042);
#904=VERTEX_POINT('',#2046);
#905=VERTEX_POINT('',#2087);
#906=VERTEX_POINT('',#2088);
#907=VERTEX_POINT('',#2094);
#908=VERTEX_POINT('',#2096);
#909=VERTEX_POINT('',#2102);
#910=VERTEX_POINT('',#2112);
#911=VERTEX_POINT('',#2126);
#912=VERTEX_POINT('',#2127);
#913=VERTEX_POINT('',#2134);
#914=VERTEX_POINT('',#2136);
#915=VERTEX_POINT('',#2143);
#916=VERTEX_POINT('',#2148);
#917=VERTEX_POINT('',#2167);
#918=VERTEX_POINT('',#2172);
#919=VERTEX_POINT('',#2174);
#920=VERTEX_POINT('',#2179);
#921=VERTEX_POINT('',#2204);
#922=VERTEX_POINT('',#2205);
#923=VERTEX_POINT('',#2211);
#924=VERTEX_POINT('',#2221);
#925=VERTEX_POINT('',#2226);
#926=VERTEX_POINT('',#2228);
#927=VERTEX_POINT('',#2233);
#928=VERTEX_POINT('',#2243);
#929=VERTEX_POINT('',#2250);
#930=VERTEX_POINT('',#2263);
#931=VERTEX_POINT('',#2264);
#932=VERTEX_POINT('',#2266);
#933=VERTEX_POINT('',#2273);
#934=VERTEX_POINT('',#2274);
#935=VERTEX_POINT('',#2320);
#936=VERTEX_POINT('',#2322);
#937=VERTEX_POINT('',#2333);
#938=VERTEX_POINT('',#2334);
#939=VERTEX_POINT('',#2336);
#940=VERTEX_POINT('',#2338);
#941=VERTEX_POINT('',#2408);
#942=VERTEX_POINT('',#2409);
#943=VERTEX_POINT('',#2414);
#944=VERTEX_POINT('',#2422);
#945=VERTEX_POINT('',#2434);
#946=VERTEX_POINT('',#2435);
#947=VERTEX_POINT('',#2441);
#948=VERTEX_POINT('',#2449);
#949=VERTEX_POINT('',#2473);
#950=VERTEX_POINT('',#2491);
#951=VERTEX_POINT('',#2875);
#952=VERTEX_POINT('',#2984);
#953=VERTEX_POINT('',#3635);
#954=VERTEX_POINT('',#3696);
#955=LINE('',#1529,#989);
#956=LINE('',#1532,#990);
#957=LINE('',#1536,#991);
#958=LINE('',#1541,#992);
#959=LINE('',#1543,#993);
#960=LINE('',#1545,#994);
#961=LINE('',#1608,#995);
#962=LINE('',#1610,#996);
#963=LINE('',#1612,#997);
#964=LINE('',#1655,#998);
#965=LINE('',#1685,#999);
#966=LINE('',#1719,#1000);
#967=LINE('',#1721,#1001);
#968=LINE('',#1879,#1002);
#969=LINE('',#1926,#1003);
#970=LINE('',#1930,#1004);
#971=LINE('',#1952,#1005);
#972=LINE('',#1994,#1006);
#973=LINE('',#2041,#1007);
#974=LINE('',#2043,#1008);
#975=LINE('',#2095,#1009);
#976=LINE('',#2113,#1010);
#977=LINE('',#2135,#1011);
#978=LINE('',#2149,#1012);
#979=LINE('',#2173,#1013);
#980=LINE('',#2227,#1014);
#981=LINE('',#2265,#1015);
#982=LINE('',#2272,#1016);
#983=LINE('',#2281,#1017);
#984=LINE('',#2321,#1018);
#985=LINE('',#2332,#1019);
#986=LINE('',#2335,#1020);
#987=LINE('',#2337,#1021);
#988=LINE('',#2339,#1022);
#989=VECTOR('',#1365,1.);
#990=VECTOR('',#1366,1.);
#991=VECTOR('',#1369,1.);
#992=VECTOR('',#1374,1.);
#993=VECTOR('',#1375,1.);
#994=VECTOR('',#1376,1.);
#995=VECTOR('',#1383,1.);
#996=VECTOR('',#1384,1.);
#997=VECTOR('',#1385,1.);
#998=VECTOR('',#1388,1.);
#999=VECTOR('',#1389,1.);
#1000=VECTOR('',#1392,1.);
#1001=VECTOR('',#1393,1.);
#1002=VECTOR('',#1396,1.);
#1003=VECTOR('',#1399,1.);
#1004=VECTOR('',#1402,1.);
#1005=VECTOR('',#1403,1.);
#1006=VECTOR('',#1404,1.);
#1007=VECTOR('',#1411,1.);
#1008=VECTOR('',#1412,1.);
#1009=VECTOR('',#1419,1.);
#1010=VECTOR('',#1420,1.);
#1011=VECTOR('',#1421,1.);
#1012=VECTOR('',#1422,1.);
#1013=VECTOR('',#1423,1.);
#1014=VECTOR('',#1424,1.);
#1015=VECTOR('',#1427,1.);
#1016=VECTOR('',#1430,1.);
#1017=VECTOR('',#1431,1.);
#1018=VECTOR('',#1432,1.);
#1019=VECTOR('',#1435,1.);
#1020=VECTOR('',#1436,1.);
#1021=VECTOR('',#1437,1.);
#1022=VECTOR('',#1438,1.);
#1023=EDGE_LOOP('',(#239,#240,#241,#242));
#1024=EDGE_LOOP('',(#243,#244,#245,#246));
#1025=EDGE_LOOP('',(#247,#248,#249,#250,#251,#252));
#1026=EDGE_LOOP('',(#253));
#1027=EDGE_LOOP('',(#254,#255,#256,#257,#258,#259,#260,#261));
#1028=EDGE_LOOP('',(#262,#263,#264,#265,#266,#267));
#1029=EDGE_LOOP('',(#268,#269,#270,#271,#272,#273));
#1030=EDGE_LOOP('',(#274,#275,#276,#277,#278,#279));
#1031=EDGE_LOOP('',(#280,#281,#282,#283,#284,#285,#286,#287,#288,#289,#290,
#291));
#1032=EDGE_LOOP('',(#292));
#1033=EDGE_LOOP('',(#293,#294,#295,#296,#297,#298,#299,#300,#301,#302,#303,
#304));
#1034=EDGE_LOOP('',(#305));
#1035=EDGE_LOOP('',(#306,#307,#308,#309,#310,#311));
#1036=EDGE_LOOP('',(#312,#313,#314,#315,#316,#317));
#1037=EDGE_LOOP('',(#318,#319,#320,#321,#322,#323));
#1038=EDGE_LOOP('',(#324));
#1039=EDGE_LOOP('',(#325,#326,#327,#328,#329,#330,#331,#332));
#1040=EDGE_LOOP('',(#333));
#1041=EDGE_LOOP('',(#334,#335,#336,#337));
#1042=EDGE_LOOP('',(#338));
#1043=EDGE_LOOP('',(#339,#340,#341,#342,#343,#344));
#1044=EDGE_LOOP('',(#345,#346,#347,#348,#349,#350));
#1045=EDGE_LOOP('',(#351,#352,#353,#354,#355,#356));
#1046=EDGE_LOOP('',(#357,#358,#359,#360,#361,#362,#363,#364,#365));
#1047=EDGE_LOOP('',(#366,#367,#368));
#1048=EDGE_LOOP('',(#369,#370,#371,#372,#373,#374,#375,#376));
#1049=EDGE_LOOP('',(#377,#378,#379,#380,#381,#382,#383,#384));
#1050=EDGE_LOOP('',(#385,#386,#387,#388));
#1051=EDGE_LOOP('',(#389,#390,#391,#392));
#1052=EDGE_LOOP('',(#393,#394));
#1053=EDGE_LOOP('',(#395,#396));
#1054=EDGE_LOOP('',(#397,#398,#399,#400));
#1055=EDGE_LOOP('',(#401,#402,#403,#404));
#1056=EDGE_LOOP('',(#405));
#1057=EDGE_LOOP('',(#406));
#1058=EDGE_LOOP('',(#407));
#1059=EDGE_LOOP('',(#408));
#1060=EDGE_LOOP('',(#409));
#1061=EDGE_LOOP('',(#410));
#1062=EDGE_LOOP('',(#411,#412));
#1063=EDGE_LOOP('',(#413,#414));
#1064=EDGE_LOOP('',(#415,#416));
#1065=EDGE_LOOP('',(#417,#418));
#1066=EDGE_LOOP('',(#419,#420,#421,#422));
#1067=EDGE_LOOP('',(#423,#424,#425,#426,#427));
#1068=EDGE_LOOP('',(#428,#429,#430,#431));
#1069=EDGE_LOOP('',(#432,#433,#434,#435,#436));
#1070=EDGE_LOOP('',(#437,#438,#439,#440));
#1071=EDGE_LOOP('',(#441,#442,#443,#444,#445,#446));
#1072=EDGE_LOOP('',(#447));
#1073=EDGE_LOOP('',(#448,#449,#450,#451));
#1074=EDGE_LOOP('',(#452,#453,#454,#455,#456,#457));
#1075=EDGE_LOOP('',(#458));
#1076=EDGE_LOOP('',(#459,#460,#461,#462));
#1077=EDGE_LOOP('',(#463,#464,#465,#466,#467));
#1078=EDGE_LOOP('',(#468,#469,#470));
#1079=EDGE_LOOP('',(#471,#472,#473));
#1080=EDGE_LOOP('',(#474,#475,#476,#477,#478,#479));
#1081=EDGE_LOOP('',(#480,#481,#482,#483,#484,#485));
#1082=EDGE_LOOP('',(#486,#487,#488));
#1083=EDGE_LOOP('',(#489,#490,#491));
#1084=EDGE_LOOP('',(#492,#493,#494,#495,#496));
#1085=EDGE_LOOP('',(#497,#498,#499,#500));
#1086=EDGE_LOOP('',(#501,#502,#503,#504,#505));
#1087=EDGE_LOOP('',(#506,#507,#508,#509,#510));
#1088=EDGE_LOOP('',(#511,#512,#513,#514));
#1089=EDGE_LOOP('',(#515,#516,#517,#518));
#1090=EDGE_LOOP('',(#519,#520,#521,#522));
#1091=EDGE_LOOP('',(#523,#524,#525,#526,#527,#528,#529,#530,#531,#532));
#1092=EDGE_LOOP('',(#533,#534,#535,#536,#537,#538,#539,#540,#541,#542));
#1093=EDGE_LOOP('',(#543,#544,#545,#546,#547));
#1094=EDGE_LOOP('',(#548,#549,#550,#551,#552));
#1095=EDGE_LOOP('',(#553,#554,#555,#556,#557));
#1096=EDGE_LOOP('',(#558,#559,#560,#561,#562));
#1097=EDGE_LOOP('',(#563,#564,#565,#566,#567));
#1098=EDGE_LOOP('',(#568,#569,#570,#571,#572));
#1099=EDGE_LOOP('',(#573,#574,#575,#576));
#1100=EDGE_LOOP('',(#577,#578,#579,#580));
#1101=EDGE_LOOP('',(#581,#582,#583,#584));
#1102=EDGE_LOOP('',(#585,#586,#587,#588));
#1103=EDGE_LOOP('',(#589,#590,#591,#592,#593,#594,#595,#596,#597));
#1104=EDGE_LOOP('',(#598,#599,#600,#601,#602,#603));
#1105=EDGE_LOOP('',(#604,#605,#606));
#1106=EDGE_LOOP('',(#607,#608,#609,#610));
#1107=EDGE_LOOP('',(#611,#612,#613));
#1108=EDGE_LOOP('',(#614,#615,#616,#617,#618,#619));
#1109=EDGE_LOOP('',(#620,#621,#622,#623,#624,#625,#626,#627,#628));
#1110=EDGE_LOOP('',(#629,#630,#631,#632));
#1111=FACE_BOUND('',#1023,.T.);
#1112=FACE_BOUND('',#1024,.T.);
#1113=FACE_BOUND('',#1025,.T.);
#1114=FACE_BOUND('',#1026,.T.);
#1115=FACE_BOUND('',#1027,.T.);
#1116=FACE_BOUND('',#1028,.T.);
#1117=FACE_BOUND('',#1029,.T.);
#1118=FACE_BOUND('',#1030,.T.);
#1119=FACE_BOUND('',#1031,.T.);
#1120=FACE_BOUND('',#1032,.T.);
#1121=FACE_BOUND('',#1033,.T.);
#1122=FACE_BOUND('',#1034,.T.);
#1123=FACE_BOUND('',#1035,.T.);
#1124=FACE_BOUND('',#1036,.T.);
#1125=FACE_BOUND('',#1037,.T.);
#1126=FACE_BOUND('',#1038,.T.);
#1127=FACE_BOUND('',#1039,.T.);
#1128=FACE_BOUND('',#1040,.T.);
#1129=FACE_BOUND('',#1041,.T.);
#1130=FACE_BOUND('',#1042,.T.);
#1131=FACE_BOUND('',#1043,.T.);
#1132=FACE_BOUND('',#1044,.T.);
#1133=FACE_BOUND('',#1045,.T.);
#1134=FACE_BOUND('',#1046,.T.);
#1135=FACE_BOUND('',#1047,.T.);
#1136=FACE_BOUND('',#1048,.T.);
#1137=FACE_BOUND('',#1049,.T.);
#1138=FACE_BOUND('',#1050,.T.);
#1139=FACE_BOUND('',#1051,.T.);
#1140=FACE_BOUND('',#1052,.T.);
#1141=FACE_BOUND('',#1053,.T.);
#1142=FACE_BOUND('',#1054,.T.);
#1143=FACE_BOUND('',#1055,.T.);
#1144=FACE_BOUND('',#1056,.T.);
#1145=FACE_BOUND('',#1057,.T.);
#1146=FACE_BOUND('',#1058,.T.);
#1147=FACE_BOUND('',#1059,.T.);
#1148=FACE_BOUND('',#1060,.T.);
#1149=FACE_BOUND('',#1061,.T.);
#1150=FACE_BOUND('',#1062,.T.);
#1151=FACE_BOUND('',#1063,.T.);
#1152=FACE_BOUND('',#1064,.T.);
#1153=FACE_BOUND('',#1065,.T.);
#1154=FACE_BOUND('',#1066,.T.);
#1155=FACE_BOUND('',#1067,.T.);
#1156=FACE_BOUND('',#1068,.T.);
#1157=FACE_BOUND('',#1069,.T.);
#1158=FACE_BOUND('',#1070,.T.);
#1159=FACE_BOUND('',#1071,.T.);
#1160=FACE_BOUND('',#1072,.T.);
#1161=FACE_BOUND('',#1073,.T.);
#1162=FACE_BOUND('',#1074,.T.);
#1163=FACE_BOUND('',#1075,.T.);
#1164=FACE_BOUND('',#1076,.T.);
#1165=FACE_BOUND('',#1077,.T.);
#1166=FACE_BOUND('',#1078,.T.);
#1167=FACE_BOUND('',#1079,.T.);
#1168=FACE_BOUND('',#1080,.T.);
#1169=FACE_BOUND('',#1081,.T.);
#1170=FACE_BOUND('',#1082,.T.);
#1171=FACE_BOUND('',#1083,.T.);
#1172=FACE_BOUND('',#1084,.T.);
#1173=FACE_BOUND('',#1085,.T.);
#1174=FACE_BOUND('',#1086,.T.);
#1175=FACE_BOUND('',#1087,.T.);
#1176=FACE_BOUND('',#1088,.T.);
#1177=FACE_BOUND('',#1089,.T.);
#1178=FACE_BOUND('',#1090,.T.);
#1179=FACE_BOUND('',#1091,.T.);
#1180=FACE_BOUND('',#1092,.T.);
#1181=FACE_BOUND('',#1093,.T.);
#1182=FACE_BOUND('',#1094,.T.);
#1183=FACE_BOUND('',#1095,.T.);
#1184=FACE_BOUND('',#1096,.T.);
#1185=FACE_BOUND('',#1097,.T.);
#1186=FACE_BOUND('',#1098,.T.);
#1187=FACE_BOUND('',#1099,.T.);
#1188=FACE_BOUND('',#1100,.T.);
#1189=FACE_BOUND('',#1101,.T.);
#1190=FACE_BOUND('',#1102,.T.);
#1191=FACE_BOUND('',#1103,.T.);
#1192=FACE_BOUND('',#1104,.T.);
#1193=FACE_BOUND('',#1105,.T.);
#1194=FACE_BOUND('',#1106,.T.);
#1195=FACE_BOUND('',#1107,.T.);
#1196=FACE_BOUND('',#1108,.T.);
#1197=FACE_BOUND('',#1109,.T.);
#1198=FACE_BOUND('',#1110,.T.);
#1199=PLANE('',#1296);
#1200=PLANE('',#1298);
#1201=PLANE('',#1300);
#1202=PLANE('',#1301);
#1203=PLANE('',#1304);
#1204=PLANE('',#1306);
#1205=PLANE('',#1308);
#1206=PLANE('',#1313);
#1207=PLANE('',#1315);
#1208=PLANE('',#1316);
#1209=ADVANCED_FACE('',(#1111),#1199,.T.);
#1210=ADVANCED_FACE('',(#1112),#1200,.T.);
#1211=ADVANCED_FACE('',(#1113),#1201,.F.);
#1212=ADVANCED_FACE('',(#1114,#1115),#1202,.T.);
#1213=ADVANCED_FACE('',(#1116),#74,.T.);
#1214=ADVANCED_FACE('',(#1117),#75,.T.);
#1215=ADVANCED_FACE('',(#1118),#1203,.T.);
#1216=ADVANCED_FACE('',(#1119,#1120),#76,.T.);
#1217=ADVANCED_FACE('',(#1121,#1122),#77,.F.);
#1218=ADVANCED_FACE('',(#1123),#1204,.F.);
#1219=ADVANCED_FACE('',(#1124),#78,.F.);
#1220=ADVANCED_FACE('',(#1125),#79,.F.);
#1221=ADVANCED_FACE('',(#1126,#1127),#1205,.F.);
#1222=ADVANCED_FACE('',(#1128,#1129),#46,.F.);
#1223=ADVANCED_FACE('',(#1130),#1206,.T.);
#1224=ADVANCED_FACE('',(#1131),#80,.F.);
#1225=ADVANCED_FACE('',(#1132),#81,.F.);
#1226=ADVANCED_FACE('',(#1133),#82,.F.);
#1227=ADVANCED_FACE('',(#1134),#83,.F.);
#1228=ADVANCED_FACE('',(#1135),#47,.T.);
#1229=ADVANCED_FACE('',(#1136),#1207,.F.);
#1230=ADVANCED_FACE('',(#1137),#84,.F.);
#1231=ADVANCED_FACE('',(#1138),#1208,.F.);
#1232=ADVANCED_FACE('',(#1139),#85,.F.);
#1233=ADVANCED_FACE('',(#1140,#1141),#48,.F.);
#1234=ADVANCED_FACE('',(#1142,#1143),#49,.F.);
#1235=ADVANCED_FACE('',(#1144,#1145),#50,.F.);
#1236=ADVANCED_FACE('',(#1146,#1147),#51,.F.);
#1237=ADVANCED_FACE('',(#1148,#1149),#52,.F.);
#1238=ADVANCED_FACE('',(#1150,#1151),#53,.F.);
#1239=ADVANCED_FACE('',(#1152,#1153),#54,.F.);
#1240=ADVANCED_FACE('',(#1154),#55,.T.);
#1241=ADVANCED_FACE('',(#1155),#12,.T.);
#1242=ADVANCED_FACE('',(#1156),#56,.T.);
#1243=ADVANCED_FACE('',(#1157),#13,.T.);
#1244=ADVANCED_FACE('',(#1158),#14,.T.);
#1245=ADVANCED_FACE('',(#1159,#1160),#15,.T.);
#1246=ADVANCED_FACE('',(#1161),#16,.T.);
#1247=ADVANCED_FACE('',(#1162,#1163),#17,.T.);
#1248=ADVANCED_FACE('',(#1164),#18,.T.);
#1249=ADVANCED_FACE('',(#1165),#57,.T.);
#1250=ADVANCED_FACE('',(#1166),#19,.T.);
#1251=ADVANCED_FACE('',(#1167),#20,.T.);
#1252=ADVANCED_FACE('',(#1168),#58,.T.);
#1253=ADVANCED_FACE('',(#1169),#59,.T.);
#1254=ADVANCED_FACE('',(#1170),#21,.T.);
#1255=ADVANCED_FACE('',(#1171),#22,.T.);
#1256=ADVANCED_FACE('',(#1172),#60,.T.);
#1257=ADVANCED_FACE('',(#1173),#23,.T.);
#1258=ADVANCED_FACE('',(#1174),#24,.T.);
#1259=ADVANCED_FACE('',(#1175),#25,.T.);
#1260=ADVANCED_FACE('',(#1176),#26,.T.);
#1261=ADVANCED_FACE('',(#1177),#27,.T.);
#1262=ADVANCED_FACE('',(#1178),#61,.F.);
#1263=ADVANCED_FACE('',(#1179),#28,.T.);
#1264=ADVANCED_FACE('',(#1180),#29,.T.);
#1265=ADVANCED_FACE('',(#1181),#30,.T.);
#1266=ADVANCED_FACE('',(#1182),#31,.T.);
#1267=ADVANCED_FACE('',(#1183),#32,.T.);
#1268=ADVANCED_FACE('',(#1184),#33,.T.);
#1269=ADVANCED_FACE('',(#1185),#34,.T.);
#1270=ADVANCED_FACE('',(#1186),#35,.T.);
#1271=ADVANCED_FACE('',(#1187),#36,.T.);
#1272=ADVANCED_FACE('',(#1188),#37,.T.);
#1273=ADVANCED_FACE('',(#1189),#62,.F.);
#1274=ADVANCED_FACE('',(#1190),#38,.T.);
#1275=ADVANCED_FACE('',(#1191),#39,.T.);
#1276=ADVANCED_FACE('',(#1192),#40,.T.);
#1277=ADVANCED_FACE('',(#1193),#41,.T.);
#1278=ADVANCED_FACE('',(#1194),#63,.T.);
#1279=ADVANCED_FACE('',(#1195),#42,.T.);
#1280=ADVANCED_FACE('',(#1196),#43,.T.);
#1281=ADVANCED_FACE('',(#1197),#44,.T.);
#1282=ADVANCED_FACE('',(#1198),#45,.T.);
#1283=CLOSED_SHELL('',(#1209,#1210,#1211,#1212,#1213,#1214,#1215,#1216,
#1217,#1218,#1219,#1220,#1221,#1222,#1223,#1224,#1225,#1226,#1227,#1228,
#1229,#1230,#1231,#1232,#1233,#1234,#1235,#1236,#1237,#1238,#1239,#1240,
#1241,#1242,#1243,#1244,#1245,#1246,#1247,#1248,#1249,#1250,#1251,#1252,
#1253,#1254,#1255,#1256,#1257,#1258,#1259,#1260,#1261,#1262,#1263,#1264,
#1265,#1266,#1267,#1268,#1269,#1270,#1271,#1272,#1273,#1274,#1275,#1276,
#1277,#1278,#1279,#1280,#1281,#1282));
#1284=STYLED_ITEM('',(#1285),#1292);
#1285=PRESENTATION_STYLE_ASSIGNMENT((#1286));
#1286=SURFACE_STYLE_USAGE(.BOTH.,#1287);
#1287=SURFACE_SIDE_STYLE('',(#1288));
#1288=SURFACE_STYLE_FILL_AREA(#1289);
#1289=FILL_AREA_STYLE('',(#1290));
#1290=FILL_AREA_STYLE_COLOUR('',#1291);
#1291=COLOUR_RGB('',0.647058823529412,0.647058823529412,0.647058823529412);
#1292=MANIFOLD_SOLID_BREP('Part 1',#1283);
#1293=SHAPE_DEFINITION_REPRESENTATION(#3779,#1294);
#1294=SHAPE_REPRESENTATION('Part 1',(#1295),#3774);
#1295=AXIS2_PLACEMENT_3D('',#1527,#1361,#1362);
#1296=AXIS2_PLACEMENT_3D('',#1528,#1363,#1364);
#1297=AXIS2_PLACEMENT_3D('',#1534,#1367,#1368);
#1298=AXIS2_PLACEMENT_3D('',#1537,#1370,#1371);
#1299=AXIS2_PLACEMENT_3D('',#1538,#1372,#1373);
#1300=AXIS2_PLACEMENT_3D('',#1546,#1377,#1378);
#1301=AXIS2_PLACEMENT_3D('',#1590,#1379,#1380);
#1302=AXIS2_PLACEMENT_3D('',#1591,#1381,#1382);
#1303=AXIS2_PLACEMENT_3D('',#1629,#1386,#1387);
#1304=AXIS2_PLACEMENT_3D('',#1705,#1390,#1391);
#1305=AXIS2_PLACEMENT_3D('',#1723,#1394,#1395);
#1306=AXIS2_PLACEMENT_3D('',#1914,#1397,#1398);
#1307=AXIS2_PLACEMENT_3D('',#1928,#1400,#1401);
#1308=AXIS2_PLACEMENT_3D('',#2007,#1405,#1406);
#1309=AXIS2_PLACEMENT_3D('',#2008,#1407,#1408);
#1310=AXIS2_PLACEMENT_3D('',#2024,#1409,#1410);
#1311=AXIS2_PLACEMENT_3D('',#2044,#1413,#1414);
#1312=AXIS2_PLACEMENT_3D('',#2045,#1415,#1416);
#1313=AXIS2_PLACEMENT_3D('',#2069,#1417,#1418);
#1314=AXIS2_PLACEMENT_3D('',#2258,#1425,#1426);
#1315=AXIS2_PLACEMENT_3D('',#2271,#1428,#1429);
#1316=AXIS2_PLACEMENT_3D('',#2331,#1433,#1434);
#1317=AXIS2_PLACEMENT_3D('',#2373,#1439,#1440);
#1318=AXIS2_PLACEMENT_3D('',#2400,#1441,#1442);
#1319=AXIS2_PLACEMENT_3D('',#2454,#1443,#1444);
#1320=AXIS2_PLACEMENT_3D('',#2455,#1445,#1446);
#1321=AXIS2_PLACEMENT_3D('',#2492,#1447,#1448);
#1322=AXIS2_PLACEMENT_3D('',#2493,#1449,#1450);
#1323=AXIS2_PLACEMENT_3D('',#2516,#1451,#1452);
#1324=AXIS2_PLACEMENT_3D('',#2527,#1453,#1454);
#1325=AXIS2_PLACEMENT_3D('',#2528,#1455,#1456);
#1326=AXIS2_PLACEMENT_3D('',#2529,#1457,#1458);
#1327=AXIS2_PLACEMENT_3D('',#2596,#1459,#1460);
#1328=AXIS2_PLACEMENT_3D('',#2597,#1461,#1462);
#1329=AXIS2_PLACEMENT_3D('',#2598,#1463,#1464);
#1330=AXIS2_PLACEMENT_3D('',#2716,#1465,#1466);
#1331=AXIS2_PLACEMENT_3D('',#2761,#1467,#1468);
#1332=AXIS2_PLACEMENT_3D('',#2813,#1469,#1470);
#1333=AXIS2_PLACEMENT_3D('',#2858,#1471,#1472);
#1334=AXIS2_PLACEMENT_3D('',#2876,#1473,#1474);
#1335=AXIS2_PLACEMENT_3D('',#2877,#1475,#1476);
#1336=AXIS2_PLACEMENT_3D('',#2878,#1477,#1478);
#1337=AXIS2_PLACEMENT_3D('',#2879,#1479,#1480);
#1338=AXIS2_PLACEMENT_3D('',#2907,#1481,#1482);
#1339=AXIS2_PLACEMENT_3D('',#2929,#1483,#1484);
#1340=AXIS2_PLACEMENT_3D('',#2930,#1485,#1486);
#1341=AXIS2_PLACEMENT_3D('',#2931,#1487,#1488);
#1342=AXIS2_PLACEMENT_3D('',#2932,#1489,#1490);
#1343=AXIS2_PLACEMENT_3D('',#2933,#1491,#1492);
#1344=AXIS2_PLACEMENT_3D('',#2961,#1493,#1494);
#1345=AXIS2_PLACEMENT_3D('',#2983,#1495,#1496);
#1346=AXIS2_PLACEMENT_3D('',#2985,#1497,#1498);
#1347=AXIS2_PLACEMENT_3D('',#2986,#1499,#1500);
#1348=AXIS2_PLACEMENT_3D('',#3030,#1501,#1502);
#1349=AXIS2_PLACEMENT_3D('',#3067,#1503,#1504);
#1350=AXIS2_PLACEMENT_3D('',#3112,#1505,#1506);
#1351=AXIS2_PLACEMENT_3D('',#3511,#1507,#1508);
#1352=AXIS2_PLACEMENT_3D('',#3542,#1509,#1510);
#1353=AXIS2_PLACEMENT_3D('',#3559,#1511,#1512);
#1354=AXIS2_PLACEMENT_3D('',#3572,#1513,#1514);
#1355=AXIS2_PLACEMENT_3D('',#3577,#1515,#1516);
#1356=AXIS2_PLACEMENT_3D('',#3599,#1517,#1518);
#1357=AXIS2_PLACEMENT_3D('',#3655,#1519,#1520);
#1358=AXIS2_PLACEMENT_3D('',#3675,#1521,#1522);
#1359=AXIS2_PLACEMENT_3D('',#3695,#1523,#1524);
#1360=AXIS2_PLACEMENT_3D('',#3751,#1525,#1526);
#1361=DIRECTION('',(0.,0.,1.));
#1362=DIRECTION('',(1.,0.,0.));
#1363=DIRECTION('',(-1.,0.,0.));
#1364=DIRECTION('',(0.,0.,1.));
#1365=DIRECTION('',(0.,0.,1.));
#1366=DIRECTION('',(0.,1.,0.));
#1367=DIRECTION('',(-1.,0.,0.));
#1368=DIRECTION('',(0.,0.,1.));
#1369=DIRECTION('',(0.,-1.,0.));
#1370=DIRECTION('',(-1.,0.,0.));
#1371=DIRECTION('',(0.,0.,1.));
#1372=DIRECTION('',(-1.,0.,0.));
#1373=DIRECTION('',(0.,0.,1.));
#1374=DIRECTION('',(0.,1.,0.));
#1375=DIRECTION('',(0.,0.,1.));
#1376=DIRECTION('',(0.,-1.,0.));
#1377=DIRECTION('',(0.,0.,1.));
#1378=DIRECTION('',(1.,0.,0.));
#1379=DIRECTION('',(7.80527998189789E-17,-1.,0.));
#1380=DIRECTION('',(1.,7.80527998189789E-17,0.));
#1381=DIRECTION('',(7.80527998189789E-17,-1.,0.));
#1382=DIRECTION('',(1.,7.80527998189789E-17,0.));
#1383=DIRECTION('',(0.,0.,1.));
#1384=DIRECTION('',(1.,7.80527998189789E-17,0.));
#1385=DIRECTION('',(0.,0.,1.));
#1386=DIRECTION('',(7.80527998189789E-17,-1.,0.));
#1387=DIRECTION('',(1.,7.80527998189789E-17,0.));
#1388=DIRECTION('',(0.,0.,1.));
#1389=DIRECTION('',(0.,0.,1.));
#1390=DIRECTION('',(0.,-1.,0.));
#1391=DIRECTION('',(0.,0.,-1.));
#1392=DIRECTION('',(0.,0.,1.));
#1393=DIRECTION('',(0.999777625697918,-5.71060194893194E-36,-0.0210878911661171));
#1394=DIRECTION('',(-3.98620229575203E-16,-1.,-1.73517031610902E-15));
#1395=DIRECTION('',(0.987657257898537,-4.03291020262693E-16,-0.156630587435348));
#1396=DIRECTION('',(0.,0.,1.));
#1397=DIRECTION('',(0.,-1.,0.));
#1398=DIRECTION('',(0.,0.,-1.));
#1399=DIRECTION('',(0.,0.,1.));
#1400=DIRECTION('',(-1.99310114787601E-16,-1.,-8.67585158054508E-16));
#1401=DIRECTION('',(0.987657257898537,-2.06440938820128E-16,-0.156630587435348));
#1402=DIRECTION('',(0.999777625697918,-5.71060194893194E-36,-0.0210878911661171));
#1403=DIRECTION('',(0.,0.,1.));
#1404=DIRECTION('',(0.,0.,1.));
#1405=DIRECTION('',(2.34158399456937E-16,-1.,0.));
#1406=DIRECTION('',(1.,2.34158399456937E-16,0.));
#1407=DIRECTION('',(2.34158399456937E-16,-1.,0.));
#1408=DIRECTION('',(1.,2.34158399456937E-16,0.));
#1409=DIRECTION('',(2.34158399456937E-16,-1.,0.));
#1410=DIRECTION('',(1.,2.34158399456937E-16,0.));
#1411=DIRECTION('',(0.,0.,1.));
#1412=DIRECTION('',(1.,2.34158399456937E-16,0.));
#1413=DIRECTION('',(-1.,0.,0.));
#1414=DIRECTION('',(0.,0.,1.));
#1415=DIRECTION('',(-1.,0.,0.));
#1416=DIRECTION('',(0.,0.,1.));
#1417=DIRECTION('',(-1.,0.,0.));
#1418=DIRECTION('',(0.,-1.,0.));
#1419=DIRECTION('',(7.80527998189789E-17,-1.,0.));
#1420=DIRECTION('',(7.80527998189789E-17,-1.,0.));
#1421=DIRECTION('',(7.80527998189789E-17,-1.,0.));
#1422=DIRECTION('',(7.80527998189789E-17,-1.,0.));
#1423=DIRECTION('',(7.80527998189789E-17,-1.,0.));
#1424=DIRECTION('',(7.80527998189789E-17,-1.,0.));
#1425=DIRECTION('',(-7.80527998189789E-17,1.,8.373607823169E-34));
#1426=DIRECTION('',(-1.,-7.80527998189789E-17,0.));
#1427=DIRECTION('',(7.80527998189789E-17,-1.,0.));
#1428=DIRECTION('',(-0.0210878911661171,-1.64596894779335E-18,-0.999777625697918));
#1429=DIRECTION('',(-0.999777625697918,0.,0.0210878911661171));
#1430=DIRECTION('',(-7.80527998189789E-17,1.,-1.92635774560983E-34));
#1431=DIRECTION('',(7.80527998189789E-17,-1.,0.));
#1432=DIRECTION('',(7.80527998189789E-17,-1.,0.));
#1433=DIRECTION('',(0.,0.,-1.));
#1434=DIRECTION('',(-1.,0.,0.));
#1435=DIRECTION('',(1.,2.34158399456937E-16,0.));
#1436=DIRECTION('',(0.,-1.,0.));
#1437=DIRECTION('',(1.,7.80527998189789E-17,0.));
#1438=DIRECTION('',(7.80527998189789E-17,-1.,0.));
#1439=DIRECTION('',(7.80527998189789E-17,-1.,0.));
#1440=DIRECTION('',(1.,7.80527998189789E-17,0.));
#1441=DIRECTION('',(7.80527998189789E-17,-1.,0.));
#1442=DIRECTION('',(1.,7.80527998189789E-17,0.));
#1443=DIRECTION('',(7.80527998189789E-17,-1.,0.));
#1444=DIRECTION('',(1.,7.80527998189789E-17,0.));
#1445=DIRECTION('',(7.80527998189789E-17,-1.,0.));
#1446=DIRECTION('',(1.,7.80527998189789E-17,0.));
#1447=DIRECTION('',(7.80527998189789E-17,-1.,0.));
#1448=DIRECTION('',(1.,7.80527998189789E-17,0.));
#1449=DIRECTION('',(7.80527998189789E-17,-1.,0.));
#1450=DIRECTION('',(1.,7.80527998189789E-17,0.));
#1451=DIRECTION('',(7.80527998189789E-17,-1.,0.));
#1452=DIRECTION('',(1.,7.80527998189789E-17,0.));
#1453=DIRECTION('',(1.,2.34158399456937E-16,0.));
#1454=DIRECTION('',(-2.34158399456937E-16,1.,0.));
#1455=DIRECTION('',(1.,0.,0.));
#1456=DIRECTION('',(0.,0.,-1.));
#1457=DIRECTION('',(1.,0.,-1.56105599637958E-15));
#1458=DIRECTION('',(-1.56105599637958E-15,0.,-1.));
#1459=DIRECTION('',(-1.,-7.80527998189789E-17,0.));
#1460=DIRECTION('',(7.80527998189789E-17,-1.,0.));
#1461=DIRECTION('',(1.,0.,0.));
#1462=DIRECTION('',(0.,0.,-1.));
#1463=DIRECTION('',(1.,0.,0.));
#1464=DIRECTION('',(0.,0.,-1.));
#1465=DIRECTION('',(0.97276355502724,0.,-0.231799624699366));
#1466=DIRECTION('',(-0.231799624699366,0.,-0.97276355502724));
#1467=DIRECTION('',(-0.999112161933028,-7.20371123925229E-14,0.0421294181957176));
#1468=DIRECTION('',(0.0421294181957176,0.,0.999112161933029));
#1469=DIRECTION('',(0.972763555027203,1.54011821956612E-13,-0.231799624699519));
#1470=DIRECTION('',(-0.231799624699519,0.,-0.972763555027203));
#1471=DIRECTION('',(-0.999112161933027,-3.15222325333186E-15,0.0421294181957428));
#1472=DIRECTION('',(0.0421294181957428,0.,0.999112161933028));
#1473=DIRECTION('',(-0.952287453867305,-0.215810802796027,0.215810802796012));
#1474=DIRECTION('',(0.221019073327072,-0.97526948543756,0.));
#1475=DIRECTION('',(0.,0.,-1.));
#1476=DIRECTION('',(-1.,0.,0.));
#1477=DIRECTION('',(0.,-0.36813302933316,0.929773129700999));
#1478=DIRECTION('',(0.,-0.929773129700999,-0.36813302933316));
#1479=DIRECTION('',(-2.87338136452954E-17,0.36813302933316,0.929773129700999));
#1480=DIRECTION('',(0.,-0.929773129700999,0.36813302933316));
#1481=DIRECTION('',(0.,-0.929773129700999,0.36813302933316));
#1482=DIRECTION('',(0.,-0.36813302933316,-0.929773129700999));
#1483=DIRECTION('',(-7.25713959696176E-17,0.929773129700999,0.36813302933316));
#1484=DIRECTION('',(0.,-0.36813302933316,0.929773129700999));
#1485=DIRECTION('',(0.,1.,0.));
#1486=DIRECTION('',(0.,0.,1.));
#1487=DIRECTION('',(0.,-0.929773129700999,-0.36813302933316));
#1488=DIRECTION('',(0.,0.36813302933316,-0.929773129700999));
#1489=DIRECTION('',(7.80527998189789E-17,-1.,0.));
#1490=DIRECTION('',(1.,7.80527998189789E-17,0.));
#1491=DIRECTION('',(-7.25713959696176E-17,0.929773129700999,-0.36813302933316));
#1492=DIRECTION('',(0.,0.36813302933316,0.929773129700999));
#1493=DIRECTION('',(0.,-0.36813302933316,-0.929773129700999));
#1494=DIRECTION('',(0.,0.929773129700999,-0.36813302933316));
#1495=DIRECTION('',(-2.87338136452954E-17,0.36813302933316,-0.929773129700999));
#1496=DIRECTION('',(0.,0.929773129700999,0.36813302933316));
#1497=DIRECTION('',(-0.952287453867305,0.215810802796028,0.215810802796012));
#1498=DIRECTION('',(-0.221019073327073,-0.97526948543756,0.));
#1499=DIRECTION('',(0.,0.,1.));
#1500=DIRECTION('',(1.,0.,0.));
#1501=DIRECTION('',(-0.990638063497012,0.136509609594241,0.00116346006306908));
#1502=DIRECTION('',(-0.136509701986722,-0.990638733981009,0.));
#1503=DIRECTION('',(-0.990638063497012,-0.136509609594241,0.00116346006306923));
#1504=DIRECTION('',(0.136509701986722,-0.990638733981009,0.));
#1505=DIRECTION('',(7.80527998189789E-17,-1.,0.));
#1506=DIRECTION('',(1.,7.80527998189789E-17,0.));
#1507=DIRECTION('',(-0.888533307638389,0.443924317400364,-0.115929985930319));
#1508=DIRECTION('',(-0.446937845986196,-0.894565012631961,0.));
#1509=DIRECTION('',(-0.88853330763838,-0.44392431740038,-0.115929985930333));
#1510=DIRECTION('',(0.446937845986212,-0.894565012631953,0.));
#1511=DIRECTION('',(0.90525712643236,-0.384831024930679,0.180040599016524));
#1512=DIRECTION('',(0.391223944933375,0.920295509556994,0.));
#1513=DIRECTION('',(-0.90525712643236,-0.384831024930679,-0.180040599016525));
#1514=DIRECTION('',(0.391223944933375,-0.920295509556994,0.));
#1515=DIRECTION('',(7.80527998189789E-17,-1.,0.));
#1516=DIRECTION('',(1.,7.80527998189789E-17,0.));
#1517=DIRECTION('',(-0.88782724452132,0.,-0.460176904989461));
#1518=DIRECTION('',(-0.460176904989461,0.,0.88782724452132));
#1519=DIRECTION('',(-0.772666803527416,0.634042632383621,-0.0312402152165169));
#1520=DIRECTION('',(-0.634352256320803,-0.773044122221174,0.));
#1521=DIRECTION('',(7.80527998189789E-17,-1.,0.));
#1522=DIRECTION('',(1.,7.80527998189789E-17,0.));
#1523=DIRECTION('',(-0.772666803527391,-0.634042632383652,-0.0312402152165157));
#1524=DIRECTION('',(0.634352256320834,-0.773044122221149,0.));
#1525=DIRECTION('',(0.887827244521321,0.,0.46017690498946));
#1526=DIRECTION('',(0.46017690498946,0.,-0.887827244521321));
#1527=CARTESIAN_POINT('',(0.,0.,0.));
#1528=CARTESIAN_POINT('',(-0.1016,-3.46944695195361E-18,-0.0127));
#1529=CARTESIAN_POINT('',(-0.1016,0.0104214770618868,0.0146715730645025));
#1530=CARTESIAN_POINT('',(-0.1016,0.0104214770618868,0.0226785299912883));
#1531=CARTESIAN_POINT('',(-0.1016,0.0104214770618868,0.0163158017165805));
#1532=CARTESIAN_POINT('',(-0.1016,-0.013335,0.0163158017165805));
#1533=CARTESIAN_POINT('',(-0.1016,0.00734029893155834,0.0163158017165805));
#1534=CARTESIAN_POINT('',(-0.1016,0.,0.02032));
#1535=CARTESIAN_POINT('',(-0.1016,0.00802190305212979,0.0226785299912883));
#1536=CARTESIAN_POINT('',(-0.1016,0.013335,0.0226785299912883));
#1537=CARTESIAN_POINT('',(-0.1016,-3.46944695195361E-18,-0.0127));
#1538=CARTESIAN_POINT('',(-0.1016,0.,0.02032));
#1539=CARTESIAN_POINT('',(-0.1016,-0.00734029893155834,0.0163158017165805));
#1540=CARTESIAN_POINT('',(-0.1016,-0.00802190305212979,0.0226785299912883));
#1541=CARTESIAN_POINT('',(-0.1016,-0.013335,0.0163158017165805));
#1542=CARTESIAN_POINT('',(-0.1016,-0.0104214770618868,0.0163158017165805));
#1543=CARTESIAN_POINT('',(-0.1016,-0.0104214770618868,-0.0127));
#1544=CARTESIAN_POINT('',(-0.1016,-0.0104214770618868,0.0226785299912883));
#1545=CARTESIAN_POINT('',(-0.1016,0.013335,0.0226785299912883));
#1546=CARTESIAN_POINT('',(-0.00238835811614989,-3.46944695195361E-18,-0.0127));
#1547=CARTESIAN_POINT('',(0.0452499908953905,-0.00786464946344494,-0.0127));
#1548=CARTESIAN_POINT('',(0.0453433709964156,-0.00787373076193034,-0.0127));
#1549=CARTESIAN_POINT('',(0.0454367510974407,-0.00788281206041574,-0.0127));
#1550=CARTESIAN_POINT('',(0.0547747611999512,-0.00879094190895556,-0.0127));
#1551=CARTESIAN_POINT('',(0.1016,0.,-0.0127));
#1552=CARTESIAN_POINT('',(0.0912388545678423,-0.00190937008319542,-0.0127));
#1553=CARTESIAN_POINT('',(0.0949495985893819,-0.00123430019078089,-0.0127));
#1554=CARTESIAN_POINT('',(0.0912388545678411,-0.00190937008319563,-0.0127));
#1555=CARTESIAN_POINT('',(0.0895893535231311,-0.00220705564269225,-0.0127));
#1556=CARTESIAN_POINT('',(0.0862825284810036,-0.00265123509520285,-0.0127));
#1557=CARTESIAN_POINT('',(0.0821324652499154,-0.00280699745559335,-0.0127));
#1558=CARTESIAN_POINT('',(0.0787908525674616,-0.00260192517377402,-0.0127));
#1559=CARTESIAN_POINT('',(0.0762892914891258,-0.00222429188758854,-0.0127));
#1560=CARTESIAN_POINT('',(0.0738656818879152,-0.00152020594155971,-0.0127));
#1561=CARTESIAN_POINT('',(0.0723647455132843,-0.000656325577204769,-0.0127));
#1562=CARTESIAN_POINT('',(0.07183175235354,1.15199253987357E-16,-0.0127));
#1563=CARTESIAN_POINT('',(0.0718317523535398,-8.09069318961665E-18,-0.0127));
#1564=CARTESIAN_POINT('',(0.0718317523535398,-4.99332113336307E-17,-0.0127));
#1565=CARTESIAN_POINT('',(0.0720983387177363,0.000328273348648899,-0.0127));
#1566=CARTESIAN_POINT('',(0.0727617175487461,0.000874214313269961,-0.0127));
#1567=CARTESIAN_POINT('',(0.0742699969565007,0.00164216496123036,-0.0127));
#1568=CARTESIAN_POINT('',(0.0762926666369222,0.00222302155277793,-0.0127));
#1569=CARTESIAN_POINT('',(0.0787734308333245,0.00260030854432076,-0.0127));
#1570=CARTESIAN_POINT('',(0.0821297920310945,0.00280753273137496,-0.0127));
#1571=CARTESIAN_POINT('',(0.0862806239431034,0.00265129320592152,-0.0127));
#1572=CARTESIAN_POINT('',(0.0895895099140751,0.00220702741880853,-0.0127));
#1573=CARTESIAN_POINT('',(0.0912388545678411,0.00190937008319563,-0.0127));
#1574=CARTESIAN_POINT('',(0.0912388545678423,0.00190937008319543,-0.0127));
#1575=CARTESIAN_POINT('',(0.0452499908953905,0.00786464946344495,-0.0127));
#1576=CARTESIAN_POINT('',(0.0453433709964156,0.00787373076193035,-0.0127));
#1577=CARTESIAN_POINT('',(0.0454367510974407,0.00788281206041575,-0.0127));
#1578=CARTESIAN_POINT('',(0.0547747611999512,0.00879094190895557,-0.0127));
#1579=CARTESIAN_POINT('',(0.1016,0.,-0.0127));
#1580=CARTESIAN_POINT('',(0.0949495985893819,0.00123430019078089,-0.0127));
#1581=CARTESIAN_POINT('',(0.0949495985893819,0.00123430019078089,-0.0127));
#1582=CARTESIAN_POINT('',(0.0961673564592387,0.00101105706973455,-0.0127));
#1583=CARTESIAN_POINT('',(0.0973229150603597,0.000617301274681146,-0.0127));
#1584=CARTESIAN_POINT('',(0.0983969291930535,-1.40947633829441E-17,-0.0127));
#1585=CARTESIAN_POINT('',(0.0983969291930535,3.28316732557274E-18,-0.0127));
#1586=CARTESIAN_POINT('',(0.0983969291930535,1.96183459854967E-18,-0.0127));
#1587=CARTESIAN_POINT('',(0.0973372382779833,-0.000609068849960244,-0.0127));
#1588=CARTESIAN_POINT('',(0.0961609364556008,-0.00101223400456267,-0.0127));
#1589=CARTESIAN_POINT('',(0.0949495985893819,-0.00123430019078089,-0.0127));
#1590=CARTESIAN_POINT('',(-0.079375,-0.01778,-0.0127));
#1591=CARTESIAN_POINT('',(-0.0685863196849823,-0.01778,-0.005461));
#1592=CARTESIAN_POINT('',(-0.0669353196849823,-0.01778,-0.005461));
#1593=CARTESIAN_POINT('',(-0.075342551147538,-0.01778,-0.00480111569902405));
#1594=CARTESIAN_POINT('',(-0.0747915412528067,-0.01778,-0.00532922113205193));
#1595=CARTESIAN_POINT('',(-0.0735283711845204,-0.01778,-0.00623063115117987));
#1596=CARTESIAN_POINT('',(-0.0706895080720236,-0.01778,-0.00735713315249124));
#1597=CARTESIAN_POINT('',(-0.0683865066157016,-0.01778,-0.00765441189848692));
#1598=CARTESIAN_POINT('',(-0.0668646377750793,-0.01778,-0.00771858432203298));
#1599=CARTESIAN_POINT('',(-0.075342551147543,-0.01778,-0.00480111569902999));
#1600=CARTESIAN_POINT('',(-0.0668646377750793,-0.01778,-0.00771858432203298));
#1601=CARTESIAN_POINT('',(-0.0668646377750797,-0.01778,-0.00771858432203246));
#1602=CARTESIAN_POINT('',(-0.0661175299360128,-0.01778,-0.00707783533883259));
#1603=CARTESIAN_POINT('',(-0.0646143523334012,-0.01778,-0.00580676187148633));
#1604=CARTESIAN_POINT('',(-0.0614265655642314,-0.01778,-0.00349252850279688));
#1605=CARTESIAN_POINT('',(-0.0588980820217134,-0.01778,-0.00198718523224187));
#1606=CARTESIAN_POINT('',(-0.05715,-0.01778,-0.00108112273034885));
#1607=CARTESIAN_POINT('',(-0.05715,-0.01778,-0.00108112273034887));
#1608=CARTESIAN_POINT('',(-0.05715,-0.01778,-0.0127));
#1609=CARTESIAN_POINT('',(-0.05715,-0.01778,0.0255920529294015));
#1610=CARTESIAN_POINT('',(-0.1016,-0.01778,0.0255920529294015));
#1611=CARTESIAN_POINT('',(-0.0942414770618868,-0.01778,0.0255920529294015));
#1612=CARTESIAN_POINT('',(-0.0942414770618868,-0.01778,-0.0127));
#1613=CARTESIAN_POINT('',(-0.0942414770618868,-0.01778,0.0133246828065496));
#1614=CARTESIAN_POINT('',(-0.0942414770618868,-0.01778,0.0133246828065496));
#1615=CARTESIAN_POINT('',(-0.0924762874067774,-0.01778,0.0129040561316878));
#1616=CARTESIAN_POINT('',(-0.089012373619914,-0.01778,0.0119123899202824));
#1617=CARTESIAN_POINT('',(-0.0848545530298863,-0.01778,0.0100000062410991));
#1618=CARTESIAN_POINT('',(-0.0819501323539917,-0.01778,0.00783310427304995));
#1619=CARTESIAN_POINT('',(-0.0800921678199964,-0.01778,0.0058052611570446));
#1620=CARTESIAN_POINT('',(-0.0787561902516745,-0.01778,0.00339213954875046));
#1621=CARTESIAN_POINT('',(-0.0783114001726979,-0.01778,0.00162770780254474));
#1622=CARTESIAN_POINT('',(-0.0782041659694421,-0.01778,0.000715613087575352));
#1623=CARTESIAN_POINT('',(-0.0782041659694421,-0.01778,0.000715613087575358));
#1624=CARTESIAN_POINT('',(-0.0782041659694418,-0.01778,0.000715613087575403));
#1625=CARTESIAN_POINT('',(-0.0778111086443679,-0.01778,-0.000990478451293084));
#1626=CARTESIAN_POINT('',(-0.0771657331221557,-0.01778,-0.00264508866081225));
#1627=CARTESIAN_POINT('',(-0.0760664753979438,-0.01778,-0.00401098533595626));
#1628=CARTESIAN_POINT('',(-0.0760664753979438,-0.01778,-0.00401098533595625));
#1629=CARTESIAN_POINT('',(-0.076855942606926,-0.01778,-0.005461));
#1630=CARTESIAN_POINT('',(-0.05715,-0.01778,-0.0012411617843074));
#1631=CARTESIAN_POINT('',(-0.05715,-0.01778,0.0257520919833601));
#1632=CARTESIAN_POINT('',(-0.04704751756112,-0.01778,-0.0012411617843074));
#1633=CARTESIAN_POINT('',(-0.04704751756112,-0.01778,0.0257520919833601));
#1634=CARTESIAN_POINT('',(-0.0397552092623733,-0.0162295094571511,-0.0012411617843074));
#1635=CARTESIAN_POINT('',(-0.0397552092623733,-0.0162295094571511,0.0257520919833601));
#1636=CARTESIAN_POINT('',(-0.0352730751037598,-0.0131285283714533,-0.0012411617843074));
#1637=CARTESIAN_POINT('',(-0.0352730751037598,-0.0131285283714533,0.0257520919833601));
#1638=CARTESIAN_POINT('',(-0.05715,-0.01778,-0.00108112273034888));
#1639=CARTESIAN_POINT('',(-0.0541789983498457,-0.0177799991881507,0.000359764765254681));
#1640=CARTESIAN_POINT('',(-0.0495217010069214,-0.0175938742216833,0.00209171117414));
#1641=CARTESIAN_POINT('',(-0.0432073382944808,-0.0165208637097347,0.00364001732921944));
#1642=CARTESIAN_POINT('',(-0.0401161220881611,-0.0155778839829922,0.00417756874695476));
#1643=CARTESIAN_POINT('',(-0.0386010674492424,-0.0149338238778688,0.00439506203351398));
#1644=CARTESIAN_POINT('',(-0.0386010670661662,-0.0149338237150205,0.00439506208850639));
#1645=CARTESIAN_POINT('',(-0.0386010670661662,-0.0149338237150205,0.00439506208850641));
#1646=CARTESIAN_POINT('',(-0.0382026152349098,-0.0147644391035804,0.00445226173855523));
#1647=CARTESIAN_POINT('',(-0.0378062127483509,-0.0145825861833058,0.00449732784515159));
#1648=CARTESIAN_POINT('',(-0.0374130701643298,-0.0143861663622904,0.00453228274701801));
#1649=CARTESIAN_POINT('',(-0.0374130701643297,-0.0143861663622903,0.00453228274701787));
#1650=CARTESIAN_POINT('',(-0.0374130701643297,-0.0143861663622903,0.00453228274701787));
#1651=CARTESIAN_POINT('',(-0.0366716827027097,-0.0140157582750148,0.0045982006277456));
#1652=CARTESIAN_POINT('',(-0.0359539180736504,-0.0135995701460354,0.00465657472310452));
#1653=CARTESIAN_POINT('',(-0.0352730751037598,-0.0131285283714533,0.00470704871825429));
#1654=CARTESIAN_POINT('',(-0.0352730751037598,-0.0131285283714533,0.00470704871825428));
#1655=CARTESIAN_POINT('',(-0.0352730751037598,-0.0131285283714533,-0.0127));
#1656=CARTESIAN_POINT('',(-0.0352730751037598,-0.0131285283714533,0.0170089210745892));
#1657=CARTESIAN_POINT('',(-0.0352730751037598,-0.0131285283714533,0.0170089210745891));
#1658=CARTESIAN_POINT('',(-0.0367687471376789,-0.0141633108717805,0.0179433056817887));
#1659=CARTESIAN_POINT('',(-0.0400156543682175,-0.0156635136794792,0.0200266557437996));
#1660=CARTESIAN_POINT('',(-0.0452548945147131,-0.0169614446153013,0.0229033575650354));
#1661=CARTESIAN_POINT('',(-0.0509986021197209,-0.0176509562223012,0.0250415764104566));
#1662=CARTESIAN_POINT('',(-0.055105278930952,-0.0177799993797435,0.0255920529294016));
#1663=CARTESIAN_POINT('',(-0.05715,-0.01778,0.0255920529294016));
#1664=CARTESIAN_POINT('',(-0.0352730751037598,-0.0131285283714533,0.00441864955885437));
#1665=CARTESIAN_POINT('',(-0.0352730751037598,-0.0131285283714533,0.0184806475497433));
#1666=CARTESIAN_POINT('',(-0.0323187733689944,-0.0088709822545449,0.00441864955885437));
#1667=CARTESIAN_POINT('',(-0.0323187733689944,-0.0088709822545449,0.0184806475497433));
#1668=CARTESIAN_POINT('',(-0.0276639151076476,-0.00712241015086572,0.00441864955885437));
#1669=CARTESIAN_POINT('',(-0.0276639151076476,-0.00712241015086572,0.0184806475497433));
#1670=CARTESIAN_POINT('',(-0.0213085003197193,-0.00788281206041575,0.00441864955885437));
#1671=CARTESIAN_POINT('',(-0.0213085003197193,-0.00788281206041575,0.0184806475497433));
#1672=CARTESIAN_POINT('',(-0.0352730751037598,-0.0131285283714533,0.00470704871825429));
#1673=CARTESIAN_POINT('',(-0.0352730751037598,-0.0131285283714533,0.00463856158028495));
#1674=CARTESIAN_POINT('',(-0.0352712925307462,-0.0131259575998377,0.00457021833633339));
#1675=CARTESIAN_POINT('',(-0.0352676961765441,-0.01312078209056,0.00450202108844463));
#1676=CARTESIAN_POINT('',(-0.0352676961765521,-0.0131207820905716,0.00450202108844462));
#1677=CARTESIAN_POINT('',(-0.0352676961765521,-0.0131207820905716,0.00450202108844462));
#1678=CARTESIAN_POINT('',(-0.03451118603381,-0.0120320891970624,0.00464558094754298));
#1679=CARTESIAN_POINT('',(-0.0327116534219304,-0.0100983108791647,0.00499330915803849));
#1680=CARTESIAN_POINT('',(-0.0291740223152527,-0.00826832349112114,0.005592394481693));
#1681=CARTESIAN_POINT('',(-0.0252560302626589,-0.00760413256549824,0.00607424614460796));
#1682=CARTESIAN_POINT('',(-0.022628793457457,-0.0077248453570674,0.00629791153809136));
#1683=CARTESIAN_POINT('',(-0.0213085003197193,-0.00788281206041575,0.00639208752011068));
#1684=CARTESIAN_POINT('',(-0.0213085003197193,-0.00788281206041574,0.00639208752011067));
#1685=CARTESIAN_POINT('',(-0.0213085003197193,-0.00788281206041574,-0.0127));
#1686=CARTESIAN_POINT('',(-0.0213085003197193,-0.00788281206041573,0.0115101706832164));
#1687=CARTESIAN_POINT('',(-0.0326853837233911,-0.0103641287920821,0.01741123540688));
#1688=CARTESIAN_POINT('',(-0.0319112371163701,-0.00976032147234379,0.0168571093020757));
#1689=CARTESIAN_POINT('',(-0.0306826125122178,-0.00903740463342212,0.0159774440024011));
#1690=CARTESIAN_POINT('',(-0.0289281654993704,-0.00837616492891699,0.0147222385437391));
#1691=CARTESIAN_POINT('',(-0.0270356850819664,-0.00788874634614809,0.0136883912313826));
#1692=CARTESIAN_POINT('',(-0.024480471006087,-0.00763069266442139,0.012576229442643));
#1693=CARTESIAN_POINT('',(-0.0223689429802424,-0.00775593401217856,0.0118461354580621));
#1694=CARTESIAN_POINT('',(-0.0213085003197193,-0.00788281206041575,0.0115101706832164));
#1695=CARTESIAN_POINT('',(-0.0326853837233909,-0.0103641287920822,0.0174112354068801));
#1696=CARTESIAN_POINT('',(-0.0326853837233909,-0.0103641287920822,0.0174112354068801));
#1697=CARTESIAN_POINT('',(-0.0329499320548107,-0.0105704672523771,0.0176385849539177));
#1698=CARTESIAN_POINT('',(-0.0334770041199453,-0.0110170049583072,0.01804547758538));
#1699=CARTESIAN_POINT('',(-0.0341588949759276,-0.0117122478883788,0.0183843491451235));
#1700=CARTESIAN_POINT('',(-0.0346866097630469,-0.0123362464471403,0.0183999549534692));
#1701=CARTESIAN_POINT('',(-0.0350409438708478,-0.012799147281927,0.0181521883983618));
#1702=CARTESIAN_POINT('',(-0.035241583419081,-0.0130827222598755,0.0176202471508043));
#1703=CARTESIAN_POINT('',(-0.0352730751037598,-0.0131285283714533,0.0172134352698665));
#1704=CARTESIAN_POINT('',(-0.0352730751037598,-0.0131285283714533,0.0170089210745892));
#1705=CARTESIAN_POINT('',(0.0120641253888607,-0.00788281206041574,-0.0127));
#1706=CARTESIAN_POINT('',(-0.0213085003197193,-0.00788281206041575,0.00639208752011067));
#1707=CARTESIAN_POINT('',(-0.0213085003197193,-0.00788281206041575,0.00637723552423445));
#1708=CARTESIAN_POINT('',(-0.021308063405115,-0.00788281206041574,0.00636239641878743));
#1709=CARTESIAN_POINT('',(-0.0213071869136307,-0.00788281206041574,0.00634757028231555));
#1710=CARTESIAN_POINT('',(-0.0213071869136307,-0.00788281206041574,0.00634757028231555));
#1711=CARTESIAN_POINT('',(-0.0213071869136307,-0.00788281206041575,0.0063475702823148));
#1712=CARTESIAN_POINT('',(-0.01571354250822,-0.00788281206041575,0.0066862333524362));
#1713=CARTESIAN_POINT('',(-0.0045319638384726,-0.00788281206041575,0.00700770194153597));
#1714=CARTESIAN_POINT('',(0.01225147711349,-0.00788281206041575,0.00636762203172917));
#1715=CARTESIAN_POINT('',(0.0289598388490201,-0.00788281206041576,0.00455276280162976));
#1716=CARTESIAN_POINT('',(0.0399629709006381,-0.00788281206041574,0.00254746182432141));
#1717=CARTESIAN_POINT('',(0.0454367510974407,-0.00788281206041574,0.00134087369012637));
#1718=CARTESIAN_POINT('',(0.0454367510974407,-0.00788281206041574,0.00134087369012636));
#1719=CARTESIAN_POINT('',(0.0454367510974407,-0.00788281206041574,-0.0127));
#1720=CARTESIAN_POINT('',(0.0454367510974407,-0.00788281206041574,0.00678426267880645));
#1721=CARTESIAN_POINT('',(0.0124897568084968,-0.00788281206041574,0.00747919984478966));
#1722=CARTESIAN_POINT('',(0.00334756169468161,-0.00788281206041572,0.00767203234136105));
#1723=CARTESIAN_POINT('',(-0.00843482641503232,-0.00788281206041574,0.0145004629157482));
#1724=CARTESIAN_POINT('',(0.045318453864135,-0.0078713075484924,-0.0127));
#1725=CARTESIAN_POINT('',(0.045318453864135,-0.0078713075484924,0.00690116825487929));
#1726=CARTESIAN_POINT('',(0.0460489544398297,-0.00794234938394574,-0.0127));
#1727=CARTESIAN_POINT('',(0.0460489544398297,-0.00794234938394574,0.00690116825487929));
#1728=CARTESIAN_POINT('',(0.0477921412888332,-0.00801142314120472,-0.0127));
#1729=CARTESIAN_POINT('',(0.0477921412888332,-0.00801142314120472,0.00690116825487929));
#1730=CARTESIAN_POINT('',(0.0527166632488634,-0.00777747851458786,-0.0127));
#1731=CARTESIAN_POINT('',(0.0527166632488634,-0.00777747851458786,0.00690116825487929));
#1732=CARTESIAN_POINT('',(0.064918901506991,-0.00644070295230367,-0.0127));
#1733=CARTESIAN_POINT('',(0.064918901506991,-0.00644070295230367,0.00690116825487929));
#1734=CARTESIAN_POINT('',(0.0815819943248606,-0.00368972609128608,-0.0127));
#1735=CARTESIAN_POINT('',(0.0815819943248606,-0.00368972609128608,0.00690116825487929));
#1736=CARTESIAN_POINT('',(0.0954414618933747,-0.0011440427307869,-0.0127));
#1737=CARTESIAN_POINT('',(0.0954414618933747,-0.0011440427307869,0.00690116825487929));
#1738=CARTESIAN_POINT('',(0.0454367510974407,-0.00788281206041574,0.00134087369012637));
#1739=CARTESIAN_POINT('',(0.0454367510974407,-0.00788281206041574,0.00129596429509566));
#1740=CARTESIAN_POINT('',(0.0454320832176632,-0.00788235810492534,0.00125156275472896));
#1741=CARTESIAN_POINT('',(0.0454223986100837,-0.00788141626816164,0.00120770702289504));
#1742=CARTESIAN_POINT('',(0.0454223986100838,-0.00788141626816167,0.00120770702289504));
#1743=CARTESIAN_POINT('',(0.0454223986100838,-0.00788141626816167,0.00120770702289504));
#1744=CARTESIAN_POINT('',(0.0454271828064906,-0.00788188153554847,0.00120663897883673));
#1745=CARTESIAN_POINT('',(0.0454318555664951,-0.00788234704720734,0.00120507202314842));
#1746=CARTESIAN_POINT('',(0.0454367510974407,-0.00788281206041574,0.00120450243018624));
#1747=CARTESIAN_POINT('',(0.0454367510974407,-0.00788281206041574,0.00120450243018623));
#1748=CARTESIAN_POINT('',(0.0454367510974407,-0.00788281206041574,0.00120450243018624));
#1749=CARTESIAN_POINT('',(0.0467226539775976,-0.00800786429405092,0.001054918142625));
#1750=CARTESIAN_POINT('',(0.0492860595025704,-0.00796170874859655,0.000532210660486603));
#1751=CARTESIAN_POINT('',(0.053070402996959,-0.00769967462415941,-0.00032250323167983));
#1752=CARTESIAN_POINT('',(0.0568271592561562,-0.00731304416467836,-0.00127203455060122));
#1753=CARTESIAN_POINT('',(0.0618055709183051,-0.00670633355512711,-0.00262931383042979));
#1754=CARTESIAN_POINT('',(0.0679637226096743,-0.00583038629964675,-0.00448603461309869));
#1755=CARTESIAN_POINT('',(0.0728173826061653,-0.00506535900322031,-0.00614855691067994));
#1756=CARTESIAN_POINT('',(0.0752338205281486,-0.00467162994379421,-0.0070061052966146));
#1757=CARTESIAN_POINT('',(0.075233820528147,-0.00467162994379447,-0.00700610529661954));
#1758=CARTESIAN_POINT('',(0.0757939512890712,-0.00458013159128038,-0.00720490906648102));
#1759=CARTESIAN_POINT('',(0.0756205853592677,-0.00460852237559368,-0.00710517562296004));
#1760=CARTESIAN_POINT('',(0.0754301658601608,-0.00463963786893369,-0.007037804832855));
#1761=CARTESIAN_POINT('',(0.075233820528147,-0.00467162994379447,-0.00700610529661953));
#1762=CARTESIAN_POINT('',(0.0757939512890712,-0.00458013159128038,-0.00720490906648105));
#1763=CARTESIAN_POINT('',(0.0757939512890712,-0.00458013159128039,-0.00720490906648106));
#1764=CARTESIAN_POINT('',(0.0779544328691168,-0.00422632639656049,-0.00797180635115532));
#1765=CARTESIAN_POINT('',(0.080113201600931,-0.00386272911029374,-0.00873910935141996));
#1766=CARTESIAN_POINT('',(0.0822707112965168,-0.00349170136028272,-0.00950660001183128));
#1767=CARTESIAN_POINT('',(0.0822707112965168,-0.00349170136028272,-0.0095066000118314));
#1768=CARTESIAN_POINT('',(0.0842111036766935,-0.00315597605522164,-0.0101970249188514));
#1769=CARTESIAN_POINT('',(0.0845324110391984,-0.00310005471322742,-0.0100863723711283));
#1770=CARTESIAN_POINT('',(0.0850978937530328,-0.00300129478206992,-0.00966815249454596));
#1771=CARTESIAN_POINT('',(0.0854352245742846,-0.00294215456291974,-0.00864113312116844));
#1772=CARTESIAN_POINT('',(0.0851082334052534,-0.00299948449794271,-0.00761810714203424));
#1773=CARTESIAN_POINT('',(0.0842578703570164,-0.00314800981608183,-0.00697858044275066));
#1774=CARTESIAN_POINT('',(0.083201636961581,-0.00333132589206026,-0.00694349157214125));
#1775=CARTESIAN_POINT('',(0.0823105851662791,-0.00348492254011823,-0.00752296919023464));
#1776=CARTESIAN_POINT('',(0.081917249670786,-0.00355240684726623,-0.00852374763475269));
#1777=CARTESIAN_POINT('',(0.0820897680425166,-0.00352281823940904,-0.00921504503885114));
#1778=CARTESIAN_POINT('',(0.0822707112965169,-0.00349170136028272,-0.00950660001183137));
#1779=CARTESIAN_POINT('',(0.0842111036766935,-0.00315597605522164,-0.0101970249188514));
#1780=CARTESIAN_POINT('',(0.0842111036766935,-0.00315597605522164,-0.0101970249188514));
#1781=CARTESIAN_POINT('',(0.0865549595245437,-0.002748044025806,-0.0110312054680569));
#1782=CARTESIAN_POINT('',(0.0888974368452345,-0.00233192588999837,-0.0118655675257802));
#1783=CARTESIAN_POINT('',(0.091238854567841,-0.00190937008319564,-0.0127));
#1784=CARTESIAN_POINT('',(0.0949495985893819,-0.00123430019078089,-0.0127));
#1785=CARTESIAN_POINT('',(0.0927437757737905,-0.00163867841900971,-0.0107182459730495));
#1786=CARTESIAN_POINT('',(0.08809828620749,-0.00247979470129743,-0.00699862360359648));
#1787=CARTESIAN_POINT('',(0.0817629546680637,-0.0035861585175984,-0.00330254102512775));
#1788=CARTESIAN_POINT('',(0.0763241124572957,-0.00449730118817899,-0.00107856439700821));
#1789=CARTESIAN_POINT('',(0.0706156852863049,-0.00541925048423262,0.000581678073408651));
#1790=CARTESIAN_POINT('',(0.0662438963865777,-0.00607829897920036,0.00108548120418578));
#1791=CARTESIAN_POINT('',(0.063266845918089,-0.00648853558545506,0.0010889232109498));
#1792=CARTESIAN_POINT('',(0.063266845918089,-0.00648853558545506,0.0010889232109498));
#1793=CARTESIAN_POINT('',(0.063266845918089,-0.00648853558545506,0.0010889232109498));
#1794=CARTESIAN_POINT('',(0.0622982557173029,-0.00662200700653299,0.00109004307572049));
#1795=CARTESIAN_POINT('',(0.060396487159501,-0.00687562034589648,0.00134293109750336));
#1796=CARTESIAN_POINT('',(0.0567915466033287,-0.00731838894967511,0.00282601968162635));
#1797=CARTESIAN_POINT('',(0.0546667758491766,-0.00753348720334743,0.00491590834454844));
#1798=CARTESIAN_POINT('',(0.053692767709008,-0.00762293147531813,0.0066101219746185));
#1799=CARTESIAN_POINT('',(0.0536927677090079,-0.00762293147531814,0.00661012197461851));
#1800=CARTESIAN_POINT('',(0.0454367510974407,-0.00788281206041574,0.00678426267880645));
#1801=CARTESIAN_POINT('',(0.0468262287610511,-0.00801794000805683,0.00675495500778559));
#1802=CARTESIAN_POINT('',(0.0495796537496402,-0.0079501102400804,0.00669687816649512));
#1803=CARTESIAN_POINT('',(0.0523229929562996,-0.0077487194440908,0.00663901406038313));
#1804=CARTESIAN_POINT('',(0.0536927677090079,-0.00762293147531814,0.00661012197461851));
#1805=CARTESIAN_POINT('',(0.0806261077523919,-0.00377317696264278,-0.0067629693131226));
#1806=CARTESIAN_POINT('',(0.0811740555424331,-0.00367958506338563,-0.00546075873127081));
#1807=CARTESIAN_POINT('',(0.0806265516858852,-0.00377310098776865,-0.00415999576179416));
#1808=CARTESIAN_POINT('',(0.0793416324943091,-0.00399089531072208,-0.00363516496888268));
#1809=CARTESIAN_POINT('',(0.0780543776313059,-0.0042065772813957,-0.00415934542037774));
#1810=CARTESIAN_POINT('',(0.0775075065031073,-0.00429740014495223,-0.00546060030897894));
#1811=CARTESIAN_POINT('',(0.0780524787125721,-0.00420689360452468,-0.00676040298419158));
#1812=CARTESIAN_POINT('',(0.079339679912231,-0.00399122501500794,-0.00728715653340746));
#1813=CARTESIAN_POINT('',(0.0806261077523919,-0.00377317696264278,-0.0067629693131226));
#1814=CARTESIAN_POINT('',(0.0811740555424331,-0.00367958506338563,-0.00546075873127081));
#1815=CARTESIAN_POINT('',(0.0806265516858852,-0.00377310098776865,-0.00415999576179416));
#1816=CARTESIAN_POINT('',(0.0809914802680016,-0.00371076970065899,-0.005461));
#1817=CARTESIAN_POINT('',(0.0453184538641349,0.00787130754849239,-0.0127));
#1818=CARTESIAN_POINT('',(0.0453184538641349,0.00787130754849239,0.00690116825487929));
#1819=CARTESIAN_POINT('',(0.0460489544398297,0.00794234938394572,-0.0127));
#1820=CARTESIAN_POINT('',(0.0460489544398297,0.00794234938394572,0.00690116825487929));
#1821=CARTESIAN_POINT('',(0.0477921412888331,0.00801142314120474,-0.0127));
#1822=CARTESIAN_POINT('',(0.0477921412888331,0.00801142314120474,0.00690116825487929));
#1823=CARTESIAN_POINT('',(0.0527166632488632,0.00777747851458787,-0.0127));
#1824=CARTESIAN_POINT('',(0.0527166632488632,0.00777747851458787,0.00690116825487929));
#1825=CARTESIAN_POINT('',(0.0649189015069908,0.00644070295230371,-0.0127));
#1826=CARTESIAN_POINT('',(0.0649189015069908,0.00644070295230371,0.00690116825487929));
#1827=CARTESIAN_POINT('',(0.0815819943248605,0.0036897260912861,-0.0127));
#1828=CARTESIAN_POINT('',(0.0815819943248605,0.0036897260912861,0.00690116825487929));
#1829=CARTESIAN_POINT('',(0.0954414618933747,0.0011440427307869,-0.0127));
#1830=CARTESIAN_POINT('',(0.0954414618933747,0.0011440427307869,0.00690116825487929));
#1831=CARTESIAN_POINT('',(0.0912388545678411,0.00190937008319564,-0.0127));
#1832=CARTESIAN_POINT('',(0.0888974368452244,0.00233192588992195,-0.0118655675257765));
#1833=CARTESIAN_POINT('',(0.086554959524543,0.00274804402580613,-0.0110312054680566));
#1834=CARTESIAN_POINT('',(0.0842111036766935,0.00315597605522165,-0.0101970249188514));
#1835=CARTESIAN_POINT('',(0.0842111036766935,0.00315597605522165,-0.0101970249188514));
#1836=CARTESIAN_POINT('',(0.0842111036766935,0.00315597605522164,-0.0101970249188514));
#1837=CARTESIAN_POINT('',(0.0845324110391984,0.00310005471322742,-0.0100863723711283));
#1838=CARTESIAN_POINT('',(0.0850978937530328,0.00300129478206993,-0.00966815249454599));
#1839=CARTESIAN_POINT('',(0.0854352245742846,0.00294215456291974,-0.0086411331211685));
#1840=CARTESIAN_POINT('',(0.0851082334052534,0.00299948449794271,-0.00761810714203432));
#1841=CARTESIAN_POINT('',(0.0842578703570165,0.00314800981608181,-0.00697858044275071));
#1842=CARTESIAN_POINT('',(0.0832016369615812,0.00333132589206024,-0.00694349157214122));
#1843=CARTESIAN_POINT('',(0.0823105851662792,0.00348492254011822,-0.00752296919023451));
#1844=CARTESIAN_POINT('',(0.0819172496707861,0.00355240684726623,-0.00852374763475249));
#1845=CARTESIAN_POINT('',(0.0820897680425165,0.00352281823940905,-0.00921504503885095));
#1846=CARTESIAN_POINT('',(0.0822707112965168,0.00349170136028274,-0.0095066000118312));
#1847=CARTESIAN_POINT('',(0.0822707112965167,0.00349170136028275,-0.00950660001183122));
#1848=CARTESIAN_POINT('',(0.0822707112965167,0.00349170136028275,-0.00950660001183123));
#1849=CARTESIAN_POINT('',(0.0801132016009395,0.0038627291102923,-0.00873910935142297));
#1850=CARTESIAN_POINT('',(0.0779544328691338,0.00422632639655762,-0.00797180635116138));
#1851=CARTESIAN_POINT('',(0.0757939512890969,0.00458013159127618,-0.00720490906649018));
#1852=CARTESIAN_POINT('',(0.0757939512890953,0.00458013159127644,-0.00720490906649493));
#1853=CARTESIAN_POINT('',(0.0757939512890953,0.00458013159127644,-0.00720490906649489));
#1854=CARTESIAN_POINT('',(0.0756205853592865,0.0046085223755906,-0.00710517562296698));
#1855=CARTESIAN_POINT('',(0.0754301658601732,0.00463963786893168,-0.00703780483285761));
#1856=CARTESIAN_POINT('',(0.075233820528152,0.00467162994379367,-0.00700610529662033));
#1857=CARTESIAN_POINT('',(0.075233820528152,0.00467162994379366,-0.0070061052966198));
#1858=CARTESIAN_POINT('',(0.0752338205281532,0.00467162994379347,-0.00700610529661622));
#1859=CARTESIAN_POINT('',(0.0728173825930582,0.00506535900535597,-0.00614855690602849));
#1860=CARTESIAN_POINT('',(0.0679637032538028,0.00583050849076327,-0.00448588241368656));
#1861=CARTESIAN_POINT('',(0.0618056239643219,0.00670599755669633,-0.00262973232075295));
#1862=CARTESIAN_POINT('',(0.0568270674021563,0.00731362455483118,-0.00127131163945062));
#1863=CARTESIAN_POINT('',(0.0530707529824179,0.00769746003317035,-0.000325261576429432));
#1864=CARTESIAN_POINT('',(0.049915751062101,0.0079245656607277,0.000397890825010722));
#1865=CARTESIAN_POINT('',(0.047365293168544,0.0079850156641243,0.000910154568751263));
#1866=CARTESIAN_POINT('',(0.0460778924729614,0.00794516363359382,0.00112991955226594));
#1867=CARTESIAN_POINT('',(0.0454367510974407,0.00788281206041575,0.00120450243018624));
#1868=CARTESIAN_POINT('',(0.0454367510974407,0.00788281206041575,0.00120450243018623));
#1869=CARTESIAN_POINT('',(0.0454367510974407,0.00788281206041575,0.00120450243018624));
#1870=CARTESIAN_POINT('',(0.0454319669688083,0.00788234679962007,0.00120557078064731));
#1871=CARTESIAN_POINT('',(0.0454271828064905,0.00788188153554845,0.00120663897883677));
#1872=CARTESIAN_POINT('',(0.0454223986100836,0.00788141626816164,0.0012077070228951));
#1873=CARTESIAN_POINT('',(0.0454223986100836,0.00788141626816164,0.0012077070228951));
#1874=CARTESIAN_POINT('',(0.0454223986100836,0.00788141626816164,0.0012077070228951));
#1875=CARTESIAN_POINT('',(0.0454320832176631,0.00788235810492534,0.001251562754729));
#1876=CARTESIAN_POINT('',(0.0454367510974407,0.00788281206041575,0.00129596429509569));
#1877=CARTESIAN_POINT('',(0.0454367510974407,0.00788281206041575,0.00134087369012639));
#1878=CARTESIAN_POINT('',(0.0454367510974407,0.00788281206041575,0.00134087369012636));
#1879=CARTESIAN_POINT('',(0.0454367510974407,0.00788281206041575,-0.0127));
#1880=CARTESIAN_POINT('',(0.0454367510974407,0.00788281206041574,0.00678426267880645));
#1881=CARTESIAN_POINT('',(0.0454367510974407,0.00788281206041575,0.00678426267880645));
#1882=CARTESIAN_POINT('',(0.0468262287610511,0.00801794000805684,0.00675495500778559));
#1883=CARTESIAN_POINT('',(0.0495796537496402,0.00795011024008041,0.00669687816649512));
#1884=CARTESIAN_POINT('',(0.0523229929562996,0.00774871944409081,0.00663901406038313));
#1885=CARTESIAN_POINT('',(0.0536927677090079,0.00762293147531815,0.00661012197461851));
#1886=CARTESIAN_POINT('',(0.0536927677090079,0.00762293147531814,0.00661012197461851));
#1887=CARTESIAN_POINT('',(0.0536927677090079,0.00762293147531815,0.0066101219746185));
#1888=CARTESIAN_POINT('',(0.0546667758494206,0.00753348720356301,0.00491590834468463));
#1889=CARTESIAN_POINT('',(0.0567915466032766,0.00731838894964144,0.00282601968160294));
#1890=CARTESIAN_POINT('',(0.0603964871595066,0.00687562034588076,0.00134293109749696));
#1891=CARTESIAN_POINT('',(0.062298255717315,0.00662200700658915,0.00109004307574817));
#1892=CARTESIAN_POINT('',(0.063266845918089,0.00648853558545507,0.0010889232109498));
#1893=CARTESIAN_POINT('',(0.063266845918089,0.00648853558545507,0.0010889232109498));
#1894=CARTESIAN_POINT('',(0.063266845918089,0.00648853558545507,0.0010889232109498));
#1895=CARTESIAN_POINT('',(0.0662438963866012,0.00607829897937485,0.0010854812041623));
#1896=CARTESIAN_POINT('',(0.0706156852862984,0.00541925048419357,0.000581678073413836));
#1897=CARTESIAN_POINT('',(0.0763241124572924,0.00449730118818692,-0.00107856439700758));
#1898=CARTESIAN_POINT('',(0.0817629546680666,0.0035861585175938,-0.00330254102512861));
#1899=CARTESIAN_POINT('',(0.0880982862074875,0.00247979470129807,-0.00699862360359522));
#1900=CARTESIAN_POINT('',(0.0927437757737905,0.00163867841901256,-0.0107182459730494));
#1901=CARTESIAN_POINT('',(0.0949495985893819,0.00123430019078089,-0.0127));
#1902=CARTESIAN_POINT('',(0.0806261077523918,0.00377317696264278,-0.00676296931312257));
#1903=CARTESIAN_POINT('',(0.0811740555424331,0.00367958506338563,-0.00546075873127082));
#1904=CARTESIAN_POINT('',(0.0806265516858851,0.00377310098776865,-0.00415999576179414));
#1905=CARTESIAN_POINT('',(0.0793416324943091,0.0039908953107221,-0.00363516496888268));
#1906=CARTESIAN_POINT('',(0.078054377631306,0.0042065772813957,-0.00415934542037776));
#1907=CARTESIAN_POINT('',(0.0775075065031073,0.00429740014495224,-0.00546060030897896));
#1908=CARTESIAN_POINT('',(0.0780524787125721,0.00420689360452468,-0.0067604029841916));
#1909=CARTESIAN_POINT('',(0.0793396799122311,0.00399122501500794,-0.00728715653340746));
#1910=CARTESIAN_POINT('',(0.0806261077523918,0.00377317696264278,-0.00676296931312257));
#1911=CARTESIAN_POINT('',(0.0811740555424331,0.00367958506338563,-0.00546075873127082));
#1912=CARTESIAN_POINT('',(0.0806265516858851,0.00377310098776865,-0.00415999576179414));
#1913=CARTESIAN_POINT('',(0.0809914802680015,0.00371076970065899,-0.005461));
#1914=CARTESIAN_POINT('',(0.0120641253888607,0.00788281206041574,-0.0127));
#1915=CARTESIAN_POINT('',(0.0454367510974407,0.00788281206041574,0.00134087369012637));
#1916=CARTESIAN_POINT('',(0.0344933416597241,0.00788281206041574,0.00375313496121281));
#1917=CARTESIAN_POINT('',(0.0123013522888063,0.00788281206041576,0.00695413110467848));
#1918=CARTESIAN_POINT('',(-0.0101234771882801,0.00788281206041575,0.0070246797294706));
#1919=CARTESIAN_POINT('',(-0.0213071869136307,0.00788281206041575,0.00634757028231481));
#1920=CARTESIAN_POINT('',(-0.0213071869136307,0.00788281206041573,0.00634757028231481));
#1921=CARTESIAN_POINT('',(-0.0213071869136307,0.00788281206041573,0.00634757028231481));
#1922=CARTESIAN_POINT('',(-0.021308063405115,0.00788281206041573,0.00636239641878693));
#1923=CARTESIAN_POINT('',(-0.0213085003197193,0.00788281206041574,0.00637723552423421));
#1924=CARTESIAN_POINT('',(-0.0213085003197193,0.00788281206041574,0.00639208752011067));
#1925=CARTESIAN_POINT('',(-0.0213085003197193,0.00788281206041574,0.00639208752011067));
#1926=CARTESIAN_POINT('',(-0.0213085003197193,0.00788281206041574,-0.0127));
#1927=CARTESIAN_POINT('',(-0.0213085003197193,0.00788281206041575,0.0115101706832164));
#1928=CARTESIAN_POINT('',(-0.0084348264150323,0.00788281206041575,0.0145004629157483));
#1929=CARTESIAN_POINT('',(0.00334756169468161,0.00788281206041577,0.00767203234136105));
#1930=CARTESIAN_POINT('',(0.0124897568084968,0.00788281206041574,0.00747919984478966));
#1931=CARTESIAN_POINT('',(-0.0352730751037598,0.0131285283714533,0.00441869681066041));
#1932=CARTESIAN_POINT('',(-0.0352730751037598,0.0131285283714533,0.0184727249972034));
#1933=CARTESIAN_POINT('',(-0.0323187733689944,0.00887098225454489,0.00441869681066041));
#1934=CARTESIAN_POINT('',(-0.0323187733689944,0.00887098225454489,0.0184727249972034));
#1935=CARTESIAN_POINT('',(-0.0276639151076476,0.00712241015086571,0.00441869681066041));
#1936=CARTESIAN_POINT('',(-0.0276639151076476,0.00712241015086571,0.0184727249972034));
#1937=CARTESIAN_POINT('',(-0.0213085003197193,0.00788281206041575,0.00441869681066041));
#1938=CARTESIAN_POINT('',(-0.0213085003197193,0.00788281206041575,0.0184727249972034));
#1939=CARTESIAN_POINT('',(-0.0213085003197193,0.00788281206041575,0.00639208752011068));
#1940=CARTESIAN_POINT('',(-0.0226230314621082,0.00772553326364325,0.00629832224491637));
#1941=CARTESIAN_POINT('',(-0.0252587051703943,0.00760381317384167,0.0060740554888888));
#1942=CARTESIAN_POINT('',(-0.0291733019723866,0.00826840943130819,0.00559244583670829));
#1943=CARTESIAN_POINT('',(-0.0327118591514718,0.0100982862655597,0.00499329450004371));
#1944=CARTESIAN_POINT('',(-0.0345111860213637,0.0120320891791534,0.00464558094990492));
#1945=CARTESIAN_POINT('',(-0.0352676961765436,0.0131207820905594,0.00450202108844623));
#1946=CARTESIAN_POINT('',(-0.0352676961765436,0.0131207820905594,0.00450202108844624));
#1947=CARTESIAN_POINT('',(-0.0352676961765436,0.0131207820905594,0.00450202108844624));
#1948=CARTESIAN_POINT('',(-0.0352712925307457,0.013125957599837,0.00457021833633468));
#1949=CARTESIAN_POINT('',(-0.0352730751037598,0.0131285283714533,0.00463856158028525));
#1950=CARTESIAN_POINT('',(-0.0352730751037598,0.0131285283714533,0.00470704871825429));
#1951=CARTESIAN_POINT('',(-0.0352730751037598,0.0131285283714533,0.00470704871825428));
#1952=CARTESIAN_POINT('',(-0.0352730751037598,0.0131285283714533,-0.0127));
#1953=CARTESIAN_POINT('',(-0.0352730751037598,0.0131285283714533,0.0170089210745892));
#1954=CARTESIAN_POINT('',(-0.0352730751037598,0.0131285283714533,0.0170089210745892));
#1955=CARTESIAN_POINT('',(-0.0352730751037598,0.0131285283714533,0.0172135618148055));
#1956=CARTESIAN_POINT('',(-0.0352409874708891,0.0130818829468601,0.0176225261636653));
#1957=CARTESIAN_POINT('',(-0.0350415270466827,0.0127999515613112,0.0181510388676576));
#1958=CARTESIAN_POINT('',(-0.0346858971715199,0.012335249383515,0.0184008298527433));
#1959=CARTESIAN_POINT('',(-0.0341549515329195,0.0117078981187024,0.0183830718837223));
#1960=CARTESIAN_POINT('',(-0.0334776314158009,0.0110178275590595,0.0180454413550582));
#1961=CARTESIAN_POINT('',(-0.0329498488617005,0.0105704023646568,0.0176385134587917));
#1962=CARTESIAN_POINT('',(-0.0326853837233911,0.0103641287920821,0.0174112354068796));
#1963=CARTESIAN_POINT('',(-0.0326853837233909,0.0103641287920821,0.01741123540688));
#1964=CARTESIAN_POINT('',(-0.0326853837233909,0.010364128792082,0.01741123540688));
#1965=CARTESIAN_POINT('',(-0.03191123711637,0.00976032147234373,0.0168571093020757));
#1966=CARTESIAN_POINT('',(-0.0306826125122177,0.00903740463342211,0.015977444002401));
#1967=CARTESIAN_POINT('',(-0.0289281654993704,0.00837616492891694,0.0147222385437391));
#1968=CARTESIAN_POINT('',(-0.0270356850819664,0.00788874634614808,0.0136883912313826));
#1969=CARTESIAN_POINT('',(-0.0244804710060869,0.0076306926644214,0.012576229442643));
#1970=CARTESIAN_POINT('',(-0.0223689429802424,0.00775593401217856,0.0118461354580621));
#1971=CARTESIAN_POINT('',(-0.0213085003197193,0.00788281206041575,0.0115101706832164));
#1972=CARTESIAN_POINT('',(-0.05715,0.01778,-0.0012411617843074));
#1973=CARTESIAN_POINT('',(-0.05715,0.01778,0.0257520919833601));
#1974=CARTESIAN_POINT('',(-0.04704751756112,0.01778,-0.0012411617843074));
#1975=CARTESIAN_POINT('',(-0.04704751756112,0.01778,0.0257520919833601));
#1976=CARTESIAN_POINT('',(-0.0397552092623733,0.0162295094571511,-0.0012411617843074));
#1977=CARTESIAN_POINT('',(-0.0397552092623733,0.0162295094571511,0.0257520919833601));
#1978=CARTESIAN_POINT('',(-0.0352730751037598,0.0131285283714533,-0.0012411617843074));
#1979=CARTESIAN_POINT('',(-0.0352730751037598,0.0131285283714533,0.0257520919833601));
#1980=CARTESIAN_POINT('',(-0.0374130701643297,0.0143861663622903,0.00453228274701786));
#1981=CARTESIAN_POINT('',(-0.0378062127484252,0.0145825861834229,0.00449732784513065));
#1982=CARTESIAN_POINT('',(-0.0382026152351147,0.0147644391036744,0.00445226173853192));
#1983=CARTESIAN_POINT('',(-0.038601067066475,0.0149338237151518,0.00439506208846206));
#1984=CARTESIAN_POINT('',(-0.0374130701643297,0.0143861663622903,0.00453228274701787));
#1985=CARTESIAN_POINT('',(-0.0386010670664751,0.0149338237151518,0.00439506208846205));
#1986=CARTESIAN_POINT('',(-0.0386010670664751,0.0149338237151518,0.00439506208846204));
#1987=CARTESIAN_POINT('',(-0.0401161217696613,0.0155778838740374,0.00417756880022069));
#1988=CARTESIAN_POINT('',(-0.0432070751531091,0.0165205284917387,0.00364023390332004));
#1989=CARTESIAN_POINT('',(-0.0479440307417747,0.0173267947684817,0.00247802984604134));
#1990=CARTESIAN_POINT('',(-0.0526231476898398,0.0177136000892412,0.000939895042715937));
#1991=CARTESIAN_POINT('',(-0.055677422924915,0.01778,-0.000366947836052026));
#1992=CARTESIAN_POINT('',(-0.05715,0.01778,-0.00108112273034888));
#1993=CARTESIAN_POINT('',(-0.05715,0.01778,-0.00108112273034887));
#1994=CARTESIAN_POINT('',(-0.05715,0.01778,-0.0127));
#1995=CARTESIAN_POINT('',(-0.05715,0.01778,0.0255920529294015));
#1996=CARTESIAN_POINT('',(-0.05715,0.01778,0.0255920529294015));
#1997=CARTESIAN_POINT('',(-0.0550992106855959,0.01778,0.0255920503249175));
#1998=CARTESIAN_POINT('',(-0.0510012609024704,0.0176508461563601,0.025041478554153));
#1999=CARTESIAN_POINT('',(-0.0452546906288509,0.0169618288774982,0.0229037038403594));
#2000=CARTESIAN_POINT('',(-0.0400138111289171,0.0156620866966327,0.0200253684988074));
#2001=CARTESIAN_POINT('',(-0.0367731842456161,0.0141663844263506,0.0179460785767853));
#2002=CARTESIAN_POINT('',(-0.0352730751037598,0.0131285283714533,0.0170089210745891));
#2003=CARTESIAN_POINT('',(-0.0352730751037598,0.0131285283714533,0.00470704871825429));
#2004=CARTESIAN_POINT('',(-0.0359539171571313,0.0135995714627886,0.00465657464861315));
#2005=CARTESIAN_POINT('',(-0.0366716827026421,0.0140157582751319,0.00459820062776032));
#2006=CARTESIAN_POINT('',(-0.0374130701643297,0.0143861663622903,0.00453228274701787));
#2007=CARTESIAN_POINT('',(-0.079375,0.01778,-0.0127));
#2008=CARTESIAN_POINT('',(-0.0685863196849823,0.01778,-0.005461));
#2009=CARTESIAN_POINT('',(-0.0669353196849823,0.01778,-0.005461));
#2010=CARTESIAN_POINT('',(-0.05715,0.01778,-0.00108112273034886));
#2011=CARTESIAN_POINT('',(-0.0588980820217135,0.01778,-0.00198718523224194));
#2012=CARTESIAN_POINT('',(-0.0614265655642317,0.01778,-0.00349252850279705));
#2013=CARTESIAN_POINT('',(-0.0646143523334016,0.01778,-0.0058067618714867));
#2014=CARTESIAN_POINT('',(-0.0661175299360134,0.01778,-0.00707783533883304));
#2015=CARTESIAN_POINT('',(-0.0668646377750803,0.01778,-0.00771858432203295));
#2016=CARTESIAN_POINT('',(-0.0668646377750803,0.01778,-0.00771858432203294));
#2017=CARTESIAN_POINT('',(-0.0668646377750803,0.01778,-0.00771858432203294));
#2018=CARTESIAN_POINT('',(-0.0683865066157054,0.01778,-0.0076544118984867));
#2019=CARTESIAN_POINT('',(-0.0706895080720316,0.01778,-0.0073571331524901));
#2020=CARTESIAN_POINT('',(-0.0735283711845331,0.01778,-0.00623063115117352));
#2021=CARTESIAN_POINT('',(-0.0747915412528199,0.01778,-0.00532922113204162));
#2022=CARTESIAN_POINT('',(-0.0753425511475511,0.01778,-0.00480111569901146));
#2023=CARTESIAN_POINT('',(-0.0753425511475511,0.01778,-0.00480111569901147));
#2024=CARTESIAN_POINT('',(-0.076855942606926,0.01778,-0.005461));
#2025=CARTESIAN_POINT('',(-0.0760664753979656,0.01778,-0.00401098533594441));
#2026=CARTESIAN_POINT('',(-0.0760664753979573,0.01778,-0.00401098533593952));
#2027=CARTESIAN_POINT('',(-0.0771657331221609,0.01778,-0.00264508866079879));
#2028=CARTESIAN_POINT('',(-0.0778111086443695,0.01778,-0.000990478451286143));
#2029=CARTESIAN_POINT('',(-0.0782041659694418,0.01778,0.000715613087575412));
#2030=CARTESIAN_POINT('',(-0.0782041659694422,0.01778,0.000715613087575358));
#2031=CARTESIAN_POINT('',(-0.0782041659694422,0.01778,0.000715613087575358));
#2032=CARTESIAN_POINT('',(-0.0783114001726979,0.01778,0.00162770780254457));
#2033=CARTESIAN_POINT('',(-0.0787561902516744,0.01778,0.00339213954874997));
#2034=CARTESIAN_POINT('',(-0.0800921678199959,0.01778,0.00580526115704378));
#2035=CARTESIAN_POINT('',(-0.0819501323539905,0.01778,0.00783310427304889));
#2036=CARTESIAN_POINT('',(-0.0848545530298845,0.01778,0.010000006241098));
#2037=CARTESIAN_POINT('',(-0.0890123736199109,0.01778,0.0119123899202813));
#2038=CARTESIAN_POINT('',(-0.0924762874067734,0.01778,0.0129040561316868));
#2039=CARTESIAN_POINT('',(-0.0942414770618824,0.01778,0.0133246828065486));
#2040=CARTESIAN_POINT('',(-0.0942414770618824,0.01778,0.0133246828065486));
#2041=CARTESIAN_POINT('',(-0.0942414770618868,0.01778,0.0255920529294015));
#2042=CARTESIAN_POINT('',(-0.0942414770618868,0.01778,0.0255920529294015));
#2043=CARTESIAN_POINT('',(-0.079375,0.01778,0.0255920529294015));
#2044=CARTESIAN_POINT('',(-0.05715,0.,0.02032));
#2045=CARTESIAN_POINT('',(-0.05715,0.,0.02032));
#2046=CARTESIAN_POINT('',(-0.05715,0.,0.0286814348228983));
#2047=CARTESIAN_POINT('',(-0.1016,0.00734029893155834,0.0163158017165805));
#2048=CARTESIAN_POINT('',(-0.1016,0.00660602182076811,0.0149697611086218));
#2049=CARTESIAN_POINT('',(-0.101054865498997,0.00500008818366217,0.0133404926845155));
#2050=CARTESIAN_POINT('',(-0.100334360252134,0.00227595803605783,0.0121699985146212));
#2051=CARTESIAN_POINT('',(-0.100090511318695,5.29787083189371E-6,0.0118540239634894));
#2052=CARTESIAN_POINT('',(-0.100331176295369,-0.0022606755933783,0.0121653099527953));
#2053=CARTESIAN_POINT('',(-0.101055146745963,-0.00500367565848424,0.0133401546255332));
#2054=CARTESIAN_POINT('',(-0.1016,-0.00660536354434315,0.0149685543887252));
#2055=CARTESIAN_POINT('',(-0.1016,-0.00734029893155833,0.0163158017165805));
#2056=CARTESIAN_POINT('',(-0.1016,-0.00802190305212979,0.0226785299912883));
#2057=CARTESIAN_POINT('',(-0.1016,-0.00775404226638579,0.0235895861417899));
#2058=CARTESIAN_POINT('',(-0.101261644044022,-0.00692014519965041,0.0252689318739063));
#2059=CARTESIAN_POINT('',(-0.100192889789963,-0.00504742787511595,0.0271488109491928));
#2060=CARTESIAN_POINT('',(-0.0991947240986257,-0.00315665364817006,0.0281493358223758));
#2061=CARTESIAN_POINT('',(-0.0986161453697625,-0.00141580028023116,0.0285994750919944));
#2062=CARTESIAN_POINT('',(-0.0984387986143172,-7.88603648034735E-6,0.0287218788382149));
#2063=CARTESIAN_POINT('',(-0.0986131648544858,0.00140536285786176,0.0286016009272452));
#2064=CARTESIAN_POINT('',(-0.0991927845630972,0.00315324618694847,0.0281514169746114));
#2065=CARTESIAN_POINT('',(-0.100192442575097,0.00504674116740749,0.0271479503602971));
#2066=CARTESIAN_POINT('',(-0.101257886590628,0.00691256020222351,0.0252802957477121));
#2067=CARTESIAN_POINT('',(-0.1016,0.00775424740434502,0.0235888884204011));
#2068=CARTESIAN_POINT('',(-0.1016,0.0080219030521298,0.0226785299912883));
#2069=CARTESIAN_POINT('',(-0.05715,-6.93889390390723E-18,0.0127));
#2070=CARTESIAN_POINT('',(-0.0643062557630094,0.013335,-0.0121575708232392));
#2071=CARTESIAN_POINT('',(-0.0643062557630094,-0.013335,-0.0121575708232392));
#2072=CARTESIAN_POINT('',(-0.0746548955285036,0.013335,-0.0125759836914981));
#2073=CARTESIAN_POINT('',(-0.0746548955285036,-0.013335,-0.0125759836914981));
#2074=CARTESIAN_POINT('',(-0.080752405140327,0.013335,-0.00852346008375173));
#2075=CARTESIAN_POINT('',(-0.080752405140327,-0.013335,-0.00852346008375173));
#2076=CARTESIAN_POINT('',(-0.0825987845984796,0.013335,0.));
#2077=CARTESIAN_POINT('',(-0.0825987845984796,-0.013335,0.));
#2078=CARTESIAN_POINT('',(-0.0825987845984796,0.013335,-5.01147772409086E-35));
#2079=CARTESIAN_POINT('',(-0.0822173001204127,0.013335,-0.00176105063724423));
#2080=CARTESIAN_POINT('',(-0.0813219342556096,0.013335,-0.00434906781641718));
#2081=CARTESIAN_POINT('',(-0.0792241480122124,0.013335,-0.00730767392448515));
#2082=CARTESIAN_POINT('',(-0.0772433355546087,0.013335,-0.00912503282348145));
#2083=CARTESIAN_POINT('',(-0.0748922133209063,0.013335,-0.0105080081482439));
#2084=CARTESIAN_POINT('',(-0.071544228411155,0.013335,-0.0117250531308611));
#2085=CARTESIAN_POINT('',(-0.0688389394043075,0.013335,-0.0120842841775706));
#2086=CARTESIAN_POINT('',(-0.0670519030389623,0.013335,-0.0121596378818252));
#2087=CARTESIAN_POINT('',(-0.0825987845984796,0.013335,0.));
#2088=CARTESIAN_POINT('',(-0.0670519030389623,0.013335,-0.0121596378818252));
#2089=CARTESIAN_POINT('',(-0.0670519030389604,0.013335,-0.0121596378818252));
#2090=CARTESIAN_POINT('',(-0.066566207550936,0.0133349999999998,-0.0121801181333031));
#2091=CARTESIAN_POINT('',(-0.0656077089509059,0.0132118433839006,-0.0121966598928806));
#2092=CARTESIAN_POINT('',(-0.0647024705545275,0.0128439049418649,-0.0121735904520149));
#2093=CARTESIAN_POINT('',(-0.0643062557630087,0.0125573566284374,-0.0121575708232402));
#2094=CARTESIAN_POINT('',(-0.0643062557630099,0.0125573566284345,-0.0121575708232393));
#2095=CARTESIAN_POINT('',(-0.0643062557630099,0.013335,-0.0121575708232393));
#2096=CARTESIAN_POINT('',(-0.06430625576301,-0.0125573566284343,-0.0121575708232393));
#2097=CARTESIAN_POINT('',(-0.06430625576301,-0.0125573566284343,-0.0121575708232393));
#2098=CARTESIAN_POINT('',(-0.0647024705545288,-0.0128439049418611,-0.0121735904520139));
#2099=CARTESIAN_POINT('',(-0.0656077089509043,-0.0132118433839021,-0.012196659892881));
#2100=CARTESIAN_POINT('',(-0.066566207550935,-0.0133349999999998,-0.0121801181333031));
#2101=CARTESIAN_POINT('',(-0.0670519030389595,-0.013335,-0.0121596378818253));
#2102=CARTESIAN_POINT('',(-0.0670519030389611,-0.013335,-0.0121596378818252));
#2103=CARTESIAN_POINT('',(-0.0670519030389611,-0.013335,-0.0121596378818252));
#2104=CARTESIAN_POINT('',(-0.0688389394263324,-0.013335,-0.012084284176642));
#2105=CARTESIAN_POINT('',(-0.0715442309734933,-0.013335,-0.0117250415484236));
#2106=CARTESIAN_POINT('',(-0.074892209233638,-0.013335,-0.0105080273985962));
#2107=CARTESIAN_POINT('',(-0.0772433515425499,-0.013335,-0.00912495944259094));
#2108=CARTESIAN_POINT('',(-0.079224088785829,-0.013335,-0.00730794772545052));
#2109=CARTESIAN_POINT('',(-0.0813222494369334,-0.013335,-0.00434761311800382));
#2110=CARTESIAN_POINT('',(-0.082215902784004,-0.013335,-0.00176750117537706));
#2111=CARTESIAN_POINT('',(-0.0825987845984796,-0.013335,-1.52069620945406E-51));
#2112=CARTESIAN_POINT('',(-0.0825987845984796,-0.013335,0.));
#2113=CARTESIAN_POINT('',(-0.0825987845984796,0.086868,0.));
#2114=CARTESIAN_POINT('',(-0.0398466892224698,0.0114300000000002,-0.00183295898080794));
#2115=CARTESIAN_POINT('',(-0.0398466892224698,-0.0114300000000002,-0.00183295898080794));
#2116=CARTESIAN_POINT('',(-0.0481411621280128,0.0114300000000002,-0.00348259180537966));
#2117=CARTESIAN_POINT('',(-0.0481411621280128,-0.0114300000000002,-0.00348259180537966));
#2118=CARTESIAN_POINT('',(-0.0550799598529308,0.0114300000000002,-0.00647967938033886));
#2119=CARTESIAN_POINT('',(-0.0550799598529308,-0.0114300000000002,-0.00647967938033886));
#2120=CARTESIAN_POINT('',(-0.0606630823972239,0.0114300000000002,-0.0108242217056855));
#2121=CARTESIAN_POINT('',(-0.0606630823972239,-0.0114300000000002,-0.0108242217056855));
#2122=CARTESIAN_POINT('',(-0.0606630823972237,0.01143,-0.0108242217056854));
#2123=CARTESIAN_POINT('',(-0.0586489968972131,0.01143,-0.00925694826107739));
#2124=CARTESIAN_POINT('',(-0.056494396017796,0.01143,-0.00789360367852266));
#2125=CARTESIAN_POINT('',(-0.0542278766533169,0.01143,-0.00671882573305925));
#2126=CARTESIAN_POINT('',(-0.0606630823972237,0.01143,-0.0108242217056854));
#2127=CARTESIAN_POINT('',(-0.0542278766533169,0.01143,-0.00671882573305925));
#2128=CARTESIAN_POINT('',(-0.0542278766533169,0.01143,-0.00671882573305924));
#2129=CARTESIAN_POINT('',(-0.0519278709446647,0.01143,-0.0055266912102706));
#2130=CARTESIAN_POINT('',(-0.0483176285294558,0.0112747028104734,-0.00403934889369055));
#2131=CARTESIAN_POINT('',(-0.0434111155871162,0.0103991778025383,-0.00260606961230084));
#2132=CARTESIAN_POINT('',(-0.0410136279693636,0.0096325913712653,-0.00206504370554726));
#2133=CARTESIAN_POINT('',(-0.0398466892224698,0.00908994722946491,-0.00183295898080794));
#2134=CARTESIAN_POINT('',(-0.0398466892224698,0.00908994722946493,-0.00183295898080794));
#2135=CARTESIAN_POINT('',(-0.0398466892224698,0.00908994722946493,-0.00183295898080794));
#2136=CARTESIAN_POINT('',(-0.0398466892224698,-0.00908994722946488,-0.00183295898080794));
#2137=CARTESIAN_POINT('',(-0.0398466894750417,-0.00908994734691468,-0.00183295903104029));
#2138=CARTESIAN_POINT('',(-0.0410136282088424,-0.00963259145552135,-0.00206504375779406));
#2139=CARTESIAN_POINT('',(-0.0434111157897622,-0.0103991778479299,-0.00260606966583812));
#2140=CARTESIAN_POINT('',(-0.0483176286405451,-0.0112747028153251,-0.0040393489371549));
#2141=CARTESIAN_POINT('',(-0.0519278709861938,-0.01143,-0.0055266912317959));
#2142=CARTESIAN_POINT('',(-0.0542278766533169,-0.01143,-0.00671882573305924));
#2143=CARTESIAN_POINT('',(-0.0542278766533169,-0.01143,-0.00671882573305925));
#2144=CARTESIAN_POINT('',(-0.0542278766533169,-0.01143,-0.00671882573305925));
#2145=CARTESIAN_POINT('',(-0.0564943960177869,-0.01143,-0.00789360367853725));
#2146=CARTESIAN_POINT('',(-0.0586489968972131,-0.01143,-0.00925694826107739));
#2147=CARTESIAN_POINT('',(-0.0606630823972237,-0.01143,-0.0108242217056854));
#2148=CARTESIAN_POINT('',(-0.0606630823972237,-0.01143,-0.0108242217056854));
#2149=CARTESIAN_POINT('',(-0.0606630823972237,-0.013335,-0.0108242217056854));
#2150=CARTESIAN_POINT('',(-0.0825987845984796,0.013335,0.));
#2151=CARTESIAN_POINT('',(-0.0825987845984796,-0.013335,0.));
#2152=CARTESIAN_POINT('',(-0.0829564386125144,0.013335,0.00416916974804704));
#2153=CARTESIAN_POINT('',(-0.0829564386125144,-0.013335,0.00416916974804704));
#2154=CARTESIAN_POINT('',(-0.0873794607504827,0.013335,0.0072155893626697));
#2155=CARTESIAN_POINT('',(-0.0873794607504827,-0.013335,0.0072155893626697));
#2156=CARTESIAN_POINT('',(-0.0958678510123843,0.013335,0.00913925884386797));
#2157=CARTESIAN_POINT('',(-0.0958678510123843,-0.013335,0.00913925884386797));
#2158=CARTESIAN_POINT('',(-0.0825987845984796,-0.013335,8.09136630657227E-36));
#2159=CARTESIAN_POINT('',(-0.0826576373356611,-0.013335,0.000686007700794385));
#2160=CARTESIAN_POINT('',(-0.0830125199215002,-0.013335,0.00205013386464322));
#2161=CARTESIAN_POINT('',(-0.0841893489444202,-0.013335,0.0037886967001903));
#2162=CARTESIAN_POINT('',(-0.0857520949639745,-0.013335,0.00517320208633015));
#2163=CARTESIAN_POINT('',(-0.0880948371817471,-0.013335,0.00663355566463192));
#2164=CARTESIAN_POINT('',(-0.0912907446713283,-0.013335,0.00794582066353807));
#2165=CARTESIAN_POINT('',(-0.0939313023246627,-0.013335,0.008681315599959));
#2166=CARTESIAN_POINT('',(-0.095271826261195,-0.013335,0.0090007487728848));
#2167=CARTESIAN_POINT('',(-0.095271826261195,-0.013335,0.0090007487728848));
#2168=CARTESIAN_POINT('',(-0.0952718263936755,-0.013335,0.00900074880445355));
#2169=CARTESIAN_POINT('',(-0.0954729942730564,-0.0133349999995545,0.00904868505619337));
#2170=CARTESIAN_POINT('',(-0.0956716689369318,-0.0133108736188839,0.00909479935736984));
#2171=CARTESIAN_POINT('',(-0.0958678509827245,-0.013262947078551,0.00913925883714639));
#2172=CARTESIAN_POINT('',(-0.0958678509827245,-0.013262947078551,0.00913925883714639));
#2173=CARTESIAN_POINT('',(-0.0958678509827245,-0.013335,0.00913925883714639));
#2174=CARTESIAN_POINT('',(-0.0958678509827245,0.013262947078551,0.00913925883714639));
#2175=CARTESIAN_POINT('',(-0.0958678509827245,0.013262947078551,0.00913925883714639));
#2176=CARTESIAN_POINT('',(-0.0956716689369263,0.0133108736190471,0.00909479935747863));
#2177=CARTESIAN_POINT('',(-0.095472994273043,0.013335,0.00904868505648313));
#2178=CARTESIAN_POINT('',(-0.0952718263936755,0.013335,0.00900074880445355));
#2179=CARTESIAN_POINT('',(-0.0952718263936755,0.013335,0.00900074880445355));
#2180=CARTESIAN_POINT('',(-0.0952718263936755,0.013335,0.00900074880445354));
#2181=CARTESIAN_POINT('',(-0.093931302365254,0.013335,0.0086813156132295));
#2182=CARTESIAN_POINT('',(-0.0912907379790791,0.013335,0.00794574394779269));
#2183=CARTESIAN_POINT('',(-0.0880948548593386,0.013335,0.00663376638400551));
#2184=CARTESIAN_POINT('',(-0.0857520633625995,0.013335,0.00517283752118625));
#2185=CARTESIAN_POINT('',(-0.0841894672910047,0.013335,0.00379008604453868));
#2186=CARTESIAN_POINT('',(-0.0830120753365867,0.013335,0.00204493786387817));
#2187=CARTESIAN_POINT('',(-0.0826585944039615,0.013335,0.000697202385172912));
#2188=CARTESIAN_POINT('',(-0.0825987845984796,0.013335,0.));
#2189=CARTESIAN_POINT('',(0.062512943377758,0.00881014667446234,-0.0097630812902085));
#2190=CARTESIAN_POINT('',(0.062512943377758,-0.00881014667446234,-0.0097630812902085));
#2191=CARTESIAN_POINT('',(0.0304404403702306,0.00881014667446234,0.000251991567404501));
#2192=CARTESIAN_POINT('',(0.0304404403702306,-0.00881014667446234,0.000251991567404501));
#2193=CARTESIAN_POINT('',(-0.00354040156554286,0.00881014667446234,0.0029182357793265));
#2194=CARTESIAN_POINT('',(-0.00354040156554286,-0.00881014667446234,0.0029182357793265));
#2195=CARTESIAN_POINT('',(-0.0394295824295623,0.00881014667446234,-0.00176434865444251));
#2196=CARTESIAN_POINT('',(-0.0394295824295623,-0.00881014667446234,-0.00176434865444251));
#2197=CARTESIAN_POINT('',(0.0619388777855431,4.406351657195E-17,-0.00958466937150027));
#2198=CARTESIAN_POINT('',(0.0604983981596722,-0.000210222690965723,-0.00913911345219275));
#2199=CARTESIAN_POINT('',(0.0576052234655346,-0.000614136119506729,-0.00827620085099088));
#2200=CARTESIAN_POINT('',(0.0532315517992287,-0.00115022902698191,-0.00706817423326246));
#2201=CARTESIAN_POINT('',(0.0488293509715237,-0.0015524982889684,-0.00594819069398597));
#2202=CARTESIAN_POINT('',(0.0458531725588868,-0.00168122568278237,-0.00525571795123599));
#2203=CARTESIAN_POINT('',(0.0443693469242572,-0.00153281206041576,-0.00492649614308865));
#2204=CARTESIAN_POINT('',(0.0619388777855431,-4.29156340955819E-18,-0.00958466937150028));
#2205=CARTESIAN_POINT('',(0.0443693469242572,-0.00153281206041573,-0.00492649614308865));
#2206=CARTESIAN_POINT('',(0.0443693469242572,-0.00153281206041573,-0.00492649614308865));
#2207=CARTESIAN_POINT('',(0.0337209718009237,-0.00153281206041573,-0.00256390229774767));
#2208=CARTESIAN_POINT('',(0.0121156198103055,-0.00153281206041574,0.000579385465230511));
#2209=CARTESIAN_POINT('',(-0.00968924659402821,-0.00153281206041573,0.000674363548326612));
#2210=CARTESIAN_POINT('',(-0.0205751006107305,-0.00153281206041573,3.0030414757931E-5));
#2211=CARTESIAN_POINT('',(-0.0205751006107305,-0.00153281206041573,3.00304147579318E-5));
#2212=CARTESIAN_POINT('',(-0.0205751006107305,-0.00153281206041573,3.00304147579318E-5));
#2213=CARTESIAN_POINT('',(-0.0222811065586371,-0.00134521518187377,-7.09479886466069E-5));
#2214=CARTESIAN_POINT('',(-0.0248473985646296,-0.00127958996995356,-0.000248627483300206));
#2215=CARTESIAN_POINT('',(-0.0282109796832646,-0.00175737715842567,-0.000530444383429927));
#2216=CARTESIAN_POINT('',(-0.0307003124584093,-0.00244435348627218,-0.000762980774280057));
#2217=CARTESIAN_POINT('',(-0.0330247099830141,-0.00344670152389557,-0.00100132336171581));
#2218=CARTESIAN_POINT('',(-0.0359585978722817,-0.00525452159250807,-0.00132719331791511));
#2219=CARTESIAN_POINT('',(-0.037783378830266,-0.00703437233014627,-0.00155247444529372));
#2220=CARTESIAN_POINT('',(-0.0388447970048282,-0.00838694069147953,-0.00168867839703631));
#2221=CARTESIAN_POINT('',(-0.0388447970048282,-0.00838694069147951,-0.00168867839703631));
#2222=CARTESIAN_POINT('',(-0.0388447970048282,-0.00838694069147951,-0.00168867839703631));
#2223=CARTESIAN_POINT('',(-0.0390368009073844,-0.00849869118763845,-0.0017133168391743));
#2224=CARTESIAN_POINT('',(-0.0392318805683902,-0.00860465652243144,-0.00173855381502901));
#2225=CARTESIAN_POINT('',(-0.0394295824072399,-0.0087056785320774,-0.00176434865153003));
#2226=CARTESIAN_POINT('',(-0.0394295824072399,-0.0087056785320774,-0.00176434865153003));
#2227=CARTESIAN_POINT('',(-0.0394295824072399,-0.0087056785320774,-0.00176434865153003));
#2228=CARTESIAN_POINT('',(-0.0394295824072399,0.00870567853207739,-0.00176434865153003));
#2229=CARTESIAN_POINT('',(-0.0394295824072399,0.00870567853207739,-0.00176434865153003));
#2230=CARTESIAN_POINT('',(-0.0392318805683881,0.00860465652243906,-0.00173855381501252));
#2231=CARTESIAN_POINT('',(-0.0390368009073844,0.00849869118763844,-0.0017133168391743));
#2232=CARTESIAN_POINT('',(-0.0388447970048282,0.00838694069147949,-0.00168867839703631));
#2233=CARTESIAN_POINT('',(-0.0388447970048282,0.0083869406914795,-0.00168867839703631));
#2234=CARTESIAN_POINT('',(-0.0388447970048282,0.00838694069147949,-0.00168867839703631));
#2235=CARTESIAN_POINT('',(-0.037783378830266,0.00703437233014623,-0.00155247444529372));
#2236=CARTESIAN_POINT('',(-0.0359585978722817,0.00525452159250799,-0.0013271933179151));
#2237=CARTESIAN_POINT('',(-0.0330247099830141,0.00344670152389557,-0.0010013233617158));
#2238=CARTESIAN_POINT('',(-0.0307003124584093,0.00244435348627216,-0.000762980774280054));
#2239=CARTESIAN_POINT('',(-0.0282109796832646,0.00175737715842564,-0.000530444383429924));
#2240=CARTESIAN_POINT('',(-0.0248473985646296,0.00127958996995358,-0.000248627483300205));
#2241=CARTESIAN_POINT('',(-0.0222811065586371,0.00134521518187377,-7.09479886466075E-5));
#2242=CARTESIAN_POINT('',(-0.0205751006107305,0.00153281206041573,3.00304147579334E-5));
#2243=CARTESIAN_POINT('',(-0.0205751006107305,0.00153281206041573,3.00304147579334E-5));
#2244=CARTESIAN_POINT('',(-0.0205751006107305,0.00153281206041573,3.00304147579334E-5));
#2245=CARTESIAN_POINT('',(-0.00968940206443302,0.00153281206041573,0.000674354346041413));
#2246=CARTESIAN_POINT('',(0.00667294006096814,0.00153281206041573,0.000602560488127769));
#2247=CARTESIAN_POINT('',(0.0283432382295132,0.00153281206041573,-0.00177994538321116));
#2248=CARTESIAN_POINT('',(0.0390454134006598,0.00153281206041573,-0.0037452555847716));
#2249=CARTESIAN_POINT('',(0.0443693469242571,0.00153281206041573,-0.00492649614308862));
#2250=CARTESIAN_POINT('',(0.0443693469242571,0.00153281206041573,-0.00492649614308862));
#2251=CARTESIAN_POINT('',(0.0443693469242571,0.00153281206041573,-0.00492649614308862));
#2252=CARTESIAN_POINT('',(0.0458531725588867,0.00168122568278235,-0.00525571795123596));
#2253=CARTESIAN_POINT('',(0.0488293509715237,0.00155249828896843,-0.00594819069398596));
#2254=CARTESIAN_POINT('',(0.0532315517992287,0.00115022902698193,-0.00706817423326245));
#2255=CARTESIAN_POINT('',(0.0576052234655346,0.000614136119506708,-0.00827620085099086));
#2256=CARTESIAN_POINT('',(0.0604983981596722,0.00021022269096574,-0.00913911345219275));
#2257=CARTESIAN_POINT('',(0.0619388777855431,-2.80399470593565E-17,-0.00958466937150027));
#2258=CARTESIAN_POINT('',(0.0625066684598958,0.000730421347588175,-0.036987135946911));
#2259=CARTESIAN_POINT('',(0.0717975817508237,-3.01362775534375E-15,0.00541929931711202));
#2260=CARTESIAN_POINT('',(0.0687667349176105,0.000418041289719001,0.00608095740240099));
#2261=CARTESIAN_POINT('',(0.0656837264270953,0.000822913782146467,0.00642078232764245));
#2262=CARTESIAN_POINT('',(0.062544758022651,0.00120293370814915,0.00642446890552835));
#2263=CARTESIAN_POINT('',(0.0717975817508245,3.12035445571024E-15,0.00541929931711186));
#2264=CARTESIAN_POINT('',(0.0625447579277098,0.00120293345814816,0.00642436069828773));
#2265=CARTESIAN_POINT('',(0.062544758022651,0.00120293370814918,0.00642446890552835));
#2266=CARTESIAN_POINT('',(0.0625447579277095,-0.0012029334581457,0.00642436069828774));
#2267=CARTESIAN_POINT('',(0.062544758022651,-0.00120293370814916,0.00642446890552835));
#2268=CARTESIAN_POINT('',(0.0656837264270943,-0.00082291378214661,0.00642078232764253));
#2269=CARTESIAN_POINT('',(0.0687667349176099,-0.000418041289719109,0.0060809574024012));
#2270=CARTESIAN_POINT('',(0.0717975817508245,3.11734753424302E-15,0.00541929931711184));
#2271=CARTESIAN_POINT('',(0.0329203554429114,0.086868,0.00704826577566564));
#2272=CARTESIAN_POINT('',(0.0624385088977241,0.0065942352308929,0.00642565171481856));
#2273=CARTESIAN_POINT('',(0.0624385088977241,-0.00123214672232267,0.00642565171481856));
#2274=CARTESIAN_POINT('',(0.0624385088977241,0.00123214672232268,0.00642565171481856));
#2275=CARTESIAN_POINT('',(0.0536927677090079,0.00762293147531815,0.0066101219746185));
#2276=CARTESIAN_POINT('',(0.0546299385920366,0.00753687001044155,0.00659035462128174));
#2277=CARTESIAN_POINT('',(0.0564298711712081,0.00699879116286284,0.00655238939645546));
#2278=CARTESIAN_POINT('',(0.0595411429349008,0.0049186263203043,0.00648676464285571));
#2279=CARTESIAN_POINT('',(0.061304940212187,0.00269792740048226,0.00644956160483358));
#2280=CARTESIAN_POINT('',(0.0624385088977241,0.00123214672232266,0.00642565171481855));
#2281=CARTESIAN_POINT('',(0.00334756169468161,0.086868,0.00767203234136105));
#2282=CARTESIAN_POINT('',(0.0536927677090079,-0.00762293147531814,0.00661012197461851));
#2283=CARTESIAN_POINT('',(0.0546299385920366,-0.00753687001044154,0.00659035462128174));
#2284=CARTESIAN_POINT('',(0.0564298711712109,-0.00699879116286501,0.0065523893964554));
#2285=CARTESIAN_POINT('',(0.0595411429348867,-0.00491862632029343,0.00648676464285601));
#2286=CARTESIAN_POINT('',(0.0613049402122485,-0.00269792740052987,0.00644956160483226));
#2287=CARTESIAN_POINT('',(0.0624385088977241,-0.00123214672232266,0.00642565171481855));
#2288=CARTESIAN_POINT('',(-0.0327882205159569,0.0104884983375871,0.0174848449154385));
#2289=CARTESIAN_POINT('',(-0.0327882205159569,-0.0104884983375871,0.0174848449154385));
#2290=CARTESIAN_POINT('',(-0.0320697912567829,0.0104884983375871,0.0169706007098152));
#2291=CARTESIAN_POINT('',(-0.0320697912567829,-0.0104884983375871,0.0169706007098152));
#2292=CARTESIAN_POINT('',(-0.0311750389730335,0.0104884983375871,0.0163282708386038));
#2293=CARTESIAN_POINT('',(-0.0311750389730335,-0.0104884983375871,0.0163282708386038));
#2294=CARTESIAN_POINT('',(-0.0300914833618798,0.0104884983375871,0.0155560488356965));
#2295=CARTESIAN_POINT('',(-0.0300914833618798,-0.0104884983375871,0.0155560488356965));
#2296=CARTESIAN_POINT('',(-0.0293901324118403,0.0104884983375871,0.0150442766363262));
#2297=CARTESIAN_POINT('',(-0.0293901324118403,-0.0104884983375871,0.0150442766363262));
#2298=CARTESIAN_POINT('',(-0.0279033916485606,0.0104884983375871,0.0141110195138064));
#2299=CARTESIAN_POINT('',(-0.0279033916485606,-0.0104884983375871,0.0141110195138064));
#2300=CARTESIAN_POINT('',(-0.0248771552084205,0.0104884983375871,0.0126873295607361));
#2301=CARTESIAN_POINT('',(-0.0248771552084205,-0.0104884983375871,0.0126873295607361));
#2302=CARTESIAN_POINT('',(-0.0182142015453757,0.0104884983375871,0.0104228243095313));
#2303=CARTESIAN_POINT('',(-0.0182142015453757,-0.0104884983375871,0.0104228243095313));
#2304=CARTESIAN_POINT('',(-0.00954617190482096,0.0104884983375871,0.00861993681912764));
#2305=CARTESIAN_POINT('',(-0.00954617190482096,-0.0104884983375871,0.00861993681912764));
#2306=CARTESIAN_POINT('',(-0.00157704237037254,0.0104884983375871,0.00779139330348965));
#2307=CARTESIAN_POINT('',(-0.00157704237037254,-0.0104884983375871,0.00779139330348965));
#2308=CARTESIAN_POINT('',(0.00182751629896999,0.0104884983375871,0.00767203234136105));
#2309=CARTESIAN_POINT('',(0.00182751629896999,-0.0104884983375871,0.00767203234136105));
#2310=CARTESIAN_POINT('',(0.00334756169468164,0.0104884983375871,0.00767203234136105));
#2311=CARTESIAN_POINT('',(0.00334756169468164,-0.0104884983375871,0.00767203234136105));
#2312=CARTESIAN_POINT('',(-0.0326853837233909,0.0103641287920821,0.01741123540688));
#2313=CARTESIAN_POINT('',(-0.0323725379041971,0.0100773200295173,0.0171873036171881));
#2314=CARTESIAN_POINT('',(-0.0317578968964399,0.00948919960686209,0.0167473499644912));
#2315=CARTESIAN_POINT('',(-0.0308877114544378,0.00854061316887773,0.0161244802585977));
#2316=CARTESIAN_POINT('',(-0.0302277570404321,0.0076628779330928,0.015652091740112));
#2317=CARTESIAN_POINT('',(-0.02980341716008,0.00683169003158553,0.0153483536588745));
#2318=CARTESIAN_POINT('',(-0.0296788327395916,0.0063621481539783,0.0152591774240136));
#2319=CARTESIAN_POINT('',(-0.0296788327395916,0.00611493683422246,0.0152591774240136));
#2320=CARTESIAN_POINT('',(-0.0296788327395916,0.00611493683422251,0.0152591774240136));
#2321=CARTESIAN_POINT('',(-0.0296788327395916,0.086868,0.0152591774240136));
#2322=CARTESIAN_POINT('',(-0.0296788327395916,-0.00611493683422246,0.0152591774240136));
#2323=CARTESIAN_POINT('',(-0.0296788327395916,-0.00611493683422248,0.0152591774240136));
#2324=CARTESIAN_POINT('',(-0.0296788327395916,-0.00636094962580095,0.0152591774240136));
#2325=CARTESIAN_POINT('',(-0.0298026591871979,-0.00682844953715593,0.0153478111097545));
#2326=CARTESIAN_POINT('',(-0.0302195061625202,-0.00764950033072888,0.0156461858473553));
#2327=CARTESIAN_POINT('',(-0.0308840606203306,-0.00853715874929072,0.0161218670294431));
#2328=CARTESIAN_POINT('',(-0.03175524142514,-0.00948639597709243,0.0167454492057016));
#2329=CARTESIAN_POINT('',(-0.0323722279361694,-0.0100770358590372,0.0171870817452915));
#2330=CARTESIAN_POINT('',(-0.0326853837233912,-0.0103641287920819,0.0174112354068801));
#2331=CARTESIAN_POINT('',(-0.079375,0.086868,0.0300370529294016));
#2332=CARTESIAN_POINT('',(-0.079375,0.013335,0.0300370529294016));
#2333=CARTESIAN_POINT('',(-0.05715,0.013335,0.0300370529294015));
#2334=CARTESIAN_POINT('',(-0.0942414770618868,0.013335,0.0300370529294016));
#2335=CARTESIAN_POINT('',(-0.0942414770618868,-0.013335,0.0300370529294016));
#2336=CARTESIAN_POINT('',(-0.0942414770618868,-0.013335,0.0300370529294016));
#2337=CARTESIAN_POINT('',(-0.05715,-0.013335,0.0300370529294016));
#2338=CARTESIAN_POINT('',(-0.05715,-0.013335,0.0300370529294015));
#2339=CARTESIAN_POINT('',(-0.05715,0.086868,0.0300370529294015));
#2340=CARTESIAN_POINT('',(-0.05715,0.01349502,0.0300370529294016));
#2341=CARTESIAN_POINT('',(-0.05715,-0.01349502,0.0300370529294016));
#2342=CARTESIAN_POINT('',(-0.0479107080777486,0.01349502,0.0300370529294016));
#2343=CARTESIAN_POINT('',(-0.0479107080777486,-0.01349502,0.0300370529294016));
#2344=CARTESIAN_POINT('',(-0.0387536523242792,0.01349502,0.0251110944276056));
#2345=CARTESIAN_POINT('',(-0.0387536523242792,-0.01349502,0.0251110944276056));
#2346=CARTESIAN_POINT('',(-0.0296788327395916,0.01349502,0.0152591774240136));
#2347=CARTESIAN_POINT('',(-0.0296788327395916,-0.01349502,0.0152591774240136));
#2348=CARTESIAN_POINT('',(-0.0296788327395916,0.00611493683422247,0.0152591774240136));
#2349=CARTESIAN_POINT('',(-0.0305388235246048,0.00667653311272824,0.0161928111738349));
#2350=CARTESIAN_POINT('',(-0.031856796067118,0.00753799383984708,0.0175565100700291));
#2351=CARTESIAN_POINT('',(-0.0336828691672415,0.00870324148073482,0.0192942088440418));
#2352=CARTESIAN_POINT('',(-0.0350728674745409,0.00963024333517685,0.0205401051094003));
#2353=CARTESIAN_POINT('',(-0.0365458671336755,0.0104134196947523,0.0217769091660241));
#2354=CARTESIAN_POINT('',(-0.0386455820925772,0.0112556707118607,0.02341111434766));
#2355=CARTESIAN_POINT('',(-0.0414367141081077,0.0120338604138886,0.0253191075714));
#2356=CARTESIAN_POINT('',(-0.0450436771471373,0.0126685146108167,0.0272874501750147));
#2357=CARTESIAN_POINT('',(-0.0502036960538775,0.0132101414678492,0.0293435094412774));
#2358=CARTESIAN_POINT('',(-0.0543546892952637,0.013335,0.0300370529294016));
#2359=CARTESIAN_POINT('',(-0.05715,0.013335,0.0300370529294016));
#2360=CARTESIAN_POINT('',(-0.05715,-0.013335,0.0300370529294016));
#2361=CARTESIAN_POINT('',(-0.0557569335446969,-0.013335,0.0300370513215669));
#2362=CARTESIAN_POINT('',(-0.0529589632291406,-0.013292160146853,0.029808677637641));
#2363=CARTESIAN_POINT('',(-0.0489169236047689,-0.0130750618511021,0.02882874280228));
#2364=CARTESIAN_POINT('',(-0.0450428091691181,-0.0126684265222807,0.0272876514283345));
#2365=CARTESIAN_POINT('',(-0.0414369535260142,-0.0120338856403403,0.0253190542788604));
#2366=CARTESIAN_POINT('',(-0.0386455472977936,-0.0112556642457873,0.023411115424979));
#2367=CARTESIAN_POINT('',(-0.0365458820261249,-0.0104134263406425,0.0217769179937418));
#2368=CARTESIAN_POINT('',(-0.0350728306652317,-0.00963022011847944,0.0205400670967408));
#2369=CARTESIAN_POINT('',(-0.0336830019805592,-0.00870332798758554,0.0192943524732961));
#2370=CARTESIAN_POINT('',(-0.0318560932793673,-0.00753753506685653,0.017555747539736));
#2371=CARTESIAN_POINT('',(-0.0305419399886448,-0.00667856808117371,0.016196193882239));
#2372=CARTESIAN_POINT('',(-0.0296788327395916,-0.00611493683422248,0.0152591774240136));
#2373=CARTESIAN_POINT('',(-0.076855942606926,0.086868,-0.005461));
#2374=CARTESIAN_POINT('',(-0.0760664753979438,-0.01778,-0.00401098533595626));
#2375=CARTESIAN_POINT('',(-0.076428406997878,-0.01778,-0.00381392999773944));
#2376=CARTESIAN_POINT('',(-0.0772994182511469,-0.0177607778706117,-0.00371237783155099));
#2377=CARTESIAN_POINT('',(-0.0783054704405299,-0.0173385307025567,-0.00443110699592222));
#2378=CARTESIAN_POINT('',(-0.0785714329477304,-0.0168217143664302,-0.00532293001171516));
#2379=CARTESIAN_POINT('',(-0.0784287660137667,-0.0164976523712083,-0.00606930287155665));
#2380=CARTESIAN_POINT('',(-0.0781054720178321,-0.0163890694835565,-0.00659983312064423));
#2381=CARTESIAN_POINT('',(-0.0776037880333335,-0.0164958941424071,-0.00697300697495726));
#2382=CARTESIAN_POINT('',(-0.076869953909172,-0.0168201909448494,-0.00718258214860613));
#2383=CARTESIAN_POINT('',(-0.0759559913311195,-0.0173368671065195,-0.00699354666458467));
#2384=CARTESIAN_POINT('',(-0.0751550495654744,-0.0177591141848856,-0.00606136512670833));
#2385=CARTESIAN_POINT('',(-0.075177451753517,-0.0177799999999997,-0.0051797578526632));
#2386=CARTESIAN_POINT('',(-0.0753425511475432,-0.01778,-0.00480111569902947));
#2387=CARTESIAN_POINT('',(-0.0753425511475511,0.01778,-0.00480111569901147));
#2388=CARTESIAN_POINT('',(-0.0751778395067036,0.01778,-0.00517886857196951));
#2389=CARTESIAN_POINT('',(-0.0751527922846803,0.0177603278261969,-0.00605539623667561));
#2390=CARTESIAN_POINT('',(-0.0759561030098954,0.0173368076696983,-0.00699466754049305));
#2391=CARTESIAN_POINT('',(-0.076868277905031,0.0168211325804094,-0.00718207999577601));
#2392=CARTESIAN_POINT('',(-0.0775995706397593,0.0164976981422486,-0.00697455112204642));
#2393=CARTESIAN_POINT('',(-0.0780997352581655,0.0163890736221269,-0.00660609129392862));
#2394=CARTESIAN_POINT('',(-0.0784275846473248,0.0164958347689607,-0.00607367081624824));
#2395=CARTESIAN_POINT('',(-0.0785720832429357,0.0168207641977556,-0.00532456259721542));
#2396=CARTESIAN_POINT('',(-0.0783043619055714,0.0173385683237096,-0.00443113067037643));
#2397=CARTESIAN_POINT('',(-0.0773055974798349,0.0177595689198034,-0.00371410651173008));
#2398=CARTESIAN_POINT('',(-0.0764292626265316,0.0177799999999997,-0.00381346414675745));
#2399=CARTESIAN_POINT('',(-0.076066475397965,0.01778,-0.00401098533594473));
#2400=CARTESIAN_POINT('',(-0.0650137079113244,0.086868,-0.00835005100816488));
#2401=CARTESIAN_POINT('',(-0.0638483093201607,0.0168370533363195,-0.00951951546838323));
#2402=CARTESIAN_POINT('',(-0.0641158897505139,0.016818018319797,-0.00978616560369248));
#2403=CARTESIAN_POINT('',(-0.0648368495727836,0.0168576136278591,-0.010118751369744));
#2404=CARTESIAN_POINT('',(-0.065934867690676,0.017223387477829,-0.0098561997010744));
#2405=CARTESIAN_POINT('',(-0.0666520790574724,0.0176327804867888,-0.00902114931834824));
#2406=CARTESIAN_POINT('',(-0.0667038806305463,0.0177633336989477,-0.00824397691062408));
#2407=CARTESIAN_POINT('',(-0.0665970942060907,0.0177729788872353,-0.00788240922052569));
#2408=CARTESIAN_POINT('',(-0.0665970942060906,0.0177729788872353,-0.0078824092205257));
#2409=CARTESIAN_POINT('',(-0.0638483093201642,0.0168370533363224,-0.00951951546837995));
#2410=CARTESIAN_POINT('',(-0.0665970942060907,0.0177729788872366,-0.00788240922052569));
#2411=CARTESIAN_POINT('',(-0.0665818231412087,0.0177743582039137,-0.00783070298836292));
#2412=CARTESIAN_POINT('',(-0.0665640752011397,0.0177754267122814,-0.00777991181125675));
#2413=CARTESIAN_POINT('',(-0.0665438641145947,0.017776273445219,-0.00773003246522163));
#2414=CARTESIAN_POINT('',(-0.0665438641145946,0.017776273445219,-0.00773003246522165));
#2415=CARTESIAN_POINT('',(-0.0635595702823077,0.0174566217431646,-0.00756820399251684));
#2416=CARTESIAN_POINT('',(-0.0636999927750092,0.0175535611758006,-0.00730703572492649));
#2417=CARTESIAN_POINT('',(-0.0641366593170725,0.0177108016618216,-0.00684511064074979));
#2418=CARTESIAN_POINT('',(-0.0650916076652905,0.0177815101415215,-0.00660841855799045));
#2419=CARTESIAN_POINT('',(-0.0660180808174884,0.0177788480352009,-0.00692525004456686));
#2420=CARTESIAN_POINT('',(-0.0664264565000075,0.017781192176044,-0.00744027985730937));
#2421=CARTESIAN_POINT('',(-0.0665438641145947,0.017776273445219,-0.00773003246522163));
#2422=CARTESIAN_POINT('',(-0.0635595702823077,0.0174566217431645,-0.00756820399251682));
#2423=CARTESIAN_POINT('',(-0.0635595702823077,0.0174566217431646,-0.00756820399251683));
#2424=CARTESIAN_POINT('',(-0.0632284331440674,0.0172280241325667,-0.00818407763971756));
#2425=CARTESIAN_POINT('',(-0.0633221101188628,0.0168744858588602,-0.00899514570023402));
#2426=CARTESIAN_POINT('',(-0.0638483093201614,0.0168370533363195,-0.00951951546838385));
#2427=CARTESIAN_POINT('',(-0.0665970942060906,-0.0177729788872354,-0.0078824092205257));
#2428=CARTESIAN_POINT('',(-0.0667042357711409,-0.0177633016218563,-0.00824517937961891));
#2429=CARTESIAN_POINT('',(-0.0666520192486217,-0.0176323315626013,-0.0090234628981431));
#2430=CARTESIAN_POINT('',(-0.0659294930635454,-0.0172211909219846,-0.00985883492205619));
#2431=CARTESIAN_POINT('',(-0.0648380089276636,-0.0168580757106907,-0.010118265377835));
#2432=CARTESIAN_POINT('',(-0.0641150855299254,-0.0168180755300797,-0.00978536417913406));
#2433=CARTESIAN_POINT('',(-0.0638483093201565,-0.0168370533363198,-0.00951951546837902));
#2434=CARTESIAN_POINT('',(-0.0638483093201565,-0.0168370533363198,-0.00951951546837903));
#2435=CARTESIAN_POINT('',(-0.0665970942060906,-0.0177729788872353,-0.0078824092205257));
#2436=CARTESIAN_POINT('',(-0.0638483093201565,-0.0168370533363198,-0.00951951546837902));
#2437=CARTESIAN_POINT('',(-0.0635888848402806,-0.0168555081584994,-0.00926099292780814));
#2438=CARTESIAN_POINT('',(-0.0632639043052291,-0.0170592965486636,-0.00857918858841786));
#2439=CARTESIAN_POINT('',(-0.0633948838949403,-0.0173429319442787,-0.00787450006843043));
#2440=CARTESIAN_POINT('',(-0.0635595702823077,-0.0174566217431646,-0.00756820399251687));
#2441=CARTESIAN_POINT('',(-0.0635595702823077,-0.0174566217431645,-0.00756820399251688));
#2442=CARTESIAN_POINT('',(-0.0635595702823077,-0.0174566217431646,-0.00756820399251687));
#2443=CARTESIAN_POINT('',(-0.0636999927750091,-0.0175535611758006,-0.00730703572492652));
#2444=CARTESIAN_POINT('',(-0.0641366593170724,-0.0177108016618215,-0.00684511064074983));
#2445=CARTESIAN_POINT('',(-0.0650916076652903,-0.0177815101415215,-0.00660841855799045));
#2446=CARTESIAN_POINT('',(-0.0660180808174883,-0.017778848035201,-0.00692525004456679));
#2447=CARTESIAN_POINT('',(-0.0664264565000074,-0.017781192176044,-0.00744027985730927));
#2448=CARTESIAN_POINT('',(-0.0665438641145946,-0.017776273445219,-0.00773003246522151));
#2449=CARTESIAN_POINT('',(-0.0665438641145946,-0.017776273445219,-0.00773003246522151));
#2450=CARTESIAN_POINT('',(-0.0665438641145946,-0.0177762734452191,-0.0077300324652215));
#2451=CARTESIAN_POINT('',(-0.0665641614630698,-0.0177754230983829,-0.00778012469880499));
#2452=CARTESIAN_POINT('',(-0.0665818879600686,-0.0177743523493282,-0.00783092245825912));
#2453=CARTESIAN_POINT('',(-0.0665970942060906,-0.0177729788872353,-0.00788240922052569));
#2454=CARTESIAN_POINT('',(-0.0685863196849823,0.086868,-0.005461));
#2455=CARTESIAN_POINT('',(-0.0721656635126045,0.086868,-0.008636));
#2456=CARTESIAN_POINT('',(-0.0736103854729491,-0.0175448292212654,-0.00774918047506419));
#2457=CARTESIAN_POINT('',(-0.0738318011495505,-0.0172556469643395,-0.00835898212207842));
#2458=CARTESIAN_POINT('',(-0.0738200346324015,-0.0169055888239994,-0.00895754136997538));
#2459=CARTESIAN_POINT('',(-0.073607037738753,-0.0165380917255907,-0.00951186755514619));
#2460=CARTESIAN_POINT('',(-0.0731921481374718,-0.0162163569180173,-0.00998669733908115));
#2461=CARTESIAN_POINT('',(-0.0725443095022642,-0.0161089564035913,-0.0102953434226706));
#2462=CARTESIAN_POINT('',(-0.0718570225522172,-0.0163379002555688,-0.0102991000342855));
#2463=CARTESIAN_POINT('',(-0.0712946903646365,-0.0166894386190618,-0.0100785725861103));
#2464=CARTESIAN_POINT('',(-0.0708478322225347,-0.0170595807129931,-0.00968865741622989));
#2465=CARTESIAN_POINT('',(-0.070553206069086,-0.017390946819043,-0.00914661144103283));
#2466=CARTESIAN_POINT('',(-0.0704754072949715,-0.0176333295592615,-0.00848650994614939));
#2467=CARTESIAN_POINT('',(-0.0707412718775306,-0.017788607543349,-0.00759224051001948));
#2468=CARTESIAN_POINT('',(-0.0717473561742697,-0.0177757164746011,-0.0068237257028042));
#2469=CARTESIAN_POINT('',(-0.0729847946565147,-0.0177735329393552,-0.00707389961748064));
#2470=CARTESIAN_POINT('',(-0.0736103854729491,-0.0175448292212654,-0.00774918047506419));
#2471=CARTESIAN_POINT('',(-0.0738318011495505,-0.0172556469643395,-0.00835898212207842));
#2472=CARTESIAN_POINT('',(-0.0738200346324015,-0.0169055888239994,-0.00895754136997538));
#2473=CARTESIAN_POINT('',(-0.0737929374505921,-0.0172455009837705,-0.00835710838889221));
#2474=CARTESIAN_POINT('',(-0.0736103854729492,0.0175448292212654,-0.00774918047506419));
#2475=CARTESIAN_POINT('',(-0.0738318011495505,0.0172556469643395,-0.00835898212207841));
#2476=CARTESIAN_POINT('',(-0.0738200346324015,0.0169055888239994,-0.0089575413699754));
#2477=CARTESIAN_POINT('',(-0.073607037738753,0.0165380917255907,-0.00951186755514618));
#2478=CARTESIAN_POINT('',(-0.0731921481374718,0.0162163569180173,-0.00998669733908115));
#2479=CARTESIAN_POINT('',(-0.0725443095022641,0.0161089564035913,-0.0102953434226706));
#2480=CARTESIAN_POINT('',(-0.0718570225522172,0.0163379002555688,-0.0102991000342855));
#2481=CARTESIAN_POINT('',(-0.0712946903646365,0.0166894386190618,-0.0100785725861103));
#2482=CARTESIAN_POINT('',(-0.0708478322225347,0.0170595807129931,-0.00968865741622989));
#2483=CARTESIAN_POINT('',(-0.070553206069086,0.017390946819043,-0.00914661144103283));
#2484=CARTESIAN_POINT('',(-0.0704754072949715,0.0176333295592615,-0.00848650994614937));
#2485=CARTESIAN_POINT('',(-0.0707412718775306,0.017788607543349,-0.00759224051001949));
#2486=CARTESIAN_POINT('',(-0.0717473561742697,0.0177757164746011,-0.00682372570280419));
#2487=CARTESIAN_POINT('',(-0.0729847946565147,0.0177735329393552,-0.00707389961748065));
#2488=CARTESIAN_POINT('',(-0.0736103854729492,0.0175448292212654,-0.00774918047506419));
#2489=CARTESIAN_POINT('',(-0.0738318011495505,0.0172556469643395,-0.00835898212207841));
#2490=CARTESIAN_POINT('',(-0.0738200346324015,0.0169055888239994,-0.0089575413699754));
#2491=CARTESIAN_POINT('',(-0.0737929374505921,0.0172455009837705,-0.0083571083888922));
#2492=CARTESIAN_POINT('',(0.0793404802680016,0.025908,-0.005461));
#2493=CARTESIAN_POINT('',(0.0749706774950028,0.025908,-0.008636));
#2494=CARTESIAN_POINT('',(0.0752338205281476,-0.00467162994379437,-0.00700610529661424));
#2495=CARTESIAN_POINT('',(0.0748243006683839,-0.00473835620550968,-0.00693998918628675));
#2496=CARTESIAN_POINT('',(0.0739623496335791,-0.00488598613532987,-0.0071238224560089));
#2497=CARTESIAN_POINT('',(0.0732088201293761,-0.00477541771656403,-0.00824084238008352));
#2498=CARTESIAN_POINT('',(0.0733838302988761,-0.00428536008357625,-0.00945966411685703));
#2499=CARTESIAN_POINT('',(0.0742967874407287,-0.00383087989602013,-0.0103174786043904));
#2500=CARTESIAN_POINT('',(0.0756570003969693,-0.00389504620585542,-0.0103166442249681));
#2501=CARTESIAN_POINT('',(0.0765967598834762,-0.00423278878112452,-0.00942201786313585));
#2502=CARTESIAN_POINT('',(0.0767053016676538,-0.00443567141966734,-0.00810875719669632));
#2503=CARTESIAN_POINT('',(0.0761549680511708,-0.00452101069573953,-0.00741259373032365));
#2504=CARTESIAN_POINT('',(0.0757939512890712,-0.00458013159128038,-0.00720490906648106));
#2505=CARTESIAN_POINT('',(0.0757939512890982,0.00458013159127598,-0.00720490906649062));
#2506=CARTESIAN_POINT('',(0.076154640034986,0.00452106441238827,-0.00741240503013733));
#2507=CARTESIAN_POINT('',(0.0767039209549106,0.00443608556468763,-0.00810546882772334));
#2508=CARTESIAN_POINT('',(0.0765978442053273,0.00423314425575154,-0.00941996795751201));
#2509=CARTESIAN_POINT('',(0.0756613522193621,0.00389692212272029,-0.0103129205160778));
#2510=CARTESIAN_POINT('',(0.0743074502746279,0.00382849292123153,-0.0103226397060974));
#2511=CARTESIAN_POINT('',(0.0733829009360714,0.0042847805962141,-0.00946056152859109));
#2512=CARTESIAN_POINT('',(0.0732089951872347,0.00477390018262602,-0.0082457178961105));
#2513=CARTESIAN_POINT('',(0.073957297877056,0.00488670956337194,-0.00712598211112262));
#2514=CARTESIAN_POINT('',(0.0748237504908737,0.00473844585021834,-0.00693990036130173));
#2515=CARTESIAN_POINT('',(0.075233820528153,0.00467162994379349,-0.00700610529662053));
#2516=CARTESIAN_POINT('',(0.0836735144257546,0.025908,-0.008636));
#2517=CARTESIAN_POINT('',(0.082270711296517,-0.0034917013602827,-0.00950660001183133));
#2518=CARTESIAN_POINT('',(0.0824695312402788,-0.00345751022012598,-0.00982695980447281));
#2519=CARTESIAN_POINT('',(0.0830791362647546,-0.00333175632376882,-0.0103111567435261));
#2520=CARTESIAN_POINT('',(0.0838580587307176,-0.00321742110587141,-0.0103186073265138));
#2521=CARTESIAN_POINT('',(0.0842111036766935,-0.00315597605522165,-0.0101970249188514));
#2522=CARTESIAN_POINT('',(0.0842111036766935,0.00315597605522165,-0.0101970249188514));
#2523=CARTESIAN_POINT('',(0.0838580542557666,0.00321742188470593,-0.0103186088676074));
#2524=CARTESIAN_POINT('',(0.0830799394120736,0.0033316175091822,-0.0103114423380284));
#2525=CARTESIAN_POINT('',(0.0824695275434226,0.00345751085587571,-0.00982695384770627));
#2526=CARTESIAN_POINT('',(0.0822707112965167,0.00349170136028275,-0.00950660001183122));
#2527=CARTESIAN_POINT('',(-0.079375,0.013335,0.0255920529294015));
#2528=CARTESIAN_POINT('',(-0.0942414770618868,0.013335,0.0255920529294015));
#2529=CARTESIAN_POINT('',(-0.05715,0.013335,0.0255920529294015));
#2530=CARTESIAN_POINT('',(-0.05715,0.013335,0.0300370529294016));
#2531=CARTESIAN_POINT('',(-0.05715,0.01778,0.0300370529294016));
#2532=CARTESIAN_POINT('',(-0.05715,0.01778,0.0255920529294015));
#2533=CARTESIAN_POINT('',(-0.0556432804046546,0.013335000000234,0.0300370529294016));
#2534=CARTESIAN_POINT('',(-0.0555843979375936,0.0177800000004259,0.0300370529294873));
#2535=CARTESIAN_POINT('',(-0.0558420456633757,0.01778,0.025592052929317));
#2536=CARTESIAN_POINT('',(-0.0526171496441,0.0132846093102643,0.0297681277559006));
#2537=CARTESIAN_POINT('',(-0.0524382551448614,0.0177064839575092,0.0297482923415995));
#2538=CARTESIAN_POINT('',(-0.0532035132220259,0.0177272993801081,0.0253701575409098));
#2539=CARTESIAN_POINT('',(-0.048327539723849,0.0130315071809536,0.0286435766726778));
#2540=CARTESIAN_POINT('',(-0.0479603884035949,0.0173333691745774,0.0285285774813498));
#2541=CARTESIAN_POINT('',(-0.0493460504102655,0.0174579873337556,0.024426675979741));
#2542=CARTESIAN_POINT('',(-0.0443385303275064,0.012569618504046,0.0269481968343048));
#2543=CARTESIAN_POINT('',(-0.043797623742444,0.0166595045367391,0.0266874052016058));
#2544=CARTESIAN_POINT('',(-0.0455866064267888,0.0169555458978396,0.0229660476268831));
#2545=CARTESIAN_POINT('',(-0.0413490213272288,0.011990877781376,0.0252294295145114));
#2546=CARTESIAN_POINT('',(-0.0406649410250409,0.0158218779796242,0.0248127358679955));
#2547=CARTESIAN_POINT('',(-0.0426009109729015,0.0163060847442441,0.021446305456128));
#2548=CARTESIAN_POINT('',(-0.0391253409102176,0.0113784709350909,0.0237321662322778));
#2549=CARTESIAN_POINT('',(-0.0383245241485403,0.014931446519927,0.0231691131154559));
#2550=CARTESIAN_POINT('',(-0.0402548512062921,0.0155887787776058,0.0201003415483138));
#2551=CARTESIAN_POINT('',(-0.0375307231010672,0.0108248908174095,0.0225543471860836));
#2552=CARTESIAN_POINT('',(-0.0366529789604908,0.0141297714462985,0.0218811609681389));
#2553=CARTESIAN_POINT('',(-0.038494677045709,0.0149171526588033,0.019031410934736));
#2554=CARTESIAN_POINT('',(-0.0362860449395491,0.0102757098370382,0.0215578643086867));
#2555=CARTESIAN_POINT('',(-0.0353369894092734,0.0133250341346318,0.02078180204665));
#2556=CARTESIAN_POINT('',(-0.0370398844783787,0.0142182647100998,0.0181193538288951));
#2557=CARTESIAN_POINT('',(-0.0354604898014054,0.00983103526190466,0.0208618268985415));
#2558=CARTESIAN_POINT('',(-0.0344578204895122,0.012665820656148,0.0200076265869386));
#2559=CARTESIAN_POINT('',(-0.0360238323436233,0.0136244785865984,0.0174787900239286));
#2560=CARTESIAN_POINT('',(-0.0350593142476009,0.00959126531484669,0.020515273431975));
#2561=CARTESIAN_POINT('',(-0.0340301249201258,0.0123072165546469,0.0196216709686335));
#2562=CARTESIAN_POINT('',(-0.0355121222488986,0.0132930490376546,0.0171590457640079));
#2563=CARTESIAN_POINT('',(-0.0348338204142086,0.0094478736918547,0.0203181842601734));
#2564=CARTESIAN_POINT('',(-0.0337911446732607,0.0120961628879319,0.0194033268173445));
#2565=CARTESIAN_POINT('',(-0.0352240149923123,0.013094745449672,0.0169769814296751));
#2566=CARTESIAN_POINT('',(-0.0346093741275192,0.00930413496852077,0.0201204918027191));
#2567=CARTESIAN_POINT('',(-0.0335833427369203,0.0119635694679541,0.0192109132363792));
#2568=CARTESIAN_POINT('',(-0.0350361039416915,0.012964486995777,0.0167942139156016));
#2569=CARTESIAN_POINT('',(-0.0343301778488541,0.009125429045069,0.0198717411384062));
#2570=CARTESIAN_POINT('',(-0.0333148952954847,0.0117723999534,0.01896031639995));
#2571=CARTESIAN_POINT('',(-0.0347681344225549,0.0127792138174915,0.0165639704660835));
#2572=CARTESIAN_POINT('',(-0.0338865397529871,0.00884086001922952,0.0194705212574807));
#2573=CARTESIAN_POINT('',(-0.0328932934634755,0.0114828485933916,0.01856102239015));
#2574=CARTESIAN_POINT('',(-0.0343606199822537,0.0124972253015061,0.0161920310131489));
#2575=CARTESIAN_POINT('',(-0.0333375739665245,0.00848798306923374,0.018963023346728));
#2576=CARTESIAN_POINT('',(-0.0323692618271074,0.011119250017958,0.0180548841671695));
#2577=CARTESIAN_POINT('',(-0.0338487120045041,0.0121430834734472,0.015720499252082));
#2578=CARTESIAN_POINT('',(-0.0326871871615154,0.00806873292712725,0.0183445896017994));
#2579=CARTESIAN_POINT('',(-0.0317478793858791,0.0106896779173204,0.0174389832694207));
#2580=CARTESIAN_POINT('',(-0.0332433265670299,0.0117242377751101,0.0151443140785131));
#2581=CARTESIAN_POINT('',(-0.0318321525666483,0.00751587732899673,0.0175093459896396));
#2582=CARTESIAN_POINT('',(-0.0309299005217367,0.0101236465910761,0.0166081405964535));
#2583=CARTESIAN_POINT('',(-0.0324440371867596,0.0111712489484437,0.014363704442937));
#2584=CARTESIAN_POINT('',(-0.0309925407484106,0.00697199223144196,0.0166561814421242));
#2585=CARTESIAN_POINT('',(-0.0301252505514174,0.00956699342507987,0.0157597247640355));
#2586=CARTESIAN_POINT('',(-0.0316579939277276,0.0106274209488336,0.0135650326315773));
#2587=CARTESIAN_POINT('',(-0.0301732703036358,0.00643626650209383,0.0157938824024628));
#2588=CARTESIAN_POINT('',(-0.0293353945688782,0.00902052084781399,0.0149020726247648));
#2589=CARTESIAN_POINT('',(-0.0308836460765072,0.0100916857031598,0.0127499346869138));
#2590=CARTESIAN_POINT('',(-0.0297604758650172,0.00617142193233646,0.0153478118357615));
#2591=CARTESIAN_POINT('',(-0.0289421022675695,0.00874842141250644,0.0144593590478368));
#2592=CARTESIAN_POINT('',(-0.0305008441120721,0.00982684271945976,0.0123363090321595));
#2593=CARTESIAN_POINT('',(-0.0295694689250794,0.00603927307489249,0.0151404485375916));
#2594=CARTESIAN_POINT('',(-0.0287510953276381,0.0086162725550605,0.0142519957496677));
#2595=CARTESIAN_POINT('',(-0.030309837172135,0.00969469386201349,0.01212894573399));
#2596=CARTESIAN_POINT('',(-0.079375,-0.013335,0.0255920529294015));
#2597=CARTESIAN_POINT('',(-0.0942414770618868,-0.013335,0.0255920529294015));
#2598=CARTESIAN_POINT('',(-0.05715,-0.013335,0.0255920529294015));
#2599=CARTESIAN_POINT('',(-0.05715,-0.01778,0.0255920529294015));
#2600=CARTESIAN_POINT('',(-0.05715,-0.01778,0.0300370529294016));
#2601=CARTESIAN_POINT('',(-0.05715,-0.013335,0.0300370529294016));
#2602=CARTESIAN_POINT('',(-0.0558420456634017,-0.01778,0.0255920529293539));
#2603=CARTESIAN_POINT('',(-0.0555843979376161,-0.017780000000461,0.0300370529294891));
#2604=CARTESIAN_POINT('',(-0.0556432804046589,-0.013335000000286,0.0300370529294016));
#2605=CARTESIAN_POINT('',(-0.0532035132220137,-0.0177272993801081,0.0253701575408927));
#2606=CARTESIAN_POINT('',(-0.0524382551448487,-0.0177064839574928,0.0297482923415984));
#2607=CARTESIAN_POINT('',(-0.0526171496440979,-0.0132846093102401,0.0297681277559005));
#2608=CARTESIAN_POINT('',(-0.0493460504102687,-0.0174579873337556,0.0244266759797456));
#2609=CARTESIAN_POINT('',(-0.047960388403599,-0.0173333691745817,0.0285285774813503));
#2610=CARTESIAN_POINT('',(-0.0483275397238496,-0.0130315071809601,0.0286435766726778));
#2611=CARTESIAN_POINT('',(-0.045586606426788,-0.0169555458978396,0.0229660476268818));
#2612=CARTESIAN_POINT('',(-0.0437976237424428,-0.0166595045367379,0.0266874052016056));
#2613=CARTESIAN_POINT('',(-0.0443385303275063,-0.0125696185040443,0.0269481968343048));
#2614=CARTESIAN_POINT('',(-0.0426009109729016,-0.0163060847442441,0.0214463054561282));
#2615=CARTESIAN_POINT('',(-0.0406649410250411,-0.0158218779796243,0.0248127358679956));
#2616=CARTESIAN_POINT('',(-0.0413490213272288,-0.0119908777813762,0.0252294295145114));
#2617=CARTESIAN_POINT('',(-0.040254851206292,-0.0155887787776058,0.0201003415483137));
#2618=CARTESIAN_POINT('',(-0.0383245241485402,-0.0149314465199269,0.0231691131154559));
#2619=CARTESIAN_POINT('',(-0.0391253409102176,-0.0113784709350909,0.0237321662322778));
#2620=CARTESIAN_POINT('',(-0.038494677045709,-0.0149171526588033,0.019031410934736));
#2621=CARTESIAN_POINT('',(-0.0366529789604908,-0.0141297714462985,0.0218811609681389));
#2622=CARTESIAN_POINT('',(-0.0375307231010672,-0.0108248908174095,0.0225543471860835));
#2623=CARTESIAN_POINT('',(-0.0370398844783787,-0.0142182647100998,0.0181193538288951));
#2624=CARTESIAN_POINT('',(-0.0353369894092734,-0.0133250341346318,0.02078180204665));
#2625=CARTESIAN_POINT('',(-0.0362860449395491,-0.0102757098370383,0.0215578643086867));
#2626=CARTESIAN_POINT('',(-0.0360238323436233,-0.0136244785865984,0.0174787900239286));
#2627=CARTESIAN_POINT('',(-0.0344578204895122,-0.012665820656148,0.0200076265869386));
#2628=CARTESIAN_POINT('',(-0.0354604898014053,-0.00983103526190462,0.0208618268985415));
#2629=CARTESIAN_POINT('',(-0.0355121222488986,-0.0132930490376546,0.0171590457640079));
#2630=CARTESIAN_POINT('',(-0.0340301249201258,-0.0123072165546469,0.0196216709686335));
#2631=CARTESIAN_POINT('',(-0.035059314247601,-0.0095912653148467,0.020515273431975));
#2632=CARTESIAN_POINT('',(-0.0352240149923123,-0.013094745449672,0.0169769814296751));
#2633=CARTESIAN_POINT('',(-0.0337911446732608,-0.0120961628879318,0.0194033268173445));
#2634=CARTESIAN_POINT('',(-0.0348338204142086,-0.00944787369185468,0.0203181842601734));
#2635=CARTESIAN_POINT('',(-0.0350361039416915,-0.012964486995777,0.0167942139156016));
#2636=CARTESIAN_POINT('',(-0.0335833427369202,-0.0119635694679541,0.0192109132363792));
#2637=CARTESIAN_POINT('',(-0.0346093741275192,-0.00930413496852075,0.0201204918027191));
#2638=CARTESIAN_POINT('',(-0.0347681344225549,-0.0127792138174915,0.0165639704660835));
#2639=CARTESIAN_POINT('',(-0.0333148952954847,-0.0117723999534,0.01896031639995));
#2640=CARTESIAN_POINT('',(-0.0343301778488542,-0.00912542904506902,0.0198717411384062));
#2641=CARTESIAN_POINT('',(-0.0343606199822536,-0.0124972253015061,0.0161920310131489));
#2642=CARTESIAN_POINT('',(-0.0328932934634754,-0.0114828485933916,0.01856102239015));
#2643=CARTESIAN_POINT('',(-0.0338865397529871,-0.00884086001922949,0.0194705212574807));
#2644=CARTESIAN_POINT('',(-0.0338487120045041,-0.0121430834734472,0.015720499252082));
#2645=CARTESIAN_POINT('',(-0.0323692618271074,-0.0111192500179581,0.0180548841671695));
#2646=CARTESIAN_POINT('',(-0.0333375739665245,-0.00848798306923377,0.018963023346728));
#2647=CARTESIAN_POINT('',(-0.0332433265670298,-0.0117242377751101,0.015144314078513));
#2648=CARTESIAN_POINT('',(-0.031747879385879,-0.0106896779173203,0.0174389832694206));
#2649=CARTESIAN_POINT('',(-0.0326871871615154,-0.00806873292712719,0.0183445896017993));
#2650=CARTESIAN_POINT('',(-0.03244403718676,-0.011171248948444,0.0143637044429375));
#2651=CARTESIAN_POINT('',(-0.030929900521737,-0.0101236465910766,0.0166081405964541));
#2652=CARTESIAN_POINT('',(-0.0318321525666487,-0.00751587732899701,0.01750934598964));
#2653=CARTESIAN_POINT('',(-0.0316579939277252,-0.0106274209488319,0.013565032631574));
#2654=CARTESIAN_POINT('',(-0.0301252505514155,-0.00956699342507713,0.0157597247640318));
#2655=CARTESIAN_POINT('',(-0.0309925407484083,-0.00697199223144024,0.0166561814421217));
#2656=CARTESIAN_POINT('',(-0.0308836460765113,-0.0100916857031626,0.0127499346869194));
#2657=CARTESIAN_POINT('',(-0.0293353945688814,-0.00902052084781865,0.0149020726247711));
#2658=CARTESIAN_POINT('',(-0.0301732703036398,-0.00643626650209676,0.0157938824024671));
#2659=CARTESIAN_POINT('',(-0.0305008441120631,-0.00982684271945359,0.012336309032147));
#2660=CARTESIAN_POINT('',(-0.0289421022675625,-0.00874842141249618,0.014459359047823));
#2661=CARTESIAN_POINT('',(-0.0297604758650085,-0.00617142193232998,0.015347811835752));
#2662=CARTESIAN_POINT('',(-0.030309837172135,-0.00969469386201349,0.01212894573399));
#2663=CARTESIAN_POINT('',(-0.0287510953276381,-0.0086162725550605,0.0142519957496677));
#2664=CARTESIAN_POINT('',(-0.0295694689250794,-0.00603927307489249,0.0151404485375916));
#2665=CARTESIAN_POINT('',(-0.0952718263936761,-0.013335,0.0090007488044537));
#2666=CARTESIAN_POINT('',(-0.0952718263936761,-0.01778,0.0090007488044537));
#2667=CARTESIAN_POINT('',(-0.0942414770618868,-0.01778,0.0133246828065496));
#2668=CARTESIAN_POINT('',(-0.0936059348873595,-0.013335,0.0086037838647634));
#2669=CARTESIAN_POINT('',(-0.0936059348874245,-0.0177800000000318,0.00860378386542602));
#2670=CARTESIAN_POINT('',(-0.0924374909898394,-0.01778,0.0128948113424723));
#2671=CARTESIAN_POINT('',(-0.0911942291880914,-0.013335,0.00790481872003626));
#2672=CARTESIAN_POINT('',(-0.0911942291880767,-0.0177799999999928,0.00790481871988684));
#2673=CARTESIAN_POINT('',(-0.0897745863858679,-0.01778,0.0121290207624098));
#2674=CARTESIAN_POINT('',(-0.0882974476798932,-0.013335,0.00668073106697914));
#2675=CARTESIAN_POINT('',(-0.0882974476798959,-0.0177800000000014,0.00668073106700733));
#2676=CARTESIAN_POINT('',(-0.0863691148225938,-0.01778,0.0106953808950053));
#2677=CARTESIAN_POINT('',(-0.086350193437785,-0.013335,0.00558787967169091));
#2678=CARTESIAN_POINT('',(-0.0863501934377843,-0.0177799999999996,0.0055878796716832));
#2679=CARTESIAN_POINT('',(-0.0839205245800329,-0.01778,0.00932905603792857));
#2680=CARTESIAN_POINT('',(-0.0850335084534676,-0.013335,0.00456163273381912));
#2681=CARTESIAN_POINT('',(-0.0850335084534676,-0.01778,0.00456163273382008));
#2682=CARTESIAN_POINT('',(-0.0820949604813747,-0.01778,0.00792022271132495));
#2683=CARTESIAN_POINT('',(-0.084171122811671,-0.013335,0.00366011217482764));
#2684=CARTESIAN_POINT('',(-0.084171122811671,-0.01778,0.00366011217482746));
#2685=CARTESIAN_POINT('',(-0.0807946980686739,-0.01778,0.00656527007752192));
#2686=CARTESIAN_POINT('',(-0.0836430025431803,-0.013335,0.00296747590582462));
#2687=CARTESIAN_POINT('',(-0.0836430025431803,-0.01778,0.00296747590582467));
#2688=CARTESIAN_POINT('',(-0.0799522645026411,-0.01778,0.00546395592981841));
#2689=CARTESIAN_POINT('',(-0.0832188268639917,-0.013335,0.002246882641897));
#2690=CARTESIAN_POINT('',(-0.0832188268639917,-0.01778,0.00224688264189698));
#2691=CARTESIAN_POINT('',(-0.0792429397587561,-0.01778,0.00426231321333801));
#2692=CARTESIAN_POINT('',(-0.0829523463974271,-0.013335,0.00162004967575804));
#2693=CARTESIAN_POINT('',(-0.0829523463974271,-0.01778,0.00162004967575805));
#2694=CARTESIAN_POINT('',(-0.0787829065443337,-0.01778,0.00318286844191888));
#2695=CARTESIAN_POINT('',(-0.0827939385976635,-0.013335,0.00111440932943293));
#2696=CARTESIAN_POINT('',(-0.0827939385976635,-0.01778,0.00111440932943293));
#2697=CARTESIAN_POINT('',(-0.0785073965437718,-0.01778,0.00230244356248736));
#2698=CARTESIAN_POINT('',(-0.0826999922071585,-0.0133349999999999,0.000724800074219754));
#2699=CARTESIAN_POINT('',(-0.0826999922071586,-0.0177799999999999,0.000724800074219755));
#2700=CARTESIAN_POINT('',(-0.0783444585503769,-0.0177799999999999,0.00162937041572655));
#2701=CARTESIAN_POINT('',(-0.0826434886531557,-0.0133350000000001,0.000402519653938145));
#2702=CARTESIAN_POINT('',(-0.0826434886531554,-0.0177800000000001,0.000402519653938157));
#2703=CARTESIAN_POINT('',(-0.07824569948634,-0.0177800000000001,0.00105880889034894));
#2704=CARTESIAN_POINT('',(-0.0826133035267876,-0.0133349999999999,0.000152855079341891));
#2705=CARTESIAN_POINT('',(-0.082613303526788,-0.0177799999999998,0.000152855079341874));
#2706=CARTESIAN_POINT('',(-0.0781959740522478,-0.0177799999999998,0.000654176697013085));
#2707=CARTESIAN_POINT('',(-0.0826018784233679,-0.013335,3.84618170839532E-5));
#2708=CARTESIAN_POINT('',(-0.0826018784233672,-0.01778,3.84618170839911E-5));
#2709=CARTESIAN_POINT('',(-0.0781732614724377,-0.01778,0.000421436632176955));
#2710=CARTESIAN_POINT('',(-0.0825923244629198,-0.013335,-7.53057443432641E-5));
#2711=CARTESIAN_POINT('',(-0.0825923244629214,-0.01778,-7.53057443433515E-5));
#2712=CARTESIAN_POINT('',(-0.0781635904282854,-0.01778,0.000304615103283939));
#2713=CARTESIAN_POINT('',(-0.0825873176090113,-0.013335,-0.000133670597046778));
#2714=CARTESIAN_POINT('',(-0.0825873176090113,-0.01778,-0.000133670597046778));
#2715=CARTESIAN_POINT('',(-0.0781585835743759,-0.01778,0.00024625025058052));
#2716=CARTESIAN_POINT('',(-0.0942414770618868,-0.013335,0.0133246828065496));
#2717=CARTESIAN_POINT('',(-0.0825987845984796,-0.013335,0.));
#2718=CARTESIAN_POINT('',(-0.0825987845984796,-0.0145099707362625,0.));
#2719=CARTESIAN_POINT('',(-0.0816470584371929,-0.0168114394361888,0.000139781709930154));
#2720=CARTESIAN_POINT('',(-0.0793454338432666,-0.0177799999999998,0.00051776839285317));
#2721=CARTESIAN_POINT('',(-0.0782041659694436,-0.01778,0.000715613087582589));
#2722=CARTESIAN_POINT('',(-0.0668646377750793,-0.01778,-0.00771858432203298));
#2723=CARTESIAN_POINT('',(-0.0670519030389611,-0.01778,-0.0121596378818252));
#2724=CARTESIAN_POINT('',(-0.0670519030389611,-0.013335,-0.0121596378818252));
#2725=CARTESIAN_POINT('',(-0.0681742989326427,-0.01778,-0.00766336003131309));
#2726=CARTESIAN_POINT('',(-0.0685929516544532,-0.0177799999999872,-0.0120946567107247));
#2727=CARTESIAN_POINT('',(-0.0685929516542105,-0.0133349999999727,-0.0120946567074926));
#2728=CARTESIAN_POINT('',(-0.0701580886133582,-0.01778,-0.00742782840970668));
#2729=CARTESIAN_POINT('',(-0.0710095341919915,-0.0177800000000029,-0.0118220003604471));
#2730=CARTESIAN_POINT('',(-0.0710095341920462,-0.0133350000000061,-0.0118220003611759));
#2731=CARTESIAN_POINT('',(-0.072643299523831,-0.01778,-0.00662102116235087));
#2732=CARTESIAN_POINT('',(-0.0743618560312686,-0.0177799999999995,-0.0107463339967861));
#2733=CARTESIAN_POINT('',(-0.0743618560312583,-0.0133349999999988,-0.0107463339966489));
#2734=CARTESIAN_POINT('',(-0.0744042882959575,-0.01778,-0.00567057581382354));
#2735=CARTESIAN_POINT('',(-0.0769553931355503,-0.0177800000000001,-0.0093612216958388));
#2736=CARTESIAN_POINT('',(-0.0769553931355531,-0.0133350000000003,-0.00936122169587564));
#2737=CARTESIAN_POINT('',(-0.0758813453526882,-0.01778,-0.00435422358109976));
#2738=CARTESIAN_POINT('',(-0.0792614038112745,-0.01778,-0.00730908438125083));
#2739=CARTESIAN_POINT('',(-0.0792614038112737,-0.0133349999999999,-0.00730908438124074));
#2740=CARTESIAN_POINT('',(-0.0768257877160349,-0.01778,-0.00298047900118709));
#2741=CARTESIAN_POINT('',(-0.0806719875555909,-0.01778,-0.00524052221427519));
#2742=CARTESIAN_POINT('',(-0.0806719875555911,-0.013335,-0.00524052221427644));
#2743=CARTESIAN_POINT('',(-0.0774045293180073,-0.01778,-0.00179643903800628));
#2744=CARTESIAN_POINT('',(-0.0814848421410571,-0.01778,-0.00357259485766734));
#2745=CARTESIAN_POINT('',(-0.081484842141057,-0.013335,-0.0035725948576671));
#2746=CARTESIAN_POINT('',(-0.0777653557373391,-0.01778,-0.000867043454621637));
#2747=CARTESIAN_POINT('',(-0.0819713984922286,-0.01778,-0.00231751518904953));
#2748=CARTESIAN_POINT('',(-0.0819713984922289,-0.013335,-0.00231751518904962));
#2749=CARTESIAN_POINT('',(-0.078005337716505,-0.01778,-8.26978682608229E-5));
#2750=CARTESIAN_POINT('',(-0.0822846255538188,-0.01778,-0.00128992254187862));
#2751=CARTESIAN_POINT('',(-0.0822846255538179,-0.013335,-0.00128992254187853));
#2752=CARTESIAN_POINT('',(-0.0781685038952938,-0.01778,0.00055257137288748));
#2753=CARTESIAN_POINT('',(-0.0824895189095783,-0.01778,-0.000493674644883695));
#2754=CARTESIAN_POINT('',(-0.0824895189095798,-0.013335,-0.000493674644883852));
#2755=CARTESIAN_POINT('',(-0.0782397084600332,-0.01778,0.000872577044073772));
#2756=CARTESIAN_POINT('',(-0.0825839488648873,-0.01778,-6.84863463780415E-5));
#2757=CARTESIAN_POINT('',(-0.0825839488648839,-0.013335,-6.84863463776978E-5));
#2758=CARTESIAN_POINT('',(-0.0782744171763022,-0.01778,0.00103280324047409));
#2759=CARTESIAN_POINT('',(-0.0826186575811545,-0.01778,9.17398500222793E-5));
#2760=CARTESIAN_POINT('',(-0.0826186575811545,-0.013335,9.17398500222793E-5));
#2761=CARTESIAN_POINT('',(-0.0668646377750796,-0.013335,-0.00771858432203262));
#2762=CARTESIAN_POINT('',(-0.0942414770618862,0.01778,0.0133246828065495));
#2763=CARTESIAN_POINT('',(-0.0952718263936755,0.01778,0.00900074880445354));
#2764=CARTESIAN_POINT('',(-0.0952718263936755,0.013335,0.00900074880445355));
#2765=CARTESIAN_POINT('',(-0.092437490989916,0.01778,0.012894811342506));
#2766=CARTESIAN_POINT('',(-0.0936059348874057,0.0177800000000205,0.00860378386544863));
#2767=CARTESIAN_POINT('',(-0.0936059348874399,0.013335,0.00860378386478255));
#2768=CARTESIAN_POINT('',(-0.08977458638585,0.01778,0.012129020762402));
#2769=CARTESIAN_POINT('',(-0.0911942291880804,0.0177799999999954,0.00790481871988155));
#2770=CARTESIAN_POINT('',(-0.0911942291880726,0.013335,0.00790481872003176));
#2771=CARTESIAN_POINT('',(-0.0863691148225966,0.01778,0.0106953808950065));
#2772=CARTESIAN_POINT('',(-0.0882974476798948,0.0177800000000009,0.00668073106700809));
#2773=CARTESIAN_POINT('',(-0.0882974476798962,0.013335,0.00668073106697976));
#2774=CARTESIAN_POINT('',(-0.0839205245800318,0.01778,0.00932905603792807));
#2775=CARTESIAN_POINT('',(-0.0863501934377843,0.0177799999999998,0.00558787967168284));
#2776=CARTESIAN_POINT('',(-0.0863501934377839,0.013335,0.00558787967169059));
#2777=CARTESIAN_POINT('',(-0.0820949604813746,0.01778,0.00792022271132473));
#2778=CARTESIAN_POINT('',(-0.0850335084534675,0.01778,0.00456163273381992));
#2779=CARTESIAN_POINT('',(-0.0850335084534675,0.013335,0.00456163273381896));
#2780=CARTESIAN_POINT('',(-0.0807946980686737,0.01778,0.00656527007752174));
#2781=CARTESIAN_POINT('',(-0.084171122811671,0.01778,0.00366011217482734));
#2782=CARTESIAN_POINT('',(-0.0841711228116709,0.013335,0.00366011217482752));
#2783=CARTESIAN_POINT('',(-0.079952264502641,0.01778,0.00546395592981822));
#2784=CARTESIAN_POINT('',(-0.0836430025431802,0.01778,0.00296747590582454));
#2785=CARTESIAN_POINT('',(-0.0836430025431802,0.013335,0.00296747590582449));
#2786=CARTESIAN_POINT('',(-0.079242939758756,0.01778,0.00426231321333783));
#2787=CARTESIAN_POINT('',(-0.0832188268639917,0.01778,0.0022468826418969));
#2788=CARTESIAN_POINT('',(-0.0832188268639917,0.013335,0.00224688264189691));
#2789=CARTESIAN_POINT('',(-0.0787829065443336,0.01778,0.00318286844191864));
#2790=CARTESIAN_POINT('',(-0.082952346397427,0.01778,0.00162004967575789));
#2791=CARTESIAN_POINT('',(-0.082952346397427,0.013335,0.00162004967575789));
#2792=CARTESIAN_POINT('',(-0.0785073965437719,0.01778,0.00230244356248729));
#2793=CARTESIAN_POINT('',(-0.0827939385976635,0.01778,0.00111440932943291));
#2794=CARTESIAN_POINT('',(-0.0827939385976636,0.013335,0.00111440932943291));
#2795=CARTESIAN_POINT('',(-0.0783444585503767,0.01778,0.0016293704157264));
#2796=CARTESIAN_POINT('',(-0.0826999922071584,0.01778,0.000724800074219605));
#2797=CARTESIAN_POINT('',(-0.0826999922071584,0.013335,0.000724800074219603));
#2798=CARTESIAN_POINT('',(-0.0782456994863403,0.01778,0.00105880889034902));
#2799=CARTESIAN_POINT('',(-0.0826434886531559,0.01778,0.000402519653938315));
#2800=CARTESIAN_POINT('',(-0.0826434886531558,0.013335,0.000402519653938321));
#2801=CARTESIAN_POINT('',(-0.0781959740522474,0.01778,0.00065417669701274));
#2802=CARTESIAN_POINT('',(-0.0826133035267875,0.01778,0.000152855079341534));
#2803=CARTESIAN_POINT('',(-0.0826133035267876,0.013335,0.000152855079341525));
#2804=CARTESIAN_POINT('',(-0.0781732614724384,0.01778,0.000421436632177424));
#2805=CARTESIAN_POINT('',(-0.0826018784233681,0.01778,3.84618170844908E-5));
#2806=CARTESIAN_POINT('',(-0.082601878423368,0.013335,3.84618170845072E-5));
#2807=CARTESIAN_POINT('',(-0.0781635904282837,0.01778,0.000304615103282797));
#2808=CARTESIAN_POINT('',(-0.0825923244629194,0.01778,-7.53057443445039E-5));
#2809=CARTESIAN_POINT('',(-0.0825923244629197,0.013335,-7.53057443445405E-5));
#2810=CARTESIAN_POINT('',(-0.0781585835743759,0.01778,0.000246250250580471));
#2811=CARTESIAN_POINT('',(-0.0825873176090113,0.01778,-0.000133670597046826));
#2812=CARTESIAN_POINT('',(-0.0825873176090113,0.013335,-0.000133670597046826));
#2813=CARTESIAN_POINT('',(-0.0942414770618862,0.013335,0.0133246828065495));
#2814=CARTESIAN_POINT('',(-0.0825987845984796,0.013335,0.));
#2815=CARTESIAN_POINT('',(-0.0825987845984796,0.0145099707362625,0.));
#2816=CARTESIAN_POINT('',(-0.0816470584371929,0.0168114394361887,0.000139781709928725));
#2817=CARTESIAN_POINT('',(-0.0793454338432669,0.0177799999999999,0.000517768392854804));
#2818=CARTESIAN_POINT('',(-0.0782041659694437,0.01778,0.000715613087582792));
#2819=CARTESIAN_POINT('',(-0.0670519030389604,0.013335,-0.0121596378818252));
#2820=CARTESIAN_POINT('',(-0.0670519030389604,0.01778,-0.0121596378818252));
#2821=CARTESIAN_POINT('',(-0.0668646377750787,0.01778,-0.00771858432203301));
#2822=CARTESIAN_POINT('',(-0.0685929516540829,0.013335,-0.012094656707498));
#2823=CARTESIAN_POINT('',(-0.0685929516542146,0.01778,-0.0120946567107199));
#2824=CARTESIAN_POINT('',(-0.0681742989325239,0.01778,-0.00766336003130459));
#2825=CARTESIAN_POINT('',(-0.0710095341920741,0.013335,-0.0118220003611749));
#2826=CARTESIAN_POINT('',(-0.0710095341920444,0.01778,-0.0118220003604484));
#2827=CARTESIAN_POINT('',(-0.0701580886133844,0.01778,-0.00742782840970875));
#2828=CARTESIAN_POINT('',(-0.0743618560312525,0.013335,-0.0107463339966492));
#2829=CARTESIAN_POINT('',(-0.0743618560312581,0.01778,-0.0107463339967861));
#2830=CARTESIAN_POINT('',(-0.0726432995238258,0.01778,-0.00662102116235062));
#2831=CARTESIAN_POINT('',(-0.076955393135554,0.013335,-0.00936122169587596));
#2832=CARTESIAN_POINT('',(-0.0769553931355525,0.01778,-0.00936122169583923));
#2833=CARTESIAN_POINT('',(-0.0744042882959585,0.01778,-0.00567057581382388));
#2834=CARTESIAN_POINT('',(-0.079261403811273,0.013335,-0.00730908438124116));
#2835=CARTESIAN_POINT('',(-0.0792614038112734,0.01778,-0.00730908438125122));
#2836=CARTESIAN_POINT('',(-0.0758813453526876,0.01778,-0.0043542235811));
#2837=CARTESIAN_POINT('',(-0.0806719875555911,0.013335,-0.00524052221427669));
#2838=CARTESIAN_POINT('',(-0.080671987555591,0.01778,-0.00524052221427543));
#2839=CARTESIAN_POINT('',(-0.0768257877160349,0.01778,-0.00298047900118725));
#2840=CARTESIAN_POINT('',(-0.0814848421410569,0.013335,-0.00357259485766735));
#2841=CARTESIAN_POINT('',(-0.0814848421410569,0.01778,-0.00357259485766759));
#2842=CARTESIAN_POINT('',(-0.0774045293180072,0.01778,-0.00179643903800647));
#2843=CARTESIAN_POINT('',(-0.0819713984922289,0.013335,-0.00231751518904957));
#2844=CARTESIAN_POINT('',(-0.0819713984922287,0.01778,-0.00231751518904947));
#2845=CARTESIAN_POINT('',(-0.0777653557373391,0.01778,-0.000867043454621532));
#2846=CARTESIAN_POINT('',(-0.0822846255538177,0.013335,-0.00128992254187938));
#2847=CARTESIAN_POINT('',(-0.0822846255538182,0.01778,-0.00128992254187951));
#2848=CARTESIAN_POINT('',(-0.0780053377165049,0.01778,-8.26978682616994E-5));
#2849=CARTESIAN_POINT('',(-0.0824895189095801,0.013335,-0.000493674644882607));
#2850=CARTESIAN_POINT('',(-0.0824895189095794,0.01778,-0.000493674644882388));
#2851=CARTESIAN_POINT('',(-0.0781685038952938,0.01778,0.000552571372888788));
#2852=CARTESIAN_POINT('',(-0.0825839488648833,0.013335,-6.84863463806209E-5));
#2853=CARTESIAN_POINT('',(-0.082583948864885,0.01778,-6.84863463811017E-5));
#2854=CARTESIAN_POINT('',(-0.0782397084600332,0.01778,0.000872577044070783));
#2855=CARTESIAN_POINT('',(-0.0826186575811546,0.013335,9.17398500222854E-5));
#2856=CARTESIAN_POINT('',(-0.0826186575811546,0.01778,9.17398500222854E-5));
#2857=CARTESIAN_POINT('',(-0.0782744171763022,0.01778,0.00103280324047409));
#2858=CARTESIAN_POINT('',(-0.0668646377750803,0.013335,-0.00771858432203294));
#2859=CARTESIAN_POINT('',(-0.0952718263936898,0.013335,0.00900074880445695));
#2860=CARTESIAN_POINT('',(-0.0952718263937114,0.0177799999999947,0.00900074880446208));
#2861=CARTESIAN_POINT('',(-0.0942414770619245,0.01778,0.0133246828065532));
#2862=CARTESIAN_POINT('',(-0.0954734288405889,0.0133349999962968,0.00904878860949296));
#2863=CARTESIAN_POINT('',(-0.0957841533639383,0.0177034591992065,0.00912283108974595));
#2864=CARTESIAN_POINT('',(-0.0947928614578484,0.0177799999999972,0.0133767048849982));
#2865=CARTESIAN_POINT('',(-0.0956721128270192,0.0133107651764279,0.00909489995333559));
#2866=CARTESIAN_POINT('',(-0.0962791456366677,0.0175748758095214,0.00923579016385614));
#2867=CARTESIAN_POINT('',(-0.0953349341961224,0.0177187914573935,0.0134265136005821));
#2868=CARTESIAN_POINT('',(-0.0958678509827263,0.0132629470785506,0.00913925883714679));
#2869=CARTESIAN_POINT('',(-0.0967587687998595,0.0173961169460006,0.00934116183246604));
#2870=CARTESIAN_POINT('',(-0.0958678509827294,0.0175980199413199,0.0134743316999168));
#2871=CARTESIAN_POINT('',(-0.0942414770618868,0.01778,0.0133246828065496));
#2872=CARTESIAN_POINT('',(-0.0947902152854491,0.01778,0.0133764552239469));
#2873=CARTESIAN_POINT('',(-0.0953323492980356,0.0177193772562808,0.013426281660008));
#2874=CARTESIAN_POINT('',(-0.0958678509827246,0.0175980199413209,0.0134743316999164));
#2875=CARTESIAN_POINT('',(-0.0958678509827246,0.0175980199413209,0.0134743316999164));
#2876=CARTESIAN_POINT('',(-0.0948854212017858,0.013262947078551,0.0134743316999164));
#2877=CARTESIAN_POINT('',(-0.0942414770618868,0.0104214770618868,-0.0127));
#2878=CARTESIAN_POINT('',(-0.0942414770618868,0.0104214770618868,0.0226785299912883));
#2879=CARTESIAN_POINT('',(-0.0942414770618868,0.0104214770618868,0.0163158017165805));
#2880=CARTESIAN_POINT('',(-0.1016,0.0104214770618868,0.0226785299912883));
#2881=CARTESIAN_POINT('',(-0.1016,0.0104214770618868,0.0226785299912883));
#2882=CARTESIAN_POINT('',(-0.1016,0.0104214770618868,0.0226785299912883));
#2883=CARTESIAN_POINT('',(-0.1016,0.0108028563301432,0.0236417584103521));
#2884=CARTESIAN_POINT('',(-0.101599858829475,0.0110937808910853,0.0233508338204876));
#2885=CARTESIAN_POINT('',(-0.1016,0.011384705480951,0.0230599092595448));
#2886=CARTESIAN_POINT('',(-0.101216951266307,0.0115654970065217,0.0255679175756906));
#2887=CARTESIAN_POINT('',(-0.101446311986225,0.0124908244936671,0.0247478774230683));
#2888=CARTESIAN_POINT('',(-0.101216951266307,0.0133108646462888,0.0238225499359233));
#2889=CARTESIAN_POINT('',(-0.0998527129872777,0.0123734829199782,0.0276086026858246));
#2890=CARTESIAN_POINT('',(-0.100784492138702,0.0142619569294931,0.0265190098588946));
#2891=CARTESIAN_POINT('',(-0.0998527129872777,0.0153515497564231,0.0246305358493797));
#2892=CARTESIAN_POINT('',(-0.0983559419624689,0.0128595780084425,0.0288363060314125));
#2893=CARTESIAN_POINT('',(-0.0996859695515499,0.0157018195809798,0.0279588725103814));
#2894=CARTESIAN_POINT('',(-0.0983559419624689,0.0165792531020109,0.0251166309378441));
#2895=CARTESIAN_POINT('',(-0.0970756321108155,0.0131305783721817,0.0295207565866929));
#2896=CARTESIAN_POINT('',(-0.0983855919924987,0.016753745976577,0.0290107989059784));
#2897=CARTESIAN_POINT('',(-0.0970756321108155,0.0172637036572914,0.0253876313015831));
#2898=CARTESIAN_POINT('',(-0.0956863008561563,0.013297436134301,0.0299421799617716));
#2899=CARTESIAN_POINT('',(-0.0965277740592826,0.0175695218766662,0.0298265748060684));
#2900=CARTESIAN_POINT('',(-0.0956863008561563,0.0176851270323701,0.0255544890637031));
#2901=CARTESIAN_POINT('',(-0.0947230912808772,0.0133349999999982,0.0300370529294015));
#2902=CARTESIAN_POINT('',(-0.0950140159080712,0.0177799999999318,0.0300370529293318));
#2903=CARTESIAN_POINT('',(-0.0947230912808772,0.01778,0.0255920529293986));
#2904=CARTESIAN_POINT('',(-0.0942414770618868,0.013335,0.0300370529294015));
#2905=CARTESIAN_POINT('',(-0.0942414770618868,0.01778,0.0300370529294015));
#2906=CARTESIAN_POINT('',(-0.0942414770618868,0.01778,0.0255920529294015));
#2907=CARTESIAN_POINT('',(-0.0942414770618868,0.0104214770618868,0.0226785299912883));
#2908=CARTESIAN_POINT('',(-0.1016,0.0104214770618868,0.0163158017165806));
#2909=CARTESIAN_POINT('',(-0.1016,0.0104214770618868,0.0163158017165805));
#2910=CARTESIAN_POINT('',(-0.1016,0.0104214770618868,0.0163158017165806));
#2911=CARTESIAN_POINT('',(-0.1016,0.0112480458958966,0.01598853124694));
#2912=CARTESIAN_POINT('',(-0.101599878858271,0.0109983967013019,0.0157388820771674));
#2913=CARTESIAN_POINT('',(-0.1016,0.0107487475315273,0.0154892328825711));
#2914=CARTESIAN_POINT('',(-0.101318811475175,0.0129009760461133,0.0153340724719578));
#2915=CARTESIAN_POINT('',(-0.101488186725922,0.0121855800157087,0.0145516987627577));
#2916=CARTESIAN_POINT('',(-0.101318811475175,0.0114032063065096,0.0138363027323539));
#2917=CARTESIAN_POINT('',(-0.100100927016344,0.0151016191371548,0.014462753026701));
#2918=CARTESIAN_POINT('',(-0.100917385844367,0.014009278413942,0.0127280003645257));
#2919=CARTESIAN_POINT('',(-0.100100927016344,0.0122745257517664,0.0116356596413126));
#2920=CARTESIAN_POINT('',(-0.0982238826473573,0.0167757687876321,0.013799892633449));
#2921=CARTESIAN_POINT('',(-0.0996322371343787,0.0159346189061915,0.0108026598722757));
#2922=CARTESIAN_POINT('',(-0.0982238826473582,0.0129373861450183,0.00996150999083543));
#2923=CARTESIAN_POINT('',(-0.0966739783585133,0.0174153324603316,0.0135466647171352));
#2924=CARTESIAN_POINT('',(-0.0978937934616998,0.0170360528205735,0.00970122595789414));
#2925=CARTESIAN_POINT('',(-0.0966739783585114,0.0131906140613321,0.00932194631813536));
#2926=CARTESIAN_POINT('',(-0.0958678509827245,0.017598019941321,0.0134743316999164));
#2927=CARTESIAN_POINT('',(-0.0967587687998551,0.0173961169460023,0.00934116183246509));
#2928=CARTESIAN_POINT('',(-0.0958678509827245,0.013262947078551,0.00913925883714639));
#2929=CARTESIAN_POINT('',(-0.0942414770618868,0.0104214770618868,0.0163158017165805));
#2930=CARTESIAN_POINT('',(-0.0942414770618868,0.086868,0.0226785299912883));
#2931=CARTESIAN_POINT('',(-0.0942414770618868,-0.0104214770618868,0.0226785299912883));
#2932=CARTESIAN_POINT('',(-0.0942414770618868,4.17603064615173E-17,0.0163158017165805));
#2933=CARTESIAN_POINT('',(-0.0942414770618868,-0.0104214770618868,0.0163158017165805));
#2934=CARTESIAN_POINT('',(-0.1016,-0.0104214770618868,0.0226785299912883));
#2935=CARTESIAN_POINT('',(-0.1016,-0.0104214770618868,0.0226785299912883));
#2936=CARTESIAN_POINT('',(-0.1016,-0.0104214770618868,0.0226785299912883));
#2937=CARTESIAN_POINT('',(-0.1016,-0.011384705480951,0.0230599092595448));
#2938=CARTESIAN_POINT('',(-0.101599858829475,-0.0110937808910853,0.0233508338204876));
#2939=CARTESIAN_POINT('',(-0.1016,-0.0108028563301432,0.0236417584103521));
#2940=CARTESIAN_POINT('',(-0.101216951266307,-0.0133108646462888,0.0238225499359233));
#2941=CARTESIAN_POINT('',(-0.101446311986225,-0.0124908244936671,0.0247478774230683));
#2942=CARTESIAN_POINT('',(-0.101216951266307,-0.0115654970065217,0.0255679175756906));
#2943=CARTESIAN_POINT('',(-0.0998527129872777,-0.0153515497564231,0.0246305358493797));
#2944=CARTESIAN_POINT('',(-0.100784492138702,-0.0142619569294931,0.0265190098588946));
#2945=CARTESIAN_POINT('',(-0.0998527129872777,-0.0123734829199782,0.0276086026858246));
#2946=CARTESIAN_POINT('',(-0.0983559419624689,-0.0165792531020109,0.0251166309378441));
#2947=CARTESIAN_POINT('',(-0.0996859695515499,-0.0157018195809798,0.0279588725103814));
#2948=CARTESIAN_POINT('',(-0.0983559419624689,-0.0128595780084425,0.0288363060314125));
#2949=CARTESIAN_POINT('',(-0.0970756321108155,-0.0172637036572914,0.0253876313015831));
#2950=CARTESIAN_POINT('',(-0.0983855919924987,-0.016753745976577,0.0290107989059784));
#2951=CARTESIAN_POINT('',(-0.0970756321108155,-0.0131305783721817,0.0295207565866929));
#2952=CARTESIAN_POINT('',(-0.0956863008561563,-0.0176851270323701,0.0255544890637031));
#2953=CARTESIAN_POINT('',(-0.0965277740592826,-0.0175695218766662,0.0298265748060684));
#2954=CARTESIAN_POINT('',(-0.0956863008561563,-0.013297436134301,0.0299421799617716));
#2955=CARTESIAN_POINT('',(-0.0947230912808772,-0.01778,0.0255920529293986));
#2956=CARTESIAN_POINT('',(-0.0950140159080712,-0.0177799999999318,0.0300370529293318));
#2957=CARTESIAN_POINT('',(-0.0947230912808772,-0.0133349999999982,0.0300370529294015));
#2958=CARTESIAN_POINT('',(-0.0942414770618868,-0.01778,0.0255920529294015));
#2959=CARTESIAN_POINT('',(-0.0942414770618868,-0.01778,0.0300370529294015));
#2960=CARTESIAN_POINT('',(-0.0942414770618868,-0.013335,0.0300370529294015));
#2961=CARTESIAN_POINT('',(-0.0942414770618868,-0.0104214770618868,0.0226785299912883));
#2962=CARTESIAN_POINT('',(-0.1016,-0.0104214770618868,0.0163158017165805));
#2963=CARTESIAN_POINT('',(-0.1016,-0.0104214770618868,0.0163158017165805));
#2964=CARTESIAN_POINT('',(-0.1016,-0.0104214770618868,0.0163158017165805));
#2965=CARTESIAN_POINT('',(-0.1016,-0.0107487475315269,0.0154892328825711));
#2966=CARTESIAN_POINT('',(-0.101599878858271,-0.0109983967013011,0.0157388820771674));
#2967=CARTESIAN_POINT('',(-0.1016,-0.0112480458958954,0.01598853124694));
#2968=CARTESIAN_POINT('',(-0.101318811475176,-0.0114032063065097,0.0138363027323541));
#2969=CARTESIAN_POINT('',(-0.101488186725923,-0.012185580015709,0.0145516987627578));
#2970=CARTESIAN_POINT('',(-0.101318811475176,-0.0129009760461137,0.0153340724719578));
#2971=CARTESIAN_POINT('',(-0.100100927016341,-0.0122745257517663,0.0116356596413118));
#2972=CARTESIAN_POINT('',(-0.100917385844362,-0.0140092784139423,0.0127280003645252));
#2973=CARTESIAN_POINT('',(-0.100100927016341,-0.0151016191371554,0.014462753026701));
#2974=CARTESIAN_POINT('',(-0.0982238826473709,-0.0129373861450183,0.00996150999083832));
#2975=CARTESIAN_POINT('',(-0.0996322371343972,-0.0159346189061887,0.0108026598722786));
#2976=CARTESIAN_POINT('',(-0.0982238826473699,-0.0167757687876293,0.013799892633449));
#2977=CARTESIAN_POINT('',(-0.096673978358484,-0.0131906140613321,0.00932194631812914));
#2978=CARTESIAN_POINT('',(-0.0978937934616554,-0.0170360528205809,0.00970122595788648));
#2979=CARTESIAN_POINT('',(-0.0966739783584863,-0.0174153324603377,0.0135466647171352));
#2980=CARTESIAN_POINT('',(-0.0958678509827245,-0.013262947078551,0.00913925883714639));
#2981=CARTESIAN_POINT('',(-0.0967587687998551,-0.0173961169460023,0.00934116183246509));
#2982=CARTESIAN_POINT('',(-0.0958678509827245,-0.017598019941321,0.0134743316999164));
#2983=CARTESIAN_POINT('',(-0.0942414770618868,-0.0104214770618868,0.0163158017165805));
#2984=CARTESIAN_POINT('',(-0.0958678509827246,-0.017598019941321,0.0134743316999164));
#2985=CARTESIAN_POINT('',(-0.0948854212017858,-0.013262947078551,0.0134743316999164));
#2986=CARTESIAN_POINT('',(-0.0942414770618868,-0.0104214770618868,-0.0127));
#2987=CARTESIAN_POINT('',(-0.0942414770618868,-0.01778,0.0133246828065496));
#2988=CARTESIAN_POINT('',(-0.0947902152854505,-0.01778,0.013376455223947));
#2989=CARTESIAN_POINT('',(-0.0953323492980342,-0.0177193772562812,0.0134262816600078));
#2990=CARTESIAN_POINT('',(-0.0958678509827246,-0.017598019941321,0.0134743316999164));
#2991=CARTESIAN_POINT('',(-0.094241477061885,-0.01778,0.0133246828065495));
#2992=CARTESIAN_POINT('',(-0.0952718263936745,-0.0177800000000002,0.00900074880445331));
#2993=CARTESIAN_POINT('',(-0.0952718263936755,-0.013335,0.00900074880445355));
#2994=CARTESIAN_POINT('',(-0.0947928614709962,-0.0177800000000001,0.0133767048862331));
#2995=CARTESIAN_POINT('',(-0.0957841533760202,-0.017703459197398,0.00912283109262012));
#2996=CARTESIAN_POINT('',(-0.0954734288453698,-0.0133349999962968,0.00904878861063229));
#2997=CARTESIAN_POINT('',(-0.0953349341977666,-0.0177187914570205,0.0134265136007298));
#2998=CARTESIAN_POINT('',(-0.0962791456381723,-0.0175748758089708,0.00923579016418501));
#2999=CARTESIAN_POINT('',(-0.0956721128276231,-0.0133107651762869,0.00909489995347246));
#3000=CARTESIAN_POINT('',(-0.0958678509827244,-0.017598019941321,0.0134743316999163));
#3001=CARTESIAN_POINT('',(-0.096758768799855,-0.0173961169460023,0.00934116183246508));
#3002=CARTESIAN_POINT('',(-0.0958678509827245,-0.013262947078551,0.00913925883714638));
#3003=CARTESIAN_POINT('',(0.0625447580230035,0.00120293370810652,0.00642446890552793));
#3004=CARTESIAN_POINT('',(0.063272994519289,0.00648768831016827,0.00642361362435422));
#3005=CARTESIAN_POINT('',(0.0632668459184035,0.00648853558541174,0.00108892321094944));
#3006=CARTESIAN_POINT('',(0.066185429092375,0.000762175034274173,0.00642019310028991));
#3007=CARTESIAN_POINT('',(0.0669350993625754,0.00598299183717482,0.00635930763054588));
#3008=CARTESIAN_POINT('',(0.0665159498275034,0.00604081010169709,0.00108516666128267));
#3009=CARTESIAN_POINT('',(0.0715511709563666,4.97090472464287E-5,0.00573303069795265));
#3010=CARTESIAN_POINT('',(0.0722872188200343,0.00516214715646836,0.0055778551212697));
#3011=CARTESIAN_POINT('',(0.0712568505296976,0.00532072968983194,0.00048573024276899));
#3012=CARTESIAN_POINT('',(0.0784342619824914,-0.000942511453574587,0.00353524221449761));
#3013=CARTESIAN_POINT('',(0.0791427659709447,0.0040312050608085,0.00326300859617413));
#3014=CARTESIAN_POINT('',(0.0773939776495161,0.00432086449323026,-0.00145637742672626));
#3015=CARTESIAN_POINT('',(0.0832495027685984,-0.00167117800062655,0.00138473318750307));
#3016=CARTESIAN_POINT('',(0.0839053423222363,0.00321537852745065,0.00105077406512071));
#3017=CARTESIAN_POINT('',(0.0817312016850368,0.00358761849942859,-0.00337974955703697));
#3018=CARTESIAN_POINT('',(0.087774274000255,-0.00238385465184919,-0.00118537758503191));
#3019=CARTESIAN_POINT('',(0.0883719612026333,0.00242913326652431,-0.00156201178171996));
#3020=CARTESIAN_POINT('',(0.0858550298247726,0.00287113827145289,-0.00570811303240011));
#3021=CARTESIAN_POINT('',(0.0934819420768098,-0.00331474399201087,-0.00510979360267146));
#3022=CARTESIAN_POINT('',(0.0939915553257214,0.00141796462548103,-0.00551486282371371));
#3023=CARTESIAN_POINT('',(0.0911186638671065,0.00193595015492625,-0.00930863128799908));
#3024=CARTESIAN_POINT('',(0.0973370307677016,-0.00397242339456007,-0.00845030348001394));
#3025=CARTESIAN_POINT('',(0.0978065050240699,0.000712892883419023,-0.00887194737657398));
#3026=CARTESIAN_POINT('',(0.0947332939560995,0.00127577179083671,-0.0124247105084116));
#3027=CARTESIAN_POINT('',(0.0997599227345016,-0.00439384038944615,-0.010791582072272));
#3028=CARTESIAN_POINT('',(0.100205078952743,0.000264659723523932,-0.0112217435232405));
#3029=CARTESIAN_POINT('',(0.0970218179641923,0.000852883420343874,-0.0146284528733836));
#3030=CARTESIAN_POINT('',(0.0625384916630601,0.00120293370814918,0.0010889232109498));
#3031=CARTESIAN_POINT('',(0.0717975817508018,3.11333372856178E-18,0.0054192993171168));
#3032=CARTESIAN_POINT('',(0.0731356896642756,1.0002825884918E-13,0.00512717966585805));
#3033=CARTESIAN_POINT('',(0.0758043560289426,-4.64097632510665E-14,0.00439250519235327));
#3034=CARTESIAN_POINT('',(0.0796225212172118,1.24476027760557E-14,0.00290275001639578));
#3035=CARTESIAN_POINT('',(0.0833249595411253,-3.25788219500631E-15,0.00101829331102614));
#3036=CARTESIAN_POINT('',(0.0879426394624797,1.88782477286209E-15,-0.00190766624888121));
#3037=CARTESIAN_POINT('',(0.0931863868585597,-6.66063847471899E-16,-0.0062804487369541));
#3038=CARTESIAN_POINT('',(0.0968171758484304,-3.93620994714094E-18,-0.0104627286829866));
#3039=CARTESIAN_POINT('',(0.0983969291930552,6.67253805280587E-19,-0.0126999999999988));
#3040=CARTESIAN_POINT('',(0.0632668459180891,-0.00648853558545504,0.0010889232109498));
#3041=CARTESIAN_POINT('',(0.0632729945189327,-0.00648768831021735,0.0064236136243604));
#3042=CARTESIAN_POINT('',(0.0625447580226512,-0.00120293370814921,0.00642446890552835));
#3043=CARTESIAN_POINT('',(0.0665159513499366,-0.00604080989190926,0.00108516665955791));
#3044=CARTESIAN_POINT('',(0.0669351010684224,-0.00598299160216834,0.00635930760091755));
#3045=CARTESIAN_POINT('',(0.0661854307980975,-0.000762174827549112,0.00642019309831575));
#3046=CARTESIAN_POINT('',(0.0712568501864194,-0.0053207297371349,0.000485730243158685));
#3047=CARTESIAN_POINT('',(0.0722872184423703,-0.0051621472084488,0.00557785512742944));
#3048=CARTESIAN_POINT('',(0.0715511705717598,-4.97090938589181E-5,0.00573303069839865));
#3049=CARTESIAN_POINT('',(0.0773939777141635,-0.00432086448432206,-0.00145637742679951));
#3050=CARTESIAN_POINT('',(0.0791427660404274,-0.00403120505126539,0.00326300859527933));
#3051=CARTESIAN_POINT('',(0.0784342620549227,0.000942511462352925,0.00353524221441384));
#3052=CARTESIAN_POINT('',(0.0817312016677351,-0.00358761850181275,-0.00337974955701439));
#3053=CARTESIAN_POINT('',(0.0839053423039311,-0.00321537852996051,0.00105077406529866));
#3054=CARTESIAN_POINT('',(0.0832495027492098,0.00167117799827648,0.0013847331875286));
#3055=CARTESIAN_POINT('',(0.0858550298293143,-0.00287113827082755,-0.00570811303240807));
#3056=CARTESIAN_POINT('',(0.0883719612073748,-0.00242913326587483,-0.0015620117817517));
#3057=CARTESIAN_POINT('',(0.0877742740053579,0.00238385465246804,-0.00118537758504017));
#3058=CARTESIAN_POINT('',(0.0911186638644279,-0.0019359501552929,-0.00930863128797687));
#3059=CARTESIAN_POINT('',(0.0939915553229497,-0.00141796462586337,-0.00551486282367951));
#3060=CARTESIAN_POINT('',(0.0934819420737325,0.0033147439916356,-0.00510979360265078));
#3061=CARTESIAN_POINT('',(0.094733293955881,-0.00127577179087709,-0.0124247105085086));
#3062=CARTESIAN_POINT('',(0.0978065050239615,-0.00071289288341446,-0.0088719473767507));
#3063=CARTESIAN_POINT('',(0.097337030767794,0.00397242339458225,-0.0084503034801032));
#3064=CARTESIAN_POINT('',(0.0970218179641923,-0.000852883420343876,-0.0146284528733836));
#3065=CARTESIAN_POINT('',(0.100205078952743,-0.000264659723523937,-0.0112217435232405));
#3066=CARTESIAN_POINT('',(0.0997599227345016,0.00439384038944615,-0.010791582072272));
#3067=CARTESIAN_POINT('',(0.0625384916630601,-0.00120293370814917,0.0010889232109498));
#3068=CARTESIAN_POINT('',(0.063266845918089,0.00648853558545505,0.0010889232109498));
#3069=CARTESIAN_POINT('',(0.0632729945189326,0.00648768831021736,0.00642361362436046));
#3070=CARTESIAN_POINT('',(0.062544758022651,0.00120293370814917,0.00642446890552834));
#3071=CARTESIAN_POINT('',(0.0622933339340137,0.00662268522676029,0.00109004876758656));
#3072=CARTESIAN_POINT('',(0.0627726547225391,0.00655665282167404,0.00635919701839012));
#3073=CARTESIAN_POINT('',(0.0620655761731425,0.0013349959206417,0.00642503168316166));
#3074=CARTESIAN_POINT('',(0.0603793805023778,0.00687788365430269,0.00134603266077236));
#3075=CARTESIAN_POINT('',(0.061753906314851,0.00669678014002462,0.00637077281571096));
#3076=CARTESIAN_POINT('',(0.0611251688115337,0.00158576171441822,0.00655302363077205));
#3077=CARTESIAN_POINT('',(0.0567475975542289,0.00732357831731295,0.0028478828630671));
#3078=CARTESIAN_POINT('',(0.0597295183545491,0.00697468801937339,0.0069953631003034));
#3079=CARTESIAN_POINT('',(0.0593493951537112,0.00202152455192395,0.00730394873129501));
#3080=CARTESIAN_POINT('',(0.0546131795028363,0.00753866383070361,0.00498436578292205));
#3081=CARTESIAN_POINT('',(0.0584980888732019,0.00715036848565309,0.0081230409772871));
#3082=CARTESIAN_POINT('',(0.0583189258163296,0.00222898934204862,0.0083721901919771));
#3083=CARTESIAN_POINT('',(0.0536583891612004,0.00762608382864591,0.00667037226597876));
#3084=CARTESIAN_POINT('',(0.0579639224355603,0.00723187193356101,0.00902638532822198));
#3085=CARTESIAN_POINT('',(0.0578614644504508,0.00231275908619226,0.00921519343304285));
#3086=CARTESIAN_POINT('',(0.062544758022651,0.00120293370814918,0.00642446890552835));
#3087=CARTESIAN_POINT('',(0.0625093438915243,0.00121269382012622,0.00642451049784017));
#3088=CARTESIAN_POINT('',(0.0624739275483633,0.00122243161223186,0.00642490464403928));
#3089=CARTESIAN_POINT('',(0.0624385088977241,0.00123214672232267,0.00642565171481855));
#3090=CARTESIAN_POINT('',(0.062544758022651,-0.00120293370814917,0.00642446890552834));
#3091=CARTESIAN_POINT('',(0.0632729945189326,-0.00648768831021736,0.00642361362436046));
#3092=CARTESIAN_POINT('',(0.063266845918089,-0.00648853558545505,0.0010889232109498));
#3093=CARTESIAN_POINT('',(0.0620655761731694,-0.00133499592063551,0.00642503168316162));
#3094=CARTESIAN_POINT('',(0.0627726547226147,-0.00655665282165981,0.00635919701839348));
#3095=CARTESIAN_POINT('',(0.0622933339341278,-0.00662268522674456,0.00109004876758656));
#3096=CARTESIAN_POINT('',(0.0611251688115214,-0.0015857617144208,0.0065530236307723));
#3097=CARTESIAN_POINT('',(0.0617539063148176,-0.00669678014003229,0.00637077281571076));
#3098=CARTESIAN_POINT('',(0.0603793805023259,-0.00687788365430982,0.00134603266077282));
#3099=CARTESIAN_POINT('',(0.0593493951537192,-0.00202152455192339,0.00730394873129384));
#3100=CARTESIAN_POINT('',(0.0597295183545693,-0.00697468801936294,0.00699536310029738));
#3101=CARTESIAN_POINT('',(0.0567475975542598,-0.00732357831730866,0.00284788286306482));
#3102=CARTESIAN_POINT('',(0.0583189258163269,-0.00222898934204361,0.00837219019198223));
#3103=CARTESIAN_POINT('',(0.0584980888731947,-0.00715036848568327,0.00812304097732235));
#3104=CARTESIAN_POINT('',(0.0546131795028371,-0.00753866383070353,0.00498436578293201));
#3105=CARTESIAN_POINT('',(0.0578614644504508,-0.00231275908619225,0.00921519343304284));
#3106=CARTESIAN_POINT('',(0.0579639224355603,-0.007231871933561,0.00902638532822196));
#3107=CARTESIAN_POINT('',(0.0536583891612004,-0.0076260838286459,0.00667037226597873));
#3108=CARTESIAN_POINT('',(0.0624385088977241,-0.00123214672232267,0.00642565171481856));
#3109=CARTESIAN_POINT('',(0.0624739275483633,-0.00122243161223185,0.00642490464403929));
#3110=CARTESIAN_POINT('',(0.0625093438915243,-0.00121269382012621,0.00642451049784017));
#3111=CARTESIAN_POINT('',(0.062544758022651,-0.00120293370814917,0.00642446890552835));
#3112=CARTESIAN_POINT('',(0.0625510243822419,8.32672159537975E-17,0.0117600146001069));
#3113=CARTESIAN_POINT('',(0.0882315946562617,-0.00438690853338317,-0.0187718349664165));
#3114=CARTESIAN_POINT('',(0.0892961121997521,0.00226041829481244,-0.0191530827424491));
#3115=CARTESIAN_POINT('',(0.0915016785430201,0.00186191021908409,-0.0127936669008014));
#3116=CARTESIAN_POINT('',(0.0845556146510141,-0.00372272188448081,-0.017455314435298));
#3117=CARTESIAN_POINT('',(0.085603932085211,0.00292096514620112,-0.017830760281858));
#3118=CARTESIAN_POINT('',(0.0878076722490803,0.00252935390964438,-0.0114771463696699));
#3119=CARTESIAN_POINT('',(0.0799522122474202,-0.00291197535519082,-0.0158060744872163));
#3120=CARTESIAN_POINT('',(0.0809764263613051,0.00372742920751583,-0.0161739153243965));
#3121=CARTESIAN_POINT('',(0.0831838474582925,0.00334475386288195,-0.00982995925959666));
#3122=CARTESIAN_POINT('',(0.0744385493680383,-0.00198296013120098,-0.0138324316382875));
#3123=CARTESIAN_POINT('',(0.0754171095077397,0.00464702094311122,-0.014182073089595));
#3124=CARTESIAN_POINT('',(0.077617154306658,0.00428094469047149,-0.00785262130227685));
#3125=CARTESIAN_POINT('',(0.0716533661935004,-0.00152867009660753,-0.0128327150783279));
#3126=CARTESIAN_POINT('',(0.0726066792081058,0.00510034165235014,-0.0131773183826471));
#3127=CARTESIAN_POINT('',(0.0748303541537806,0.00473920795934036,-0.00686091081049448));
#3128=CARTESIAN_POINT('',(0.0689707194048072,-0.00108523779742597,-0.0118803432145868));
#3129=CARTESIAN_POINT('',(0.0699049188683718,0.00552327919305979,-0.0122030200780624));
#3130=CARTESIAN_POINT('',(0.0720351398034335,0.00518707577345819,-0.00587836222823994));
#3131=CARTESIAN_POINT('',(0.0653586735881786,-0.000508791091288288,-0.0106583123765189));
#3132=CARTESIAN_POINT('',(0.0662599274634604,0.00607476745693483,-0.0109529122692273));
#3133=CARTESIAN_POINT('',(0.0682807502358943,0.0057702198555332,-0.00462281274698984));
#3134=CARTESIAN_POINT('',(0.0617245946553169,4.03589824153664E-5,-0.00950343063815474));
#3135=CARTESIAN_POINT('',(0.0625798823015428,0.00659778493793368,-0.00976643655954389));
#3136=CARTESIAN_POINT('',(0.0644874398960741,0.00632747399270992,-0.00343463927745089));
#3137=CARTESIAN_POINT('',(0.0580583481650314,0.000547082709892098,-0.00841648025971234));
#3138=CARTESIAN_POINT('',(0.0588409000798355,0.00707728032985204,-0.00864275368786155));
#3139=CARTESIAN_POINT('',(0.060639809768999,0.00684461403497011,-0.00231679764359914));
#3140=CARTESIAN_POINT('',(0.0552945196749287,0.000898772351102307,-0.00763557701619115));
#3141=CARTESIAN_POINT('',(0.0560071501641593,0.00740657318824662,-0.00783158622769774));
#3142=CARTESIAN_POINT('',(0.0577219542135681,0.00720565451956695,-0.00151360712815553));
#3143=CARTESIAN_POINT('',(0.0529815651544089,0.00115970678917411,-0.00701420965355001));
#3144=CARTESIAN_POINT('',(0.0536123309324397,0.00764640080691551,-0.00718041442211377));
#3145=CARTESIAN_POINT('',(0.0552577025973753,0.00747608739135183,-0.000874511597815299));
#3146=CARTESIAN_POINT('',(0.0511241099735718,0.0013403729662719,-0.00653446632993229));
#3147=CARTESIAN_POINT('',(0.0516637466982669,0.00780655277113957,-0.00667180910887642));
#3148=CARTESIAN_POINT('',(0.0532533961914662,0.00766568545274937,-0.000381076695168631));
#3149=CARTESIAN_POINT('',(0.0497272568663572,0.00145807448507874,-0.00618331097959041));
#3150=CARTESIAN_POINT('',(0.0501809151851313,0.00790579009184202,-0.0062955692945178));
#3151=CARTESIAN_POINT('',(0.0517273062182468,0.00779080078326911,-1.99009307593991E-5));
#3152=CARTESIAN_POINT('',(0.0483260594144331,0.00155249103947042,-0.00584069625068659));
#3153=CARTESIAN_POINT('',(0.0486646451275723,0.00797631044162291,-0.00592202071916477));
#3154=CARTESIAN_POINT('',(0.0501665433542091,0.00789318834200986,0.000332488520633697));
#3155=CARTESIAN_POINT('',(0.0471544785499041,0.00160439160526739,-0.00556226194456819));
#3156=CARTESIAN_POINT('',(0.0473558426883663,0.00799975768848889,-0.00560936304041951));
#3157=CARTESIAN_POINT('',(0.0488190623089022,0.00795170863086682,0.000618863758430849));
#3158=CARTESIAN_POINT('',(0.0463310175446796,0.00161849125310693,-0.00537080141742667));
#3159=CARTESIAN_POINT('',(0.0463873296145461,0.00798177220290564,-0.00538372943576992));
#3160=CARTESIAN_POINT('',(0.0478212038570579,0.00796860000349407,0.000815782827312576));
#3161=CARTESIAN_POINT('',(0.0458607677433563,0.00161769291657687,-0.00526267381781368));
#3162=CARTESIAN_POINT('',(0.0458094240098928,0.0079555206764714,-0.00525086168207168));
#3163=CARTESIAN_POINT('',(0.0472243954657468,0.00796768495978977,0.000926992532668367));
#3164=CARTESIAN_POINT('',(0.0455083377379043,0.00161172632553677,-0.0051822393261532));
#3165=CARTESIAN_POINT('',(0.0453588466109846,0.00792514775131709,-0.00514818554691637));
#3166=CARTESIAN_POINT('',(0.0467579459535,0.00796011646261315,0.00100971943397903));
#3167=CARTESIAN_POINT('',(0.045214929857343,0.0016011596452709,-0.00511577574300429));
#3168=CARTESIAN_POINT('',(0.0449596488407731,0.00788656342040939,-0.0050580448124713));
#3169=CARTESIAN_POINT('',(0.0463434913490729,0.00794573797187309,0.00107807697014179));
#3170=CARTESIAN_POINT('',(0.0449804585892365,0.00158816441455684,-0.00506296167984048));
#3171=CARTESIAN_POINT('',(0.0446180921152617,0.00784332352901274,-0.00498146590372077));
#3172=CARTESIAN_POINT('',(0.0459874989509823,0.00792672533871439,0.00113239585253047));
#3173=CARTESIAN_POINT('',(0.0448340504864542,0.00157771635129371,-0.00503010796313228));
#3174=CARTESIAN_POINT('',(0.0443829249892927,0.00780623257718178,-0.00492898746338952));
#3175=CARTESIAN_POINT('',(0.0457410531475806,0.00790957746502602,0.00116618558803448));
#3176=CARTESIAN_POINT('',(0.0447316591650459,0.00156885790580973,-0.00500719662277096));
#3177=CARTESIAN_POINT('',(0.0442165195829206,0.00777742905491297,-0.0048919925984082));
#3178=CARTESIAN_POINT('',(0.0455662789227208,0.00789504275790022,0.00118974964396483));
#3179=CARTESIAN_POINT('',(0.0446731852250256,0.00156323415681197,-0.00499413091382569));
#3180=CARTESIAN_POINT('',(0.0440964063231167,0.00775171264118458,-0.00486531195702602));
#3181=CARTESIAN_POINT('',(0.0454388850759552,0.00788307990699879,0.00120318756716934));
#3182=CARTESIAN_POINT('',(0.0446147278083981,0.00155733696719057,-0.00498108126598426));
#3183=CARTESIAN_POINT('',(0.0440432771592779,0.00774772769376684,-0.0048536166332972));
#3184=CARTESIAN_POINT('',(0.0453846911559575,0.0078777144144914,0.00121660896400301));
#3185=CARTESIAN_POINT('',(0.0445416451304033,0.00155005150021367,-0.00496478996280514));
#3186=CARTESIAN_POINT('',(0.0439674680885737,0.00773978184229432,-0.00483691741474371));
#3187=CARTESIAN_POINT('',(0.0453066507109906,0.00787017103473531,0.00123336434757504));
#3188=CARTESIAN_POINT('',(0.0443662361616676,0.00153249341403912,-0.00492576269513053));
#3189=CARTESIAN_POINT('',(0.043793255661323,0.00772315707958037,-0.00479864357362019));
#3190=CARTESIAN_POINT('',(0.045127837994428,0.00785275579256161,0.00127350331417358));
#3191=CARTESIAN_POINT('',(0.0442200283429964,0.00151787708251052,-0.00489338705585974));
#3192=CARTESIAN_POINT('',(0.0436460388484517,0.00770866368987353,-0.00476644696795673));
#3193=CARTESIAN_POINT('',(0.0449765809700578,0.00783806010325408,0.00130680108066861));
#3194=CARTESIAN_POINT('',(0.0441030417746717,0.00150617602019475,-0.00486758093715591));
#3195=CARTESIAN_POINT('',(0.0435288905312603,0.0076972709110723,-0.00474092866114166));
#3196=CARTESIAN_POINT('',(0.0448562626716511,0.00782635904093897,0.00133334214717948));
#3197=CARTESIAN_POINT('',(0.0619388777855432,1.73912349876857E-18,-0.00958466937150028));
#3198=CARTESIAN_POINT('',(0.0652417540998199,-1.48432629849818E-13,-0.0106062847183171));
#3199=CARTESIAN_POINT('',(0.068535600515196,1.54045526753793E-17,-0.0116568673920404));
#3200=CARTESIAN_POINT('',(0.0718317523535398,-7.85991448564219E-19,-0.0127));
#3201=CARTESIAN_POINT('',(0.0454223986100836,0.00788141626816163,0.0012077070228951));
#3202=CARTESIAN_POINT('',(0.0452439347945949,0.0078640605022168,0.00039955231245477));
#3203=CARTESIAN_POINT('',(0.0449087746472703,0.00750795992541207,-0.00118890496645539));
#3204=CARTESIAN_POINT('',(0.0445264476818378,0.00608637425246785,-0.00322286820163686));
#3205=CARTESIAN_POINT('',(0.0443254860936113,0.00400164518409788,-0.00458438451579404));
#3206=CARTESIAN_POINT('',(0.0443316570094503,0.00234795726323899,-0.00491813374415706));
#3207=CARTESIAN_POINT('',(0.0443693469242574,0.00153281206041595,-0.00492649614308867));
#3208=CARTESIAN_POINT('',(0.0915016785430201,-0.00186191021908409,-0.0127936669008014));
#3209=CARTESIAN_POINT('',(0.0892961121997522,-0.00226041829481243,-0.0191530827424492));
#3210=CARTESIAN_POINT('',(0.0882315946562618,0.00438690853338317,-0.0187718349664166));
#3211=CARTESIAN_POINT('',(0.0878076722491223,-0.0025293539096368,-0.0114771463696562));
#3212=CARTESIAN_POINT('',(0.0856039320849829,-0.00292096514617913,-0.0178307602819466));
#3213=CARTESIAN_POINT('',(0.0845556146509367,0.00372272188459074,-0.0174553144352703));
#3214=CARTESIAN_POINT('',(0.0831838474582881,-0.00334475386288276,-0.00982995925959824));
#3215=CARTESIAN_POINT('',(0.0809764263613346,-0.00372742920751745,-0.0161739153243884));
#3216=CARTESIAN_POINT('',(0.0799522122474289,0.00291197535517877,-0.0158060744872194));
#3217=CARTESIAN_POINT('',(0.0776171543066586,-0.0042809446904714,-0.00785262130227667));
#3218=CARTESIAN_POINT('',(0.0754171095077356,-0.00464702094311113,-0.0141820730895958));
#3219=CARTESIAN_POINT('',(0.0744385493680373,0.0019829601312024,-0.0138324316382871));
#3220=CARTESIAN_POINT('',(0.0748303541537805,-0.00473920795934038,-0.00686091081049453));
#3221=CARTESIAN_POINT('',(0.072606679208107,-0.00510034165235015,-0.0131773183826469));
#3222=CARTESIAN_POINT('',(0.0716533661935008,0.00152867009660715,-0.012832715078328));
#3223=CARTESIAN_POINT('',(0.0720351398034336,-0.00518707577345819,-0.00587836222823995));
#3224=CARTESIAN_POINT('',(0.0699049188683715,-0.00552327919305977,-0.0122030200780624));
#3225=CARTESIAN_POINT('',(0.0689707194048072,0.00108523779742606,-0.0118803432145868));
#3226=CARTESIAN_POINT('',(0.0682807502358943,-0.00577021985553319,-0.00462281274698985));
#3227=CARTESIAN_POINT('',(0.0662599274634605,-0.00607476745693481,-0.0109529122692273));
#3228=CARTESIAN_POINT('',(0.0653586735881786,0.000508791091288259,-0.010658312376519));
#3229=CARTESIAN_POINT('',(0.0644874398960742,-0.00632747399270992,-0.00343463927745091));
#3230=CARTESIAN_POINT('',(0.0625798823015428,-0.00659778493793368,-0.00976643655954389));
#3231=CARTESIAN_POINT('',(0.061724594655317,-4.03589824153814E-5,-0.00950343063815476));
#3232=CARTESIAN_POINT('',(0.0606398097689991,-0.0068446140349701,-0.00231679764359916));
#3233=CARTESIAN_POINT('',(0.0588409000798356,-0.00707728032985203,-0.00864275368786155));
#3234=CARTESIAN_POINT('',(0.0580583481650315,-0.000547082709892105,-0.00841648025971236));
#3235=CARTESIAN_POINT('',(0.0577219542135681,-0.00720565451956693,-0.00151360712815555));
#3236=CARTESIAN_POINT('',(0.0560071501641594,-0.00740657318824659,-0.00783158622769777));
#3237=CARTESIAN_POINT('',(0.0552945196749288,-0.000898772351102271,-0.00763557701619118));
#3238=CARTESIAN_POINT('',(0.0552577025973754,-0.00747608739135184,-0.000874511597815323));
#3239=CARTESIAN_POINT('',(0.0536123309324398,-0.00764640080691552,-0.00718041442211376));
#3240=CARTESIAN_POINT('',(0.052981565154409,-0.00115970678917415,-0.00701420965355002));
#3241=CARTESIAN_POINT('',(0.0532533961914663,-0.00766568545274935,-0.000381076695168653));
#3242=CARTESIAN_POINT('',(0.051663746698267,-0.00780655277113955,-0.00667180910887645));
#3243=CARTESIAN_POINT('',(0.0511241099735719,-0.00134037296627188,-0.00653446632993231));
#3244=CARTESIAN_POINT('',(0.0517273062182469,-0.00779080078326909,-1.99009307594187E-5));
#3245=CARTESIAN_POINT('',(0.0501809151851314,-0.00790579009184201,-0.00629556929451781));
#3246=CARTESIAN_POINT('',(0.0497272568663573,-0.00145807448507873,-0.00618331097959044));
#3247=CARTESIAN_POINT('',(0.0501665433542093,-0.00789318834200985,0.00033248852063367));
#3248=CARTESIAN_POINT('',(0.0486646451275724,-0.00797631044162292,-0.0059220207191648));
#3249=CARTESIAN_POINT('',(0.0483260594144332,-0.00155249103947041,-0.00584069625068661));
#3250=CARTESIAN_POINT('',(0.0488190623089024,-0.0079517086308668,0.000618863758430825));
#3251=CARTESIAN_POINT('',(0.0473558426883664,-0.00799975768848889,-0.00560936304041955));
#3252=CARTESIAN_POINT('',(0.0471544785499043,-0.00160439160526737,-0.00556226194456822));
#3253=CARTESIAN_POINT('',(0.047821203857058,-0.00796860000349406,0.000815782827312543));
#3254=CARTESIAN_POINT('',(0.0463873296145462,-0.00798177220290563,-0.00538372943576994));
#3255=CARTESIAN_POINT('',(0.0463310175446797,-0.00161849125310693,-0.0053708014174267));
#3256=CARTESIAN_POINT('',(0.047224395465747,-0.00796768495978978,0.000926992532668351));
#3257=CARTESIAN_POINT('',(0.0458094240098929,-0.00795552067647141,-0.0052508616820717));
#3258=CARTESIAN_POINT('',(0.0458607677433564,-0.00161769291657687,-0.0052626738178137));
#3259=CARTESIAN_POINT('',(0.0467579459535002,-0.00796011646261309,0.001009719433979));
#3260=CARTESIAN_POINT('',(0.0453588466109848,-0.00792514775131705,-0.00514818554691646));
#3261=CARTESIAN_POINT('',(0.0455083377379043,-0.00161172632553667,-0.00518223932615322));
#3262=CARTESIAN_POINT('',(0.046343491349073,-0.00794573797187311,0.00107807697014179));
#3263=CARTESIAN_POINT('',(0.0449596488407732,-0.00788656342040941,-0.00505804481247129));
#3264=CARTESIAN_POINT('',(0.0452149298573431,-0.00160115964527096,-0.00511577574300431));
#3265=CARTESIAN_POINT('',(0.0459874989509827,-0.00792672533871438,0.0011323958525304));
#3266=CARTESIAN_POINT('',(0.044618092115262,-0.00784332352901277,-0.00498146590372087));
#3267=CARTESIAN_POINT('',(0.0449804585892367,-0.00158816441455681,-0.00506296167984053));
#3268=CARTESIAN_POINT('',(0.0457410531475808,-0.00790957746502603,0.00116618558803447));
#3269=CARTESIAN_POINT('',(0.0443829249892929,-0.00780623257718182,-0.00492898746338956));
#3270=CARTESIAN_POINT('',(0.0448340504864543,-0.00157771635129372,-0.0050301079631323));
#3271=CARTESIAN_POINT('',(0.045566278922721,-0.00789504275790026,0.00118974964396479));
#3272=CARTESIAN_POINT('',(0.0442165195829208,-0.00777742905491302,-0.00489199259840821));
#3273=CARTESIAN_POINT('',(0.0447316591650461,-0.0015688579058098,-0.00500719662277099));
#3274=CARTESIAN_POINT('',(0.0454388850759556,-0.00788307990699878,0.00120318756716931));
#3275=CARTESIAN_POINT('',(0.044096406323117,-0.0077517126411846,-0.0048653119570261));
#3276=CARTESIAN_POINT('',(0.0446731852250256,-0.00156323415681191,-0.00499413091382571));
#3277=CARTESIAN_POINT('',(0.0453846911559576,-0.00787771441449141,0.00121660896400298));
#3278=CARTESIAN_POINT('',(0.0440432771592779,-0.00774772769376683,-0.0048536166332972));
#3279=CARTESIAN_POINT('',(0.0446147278083982,-0.00155733696719061,-0.0049810812659843));
#3280=CARTESIAN_POINT('',(0.0453066507109906,-0.0078701710347353,0.00123336434757503));
#3281=CARTESIAN_POINT('',(0.0439674680885738,-0.00773978184229427,-0.00483691741474376));
#3282=CARTESIAN_POINT('',(0.0445416451304033,-0.00155005150021359,-0.00496478996280515));
#3283=CARTESIAN_POINT('',(0.0451278379944292,-0.00785275579256172,0.00127350331417341));
#3284=CARTESIAN_POINT('',(0.043793255661324,-0.00772315707958072,-0.00479864357362016));
#3285=CARTESIAN_POINT('',(0.0443662361616685,-0.0015324934140397,-0.00492576269513075));
#3286=CARTESIAN_POINT('',(0.0449765809700483,-0.00783806010325316,0.00130680108066977));
#3287=CARTESIAN_POINT('',(0.0436460388484441,-0.00770866368987054,-0.00476644696795748));
#3288=CARTESIAN_POINT('',(0.0442200283429889,-0.00151787708250539,-0.00489338705585809));
#3289=CARTESIAN_POINT('',(0.0448562626716513,-0.00782635904093898,0.00133334214717945));
#3290=CARTESIAN_POINT('',(0.0435288905312604,-0.00769727091107232,-0.00474092866114168));
#3291=CARTESIAN_POINT('',(0.0441030417746718,-0.00150617602019477,-0.00486758093715593));
#3292=CARTESIAN_POINT('',(0.0454223986100838,-0.00788141626816167,0.00120770702289504));
#3293=CARTESIAN_POINT('',(0.0452439347945951,-0.00786406050221684,0.000399552312454704));
#3294=CARTESIAN_POINT('',(0.0449087746472677,-0.00750795992541192,-0.00118890496645484));
#3295=CARTESIAN_POINT('',(0.044526447681847,-0.00608637425246827,-0.00322286820163891));
#3296=CARTESIAN_POINT('',(0.044325486093577,-0.00400164518409619,-0.00458438451578645));
#3297=CARTESIAN_POINT('',(0.0443316570095253,-0.0023479572632426,-0.0049181337441737));
#3298=CARTESIAN_POINT('',(0.0443693469242574,-0.00153281206041591,-0.00492649614308868));
#3299=CARTESIAN_POINT('',(0.0447537837650087,0.00153281206041576,-0.00501214895007485));
#3300=CARTESIAN_POINT('',(0.0447537837650087,0.00788281206041577,-0.00501214895007486));
#3301=CARTESIAN_POINT('',(0.0461401839815335,0.00788281206041577,0.00118465622998527));
#3302=CARTESIAN_POINT('',(0.0339495281673593,0.00153281205986268,-0.00259493203511207));
#3303=CARTESIAN_POINT('',(0.0339495281684384,0.0078828120597593,-0.0025949320349587));
#3304=CARTESIAN_POINT('',(0.035028129627437,0.00788281206041577,0.00367073641404735));
#3305=CARTESIAN_POINT('',(0.0120019063311172,0.00153281206069228,0.000615358021559712));
#3306=CARTESIAN_POINT('',(0.012001906330611,0.00788281206074398,0.00061535802145734));
#3307=CARTESIAN_POINT('',(0.0124601985699214,0.00788281206041574,0.00697059515527154));
#3308=CARTESIAN_POINT('',(-0.0102286500901407,0.00153281206041575,0.000673415636484779));
#3309=CARTESIAN_POINT('',(-0.0102286500902074,0.00788281206041575,0.00067341563653614));
#3310=CARTESIAN_POINT('',(-0.0103503488776724,0.00788281206041575,0.00702808510384492));
#3311=CARTESIAN_POINT('',(-0.0213189558259287,0.00153281206041575,-1.50737441014619E-5));
#3312=CARTESIAN_POINT('',(-0.0213189558259287,0.00788281206041575,-1.50737441014636E-5));
#3313=CARTESIAN_POINT('',(-0.0217124082122229,0.00788281206041575,0.00632272518137096));
#3314=CARTESIAN_POINT('',(-0.0213071869136307,0.00788281206041574,0.00634757028231481));
#3315=CARTESIAN_POINT('',(-0.021257661409523,0.00788281206041574,0.00550983038878997));
#3316=CARTESIAN_POINT('',(-0.0211403514056515,0.00755170843889849,0.00386087678955579));
#3317=CARTESIAN_POINT('',(-0.0209325391918861,0.00613751698517217,0.00175360347221203));
#3318=CARTESIAN_POINT('',(-0.020730084756734,0.00403515483101039,0.000354970752118277));
#3319=CARTESIAN_POINT('',(-0.0206191648109987,0.00235892232064437,2.74222570338058E-5));
#3320=CARTESIAN_POINT('',(-0.0205751006107306,0.00153281206041546,3.00304147579252E-5));
#3321=CARTESIAN_POINT('',(-0.0213184142499382,-0.00153281206041575,-1.50401234768676E-5));
#3322=CARTESIAN_POINT('',(-0.0213184142499382,-0.00788281206041575,-1.5040123476872E-5));
#3323=CARTESIAN_POINT('',(-0.0217118533655996,-0.00788281206041575,0.00632275962582632));
#3324=CARTESIAN_POINT('',(-0.0157805199257081,-0.00153281206041575,0.000328742313920427));
#3325=CARTESIAN_POINT('',(-0.0157805199256673,-0.00788281206041227,0.000328742313970061));
#3326=CARTESIAN_POINT('',(-0.0160382598244689,-0.00788281206041575,0.00667496602456719));
#3327=CARTESIAN_POINT('',(-0.00471164649832331,-0.00153281206041575,0.000659482078714503));
#3328=CARTESIAN_POINT('',(-0.00471164649834157,-0.00788281206041725,0.000659482078691062));
#3329=CARTESIAN_POINT('',(-0.00468957519401159,-0.00788281206041575,0.00701433536202852));
#3330=CARTESIAN_POINT('',(0.01191069902931,-0.00153281206041575,2.69563511896394E-5));
#3331=CARTESIAN_POINT('',(0.0119106990293127,-0.00788281206041575,2.69563511972145E-5));
#3332=CARTESIAN_POINT('',(0.0123755638775808,-0.00788281206041575,0.00636531694755071));
#3333=CARTESIAN_POINT('',(0.0284506048287873,-0.00153281206041575,-0.00178834037121308));
#3334=CARTESIAN_POINT('',(0.028450604828795,-0.00788281206041425,-0.00178834037121995));
#3335=CARTESIAN_POINT('',(0.029373726870555,-0.00788281206041575,0.00449999437658933));
#3336=CARTESIAN_POINT('',(0.0393469359890096,-0.00153281206041575,-0.00380247506444899));
#3337=CARTESIAN_POINT('',(0.0393469359889901,-0.00788281206041925,-0.00380247506443801));
#3338=CARTESIAN_POINT('',(0.0405793023353256,-0.00788281206041575,0.00242879210862287));
#3339=CARTESIAN_POINT('',(0.0447541452702938,-0.00153281206041575,-0.00501222982932563));
#3340=CARTESIAN_POINT('',(0.0447541452702938,-0.00788281206041575,-0.00501222982932563));
#3341=CARTESIAN_POINT('',(0.0461405557856203,-0.00788281206041575,0.00118457304659288));
#3342=CARTESIAN_POINT('',(-0.0213071869136307,-0.00788281206041574,0.00634757028231481));
#3343=CARTESIAN_POINT('',(-0.021257661409523,-0.00788281206041574,0.00550983038879007));
#3344=CARTESIAN_POINT('',(-0.0211403514056502,-0.0075517084388983,0.00386087678955511));
#3345=CARTESIAN_POINT('',(-0.0209325391918904,-0.00613751698517181,0.00175360347221178));
#3346=CARTESIAN_POINT('',(-0.020730084756718,-0.00403515483101135,0.000354970752119279));
#3347=CARTESIAN_POINT('',(-0.0206191648110335,-0.00235892232064281,2.74222570317911E-5));
#3348=CARTESIAN_POINT('',(-0.0205751006107304,-0.00153281206041587,3.00304147579385E-5));
#3349=CARTESIAN_POINT('',(-0.020056100191263,0.0015940038671258,6.02258260586439E-5));
#3350=CARTESIAN_POINT('',(-0.0208131496370374,0.00794207894032479,1.69457739413598E-5));
#3351=CARTESIAN_POINT('',(-0.0211729077153737,0.00789903521479761,0.00639987421815828));
#3352=CARTESIAN_POINT('',(-0.0202886074149285,0.00156550032356961,4.69335308009768E-5));
#3353=CARTESIAN_POINT('',(-0.0210456728669994,0.00791425839454273,2.96670337791145E-6));
#3354=CARTESIAN_POINT('',(-0.0214111394188319,0.00787053167124147,0.00638625465790315));
#3355=CARTESIAN_POINT('',(-0.0207538110875879,0.00151065838838131,1.97067242278415E-5));
#3356=CARTESIAN_POINT('',(-0.0213889491274254,0.00786782284400059,-1.84931953430912E-5));
#3357=CARTESIAN_POINT('',(-0.0217672216845201,0.00782970909142897,0.00635835836422191));
#3358=CARTESIAN_POINT('',(-0.0216870730202464,0.00142492499105518,-3.74480885117345E-5));
#3359=CARTESIAN_POINT('',(-0.0221405090913605,0.00778889109975348,-6.65226841783124E-5));
#3360=CARTESIAN_POINT('',(-0.0225431220888855,0.00775978025792612,0.00629980185605715));
#3361=CARTESIAN_POINT('',(-0.0228563535292723,0.00135925279356689,-0.000113833025275258));
#3362=CARTESIAN_POINT('',(-0.0230418031142802,0.00772278042727813,-0.000127057095263935));
#3363=CARTESIAN_POINT('',(-0.023474382836197,0.00770943314425325,0.00622155094302142));
#3364=CARTESIAN_POINT('',(-0.0242517757667742,0.00135449875855603,-0.000212544330304762));
#3365=CARTESIAN_POINT('',(-0.0241028204481559,0.00769561688819568,-0.000202221793584926));
#3366=CARTESIAN_POINT('',(-0.0245680166466874,0.00770592744394356,0.00612044124692993));
#3367=CARTESIAN_POINT('',(-0.0261040753675798,0.00145300196714065,-0.000353485745881119));
#3368=CARTESIAN_POINT('',(-0.0254740584369193,0.00773062693423275,-0.000304291498930943));
#3369=CARTESIAN_POINT('',(-0.0259783973036437,0.00777980341548434,0.00597609392132861));
#3370=CARTESIAN_POINT('',(-0.0284082386661057,0.00178770355393547,-0.000547197945962198));
#3371=CARTESIAN_POINT('',(-0.0271224729268435,0.00791024583929819,-0.000435258396947067));
#3372=CARTESIAN_POINT('',(-0.0276630829045425,0.0080217333385704,0.00577773775410417));
#3373=CARTESIAN_POINT('',(-0.0311179173874534,0.00258360044394922,-0.00080356581633191));
#3374=CARTESIAN_POINT('',(-0.0289964301105324,0.00836431129107583,-0.000595134614909948));
#3375=CARTESIAN_POINT('',(-0.0295426918695745,0.00856450749865381,0.0055152927525571));
#3376=CARTESIAN_POINT('',(-0.033217299450062,0.00356838692668109,-0.00102300766715501));
#3377=CARTESIAN_POINT('',(-0.0304312898341635,0.00893973503803217,-0.000725076750527413));
#3378=CARTESIAN_POINT('',(-0.0309448162232352,0.00920889697056189,0.00529070553414438));
#3379=CARTESIAN_POINT('',(-0.0348220568952144,0.00457208881669534,-0.00120151875316737));
#3380=CARTESIAN_POINT('',(-0.0315373197624248,0.00954396973428234,-0.000829487434478143));
#3381=CARTESIAN_POINT('',(-0.0320051994448165,0.00985707759412301,0.00510804115091256));
#3382=CARTESIAN_POINT('',(-0.0359538281869835,0.00541560407579811,-0.00133239116503124));
#3383=CARTESIAN_POINT('',(-0.0323250312216434,0.0100627061342555,-0.000905973351385247));
#3384=CARTESIAN_POINT('',(-0.0327525743767327,0.0104014471030722,0.00497413884898809));
#3385=CARTESIAN_POINT('',(-0.0370097204882405,0.00634138467453435,-0.00145876534942461));
#3386=CARTESIAN_POINT('',(-0.0330718313786275,0.0106471666084496,-0.000980501546333611));
#3387=CARTESIAN_POINT('',(-0.0334541886357065,0.0110025264907263,0.00484485321537683));
#3388=CARTESIAN_POINT('',(-0.0378294095232289,0.00718105566654762,-0.00155996195390967));
#3389=CARTESIAN_POINT('',(-0.0336636089510688,0.0111933284634177,-0.00104116187971992));
#3390=CARTESIAN_POINT('',(-0.0340056439546784,0.0115544172388894,0.00474133340166066));
#3391=CARTESIAN_POINT('',(-0.0384494598957134,0.00789276940291963,-0.00163810790131507));
#3392=CARTESIAN_POINT('',(-0.0341187296847498,0.0116675499856669,-0.00108876554470882));
#3393=CARTESIAN_POINT('',(-0.0344283090770553,0.0120286537414372,0.00466140344158172));
#3394=CARTESIAN_POINT('',(-0.0388967770913679,0.00844642657601121,-0.0016952348146805));
#3395=CARTESIAN_POINT('',(-0.0344507133318675,0.0120419800380476,-0.00112387092809155));
#3396=CARTESIAN_POINT('',(-0.0347362838325052,0.0124011835588663,0.00460296243855421));
#3397=CARTESIAN_POINT('',(-0.0392549854887009,0.00892433620897812,-0.0017415638917225));
#3398=CARTESIAN_POINT('',(-0.0347199804484372,0.0123710471254363,-0.00115294233908574));
#3399=CARTESIAN_POINT('',(-0.034985708761863,0.01272671828727,0.00455560945945575));
#3400=CARTESIAN_POINT('',(-0.0395304798963452,0.00931346441480765,-0.0017775032739922));
#3401=CARTESIAN_POINT('',(-0.0349288402049754,0.0126412175306539,-0.00117518716421889));
#3402=CARTESIAN_POINT('',(-0.0351791477002456,0.0129933585280061,0.00451878795361155));
#3403=CARTESIAN_POINT('',(-0.0396655948989096,0.0095108983143316,-0.00179524264828627));
#3404=CARTESIAN_POINT('',(-0.0350321875825668,0.0127813770570176,-0.00118720428785079));
#3405=CARTESIAN_POINT('',(-0.0352747813690674,0.0131309873292333,0.00450077656000211));
#3406=CARTESIAN_POINT('',(-0.0397341213757207,0.00960965418339205,-0.00180423532338736));
#3407=CARTESIAN_POINT('',(-0.0351007140593874,0.0128801329260801,-0.0011961969629488));
#3408=CARTESIAN_POINT('',(-0.0353433078458846,0.013229743198292,0.00449178388490107));
#3409=CARTESIAN_POINT('',(-0.0352676961765436,0.0131207820905594,0.00450202108844623));
#3410=CARTESIAN_POINT('',(-0.0351847517115697,0.0130014168045297,0.00292915481308253));
#3411=CARTESIAN_POINT('',(-0.0357244690953398,0.0121731514103128,0.000641388910783178));
#3412=CARTESIAN_POINT('',(-0.0373549969941998,0.0101686559350251,-0.00121182238380453));
#3413=CARTESIAN_POINT('',(-0.0383462290956941,0.00898138394398757,-0.00162470086107212));
#3414=CARTESIAN_POINT('',(-0.0388447970048282,0.00838694069147949,-0.00168867839703632));
#3415=CARTESIAN_POINT('',(-0.0211729077153735,-0.00789903521479762,0.00639987421815828));
#3416=CARTESIAN_POINT('',(-0.0208131496370373,-0.0079420789403248,1.69457739413658E-5));
#3417=CARTESIAN_POINT('',(-0.0200561001912629,-0.00159400386712581,6.022582605865E-5));
#3418=CARTESIAN_POINT('',(-0.021411139418833,-0.00787053167124134,0.00638625465790314));
#3419=CARTESIAN_POINT('',(-0.0210456728669987,-0.00791425839454227,2.96670337811237E-6));
#3420=CARTESIAN_POINT('',(-0.0202886074149236,-0.0015655003235696,4.69335308012554E-5));
#3421=CARTESIAN_POINT('',(-0.02176722168452,-0.00782970909142897,0.00635835836422187));
#3422=CARTESIAN_POINT('',(-0.0213889491274262,-0.00786782284400074,-1.8493195343208E-5));
#3423=CARTESIAN_POINT('',(-0.0207538110875906,-0.00151065838838125,1.97067242276844E-5));
#3424=CARTESIAN_POINT('',(-0.0225431220888871,-0.007759780257926,0.00629980185605704));
#3425=CARTESIAN_POINT('',(-0.0221405090913616,-0.00778889109975325,-6.65226841783357E-5));
#3426=CARTESIAN_POINT('',(-0.0216870730202467,-0.00142492499105506,-3.744808851176E-5));
#3427=CARTESIAN_POINT('',(-0.0234743828361989,-0.00770943314425318,0.00622155094302125));
#3428=CARTESIAN_POINT('',(-0.0230418031142822,-0.00772278042727806,-0.000127057095264079));
#3429=CARTESIAN_POINT('',(-0.0228563535292753,-0.0013592527935668,-0.000113833025275451));
#3430=CARTESIAN_POINT('',(-0.0245680166466904,-0.00770592744394362,0.00612044124692963));
#3431=CARTESIAN_POINT('',(-0.0241028204481589,-0.00769561688819564,-0.000202221793585143));
#3432=CARTESIAN_POINT('',(-0.024251775766778,-0.00135449875855609,-0.000212544330305046));
#3433=CARTESIAN_POINT('',(-0.0259783973036478,-0.00777980341548473,0.00597609392132818));
#3434=CARTESIAN_POINT('',(-0.0254740584369233,-0.00773062693423303,-0.000304291498931239));
#3435=CARTESIAN_POINT('',(-0.0261040753675854,-0.00145300196714119,-0.000353485745881557));
#3436=CARTESIAN_POINT('',(-0.027663082904548,-0.00802173333857148,0.00577773775410347));
#3437=CARTESIAN_POINT('',(-0.027122472926849,-0.00791024583929904,-0.000435258396947513));
#3438=CARTESIAN_POINT('',(-0.0284082386661134,-0.00178770355393699,-0.000547197945962876));
#3439=CARTESIAN_POINT('',(-0.0295426918695813,-0.00856450749865625,0.00551529275255609));
#3440=CARTESIAN_POINT('',(-0.0289964301105393,-0.00836431129107794,-0.000595134614910541));
#3441=CARTESIAN_POINT('',(-0.0311179173874634,-0.00258360044395287,-0.000803565816332901));
#3442=CARTESIAN_POINT('',(-0.0309448162232425,-0.00920889697056567,0.00529070553414316));
#3443=CARTESIAN_POINT('',(-0.0304312898341711,-0.0089397350380356,-0.000725076750528139));
#3444=CARTESIAN_POINT('',(-0.0332172994500732,-0.00356838692668689,-0.0010230076671562));
#3445=CARTESIAN_POINT('',(-0.0320051994448246,-0.00985707759412841,0.00510804115091114));
#3446=CARTESIAN_POINT('',(-0.0315373197624333,-0.00954396973428741,-0.000829487434478934));
#3447=CARTESIAN_POINT('',(-0.0348220568952267,-0.00457208881670372,-0.00120151875316876));
#3448=CARTESIAN_POINT('',(-0.0327525743767408,-0.0104014471030787,0.00497413884898661));
#3449=CARTESIAN_POINT('',(-0.032325031221652,-0.0100627061342617,-0.000905973351386116));
#3450=CARTESIAN_POINT('',(-0.0359538281869958,-0.00541560407580802,-0.00133239116503269));
#3451=CARTESIAN_POINT('',(-0.0334541886357148,-0.0110025264907341,0.00484485321537527));
#3452=CARTESIAN_POINT('',(-0.0330718313786365,-0.0106471666084572,-0.000980501546334504));
#3453=CARTESIAN_POINT('',(-0.037009720488253,-0.0063413846745462,-0.00145876534942613));
#3454=CARTESIAN_POINT('',(-0.034005643954687,-0.0115544172388984,0.00474133340165903));
#3455=CARTESIAN_POINT('',(-0.033663608951078,-0.0111933284634266,-0.00104116187972091));
#3456=CARTESIAN_POINT('',(-0.0378294095232417,-0.00718105566656123,-0.00155996195391126));
#3457=CARTESIAN_POINT('',(-0.0344283090770637,-0.012028653741447,0.00466140344158015));
#3458=CARTESIAN_POINT('',(-0.0341187296847589,-0.0116675499856768,-0.0010887655447097));
#3459=CARTESIAN_POINT('',(-0.0384494598957256,-0.00789276940293428,-0.00163810790131661));
#3460=CARTESIAN_POINT('',(-0.0347362838325141,-0.0124011835588775,0.00460296243855245));
#3461=CARTESIAN_POINT('',(-0.034450713331877,-0.0120419800380587,-0.00112387092809278));
#3462=CARTESIAN_POINT('',(-0.0388967770913812,-0.00844642657602782,-0.00169523481468221));
#3463=CARTESIAN_POINT('',(-0.0349857087618708,-0.0127267182872804,0.00455560945945446));
#3464=CARTESIAN_POINT('',(-0.0347199804484462,-0.0123710471254476,-0.00115294233908612));
#3465=CARTESIAN_POINT('',(-0.0392549854887109,-0.00892433620899316,-0.0017415638917238));
#3466=CARTESIAN_POINT('',(-0.0351791477002554,-0.01299335852802,0.00451878795360935));
#3467=CARTESIAN_POINT('',(-0.0349288402049851,-0.0126412175306667,-0.00117518716422096));
#3468=CARTESIAN_POINT('',(-0.0395304798963611,-0.00931346441482808,-0.00177750327399429));
#3469=CARTESIAN_POINT('',(-0.0352747813690731,-0.0131309873292415,0.00450077656000174));
#3470=CARTESIAN_POINT('',(-0.0350321875825749,-0.0127813770570287,-0.00118720428784943));
#3471=CARTESIAN_POINT('',(-0.0396655948989131,-0.00951089831434268,-0.00179524264828672));
#3472=CARTESIAN_POINT('',(-0.035343307845897,-0.0132297431983099,0.00449178388489944));
#3473=CARTESIAN_POINT('',(-0.0351007140593998,-0.0128801329260979,-0.00119619696295043));
#3474=CARTESIAN_POINT('',(-0.0397341213757331,-0.00960965418340991,-0.00180423532338899));
#3475=CARTESIAN_POINT('',(-0.0352676961765486,-0.0131207820905742,0.00450202108844464));
#3476=CARTESIAN_POINT('',(-0.0351847517115749,-0.0130014168045446,0.00292915481307928));
#3477=CARTESIAN_POINT('',(-0.0357244690952782,-0.0121731514102546,0.000641388910793004));
#3478=CARTESIAN_POINT('',(-0.0373549969943023,-0.0101686559351172,-0.00121182238382113));
#3479=CARTESIAN_POINT('',(-0.0383462290956363,-0.00898138394393867,-0.0016247008610647));
#3480=CARTESIAN_POINT('',(-0.0388447970048282,-0.00838694069147945,-0.00168867839703631));
#3481=CARTESIAN_POINT('',(-0.0380872231976376,0.00790108870105942,-0.00159252167867055));
#3482=CARTESIAN_POINT('',(-0.0347657676725903,0.0127775458499535,-0.00117557693435013));
#3483=CARTESIAN_POINT('',(-0.0352652555683083,0.0131231183969466,0.00470803042053685));
#3484=CARTESIAN_POINT('',(-0.0381139262081147,0.0079199860658159,-0.00159587372713002));
#3485=CARTESIAN_POINT('',(-0.0347927207011378,0.0127961934023853,-0.00117863314943958));
#3486=CARTESIAN_POINT('',(-0.0352925696736649,0.0131420157617032,0.00470460166088961));
#3487=CARTESIAN_POINT('',(-0.0381674591773518,0.00795756600514792,-0.0016026016432408));
#3488=CARTESIAN_POINT('',(-0.0348959577608293,0.0128752295148608,-0.00119095250617562));
#3489=CARTESIAN_POINT('',(-0.0354045881695508,0.0132189992997972,0.00469771980393738));
#3490=CARTESIAN_POINT('',(-0.0382752943813938,0.00803142688868698,-0.00161618620357043));
#3491=CARTESIAN_POINT('',(-0.0350598271620938,0.0129937546049924,-0.00121030648239589));
#3492=CARTESIAN_POINT('',(-0.0355788458035604,0.0133354632149953,0.00468382452521266));
#3493=CARTESIAN_POINT('',(-0.0384113716954495,0.00812158469435488,-0.001633389461313));
#3494=CARTESIAN_POINT('',(-0.0352781907811933,0.0131485046046024,-0.00123631313680118));
#3495=CARTESIAN_POINT('',(-0.0358120105647863,0.0134866693042165,0.00466622798605352));
#3496=CARTESIAN_POINT('',(-0.0385766434849327,0.00822642913335368,-0.00165438365726794));
#3497=CARTESIAN_POINT('',(-0.0355325314421162,0.0133202087256961,-0.0012667430850459));
#3498=CARTESIAN_POINT('',(-0.0360823952211238,0.0136542204038855,0.00464475418731677));
#3499=CARTESIAN_POINT('',(-0.0387994972088551,0.0083620088985349,-0.00168282886579232));
#3500=CARTESIAN_POINT('',(-0.0358720731524286,0.0135404824409166,-0.0013076191095801));
#3501=CARTESIAN_POINT('',(-0.0364426309081312,0.0138684953112396,0.00461565963109026));
#3502=CARTESIAN_POINT('',(-0.0390825089459448,0.00852396449788195,-0.00171921408855127));
#3503=CARTESIAN_POINT('',(-0.0362924514753809,0.0137968299371517,-0.00135867701343629));
#3504=CARTESIAN_POINT('',(-0.0368871461913152,0.0141170005340381,0.00457844471120334));
#3505=CARTESIAN_POINT('',(-0.0393132315289141,0.00864622537031263,-0.00174916795366386));
#3506=CARTESIAN_POINT('',(-0.0366256609897406,0.0139851633866778,-0.00139963882549557));
#3507=CARTESIAN_POINT('',(-0.0372384462155417,0.0142989216674645,0.00454780882661214));
#3508=CARTESIAN_POINT('',(-0.0394295824072398,0.0087056785320774,-0.00176434865153002));
#3509=CARTESIAN_POINT('',(-0.0367915703806716,0.0140756559235109,-0.00142015818112779));
#3510=CARTESIAN_POINT('',(-0.0374130701643297,0.0143861663622903,0.00453228274701787));
#3511=CARTESIAN_POINT('',(-0.040251125486342,0.00870567853207735,0.00453228274701787));
#3512=CARTESIAN_POINT('',(-0.0394295824072399,-0.00870567853207742,-0.00176434865153003));
#3513=CARTESIAN_POINT('',(-0.0367915703806716,-0.0140756559235109,-0.00142015818112779));
#3514=CARTESIAN_POINT('',(-0.0374130701643297,-0.0143861663622903,0.00453228274701787));
#3515=CARTESIAN_POINT('',(-0.0393132369480751,-0.00864622813940626,-0.00174916866072036));
#3516=CARTESIAN_POINT('',(-0.0366256687136876,-0.0139851675995772,-0.0013996397807771));
#3517=CARTESIAN_POINT('',(-0.0372384543488367,-0.0142989257309784,0.00454780810346934));
#3518=CARTESIAN_POINT('',(-0.0390825226056192,-0.00852397188998911,-0.00171921585685698));
#3519=CARTESIAN_POINT('',(-0.0362924713407426,-0.0137968413944288,-0.00135867944701994));
#3520=CARTESIAN_POINT('',(-0.0368871671581023,-0.014117011615158,0.00457844290261706));
#3521=CARTESIAN_POINT('',(-0.0387995144311883,-0.00836201902148041,-0.00168283107281604));
#3522=CARTESIAN_POINT('',(-0.0358720990117872,-0.0135404986411739,-0.00130762223794699));
#3523=CARTESIAN_POINT('',(-0.0364426582981586,-0.0138685110427703,0.00461565737371474));
#3524=CARTESIAN_POINT('',(-0.03857665936744,-0.00822643901401905,-0.00165438567924844));
#3525=CARTESIAN_POINT('',(-0.0355325558052018,-0.0133202248751869,-0.0012667460084531));
#3526=CARTESIAN_POINT('',(-0.0360824211015777,-0.0136542361391934,0.00464475211916033));
#3527=CARTESIAN_POINT('',(-0.0384113844455379,-0.00812159299557456,-0.00163339107623036));
#3528=CARTESIAN_POINT('',(-0.0352782107713947,-0.0131485184796551,-0.00123631552095449));
#3529=CARTESIAN_POINT('',(-0.0358120318576792,-0.0134866828568438,0.00466622633422802));
#3530=CARTESIAN_POINT('',(-0.038275302712036,-0.00803143252686667,-0.00161618725434241));
#3531=CARTESIAN_POINT('',(-0.0350598402364345,-0.0129937640100303,-0.00121030803249316));
#3532=CARTESIAN_POINT('',(-0.035578859742833,-0.0133354724310145,0.00468382345041096));
#3533=CARTESIAN_POINT('',(-0.0381674628910014,-0.00795756860018927,-0.00160260211014393));
#3534=CARTESIAN_POINT('',(-0.0348959640205191,-0.0128752342056194,-0.00119095324797186));
#3535=CARTESIAN_POINT('',(-0.0354045948881554,-0.01321900389201,0.00469771932635163));
#3536=CARTESIAN_POINT('',(-0.0381139272184531,-0.00791998678081931,-0.00159587385391862));
#3537=CARTESIAN_POINT('',(-0.0347927217208883,-0.0127961941079032,-0.00117863326502845));
#3538=CARTESIAN_POINT('',(-0.0352925707071249,-0.0131420164767064,0.00470460153119945));
#3539=CARTESIAN_POINT('',(-0.0380872227923928,-0.00790108841427309,-0.00159252162779987));
#3540=CARTESIAN_POINT('',(-0.0347657672635408,-0.0127775455669511,-0.00117557688796784));
#3541=CARTESIAN_POINT('',(-0.0352652551537895,-0.0131231181101602,0.00470803047257169));
#3542=CARTESIAN_POINT('',(-0.0402511254863421,-0.0087056785320774,0.00453228274701787));
#3543=CARTESIAN_POINT('',(-0.0394295824072399,0.0087056785320774,-0.00176434865153003));
#3544=CARTESIAN_POINT('',(-0.0367915703806716,0.0140756559235109,-0.00142015818112779));
#3545=CARTESIAN_POINT('',(-0.0374130701643297,0.0143861663622903,0.00453228274701785));
#3546=CARTESIAN_POINT('',(-0.0395680796945595,0.00884406909572975,-0.00178241886728033));
#3547=CARTESIAN_POINT('',(-0.0370823176853822,0.0142385609934446,-0.0013992785860484));
#3548=CARTESIAN_POINT('',(-0.0378195465575034,0.0145892479505974,0.0044961423159135));
#3549=CARTESIAN_POINT('',(-0.0397072695849771,0.0089714107392878,-0.0018052307317658));
#3550=CARTESIAN_POINT('',(-0.0373595762818434,0.014384841455905,-0.00139011030201528));
#3551=CARTESIAN_POINT('',(-0.0382147580068946,0.0147696010793972,0.00445051858616955));
#3552=CARTESIAN_POINT('',(-0.0398466892224698,0.00908994722946494,-0.00183295898080791));
#3553=CARTESIAN_POINT('',(-0.0376263816541302,0.0145194782488025,-0.00139137670221243));
#3554=CARTESIAN_POINT('',(-0.0386010670664751,0.0149338237151519,0.00439506208846207));
#3555=CARTESIAN_POINT('',(-0.0398466892224698,0.00908994722946493,-0.00183295898080794));
#3556=CARTESIAN_POINT('',(-0.0397030747304944,0.00896784421469036,-0.00180439644491871));
#3557=CARTESIAN_POINT('',(-0.0395638767780215,0.0088398694202916,-0.0017818704983549));
#3558=CARTESIAN_POINT('',(-0.0394295824072399,0.00870567853207739,-0.00176434865153003));
#3559=CARTESIAN_POINT('',(-0.041085339116802,0.00908994722946492,0.00439506208846207));
#3560=CARTESIAN_POINT('',(-0.0374130701643297,-0.0143861663622903,0.00453228274701785));
#3561=CARTESIAN_POINT('',(-0.0367915703806716,-0.0140756559235109,-0.0014201581811278));
#3562=CARTESIAN_POINT('',(-0.0394295824072399,-0.0087056785320774,-0.00176434865153003));
#3563=CARTESIAN_POINT('',(-0.0378195465575652,-0.0145892479506283,0.00449614231590864));
#3564=CARTESIAN_POINT('',(-0.0370823176854262,-0.0142385609934522,-0.00139927858603791));
#3565=CARTESIAN_POINT('',(-0.0395680796945862,-0.00884406909574515,-0.00178241886728381));
#3566=CARTESIAN_POINT('',(-0.0382147580068915,-0.0147696010793959,0.00445051858616955));
#3567=CARTESIAN_POINT('',(-0.0373595762818422,-0.0143848414559031,-0.00139011030201462));
#3568=CARTESIAN_POINT('',(-0.0397072695849729,-0.0089714107392878,-0.00180523073176496));
#3569=CARTESIAN_POINT('',(-0.0386010670664751,-0.0149338237151518,0.00439506208846207));
#3570=CARTESIAN_POINT('',(-0.0376263816541302,-0.0145194782488025,-0.00139137670221244));
#3571=CARTESIAN_POINT('',(-0.0398466892224698,-0.00908994722946492,-0.00183295898080791));
#3572=CARTESIAN_POINT('',(-0.041085339116802,-0.00908994722946491,0.00439506208846205));
#3573=CARTESIAN_POINT('',(-0.0394295824072399,-0.0087056785320774,-0.00176434865153003));
#3574=CARTESIAN_POINT('',(-0.0395638767780215,-0.0088398694202916,-0.0017818704983549));
#3575=CARTESIAN_POINT('',(-0.0397030747304944,-0.00896784421469036,-0.0018043964449187));
#3576=CARTESIAN_POINT('',(-0.0398466892224697,-0.00908994722946489,-0.00183295898080793));
#3577=CARTESIAN_POINT('',(-0.0386080393281376,6.94856191313204E-17,-0.00806098005007792));
#3578=CARTESIAN_POINT('',(-0.0398466892047023,0.0090899472212027,-0.00183295897727429));
#3579=CARTESIAN_POINT('',(-0.037626381629694,0.0145194782369394,-0.00139137669797074));
#3580=CARTESIAN_POINT('',(-0.0386010670395489,0.0149338237037053,0.00439506209232745));
#3581=CARTESIAN_POINT('',(-0.041050829636434,0.00964989070322693,-0.00207244249858044));
#3582=CARTESIAN_POINT('',(-0.0392891399300387,0.0153267046949116,-0.00168000905216274));
#3583=CARTESIAN_POINT('',(-0.0404259164078575,0.0157095797124076,0.00413309630986445));
#3584=CARTESIAN_POINT('',(-0.0435022855507534,0.0104219988846474,-0.00262836631432601));
#3585=CARTESIAN_POINT('',(-0.0423428626397721,0.0163239064815243,-0.00231278145094395));
#3586=CARTESIAN_POINT('',(-0.0437753387231826,0.0166444618477369,0.00352257105416612));
#3587=CARTESIAN_POINT('',(-0.0472022937156822,0.0110705946024056,-0.00371829420911323));
#3588=CARTESIAN_POINT('',(-0.046606537787126,0.0171658448597148,-0.00350843815956474));
#3589=CARTESIAN_POINT('',(-0.0485033819556484,0.0173889967268346,0.00231266458603705));
#3590=CARTESIAN_POINT('',(-0.0507997769955486,0.0113769806145887,-0.00506300644591405));
#3591=CARTESIAN_POINT('',(-0.0505737089793703,0.0176057636957403,-0.00495952527175925));
#3592=CARTESIAN_POINT('',(-0.0529594037982479,0.0177232026313145,0.000802836370405029));
#3593=CARTESIAN_POINT('',(-0.0531067145844012,0.0114300000003802,-0.0061377071719324));
#3594=CARTESIAN_POINT('',(-0.0530411372666328,0.0177396352874224,-0.00610371726292308));
#3595=CARTESIAN_POINT('',(-0.0557817539315863,0.0177799999999998,-0.000417545631969677));
#3596=CARTESIAN_POINT('',(-0.0542278766533169,0.01143,-0.00671882573305924));
#3597=CARTESIAN_POINT('',(-0.054227876653316,0.0177799999999995,-0.00671882573305881));
#3598=CARTESIAN_POINT('',(-0.05715,0.01778,-0.00108112273034942));
#3599=CARTESIAN_POINT('',(-0.05715,0.01143,-0.00108112273034886));
#3600=CARTESIAN_POINT('',(-0.0542278766533159,0.01143,-0.00671882573305873));
#3601=CARTESIAN_POINT('',(-0.0542278766533159,0.01778,-0.00671882573305874));
#3602=CARTESIAN_POINT('',(-0.05715,0.01778,-0.00108112273034886));
#3603=CARTESIAN_POINT('',(-0.0549980346209734,0.0114300000000206,-0.00711801252541812));
#3604=CARTESIAN_POINT('',(-0.0549980346209954,0.0177800000000219,-0.00711801252538945));
#3605=CARTESIAN_POINT('',(-0.0580294404855805,0.01778,-0.00153695262654197));
#3606=CARTESIAN_POINT('',(-0.0565061366654321,0.0114299999999904,-0.00795653690107164));
#3607=CARTESIAN_POINT('',(-0.0565061366654218,0.0177799999999898,-0.00795653690108494));
#3608=CARTESIAN_POINT('',(-0.059757805292301,0.01778,-0.00249776924296699));
#3609=CARTESIAN_POINT('',(-0.0586720313993614,0.0114300000000026,-0.00933849130179554));
#3610=CARTESIAN_POINT('',(-0.0586720313993641,0.0177800000000028,-0.00933849130179202));
#3611=CARTESIAN_POINT('',(-0.0622543266588394,0.01778,-0.00409023710539721));
#3612=CARTESIAN_POINT('',(-0.0603967918973319,0.0114299999999997,-0.0105990181614644));
#3613=CARTESIAN_POINT('',(-0.0603967918973318,0.0177799999999996,-0.0105990181614645));
#3614=CARTESIAN_POINT('',(-0.0642545340382399,0.01778,-0.00555211971456039));
#3615=CARTESIAN_POINT('',(-0.0615603154880492,0.01143,-0.0115376180037395));
#3616=CARTESIAN_POINT('',(-0.0615603154880488,0.01778,-0.01153761800374));
#3617=CARTESIAN_POINT('',(-0.0656025129211568,0.01778,-0.00663931570230817));
#3618=CARTESIAN_POINT('',(-0.0622031650667068,0.01143,-0.0120856713732704));
#3619=CARTESIAN_POINT('',(-0.0622031650667076,0.01778,-0.0120856713732695));
#3620=CARTESIAN_POINT('',(-0.0663554106966798,0.01778,-0.00728121537777755));
#3621=CARTESIAN_POINT('',(-0.0625967239613334,0.01143,-0.0124237495228568));
#3622=CARTESIAN_POINT('',(-0.0625967239613317,0.01778,-0.0124237495228589));
#3623=CARTESIAN_POINT('',(-0.0667306282251598,0.01778,-0.00760365247637726));
#3624=CARTESIAN_POINT('',(-0.062784486645482,0.01143,-0.0125847821645453));
#3625=CARTESIAN_POINT('',(-0.062784486645482,0.01778,-0.0125847821645453));
#3626=CARTESIAN_POINT('',(-0.0669183909093102,0.01778,-0.00776468511806344));
#3627=CARTESIAN_POINT('',(-0.0665970942060906,0.0177729788872353,-0.00788240922052573));
#3628=CARTESIAN_POINT('',(-0.0666862202406966,0.0177776526687706,-0.00782802096180077));
#3629=CARTESIAN_POINT('',(-0.0667754013383203,0.01778,-0.00777341343787683));
#3630=CARTESIAN_POINT('',(-0.0668646377750803,0.01778,-0.00771858432203293));
#3631=CARTESIAN_POINT('',(-0.0622151993232118,0.0151878554281146,-0.0104879764323096));
#3632=CARTESIAN_POINT('',(-0.0614777997983031,0.0140919626128147,-0.0109239366058056));
#3633=CARTESIAN_POINT('',(-0.0609426535735593,0.0127714807938342,-0.0110417717950665));
#3634=CARTESIAN_POINT('',(-0.0606630823972237,0.01143,-0.0108242217056854));
#3635=CARTESIAN_POINT('',(-0.0622151993232116,0.0151878554281148,-0.0104879764323095));
#3636=CARTESIAN_POINT('',(-0.0622151993232119,0.0151878554281147,-0.0104879764323096));
#3637=CARTESIAN_POINT('',(-0.0626664007615203,0.0158584124298383,-0.0102212202835978));
#3638=CARTESIAN_POINT('',(-0.0632171406554855,0.016409567204035,-0.00989499325523779));
#3639=CARTESIAN_POINT('',(-0.0638483093201614,0.0168370533363231,-0.00951951546837612));
#3640=CARTESIAN_POINT('',(-0.0668646377750803,0.01778,-0.00771858432203298));
#3641=CARTESIAN_POINT('',(-0.0670519030389623,0.01778,-0.0121596378818252));
#3642=CARTESIAN_POINT('',(-0.0670519030389623,0.013335,-0.0121596378818252));
#3643=CARTESIAN_POINT('',(-0.0659918241752168,0.01778,-0.00825486299369635));
#3644=CARTESIAN_POINT('',(-0.0661339125024135,0.0173074923130213,-0.012198346646387));
#3645=CARTESIAN_POINT('',(-0.066547847898428,0.0133349999911403,-0.0121808923021181));
#3646=CARTESIAN_POINT('',(-0.0642895455803129,0.017341429613463,-0.00925155919584946));
#3647=CARTESIAN_POINT('',(-0.0646199207290112,0.0162580149561445,-0.0122003863699829));
#3648=CARTESIAN_POINT('',(-0.0655701816146812,0.0132034288993372,-0.0121964374165032));
#3649=CARTESIAN_POINT('',(-0.0628280381672172,0.0160986312579893,-0.0101256581787546));
#3650=CARTESIAN_POINT('',(-0.0634551856655958,0.0149298909162411,-0.0121367979519456));
#3651=CARTESIAN_POINT('',(-0.0646840589763718,0.0128305893556599,-0.0121728460410188));
#3652=CARTESIAN_POINT('',(-0.0622151993232248,0.0151878554281144,-0.0104879764323204));
#3653=CARTESIAN_POINT('',(-0.062995165754354,0.014157709198817,-0.0121045612544942));
#3654=CARTESIAN_POINT('',(-0.0643062557630101,0.0125573566284343,-0.0121575708232393));
#3655=CARTESIAN_POINT('',(-0.0644858278554944,0.0125573566284345,-0.00771619954134886));
#3656=CARTESIAN_POINT('',(-0.0606630823972235,0.01143,-0.0108242217056853));
#3657=CARTESIAN_POINT('',(-0.0606630823972236,0.01143,-0.0108242217056854));
#3658=CARTESIAN_POINT('',(-0.0606630823972237,0.01143,-0.0108242217056854));
#3659=CARTESIAN_POINT('',(-0.061160969153853,0.011623310942426,-0.0112116554527052));
#3660=CARTESIAN_POINT('',(-0.0609792769391009,0.0118488403405906,-0.0110700514533056));
#3661=CARTESIAN_POINT('',(-0.0607973724427557,0.0120743698080832,-0.0109287203589136));
#3662=CARTESIAN_POINT('',(-0.0622764912946164,0.0120118490097235,-0.0118427317749932));
#3663=CARTESIAN_POINT('',(-0.0616601591692332,0.0127107137139221,-0.0115369162796593));
#3664=CARTESIAN_POINT('',(-0.0611857620360174,0.0133694966877968,-0.0109863004885732));
#3665=CARTESIAN_POINT('',(-0.0635980967454498,0.0123830241641072,-0.012128938766038));
#3666=CARTESIAN_POINT('',(-0.0624888541664702,0.0136461839987304,-0.01194224939978));
#3667=CARTESIAN_POINT('',(-0.0618241858028025,0.0146067472362572,-0.0107191486984849));
#3668=CARTESIAN_POINT('',(-0.0643062557630101,0.0125573566284343,-0.0121575708232393));
#3669=CARTESIAN_POINT('',(-0.0629951657543442,0.0141577091988192,-0.0121045612544938));
#3670=CARTESIAN_POINT('',(-0.0622151993232119,0.0151878554281144,-0.01048797643231));
#3671=CARTESIAN_POINT('',(-0.06430625576301,0.0125573566284343,-0.0121575708232393));
#3672=CARTESIAN_POINT('',(-0.0629672033955995,0.0122277127441403,-0.0121034306894156));
#3673=CARTESIAN_POINT('',(-0.0617018993708405,0.0118333340680933,-0.0116325837422271));
#3674=CARTESIAN_POINT('',(-0.0606630823972237,0.01143,-0.0108242217056854));
#3675=CARTESIAN_POINT('',(-0.0645627873237021,4.16133404168894E-17,-0.00581275470625297));
#3676=CARTESIAN_POINT('',(-0.06430625576301,-0.0125573566284343,-0.0121575708232393));
#3677=CARTESIAN_POINT('',(-0.0629672033955994,-0.0122277127441403,-0.0121034306894156));
#3678=CARTESIAN_POINT('',(-0.0617018993708295,-0.0118333340681393,-0.0116325837422185));
#3679=CARTESIAN_POINT('',(-0.0606630823972237,-0.01143,-0.0108242217056854));
#3680=CARTESIAN_POINT('',(-0.0606630823972237,-0.01143,-0.0108242217056854));
#3681=CARTESIAN_POINT('',(-0.0606630823972236,-0.01143,-0.0108242217056854));
#3682=CARTESIAN_POINT('',(-0.0606630823972235,-0.01143,-0.0108242217056853));
#3683=CARTESIAN_POINT('',(-0.0607973724427406,-0.0120743698080987,-0.0109287203589019));
#3684=CARTESIAN_POINT('',(-0.0609792769045209,-0.0118488403406208,-0.0110700514977354));
#3685=CARTESIAN_POINT('',(-0.0611609691538295,-0.0116233109424297,-0.0112116554526869));
#3686=CARTESIAN_POINT('',(-0.0611857620359643,-0.0133694966877859,-0.0109863004885324));
#3687=CARTESIAN_POINT('',(-0.0616601591867488,-0.0127107137139108,-0.0115369162570806));
#3688=CARTESIAN_POINT('',(-0.0622764912946196,-0.0120118490097231,-0.011842731775002));
#3689=CARTESIAN_POINT('',(-0.0618241858029214,-0.0146067472362636,-0.0107191486985762));
#3690=CARTESIAN_POINT('',(-0.062488854166576,-0.013646183998717,-0.0119422493997894));
#3691=CARTESIAN_POINT('',(-0.063598096745467,-0.0123830241641043,-0.0121289387660387));
#3692=CARTESIAN_POINT('',(-0.0622151993232117,-0.0151878554281145,-0.0104879764323097));
#3693=CARTESIAN_POINT('',(-0.0629951657543441,-0.0141577091988193,-0.0121045612544938));
#3694=CARTESIAN_POINT('',(-0.0643062557630101,-0.0125573566284343,-0.0121575708232393));
#3695=CARTESIAN_POINT('',(-0.0644858278554944,-0.0125573566284345,-0.00771619954134886));
#3696=CARTESIAN_POINT('',(-0.0622151993232118,-0.0151878554281147,-0.0104879764323096));
#3697=CARTESIAN_POINT('',(-0.0622151993232118,-0.0151878554281146,-0.0104879764323096));
#3698=CARTESIAN_POINT('',(-0.0614777997983031,-0.0140919626128147,-0.0109239366058056));
#3699=CARTESIAN_POINT('',(-0.0609426535735535,-0.0127714807938362,-0.011041771795062));
#3700=CARTESIAN_POINT('',(-0.0606630823972237,-0.01143,-0.0108242217056854));
#3701=CARTESIAN_POINT('',(-0.0670519030389615,-0.013335,-0.0121596378818252));
#3702=CARTESIAN_POINT('',(-0.0670519030389601,-0.0177799999999997,-0.0121596378818253));
#3703=CARTESIAN_POINT('',(-0.0668646377750782,-0.01778,-0.0077185843220333));
#3704=CARTESIAN_POINT('',(-0.0665478478983945,-0.0133349999911165,-0.0121808923021195));
#3705=CARTESIAN_POINT('',(-0.066133912502798,-0.0173074923126704,-0.0121983466463575));
#3706=CARTESIAN_POINT('',(-0.0659918241756283,-0.0177799999999997,-0.00825486299403746));
#3707=CARTESIAN_POINT('',(-0.0655701816147056,-0.0132034288993891,-0.0121964374165029));
#3708=CARTESIAN_POINT('',(-0.0646199207288647,-0.0162580149562888,-0.0122003863699834));
#3709=CARTESIAN_POINT('',(-0.0642895455801697,-0.0173414296134677,-0.00925155919572808));
#3710=CARTESIAN_POINT('',(-0.0646840589763537,-0.0128305893555791,-0.0121728460410181));
#3711=CARTESIAN_POINT('',(-0.0634551856654772,-0.0149298909162195,-0.0121367979519691));
#3712=CARTESIAN_POINT('',(-0.0628280381670871,-0.0160986312579776,-0.0101256581786591));
#3713=CARTESIAN_POINT('',(-0.0643062557630101,-0.0125573566284344,-0.0121575708232393));
#3714=CARTESIAN_POINT('',(-0.0629951657543542,-0.014157709198817,-0.0121045612544942));
#3715=CARTESIAN_POINT('',(-0.062215199323225,-0.0151878554281144,-0.0104879764323206));
#3716=CARTESIAN_POINT('',(-0.0638483093201565,-0.0168370533363198,-0.00951951546837908));
#3717=CARTESIAN_POINT('',(-0.0632215971769354,-0.0164125855749143,-0.00989234210206003));
#3718=CARTESIAN_POINT('',(-0.0626659794742286,-0.0158577863300097,-0.0102214693541147));
#3719=CARTESIAN_POINT('',(-0.0622151993232119,-0.0151878554281147,-0.0104879764323096));
#3720=CARTESIAN_POINT('',(-0.0668646377750795,-0.01778,-0.00771858432203339));
#3721=CARTESIAN_POINT('',(-0.0667752011122141,-0.01778,-0.0077735364618429));
#3722=CARTESIAN_POINT('',(-0.066686021747237,-0.0177776422597462,-0.00782814209042141));
#3723=CARTESIAN_POINT('',(-0.0665970942060906,-0.0177729788872353,-0.00788240922052572));
#3724=CARTESIAN_POINT('',(-0.05715,-0.01778,-0.00108112273034886));
#3725=CARTESIAN_POINT('',(-0.0542278766533159,-0.01778,-0.00671882573305874));
#3726=CARTESIAN_POINT('',(-0.0542278766533159,-0.01143,-0.00671882573305873));
#3727=CARTESIAN_POINT('',(-0.0580294404855805,-0.01778,-0.00153695262654196));
#3728=CARTESIAN_POINT('',(-0.0549980346210197,-0.0177800000000109,-0.00711801252538519));
#3729=CARTESIAN_POINT('',(-0.0549980346209734,-0.01143,-0.00711801252541811));
#3730=CARTESIAN_POINT('',(-0.059757805292301,-0.01778,-0.00249776924296705));
#3731=CARTESIAN_POINT('',(-0.0565061366654105,-0.0177799999999949,-0.00795653690108696));
#3732=CARTESIAN_POINT('',(-0.0565061366654321,-0.01143,-0.00795653690107165));
#3733=CARTESIAN_POINT('',(-0.0622543266588393,-0.01778,-0.00409023710539684));
#3734=CARTESIAN_POINT('',(-0.0586720313993671,-0.0177800000000014,-0.00933849130179116));
#3735=CARTESIAN_POINT('',(-0.0586720313993612,-0.01143,-0.00933849130179537));
#3736=CARTESIAN_POINT('',(-0.0642545340382398,-0.01778,-0.00555211971456108));
#3737=CARTESIAN_POINT('',(-0.0603967918973312,-0.0177799999999998,-0.0105990181614651));
#3738=CARTESIAN_POINT('',(-0.060396791897332,-0.01143,-0.0105990181614646));
#3739=CARTESIAN_POINT('',(-0.0656025129211566,-0.01778,-0.00663931570230691));
#3740=CARTESIAN_POINT('',(-0.0615603154880487,-0.01778,-0.0115376180037389));
#3741=CARTESIAN_POINT('',(-0.0615603154880487,-0.01143,-0.011537618003739));
#3742=CARTESIAN_POINT('',(-0.0663554106966796,-0.01778,-0.0072812153777793));
#3743=CARTESIAN_POINT('',(-0.0622031650667073,-0.01778,-0.0120856713732709));
#3744=CARTESIAN_POINT('',(-0.0622031650667073,-0.01143,-0.0120856713732709));
#3745=CARTESIAN_POINT('',(-0.0667306282251596,-0.01778,-0.0076036524763728));
#3746=CARTESIAN_POINT('',(-0.0625967239613315,-0.01778,-0.0124237495228551));
#3747=CARTESIAN_POINT('',(-0.0625967239613315,-0.01143,-0.0124237495228552));
#3748=CARTESIAN_POINT('',(-0.06691839090931,-0.01778,-0.00776468511806327));
#3749=CARTESIAN_POINT('',(-0.0627844866454818,-0.01778,-0.0125847821645451));
#3750=CARTESIAN_POINT('',(-0.0627844866454818,-0.01143,-0.0125847821645451));
#3751=CARTESIAN_POINT('',(-0.05715,-0.01143,-0.00108112273034886));
#3752=CARTESIAN_POINT('',(-0.0386010674222929,-0.0149338238664124,0.0043950620373827));
#3753=CARTESIAN_POINT('',(-0.0376263819770429,-0.0145194784055683,-0.0013913767582657));
#3754=CARTESIAN_POINT('',(-0.0398466894572589,-0.0090899473386454,-0.00183295902750358));
#3755=CARTESIAN_POINT('',(-0.0404251402113568,-0.0157092497066987,0.00413320773782652));
#3756=CARTESIAN_POINT('',(-0.039288429820727,-0.015326359952446,-0.00167988578755846));
#3757=CARTESIAN_POINT('',(-0.0410503174492512,-0.00964965252662145,-0.00207234063782471));
#3758=CARTESIAN_POINT('',(-0.0437756991361587,-0.0166446150732541,0.0035225193122924));
#3759=CARTESIAN_POINT('',(-0.0423431968429297,-0.0163240683350283,-0.00231283954777076));
#3760=CARTESIAN_POINT('',(-0.0435025233789463,-0.0104221094737658,-0.0026284136135872));
#3761=CARTESIAN_POINT('',(-0.0485032849397837,-0.0173889554761488,0.00231267851132506));
#3762=CARTESIAN_POINT('',(-0.0466064461279235,-0.0171658007298186,-0.00350842212933337));
#3763=CARTESIAN_POINT('',(-0.0472022296995839,-0.0110705648304835,-0.00371828147937486));
#3764=CARTESIAN_POINT('',(-0.0529594315277559,-0.0177232144177789,0.000802832387712064));
#3765=CARTESIAN_POINT('',(-0.0505737356542407,-0.0176057764427672,-0.00495952998650045));
#3766=CARTESIAN_POINT('',(-0.0507997952945561,-0.0113769891213605,-0.00506301008656641));
#3767=CARTESIAN_POINT('',(-0.0557817539332759,-0.0177799999999998,-0.000417545632779409));
#3768=CARTESIAN_POINT('',(-0.0530411372680547,-0.0177396352874732,-0.0061037172636673));
#3769=CARTESIAN_POINT('',(-0.0531067145857441,-0.0114300000003802,-0.00613770717262845));
#3770=CARTESIAN_POINT('',(-0.05715,-0.01778,-0.00108112273034942));
#3771=CARTESIAN_POINT('',(-0.0542278766533161,-0.0177799999999995,-0.00671882573305882));
#3772=CARTESIAN_POINT('',(-0.0542278766533169,-0.01143,-0.00671882573305924));
#3773=MECHANICAL_DESIGN_GEOMETRIC_PRESENTATION_REPRESENTATION('',(#1284),
#3774);
#3774=(
GEOMETRIC_REPRESENTATION_CONTEXT(3)
GLOBAL_UNCERTAINTY_ASSIGNED_CONTEXT((#3775))
GLOBAL_UNIT_ASSIGNED_CONTEXT((#3778,#3777,#3776))
REPRESENTATION_CONTEXT('Part 1','TOP_LEVEL_ASSEMBLY_PART')
);
#3775=UNCERTAINTY_MEASURE_WITH_UNIT(LENGTH_MEASURE(2.E-5),#3778,
'DISTANCE_ACCURACY_VALUE','Maximum Tolerance applied to model');
#3776=(
NAMED_UNIT(*)
SI_UNIT($,.STERADIAN.)
SOLID_ANGLE_UNIT()
);
#3777=(
NAMED_UNIT(*)
PLANE_ANGLE_UNIT()
SI_UNIT($,.RADIAN.)
);
#3778=(
LENGTH_UNIT()
NAMED_UNIT(*)
SI_UNIT($,.METRE.)
);
#3779=PRODUCT_DEFINITION_SHAPE('','',#3780);
#3780=PRODUCT_DEFINITION('','',#3782,#3781);
#3781=PRODUCT_DEFINITION_CONTEXT('',#3788,'design');
#3782=PRODUCT_DEFINITION_FORMATION_WITH_SPECIFIED_SOURCE('','',#3784,
 .NOT_KNOWN.);
#3783=PRODUCT_RELATED_PRODUCT_CATEGORY('','',(#3784));
#3784=PRODUCT('Part 1','Part 1','Part 1',(#3786));
#3785=PRODUCT_CATEGORY('','');
#3786=PRODUCT_CONTEXT('',#3788,'mechanical');
#3787=APPLICATION_PROTOCOL_DEFINITION('international standard',
'ap242_managed_model_based_3d_engineering',2020,#3788);
#3788=APPLICATION_CONTEXT('managed model based 3d engineering');
ENDSEC;
END-ISO-10303-21;
