ISO-10303-21;
HEADER;
/* Generated by software containing ST-Developer
 * from STEP Tools, Inc. (www.steptools.com) 
 */
/* OPTION: using custom renumber hook */

FILE_DESCRIPTION(
/* description */ ('STEP AP242 Edition 2',
'CAx-IF Rec.Pracs.---Representation and Presentation of Product Manufa
cturing Information (PMI)---4.0---2014-10-13',
'CAx-IF Rec.Pracs.---3D Tessellated Geometry---0.4---2014-09-14','2;1',
'CAx-IF Rec.Pracs.---User Defined Attributes---1.5---2016-08-15'),
/* implementation_level */ '2;1');

FILE_NAME(
/* name */ 'funky ahhhhhhh',
/* time_stamp */ '2026-08-04T01:13:16Z',
/* author */ (''),
/* organization */ (''),
/* preprocessor_version */ 'ST-DEVELOPER v20',
/* originating_system */ 'ONSHAPE BY PTC INC, 1.218',
/* authorisation */ '  ');

FILE_SCHEMA (('AP242_MANAGED_MODEL_BASED_3D_ENGINEERING_MIM_LF { 1 0 10303 442 3 1 4 }'));
ENDSEC;

DATA;
#10=SHAPE_REPRESENTATION_RELATIONSHIP('','',#1220,#11);
#11=ADVANCED_BREP_SHAPE_REPRESENTATION('',(#1218),#3420);
#12=(
BOUNDED_SURFACE()
B_SPLINE_SURFACE(3,2,((#2459,#2460,#2461),(#2462,#2463,#2464),(#2465,#2466,
#2467),(#2468,#2469,#2470),(#2471,#2472,#2473),(#2474,#2475,#2476),(#2477,
#2478,#2479),(#2480,#2481,#2482),(#2483,#2484,#2485),(#2486,#2487,#2488),
(#2489,#2490,#2491),(#2492,#2493,#2494),(#2495,#2496,#2497),(#2498,#2499,
#2500),(#2501,#2502,#2503),(#2504,#2505,#2506),(#2507,#2508,#2509)),
 .UNSPECIFIED.,.F.,.F.,.F.)
B_SPLINE_SURFACE_WITH_KNOTS((4,1,1,1,1,1,1,1,1,1,1,1,1,1,4),(3,3),(0.0648984334362928,
0.0704569271394962,0.0732361739910979,0.0760154208426996,0.0787946676943014,
0.0801842911201022,0.0815739145459031,0.0829635379717039,0.0843531613975048,
0.0850479731104052,0.0857427848233056,0.0864375965362061,0.0867850023926563,
0.0869587053208814,0.0871324082491065),(0.,1.),.UNSPECIFIED.)
GEOMETRIC_REPRESENTATION_ITEM()
RATIONAL_B_SPLINE_SURFACE(((1.,0.707106781186548,1.),(1.,0.707106781186548,
1.),(1.,0.707106781186548,1.),(1.,0.707106781186547,1.),(1.,0.707106781186549,
1.),(1.,0.707106781186548,1.),(1.,0.707106781186548,1.),(1.,0.707106781186548,
1.),(1.,0.707106781186546,1.),(1.,0.707106781186548,1.),(1.,0.707106781186547,
1.),(1.,0.707106781186551,1.),(1.,0.707106781186544,1.),(1.,0.707106781186552,
1.),(1.,0.707106781186547,1.),(1.,0.707106781186548,1.),(1.,0.707106781186548,
1.)))
REPRESENTATION_ITEM('')
SURFACE()
);
#13=(
BOUNDED_SURFACE()
B_SPLINE_SURFACE(3,2,((#2516,#2517,#2518),(#2519,#2520,#2521),(#2522,#2523,
#2524),(#2525,#2526,#2527),(#2528,#2529,#2530),(#2531,#2532,#2533),(#2534,
#2535,#2536),(#2537,#2538,#2539),(#2540,#2541,#2542),(#2543,#2544,#2545),
(#2546,#2547,#2548),(#2549,#2550,#2551),(#2552,#2553,#2554)),
 .UNSPECIFIED.,.F.,.F.,.F.)
B_SPLINE_SURFACE_WITH_KNOTS((4,1,1,1,1,1,1,1,1,1,4),(3,3),(0.0691963417555637,
0.0731480218166381,0.0751238618471753,0.0770997018777125,0.0790755419082496,
0.0810513819387868,0.0820393019540554,0.083027221969324,0.0840151419845926,
0.0845091019922269,0.0850030619998612),(0.,1.),.UNSPECIFIED.)
GEOMETRIC_REPRESENTATION_ITEM()
RATIONAL_B_SPLINE_SURFACE(((1.,0.707106781186547,1.),(1.,0.707106781186547,
1.),(1.,0.707106781186548,1.),(1.,0.707106781186548,1.),(1.,0.707106781186547,
1.),(1.,0.707106781186548,1.),(1.,0.707106781186547,1.),(1.,0.707106781186548,
1.),(1.,0.707106781186548,1.),(1.,0.707106781186548,1.),(1.,0.707106781186548,
1.),(1.,0.707106781186548,1.),(1.,0.707106781186548,1.)))
REPRESENTATION_ITEM('')
SURFACE()
);
#14=(
BOUNDED_SURFACE()
B_SPLINE_SURFACE(3,2,((#2556,#2557,#2558),(#2559,#2560,#2561),(#2562,#2563,
#2564),(#2565,#2566,#2567),(#2568,#2569,#2570),(#2571,#2572,#2573),(#2574,
#2575,#2576),(#2577,#2578,#2579),(#2580,#2581,#2582),(#2583,#2584,#2585),
(#2586,#2587,#2588),(#2589,#2590,#2591),(#2592,#2593,#2594),(#2595,#2596,
#2597),(#2598,#2599,#2600),(#2601,#2602,#2603),(#2604,#2605,#2606)),
 .UNSPECIFIED.,.F.,.F.,.F.)
B_SPLINE_SURFACE_WITH_KNOTS((4,1,1,1,1,1,1,1,1,1,1,1,1,1,4),(3,3),(0.0648984334362933,
0.0704569271394966,0.0732361739910983,0.0760154208426999,0.0787946676943016,
0.0801842911201024,0.0815739145459032,0.082963537971704,0.0843531613975049,
0.0850479731104053,0.0857427848233057,0.0864375965362061,0.0867850023926563,
0.0869587053208814,0.0871324082491065),(0.,1.),.UNSPECIFIED.)
GEOMETRIC_REPRESENTATION_ITEM()
RATIONAL_B_SPLINE_SURFACE(((1.,0.707106781186547,1.),(1.,0.707106781186547,
1.),(1.,0.707106781186548,1.),(1.,0.707106781186547,1.),(1.,0.707106781186548,
1.),(1.,0.707106781186547,1.),(1.,0.707106781186547,1.),(1.,0.707106781186548,
1.),(1.,0.707106781186547,1.),(1.,0.707106781186548,1.),(1.,0.707106781186548,
1.),(1.,0.707106781186548,1.),(1.,0.707106781186547,1.),(1.,0.707106781186548,
1.),(1.,0.707106781186547,1.),(1.,0.707106781186548,1.),(1.,0.707106781186548,
1.)))
REPRESENTATION_ITEM('')
SURFACE()
);
#15=(
BOUNDED_SURFACE()
B_SPLINE_SURFACE(3,2,((#2613,#2614,#2615),(#2616,#2617,#2618),(#2619,#2620,
#2621),(#2622,#2623,#2624),(#2625,#2626,#2627),(#2628,#2629,#2630),(#2631,
#2632,#2633),(#2634,#2635,#2636),(#2637,#2638,#2639),(#2640,#2641,#2642),
(#2643,#2644,#2645),(#2646,#2647,#2648),(#2649,#2650,#2651)),
 .UNSPECIFIED.,.F.,.F.,.F.)
B_SPLINE_SURFACE_WITH_KNOTS((4,1,1,1,1,1,1,1,1,1,4),(3,3),(0.0691963417555633,
0.0731480218166378,0.0751238618471751,0.0770997018777123,0.0790755419082496,
0.0810513819387868,0.0820393019540555,0.0830272219693241,0.0840151419845927,
0.084509101992227,0.0850030619998613),(0.,1.),.UNSPECIFIED.)
GEOMETRIC_REPRESENTATION_ITEM()
RATIONAL_B_SPLINE_SURFACE(((1.,0.707106781186548,1.),(1.,0.707106781186547,
1.),(1.,0.707106781186548,1.),(1.,0.707106781186548,1.),(1.,0.707106781186548,
1.),(1.,0.707106781186548,1.),(1.,0.707106781186548,1.),(1.,0.707106781186548,
1.),(1.,0.707106781186548,1.),(1.,0.707106781186547,1.),(1.,0.707106781186548,
1.),(1.,0.707106781186548,1.),(1.,0.707106781186548,1.)))
REPRESENTATION_ITEM('')
SURFACE()
);
#16=(
BOUNDED_SURFACE()
B_SPLINE_SURFACE(3,2,((#2660,#2661,#2662),(#2663,#2664,#2665),(#2666,#2667,
#2668),(#2669,#2670,#2671)),.UNSPECIFIED.,.F.,.F.,.F.)
B_SPLINE_SURFACE_WITH_KNOTS((4,4),(3,3),(0.00206948309741742,0.00273319826920223),
(0.,1.),.PIECEWISE_BEZIER_KNOTS.)
GEOMETRIC_REPRESENTATION_ITEM()
RATIONAL_B_SPLINE_SURFACE(((1.,0.707106781186531,1.),(1.,0.713247674593213,
1.),(1.,0.718907938582,1.),(1.,0.724171744399937,1.)))
REPRESENTATION_ITEM('')
SURFACE()
);
#17=(
BOUNDED_SURFACE()
B_SPLINE_SURFACE(3,2,((#2673,#2674,#2675),(#2676,#2677,#2678),(#2679,#2680,
#2681),(#2682,#2683,#2684),(#2685,#2686,#2687),(#2688,#2689,#2690),(#2691,
#2692,#2693)),.UNSPECIFIED.,.F.,.F.,.F.)
B_SPLINE_SURFACE_WITH_KNOTS((4,1,1,1,4),(3,3),(1.5707963267949,1.90778059309365,
2.2447648593924,2.58174912569114,2.91873339198989),(0.,1.),
 .UNSPECIFIED.)
GEOMETRIC_REPRESENTATION_ITEM()
RATIONAL_B_SPLINE_SURFACE(((1.,1.,1.),(1.,0.99999999999946,1.),(1.,0.980621588870686,
1.),(1.,0.901533368297702,1.),(1.,0.797404265070602,1.),(1.,0.740889242906466,
1.),(1.,0.724171744399888,1.)))
REPRESENTATION_ITEM('')
SURFACE()
);
#18=(
BOUNDED_SURFACE()
B_SPLINE_SURFACE(3,2,((#2697,#2698,#2699),(#2700,#2701,#2702),(#2703,#2704,
#2705),(#2706,#2707,#2708),(#2709,#2710,#2711),(#2712,#2713,#2714),(#2715,
#2716,#2717)),.UNSPECIFIED.,.F.,.F.,.F.)
B_SPLINE_SURFACE_WITH_KNOTS((4,1,1,1,4),(3,3),(1.5707963267949,1.90778059309365,
2.2447648593924,2.58174912569114,2.91873339198989),(0.,1.),
 .UNSPECIFIED.)
GEOMETRIC_REPRESENTATION_ITEM()
RATIONAL_B_SPLINE_SURFACE(((1.,1.,1.),(1.,0.999999999999461,1.),(1.,0.980621588870664,
1.),(1.,0.901533368297778,1.),(1.,0.797404265070317,1.),(1.,0.740889242907079,
1.),(1.,0.724171744399888,1.)))
REPRESENTATION_ITEM('')
SURFACE()
);
#19=(
BOUNDED_SURFACE()
B_SPLINE_SURFACE(3,2,((#2721,#2722,#2723),(#2724,#2725,#2726),(#2727,#2728,
#2729),(#2730,#2731,#2732)),.UNSPECIFIED.,.F.,.F.,.F.)
B_SPLINE_SURFACE_WITH_KNOTS((4,4),(3,3),(0.00206948309740185,0.00273319826918643),
(0.,1.),.PIECEWISE_BEZIER_KNOTS.)
GEOMETRIC_REPRESENTATION_ITEM()
RATIONAL_B_SPLINE_SURFACE(((1.,0.707106781186967,1.),(1.,0.713247674446852,
1.),(1.,0.718907938598326,1.),(1.,0.724171744399887,1.)))
REPRESENTATION_ITEM('')
SURFACE()
);
#20=(
BOUNDED_SURFACE()
B_SPLINE_SURFACE(3,2,((#2738,#2739,#2740),(#2741,#2742,#2743),(#2744,#2745,
#2746),(#2747,#2748,#2749),(#2750,#2751,#2752),(#2753,#2754,#2755),(#2756,
#2757,#2758),(#2759,#2760,#2761),(#2762,#2763,#2764)),.UNSPECIFIED.,.F.,
 .F.,.F.)
B_SPLINE_SURFACE_WITH_KNOTS((4,1,1,1,1,1,4),(3,3),(-3.08962924688849E-13,
0.00957279389150802,0.0143591908374165,0.019145587783325,0.0239319847292335,
0.028718381675142,0.038291175566959),(0.,1.),.UNSPECIFIED.)
GEOMETRIC_REPRESENTATION_ITEM()
RATIONAL_B_SPLINE_SURFACE(((1.,0.707163462158898,1.),(1.,0.711166377327031,
1.),(1.,0.718365717990144,1.),(1.,0.727556095643983,1.),(1.,0.733676834385792,
1.),(1.,0.738977075931763,1.),(1.,0.745027726678249,1.),(1.,0.748462516416669,
1.),(1.,0.750422848318072,1.)))
REPRESENTATION_ITEM('')
SURFACE()
);
#21=(
BOUNDED_SURFACE()
B_SPLINE_SURFACE(3,2,((#2775,#2776,#2777),(#2778,#2779,#2780),(#2781,#2782,
#2783),(#2784,#2785,#2786),(#2787,#2788,#2789),(#2790,#2791,#2792),(#2793,
#2794,#2795),(#2796,#2797,#2798),(#2799,#2800,#2801)),.UNSPECIFIED.,.F.,
 .F.,.F.)
B_SPLINE_SURFACE_WITH_KNOTS((4,1,1,1,1,1,4),(3,3),(-1.66533453693773E-16,
0.0095727938918173,0.014359190837726,0.0191455877836348,0.0239319847295435,
0.0287183816754522,0.0382911755672697),(0.,1.),.UNSPECIFIED.)
GEOMETRIC_REPRESENTATION_ITEM()
RATIONAL_B_SPLINE_SURFACE(((1.,0.707163462158515,1.),(1.,0.711166379181711,
1.),(1.,0.718365717571952,1.),(1.,0.727556095722737,1.),(1.,0.733676834364717,
1.),(1.,0.738977075937285,1.),(1.,0.745027726675044,1.),(1.,0.748462516416136,
1.),(1.,0.750422848318071,1.)))
REPRESENTATION_ITEM('')
SURFACE()
);
#22=(
BOUNDED_SURFACE()
B_SPLINE_SURFACE(3,2,((#2803,#2804,#2805),(#2806,#2807,#2808),(#2809,#2810,
#2811),(#2812,#2813,#2814),(#2815,#2816,#2817),(#2818,#2819,#2820)),
 .UNSPECIFIED.,.F.,.F.,.F.)
B_SPLINE_SURFACE_WITH_KNOTS((4,1,1,4),(3,3),(0.0287774144614381,0.0316388747183725,
0.0345003349753069,0.0402232554891758),(0.,1.),.UNSPECIFIED.)
GEOMETRIC_REPRESENTATION_ITEM()
RATIONAL_B_SPLINE_SURFACE(((1.,0.707163462158511,1.),(1.,0.711496443263496,
1.),(1.,0.719378459673901,1.),(1.,0.731390632146351,1.),(1.,0.734468902170574,
1.),(1.,0.734894148567328,1.)))
REPRESENTATION_ITEM('')
SURFACE()
);
#23=(
BOUNDED_SURFACE()
B_SPLINE_SURFACE(3,2,((#2825,#2826,#2827),(#2828,#2829,#2830),(#2831,#2832,
#2833),(#2834,#2835,#2836),(#2837,#2838,#2839),(#2840,#2841,#2842)),
 .UNSPECIFIED.,.F.,.F.,.F.)
B_SPLINE_SURFACE_WITH_KNOTS((4,1,1,4),(3,3),(0.0287774144614382,0.0316388747183726,
0.034500334975307,0.0402232554891758),(0.,1.),.UNSPECIFIED.)
GEOMETRIC_REPRESENTATION_ITEM()
RATIONAL_B_SPLINE_SURFACE(((1.,0.707163462158512,1.),(1.,0.71149644326312,
1.),(1.,0.719378459673936,1.),(1.,0.731390632146927,1.),(1.,0.73446890216759,
1.),(1.,0.734894148567328,1.)))
REPRESENTATION_ITEM('')
SURFACE()
);
#24=(
BOUNDED_SURFACE()
B_SPLINE_SURFACE(3,2,((#2848,#2849,#2850),(#2851,#2852,#2853),(#2854,#2855,
#2856),(#2857,#2858,#2859),(#2860,#2861,#2862),(#2863,#2864,#2865),(#2866,
#2867,#2868),(#2869,#2870,#2871),(#2872,#2873,#2874),(#2875,#2876,#2877),
(#2878,#2879,#2880),(#2881,#2882,#2883),(#2884,#2885,#2886),(#2887,#2888,
#2889),(#2890,#2891,#2892),(#2893,#2894,#2895),(#2896,#2897,#2898),(#2899,
#2900,#2901),(#2902,#2903,#2904),(#2905,#2906,#2907),(#2908,#2909,#2910),
(#2911,#2912,#2913),(#2914,#2915,#2916),(#2917,#2918,#2919),(#2920,#2921,
#2922),(#2923,#2924,#2925),(#2926,#2927,#2928),(#2929,#2930,#2931)),
 .UNSPECIFIED.,.F.,.F.,.F.)
B_SPLINE_SURFACE_WITH_KNOTS((4,1,1,1,1,1,1,1,1,1,1,1,1,1,1,1,1,1,1,1,1,
1,1,1,1,4),(3,3),(0.0398484665974047,0.0517309533170289,0.0547015749969349,
0.057672196676841,0.060642818356747,0.0636134400366531,0.0695546833964652,
0.0725253050763713,0.0754959267562773,0.0784665484361833,0.0799518592761364,
0.0814371701160894,0.0829224809560424,0.0844077917959954,0.085150447215972,
0.0855217749259602,0.0858931026359485,0.0862644303459367,0.0864500942009309,
0.086635758055925,0.0867285899834221,0.0867750059471706,0.0868214219109191,
0.0869142538384162,0.0870070857659132,0.0873784134759015),(0.,1.),
 .UNSPECIFIED.)
GEOMETRIC_REPRESENTATION_ITEM()
RATIONAL_B_SPLINE_SURFACE(((1.,0.685583647259777,1.),(1.,0.685932675886045,
1.),(1.,0.686387420718151,1.),(1.,0.687305199878494,1.),(1.,0.687567613120994,
1.),(1.,0.688869368136596,1.),(1.,0.690526907490137,1.),(1.,0.692344251820379,
1.),(1.,0.694380406269707,1.),(1.,0.696089773023225,1.),(1.,0.697752240079326,
1.),(1.,0.699357705078216,1.),(1.,0.700768522774608,1.),(1.,0.702512354786655,
1.),(1.,0.704442908979733,1.),(1.,0.70637393652931,1.),(1.,0.707784798912855,
1.),(1.,0.709062076654971,1.),(1.,0.710427389233197,1.),(1.,0.711804976783665,
1.),(1.,0.712948829574385,1.),(1.,0.713772801320331,1.),(1.,0.714572464328833,
1.),(1.,0.714492181068041,1.),(1.,0.714515712790044,1.),(1.,0.714469881050009,
1.),(1.,0.71445832657699,1.),(1.,0.714440555263217,1.)))
REPRESENTATION_ITEM('')
SURFACE()
);
#25=(
BOUNDED_SURFACE()
B_SPLINE_SURFACE(3,2,((#2943,#2944,#2945),(#2946,#2947,#2948),(#2949,#2950,
#2951),(#2952,#2953,#2954),(#2955,#2956,#2957),(#2958,#2959,#2960),(#2961,
#2962,#2963),(#2964,#2965,#2966),(#2967,#2968,#2969),(#2970,#2971,#2972),
(#2973,#2974,#2975),(#2976,#2977,#2978),(#2979,#2980,#2981),(#2982,#2983,
#2984),(#2985,#2986,#2987),(#2988,#2989,#2990),(#2991,#2992,#2993),(#2994,
#2995,#2996),(#2997,#2998,#2999),(#3000,#3001,#3002),(#3003,#3004,#3005),
(#3006,#3007,#3008),(#3009,#3010,#3011),(#3012,#3013,#3014),(#3015,#3016,
#3017),(#3018,#3019,#3020),(#3021,#3022,#3023),(#3024,#3025,#3026)),
 .UNSPECIFIED.,.F.,.F.,.F.)
B_SPLINE_SURFACE_WITH_KNOTS((4,1,1,1,1,1,1,1,1,1,1,1,1,1,1,1,1,1,1,1,1,
1,1,1,1,4),(3,3),(0.0398484665974047,0.0517309533170289,0.0547015749969349,
0.057672196676841,0.060642818356747,0.063613440036653,0.0695546833964651,
0.0725253050763712,0.0754959267562772,0.0784665484361833,0.0799518592761363,
0.0814371701160893,0.0829224809560423,0.0844077917959954,0.0851504472159719,
0.0855217749259601,0.0858931026359484,0.0862644303459366,0.0864500942009307,
0.0866357580559249,0.0867285899834219,0.0867750059471705,0.086821421910919,
0.0869142538384161,0.0870070857659132,0.0873784134759014),(0.,1.),
 .UNSPECIFIED.)
GEOMETRIC_REPRESENTATION_ITEM()
RATIONAL_B_SPLINE_SURFACE(((1.,0.685583647259777,1.),(1.,0.685932675880329,
1.),(1.,0.68638742071878,1.),(1.,0.687305199878421,1.),(1.,0.687567613121013,
1.),(1.,0.688869368136592,1.),(1.,0.69052690749014,1.),(1.,0.692344251820379,
1.),(1.,0.694380406269707,1.),(1.,0.696089773023225,1.),(1.,0.697752240079327,
1.),(1.,0.699357705078216,1.),(1.,0.700768522774608,1.),(1.,0.702512354786654,
1.),(1.,0.704442908979732,1.),(1.,0.706373936529311,1.),(1.,0.707784798912855,
1.),(1.,0.709062076654968,1.),(1.,0.710427389233199,1.),(1.,0.711804976783663,
1.),(1.,0.712948829574383,1.),(1.,0.713772801320333,1.),(1.,0.714572464328829,
1.),(1.,0.714492181068043,1.),(1.,0.714515712790043,1.),(1.,0.714469881050017,
1.),(1.,0.714458326576915,1.),(1.,0.714440555263217,1.)))
REPRESENTATION_ITEM('')
SURFACE()
);
#26=(
BOUNDED_SURFACE()
B_SPLINE_SURFACE(3,2,((#3034,#3035,#3036),(#3037,#3038,#3039),(#3040,#3041,
#3042),(#3043,#3044,#3045),(#3046,#3047,#3048)),.UNSPECIFIED.,.F.,.F.,.F.)
B_SPLINE_SURFACE_WITH_KNOTS((4,1,4),(3,3),(0.0583714010757913,0.0932805850858329,
0.128189769095874),(0.,1.),.UNSPECIFIED.)
GEOMETRIC_REPRESENTATION_ITEM()
RATIONAL_B_SPLINE_SURFACE(((1.,0.707106781186547,1.),(1.,0.707106781186547,
1.),(1.,0.707106781186547,1.),(1.,0.707106781186547,1.),(1.,0.707106781186547,
1.)))
REPRESENTATION_ITEM('')
SURFACE()
);
#27=(
BOUNDED_SURFACE()
B_SPLINE_SURFACE(3,2,((#3056,#3057,#3058),(#3059,#3060,#3061),(#3062,#3063,
#3064),(#3065,#3066,#3067),(#3068,#3069,#3070),(#3071,#3072,#3073),(#3074,
#3075,#3076)),.UNSPECIFIED.,.F.,.F.,.F.)
B_SPLINE_SURFACE_WITH_KNOTS((4,1,1,1,4),(3,3),(0.14684635259194,0.164305969380021,
0.181765586168101,0.199225202956181,0.216684819744262),(0.,1.),
 .UNSPECIFIED.)
GEOMETRIC_REPRESENTATION_ITEM()
RATIONAL_B_SPLINE_SURFACE(((1.,0.707106781186547,1.),(1.,0.707106781186547,
1.),(1.,0.707106781186547,1.),(1.,0.707106781186548,1.),(1.,0.707106781186547,
1.),(1.,0.707106781186547,1.),(1.,0.707106781186547,1.)))
REPRESENTATION_ITEM('')
SURFACE()
);
#28=(
BOUNDED_SURFACE()
B_SPLINE_SURFACE(3,2,((#3084,#3085,#3086),(#3087,#3088,#3089),(#3090,#3091,
#3092),(#3093,#3094,#3095),(#3096,#3097,#3098),(#3099,#3100,#3101),(#3102,
#3103,#3104),(#3105,#3106,#3107)),.UNSPECIFIED.,.F.,.F.,.F.)
B_SPLINE_SURFACE_WITH_KNOTS((4,1,1,1,1,4),(3,3),(0.0992526769516634,0.100446783352058,
0.101640889752453,0.104029102553243,0.108805528154822,0.118358379357981),
(0.,1.),.UNSPECIFIED.)
GEOMETRIC_REPRESENTATION_ITEM()
RATIONAL_B_SPLINE_SURFACE(((1.,0.716967000381497,1.),(1.,0.717168581429433,
1.),(1.,0.71759894840903,1.),(1.,0.718230560228247,1.),(1.,0.719190357938714,
1.),(1.,0.720764794883853,1.),(1.,0.721256243340212,1.),(1.,0.720832181071049,
1.)))
REPRESENTATION_ITEM('')
SURFACE()
);
#29=(
BOUNDED_SURFACE()
B_SPLINE_SURFACE(3,2,((#3109,#3110,#3111),(#3112,#3113,#3114),(#3115,#3116,
#3117),(#3118,#3119,#3120),(#3121,#3122,#3123),(#3124,#3125,#3126),(#3127,
#3128,#3129),(#3130,#3131,#3132)),.UNSPECIFIED.,.F.,.F.,.F.)
B_SPLINE_SURFACE_WITH_KNOTS((4,1,1,1,1,4),(3,3),(0.105364857293163,0.11466744604062,
0.119318740414348,0.121644387601213,0.122807211194645,0.123970034788077),
(0.,1.),.UNSPECIFIED.)
GEOMETRIC_REPRESENTATION_ITEM()
RATIONAL_B_SPLINE_SURFACE(((1.,0.720832181071049,1.),(1.,0.721258086782097,
1.),(1.,0.720762265604023,1.),(1.,0.71919012684818,1.),(1.,0.718230567923662,
1.),(1.,0.717599031885509,1.),(1.,0.717168610721365,1.),(1.,0.716966989268781,
1.)))
REPRESENTATION_ITEM('')
SURFACE()
);
#30=(
BOUNDED_SURFACE()
B_SPLINE_SURFACE(3,2,((#3134,#3135,#3136),(#3137,#3138,#3139),(#3140,#3141,
#3142),(#3143,#3144,#3145)),.UNSPECIFIED.,.F.,.F.,.F.)
B_SPLINE_SURFACE_WITH_KNOTS((4,4),(3,3),(0.0410522870225811,0.0419258206524203),
(0.,1.),.PIECEWISE_BEZIER_KNOTS.)
GEOMETRIC_REPRESENTATION_ITEM()
RATIONAL_B_SPLINE_SURFACE(((1.,0.727051233455557,1.),(1.,0.725076511183324,
1.),(1.,0.723003323327202,1.),(1.,0.720832181071049,1.)))
REPRESENTATION_ITEM('')
SURFACE()
);
#31=(
BOUNDED_SURFACE()
B_SPLINE_SURFACE(3,2,((#3151,#3152,#3153),(#3154,#3155,#3156),(#3157,#3158,
#3159),(#3160,#3161,#3162)),.UNSPECIFIED.,.F.,.F.,.F.)
B_SPLINE_SURFACE_WITH_KNOTS((4,4),(3,3),(0.0410522870225881,0.0419258206524203),
(0.,1.),.PIECEWISE_BEZIER_KNOTS.)
GEOMETRIC_REPRESENTATION_ITEM()
RATIONAL_B_SPLINE_SURFACE(((1.,0.72705123345551,1.),(1.,0.725076511182934,
1.),(1.,0.723003323327267,1.),(1.,0.720832181071049,1.)))
REPRESENTATION_ITEM('')
SURFACE()
);
#32=(
BOUNDED_SURFACE()
B_SPLINE_SURFACE(3,2,((#3169,#3170,#3171),(#3172,#3173,#3174),(#3175,#3176,
#3177),(#3178,#3179,#3180),(#3181,#3182,#3183),(#3184,#3185,#3186),(#3187,
#3188,#3189),(#3190,#3191,#3192),(#3193,#3194,#3195),(#3196,#3197,#3198),
(#3199,#3200,#3201),(#3202,#3203,#3204),(#3205,#3206,#3207),(#3208,#3209,
#3210)),.UNSPECIFIED.,.F.,.F.,.F.)
B_SPLINE_SURFACE_WITH_KNOTS((4,1,1,1,1,1,1,1,1,1,1,4),(3,3),(-4.19738688250959E-11,
0.00430576490705595,0.00645864738157085,0.00861152985608576,0.0107644123306007,
0.0129172948051156,0.013993736042373,0.0150701772796305,0.0161466185168879,
0.0166848391355167,0.016953949444831,0.0172230597541454),(0.,1.),
 .UNSPECIFIED.)
GEOMETRIC_REPRESENTATION_ITEM()
RATIONAL_B_SPLINE_SURFACE(((1.,0.727051233477799,1.),(1.,0.72781340150239,
1.),(1.,0.728467049457082,1.),(1.,0.727577891604697,1.),(1.,0.725708683174475,
1.),(1.,0.722261546821038,1.),(1.,0.717661155222937,1.),(1.,0.712565539685565,
1.),(1.,0.707940400520172,1.),(1.,0.703200131049044,1.),(1.,0.699525579017014,
1.),(1.,0.697036323067118,1.),(1.,0.697362424417113,1.),(1.,0.697329077492407,
1.)))
REPRESENTATION_ITEM('')
SURFACE()
);
#33=(
BOUNDED_SURFACE()
B_SPLINE_SURFACE(3,2,((#3218,#3219,#3220),(#3221,#3222,#3223),(#3224,#3225,
#3226),(#3227,#3228,#3229),(#3230,#3231,#3232),(#3233,#3234,#3235),(#3236,
#3237,#3238),(#3239,#3240,#3241),(#3242,#3243,#3244)),.UNSPECIFIED.,.F.,
 .F.,.F.)
B_SPLINE_SURFACE_WITH_KNOTS((4,1,1,1,1,1,4),(3,3),(0.0356362737815105,0.0363983515870947,
0.0371604293926789,0.0386845850038474,0.0417328962261844,0.0447812074485213,
0.0478295186708582),(0.,1.),.UNSPECIFIED.)
GEOMETRIC_REPRESENTATION_ITEM()
RATIONAL_B_SPLINE_SURFACE(((1.,0.707106781186548,1.),(1.,0.707106781186548,
1.),(1.,0.707106781186548,1.),(1.,0.707106781186548,1.),(1.,0.707106781186548,
1.),(1.,0.707106781186547,1.),(1.,0.707106781186547,1.),(1.,0.707106781186547,
1.),(1.,0.707106781186547,1.)))
REPRESENTATION_ITEM('')
SURFACE()
);
#34=(
BOUNDED_SURFACE()
B_SPLINE_SURFACE(3,2,((#3258,#3259,#3260),(#3261,#3262,#3263),(#3264,#3265,
#3266),(#3267,#3268,#3269),(#3270,#3271,#3272)),.UNSPECIFIED.,.F.,.F.,.F.)
B_SPLINE_SURFACE_WITH_KNOTS((4,1,4),(3,3),(-5.41016884070267E-17,0.00126788052192002,
0.00253576104384008),(0.,1.),.UNSPECIFIED.)
GEOMETRIC_REPRESENTATION_ITEM()
RATIONAL_B_SPLINE_SURFACE(((1.,0.707106781186546,1.),(1.,0.74679952529154,
1.),(1.,0.819365687222868,1.),(1.,0.881212753039175,1.),(1.,0.90655930582008,
1.)))
REPRESENTATION_ITEM('')
SURFACE()
);
#35=(
BOUNDED_SURFACE()
B_SPLINE_SURFACE(3,2,((#3274,#3275,#3276),(#3277,#3278,#3279),(#3280,#3281,
#3282),(#3283,#3284,#3285),(#3286,#3287,#3288)),.UNSPECIFIED.,.F.,.F.,.F.)
B_SPLINE_SURFACE_WITH_KNOTS((4,1,4),(3,3),(-8.72926662504069E-6,0.000802872927703503,
0.00161447512203205),(0.,1.),.UNSPECIFIED.)
GEOMETRIC_REPRESENTATION_ITEM()
RATIONAL_B_SPLINE_SURFACE(((1.,1.,1.),(1.,0.999999999997552,1.),(1.,0.984135760826441,
1.),(1.,0.936804139285774,1.),(1.,0.906559305820079,1.)))
REPRESENTATION_ITEM('')
SURFACE()
);
#36=(
BOUNDED_SURFACE()
B_SPLINE_SURFACE(3,2,((#3298,#3299,#3300),(#3301,#3302,#3303),(#3304,#3305,
#3306),(#3307,#3308,#3309),(#3310,#3311,#3312)),.UNSPECIFIED.,.F.,.F.,.F.)
B_SPLINE_SURFACE_WITH_KNOTS((4,1,4),(3,3),(-8.7292666250641E-6,0.000802872927703476,
0.00161447512203202),(0.,1.),.UNSPECIFIED.)
GEOMETRIC_REPRESENTATION_ITEM()
RATIONAL_B_SPLINE_SURFACE(((1.,1.,1.),(1.,0.999999999997552,1.),(1.,0.984135760697271,
1.),(1.,0.936804139544109,1.),(1.,0.906559305819447,1.)))
REPRESENTATION_ITEM('')
SURFACE()
);
#37=(
BOUNDED_SURFACE()
B_SPLINE_SURFACE(3,2,((#3319,#3320,#3321),(#3322,#3323,#3324),(#3325,#3326,
#3327),(#3328,#3329,#3330),(#3331,#3332,#3333)),.UNSPECIFIED.,.F.,.F.,.F.)
B_SPLINE_SURFACE_WITH_KNOTS((4,1,4),(3,3),(-5.51316804708879E-17,0.00126788052191991,
0.00253576104383988),(0.,1.),.UNSPECIFIED.)
GEOMETRIC_REPRESENTATION_ITEM()
RATIONAL_B_SPLINE_SURFACE(((1.,0.707106781186643,1.),(1.,0.746799525268595,
1.),(1.,0.819365687237624,1.),(1.,0.881212753032786,1.),(1.,0.906559305820088,
1.)))
REPRESENTATION_ITEM('')
SURFACE()
);
#38=(
BOUNDED_SURFACE()
B_SPLINE_SURFACE(3,2,((#3342,#3343,#3344),(#3345,#3346,#3347),(#3348,#3349,
#3350),(#3351,#3352,#3353),(#3354,#3355,#3356),(#3357,#3358,#3359),(#3360,
#3361,#3362),(#3363,#3364,#3365),(#3366,#3367,#3368)),.UNSPECIFIED.,.F.,
 .F.,.F.)
B_SPLINE_SURFACE_WITH_KNOTS((4,1,1,1,1,1,4),(3,3),(0.0632025995049191,0.0639631074613881,
0.0647236154178571,0.0662446313307951,0.0692866631566711,0.0723286949825471,
0.0753707268084231),(0.,1.),.UNSPECIFIED.)
GEOMETRIC_REPRESENTATION_ITEM()
RATIONAL_B_SPLINE_SURFACE(((1.,0.707106781186548,1.),(1.,0.707106781186548,
1.),(1.,0.707106781186548,1.),(1.,0.707106781186547,1.),(1.,0.707106781186548,
1.),(1.,0.707106781186548,1.),(1.,0.707106781186548,1.),(1.,0.707106781186548,
1.),(1.,0.707106781186548,1.)))
REPRESENTATION_ITEM('')
SURFACE()
);
#39=(
BOUNDED_SURFACE()
B_SPLINE_SURFACE(3,2,((#3376,#3377,#3378),(#3379,#3380,#3381),(#3382,#3383,
#3384),(#3385,#3386,#3387),(#3388,#3389,#3390),(#3391,#3392,#3393),(#3394,
#3395,#3396),(#3397,#3398,#3399),(#3400,#3401,#3402),(#3403,#3404,#3405),
(#3406,#3407,#3408),(#3409,#3410,#3411),(#3412,#3413,#3414),(#3415,#3416,
#3417)),.UNSPECIFIED.,.F.,.F.,.F.)
B_SPLINE_SURFACE_WITH_KNOTS((4,1,1,1,1,1,1,1,1,1,1,4),(3,3),(-1.38777878078145E-17,
0.00430576494919972,0.00645864742379959,0.00861152989839945,0.0107644123729993,
0.0129172948475992,0.0139937360848991,0.0150701773221991,0.016146618559499,
0.016684839178149,0.0169539494874739,0.0172230597967989),(0.,1.),
 .UNSPECIFIED.)
GEOMETRIC_REPRESENTATION_ITEM()
RATIONAL_B_SPLINE_SURFACE(((1.,0.727051233455513,1.),(1.,0.727813449602128,
1.),(1.,0.728467038611383,1.),(1.,0.727577893647609,1.),(1.,0.725708682625794,
1.),(1.,0.72226154697122,1.),(1.,0.717661155204648,1.),(1.,0.712565539689634,
1.),(1.,0.707940400519846,1.),(1.,0.703200131049597,1.),(1.,0.699525579017376,
1.),(1.,0.697036323067047,1.),(1.,0.697362424417132,1.),(1.,0.697329077492403,
1.)))
REPRESENTATION_ITEM('')
SURFACE()
);
#40=CYLINDRICAL_SURFACE('',#1235,0.00836143482289828);
#41=CYLINDRICAL_SURFACE('',#1242,0.0434114051478595);
#42=CYLINDRICAL_SURFACE('',#1243,0.001651);
#43=CYLINDRICAL_SURFACE('',#1244,0.001651);
#44=CYLINDRICAL_SURFACE('',#1245,0.001651);
#45=CYLINDRICAL_SURFACE('',#1246,0.001651);
#46=CYLINDRICAL_SURFACE('',#1247,0.001651);
#47=CYLINDRICAL_SURFACE('',#1248,0.001651);
#48=CYLINDRICAL_SURFACE('',#1249,0.001651);
#49=CYLINDRICAL_SURFACE('',#1250,0.004445);
#50=CYLINDRICAL_SURFACE('',#1251,0.004445);
#51=CYLINDRICAL_SURFACE('',#1256,0.00735852293811319);
#52=CYLINDRICAL_SURFACE('',#1260,0.00735852293811319);
#53=CYLINDRICAL_SURFACE('',#1264,0.00735852293811319);
#54=CYLINDRICAL_SURFACE('',#1267,0.0053355493743567);
#55=CYLINDRICAL_SURFACE('',#1272,0.00635);
#56=CYLINDRICAL_SURFACE('',#1274,0.00635);
#57=CYLINDRICAL_SURFACE('',#1276,0.0260325074284622);
#58=ELLIPSE('',#1229,0.0235361362309285,0.00581964190913341);
#59=ELLIPSE('',#1231,0.0235361362309286,0.00581964190913346);
#60=ELLIPSE('',#1257,0.00791432092738535,0.00735852293811319);
#61=ELLIPSE('',#1259,0.00791432092738535,0.00735852293811319);
#62=ELLIPSE('',#1261,0.00791432092738535,0.00735852293811319);
#63=ELLIPSE('',#1263,0.00791432092738535,0.00735852293811319);
#64=CIRCLE('',#1223,0.00836143482289828);
#65=CIRCLE('',#1226,0.001651);
#66=CIRCLE('',#1227,0.001651);
#67=CIRCLE('',#1233,0.001651);
#68=CIRCLE('',#1234,0.001651);
#69=CIRCLE('',#1236,0.00836143482289828);
#70=CIRCLE('',#1239,0.00735852293811319);
#71=CIRCLE('',#1240,0.00735852293811319);
#72=CIRCLE('',#1252,0.004445);
#73=CIRCLE('',#1253,0.004445);
#74=CIRCLE('',#1254,0.004445);
#75=CIRCLE('',#1255,0.004445);
#76=CIRCLE('',#1258,0.004445);
#77=CIRCLE('',#1262,0.004445);
#78=CIRCLE('',#1265,0.0053355493743567);
#79=CIRCLE('',#1266,0.0053355493743567);
#80=CIRCLE('',#1268,0.00635);
#81=CIRCLE('',#1269,0.00635);
#82=CIRCLE('',#1270,0.00635);
#83=CIRCLE('',#1271,0.00635);
#84=CIRCLE('',#1273,0.004445);
#85=CIRCLE('',#1275,0.004445);
#86=PLANE('',#1222);
#87=PLANE('',#1224);
#88=PLANE('',#1225);
#89=PLANE('',#1228);
#90=PLANE('',#1230);
#91=PLANE('',#1232);
#92=PLANE('',#1237);
#93=PLANE('',#1238);
#94=PLANE('',#1241);
#95=LINE('',#1476,#127);
#96=LINE('',#1500,#128);
#97=LINE('',#1529,#129);
#98=LINE('',#1538,#130);
#99=LINE('',#1541,#131);
#100=LINE('',#1543,#132);
#101=LINE('',#1547,#133);
#102=LINE('',#1549,#134);
#103=LINE('',#1621,#135);
#104=LINE('',#1623,#136);
#105=LINE('',#1650,#137);
#106=LINE('',#1652,#138);
#107=LINE('',#1810,#139);
#108=LINE('',#1852,#140);
#109=LINE('',#1856,#141);
#110=LINE('',#1903,#142);
#111=LINE('',#1927,#143);
#112=LINE('',#2011,#144);
#113=LINE('',#2013,#145);
#114=LINE('',#2041,#146);
#115=LINE('',#2042,#147);
#116=LINE('',#2044,#148);
#117=LINE('',#2050,#149);
#118=LINE('',#2052,#150);
#119=LINE('',#2095,#151);
#120=LINE('',#2117,#152);
#121=LINE('',#2131,#153);
#122=LINE('',#2149,#154);
#123=LINE('',#2185,#155);
#124=LINE('',#2199,#156);
#125=LINE('',#2224,#157);
#126=LINE('',#2271,#158);
#127=VECTOR('',#1279,1.);
#128=VECTOR('',#1280,1.);
#129=VECTOR('',#1281,1.);
#130=VECTOR('',#1284,1.);
#131=VECTOR('',#1285,1.);
#132=VECTOR('',#1286,1.);
#133=VECTOR('',#1289,1.);
#134=VECTOR('',#1290,1.);
#135=VECTOR('',#1297,1.);
#136=VECTOR('',#1298,1.);
#137=VECTOR('',#1303,1.);
#138=VECTOR('',#1304,1.);
#139=VECTOR('',#1307,1.);
#140=VECTOR('',#1310,1.);
#141=VECTOR('',#1313,1.);
#142=VECTOR('',#1314,1.);
#143=VECTOR('',#1315,1.);
#144=VECTOR('',#1322,1.);
#145=VECTOR('',#1323,1.);
#146=VECTOR('',#1330,1.);
#147=VECTOR('',#1331,1.);
#148=VECTOR('',#1334,1.);
#149=VECTOR('',#1339,1.);
#150=VECTOR('',#1340,1.);
#151=VECTOR('',#1343,1.);
#152=VECTOR('',#1346,1.);
#153=VECTOR('',#1347,1.);
#154=VECTOR('',#1348,1.);
#155=VECTOR('',#1349,1.);
#156=VECTOR('',#1350,1.);
#157=VECTOR('',#1351,1.);
#158=VECTOR('',#1352,1.);
#159=ORIENTED_EDGE('',*,*,#535,.F.);
#160=ORIENTED_EDGE('',*,*,#536,.T.);
#161=ORIENTED_EDGE('',*,*,#537,.T.);
#162=ORIENTED_EDGE('',*,*,#538,.T.);
#163=ORIENTED_EDGE('',*,*,#539,.T.);
#164=ORIENTED_EDGE('',*,*,#540,.F.);
#165=ORIENTED_EDGE('',*,*,#541,.T.);
#166=ORIENTED_EDGE('',*,*,#542,.T.);
#167=ORIENTED_EDGE('',*,*,#543,.T.);
#168=ORIENTED_EDGE('',*,*,#544,.T.);
#169=ORIENTED_EDGE('',*,*,#545,.T.);
#170=ORIENTED_EDGE('',*,*,#546,.T.);
#171=ORIENTED_EDGE('',*,*,#547,.F.);
#172=ORIENTED_EDGE('',*,*,#548,.F.);
#173=ORIENTED_EDGE('',*,*,#549,.T.);
#174=ORIENTED_EDGE('',*,*,#550,.T.);
#175=ORIENTED_EDGE('',*,*,#551,.F.);
#176=ORIENTED_EDGE('',*,*,#552,.T.);
#177=ORIENTED_EDGE('',*,*,#553,.T.);
#178=ORIENTED_EDGE('',*,*,#554,.F.);
#179=ORIENTED_EDGE('',*,*,#555,.T.);
#180=ORIENTED_EDGE('',*,*,#556,.T.);
#181=ORIENTED_EDGE('',*,*,#557,.T.);
#182=ORIENTED_EDGE('',*,*,#558,.T.);
#183=ORIENTED_EDGE('',*,*,#559,.T.);
#184=ORIENTED_EDGE('',*,*,#560,.F.);
#185=ORIENTED_EDGE('',*,*,#561,.T.);
#186=ORIENTED_EDGE('',*,*,#562,.T.);
#187=ORIENTED_EDGE('',*,*,#563,.T.);
#188=ORIENTED_EDGE('',*,*,#564,.T.);
#189=ORIENTED_EDGE('',*,*,#540,.T.);
#190=ORIENTED_EDGE('',*,*,#565,.T.);
#191=ORIENTED_EDGE('',*,*,#566,.T.);
#192=ORIENTED_EDGE('',*,*,#567,.T.);
#193=ORIENTED_EDGE('',*,*,#568,.T.);
#194=ORIENTED_EDGE('',*,*,#569,.F.);
#195=ORIENTED_EDGE('',*,*,#546,.F.);
#196=ORIENTED_EDGE('',*,*,#570,.T.);
#197=ORIENTED_EDGE('',*,*,#571,.T.);
#198=ORIENTED_EDGE('',*,*,#572,.F.);
#199=ORIENTED_EDGE('',*,*,#573,.F.);
#200=ORIENTED_EDGE('',*,*,#571,.F.);
#201=ORIENTED_EDGE('',*,*,#574,.T.);
#202=ORIENTED_EDGE('',*,*,#575,.T.);
#203=ORIENTED_EDGE('',*,*,#576,.T.);
#204=ORIENTED_EDGE('',*,*,#577,.F.);
#205=ORIENTED_EDGE('',*,*,#578,.T.);
#206=ORIENTED_EDGE('',*,*,#579,.F.);
#207=ORIENTED_EDGE('',*,*,#580,.T.);
#208=ORIENTED_EDGE('',*,*,#554,.T.);
#209=ORIENTED_EDGE('',*,*,#581,.T.);
#210=ORIENTED_EDGE('',*,*,#582,.T.);
#211=ORIENTED_EDGE('',*,*,#583,.F.);
#212=ORIENTED_EDGE('',*,*,#584,.F.);
#213=ORIENTED_EDGE('',*,*,#557,.F.);
#214=ORIENTED_EDGE('',*,*,#585,.T.);
#215=ORIENTED_EDGE('',*,*,#586,.T.);
#216=ORIENTED_EDGE('',*,*,#587,.T.);
#217=ORIENTED_EDGE('',*,*,#588,.T.);
#218=ORIENTED_EDGE('',*,*,#589,.T.);
#219=ORIENTED_EDGE('',*,*,#590,.T.);
#220=ORIENTED_EDGE('',*,*,#591,.T.);
#221=ORIENTED_EDGE('',*,*,#592,.T.);
#222=ORIENTED_EDGE('',*,*,#593,.T.);
#223=ORIENTED_EDGE('',*,*,#594,.T.);
#224=ORIENTED_EDGE('',*,*,#595,.T.);
#225=ORIENTED_EDGE('',*,*,#596,.T.);
#226=ORIENTED_EDGE('',*,*,#592,.F.);
#227=ORIENTED_EDGE('',*,*,#597,.T.);
#228=ORIENTED_EDGE('',*,*,#598,.T.);
#229=ORIENTED_EDGE('',*,*,#599,.T.);
#230=ORIENTED_EDGE('',*,*,#600,.T.);
#231=ORIENTED_EDGE('',*,*,#601,.T.);
#232=ORIENTED_EDGE('',*,*,#602,.T.);
#233=ORIENTED_EDGE('',*,*,#603,.T.);
#234=ORIENTED_EDGE('',*,*,#604,.T.);
#235=ORIENTED_EDGE('',*,*,#605,.T.);
#236=ORIENTED_EDGE('',*,*,#606,.T.);
#237=ORIENTED_EDGE('',*,*,#607,.T.);
#238=ORIENTED_EDGE('',*,*,#598,.F.);
#239=ORIENTED_EDGE('',*,*,#608,.T.);
#240=ORIENTED_EDGE('',*,*,#609,.T.);
#241=ORIENTED_EDGE('',*,*,#610,.T.);
#242=ORIENTED_EDGE('',*,*,#611,.T.);
#243=ORIENTED_EDGE('',*,*,#612,.T.);
#244=ORIENTED_EDGE('',*,*,#613,.T.);
#245=ORIENTED_EDGE('',*,*,#614,.T.);
#246=ORIENTED_EDGE('',*,*,#615,.T.);
#247=ORIENTED_EDGE('',*,*,#616,.T.);
#248=ORIENTED_EDGE('',*,*,#617,.T.);
#249=ORIENTED_EDGE('',*,*,#618,.T.);
#250=ORIENTED_EDGE('',*,*,#619,.T.);
#251=ORIENTED_EDGE('',*,*,#620,.T.);
#252=ORIENTED_EDGE('',*,*,#603,.F.);
#253=ORIENTED_EDGE('',*,*,#621,.F.);
#254=ORIENTED_EDGE('',*,*,#551,.T.);
#255=ORIENTED_EDGE('',*,*,#622,.T.);
#256=ORIENTED_EDGE('',*,*,#621,.T.);
#257=ORIENTED_EDGE('',*,*,#547,.T.);
#258=ORIENTED_EDGE('',*,*,#573,.T.);
#259=ORIENTED_EDGE('',*,*,#623,.F.);
#260=ORIENTED_EDGE('',*,*,#599,.F.);
#261=ORIENTED_EDGE('',*,*,#607,.F.);
#262=ORIENTED_EDGE('',*,*,#624,.T.);
#263=ORIENTED_EDGE('',*,*,#625,.T.);
#264=ORIENTED_EDGE('',*,*,#626,.T.);
#265=ORIENTED_EDGE('',*,*,#548,.T.);
#266=ORIENTED_EDGE('',*,*,#627,.T.);
#267=ORIENTED_EDGE('',*,*,#628,.T.);
#268=ORIENTED_EDGE('',*,*,#629,.F.);
#269=ORIENTED_EDGE('',*,*,#606,.F.);
#270=ORIENTED_EDGE('',*,*,#630,.T.);
#271=ORIENTED_EDGE('',*,*,#625,.F.);
#272=ORIENTED_EDGE('',*,*,#629,.T.);
#273=ORIENTED_EDGE('',*,*,#628,.F.);
#274=ORIENTED_EDGE('',*,*,#631,.T.);
#275=ORIENTED_EDGE('',*,*,#537,.F.);
#276=ORIENTED_EDGE('',*,*,#632,.T.);
#277=ORIENTED_EDGE('',*,*,#535,.T.);
#278=ORIENTED_EDGE('',*,*,#624,.F.);
#279=ORIENTED_EDGE('',*,*,#633,.T.);
#280=ORIENTED_EDGE('',*,*,#634,.T.);
#281=ORIENTED_EDGE('',*,*,#593,.F.);
#282=ORIENTED_EDGE('',*,*,#600,.F.);
#283=ORIENTED_EDGE('',*,*,#623,.T.);
#284=ORIENTED_EDGE('',*,*,#572,.T.);
#285=ORIENTED_EDGE('',*,*,#583,.T.);
#286=ORIENTED_EDGE('',*,*,#635,.T.);
#287=ORIENTED_EDGE('',*,*,#636,.T.);
#288=ORIENTED_EDGE('',*,*,#637,.T.);
#289=ORIENTED_EDGE('',*,*,#638,.T.);
#290=ORIENTED_EDGE('',*,*,#639,.T.);
#291=ORIENTED_EDGE('',*,*,#640,.T.);
#292=ORIENTED_EDGE('',*,*,#641,.T.);
#293=ORIENTED_EDGE('',*,*,#642,.T.);
#294=ORIENTED_EDGE('',*,*,#643,.T.);
#295=ORIENTED_EDGE('',*,*,#644,.T.);
#296=ORIENTED_EDGE('',*,*,#645,.T.);
#297=ORIENTED_EDGE('',*,*,#646,.T.);
#298=ORIENTED_EDGE('',*,*,#647,.T.);
#299=ORIENTED_EDGE('',*,*,#648,.T.);
#300=ORIENTED_EDGE('',*,*,#649,.T.);
#301=ORIENTED_EDGE('',*,*,#650,.T.);
#302=ORIENTED_EDGE('',*,*,#651,.T.);
#303=ORIENTED_EDGE('',*,*,#652,.T.);
#304=ORIENTED_EDGE('',*,*,#653,.T.);
#305=ORIENTED_EDGE('',*,*,#654,.T.);
#306=ORIENTED_EDGE('',*,*,#655,.T.);
#307=ORIENTED_EDGE('',*,*,#642,.F.);
#308=ORIENTED_EDGE('',*,*,#656,.T.);
#309=ORIENTED_EDGE('',*,*,#657,.T.);
#310=ORIENTED_EDGE('',*,*,#658,.T.);
#311=ORIENTED_EDGE('',*,*,#659,.T.);
#312=ORIENTED_EDGE('',*,*,#660,.T.);
#313=ORIENTED_EDGE('',*,*,#661,.T.);
#314=ORIENTED_EDGE('',*,*,#662,.T.);
#315=ORIENTED_EDGE('',*,*,#569,.T.);
#316=ORIENTED_EDGE('',*,*,#663,.T.);
#317=ORIENTED_EDGE('',*,*,#616,.F.);
#318=ORIENTED_EDGE('',*,*,#664,.T.);
#319=ORIENTED_EDGE('',*,*,#665,.F.);
#320=ORIENTED_EDGE('',*,*,#666,.T.);
#321=ORIENTED_EDGE('',*,*,#667,.T.);
#322=ORIENTED_EDGE('',*,*,#668,.T.);
#323=ORIENTED_EDGE('',*,*,#669,.F.);
#324=ORIENTED_EDGE('',*,*,#670,.T.);
#325=ORIENTED_EDGE('',*,*,#671,.F.);
#326=ORIENTED_EDGE('',*,*,#672,.T.);
#327=ORIENTED_EDGE('',*,*,#560,.T.);
#328=ORIENTED_EDGE('',*,*,#611,.F.);
#329=ORIENTED_EDGE('',*,*,#673,.T.);
#330=ORIENTED_EDGE('',*,*,#674,.F.);
#331=ORIENTED_EDGE('',*,*,#584,.T.);
#332=ORIENTED_EDGE('',*,*,#596,.F.);
#333=ORIENTED_EDGE('',*,*,#577,.T.);
#334=ORIENTED_EDGE('',*,*,#675,.T.);
#335=ORIENTED_EDGE('',*,*,#588,.F.);
#336=ORIENTED_EDGE('',*,*,#676,.T.);
#337=ORIENTED_EDGE('',*,*,#579,.T.);
#338=ORIENTED_EDGE('',*,*,#677,.T.);
#339=ORIENTED_EDGE('',*,*,#586,.F.);
#340=ORIENTED_EDGE('',*,*,#678,.T.);
#341=ORIENTED_EDGE('',*,*,#620,.F.);
#342=ORIENTED_EDGE('',*,*,#679,.T.);
#343=ORIENTED_EDGE('',*,*,#604,.F.);
#344=ORIENTED_EDGE('',*,*,#539,.F.);
#345=ORIENTED_EDGE('',*,*,#680,.T.);
#346=ORIENTED_EDGE('',*,*,#565,.F.);
#347=ORIENTED_EDGE('',*,*,#567,.F.);
#348=ORIENTED_EDGE('',*,*,#681,.T.);
#349=ORIENTED_EDGE('',*,*,#643,.F.);
#350=ORIENTED_EDGE('',*,*,#682,.F.);
#351=ORIENTED_EDGE('',*,*,#655,.F.);
#352=ORIENTED_EDGE('',*,*,#683,.T.);
#353=ORIENTED_EDGE('',*,*,#561,.F.);
#354=ORIENTED_EDGE('',*,*,#663,.F.);
#355=ORIENTED_EDGE('',*,*,#568,.F.);
#356=ORIENTED_EDGE('',*,*,#682,.T.);
#357=ORIENTED_EDGE('',*,*,#673,.F.);
#358=ORIENTED_EDGE('',*,*,#641,.F.);
#359=ORIENTED_EDGE('',*,*,#684,.T.);
#360=ORIENTED_EDGE('',*,*,#618,.F.);
#361=ORIENTED_EDGE('',*,*,#685,.F.);
#362=ORIENTED_EDGE('',*,*,#615,.F.);
#363=ORIENTED_EDGE('',*,*,#686,.T.);
#364=ORIENTED_EDGE('',*,*,#651,.F.);
#365=ORIENTED_EDGE('',*,*,#685,.T.);
#366=ORIENTED_EDGE('',*,*,#617,.F.);
#367=ORIENTED_EDGE('',*,*,#664,.F.);
#368=ORIENTED_EDGE('',*,*,#674,.T.);
#369=ORIENTED_EDGE('',*,*,#687,.F.);
#370=ORIENTED_EDGE('',*,*,#566,.F.);
#371=ORIENTED_EDGE('',*,*,#680,.F.);
#372=ORIENTED_EDGE('',*,*,#538,.F.);
#373=ORIENTED_EDGE('',*,*,#631,.F.);
#374=ORIENTED_EDGE('',*,*,#627,.F.);
#375=ORIENTED_EDGE('',*,*,#553,.F.);
#376=ORIENTED_EDGE('',*,*,#688,.F.);
#377=ORIENTED_EDGE('',*,*,#681,.F.);
#378=ORIENTED_EDGE('',*,*,#687,.T.);
#379=ORIENTED_EDGE('',*,*,#689,.F.);
#380=ORIENTED_EDGE('',*,*,#644,.F.);
#381=ORIENTED_EDGE('',*,*,#689,.T.);
#382=ORIENTED_EDGE('',*,*,#688,.T.);
#383=ORIENTED_EDGE('',*,*,#690,.F.);
#384=ORIENTED_EDGE('',*,*,#622,.F.);
#385=ORIENTED_EDGE('',*,*,#550,.F.);
#386=ORIENTED_EDGE('',*,*,#691,.F.);
#387=ORIENTED_EDGE('',*,*,#639,.F.);
#388=ORIENTED_EDGE('',*,*,#690,.T.);
#389=ORIENTED_EDGE('',*,*,#552,.F.);
#390=ORIENTED_EDGE('',*,*,#692,.F.);
#391=ORIENTED_EDGE('',*,*,#691,.T.);
#392=ORIENTED_EDGE('',*,*,#693,.F.);
#393=ORIENTED_EDGE('',*,*,#640,.F.);
#394=ORIENTED_EDGE('',*,*,#692,.T.);
#395=ORIENTED_EDGE('',*,*,#694,.F.);
#396=ORIENTED_EDGE('',*,*,#684,.F.);
#397=ORIENTED_EDGE('',*,*,#693,.T.);
#398=ORIENTED_EDGE('',*,*,#549,.F.);
#399=ORIENTED_EDGE('',*,*,#626,.F.);
#400=ORIENTED_EDGE('',*,*,#630,.F.);
#401=ORIENTED_EDGE('',*,*,#605,.F.);
#402=ORIENTED_EDGE('',*,*,#679,.F.);
#403=ORIENTED_EDGE('',*,*,#619,.F.);
#404=ORIENTED_EDGE('',*,*,#694,.T.);
#405=ORIENTED_EDGE('',*,*,#695,.F.);
#406=ORIENTED_EDGE('',*,*,#636,.F.);
#407=ORIENTED_EDGE('',*,*,#696,.F.);
#408=ORIENTED_EDGE('',*,*,#558,.F.);
#409=ORIENTED_EDGE('',*,*,#595,.F.);
#410=ORIENTED_EDGE('',*,*,#696,.T.);
#411=ORIENTED_EDGE('',*,*,#638,.F.);
#412=ORIENTED_EDGE('',*,*,#697,.F.);
#413=ORIENTED_EDGE('',*,*,#581,.F.);
#414=ORIENTED_EDGE('',*,*,#559,.F.);
#415=ORIENTED_EDGE('',*,*,#594,.F.);
#416=ORIENTED_EDGE('',*,*,#634,.F.);
#417=ORIENTED_EDGE('',*,*,#698,.F.);
#418=ORIENTED_EDGE('',*,*,#695,.T.);
#419=ORIENTED_EDGE('',*,*,#582,.F.);
#420=ORIENTED_EDGE('',*,*,#697,.T.);
#421=ORIENTED_EDGE('',*,*,#699,.F.);
#422=ORIENTED_EDGE('',*,*,#635,.F.);
#423=ORIENTED_EDGE('',*,*,#698,.T.);
#424=ORIENTED_EDGE('',*,*,#633,.F.);
#425=ORIENTED_EDGE('',*,*,#699,.T.);
#426=ORIENTED_EDGE('',*,*,#637,.F.);
#427=ORIENTED_EDGE('',*,*,#585,.F.);
#428=ORIENTED_EDGE('',*,*,#556,.F.);
#429=ORIENTED_EDGE('',*,*,#700,.F.);
#430=ORIENTED_EDGE('',*,*,#662,.F.);
#431=ORIENTED_EDGE('',*,*,#701,.F.);
#432=ORIENTED_EDGE('',*,*,#590,.F.);
#433=ORIENTED_EDGE('',*,*,#589,.F.);
#434=ORIENTED_EDGE('',*,*,#676,.F.);
#435=ORIENTED_EDGE('',*,*,#587,.F.);
#436=ORIENTED_EDGE('',*,*,#678,.F.);
#437=ORIENTED_EDGE('',*,*,#576,.F.);
#438=ORIENTED_EDGE('',*,*,#575,.F.);
#439=ORIENTED_EDGE('',*,*,#702,.F.);
#440=ORIENTED_EDGE('',*,*,#656,.F.);
#441=ORIENTED_EDGE('',*,*,#700,.T.);
#442=ORIENTED_EDGE('',*,*,#555,.F.);
#443=ORIENTED_EDGE('',*,*,#580,.F.);
#444=ORIENTED_EDGE('',*,*,#677,.F.);
#445=ORIENTED_EDGE('',*,*,#578,.F.);
#446=ORIENTED_EDGE('',*,*,#675,.F.);
#447=ORIENTED_EDGE('',*,*,#701,.T.);
#448=ORIENTED_EDGE('',*,*,#661,.F.);
#449=ORIENTED_EDGE('',*,*,#703,.F.);
#450=ORIENTED_EDGE('',*,*,#608,.F.);
#451=ORIENTED_EDGE('',*,*,#597,.F.);
#452=ORIENTED_EDGE('',*,*,#591,.F.);
#453=ORIENTED_EDGE('',*,*,#570,.F.);
#454=ORIENTED_EDGE('',*,*,#545,.F.);
#455=ORIENTED_EDGE('',*,*,#704,.F.);
#456=ORIENTED_EDGE('',*,*,#657,.F.);
#457=ORIENTED_EDGE('',*,*,#702,.T.);
#458=ORIENTED_EDGE('',*,*,#574,.F.);
#459=ORIENTED_EDGE('',*,*,#703,.T.);
#460=ORIENTED_EDGE('',*,*,#660,.F.);
#461=ORIENTED_EDGE('',*,*,#705,.F.);
#462=ORIENTED_EDGE('',*,*,#610,.F.);
#463=ORIENTED_EDGE('',*,*,#609,.F.);
#464=ORIENTED_EDGE('',*,*,#544,.F.);
#465=ORIENTED_EDGE('',*,*,#543,.F.);
#466=ORIENTED_EDGE('',*,*,#706,.F.);
#467=ORIENTED_EDGE('',*,*,#658,.F.);
#468=ORIENTED_EDGE('',*,*,#704,.T.);
#469=ORIENTED_EDGE('',*,*,#707,.F.);
#470=ORIENTED_EDGE('',*,*,#708,.T.);
#471=ORIENTED_EDGE('',*,*,#601,.F.);
#472=ORIENTED_EDGE('',*,*,#705,.T.);
#473=ORIENTED_EDGE('',*,*,#542,.F.);
#474=ORIENTED_EDGE('',*,*,#709,.T.);
#475=ORIENTED_EDGE('',*,*,#710,.F.);
#476=ORIENTED_EDGE('',*,*,#706,.T.);
#477=ORIENTED_EDGE('',*,*,#707,.T.);
#478=ORIENTED_EDGE('',*,*,#659,.F.);
#479=ORIENTED_EDGE('',*,*,#710,.T.);
#480=ORIENTED_EDGE('',*,*,#647,.F.);
#481=ORIENTED_EDGE('',*,*,#708,.F.);
#482=ORIENTED_EDGE('',*,*,#646,.F.);
#483=ORIENTED_EDGE('',*,*,#711,.F.);
#484=ORIENTED_EDGE('',*,*,#612,.F.);
#485=ORIENTED_EDGE('',*,*,#602,.F.);
#486=ORIENTED_EDGE('',*,*,#670,.F.);
#487=ORIENTED_EDGE('',*,*,#712,.F.);
#488=ORIENTED_EDGE('',*,*,#614,.F.);
#489=ORIENTED_EDGE('',*,*,#613,.F.);
#490=ORIENTED_EDGE('',*,*,#711,.T.);
#491=ORIENTED_EDGE('',*,*,#645,.F.);
#492=ORIENTED_EDGE('',*,*,#713,.F.);
#493=ORIENTED_EDGE('',*,*,#714,.F.);
#494=ORIENTED_EDGE('',*,*,#672,.F.);
#495=ORIENTED_EDGE('',*,*,#671,.T.);
#496=ORIENTED_EDGE('',*,*,#712,.T.);
#497=ORIENTED_EDGE('',*,*,#669,.T.);
#498=ORIENTED_EDGE('',*,*,#714,.T.);
#499=ORIENTED_EDGE('',*,*,#715,.F.);
#500=ORIENTED_EDGE('',*,*,#652,.F.);
#501=ORIENTED_EDGE('',*,*,#686,.F.);
#502=ORIENTED_EDGE('',*,*,#715,.T.);
#503=ORIENTED_EDGE('',*,*,#713,.T.);
#504=ORIENTED_EDGE('',*,*,#716,.F.);
#505=ORIENTED_EDGE('',*,*,#717,.F.);
#506=ORIENTED_EDGE('',*,*,#653,.F.);
#507=ORIENTED_EDGE('',*,*,#716,.T.);
#508=ORIENTED_EDGE('',*,*,#650,.F.);
#509=ORIENTED_EDGE('',*,*,#718,.F.);
#510=ORIENTED_EDGE('',*,*,#717,.T.);
#511=ORIENTED_EDGE('',*,*,#719,.F.);
#512=ORIENTED_EDGE('',*,*,#720,.F.);
#513=ORIENTED_EDGE('',*,*,#665,.T.);
#514=ORIENTED_EDGE('',*,*,#721,.F.);
#515=ORIENTED_EDGE('',*,*,#683,.F.);
#516=ORIENTED_EDGE('',*,*,#654,.F.);
#517=ORIENTED_EDGE('',*,*,#718,.T.);
#518=ORIENTED_EDGE('',*,*,#667,.F.);
#519=ORIENTED_EDGE('',*,*,#666,.F.);
#520=ORIENTED_EDGE('',*,*,#720,.T.);
#521=ORIENTED_EDGE('',*,*,#719,.T.);
#522=ORIENTED_EDGE('',*,*,#649,.F.);
#523=ORIENTED_EDGE('',*,*,#722,.F.);
#524=ORIENTED_EDGE('',*,*,#563,.F.);
#525=ORIENTED_EDGE('',*,*,#562,.F.);
#526=ORIENTED_EDGE('',*,*,#721,.T.);
#527=ORIENTED_EDGE('',*,*,#668,.F.);
#528=ORIENTED_EDGE('',*,*,#541,.F.);
#529=ORIENTED_EDGE('',*,*,#564,.F.);
#530=ORIENTED_EDGE('',*,*,#722,.T.);
#531=ORIENTED_EDGE('',*,*,#648,.F.);
#532=ORIENTED_EDGE('',*,*,#709,.F.);
#533=ORIENTED_EDGE('',*,*,#632,.F.);
#534=ORIENTED_EDGE('',*,*,#536,.F.);
#535=EDGE_CURVE('',#723,#724,#848,.T.);
#536=EDGE_CURVE('',#723,#725,#849,.T.);
#537=EDGE_CURVE('',#725,#726,#850,.T.);
#538=EDGE_CURVE('',#726,#727,#95,.F.);
#539=EDGE_CURVE('',#727,#728,#851,.T.);
#540=EDGE_CURVE('',#729,#728,#96,.T.);
#541=EDGE_CURVE('',#729,#730,#852,.T.);
#542=EDGE_CURVE('',#730,#731,#853,.T.);
#543=EDGE_CURVE('',#731,#732,#854,.T.);
#544=EDGE_CURVE('',#732,#733,#855,.T.);
#545=EDGE_CURVE('',#733,#734,#856,.T.);
#546=EDGE_CURVE('',#734,#735,#97,.T.);
#547=EDGE_CURVE('',#724,#735,#857,.T.);
#548=EDGE_CURVE('',#736,#737,#98,.T.);
#549=EDGE_CURVE('',#736,#738,#99,.F.);
#550=EDGE_CURVE('',#738,#739,#100,.F.);
#551=EDGE_CURVE('',#740,#739,#64,.T.);
#552=EDGE_CURVE('',#740,#741,#101,.F.);
#553=EDGE_CURVE('',#741,#737,#102,.T.);
#554=EDGE_CURVE('',#742,#743,#858,.T.);
#555=EDGE_CURVE('',#742,#744,#859,.T.);
#556=EDGE_CURVE('',#744,#745,#860,.T.);
#557=EDGE_CURVE('',#745,#746,#861,.T.);
#558=EDGE_CURVE('',#746,#747,#862,.T.);
#559=EDGE_CURVE('',#747,#743,#863,.T.);
#560=EDGE_CURVE('',#748,#748,#65,.T.);
#561=EDGE_CURVE('',#749,#750,#864,.T.);
#562=EDGE_CURVE('',#750,#751,#865,.T.);
#563=EDGE_CURVE('',#751,#752,#866,.T.);
#564=EDGE_CURVE('',#752,#729,#867,.T.);
#565=EDGE_CURVE('',#728,#753,#103,.F.);
#566=EDGE_CURVE('',#753,#754,#104,.F.);
#567=EDGE_CURVE('',#754,#755,#868,.T.);
#568=EDGE_CURVE('',#755,#756,#869,.T.);
#569=EDGE_CURVE('',#749,#756,#66,.T.);
#570=EDGE_CURVE('',#734,#757,#870,.T.);
#571=EDGE_CURVE('',#757,#758,#105,.T.);
#572=EDGE_CURVE('',#759,#758,#106,.T.);
#573=EDGE_CURVE('',#735,#759,#58,.T.);
#574=EDGE_CURVE('',#757,#760,#871,.T.);
#575=EDGE_CURVE('',#760,#761,#872,.T.);
#576=EDGE_CURVE('',#761,#762,#873,.T.);
#577=EDGE_CURVE('',#763,#762,#874,.T.);
#578=EDGE_CURVE('',#763,#764,#875,.T.);
#579=EDGE_CURVE('',#765,#764,#876,.T.);
#580=EDGE_CURVE('',#765,#742,#877,.T.);
#581=EDGE_CURVE('',#743,#766,#878,.T.);
#582=EDGE_CURVE('',#766,#767,#879,.T.);
#583=EDGE_CURVE('',#758,#767,#880,.T.);
#584=EDGE_CURVE('',#768,#768,#881,.T.);
#585=EDGE_CURVE('',#745,#769,#882,.T.);
#586=EDGE_CURVE('',#769,#770,#883,.T.);
#587=EDGE_CURVE('',#770,#771,#884,.T.);
#588=EDGE_CURVE('',#771,#772,#885,.T.);
#589=EDGE_CURVE('',#772,#773,#886,.T.);
#590=EDGE_CURVE('',#773,#774,#887,.T.);
#591=EDGE_CURVE('',#774,#775,#888,.T.);
#592=EDGE_CURVE('',#775,#776,#107,.T.);
#593=EDGE_CURVE('',#776,#777,#889,.T.);
#594=EDGE_CURVE('',#777,#778,#890,.T.);
#595=EDGE_CURVE('',#778,#746,#891,.T.);
#596=EDGE_CURVE('',#779,#779,#892,.T.);
#597=EDGE_CURVE('',#775,#780,#893,.T.);
#598=EDGE_CURVE('',#780,#781,#108,.T.);
#599=EDGE_CURVE('',#781,#782,#59,.T.);
#600=EDGE_CURVE('',#782,#776,#109,.T.);
#601=EDGE_CURVE('',#783,#784,#894,.T.);
#602=EDGE_CURVE('',#784,#785,#895,.T.);
#603=EDGE_CURVE('',#785,#786,#110,.T.);
#604=EDGE_CURVE('',#786,#787,#896,.T.);
#605=EDGE_CURVE('',#787,#788,#111,.T.);
#606=EDGE_CURVE('',#788,#789,#897,.T.);
#607=EDGE_CURVE('',#789,#781,#898,.T.);
#608=EDGE_CURVE('',#780,#790,#899,.T.);
#609=EDGE_CURVE('',#790,#791,#900,.T.);
#610=EDGE_CURVE('',#791,#783,#901,.T.);
#611=EDGE_CURVE('',#792,#792,#67,.T.);
#612=EDGE_CURVE('',#785,#793,#902,.F.);
#613=EDGE_CURVE('',#793,#794,#903,.T.);
#614=EDGE_CURVE('',#794,#795,#904,.T.);
#615=EDGE_CURVE('',#795,#796,#905,.T.);
#616=EDGE_CURVE('',#796,#797,#68,.T.);
#617=EDGE_CURVE('',#797,#798,#906,.T.);
#618=EDGE_CURVE('',#798,#799,#907,.T.);
#619=EDGE_CURVE('',#799,#800,#112,.T.);
#620=EDGE_CURVE('',#800,#786,#113,.T.);
#621=EDGE_CURVE('',#801,#801,#69,.T.);
#622=EDGE_CURVE('',#739,#740,#908,.T.);
#623=EDGE_CURVE('',#782,#759,#114,.T.);
#624=EDGE_CURVE('',#789,#724,#115,.T.);
#625=EDGE_CURVE('',#802,#803,#116,.F.);
#626=EDGE_CURVE('',#803,#736,#70,.F.);
#627=EDGE_CURVE('',#737,#804,#71,.F.);
#628=EDGE_CURVE('',#804,#805,#117,.T.);
#629=EDGE_CURVE('',#802,#805,#118,.T.);
#630=EDGE_CURVE('',#788,#803,#909,.T.);
#631=EDGE_CURVE('',#804,#726,#910,.T.);
#632=EDGE_CURVE('',#725,#723,#911,.T.);
#633=EDGE_CURVE('',#806,#807,#119,.T.);
#634=EDGE_CURVE('',#807,#777,#912,.F.);
#635=EDGE_CURVE('',#767,#806,#913,.T.);
#636=EDGE_CURVE('',#808,#809,#914,.T.);
#637=EDGE_CURVE('',#809,#810,#120,.T.);
#638=EDGE_CURVE('',#810,#808,#915,.T.);
#639=EDGE_CURVE('',#811,#812,#121,.F.);
#640=EDGE_CURVE('',#812,#813,#916,.T.);
#641=EDGE_CURVE('',#813,#814,#917,.T.);
#642=EDGE_CURVE('',#814,#815,#122,.T.);
#643=EDGE_CURVE('',#815,#816,#918,.T.);
#644=EDGE_CURVE('',#816,#811,#919,.T.);
#645=EDGE_CURVE('',#817,#818,#920,.T.);
#646=EDGE_CURVE('',#818,#819,#921,.T.);
#647=EDGE_CURVE('',#819,#820,#123,.T.);
#648=EDGE_CURVE('',#820,#821,#922,.T.);
#649=EDGE_CURVE('',#821,#822,#923,.T.);
#650=EDGE_CURVE('',#822,#817,#124,.F.);
#651=EDGE_CURVE('',#814,#823,#924,.T.);
#652=EDGE_CURVE('',#823,#824,#925,.T.);
#653=EDGE_CURVE('',#824,#825,#125,.T.);
#654=EDGE_CURVE('',#825,#826,#926,.T.);
#655=EDGE_CURVE('',#826,#815,#927,.T.);
#656=EDGE_CURVE('',#827,#828,#928,.T.);
#657=EDGE_CURVE('',#828,#829,#929,.T.);
#658=EDGE_CURVE('',#829,#830,#930,.T.);
#659=EDGE_CURVE('',#830,#831,#126,.F.);
#660=EDGE_CURVE('',#831,#832,#931,.T.);
#661=EDGE_CURVE('',#832,#833,#932,.T.);
#662=EDGE_CURVE('',#833,#827,#933,.T.);
#663=EDGE_CURVE('',#756,#749,#934,.T.);
#664=EDGE_CURVE('',#796,#797,#935,.T.);
#665=EDGE_CURVE('',#834,#835,#936,.F.);
#666=EDGE_CURVE('',#834,#836,#937,.T.);
#667=EDGE_CURVE('',#836,#837,#938,.T.);
#668=EDGE_CURVE('',#837,#835,#939,.T.);
#669=EDGE_CURVE('',#838,#839,#940,.F.);
#670=EDGE_CURVE('',#838,#840,#941,.T.);
#671=EDGE_CURVE('',#841,#840,#942,.T.);
#672=EDGE_CURVE('',#841,#839,#943,.T.);
#673=EDGE_CURVE('',#842,#842,#944,.T.);
#674=EDGE_CURVE('',#843,#843,#945,.T.);
#675=EDGE_CURVE('',#762,#763,#946,.T.);
#676=EDGE_CURVE('',#771,#772,#947,.T.);
#677=EDGE_CURVE('',#764,#765,#948,.T.);
#678=EDGE_CURVE('',#769,#770,#949,.T.);
#679=EDGE_CURVE('',#800,#787,#950,.F.);
#680=EDGE_CURVE('',#727,#753,#951,.T.);
#681=EDGE_CURVE('',#754,#816,#72,.T.);
#682=EDGE_CURVE('',#755,#815,#952,.F.);
#683=EDGE_CURVE('',#826,#750,#73,.T.);
#684=EDGE_CURVE('',#813,#799,#74,.T.);
#685=EDGE_CURVE('',#814,#798,#953,.T.);
#686=EDGE_CURVE('',#795,#823,#75,.T.);
#687=EDGE_CURVE('',#754,#844,#954,.T.);
#688=EDGE_CURVE('',#844,#741,#60,.T.);
#689=EDGE_CURVE('',#811,#844,#76,.T.);
#690=EDGE_CURVE('',#811,#741,#61,.T.);
#691=EDGE_CURVE('',#812,#738,#62,.T.);
#692=EDGE_CURVE('',#812,#845,#77,.F.);
#693=EDGE_CURVE('',#845,#738,#63,.T.);
#694=EDGE_CURVE('',#799,#845,#955,.T.);
#695=EDGE_CURVE('',#809,#778,#78,.T.);
#696=EDGE_CURVE('',#747,#808,#956,.F.);
#697=EDGE_CURVE('',#766,#810,#79,.T.);
#698=EDGE_CURVE('',#809,#807,#957,.T.);
#699=EDGE_CURVE('',#806,#810,#958,.T.);
#700=EDGE_CURVE('',#827,#744,#959,.T.);
#701=EDGE_CURVE('',#774,#833,#960,.T.);
#702=EDGE_CURVE('',#828,#760,#961,.F.);
#703=EDGE_CURVE('',#790,#832,#962,.T.);
#704=EDGE_CURVE('',#829,#733,#963,.F.);
#705=EDGE_CURVE('',#783,#831,#80,.T.);
#706=EDGE_CURVE('',#830,#731,#81,.T.);
#707=EDGE_CURVE('',#819,#831,#964,.T.);
#708=EDGE_CURVE('',#819,#784,#82,.T.);
#709=EDGE_CURVE('',#730,#820,#83,.F.);
#710=EDGE_CURVE('',#830,#820,#965,.T.);
#711=EDGE_CURVE('',#793,#818,#966,.T.);
#712=EDGE_CURVE('',#795,#838,#967,.F.);
#713=EDGE_CURVE('',#846,#817,#968,.T.);
#714=EDGE_CURVE('',#839,#846,#969,.F.);
#715=EDGE_CURVE('',#824,#846,#84,.F.);
#716=EDGE_CURVE('',#824,#817,#970,.T.);
#717=EDGE_CURVE('',#825,#822,#971,.T.);
#718=EDGE_CURVE('',#825,#847,#85,.T.);
#719=EDGE_CURVE('',#847,#822,#972,.T.);
#720=EDGE_CURVE('',#834,#847,#973,.T.);
#721=EDGE_CURVE('',#750,#835,#974,.T.);
#722=EDGE_CURVE('',#752,#821,#975,.T.);
#723=VERTEX_POINT('',#1464);
#724=VERTEX_POINT('',#1465);
#725=VERTEX_POINT('',#1470);
#726=VERTEX_POINT('',#1475);
#727=VERTEX_POINT('',#1477);
#728=VERTEX_POINT('',#1499);
#729=VERTEX_POINT('',#1501);
#730=VERTEX_POINT('',#1508);
#731=VERTEX_POINT('',#1513);
#732=VERTEX_POINT('',#1518);
#733=VERTEX_POINT('',#1523);
#734=VERTEX_POINT('',#1528);
#735=VERTEX_POINT('',#1530);
#736=VERTEX_POINT('',#1539);
#737=VERTEX_POINT('',#1540);
#738=VERTEX_POINT('',#1542);
#739=VERTEX_POINT('',#1544);
#740=VERTEX_POINT('',#1546);
#741=VERTEX_POINT('',#1548);
#742=VERTEX_POINT('',#1556);
#743=VERTEX_POINT('',#1557);
#744=VERTEX_POINT('',#1567);
#745=VERTEX_POINT('',#1578);
#746=VERTEX_POINT('',#1584);
#747=VERTEX_POINT('',#1589);
#748=VERTEX_POINT('',#1596);
#749=VERTEX_POINT('',#1603);
#750=VERTEX_POINT('',#1604);
#751=VERTEX_POINT('',#1611);
#752=VERTEX_POINT('',#1616);
#753=VERTEX_POINT('',#1622);
#754=VERTEX_POINT('',#1624);
#755=VERTEX_POINT('',#1634);
#756=VERTEX_POINT('',#1639);
#757=VERTEX_POINT('',#1649);
#758=VERTEX_POINT('',#1651);
#759=VERTEX_POINT('',#1653);
#760=VERTEX_POINT('',#1673);
#761=VERTEX_POINT('',#1678);
#762=VERTEX_POINT('',#1688);
#763=VERTEX_POINT('',#1693);
#764=VERTEX_POINT('',#1698);
#765=VERTEX_POINT('',#1710);
#766=VERTEX_POINT('',#1723);
#767=VERTEX_POINT('',#1730);
#768=VERTEX_POINT('',#1747);
#769=VERTEX_POINT('',#1766);
#770=VERTEX_POINT('',#1778);
#771=VERTEX_POINT('',#1783);
#772=VERTEX_POINT('',#1788);
#773=VERTEX_POINT('',#1799);
#774=VERTEX_POINT('',#1804);
#775=VERTEX_POINT('',#1809);
#776=VERTEX_POINT('',#1811);
#777=VERTEX_POINT('',#1817);
#778=VERTEX_POINT('',#1824);
#779=VERTEX_POINT('',#1844);
#780=VERTEX_POINT('',#1851);
#781=VERTEX_POINT('',#1853);
#782=VERTEX_POINT('',#1855);
#783=VERTEX_POINT('',#1895);
#784=VERTEX_POINT('',#1896);
#785=VERTEX_POINT('',#1902);
#786=VERTEX_POINT('',#1904);
#787=VERTEX_POINT('',#1926);
#788=VERTEX_POINT('',#1928);
#789=VERTEX_POINT('',#1946);
#790=VERTEX_POINT('',#1957);
#791=VERTEX_POINT('',#1962);
#792=VERTEX_POINT('',#1969);
#793=VERTEX_POINT('',#1974);
#794=VERTEX_POINT('',#1979);
#795=VERTEX_POINT('',#1986);
#796=VERTEX_POINT('',#1993);
#797=VERTEX_POINT('',#1995);
#798=VERTEX_POINT('',#2000);
#799=VERTEX_POINT('',#2010);
#800=VERTEX_POINT('',#2012);
#801=VERTEX_POINT('',#2016);
#802=VERTEX_POINT('',#2045);
#803=VERTEX_POINT('',#2046);
#804=VERTEX_POINT('',#2049);
#805=VERTEX_POINT('',#2051);
#806=VERTEX_POINT('',#2096);
#807=VERTEX_POINT('',#2097);
#808=VERTEX_POINT('',#2115);
#809=VERTEX_POINT('',#2116);
#810=VERTEX_POINT('',#2118);
#811=VERTEX_POINT('',#2132);
#812=VERTEX_POINT('',#2133);
#813=VERTEX_POINT('',#2138);
#814=VERTEX_POINT('',#2148);
#815=VERTEX_POINT('',#2150);
#816=VERTEX_POINT('',#2160);
#817=VERTEX_POINT('',#2177);
#818=VERTEX_POINT('',#2178);
#819=VERTEX_POINT('',#2184);
#820=VERTEX_POINT('',#2186);
#821=VERTEX_POINT('',#2193);
#822=VERTEX_POINT('',#2198);
#823=VERTEX_POINT('',#2217);
#824=VERTEX_POINT('',#2223);
#825=VERTEX_POINT('',#2225);
#826=VERTEX_POINT('',#2231);
#827=VERTEX_POINT('',#2256);
#828=VERTEX_POINT('',#2257);
#829=VERTEX_POINT('',#2264);
#830=VERTEX_POINT('',#2270);
#831=VERTEX_POINT('',#2272);
#832=VERTEX_POINT('',#2278);
#833=VERTEX_POINT('',#2285);
#834=VERTEX_POINT('',#2328);
#835=VERTEX_POINT('',#2329);
#836=VERTEX_POINT('',#2335);
#837=VERTEX_POINT('',#2343);
#838=VERTEX_POINT('',#2355);
#839=VERTEX_POINT('',#2356);
#840=VERTEX_POINT('',#2361);
#841=VERTEX_POINT('',#2369);
#842=VERTEX_POINT('',#2393);
#843=VERTEX_POINT('',#2411);
#844=VERTEX_POINT('',#2658);
#845=VERTEX_POINT('',#2719);
#846=VERTEX_POINT('',#3253);
#847=VERTEX_POINT('',#3314);
#848=B_SPLINE_CURVE_WITH_KNOTS('',3,(#1456,#1457,#1458,#1459,#1460,#1461,
#1462,#1463),.UNSPECIFIED.,.F.,.F.,(4,1,1,1,1,4),(1.50324374337569E-15,
0.00720411985592411,0.0108061797838854,0.0144082397118467,0.0216123595677693,
0.0288164794236919),.UNSPECIFIED.);
#849=B_SPLINE_CURVE_WITH_KNOTS('',3,(#1466,#1467,#1468,#1469),
 .UNSPECIFIED.,.F.,.F.,(4,4),(0.,0.00389877385580636),.UNSPECIFIED.);
#850=B_SPLINE_CURVE_WITH_KNOTS('',3,(#1471,#1472,#1473,#1474),
 .UNSPECIFIED.,.F.,.F.,(4,4),(0.,0.0427489057214257),.UNSPECIFIED.);
#851=B_SPLINE_CURVE_WITH_KNOTS('',3,(#1478,#1479,#1480,#1481,#1482,#1483,
#1484,#1485,#1486,#1487,#1488,#1489,#1490,#1491,#1492,#1493,#1494,#1495,
#1496,#1497,#1498),.UNSPECIFIED.,.F.,.F.,(4,1,1,1,1,1,1,1,1,1,1,1,1,1,1,
1,1,1,4),(0.0314202387688855,0.0368246973347478,0.0422291559006101,0.0476336144664724,
0.0530380730323346,0.0557403023152658,0.0584425315981969,0.061144760881128,
0.0638469901640592,0.0665492194469903,0.0679003340884559,0.0692514487299214,
0.070602563371387,0.0719536780128526,0.0726292353335854,0.0733047926543181,
0.0739803499750509,0.0743181286354173,0.0746559072957837),.UNSPECIFIED.);
#852=B_SPLINE_CURVE_WITH_KNOTS('',3,(#1502,#1503,#1504,#1505,#1506,#1507),
 .UNSPECIFIED.,.F.,.F.,(4,1,1,4),(-5.97565586857486E-8,0.0047367846621204,
0.00947362908079949,0.0189473179181577),.UNSPECIFIED.);
#853=B_SPLINE_CURVE_WITH_KNOTS('',3,(#1509,#1510,#1511,#1512),
 .UNSPECIFIED.,.F.,.F.,(4,4),(0.0150974306712067,0.0160352695732617),
 .UNSPECIFIED.);
#854=B_SPLINE_CURVE_WITH_KNOTS('',3,(#1514,#1515,#1516,#1517),
 .UNSPECIFIED.,.F.,.F.,(4,4),(0.,0.0184393214926207),.UNSPECIFIED.);
#855=B_SPLINE_CURVE_WITH_KNOTS('',3,(#1519,#1520,#1521,#1522),
 .UNSPECIFIED.,.F.,.F.,(4,4),(-5.99998679743236E-8,5.81011112991768E-6),
 .UNSPECIFIED.);
#856=B_SPLINE_CURVE_WITH_KNOTS('',3,(#1524,#1525,#1526,#1527),
 .UNSPECIFIED.,.F.,.F.,(4,4),(0.,0.000178768813731744),.UNSPECIFIED.);
#857=B_SPLINE_CURVE_WITH_KNOTS('',3,(#1531,#1532,#1533,#1534,#1535,#1536),
 .UNSPECIFIED.,.F.,.F.,(4,1,1,4),(1.57085891831385E-17,0.00247336237210361,
0.00494672474420719,0.00989344948841437),.UNSPECIFIED.);
#858=B_SPLINE_CURVE_WITH_KNOTS('',2,(#1551,#1552,#1553,#1554,#1555),
 .UNSPECIFIED.,.F.,.F.,(3,2,3),(-0.01,0.,1.),.PIECEWISE_BEZIER_KNOTS.);
#859=B_SPLINE_CURVE_WITH_KNOTS('',3,(#1558,#1559,#1560,#1561,#1562,#1563,
#1564,#1565,#1566),.UNSPECIFIED.,.F.,.F.,(4,1,1,1,1,1,4),(1.22264790126204E-15,
0.00498573510474904,0.00997147020949686,0.0124643377618708,0.0149572053142447,
0.0174500728666186,0.0199429404189925),.UNSPECIFIED.);
#860=B_SPLINE_CURVE_WITH_KNOTS('',3,(#1568,#1569,#1570,#1571,#1572,#1573,
#1574,#1575,#1576,#1577),.UNSPECIFIED.,.F.,.F.,(4,1,1,1,1,1,1,4),(0.00590265043339129,
0.00716888466797638,0.00843511890256147,0.0109675873717317,0.0135000558409018,
0.016032524310072,0.0210974612484124,0.0261623981867527),.UNSPECIFIED.);
#861=B_SPLINE_CURVE_WITH_KNOTS('',2,(#1579,#1580,#1581,#1582,#1583),
 .UNSPECIFIED.,.F.,.F.,(3,2,3),(-0.01,0.,1.),.PIECEWISE_BEZIER_KNOTS.);
#862=B_SPLINE_CURVE_WITH_KNOTS('',3,(#1585,#1586,#1587,#1588),
 .UNSPECIFIED.,.F.,.F.,(4,4),(4.33680868994202E-19,0.00366157204042516),
 .UNSPECIFIED.);
#863=B_SPLINE_CURVE_WITH_KNOTS('',3,(#1590,#1591,#1592,#1593),
 .UNSPECIFIED.,.F.,.F.,(4,4),(0.000855404428364122,0.00451783549904034),
 .UNSPECIFIED.);
#864=B_SPLINE_CURVE_WITH_KNOTS('',3,(#1597,#1598,#1599,#1600,#1601,#1602),
 .UNSPECIFIED.,.F.,.F.,(4,1,1,4),(0.00630926027603017,0.00861556253501907,
0.010921864794008,0.0155344693119858),.UNSPECIFIED.);
#865=B_SPLINE_CURVE_WITH_KNOTS('',3,(#1605,#1606,#1607,#1608,#1609,#1610),
 .UNSPECIFIED.,.F.,.F.,(4,1,1,4),(-3.46944695195361E-18,0.00294367370046614,
0.00588734740093227,0.0117746948018646),.UNSPECIFIED.);
#866=B_SPLINE_CURVE_WITH_KNOTS('',3,(#1612,#1613,#1614,#1615),
 .UNSPECIFIED.,.F.,.F.,(4,4),(0.0117746948018646,0.0118191966806616),
 .UNSPECIFIED.);
#867=B_SPLINE_CURVE_WITH_KNOTS('',3,(#1617,#1618,#1619,#1620),
 .UNSPECIFIED.,.F.,.F.,(4,4),(0.,0.000179491339558331),.UNSPECIFIED.);
#868=B_SPLINE_CURVE_WITH_KNOTS('',3,(#1625,#1626,#1627,#1628,#1629,#1630,
#1631,#1632,#1633),.UNSPECIFIED.,.F.,.F.,(4,1,1,1,1,1,4),(0.00748083024822273,
0.0129198791065355,0.0183589279648482,0.0210784523940045,0.0237979768231609,
0.0265175012523173,0.0292370256814736),.UNSPECIFIED.);
#869=B_SPLINE_CURVE_WITH_KNOTS('',3,(#1635,#1636,#1637,#1638),
 .UNSPECIFIED.,.F.,.F.,(4,4),(4.85384852733949E-17,0.00523620511055183),
 .UNSPECIFIED.);
#870=B_SPLINE_CURVE_WITH_KNOTS('',3,(#1642,#1643,#1644,#1645,#1646,#1647,
#1648),.UNSPECIFIED.,.F.,.F.,(4,1,1,1,4),(0.,0.0167736041634898,0.0335472083269796,
0.0503208124904693,0.0670944166539591),.UNSPECIFIED.);
#871=B_SPLINE_CURVE_WITH_KNOTS('',3,(#1669,#1670,#1671,#1672),
 .UNSPECIFIED.,.F.,.F.,(4,4),(1.95156391047391E-18,0.000133945150680589),
 .UNSPECIFIED.);
#872=B_SPLINE_CURVE_WITH_KNOTS('',3,(#1674,#1675,#1676,#1677),
 .UNSPECIFIED.,.F.,.F.,(4,4),(0.,1.47719850993935E-5),.UNSPECIFIED.);
#873=B_SPLINE_CURVE_WITH_KNOTS('',3,(#1679,#1680,#1681,#1682,#1683,#1684,
#1685,#1686,#1687),.UNSPECIFIED.,.F.,.F.,(4,1,1,1,1,1,4),(-6.0000000024408E-8,
0.00390173928196008,0.00780353856392019,0.0117053378458803,0.0156071371278404,
0.0234107356917606,0.0312143342556808),.UNSPECIFIED.);
#874=B_SPLINE_CURVE_WITH_KNOTS('',3,(#1689,#1690,#1691,#1692),
 .UNSPECIFIED.,.F.,.F.,(4,4),(0.00172951285129064,0.00233121624596154),
 .UNSPECIFIED.);
#875=B_SPLINE_CURVE_WITH_KNOTS('',3,(#1694,#1695,#1696,#1697),
 .UNSPECIFIED.,.F.,.F.,(4,4),(0.031817335419706,0.0387953352606592),
 .UNSPECIFIED.);
#876=B_SPLINE_CURVE_WITH_KNOTS('',3,(#1699,#1700,#1701,#1702,#1703,#1704,
#1705,#1706,#1707,#1708,#1709),.UNSPECIFIED.,.F.,.F.,(4,1,1,1,1,1,1,1,4),
(0.00835473378636047,0.00937493710065798,0.0103951404149555,0.011415343729253,
0.0124355470435505,0.013455750357848,0.0144759536721456,0.0154961569864431,
0.0165163603007406),.UNSPECIFIED.);
#877=B_SPLINE_CURVE_WITH_KNOTS('',3,(#1711,#1712,#1713,#1714),
 .UNSPECIFIED.,.F.,.F.,(4,4),(0.04088762350094,0.0484709042050415),
 .UNSPECIFIED.);
#878=B_SPLINE_CURVE_WITH_KNOTS('',3,(#1715,#1716,#1717,#1718,#1719,#1720,
#1721,#1722),.UNSPECIFIED.,.F.,.F.,(4,1,1,1,1,4),(0.,0.00896700692365434,
0.0179340138473087,0.0224175173091359,0.026901020770963,0.0358680276946174),
 .UNSPECIFIED.);
#879=B_SPLINE_CURVE_WITH_KNOTS('',3,(#1724,#1725,#1726,#1727,#1728,#1729),
 .UNSPECIFIED.,.F.,.F.,(4,1,1,4),(0.,0.00289334647060871,0.00578669294121742,
0.0115733858824348),.UNSPECIFIED.);
#880=B_SPLINE_CURVE_WITH_KNOTS('',3,(#1731,#1732,#1733,#1734,#1735),
 .UNSPECIFIED.,.F.,.F.,(4,1,4),(0.,0.00412698561222401,0.00825397122444802),
 .UNSPECIFIED.);
#881=B_SPLINE_CURVE_WITH_KNOTS('',3,(#1736,#1737,#1738,#1739,#1740,#1741,
#1742,#1743,#1744,#1745,#1746),.UNSPECIFIED.,.T.,.F.,(1,1,1,1,1,1,1,1,1,
1,1,1,1,1,1),(-0.00389867605558252,-0.00259911737038835,-0.00129955868519417,
0.,0.00129955868519418,0.00259911737038835,0.00389867605558253,0.0051982347407767,
0.00649779342597088,0.00779735211116505,0.00909691079635923,0.0103964694815534,
0.0116960281667476,0.0129955868519418,0.0142951455371359),.UNSPECIFIED.);
#882=B_SPLINE_CURVE_WITH_KNOTS('',3,(#1762,#1763,#1764,#1765),
 .UNSPECIFIED.,.F.,.F.,(4,4),(1.15654908643297E-15,0.00756193528034469),
 .UNSPECIFIED.);
#883=B_SPLINE_CURVE_WITH_KNOTS('',3,(#1767,#1768,#1769,#1770,#1771,#1772,
#1773,#1774,#1775,#1776,#1777),.UNSPECIFIED.,.F.,.F.,(4,1,1,1,1,1,1,1,4),
(0.00835473378636047,0.00937493710065796,0.0103951404149555,0.0114153437292529,
0.0124355470435504,0.0134557503578479,0.0144759536721454,0.0154961569864429,
0.0165163603007404),.UNSPECIFIED.);
#884=B_SPLINE_CURVE_WITH_KNOTS('',3,(#1779,#1780,#1781,#1782),
 .UNSPECIFIED.,.F.,.F.,(4,4),(0.00964833414624395,0.0166066923084048),
 .UNSPECIFIED.);
#885=B_SPLINE_CURVE_WITH_KNOTS('',3,(#1784,#1785,#1786,#1787),
 .UNSPECIFIED.,.F.,.F.,(4,4),(0.00172951285126275,0.00233121624595648),
 .UNSPECIFIED.);
#886=B_SPLINE_CURVE_WITH_KNOTS('',3,(#1789,#1790,#1791,#1792,#1793,#1794,
#1795,#1796,#1797,#1798),.UNSPECIFIED.,.F.,.F.,(4,1,1,1,1,1,1,4),(0.0172079961443603,
0.0249896291758844,0.0327712622074084,0.0366620787231704,0.0405528952389324,
0.0444437117546945,0.0463891200125755,0.0483345282704565),.UNSPECIFIED.);
#887=B_SPLINE_CURVE_WITH_KNOTS('',3,(#1800,#1801,#1802,#1803),
 .UNSPECIFIED.,.F.,.F.,(4,4),(-5.96792867357613E-8,1.47123058128696E-5),
 .UNSPECIFIED.);
#888=B_SPLINE_CURVE_WITH_KNOTS('',3,(#1805,#1806,#1807,#1808),
 .UNSPECIFIED.,.F.,.F.,(4,4),(1.95156391047391E-18,0.000133945150680554),
 .UNSPECIFIED.);
#889=B_SPLINE_CURVE_WITH_KNOTS('',3,(#1812,#1813,#1814,#1815,#1816),
 .UNSPECIFIED.,.F.,.F.,(4,1,4),(0.,0.00412698561222401,0.00825397122444802),
 .UNSPECIFIED.);
#890=B_SPLINE_CURVE_WITH_KNOTS('',3,(#1818,#1819,#1820,#1821,#1822,#1823),
 .UNSPECIFIED.,.F.,.F.,(4,1,1,4),(9.81307786677359E-18,0.00586709197574606,
0.00880063796361909,0.0117341839514921),.UNSPECIFIED.);
#891=B_SPLINE_CURVE_WITH_KNOTS('',3,(#1825,#1826,#1827,#1828,#1829,#1830,
#1831,#1832),.UNSPECIFIED.,.F.,.F.,(4,1,1,1,1,4),(0.,0.0089121083831376,
0.0133681625747064,0.0178242167662752,0.0267363251494128,0.0356484335325504),
 .UNSPECIFIED.);
#892=B_SPLINE_CURVE_WITH_KNOTS('',3,(#1833,#1834,#1835,#1836,#1837,#1838,
#1839,#1840,#1841,#1842,#1843),.UNSPECIFIED.,.T.,.F.,(1,1,1,1,1,1,1,1,1,
1,1,1,1,1,1),(-0.00389867605558251,-0.00259911737038833,-0.00129955868519416,
1.82197586337529E-17,0.00129955868519419,0.00259911737038837,0.00389867605558254,
0.00519823474077672,0.00649779342597089,0.00779735211116507,0.00909691079635924,
0.0103964694815534,0.0116960281667476,0.0129955868519418,0.0142951455371359),
 .UNSPECIFIED.);
#893=B_SPLINE_CURVE_WITH_KNOTS('',3,(#1846,#1847,#1848,#1849,#1850),
 .UNSPECIFIED.,.F.,.F.,(4,1,4),(0.,0.0336187773499433,0.0672375546998866),
 .UNSPECIFIED.);
#894=B_SPLINE_CURVE_WITH_KNOTS('',3,(#1891,#1892,#1893,#1894),
 .UNSPECIFIED.,.F.,.F.,(4,4),(0.,0.000946757000548771),.UNSPECIFIED.);
#895=B_SPLINE_CURVE_WITH_KNOTS('',3,(#1897,#1898,#1899,#1900,#1901),
 .UNSPECIFIED.,.F.,.F.,(4,1,4),(0.,0.00950893051998299,0.019017861039966),
 .UNSPECIFIED.);
#896=B_SPLINE_CURVE_WITH_KNOTS('',3,(#1905,#1906,#1907,#1908,#1909,#1910,
#1911,#1912,#1913,#1914,#1915,#1916,#1917,#1918,#1919,#1920,#1921,#1922,
#1923,#1924,#1925),.UNSPECIFIED.,.F.,.F.,(4,1,1,1,1,1,1,1,1,1,1,1,1,1,1,
1,1,1,4),(5.25022593123785E-17,0.000342532864072566,0.000685065728145079,
0.00137013145629011,0.00205519718443513,0.00274026291258016,0.00411039436887021,
0.00548052582516027,0.00685065728145032,0.00822078873774038,0.0109610516503205,
0.0137013145629006,0.0164415774754807,0.0191818403880608,0.0219221033006409,
0.0274026291258011,0.0328831549509613,0.0383636807761216,0.0438442066012818),
 .UNSPECIFIED.);
#897=B_SPLINE_CURVE_WITH_KNOTS('',3,(#1929,#1930,#1931,#1932,#1933,#1934,
#1935,#1936,#1937,#1938,#1939,#1940,#1941,#1942,#1943,#1944,#1945),
 .UNSPECIFIED.,.F.,.F.,(4,1,1,1,1,1,1,1,1,1,1,1,1,1,4),(-0.0420306520704253,
-0.0326876506396302,-0.0233446492088351,-0.01400164777804,-0.00933014706264243,
-0.00465864634724488,-0.00232289598954611,1.28543681526647E-5,0.00234860472585144,
0.00468435508355021,0.00935585579894776,0.0140273565143453,0.0186988572297429,
0.0233703579451404,0.0327133593759355),.UNSPECIFIED.);
#898=B_SPLINE_CURVE_WITH_KNOTS('',3,(#1947,#1948,#1949,#1950,#1951,#1952),
 .UNSPECIFIED.,.F.,.F.,(4,1,1,4),(2.41619021269514E-17,0.00247336237210361,
0.00494672474420719,0.00989344948841436),.UNSPECIFIED.);
#899=B_SPLINE_CURVE_WITH_KNOTS('',3,(#1953,#1954,#1955,#1956),
 .UNSPECIFIED.,.F.,.F.,(4,4),(0.,0.000178768813731754),.UNSPECIFIED.);
#900=B_SPLINE_CURVE_WITH_KNOTS('',3,(#1958,#1959,#1960,#1961),
 .UNSPECIFIED.,.F.,.F.,(4,4),(0.,5.87011099790092E-6),.UNSPECIFIED.);
#901=B_SPLINE_CURVE_WITH_KNOTS('',3,(#1963,#1964,#1965,#1966),
 .UNSPECIFIED.,.F.,.F.,(4,4),(-6.00000000299828E-8,0.0184374172331248),
 .UNSPECIFIED.);
#902=B_SPLINE_CURVE_WITH_KNOTS('',3,(#1970,#1971,#1972,#1973),
 .UNSPECIFIED.,.F.,.F.,(4,4),(0.,0.000179491339558263),.UNSPECIFIED.);
#903=B_SPLINE_CURVE_WITH_KNOTS('',3,(#1975,#1976,#1977,#1978),
 .UNSPECIFIED.,.F.,.F.,(4,4),(-4.43290625455493E-5,-5.47793147648301E-17),
 .UNSPECIFIED.);
#904=B_SPLINE_CURVE_WITH_KNOTS('',3,(#1980,#1981,#1982,#1983,#1984,#1985),
 .UNSPECIFIED.,.F.,.F.,(4,1,1,4),(-5.47793147648301E-17,0.00588281572637821,
0.00882422358956735,0.0117656314527565),.UNSPECIFIED.);
#905=B_SPLINE_CURVE_WITH_KNOTS('',3,(#1987,#1988,#1989,#1990,#1991,#1992),
 .UNSPECIFIED.,.F.,.F.,(4,1,1,4),(0.00975136933902757,0.0143435308360335,
0.0166396115845364,0.0189356923330394),.UNSPECIFIED.);
#906=B_SPLINE_CURVE_WITH_KNOTS('',3,(#1996,#1997,#1998,#1999),
 .UNSPECIFIED.,.F.,.F.,(4,4),(0.0200039917278547,0.0252169900252895),
 .UNSPECIFIED.);
#907=B_SPLINE_CURVE_WITH_KNOTS('',3,(#2001,#2002,#2003,#2004,#2005,#2006,
#2007,#2008,#2009),.UNSPECIFIED.,.F.,.F.,(4,1,1,1,1,1,4),(0.,0.00271814491743522,
0.00543628983487044,0.00815443475230566,0.0108725796697409,0.0163088695046113,
0.0217451593394817),.UNSPECIFIED.);
#908=B_SPLINE_CURVE_WITH_KNOTS('',3,(#2017,#2018,#2019,#2020,#2021,#2022,
#2023,#2024,#2025),.UNSPECIFIED.,.F.,.F.,(4,1,1,1,1,1,4),(0.,0.00451988675003491,
0.00677983012505237,0.00903977350006983,0.0112997168750873,0.0135596602501047,
0.0180795470001397),.UNSPECIFIED.);
#909=B_SPLINE_CURVE_WITH_KNOTS('',3,(#2083,#2084,#2085,#2086),
 .UNSPECIFIED.,.F.,.F.,(4,4),(0.,0.00222022670524387),.UNSPECIFIED.);
#910=B_SPLINE_CURVE_WITH_KNOTS('',3,(#2087,#2088,#2089,#2090),
 .UNSPECIFIED.,.F.,.F.,(4,4),(0.,0.00222022670524396),.UNSPECIFIED.);
#911=B_SPLINE_CURVE_WITH_KNOTS('',2,(#2091,#2092,#2093),.UNSPECIFIED.,.F.,
 .F.,(3,3),(0.,1.),.PIECEWISE_BEZIER_KNOTS.);
#912=B_SPLINE_CURVE_WITH_KNOTS('',3,(#2098,#2099,#2100,#2101,#2102,#2103),
 .UNSPECIFIED.,.F.,.F.,(4,1,1,4),(8.67361737988404E-19,0.00277968360597171,
0.00555936721194343,0.0111187344238869),.UNSPECIFIED.);
#913=B_SPLINE_CURVE_WITH_KNOTS('',3,(#2104,#2105,#2106,#2107,#2108,#2109),
 .UNSPECIFIED.,.F.,.F.,(4,1,1,4),(0.,0.00277968360597171,0.00555936721194341,
0.0111187344238868),.UNSPECIFIED.);
#914=B_SPLINE_CURVE_WITH_KNOTS('',3,(#2111,#2112,#2113,#2114),
 .UNSPECIFIED.,.F.,.F.,(4,4),(0.0180169937065338,0.0274109435744423),
 .UNSPECIFIED.);
#915=B_SPLINE_CURVE_WITH_KNOTS('',3,(#2119,#2120,#2121,#2122),
 .UNSPECIFIED.,.F.,.F.,(4,4),(0.,0.00937439429966649),.UNSPECIFIED.);
#916=B_SPLINE_CURVE_WITH_KNOTS('',3,(#2134,#2135,#2136,#2137),
 .UNSPECIFIED.,.F.,.F.,(4,4),(0.,0.000616134695823025),.UNSPECIFIED.);
#917=B_SPLINE_CURVE_WITH_KNOTS('',3,(#2139,#2140,#2141,#2142,#2143,#2144,
#2145,#2146,#2147),.UNSPECIFIED.,.F.,.F.,(4,1,1,1,1,1,4),(0.00643728306057117,
0.0105684389776837,0.0146995948947963,0.0167651728533525,0.0188307508119088,
0.0208963287704651,0.0229619067290213),.UNSPECIFIED.);
#918=B_SPLINE_CURVE_WITH_KNOTS('',3,(#2151,#2152,#2153,#2154,#2155,#2156,
#2157,#2158,#2159),.UNSPECIFIED.,.F.,.F.,(4,1,1,1,1,1,4),(-5.99999999947197E-8,
0.00206552270035519,0.00413110540071037,0.00619668810106555,0.00826227080142073,
0.0123934362021311,0.0165246016028415),.UNSPECIFIED.);
#919=B_SPLINE_CURVE_WITH_KNOTS('',3,(#2161,#2162,#2163,#2164),
 .UNSPECIFIED.,.F.,.F.,(4,4),(0.,0.000616134695823023),.UNSPECIFIED.);
#920=B_SPLINE_CURVE_WITH_KNOTS('',3,(#2173,#2174,#2175,#2176),
 .UNSPECIFIED.,.F.,.F.,(4,4),(0.,0.00782017153835339),.UNSPECIFIED.);
#921=B_SPLINE_CURVE_WITH_KNOTS('',3,(#2179,#2180,#2181,#2182,#2183),
 .UNSPECIFIED.,.F.,.F.,(4,1,4),(-0.00018497273053148,0.00744870921187674,
0.015082391154285),.UNSPECIFIED.);
#922=B_SPLINE_CURVE_WITH_KNOTS('',3,(#2187,#2188,#2189,#2190,#2191,#2192),
 .UNSPECIFIED.,.F.,.F.,(4,1,1,4),(1.00813705171618E-15,0.00384647599157536,
0.00769295198314972,0.0153859039662984),.UNSPECIFIED.);
#923=B_SPLINE_CURVE_WITH_KNOTS('',3,(#2194,#2195,#2196,#2197),
 .UNSPECIFIED.,.F.,.F.,(4,4),(0.,0.00783081556477994),.UNSPECIFIED.);
#924=B_SPLINE_CURVE_WITH_KNOTS('',3,(#2208,#2209,#2210,#2211,#2212,#2213,
#2214,#2215,#2216),.UNSPECIFIED.,.F.,.F.,(4,1,1,1,1,1,4),(-5.97810269342691E-8,
0.00540562862967487,0.00810847283502578,0.0108113170403767,0.0135141612457276,
0.0162170054510785,0.0216226938617803),.UNSPECIFIED.);
#925=B_SPLINE_CURVE_WITH_KNOTS('',3,(#2218,#2219,#2220,#2221,#2222),
 .UNSPECIFIED.,.F.,.F.,(4,1,4),(0.,0.0014427697842678,0.00288553956853559),
 .UNSPECIFIED.);
#926=B_SPLINE_CURVE_WITH_KNOTS('',3,(#2226,#2227,#2228,#2229,#2230),
 .UNSPECIFIED.,.F.,.F.,(4,1,4),(0.,0.00144334789966271,0.00288669579932543),
 .UNSPECIFIED.);
#927=B_SPLINE_CURVE_WITH_KNOTS('',3,(#2232,#2233,#2234,#2235,#2236,#2237,
#2238,#2239,#2240),.UNSPECIFIED.,.F.,.F.,(4,1,1,1,1,1,4),(0.00495668432095869,
0.0103525900702945,0.0130505429449624,0.0157484958196303,0.0184464486942983,
0.0211444015689662,0.026540307318302),.UNSPECIFIED.);
#928=B_SPLINE_CURVE_WITH_KNOTS('',3,(#2249,#2250,#2251,#2252,#2253,#2254,
#2255),.UNSPECIFIED.,.F.,.F.,(4,1,1,1,4),(0.00886051650185134,0.0134274497292619,
0.0179943829566724,0.022561316184083,0.0271282494114936),.UNSPECIFIED.);
#929=B_SPLINE_CURVE_WITH_KNOTS('',3,(#2258,#2259,#2260,#2261,#2262,#2263),
 .UNSPECIFIED.,.F.,.F.,(4,1,1,4),(0.,0.0168006664378055,0.033601332875611,
0.0672026657512221),.UNSPECIFIED.);
#930=B_SPLINE_CURVE_WITH_KNOTS('',3,(#2265,#2266,#2267,#2268,#2269),
 .UNSPECIFIED.,.F.,.F.,(4,1,4),(0.,0.00931862355059403,0.0186372471011881),
 .UNSPECIFIED.);
#931=B_SPLINE_CURVE_WITH_KNOTS('',3,(#2273,#2274,#2275,#2276,#2277),
 .UNSPECIFIED.,.F.,.F.,(4,1,4),(0.,0.00932141298337072,0.0186428259667414),
 .UNSPECIFIED.);
#932=B_SPLINE_CURVE_WITH_KNOTS('',3,(#2279,#2280,#2281,#2282,#2283,#2284),
 .UNSPECIFIED.,.F.,.F.,(4,1,1,4),(0.,0.0335879094812379,0.0503818642218569,
0.0671758189624758),.UNSPECIFIED.);
#933=B_SPLINE_CURVE_WITH_KNOTS('',3,(#2286,#2287,#2288,#2289,#2290,#2291,
#2292),.UNSPECIFIED.,.F.,.F.,(4,1,1,1,4),(0.,0.00457328277523159,0.00914656555046318,
0.0137198483256948,0.0182931311009264),.UNSPECIFIED.);
#934=B_SPLINE_CURVE_WITH_KNOTS('',3,(#2294,#2295,#2296,#2297,#2298,#2299,
#2300,#2301,#2302,#2303,#2304,#2305,#2306),.UNSPECIFIED.,.F.,.F.,(4,1,1,
1,1,1,1,1,1,1,4),(1.73472347597681E-18,0.00121913691988372,0.00243827383976744,
0.00365741075965115,0.00426697921959301,0.00487654767953487,0.00548611613947673,
0.00609568459941859,0.00731482151930231,0.00853395843918602,0.00975309535906974),
 .UNSPECIFIED.);
#935=B_SPLINE_CURVE_WITH_KNOTS('',3,(#2307,#2308,#2309,#2310,#2311,#2312,
#2313,#2314,#2315,#2316,#2317,#2318,#2319),.UNSPECIFIED.,.F.,.F.,(4,1,1,
1,1,1,1,1,1,1,4),(0.,0.00121914895041968,0.00243829790083937,0.00365744685125905,
0.00426702132646889,0.00487659580167873,0.00548617027688858,0.00609574475209842,
0.0073148937025181,0.00853404265293779,0.00975319160335747),
 .UNSPECIFIED.);
#936=B_SPLINE_CURVE_WITH_KNOTS('',3,(#2321,#2322,#2323,#2324,#2325,#2326,
#2327),.UNSPECIFIED.,.F.,.F.,(4,1,1,1,4),(0.000528537241104606,0.00164694043965574,
0.00276534363820688,0.00388374683675801,0.00500215003530915),
 .UNSPECIFIED.);
#937=B_SPLINE_CURVE_WITH_KNOTS('',3,(#2330,#2331,#2332,#2333,#2334),
 .UNSPECIFIED.,.F.,.F.,(4,1,4),(0.00129745361785855,0.00239801379864532,
0.00349857397943208),.UNSPECIFIED.);
#938=B_SPLINE_CURVE_WITH_KNOTS('',3,(#2336,#2337,#2338,#2339,#2340,#2341,
#2342),.UNSPECIFIED.,.F.,.F.,(4,1,1,1,4),(0.000963200708704622,0.0019000669061898,
0.00283693310367498,0.00377379930116016,0.00471066549864534),
 .UNSPECIFIED.);
#939=B_SPLINE_CURVE_WITH_KNOTS('',3,(#2344,#2345,#2346,#2347),
 .UNSPECIFIED.,.F.,.F.,(4,4),(0.00725261295565294,0.00741375181097395),
 .UNSPECIFIED.);
#940=B_SPLINE_CURVE_WITH_KNOTS('',3,(#2348,#2349,#2350,#2351,#2352,#2353,
#2354),.UNSPECIFIED.,.F.,.F.,(4,1,1,1,4),(0.0022324366566477,0.00335047525331401,
0.00446851384998032,0.00558655244664663,0.00670459104331295),
 .UNSPECIFIED.);
#941=B_SPLINE_CURVE_WITH_KNOTS('',3,(#2357,#2358,#2359,#2360),
 .UNSPECIFIED.,.F.,.F.,(4,4),(0.00314219929843095,0.00330334666129351),
 .UNSPECIFIED.);
#942=B_SPLINE_CURVE_WITH_KNOTS('',3,(#2362,#2363,#2364,#2365,#2366,#2367,
#2368),.UNSPECIFIED.,.F.,.F.,(4,1,1,1,4),(0.000963200708704484,0.00190006690618966,
0.00283693310367484,0.00377379930116001,0.00471066549864519),
 .UNSPECIFIED.);
#943=B_SPLINE_CURVE_WITH_KNOTS('',3,(#2370,#2371,#2372,#2373),
 .UNSPECIFIED.,.F.,.F.,(4,4),(0.00704999645621857,0.00925062866444382),
 .UNSPECIFIED.);
#944=B_SPLINE_CURVE_WITH_KNOTS('',3,(#2376,#2377,#2378,#2379,#2380,#2381,
#2382,#2383,#2384,#2385,#2386,#2387,#2388,#2389,#2390,#2391,#2392),
 .UNSPECIFIED.,.T.,.F.,(1,1,1,1,1,1,1,1,1,1,1,1,1,1,1,1,1,1,1,1,1),(-0.00273838337517253,
-0.00136919168758626,-0.000684595843793132,0.,0.000684595843793132,0.00136919168758626,
0.0020537875313794,0.00273838337517253,0.00342297921896566,0.0041075750627588,
0.00479217090655193,0.00547676675034506,0.00616136259413819,0.00684595843793132,
0.00821515012551759,0.00958434181310385,0.010268937656897,0.0109535335006901,
0.0116381293444833,0.0123227251882764,0.0130073210320695),.UNSPECIFIED.);
#945=B_SPLINE_CURVE_WITH_KNOTS('',3,(#2394,#2395,#2396,#2397,#2398,#2399,
#2400,#2401,#2402,#2403,#2404,#2405,#2406,#2407,#2408,#2409,#2410),
 .UNSPECIFIED.,.T.,.F.,(1,1,1,1,1,1,1,1,1,1,1,1,1,1,1,1,1,1,1,1,1),(-0.00273838337517263,
-0.00136919168758631,-0.000684595843793157,0.,0.000684595843793156,0.00136919168758631,
0.00205378753137947,0.00273838337517263,0.00342297921896578,0.00410757506275894,
0.00479217090655209,0.00547676675034525,0.00616136259413841,0.00684595843793156,
0.00821515012551788,0.00958434181310419,0.0102689376568973,0.0109535335006905,
0.0116381293444837,0.0123227251882768,0.01300732103207),.UNSPECIFIED.);
#946=B_SPLINE_CURVE_WITH_KNOTS('',3,(#2414,#2415,#2416,#2417,#2418,#2419,
#2420,#2421,#2422,#2423,#2424),.UNSPECIFIED.,.F.,.F.,(4,1,1,1,1,1,1,1,4),
(6.60131234835743E-16,0.00124285626297742,0.00248571252595418,0.00372856878893094,
0.00497142505190769,0.00621428131488445,0.00745713757786121,0.00869999384083797,
0.00994285010381473),.UNSPECIFIED.);
#947=B_SPLINE_CURVE_WITH_KNOTS('',3,(#2425,#2426,#2427,#2428,#2429,#2430,
#2431,#2432,#2433,#2434,#2435),.UNSPECIFIED.,.F.,.F.,(4,1,1,1,1,1,1,1,4),
(4.53626042860374E-16,0.00124297368683168,0.0024859473736629,0.00372892106049412,
0.00497189474732534,0.00621486843415657,0.00745784212098779,0.00870081580781901,
0.00994378949465024),.UNSPECIFIED.);
#948=B_SPLINE_CURVE_WITH_KNOTS('',3,(#2437,#2438,#2439,#2440,#2441),
 .UNSPECIFIED.,.F.,.F.,(4,1,4),(8.68586022402244E-17,0.00111918236228713,
0.00223836472457417),.UNSPECIFIED.);
#949=B_SPLINE_CURVE_WITH_KNOTS('',3,(#2442,#2443,#2444,#2445,#2446),
 .UNSPECIFIED.,.F.,.F.,(4,1,4),(0.,0.00111914169442673,0.00223828338885346),
 .UNSPECIFIED.);
#950=B_SPLINE_CURVE_WITH_KNOTS('',3,(#2448,#2449,#2450,#2451,#2452),
 .UNSPECIFIED.,.F.,.F.,(4,1,4),(0.,0.00375720721977725,0.0075144144395545),
 .UNSPECIFIED.);
#951=B_SPLINE_CURVE_WITH_KNOTS('',3,(#2454,#2455,#2456,#2457,#2458),
 .UNSPECIFIED.,.F.,.F.,(4,1,4),(0.,0.00375720721977725,0.00751441443955449),
 .UNSPECIFIED.);
#952=B_SPLINE_CURVE_WITH_KNOTS('',3,(#2511,#2512,#2513,#2514,#2515),
 .UNSPECIFIED.,.F.,.F.,(4,1,4),(0.,0.00347483332411846,0.00694966664823691),
 .UNSPECIFIED.);
#953=B_SPLINE_CURVE_WITH_KNOTS('',3,(#2608,#2609,#2610,#2611,#2612),
 .UNSPECIFIED.,.F.,.F.,(4,1,4),(0.,0.00347483332411833,0.00694966664823665),
 .UNSPECIFIED.);
#954=B_SPLINE_CURVE_WITH_KNOTS('',3,(#2654,#2655,#2656,#2657),
 .UNSPECIFIED.,.F.,.F.,(4,4),(0.,0.00164335135117966),.UNSPECIFIED.);
#955=B_SPLINE_CURVE_WITH_KNOTS('',3,(#2733,#2734,#2735,#2736),
 .UNSPECIFIED.,.F.,.F.,(4,4),(4.44533104315064E-15,0.00164335135117967),
 .UNSPECIFIED.);
#956=B_SPLINE_CURVE_WITH_KNOTS('',3,(#2766,#2767,#2768,#2769,#2770,#2771,
#2772,#2773,#2774),.UNSPECIFIED.,.F.,.F.,(4,1,1,1,1,1,4),(-2.84294967329527E-5,
0.00408043869544725,0.00818930688762746,0.0122981750798077,0.0164070432719879,
0.0246247796563483,0.0328425160407087),.UNSPECIFIED.);
#957=B_SPLINE_CURVE_WITH_KNOTS('',3,(#2821,#2822,#2823,#2824),
 .UNSPECIFIED.,.F.,.F.,(4,4),(0.,0.000110198347458809),.UNSPECIFIED.);
#958=B_SPLINE_CURVE_WITH_KNOTS('',3,(#2843,#2844,#2845,#2846),
 .UNSPECIFIED.,.F.,.F.,(4,4),(6.50521303491303E-19,0.00011019834745881),
 .UNSPECIFIED.);
#959=B_SPLINE_CURVE_WITH_KNOTS('',3,(#2932,#2933,#2934,#2935),
 .UNSPECIFIED.,.F.,.F.,(4,4),(-3.04650466481223E-5,0.0103413336750839),
 .UNSPECIFIED.);
#960=B_SPLINE_CURVE_WITH_KNOTS('',3,(#2936,#2937,#2938,#2939,#2940,#2941,
#2942),.UNSPECIFIED.,.F.,.F.,(4,1,1,1,4),(1.73472347597681E-18,0.00244815699158705,
0.0048963139831741,0.00734447097476114,0.00979262796634819),
 .UNSPECIFIED.);
#961=B_SPLINE_CURVE_WITH_KNOTS('',3,(#3027,#3028,#3029,#3030,#3031,#3032,
#3033),.UNSPECIFIED.,.F.,.F.,(4,1,1,1,4),(0.,0.00244815699158706,0.00489631398317412,
0.00734447097476117,0.00979262796634823),.UNSPECIFIED.);
#962=B_SPLINE_CURVE_WITH_KNOTS('',3,(#3049,#3050,#3051,#3052,#3053,#3054,
#3055),.UNSPECIFIED.,.F.,.F.,(4,1,1,1,4),(9.69739903612216E-18,0.00246575909446916,
0.0049315181889383,0.00739727728340745,0.00986303637787659),
 .UNSPECIFIED.);
#963=B_SPLINE_CURVE_WITH_KNOTS('',3,(#3077,#3078,#3079,#3080,#3081,#3082,
#3083),.UNSPECIFIED.,.F.,.F.,(4,1,1,1,4),(0.,0.00246575909446919,0.00493151818893837,
0.00739727728340756,0.00986303637787675),.UNSPECIFIED.);
#964=B_SPLINE_CURVE_WITH_KNOTS('',3,(#3146,#3147,#3148,#3149),
 .UNSPECIFIED.,.F.,.F.,(4,4),(0.,0.000496580584241768),.UNSPECIFIED.);
#965=B_SPLINE_CURVE_WITH_KNOTS('',3,(#3164,#3165,#3166,#3167),
 .UNSPECIFIED.,.F.,.F.,(4,4),(0.,0.000496580584241748),.UNSPECIFIED.);
#966=B_SPLINE_CURVE_WITH_KNOTS('',3,(#3211,#3212,#3213,#3214,#3215,#3216,
#3217),.UNSPECIFIED.,.F.,.F.,(4,1,1,1,4),(3.33229498028126E-17,0.00248036659993233,
0.00496073319986462,0.00744109979979691,0.0099214663997292),
 .UNSPECIFIED.);
#967=B_SPLINE_CURVE_WITH_KNOTS('',3,(#3245,#3246,#3247,#3248),
 .UNSPECIFIED.,.F.,.F.,(4,4),(0.00585794610294089,0.00616777305345156),
 .UNSPECIFIED.);
#968=B_SPLINE_CURVE_WITH_KNOTS('',3,(#3249,#3250,#3251,#3252),
 .UNSPECIFIED.,.F.,.F.,(4,4),(1.63653485417008E-17,0.00416239174580407),
 .UNSPECIFIED.);
#969=B_SPLINE_CURVE_WITH_KNOTS('',3,(#3254,#3255,#3256,#3257),
 .UNSPECIFIED.,.F.,.F.,(4,4),(6.7854080741697E-17,0.00251552939344687),
 .UNSPECIFIED.);
#970=B_SPLINE_CURVE_WITH_KNOTS('',3,(#3289,#3290,#3291,#3292),
 .UNSPECIFIED.,.F.,.F.,(4,4),(4.36792210456941E-17,0.00413005946472259),
 .UNSPECIFIED.);
#971=B_SPLINE_CURVE_WITH_KNOTS('',3,(#3294,#3295,#3296,#3297),
 .UNSPECIFIED.,.F.,.F.,(4,4),(8.62665269715537E-17,0.00413005946472369),
 .UNSPECIFIED.);
#972=B_SPLINE_CURVE_WITH_KNOTS('',3,(#3315,#3316,#3317,#3318),
 .UNSPECIFIED.,.F.,.F.,(4,4),(4.51361581140567E-17,0.00416239174580494),
 .UNSPECIFIED.);
#973=B_SPLINE_CURVE_WITH_KNOTS('',3,(#3334,#3335,#3336,#3337),
 .UNSPECIFIED.,.F.,.F.,(4,4),(0.00365312099905696,0.00616706643021844),
 .UNSPECIFIED.);
#974=B_SPLINE_CURVE_WITH_KNOTS('',3,(#3338,#3339,#3340,#3341),
 .UNSPECIFIED.,.F.,.F.,(4,4),(4.91343390913603E-17,0.000310479471715586),
 .UNSPECIFIED.);
#975=B_SPLINE_CURVE_WITH_KNOTS('',3,(#3369,#3370,#3371,#3372,#3373,#3374,
#3375),.UNSPECIFIED.,.F.,.F.,(4,1,1,1,4),(4.55364912443912E-18,0.00248036659993595,
0.00496073319987189,0.00744109979980784,0.00992146639974378),
 .UNSPECIFIED.);
#976=EDGE_LOOP('',(#159,#160,#161,#162,#163,#164,#165,#166,#167,#168,#169,
#170,#171));
#977=EDGE_LOOP('',(#172,#173,#174,#175,#176,#177));
#978=EDGE_LOOP('',(#178,#179,#180,#181,#182,#183));
#979=EDGE_LOOP('',(#184));
#980=EDGE_LOOP('',(#185,#186,#187,#188,#189,#190,#191,#192,#193,#194));
#981=EDGE_LOOP('',(#195,#196,#197,#198,#199));
#982=EDGE_LOOP('',(#200,#201,#202,#203,#204,#205,#206,#207,#208,#209,#210,
#211));
#983=EDGE_LOOP('',(#212));
#984=EDGE_LOOP('',(#213,#214,#215,#216,#217,#218,#219,#220,#221,#222,#223,
#224));
#985=EDGE_LOOP('',(#225));
#986=EDGE_LOOP('',(#226,#227,#228,#229,#230));
#987=EDGE_LOOP('',(#231,#232,#233,#234,#235,#236,#237,#238,#239,#240,#241));
#988=EDGE_LOOP('',(#242));
#989=EDGE_LOOP('',(#243,#244,#245,#246,#247,#248,#249,#250,#251,#252));
#990=EDGE_LOOP('',(#253));
#991=EDGE_LOOP('',(#254,#255));
#992=EDGE_LOOP('',(#256));
#993=EDGE_LOOP('',(#257,#258,#259,#260,#261,#262));
#994=EDGE_LOOP('',(#263,#264,#265,#266,#267,#268));
#995=EDGE_LOOP('',(#269,#270,#271,#272,#273,#274,#275,#276,#277,#278));
#996=EDGE_LOOP('',(#279,#280,#281,#282,#283,#284,#285,#286));
#997=EDGE_LOOP('',(#287,#288,#289));
#998=EDGE_LOOP('',(#290,#291,#292,#293,#294,#295));
#999=EDGE_LOOP('',(#296,#297,#298,#299,#300,#301));
#1000=EDGE_LOOP('',(#302,#303,#304,#305,#306,#307));
#1001=EDGE_LOOP('',(#308,#309,#310,#311,#312,#313,#314));
#1002=EDGE_LOOP('',(#315,#316));
#1003=EDGE_LOOP('',(#317,#318));
#1004=EDGE_LOOP('',(#319,#320,#321,#322));
#1005=EDGE_LOOP('',(#323,#324,#325,#326));
#1006=EDGE_LOOP('',(#327));
#1007=EDGE_LOOP('',(#328));
#1008=EDGE_LOOP('',(#329));
#1009=EDGE_LOOP('',(#330));
#1010=EDGE_LOOP('',(#331));
#1011=EDGE_LOOP('',(#332));
#1012=EDGE_LOOP('',(#333,#334));
#1013=EDGE_LOOP('',(#335,#336));
#1014=EDGE_LOOP('',(#337,#338));
#1015=EDGE_LOOP('',(#339,#340));
#1016=EDGE_LOOP('',(#341,#342,#343));
#1017=EDGE_LOOP('',(#344,#345,#346));
#1018=EDGE_LOOP('',(#347,#348,#349,#350));
#1019=EDGE_LOOP('',(#351,#352,#353,#354,#355,#356));
#1020=EDGE_LOOP('',(#357));
#1021=EDGE_LOOP('',(#358,#359,#360,#361));
#1022=EDGE_LOOP('',(#362,#363,#364,#365,#366,#367));
#1023=EDGE_LOOP('',(#368));
#1024=EDGE_LOOP('',(#369,#370,#371,#372,#373,#374,#375,#376));
#1025=EDGE_LOOP('',(#377,#378,#379,#380));
#1026=EDGE_LOOP('',(#381,#382,#383));
#1027=EDGE_LOOP('',(#384,#385,#386,#387,#388,#389));
#1028=EDGE_LOOP('',(#390,#391,#392));
#1029=EDGE_LOOP('',(#393,#394,#395,#396));
#1030=EDGE_LOOP('',(#397,#398,#399,#400,#401,#402,#403,#404));
#1031=EDGE_LOOP('',(#405,#406,#407,#408,#409));
#1032=EDGE_LOOP('',(#410,#411,#412,#413,#414));
#1033=EDGE_LOOP('',(#415,#416,#417,#418));
#1034=EDGE_LOOP('',(#419,#420,#421,#422));
#1035=EDGE_LOOP('',(#423,#424,#425,#426));
#1036=EDGE_LOOP('',(#427,#428,#429,#430,#431,#432,#433,#434,#435,#436));
#1037=EDGE_LOOP('',(#437,#438,#439,#440,#441,#442,#443,#444,#445,#446));
#1038=EDGE_LOOP('',(#447,#448,#449,#450,#451,#452));
#1039=EDGE_LOOP('',(#453,#454,#455,#456,#457,#458));
#1040=EDGE_LOOP('',(#459,#460,#461,#462,#463));
#1041=EDGE_LOOP('',(#464,#465,#466,#467,#468));
#1042=EDGE_LOOP('',(#469,#470,#471,#472));
#1043=EDGE_LOOP('',(#473,#474,#475,#476));
#1044=EDGE_LOOP('',(#477,#478,#479,#480));
#1045=EDGE_LOOP('',(#481,#482,#483,#484,#485));
#1046=EDGE_LOOP('',(#486,#487,#488,#489,#490,#491,#492,#493,#494,#495));
#1047=EDGE_LOOP('',(#496,#497,#498,#499,#500,#501));
#1048=EDGE_LOOP('',(#502,#503,#504));
#1049=EDGE_LOOP('',(#505,#506,#507,#508));
#1050=EDGE_LOOP('',(#509,#510,#511));
#1051=EDGE_LOOP('',(#512,#513,#514,#515,#516,#517));
#1052=EDGE_LOOP('',(#518,#519,#520,#521,#522,#523,#524,#525,#526,#527));
#1053=EDGE_LOOP('',(#528,#529,#530,#531,#532));
#1054=EDGE_LOOP('',(#533,#534));
#1055=FACE_BOUND('',#976,.T.);
#1056=FACE_BOUND('',#977,.T.);
#1057=FACE_BOUND('',#978,.T.);
#1058=FACE_BOUND('',#979,.T.);
#1059=FACE_BOUND('',#980,.T.);
#1060=FACE_BOUND('',#981,.T.);
#1061=FACE_BOUND('',#982,.T.);
#1062=FACE_BOUND('',#983,.T.);
#1063=FACE_BOUND('',#984,.T.);
#1064=FACE_BOUND('',#985,.T.);
#1065=FACE_BOUND('',#986,.T.);
#1066=FACE_BOUND('',#987,.T.);
#1067=FACE_BOUND('',#988,.T.);
#1068=FACE_BOUND('',#989,.T.);
#1069=FACE_BOUND('',#990,.T.);
#1070=FACE_BOUND('',#991,.T.);
#1071=FACE_BOUND('',#992,.T.);
#1072=FACE_BOUND('',#993,.T.);
#1073=FACE_BOUND('',#994,.T.);
#1074=FACE_BOUND('',#995,.T.);
#1075=FACE_BOUND('',#996,.T.);
#1076=FACE_BOUND('',#997,.T.);
#1077=FACE_BOUND('',#998,.T.);
#1078=FACE_BOUND('',#999,.T.);
#1079=FACE_BOUND('',#1000,.T.);
#1080=FACE_BOUND('',#1001,.T.);
#1081=FACE_BOUND('',#1002,.T.);
#1082=FACE_BOUND('',#1003,.T.);
#1083=FACE_BOUND('',#1004,.T.);
#1084=FACE_BOUND('',#1005,.T.);
#1085=FACE_BOUND('',#1006,.T.);
#1086=FACE_BOUND('',#1007,.T.);
#1087=FACE_BOUND('',#1008,.T.);
#1088=FACE_BOUND('',#1009,.T.);
#1089=FACE_BOUND('',#1010,.T.);
#1090=FACE_BOUND('',#1011,.T.);
#1091=FACE_BOUND('',#1012,.T.);
#1092=FACE_BOUND('',#1013,.T.);
#1093=FACE_BOUND('',#1014,.T.);
#1094=FACE_BOUND('',#1015,.T.);
#1095=FACE_BOUND('',#1016,.T.);
#1096=FACE_BOUND('',#1017,.T.);
#1097=FACE_BOUND('',#1018,.T.);
#1098=FACE_BOUND('',#1019,.T.);
#1099=FACE_BOUND('',#1020,.T.);
#1100=FACE_BOUND('',#1021,.T.);
#1101=FACE_BOUND('',#1022,.T.);
#1102=FACE_BOUND('',#1023,.T.);
#1103=FACE_BOUND('',#1024,.T.);
#1104=FACE_BOUND('',#1025,.T.);
#1105=FACE_BOUND('',#1026,.T.);
#1106=FACE_BOUND('',#1027,.T.);
#1107=FACE_BOUND('',#1028,.T.);
#1108=FACE_BOUND('',#1029,.T.);
#1109=FACE_BOUND('',#1030,.T.);
#1110=FACE_BOUND('',#1031,.T.);
#1111=FACE_BOUND('',#1032,.T.);
#1112=FACE_BOUND('',#1033,.T.);
#1113=FACE_BOUND('',#1034,.T.);
#1114=FACE_BOUND('',#1035,.T.);
#1115=FACE_BOUND('',#1036,.T.);
#1116=FACE_BOUND('',#1037,.T.);
#1117=FACE_BOUND('',#1038,.T.);
#1118=FACE_BOUND('',#1039,.T.);
#1119=FACE_BOUND('',#1040,.T.);
#1120=FACE_BOUND('',#1041,.T.);
#1121=FACE_BOUND('',#1042,.T.);
#1122=FACE_BOUND('',#1043,.T.);
#1123=FACE_BOUND('',#1044,.T.);
#1124=FACE_BOUND('',#1045,.T.);
#1125=FACE_BOUND('',#1046,.T.);
#1126=FACE_BOUND('',#1047,.T.);
#1127=FACE_BOUND('',#1048,.T.);
#1128=FACE_BOUND('',#1049,.T.);
#1129=FACE_BOUND('',#1050,.T.);
#1130=FACE_BOUND('',#1051,.T.);
#1131=FACE_BOUND('',#1052,.T.);
#1132=FACE_BOUND('',#1053,.T.);
#1133=FACE_BOUND('',#1054,.T.);
#1134=B_SPLINE_SURFACE_WITH_KNOTS('',3,1,((#1422,#1423),(#1424,#1425),(#1426,
#1427),(#1428,#1429),(#1430,#1431),(#1432,#1433),(#1434,#1435),(#1436,#1437),
(#1438,#1439),(#1440,#1441),(#1442,#1443),(#1444,#1445),(#1446,#1447),(#1448,
#1449),(#1450,#1451),(#1452,#1453),(#1454,#1455)),
 .SURF_OF_LINEAR_EXTRUSION.,.F.,.F.,.F.,(4,1,1,1,1,1,1,1,1,1,1,1,1,1,4),
(2,2),(-1.60101441868059,-0.94682973968505,-0.619737400187281,-0.456191230438397,
-0.292645060689512,-0.129098890940628,-0.0473258060661858,0.0344472788082565,
0.197993448557141,0.361539618306025,0.52508578805491,0.688631957803794,
0.852178127552679,0.933951212427121,1.01572429730156),(0.,1.),
 .UNSPECIFIED.);
#1135=B_SPLINE_SURFACE_WITH_KNOTS('',3,1,((#1655,#1656),(#1657,#1658),(#1659,
#1660),(#1661,#1662),(#1663,#1664),(#1665,#1666),(#1667,#1668)),
 .SURF_OF_LINEAR_EXTRUSION.,.F.,.F.,.F.,(4,1,1,1,4),(2,2),(-0.00633417783912724,
0.111008901844155,0.228351981527437,0.463038140894002,0.93241045962713),
(0.,1.),.UNSPECIFIED.);
#1136=B_SPLINE_SURFACE_WITH_KNOTS('',3,1,((#1748,#1749),(#1750,#1751),(#1752,
#1753),(#1754,#1755),(#1756,#1757),(#1758,#1759),(#1760,#1761)),
 .SURF_OF_LINEAR_EXTRUSION.,.F.,.F.,.F.,(4,1,1,1,4),(2,2),(-0.00633417783913256,
0.11100890184415,0.228351981527433,0.463038140893999,0.93241045962713),
(0.,1.),.UNSPECIFIED.);
#1137=B_SPLINE_SURFACE_WITH_KNOTS('',3,1,((#1857,#1858),(#1859,#1860),(#1861,
#1862),(#1863,#1864),(#1865,#1866),(#1867,#1868),(#1869,#1870),(#1871,#1872),
(#1873,#1874),(#1875,#1876),(#1877,#1878),(#1879,#1880),(#1881,#1882),(#1883,
#1884),(#1885,#1886),(#1887,#1888),(#1889,#1890)),
 .SURF_OF_LINEAR_EXTRUSION.,.F.,.F.,.F.,(4,1,1,1,1,1,1,1,1,1,1,1,1,1,4),
(2,2),(-1.60101441868059,-0.946829739685052,-0.619737400187283,-0.456191230438398,
-0.292645060689514,-0.129098890940629,-0.0473258060661868,0.0344472788082555,
0.19799344855714,0.361539618306025,0.525085788054909,0.688631957803794,
0.852178127552679,0.933951212427121,1.01572429730156),(0.,1.),
 .UNSPECIFIED.);
#1138=B_SPLINE_SURFACE_WITH_KNOTS('',3,1,((#2027,#2028),(#2029,#2030),(#2031,
#2032),(#2033,#2034),(#2035,#2036),(#2037,#2038),(#2039,#2040)),
 .SURF_OF_LINEAR_EXTRUSION.,.F.,.F.,.F.,(4,1,1,1,4),(2,2),(0.,0.25,0.5,
0.75,1.),(0.,1.),.UNSPECIFIED.);
#1139=B_SPLINE_SURFACE_WITH_KNOTS('',3,1,((#2053,#2054),(#2055,#2056),(#2057,
#2058),(#2059,#2060),(#2061,#2062),(#2063,#2064),(#2065,#2066),(#2067,#2068),
(#2069,#2070),(#2071,#2072),(#2073,#2074),(#2075,#2076),(#2077,#2078),(#2079,
#2080),(#2081,#2082)),.SURF_OF_LINEAR_EXTRUSION.,.F.,.F.,.F.,(4,1,1,1,1,
1,1,1,1,1,1,1,4),(2,2),(-1.59745425451157,-0.948090690883674,-0.623408909069729,
-0.461068018162756,-0.298727127255783,-0.13638623634881,-0.0552157908953236,
0.0259546545581628,0.188295545465136,0.350636436372109,0.512977327279081,
0.675318218186054,1.),(0.,1.),.UNSPECIFIED.);
#1140=B_SPLINE_SURFACE_WITH_KNOTS('',3,1,((#2123,#2124),(#2125,#2126),(#2127,
#2128),(#2129,#2130)),.SURF_OF_LINEAR_EXTRUSION.,.F.,.F.,.F.,(4,4),(2,2),
(-4.3316475240396E-16,0.829892525620427),(0.,1.),
 .PIECEWISE_BEZIER_KNOTS.);
#1141=B_SPLINE_SURFACE_WITH_KNOTS('',3,1,((#2165,#2166),(#2167,#2168),(#2169,
#2170),(#2171,#2172)),.SURF_OF_LINEAR_EXTRUSION.,.F.,.F.,.F.,(4,4),(2,2),
(0.00773372686339427,0.919412888361692),(0.,1.),
 .PIECEWISE_BEZIER_KNOTS.);
#1142=B_SPLINE_SURFACE_WITH_KNOTS('',3,1,((#2200,#2201),(#2202,#2203),(#2204,
#2205),(#2206,#2207)),.SURF_OF_LINEAR_EXTRUSION.,.F.,.F.,.F.,(4,4),(2,2),
(0.0643199658063458,1.),(0.,1.),.PIECEWISE_BEZIER_KNOTS.);
#1143=B_SPLINE_SURFACE_WITH_KNOTS('',3,1,((#2241,#2242),(#2243,#2244),(#2245,
#2246),(#2247,#2248)),.SURF_OF_LINEAR_EXTRUSION.,.F.,.F.,.F.,(4,4),(2,2),
(0.0837618510318689,0.998252783160101),(0.,1.),.PIECEWISE_BEZIER_KNOTS.);
#1144=ADVANCED_FACE('',(#1055),#1134,.T.);
#1145=ADVANCED_FACE('',(#1056),#86,.T.);
#1146=ADVANCED_FACE('',(#1057),#87,.F.);
#1147=ADVANCED_FACE('',(#1058,#1059),#88,.T.);
#1148=ADVANCED_FACE('',(#1060),#89,.T.);
#1149=ADVANCED_FACE('',(#1061,#1062),#1135,.T.);
#1150=ADVANCED_FACE('',(#1063,#1064),#1136,.F.);
#1151=ADVANCED_FACE('',(#1065),#90,.F.);
#1152=ADVANCED_FACE('',(#1066),#1137,.F.);
#1153=ADVANCED_FACE('',(#1067,#1068),#91,.F.);
#1154=ADVANCED_FACE('',(#1069,#1070),#40,.F.);
#1155=ADVANCED_FACE('',(#1071),#92,.T.);
#1156=ADVANCED_FACE('',(#1072),#1138,.F.);
#1157=ADVANCED_FACE('',(#1073),#93,.F.);
#1158=ADVANCED_FACE('',(#1074),#1139,.F.);
#1159=ADVANCED_FACE('',(#1075),#94,.F.);
#1160=ADVANCED_FACE('',(#1076),#41,.T.);
#1161=ADVANCED_FACE('',(#1077),#1140,.F.);
#1162=ADVANCED_FACE('',(#1078),#1141,.F.);
#1163=ADVANCED_FACE('',(#1079),#1142,.F.);
#1164=ADVANCED_FACE('',(#1080),#1143,.F.);
#1165=ADVANCED_FACE('',(#1081,#1082),#42,.F.);
#1166=ADVANCED_FACE('',(#1083,#1084),#43,.F.);
#1167=ADVANCED_FACE('',(#1085,#1086),#44,.F.);
#1168=ADVANCED_FACE('',(#1087,#1088),#45,.F.);
#1169=ADVANCED_FACE('',(#1089,#1090),#46,.F.);
#1170=ADVANCED_FACE('',(#1091,#1092),#47,.F.);
#1171=ADVANCED_FACE('',(#1093,#1094),#48,.F.);
#1172=ADVANCED_FACE('',(#1095),#49,.T.);
#1173=ADVANCED_FACE('',(#1096),#50,.T.);
#1174=ADVANCED_FACE('',(#1097),#12,.T.);
#1175=ADVANCED_FACE('',(#1098,#1099),#13,.T.);
#1176=ADVANCED_FACE('',(#1100),#14,.T.);
#1177=ADVANCED_FACE('',(#1101,#1102),#15,.T.);
#1178=ADVANCED_FACE('',(#1103),#51,.T.);
#1179=ADVANCED_FACE('',(#1104),#16,.T.);
#1180=ADVANCED_FACE('',(#1105),#17,.T.);
#1181=ADVANCED_FACE('',(#1106),#52,.T.);
#1182=ADVANCED_FACE('',(#1107),#18,.T.);
#1183=ADVANCED_FACE('',(#1108),#19,.T.);
#1184=ADVANCED_FACE('',(#1109),#53,.T.);
#1185=ADVANCED_FACE('',(#1110),#20,.T.);
#1186=ADVANCED_FACE('',(#1111),#21,.T.);
#1187=ADVANCED_FACE('',(#1112),#22,.T.);
#1188=ADVANCED_FACE('',(#1113),#23,.T.);
#1189=ADVANCED_FACE('',(#1114),#54,.F.);
#1190=ADVANCED_FACE('',(#1115),#24,.T.);
#1191=ADVANCED_FACE('',(#1116),#25,.T.);
#1192=ADVANCED_FACE('',(#1117),#26,.T.);
#1193=ADVANCED_FACE('',(#1118),#27,.T.);
#1194=ADVANCED_FACE('',(#1119),#28,.T.);
#1195=ADVANCED_FACE('',(#1120),#29,.T.);
#1196=ADVANCED_FACE('',(#1121),#30,.T.);
#1197=ADVANCED_FACE('',(#1122),#31,.T.);
#1198=ADVANCED_FACE('',(#1123),#55,.F.);
#1199=ADVANCED_FACE('',(#1124),#32,.T.);
#1200=ADVANCED_FACE('',(#1125),#33,.T.);
#1201=ADVANCED_FACE('',(#1126),#34,.T.);
#1202=ADVANCED_FACE('',(#1127),#35,.T.);
#1203=ADVANCED_FACE('',(#1128),#56,.T.);
#1204=ADVANCED_FACE('',(#1129),#36,.T.);
#1205=ADVANCED_FACE('',(#1130),#37,.T.);
#1206=ADVANCED_FACE('',(#1131),#38,.T.);
#1207=ADVANCED_FACE('',(#1132),#39,.T.);
#1208=ADVANCED_FACE('',(#1133),#57,.T.);
#1209=CLOSED_SHELL('',(#1144,#1145,#1146,#1147,#1148,#1149,#1150,#1151,
#1152,#1153,#1154,#1155,#1156,#1157,#1158,#1159,#1160,#1161,#1162,#1163,
#1164,#1165,#1166,#1167,#1168,#1169,#1170,#1171,#1172,#1173,#1174,#1175,
#1176,#1177,#1178,#1179,#1180,#1181,#1182,#1183,#1184,#1185,#1186,#1187,
#1188,#1189,#1190,#1191,#1192,#1193,#1194,#1195,#1196,#1197,#1198,#1199,
#1200,#1201,#1202,#1203,#1204,#1205,#1206,#1207,#1208));
#1210=STYLED_ITEM('',(#1211),#1218);
#1211=PRESENTATION_STYLE_ASSIGNMENT((#1212));
#1212=SURFACE_STYLE_USAGE(.BOTH.,#1213);
#1213=SURFACE_SIDE_STYLE('',(#1214));
#1214=SURFACE_STYLE_FILL_AREA(#1215);
#1215=FILL_AREA_STYLE('',(#1216));
#1216=FILL_AREA_STYLE_COLOUR('',#1217);
#1217=COLOUR_RGB('',0.647058823529412,0.647058823529412,0.647058823529412);
#1218=MANIFOLD_SOLID_BREP('Part 1',#1209);
#1219=SHAPE_DEFINITION_REPRESENTATION(#3425,#1220);
#1220=SHAPE_REPRESENTATION('Part 1',(#1221),#3420);
#1221=AXIS2_PLACEMENT_3D('',#1421,#1277,#1278);
#1222=AXIS2_PLACEMENT_3D('',#1537,#1282,#1283);
#1223=AXIS2_PLACEMENT_3D('',#1545,#1287,#1288);
#1224=AXIS2_PLACEMENT_3D('',#1550,#1291,#1292);
#1225=AXIS2_PLACEMENT_3D('',#1594,#1293,#1294);
#1226=AXIS2_PLACEMENT_3D('',#1595,#1295,#1296);
#1227=AXIS2_PLACEMENT_3D('',#1640,#1299,#1300);
#1228=AXIS2_PLACEMENT_3D('',#1641,#1301,#1302);
#1229=AXIS2_PLACEMENT_3D('',#1654,#1305,#1306);
#1230=AXIS2_PLACEMENT_3D('',#1845,#1308,#1309);
#1231=AXIS2_PLACEMENT_3D('',#1854,#1311,#1312);
#1232=AXIS2_PLACEMENT_3D('',#1967,#1316,#1317);
#1233=AXIS2_PLACEMENT_3D('',#1968,#1318,#1319);
#1234=AXIS2_PLACEMENT_3D('',#1994,#1320,#1321);
#1235=AXIS2_PLACEMENT_3D('',#2014,#1324,#1325);
#1236=AXIS2_PLACEMENT_3D('',#2015,#1326,#1327);
#1237=AXIS2_PLACEMENT_3D('',#2026,#1328,#1329);
#1238=AXIS2_PLACEMENT_3D('',#2043,#1332,#1333);
#1239=AXIS2_PLACEMENT_3D('',#2047,#1335,#1336);
#1240=AXIS2_PLACEMENT_3D('',#2048,#1337,#1338);
#1241=AXIS2_PLACEMENT_3D('',#2094,#1341,#1342);
#1242=AXIS2_PLACEMENT_3D('',#2110,#1344,#1345);
#1243=AXIS2_PLACEMENT_3D('',#2293,#1353,#1354);
#1244=AXIS2_PLACEMENT_3D('',#2320,#1355,#1356);
#1245=AXIS2_PLACEMENT_3D('',#2374,#1357,#1358);
#1246=AXIS2_PLACEMENT_3D('',#2375,#1359,#1360);
#1247=AXIS2_PLACEMENT_3D('',#2412,#1361,#1362);
#1248=AXIS2_PLACEMENT_3D('',#2413,#1363,#1364);
#1249=AXIS2_PLACEMENT_3D('',#2436,#1365,#1366);
#1250=AXIS2_PLACEMENT_3D('',#2447,#1367,#1368);
#1251=AXIS2_PLACEMENT_3D('',#2453,#1369,#1370);
#1252=AXIS2_PLACEMENT_3D('',#2510,#1371,#1372);
#1253=AXIS2_PLACEMENT_3D('',#2555,#1373,#1374);
#1254=AXIS2_PLACEMENT_3D('',#2607,#1375,#1376);
#1255=AXIS2_PLACEMENT_3D('',#2652,#1377,#1378);
#1256=AXIS2_PLACEMENT_3D('',#2653,#1379,#1380);
#1257=AXIS2_PLACEMENT_3D('',#2659,#1381,#1382);
#1258=AXIS2_PLACEMENT_3D('',#2672,#1383,#1384);
#1259=AXIS2_PLACEMENT_3D('',#2694,#1385,#1386);
#1260=AXIS2_PLACEMENT_3D('',#2695,#1387,#1388);
#1261=AXIS2_PLACEMENT_3D('',#2696,#1389,#1390);
#1262=AXIS2_PLACEMENT_3D('',#2718,#1391,#1392);
#1263=AXIS2_PLACEMENT_3D('',#2720,#1393,#1394);
#1264=AXIS2_PLACEMENT_3D('',#2737,#1395,#1396);
#1265=AXIS2_PLACEMENT_3D('',#2765,#1397,#1398);
#1266=AXIS2_PLACEMENT_3D('',#2802,#1399,#1400);
#1267=AXIS2_PLACEMENT_3D('',#2847,#1401,#1402);
#1268=AXIS2_PLACEMENT_3D('',#3108,#1403,#1404);
#1269=AXIS2_PLACEMENT_3D('',#3133,#1405,#1406);
#1270=AXIS2_PLACEMENT_3D('',#3150,#1407,#1408);
#1271=AXIS2_PLACEMENT_3D('',#3163,#1409,#1410);
#1272=AXIS2_PLACEMENT_3D('',#3168,#1411,#1412);
#1273=AXIS2_PLACEMENT_3D('',#3273,#1413,#1414);
#1274=AXIS2_PLACEMENT_3D('',#3293,#1415,#1416);
#1275=AXIS2_PLACEMENT_3D('',#3313,#1417,#1418);
#1276=AXIS2_PLACEMENT_3D('',#3418,#1419,#1420);
#1277=DIRECTION('',(0.,0.,1.));
#1278=DIRECTION('',(1.,0.,0.));
#1279=DIRECTION('',(0.,0.,1.));
#1280=DIRECTION('',(0.,0.,1.));
#1281=DIRECTION('',(0.,0.,1.));
#1282=DIRECTION('',(-1.,0.,0.));
#1283=DIRECTION('',(0.,0.,1.));
#1284=DIRECTION('',(7.80527998189789E-17,-1.,0.));
#1285=DIRECTION('',(0.,0.,1.));
#1286=DIRECTION('',(0.,1.,0.));
#1287=DIRECTION('',(-1.,0.,0.));
#1288=DIRECTION('',(0.,0.,1.));
#1289=DIRECTION('',(0.,1.,0.));
#1290=DIRECTION('',(0.,0.,1.));
#1291=DIRECTION('',(0.,0.,1.));
#1292=DIRECTION('',(1.,0.,0.));
#1293=DIRECTION('',(7.80527998189789E-17,-1.,0.));
#1294=DIRECTION('',(1.,7.80527998189789E-17,0.));
#1295=DIRECTION('',(7.80527998189789E-17,-1.,0.));
#1296=DIRECTION('',(1.,7.80527998189789E-17,0.));
#1297=DIRECTION('',(1.,7.80527998189789E-17,0.));
#1298=DIRECTION('',(0.,0.,1.));
#1299=DIRECTION('',(7.80527998189789E-17,-1.,0.));
#1300=DIRECTION('',(1.,7.80527998189789E-17,0.));
#1301=DIRECTION('',(0.,-1.,0.));
#1302=DIRECTION('',(0.,0.,-1.));
#1303=DIRECTION('',(0.,0.,1.));
#1304=DIRECTION('',(0.999777625697918,-5.71060194893194E-36,-0.0210878911661171));
#1305=DIRECTION('',(-3.98620229575203E-16,-1.,-1.73517031610902E-15));
#1306=DIRECTION('',(0.987657257898537,-4.03291020262693E-16,-0.156630587435348));
#1307=DIRECTION('',(0.,0.,1.));
#1308=DIRECTION('',(0.,-1.,0.));
#1309=DIRECTION('',(0.,0.,-1.));
#1310=DIRECTION('',(0.,0.,1.));
#1311=DIRECTION('',(-1.99310114787601E-16,-1.,-8.67585158054508E-16));
#1312=DIRECTION('',(0.987657257898537,-2.06440938820128E-16,-0.156630587435348));
#1313=DIRECTION('',(0.999777625697918,-5.71060194893194E-36,-0.0210878911661171));
#1314=DIRECTION('',(0.,0.,1.));
#1315=DIRECTION('',(0.,0.,1.));
#1316=DIRECTION('',(2.34158399456937E-16,-1.,0.));
#1317=DIRECTION('',(1.,2.34158399456937E-16,0.));
#1318=DIRECTION('',(2.34158399456937E-16,-1.,0.));
#1319=DIRECTION('',(1.,2.34158399456937E-16,0.));
#1320=DIRECTION('',(2.34158399456937E-16,-1.,0.));
#1321=DIRECTION('',(1.,2.34158399456937E-16,0.));
#1322=DIRECTION('',(0.,0.,1.));
#1323=DIRECTION('',(1.,2.34158399456937E-16,0.));
#1324=DIRECTION('',(-1.,0.,0.));
#1325=DIRECTION('',(0.,0.,1.));
#1326=DIRECTION('',(-1.,0.,0.));
#1327=DIRECTION('',(0.,0.,1.));
#1328=DIRECTION('',(-1.,0.,0.));
#1329=DIRECTION('',(0.,-1.,0.));
#1330=DIRECTION('',(7.80527998189789E-17,-1.,0.));
#1331=DIRECTION('',(7.80527998189789E-17,-1.,0.));
#1332=DIRECTION('',(0.,0.,-1.));
#1333=DIRECTION('',(-1.,0.,0.));
#1334=DIRECTION('',(1.,2.34158399456937E-16,0.));
#1335=DIRECTION('',(0.,0.,-1.));
#1336=DIRECTION('',(-1.,0.,0.));
#1337=DIRECTION('',(0.,0.,-1.));
#1338=DIRECTION('',(-1.,0.,0.));
#1339=DIRECTION('',(1.,7.80527998189789E-17,0.));
#1340=DIRECTION('',(7.80527998189789E-17,-1.,0.));
#1341=DIRECTION('',(-0.0210878911661171,-1.64596894779335E-18,-0.999777625697918));
#1342=DIRECTION('',(-0.999777625697918,0.,0.0210878911661171));
#1343=DIRECTION('',(-7.80527998189789E-17,1.,-1.92635774560983E-34));
#1344=DIRECTION('',(-7.80527998189789E-17,1.,8.373607823169E-34));
#1345=DIRECTION('',(-1.,-7.80527998189789E-17,0.));
#1346=DIRECTION('',(7.80527998189789E-17,-1.,0.));
#1347=DIRECTION('',(7.80527998189789E-17,-1.,0.));
#1348=DIRECTION('',(7.80527998189789E-17,-1.,0.));
#1349=DIRECTION('',(7.80527998189789E-17,-1.,0.));
#1350=DIRECTION('',(7.80527998189789E-17,-1.,0.));
#1351=DIRECTION('',(7.80527998189789E-17,-1.,0.));
#1352=DIRECTION('',(7.80527998189789E-17,-1.,0.));
#1353=DIRECTION('',(7.80527998189789E-17,-1.,0.));
#1354=DIRECTION('',(1.,7.80527998189789E-17,0.));
#1355=DIRECTION('',(7.80527998189789E-17,-1.,0.));
#1356=DIRECTION('',(1.,7.80527998189789E-17,0.));
#1357=DIRECTION('',(7.80527998189789E-17,-1.,0.));
#1358=DIRECTION('',(1.,7.80527998189789E-17,0.));
#1359=DIRECTION('',(7.80527998189789E-17,-1.,0.));
#1360=DIRECTION('',(1.,7.80527998189789E-17,0.));
#1361=DIRECTION('',(7.80527998189789E-17,-1.,0.));
#1362=DIRECTION('',(1.,7.80527998189789E-17,0.));
#1363=DIRECTION('',(7.80527998189789E-17,-1.,0.));
#1364=DIRECTION('',(1.,7.80527998189789E-17,0.));
#1365=DIRECTION('',(7.80527998189789E-17,-1.,0.));
#1366=DIRECTION('',(1.,7.80527998189789E-17,0.));
#1367=DIRECTION('',(1.,2.34158399456937E-16,0.));
#1368=DIRECTION('',(-2.34158399456937E-16,1.,0.));
#1369=DIRECTION('',(-1.,-7.80527998189789E-17,0.));
#1370=DIRECTION('',(7.80527998189789E-17,-1.,0.));
#1371=DIRECTION('',(0.97276355502724,0.,-0.231799624699366));
#1372=DIRECTION('',(-0.231799624699366,0.,-0.97276355502724));
#1373=DIRECTION('',(-0.999112161933029,-7.20617747853598E-14,0.0421294181957176));
#1374=DIRECTION('',(0.0421294181957176,0.,0.999112161933029));
#1375=DIRECTION('',(0.972763555027203,1.54011821956612E-13,-0.231799624699519));
#1376=DIRECTION('',(-0.231799624699519,0.,-0.972763555027203));
#1377=DIRECTION('',(-0.999112161933027,-3.15222325333186E-15,0.0421294181957428));
#1378=DIRECTION('',(0.0421294181957428,0.,0.999112161933028));
#1379=DIRECTION('',(0.,0.,1.));
#1380=DIRECTION('',(1.,0.,0.));
#1381=DIRECTION('',(-2.87338136452954E-17,0.36813302933316,-0.929773129700999));
#1382=DIRECTION('',(0.,0.929773129700999,0.36813302933316));
#1383=DIRECTION('',(-0.952287453867305,0.215810802796028,0.215810802796012));
#1384=DIRECTION('',(-0.221019073327073,-0.97526948543756,0.));
#1385=DIRECTION('',(-7.25713959696176E-17,0.929773129700999,-0.36813302933316));
#1386=DIRECTION('',(0.,0.36813302933316,0.929773129700999));
#1387=DIRECTION('',(7.80527998189789E-17,-1.,0.));
#1388=DIRECTION('',(1.,7.80527998189789E-17,0.));
#1389=DIRECTION('',(-7.25713959696176E-17,0.929773129700999,0.36813302933316));
#1390=DIRECTION('',(0.,-0.36813302933316,0.929773129700999));
#1391=DIRECTION('',(-0.952287453867305,-0.215810802796027,0.215810802796012));
#1392=DIRECTION('',(0.221019073327072,-0.97526948543756,0.));
#1393=DIRECTION('',(-2.87338136452954E-17,0.36813302933316,0.929773129700999));
#1394=DIRECTION('',(0.,-0.929773129700999,0.36813302933316));
#1395=DIRECTION('',(0.,0.,-1.));
#1396=DIRECTION('',(-1.,0.,0.));
#1397=DIRECTION('',(-0.990638063497012,0.136509609594241,0.00116346006306908));
#1398=DIRECTION('',(-0.136509701986722,-0.990638733981009,0.));
#1399=DIRECTION('',(-0.990638063497012,-0.136509609594241,0.00116346006306923));
#1400=DIRECTION('',(0.136509701986722,-0.990638733981009,0.));
#1401=DIRECTION('',(7.80527998189789E-17,-1.,0.));
#1402=DIRECTION('',(1.,7.80527998189789E-17,0.));
#1403=DIRECTION('',(-0.945715572582274,0.300660569565632,-0.123390752019147));
#1404=DIRECTION('',(-0.302975861924483,-0.952998230371451,0.));
#1405=DIRECTION('',(-0.945715572582274,-0.300660569565632,-0.123390752019147));
#1406=DIRECTION('',(0.302975861924483,-0.952998230371451,0.));
#1407=DIRECTION('',(0.939201763288918,-0.288112716375374,0.186791623200269));
#1408=DIRECTION('',(0.293274477106716,0.956028284664101,0.));
#1409=DIRECTION('',(-0.939201763288907,-0.288112716375357,-0.186791623200351));
#1410=DIRECTION('',(0.293274477106703,-0.956028284664104,0.));
#1411=DIRECTION('',(7.80527998189789E-17,-1.,0.));
#1412=DIRECTION('',(1.,7.80527998189789E-17,0.));
#1413=DIRECTION('',(-0.772666803527409,0.63404263238363,-0.0312402152165166));
#1414=DIRECTION('',(-0.634352256320812,-0.773044122221167,0.));
#1415=DIRECTION('',(7.80527998189789E-17,-1.,0.));
#1416=DIRECTION('',(1.,7.80527998189789E-17,0.));
#1417=DIRECTION('',(-0.772666803527391,-0.634042632383651,-0.0312402152165159));
#1418=DIRECTION('',(0.634352256320834,-0.77304412222115,0.));
#1419=DIRECTION('',(-7.80527998189789E-17,1.,5.99997368198368E-34));
#1420=DIRECTION('',(-1.,-7.80527998189789E-17,0.));
#1421=CARTESIAN_POINT('',(0.,0.,0.));
#1422=CARTESIAN_POINT('',(-0.0998220544713183,-0.0152178314699848,-0.00107140575748628));
#1423=CARTESIAN_POINT('',(-0.0998220544713183,-0.0152178314699848,0.0300370529294016));
#1424=CARTESIAN_POINT('',(-0.094010030142517,-0.0155668042582753,-0.00107140575748628));
#1425=CARTESIAN_POINT('',(-0.094010030142517,-0.0155668042582753,0.0300370529294016));
#1426=CARTESIAN_POINT('',(-0.0852920514140812,-0.0160903357225718,-0.00107140575748628));
#1427=CARTESIAN_POINT('',(-0.0852920514140812,-0.0160903357225718,0.0300370529294015));
#1428=CARTESIAN_POINT('',(-0.075120874054225,-0.0167008694444047,-0.00107140575748628));
#1429=CARTESIAN_POINT('',(-0.075120874054225,-0.0167008694444047,0.0300370529294016));
#1430=CARTESIAN_POINT('',(-0.0693090615295657,-0.017050107266185,-0.00107140575748628));
#1431=CARTESIAN_POINT('',(-0.0693090615295657,-0.017050107266185,0.0300370529294015));
#1432=CARTESIAN_POINT('',(-0.0649493934293476,-0.0173110236864679,-0.00107140575748628));
#1433=CARTESIAN_POINT('',(-0.0649493934293476,-0.0173110236864679,0.0300370529294016));
#1434=CARTESIAN_POINT('',(-0.0613189120249819,-0.0175316766030011,-0.00107140575748628));
#1435=CARTESIAN_POINT('',(-0.0613189120249819,-0.0175316766030011,0.0300370529294015));
#1436=CARTESIAN_POINT('',(-0.0584087504248928,-0.0177009707501401,-0.00107140575748628));
#1437=CARTESIAN_POINT('',(-0.0584087504248928,-0.0177009707501401,0.0300370529294016));
#1438=CARTESIAN_POINT('',(-0.0555196344545369,-0.0178965995885913,-0.00107140575748628));
#1439=CARTESIAN_POINT('',(-0.0555196344545369,-0.0178965995885913,0.0300370529294016));
#1440=CARTESIAN_POINT('',(-0.0515940721031163,-0.0177480135823017,-0.00107140575748628));
#1441=CARTESIAN_POINT('',(-0.0515940721031163,-0.0177480135823017,0.0300370529294015));
#1442=CARTESIAN_POINT('',(-0.0463949064990242,-0.0169584550155116,-0.00107140575748628));
#1443=CARTESIAN_POINT('',(-0.0463949064990242,-0.0169584550155116,0.0300370529294016));
#1444=CARTESIAN_POINT('',(-0.0407031992205647,-0.0155525721515957,-0.00107140575748628));
#1445=CARTESIAN_POINT('',(-0.0407031992205647,-0.0155525721515957,0.0300370529294016));
#1446=CARTESIAN_POINT('',(-0.0345209767964837,-0.0135329008143633,-0.00107140575748628));
#1447=CARTESIAN_POINT('',(-0.0345209767964837,-0.0135329008143633,0.0300370529294016));
#1448=CARTESIAN_POINT('',(-0.0289569828025623,-0.0113341223411115,-0.00107140575748628));
#1449=CARTESIAN_POINT('',(-0.0289569828025623,-0.0113341223411115,0.0300370529294015));
#1450=CARTESIAN_POINT('',(-0.0242655996047461,-0.00927454894997687,-0.00107140575748628));
#1451=CARTESIAN_POINT('',(-0.0242655996047461,-0.00927454894997687,0.0300370529294016));
#1452=CARTESIAN_POINT('',(-0.0218278476443682,-0.0081295658344337,-0.00107140575748628));
#1453=CARTESIAN_POINT('',(-0.0218278476443682,-0.0081295658344337,0.0300370529294016));
#1454=CARTESIAN_POINT('',(-0.020600437355213,-0.00754639517629609,-0.00107140575748628));
#1455=CARTESIAN_POINT('',(-0.020600437355213,-0.00754639517629609,0.0300370529294016));
#1456=CARTESIAN_POINT('',(-0.0532621368054154,-0.01778,0.0297455784726821));
#1457=CARTESIAN_POINT('',(-0.0508494970933067,-0.0176478221702425,0.0293833722617804));
#1458=CARTESIAN_POINT('',(-0.0474346268925004,-0.0171416191188706,0.0283729830497597));
#1459=CARTESIAN_POINT('',(-0.0431395627751337,-0.0161571731058646,0.0262913007447237));
#1460=CARTESIAN_POINT('',(-0.0391393102703547,-0.0150511999432482,0.0238561500032219));
#1461=CARTESIAN_POINT('',(-0.0345756160898673,-0.0135265655238543,0.0202714515643766));
#1462=CARTESIAN_POINT('',(-0.0312585054160286,-0.01223803770201,0.0169741210607289));
#1463=CARTESIAN_POINT('',(-0.0296788327395916,-0.0115926404146794,0.0152591774240136));
#1464=CARTESIAN_POINT('',(-0.0532621368054169,-0.01778,0.0297455784726823));
#1465=CARTESIAN_POINT('',(-0.0296788327395916,-0.0115926404146794,0.0152591774240136));
#1466=CARTESIAN_POINT('',(-0.0532621368054162,-0.01778,0.0297455784726822));
#1467=CARTESIAN_POINT('',(-0.0545508702405139,-0.0178506039893699,0.029939054212987));
#1468=CARTESIAN_POINT('',(-0.0558467616213198,-0.0178582506584774,0.0300370529294016));
#1469=CARTESIAN_POINT('',(-0.05715,-0.01778,0.0300370529294016));
#1470=CARTESIAN_POINT('',(-0.05715,-0.01778,0.0300370529294015));
#1471=CARTESIAN_POINT('',(-0.05715,-0.01778,0.0300370529294015));
#1472=CARTESIAN_POINT('',(-0.0713740181571061,-0.0169259438233283,0.0300370529294015));
#1473=CARTESIAN_POINT('',(-0.0855980363142121,-0.0160718876466566,0.0300370529294015));
#1474=CARTESIAN_POINT('',(-0.0998220544713182,-0.0152178314699848,0.0300370529294015));
#1475=CARTESIAN_POINT('',(-0.0998220544713182,-0.0152178314699848,0.0300370529294016));
#1476=CARTESIAN_POINT('',(-0.0998220544713183,-0.0152178314699848,0.0300370529294016));
#1477=CARTESIAN_POINT('',(-0.0998220544713183,-0.0152178314699848,0.0296185862591574));
#1478=CARTESIAN_POINT('',(-0.0998220544713183,-0.0152178314699848,0.0296185862591574));
#1479=CARTESIAN_POINT('',(-0.0980247400246701,-0.0153257480578032,0.0295681238064624));
#1480=CARTESIAN_POINT('',(-0.0944303601288172,-0.015541566282826,0.029456668645525));
#1481=CARTESIAN_POINT('',(-0.0890396718563995,-0.0158652406879565,0.029253652228187));
#1482=CARTESIAN_POINT('',(-0.0836499175353844,-0.016188859015617,0.029008519510024));
#1483=CARTESIAN_POINT('',(-0.0791611953004594,-0.0164583764549053,0.0287613499886418));
#1484=CARTESIAN_POINT('',(-0.0755722077119139,-0.0166738709083109,0.0285297169745631));
#1485=CARTESIAN_POINT('',(-0.0728816827872117,-0.0168354187497893,0.0283357372055053));
#1486=CARTESIAN_POINT('',(-0.0701926364575468,-0.0169968778116272,0.0281170207275488));
#1487=CARTESIAN_POINT('',(-0.0675068727729506,-0.0171581397728093,0.0278667312597078));
#1488=CARTESIAN_POINT('',(-0.0652721271963649,-0.0172923211441977,0.0276226866278115));
#1489=CARTESIAN_POINT('',(-0.0634876618747193,-0.017399466228883,0.0273951325511437));
#1490=CARTESIAN_POINT('',(-0.0621522945773182,-0.0174796460118297,0.0272032919729405));
#1491=CARTESIAN_POINT('',(-0.060821302741283,-0.0175595630778885,0.0269819996024373));
#1492=CARTESIAN_POINT('',(-0.0597187368786164,-0.0176257647077504,0.0267611779213302));
#1493=CARTESIAN_POINT('',(-0.0588453971875739,-0.01767820285492,0.0265436453232447));
#1494=CARTESIAN_POINT('',(-0.0582001053064413,-0.0177169482720553,0.0263486608931212));
#1495=CARTESIAN_POINT('',(-0.0576748167999851,-0.0177484882974209,0.0261376523785477));
#1496=CARTESIAN_POINT('',(-0.0572956835467784,-0.01777125268742,0.0258995767711984));
#1497=CARTESIAN_POINT('',(-0.05715,-0.01778,0.0257065139203813));
#1498=CARTESIAN_POINT('',(-0.05715,-0.01778,0.0255920529294015));
#1499=CARTESIAN_POINT('',(-0.05715,-0.01778,0.0255920529294015));
#1500=CARTESIAN_POINT('',(-0.05715,-0.01778,-0.0127));
#1501=CARTESIAN_POINT('',(-0.05715,-0.01778,-0.000885868230526712));
#1502=CARTESIAN_POINT('',(-0.05715,-0.01778,-0.000885868230526705));
#1503=CARTESIAN_POINT('',(-0.0556857478772435,-0.0178679170793785,-0.000301647779347667));
#1504=CARTESIAN_POINT('',(-0.0527091420959098,-0.0178283370497202,0.000825094538689144));
#1505=CARTESIAN_POINT('',(-0.0467349061643642,-0.0170875135647991,0.00276553695645501));
#1506=CARTESIAN_POINT('',(-0.0422148794914708,-0.0159517139118912,0.00384188920851324));
#1507=CARTESIAN_POINT('',(-0.0392230461871754,-0.0150339289865049,0.00439506208846184));
#1508=CARTESIAN_POINT('',(-0.039223046187173,-0.0150339289865041,0.00439506208846228));
#1509=CARTESIAN_POINT('',(-0.0392230461871731,-0.0150339289865042,0.00439506208846229));
#1510=CARTESIAN_POINT('',(-0.0389258079892107,-0.0149427471893943,0.00445001973258016));
#1511=CARTESIAN_POINT('',(-0.0386272064112736,-0.0148494672754114,0.00449577503885722));
#1512=CARTESIAN_POINT('',(-0.0383272287631216,-0.0147540988018818,0.00453228274701786));
#1513=CARTESIAN_POINT('',(-0.0383272287631216,-0.0147540988018818,0.00453228274701787));
#1514=CARTESIAN_POINT('',(-0.0383272287631216,-0.0147540988018818,0.00453228274701787));
#1515=CARTESIAN_POINT('',(-0.0325043190082057,-0.0129028874924794,0.00524093917954812));
#1516=CARTESIAN_POINT('',(-0.0268486918584581,-0.010515515265448,0.00577595308412097));
#1517=CARTESIAN_POINT('',(-0.0213085003197193,-0.00788281206041575,0.00616844315279892));
#1518=CARTESIAN_POINT('',(-0.0213085003197193,-0.00788281206041574,0.00616844315279891));
#1519=CARTESIAN_POINT('',(-0.0213085003197193,-0.00788281206041575,0.00616844315279892));
#1520=CARTESIAN_POINT('',(-0.0213067365646887,-0.00788197406011635,0.00616856810449567));
#1521=CARTESIAN_POINT('',(-0.0213049728086424,-0.00788113605934712,0.00616869303870574));
#1522=CARTESIAN_POINT('',(-0.0213032090515882,-0.00788029805809258,0.00616881795542825));
#1523=CARTESIAN_POINT('',(-0.0213032090515882,-0.00788029805809258,0.00616881795542825));
#1524=CARTESIAN_POINT('',(-0.0213032090515882,-0.00788029805809258,0.00616881795542825));
#1525=CARTESIAN_POINT('',(-0.02130673979713,-0.00788197559592939,0.00622831141611767));
#1526=CARTESIAN_POINT('',(-0.0213085003197193,-0.00788281206041575,0.00628786913496147));
#1527=CARTESIAN_POINT('',(-0.0213085003197193,-0.00788281206041575,0.00634749075984162));
#1528=CARTESIAN_POINT('',(-0.0213085003197193,-0.00788281206041574,0.00634749075984162));
#1529=CARTESIAN_POINT('',(-0.0213085003197193,-0.00788281206041574,-0.0127));
#1530=CARTESIAN_POINT('',(-0.0213085003197193,-0.00788281206041573,0.0115101706832164));
#1531=CARTESIAN_POINT('',(-0.0296788327395916,-0.0115926404146794,0.0152591774240136));
#1532=CARTESIAN_POINT('',(-0.0290299069448534,-0.0113275127373763,0.0147946830767102));
#1533=CARTESIAN_POINT('',(-0.0276802702833524,-0.0107645063610638,0.0140137226398683));
#1534=CARTESIAN_POINT('',(-0.0248949421521577,-0.0095537164383639,0.0127278258365012));
#1535=CARTESIAN_POINT('',(-0.0227495233913164,-0.00856747502966071,0.011966709268299));
#1536=CARTESIAN_POINT('',(-0.0213085003197193,-0.00788281206041575,0.0115101706832164));
#1537=CARTESIAN_POINT('',(-0.1016,-3.46944695195361E-18,-0.0127));
#1538=CARTESIAN_POINT('',(-0.1016,0.086868,0.0300370529294016));
#1539=CARTESIAN_POINT('',(-0.1016,0.0104214770618868,0.0300370529294016));
#1540=CARTESIAN_POINT('',(-0.1016,-0.0104214770618868,0.0300370529294016));
#1541=CARTESIAN_POINT('',(-0.1016,0.0104214770618868,0.0146715730645025));
#1542=CARTESIAN_POINT('',(-0.1016,0.0104214770618868,0.0163158017165805));
#1543=CARTESIAN_POINT('',(-0.1016,-0.013335,0.0163158017165805));
#1544=CARTESIAN_POINT('',(-0.1016,0.00734029893155834,0.0163158017165805));
#1545=CARTESIAN_POINT('',(-0.1016,0.,0.02032));
#1546=CARTESIAN_POINT('',(-0.1016,-0.00734029893155834,0.0163158017165805));
#1547=CARTESIAN_POINT('',(-0.1016,-0.013335,0.0163158017165805));
#1548=CARTESIAN_POINT('',(-0.1016,-0.0104214770618868,0.0163158017165805));
#1549=CARTESIAN_POINT('',(-0.1016,-0.0104214770618868,-0.0127));
#1550=CARTESIAN_POINT('',(-0.00238835811614989,-3.46944695195361E-18,-0.0127));
#1551=CARTESIAN_POINT('',(0.0452499908953905,-0.00786464946344494,-0.0127));
#1552=CARTESIAN_POINT('',(0.0453433709964156,-0.00787373076193034,-0.0127));
#1553=CARTESIAN_POINT('',(0.0454367510974407,-0.00788281206041574,-0.0127));
#1554=CARTESIAN_POINT('',(0.0547747611999512,-0.00879094190895556,-0.0127));
#1555=CARTESIAN_POINT('',(0.1016,0.,-0.0127));
#1556=CARTESIAN_POINT('',(0.0912388545678423,-0.00190937008319542,-0.0127));
#1557=CARTESIAN_POINT('',(0.0949495985893819,-0.00123430019078089,-0.0127));
#1558=CARTESIAN_POINT('',(0.0912388545678411,-0.00190937008319563,-0.0127));
#1559=CARTESIAN_POINT('',(0.0895893535231311,-0.00220705564269225,-0.0127));
#1560=CARTESIAN_POINT('',(0.0862825284810035,-0.00265123509520285,-0.0127));
#1561=CARTESIAN_POINT('',(0.0821324652499154,-0.00280699745559335,-0.0127));
#1562=CARTESIAN_POINT('',(0.0787908525674616,-0.00260192517377402,-0.0127));
#1563=CARTESIAN_POINT('',(0.0762892914891258,-0.00222429188758854,-0.0127));
#1564=CARTESIAN_POINT('',(0.0738656818879153,-0.0015202059415597,-0.0127));
#1565=CARTESIAN_POINT('',(0.0723647455132842,-0.000656325577204771,-0.0127));
#1566=CARTESIAN_POINT('',(0.07183175235354,1.141930228037E-16,-0.0127));
#1567=CARTESIAN_POINT('',(0.0718317523535398,-1.76569477570319E-19,-0.0127));
#1568=CARTESIAN_POINT('',(0.0718317523535398,-4.8578008869246E-17,-0.0127));
#1569=CARTESIAN_POINT('',(0.0720983387177363,0.0003282733486489,-0.0127));
#1570=CARTESIAN_POINT('',(0.0727617175487461,0.000874214313269958,-0.0127));
#1571=CARTESIAN_POINT('',(0.0742699969565008,0.00164216496123037,-0.0127));
#1572=CARTESIAN_POINT('',(0.0762926666369221,0.00222302155277792,-0.0127));
#1573=CARTESIAN_POINT('',(0.0787734308333245,0.00260030854432076,-0.0127));
#1574=CARTESIAN_POINT('',(0.0821297920310945,0.00280753273137495,-0.0127));
#1575=CARTESIAN_POINT('',(0.0862806239431034,0.00265129320592152,-0.0127));
#1576=CARTESIAN_POINT('',(0.0895895099140751,0.00220702741880853,-0.0127));
#1577=CARTESIAN_POINT('',(0.0912388545678411,0.00190937008319563,-0.0127));
#1578=CARTESIAN_POINT('',(0.0912388545678423,0.00190937008319543,-0.0127));
#1579=CARTESIAN_POINT('',(0.0452499908953905,0.00786464946344495,-0.0127));
#1580=CARTESIAN_POINT('',(0.0453433709964156,0.00787373076193035,-0.0127));
#1581=CARTESIAN_POINT('',(0.0454367510974407,0.00788281206041575,-0.0127));
#1582=CARTESIAN_POINT('',(0.0547747611999512,0.00879094190895557,-0.0127));
#1583=CARTESIAN_POINT('',(0.1016,0.,-0.0127));
#1584=CARTESIAN_POINT('',(0.0949495985893819,0.00123430019078089,-0.0127));
#1585=CARTESIAN_POINT('',(0.0949495985893819,0.00123430019078089,-0.0127));
#1586=CARTESIAN_POINT('',(0.0961673564592387,0.00101105706973455,-0.0127));
#1587=CARTESIAN_POINT('',(0.0973229150603597,0.000617301274681146,-0.0127));
#1588=CARTESIAN_POINT('',(0.0983969291930535,-1.40947633829441E-17,-0.0127));
#1589=CARTESIAN_POINT('',(0.0983969291930535,3.28316732557274E-18,-0.0127));
#1590=CARTESIAN_POINT('',(0.0983969291930535,1.96183459854967E-18,-0.0127));
#1591=CARTESIAN_POINT('',(0.0973372382779833,-0.000609068849960244,-0.0127));
#1592=CARTESIAN_POINT('',(0.0961609364556008,-0.00101223400456267,-0.0127));
#1593=CARTESIAN_POINT('',(0.0949495985893819,-0.00123430019078089,-0.0127));
#1594=CARTESIAN_POINT('',(-0.079375,-0.01778,-0.0127));
#1595=CARTESIAN_POINT('',(-0.0685863196849823,-0.01778,-0.005461));
#1596=CARTESIAN_POINT('',(-0.0669353196849823,-0.01778,-0.005461));
#1597=CARTESIAN_POINT('',(-0.075342551147538,-0.01778,-0.00480111569902405));
#1598=CARTESIAN_POINT('',(-0.0747915412528067,-0.01778,-0.00532922113205193));
#1599=CARTESIAN_POINT('',(-0.0735283711845204,-0.01778,-0.00623063115117987));
#1600=CARTESIAN_POINT('',(-0.0706895080720236,-0.01778,-0.00735713315249124));
#1601=CARTESIAN_POINT('',(-0.0683865066157016,-0.01778,-0.00765441189848692));
#1602=CARTESIAN_POINT('',(-0.0668646377750793,-0.01778,-0.00771858432203298));
#1603=CARTESIAN_POINT('',(-0.075342551147543,-0.01778,-0.00480111569902999));
#1604=CARTESIAN_POINT('',(-0.0668646377750793,-0.01778,-0.00771858432203298));
#1605=CARTESIAN_POINT('',(-0.0668646377750793,-0.01778,-0.00771858432203298));
#1606=CARTESIAN_POINT('',(-0.0661180253399065,-0.01778,-0.00707826021664164));
#1607=CARTESIAN_POINT('',(-0.0646164978026335,-0.01778,-0.00580875782766699));
#1608=CARTESIAN_POINT('',(-0.0614408136149563,-0.01778,-0.00350193985089163));
#1609=CARTESIAN_POINT('',(-0.0588983747013258,-0.01778,-0.00198733693337409));
#1610=CARTESIAN_POINT('',(-0.05715,-0.01778,-0.00108112273034886));
#1611=CARTESIAN_POINT('',(-0.05715,-0.01778,-0.00108112273034886));
#1612=CARTESIAN_POINT('',(-0.05715,-0.01778,-0.00108112273034886));
#1613=CARTESIAN_POINT('',(-0.0571367842079375,-0.01778,-0.0010742727464969));
#1614=CARTESIAN_POINT('',(-0.0571235654253336,-0.01778,-0.00106742853852253));
#1615=CARTESIAN_POINT('',(-0.0571103436543911,-0.01778,-0.0010605901021709));
#1616=CARTESIAN_POINT('',(-0.0571103436543911,-0.01778,-0.00106059010217089));
#1617=CARTESIAN_POINT('',(-0.0571103436543911,-0.01778,-0.00106059010217089));
#1618=CARTESIAN_POINT('',(-0.0571381205473232,-0.01778,-0.00100644623669881));
#1619=CARTESIAN_POINT('',(-0.05715,-0.01778,-0.000946586272816065));
#1620=CARTESIAN_POINT('',(-0.05715,-0.01778,-0.000885868230526697));
#1621=CARTESIAN_POINT('',(-0.1016,-0.01778,0.0255920529294015));
#1622=CARTESIAN_POINT('',(-0.0942414770618868,-0.01778,0.0255920529294015));
#1623=CARTESIAN_POINT('',(-0.0942414770618868,-0.01778,-0.0127));
#1624=CARTESIAN_POINT('',(-0.0942414770618868,-0.01778,0.0133246828065496));
#1625=CARTESIAN_POINT('',(-0.0942414770618868,-0.01778,0.0133246828065496));
#1626=CARTESIAN_POINT('',(-0.0924762874067774,-0.01778,0.0129040561316878));
#1627=CARTESIAN_POINT('',(-0.089012373619914,-0.01778,0.0119123899202824));
#1628=CARTESIAN_POINT('',(-0.0848545530298863,-0.01778,0.0100000062410991));
#1629=CARTESIAN_POINT('',(-0.0819501323539917,-0.01778,0.00783310427304995));
#1630=CARTESIAN_POINT('',(-0.0800921678199964,-0.01778,0.0058052611570446));
#1631=CARTESIAN_POINT('',(-0.0787561902516745,-0.01778,0.00339213954875046));
#1632=CARTESIAN_POINT('',(-0.0783114001726979,-0.01778,0.00162770780254474));
#1633=CARTESIAN_POINT('',(-0.0782041659694421,-0.01778,0.000715613087575352));
#1634=CARTESIAN_POINT('',(-0.0782041659694421,-0.01778,0.000715613087575358));
#1635=CARTESIAN_POINT('',(-0.0782041659694418,-0.01778,0.000715613087575403));
#1636=CARTESIAN_POINT('',(-0.0778111086443679,-0.01778,-0.000990478451293084));
#1637=CARTESIAN_POINT('',(-0.0771657331221557,-0.01778,-0.00264508866081225));
#1638=CARTESIAN_POINT('',(-0.0760664753979438,-0.01778,-0.00401098533595626));
#1639=CARTESIAN_POINT('',(-0.0760664753979438,-0.01778,-0.00401098533595625));
#1640=CARTESIAN_POINT('',(-0.076855942606926,-0.01778,-0.005461));
#1641=CARTESIAN_POINT('',(0.0120641253888607,-0.00788281206041574,-0.0127));
#1642=CARTESIAN_POINT('',(-0.0213085003197193,-0.00788281206041574,0.00634749075984162));
#1643=CARTESIAN_POINT('',(-0.015714746265359,-0.00788281206041574,0.00668618833392261));
#1644=CARTESIAN_POINT('',(-0.00453294802547889,-0.00788281206041576,0.00700771326927238));
#1645=CARTESIAN_POINT('',(0.0122508198207805,-0.00788281206041575,0.00636767760189728));
#1646=CARTESIAN_POINT('',(0.0289595157403999,-0.00788281206041576,0.00455281767758468));
#1647=CARTESIAN_POINT('',(0.0399628637955085,-0.00788281206041574,0.00254748543355924));
#1648=CARTESIAN_POINT('',(0.0454367510974407,-0.00788281206041574,0.00134087369012637));
#1649=CARTESIAN_POINT('',(0.0454367510974407,-0.00788281206041574,0.00134087369012637));
#1650=CARTESIAN_POINT('',(0.0454367510974407,-0.00788281206041574,-0.0127));
#1651=CARTESIAN_POINT('',(0.0454367510974407,-0.00788281206041574,0.00678426267880645));
#1652=CARTESIAN_POINT('',(0.0124897568084968,-0.00788281206041574,0.00747919984478966));
#1653=CARTESIAN_POINT('',(0.00334756169468161,-0.00788281206041572,0.00767203234136105));
#1654=CARTESIAN_POINT('',(-0.00843482641503232,-0.00788281206041574,0.0145004629157482));
#1655=CARTESIAN_POINT('',(0.045318453864135,-0.0078713075484924,-0.0127));
#1656=CARTESIAN_POINT('',(0.045318453864135,-0.0078713075484924,0.00690116825487929));
#1657=CARTESIAN_POINT('',(0.0460489544398297,-0.00794234938394574,-0.0127));
#1658=CARTESIAN_POINT('',(0.0460489544398297,-0.00794234938394574,0.00690116825487929));
#1659=CARTESIAN_POINT('',(0.0477921412888332,-0.00801142314120472,-0.0127));
#1660=CARTESIAN_POINT('',(0.0477921412888332,-0.00801142314120472,0.00690116825487929));
#1661=CARTESIAN_POINT('',(0.0527166632488634,-0.00777747851458786,-0.0127));
#1662=CARTESIAN_POINT('',(0.0527166632488634,-0.00777747851458786,0.00690116825487929));
#1663=CARTESIAN_POINT('',(0.064918901506991,-0.00644070295230367,-0.0127));
#1664=CARTESIAN_POINT('',(0.064918901506991,-0.00644070295230367,0.00690116825487929));
#1665=CARTESIAN_POINT('',(0.0815819943248606,-0.00368972609128608,-0.0127));
#1666=CARTESIAN_POINT('',(0.0815819943248606,-0.00368972609128608,0.00690116825487929));
#1667=CARTESIAN_POINT('',(0.0954414618933747,-0.0011440427307869,-0.0127));
#1668=CARTESIAN_POINT('',(0.0954414618933747,-0.0011440427307869,0.00690116825487929));
#1669=CARTESIAN_POINT('',(0.0454367510974407,-0.00788281206041574,0.00134087369012637));
#1670=CARTESIAN_POINT('',(0.0454367510974407,-0.00788281206041574,0.00129596429509566));
#1671=CARTESIAN_POINT('',(0.0454320832176632,-0.00788235810492534,0.00125156275472896));
#1672=CARTESIAN_POINT('',(0.0454223986100837,-0.00788141626816164,0.00120770702289504));
#1673=CARTESIAN_POINT('',(0.0454223986100838,-0.00788141626816167,0.00120770702289504));
#1674=CARTESIAN_POINT('',(0.0454223986100838,-0.00788141626816167,0.00120770702289504));
#1675=CARTESIAN_POINT('',(0.0454271828064906,-0.00788188153554847,0.00120663897883673));
#1676=CARTESIAN_POINT('',(0.0454318555664951,-0.00788234704720734,0.00120507202314842));
#1677=CARTESIAN_POINT('',(0.0454367510974407,-0.00788281206041574,0.00120450243018624));
#1678=CARTESIAN_POINT('',(0.0454367510974407,-0.00788281206041574,0.00120450243018623));
#1679=CARTESIAN_POINT('',(0.0454367510974407,-0.00788281206041574,0.00120450243018624));
#1680=CARTESIAN_POINT('',(0.0467226539775976,-0.00800786429405092,0.001054918142625));
#1681=CARTESIAN_POINT('',(0.0492860595025704,-0.00796170874859655,0.000532210660486603));
#1682=CARTESIAN_POINT('',(0.053070402996959,-0.00769967462415941,-0.00032250323167983));
#1683=CARTESIAN_POINT('',(0.0568271592561562,-0.00731304416467836,-0.00127203455060122));
#1684=CARTESIAN_POINT('',(0.0618055709183051,-0.00670633355512711,-0.00262931383042979));
#1685=CARTESIAN_POINT('',(0.0679637226096743,-0.00583038629964675,-0.00448603461309869));
#1686=CARTESIAN_POINT('',(0.0728173826061653,-0.00506535900322031,-0.00614855691067994));
#1687=CARTESIAN_POINT('',(0.0752338205281486,-0.00467162994379421,-0.0070061052966146));
#1688=CARTESIAN_POINT('',(0.075233820528147,-0.00467162994379447,-0.00700610529661954));
#1689=CARTESIAN_POINT('',(0.0757939512890712,-0.00458013159128038,-0.00720490906648102));
#1690=CARTESIAN_POINT('',(0.0756205853592677,-0.00460852237559368,-0.00710517562296004));
#1691=CARTESIAN_POINT('',(0.0754301658601608,-0.00463963786893369,-0.007037804832855));
#1692=CARTESIAN_POINT('',(0.075233820528147,-0.00467162994379447,-0.00700610529661953));
#1693=CARTESIAN_POINT('',(0.0757939512890712,-0.00458013159128038,-0.00720490906648105));
#1694=CARTESIAN_POINT('',(0.0757939512890712,-0.00458013159128039,-0.00720490906648106));
#1695=CARTESIAN_POINT('',(0.0779544328691168,-0.00422632639656049,-0.00797180635115532));
#1696=CARTESIAN_POINT('',(0.080113201600931,-0.00386272911029374,-0.00873910935141996));
#1697=CARTESIAN_POINT('',(0.0822707112965168,-0.00349170136028272,-0.00950660001183128));
#1698=CARTESIAN_POINT('',(0.0822707112965168,-0.00349170136028272,-0.0095066000118314));
#1699=CARTESIAN_POINT('',(0.0842111036766935,-0.00315597605522164,-0.0101970249188514));
#1700=CARTESIAN_POINT('',(0.0845324110391984,-0.00310005471322742,-0.0100863723711283));
#1701=CARTESIAN_POINT('',(0.0850978937530328,-0.00300129478206992,-0.00966815249454596));
#1702=CARTESIAN_POINT('',(0.0854352245742846,-0.00294215456291974,-0.00864113312116844));
#1703=CARTESIAN_POINT('',(0.0851082334052534,-0.00299948449794271,-0.00761810714203424));
#1704=CARTESIAN_POINT('',(0.0842578703570164,-0.00314800981608183,-0.00697858044275066));
#1705=CARTESIAN_POINT('',(0.083201636961581,-0.00333132589206026,-0.00694349157214125));
#1706=CARTESIAN_POINT('',(0.0823105851662791,-0.00348492254011823,-0.00752296919023464));
#1707=CARTESIAN_POINT('',(0.081917249670786,-0.00355240684726623,-0.00852374763475269));
#1708=CARTESIAN_POINT('',(0.0820897680425166,-0.00352281823940904,-0.00921504503885114));
#1709=CARTESIAN_POINT('',(0.0822707112965169,-0.00349170136028272,-0.00950660001183137));
#1710=CARTESIAN_POINT('',(0.0842111036766935,-0.00315597605522164,-0.0101970249188514));
#1711=CARTESIAN_POINT('',(0.0842111036766935,-0.00315597605522164,-0.0101970249188514));
#1712=CARTESIAN_POINT('',(0.0865549595245437,-0.002748044025806,-0.0110312054680569));
#1713=CARTESIAN_POINT('',(0.0888974368452345,-0.00233192588999837,-0.0118655675257802));
#1714=CARTESIAN_POINT('',(0.091238854567841,-0.00190937008319564,-0.0127));
#1715=CARTESIAN_POINT('',(0.0949495985893819,-0.00123430019078089,-0.0127));
#1716=CARTESIAN_POINT('',(0.0927437757737905,-0.00163867841900971,-0.0107182459730495));
#1717=CARTESIAN_POINT('',(0.08809828620749,-0.00247979470129743,-0.00699862360359648));
#1718=CARTESIAN_POINT('',(0.0817629546680637,-0.0035861585175984,-0.00330254102512775));
#1719=CARTESIAN_POINT('',(0.0763241124572957,-0.00449730118817899,-0.00107856439700821));
#1720=CARTESIAN_POINT('',(0.0706156852863049,-0.00541925048423262,0.000581678073408651));
#1721=CARTESIAN_POINT('',(0.0662438963865777,-0.00607829897920036,0.00108548120418578));
#1722=CARTESIAN_POINT('',(0.063266845918089,-0.00648853558545506,0.0010889232109498));
#1723=CARTESIAN_POINT('',(0.063266845918089,-0.00648853558545506,0.0010889232109498));
#1724=CARTESIAN_POINT('',(0.063266845918089,-0.00648853558545506,0.0010889232109498));
#1725=CARTESIAN_POINT('',(0.0622982557173029,-0.00662200700653299,0.00109004307572049));
#1726=CARTESIAN_POINT('',(0.060396487159501,-0.00687562034589648,0.00134293109750336));
#1727=CARTESIAN_POINT('',(0.0567915466033287,-0.00731838894967511,0.00282601968162635));
#1728=CARTESIAN_POINT('',(0.0546667758491766,-0.00753348720334743,0.00491590834454844));
#1729=CARTESIAN_POINT('',(0.053692767709008,-0.00762293147531813,0.0066101219746185));
#1730=CARTESIAN_POINT('',(0.0536927677090079,-0.00762293147531814,0.00661012197461851));
#1731=CARTESIAN_POINT('',(0.0454367510974407,-0.00788281206041574,0.00678426267880645));
#1732=CARTESIAN_POINT('',(0.0468262287610511,-0.00801794000805683,0.00675495500778559));
#1733=CARTESIAN_POINT('',(0.0495796537496402,-0.0079501102400804,0.00669687816649512));
#1734=CARTESIAN_POINT('',(0.0523229929562996,-0.0077487194440908,0.00663901406038313));
#1735=CARTESIAN_POINT('',(0.0536927677090079,-0.00762293147531814,0.00661012197461851));
#1736=CARTESIAN_POINT('',(0.0806261077523919,-0.00377317696264278,-0.0067629693131226));
#1737=CARTESIAN_POINT('',(0.0811740555424331,-0.00367958506338563,-0.00546075873127081));
#1738=CARTESIAN_POINT('',(0.0806265516858852,-0.00377310098776865,-0.00415999576179416));
#1739=CARTESIAN_POINT('',(0.0793416324943091,-0.00399089531072208,-0.00363516496888268));
#1740=CARTESIAN_POINT('',(0.0780543776313059,-0.0042065772813957,-0.00415934542037774));
#1741=CARTESIAN_POINT('',(0.0775075065031073,-0.00429740014495223,-0.00546060030897894));
#1742=CARTESIAN_POINT('',(0.0780524787125721,-0.00420689360452468,-0.00676040298419158));
#1743=CARTESIAN_POINT('',(0.079339679912231,-0.00399122501500794,-0.00728715653340746));
#1744=CARTESIAN_POINT('',(0.0806261077523919,-0.00377317696264278,-0.0067629693131226));
#1745=CARTESIAN_POINT('',(0.0811740555424331,-0.00367958506338563,-0.00546075873127081));
#1746=CARTESIAN_POINT('',(0.0806265516858852,-0.00377310098776865,-0.00415999576179416));
#1747=CARTESIAN_POINT('',(0.0809914802680016,-0.00371076970065899,-0.005461));
#1748=CARTESIAN_POINT('',(0.0453184538641349,0.00787130754849239,-0.0127));
#1749=CARTESIAN_POINT('',(0.0453184538641349,0.00787130754849239,0.00690116825487929));
#1750=CARTESIAN_POINT('',(0.0460489544398297,0.00794234938394572,-0.0127));
#1751=CARTESIAN_POINT('',(0.0460489544398297,0.00794234938394572,0.00690116825487929));
#1752=CARTESIAN_POINT('',(0.0477921412888331,0.00801142314120474,-0.0127));
#1753=CARTESIAN_POINT('',(0.0477921412888331,0.00801142314120474,0.00690116825487929));
#1754=CARTESIAN_POINT('',(0.0527166632488632,0.00777747851458787,-0.0127));
#1755=CARTESIAN_POINT('',(0.0527166632488632,0.00777747851458787,0.00690116825487929));
#1756=CARTESIAN_POINT('',(0.0649189015069908,0.00644070295230371,-0.0127));
#1757=CARTESIAN_POINT('',(0.0649189015069908,0.00644070295230371,0.00690116825487929));
#1758=CARTESIAN_POINT('',(0.0815819943248605,0.0036897260912861,-0.0127));
#1759=CARTESIAN_POINT('',(0.0815819943248605,0.0036897260912861,0.00690116825487929));
#1760=CARTESIAN_POINT('',(0.0954414618933747,0.0011440427307869,-0.0127));
#1761=CARTESIAN_POINT('',(0.0954414618933747,0.0011440427307869,0.00690116825487929));
#1762=CARTESIAN_POINT('',(0.0912388545678411,0.00190937008319564,-0.0127));
#1763=CARTESIAN_POINT('',(0.0888974368452244,0.00233192588992195,-0.0118655675257765));
#1764=CARTESIAN_POINT('',(0.086554959524543,0.00274804402580613,-0.0110312054680566));
#1765=CARTESIAN_POINT('',(0.0842111036766935,0.00315597605522165,-0.0101970249188514));
#1766=CARTESIAN_POINT('',(0.0842111036766935,0.00315597605522165,-0.0101970249188514));
#1767=CARTESIAN_POINT('',(0.0842111036766935,0.00315597605522164,-0.0101970249188514));
#1768=CARTESIAN_POINT('',(0.0845324110391984,0.00310005471322742,-0.0100863723711283));
#1769=CARTESIAN_POINT('',(0.0850978937530328,0.00300129478206993,-0.00966815249454599));
#1770=CARTESIAN_POINT('',(0.0854352245742846,0.00294215456291974,-0.0086411331211685));
#1771=CARTESIAN_POINT('',(0.0851082334052534,0.00299948449794271,-0.00761810714203432));
#1772=CARTESIAN_POINT('',(0.0842578703570165,0.00314800981608181,-0.00697858044275071));
#1773=CARTESIAN_POINT('',(0.0832016369615812,0.00333132589206024,-0.00694349157214122));
#1774=CARTESIAN_POINT('',(0.0823105851662792,0.00348492254011822,-0.00752296919023451));
#1775=CARTESIAN_POINT('',(0.0819172496707861,0.00355240684726623,-0.00852374763475249));
#1776=CARTESIAN_POINT('',(0.0820897680425165,0.00352281823940905,-0.00921504503885095));
#1777=CARTESIAN_POINT('',(0.0822707112965168,0.00349170136028274,-0.0095066000118312));
#1778=CARTESIAN_POINT('',(0.0822707112965167,0.00349170136028275,-0.00950660001183122));
#1779=CARTESIAN_POINT('',(0.0822707112965167,0.00349170136028275,-0.00950660001183123));
#1780=CARTESIAN_POINT('',(0.0801132016009395,0.0038627291102923,-0.00873910935142297));
#1781=CARTESIAN_POINT('',(0.0779544328691338,0.00422632639655762,-0.00797180635116138));
#1782=CARTESIAN_POINT('',(0.0757939512890969,0.00458013159127618,-0.00720490906649018));
#1783=CARTESIAN_POINT('',(0.0757939512890953,0.00458013159127644,-0.00720490906649493));
#1784=CARTESIAN_POINT('',(0.0757939512890953,0.00458013159127644,-0.00720490906649489));
#1785=CARTESIAN_POINT('',(0.0756205853592865,0.0046085223755906,-0.00710517562296698));
#1786=CARTESIAN_POINT('',(0.0754301658601732,0.00463963786893168,-0.00703780483285761));
#1787=CARTESIAN_POINT('',(0.075233820528152,0.00467162994379367,-0.00700610529662033));
#1788=CARTESIAN_POINT('',(0.075233820528152,0.00467162994379366,-0.0070061052966198));
#1789=CARTESIAN_POINT('',(0.0752338205281532,0.00467162994379347,-0.00700610529661622));
#1790=CARTESIAN_POINT('',(0.0728173825930582,0.00506535900535597,-0.00614855690602849));
#1791=CARTESIAN_POINT('',(0.0679637032538028,0.00583050849076327,-0.00448588241368656));
#1792=CARTESIAN_POINT('',(0.0618056239643219,0.00670599755669633,-0.00262973232075295));
#1793=CARTESIAN_POINT('',(0.0568270674021563,0.00731362455483118,-0.00127131163945062));
#1794=CARTESIAN_POINT('',(0.0530707529824179,0.00769746003317035,-0.000325261576429432));
#1795=CARTESIAN_POINT('',(0.049915751062101,0.0079245656607277,0.000397890825010722));
#1796=CARTESIAN_POINT('',(0.047365293168544,0.0079850156641243,0.000910154568751263));
#1797=CARTESIAN_POINT('',(0.0460778924729614,0.00794516363359382,0.00112991955226594));
#1798=CARTESIAN_POINT('',(0.0454367510974407,0.00788281206041575,0.00120450243018624));
#1799=CARTESIAN_POINT('',(0.0454367510974407,0.00788281206041575,0.00120450243018623));
#1800=CARTESIAN_POINT('',(0.0454367510974407,0.00788281206041575,0.00120450243018624));
#1801=CARTESIAN_POINT('',(0.0454319669688083,0.00788234679962007,0.00120557078064731));
#1802=CARTESIAN_POINT('',(0.0454271828064905,0.00788188153554845,0.00120663897883677));
#1803=CARTESIAN_POINT('',(0.0454223986100836,0.00788141626816164,0.0012077070228951));
#1804=CARTESIAN_POINT('',(0.0454223986100836,0.00788141626816164,0.0012077070228951));
#1805=CARTESIAN_POINT('',(0.0454223986100836,0.00788141626816164,0.0012077070228951));
#1806=CARTESIAN_POINT('',(0.0454320832176631,0.00788235810492534,0.00125156275472901));
#1807=CARTESIAN_POINT('',(0.0454367510974407,0.00788281206041575,0.00129596429509568));
#1808=CARTESIAN_POINT('',(0.0454367510974407,0.00788281206041575,0.00134087369012639));
#1809=CARTESIAN_POINT('',(0.0454367510974407,0.00788281206041575,0.00134087369012637));
#1810=CARTESIAN_POINT('',(0.0454367510974407,0.00788281206041575,-0.0127));
#1811=CARTESIAN_POINT('',(0.0454367510974407,0.00788281206041574,0.00678426267880645));
#1812=CARTESIAN_POINT('',(0.0454367510974407,0.00788281206041575,0.00678426267880645));
#1813=CARTESIAN_POINT('',(0.0468262287610511,0.00801794000805684,0.00675495500778559));
#1814=CARTESIAN_POINT('',(0.0495796537496402,0.00795011024008041,0.00669687816649512));
#1815=CARTESIAN_POINT('',(0.0523229929562996,0.00774871944409081,0.00663901406038313));
#1816=CARTESIAN_POINT('',(0.0536927677090079,0.00762293147531815,0.00661012197461851));
#1817=CARTESIAN_POINT('',(0.0536927677090079,0.00762293147531814,0.00661012197461851));
#1818=CARTESIAN_POINT('',(0.0536927677090079,0.00762293147531815,0.0066101219746185));
#1819=CARTESIAN_POINT('',(0.0546667758494206,0.00753348720356301,0.00491590834468463));
#1820=CARTESIAN_POINT('',(0.0567915466032766,0.00731838894964144,0.00282601968160294));
#1821=CARTESIAN_POINT('',(0.0603964871595066,0.00687562034588076,0.00134293109749696));
#1822=CARTESIAN_POINT('',(0.062298255717315,0.00662200700658915,0.00109004307574817));
#1823=CARTESIAN_POINT('',(0.063266845918089,0.00648853558545507,0.0010889232109498));
#1824=CARTESIAN_POINT('',(0.063266845918089,0.00648853558545507,0.0010889232109498));
#1825=CARTESIAN_POINT('',(0.063266845918089,0.00648853558545507,0.0010889232109498));
#1826=CARTESIAN_POINT('',(0.0662438963866012,0.00607829897937485,0.0010854812041623));
#1827=CARTESIAN_POINT('',(0.0706156852862984,0.00541925048419357,0.000581678073413836));
#1828=CARTESIAN_POINT('',(0.0763241124572924,0.00449730118818692,-0.00107856439700758));
#1829=CARTESIAN_POINT('',(0.0817629546680666,0.0035861585175938,-0.00330254102512861));
#1830=CARTESIAN_POINT('',(0.0880982862074875,0.00247979470129807,-0.00699862360359522));
#1831=CARTESIAN_POINT('',(0.0927437757737905,0.00163867841901256,-0.0107182459730494));
#1832=CARTESIAN_POINT('',(0.0949495985893819,0.00123430019078089,-0.0127));
#1833=CARTESIAN_POINT('',(0.0806261077523918,0.00377317696264278,-0.00676296931312257));
#1834=CARTESIAN_POINT('',(0.0811740555424331,0.00367958506338563,-0.00546075873127082));
#1835=CARTESIAN_POINT('',(0.0806265516858851,0.00377310098776865,-0.00415999576179414));
#1836=CARTESIAN_POINT('',(0.0793416324943091,0.0039908953107221,-0.00363516496888268));
#1837=CARTESIAN_POINT('',(0.078054377631306,0.0042065772813957,-0.00415934542037776));
#1838=CARTESIAN_POINT('',(0.0775075065031073,0.00429740014495224,-0.00546060030897896));
#1839=CARTESIAN_POINT('',(0.0780524787125721,0.00420689360452468,-0.0067604029841916));
#1840=CARTESIAN_POINT('',(0.0793396799122311,0.00399122501500794,-0.00728715653340746));
#1841=CARTESIAN_POINT('',(0.0806261077523918,0.00377317696264278,-0.00676296931312257));
#1842=CARTESIAN_POINT('',(0.0811740555424331,0.00367958506338563,-0.00546075873127082));
#1843=CARTESIAN_POINT('',(0.0806265516858851,0.00377310098776865,-0.00415999576179414));
#1844=CARTESIAN_POINT('',(0.0809914802680015,0.00371076970065899,-0.005461));
#1845=CARTESIAN_POINT('',(0.0120641253888607,0.00788281206041574,-0.0127));
#1846=CARTESIAN_POINT('',(0.0454367510974407,0.00788281206041574,0.00134087369012637));
#1847=CARTESIAN_POINT('',(0.0344931274621273,0.00788281206041574,0.0037531821768973));
#1848=CARTESIAN_POINT('',(0.0123006959858487,0.00788281206041577,0.00695420904685226));
#1849=CARTESIAN_POINT('',(-0.0101245746425621,0.00788281206041574,0.00702466899448398));
#1850=CARTESIAN_POINT('',(-0.0213085003197193,0.00788281206041574,0.00634749075984162));
#1851=CARTESIAN_POINT('',(-0.0213085003197193,0.00788281206041574,0.00634749075984162));
#1852=CARTESIAN_POINT('',(-0.0213085003197193,0.00788281206041574,-0.0127));
#1853=CARTESIAN_POINT('',(-0.0213085003197193,0.00788281206041575,0.0115101706832164));
#1854=CARTESIAN_POINT('',(-0.0084348264150323,0.00788281206041575,0.0145004629157483));
#1855=CARTESIAN_POINT('',(0.00334756169468161,0.00788281206041577,0.00767203234136105));
#1856=CARTESIAN_POINT('',(0.0124897568084968,0.00788281206041574,0.00747919984478966));
#1857=CARTESIAN_POINT('',(-0.0998220544713183,0.0152178314699848,-0.00107140575748628));
#1858=CARTESIAN_POINT('',(-0.0998220544713183,0.0152178314699848,0.0302225904563611));
#1859=CARTESIAN_POINT('',(-0.0940100301425171,0.0155668042582752,-0.00107140575748628));
#1860=CARTESIAN_POINT('',(-0.0940100301425171,0.0155668042582752,0.0302225904563611));
#1861=CARTESIAN_POINT('',(-0.0852920514140812,0.0160903357225718,-0.00107140575748628));
#1862=CARTESIAN_POINT('',(-0.0852920514140812,0.0160903357225718,0.0302225904563611));
#1863=CARTESIAN_POINT('',(-0.0751208740542251,0.0167008694444047,-0.00107140575748628));
#1864=CARTESIAN_POINT('',(-0.0751208740542251,0.0167008694444047,0.0302225904563611));
#1865=CARTESIAN_POINT('',(-0.0693090615295657,0.017050107266185,-0.00107140575748628));
#1866=CARTESIAN_POINT('',(-0.0693090615295657,0.017050107266185,0.0302225904563611));
#1867=CARTESIAN_POINT('',(-0.0649493934293477,0.017311023686468,-0.00107140575748628));
#1868=CARTESIAN_POINT('',(-0.0649493934293477,0.017311023686468,0.0302225904563611));
#1869=CARTESIAN_POINT('',(-0.0613189120249819,0.0175316766030011,-0.00107140575748628));
#1870=CARTESIAN_POINT('',(-0.0613189120249819,0.0175316766030011,0.0302225904563611));
#1871=CARTESIAN_POINT('',(-0.0584087504248928,0.0177009707501401,-0.00107140575748628));
#1872=CARTESIAN_POINT('',(-0.0584087504248928,0.0177009707501401,0.0302225904563611));
#1873=CARTESIAN_POINT('',(-0.0555196344545369,0.0178965995885913,-0.00107140575748628));
#1874=CARTESIAN_POINT('',(-0.0555196344545369,0.0178965995885913,0.0302225904563611));
#1875=CARTESIAN_POINT('',(-0.0515940721031164,0.0177480135823017,-0.00107140575748628));
#1876=CARTESIAN_POINT('',(-0.0515940721031164,0.0177480135823017,0.0302225904563611));
#1877=CARTESIAN_POINT('',(-0.0463949064990242,0.0169584550155116,-0.00107140575748628));
#1878=CARTESIAN_POINT('',(-0.0463949064990242,0.0169584550155116,0.0302225904563611));
#1879=CARTESIAN_POINT('',(-0.0407031992205648,0.0155525721515958,-0.00107140575748628));
#1880=CARTESIAN_POINT('',(-0.0407031992205648,0.0155525721515958,0.0302225904563611));
#1881=CARTESIAN_POINT('',(-0.0345209767964837,0.0135329008143633,-0.00107140575748628));
#1882=CARTESIAN_POINT('',(-0.0345209767964837,0.0135329008143633,0.0302225904563611));
#1883=CARTESIAN_POINT('',(-0.0289569828025623,0.0113341223411115,-0.00107140575748628));
#1884=CARTESIAN_POINT('',(-0.0289569828025623,0.0113341223411115,0.0302225904563611));
#1885=CARTESIAN_POINT('',(-0.0242655996047461,0.00927454894997685,-0.00107140575748628));
#1886=CARTESIAN_POINT('',(-0.0242655996047461,0.00927454894997685,0.0302225904563611));
#1887=CARTESIAN_POINT('',(-0.0218278476443681,0.00812956583443369,-0.00107140575748628));
#1888=CARTESIAN_POINT('',(-0.0218278476443681,0.00812956583443369,0.0302225904563611));
#1889=CARTESIAN_POINT('',(-0.0206004373552131,0.00754639517629609,-0.00107140575748628));
#1890=CARTESIAN_POINT('',(-0.0206004373552131,0.00754639517629609,0.0302225904563611));
#1891=CARTESIAN_POINT('',(-0.0383272287631216,0.0147540988018817,0.00453228274701786));
#1892=CARTESIAN_POINT('',(-0.0386272064112765,0.0148494672754122,0.00449577503885688));
#1893=CARTESIAN_POINT('',(-0.0389258079892163,0.014942747189396,0.0044500197325793));
#1894=CARTESIAN_POINT('',(-0.0392230461871814,0.0150339289865067,0.00439506208846074));
#1895=CARTESIAN_POINT('',(-0.0383272287631216,0.0147540988018817,0.00453228274701787));
#1896=CARTESIAN_POINT('',(-0.0392230461871814,0.0150339289865067,0.00439506208846073));
#1897=CARTESIAN_POINT('',(-0.0392230461871814,0.0150339289865067,0.00439506208846074));
#1898=CARTESIAN_POINT('',(-0.0422148794564542,0.015951713901149,0.00384188921498743));
#1899=CARTESIAN_POINT('',(-0.0482354450931761,0.0174624070429187,0.00241223119900832));
#1900=CARTESIAN_POINT('',(-0.0542106017571176,0.0179564910025637,0.000286918559593282));
#1901=CARTESIAN_POINT('',(-0.05715,0.01778,-0.000885868230526705));
#1902=CARTESIAN_POINT('',(-0.05715,0.01778,-0.000885868230526712));
#1903=CARTESIAN_POINT('',(-0.05715,0.01778,-0.0127));
#1904=CARTESIAN_POINT('',(-0.05715,0.01778,0.0255920529294015));
#1905=CARTESIAN_POINT('',(-0.05715,0.01778,0.0255920529294015));
#1906=CARTESIAN_POINT('',(-0.05715,0.01778,0.0257081117121763));
#1907=CARTESIAN_POINT('',(-0.0572997244016273,0.0177710100613908,0.0259034563966675));
#1908=CARTESIAN_POINT('',(-0.0576841223936338,0.0177479295594013,0.0261420930538545));
#1909=CARTESIAN_POINT('',(-0.0582106657134511,0.0177163141909726,0.026352277960817));
#1910=CARTESIAN_POINT('',(-0.0588587519116039,0.0176774009939815,0.0265472857707117));
#1911=CARTESIAN_POINT('',(-0.0597311236834115,0.0176250209638227,0.0267638198461402));
#1912=CARTESIAN_POINT('',(-0.0608329426886144,0.0175588641777026,0.0269841135699743));
#1913=CARTESIAN_POINT('',(-0.0621650060869694,0.0174788827715689,0.0272052502071141));
#1914=CARTESIAN_POINT('',(-0.0635013468064049,0.0173986445412062,0.0273969778720225));
#1915=CARTESIAN_POINT('',(-0.0652852628765682,0.017291532435361,0.0276242062998802));
#1916=CARTESIAN_POINT('',(-0.0675191147192942,0.0171574047266524,0.027867953461872));
#1917=CARTESIAN_POINT('',(-0.07020363275794,0.0169962175580917,0.028117968124189));
#1918=CARTESIAN_POINT('',(-0.0728911410648105,0.0168348508441304,0.0283364555144788));
#1919=CARTESIAN_POINT('',(-0.0755808890780693,0.0166733496509344,0.0285303075396329));
#1920=CARTESIAN_POINT('',(-0.0791700494821849,0.0164578448211217,0.0287618724225119));
#1921=CARTESIAN_POINT('',(-0.0836582294438889,0.0161883599416755,0.0290089277916511));
#1922=CARTESIAN_POINT('',(-0.0890450701364352,0.0158649165577174,0.0292538673162663));
#1923=CARTESIAN_POINT('',(-0.0944330520353722,0.0155414046520269,0.0294567549584411));
#1924=CARTESIAN_POINT('',(-0.0980256302774414,0.0153256946041398,0.0295681488017204));
#1925=CARTESIAN_POINT('',(-0.0998220544713183,0.0152178314699848,0.0296185862591574));
#1926=CARTESIAN_POINT('',(-0.0998220544713183,0.0152178314699848,0.0296185862591574));
#1927=CARTESIAN_POINT('',(-0.0998220544713183,0.0152178314699848,0.0296185862591574));
#1928=CARTESIAN_POINT('',(-0.0998220544713183,0.0152178314699848,0.0300370529294016));
#1929=CARTESIAN_POINT('',(-0.0998220544713183,0.0152178314699848,0.0300370529294015));
#1930=CARTESIAN_POINT('',(-0.0966601948415695,0.0154076797756274,0.0300370529294015));
#1931=CARTESIAN_POINT('',(-0.0903364660397212,0.0157874224776799,0.0300371049880729));
#1932=CARTESIAN_POINT('',(-0.0808509300910521,0.0163567599861546,0.0300368707240518));
#1933=CARTESIAN_POINT('',(-0.0729461498093601,0.016832014498312,0.030037586530783));
#1934=CARTESIAN_POINT('',(-0.0666226977356772,0.0172104205681117,0.0300361288879849));
#1935=CARTESIAN_POINT('',(-0.0626696933060161,0.0174510149173379,0.0300398380683192));
#1936=CARTESIAN_POINT('',(-0.0595092292450318,0.017634122448257,0.030032224487633));
#1937=CARTESIAN_POINT('',(-0.0571335708812254,0.0177971026084711,0.0300554849527295));
#1938=CARTESIAN_POINT('',(-0.0547781878450636,0.0178621511415197,0.0299681336233942));
#1939=CARTESIAN_POINT('',(-0.0517007863490444,0.0177120145384984,0.0295418096885739));
#1940=CARTESIAN_POINT('',(-0.0479069887844147,0.0172150082583524,0.0285103282100336));
#1941=CARTESIAN_POINT('',(-0.0437234313365623,0.0163186863623456,0.0266460244362114));
#1942=CARTESIAN_POINT('',(-0.0398038181617135,0.0152408434987724,0.0242791483210636));
#1943=CARTESIAN_POINT('',(-0.0349613825301137,0.0136711742356686,0.020622546448878));
#1944=CARTESIAN_POINT('',(-0.0317257547393885,0.0124289389249671,0.0174813820052323));
#1945=CARTESIAN_POINT('',(-0.0296788327395915,0.0115926404146794,0.0152591774240136));
#1946=CARTESIAN_POINT('',(-0.0296788327395916,0.0115926404146795,0.0152591774240136));
#1947=CARTESIAN_POINT('',(-0.0296788327395916,0.0115926404146794,0.0152591774240136));
#1948=CARTESIAN_POINT('',(-0.0290299069448534,0.0113275127373763,0.0147946830767102));
#1949=CARTESIAN_POINT('',(-0.0276802702833524,0.0107645063610638,0.0140137226398683));
#1950=CARTESIAN_POINT('',(-0.0248949421521577,0.00955371643836386,0.0127278258365012));
#1951=CARTESIAN_POINT('',(-0.0227495233913164,0.00856747502966072,0.011966709268299));
#1952=CARTESIAN_POINT('',(-0.0213085003197193,0.00788281206041575,0.0115101706832164));
#1953=CARTESIAN_POINT('',(-0.0213085003197193,0.00788281206041574,0.00634749075984162));
#1954=CARTESIAN_POINT('',(-0.0213085003197193,0.00788281206041574,0.00628786913496147));
#1955=CARTESIAN_POINT('',(-0.02130673979713,0.00788197559592937,0.00622831141611767));
#1956=CARTESIAN_POINT('',(-0.0213032090515882,0.00788029805809256,0.00616881795542825));
#1957=CARTESIAN_POINT('',(-0.0213032090515882,0.00788029805809256,0.00616881795542824));
#1958=CARTESIAN_POINT('',(-0.0213032090515882,0.00788029805809256,0.00616881795542825));
#1959=CARTESIAN_POINT('',(-0.0213049728086424,0.0078811360593471,0.00616869303870574));
#1960=CARTESIAN_POINT('',(-0.0213067365646759,0.00788197406011663,0.0061685681043172));
#1961=CARTESIAN_POINT('',(-0.0213085003197193,0.00788281206041575,0.00616844315279892));
#1962=CARTESIAN_POINT('',(-0.0213085003197193,0.00788281206041574,0.00616844315279892));
#1963=CARTESIAN_POINT('',(-0.0213085003197193,0.00788281206041575,0.00616844315279892));
#1964=CARTESIAN_POINT('',(-0.02684902367922,0.0105152412346986,0.00578884912566738));
#1965=CARTESIAN_POINT('',(-0.0325043190063105,0.0129028874918768,0.00524093917977876));
#1966=CARTESIAN_POINT('',(-0.0383272287631216,0.0147540988018817,0.00453228274701786));
#1967=CARTESIAN_POINT('',(-0.079375,0.01778,-0.0127));
#1968=CARTESIAN_POINT('',(-0.0685863196849823,0.01778,-0.005461));
#1969=CARTESIAN_POINT('',(-0.0669353196849823,0.01778,-0.005461));
#1970=CARTESIAN_POINT('',(-0.0571103436543911,0.01778,-0.00106059010217087));
#1971=CARTESIAN_POINT('',(-0.0571381205473232,0.01778,-0.00100644623669879));
#1972=CARTESIAN_POINT('',(-0.05715,0.01778,-0.00094658627281606));
#1973=CARTESIAN_POINT('',(-0.05715,0.01778,-0.000885868230526704));
#1974=CARTESIAN_POINT('',(-0.0571103436543911,0.01778,-0.00106059010217087));
#1975=CARTESIAN_POINT('',(-0.057110343654391,0.01778,-0.00106059010217081));
#1976=CARTESIAN_POINT('',(-0.0571235654253335,0.01778,-0.00106742853852245));
#1977=CARTESIAN_POINT('',(-0.0571367842079375,0.01778,-0.00107427274649691));
#1978=CARTESIAN_POINT('',(-0.05715,0.01778,-0.00108112273034886));
#1979=CARTESIAN_POINT('',(-0.05715,0.01778,-0.00108112273034887));
#1980=CARTESIAN_POINT('',(-0.05715,0.01778,-0.00108112273034886));
#1981=CARTESIAN_POINT('',(-0.0589038396915552,0.01778,-0.00199016953656952));
#1982=CARTESIAN_POINT('',(-0.0614354240750224,0.01778,-0.00349889323308589));
#1983=CARTESIAN_POINT('',(-0.0646104418774379,0.01778,-0.00580387279032643));
#1984=CARTESIAN_POINT('',(-0.0661159065707732,0.01778,-0.00707644307713718));
#1985=CARTESIAN_POINT('',(-0.0668646377750803,0.01778,-0.00771858432203295));
#1986=CARTESIAN_POINT('',(-0.0668646377750803,0.01778,-0.00771858432203294));
#1987=CARTESIAN_POINT('',(-0.0668646377750803,0.01778,-0.00771858432203294));
#1988=CARTESIAN_POINT('',(-0.0683865066157054,0.01778,-0.0076544118984867));
#1989=CARTESIAN_POINT('',(-0.0706895080720316,0.01778,-0.0073571331524901));
#1990=CARTESIAN_POINT('',(-0.0735283711845331,0.01778,-0.00623063115117352));
#1991=CARTESIAN_POINT('',(-0.0747915412528199,0.01778,-0.00532922113204162));
#1992=CARTESIAN_POINT('',(-0.0753425511475511,0.01778,-0.00480111569901146));
#1993=CARTESIAN_POINT('',(-0.0753425511475511,0.01778,-0.00480111569901147));
#1994=CARTESIAN_POINT('',(-0.076855942606926,0.01778,-0.005461));
#1995=CARTESIAN_POINT('',(-0.0760664753979656,0.01778,-0.00401098533594441));
#1996=CARTESIAN_POINT('',(-0.0760664753979573,0.01778,-0.00401098533593952));
#1997=CARTESIAN_POINT('',(-0.0771657331221609,0.01778,-0.00264508866079879));
#1998=CARTESIAN_POINT('',(-0.0778111086443695,0.01778,-0.000990478451286143));
#1999=CARTESIAN_POINT('',(-0.0782041659694418,0.01778,0.000715613087575412));
#2000=CARTESIAN_POINT('',(-0.0782041659694422,0.01778,0.000715613087575358));
#2001=CARTESIAN_POINT('',(-0.0782041659694422,0.01778,0.000715613087575358));
#2002=CARTESIAN_POINT('',(-0.0783114001726979,0.01778,0.00162770780254457));
#2003=CARTESIAN_POINT('',(-0.0787561902516744,0.01778,0.00339213954874997));
#2004=CARTESIAN_POINT('',(-0.0800921678199959,0.01778,0.00580526115704378));
#2005=CARTESIAN_POINT('',(-0.0819501323539905,0.01778,0.00783310427304889));
#2006=CARTESIAN_POINT('',(-0.0848545530298845,0.01778,0.010000006241098));
#2007=CARTESIAN_POINT('',(-0.0890123736199109,0.01778,0.0119123899202813));
#2008=CARTESIAN_POINT('',(-0.0924762874067734,0.01778,0.0129040561316868));
#2009=CARTESIAN_POINT('',(-0.0942414770618824,0.01778,0.0133246828065486));
#2010=CARTESIAN_POINT('',(-0.0942414770618824,0.01778,0.0133246828065486));
#2011=CARTESIAN_POINT('',(-0.0942414770618868,0.01778,0.0255920529294015));
#2012=CARTESIAN_POINT('',(-0.0942414770618868,0.01778,0.0255920529294015));
#2013=CARTESIAN_POINT('',(-0.079375,0.01778,0.0255920529294015));
#2014=CARTESIAN_POINT('',(-0.05715,0.,0.02032));
#2015=CARTESIAN_POINT('',(-0.05715,0.,0.02032));
#2016=CARTESIAN_POINT('',(-0.05715,0.,0.0286814348228983));
#2017=CARTESIAN_POINT('',(-0.1016,0.00734029893155834,0.0163158017165805));
#2018=CARTESIAN_POINT('',(-0.1016,0.00660602182076811,0.0149697611086218));
#2019=CARTESIAN_POINT('',(-0.101054865498997,0.00500008818366217,0.0133404926845155));
#2020=CARTESIAN_POINT('',(-0.100334360252134,0.00227595803605783,0.0121699985146212));
#2021=CARTESIAN_POINT('',(-0.100090511318695,5.29787083189371E-6,0.0118540239634894));
#2022=CARTESIAN_POINT('',(-0.100331176295369,-0.0022606755933783,0.0121653099527953));
#2023=CARTESIAN_POINT('',(-0.101055146745963,-0.00500367565848424,0.0133401546255332));
#2024=CARTESIAN_POINT('',(-0.1016,-0.00660536354434315,0.0149685543887252));
#2025=CARTESIAN_POINT('',(-0.1016,-0.00734029893155833,0.0163158017165805));
#2026=CARTESIAN_POINT('',(-0.05715,-6.93889390390723E-18,0.0127));
#2027=CARTESIAN_POINT('',(-0.0296788327395916,0.0117317520996556,0.0152591774240136));
#2028=CARTESIAN_POINT('',(-0.0296788327395916,-0.0117317520996555,0.0152591774240136));
#2029=CARTESIAN_POINT('',(-0.028501089869274,0.0117317520996556,0.0144161613037189));
#2030=CARTESIAN_POINT('',(-0.028501089869274,-0.0117317520996556,0.0144161613037189));
#2031=CARTESIAN_POINT('',(-0.0249190055930991,0.0117317520996556,0.0125382998847358));
#2032=CARTESIAN_POINT('',(-0.0249190055930991,-0.0117317520996556,0.0125382998847358));
#2033=CARTESIAN_POINT('',(-0.0157797830153464,0.0117317520996556,0.00978860495767245));
#2034=CARTESIAN_POINT('',(-0.0157797830153464,-0.0117317520996556,0.00978860495767245));
#2035=CARTESIAN_POINT('',(-0.00514810280251379,0.0117317520996556,0.00799633548151524));
#2036=CARTESIAN_POINT('',(-0.00514810280251378,-0.0117317520996556,0.00799633548151524));
#2037=CARTESIAN_POINT('',(0.000855705183413286,0.0117317520996556,0.00767203234136105));
#2038=CARTESIAN_POINT('',(0.000855705183413288,-0.0117317520996556,0.00767203234136105));
#2039=CARTESIAN_POINT('',(0.00334756169468164,0.0117317520996556,0.00767203234136105));
#2040=CARTESIAN_POINT('',(0.00334756169468164,-0.0117317520996555,0.00767203234136105));
#2041=CARTESIAN_POINT('',(0.00334756169468161,0.086868,0.00767203234136105));
#2042=CARTESIAN_POINT('',(-0.0296788327395916,0.086868,0.0152591774240136));
#2043=CARTESIAN_POINT('',(-0.079375,0.086868,0.0300370529294016));
#2044=CARTESIAN_POINT('',(-0.079375,0.013335,0.0300370529294016));
#2045=CARTESIAN_POINT('',(-0.05715,0.013335,0.0300370529294015));
#2046=CARTESIAN_POINT('',(-0.100998639478155,0.013335,0.0300370529294016));
#2047=CARTESIAN_POINT('',(-0.0942414770618868,0.0104214770618868,0.0300370529294016));
#2048=CARTESIAN_POINT('',(-0.0942414770618868,-0.0104214770618868,0.0300370529294016));
#2049=CARTESIAN_POINT('',(-0.100998639478155,-0.013335,0.0300370529294016));
#2050=CARTESIAN_POINT('',(-0.05715,-0.013335,0.0300370529294016));
#2051=CARTESIAN_POINT('',(-0.05715,-0.013335,0.0300370529294015));
#2052=CARTESIAN_POINT('',(-0.05715,0.086868,0.0300370529294015));
#2053=CARTESIAN_POINT('',(-0.101428038569624,0.0181500141318484,0.0300370529294015));
#2054=CARTESIAN_POINT('',(-0.101428038569624,-0.01778,0.0300370529294015));
#2055=CARTESIAN_POINT('',(-0.0954283790415929,0.0181500141318484,0.0300370529294015));
#2056=CARTESIAN_POINT('',(-0.0954283790415929,-0.01778,0.0300370529294015));
#2057=CARTESIAN_POINT('',(-0.0864288877124479,0.0181500141318484,0.0300371749518499));
#2058=CARTESIAN_POINT('',(-0.0864288877124479,-0.01778,0.0300371749518499));
#2059=CARTESIAN_POINT('',(-0.0759294882916205,0.0181500141318484,0.0300368902328037));
#2060=CARTESIAN_POINT('',(-0.0759294882916205,-0.01778,0.0300368902328037));
#2061=CARTESIAN_POINT('',(-0.0699298212942309,0.0181500141318484,0.0300373376484478));
#2062=CARTESIAN_POINT('',(-0.0699298212942309,-0.01778,0.0300373376484478));
#2063=CARTESIAN_POINT('',(-0.0654300995655562,0.0181500141318484,0.0300359648959036));
#2064=CARTESIAN_POINT('',(-0.0654300995655562,-0.01778,0.0300359648959036));
#2065=CARTESIAN_POINT('',(-0.0616802406377221,0.0181500141318484,0.03004026110294));
#2066=CARTESIAN_POINT('',(-0.0616802406377221,-0.01778,0.03004026110294));
#2067=CARTESIAN_POINT('',(-0.0586805572052234,0.0181500141318484,0.0300314958237318));
#2068=CARTESIAN_POINT('',(-0.0586805572052234,-0.01778,0.0300314958237318));
#2069=CARTESIAN_POINT('',(-0.0556801315901347,0.0181500141318484,0.0300671873898813));
#2070=CARTESIAN_POINT('',(-0.0556801315901347,-0.01778,0.0300671873898813));
#2071=CARTESIAN_POINT('',(-0.0519374042094081,0.0181500141318484,0.0296443028852613));
#2072=CARTESIAN_POINT('',(-0.0519374042094081,-0.01778,0.0296443028852613));
#2073=CARTESIAN_POINT('',(-0.0474592734912951,0.0181500141318484,0.0283496254516478));
#2074=CARTESIAN_POINT('',(-0.0474592734912951,-0.01778,0.0283496254516478));
#2075=CARTESIAN_POINT('',(-0.0429941095411167,0.0181500141318484,0.0262782367279232));
#2076=CARTESIAN_POINT('',(-0.0429941095411167,-0.01778,0.0262782367279232));
#2077=CARTESIAN_POINT('',(-0.0370579089855293,0.0181500141318484,0.0224770350248682));
#2078=CARTESIAN_POINT('',(-0.0370579089855293,-0.01778,0.0224770350248682));
#2079=CARTESIAN_POINT('',(-0.0326252613319881,0.0181500141318484,0.018457915391023));
#2080=CARTESIAN_POINT('',(-0.0326252613319881,-0.01778,0.018457915391023));
#2081=CARTESIAN_POINT('',(-0.0296788327395916,0.0181500141318484,0.0152591774240136));
#2082=CARTESIAN_POINT('',(-0.0296788327395916,-0.01778,0.0152591774240136));
#2083=CARTESIAN_POINT('',(-0.0998220544713183,0.0152178314699848,0.0300370529294016));
#2084=CARTESIAN_POINT('',(-0.100310027533286,0.0146500728736992,0.0300370529294016));
#2085=CARTESIAN_POINT('',(-0.100702222535565,0.0140224623837043,0.0300370529294016));
#2086=CARTESIAN_POINT('',(-0.100998639478155,0.013335,0.0300370529294016));
#2087=CARTESIAN_POINT('',(-0.100998639478155,-0.013335,0.0300370529294016));
#2088=CARTESIAN_POINT('',(-0.100702222535565,-0.0140224623837043,0.0300370529294016));
#2089=CARTESIAN_POINT('',(-0.100310027533286,-0.0146500728736992,0.0300370529294016));
#2090=CARTESIAN_POINT('',(-0.0998220544713183,-0.0152178314699848,0.0300370529294016));
#2091=CARTESIAN_POINT('',(-0.05715,-0.01778,0.0300370529294016));
#2092=CARTESIAN_POINT('',(-0.043291062116623,-0.01778,0.0300370529294016));
#2093=CARTESIAN_POINT('',(-0.0296788327395916,-0.01778,0.0152591774240136));
#2094=CARTESIAN_POINT('',(0.0329203554429114,0.086868,0.00704826577566564));
#2095=CARTESIAN_POINT('',(0.0624385088977241,0.0065942352308929,0.00642565171481856));
#2096=CARTESIAN_POINT('',(0.0624385088977241,-0.00123214672232267,0.00642565171481856));
#2097=CARTESIAN_POINT('',(0.0624385088977241,0.00123214672232268,0.00642565171481856));
#2098=CARTESIAN_POINT('',(0.0536927677090079,0.00762293147531815,0.0066101219746185));
#2099=CARTESIAN_POINT('',(0.0546299385920366,0.00753687001044155,0.00659035462128174));
#2100=CARTESIAN_POINT('',(0.0564298711712081,0.00699879116286284,0.00655238939645546));
#2101=CARTESIAN_POINT('',(0.0595411429349008,0.0049186263203043,0.00648676464285571));
#2102=CARTESIAN_POINT('',(0.061304940212187,0.00269792740048226,0.00644956160483358));
#2103=CARTESIAN_POINT('',(0.0624385088977241,0.00123214672232266,0.00642565171481855));
#2104=CARTESIAN_POINT('',(0.0536927677090079,-0.00762293147531814,0.00661012197461851));
#2105=CARTESIAN_POINT('',(0.0546299385920366,-0.00753687001044154,0.00659035462128174));
#2106=CARTESIAN_POINT('',(0.0564298711712109,-0.00699879116286501,0.0065523893964554));
#2107=CARTESIAN_POINT('',(0.0595411429348867,-0.00491862632029343,0.00648676464285601));
#2108=CARTESIAN_POINT('',(0.0613049402122485,-0.00269792740052987,0.00644956160483226));
#2109=CARTESIAN_POINT('',(0.0624385088977241,-0.00123214672232266,0.00642565171481855));
#2110=CARTESIAN_POINT('',(0.0625066684598958,0.000730421347588175,-0.036987135946911));
#2111=CARTESIAN_POINT('',(0.0717975817508237,-3.01362775534375E-15,0.00541929931711202));
#2112=CARTESIAN_POINT('',(0.0687667349176105,0.000418041289719001,0.00608095740240099));
#2113=CARTESIAN_POINT('',(0.0656837264270953,0.000822913782146467,0.00642078232764245));
#2114=CARTESIAN_POINT('',(0.062544758022651,0.00120293370814915,0.00642446890552835));
#2115=CARTESIAN_POINT('',(0.0717975817508245,3.12035445571024E-15,0.00541929931711186));
#2116=CARTESIAN_POINT('',(0.0625447579277098,0.00120293345814816,0.00642436069828773));
#2117=CARTESIAN_POINT('',(0.062544758022651,0.00120293370814918,0.00642446890552835));
#2118=CARTESIAN_POINT('',(0.0625447579277095,-0.0012029334581457,0.00642436069828774));
#2119=CARTESIAN_POINT('',(0.062544758022651,-0.00120293370814916,0.00642446890552835));
#2120=CARTESIAN_POINT('',(0.0656837264270943,-0.00082291378214661,0.00642078232764253));
#2121=CARTESIAN_POINT('',(0.0687667349176099,-0.000418041289719109,0.0060809574024012));
#2122=CARTESIAN_POINT('',(0.0717975817508245,3.11734753424302E-15,0.00541929931711184));
#2123=CARTESIAN_POINT('',(-0.0825987845984796,0.013335,0.));
#2124=CARTESIAN_POINT('',(-0.0825987845984796,-0.013335,0.));
#2125=CARTESIAN_POINT('',(-0.0829564386125144,0.013335,0.00416916974804704));
#2126=CARTESIAN_POINT('',(-0.0829564386125144,-0.013335,0.00416916974804704));
#2127=CARTESIAN_POINT('',(-0.0873794607504827,0.013335,0.0072155893626697));
#2128=CARTESIAN_POINT('',(-0.0873794607504827,-0.013335,0.0072155893626697));
#2129=CARTESIAN_POINT('',(-0.0958678510123843,0.013335,0.00913925884386797));
#2130=CARTESIAN_POINT('',(-0.0958678510123843,-0.013335,0.00913925884386797));
#2131=CARTESIAN_POINT('',(-0.0958678509827245,-0.013335,0.00913925883714639));
#2132=CARTESIAN_POINT('',(-0.0958678509827245,-0.013262947078551,0.00913925883714639));
#2133=CARTESIAN_POINT('',(-0.0958678509827245,0.013262947078551,0.00913925883714639));
#2134=CARTESIAN_POINT('',(-0.0958678509827245,0.013262947078551,0.00913925883714639));
#2135=CARTESIAN_POINT('',(-0.0956716689369263,0.0133108736190471,0.00909479935747863));
#2136=CARTESIAN_POINT('',(-0.095472994273043,0.013335,0.00904868505648313));
#2137=CARTESIAN_POINT('',(-0.0952718263936755,0.013335,0.00900074880445355));
#2138=CARTESIAN_POINT('',(-0.0952718263936755,0.013335,0.00900074880445355));
#2139=CARTESIAN_POINT('',(-0.0952718263936755,0.013335,0.00900074880445354));
#2140=CARTESIAN_POINT('',(-0.093931302365254,0.013335,0.0086813156132295));
#2141=CARTESIAN_POINT('',(-0.0912907379790791,0.013335,0.00794574394779269));
#2142=CARTESIAN_POINT('',(-0.0880948548593386,0.013335,0.00663376638400551));
#2143=CARTESIAN_POINT('',(-0.0857520633625995,0.013335,0.00517283752118625));
#2144=CARTESIAN_POINT('',(-0.0841894672910047,0.013335,0.00379008604453868));
#2145=CARTESIAN_POINT('',(-0.0830120753365867,0.013335,0.00204493786387817));
#2146=CARTESIAN_POINT('',(-0.0826585944039615,0.013335,0.000697202385172912));
#2147=CARTESIAN_POINT('',(-0.0825987845984796,0.013335,0.));
#2148=CARTESIAN_POINT('',(-0.0825987845984796,0.013335,0.));
#2149=CARTESIAN_POINT('',(-0.0825987845984796,0.086868,0.));
#2150=CARTESIAN_POINT('',(-0.0825987845984796,-0.013335,0.));
#2151=CARTESIAN_POINT('',(-0.0825987845984796,-0.013335,8.09136630657227E-36));
#2152=CARTESIAN_POINT('',(-0.0826576373356611,-0.013335,0.000686007700794385));
#2153=CARTESIAN_POINT('',(-0.0830125199215002,-0.013335,0.00205013386464322));
#2154=CARTESIAN_POINT('',(-0.0841893489444202,-0.013335,0.0037886967001903));
#2155=CARTESIAN_POINT('',(-0.0857520949639745,-0.013335,0.00517320208633015));
#2156=CARTESIAN_POINT('',(-0.0880948371817471,-0.013335,0.00663355566463192));
#2157=CARTESIAN_POINT('',(-0.0912907446713283,-0.013335,0.00794582066353807));
#2158=CARTESIAN_POINT('',(-0.0939313023246627,-0.013335,0.008681315599959));
#2159=CARTESIAN_POINT('',(-0.095271826261195,-0.013335,0.0090007487728848));
#2160=CARTESIAN_POINT('',(-0.095271826261195,-0.013335,0.0090007487728848));
#2161=CARTESIAN_POINT('',(-0.0952718263936755,-0.013335,0.00900074880445355));
#2162=CARTESIAN_POINT('',(-0.0954729942730564,-0.0133349999995545,0.00904868505619337));
#2163=CARTESIAN_POINT('',(-0.0956716689369318,-0.0133108736188839,0.00909479935736984));
#2164=CARTESIAN_POINT('',(-0.0958678509827245,-0.013262947078551,0.00913925883714639));
#2165=CARTESIAN_POINT('',(-0.0398466892224698,0.0117409487963197,-0.00183295898080793));
#2166=CARTESIAN_POINT('',(-0.0398466892224698,-0.0117330280454934,-0.00183295898080793));
#2167=CARTESIAN_POINT('',(-0.0481411621280128,0.0117409487963197,-0.00348259180537965));
#2168=CARTESIAN_POINT('',(-0.0481411621280128,-0.0117330280454934,-0.00348259180537965));
#2169=CARTESIAN_POINT('',(-0.0550799598529308,0.0117409487963197,-0.00647967938033885));
#2170=CARTESIAN_POINT('',(-0.0550799598529308,-0.0117330280454934,-0.00647967938033885));
#2171=CARTESIAN_POINT('',(-0.0606630823972239,0.0117409487963197,-0.0108242217056855));
#2172=CARTESIAN_POINT('',(-0.0606630823972239,-0.0117330280454934,-0.0108242217056855));
#2173=CARTESIAN_POINT('',(-0.0606630823972237,0.01143,-0.0108242217056854));
#2174=CARTESIAN_POINT('',(-0.0585963968099626,0.01143,-0.00921601716856348));
#2175=CARTESIAN_POINT('',(-0.0563901349499524,0.01143,-0.00782766339402691));
#2176=CARTESIAN_POINT('',(-0.0540610369262012,0.01143,-0.00663279253560227));
#2177=CARTESIAN_POINT('',(-0.0606630823972237,0.01143,-0.0108242217056854));
#2178=CARTESIAN_POINT('',(-0.0540610369262012,0.01143,-0.00663279253560227));
#2179=CARTESIAN_POINT('',(-0.0540610369262012,0.01143,-0.00663279253560226));
#2180=CARTESIAN_POINT('',(-0.0517714158080618,0.0115869046959508,-0.00545817406828154));
#2181=CARTESIAN_POINT('',(-0.0470534456831207,0.0111294672252625,-0.00353439409381064));
#2182=CARTESIAN_POINT('',(-0.0422368199023973,0.00976518583226978,-0.00230831625420253));
#2183=CARTESIAN_POINT('',(-0.0398466892224698,0.00896314937888748,-0.00183295898080794));
#2184=CARTESIAN_POINT('',(-0.0398466892224698,0.00896314937888751,-0.00183295898080794));
#2185=CARTESIAN_POINT('',(-0.0398466892224698,0.00896314937888751,-0.00183295898080794));
#2186=CARTESIAN_POINT('',(-0.0398466892224698,-0.00896314937888749,-0.00183295898080794));
#2187=CARTESIAN_POINT('',(-0.0398466892224708,-0.00896314937888777,-0.00183295898080813));
#2188=CARTESIAN_POINT('',(-0.0410448970803353,-0.00936522211441101,-0.00207126261209405));
#2189=CARTESIAN_POINT('',(-0.0434383433068798,-0.0101026697558864,-0.00261397109779045));
#2190=CARTESIAN_POINT('',(-0.0482648587816814,-0.0112527028387076,-0.00402525378225926));
#2191=CARTESIAN_POINT('',(-0.0517887730745603,-0.0115857152255179,-0.00546707867071109));
#2192=CARTESIAN_POINT('',(-0.0540610369262012,-0.01143,-0.00663279253560228));
#2193=CARTESIAN_POINT('',(-0.0540610369262013,-0.01143,-0.0066327925356023));
#2194=CARTESIAN_POINT('',(-0.0540610369262013,-0.01143,-0.0066327925356023));
#2195=CARTESIAN_POINT('',(-0.0563854218910378,-0.01143,-0.00782524550665364));
#2196=CARTESIAN_POINT('',(-0.058601156057562,-0.01143,-0.00921972060735936));
#2197=CARTESIAN_POINT('',(-0.0606630823972237,-0.01143,-0.0108242217056854));
#2198=CARTESIAN_POINT('',(-0.0606630823972237,-0.01143,-0.0108242217056854));
#2199=CARTESIAN_POINT('',(-0.0606630823972237,-0.013335,-0.0108242217056854));
#2200=CARTESIAN_POINT('',(-0.0643062557630094,0.013335,-0.0121575708232392));
#2201=CARTESIAN_POINT('',(-0.0643062557630094,-0.013335,-0.0121575708232392));
#2202=CARTESIAN_POINT('',(-0.0746548955285036,0.013335,-0.0125759836914981));
#2203=CARTESIAN_POINT('',(-0.0746548955285036,-0.013335,-0.0125759836914981));
#2204=CARTESIAN_POINT('',(-0.080752405140327,0.013335,-0.00852346008375174));
#2205=CARTESIAN_POINT('',(-0.080752405140327,-0.013335,-0.00852346008375174));
#2206=CARTESIAN_POINT('',(-0.0825987845984796,0.013335,0.));
#2207=CARTESIAN_POINT('',(-0.0825987845984796,-0.013335,0.));
#2208=CARTESIAN_POINT('',(-0.0825987845984796,0.013335,2.78415429116159E-36));
#2209=CARTESIAN_POINT('',(-0.0822159027775565,0.013335,-0.00176750120514075));
#2210=CARTESIAN_POINT('',(-0.0813222492342731,0.013335,-0.00434761355021914));
#2211=CARTESIAN_POINT('',(-0.0792240885846826,0.013335,-0.00730794793697996));
#2212=CARTESIAN_POINT('',(-0.077243351343849,0.013335,-0.00912495958674667));
#2213=CARTESIAN_POINT('',(-0.0748922090671764,0.013335,-0.0105080274707029));
#2214=CARTESIAN_POINT('',(-0.0715442308730306,0.013335,-0.0117250415638641));
#2215=CARTESIAN_POINT('',(-0.0688389393862104,0.013335,-0.0120842841783337));
#2216=CARTESIAN_POINT('',(-0.0670519030389624,0.013335,-0.0121596378818252));
#2217=CARTESIAN_POINT('',(-0.0670519030389624,0.013335,-0.0121596378818252));
#2218=CARTESIAN_POINT('',(-0.0670519030389604,0.013335,-0.0121596378818252));
#2219=CARTESIAN_POINT('',(-0.066566207550936,0.0133349999999998,-0.0121801181333031));
#2220=CARTESIAN_POINT('',(-0.0656077089509059,0.0132118433839006,-0.0121966598928806));
#2221=CARTESIAN_POINT('',(-0.0647024705545275,0.0128439049418649,-0.0121735904520149));
#2222=CARTESIAN_POINT('',(-0.0643062557630087,0.0125573566284374,-0.0121575708232402));
#2223=CARTESIAN_POINT('',(-0.0643062557630099,0.0125573566284345,-0.0121575708232392));
#2224=CARTESIAN_POINT('',(-0.0643062557630099,0.013335,-0.0121575708232392));
#2225=CARTESIAN_POINT('',(-0.0643062557630101,-0.0125573566284343,-0.0121575708232392));
#2226=CARTESIAN_POINT('',(-0.0643062557630101,-0.0125573566284343,-0.0121575708232392));
#2227=CARTESIAN_POINT('',(-0.0647024705545286,-0.0128439049418617,-0.0121735904520139));
#2228=CARTESIAN_POINT('',(-0.0656077089509045,-0.0132118433839019,-0.012196659892881));
#2229=CARTESIAN_POINT('',(-0.0665662075509351,-0.0133349999999996,-0.0121801181333031));
#2230=CARTESIAN_POINT('',(-0.0670519030389596,-0.013335,-0.0121596378818253));
#2231=CARTESIAN_POINT('',(-0.0670519030389611,-0.013335,-0.0121596378818252));
#2232=CARTESIAN_POINT('',(-0.0670519030389611,-0.013335,-0.0121596378818252));
#2233=CARTESIAN_POINT('',(-0.0688389394263324,-0.013335,-0.012084284176642));
#2234=CARTESIAN_POINT('',(-0.0715442309734933,-0.013335,-0.0117250415484236));
#2235=CARTESIAN_POINT('',(-0.074892209233638,-0.013335,-0.0105080273985962));
#2236=CARTESIAN_POINT('',(-0.0772433515425499,-0.013335,-0.00912495944259094));
#2237=CARTESIAN_POINT('',(-0.079224088785829,-0.013335,-0.00730794772545052));
#2238=CARTESIAN_POINT('',(-0.0813222494369334,-0.013335,-0.00434761311800382));
#2239=CARTESIAN_POINT('',(-0.082215902784004,-0.013335,-0.00176750117537706));
#2240=CARTESIAN_POINT('',(-0.0825987845984796,-0.013335,-1.52069620945406E-51));
#2241=CARTESIAN_POINT('',(0.062512943377758,0.0088069907594913,-0.0097630812902085));
#2242=CARTESIAN_POINT('',(0.062512943377758,-0.00880699075949137,-0.0097630812902085));
#2243=CARTESIAN_POINT('',(0.0304404403702306,0.0088069907594913,0.000251991567404501));
#2244=CARTESIAN_POINT('',(0.0304404403702306,-0.00880699075949137,0.000251991567404501));
#2245=CARTESIAN_POINT('',(-0.00354040156554286,0.0088069907594913,0.0029182357793265));
#2246=CARTESIAN_POINT('',(-0.00354040156554286,-0.00880699075949137,0.0029182357793265));
#2247=CARTESIAN_POINT('',(-0.0394295824295623,0.0088069907594913,-0.00176434865444251));
#2248=CARTESIAN_POINT('',(-0.0394295824295623,-0.00880699075949137,-0.00176434865444251));
#2249=CARTESIAN_POINT('',(0.0619388777855431,4.406351657195E-17,-0.00958466937150027));
#2250=CARTESIAN_POINT('',(0.0604983981596722,-0.000210222690965723,-0.00913911345219275));
#2251=CARTESIAN_POINT('',(0.0576052234655346,-0.000614136119506729,-0.00827620085099088));
#2252=CARTESIAN_POINT('',(0.0532315517992287,-0.00115022902698191,-0.00706817423326246));
#2253=CARTESIAN_POINT('',(0.0488293509715237,-0.0015524982889684,-0.00594819069398597));
#2254=CARTESIAN_POINT('',(0.0458531725588868,-0.00168122568278237,-0.00525571795123599));
#2255=CARTESIAN_POINT('',(0.0443693469242572,-0.00153281206041576,-0.00492649614308865));
#2256=CARTESIAN_POINT('',(0.0619388777855431,-4.29156340955819E-18,-0.00958466937150028));
#2257=CARTESIAN_POINT('',(0.0443693469242572,-0.00153281206041573,-0.00492649614308865));
#2258=CARTESIAN_POINT('',(0.0443693469242572,-0.00153281206041573,-0.00492649614308865));
#2259=CARTESIAN_POINT('',(0.038902006497316,-0.00153281206041573,-0.00371343737182409));
#2260=CARTESIAN_POINT('',(0.027900333105749,-0.00153281206041573,-0.00170431173975377));
#2261=CARTESIAN_POINT('',(0.0056290188427726,-0.00153281206041574,0.000676890301348532));
#2262=CARTESIAN_POINT('',(-0.0111488113655675,-0.00153281206041573,0.000657785709328314));
#2263=CARTESIAN_POINT('',(-0.0223223266008905,-0.00153281206041573,-7.93149808808678E-5));
#2264=CARTESIAN_POINT('',(-0.0223223266008905,-0.00153281206041573,-7.93149808808678E-5));
#2265=CARTESIAN_POINT('',(-0.0223223266008905,-0.00153281206041574,-7.93149808808678E-5));
#2266=CARTESIAN_POINT('',(-0.0251118940886448,-0.00289055221955643,-0.00026333872607687));
#2267=CARTESIAN_POINT('',(-0.0307175341468603,-0.00553310669125272,-0.000722687534326726));
#2268=CARTESIAN_POINT('',(-0.0364948365182974,-0.00774832247175674,-0.00138144229710368));
#2269=CARTESIAN_POINT('',(-0.0394295824072399,-0.0087025600390231,-0.00176434865153003));
#2270=CARTESIAN_POINT('',(-0.0394295824072399,-0.00870256003902305,-0.00176434865153003));
#2271=CARTESIAN_POINT('',(-0.0394295824072399,-0.00870256003902305,-0.00176434865153003));
#2272=CARTESIAN_POINT('',(-0.0394295824072399,0.00870256003902303,-0.00176434865153003));
#2273=CARTESIAN_POINT('',(-0.0394295824072399,0.00870256003902303,-0.00176434865153003));
#2274=CARTESIAN_POINT('',(-0.0364948365183157,0.00774832247178335,-0.00138144229686532));
#2275=CARTESIAN_POINT('',(-0.0307175341468512,0.0055331066912394,-0.000722687534445906));
#2276=CARTESIAN_POINT('',(-0.0251118940886448,0.00289055221955644,-0.000263338726076873));
#2277=CARTESIAN_POINT('',(-0.0223223266008906,0.00153281206041573,-7.93149808808686E-5));
#2278=CARTESIAN_POINT('',(-0.0223223266008906,0.00153281206041573,-7.93149808808686E-5));
#2279=CARTESIAN_POINT('',(-0.0223223266008906,0.00153281206041573,-7.93149808808686E-5));
#2280=CARTESIAN_POINT('',(-0.0111500691101039,0.00153281206041573,0.000657702737734643));
#2281=CARTESIAN_POINT('',(0.00565187750173457,0.00153281206041573,0.000676161414746914));
#2282=CARTESIAN_POINT('',(0.0279130560963678,0.00153281206041574,-0.00170663754850157));
#2283=CARTESIAN_POINT('',(0.0389029524472004,0.00153281206041573,-0.00371364725317676));
#2284=CARTESIAN_POINT('',(0.0443693469242571,0.00153281206041573,-0.00492649614308862));
#2285=CARTESIAN_POINT('',(0.0443693469242571,0.00153281206041573,-0.00492649614308862));
#2286=CARTESIAN_POINT('',(0.0443693469242571,0.00153281206041573,-0.00492649614308862));
#2287=CARTESIAN_POINT('',(0.0458531725588867,0.00168122568278235,-0.00525571795123596));
#2288=CARTESIAN_POINT('',(0.0488293509715237,0.00155249828896843,-0.00594819069398596));
#2289=CARTESIAN_POINT('',(0.0532315517992287,0.00115022902698193,-0.00706817423326245));
#2290=CARTESIAN_POINT('',(0.0576052234655346,0.000614136119506708,-0.00827620085099086));
#2291=CARTESIAN_POINT('',(0.0604983981596722,0.00021022269096574,-0.00913911345219275));
#2292=CARTESIAN_POINT('',(0.0619388777855431,-2.80399470593565E-17,-0.00958466937150027));
#2293=CARTESIAN_POINT('',(-0.076855942606926,0.086868,-0.005461));
#2294=CARTESIAN_POINT('',(-0.0760664753979438,-0.01778,-0.00401098533595626));
#2295=CARTESIAN_POINT('',(-0.076428406997878,-0.01778,-0.00381392999773944));
#2296=CARTESIAN_POINT('',(-0.0772994182511469,-0.0177607778706117,-0.00371237783155099));
#2297=CARTESIAN_POINT('',(-0.0783054704405299,-0.0173385307025567,-0.00443110699592222));
#2298=CARTESIAN_POINT('',(-0.0785714329477304,-0.0168217143664302,-0.00532293001171516));
#2299=CARTESIAN_POINT('',(-0.0784287660137667,-0.0164976523712083,-0.00606930287155665));
#2300=CARTESIAN_POINT('',(-0.0781054720178321,-0.0163890694835565,-0.00659983312064423));
#2301=CARTESIAN_POINT('',(-0.0776037880333335,-0.0164958941424071,-0.00697300697495726));
#2302=CARTESIAN_POINT('',(-0.076869953909172,-0.0168201909448494,-0.00718258214860613));
#2303=CARTESIAN_POINT('',(-0.0759559913311195,-0.0173368671065195,-0.00699354666458467));
#2304=CARTESIAN_POINT('',(-0.0751550495654744,-0.0177591141848856,-0.00606136512670833));
#2305=CARTESIAN_POINT('',(-0.075177451753517,-0.0177799999999997,-0.0051797578526632));
#2306=CARTESIAN_POINT('',(-0.0753425511475432,-0.01778,-0.00480111569902947));
#2307=CARTESIAN_POINT('',(-0.0753425511475511,0.01778,-0.00480111569901147));
#2308=CARTESIAN_POINT('',(-0.0751778395067036,0.01778,-0.00517886857196951));
#2309=CARTESIAN_POINT('',(-0.0751527922846803,0.0177603278261969,-0.00605539623667561));
#2310=CARTESIAN_POINT('',(-0.0759561030098954,0.0173368076696983,-0.00699466754049305));
#2311=CARTESIAN_POINT('',(-0.076868277905031,0.0168211325804094,-0.00718207999577601));
#2312=CARTESIAN_POINT('',(-0.0775995706397593,0.0164976981422486,-0.00697455112204642));
#2313=CARTESIAN_POINT('',(-0.0780997352581655,0.0163890736221269,-0.00660609129392862));
#2314=CARTESIAN_POINT('',(-0.0784275846473248,0.0164958347689607,-0.00607367081624824));
#2315=CARTESIAN_POINT('',(-0.0785720832429357,0.0168207641977556,-0.00532456259721542));
#2316=CARTESIAN_POINT('',(-0.0783043619055714,0.0173385683237096,-0.00443113067037643));
#2317=CARTESIAN_POINT('',(-0.0773055974798349,0.0177595689198034,-0.00371410651173008));
#2318=CARTESIAN_POINT('',(-0.0764292626265316,0.0177799999999997,-0.00381346414675745));
#2319=CARTESIAN_POINT('',(-0.076066475397965,0.01778,-0.00401098533594473));
#2320=CARTESIAN_POINT('',(-0.0650137079113244,0.086868,-0.00835005100816488));
#2321=CARTESIAN_POINT('',(-0.0665970942060906,-0.0177729788872353,-0.0078824092205257));
#2322=CARTESIAN_POINT('',(-0.0667042357711409,-0.0177633016218562,-0.00824517937961891));
#2323=CARTESIAN_POINT('',(-0.0666520192486216,-0.0176323315626013,-0.00902346289814311));
#2324=CARTESIAN_POINT('',(-0.0659294930635454,-0.0172211909219846,-0.00985883492205619));
#2325=CARTESIAN_POINT('',(-0.0648380089276636,-0.0168580757106907,-0.010118265377835));
#2326=CARTESIAN_POINT('',(-0.0641150855299254,-0.0168180755300797,-0.00978536417913406));
#2327=CARTESIAN_POINT('',(-0.0638483093201565,-0.0168370533363198,-0.00951951546837901));
#2328=CARTESIAN_POINT('',(-0.0638483093201565,-0.0168370533363198,-0.00951951546837902));
#2329=CARTESIAN_POINT('',(-0.0665970942060906,-0.0177729788872353,-0.0078824092205257));
#2330=CARTESIAN_POINT('',(-0.0638483093201565,-0.0168370533363198,-0.00951951546837902));
#2331=CARTESIAN_POINT('',(-0.0635888848402806,-0.0168555081584994,-0.00926099292780814));
#2332=CARTESIAN_POINT('',(-0.0632639043052291,-0.0170592965486636,-0.00857918858841786));
#2333=CARTESIAN_POINT('',(-0.0633948838949403,-0.0173429319442787,-0.00787450006843043));
#2334=CARTESIAN_POINT('',(-0.0635595702823077,-0.0174566217431646,-0.00756820399251687));
#2335=CARTESIAN_POINT('',(-0.0635595702823077,-0.0174566217431645,-0.00756820399251688));
#2336=CARTESIAN_POINT('',(-0.0635595702823077,-0.0174566217431646,-0.00756820399251687));
#2337=CARTESIAN_POINT('',(-0.0636999927750091,-0.0175535611758006,-0.00730703572492652));
#2338=CARTESIAN_POINT('',(-0.0641366593170724,-0.0177108016618215,-0.00684511064074983));
#2339=CARTESIAN_POINT('',(-0.0650916076652903,-0.0177815101415215,-0.00660841855799045));
#2340=CARTESIAN_POINT('',(-0.0660180808174883,-0.017778848035201,-0.00692525004456679));
#2341=CARTESIAN_POINT('',(-0.0664264565000074,-0.017781192176044,-0.00744027985730927));
#2342=CARTESIAN_POINT('',(-0.0665438641145946,-0.017776273445219,-0.00773003246522151));
#2343=CARTESIAN_POINT('',(-0.0665438641145946,-0.017776273445219,-0.00773003246522151));
#2344=CARTESIAN_POINT('',(-0.0665438641145946,-0.0177762734452191,-0.0077300324652215));
#2345=CARTESIAN_POINT('',(-0.0665641614630698,-0.0177754230983829,-0.00778012469880499));
#2346=CARTESIAN_POINT('',(-0.0665818879600686,-0.0177743523493282,-0.00783092245825912));
#2347=CARTESIAN_POINT('',(-0.0665970942060906,-0.0177729788872353,-0.00788240922052569));
#2348=CARTESIAN_POINT('',(-0.0638483093201607,0.0168370533363194,-0.00951951546838323));
#2349=CARTESIAN_POINT('',(-0.0641158897505139,0.0168180183197969,-0.00978616560369248));
#2350=CARTESIAN_POINT('',(-0.0648368495727836,0.0168576136278591,-0.010118751369744));
#2351=CARTESIAN_POINT('',(-0.0659348676906761,0.017223387477829,-0.0098561997010744));
#2352=CARTESIAN_POINT('',(-0.0666520790574724,0.0176327804867888,-0.00902114931834823));
#2353=CARTESIAN_POINT('',(-0.0667038806305463,0.0177633336989478,-0.00824397691062407));
#2354=CARTESIAN_POINT('',(-0.0665970942060907,0.0177729788872353,-0.0078824092205257));
#2355=CARTESIAN_POINT('',(-0.0665970942060906,0.0177729788872353,-0.0078824092205257));
#2356=CARTESIAN_POINT('',(-0.0638483093201642,0.0168370533363224,-0.00951951546837995));
#2357=CARTESIAN_POINT('',(-0.0665970942060907,0.0177729788872366,-0.00788240922052569));
#2358=CARTESIAN_POINT('',(-0.0665818231412087,0.0177743582039137,-0.00783070298836292));
#2359=CARTESIAN_POINT('',(-0.0665640752011397,0.0177754267122814,-0.00777991181125675));
#2360=CARTESIAN_POINT('',(-0.0665438641145947,0.017776273445219,-0.00773003246522163));
#2361=CARTESIAN_POINT('',(-0.0665438641145946,0.017776273445219,-0.00773003246522165));
#2362=CARTESIAN_POINT('',(-0.0635595702823077,0.0174566217431646,-0.00756820399251683));
#2363=CARTESIAN_POINT('',(-0.0636999927750092,0.0175535611758006,-0.00730703572492649));
#2364=CARTESIAN_POINT('',(-0.0641366593170724,0.0177108016618215,-0.00684511064074979));
#2365=CARTESIAN_POINT('',(-0.0650916076652905,0.0177815101415215,-0.00660841855799044));
#2366=CARTESIAN_POINT('',(-0.0660180808174884,0.017778848035201,-0.00692525004456686));
#2367=CARTESIAN_POINT('',(-0.0664264565000075,0.017781192176044,-0.00744027985730937));
#2368=CARTESIAN_POINT('',(-0.0665438641145947,0.017776273445219,-0.00773003246522162));
#2369=CARTESIAN_POINT('',(-0.0635595702823077,0.0174566217431645,-0.00756820399251682));
#2370=CARTESIAN_POINT('',(-0.0635595702823077,0.0174566217431646,-0.00756820399251683));
#2371=CARTESIAN_POINT('',(-0.0632284331440674,0.0172280241325667,-0.00818407763971757));
#2372=CARTESIAN_POINT('',(-0.0633221101188628,0.0168744858588602,-0.00899514570023402));
#2373=CARTESIAN_POINT('',(-0.0638483093201614,0.0168370533363195,-0.00951951546838385));
#2374=CARTESIAN_POINT('',(-0.0685863196849823,0.086868,-0.005461));
#2375=CARTESIAN_POINT('',(-0.0721656635126045,0.086868,-0.008636));
#2376=CARTESIAN_POINT('',(-0.0736103854729491,-0.0175448292212654,-0.00774918047506419));
#2377=CARTESIAN_POINT('',(-0.0738318011495505,-0.0172556469643395,-0.00835898212207842));
#2378=CARTESIAN_POINT('',(-0.0738200346324015,-0.0169055888239994,-0.00895754136997538));
#2379=CARTESIAN_POINT('',(-0.073607037738753,-0.0165380917255907,-0.00951186755514619));
#2380=CARTESIAN_POINT('',(-0.0731921481374718,-0.0162163569180173,-0.00998669733908115));
#2381=CARTESIAN_POINT('',(-0.0725443095022642,-0.0161089564035913,-0.0102953434226706));
#2382=CARTESIAN_POINT('',(-0.0718570225522172,-0.0163379002555688,-0.0102991000342855));
#2383=CARTESIAN_POINT('',(-0.0712946903646365,-0.0166894386190618,-0.0100785725861103));
#2384=CARTESIAN_POINT('',(-0.0708478322225347,-0.0170595807129931,-0.00968865741622989));
#2385=CARTESIAN_POINT('',(-0.070553206069086,-0.017390946819043,-0.00914661144103283));
#2386=CARTESIAN_POINT('',(-0.0704754072949715,-0.0176333295592615,-0.00848650994614939));
#2387=CARTESIAN_POINT('',(-0.0707412718775306,-0.017788607543349,-0.00759224051001948));
#2388=CARTESIAN_POINT('',(-0.0717473561742697,-0.0177757164746011,-0.0068237257028042));
#2389=CARTESIAN_POINT('',(-0.0729847946565147,-0.0177735329393552,-0.00707389961748064));
#2390=CARTESIAN_POINT('',(-0.0736103854729491,-0.0175448292212654,-0.00774918047506419));
#2391=CARTESIAN_POINT('',(-0.0738318011495505,-0.0172556469643395,-0.00835898212207842));
#2392=CARTESIAN_POINT('',(-0.0738200346324015,-0.0169055888239994,-0.00895754136997538));
#2393=CARTESIAN_POINT('',(-0.0737929374505921,-0.0172455009837705,-0.00835710838889221));
#2394=CARTESIAN_POINT('',(-0.0736103854729492,0.0175448292212654,-0.00774918047506419));
#2395=CARTESIAN_POINT('',(-0.0738318011495505,0.0172556469643395,-0.00835898212207841));
#2396=CARTESIAN_POINT('',(-0.0738200346324015,0.0169055888239994,-0.0089575413699754));
#2397=CARTESIAN_POINT('',(-0.073607037738753,0.0165380917255907,-0.00951186755514618));
#2398=CARTESIAN_POINT('',(-0.0731921481374718,0.0162163569180173,-0.00998669733908115));
#2399=CARTESIAN_POINT('',(-0.0725443095022641,0.0161089564035913,-0.0102953434226706));
#2400=CARTESIAN_POINT('',(-0.0718570225522172,0.0163379002555688,-0.0102991000342855));
#2401=CARTESIAN_POINT('',(-0.0712946903646365,0.0166894386190618,-0.0100785725861103));
#2402=CARTESIAN_POINT('',(-0.0708478322225347,0.0170595807129931,-0.00968865741622989));
#2403=CARTESIAN_POINT('',(-0.070553206069086,0.017390946819043,-0.00914661144103283));
#2404=CARTESIAN_POINT('',(-0.0704754072949715,0.0176333295592615,-0.00848650994614937));
#2405=CARTESIAN_POINT('',(-0.0707412718775306,0.017788607543349,-0.00759224051001949));
#2406=CARTESIAN_POINT('',(-0.0717473561742697,0.0177757164746011,-0.00682372570280419));
#2407=CARTESIAN_POINT('',(-0.0729847946565147,0.0177735329393552,-0.00707389961748065));
#2408=CARTESIAN_POINT('',(-0.0736103854729492,0.0175448292212654,-0.00774918047506419));
#2409=CARTESIAN_POINT('',(-0.0738318011495505,0.0172556469643395,-0.00835898212207841));
#2410=CARTESIAN_POINT('',(-0.0738200346324015,0.0169055888239994,-0.0089575413699754));
#2411=CARTESIAN_POINT('',(-0.0737929374505921,0.0172455009837705,-0.0083571083888922));
#2412=CARTESIAN_POINT('',(0.0793404802680016,0.025908,-0.005461));
#2413=CARTESIAN_POINT('',(0.0749706774950028,0.025908,-0.008636));
#2414=CARTESIAN_POINT('',(0.0752338205281476,-0.00467162994379437,-0.00700610529661424));
#2415=CARTESIAN_POINT('',(0.0748243006683839,-0.00473835620550968,-0.00693998918628675));
#2416=CARTESIAN_POINT('',(0.0739623496335791,-0.00488598613532987,-0.0071238224560089));
#2417=CARTESIAN_POINT('',(0.0732088201293761,-0.00477541771656403,-0.00824084238008352));
#2418=CARTESIAN_POINT('',(0.0733838302988761,-0.00428536008357625,-0.00945966411685703));
#2419=CARTESIAN_POINT('',(0.0742967874407287,-0.00383087989602013,-0.0103174786043904));
#2420=CARTESIAN_POINT('',(0.0756570003969693,-0.00389504620585542,-0.0103166442249681));
#2421=CARTESIAN_POINT('',(0.0765967598834762,-0.00423278878112452,-0.00942201786313585));
#2422=CARTESIAN_POINT('',(0.0767053016676538,-0.00443567141966734,-0.00810875719669632));
#2423=CARTESIAN_POINT('',(0.0761549680511708,-0.00452101069573953,-0.00741259373032365));
#2424=CARTESIAN_POINT('',(0.0757939512890712,-0.00458013159128038,-0.00720490906648106));
#2425=CARTESIAN_POINT('',(0.0757939512890982,0.00458013159127598,-0.00720490906649062));
#2426=CARTESIAN_POINT('',(0.076154640034986,0.00452106441238827,-0.00741240503013733));
#2427=CARTESIAN_POINT('',(0.0767039209549106,0.00443608556468763,-0.00810546882772334));
#2428=CARTESIAN_POINT('',(0.0765978442053273,0.00423314425575154,-0.00941996795751201));
#2429=CARTESIAN_POINT('',(0.0756613522193621,0.00389692212272029,-0.0103129205160778));
#2430=CARTESIAN_POINT('',(0.0743074502746279,0.00382849292123153,-0.0103226397060974));
#2431=CARTESIAN_POINT('',(0.0733829009360714,0.0042847805962141,-0.00946056152859109));
#2432=CARTESIAN_POINT('',(0.0732089951872347,0.00477390018262602,-0.0082457178961105));
#2433=CARTESIAN_POINT('',(0.073957297877056,0.00488670956337194,-0.00712598211112262));
#2434=CARTESIAN_POINT('',(0.0748237504908737,0.00473844585021834,-0.00693990036130173));
#2435=CARTESIAN_POINT('',(0.075233820528153,0.00467162994379349,-0.00700610529662053));
#2436=CARTESIAN_POINT('',(0.0836735144257546,0.025908,-0.008636));
#2437=CARTESIAN_POINT('',(0.082270711296517,-0.0034917013602827,-0.00950660001183133));
#2438=CARTESIAN_POINT('',(0.0824695312402788,-0.00345751022012598,-0.00982695980447281));
#2439=CARTESIAN_POINT('',(0.0830791362647546,-0.00333175632376882,-0.0103111567435261));
#2440=CARTESIAN_POINT('',(0.0838580587307176,-0.00321742110587141,-0.0103186073265138));
#2441=CARTESIAN_POINT('',(0.0842111036766935,-0.00315597605522165,-0.0101970249188514));
#2442=CARTESIAN_POINT('',(0.0842111036766935,0.00315597605522165,-0.0101970249188514));
#2443=CARTESIAN_POINT('',(0.0838580542557666,0.00321742188470593,-0.0103186088676074));
#2444=CARTESIAN_POINT('',(0.0830799394120736,0.0033316175091822,-0.0103114423380284));
#2445=CARTESIAN_POINT('',(0.0824695275434226,0.00345751085587571,-0.00982695384770627));
#2446=CARTESIAN_POINT('',(0.0822707112965167,0.00349170136028275,-0.00950660001183122));
#2447=CARTESIAN_POINT('',(-0.079375,0.013335,0.0255920529294015));
#2448=CARTESIAN_POINT('',(-0.0998220544713183,0.0152178314699848,0.0296185862591574));
#2449=CARTESIAN_POINT('',(-0.0990420765301948,0.0161253389032844,0.0291942302648745));
#2450=CARTESIAN_POINT('',(-0.0972231124610863,0.01738323797954,0.0279084609572335));
#2451=CARTESIAN_POINT('',(-0.0952303342006871,0.01778,0.0263606062297734));
#2452=CARTESIAN_POINT('',(-0.0942414770618868,0.01778,0.0255920529294015));
#2453=CARTESIAN_POINT('',(-0.079375,-0.013335,0.0255920529294015));
#2454=CARTESIAN_POINT('',(-0.0998220544713183,-0.0152178314699848,0.0296185862591574));
#2455=CARTESIAN_POINT('',(-0.0990420765301948,-0.0161253389032845,0.0291942302648745));
#2456=CARTESIAN_POINT('',(-0.0972231124611069,-0.01738323797954,0.027908460957207));
#2457=CARTESIAN_POINT('',(-0.0952303342006459,-0.01778,0.0263606062298264));
#2458=CARTESIAN_POINT('',(-0.0942414770618868,-0.01778,0.0255920529294015));
#2459=CARTESIAN_POINT('',(-0.0952718263936761,-0.013335,0.0090007488044537));
#2460=CARTESIAN_POINT('',(-0.0952718263936761,-0.01778,0.0090007488044537));
#2461=CARTESIAN_POINT('',(-0.0942414770618868,-0.01778,0.0133246828065496));
#2462=CARTESIAN_POINT('',(-0.0936059348873595,-0.013335,0.0086037838647634));
#2463=CARTESIAN_POINT('',(-0.0936059348874245,-0.0177800000000318,0.00860378386542602));
#2464=CARTESIAN_POINT('',(-0.0924374909898394,-0.01778,0.0128948113424723));
#2465=CARTESIAN_POINT('',(-0.0911942291880914,-0.013335,0.00790481872003626));
#2466=CARTESIAN_POINT('',(-0.0911942291880767,-0.0177799999999928,0.00790481871988684));
#2467=CARTESIAN_POINT('',(-0.0897745863858679,-0.01778,0.0121290207624098));
#2468=CARTESIAN_POINT('',(-0.0882974476798932,-0.013335,0.00668073106697914));
#2469=CARTESIAN_POINT('',(-0.0882974476798959,-0.0177800000000014,0.00668073106700733));
#2470=CARTESIAN_POINT('',(-0.0863691148225938,-0.01778,0.0106953808950053));
#2471=CARTESIAN_POINT('',(-0.086350193437785,-0.013335,0.00558787967169091));
#2472=CARTESIAN_POINT('',(-0.0863501934377843,-0.0177799999999996,0.0055878796716832));
#2473=CARTESIAN_POINT('',(-0.0839205245800329,-0.01778,0.00932905603792857));
#2474=CARTESIAN_POINT('',(-0.0850335084534676,-0.013335,0.00456163273381912));
#2475=CARTESIAN_POINT('',(-0.0850335084534676,-0.01778,0.00456163273382008));
#2476=CARTESIAN_POINT('',(-0.0820949604813747,-0.01778,0.00792022271132495));
#2477=CARTESIAN_POINT('',(-0.084171122811671,-0.013335,0.00366011217482764));
#2478=CARTESIAN_POINT('',(-0.084171122811671,-0.01778,0.00366011217482746));
#2479=CARTESIAN_POINT('',(-0.0807946980686739,-0.01778,0.00656527007752192));
#2480=CARTESIAN_POINT('',(-0.0836430025431803,-0.013335,0.00296747590582462));
#2481=CARTESIAN_POINT('',(-0.0836430025431803,-0.01778,0.00296747590582467));
#2482=CARTESIAN_POINT('',(-0.0799522645026411,-0.01778,0.00546395592981841));
#2483=CARTESIAN_POINT('',(-0.0832188268639917,-0.013335,0.002246882641897));
#2484=CARTESIAN_POINT('',(-0.0832188268639917,-0.01778,0.00224688264189698));
#2485=CARTESIAN_POINT('',(-0.0792429397587561,-0.01778,0.00426231321333801));
#2486=CARTESIAN_POINT('',(-0.0829523463974271,-0.013335,0.00162004967575804));
#2487=CARTESIAN_POINT('',(-0.0829523463974271,-0.01778,0.00162004967575805));
#2488=CARTESIAN_POINT('',(-0.0787829065443337,-0.01778,0.00318286844191888));
#2489=CARTESIAN_POINT('',(-0.0827939385976635,-0.013335,0.00111440932943293));
#2490=CARTESIAN_POINT('',(-0.0827939385976635,-0.01778,0.00111440932943293));
#2491=CARTESIAN_POINT('',(-0.0785073965437718,-0.01778,0.00230244356248736));
#2492=CARTESIAN_POINT('',(-0.0826999922071585,-0.0133349999999999,0.000724800074219754));
#2493=CARTESIAN_POINT('',(-0.0826999922071586,-0.0177799999999999,0.000724800074219755));
#2494=CARTESIAN_POINT('',(-0.0783444585503769,-0.0177799999999999,0.00162937041572655));
#2495=CARTESIAN_POINT('',(-0.0826434886531557,-0.0133350000000001,0.000402519653938145));
#2496=CARTESIAN_POINT('',(-0.0826434886531554,-0.0177800000000001,0.000402519653938157));
#2497=CARTESIAN_POINT('',(-0.07824569948634,-0.0177800000000001,0.00105880889034894));
#2498=CARTESIAN_POINT('',(-0.0826133035267876,-0.0133349999999999,0.000152855079341891));
#2499=CARTESIAN_POINT('',(-0.082613303526788,-0.0177799999999998,0.000152855079341874));
#2500=CARTESIAN_POINT('',(-0.0781959740522478,-0.0177799999999998,0.000654176697013085));
#2501=CARTESIAN_POINT('',(-0.0826018784233679,-0.013335,3.84618170839532E-5));
#2502=CARTESIAN_POINT('',(-0.0826018784233672,-0.01778,3.84618170839911E-5));
#2503=CARTESIAN_POINT('',(-0.0781732614724377,-0.01778,0.000421436632176955));
#2504=CARTESIAN_POINT('',(-0.0825923244629198,-0.013335,-7.53057443432641E-5));
#2505=CARTESIAN_POINT('',(-0.0825923244629214,-0.01778,-7.53057443433515E-5));
#2506=CARTESIAN_POINT('',(-0.0781635904282854,-0.01778,0.000304615103283939));
#2507=CARTESIAN_POINT('',(-0.0825873176090113,-0.013335,-0.000133670597046778));
#2508=CARTESIAN_POINT('',(-0.0825873176090113,-0.01778,-0.000133670597046778));
#2509=CARTESIAN_POINT('',(-0.0781585835743759,-0.01778,0.00024625025058052));
#2510=CARTESIAN_POINT('',(-0.0942414770618868,-0.013335,0.0133246828065496));
#2511=CARTESIAN_POINT('',(-0.0825987845984796,-0.013335,0.));
#2512=CARTESIAN_POINT('',(-0.0825987845984796,-0.0145099707362625,0.));
#2513=CARTESIAN_POINT('',(-0.0816470584371927,-0.0168114394361888,0.000139781709928944));
#2514=CARTESIAN_POINT('',(-0.0793454338432666,-0.0177799999999998,0.00051776839285317));
#2515=CARTESIAN_POINT('',(-0.0782041659694436,-0.01778,0.000715613087582589));
#2516=CARTESIAN_POINT('',(-0.0668646377750793,-0.01778,-0.00771858432203298));
#2517=CARTESIAN_POINT('',(-0.0670519030389611,-0.01778,-0.0121596378818252));
#2518=CARTESIAN_POINT('',(-0.0670519030389611,-0.013335,-0.0121596378818252));
#2519=CARTESIAN_POINT('',(-0.0681742989326427,-0.01778,-0.00766336003131309));
#2520=CARTESIAN_POINT('',(-0.0685929516544532,-0.0177799999999872,-0.0120946567107247));
#2521=CARTESIAN_POINT('',(-0.0685929516542105,-0.0133349999999727,-0.0120946567074926));
#2522=CARTESIAN_POINT('',(-0.0701580886133582,-0.01778,-0.00742782840970668));
#2523=CARTESIAN_POINT('',(-0.0710095341919915,-0.0177800000000029,-0.0118220003604471));
#2524=CARTESIAN_POINT('',(-0.0710095341920462,-0.0133350000000061,-0.0118220003611759));
#2525=CARTESIAN_POINT('',(-0.072643299523831,-0.01778,-0.00662102116235087));
#2526=CARTESIAN_POINT('',(-0.0743618560312686,-0.0177799999999995,-0.0107463339967861));
#2527=CARTESIAN_POINT('',(-0.0743618560312583,-0.0133349999999988,-0.0107463339966489));
#2528=CARTESIAN_POINT('',(-0.0744042882959575,-0.01778,-0.00567057581382354));
#2529=CARTESIAN_POINT('',(-0.0769553931355503,-0.0177800000000001,-0.0093612216958388));
#2530=CARTESIAN_POINT('',(-0.0769553931355531,-0.0133350000000003,-0.00936122169587564));
#2531=CARTESIAN_POINT('',(-0.0758813453526882,-0.01778,-0.00435422358109976));
#2532=CARTESIAN_POINT('',(-0.0792614038112745,-0.01778,-0.00730908438125083));
#2533=CARTESIAN_POINT('',(-0.0792614038112737,-0.0133349999999999,-0.00730908438124074));
#2534=CARTESIAN_POINT('',(-0.0768257877160349,-0.01778,-0.00298047900118709));
#2535=CARTESIAN_POINT('',(-0.0806719875555909,-0.01778,-0.00524052221427519));
#2536=CARTESIAN_POINT('',(-0.0806719875555911,-0.013335,-0.00524052221427644));
#2537=CARTESIAN_POINT('',(-0.0774045293180073,-0.01778,-0.00179643903800628));
#2538=CARTESIAN_POINT('',(-0.0814848421410571,-0.01778,-0.00357259485766734));
#2539=CARTESIAN_POINT('',(-0.081484842141057,-0.013335,-0.0035725948576671));
#2540=CARTESIAN_POINT('',(-0.0777653557373391,-0.01778,-0.000867043454621637));
#2541=CARTESIAN_POINT('',(-0.0819713984922286,-0.01778,-0.00231751518904953));
#2542=CARTESIAN_POINT('',(-0.0819713984922289,-0.013335,-0.00231751518904962));
#2543=CARTESIAN_POINT('',(-0.078005337716505,-0.01778,-8.26978682608229E-5));
#2544=CARTESIAN_POINT('',(-0.0822846255538188,-0.01778,-0.00128992254187862));
#2545=CARTESIAN_POINT('',(-0.0822846255538179,-0.013335,-0.00128992254187853));
#2546=CARTESIAN_POINT('',(-0.0781685038952938,-0.01778,0.00055257137288748));
#2547=CARTESIAN_POINT('',(-0.0824895189095783,-0.01778,-0.000493674644883695));
#2548=CARTESIAN_POINT('',(-0.0824895189095798,-0.013335,-0.000493674644883852));
#2549=CARTESIAN_POINT('',(-0.0782397084600332,-0.01778,0.000872577044073772));
#2550=CARTESIAN_POINT('',(-0.0825839488648873,-0.01778,-6.84863463780415E-5));
#2551=CARTESIAN_POINT('',(-0.0825839488648839,-0.013335,-6.84863463776978E-5));
#2552=CARTESIAN_POINT('',(-0.0782744171763022,-0.01778,0.00103280324047409));
#2553=CARTESIAN_POINT('',(-0.0826186575811545,-0.01778,9.17398500222793E-5));
#2554=CARTESIAN_POINT('',(-0.0826186575811545,-0.013335,9.17398500222793E-5));
#2555=CARTESIAN_POINT('',(-0.0668646377750796,-0.013335,-0.00771858432203262));
#2556=CARTESIAN_POINT('',(-0.0942414770618862,0.01778,0.0133246828065495));
#2557=CARTESIAN_POINT('',(-0.0952718263936755,0.01778,0.00900074880445354));
#2558=CARTESIAN_POINT('',(-0.0952718263936755,0.013335,0.00900074880445355));
#2559=CARTESIAN_POINT('',(-0.092437490989916,0.01778,0.012894811342506));
#2560=CARTESIAN_POINT('',(-0.0936059348874057,0.0177800000000205,0.00860378386544863));
#2561=CARTESIAN_POINT('',(-0.0936059348874399,0.013335,0.00860378386478255));
#2562=CARTESIAN_POINT('',(-0.08977458638585,0.01778,0.012129020762402));
#2563=CARTESIAN_POINT('',(-0.0911942291880804,0.0177799999999954,0.00790481871988155));
#2564=CARTESIAN_POINT('',(-0.0911942291880726,0.013335,0.00790481872003176));
#2565=CARTESIAN_POINT('',(-0.0863691148225966,0.01778,0.0106953808950065));
#2566=CARTESIAN_POINT('',(-0.0882974476798948,0.0177800000000009,0.00668073106700809));
#2567=CARTESIAN_POINT('',(-0.0882974476798962,0.013335,0.00668073106697976));
#2568=CARTESIAN_POINT('',(-0.0839205245800318,0.01778,0.00932905603792807));
#2569=CARTESIAN_POINT('',(-0.0863501934377843,0.0177799999999998,0.00558787967168284));
#2570=CARTESIAN_POINT('',(-0.0863501934377839,0.013335,0.00558787967169059));
#2571=CARTESIAN_POINT('',(-0.0820949604813746,0.01778,0.00792022271132473));
#2572=CARTESIAN_POINT('',(-0.0850335084534675,0.01778,0.00456163273381992));
#2573=CARTESIAN_POINT('',(-0.0850335084534675,0.013335,0.00456163273381896));
#2574=CARTESIAN_POINT('',(-0.0807946980686737,0.01778,0.00656527007752174));
#2575=CARTESIAN_POINT('',(-0.084171122811671,0.01778,0.00366011217482734));
#2576=CARTESIAN_POINT('',(-0.0841711228116709,0.013335,0.00366011217482752));
#2577=CARTESIAN_POINT('',(-0.079952264502641,0.01778,0.00546395592981822));
#2578=CARTESIAN_POINT('',(-0.0836430025431802,0.01778,0.00296747590582454));
#2579=CARTESIAN_POINT('',(-0.0836430025431802,0.013335,0.00296747590582449));
#2580=CARTESIAN_POINT('',(-0.079242939758756,0.01778,0.00426231321333783));
#2581=CARTESIAN_POINT('',(-0.0832188268639917,0.01778,0.0022468826418969));
#2582=CARTESIAN_POINT('',(-0.0832188268639917,0.013335,0.00224688264189691));
#2583=CARTESIAN_POINT('',(-0.0787829065443336,0.01778,0.00318286844191864));
#2584=CARTESIAN_POINT('',(-0.082952346397427,0.01778,0.00162004967575789));
#2585=CARTESIAN_POINT('',(-0.082952346397427,0.013335,0.00162004967575789));
#2586=CARTESIAN_POINT('',(-0.0785073965437719,0.01778,0.00230244356248729));
#2587=CARTESIAN_POINT('',(-0.0827939385976635,0.01778,0.00111440932943291));
#2588=CARTESIAN_POINT('',(-0.0827939385976636,0.013335,0.00111440932943291));
#2589=CARTESIAN_POINT('',(-0.0783444585503767,0.01778,0.0016293704157264));
#2590=CARTESIAN_POINT('',(-0.0826999922071584,0.01778,0.000724800074219605));
#2591=CARTESIAN_POINT('',(-0.0826999922071584,0.013335,0.000724800074219603));
#2592=CARTESIAN_POINT('',(-0.0782456994863403,0.01778,0.00105880889034902));
#2593=CARTESIAN_POINT('',(-0.0826434886531559,0.01778,0.000402519653938315));
#2594=CARTESIAN_POINT('',(-0.0826434886531558,0.013335,0.000402519653938321));
#2595=CARTESIAN_POINT('',(-0.0781959740522474,0.01778,0.00065417669701274));
#2596=CARTESIAN_POINT('',(-0.0826133035267875,0.01778,0.000152855079341534));
#2597=CARTESIAN_POINT('',(-0.0826133035267876,0.013335,0.000152855079341525));
#2598=CARTESIAN_POINT('',(-0.0781732614724384,0.01778,0.000421436632177424));
#2599=CARTESIAN_POINT('',(-0.0826018784233681,0.01778,3.84618170844908E-5));
#2600=CARTESIAN_POINT('',(-0.082601878423368,0.013335,3.84618170845072E-5));
#2601=CARTESIAN_POINT('',(-0.0781635904282837,0.01778,0.000304615103282797));
#2602=CARTESIAN_POINT('',(-0.0825923244629194,0.01778,-7.53057443445039E-5));
#2603=CARTESIAN_POINT('',(-0.0825923244629197,0.013335,-7.53057443445405E-5));
#2604=CARTESIAN_POINT('',(-0.0781585835743759,0.01778,0.000246250250580471));
#2605=CARTESIAN_POINT('',(-0.0825873176090113,0.01778,-0.000133670597046826));
#2606=CARTESIAN_POINT('',(-0.0825873176090113,0.013335,-0.000133670597046826));
#2607=CARTESIAN_POINT('',(-0.0942414770618862,0.013335,0.0133246828065495));
#2608=CARTESIAN_POINT('',(-0.0825987845984796,0.013335,0.));
#2609=CARTESIAN_POINT('',(-0.0825987845984796,0.0145099707362625,0.));
#2610=CARTESIAN_POINT('',(-0.0816470584371929,0.0168114394361887,0.000139781709928725));
#2611=CARTESIAN_POINT('',(-0.0793454338432669,0.0177799999999999,0.000517768392854804));
#2612=CARTESIAN_POINT('',(-0.0782041659694437,0.01778,0.000715613087582792));
#2613=CARTESIAN_POINT('',(-0.0670519030389604,0.013335,-0.0121596378818252));
#2614=CARTESIAN_POINT('',(-0.0670519030389604,0.01778,-0.0121596378818252));
#2615=CARTESIAN_POINT('',(-0.0668646377750787,0.01778,-0.00771858432203301));
#2616=CARTESIAN_POINT('',(-0.0685929516540829,0.013335,-0.012094656707498));
#2617=CARTESIAN_POINT('',(-0.0685929516542146,0.01778,-0.0120946567107199));
#2618=CARTESIAN_POINT('',(-0.0681742989325239,0.01778,-0.00766336003130459));
#2619=CARTESIAN_POINT('',(-0.0710095341920741,0.013335,-0.0118220003611749));
#2620=CARTESIAN_POINT('',(-0.0710095341920444,0.01778,-0.0118220003604484));
#2621=CARTESIAN_POINT('',(-0.0701580886133844,0.01778,-0.00742782840970875));
#2622=CARTESIAN_POINT('',(-0.0743618560312525,0.013335,-0.0107463339966492));
#2623=CARTESIAN_POINT('',(-0.0743618560312581,0.01778,-0.0107463339967861));
#2624=CARTESIAN_POINT('',(-0.0726432995238258,0.01778,-0.00662102116235062));
#2625=CARTESIAN_POINT('',(-0.076955393135554,0.013335,-0.00936122169587596));
#2626=CARTESIAN_POINT('',(-0.0769553931355525,0.01778,-0.00936122169583923));
#2627=CARTESIAN_POINT('',(-0.0744042882959585,0.01778,-0.00567057581382388));
#2628=CARTESIAN_POINT('',(-0.079261403811273,0.013335,-0.00730908438124116));
#2629=CARTESIAN_POINT('',(-0.0792614038112734,0.01778,-0.00730908438125122));
#2630=CARTESIAN_POINT('',(-0.0758813453526876,0.01778,-0.0043542235811));
#2631=CARTESIAN_POINT('',(-0.0806719875555911,0.013335,-0.00524052221427669));
#2632=CARTESIAN_POINT('',(-0.080671987555591,0.01778,-0.00524052221427543));
#2633=CARTESIAN_POINT('',(-0.0768257877160349,0.01778,-0.00298047900118725));
#2634=CARTESIAN_POINT('',(-0.0814848421410569,0.013335,-0.00357259485766735));
#2635=CARTESIAN_POINT('',(-0.0814848421410569,0.01778,-0.00357259485766759));
#2636=CARTESIAN_POINT('',(-0.0774045293180072,0.01778,-0.00179643903800647));
#2637=CARTESIAN_POINT('',(-0.0819713984922289,0.013335,-0.00231751518904957));
#2638=CARTESIAN_POINT('',(-0.0819713984922287,0.01778,-0.00231751518904947));
#2639=CARTESIAN_POINT('',(-0.0777653557373391,0.01778,-0.000867043454621532));
#2640=CARTESIAN_POINT('',(-0.0822846255538177,0.013335,-0.00128992254187938));
#2641=CARTESIAN_POINT('',(-0.0822846255538182,0.01778,-0.00128992254187951));
#2642=CARTESIAN_POINT('',(-0.0780053377165049,0.01778,-8.26978682616994E-5));
#2643=CARTESIAN_POINT('',(-0.0824895189095801,0.013335,-0.000493674644882607));
#2644=CARTESIAN_POINT('',(-0.0824895189095794,0.01778,-0.000493674644882388));
#2645=CARTESIAN_POINT('',(-0.0781685038952938,0.01778,0.000552571372888788));
#2646=CARTESIAN_POINT('',(-0.0825839488648833,0.013335,-6.84863463806209E-5));
#2647=CARTESIAN_POINT('',(-0.082583948864885,0.01778,-6.84863463811017E-5));
#2648=CARTESIAN_POINT('',(-0.0782397084600332,0.01778,0.000872577044070783));
#2649=CARTESIAN_POINT('',(-0.0826186575811546,0.013335,9.17398500222854E-5));
#2650=CARTESIAN_POINT('',(-0.0826186575811546,0.01778,9.17398500222854E-5));
#2651=CARTESIAN_POINT('',(-0.0782744171763022,0.01778,0.00103280324047409));
#2652=CARTESIAN_POINT('',(-0.0668646377750803,0.013335,-0.00771858432203294));
#2653=CARTESIAN_POINT('',(-0.0942414770618868,-0.0104214770618868,-0.0127));
#2654=CARTESIAN_POINT('',(-0.0942414770618868,-0.01778,0.0133246828065496));
#2655=CARTESIAN_POINT('',(-0.0947902152854505,-0.01778,0.013376455223947));
#2656=CARTESIAN_POINT('',(-0.0953323492980342,-0.0177193772562812,0.0134262816600078));
#2657=CARTESIAN_POINT('',(-0.0958678509827246,-0.017598019941321,0.0134743316999164));
#2658=CARTESIAN_POINT('',(-0.0958678509827246,-0.017598019941321,0.0134743316999164));
#2659=CARTESIAN_POINT('',(-0.0942414770618868,-0.0104214770618868,0.0163158017165805));
#2660=CARTESIAN_POINT('',(-0.0942414770618853,-0.01778,0.0133246828065495));
#2661=CARTESIAN_POINT('',(-0.0952718263936746,-0.0177800000000002,0.00900074880445334));
#2662=CARTESIAN_POINT('',(-0.0952718263936755,-0.013335,0.00900074880445354));
#2663=CARTESIAN_POINT('',(-0.0947928614709777,-0.0177800000000001,0.0133767048862343));
#2664=CARTESIAN_POINT('',(-0.095784153376036,-0.0177034591974,0.00912283109262518));
#2665=CARTESIAN_POINT('',(-0.0954734288453952,-0.0133349999962968,0.00904878861063833));
#2666=CARTESIAN_POINT('',(-0.0953349341961275,-0.0177187914573924,0.0134265136005852));
#2667=CARTESIAN_POINT('',(-0.0962791456366833,-0.0175748758095283,0.00923579016385873));
#2668=CARTESIAN_POINT('',(-0.0956721128270272,-0.0133107651764341,0.00909489995333742));
#2669=CARTESIAN_POINT('',(-0.0958678509827294,-0.0175980199413198,0.0134743316999168));
#2670=CARTESIAN_POINT('',(-0.0967587687998595,-0.0173961169460006,0.00934116183246605));
#2671=CARTESIAN_POINT('',(-0.0958678509827263,-0.0132629470785505,0.00913925883714679));
#2672=CARTESIAN_POINT('',(-0.0948854212017858,-0.013262947078551,0.0134743316999164));
#2673=CARTESIAN_POINT('',(-0.1016,-0.0104214770618868,0.0163158017165805));
#2674=CARTESIAN_POINT('',(-0.1016,-0.0104214770618868,0.0163158017165805));
#2675=CARTESIAN_POINT('',(-0.1016,-0.0104214770618868,0.0163158017165805));
#2676=CARTESIAN_POINT('',(-0.1016,-0.0107487475315269,0.0154892328825711));
#2677=CARTESIAN_POINT('',(-0.101599878858271,-0.0109983967013011,0.0157388820771674));
#2678=CARTESIAN_POINT('',(-0.1016,-0.0112480458958954,0.01598853124694));
#2679=CARTESIAN_POINT('',(-0.101318811475176,-0.0114032063065097,0.0138363027323541));
#2680=CARTESIAN_POINT('',(-0.101488186725923,-0.012185580015709,0.0145516987627578));
#2681=CARTESIAN_POINT('',(-0.101318811475176,-0.0129009760461137,0.0153340724719578));
#2682=CARTESIAN_POINT('',(-0.100100927016341,-0.0122745257517663,0.0116356596413118));
#2683=CARTESIAN_POINT('',(-0.100917385844362,-0.0140092784139423,0.0127280003645252));
#2684=CARTESIAN_POINT('',(-0.100100927016341,-0.0151016191371554,0.014462753026701));
#2685=CARTESIAN_POINT('',(-0.0982238826473709,-0.0129373861450183,0.00996150999083832));
#2686=CARTESIAN_POINT('',(-0.0996322371343972,-0.0159346189061887,0.0108026598722786));
#2687=CARTESIAN_POINT('',(-0.0982238826473699,-0.0167757687876293,0.013799892633449));
#2688=CARTESIAN_POINT('',(-0.096673978358484,-0.0131906140613321,0.00932194631812914));
#2689=CARTESIAN_POINT('',(-0.0978937934616554,-0.0170360528205809,0.00970122595788648));
#2690=CARTESIAN_POINT('',(-0.0966739783584863,-0.0174153324603377,0.0135466647171352));
#2691=CARTESIAN_POINT('',(-0.0958678509827245,-0.013262947078551,0.00913925883714639));
#2692=CARTESIAN_POINT('',(-0.0967587687998551,-0.0173961169460023,0.00934116183246509));
#2693=CARTESIAN_POINT('',(-0.0958678509827245,-0.017598019941321,0.0134743316999164));
#2694=CARTESIAN_POINT('',(-0.0942414770618868,-0.0104214770618868,0.0163158017165805));
#2695=CARTESIAN_POINT('',(-0.0942414770618868,4.17603064615173E-17,0.0163158017165805));
#2696=CARTESIAN_POINT('',(-0.0942414770618868,0.0104214770618868,0.0163158017165805));
#2697=CARTESIAN_POINT('',(-0.1016,0.0104214770618868,0.0163158017165806));
#2698=CARTESIAN_POINT('',(-0.1016,0.0104214770618868,0.0163158017165805));
#2699=CARTESIAN_POINT('',(-0.1016,0.0104214770618868,0.0163158017165806));
#2700=CARTESIAN_POINT('',(-0.1016,0.0112480458958966,0.01598853124694));
#2701=CARTESIAN_POINT('',(-0.101599878858271,0.0109983967013019,0.0157388820771674));
#2702=CARTESIAN_POINT('',(-0.1016,0.0107487475315273,0.0154892328825711));
#2703=CARTESIAN_POINT('',(-0.101318811475175,0.0129009760461133,0.0153340724719578));
#2704=CARTESIAN_POINT('',(-0.101488186725922,0.0121855800157087,0.0145516987627577));
#2705=CARTESIAN_POINT('',(-0.101318811475175,0.0114032063065096,0.0138363027323539));
#2706=CARTESIAN_POINT('',(-0.100100927016344,0.0151016191371548,0.014462753026701));
#2707=CARTESIAN_POINT('',(-0.100917385844367,0.014009278413942,0.0127280003645257));
#2708=CARTESIAN_POINT('',(-0.100100927016344,0.0122745257517664,0.0116356596413126));
#2709=CARTESIAN_POINT('',(-0.0982238826473573,0.0167757687876321,0.013799892633449));
#2710=CARTESIAN_POINT('',(-0.0996322371343787,0.0159346189061915,0.0108026598722757));
#2711=CARTESIAN_POINT('',(-0.0982238826473582,0.0129373861450183,0.00996150999083543));
#2712=CARTESIAN_POINT('',(-0.0966739783585133,0.0174153324603316,0.0135466647171352));
#2713=CARTESIAN_POINT('',(-0.0978937934616998,0.0170360528205735,0.00970122595789414));
#2714=CARTESIAN_POINT('',(-0.0966739783585114,0.0131906140613321,0.00932194631813536));
#2715=CARTESIAN_POINT('',(-0.0958678509827245,0.017598019941321,0.0134743316999164));
#2716=CARTESIAN_POINT('',(-0.0967587687998551,0.0173961169460023,0.00934116183246509));
#2717=CARTESIAN_POINT('',(-0.0958678509827245,0.013262947078551,0.00913925883714639));
#2718=CARTESIAN_POINT('',(-0.0948854212017858,0.013262947078551,0.0134743316999164));
#2719=CARTESIAN_POINT('',(-0.0958678509827246,0.0175980199413209,0.0134743316999164));
#2720=CARTESIAN_POINT('',(-0.0942414770618868,0.0104214770618868,0.0163158017165805));
#2721=CARTESIAN_POINT('',(-0.0952718263936898,0.013335,0.00900074880445694));
#2722=CARTESIAN_POINT('',(-0.0952718263937113,0.0177799999999947,0.00900074880446207));
#2723=CARTESIAN_POINT('',(-0.0942414770619245,0.01778,0.0133246828065532));
#2724=CARTESIAN_POINT('',(-0.0954734288405916,0.0133349999962968,0.00904878860949361));
#2725=CARTESIAN_POINT('',(-0.0957841533639259,0.0177034591992083,0.00912283108974135));
#2726=CARTESIAN_POINT('',(-0.0947928614578297,0.0177799999999972,0.0133767048849949));
#2727=CARTESIAN_POINT('',(-0.0956721128276168,0.0133107651762853,0.00909489995347102));
#2728=CARTESIAN_POINT('',(-0.0962791456381523,0.0175748758089729,0.0092357901641815));
#2729=CARTESIAN_POINT('',(-0.0953349341977493,0.0177187914570244,0.013426513600727));
#2730=CARTESIAN_POINT('',(-0.0958678509827245,0.013262947078551,0.00913925883714638));
#2731=CARTESIAN_POINT('',(-0.096758768799855,0.0173961169460023,0.00934116183246507));
#2732=CARTESIAN_POINT('',(-0.0958678509827244,0.017598019941321,0.0134743316999163));
#2733=CARTESIAN_POINT('',(-0.0942414770618868,0.01778,0.0133246828065496));
#2734=CARTESIAN_POINT('',(-0.0947902152854491,0.01778,0.0133764552239468));
#2735=CARTESIAN_POINT('',(-0.0953323492980356,0.0177193772562808,0.013426281660008));
#2736=CARTESIAN_POINT('',(-0.0958678509827246,0.0175980199413209,0.0134743316999164));
#2737=CARTESIAN_POINT('',(-0.0942414770618868,0.0104214770618868,-0.0127));
#2738=CARTESIAN_POINT('',(0.0625447580230035,0.00120293370810652,0.00642446890552793));
#2739=CARTESIAN_POINT('',(0.063272994519289,0.00648768831016827,0.00642361362435422));
#2740=CARTESIAN_POINT('',(0.0632668459184035,0.00648853558541174,0.00108892321094944));
#2741=CARTESIAN_POINT('',(0.066185429092375,0.000762175034274173,0.00642019310028991));
#2742=CARTESIAN_POINT('',(0.0669350993625754,0.00598299183717482,0.00635930763054588));
#2743=CARTESIAN_POINT('',(0.0665159498275034,0.00604081010169709,0.00108516666128267));
#2744=CARTESIAN_POINT('',(0.0715511709563666,4.97090472464287E-5,0.00573303069795265));
#2745=CARTESIAN_POINT('',(0.0722872188200343,0.00516214715646836,0.0055778551212697));
#2746=CARTESIAN_POINT('',(0.0712568505296976,0.00532072968983194,0.00048573024276899));
#2747=CARTESIAN_POINT('',(0.0784342619824914,-0.000942511453574587,0.00353524221449761));
#2748=CARTESIAN_POINT('',(0.0791427659709447,0.0040312050608085,0.00326300859617413));
#2749=CARTESIAN_POINT('',(0.0773939776495161,0.00432086449323026,-0.00145637742672626));
#2750=CARTESIAN_POINT('',(0.0832495027685984,-0.00167117800062655,0.00138473318750307));
#2751=CARTESIAN_POINT('',(0.0839053423222363,0.00321537852745065,0.00105077406512071));
#2752=CARTESIAN_POINT('',(0.0817312016850368,0.00358761849942859,-0.00337974955703697));
#2753=CARTESIAN_POINT('',(0.087774274000255,-0.00238385465184919,-0.00118537758503191));
#2754=CARTESIAN_POINT('',(0.0883719612026333,0.00242913326652431,-0.00156201178171996));
#2755=CARTESIAN_POINT('',(0.0858550298247726,0.00287113827145289,-0.00570811303240011));
#2756=CARTESIAN_POINT('',(0.0934819420768098,-0.00331474399201087,-0.00510979360267146));
#2757=CARTESIAN_POINT('',(0.0939915553257214,0.00141796462548103,-0.00551486282371371));
#2758=CARTESIAN_POINT('',(0.0911186638671065,0.00193595015492625,-0.00930863128799908));
#2759=CARTESIAN_POINT('',(0.0973370307677016,-0.00397242339456007,-0.00845030348001394));
#2760=CARTESIAN_POINT('',(0.0978065050240699,0.000712892883419023,-0.00887194737657398));
#2761=CARTESIAN_POINT('',(0.0947332939560995,0.00127577179083671,-0.0124247105084116));
#2762=CARTESIAN_POINT('',(0.0997599227345016,-0.00439384038944615,-0.010791582072272));
#2763=CARTESIAN_POINT('',(0.100205078952743,0.000264659723523932,-0.0112217435232405));
#2764=CARTESIAN_POINT('',(0.0970218179641923,0.000852883420343874,-0.0146284528733836));
#2765=CARTESIAN_POINT('',(0.0625384916630601,0.00120293370814918,0.0010889232109498));
#2766=CARTESIAN_POINT('',(0.0717975817508018,3.11333372856178E-18,0.0054192993171168));
#2767=CARTESIAN_POINT('',(0.0731356896642756,1.0002825884918E-13,0.00512717966585805));
#2768=CARTESIAN_POINT('',(0.0758043560289426,-4.64097632510665E-14,0.00439250519235327));
#2769=CARTESIAN_POINT('',(0.0796225212172118,1.24476027760557E-14,0.00290275001639578));
#2770=CARTESIAN_POINT('',(0.0833249595411253,-3.25788219500631E-15,0.00101829331102614));
#2771=CARTESIAN_POINT('',(0.0879426394624797,1.88782477286209E-15,-0.00190766624888121));
#2772=CARTESIAN_POINT('',(0.0931863868585597,-6.66063847471899E-16,-0.0062804487369541));
#2773=CARTESIAN_POINT('',(0.0968171758484304,-3.93620994714094E-18,-0.0104627286829866));
#2774=CARTESIAN_POINT('',(0.0983969291930552,6.67253805280587E-19,-0.0126999999999988));
#2775=CARTESIAN_POINT('',(0.0632668459180891,-0.00648853558545504,0.0010889232109498));
#2776=CARTESIAN_POINT('',(0.0632729945189327,-0.00648768831021735,0.0064236136243604));
#2777=CARTESIAN_POINT('',(0.0625447580226512,-0.00120293370814921,0.00642446890552835));
#2778=CARTESIAN_POINT('',(0.0665159513499366,-0.00604080989190926,0.00108516665955791));
#2779=CARTESIAN_POINT('',(0.0669351010684224,-0.00598299160216834,0.00635930760091755));
#2780=CARTESIAN_POINT('',(0.0661854307980975,-0.000762174827549112,0.00642019309831575));
#2781=CARTESIAN_POINT('',(0.0712568501864194,-0.0053207297371349,0.000485730243158685));
#2782=CARTESIAN_POINT('',(0.0722872184423703,-0.0051621472084488,0.00557785512742944));
#2783=CARTESIAN_POINT('',(0.0715511705717598,-4.97090938589181E-5,0.00573303069839865));
#2784=CARTESIAN_POINT('',(0.0773939777141635,-0.00432086448432206,-0.00145637742679951));
#2785=CARTESIAN_POINT('',(0.0791427660404274,-0.00403120505126539,0.00326300859527933));
#2786=CARTESIAN_POINT('',(0.0784342620549227,0.000942511462352925,0.00353524221441384));
#2787=CARTESIAN_POINT('',(0.0817312016677351,-0.00358761850181275,-0.00337974955701439));
#2788=CARTESIAN_POINT('',(0.0839053423039311,-0.00321537852996051,0.00105077406529866));
#2789=CARTESIAN_POINT('',(0.0832495027492098,0.00167117799827648,0.0013847331875286));
#2790=CARTESIAN_POINT('',(0.0858550298293143,-0.00287113827082755,-0.00570811303240807));
#2791=CARTESIAN_POINT('',(0.0883719612073748,-0.00242913326587483,-0.0015620117817517));
#2792=CARTESIAN_POINT('',(0.0877742740053579,0.00238385465246804,-0.00118537758504017));
#2793=CARTESIAN_POINT('',(0.0911186638644279,-0.0019359501552929,-0.00930863128797687));
#2794=CARTESIAN_POINT('',(0.0939915553229497,-0.00141796462586337,-0.00551486282367951));
#2795=CARTESIAN_POINT('',(0.0934819420737325,0.0033147439916356,-0.00510979360265078));
#2796=CARTESIAN_POINT('',(0.094733293955881,-0.00127577179087709,-0.0124247105085086));
#2797=CARTESIAN_POINT('',(0.0978065050239615,-0.00071289288341446,-0.0088719473767507));
#2798=CARTESIAN_POINT('',(0.097337030767794,0.00397242339458225,-0.0084503034801032));
#2799=CARTESIAN_POINT('',(0.0970218179641923,-0.000852883420343876,-0.0146284528733836));
#2800=CARTESIAN_POINT('',(0.100205078952743,-0.000264659723523937,-0.0112217435232405));
#2801=CARTESIAN_POINT('',(0.0997599227345016,0.00439384038944615,-0.010791582072272));
#2802=CARTESIAN_POINT('',(0.0625384916630601,-0.00120293370814917,0.0010889232109498));
#2803=CARTESIAN_POINT('',(0.063266845918089,0.00648853558545505,0.0010889232109498));
#2804=CARTESIAN_POINT('',(0.0632729945189326,0.00648768831021736,0.00642361362436046));
#2805=CARTESIAN_POINT('',(0.062544758022651,0.00120293370814917,0.00642446890552834));
#2806=CARTESIAN_POINT('',(0.0622933339340137,0.00662268522676029,0.00109004876758656));
#2807=CARTESIAN_POINT('',(0.0627726547225391,0.00655665282167404,0.00635919701839012));
#2808=CARTESIAN_POINT('',(0.0620655761731425,0.0013349959206417,0.00642503168316166));
#2809=CARTESIAN_POINT('',(0.0603793805023778,0.00687788365430269,0.00134603266077236));
#2810=CARTESIAN_POINT('',(0.061753906314851,0.00669678014002462,0.00637077281571096));
#2811=CARTESIAN_POINT('',(0.0611251688115337,0.00158576171441822,0.00655302363077205));
#2812=CARTESIAN_POINT('',(0.0567475975542289,0.00732357831731295,0.0028478828630671));
#2813=CARTESIAN_POINT('',(0.0597295183545491,0.00697468801937339,0.0069953631003034));
#2814=CARTESIAN_POINT('',(0.0593493951537112,0.00202152455192395,0.00730394873129501));
#2815=CARTESIAN_POINT('',(0.0546131795028363,0.00753866383070361,0.00498436578292205));
#2816=CARTESIAN_POINT('',(0.0584980888732019,0.00715036848565309,0.0081230409772871));
#2817=CARTESIAN_POINT('',(0.0583189258163296,0.00222898934204862,0.0083721901919771));
#2818=CARTESIAN_POINT('',(0.0536583891612004,0.00762608382864591,0.00667037226597876));
#2819=CARTESIAN_POINT('',(0.0579639224355603,0.00723187193356101,0.00902638532822198));
#2820=CARTESIAN_POINT('',(0.0578614644504508,0.00231275908619226,0.00921519343304285));
#2821=CARTESIAN_POINT('',(0.062544758022651,0.00120293370814918,0.00642446890552835));
#2822=CARTESIAN_POINT('',(0.0625093438915243,0.00121269382012622,0.00642451049784017));
#2823=CARTESIAN_POINT('',(0.0624739275483633,0.00122243161223186,0.00642490464403928));
#2824=CARTESIAN_POINT('',(0.0624385088977241,0.00123214672232267,0.00642565171481855));
#2825=CARTESIAN_POINT('',(0.062544758022651,-0.00120293370814917,0.00642446890552834));
#2826=CARTESIAN_POINT('',(0.0632729945189326,-0.00648768831021736,0.00642361362436046));
#2827=CARTESIAN_POINT('',(0.063266845918089,-0.00648853558545505,0.0010889232109498));
#2828=CARTESIAN_POINT('',(0.0620655761731694,-0.00133499592063551,0.00642503168316162));
#2829=CARTESIAN_POINT('',(0.0627726547226147,-0.00655665282165981,0.00635919701839348));
#2830=CARTESIAN_POINT('',(0.0622933339341278,-0.00662268522674456,0.00109004876758656));
#2831=CARTESIAN_POINT('',(0.0611251688115214,-0.0015857617144208,0.0065530236307723));
#2832=CARTESIAN_POINT('',(0.0617539063148176,-0.00669678014003229,0.00637077281571076));
#2833=CARTESIAN_POINT('',(0.0603793805023259,-0.00687788365430982,0.00134603266077282));
#2834=CARTESIAN_POINT('',(0.0593493951537192,-0.00202152455192339,0.00730394873129384));
#2835=CARTESIAN_POINT('',(0.0597295183545693,-0.00697468801936294,0.00699536310029738));
#2836=CARTESIAN_POINT('',(0.0567475975542598,-0.00732357831730866,0.00284788286306482));
#2837=CARTESIAN_POINT('',(0.0583189258163269,-0.00222898934204361,0.00837219019198223));
#2838=CARTESIAN_POINT('',(0.0584980888731947,-0.00715036848568327,0.00812304097732235));
#2839=CARTESIAN_POINT('',(0.0546131795028371,-0.00753866383070353,0.00498436578293201));
#2840=CARTESIAN_POINT('',(0.0578614644504508,-0.00231275908619225,0.00921519343304284));
#2841=CARTESIAN_POINT('',(0.0579639224355603,-0.007231871933561,0.00902638532822196));
#2842=CARTESIAN_POINT('',(0.0536583891612004,-0.0076260838286459,0.00667037226597873));
#2843=CARTESIAN_POINT('',(0.0624385088977241,-0.00123214672232267,0.00642565171481856));
#2844=CARTESIAN_POINT('',(0.0624739275483633,-0.00122243161223185,0.00642490464403929));
#2845=CARTESIAN_POINT('',(0.0625093438915243,-0.00121269382012621,0.00642451049784017));
#2846=CARTESIAN_POINT('',(0.062544758022651,-0.00120293370814917,0.00642446890552835));
#2847=CARTESIAN_POINT('',(0.0625510243822419,8.32672159537975E-17,0.0117600146001069));
#2848=CARTESIAN_POINT('',(0.0882315946562617,-0.00438690853338317,-0.0187718349664165));
#2849=CARTESIAN_POINT('',(0.0892961121997521,0.00226041829481244,-0.0191530827424491));
#2850=CARTESIAN_POINT('',(0.0915016785430201,0.00186191021908409,-0.0127936669008014));
#2851=CARTESIAN_POINT('',(0.0845556146510141,-0.00372272188448081,-0.017455314435298));
#2852=CARTESIAN_POINT('',(0.085603932085211,0.00292096514620112,-0.017830760281858));
#2853=CARTESIAN_POINT('',(0.0878076722490803,0.00252935390964438,-0.0114771463696699));
#2854=CARTESIAN_POINT('',(0.0799522122474202,-0.00291197535519082,-0.0158060744872163));
#2855=CARTESIAN_POINT('',(0.0809764263613051,0.00372742920751583,-0.0161739153243965));
#2856=CARTESIAN_POINT('',(0.0831838474582925,0.00334475386288195,-0.00982995925959666));
#2857=CARTESIAN_POINT('',(0.0744385493680383,-0.00198296013120098,-0.0138324316382875));
#2858=CARTESIAN_POINT('',(0.0754171095077397,0.00464702094311122,-0.014182073089595));
#2859=CARTESIAN_POINT('',(0.077617154306658,0.00428094469047149,-0.00785262130227685));
#2860=CARTESIAN_POINT('',(0.0716533661935004,-0.00152867009660753,-0.0128327150783279));
#2861=CARTESIAN_POINT('',(0.0726066792081058,0.00510034165235014,-0.0131773183826471));
#2862=CARTESIAN_POINT('',(0.0748303541537806,0.00473920795934036,-0.00686091081049448));
#2863=CARTESIAN_POINT('',(0.0689707194048072,-0.00108523779742597,-0.0118803432145868));
#2864=CARTESIAN_POINT('',(0.0699049188683718,0.00552327919305979,-0.0122030200780624));
#2865=CARTESIAN_POINT('',(0.0720351398034335,0.00518707577345819,-0.00587836222823994));
#2866=CARTESIAN_POINT('',(0.0653586735881786,-0.000508791091288288,-0.0106583123765189));
#2867=CARTESIAN_POINT('',(0.0662599274634604,0.00607476745693483,-0.0109529122692273));
#2868=CARTESIAN_POINT('',(0.0682807502358943,0.0057702198555332,-0.00462281274698984));
#2869=CARTESIAN_POINT('',(0.0617245946553169,4.03589824153664E-5,-0.00950343063815474));
#2870=CARTESIAN_POINT('',(0.0625798823015428,0.00659778493793368,-0.00976643655954389));
#2871=CARTESIAN_POINT('',(0.0644874398960741,0.00632747399270992,-0.00343463927745089));
#2872=CARTESIAN_POINT('',(0.0580583481650314,0.000547082709892098,-0.00841648025971234));
#2873=CARTESIAN_POINT('',(0.0588409000798355,0.00707728032985204,-0.00864275368786155));
#2874=CARTESIAN_POINT('',(0.060639809768999,0.00684461403497011,-0.00231679764359914));
#2875=CARTESIAN_POINT('',(0.0552945196749287,0.000898772351102307,-0.00763557701619115));
#2876=CARTESIAN_POINT('',(0.0560071501641593,0.00740657318824662,-0.00783158622769774));
#2877=CARTESIAN_POINT('',(0.0577219542135681,0.00720565451956695,-0.00151360712815553));
#2878=CARTESIAN_POINT('',(0.0529815651544089,0.00115970678917411,-0.00701420965355001));
#2879=CARTESIAN_POINT('',(0.0536123309324397,0.00764640080691551,-0.00718041442211377));
#2880=CARTESIAN_POINT('',(0.0552577025973753,0.00747608739135183,-0.000874511597815299));
#2881=CARTESIAN_POINT('',(0.0511241099735718,0.0013403729662719,-0.00653446632993229));
#2882=CARTESIAN_POINT('',(0.0516637466982669,0.00780655277113957,-0.00667180910887642));
#2883=CARTESIAN_POINT('',(0.0532533961914662,0.00766568545274937,-0.000381076695168631));
#2884=CARTESIAN_POINT('',(0.0497272568663572,0.00145807448507874,-0.00618331097959041));
#2885=CARTESIAN_POINT('',(0.0501809151851313,0.00790579009184202,-0.0062955692945178));
#2886=CARTESIAN_POINT('',(0.0517273062182468,0.00779080078326911,-1.99009307593991E-5));
#2887=CARTESIAN_POINT('',(0.0483260594144331,0.00155249103947042,-0.00584069625068659));
#2888=CARTESIAN_POINT('',(0.0486646451275723,0.00797631044162291,-0.00592202071916477));
#2889=CARTESIAN_POINT('',(0.0501665433542091,0.00789318834200986,0.000332488520633697));
#2890=CARTESIAN_POINT('',(0.0471544785499041,0.00160439160526739,-0.00556226194456819));
#2891=CARTESIAN_POINT('',(0.0473558426883663,0.00799975768848889,-0.00560936304041951));
#2892=CARTESIAN_POINT('',(0.0488190623089022,0.00795170863086682,0.000618863758430849));
#2893=CARTESIAN_POINT('',(0.0463310175446796,0.00161849125310693,-0.00537080141742667));
#2894=CARTESIAN_POINT('',(0.0463873296145461,0.00798177220290564,-0.00538372943576992));
#2895=CARTESIAN_POINT('',(0.0478212038570579,0.00796860000349407,0.000815782827312576));
#2896=CARTESIAN_POINT('',(0.0458607677433563,0.00161769291657687,-0.00526267381781368));
#2897=CARTESIAN_POINT('',(0.0458094240098928,0.0079555206764714,-0.00525086168207168));
#2898=CARTESIAN_POINT('',(0.0472243954657468,0.00796768495978977,0.000926992532668367));
#2899=CARTESIAN_POINT('',(0.0455083377379043,0.00161172632553677,-0.0051822393261532));
#2900=CARTESIAN_POINT('',(0.0453588466109846,0.00792514775131709,-0.00514818554691637));
#2901=CARTESIAN_POINT('',(0.0467579459535,0.00796011646261315,0.00100971943397903));
#2902=CARTESIAN_POINT('',(0.045214929857343,0.0016011596452709,-0.00511577574300429));
#2903=CARTESIAN_POINT('',(0.0449596488407731,0.00788656342040939,-0.0050580448124713));
#2904=CARTESIAN_POINT('',(0.0463434913490729,0.00794573797187309,0.00107807697014179));
#2905=CARTESIAN_POINT('',(0.0449804585892365,0.00158816441455684,-0.00506296167984048));
#2906=CARTESIAN_POINT('',(0.0446180921152617,0.00784332352901274,-0.00498146590372077));
#2907=CARTESIAN_POINT('',(0.0459874989509823,0.00792672533871439,0.00113239585253047));
#2908=CARTESIAN_POINT('',(0.0448340504864542,0.00157771635129371,-0.00503010796313228));
#2909=CARTESIAN_POINT('',(0.0443829249892927,0.00780623257718178,-0.00492898746338952));
#2910=CARTESIAN_POINT('',(0.0457410531475806,0.00790957746502602,0.00116618558803448));
#2911=CARTESIAN_POINT('',(0.0447316591650459,0.00156885790580973,-0.00500719662277096));
#2912=CARTESIAN_POINT('',(0.0442165195829206,0.00777742905491297,-0.0048919925984082));
#2913=CARTESIAN_POINT('',(0.0455662789227208,0.00789504275790022,0.00118974964396483));
#2914=CARTESIAN_POINT('',(0.0446731852250256,0.00156323415681197,-0.00499413091382569));
#2915=CARTESIAN_POINT('',(0.0440964063231167,0.00775171264118458,-0.00486531195702602));
#2916=CARTESIAN_POINT('',(0.0454388850759552,0.00788307990699879,0.00120318756716934));
#2917=CARTESIAN_POINT('',(0.0446147278083981,0.00155733696719057,-0.00498108126598426));
#2918=CARTESIAN_POINT('',(0.0440432771592779,0.00774772769376684,-0.0048536166332972));
#2919=CARTESIAN_POINT('',(0.0453846911559575,0.0078777144144914,0.00121660896400301));
#2920=CARTESIAN_POINT('',(0.0445416451304033,0.00155005150021367,-0.00496478996280514));
#2921=CARTESIAN_POINT('',(0.0439674680885737,0.00773978184229432,-0.00483691741474371));
#2922=CARTESIAN_POINT('',(0.0453066507109906,0.00787017103473531,0.00123336434757504));
#2923=CARTESIAN_POINT('',(0.0443662361616676,0.00153249341403912,-0.00492576269513053));
#2924=CARTESIAN_POINT('',(0.043793255661323,0.00772315707958037,-0.00479864357362019));
#2925=CARTESIAN_POINT('',(0.045127837994428,0.00785275579256161,0.00127350331417358));
#2926=CARTESIAN_POINT('',(0.0442200283429964,0.00151787708251052,-0.00489338705585974));
#2927=CARTESIAN_POINT('',(0.0436460388484517,0.00770866368987353,-0.00476644696795673));
#2928=CARTESIAN_POINT('',(0.0449765809700578,0.00783806010325408,0.00130680108066861));
#2929=CARTESIAN_POINT('',(0.0441030417746717,0.00150617602019475,-0.00486758093715591));
#2930=CARTESIAN_POINT('',(0.0435288905312603,0.0076972709110723,-0.00474092866114166));
#2931=CARTESIAN_POINT('',(0.0448562626716511,0.00782635904093897,0.00133334214717948));
#2932=CARTESIAN_POINT('',(0.0619388777855432,1.65531026448308E-17,-0.00958466937150029));
#2933=CARTESIAN_POINT('',(0.0652417540998199,-4.52571983137497E-13,-0.0106062847183171));
#2934=CARTESIAN_POINT('',(0.068535600515196,1.12966783432416E-17,-0.0116568673920404));
#2935=CARTESIAN_POINT('',(0.0718317523535398,-2.81815499558097E-18,-0.0127));
#2936=CARTESIAN_POINT('',(0.0454223986100836,0.00788141626816163,0.0012077070228951));
#2937=CARTESIAN_POINT('',(0.0452439347945949,0.0078640605022168,0.00039955231245477));
#2938=CARTESIAN_POINT('',(0.0449087746472703,0.00750795992541207,-0.00118890496645539));
#2939=CARTESIAN_POINT('',(0.0445264476818378,0.00608637425246785,-0.00322286820163686));
#2940=CARTESIAN_POINT('',(0.0443254860936113,0.00400164518409788,-0.00458438451579404));
#2941=CARTESIAN_POINT('',(0.0443316570094503,0.00234795726323899,-0.00491813374415706));
#2942=CARTESIAN_POINT('',(0.0443693469242574,0.00153281206041595,-0.00492649614308867));
#2943=CARTESIAN_POINT('',(0.0915016785430201,-0.00186191021908409,-0.0127936669008014));
#2944=CARTESIAN_POINT('',(0.0892961121997522,-0.00226041829481243,-0.0191530827424492));
#2945=CARTESIAN_POINT('',(0.0882315946562618,0.00438690853338317,-0.0187718349664166));
#2946=CARTESIAN_POINT('',(0.0878076722491223,-0.0025293539096368,-0.0114771463696562));
#2947=CARTESIAN_POINT('',(0.0856039320849829,-0.00292096514617913,-0.0178307602819466));
#2948=CARTESIAN_POINT('',(0.0845556146509367,0.00372272188459074,-0.0174553144352703));
#2949=CARTESIAN_POINT('',(0.0831838474582881,-0.00334475386288275,-0.00982995925959824));
#2950=CARTESIAN_POINT('',(0.0809764263613347,-0.00372742920751745,-0.0161739153243884));
#2951=CARTESIAN_POINT('',(0.0799522122474289,0.00291197535517878,-0.0158060744872194));
#2952=CARTESIAN_POINT('',(0.0776171543066585,-0.0042809446904714,-0.00785262130227667));
#2953=CARTESIAN_POINT('',(0.0754171095077356,-0.00464702094311113,-0.0141820730895958));
#2954=CARTESIAN_POINT('',(0.0744385493680373,0.00198296013120239,-0.0138324316382871));
#2955=CARTESIAN_POINT('',(0.0748303541537805,-0.00473920795934036,-0.00686091081049453));
#2956=CARTESIAN_POINT('',(0.072606679208107,-0.00510034165235015,-0.0131773183826469));
#2957=CARTESIAN_POINT('',(0.0716533661935007,0.00152867009660717,-0.012832715078328));
#2958=CARTESIAN_POINT('',(0.0720351398034336,-0.00518707577345818,-0.00587836222823995));
#2959=CARTESIAN_POINT('',(0.0699049188683715,-0.00552327919305977,-0.0122030200780624));
#2960=CARTESIAN_POINT('',(0.0689707194048073,0.00108523779742608,-0.0118803432145868));
#2961=CARTESIAN_POINT('',(0.0682807502358943,-0.0057702198555332,-0.00462281274698984));
#2962=CARTESIAN_POINT('',(0.0662599274634605,-0.00607476745693481,-0.0109529122692273));
#2963=CARTESIAN_POINT('',(0.0653586735881786,0.000508791091288248,-0.010658312376519));
#2964=CARTESIAN_POINT('',(0.0644874398960742,-0.00632747399270992,-0.00343463927745091));
#2965=CARTESIAN_POINT('',(0.0625798823015428,-0.00659778493793368,-0.00976643655954389));
#2966=CARTESIAN_POINT('',(0.061724594655317,-4.03589824153799E-5,-0.00950343063815476));
#2967=CARTESIAN_POINT('',(0.0606398097689991,-0.0068446140349701,-0.00231679764359916));
#2968=CARTESIAN_POINT('',(0.0588409000798356,-0.00707728032985203,-0.00864275368786155));
#2969=CARTESIAN_POINT('',(0.0580583481650315,-0.000547082709892105,-0.00841648025971236));
#2970=CARTESIAN_POINT('',(0.0577219542135681,-0.00720565451956693,-0.00151360712815555));
#2971=CARTESIAN_POINT('',(0.0560071501641594,-0.00740657318824659,-0.00783158622769777));
#2972=CARTESIAN_POINT('',(0.0552945196749288,-0.000898772351102271,-0.00763557701619118));
#2973=CARTESIAN_POINT('',(0.0552577025973754,-0.00747608739135184,-0.000874511597815323));
#2974=CARTESIAN_POINT('',(0.0536123309324398,-0.00764640080691552,-0.00718041442211376));
#2975=CARTESIAN_POINT('',(0.052981565154409,-0.00115970678917415,-0.00701420965355002));
#2976=CARTESIAN_POINT('',(0.0532533961914663,-0.00766568545274935,-0.000381076695168653));
#2977=CARTESIAN_POINT('',(0.051663746698267,-0.00780655277113955,-0.00667180910887645));
#2978=CARTESIAN_POINT('',(0.0511241099735719,-0.00134037296627188,-0.00653446632993231));
#2979=CARTESIAN_POINT('',(0.0517273062182469,-0.00779080078326909,-1.99009307594187E-5));
#2980=CARTESIAN_POINT('',(0.0501809151851314,-0.00790579009184201,-0.00629556929451781));
#2981=CARTESIAN_POINT('',(0.0497272568663573,-0.00145807448507873,-0.00618331097959044));
#2982=CARTESIAN_POINT('',(0.0501665433542093,-0.00789318834200985,0.00033248852063367));
#2983=CARTESIAN_POINT('',(0.0486646451275724,-0.00797631044162292,-0.0059220207191648));
#2984=CARTESIAN_POINT('',(0.0483260594144332,-0.00155249103947041,-0.00584069625068661));
#2985=CARTESIAN_POINT('',(0.0488190623089024,-0.0079517086308668,0.000618863758430825));
#2986=CARTESIAN_POINT('',(0.0473558426883664,-0.00799975768848889,-0.00560936304041955));
#2987=CARTESIAN_POINT('',(0.0471544785499043,-0.00160439160526737,-0.00556226194456822));
#2988=CARTESIAN_POINT('',(0.047821203857058,-0.00796860000349406,0.000815782827312543));
#2989=CARTESIAN_POINT('',(0.0463873296145462,-0.00798177220290563,-0.00538372943576994));
#2990=CARTESIAN_POINT('',(0.0463310175446797,-0.00161849125310693,-0.0053708014174267));
#2991=CARTESIAN_POINT('',(0.047224395465747,-0.00796768495978978,0.000926992532668351));
#2992=CARTESIAN_POINT('',(0.0458094240098929,-0.00795552067647141,-0.0052508616820717));
#2993=CARTESIAN_POINT('',(0.0458607677433564,-0.00161769291657687,-0.0052626738178137));
#2994=CARTESIAN_POINT('',(0.0467579459535002,-0.00796011646261309,0.001009719433979));
#2995=CARTESIAN_POINT('',(0.0453588466109848,-0.00792514775131705,-0.00514818554691646));
#2996=CARTESIAN_POINT('',(0.0455083377379043,-0.00161172632553667,-0.00518223932615322));
#2997=CARTESIAN_POINT('',(0.046343491349073,-0.00794573797187311,0.00107807697014179));
#2998=CARTESIAN_POINT('',(0.0449596488407732,-0.00788656342040941,-0.00505804481247129));
#2999=CARTESIAN_POINT('',(0.0452149298573431,-0.00160115964527096,-0.00511577574300431));
#3000=CARTESIAN_POINT('',(0.0459874989509827,-0.00792672533871438,0.0011323958525304));
#3001=CARTESIAN_POINT('',(0.044618092115262,-0.00784332352901277,-0.00498146590372087));
#3002=CARTESIAN_POINT('',(0.0449804585892367,-0.00158816441455681,-0.00506296167984053));
#3003=CARTESIAN_POINT('',(0.0457410531475808,-0.00790957746502603,0.00116618558803447));
#3004=CARTESIAN_POINT('',(0.0443829249892929,-0.00780623257718182,-0.00492898746338956));
#3005=CARTESIAN_POINT('',(0.0448340504864543,-0.00157771635129372,-0.0050301079631323));
#3006=CARTESIAN_POINT('',(0.045566278922721,-0.00789504275790026,0.00118974964396479));
#3007=CARTESIAN_POINT('',(0.0442165195829208,-0.00777742905491302,-0.00489199259840821));
#3008=CARTESIAN_POINT('',(0.0447316591650461,-0.0015688579058098,-0.00500719662277099));
#3009=CARTESIAN_POINT('',(0.0454388850759556,-0.00788307990699878,0.00120318756716931));
#3010=CARTESIAN_POINT('',(0.044096406323117,-0.0077517126411846,-0.0048653119570261));
#3011=CARTESIAN_POINT('',(0.0446731852250256,-0.00156323415681191,-0.00499413091382571));
#3012=CARTESIAN_POINT('',(0.0453846911559576,-0.00787771441449141,0.00121660896400298));
#3013=CARTESIAN_POINT('',(0.0440432771592779,-0.00774772769376683,-0.0048536166332972));
#3014=CARTESIAN_POINT('',(0.0446147278083982,-0.00155733696719061,-0.0049810812659843));
#3015=CARTESIAN_POINT('',(0.0453066507109906,-0.0078701710347353,0.00123336434757503));
#3016=CARTESIAN_POINT('',(0.0439674680885738,-0.00773978184229427,-0.00483691741474376));
#3017=CARTESIAN_POINT('',(0.0445416451304033,-0.00155005150021359,-0.00496478996280515));
#3018=CARTESIAN_POINT('',(0.0451278379944292,-0.00785275579256172,0.00127350331417341));
#3019=CARTESIAN_POINT('',(0.043793255661324,-0.00772315707958072,-0.00479864357362016));
#3020=CARTESIAN_POINT('',(0.0443662361616685,-0.0015324934140397,-0.00492576269513075));
#3021=CARTESIAN_POINT('',(0.0449765809700483,-0.00783806010325316,0.00130680108066977));
#3022=CARTESIAN_POINT('',(0.0436460388484441,-0.00770866368987054,-0.00476644696795748));
#3023=CARTESIAN_POINT('',(0.0442200283429889,-0.00151787708250539,-0.00489338705585809));
#3024=CARTESIAN_POINT('',(0.0448562626716513,-0.00782635904093898,0.00133334214717945));
#3025=CARTESIAN_POINT('',(0.0435288905312604,-0.00769727091107232,-0.00474092866114168));
#3026=CARTESIAN_POINT('',(0.0441030417746718,-0.00150617602019477,-0.00486758093715593));
#3027=CARTESIAN_POINT('',(0.0454223986100838,-0.00788141626816167,0.00120770702289504));
#3028=CARTESIAN_POINT('',(0.0452439347945951,-0.00786406050221684,0.000399552312454704));
#3029=CARTESIAN_POINT('',(0.0449087746472677,-0.00750795992541192,-0.00118890496645484));
#3030=CARTESIAN_POINT('',(0.044526447681847,-0.00608637425246827,-0.00322286820163891));
#3031=CARTESIAN_POINT('',(0.044325486093577,-0.00400164518409619,-0.00458438451578645));
#3032=CARTESIAN_POINT('',(0.0443316570095253,-0.0023479572632426,-0.0049181337441737));
#3033=CARTESIAN_POINT('',(0.0443693469242574,-0.00153281206041591,-0.00492649614308868));
#3034=CARTESIAN_POINT('',(0.0447619555709042,0.00153281206041575,-0.00501397737487914));
#3035=CARTESIAN_POINT('',(0.0447619555709042,0.00788281206041575,-0.00501397737487915));
#3036=CARTESIAN_POINT('',(0.0461485885916685,0.00788281206041575,0.00118277571571));
#3037=CARTESIAN_POINT('',(0.0337280970588824,0.00153281205985091,-0.00254495652871277));
#3038=CARTESIAN_POINT('',(0.0337280970597752,0.0078828120597382,-0.00254495652858086));
#3039=CARTESIAN_POINT('',(0.0348003890408449,0.00788281206041575,0.00372213592469524));
#3040=CARTESIAN_POINT('',(0.0113058486090156,0.00153281206069817,0.000698954896368048));
#3041=CARTESIAN_POINT('',(0.0113058486085449,0.00788281206075453,0.000698954896275719));
#3042=CARTESIAN_POINT('',(0.0117445321868331,0.00788281206041575,0.00705645535392076));
#3043=CARTESIAN_POINT('',(-0.0114036062313981,0.00153281206041575,0.000658295980064483));
#3044=CARTESIAN_POINT('',(-0.0114036062313494,0.00788281206041575,0.000658295980117225));
#3045=CARTESIAN_POINT('',(-0.0115554892126866,0.00788281206041575,0.00701250070128402));
#3046=CARTESIAN_POINT('',(-0.0227250906165961,0.00153281206041575,-0.000106198445293228));
#3047=CARTESIAN_POINT('',(-0.0227250906165961,0.00788281206041575,-0.000106198445293229));
#3048=CARTESIAN_POINT('',(-0.0231529063850141,0.00788281206041575,0.00622937364160571));
#3049=CARTESIAN_POINT('',(-0.0213032090515882,0.00788029805809256,0.00616881795542825));
#3050=CARTESIAN_POINT('',(-0.0212538273327359,0.00785683567576001,0.00533673042192961));
#3051=CARTESIAN_POINT('',(-0.0212307391608323,0.00748316605628474,0.00370319329703065));
#3052=CARTESIAN_POINT('',(-0.0214202677495914,0.00603858918007873,0.00163511110917928));
#3053=CARTESIAN_POINT('',(-0.0217980459647366,0.00396226541710601,0.000268866868829284));
#3054=CARTESIAN_POINT('',(-0.0221424661189281,0.00233472453907026,-6.74498442068929E-5));
#3055=CARTESIAN_POINT('',(-0.0223223266008906,0.00153281206041577,-7.93149808808722E-5));
#3056=CARTESIAN_POINT('',(-0.0227247298762079,-0.00153281206041575,-0.000106174086193345));
#3057=CARTESIAN_POINT('',(-0.0227247298762079,-0.00788281206041575,-0.000106174086193348));
#3058=CARTESIAN_POINT('',(-0.0231525368524776,-0.00788281206041575,0.00622939859439796));
#3059=CARTESIAN_POINT('',(-0.017068691363388,-0.00153281206041575,0.000275747620939329));
#3060=CARTESIAN_POINT('',(-0.0170686913634301,-0.00788281206041575,0.000275747620942839));
#3061=CARTESIAN_POINT('',(-0.0173586463953438,-0.00788281206041575,0.00662062869817455));
#3062=CARTESIAN_POINT('',(-0.00576331987335966,-0.00153281206041575,0.000668883920940743));
#3063=CARTESIAN_POINT('',(-0.00576331987334038,-0.00788281206041575,0.000668883920940096));
#3064=CARTESIAN_POINT('',(-0.0057687088607919,-0.00788281206041575,0.00702394839188991));
#3065=CARTESIAN_POINT('',(0.0112106466323106,-0.00153281206041575,8.57464926972112E-5));
#3066=CARTESIAN_POINT('',(0.0112106466323061,-0.00788281206041575,8.57464926941938E-5));
#3067=CARTESIAN_POINT('',(0.011656335029197,-0.00788281206041575,0.00642569836630619));
#3068=CARTESIAN_POINT('',(0.0281110095338498,-0.00153281206041575,-0.00172982733584227));
#3069=CARTESIAN_POINT('',(0.0281110095338482,-0.00788281206041575,-0.00172982733582957));
#3070=CARTESIAN_POINT('',(0.0290245037109475,-0.00788281206041575,0.00456015932291576));
#3071=CARTESIAN_POINT('',(0.0392400765799412,-0.00153281206041575,-0.00377834925478482));
#3072=CARTESIAN_POINT('',(0.0392400765799479,-0.00788281206041575,-0.00377834925481246));
#3073=CARTESIAN_POINT('',(0.0404693980415076,-0.00788281206041575,0.00245360536528652));
#3074=CARTESIAN_POINT('',(0.044762334679099,-0.00153281206041575,-0.00501406220738473));
#3075=CARTESIAN_POINT('',(0.044762334679099,-0.00788281206041575,-0.00501406220738473));
#3076=CARTESIAN_POINT('',(0.0461489785001898,-0.00788281206041575,0.0011826884664306));
#3077=CARTESIAN_POINT('',(-0.0213032090515882,-0.00788029805809258,0.00616881795542825));
#3078=CARTESIAN_POINT('',(-0.0212538273327359,-0.00785683567576003,0.0053367304219296));
#3079=CARTESIAN_POINT('',(-0.0212307391626816,-0.00748316605670132,0.00370319329690864));
#3080=CARTESIAN_POINT('',(-0.0214202677431187,-0.00603858917862062,0.00163511110960624));
#3081=CARTESIAN_POINT('',(-0.0217980459887779,-0.00396226542252167,0.000268866867243264));
#3082=CARTESIAN_POINT('',(-0.0221424660671459,-0.00233472452740544,-6.74498407908987E-5));
#3083=CARTESIAN_POINT('',(-0.0223223266008906,-0.00153281206041576,-7.93149808808715E-5));
#3084=CARTESIAN_POINT('',(-0.0222220417175254,0.00148400111142277,-7.27187903144418E-5));
#3085=CARTESIAN_POINT('',(-0.0195827462589076,0.00706286689593454,0.000100367451248253));
#3086=CARTESIAN_POINT('',(-0.0199124994934816,0.00721954018809171,0.00626367006350959));
#3087=CARTESIAN_POINT('',(-0.0225723403673748,0.00165450026500145,-9.56915410646252E-5));
#3088=CARTESIAN_POINT('',(-0.0199348973504667,0.00723018192143172,8.08505882040181E-5));
#3089=CARTESIAN_POINT('',(-0.0202713522795062,0.00739003934167509,0.00624013632846989));
#3090=CARTESIAN_POINT('',(-0.0232729236120247,0.0019956200758842,-0.000143061260387516));
#3091=CARTESIAN_POINT('',(-0.0206324705532753,0.00756121153800679,4.08470429159639E-5));
#3092=CARTESIAN_POINT('',(-0.0209818057441731,0.00772774156929379,0.00619161211786721));
#3093=CARTESIAN_POINT('',(-0.0246747109987587,0.00267693866866766,-0.000243521774633362));
#3094=CARTESIAN_POINT('',(-0.022082392657286,0.00825252092057312,-4.88560184119521E-5));
#3095=CARTESIAN_POINT('',(-0.0224608368747179,0.00842956566162382,0.0060887131064255));
#3096=CARTESIAN_POINT('',(-0.0271407140408728,0.00384176262702878,-0.000435205998978936));
#3097=CARTESIAN_POINT('',(-0.0246499141515632,0.00944472856959111,-0.000224208425398338));
#3098=CARTESIAN_POINT('',(-0.0250821803269256,0.00963870481878218,0.00589240392903122));
#3099=CARTESIAN_POINT('',(-0.032125190152461,0.00606600475063538,-0.00088296620402341));
#3100=CARTESIAN_POINT('',(-0.0298493923151508,0.0117307563706548,-0.000645214733397046));
#3101=CARTESIAN_POINT('',(-0.0303945231916388,0.0119540988756652,0.00543396960421768));
#3102=CARTESIAN_POINT('',(-0.0364933456454778,0.00774783771137049,-0.00138124777781721));
#3103=CARTESIAN_POINT('',(-0.0344671540213499,0.013498649074702,-0.00113651352856882));
#3104=CARTESIAN_POINT('',(-0.03510773535644,0.0137305619696367,0.00492409969218164));
#3105=CARTESIAN_POINT('',(-0.0394295824072398,0.00870256003902305,-0.00176434865153002));
#3106=CARTESIAN_POINT('',(-0.0376092423932797,0.0145258375813251,-0.00152684265103161));
#3107=CARTESIAN_POINT('',(-0.0383272287631216,0.0147540988018818,0.00453228274701787));
#3108=CARTESIAN_POINT('',(-0.0402511254863421,0.00870256003902304,0.00453228274701787));
#3109=CARTESIAN_POINT('',(-0.0394295824072398,-0.00870256003902306,-0.00176434865153002));
#3110=CARTESIAN_POINT('',(-0.0376092423932797,-0.0145258375813251,-0.0015268426510316));
#3111=CARTESIAN_POINT('',(-0.0383272287631217,-0.0147540988018818,0.00453228274701787));
#3112=CARTESIAN_POINT('',(-0.0364805815277937,-0.00774368743694906,-0.00137958239963632));
#3113=CARTESIAN_POINT('',(-0.0344535031114576,-0.0134941864192408,-0.00113481773044224));
#3114=CARTESIAN_POINT('',(-0.0350937398933457,-0.0137261125516222,0.0049258029600085));
#3115=CARTESIAN_POINT('',(-0.0321191253700423,-0.00606316388549326,-0.000882452632400985));
#3116=CARTESIAN_POINT('',(-0.0298431010134177,-0.0117278530004439,-0.000644743573939429));
#3117=CARTESIAN_POINT('',(-0.0303881015988965,-0.0119511501850746,0.00543449560240467));
#3118=CARTESIAN_POINT('',(-0.027139989804295,-0.00384142954541473,-0.000435148110624245));
#3119=CARTESIAN_POINT('',(-0.0246491590020632,-0.00944438716765181,-0.000224154734113268));
#3120=CARTESIAN_POINT('',(-0.0250814058559583,-0.00963835790259326,0.0058924631996904));
#3121=CARTESIAN_POINT('',(-0.0246747768479198,-0.00267696850934507,-0.000243527323715993));
#3122=CARTESIAN_POINT('',(-0.0220824645874801,-0.00825255331840501,-4.88614354955983E-5));
#3123=CARTESIAN_POINT('',(-0.022460910469279,-0.00842959826306045,0.00608870742518453));
#3124=CARTESIAN_POINT('',(-0.0232730590134659,-0.00199568641309508,-0.000143070590458615));
#3125=CARTESIAN_POINT('',(-0.0206326055910678,-0.00756127605346748,4.08391351446913E-5));
#3126=CARTESIAN_POINT('',(-0.0209819432076882,-0.00772780735435299,0.00619160256046));
#3127=CARTESIAN_POINT('',(-0.0225723912386479,-0.00165452502563375,-9.56948510399408E-5));
#3128=CARTESIAN_POINT('',(-0.0199349484651847,-0.0072302062072092,8.0847782031416E-5));
#3129=CARTESIAN_POINT('',(-0.0202714043936755,-0.00739006410230704,0.00624013293763837));
#3130=CARTESIAN_POINT('',(-0.0222220224063401,-0.00148399171218376,-7.27175238785256E-5));
#3131=CARTESIAN_POINT('',(-0.0195827268401432,-0.00706285766963614,0.000100368527471251));
#3132=CARTESIAN_POINT('',(-0.0199124797107258,-0.0072195307888527,0.00626367136087131));
#3133=CARTESIAN_POINT('',(-0.0402511254863421,-0.00870256003902305,0.00453228274701787));
#3134=CARTESIAN_POINT('',(-0.0392230461871814,0.0150339289865067,0.00439506208846074));
#3135=CARTESIAN_POINT('',(-0.0381521927726947,0.0147054303633705,-0.00149595179584156));
#3136=CARTESIAN_POINT('',(-0.0398466892224731,0.00896314937888954,-0.00183295898080859));
#3137=CARTESIAN_POINT('',(-0.038925602436266,0.0149426841332763,0.00445005773809793));
#3138=CARTESIAN_POINT('',(-0.0379702331873998,0.0146455630711253,-0.00149897505153923));
#3139=CARTESIAN_POINT('',(-0.03970842817449,0.0088783225234336,-0.00180546115596661));
#3140=CARTESIAN_POINT('',(-0.0386270047853464,0.0148494031747791,0.00449579957696725));
#3141=CARTESIAN_POINT('',(-0.0377890940220348,0.0145856407843309,-0.00150932496353463));
#3142=CARTESIAN_POINT('',(-0.0395693931363279,0.00879145690117239,-0.00178259023652944));
#3143=CARTESIAN_POINT('',(-0.0383272287631216,0.0147540988018817,0.00453228274701785));
#3144=CARTESIAN_POINT('',(-0.0376092423932797,0.0145258375813251,-0.00152684265103162));
#3145=CARTESIAN_POINT('',(-0.0394295824072399,0.00870256003902304,-0.00176434865153003));
#3146=CARTESIAN_POINT('',(-0.0398466892224698,0.00896314937888751,-0.00183295898080794));
#3147=CARTESIAN_POINT('',(-0.039707520346674,0.00887776554677029,-0.00180528060410023));
#3148=CARTESIAN_POINT('',(-0.0395684878262598,0.00879088127134506,-0.00178247211762204));
#3149=CARTESIAN_POINT('',(-0.0394295824072399,0.00870256003902304,-0.00176434865153001));
#3150=CARTESIAN_POINT('',(-0.0410853391168019,0.00896314937888748,0.00439506208846212));
#3151=CARTESIAN_POINT('',(-0.0398466892224698,-0.0089631493788875,-0.00183295898080788));
#3152=CARTESIAN_POINT('',(-0.0381521927726904,-0.0147054303633691,-0.00149595179584158));
#3153=CARTESIAN_POINT('',(-0.0392230461871743,-0.0150339289865045,0.00439506208846209));
#3154=CARTESIAN_POINT('',(-0.0397084281744839,-0.00887832252343327,-0.00180546115596542));
#3155=CARTESIAN_POINT('',(-0.0379702331873897,-0.0146455630711309,-0.00149897505156133));
#3156=CARTESIAN_POINT('',(-0.0389256024362605,-0.0149426841332745,0.00445005773808557));
#3157=CARTESIAN_POINT('',(-0.0395693931363267,-0.00879145690117168,-0.00178259023652928));
#3158=CARTESIAN_POINT('',(-0.0377890940220199,-0.0145856407843238,-0.0015093249635335));
#3159=CARTESIAN_POINT('',(-0.0386270047853283,-0.0148494031747734,0.00449579957696806));
#3160=CARTESIAN_POINT('',(-0.0394295824072399,-0.00870256003902304,-0.00176434865153003));
#3161=CARTESIAN_POINT('',(-0.0376092423932797,-0.0145258375813251,-0.00152684265103162));
#3162=CARTESIAN_POINT('',(-0.0383272287631217,-0.0147540988018818,0.00453228274701785));
#3163=CARTESIAN_POINT('',(-0.0410853391168007,-0.00896314937888712,0.00439506208846229));
#3164=CARTESIAN_POINT('',(-0.0394295824072399,-0.00870256003902305,-0.00176434865153003));
#3165=CARTESIAN_POINT('',(-0.0395684878262598,-0.00879088127134505,-0.00178247211762206));
#3166=CARTESIAN_POINT('',(-0.039707520346674,-0.00887776554677031,-0.00180528060410016));
#3167=CARTESIAN_POINT('',(-0.0398466892224697,-0.00896314937888754,-0.00183295898080787));
#3168=CARTESIAN_POINT('',(-0.0386080393281376,6.94856191313204E-17,-0.00806098005007792));
#3169=CARTESIAN_POINT('',(-0.039846689258617,0.00896314939101707,-0.00183295898799703));
#3170=CARTESIAN_POINT('',(-0.0381521928120309,0.0147054303760146,-0.00149595180270604));
#3171=CARTESIAN_POINT('',(-0.0392230462297066,0.0150339289995519,0.00439506208059805));
#3172=CARTESIAN_POINT('',(-0.0410826316480655,0.00937788439278151,-0.00207876739124804));
#3173=CARTESIAN_POINT('',(-0.0394959096386201,0.0151373542079932,-0.00173041199438365));
#3174=CARTESIAN_POINT('',(-0.0406773066029018,0.0154800428401336,0.00412617764879969));
#3175=CARTESIAN_POINT('',(-0.0429271460875095,0.00994414317200423,-0.00249938317517169));
#3176=CARTESIAN_POINT('',(-0.0415197404303041,0.0157396059226211,-0.0021433816611914));
#3177=CARTESIAN_POINT('',(-0.0428761636360968,0.0160948768550262,0.00366415560990733));
#3178=CARTESIAN_POINT('',(-0.045364792090448,0.0105613140387691,-0.00317699758177066));
#3179=CARTESIAN_POINT('',(-0.0442316094357479,0.0164322362351827,-0.00283945011026889));
#3180=CARTESIAN_POINT('',(-0.0458588335342771,0.016776861596636,0.00291354145053597));
#3181=CARTESIAN_POINT('',(-0.0471875672184715,0.0109473095445315,-0.00374975461542881));
#3182=CARTESIAN_POINT('',(-0.0462845059617884,0.0168933942612535,-0.00344566973967656));
#3183=CARTESIAN_POINT('',(-0.0481353631599986,0.0172099983820645,0.00227559541107765));
#3184=CARTESIAN_POINT('',(-0.0489786785913654,0.0112410539227566,-0.0043826946825079));
#3185=CARTESIAN_POINT('',(-0.0483318943766208,0.0172846375349837,-0.00413722617126597));
#3186=CARTESIAN_POINT('',(-0.050427377373966,0.0175460828737709,0.00156666528621223));
#3187=CARTESIAN_POINT('',(-0.0504427006205317,0.0114004216640629,-0.00496139411757934));
#3188=CARTESIAN_POINT('',(-0.0500347887801198,0.0175483067564095,-0.0047914764208523));
#3189=CARTESIAN_POINT('',(-0.0523555062593186,0.0177331156558494,0.000914863193247134));
#3190=CARTESIAN_POINT('',(-0.0515968930646493,0.0114699531662673,-0.0054565392275614));
#3191=CARTESIAN_POINT('',(-0.051400475857921,0.017719539964842,-0.00536871217914179));
#3192=CARTESIAN_POINT('',(-0.0539163864468075,0.0178164164121519,0.000354813555154442));
#3193=CARTESIAN_POINT('',(-0.0524539449158276,0.0114910467977669,-0.00584433557317604));
#3194=CARTESIAN_POINT('',(-0.052430425106247,0.0178272217243538,-0.0058319120660944));
#3195=CARTESIAN_POINT('',(-0.0550973402119192,0.0178422751246215,-8.50053263632893E-5));
#3196=CARTESIAN_POINT('',(-0.0531609997799954,0.0114804785034599,-0.00618153399781622));
#3197=CARTESIAN_POINT('',(-0.0532956635869444,0.0178998382967164,-0.00624596756949355));
#3198=CARTESIAN_POINT('',(-0.056095807207981,0.017829227599041,-0.000468457201992987));
#3199=CARTESIAN_POINT('',(-0.0536521646937102,0.0114574660378593,-0.00642512220746809));
#3200=CARTESIAN_POINT('',(-0.0539007652789443,0.0179387067961634,-0.00654916325965368));
#3201=CARTESIAN_POINT('',(-0.0567965338459442,0.0178005343780055,-0.000746004284103535));
#3202=CARTESIAN_POINT('',(-0.0539317769798599,0.0114389657281482,-0.00656651392196427));
#3203=CARTESIAN_POINT('',(-0.0542555737565227,0.0179610942861585,-0.00673126346802152));
#3204=CARTESIAN_POINT('',(-0.0572080325754227,0.0177766533112052,-0.000907263102494689));
#3205=CARTESIAN_POINT('',(-0.0540711829385229,0.0114293051974426,-0.00663792246054821));
#3206=CARTESIAN_POINT('',(-0.0543808783820857,0.0179462670418172,-0.00679690103518334));
#3207=CARTESIAN_POINT('',(-0.0573516950796679,0.0177678895733476,-0.000988757067574949));
#3208=CARTESIAN_POINT('',(-0.0541407800685412,0.0114245346503064,-0.00667380288812551));
#3209=CARTESIAN_POINT('',(-0.0544499451852978,0.0179421200469782,-0.00683319130799703));
#3210=CARTESIAN_POINT('',(-0.0574311469365087,0.0177631190262115,-0.00102971804676289));
#3211=CARTESIAN_POINT('',(-0.0571103436543909,0.01778,-0.00106059010217081));
#3212=CARTESIAN_POINT('',(-0.0567275157562014,0.01778,-0.00180681403258584));
#3213=CARTESIAN_POINT('',(-0.0559655658393284,0.0174493539100009,-0.00327266815667749));
#3214=CARTESIAN_POINT('',(-0.0549661244845973,0.016036169506402,-0.00513805635490251));
#3215=CARTESIAN_POINT('',(-0.0542728941662684,0.0139335452365748,-0.00636625376940578));
#3216=CARTESIAN_POINT('',(-0.0540806642608312,0.0122565052523483,-0.00664286172544925));
#3217=CARTESIAN_POINT('',(-0.0540610369262011,0.0114300000000132,-0.0066327925356022));
#3218=CARTESIAN_POINT('',(-0.0669195124665106,0.01778,-0.0077656470095042));
#3219=CARTESIAN_POINT('',(-0.0627856082026824,0.01778,-0.0125857440559861));
#3220=CARTESIAN_POINT('',(-0.0627856082026824,0.01143,-0.0125857440559861));
#3221=CARTESIAN_POINT('',(-0.0667266888980179,0.01778,-0.00760027395491809));
#3222=CARTESIAN_POINT('',(-0.0625927846341883,0.01778,-0.0124203710013998));
#3223=CARTESIAN_POINT('',(-0.062592784634188,0.01143,-0.0124203710014026));
#3224=CARTESIAN_POINT('',(-0.0663413823618933,0.01778,-0.00726903134384866));
#3225=CARTESIAN_POINT('',(-0.0621877974079787,0.01778,-0.0120723600734383));
#3226=CARTESIAN_POINT('',(-0.0621877974079788,0.01143,-0.012072360073437));
#3227=CARTESIAN_POINT('',(-0.0655680444826313,0.01778,-0.00661051813687723));
#3228=CARTESIAN_POINT('',(-0.0615325436692384,0.01778,-0.0115144567678203));
#3229=CARTESIAN_POINT('',(-0.0615325436692382,0.01143,-0.0115144567678211));
#3230=CARTESIAN_POINT('',(-0.0641865357737519,0.01778,-0.00549925507350902));
#3231=CARTESIAN_POINT('',(-0.0603368442756712,0.01778,-0.0105523009263987));
#3232=CARTESIAN_POINT('',(-0.060336844275672,0.01143,-0.0105523009263969));
#3233=CARTESIAN_POINT('',(-0.0621433042902687,0.01778,-0.00401307412360892));
#3234=CARTESIAN_POINT('',(-0.0585765215749633,0.0177799999999995,-0.00927216980424362));
#3235=CARTESIAN_POINT('',(-0.0585765215749571,0.01143,-0.00927216980425405));
#3236=CARTESIAN_POINT('',(-0.0595814704412288,0.01778,-0.00239139465352057));
#3237=CARTESIAN_POINT('',(-0.0563527134258798,0.0177800000000017,-0.00786392316222779));
#3238=CARTESIAN_POINT('',(-0.0563527134259026,0.01143,-0.0078639231621903));
#3239=CARTESIAN_POINT('',(-0.0578009937876434,0.01778,-0.00141303517903785));
#3240=CARTESIAN_POINT('',(-0.0547984351077737,0.0177799999999963,-0.00700972828255546));
#3241=CARTESIAN_POINT('',(-0.0547984351077246,0.01143,-0.00700972828263596));
#3242=CARTESIAN_POINT('',(-0.0568951036537654,0.01778,-0.000949909703718266));
#3243=CARTESIAN_POINT('',(-0.0540045795352105,0.01778,-0.00660387913413196));
#3244=CARTESIAN_POINT('',(-0.0540045795352105,0.01143,-0.00660387913413196));
#3245=CARTESIAN_POINT('',(-0.0665970942060906,0.0177729788872353,-0.00788240922052573));
#3246=CARTESIAN_POINT('',(-0.0666862202406966,0.0177776526687706,-0.00782802096180076));
#3247=CARTESIAN_POINT('',(-0.0667754013383203,0.01778,-0.00777341343787683));
#3248=CARTESIAN_POINT('',(-0.0668646377750803,0.01778,-0.00771858432203293));
#3249=CARTESIAN_POINT('',(-0.0622151993232118,0.0151878554281146,-0.0104879764323097));
#3250=CARTESIAN_POINT('',(-0.0614777997983032,0.0140919626128148,-0.0109239366058055));
#3251=CARTESIAN_POINT('',(-0.0609426535735061,0.0127714807938518,-0.0110417717950252));
#3252=CARTESIAN_POINT('',(-0.0606630823972237,0.01143,-0.0108242217056854));
#3253=CARTESIAN_POINT('',(-0.0622151993232115,0.0151878554281148,-0.0104879764323095));
#3254=CARTESIAN_POINT('',(-0.0622151993232118,0.0151878554281146,-0.0104879764323096));
#3255=CARTESIAN_POINT('',(-0.0626664007615203,0.0158584124298383,-0.0102212202835979));
#3256=CARTESIAN_POINT('',(-0.0632171406554855,0.016409567204035,-0.0098949932552378));
#3257=CARTESIAN_POINT('',(-0.0638483093201614,0.0168370533363231,-0.00951951546837611));
#3258=CARTESIAN_POINT('',(-0.0668646377750802,0.01778,-0.00771858432203292));
#3259=CARTESIAN_POINT('',(-0.0670519030389622,0.01778,-0.0121596378818252));
#3260=CARTESIAN_POINT('',(-0.0670519030389623,0.013335,-0.0121596378818252));
#3261=CARTESIAN_POINT('',(-0.0659918241752792,0.01778,-0.0082548629937359));
#3262=CARTESIAN_POINT('',(-0.0661339125024744,0.0173074923129832,-0.0121983466463843));
#3263=CARTESIAN_POINT('',(-0.066547847898428,0.0133349999911403,-0.0121808923021181));
#3264=CARTESIAN_POINT('',(-0.0642895455802898,0.0173414296134544,-0.00925155919584466));
#3265=CARTESIAN_POINT('',(-0.0646199207289869,0.0162580149561338,-0.0122003863699909));
#3266=CARTESIAN_POINT('',(-0.0655701816146766,0.0132034288993118,-0.0121964374165031));
#3267=CARTESIAN_POINT('',(-0.0628280381672007,0.0160986312580062,-0.010125658178725));
#3268=CARTESIAN_POINT('',(-0.0634551856655826,0.0149298909162882,-0.012136797951933));
#3269=CARTESIAN_POINT('',(-0.0646840589763807,0.0128305893557106,-0.0121728460410192));
#3270=CARTESIAN_POINT('',(-0.0622151993232248,0.0151878554281143,-0.0104879764323205));
#3271=CARTESIAN_POINT('',(-0.062995165754354,0.0141577091988169,-0.0121045612544942));
#3272=CARTESIAN_POINT('',(-0.0643062557630101,0.0125573566284342,-0.0121575708232393));
#3273=CARTESIAN_POINT('',(-0.0644858278554944,0.0125573566284345,-0.00771619954134886));
#3274=CARTESIAN_POINT('',(-0.0606630823972235,0.01143,-0.0108242217056853));
#3275=CARTESIAN_POINT('',(-0.0606630823972236,0.01143,-0.0108242217056854));
#3276=CARTESIAN_POINT('',(-0.0606630823972236,0.01143,-0.0108242217056854));
#3277=CARTESIAN_POINT('',(-0.0611609691538839,0.0116233109424147,-0.0112116554527292));
#3278=CARTESIAN_POINT('',(-0.0609792769215349,0.0118488403409611,-0.0110700514753058));
#3279=CARTESIAN_POINT('',(-0.0607973724427663,0.0120743698080489,-0.0109287203589219));
#3280=CARTESIAN_POINT('',(-0.0622764912946095,0.0120118490097361,-0.0118427317749815));
#3281=CARTESIAN_POINT('',(-0.061660159180199,0.0127107137135179,-0.0115369162686326));
#3282=CARTESIAN_POINT('',(-0.0611857620386578,0.0133694966878278,-0.0109863004907227));
#3283=CARTESIAN_POINT('',(-0.0635980967454326,0.0123830241640933,-0.0121289387660373));
#3284=CARTESIAN_POINT('',(-0.0624888541624059,0.0136461839994374,-0.0119422493995731));
#3285=CARTESIAN_POINT('',(-0.0618241857975112,0.0146067472362294,-0.0107191486941775));
#3286=CARTESIAN_POINT('',(-0.0643062557630101,0.0125573566284343,-0.0121575708232393));
#3287=CARTESIAN_POINT('',(-0.0629951657543541,0.014157709198817,-0.0121045612544942));
#3288=CARTESIAN_POINT('',(-0.0622151993232248,0.0151878554281144,-0.0104879764323205));
#3289=CARTESIAN_POINT('',(-0.06430625576301,0.0125573566284343,-0.0121575708232393));
#3290=CARTESIAN_POINT('',(-0.0629672033955996,0.0122277127441403,-0.0121034306894156));
#3291=CARTESIAN_POINT('',(-0.0617018993708001,0.0118333340682596,-0.0116325837421957));
#3292=CARTESIAN_POINT('',(-0.0606630823972237,0.01143,-0.0108242217056854));
#3293=CARTESIAN_POINT('',(-0.0645627873237021,-0.013335,-0.00581275470625297));
#3294=CARTESIAN_POINT('',(-0.06430625576301,-0.0125573566284343,-0.0121575708232393));
#3295=CARTESIAN_POINT('',(-0.0629672033955993,-0.0122277127441406,-0.0121034306894156));
#3296=CARTESIAN_POINT('',(-0.0617018993708502,-0.011833334068054,-0.0116325837422346));
#3297=CARTESIAN_POINT('',(-0.0606630823972237,-0.01143,-0.0108242217056854));
#3298=CARTESIAN_POINT('',(-0.0606630823972236,-0.01143,-0.0108242217056854));
#3299=CARTESIAN_POINT('',(-0.0606630823972236,-0.01143,-0.0108242217056854));
#3300=CARTESIAN_POINT('',(-0.0606630823972235,-0.01143,-0.0108242217056853));
#3301=CARTESIAN_POINT('',(-0.0607973724427447,-0.0120743698081064,-0.0109287203589051));
#3302=CARTESIAN_POINT('',(-0.0609792769218653,-0.0118488403405396,-0.0110700514755646));
#3303=CARTESIAN_POINT('',(-0.0611609691538298,-0.0116233109424321,-0.0112116554526871));
#3304=CARTESIAN_POINT('',(-0.0611857620359635,-0.0133694966877819,-0.0109863004885319));
#3305=CARTESIAN_POINT('',(-0.0616601591779376,-0.0127107137139518,-0.0115369162683443));
#3306=CARTESIAN_POINT('',(-0.0622764912946166,-0.0120118490097219,-0.0118427317750018));
#3307=CARTESIAN_POINT('',(-0.0618241858029214,-0.0146067472362637,-0.0107191486985761));
#3308=CARTESIAN_POINT('',(-0.062488854166576,-0.0136461839987177,-0.0119422493997908));
#3309=CARTESIAN_POINT('',(-0.0635980967454727,-0.0123830241641043,-0.012128938766039));
#3310=CARTESIAN_POINT('',(-0.0622151993232117,-0.0151878554281145,-0.0104879764323097));
#3311=CARTESIAN_POINT('',(-0.0629951657543441,-0.0141577091988193,-0.0121045612544938));
#3312=CARTESIAN_POINT('',(-0.0643062557630101,-0.0125573566284343,-0.0121575708232393));
#3313=CARTESIAN_POINT('',(-0.0644858278554944,-0.0125573566284345,-0.00771619954134886));
#3314=CARTESIAN_POINT('',(-0.0622151993232118,-0.0151878554281147,-0.0104879764323096));
#3315=CARTESIAN_POINT('',(-0.0622151993232118,-0.0151878554281146,-0.0104879764323096));
#3316=CARTESIAN_POINT('',(-0.061477799798303,-0.0140919626128146,-0.0109239366058056));
#3317=CARTESIAN_POINT('',(-0.0609426535736767,-0.0127714807937951,-0.0110417717951579));
#3318=CARTESIAN_POINT('',(-0.0606630823972237,-0.01143,-0.0108242217056854));
#3319=CARTESIAN_POINT('',(-0.0670519030389615,-0.013335,-0.0121596378818252));
#3320=CARTESIAN_POINT('',(-0.0670519030389612,-0.0177799999999988,-0.0121596378818252));
#3321=CARTESIAN_POINT('',(-0.0668646377750793,-0.01778,-0.00771858432203418));
#3322=CARTESIAN_POINT('',(-0.0665478478984212,-0.0133349999911135,-0.0121808923021184));
#3323=CARTESIAN_POINT('',(-0.0661339125021296,-0.0173074923132173,-0.0121983466463857));
#3324=CARTESIAN_POINT('',(-0.0659918241749541,-0.0177799999999998,-0.00825486299345096));
#3325=CARTESIAN_POINT('',(-0.0655701816146893,-0.0132034288993832,-0.0121964374165033));
#3326=CARTESIAN_POINT('',(-0.06461992072921,-0.0162580149560706,-0.0122003863699755));
#3327=CARTESIAN_POINT('',(-0.0642895455804993,-0.0173414296134685,-0.00925155919601419));
#3328=CARTESIAN_POINT('',(-0.0646840589763596,-0.012830589355594,-0.0121728460410183));
#3329=CARTESIAN_POINT('',(-0.0634551856654877,-0.0149298909162222,-0.0121367979519597));
#3330=CARTESIAN_POINT('',(-0.0628280381671026,-0.016098631257976,-0.0101256581786733));
#3331=CARTESIAN_POINT('',(-0.0643062557630101,-0.0125573566284344,-0.0121575708232393));
#3332=CARTESIAN_POINT('',(-0.0629951657543542,-0.014157709198817,-0.0121045612544942));
#3333=CARTESIAN_POINT('',(-0.0622151993232249,-0.0151878554281145,-0.0104879764323206));
#3334=CARTESIAN_POINT('',(-0.0638483093201565,-0.0168370533363198,-0.00951951546837907));
#3335=CARTESIAN_POINT('',(-0.0632215971769354,-0.0164125855749143,-0.00989234210206002));
#3336=CARTESIAN_POINT('',(-0.0626659794742285,-0.0158577863300097,-0.0102214693541147));
#3337=CARTESIAN_POINT('',(-0.0622151993232118,-0.0151878554281147,-0.0104879764323096));
#3338=CARTESIAN_POINT('',(-0.0668646377750795,-0.01778,-0.0077185843220334));
#3339=CARTESIAN_POINT('',(-0.0667752011122141,-0.01778,-0.00777353646184291));
#3340=CARTESIAN_POINT('',(-0.066686021747237,-0.0177776422597462,-0.00782814209042141));
#3341=CARTESIAN_POINT('',(-0.0665970942060906,-0.0177729788872353,-0.00788240922052572));
#3342=CARTESIAN_POINT('',(-0.0627854951630615,-0.01143,-0.012585647108774));
#3343=CARTESIAN_POINT('',(-0.0627854951630615,-0.01778,-0.012585647108774));
#3344=CARTESIAN_POINT('',(-0.0669193994268897,-0.01778,-0.0077655500622921));
#3345=CARTESIAN_POINT('',(-0.0625930688032295,-0.01143,-0.0124206147159172));
#3346=CARTESIAN_POINT('',(-0.0625930688032295,-0.01778,-0.0124206147159171));
#3347=CARTESIAN_POINT('',(-0.0667269730670576,-0.01778,-0.0076005176694357));
#3348=CARTESIAN_POINT('',(-0.0621889882098612,-0.01143,-0.0120733927259501));
#3349=CARTESIAN_POINT('',(-0.0621889882098612,-0.01778,-0.0120733927259501));
#3350=CARTESIAN_POINT('',(-0.06634247110996,-0.01778,-0.00726997831100665));
#3351=CARTESIAN_POINT('',(-0.0615346500127558,-0.01143,-0.0115162063800431));
#3352=CARTESIAN_POINT('',(-0.0615346500127559,-0.01778,-0.0115162063800429));
#3353=CARTESIAN_POINT('',(-0.0655706610952312,-0.01778,-0.00661269617586843));
#3354=CARTESIAN_POINT('',(-0.0603401853055039,-0.01143,-0.0105548901466924));
#3355=CARTESIAN_POINT('',(-0.0603401853055035,-0.01778,-0.0105548901466933));
#3356=CARTESIAN_POINT('',(-0.0641902923682647,-0.01778,-0.00550215563607775));
#3357=CARTESIAN_POINT('',(-0.0585788978689079,-0.01143,-0.00927350406849507));
#3358=CARTESIAN_POINT('',(-0.0585788978689113,-0.01778,-0.00927350406848861));
#3359=CARTESIAN_POINT('',(-0.0621460737647773,-0.01778,-0.00401463947325342));
#3360=CARTESIAN_POINT('',(-0.0563437572863754,-0.01143,-0.00785851826459267));
#3361=CARTESIAN_POINT('',(-0.0563437572863629,-0.01778,-0.00785851826461617));
#3362=CARTESIAN_POINT('',(-0.0595711561912608,-0.01778,-0.00238516895100415));
#3363=CARTESIAN_POINT('',(-0.0547944797652257,-0.01143,-0.00700771376469548));
#3364=CARTESIAN_POINT('',(-0.0547944797652527,-0.01778,-0.00700771376464495));
#3365=CARTESIAN_POINT('',(-0.0577964810729692,-0.01778,-0.00141073678435795));
#3366=CARTESIAN_POINT('',(-0.054004885326023,-0.01143,-0.00660403546749252));
#3367=CARTESIAN_POINT('',(-0.054004885326023,-0.01778,-0.00660403546749252));
#3368=CARTESIAN_POINT('',(-0.0568954526001201,-0.01778,-0.000950088100040403));
#3369=CARTESIAN_POINT('',(-0.0571103436543911,-0.01778,-0.00106059010217089));
#3370=CARTESIAN_POINT('',(-0.056727515756201,-0.01778,-0.00180681403258703));
#3371=CARTESIAN_POINT('',(-0.0559655658393226,-0.01744935391,-0.00327266815667854));
#3372=CARTESIAN_POINT('',(-0.0549661244846108,-0.0160361695063966,-0.00513805635491574));
#3373=CARTESIAN_POINT('',(-0.0542728941662073,-0.0139335452365665,-0.00636625376937976));
#3374=CARTESIAN_POINT('',(-0.0540806642609574,-0.0122565052523311,-0.00664286172551614));
#3375=CARTESIAN_POINT('',(-0.0540610369262014,-0.0114299999999986,-0.00663279253560237));
#3376=CARTESIAN_POINT('',(-0.0392230461871727,-0.015033928986504,0.00439506208846235));
#3377=CARTESIAN_POINT('',(-0.0381521927726889,-0.0147054303633686,-0.00149595179584131));
#3378=CARTESIAN_POINT('',(-0.0398466892224684,-0.00896314937888711,-0.00183295898080766));
#3379=CARTESIAN_POINT('',(-0.0406773984031444,-0.0154800710018713,0.00412616067539023));
#3380=CARTESIAN_POINT('',(-0.0394959943721198,-0.0151373814446067,-0.00173042677945646));
#3381=CARTESIAN_POINT('',(-0.0410827096673323,-0.00937791057270725,-0.00207878290728361));
#3382=CARTESIAN_POINT('',(-0.0428761429365509,-0.0160948705049917,0.00366415943715518));
#3383=CARTESIAN_POINT('',(-0.041519721371475,-0.0157395997956639,-0.0021433783365191));
#3384=CARTESIAN_POINT('',(-0.0429271284953643,-0.009944137268838,-0.00249937967653987));
#3385=CARTESIAN_POINT('',(-0.0458588374335219,-0.0167768627928012,0.00291354072957307));
#3386=CARTESIAN_POINT('',(-0.0442316130226964,-0.016432237388794,-0.00283945073537175));
#3387=CARTESIAN_POINT('',(-0.0453647954043357,-0.0105613151507561,-0.00317699824082961));
#3388=CARTESIAN_POINT('',(-0.0481353621138984,-0.0172099980611042,0.00227559560445981));
#3389=CARTESIAN_POINT('',(-0.0462845049985353,-0.016893393951271,-0.00344566957204273));
#3390=CARTESIAN_POINT('',(-0.0471875663293915,-0.0109473092461554,-0.00374975443864899));
#3391=CARTESIAN_POINT('',(-0.0504273776605213,-0.0175460829616826,0.00156666523323384));
#3392=CARTESIAN_POINT('',(-0.0483318946413134,-0.017284637620214,-0.00413722621726736));
#3393=CARTESIAN_POINT('',(-0.0489786788349051,-0.0112410540044822,-0.00438269473093763));
#3394=CARTESIAN_POINT('',(-0.0523555062236167,-0.0177331156449261,0.000914863199868994));
#3395=CARTESIAN_POINT('',(-0.0500347887469807,-0.0175483067457521,-0.00479147641507611));
#3396=CARTESIAN_POINT('',(-0.0504427005902021,-0.0114004216539092,-0.00496139411152728));
#3397=CARTESIAN_POINT('',(-0.0539163864533617,-0.0178164164142045,0.000354813553970919));
#3398=CARTESIAN_POINT('',(-0.0514004758640521,-0.0177195399668471,-0.00536871218016821));
#3399=CARTESIAN_POINT('',(-0.0515968930702377,-0.0114699531681761,-0.00545653922864509));
#3400=CARTESIAN_POINT('',(-0.0550973402099371,-0.0178422751240566,-8.5005325969538E-5));
#3401=CARTESIAN_POINT('',(-0.052430425104395,-0.0178272217237844,-0.00583191206573782));
#3402=CARTESIAN_POINT('',(-0.0524539449141624,-0.0114910467972418,-0.00584433557281787));
#3403=CARTESIAN_POINT('',(-0.056095807208122,-0.0178292275991163,-0.000468457201998601));
#3404=CARTESIAN_POINT('',(-0.0532956635870861,-0.0178998382967835,-0.00624596756949191));
#3405=CARTESIAN_POINT('',(-0.0531609997801281,-0.0114804785035297,-0.00618153399782285));
#3406=CARTESIAN_POINT('',(-0.0567965338458714,-0.017800534378002,-0.000746004284080154));
#3407=CARTESIAN_POINT('',(-0.0539007652788787,-0.0179387067961531,-0.00654916325962685));
#3408=CARTESIAN_POINT('',(-0.0536521646936583,-0.0114574660378555,-0.00642512220744727));
#3409=CARTESIAN_POINT('',(-0.0572080325754162,-0.0177766533112071,-0.000907263102489066));
#3410=CARTESIAN_POINT('',(-0.0542555737565194,-0.0179610942861616,-0.00673126346801827));
#3411=CARTESIAN_POINT('',(-0.0539317769798531,-0.0114389657281502,-0.0065665139219597));
#3412=CARTESIAN_POINT('',(-0.057351695079671,-0.0177678895733474,-0.000988757067575453));
#3413=CARTESIAN_POINT('',(-0.0543808783820839,-0.0179462670418171,-0.00679690103518256));
#3414=CARTESIAN_POINT('',(-0.0540711829385224,-0.0114293051974425,-0.00663792246054792));
#3415=CARTESIAN_POINT('',(-0.057431146936517,-0.017763119026211,-0.00102971804676715));
#3416=CARTESIAN_POINT('',(-0.054449945185305,-0.0179421200469778,-0.00683319130800081));
#3417=CARTESIAN_POINT('',(-0.0541407800685485,-0.0114245346503059,-0.00667380288812924));
#3418=CARTESIAN_POINT('',(-0.0571513870247341,-0.0178255551368188,0.0040045666914408));
#3419=MECHANICAL_DESIGN_GEOMETRIC_PRESENTATION_REPRESENTATION('',(#1210),
#3420);
#3420=(
GEOMETRIC_REPRESENTATION_CONTEXT(3)
GLOBAL_UNCERTAINTY_ASSIGNED_CONTEXT((#3421))
GLOBAL_UNIT_ASSIGNED_CONTEXT((#3424,#3423,#3422))
REPRESENTATION_CONTEXT('Part 1','TOP_LEVEL_ASSEMBLY_PART')
);
#3421=UNCERTAINTY_MEASURE_WITH_UNIT(LENGTH_MEASURE(2.E-5),#3424,
'DISTANCE_ACCURACY_VALUE','Maximum Tolerance applied to model');
#3422=(
NAMED_UNIT(*)
SI_UNIT($,.STERADIAN.)
SOLID_ANGLE_UNIT()
);
#3423=(
NAMED_UNIT(*)
PLANE_ANGLE_UNIT()
SI_UNIT($,.RADIAN.)
);
#3424=(
LENGTH_UNIT()
NAMED_UNIT(*)
SI_UNIT($,.METRE.)
);
#3425=PRODUCT_DEFINITION_SHAPE('','',#3426);
#3426=PRODUCT_DEFINITION('','',#3428,#3427);
#3427=PRODUCT_DEFINITION_CONTEXT('',#3434,'design');
#3428=PRODUCT_DEFINITION_FORMATION_WITH_SPECIFIED_SOURCE('','',#3430,
 .NOT_KNOWN.);
#3429=PRODUCT_RELATED_PRODUCT_CATEGORY('','',(#3430));
#3430=PRODUCT('Part 1','Part 1','Part 1',(#3432));
#3431=PRODUCT_CATEGORY('','');
#3432=PRODUCT_CONTEXT('',#3434,'mechanical');
#3433=APPLICATION_PROTOCOL_DEFINITION('international standard',
'ap242_managed_model_based_3d_engineering',2020,#3434);
#3434=APPLICATION_CONTEXT('managed model based 3d engineering');
ENDSEC;
END-ISO-10303-21;
