ISO-10303-21;
HEADER;
/* Generated by software containing ST-Developer
 * from STEP Tools, Inc. (www.steptools.com) 
 */
/* OPTION: using custom renumber hook */

FILE_DESCRIPTION(
/* description */ ('STEP AP242 Edition 2',
'CAx-IF Rec.Pracs.---Representation and Presentation of Product Manufa
cturing Information (PMI)---4.0---2014-10-13',
'CAx-IF Rec.Pracs.---3D Tessellated Geometry---0.4---2014-09-14','2;1',
'CAx-IF Rec.Pracs.---User Defined Attributes---1.5---2016-08-15'),
/* implementation_level */ '2;1');

FILE_NAME(
/* name */ 'micro mk 4',
/* time_stamp */ '2026-08-04T01:12:54Z',
/* author */ (''),
/* organization */ (''),
/* preprocessor_version */ 'ST-DEVELOPER v20',
/* originating_system */ 'ONSHAPE BY PTC INC, 1.218',
/* authorisation */ '  ');

FILE_SCHEMA (('AP242_MANAGED_MODEL_BASED_3D_ENGINEERING_MIM_LF { 1 0 10303 442 3 1 4 }'));
ENDSEC;

DATA;
#10=SHAPE_REPRESENTATION_RELATIONSHIP('','',#1115,#11);
#11=ADVANCED_BREP_SHAPE_REPRESENTATION('',(#1113),#3469);
#12=DEGENERATE_TOROIDAL_SURFACE('',#1157,0.000425373571029576,0.000997026428970424,
 .T.);
#13=(
BOUNDED_SURFACE()
B_SPLINE_SURFACE(3,2,((#2107,#2108,#2109),(#2110,#2111,#2112),(#2113,#2114,
#2115),(#2116,#2117,#2118),(#2119,#2120,#2121),(#2122,#2123,#2124),(#2125,
#2126,#2127)),.UNSPECIFIED.,.F.,.F.,.F.)
B_SPLINE_SURFACE_WITH_KNOTS((4,1,1,1,4),(3,3),(-7.89983862911017E-5,0.00158655092467963,
0.00325210023565035,0.00658319885759181,0.0132453961014747),(0.,1.),
 .UNSPECIFIED.)
GEOMETRIC_REPRESENTATION_ITEM()
RATIONAL_B_SPLINE_SURFACE(((1.,0.707106781186548,1.),(1.,0.707106781186548,
1.),(1.,0.707106781186548,1.),(1.,0.707106781186548,1.),(1.,0.707106781186544,
1.),(1.,0.707106781186549,1.),(1.,0.707106781186549,1.)))
REPRESENTATION_ITEM('')
SURFACE()
);
#14=(
BOUNDED_SURFACE()
B_SPLINE_SURFACE(3,2,((#2139,#2140,#2141),(#2142,#2143,#2144),(#2145,#2146,
#2147),(#2148,#2149,#2150),(#2151,#2152,#2153),(#2154,#2155,#2156),(#2157,
#2158,#2159),(#2160,#2161,#2162),(#2163,#2164,#2165),(#2166,#2167,#2168),
(#2169,#2170,#2171),(#2172,#2173,#2174),(#2175,#2176,#2177),(#2178,#2179,
#2180),(#2181,#2182,#2183),(#2184,#2185,#2186),(#2187,#2188,#2189)),
 .UNSPECIFIED.,.F.,.F.,.F.)
B_SPLINE_SURFACE_WITH_KNOTS((4,1,1,1,1,1,1,1,1,1,1,1,1,1,4),(3,3),(4.85722573273506E-17,
0.00408213539002507,0.0081642707800501,0.0122464061700751,0.0163285415601002,
0.0204106769501252,0.0224517446451377,0.0244928123401502,0.0265338800351627,
0.0285749477301752,0.0295954815776815,0.0306160154251877,0.031636549272694,
0.0321468161964471,0.0326570831202003),(0.,1.),.UNSPECIFIED.)
GEOMETRIC_REPRESENTATION_ITEM()
RATIONAL_B_SPLINE_SURFACE(((1.,0.707106781186543,1.),(1.,0.707106781186543,
1.),(1.,0.707106781186549,1.),(1.,0.70710678118655,1.),(1.,0.707106781186547,
1.),(1.,0.707106781186548,1.),(1.,0.707106781186548,1.),(1.,0.707106781186547,
1.),(1.,0.707106781186548,1.),(1.,0.707106781186547,1.),(1.,0.707106781186548,
1.),(1.,0.707106781186548,1.),(1.,0.707106781186548,1.),(1.,0.707106781186547,
1.),(1.,0.707106781186548,1.),(1.,0.707106781186548,1.),(1.,0.707106781186548,
1.)))
REPRESENTATION_ITEM('')
SURFACE()
);
#15=(
BOUNDED_SURFACE()
B_SPLINE_SURFACE(3,2,((#2196,#2197,#2198),(#2199,#2200,#2201),(#2202,#2203,
#2204),(#2205,#2206,#2207),(#2208,#2209,#2210),(#2211,#2212,#2213)),
 .UNSPECIFIED.,.F.,.F.,.F.)
B_SPLINE_SURFACE_WITH_KNOTS((4,1,1,4),(3,3),(-4.14612681502763E-5,0.00169645688848214,
0.00343437504511455,0.00691021135837938),(0.,1.),.UNSPECIFIED.)
GEOMETRIC_REPRESENTATION_ITEM()
RATIONAL_B_SPLINE_SURFACE(((1.,0.707106781186548,1.),(1.,0.707106781186548,
1.),(1.,0.707106781186548,1.),(1.,0.707106781186547,1.),(1.,0.707106781186548,
1.),(1.,0.707106781186548,1.)))
REPRESENTATION_ITEM('')
SURFACE()
);
#16=(
BOUNDED_SURFACE()
B_SPLINE_SURFACE(3,2,((#2226,#2227,#2228),(#2229,#2230,#2231),(#2232,#2233,
#2234),(#2235,#2236,#2237),(#2238,#2239,#2240),(#2241,#2242,#2243),(#2244,
#2245,#2246),(#2247,#2248,#2249),(#2250,#2251,#2252),(#2253,#2254,#2255),
(#2256,#2257,#2258),(#2259,#2260,#2261),(#2262,#2263,#2264),(#2265,#2266,
#2267),(#2268,#2269,#2270),(#2271,#2272,#2273),(#2274,#2275,#2276),(#2277,
#2278,#2279)),.UNSPECIFIED.,.F.,.F.,.F.)
B_SPLINE_SURFACE_WITH_KNOTS((4,1,1,1,1,1,1,1,1,1,1,1,1,1,1,4),(3,3),(-8.32667268468867E-17,
0.00407174554875243,0.00814349109750495,0.0122152366462575,0.01628698219501,
0.0203587277437625,0.0223946005181388,0.024430473292515,0.0264663460668913,
0.0274842824540794,0.0285022188412675,0.0295201552284557,0.0305380916156438,
0.0315560280028319,0.032064996196426,0.03257396439002),(0.,1.),
 .UNSPECIFIED.)
GEOMETRIC_REPRESENTATION_ITEM()
RATIONAL_B_SPLINE_SURFACE(((1.,0.707106781186551,1.),(1.,0.707106781186551,
1.),(1.,0.707106781186546,1.),(1.,0.707106781186548,1.),(1.,0.707106781186548,
1.),(1.,0.707106781186548,1.),(1.,0.707106781186548,1.),(1.,0.707106781186547,
1.),(1.,0.707106781186548,1.),(1.,0.707106781186547,1.),(1.,0.707106781186548,
1.),(1.,0.707106781186547,1.),(1.,0.707106781186548,1.),(1.,0.707106781186547,
1.),(1.,0.707106781186547,1.),(1.,0.707106781186548,1.),(1.,0.707106781186548,
1.),(1.,0.707106781186548,1.)))
REPRESENTATION_ITEM('')
SURFACE()
);
#17=(
BOUNDED_SURFACE()
B_SPLINE_SURFACE(3,2,((#2281,#2282,#2283),(#2284,#2285,#2286),(#2287,#2288,
#2289),(#2290,#2291,#2292)),.UNSPECIFIED.,.F.,.F.,.F.)
B_SPLINE_SURFACE_WITH_KNOTS((4,4),(3,3),(4.03323208164608E-17,7.86282671528461E-5),
(0.,1.),.PIECEWISE_BEZIER_KNOTS.)
GEOMETRIC_REPRESENTATION_ITEM()
RATIONAL_B_SPLINE_SURFACE(((1.,0.707270056596726,1.),(1.,0.707215186187671,
1.),(1.,0.70716076003439,1.),(1.,0.707106781186555,1.)))
REPRESENTATION_ITEM('')
SURFACE()
);
#18=(
BOUNDED_SURFACE()
B_SPLINE_SURFACE(3,2,((#2294,#2295,#2296),(#2297,#2298,#2299),(#2300,#2301,
#2302),(#2303,#2304,#2305),(#2306,#2307,#2308),(#2309,#2310,#2311),(#2312,
#2313,#2314)),.UNSPECIFIED.,.F.,.F.,.F.)
B_SPLINE_SURFACE_WITH_KNOTS((4,1,1,1,4),(3,3),(6.30467802782671,6.69200392936365,
7.0793298309006,7.46665573243754,7.85398163397448),(0.,1.),
 .UNSPECIFIED.)
GEOMETRIC_REPRESENTATION_ITEM()
RATIONAL_B_SPLINE_SURFACE(((1.,0.707270056596696,1.),(1.,0.709231147547561,
1.),(1.,0.751260801673778,1.),(1.,0.872315860121307,1.),(1.,0.974206776191063,
1.),(1.,0.999999999999703,1.),(1.,1.,1.)))
REPRESENTATION_ITEM('')
SURFACE()
);
#19=(
BOUNDED_SURFACE()
B_SPLINE_SURFACE(3,2,((#2315,#2316,#2317),(#2318,#2319,#2320),(#2321,#2322,
#2323),(#2324,#2325,#2326),(#2327,#2328,#2329),(#2330,#2331,#2332),(#2333,
#2334,#2335),(#2336,#2337,#2338),(#2339,#2340,#2341),(#2342,#2343,#2344),
(#2345,#2346,#2347),(#2348,#2349,#2350),(#2351,#2352,#2353),(#2354,#2355,
#2356),(#2357,#2358,#2359),(#2360,#2361,#2362),(#2363,#2364,#2365),(#2366,
#2367,#2368),(#2369,#2370,#2371),(#2372,#2373,#2374),(#2375,#2376,#2377),
(#2378,#2379,#2380),(#2381,#2382,#2383)),.UNSPECIFIED.,.F.,.F.,.F.)
B_SPLINE_SURFACE_WITH_KNOTS((4,1,1,1,1,1,1,1,1,1,1,1,1,1,1,1,1,1,1,1,4),
(3,3),(0.027258108263926,0.0301348111593807,0.0330115140548354,0.0358882169502901,
0.0387649198457448,0.0416416227411995,0.0430799741889268,0.0445183256366541,
0.0452375013605178,0.0459566770843815,0.0463162649463133,0.0466758528082452,
0.0468556467392111,0.047035440670177,0.04712533763566,0.0472152346011429,
0.0473950285321088,0.0477546163940407,0.0481142042559725,0.0488333799798362,
0.0502717314275635),(0.,1.),.UNSPECIFIED.)
GEOMETRIC_REPRESENTATION_ITEM()
RATIONAL_B_SPLINE_SURFACE(((1.,0.800413062650538,1.),(1.,0.802457228453971,
1.),(1.,0.80695893672752,1.),(1.,0.811607598403699,1.),(1.,0.814690522498653,
1.),(1.,0.816306763547638,1.),(1.,0.814946977441427,1.),(1.,0.809605572159682,
1.),(1.,0.802933189252005,1.),(1.,0.793056846178551,1.),(1.,0.78371831045906,
1.),(1.,0.772432062789952,1.),(1.,0.762896394165774,1.),(1.,0.752617126465127,
1.),(1.,0.744657117354299,1.),(1.,0.736742408702449,1.),(1.,0.73877325315133,
1.),(1.,0.737693884302417,1.),(1.,0.738568480698365,1.),(1.,0.738617152813685,
1.),(1.,0.739331335617086,1.),(1.,0.739720239230771,1.),(1.,0.740024552114831,
1.)))
REPRESENTATION_ITEM('')
SURFACE()
);
#20=(
BOUNDED_SURFACE()
B_SPLINE_SURFACE(3,2,((#2400,#2401,#2402),(#2403,#2404,#2405),(#2406,#2407,
#2408),(#2409,#2410,#2411),(#2412,#2413,#2414),(#2415,#2416,#2417),(#2418,
#2419,#2420),(#2421,#2422,#2423),(#2424,#2425,#2426),(#2427,#2428,#2429)),
 .UNSPECIFIED.,.F.,.F.,.F.)
B_SPLINE_SURFACE_WITH_KNOTS((4,1,1,1,1,1,1,4),(3,3),(0.000711210502813482,
0.00149071344137241,0.00227021637993133,0.00265996784921079,0.00304971931849025,
0.00343947078776971,0.00363434652240944,0.00382922225704917),(0.,1.),
 .UNSPECIFIED.)
GEOMETRIC_REPRESENTATION_ITEM()
RATIONAL_B_SPLINE_SURFACE(((1.,0.707106781186563,1.),(1.,0.734882032612356,
1.),(1.,0.787523036486579,1.),(1.,0.84794281435647,1.),(1.,0.893720617880949,
1.),(1.,0.926873772854485,1.),(1.,0.953567115553982,1.),(1.,0.974204414567972,
1.),(1.,0.984382349116197,1.),(1.,0.988977411708232,1.)))
REPRESENTATION_ITEM('')
SURFACE()
);
#21=(
BOUNDED_SURFACE()
B_SPLINE_SURFACE(3,2,((#2431,#2432,#2433),(#2434,#2435,#2436),(#2437,#2438,
#2439),(#2440,#2441,#2442)),.UNSPECIFIED.,.F.,.F.,.F.)
B_SPLINE_SURFACE_WITH_KNOTS((4,4),(3,3),(-5.57697334493956E-15,0.000139156329040506),
(0.,1.),.PIECEWISE_BEZIER_KNOTS.)
GEOMETRIC_REPRESENTATION_ITEM()
RATIONAL_B_SPLINE_SURFACE(((1.,0.988977411707997,1.),(1.,0.996330585683855,
1.),(1.,0.999999997261563,1.),(1.,1.,1.)))
REPRESENTATION_ITEM('')
SURFACE()
);
#22=(
BOUNDED_SURFACE()
B_SPLINE_SURFACE(3,2,((#2452,#2453,#2454),(#2455,#2456,#2457),(#2458,#2459,
#2460),(#2461,#2462,#2463)),.UNSPECIFIED.,.F.,.F.,.F.)
B_SPLINE_SURFACE_WITH_KNOTS((4,4),(3,3),(1.5707963267949,2.1018159459226),
(0.,1.),.PIECEWISE_BEZIER_KNOTS.)
GEOMETRIC_REPRESENTATION_ITEM()
RATIONAL_B_SPLINE_SURFACE(((1.,1.,1.),(1.,0.99999999849358,1.),(1.,0.975080272466081,
1.),(1.,0.933687866197324,1.)))
REPRESENTATION_ITEM('')
SURFACE()
);
#23=(
BOUNDED_SURFACE()
B_SPLINE_SURFACE(3,2,((#2465,#2466,#2467),(#2468,#2469,#2470),(#2471,#2472,
#2473),(#2474,#2475,#2476),(#2477,#2478,#2479)),.UNSPECIFIED.,.F.,.F.,.F.)
B_SPLINE_SURFACE_WITH_KNOTS((4,1,4),(3,3),(2.83247817561838E-17,0.000211550528259641,
0.000423101056519254),(0.,1.),.UNSPECIFIED.)
GEOMETRIC_REPRESENTATION_ITEM()
RATIONAL_B_SPLINE_SURFACE(((1.,0.707106781186562,1.),(1.,0.75372152516444,
1.),(1.,0.83668607350498,1.),(1.,0.906712860304832,1.),(1.,0.933687866188682,
1.)))
REPRESENTATION_ITEM('')
SURFACE()
);
#24=(
BOUNDED_SURFACE()
B_SPLINE_SURFACE(3,2,((#2481,#2482,#2483),(#2484,#2485,#2486),(#2487,#2488,
#2489),(#2490,#2491,#2492),(#2493,#2494,#2495)),.UNSPECIFIED.,.F.,.F.,.F.)
B_SPLINE_SURFACE_WITH_KNOTS((4,1,4),(3,3),(4.85722573273506E-17,0.0197614048494649,
0.0395228096989297),(0.,1.),.UNSPECIFIED.)
GEOMETRIC_REPRESENTATION_ITEM()
RATIONAL_B_SPLINE_SURFACE(((1.,0.707106781186549,1.),(1.,0.707106781186549,
1.),(1.,0.707106781186535,1.),(1.,0.707106781186562,1.),(1.,0.707106781186562,
1.)))
REPRESENTATION_ITEM('')
SURFACE()
);
#25=(
BOUNDED_SURFACE()
B_SPLINE_SURFACE(3,2,((#2497,#2498,#2499),(#2500,#2501,#2502),(#2503,#2504,
#2505),(#2506,#2507,#2508)),.UNSPECIFIED.,.F.,.F.,.F.)
B_SPLINE_SURFACE_WITH_KNOTS((4,4),(3,3),(-8.9229838795557E-17,0.000189919067412615),
(0.,1.),.PIECEWISE_BEZIER_KNOTS.)
GEOMETRIC_REPRESENTATION_ITEM()
RATIONAL_B_SPLINE_SURFACE(((1.,0.715122680397852,1.),(1.,0.712546006442812,
1.),(1.,0.709875997091126,1.),(1.,0.707106781186564,1.)))
REPRESENTATION_ITEM('')
SURFACE()
);
#26=(
BOUNDED_SURFACE()
B_SPLINE_SURFACE(3,2,((#2510,#2511,#2512),(#2513,#2514,#2515),(#2516,#2517,
#2518),(#2519,#2520,#2521),(#2522,#2523,#2524),(#2525,#2526,#2527),(#2528,
#2529,#2530),(#2531,#2532,#2533),(#2534,#2535,#2536),(#2537,#2538,#2539)),
 .UNSPECIFIED.,.F.,.F.,.F.)
B_SPLINE_SURFACE_WITH_KNOTS((4,1,1,1,1,1,1,4),(3,3),(-1.85615411929518E-15,
0.00129276523253749,0.00258553046507684,0.00517106093015554,0.00775659139523424,
0.0103421218603129,0.0155131827904703,0.0206842437206277),(0.,1.),
 .UNSPECIFIED.)
GEOMETRIC_REPRESENTATION_ITEM()
RATIONAL_B_SPLINE_SURFACE(((1.,0.715122680397883,1.),(1.,0.719493626417474,
1.),(1.,0.722247927403492,1.),(1.,0.722670642746237,1.),(1.,0.718715252023743,
1.),(1.,0.712370533863882,1.),(1.,0.70258428788254,1.),(1.,0.689015587731594,
1.),(1.,0.678209688019067,1.),(1.,0.672618586118542,1.)))
REPRESENTATION_ITEM('')
SURFACE()
);
#27=(
BOUNDED_SURFACE()
B_SPLINE_SURFACE(3,2,((#2545,#2546,#2547),(#2548,#2549,#2550),(#2551,#2552,
#2553),(#2554,#2555,#2556),(#2557,#2558,#2559),(#2560,#2561,#2562),(#2563,
#2564,#2565)),.UNSPECIFIED.,.F.,.F.,.F.)
B_SPLINE_SURFACE_WITH_KNOTS((4,1,1,1,4),(3,3),(1.04083408558608E-16,0.0105035481240249,
0.0210070962480498,0.0315106443720746,0.0420141924960994),(0.,1.),
 .UNSPECIFIED.)
GEOMETRIC_REPRESENTATION_ITEM()
RATIONAL_B_SPLINE_SURFACE(((1.,0.707106781186538,1.),(1.,0.707106781186538,
1.),(1.,0.707106781186556,1.),(1.,0.707106781186549,1.),(1.,0.707106781186548,
1.),(1.,0.707106781186548,1.),(1.,0.707106781186548,1.)))
REPRESENTATION_ITEM('')
SURFACE()
);
#28=(
BOUNDED_SURFACE()
B_SPLINE_SURFACE(3,2,((#2567,#2568,#2569),(#2570,#2571,#2572),(#2573,#2574,
#2575),(#2576,#2577,#2578),(#2579,#2580,#2581)),.UNSPECIFIED.,.F.,.F.,.F.)
B_SPLINE_SURFACE_WITH_KNOTS((4,1,4),(3,3),(-3.61174848709234E-18,0.000212308251773787,
0.000424616503547578),(0.,1.),.UNSPECIFIED.)
GEOMETRIC_REPRESENTATION_ITEM()
RATIONAL_B_SPLINE_SURFACE(((1.,0.933687866197578,1.),(1.,0.906663736740206,
1.),(1.,0.837201126907108,1.),(1.,0.753712716687975,1.),(1.,0.707106781186474,
1.)))
REPRESENTATION_ITEM('')
SURFACE()
);
#29=(
BOUNDED_SURFACE()
B_SPLINE_SURFACE(3,2,((#2583,#2584,#2585),(#2586,#2587,#2588),(#2589,#2590,
#2591),(#2592,#2593,#2594)),.UNSPECIFIED.,.F.,.F.,.F.)
B_SPLINE_SURFACE_WITH_KNOTS((4,4),(3,3),(1.5707963267949,2.10181594592266),
(0.,1.),.PIECEWISE_BEZIER_KNOTS.)
GEOMETRIC_REPRESENTATION_ITEM()
RATIONAL_B_SPLINE_SURFACE(((1.,1.,1.),(1.,0.99999999849358,1.),(1.,0.975080272466235,
1.),(1.,0.933687866197305,1.)))
REPRESENTATION_ITEM('')
SURFACE()
);
#30=(
BOUNDED_SURFACE()
B_SPLINE_SURFACE(3,2,((#2854,#2855,#2856),(#2857,#2858,#2859),(#2860,#2861,
#2862),(#2863,#2864,#2865),(#2866,#2867,#2868),(#2869,#2870,#2871),(#2872,
#2873,#2874),(#2875,#2876,#2877),(#2878,#2879,#2880),(#2881,#2882,#2883)),
 .UNSPECIFIED.,.F.,.F.,.F.)
B_SPLINE_SURFACE_WITH_KNOTS((4,1,1,1,1,1,1,4),(3,3),(0.0381929254146747,
0.039822230637228,0.0414515358597813,0.0447101463048879,0.0479687567499945,
0.0512273671951011,0.0577445880853143,0.0642618089755275),(0.,1.),
 .UNSPECIFIED.)
GEOMETRIC_REPRESENTATION_ITEM()
RATIONAL_B_SPLINE_SURFACE(((1.,0.760431486008415,1.),(1.,0.759634471913261,
1.),(1.,0.753213750076668,1.),(1.,0.743977189742292,1.),(1.,0.73234752621517,
1.),(1.,0.72096652906854,1.),(1.,0.708670168109639,1.),(1.,0.699138041233993,
1.),(1.,0.696590829168092,1.),(1.,0.696156411080718,1.)))
REPRESENTATION_ITEM('')
SURFACE()
);
#31=(
BOUNDED_SURFACE()
B_SPLINE_SURFACE(3,2,((#3132,#3133,#3134),(#3135,#3136,#3137),(#3138,#3139,
#3140),(#3141,#3142,#3143),(#3144,#3145,#3146),(#3147,#3148,#3149),(#3150,
#3151,#3152),(#3153,#3154,#3155),(#3156,#3157,#3158),(#3159,#3160,#3161)),
 .UNSPECIFIED.,.F.,.F.,.F.)
B_SPLINE_SURFACE_WITH_KNOTS((4,1,1,1,1,1,1,4),(3,3),(0.0286052282166189,
0.0351301185458736,0.0416550088751283,0.0449174540397557,0.048179899204383,
0.0514423443690104,0.053073566951324,0.0547047895336377),(0.,1.),
 .UNSPECIFIED.)
GEOMETRIC_REPRESENTATION_ITEM()
RATIONAL_B_SPLINE_SURFACE(((1.,0.696156411080718,1.),(1.,0.69659089399231,
1.),(1.,0.699150565729009,1.),(1.,0.708607060719231,1.),(1.,0.720937287232796,
1.),(1.,0.732315425649733,1.),(1.,0.743951753059659,1.),(1.,0.75321082683637,
1.),(1.,0.759636784052709,1.),(1.,0.760435896996711,1.)))
REPRESENTATION_ITEM('')
SURFACE()
);
#32=(
BOUNDED_SURFACE()
B_SPLINE_SURFACE(3,2,((#3162,#3163,#3164),(#3165,#3166,#3167),(#3168,#3169,
#3170),(#3171,#3172,#3173),(#3174,#3175,#3176),(#3177,#3178,#3179),(#3180,
#3181,#3182),(#3183,#3184,#3185),(#3186,#3187,#3188),(#3189,#3190,#3191),
(#3192,#3193,#3194),(#3195,#3196,#3197),(#3198,#3199,#3200),(#3201,#3202,
#3203),(#3204,#3205,#3206),(#3207,#3208,#3209)),.UNSPECIFIED.,.F.,.F.,.F.)
B_SPLINE_SURFACE_WITH_KNOTS((4,1,1,1,1,1,1,1,1,1,1,1,1,4),(3,3),(0.031589654858769,
0.0367458627125587,0.0419020705663484,0.0444801744932433,0.0470582784201381,
0.049636382347033,0.0522144862739278,0.0573706941277175,0.0625269019815072,
0.0651050059084021,0.067683109835297,0.0702612137621918,0.0715502657256392,
0.0728393176890867),(0.,1.),.UNSPECIFIED.)
GEOMETRIC_REPRESENTATION_ITEM()
RATIONAL_B_SPLINE_SURFACE(((1.,0.752716784026628,1.),(1.,0.751550400792181,
1.),(1.,0.748995048333146,1.),(1.,0.745652446092759,1.),(1.,0.742074994491193,
1.),(1.,0.740942155373192,1.),(1.,0.730634673336325,1.),(1.,0.720538023315628,
1.),(1.,0.708260898650601,1.),(1.,0.700138251236008,1.),(1.,0.696959298765852,
1.),(1.,0.696438230485485,1.),(1.,0.697558683322319,1.),(1.,0.699417641328278,
1.),(1.,0.700520321094425,1.),(1.,0.701350918942553,1.)))
REPRESENTATION_ITEM('')
SURFACE()
);
#33=(
BOUNDED_SURFACE()
B_SPLINE_SURFACE(3,2,((#3220,#3221,#3222),(#3223,#3224,#3225),(#3226,#3227,
#3228),(#3229,#3230,#3231),(#3232,#3233,#3234),(#3235,#3236,#3237),(#3238,
#3239,#3240),(#3241,#3242,#3243),(#3244,#3245,#3246),(#3247,#3248,#3249),
(#3250,#3251,#3252),(#3253,#3254,#3255),(#3256,#3257,#3258),(#3259,#3260,
#3261),(#3262,#3263,#3264),(#3265,#3266,#3267)),.UNSPECIFIED.,.F.,.F.,.F.)
B_SPLINE_SURFACE_WITH_KNOTS((4,1,1,1,1,1,1,1,1,1,1,1,1,4),(3,3),(0.0358490556291249,
0.0409997521753398,0.0461504487215548,0.0487257969946622,0.0513011452677697,
0.0538764935408771,0.0564518418139846,0.0616025383601995,0.0667532349064145,
0.0693285831795219,0.0719039314526294,0.0744792797257368,0.0757669538622906,
0.0770546279988443),(0.,1.),.UNSPECIFIED.)
GEOMETRIC_REPRESENTATION_ITEM()
RATIONAL_B_SPLINE_SURFACE(((1.,0.752716637949364,1.),(1.,0.751551304166376,
1.),(1.,0.748998018360467,1.),(1.,0.745649459522891,1.),(1.,0.74207313217114,
1.),(1.,0.740931532939408,1.),(1.,0.730623548783174,1.),(1.,0.720527790908468,
1.),(1.,0.708262881850801,1.),(1.,0.700138056210972,1.),(1.,0.696965812807445,
1.),(1.,0.696435098406779,1.),(1.,0.697556873065701,1.),(1.,0.699417626104053,
1.),(1.,0.700520423046946,1.),(1.,0.701350807604588,1.)))
REPRESENTATION_ITEM('')
SURFACE()
);
#34=(
BOUNDED_SURFACE()
B_SPLINE_SURFACE(3,2,((#3273,#3274,#3275),(#3276,#3277,#3278),(#3279,#3280,
#3281),(#3282,#3283,#3284),(#3285,#3286,#3287),(#3288,#3289,#3290)),
 .UNSPECIFIED.,.F.,.F.,.F.)
B_SPLINE_SURFACE_WITH_KNOTS((4,1,1,4),(3,3),(0.0191105244583189,0.0353341111590001,
0.0434459045093407,0.0515576978596813),(0.,1.),.UNSPECIFIED.)
GEOMETRIC_REPRESENTATION_ITEM()
RATIONAL_B_SPLINE_SURFACE(((1.,0.707106781186548,1.),(1.,0.707106781186548,
1.),(1.,0.707106781186548,1.),(1.,0.707106781186548,1.),(1.,0.707106781186548,
1.),(1.,0.707106781186548,1.)))
REPRESENTATION_ITEM('')
SURFACE()
);
#35=(
BOUNDED_SURFACE()
B_SPLINE_SURFACE(3,2,((#3301,#3302,#3303),(#3304,#3305,#3306),(#3307,#3308,
#3309),(#3310,#3311,#3312),(#3313,#3314,#3315),(#3316,#3317,#3318)),
 .UNSPECIFIED.,.F.,.F.,.F.)
B_SPLINE_SURFACE_WITH_KNOTS((4,1,1,4),(3,3),(0.0191105244583092,0.0353341111589882,
0.0434459045093278,0.0515576978596673),(0.,1.),.UNSPECIFIED.)
GEOMETRIC_REPRESENTATION_ITEM()
RATIONAL_B_SPLINE_SURFACE(((1.,0.707106781186548,1.),(1.,0.707106781186548,
1.),(1.,0.707106781186548,1.),(1.,0.707106781186547,1.),(1.,0.707106781186548,
1.),(1.,0.707106781186548,1.)))
REPRESENTATION_ITEM('')
SURFACE()
);
#36=(
BOUNDED_SURFACE()
B_SPLINE_SURFACE(3,2,((#3323,#3324,#3325),(#3326,#3327,#3328),(#3329,#3330,
#3331),(#3332,#3333,#3334)),.UNSPECIFIED.,.F.,.F.,.F.)
B_SPLINE_SURFACE_WITH_KNOTS((4,4),(3,3),(0.0229162643695309,0.0229642934268688),
(0.,1.),.PIECEWISE_BEZIER_KNOTS.)
GEOMETRIC_REPRESENTATION_ITEM()
RATIONAL_B_SPLINE_SURFACE(((1.,0.999974115637611,1.),(1.,0.999977346476272,
1.),(1.,0.999967677573718,1.),(1.,0.99995735655905,1.)))
REPRESENTATION_ITEM('')
SURFACE()
);
#37=(
BOUNDED_SURFACE()
B_SPLINE_SURFACE(3,2,((#3335,#3336,#3337),(#3338,#3339,#3340),(#3341,#3342,
#3343),(#3344,#3345,#3346),(#3347,#3348,#3349),(#3350,#3351,#3352),(#3353,
#3354,#3355),(#3356,#3357,#3358)),.UNSPECIFIED.,.F.,.F.,.F.)
B_SPLINE_SURFACE_WITH_KNOTS((4,1,1,1,1,4),(3,3),(0.0146752799250539,0.0162683762886664,
0.0178614726522788,0.0194545690158913,0.0202511171976975,0.0210476653795038),
(0.,1.),.UNSPECIFIED.)
GEOMETRIC_REPRESENTATION_ITEM()
RATIONAL_B_SPLINE_SURFACE(((1.,0.725108709256635,1.),(1.,0.759758248834493,
1.),(1.,0.822037902050027,1.),(1.,0.90073401274505,1.),(1.,0.954715219393455,
1.),(1.,0.986678962647435,1.),(1.,0.997928814349066,1.),(1.,0.999601164416471,
1.)))
REPRESENTATION_ITEM('')
SURFACE()
);
#38=(
BOUNDED_SURFACE()
B_SPLINE_SURFACE(3,2,((#3360,#3361,#3362),(#3363,#3364,#3365),(#3366,#3367,
#3368),(#3369,#3370,#3371),(#3372,#3373,#3374)),.UNSPECIFIED.,.F.,.F.,.F.)
B_SPLINE_SURFACE_WITH_KNOTS((4,1,4),(3,3),(-3.46944695195361E-18,0.00905090249126149,
0.018101804982523),(0.,1.),.UNSPECIFIED.)
GEOMETRIC_REPRESENTATION_ITEM()
RATIONAL_B_SPLINE_SURFACE(((1.,0.741892518683128,1.),(1.,0.739943426222582,
1.),(1.,0.735486132453437,1.),(1.,0.729450670606709,1.),(1.,0.725108709257547,
1.)))
REPRESENTATION_ITEM('')
SURFACE()
);
#39=(
BOUNDED_SURFACE()
B_SPLINE_SURFACE(3,2,((#3376,#3377,#3378),(#3379,#3380,#3381),(#3382,#3383,
#3384),(#3385,#3386,#3387),(#3388,#3389,#3390)),.UNSPECIFIED.,.F.,.F.,.F.)
B_SPLINE_SURFACE_WITH_KNOTS((4,1,4),(3,3),(0.00957469900153071,0.0110839716722737,
0.0125932443430166),(0.,1.),.UNSPECIFIED.)
GEOMETRIC_REPRESENTATION_ITEM()
RATIONAL_B_SPLINE_SURFACE(((1.,0.741892518683125,1.),(1.,0.704007033000924,
1.),(1.,0.623635362086445,1.),(1.,0.525406997528911,1.),(1.,0.471518397649352,
1.)))
REPRESENTATION_ITEM('')
SURFACE()
);
#40=(
BOUNDED_SURFACE()
B_SPLINE_SURFACE(3,2,((#3400,#3401,#3402),(#3403,#3404,#3405),(#3406,#3407,
#3408),(#3409,#3410,#3411),(#3412,#3413,#3414)),.UNSPECIFIED.,.F.,.F.,.F.)
B_SPLINE_SURFACE_WITH_KNOTS((4,1,4),(3,3),(0.00957469900153067,0.0110839716722736,
0.0125932443430166),(0.,1.),.UNSPECIFIED.)
GEOMETRIC_REPRESENTATION_ITEM()
RATIONAL_B_SPLINE_SURFACE(((1.,0.741892518683083,1.),(1.,0.704007034018396,
1.),(1.,0.623635361579165,1.),(1.,0.525406997526,1.),(1.,0.471518397649355,
1.)))
REPRESENTATION_ITEM('')
SURFACE()
);
#41=(
BOUNDED_SURFACE()
B_SPLINE_SURFACE(3,2,((#3416,#3417,#3418),(#3419,#3420,#3421),(#3422,#3423,
#3424),(#3425,#3426,#3427),(#3428,#3429,#3430)),.UNSPECIFIED.,.F.,.F.,.F.)
B_SPLINE_SURFACE_WITH_KNOTS((4,1,4),(3,3),(-2.34187669256869E-17,0.00905090249127038,
0.0181018049825408),(0.,1.),.UNSPECIFIED.)
GEOMETRIC_REPRESENTATION_ITEM()
RATIONAL_B_SPLINE_SURFACE(((1.,0.72510870925751,1.),(1.,0.729450670663635,
1.),(1.,0.735486132449518,1.),(1.,0.739943426173468,1.),(1.,0.741892518683138,
1.)))
REPRESENTATION_ITEM('')
SURFACE()
);
#42=(
BOUNDED_SURFACE()
B_SPLINE_SURFACE(3,2,((#3432,#3433,#3434),(#3435,#3436,#3437),(#3438,#3439,
#3440),(#3441,#3442,#3443),(#3444,#3445,#3446),(#3447,#3448,#3449),(#3450,
#3451,#3452),(#3453,#3454,#3455)),.UNSPECIFIED.,.F.,.F.,.F.)
B_SPLINE_SURFACE_WITH_KNOTS((4,1,1,1,1,4),(3,3),(0.00784491833475153,0.00864542062735764,
0.00944592291996374,0.0110469275051759,0.0126479320903881,0.0142489366756003),
(0.,1.),.UNSPECIFIED.)
GEOMETRIC_REPRESENTATION_ITEM()
RATIONAL_B_SPLINE_SURFACE(((1.,0.999601096563701,1.),(1.,0.997945101307685,
1.),(1.,0.986870631616882,1.),(1.,0.954703166394906,1.),(1.,0.900959169520697,
1.),(1.,0.821449613920752,1.),(1.,0.75924996568037,1.),(1.,0.72510870925751,
1.)))
REPRESENTATION_ITEM('')
SURFACE()
);
#43=(
BOUNDED_SURFACE()
B_SPLINE_SURFACE(3,2,((#3456,#3457,#3458),(#3459,#3460,#3461),(#3462,#3463,
#3464),(#3465,#3466,#3467)),.UNSPECIFIED.,.F.,.F.,.F.)
B_SPLINE_SURFACE_WITH_KNOTS((4,4),(3,3),(0.0226557898817004,0.0227036876846115),
(0.,1.),.PIECEWISE_BEZIER_KNOTS.)
GEOMETRIC_REPRESENTATION_ITEM()
RATIONAL_B_SPLINE_SURFACE(((1.,0.999974136587219,1.),(1.,0.999977320675871,
1.),(1.,0.999967660747916,1.),(1.,0.999957356819319,1.)))
REPRESENTATION_ITEM('')
SURFACE()
);
#44=TOROIDAL_SURFACE('',#1145,0.00408297357102957,0.000997026428970424);
#45=TOROIDAL_SURFACE('',#1153,0.0036576,0.0014224);
#46=ELLIPSE('',#1134,0.00625974741982454,0.00508);
#47=ELLIPSE('',#1137,0.00625974741982454,0.00508);
#48=ELLIPSE('',#1140,0.00102435302624637,0.000997026428970424);
#49=ELLIPSE('',#1143,0.00102435302624638,0.000997026428970424);
#50=ELLIPSE('',#1144,0.00102435302624638,0.000997026428970424);
#51=ELLIPSE('',#1148,0.00102435302624637,0.000997026428970424);
#52=CYLINDRICAL_SURFACE('',#1129,0.009525);
#53=CYLINDRICAL_SURFACE('',#1133,0.00508);
#54=CYLINDRICAL_SURFACE('',#1136,0.00508);
#55=CYLINDRICAL_SURFACE('',#1139,0.000997026428970424);
#56=CYLINDRICAL_SURFACE('',#1142,0.000997026428970424);
#57=CYLINDRICAL_SURFACE('',#1147,0.000997026428970424);
#58=CYLINDRICAL_SURFACE('',#1150,0.000997026428970424);
#59=CYLINDRICAL_SURFACE('',#1155,0.0014224);
#60=CYLINDRICAL_SURFACE('',#1162,0.001778);
#61=CYLINDRICAL_SURFACE('',#1169,0.00127);
#62=CYLINDRICAL_SURFACE('',#1170,0.00127);
#63=CIRCLE('',#1118,0.000425373571029576);
#64=CIRCLE('',#1119,0.00408297357102957);
#65=CIRCLE('',#1121,0.009525);
#66=CIRCLE('',#1124,0.00127);
#67=CIRCLE('',#1125,0.0036576);
#68=CIRCLE('',#1127,0.00127);
#69=CIRCLE('',#1128,0.00127);
#70=CIRCLE('',#1130,0.009525);
#71=CIRCLE('',#1131,0.009525);
#72=CIRCLE('',#1135,0.00508);
#73=CIRCLE('',#1138,0.00508);
#74=CIRCLE('',#1141,0.000997026428970424);
#75=CIRCLE('',#1146,0.000997026428970424);
#76=CIRCLE('',#1149,0.000997026428970424);
#77=CIRCLE('',#1151,0.000997026428970424);
#78=CIRCLE('',#1152,0.0014224);
#79=CIRCLE('',#1154,0.0014224);
#80=CIRCLE('',#1156,0.0014224);
#81=CIRCLE('',#1158,0.0014224);
#82=CIRCLE('',#1159,0.0014224);
#83=CIRCLE('',#1160,0.0014224);
#84=CIRCLE('',#1161,0.0014224);
#85=CIRCLE('',#1163,0.000762);
#86=CIRCLE('',#1164,0.000762);
#87=CIRCLE('',#1165,0.000762);
#88=CIRCLE('',#1166,0.000762);
#89=CIRCLE('',#1167,0.000762);
#90=CIRCLE('',#1168,0.000762);
#91=CIRCLE('',#1171,0.00127);
#92=CIRCLE('',#1172,0.00127);
#93=CIRCLE('',#1173,0.00127);
#94=CIRCLE('',#1174,0.00127);
#95=PLANE('',#1117);
#96=PLANE('',#1120);
#97=PLANE('',#1122);
#98=PLANE('',#1123);
#99=PLANE('',#1126);
#100=PLANE('',#1132);
#101=B_SPLINE_CURVE_WITH_KNOTS('',3,(#1332,#1333,#1334,#1335,#1336,#1337,
#1338,#1339,#1340,#1341,#1342,#1343,#1344,#1345,#1346,#1347,#1348,#1349,
#1350,#1351,#1352),.UNSPECIFIED.,.F.,.F.,(4,1,1,1,1,1,1,1,1,1,1,1,1,1,1,
1,1,1,4),(0.,0.0055011732559816,0.0082517598839724,0.0110023465119632,0.013752933139954,
0.0165035197679448,0.0178788130819402,0.0192541063959356,0.020629399709931,
0.0220046930239264,0.0233799863379218,0.0247552796519172,0.0261305729659126,
0.027505866279908,0.0302564529078988,0.0330070395358896,0.0357576261638804,
0.0385082127918712,0.0440093860478528),.UNSPECIFIED.);
#102=B_SPLINE_CURVE_WITH_KNOTS('',3,(#1353,#1354,#1355,#1356,#1357,#1358,
#1359,#1360,#1361),.UNSPECIFIED.,.F.,.F.,(4,1,1,1,1,1,4),(7.75791922889773E-18,
0.00254872072270756,0.00509744144541511,0.00764616216812265,0.0101948828908302,
0.0152923243362453,0.0203897657816604),.UNSPECIFIED.);
#103=B_SPLINE_CURVE_WITH_KNOTS('',3,(#1364,#1365,#1366,#1367),
 .UNSPECIFIED.,.F.,.F.,(4,4),(0.,0.00138836609693893),.UNSPECIFIED.);
#104=B_SPLINE_CURVE_WITH_KNOTS('',3,(#1369,#1370,#1371,#1372,#1373,#1374,
#1375),.UNSPECIFIED.,.F.,.F.,(4,1,1,1,4),(-0.00692057567594036,-0.00192958242158395,
0.00306141083277245,0.00805240408712885,0.0130433973414853),
 .UNSPECIFIED.);
#105=B_SPLINE_CURVE_WITH_KNOTS('',3,(#1377,#1378,#1379,#1380,#1381,#1382),
 .UNSPECIFIED.,.F.,.F.,(4,1,1,4),(0.,0.0104858294380104,0.0209716588760207,
0.0419433177520414),.UNSPECIFIED.);
#106=B_SPLINE_CURVE_WITH_KNOTS('',3,(#1384,#1385,#1386,#1387),
 .UNSPECIFIED.,.F.,.F.,(4,4),(0.,0.000424582896700364),.UNSPECIFIED.);
#107=B_SPLINE_CURVE_WITH_KNOTS('',3,(#1391,#1392,#1393,#1394),
 .UNSPECIFIED.,.F.,.F.,(4,4),(0.,0.000427453843918516),.UNSPECIFIED.);
#108=B_SPLINE_CURVE_WITH_KNOTS('',3,(#1396,#1397,#1398,#1399,#1400,#1401),
 .UNSPECIFIED.,.F.,.F.,(4,1,1,4),(0.,0.00988759349064709,0.0197751869812942,
0.0395503739625884),.UNSPECIFIED.);
#109=B_SPLINE_CURVE_WITH_KNOTS('',3,(#1403,#1404,#1405,#1406),
 .UNSPECIFIED.,.F.,.F.,(4,4),(6.93889390390723E-18,0.000187841561922746),
 .UNSPECIFIED.);
#110=B_SPLINE_CURVE_WITH_KNOTS('',3,(#1418,#1419,#1420,#1421),
 .UNSPECIFIED.,.F.,.F.,(4,4),(0.,4.13616046282043E-5),.UNSPECIFIED.);
#111=B_SPLINE_CURVE_WITH_KNOTS('',3,(#1423,#1424,#1425,#1426,#1427),
 .UNSPECIFIED.,.F.,.F.,(4,1,4),(9.67793461386773E-6,0.00814548803668636,
0.0162812981387589),.UNSPECIFIED.);
#112=B_SPLINE_CURVE_WITH_KNOTS('',3,(#1429,#1430,#1431,#1432),
 .UNSPECIFIED.,.F.,.F.,(4,4),(0.0166699137782101,0.0191381023192017),
 .UNSPECIFIED.);
#113=B_SPLINE_CURVE_WITH_KNOTS('',3,(#1434,#1435,#1436,#1437),
 .UNSPECIFIED.,.F.,.F.,(4,4),(0.0174348016132677,0.0199101939379142),
 .UNSPECIFIED.);
#114=B_SPLINE_CURVE_WITH_KNOTS('',3,(#1439,#1440,#1441,#1442,#1443),
 .UNSPECIFIED.,.F.,.F.,(4,1,4),(0.,0.00813663676167265,0.0162732735233453),
 .UNSPECIFIED.);
#115=B_SPLINE_CURVE_WITH_KNOTS('',3,(#1445,#1446,#1447,#1448),
 .UNSPECIFIED.,.F.,.F.,(4,4),(2.53109545690823E-17,4.13616046288111E-5),
 .UNSPECIFIED.);
#116=B_SPLINE_CURVE_WITH_KNOTS('',3,(#1476,#1477,#1478,#1479),
 .UNSPECIFIED.,.F.,.F.,(4,4),(0.,0.0150010376317605),.UNSPECIFIED.);
#117=B_SPLINE_CURVE_WITH_KNOTS('',3,(#1482,#1483,#1484,#1485),
 .UNSPECIFIED.,.F.,.F.,(4,4),(0.010711125393433,0.0257264017921524),
 .UNSPECIFIED.);
#118=B_SPLINE_CURVE_WITH_KNOTS('',3,(#1496,#1497,#1498,#1499,#1500,#1501,
#1502),.UNSPECIFIED.,.F.,.F.,(4,1,1,1,4),(-6.00000000006281E-8,0.00292475830594519,
0.00584957661189039,0.0116992132237808,0.0233984864475615),
 .UNSPECIFIED.);
#119=B_SPLINE_CURVE_WITH_KNOTS('',3,(#1505,#1506,#1507,#1508,#1509),
 .UNSPECIFIED.,.F.,.F.,(4,1,4),(5.00262678290181E-18,0.00908839350124514,
0.0181767870024903),.UNSPECIFIED.);
#120=B_SPLINE_CURVE_WITH_KNOTS('',3,(#1511,#1512,#1513,#1514),
 .UNSPECIFIED.,.F.,.F.,(4,4),(0.00208414326945906,0.0195517236956505),
 .UNSPECIFIED.);
#121=B_SPLINE_CURVE_WITH_KNOTS('',3,(#1516,#1517,#1518,#1519,#1520,#1521,
#1522),.UNSPECIFIED.,.F.,.F.,(4,1,1,1,4),(2.57411568884594E-5,0.00100767520277396,
0.00198960924865947,0.00297154329454497,0.00395347734043048),
 .UNSPECIFIED.);
#122=B_SPLINE_CURVE_WITH_KNOTS('',3,(#1524,#1525,#1526,#1527),
 .UNSPECIFIED.,.F.,.F.,(4,4),(0.0221057235720061,0.0325118941122822),
 .UNSPECIFIED.);
#123=B_SPLINE_CURVE_WITH_KNOTS('',3,(#1529,#1530,#1531,#1532,#1533,#1534,
#1535,#1536,#1537,#1538,#1539,#1540,#1541,#1542,#1543,#1544),
 .UNSPECIFIED.,.F.,.F.,(4,1,1,1,1,1,1,1,1,1,1,1,1,4),(0.00479823164643401,
0.00771986336297298,0.00918067922124246,0.0106414950795119,0.0121023109377814,
0.0128327188669162,0.0135631267960509,0.0142935347251856,0.0150239426543204,
0.0153891466188878,0.0157543505834551,0.0161195545480225,0.0163021565303062,
0.0164847585125899),.UNSPECIFIED.);
#124=B_SPLINE_CURVE_WITH_KNOTS('',3,(#1555,#1556,#1557,#1558),
 .UNSPECIFIED.,.F.,.F.,(4,4),(0.0129785721661307,0.0304783689654723),
 .UNSPECIFIED.);
#125=B_SPLINE_CURVE_WITH_KNOTS('',3,(#1561,#1562,#1563,#1564,#1565),
 .UNSPECIFIED.,.F.,.F.,(4,1,4),(4.3864520665339E-17,0.00908839350123976,
0.0181767870024795),.UNSPECIFIED.);
#126=B_SPLINE_CURVE_WITH_KNOTS('',3,(#1567,#1568,#1569,#1570,#1571,#1572),
 .UNSPECIFIED.,.F.,.F.,(4,1,1,4),(0.0026538642501101,0.0144262617411873,
0.0203124604867259,0.0261986592322645),.UNSPECIFIED.);
#127=B_SPLINE_CURVE_WITH_KNOTS('',3,(#1576,#1577,#1578,#1579,#1580,#1581,
#1582,#1583,#1584,#1585,#1586,#1587,#1588,#1589,#1590,#1591),
 .UNSPECIFIED.,.F.,.F.,(4,1,1,1,1,1,1,1,1,1,1,1,1,4),(0.,0.000183527533718062,
0.000367055067436124,0.000734110134872248,0.00110116520230837,0.0014682202697445,
0.00220233040461674,0.00293644053948899,0.00367055067436124,0.00440466080923349,
0.00587288107897798,0.00734110134872248,0.00880932161846697,0.011745762157956),
 .UNSPECIFIED.);
#128=B_SPLINE_CURVE_WITH_KNOTS('',3,(#1593,#1594,#1595,#1596),
 .UNSPECIFIED.,.F.,.F.,(4,4),(0.,0.0104204258378265),.UNSPECIFIED.);
#129=B_SPLINE_CURVE_WITH_KNOTS('',3,(#1598,#1599,#1600,#1601,#1602,#1603,
#1604),.UNSPECIFIED.,.F.,.F.,(4,1,1,1,4),(2.57411568887059E-5,0.00100767520277403,
0.00198960924865935,0.00297154329454467,0.00395347734043),.UNSPECIFIED.);
#130=B_SPLINE_CURVE_WITH_KNOTS('',3,(#1611,#1612,#1613,#1614,#1615,#1616),
 .UNSPECIFIED.,.F.,.F.,(4,1,1,4),(0.,0.0198388023278233,0.029758203491735,
0.0396776046556466),.UNSPECIFIED.);
#131=B_SPLINE_CURVE_WITH_KNOTS('',3,(#1620,#1621,#1622,#1623),
 .UNSPECIFIED.,.F.,.F.,(4,4),(0.,0.00993345813017033),.UNSPECIFIED.);
#132=B_SPLINE_CURVE_WITH_KNOTS('',3,(#1625,#1626,#1627,#1628,#1629,#1630,
#1631,#1632,#1633,#1634,#1635,#1636,#1637),.UNSPECIFIED.,.F.,.F.,(4,1,1,
1,1,1,1,1,1,1,4),(0.0103006552631238,0.0112973814482443,0.0122941076333649,
0.014287560003606,0.0162810123738472,0.0182744647440883,0.0222613694845705,
0.0262482742250528,0.030235178965535,0.0342220837060173,0.0421958931869818),
 .UNSPECIFIED.);
#133=B_SPLINE_CURVE_WITH_KNOTS('',3,(#1646,#1647,#1648,#1649,#1650),
 .UNSPECIFIED.,.F.,.F.,(4,1,4),(0.,0.0197614048494648,0.0395228096989297),
 .UNSPECIFIED.);
#134=B_SPLINE_CURVE_WITH_KNOTS('',3,(#1656,#1657,#1658,#1659,#1660,#1661,
#1662,#1663,#1664,#1665,#1666,#1667,#1668),.UNSPECIFIED.,.F.,.F.,(4,1,1,
1,1,1,1,1,1,1,4),(0.,0.00814347900378413,0.0122152185056762,0.0162869580075683,
0.0203586975094603,0.0244304370113524,0.0264663067622984,0.0285021765132444,
0.0305380462641905,0.0315559811396635,0.0325739160151365),.UNSPECIFIED.);
#135=B_SPLINE_CURVE_WITH_KNOTS('',3,(#1670,#1671,#1672,#1673),
 .UNSPECIFIED.,.F.,.F.,(4,4),(0.,0.00686678940630543),.UNSPECIFIED.);
#136=B_SPLINE_CURVE_WITH_KNOTS('',3,(#1675,#1676,#1677,#1678,#1679,#1680),
 .UNSPECIFIED.,.F.,.F.,(4,1,1,4),(8.18267427085042E-18,0.00155894569007802,
0.00233841853511702,0.00311789138015602),.UNSPECIFIED.);
#137=B_SPLINE_CURVE_WITH_KNOTS('',3,(#1700,#1701,#1702,#1703,#1704,#1705),
 .UNSPECIFIED.,.F.,.F.,(4,1,1,4),(0.,0.00102951729646814,0.00205903459293628,
0.00411806918587256),.UNSPECIFIED.);
#138=B_SPLINE_CURVE_WITH_KNOTS('',3,(#1707,#1708,#1709,#1710,#1711,#1712,
#1713,#1714),.UNSPECIFIED.,.F.,.F.,(4,1,1,1,1,4),(-0.00281906212881788,
0.00168572967069272,0.00619052147020333,0.0106953132697139,0.0129477091694692,
0.0152001050692245),.UNSPECIFIED.);
#139=B_SPLINE_CURVE_WITH_KNOTS('',3,(#1718,#1719,#1720,#1721,#1722,#1723,
#1724,#1725),.UNSPECIFIED.,.F.,.F.,(4,1,1,1,1,4),(2.3635607360184E-17,0.00223498701678094,
0.00446997403356186,0.0089399480671237,0.0134099221006855,0.0178798961342474),
 .UNSPECIFIED.);
#140=B_SPLINE_CURVE_WITH_KNOTS('',3,(#1727,#1728,#1729,#1730,#1731),
 .UNSPECIFIED.,.F.,.F.,(4,1,4),(7.56397124817528E-17,0.000937438207885723,
0.00187487641577137),.UNSPECIFIED.);
#141=B_SPLINE_CURVE_WITH_KNOTS('',3,(#1740,#1741,#1742,#1743,#1744,#1745),
 .UNSPECIFIED.,.F.,.F.,(4,1,1,4),(-6.00000000065721E-8,0.0119559795296446,
0.017933999294467,0.0239120190592893),.UNSPECIFIED.);
#142=B_SPLINE_CURVE_WITH_KNOTS('',3,(#1746,#1747,#1748,#1749,#1750),
 .UNSPECIFIED.,.F.,.F.,(4,1,4),(-5.99999999966977E-8,0.0119778525396522,
0.0239557650793044),.UNSPECIFIED.);
#143=B_SPLINE_CURVE_WITH_KNOTS('',3,(#1762,#1763,#1764,#1765,#1766,#1767),
 .UNSPECIFIED.,.F.,.F.,(4,1,1,4),(-5.9999999980064E-8,0.00595673419248058,
0.0119135283849611,0.0238271167699223),.UNSPECIFIED.);
#144=B_SPLINE_CURVE_WITH_KNOTS('',3,(#1768,#1769,#1770,#1771,#1772),
 .UNSPECIFIED.,.F.,.F.,(4,1,4),(2.78925148047573E-7,0.0120016068430043,
0.0240029347608606),.UNSPECIFIED.);
#145=B_SPLINE_CURVE_WITH_KNOTS('',3,(#1793,#1794,#1795,#1796,#1797,#1798,
#1799,#1800,#1801,#1802),.UNSPECIFIED.,.F.,.F.,(4,1,1,1,1,1,1,4),(0.,0.000156429600506561,
0.000312859201013121,0.000625718402026243,0.000938577603039364,0.00125143680405249,
0.00187715520607873,0.00250287360810497),.UNSPECIFIED.);
#146=B_SPLINE_CURVE_WITH_KNOTS('',3,(#1803,#1804,#1805,#1806),
 .UNSPECIFIED.,.F.,.F.,(4,4),(3.36706419597103E-18,9.37876079482338E-5),
 .UNSPECIFIED.);
#147=B_SPLINE_CURVE_WITH_KNOTS('',3,(#1808,#1809,#1810,#1811,#1812,#1813,
#1814,#1815,#1816),.UNSPECIFIED.,.F.,.F.,(4,1,1,1,1,1,4),(0.000137203240279487,
0.00224158114954684,0.00434595905881419,0.00539814801344787,0.00645033696808154,
0.00750252592271522,0.0085547148773489),.UNSPECIFIED.);
#148=B_SPLINE_CURVE_WITH_KNOTS('',3,(#1817,#1818,#1819,#1820,#1821,#1822,
#1823,#1824,#1825),.UNSPECIFIED.,.F.,.F.,(4,1,1,1,1,1,4),(0.,0.00091962500957382,
0.00183925001914764,0.00275887502872146,0.00367850003829528,0.00551775005744292,
0.00735700007659056),.UNSPECIFIED.);
#149=B_SPLINE_CURVE_WITH_KNOTS('',3,(#1827,#1828,#1829,#1830,#1831,#1832,
#1833),.UNSPECIFIED.,.F.,.F.,(4,1,1,1,4),(0.0044818625101242,0.00934213334740786,
0.0142024041846915,0.0190626750219752,0.0239229458592588),.UNSPECIFIED.);
#150=B_SPLINE_CURVE_WITH_KNOTS('',3,(#1835,#1836,#1837,#1838,#1839,#1840,
#1841,#1842,#1843,#1844),.UNSPECIFIED.,.F.,.F.,(4,1,1,1,1,1,1,4),(9.14809677554307E-17,
0.000993532466461908,0.00198706493292373,0.00248383116615463,0.00298059739938554,
0.00347736363261645,0.0037257467492319,0.00397412986584736),
 .UNSPECIFIED.);
#151=B_SPLINE_CURVE_WITH_KNOTS('',3,(#1853,#1854,#1855,#1856),
 .UNSPECIFIED.,.F.,.F.,(4,4),(0.,0.00177484510118719),.UNSPECIFIED.);
#152=B_SPLINE_CURVE_WITH_KNOTS('',3,(#1858,#1859,#1860,#1861),
 .UNSPECIFIED.,.F.,.F.,(4,4),(0.0347377322391998,0.0394273409112281),
 .UNSPECIFIED.);
#153=B_SPLINE_CURVE_WITH_KNOTS('',3,(#1863,#1864,#1865,#1866,#1867,#1868,
#1869,#1870,#1871,#1872,#1873,#1874,#1875),.UNSPECIFIED.,.F.,.F.,(4,1,1,
1,1,1,1,1,1,1,4),(-0.00735055783550993,-0.00177354481029774,0.00101496170230835,
0.00380346821491445,0.00659197472752054,0.00938048124012663,0.0107747344964297,
0.0114718611245812,0.0121689877527327,0.0135632410090358,0.0149574942653388),
 .UNSPECIFIED.);
#154=B_SPLINE_CURVE_WITH_KNOTS('',3,(#1877,#1878,#1879,#1880),
 .UNSPECIFIED.,.F.,.F.,(4,4),(0.00611131216171283,0.0129026644772169),
 .UNSPECIFIED.);
#155=B_SPLINE_CURVE_WITH_KNOTS('',3,(#1884,#1885,#1886,#1887),
 .UNSPECIFIED.,.F.,.F.,(4,4),(-6.00000000027692E-8,0.00864188749251625),
 .UNSPECIFIED.);
#156=B_SPLINE_CURVE_WITH_KNOTS('',3,(#1889,#1890,#1891,#1892),
 .UNSPECIFIED.,.F.,.F.,(4,4),(0.00864188749251625,0.0106797291311667),
 .UNSPECIFIED.);
#157=B_SPLINE_CURVE_WITH_KNOTS('',3,(#1894,#1895,#1896,#1897),
 .UNSPECIFIED.,.F.,.F.,(4,4),(0.0106797291311667,0.0129027616191171),
 .UNSPECIFIED.);
#158=B_SPLINE_CURVE_WITH_KNOTS('',3,(#1901,#1902,#1903,#1904,#1905,#1906,
#1907,#1908,#1909,#1910),.UNSPECIFIED.,.F.,.F.,(4,1,1,1,1,1,1,4),(0.,0.00209991556723945,
0.0041998311344789,0.00629974670171834,0.00839966226895779,0.0104995778361972,
0.0125994934034367,0.0167993245379156),.UNSPECIFIED.);
#159=B_SPLINE_CURVE_WITH_KNOTS('',3,(#1919,#1920,#1921,#1922),
 .UNSPECIFIED.,.F.,.F.,(4,4),(0.979084847971425,0.998914587647483),
 .UNSPECIFIED.);
#160=B_SPLINE_CURVE_WITH_KNOTS('',3,(#1925,#1926,#1927,#1928),
 .UNSPECIFIED.,.F.,.F.,(4,4),(0.,4.65125218040929E-5),.UNSPECIFIED.);
#161=B_SPLINE_CURVE_WITH_KNOTS('',3,(#1929,#1930,#1931,#1932),
 .UNSPECIFIED.,.F.,.F.,(4,4),(-5.99999972023756E-8,4.66939899824214E-5),
 .UNSPECIFIED.);
#162=B_SPLINE_CURVE_WITH_KNOTS('',3,(#1934,#1935,#1936,#1937,#1938),
 .UNSPECIFIED.,.F.,.F.,(4,1,4),(0.00108455209389534,0.0118039623263803,
0.0225233725588652),.UNSPECIFIED.);
#163=B_SPLINE_CURVE_WITH_KNOTS('',3,(#1942,#1943,#1944,#1945,#1946,#1947),
 .UNSPECIFIED.,.F.,.F.,(4,1,1,4),(0.,0.00173445407255266,0.00346890814510532,
0.00693781629021064),.UNSPECIFIED.);
#164=B_SPLINE_CURVE_WITH_KNOTS('',3,(#1949,#1950,#1951,#1952,#1953),
 .UNSPECIFIED.,.F.,.F.,(4,1,4),(0.,0.00912433343526607,0.0182486668705321),
 .UNSPECIFIED.);
#165=B_SPLINE_CURVE_WITH_KNOTS('',3,(#1955,#1956,#1957,#1958),
 .UNSPECIFIED.,.F.,.F.,(4,4),(0.,0.00073941577253079),.UNSPECIFIED.);
#166=B_SPLINE_CURVE_WITH_KNOTS('',3,(#1960,#1961,#1962,#1963),
 .UNSPECIFIED.,.F.,.F.,(4,4),(3.51573131771853E-20,0.00073941577253083),
 .UNSPECIFIED.);
#167=B_SPLINE_CURVE_WITH_KNOTS('',3,(#1965,#1966,#1967,#1968,#1969),
 .UNSPECIFIED.,.F.,.F.,(4,1,4),(0.,0.0091243334352752,0.0182486668705504),
 .UNSPECIFIED.);
#168=B_SPLINE_CURVE_WITH_KNOTS('',3,(#1971,#1972,#1973,#1974,#1975,#1976),
 .UNSPECIFIED.,.F.,.F.,(4,1,1,4),(0.,0.0034275745160514,0.00514136177407709,
0.00685514903210279),.UNSPECIFIED.);
#169=B_SPLINE_CURVE_WITH_KNOTS('',3,(#1987,#1988,#1989,#1990,#1991,#1992,
#1993,#1994,#1995,#1996,#1997,#1998),.UNSPECIFIED.,.F.,.F.,(4,1,1,1,1,1,
1,1,1,4),(-5.99999999850471E-8,0.00211813479717259,0.00423632959434516,
0.00635452439151773,0.0084727191886903,0.0127091087830354,0.0169454983773806,
0.0211818879717257,0.0254182775660709,0.0338910567547611),.UNSPECIFIED.);
#170=B_SPLINE_CURVE_WITH_KNOTS('',3,(#2000,#2001,#2002,#2003),
 .UNSPECIFIED.,.F.,.F.,(4,4),(0.,7.88860356938198E-5),.UNSPECIFIED.);
#171=B_SPLINE_CURVE_WITH_KNOTS('',3,(#2007,#2008,#2009,#2010,#2011,#2012,
#2013,#2014,#2015,#2016,#2017,#2018),.UNSPECIFIED.,.F.,.F.,(4,1,1,1,1,1,
1,1,1,4),(0.,0.0084526978474481,0.0126790467711721,0.0169053956948962,0.0211317446186202,
0.0253580935423443,0.0274712680042063,0.0295844424660683,0.0316976169279304,
0.0338107913897924),.UNSPECIFIED.);
#172=B_SPLINE_CURVE_WITH_KNOTS('',3,(#2027,#2028,#2029,#2030),
 .UNSPECIFIED.,.F.,.F.,(4,4),(1.95156391047391E-18,0.00211840971556552),
 .UNSPECIFIED.);
#173=B_SPLINE_CURVE_WITH_KNOTS('',3,(#2032,#2033,#2034,#2035,#2036,#2037),
 .UNSPECIFIED.,.F.,.F.,(4,1,1,4),(0.000910029647589558,0.00937673176201267,
0.0136100828192242,0.0178434338764358),.UNSPECIFIED.);
#174=B_SPLINE_CURVE_WITH_KNOTS('',3,(#2039,#2040,#2041,#2042,#2043,#2044),
 .UNSPECIFIED.,.F.,.F.,(4,1,1,4),(0.0164636811210313,0.0206887931648287,
0.0249139052086261,0.033364129296221),.UNSPECIFIED.);
#175=B_SPLINE_CURVE_WITH_KNOTS('',3,(#2046,#2047,#2048,#2049),
 .UNSPECIFIED.,.F.,.F.,(4,4),(3.49644694633735E-18,0.00212900964450211),
 .UNSPECIFIED.);
#176=B_SPLINE_CURVE_WITH_KNOTS('',3,(#2051,#2052,#2053,#2054,#2055,#2056),
 .UNSPECIFIED.,.F.,.F.,(4,1,1,4),(0.,0.00194438817354063,0.00388877634708127,
0.00777755269416254),.UNSPECIFIED.);
#177=B_SPLINE_CURVE_WITH_KNOTS('',3,(#2064,#2065,#2066,#2067,#2068,#2069,
#2070,#2071,#2072,#2073,#2074,#2075),.UNSPECIFIED.,.T.,.F.,(1,1,1,1,1,1,
1,1,1,1,1,1,1,1,1,1),(-0.0030788265585567,-0.0020525510390378,-0.0010262755195189,
0.,0.0010262755195189,0.0020525510390378,0.0030788265585567,0.00359196431831616,
0.00410510207807561,0.00513137759759451,0.00615765311711341,0.00718392863663231,
0.00821020415615121,0.00923647967567011,0.010262755195189,0.0112890307147079),
 .UNSPECIFIED.);
#178=B_SPLINE_CURVE_WITH_KNOTS('',3,(#2079,#2080,#2081,#2082),
 .UNSPECIFIED.,.F.,.F.,(4,4),(0.,0.0001091938838473),.UNSPECIFIED.);
#179=B_SPLINE_CURVE_WITH_KNOTS('',3,(#2085,#2086,#2087,#2088),
 .UNSPECIFIED.,.F.,.F.,(4,4),(0.,0.00108803769742521),.UNSPECIFIED.);
#180=B_SPLINE_CURVE_WITH_KNOTS('',3,(#2100,#2101,#2102,#2103),
 .UNSPECIFIED.,.F.,.F.,(4,4),(0.,0.00108676632373687),.UNSPECIFIED.);
#181=B_SPLINE_CURVE_WITH_KNOTS('',3,(#2128,#2129,#2130,#2131,#2132,#2133,
#2134,#2135,#2136,#2137,#2138),.UNSPECIFIED.,.F.,.F.,(4,1,1,1,1,1,1,1,4),
(0.,0.25,0.375,0.4375,0.5,0.5625,0.625,0.75,1.),.UNSPECIFIED.);
#182=B_SPLINE_CURVE_WITH_KNOTS('',3,(#2215,#2216,#2217,#2218,#2219,#2220,
#2221,#2222,#2223,#2224,#2225),.UNSPECIFIED.,.F.,.F.,(4,1,1,1,1,1,1,1,4),
(0.,0.25,0.375,0.4375,0.5,0.5625,0.625,0.75,1.),.UNSPECIFIED.);
#183=B_SPLINE_CURVE_WITH_KNOTS('',3,(#2384,#2385,#2386,#2387,#2388,#2389),
 .UNSPECIFIED.,.F.,.F.,(4,1,1,4),(9.34177181294034E-18,0.00192435747604411,
0.00288653621406617,0.00384871495208822),.UNSPECIFIED.);
#184=B_SPLINE_CURVE_WITH_KNOTS('',3,(#2391,#2392,#2393,#2394,#2395),
 .UNSPECIFIED.,.F.,.F.,(4,1,4),(1.00554125763357E-16,0.00170590928272458,
0.00341181856544906),.UNSPECIFIED.);
#185=B_SPLINE_CURVE_WITH_KNOTS('',3,(#2396,#2397,#2398,#2399),
 .UNSPECIFIED.,.F.,.F.,(4,4),(1.45673595752654E-14,0.000325528326946858),
 .UNSPECIFIED.);
#186=B_SPLINE_CURVE_WITH_KNOTS('',3,(#2443,#2444,#2445,#2446),
 .UNSPECIFIED.,.F.,.F.,(4,4),(0.,0.000351840484131063),.UNSPECIFIED.);
#187=B_SPLINE_CURVE_WITH_KNOTS('',3,(#2448,#2449,#2450,#2451),
 .UNSPECIFIED.,.F.,.F.,(4,4),(0.,0.000330624914012674),.UNSPECIFIED.);
#188=B_SPLINE_CURVE_WITH_KNOTS('',3,(#2540,#2541,#2542,#2543,#2544),
 .UNSPECIFIED.,.F.,.F.,(4,1,4),(1.4304896245382E-17,0.00165895552740346,
0.00331791105480691),.UNSPECIFIED.);
#189=B_SPLINE_CURVE_WITH_KNOTS('',3,(#2597,#2598,#2599,#2600,#2601,#2602,
#2603),.UNSPECIFIED.,.F.,.F.,(4,1,1,1,4),(7.04648007012958E-18,0.00101729811975463,
0.00203459623950925,0.00305189435926388,0.0040691924790185),
 .UNSPECIFIED.);
#190=B_SPLINE_CURVE_WITH_KNOTS('',3,(#2604,#2605,#2606,#2607,#2608,#2609,
#2610),.UNSPECIFIED.,.F.,.F.,(4,1,1,1,4),(0.,0.00101740311880618,0.00203480623761236,
0.00305220935641855,0.00406961247522473),.UNSPECIFIED.);
#191=B_SPLINE_CURVE_WITH_KNOTS('',3,(#2832,#2833,#2834,#2835),
 .UNSPECIFIED.,.F.,.F.,(4,4),(0.,4.21296387217112E-6),.UNSPECIFIED.);
#192=B_SPLINE_CURVE_WITH_KNOTS('',3,(#2837,#2838,#2839,#2840),
 .UNSPECIFIED.,.F.,.F.,(4,4),(0.,1.),.UNSPECIFIED.);
#193=B_SPLINE_CURVE_WITH_KNOTS('',3,(#2841,#2842,#2843,#2844,#2845,#2846,
#2847,#2848),.UNSPECIFIED.,.F.,.F.,(4,1,1,1,1,4),(0.,0.00096215140828123,
0.00192430281656246,0.00384860563312492,0.00577290844968738,0.00769721126624984),
 .UNSPECIFIED.);
#194=B_SPLINE_CURVE_WITH_KNOTS('',3,(#2849,#2850,#2851,#2852,#2853),
 .UNSPECIFIED.,.F.,.F.,(4,1,4),(0.,0.5,1.),.UNSPECIFIED.);
#195=B_SPLINE_CURVE_WITH_KNOTS('',3,(#2884,#2885,#2886,#2887,#2888),
 .UNSPECIFIED.,.F.,.F.,(4,1,4),(-1.99254319325934E-5,0.00773519136416489,
0.0154903081602624),.UNSPECIFIED.);
#196=B_SPLINE_CURVE_WITH_KNOTS('',3,(#3110,#3111,#3112,#3113,#3114,#3115,
#3116,#3117),.UNSPECIFIED.,.F.,.F.,(4,1,1,1,1,4),(0.,0.00189224224890795,
0.0037844844978159,0.00567672674672384,0.00662284787117782,0.00756896899563179),
 .UNSPECIFIED.);
#197=B_SPLINE_CURVE_WITH_KNOTS('',3,(#3118,#3119,#3120,#3121),
 .UNSPECIFIED.,.F.,.F.,(4,4),(0.,1.),.UNSPECIFIED.);
#198=B_SPLINE_CURVE_WITH_KNOTS('',3,(#3123,#3124,#3125,#3126),
 .UNSPECIFIED.,.F.,.F.,(4,4),(0.,4.28978108125708E-6),.UNSPECIFIED.);
#199=B_SPLINE_CURVE_WITH_KNOTS('',3,(#3127,#3128,#3129,#3130,#3131),
 .UNSPECIFIED.,.F.,.F.,(4,1,4),(0.,0.5,1.),.UNSPECIFIED.);
#200=B_SPLINE_CURVE_WITH_KNOTS('',3,(#3210,#3211,#3212,#3213,#3214),
 .UNSPECIFIED.,.F.,.F.,(4,1,4),(1.13417323629231E-14,0.00200789527625556,
0.00401579055249978),.UNSPECIFIED.);
#201=B_SPLINE_CURVE_WITH_KNOTS('',3,(#3215,#3216,#3217,#3218,#3219),
 .UNSPECIFIED.,.F.,.F.,(4,1,4),(-2.04571322061E-5,0.00747556693995107,0.0149715910121082),
 .UNSPECIFIED.);
#202=B_SPLINE_CURVE_WITH_KNOTS('',3,(#3268,#3269,#3270,#3271,#3272),
 .UNSPECIFIED.,.F.,.F.,(4,1,4),(1.03248141868137E-14,0.00200831174446794,
0.00401662348892556),.UNSPECIFIED.);
#203=B_SPLINE_CURVE_WITH_KNOTS('',3,(#3291,#3292,#3293,#3294),
 .UNSPECIFIED.,.F.,.F.,(4,4),(0.,0.00349650407194516),.UNSPECIFIED.);
#204=B_SPLINE_CURVE_WITH_KNOTS('',3,(#3296,#3297,#3298,#3299,#3300),
 .UNSPECIFIED.,.F.,.F.,(4,1,4),(-2.23865159155249E-5,0.00713532389228728,
0.0142930343004901),.UNSPECIFIED.);
#205=B_SPLINE_CURVE_WITH_KNOTS('',3,(#3319,#3320,#3321,#3322),
 .UNSPECIFIED.,.F.,.F.,(4,4),(8.91879922337495E-15,0.00352483666823208),
 .UNSPECIFIED.);
#206=B_SPLINE_CURVE_WITH_KNOTS('',3,(#3391,#3392,#3393,#3394,#3395,#3396,
#3397,#3398,#3399),.UNSPECIFIED.,.F.,.F.,(4,1,1,1,1,1,4),(0.,0.000519516606257161,
0.00103903321251432,0.00155854981877148,0.00207806642502864,0.00311709963754296,
0.00415613285005729),.UNSPECIFIED.);
#207=ORIENTED_EDGE('',*,*,#549,.F.);
#208=ORIENTED_EDGE('',*,*,#550,.T.);
#209=ORIENTED_EDGE('',*,*,#551,.T.);
#210=ORIENTED_EDGE('',*,*,#552,.T.);
#211=ORIENTED_EDGE('',*,*,#553,.T.);
#212=ORIENTED_EDGE('',*,*,#554,.T.);
#213=ORIENTED_EDGE('',*,*,#555,.T.);
#214=ORIENTED_EDGE('',*,*,#556,.T.);
#215=ORIENTED_EDGE('',*,*,#557,.T.);
#216=ORIENTED_EDGE('',*,*,#558,.T.);
#217=ORIENTED_EDGE('',*,*,#559,.T.);
#218=ORIENTED_EDGE('',*,*,#560,.F.);
#219=ORIENTED_EDGE('',*,*,#561,.T.);
#220=ORIENTED_EDGE('',*,*,#562,.T.);
#221=ORIENTED_EDGE('',*,*,#563,.T.);
#222=ORIENTED_EDGE('',*,*,#564,.T.);
#223=ORIENTED_EDGE('',*,*,#565,.T.);
#224=ORIENTED_EDGE('',*,*,#566,.T.);
#225=ORIENTED_EDGE('',*,*,#567,.F.);
#226=ORIENTED_EDGE('',*,*,#568,.T.);
#227=ORIENTED_EDGE('',*,*,#569,.T.);
#228=ORIENTED_EDGE('',*,*,#570,.T.);
#229=ORIENTED_EDGE('',*,*,#571,.T.);
#230=ORIENTED_EDGE('',*,*,#572,.T.);
#231=ORIENTED_EDGE('',*,*,#573,.T.);
#232=ORIENTED_EDGE('',*,*,#574,.T.);
#233=ORIENTED_EDGE('',*,*,#575,.T.);
#234=ORIENTED_EDGE('',*,*,#576,.T.);
#235=ORIENTED_EDGE('',*,*,#577,.F.);
#236=ORIENTED_EDGE('',*,*,#578,.T.);
#237=ORIENTED_EDGE('',*,*,#579,.T.);
#238=ORIENTED_EDGE('',*,*,#580,.T.);
#239=ORIENTED_EDGE('',*,*,#581,.T.);
#240=ORIENTED_EDGE('',*,*,#582,.T.);
#241=ORIENTED_EDGE('',*,*,#583,.T.);
#242=ORIENTED_EDGE('',*,*,#584,.T.);
#243=ORIENTED_EDGE('',*,*,#585,.T.);
#244=ORIENTED_EDGE('',*,*,#586,.T.);
#245=ORIENTED_EDGE('',*,*,#587,.T.);
#246=ORIENTED_EDGE('',*,*,#588,.T.);
#247=ORIENTED_EDGE('',*,*,#589,.T.);
#248=ORIENTED_EDGE('',*,*,#590,.T.);
#249=ORIENTED_EDGE('',*,*,#591,.T.);
#250=ORIENTED_EDGE('',*,*,#592,.F.);
#251=ORIENTED_EDGE('',*,*,#593,.T.);
#252=ORIENTED_EDGE('',*,*,#594,.T.);
#253=ORIENTED_EDGE('',*,*,#595,.F.);
#254=ORIENTED_EDGE('',*,*,#596,.F.);
#255=ORIENTED_EDGE('',*,*,#597,.T.);
#256=ORIENTED_EDGE('',*,*,#598,.T.);
#257=ORIENTED_EDGE('',*,*,#599,.T.);
#258=ORIENTED_EDGE('',*,*,#600,.T.);
#259=ORIENTED_EDGE('',*,*,#601,.T.);
#260=ORIENTED_EDGE('',*,*,#602,.T.);
#261=ORIENTED_EDGE('',*,*,#603,.T.);
#262=ORIENTED_EDGE('',*,*,#604,.T.);
#263=ORIENTED_EDGE('',*,*,#605,.T.);
#264=ORIENTED_EDGE('',*,*,#606,.T.);
#265=ORIENTED_EDGE('',*,*,#607,.T.);
#266=ORIENTED_EDGE('',*,*,#608,.T.);
#267=ORIENTED_EDGE('',*,*,#609,.T.);
#268=ORIENTED_EDGE('',*,*,#610,.T.);
#269=ORIENTED_EDGE('',*,*,#611,.F.);
#270=ORIENTED_EDGE('',*,*,#612,.T.);
#271=ORIENTED_EDGE('',*,*,#613,.T.);
#272=ORIENTED_EDGE('',*,*,#614,.T.);
#273=ORIENTED_EDGE('',*,*,#615,.T.);
#274=ORIENTED_EDGE('',*,*,#616,.T.);
#275=ORIENTED_EDGE('',*,*,#588,.F.);
#276=ORIENTED_EDGE('',*,*,#617,.T.);
#277=ORIENTED_EDGE('',*,*,#611,.T.);
#278=ORIENTED_EDGE('',*,*,#618,.T.);
#279=ORIENTED_EDGE('',*,*,#619,.F.);
#280=ORIENTED_EDGE('',*,*,#620,.T.);
#281=ORIENTED_EDGE('',*,*,#592,.T.);
#282=ORIENTED_EDGE('',*,*,#621,.T.);
#283=ORIENTED_EDGE('',*,*,#599,.F.);
#284=ORIENTED_EDGE('',*,*,#622,.T.);
#285=ORIENTED_EDGE('',*,*,#553,.F.);
#286=ORIENTED_EDGE('',*,*,#623,.T.);
#287=ORIENTED_EDGE('',*,*,#624,.T.);
#288=ORIENTED_EDGE('',*,*,#619,.T.);
#289=ORIENTED_EDGE('',*,*,#625,.T.);
#290=ORIENTED_EDGE('',*,*,#626,.F.);
#291=ORIENTED_EDGE('',*,*,#627,.T.);
#292=ORIENTED_EDGE('',*,*,#626,.T.);
#293=ORIENTED_EDGE('',*,*,#628,.T.);
#294=ORIENTED_EDGE('',*,*,#629,.T.);
#295=ORIENTED_EDGE('',*,*,#630,.T.);
#296=ORIENTED_EDGE('',*,*,#631,.T.);
#297=ORIENTED_EDGE('',*,*,#632,.T.);
#298=ORIENTED_EDGE('',*,*,#633,.T.);
#299=ORIENTED_EDGE('',*,*,#634,.T.);
#300=ORIENTED_EDGE('',*,*,#635,.T.);
#301=ORIENTED_EDGE('',*,*,#636,.F.);
#302=ORIENTED_EDGE('',*,*,#637,.T.);
#303=ORIENTED_EDGE('',*,*,#638,.T.);
#304=ORIENTED_EDGE('',*,*,#639,.T.);
#305=ORIENTED_EDGE('',*,*,#560,.T.);
#306=ORIENTED_EDGE('',*,*,#640,.T.);
#307=ORIENTED_EDGE('',*,*,#641,.T.);
#308=ORIENTED_EDGE('',*,*,#642,.T.);
#309=ORIENTED_EDGE('',*,*,#643,.T.);
#310=ORIENTED_EDGE('',*,*,#644,.T.);
#311=ORIENTED_EDGE('',*,*,#645,.T.);
#312=ORIENTED_EDGE('',*,*,#646,.T.);
#313=ORIENTED_EDGE('',*,*,#647,.T.);
#314=ORIENTED_EDGE('',*,*,#648,.T.);
#315=ORIENTED_EDGE('',*,*,#649,.T.);
#316=ORIENTED_EDGE('',*,*,#650,.T.);
#317=ORIENTED_EDGE('',*,*,#651,.T.);
#318=ORIENTED_EDGE('',*,*,#652,.T.);
#319=ORIENTED_EDGE('',*,*,#653,.T.);
#320=ORIENTED_EDGE('',*,*,#632,.F.);
#321=ORIENTED_EDGE('',*,*,#581,.F.);
#322=ORIENTED_EDGE('',*,*,#654,.T.);
#323=ORIENTED_EDGE('',*,*,#655,.T.);
#324=ORIENTED_EDGE('',*,*,#656,.T.);
#325=ORIENTED_EDGE('',*,*,#657,.T.);
#326=ORIENTED_EDGE('',*,*,#577,.T.);
#327=ORIENTED_EDGE('',*,*,#658,.T.);
#328=ORIENTED_EDGE('',*,*,#659,.F.);
#329=ORIENTED_EDGE('',*,*,#550,.F.);
#330=ORIENTED_EDGE('',*,*,#660,.F.);
#331=ORIENTED_EDGE('',*,*,#637,.F.);
#332=ORIENTED_EDGE('',*,*,#636,.T.);
#333=ORIENTED_EDGE('',*,*,#660,.T.);
#334=ORIENTED_EDGE('',*,*,#549,.T.);
#335=ORIENTED_EDGE('',*,*,#659,.T.);
#336=ORIENTED_EDGE('',*,*,#652,.F.);
#337=ORIENTED_EDGE('',*,*,#661,.T.);
#338=ORIENTED_EDGE('',*,*,#575,.F.);
#339=ORIENTED_EDGE('',*,*,#662,.T.);
#340=ORIENTED_EDGE('',*,*,#663,.F.);
#341=ORIENTED_EDGE('',*,*,#576,.F.);
#342=ORIENTED_EDGE('',*,*,#664,.T.);
#343=ORIENTED_EDGE('',*,*,#665,.T.);
#344=ORIENTED_EDGE('',*,*,#607,.F.);
#345=ORIENTED_EDGE('',*,*,#666,.T.);
#346=ORIENTED_EDGE('',*,*,#578,.F.);
#347=ORIENTED_EDGE('',*,*,#658,.F.);
#348=ORIENTED_EDGE('',*,*,#667,.T.);
#349=ORIENTED_EDGE('',*,*,#668,.T.);
#350=ORIENTED_EDGE('',*,*,#570,.F.);
#351=ORIENTED_EDGE('',*,*,#669,.F.);
#352=ORIENTED_EDGE('',*,*,#606,.F.);
#353=ORIENTED_EDGE('',*,*,#571,.F.);
#354=ORIENTED_EDGE('',*,*,#670,.T.);
#355=ORIENTED_EDGE('',*,*,#556,.F.);
#356=ORIENTED_EDGE('',*,*,#671,.T.);
#357=ORIENTED_EDGE('',*,*,#669,.T.);
#358=ORIENTED_EDGE('',*,*,#569,.F.);
#359=ORIENTED_EDGE('',*,*,#672,.F.);
#360=ORIENTED_EDGE('',*,*,#666,.F.);
#361=ORIENTED_EDGE('',*,*,#572,.F.);
#362=ORIENTED_EDGE('',*,*,#673,.T.);
#363=ORIENTED_EDGE('',*,*,#674,.T.);
#364=ORIENTED_EDGE('',*,*,#597,.F.);
#365=ORIENTED_EDGE('',*,*,#675,.T.);
#366=ORIENTED_EDGE('',*,*,#568,.F.);
#367=ORIENTED_EDGE('',*,*,#676,.T.);
#368=ORIENTED_EDGE('',*,*,#573,.F.);
#369=ORIENTED_EDGE('',*,*,#672,.T.);
#370=ORIENTED_EDGE('',*,*,#627,.F.);
#371=ORIENTED_EDGE('',*,*,#635,.F.);
#372=ORIENTED_EDGE('',*,*,#634,.F.);
#373=ORIENTED_EDGE('',*,*,#633,.F.);
#374=ORIENTED_EDGE('',*,*,#677,.F.);
#375=ORIENTED_EDGE('',*,*,#600,.F.);
#376=ORIENTED_EDGE('',*,*,#677,.T.);
#377=ORIENTED_EDGE('',*,*,#653,.F.);
#378=ORIENTED_EDGE('',*,*,#678,.F.);
#379=ORIENTED_EDGE('',*,*,#601,.F.);
#380=ORIENTED_EDGE('',*,*,#678,.T.);
#381=ORIENTED_EDGE('',*,*,#662,.F.);
#382=ORIENTED_EDGE('',*,*,#679,.F.);
#383=ORIENTED_EDGE('',*,*,#602,.F.);
#384=ORIENTED_EDGE('',*,*,#679,.T.);
#385=ORIENTED_EDGE('',*,*,#574,.F.);
#386=ORIENTED_EDGE('',*,*,#680,.F.);
#387=ORIENTED_EDGE('',*,*,#603,.F.);
#388=ORIENTED_EDGE('',*,*,#675,.F.);
#389=ORIENTED_EDGE('',*,*,#680,.T.);
#390=ORIENTED_EDGE('',*,*,#676,.F.);
#391=ORIENTED_EDGE('',*,*,#567,.T.);
#392=ORIENTED_EDGE('',*,*,#631,.F.);
#393=ORIENTED_EDGE('',*,*,#681,.T.);
#394=ORIENTED_EDGE('',*,*,#609,.F.);
#395=ORIENTED_EDGE('',*,*,#682,.F.);
#396=ORIENTED_EDGE('',*,*,#682,.T.);
#397=ORIENTED_EDGE('',*,*,#608,.F.);
#398=ORIENTED_EDGE('',*,*,#683,.F.);
#399=ORIENTED_EDGE('',*,*,#650,.F.);
#400=ORIENTED_EDGE('',*,*,#683,.T.);
#401=ORIENTED_EDGE('',*,*,#665,.F.);
#402=ORIENTED_EDGE('',*,*,#684,.F.);
#403=ORIENTED_EDGE('',*,*,#651,.F.);
#404=ORIENTED_EDGE('',*,*,#664,.F.);
#405=ORIENTED_EDGE('',*,*,#661,.F.);
#406=ORIENTED_EDGE('',*,*,#684,.T.);
#407=ORIENTED_EDGE('',*,*,#685,.F.);
#408=ORIENTED_EDGE('',*,*,#630,.F.);
#409=ORIENTED_EDGE('',*,*,#686,.T.);
#410=ORIENTED_EDGE('',*,*,#615,.F.);
#411=ORIENTED_EDGE('',*,*,#687,.F.);
#412=ORIENTED_EDGE('',*,*,#681,.F.);
#413=ORIENTED_EDGE('',*,*,#685,.T.);
#414=ORIENTED_EDGE('',*,*,#688,.F.);
#415=ORIENTED_EDGE('',*,*,#610,.F.);
#416=ORIENTED_EDGE('',*,*,#688,.T.);
#417=ORIENTED_EDGE('',*,*,#687,.T.);
#418=ORIENTED_EDGE('',*,*,#689,.F.);
#419=ORIENTED_EDGE('',*,*,#614,.F.);
#420=ORIENTED_EDGE('',*,*,#690,.T.);
#421=ORIENTED_EDGE('',*,*,#604,.F.);
#422=ORIENTED_EDGE('',*,*,#689,.T.);
#423=ORIENTED_EDGE('',*,*,#670,.F.);
#424=ORIENTED_EDGE('',*,*,#668,.F.);
#425=ORIENTED_EDGE('',*,*,#691,.F.);
#426=ORIENTED_EDGE('',*,*,#691,.T.);
#427=ORIENTED_EDGE('',*,*,#667,.F.);
#428=ORIENTED_EDGE('',*,*,#692,.F.);
#429=ORIENTED_EDGE('',*,*,#557,.F.);
#430=ORIENTED_EDGE('',*,*,#692,.T.);
#431=ORIENTED_EDGE('',*,*,#605,.F.);
#432=ORIENTED_EDGE('',*,*,#693,.F.);
#433=ORIENTED_EDGE('',*,*,#558,.F.);
#434=ORIENTED_EDGE('',*,*,#693,.T.);
#435=ORIENTED_EDGE('',*,*,#690,.F.);
#436=ORIENTED_EDGE('',*,*,#694,.F.);
#437=ORIENTED_EDGE('',*,*,#559,.F.);
#438=ORIENTED_EDGE('',*,*,#613,.F.);
#439=ORIENTED_EDGE('',*,*,#695,.T.);
#440=ORIENTED_EDGE('',*,*,#551,.F.);
#441=ORIENTED_EDGE('',*,*,#694,.T.);
#442=ORIENTED_EDGE('',*,*,#622,.F.);
#443=ORIENTED_EDGE('',*,*,#598,.F.);
#444=ORIENTED_EDGE('',*,*,#696,.F.);
#445=ORIENTED_EDGE('',*,*,#554,.F.);
#446=ORIENTED_EDGE('',*,*,#696,.T.);
#447=ORIENTED_EDGE('',*,*,#674,.F.);
#448=ORIENTED_EDGE('',*,*,#697,.F.);
#449=ORIENTED_EDGE('',*,*,#555,.F.);
#450=ORIENTED_EDGE('',*,*,#673,.F.);
#451=ORIENTED_EDGE('',*,*,#671,.F.);
#452=ORIENTED_EDGE('',*,*,#697,.T.);
#453=ORIENTED_EDGE('',*,*,#663,.T.);
#454=ORIENTED_EDGE('',*,*,#596,.T.);
#455=ORIENTED_EDGE('',*,*,#595,.T.);
#456=ORIENTED_EDGE('',*,*,#698,.T.);
#457=ORIENTED_EDGE('',*,*,#585,.F.);
#458=ORIENTED_EDGE('',*,*,#699,.T.);
#459=ORIENTED_EDGE('',*,*,#562,.F.);
#460=ORIENTED_EDGE('',*,*,#700,.T.);
#461=ORIENTED_EDGE('',*,*,#701,.T.);
#462=ORIENTED_EDGE('',*,*,#638,.F.);
#463=ORIENTED_EDGE('',*,*,#702,.T.);
#464=ORIENTED_EDGE('',*,*,#582,.F.);
#465=ORIENTED_EDGE('',*,*,#703,.F.);
#466=ORIENTED_EDGE('',*,*,#686,.F.);
#467=ORIENTED_EDGE('',*,*,#629,.F.);
#468=ORIENTED_EDGE('',*,*,#704,.F.);
#469=ORIENTED_EDGE('',*,*,#563,.F.);
#470=ORIENTED_EDGE('',*,*,#703,.T.);
#471=ORIENTED_EDGE('',*,*,#618,.F.);
#472=ORIENTED_EDGE('',*,*,#616,.F.);
#473=ORIENTED_EDGE('',*,*,#591,.F.);
#474=ORIENTED_EDGE('',*,*,#705,.T.);
#475=ORIENTED_EDGE('',*,*,#641,.F.);
#476=ORIENTED_EDGE('',*,*,#706,.T.);
#477=ORIENTED_EDGE('',*,*,#707,.T.);
#478=ORIENTED_EDGE('',*,*,#565,.F.);
#479=ORIENTED_EDGE('',*,*,#708,.F.);
#480=ORIENTED_EDGE('',*,*,#625,.F.);
#481=ORIENTED_EDGE('',*,*,#621,.F.);
#482=ORIENTED_EDGE('',*,*,#708,.T.);
#483=ORIENTED_EDGE('',*,*,#564,.F.);
#484=ORIENTED_EDGE('',*,*,#704,.T.);
#485=ORIENTED_EDGE('',*,*,#628,.F.);
#486=ORIENTED_EDGE('',*,*,#655,.F.);
#487=ORIENTED_EDGE('',*,*,#709,.T.);
#488=ORIENTED_EDGE('',*,*,#593,.F.);
#489=ORIENTED_EDGE('',*,*,#620,.F.);
#490=ORIENTED_EDGE('',*,*,#624,.F.);
#491=ORIENTED_EDGE('',*,*,#710,.F.);
#492=ORIENTED_EDGE('',*,*,#587,.F.);
#493=ORIENTED_EDGE('',*,*,#711,.T.);
#494=ORIENTED_EDGE('',*,*,#656,.F.);
#495=ORIENTED_EDGE('',*,*,#710,.T.);
#496=ORIENTED_EDGE('',*,*,#623,.F.);
#497=ORIENTED_EDGE('',*,*,#552,.F.);
#498=ORIENTED_EDGE('',*,*,#695,.F.);
#499=ORIENTED_EDGE('',*,*,#612,.F.);
#500=ORIENTED_EDGE('',*,*,#617,.F.);
#501=ORIENTED_EDGE('',*,*,#584,.F.);
#502=ORIENTED_EDGE('',*,*,#712,.T.);
#503=ORIENTED_EDGE('',*,*,#713,.F.);
#504=ORIENTED_EDGE('',*,*,#579,.F.);
#505=ORIENTED_EDGE('',*,*,#657,.F.);
#506=ORIENTED_EDGE('',*,*,#711,.F.);
#507=ORIENTED_EDGE('',*,*,#586,.F.);
#508=ORIENTED_EDGE('',*,*,#699,.F.);
#509=ORIENTED_EDGE('',*,*,#713,.T.);
#510=ORIENTED_EDGE('',*,*,#714,.T.);
#511=ORIENTED_EDGE('',*,*,#589,.F.);
#512=ORIENTED_EDGE('',*,*,#698,.F.);
#513=ORIENTED_EDGE('',*,*,#594,.F.);
#514=ORIENTED_EDGE('',*,*,#709,.F.);
#515=ORIENTED_EDGE('',*,*,#654,.F.);
#516=ORIENTED_EDGE('',*,*,#580,.F.);
#517=ORIENTED_EDGE('',*,*,#566,.F.);
#518=ORIENTED_EDGE('',*,*,#707,.F.);
#519=ORIENTED_EDGE('',*,*,#706,.F.);
#520=ORIENTED_EDGE('',*,*,#640,.F.);
#521=ORIENTED_EDGE('',*,*,#642,.F.);
#522=ORIENTED_EDGE('',*,*,#705,.F.);
#523=ORIENTED_EDGE('',*,*,#715,.F.);
#524=ORIENTED_EDGE('',*,*,#643,.F.);
#525=ORIENTED_EDGE('',*,*,#715,.T.);
#526=ORIENTED_EDGE('',*,*,#590,.F.);
#527=ORIENTED_EDGE('',*,*,#716,.F.);
#528=ORIENTED_EDGE('',*,*,#644,.F.);
#529=ORIENTED_EDGE('',*,*,#716,.T.);
#530=ORIENTED_EDGE('',*,*,#714,.F.);
#531=ORIENTED_EDGE('',*,*,#717,.F.);
#532=ORIENTED_EDGE('',*,*,#645,.F.);
#533=ORIENTED_EDGE('',*,*,#717,.T.);
#534=ORIENTED_EDGE('',*,*,#712,.F.);
#535=ORIENTED_EDGE('',*,*,#718,.F.);
#536=ORIENTED_EDGE('',*,*,#646,.F.);
#537=ORIENTED_EDGE('',*,*,#718,.T.);
#538=ORIENTED_EDGE('',*,*,#583,.F.);
#539=ORIENTED_EDGE('',*,*,#719,.F.);
#540=ORIENTED_EDGE('',*,*,#647,.F.);
#541=ORIENTED_EDGE('',*,*,#719,.T.);
#542=ORIENTED_EDGE('',*,*,#702,.F.);
#543=ORIENTED_EDGE('',*,*,#649,.F.);
#544=ORIENTED_EDGE('',*,*,#648,.F.);
#545=ORIENTED_EDGE('',*,*,#701,.F.);
#546=ORIENTED_EDGE('',*,*,#700,.F.);
#547=ORIENTED_EDGE('',*,*,#561,.F.);
#548=ORIENTED_EDGE('',*,*,#639,.F.);
#549=EDGE_CURVE('',#720,#721,#827,.T.);
#550=EDGE_CURVE('',#720,#721,#101,.T.);
#551=EDGE_CURVE('',#722,#723,#102,.T.);
#552=EDGE_CURVE('',#723,#724,#103,.T.);
#553=EDGE_CURVE('',#724,#725,#104,.T.);
#554=EDGE_CURVE('',#725,#726,#105,.T.);
#555=EDGE_CURVE('',#726,#727,#106,.T.);
#556=EDGE_CURVE('',#727,#728,#828,.F.);
#557=EDGE_CURVE('',#728,#729,#107,.T.);
#558=EDGE_CURVE('',#729,#730,#108,.T.);
#559=EDGE_CURVE('',#730,#722,#109,.T.);
#560=EDGE_CURVE('',#731,#732,#829,.T.);
#561=EDGE_CURVE('',#731,#733,#110,.T.);
#562=EDGE_CURVE('',#733,#734,#111,.T.);
#563=EDGE_CURVE('',#734,#735,#112,.T.);
#564=EDGE_CURVE('',#735,#736,#113,.T.);
#565=EDGE_CURVE('',#736,#737,#114,.T.);
#566=EDGE_CURVE('',#737,#732,#115,.F.);
#567=EDGE_CURVE('',#738,#739,#63,.T.);
#568=EDGE_CURVE('',#738,#740,#830,.F.);
#569=EDGE_CURVE('',#740,#741,#64,.F.);
#570=EDGE_CURVE('',#741,#742,#831,.T.);
#571=EDGE_CURVE('',#742,#743,#832,.T.);
#572=EDGE_CURVE('',#743,#739,#833,.F.);
#573=EDGE_CURVE('',#744,#745,#834,.T.);
#574=EDGE_CURVE('',#745,#746,#835,.T.);
#575=EDGE_CURVE('',#746,#747,#836,.F.);
#576=EDGE_CURVE('',#747,#748,#837,.F.);
#577=EDGE_CURVE('',#749,#748,#65,.T.);
#578=EDGE_CURVE('',#749,#744,#838,.F.);
#579=EDGE_CURVE('',#750,#751,#116,.T.);
#580=EDGE_CURVE('',#751,#752,#117,.T.);
#581=EDGE_CURVE('',#752,#750,#839,.F.);
#582=EDGE_CURVE('',#753,#754,#118,.T.);
#583=EDGE_CURVE('',#754,#755,#119,.T.);
#584=EDGE_CURVE('',#755,#756,#120,.T.);
#585=EDGE_CURVE('',#756,#757,#121,.T.);
#586=EDGE_CURVE('',#757,#758,#122,.T.);
#587=EDGE_CURVE('',#758,#759,#123,.T.);
#588=EDGE_CURVE('',#759,#753,#840,.T.);
#589=EDGE_CURVE('',#760,#761,#124,.T.);
#590=EDGE_CURVE('',#761,#762,#125,.T.);
#591=EDGE_CURVE('',#762,#763,#126,.T.);
#592=EDGE_CURVE('',#764,#763,#841,.T.);
#593=EDGE_CURVE('',#764,#765,#127,.T.);
#594=EDGE_CURVE('',#765,#766,#128,.T.);
#595=EDGE_CURVE('',#760,#766,#129,.T.);
#596=EDGE_CURVE('',#767,#767,#66,.T.);
#597=EDGE_CURVE('',#768,#769,#842,.T.);
#598=EDGE_CURVE('',#769,#770,#130,.T.);
#599=EDGE_CURVE('',#770,#771,#843,.T.);
#600=EDGE_CURVE('',#771,#772,#131,.T.);
#601=EDGE_CURVE('',#772,#773,#132,.T.);
#602=EDGE_CURVE('',#773,#774,#67,.T.);
#603=EDGE_CURVE('',#774,#768,#844,.F.);
#604=EDGE_CURVE('',#775,#776,#845,.F.);
#605=EDGE_CURVE('',#776,#777,#133,.T.);
#606=EDGE_CURVE('',#777,#778,#846,.F.);
#607=EDGE_CURVE('',#778,#779,#847,.T.);
#608=EDGE_CURVE('',#779,#780,#134,.T.);
#609=EDGE_CURVE('',#780,#781,#135,.T.);
#610=EDGE_CURVE('',#781,#775,#136,.T.);
#611=EDGE_CURVE('',#782,#783,#848,.T.);
#612=EDGE_CURVE('',#782,#784,#137,.T.);
#613=EDGE_CURVE('',#784,#785,#138,.T.);
#614=EDGE_CURVE('',#785,#786,#849,.T.);
#615=EDGE_CURVE('',#786,#787,#139,.T.);
#616=EDGE_CURVE('',#787,#783,#140,.T.);
#617=EDGE_CURVE('',#759,#782,#141,.T.);
#618=EDGE_CURVE('',#783,#753,#142,.T.);
#619=EDGE_CURVE('',#788,#789,#850,.T.);
#620=EDGE_CURVE('',#788,#764,#143,.T.);
#621=EDGE_CURVE('',#763,#789,#144,.T.);
#622=EDGE_CURVE('',#770,#725,#145,.T.);
#623=EDGE_CURVE('',#724,#790,#146,.F.);
#624=EDGE_CURVE('',#790,#788,#147,.T.);
#625=EDGE_CURVE('',#789,#791,#148,.T.);
#626=EDGE_CURVE('',#792,#791,#149,.T.);
#627=EDGE_CURVE('',#792,#771,#150,.T.);
#628=EDGE_CURVE('',#791,#793,#151,.T.);
#629=EDGE_CURVE('',#793,#794,#152,.T.);
#630=EDGE_CURVE('',#794,#795,#153,.T.);
#631=EDGE_CURVE('',#795,#796,#154,.T.);
#632=EDGE_CURVE('',#796,#797,#851,.T.);
#633=EDGE_CURVE('',#797,#798,#155,.T.);
#634=EDGE_CURVE('',#798,#799,#156,.T.);
#635=EDGE_CURVE('',#799,#792,#157,.T.);
#636=EDGE_CURVE('',#800,#801,#852,.F.);
#637=EDGE_CURVE('',#800,#801,#158,.T.);
#638=EDGE_CURVE('',#802,#803,#159,.T.);
#639=EDGE_CURVE('',#803,#731,#160,.T.);
#640=EDGE_CURVE('',#732,#804,#161,.T.);
#641=EDGE_CURVE('',#804,#805,#162,.T.);
#642=EDGE_CURVE('',#805,#806,#68,.T.);
#643=EDGE_CURVE('',#806,#807,#163,.T.);
#644=EDGE_CURVE('',#807,#808,#164,.T.);
#645=EDGE_CURVE('',#808,#809,#165,.T.);
#646=EDGE_CURVE('',#809,#810,#166,.T.);
#647=EDGE_CURVE('',#810,#811,#167,.T.);
#648=EDGE_CURVE('',#811,#812,#168,.T.);
#649=EDGE_CURVE('',#812,#802,#69,.T.);
#650=EDGE_CURVE('',#796,#813,#169,.T.);
#651=EDGE_CURVE('',#813,#814,#170,.T.);
#652=EDGE_CURVE('',#814,#815,#853,.T.);
#653=EDGE_CURVE('',#815,#797,#171,.T.);
#654=EDGE_CURVE('',#752,#816,#172,.T.);
#655=EDGE_CURVE('',#816,#817,#173,.T.);
#656=EDGE_CURVE('',#817,#818,#174,.T.);
#657=EDGE_CURVE('',#818,#750,#175,.T.);
#658=EDGE_CURVE('',#748,#749,#176,.T.);
#659=EDGE_CURVE('',#721,#800,#70,.T.);
#660=EDGE_CURVE('',#801,#720,#71,.T.);
#661=EDGE_CURVE('',#814,#747,#46,.F.);
#662=EDGE_CURVE('',#746,#815,#72,.F.);
#663=EDGE_CURVE('',#819,#819,#177,.T.);
#664=EDGE_CURVE('',#747,#820,#47,.T.);
#665=EDGE_CURVE('',#820,#779,#178,.T.);
#666=EDGE_CURVE('',#778,#744,#73,.T.);
#667=EDGE_CURVE('',#777,#821,#179,.T.);
#668=EDGE_CURVE('',#821,#742,#48,.T.);
#669=EDGE_CURVE('',#778,#741,#74,.T.);
#670=EDGE_CURVE('',#742,#728,#49,.F.);
#671=EDGE_CURVE('',#727,#743,#50,.T.);
#672=EDGE_CURVE('',#744,#740,#75,.T.);
#673=EDGE_CURVE('',#743,#822,#51,.F.);
#674=EDGE_CURVE('',#822,#769,#180,.T.);
#675=EDGE_CURVE('',#768,#739,#76,.T.);
#676=EDGE_CURVE('',#738,#745,#77,.T.);
#677=EDGE_CURVE('',#772,#797,#181,.F.);
#678=EDGE_CURVE('',#773,#815,#78,.T.);
#679=EDGE_CURVE('',#774,#746,#79,.T.);
#680=EDGE_CURVE('',#768,#745,#80,.F.);
#681=EDGE_CURVE('',#795,#781,#81,.T.);
#682=EDGE_CURVE('',#796,#780,#182,.F.);
#683=EDGE_CURVE('',#813,#779,#82,.T.);
#684=EDGE_CURVE('',#814,#820,#83,.T.);
#685=EDGE_CURVE('',#795,#823,#183,.T.);
#686=EDGE_CURVE('',#794,#787,#184,.F.);
#687=EDGE_CURVE('',#823,#786,#185,.T.);
#688=EDGE_CURVE('',#775,#823,#84,.T.);
#689=EDGE_CURVE('',#775,#786,#186,.T.);
#690=EDGE_CURVE('',#785,#776,#187,.T.);
#691=EDGE_CURVE('',#728,#821,#85,.T.);
#692=EDGE_CURVE('',#729,#777,#86,.T.);
#693=EDGE_CURVE('',#730,#776,#87,.T.);
#694=EDGE_CURVE('',#722,#785,#88,.T.);
#695=EDGE_CURVE('',#784,#723,#188,.T.);
#696=EDGE_CURVE('',#726,#769,#89,.T.);
#697=EDGE_CURVE('',#727,#822,#90,.T.);
#698=EDGE_CURVE('',#766,#760,#189,.T.);
#699=EDGE_CURVE('',#756,#757,#190,.T.);
#700=EDGE_CURVE('',#733,#824,#191,.T.);
#701=EDGE_CURVE('',#824,#803,#192,.T.);
#702=EDGE_CURVE('',#802,#754,#193,.T.);
#703=EDGE_CURVE('',#734,#753,#194,.F.);
#704=EDGE_CURVE('',#735,#793,#195,.T.);
#705=EDGE_CURVE('',#762,#805,#196,.T.);
#706=EDGE_CURVE('',#804,#825,#197,.T.);
#707=EDGE_CURVE('',#825,#737,#198,.T.);
#708=EDGE_CURVE('',#763,#736,#199,.F.);
#709=EDGE_CURVE('',#816,#765,#200,.T.);
#710=EDGE_CURVE('',#817,#790,#201,.T.);
#711=EDGE_CURVE('',#758,#818,#202,.T.);
#712=EDGE_CURVE('',#755,#826,#203,.T.);
#713=EDGE_CURVE('',#751,#826,#204,.T.);
#714=EDGE_CURVE('',#826,#761,#205,.T.);
#715=EDGE_CURVE('',#807,#762,#91,.T.);
#716=EDGE_CURVE('',#808,#761,#92,.T.);
#717=EDGE_CURVE('',#809,#826,#206,.F.);
#718=EDGE_CURVE('',#810,#755,#93,.T.);
#719=EDGE_CURVE('',#811,#754,#94,.T.);
#720=VERTEX_POINT('',#1330);
#721=VERTEX_POINT('',#1331);
#722=VERTEX_POINT('',#1362);
#723=VERTEX_POINT('',#1363);
#724=VERTEX_POINT('',#1368);
#725=VERTEX_POINT('',#1376);
#726=VERTEX_POINT('',#1383);
#727=VERTEX_POINT('',#1388);
#728=VERTEX_POINT('',#1390);
#729=VERTEX_POINT('',#1395);
#730=VERTEX_POINT('',#1402);
#731=VERTEX_POINT('',#1416);
#732=VERTEX_POINT('',#1417);
#733=VERTEX_POINT('',#1422);
#734=VERTEX_POINT('',#1428);
#735=VERTEX_POINT('',#1433);
#736=VERTEX_POINT('',#1438);
#737=VERTEX_POINT('',#1444);
#738=VERTEX_POINT('',#1451);
#739=VERTEX_POINT('',#1452);
#740=VERTEX_POINT('',#1454);
#741=VERTEX_POINT('',#1456);
#742=VERTEX_POINT('',#1458);
#743=VERTEX_POINT('',#1460);
#744=VERTEX_POINT('',#1464);
#745=VERTEX_POINT('',#1465);
#746=VERTEX_POINT('',#1467);
#747=VERTEX_POINT('',#1469);
#748=VERTEX_POINT('',#1471);
#749=VERTEX_POINT('',#1473);
#750=VERTEX_POINT('',#1480);
#751=VERTEX_POINT('',#1481);
#752=VERTEX_POINT('',#1486);
#753=VERTEX_POINT('',#1503);
#754=VERTEX_POINT('',#1504);
#755=VERTEX_POINT('',#1510);
#756=VERTEX_POINT('',#1515);
#757=VERTEX_POINT('',#1523);
#758=VERTEX_POINT('',#1528);
#759=VERTEX_POINT('',#1545);
#760=VERTEX_POINT('',#1559);
#761=VERTEX_POINT('',#1560);
#762=VERTEX_POINT('',#1566);
#763=VERTEX_POINT('',#1573);
#764=VERTEX_POINT('',#1575);
#765=VERTEX_POINT('',#1592);
#766=VERTEX_POINT('',#1597);
#767=VERTEX_POINT('',#1607);
#768=VERTEX_POINT('',#1609);
#769=VERTEX_POINT('',#1610);
#770=VERTEX_POINT('',#1617);
#771=VERTEX_POINT('',#1619);
#772=VERTEX_POINT('',#1624);
#773=VERTEX_POINT('',#1638);
#774=VERTEX_POINT('',#1640);
#775=VERTEX_POINT('',#1644);
#776=VERTEX_POINT('',#1645);
#777=VERTEX_POINT('',#1651);
#778=VERTEX_POINT('',#1653);
#779=VERTEX_POINT('',#1655);
#780=VERTEX_POINT('',#1669);
#781=VERTEX_POINT('',#1674);
#782=VERTEX_POINT('',#1698);
#783=VERTEX_POINT('',#1699);
#784=VERTEX_POINT('',#1706);
#785=VERTEX_POINT('',#1715);
#786=VERTEX_POINT('',#1717);
#787=VERTEX_POINT('',#1726);
#788=VERTEX_POINT('',#1760);
#789=VERTEX_POINT('',#1761);
#790=VERTEX_POINT('',#1807);
#791=VERTEX_POINT('',#1826);
#792=VERTEX_POINT('',#1834);
#793=VERTEX_POINT('',#1857);
#794=VERTEX_POINT('',#1862);
#795=VERTEX_POINT('',#1876);
#796=VERTEX_POINT('',#1881);
#797=VERTEX_POINT('',#1883);
#798=VERTEX_POINT('',#1888);
#799=VERTEX_POINT('',#1893);
#800=VERTEX_POINT('',#1899);
#801=VERTEX_POINT('',#1900);
#802=VERTEX_POINT('',#1923);
#803=VERTEX_POINT('',#1924);
#804=VERTEX_POINT('',#1933);
#805=VERTEX_POINT('',#1939);
#806=VERTEX_POINT('',#1941);
#807=VERTEX_POINT('',#1948);
#808=VERTEX_POINT('',#1954);
#809=VERTEX_POINT('',#1959);
#810=VERTEX_POINT('',#1964);
#811=VERTEX_POINT('',#1970);
#812=VERTEX_POINT('',#1977);
#813=VERTEX_POINT('',#1999);
#814=VERTEX_POINT('',#2004);
#815=VERTEX_POINT('',#2006);
#816=VERTEX_POINT('',#2031);
#817=VERTEX_POINT('',#2038);
#818=VERTEX_POINT('',#2045);
#819=VERTEX_POINT('',#2076);
#820=VERTEX_POINT('',#2078);
#821=VERTEX_POINT('',#2089);
#822=VERTEX_POINT('',#2099);
#823=VERTEX_POINT('',#2390);
#824=VERTEX_POINT('',#2836);
#825=VERTEX_POINT('',#3122);
#826=VERTEX_POINT('',#3295);
#827=LINE('',#1329,#854);
#828=LINE('',#1389,#855);
#829=LINE('',#1415,#856);
#830=LINE('',#1453,#857);
#831=LINE('',#1457,#858);
#832=LINE('',#1459,#859);
#833=LINE('',#1461,#860);
#834=LINE('',#1463,#861);
#835=LINE('',#1466,#862);
#836=LINE('',#1468,#863);
#837=LINE('',#1470,#864);
#838=LINE('',#1474,#865);
#839=LINE('',#1487,#866);
#840=LINE('',#1546,#867);
#841=LINE('',#1574,#868);
#842=LINE('',#1608,#869);
#843=LINE('',#1618,#870);
#844=LINE('',#1641,#871);
#845=LINE('',#1643,#872);
#846=LINE('',#1652,#873);
#847=LINE('',#1654,#874);
#848=LINE('',#1697,#875);
#849=LINE('',#1716,#876);
#850=LINE('',#1759,#877);
#851=LINE('',#1882,#878);
#852=LINE('',#1898,#879);
#853=LINE('',#2005,#880);
#854=VECTOR('',#1177,1.);
#855=VECTOR('',#1178,1.);
#856=VECTOR('',#1179,1.);
#857=VECTOR('',#1184,1.);
#858=VECTOR('',#1187,1.);
#859=VECTOR('',#1188,1.);
#860=VECTOR('',#1189,1.);
#861=VECTOR('',#1192,1.);
#862=VECTOR('',#1193,1.);
#863=VECTOR('',#1194,1.);
#864=VECTOR('',#1195,1.);
#865=VECTOR('',#1198,1.);
#866=VECTOR('',#1201,1.);
#867=VECTOR('',#1202,1.);
#868=VECTOR('',#1203,1.);
#869=VECTOR('',#1208,1.);
#870=VECTOR('',#1209,1.);
#871=VECTOR('',#1212,1.);
#872=VECTOR('',#1215,1.);
#873=VECTOR('',#1216,1.);
#874=VECTOR('',#1217,1.);
#875=VECTOR('',#1218,1.);
#876=VECTOR('',#1219,1.);
#877=VECTOR('',#1220,1.);
#878=VECTOR('',#1221,1.);
#879=VECTOR('',#1222,1.);
#880=VECTOR('',#1227,1.);
#881=EDGE_LOOP('',(#207,#208));
#882=EDGE_LOOP('',(#209,#210,#211,#212,#213,#214,#215,#216,#217));
#883=EDGE_LOOP('',(#218,#219,#220,#221,#222,#223,#224));
#884=EDGE_LOOP('',(#225,#226,#227,#228,#229,#230));
#885=EDGE_LOOP('',(#231,#232,#233,#234,#235,#236));
#886=EDGE_LOOP('',(#237,#238,#239));
#887=EDGE_LOOP('',(#240,#241,#242,#243,#244,#245,#246));
#888=EDGE_LOOP('',(#247,#248,#249,#250,#251,#252,#253));
#889=EDGE_LOOP('',(#254));
#890=EDGE_LOOP('',(#255,#256,#257,#258,#259,#260,#261));
#891=EDGE_LOOP('',(#262,#263,#264,#265,#266,#267,#268));
#892=EDGE_LOOP('',(#269,#270,#271,#272,#273,#274));
#893=EDGE_LOOP('',(#275,#276,#277,#278));
#894=EDGE_LOOP('',(#279,#280,#281,#282));
#895=EDGE_LOOP('',(#283,#284,#285,#286,#287,#288,#289,#290,#291));
#896=EDGE_LOOP('',(#292,#293,#294,#295,#296,#297,#298,#299,#300));
#897=EDGE_LOOP('',(#301,#302));
#898=EDGE_LOOP('',(#303,#304,#305,#306,#307,#308,#309,#310,#311,#312,#313,
#314,#315));
#899=EDGE_LOOP('',(#316,#317,#318,#319,#320));
#900=EDGE_LOOP('',(#321,#322,#323,#324,#325));
#901=EDGE_LOOP('',(#326,#327));
#902=EDGE_LOOP('',(#328,#329,#330,#331));
#903=EDGE_LOOP('',(#332,#333,#334,#335));
#904=EDGE_LOOP('',(#336,#337,#338,#339));
#905=EDGE_LOOP('',(#340));
#906=EDGE_LOOP('',(#341,#342,#343,#344,#345,#346,#347));
#907=EDGE_LOOP('',(#348,#349,#350,#351,#352));
#908=EDGE_LOOP('',(#353,#354,#355,#356));
#909=EDGE_LOOP('',(#357,#358,#359,#360));
#910=EDGE_LOOP('',(#361,#362,#363,#364,#365));
#911=EDGE_LOOP('',(#366,#367,#368,#369));
#912=EDGE_LOOP('',(#370,#371,#372,#373,#374,#375));
#913=EDGE_LOOP('',(#376,#377,#378,#379));
#914=EDGE_LOOP('',(#380,#381,#382,#383));
#915=EDGE_LOOP('',(#384,#385,#386,#387));
#916=EDGE_LOOP('',(#388,#389,#390,#391));
#917=EDGE_LOOP('',(#392,#393,#394,#395));
#918=EDGE_LOOP('',(#396,#397,#398,#399));
#919=EDGE_LOOP('',(#400,#401,#402,#403));
#920=EDGE_LOOP('',(#404,#405,#406));
#921=EDGE_LOOP('',(#407,#408,#409,#410,#411));
#922=EDGE_LOOP('',(#412,#413,#414,#415));
#923=EDGE_LOOP('',(#416,#417,#418));
#924=EDGE_LOOP('',(#419,#420,#421,#422));
#925=EDGE_LOOP('',(#423,#424,#425));
#926=EDGE_LOOP('',(#426,#427,#428,#429));
#927=EDGE_LOOP('',(#430,#431,#432,#433));
#928=EDGE_LOOP('',(#434,#435,#436,#437));
#929=EDGE_LOOP('',(#438,#439,#440,#441));
#930=EDGE_LOOP('',(#442,#443,#444,#445));
#931=EDGE_LOOP('',(#446,#447,#448,#449));
#932=EDGE_LOOP('',(#450,#451,#452));
#933=EDGE_LOOP('',(#453));
#934=EDGE_LOOP('',(#454));
#935=EDGE_LOOP('',(#455,#456));
#936=EDGE_LOOP('',(#457,#458));
#937=EDGE_LOOP('',(#459,#460,#461,#462,#463,#464,#465));
#938=EDGE_LOOP('',(#466,#467,#468,#469,#470,#471,#472));
#939=EDGE_LOOP('',(#473,#474,#475,#476,#477,#478,#479));
#940=EDGE_LOOP('',(#480,#481,#482,#483,#484,#485));
#941=EDGE_LOOP('',(#486,#487,#488,#489,#490,#491));
#942=EDGE_LOOP('',(#492,#493,#494,#495,#496,#497,#498,#499,#500));
#943=EDGE_LOOP('',(#501,#502,#503,#504,#505,#506,#507,#508));
#944=EDGE_LOOP('',(#509,#510,#511,#512,#513,#514,#515,#516));
#945=EDGE_LOOP('',(#517,#518,#519,#520));
#946=EDGE_LOOP('',(#521,#522,#523,#524));
#947=EDGE_LOOP('',(#525,#526,#527,#528));
#948=EDGE_LOOP('',(#529,#530,#531,#532));
#949=EDGE_LOOP('',(#533,#534,#535,#536));
#950=EDGE_LOOP('',(#537,#538,#539,#540));
#951=EDGE_LOOP('',(#541,#542,#543,#544));
#952=EDGE_LOOP('',(#545,#546,#547,#548));
#953=FACE_BOUND('',#881,.T.);
#954=FACE_BOUND('',#882,.T.);
#955=FACE_BOUND('',#883,.T.);
#956=FACE_BOUND('',#884,.T.);
#957=FACE_BOUND('',#885,.T.);
#958=FACE_BOUND('',#886,.T.);
#959=FACE_BOUND('',#887,.T.);
#960=FACE_BOUND('',#888,.T.);
#961=FACE_BOUND('',#889,.T.);
#962=FACE_BOUND('',#890,.T.);
#963=FACE_BOUND('',#891,.T.);
#964=FACE_BOUND('',#892,.T.);
#965=FACE_BOUND('',#893,.T.);
#966=FACE_BOUND('',#894,.T.);
#967=FACE_BOUND('',#895,.T.);
#968=FACE_BOUND('',#896,.T.);
#969=FACE_BOUND('',#897,.T.);
#970=FACE_BOUND('',#898,.T.);
#971=FACE_BOUND('',#899,.T.);
#972=FACE_BOUND('',#900,.T.);
#973=FACE_BOUND('',#901,.T.);
#974=FACE_BOUND('',#902,.T.);
#975=FACE_BOUND('',#903,.T.);
#976=FACE_BOUND('',#904,.T.);
#977=FACE_BOUND('',#905,.T.);
#978=FACE_BOUND('',#906,.T.);
#979=FACE_BOUND('',#907,.T.);
#980=FACE_BOUND('',#908,.T.);
#981=FACE_BOUND('',#909,.T.);
#982=FACE_BOUND('',#910,.T.);
#983=FACE_BOUND('',#911,.T.);
#984=FACE_BOUND('',#912,.T.);
#985=FACE_BOUND('',#913,.T.);
#986=FACE_BOUND('',#914,.T.);
#987=FACE_BOUND('',#915,.T.);
#988=FACE_BOUND('',#916,.T.);
#989=FACE_BOUND('',#917,.T.);
#990=FACE_BOUND('',#918,.T.);
#991=FACE_BOUND('',#919,.T.);
#992=FACE_BOUND('',#920,.T.);
#993=FACE_BOUND('',#921,.T.);
#994=FACE_BOUND('',#922,.T.);
#995=FACE_BOUND('',#923,.T.);
#996=FACE_BOUND('',#924,.T.);
#997=FACE_BOUND('',#925,.T.);
#998=FACE_BOUND('',#926,.T.);
#999=FACE_BOUND('',#927,.T.);
#1000=FACE_BOUND('',#928,.T.);
#1001=FACE_BOUND('',#929,.T.);
#1002=FACE_BOUND('',#930,.T.);
#1003=FACE_BOUND('',#931,.T.);
#1004=FACE_BOUND('',#932,.T.);
#1005=FACE_BOUND('',#933,.T.);
#1006=FACE_BOUND('',#934,.T.);
#1007=FACE_BOUND('',#935,.T.);
#1008=FACE_BOUND('',#936,.T.);
#1009=FACE_BOUND('',#937,.T.);
#1010=FACE_BOUND('',#938,.T.);
#1011=FACE_BOUND('',#939,.T.);
#1012=FACE_BOUND('',#940,.T.);
#1013=FACE_BOUND('',#941,.T.);
#1014=FACE_BOUND('',#942,.T.);
#1015=FACE_BOUND('',#943,.T.);
#1016=FACE_BOUND('',#944,.T.);
#1017=FACE_BOUND('',#945,.T.);
#1018=FACE_BOUND('',#946,.T.);
#1019=FACE_BOUND('',#947,.T.);
#1020=FACE_BOUND('',#948,.T.);
#1021=FACE_BOUND('',#949,.T.);
#1022=FACE_BOUND('',#950,.T.);
#1023=FACE_BOUND('',#951,.T.);
#1024=FACE_BOUND('',#952,.T.);
#1025=B_SPLINE_SURFACE_WITH_KNOTS('',3,1,((#1321,#1322),(#1323,#1324),(#1325,
#1326),(#1327,#1328)),.SURF_OF_LINEAR_EXTRUSION.,.F.,.F.,.F.,(4,4),(2,2),
(0.385183093378116,0.997620827788377),(0.,1.),.PIECEWISE_BEZIER_KNOTS.);
#1026=B_SPLINE_SURFACE_WITH_KNOTS('',3,1,((#1407,#1408),(#1409,#1410),(#1411,
#1412),(#1413,#1414)),.SURF_OF_LINEAR_EXTRUSION.,.F.,.F.,.F.,(4,4),(2,2),
(0.74627032193036,1.),(0.,1.),.PIECEWISE_BEZIER_KNOTS.);
#1027=B_SPLINE_SURFACE_WITH_KNOTS('',3,1,((#1488,#1489),(#1490,#1491),(#1492,
#1493),(#1494,#1495)),.SURF_OF_LINEAR_EXTRUSION.,.F.,.F.,.F.,(4,4),(2,2),
(-1.20580769523378E-14,0.889619785281869),(0.,1.),
 .PIECEWISE_BEZIER_KNOTS.);
#1028=B_SPLINE_SURFACE_WITH_KNOTS('',3,1,((#1547,#1548),(#1549,#1550),(#1551,
#1552),(#1553,#1554)),.SURF_OF_LINEAR_EXTRUSION.,.F.,.F.,.F.,(4,4),(2,2),
(-2.7909255891326E-17,0.88961978524424),(0.,1.),
 .PIECEWISE_BEZIER_KNOTS.);
#1029=B_SPLINE_SURFACE_WITH_KNOTS('',3,1,((#1681,#1682),(#1683,#1684),(#1685,
#1686),(#1687,#1688),(#1689,#1690),(#1691,#1692),(#1693,#1694),(#1695,#1696)),
 .SURF_OF_LINEAR_EXTRUSION.,.F.,.F.,.F.,(4,1,1,1,1,4),(2,2),(0.0237899789574395,
0.298999860490742,0.574209742024044,0.849419623557347,0.987024564323998,
1.12462950509065),(0.,1.),.UNSPECIFIED.);
#1030=B_SPLINE_SURFACE_WITH_KNOTS('',3,1,((#1732,#1733),(#1734,#1735),(#1736,
#1737),(#1738,#1739)),.SURF_OF_LINEAR_EXTRUSION.,.F.,.F.,.F.,(4,4),(2,2),
(1.98731928875988E-16,1.),(0.,1.),.PIECEWISE_BEZIER_KNOTS.);
#1031=B_SPLINE_SURFACE_WITH_KNOTS('',3,1,((#1751,#1752),(#1753,#1754),(#1755,
#1756),(#1757,#1758)),.SURF_OF_LINEAR_EXTRUSION.,.F.,.F.,.F.,(4,4),(2,2),
(0.,1.),(0.,1.),.PIECEWISE_BEZIER_KNOTS.);
#1032=B_SPLINE_SURFACE_WITH_KNOTS('',3,1,((#1773,#1774),(#1775,#1776),(#1777,
#1778),(#1779,#1780),(#1781,#1782),(#1783,#1784),(#1785,#1786),(#1787,#1788),
(#1789,#1790),(#1791,#1792)),.SURF_OF_LINEAR_EXTRUSION.,.F.,.F.,.F.,(4,
1,1,1,1,1,1,4),(2,2),(-1.1396652833677E-14,0.325221572907871,0.650443145815754,
0.813053932269696,0.975664718723637,1.05697011195061,1.13827550517758,1.30088629163152),
(0.,1.),.UNSPECIFIED.);
#1033=B_SPLINE_SURFACE_WITH_KNOTS('',3,1,((#1845,#1846),(#1847,#1848),(#1849,
#1850),(#1851,#1852)),.SURF_OF_LINEAR_EXTRUSION.,.F.,.F.,.F.,(4,4),(2,2),
(0.,0.515848241045034),(0.,1.),.PIECEWISE_BEZIER_KNOTS.);
#1034=B_SPLINE_SURFACE_WITH_KNOTS('',3,1,((#1911,#1912),(#1913,#1914),(#1915,
#1916),(#1917,#1918)),.SURF_OF_LINEAR_EXTRUSION.,.F.,.F.,.F.,(4,4),(2,2),
(0.,0.871537981427417),(0.,1.),.PIECEWISE_BEZIER_KNOTS.);
#1035=B_SPLINE_SURFACE_WITH_KNOTS('',3,1,((#1979,#1980),(#1981,#1982),(#1983,
#1984),(#1985,#1986)),.SURF_OF_LINEAR_EXTRUSION.,.F.,.F.,.F.,(4,4),(2,2),
(0.0752951045159314,1.),(0.,1.),.PIECEWISE_BEZIER_KNOTS.);
#1036=B_SPLINE_SURFACE_WITH_KNOTS('',3,1,((#2019,#2020),(#2021,#2022),(#2023,
#2024),(#2025,#2026)),.SURF_OF_LINEAR_EXTRUSION.,.F.,.F.,.F.,(4,4),(2,2),
(0.000855916413360672,0.206073501865072),(0.,1.),
 .PIECEWISE_BEZIER_KNOTS.);
#1037=B_SPLINE_SURFACE_WITH_KNOTS('',3,3,((#2611,#2612,#2613,#2614,#2615,
#2616,#2617,#2618,#2619,#2620,#2621,#2622,#2623),(#2624,#2625,#2626,#2627,
#2628,#2629,#2630,#2631,#2632,#2633,#2634,#2635,#2636),(#2637,#2638,#2639,
#2640,#2641,#2642,#2643,#2644,#2645,#2646,#2647,#2648,#2649),(#2650,#2651,
#2652,#2653,#2654,#2655,#2656,#2657,#2658,#2659,#2660,#2661,#2662),(#2663,
#2664,#2665,#2666,#2667,#2668,#2669,#2670,#2671,#2672,#2673,#2674,#2675),
(#2676,#2677,#2678,#2679,#2680,#2681,#2682,#2683,#2684,#2685,#2686,#2687,
#2688),(#2689,#2690,#2691,#2692,#2693,#2694,#2695,#2696,#2697,#2698,#2699,
#2700,#2701),(#2702,#2703,#2704,#2705,#2706,#2707,#2708,#2709,#2710,#2711,
#2712,#2713,#2714),(#2715,#2716,#2717,#2718,#2719,#2720,#2721,#2722,#2723,
#2724,#2725,#2726,#2727),(#2728,#2729,#2730,#2731,#2732,#2733,#2734,#2735,
#2736,#2737,#2738,#2739,#2740),(#2741,#2742,#2743,#2744,#2745,#2746,#2747,
#2748,#2749,#2750,#2751,#2752,#2753),(#2754,#2755,#2756,#2757,#2758,#2759,
#2760,#2761,#2762,#2763,#2764,#2765,#2766),(#2767,#2768,#2769,#2770,#2771,
#2772,#2773,#2774,#2775,#2776,#2777,#2778,#2779),(#2780,#2781,#2782,#2783,
#2784,#2785,#2786,#2787,#2788,#2789,#2790,#2791,#2792),(#2793,#2794,#2795,
#2796,#2797,#2798,#2799,#2800,#2801,#2802,#2803,#2804,#2805),(#2806,#2807,
#2808,#2809,#2810,#2811,#2812,#2813,#2814,#2815,#2816,#2817,#2818),(#2819,
#2820,#2821,#2822,#2823,#2824,#2825,#2826,#2827,#2828,#2829,#2830,#2831)),
 .UNSPECIFIED.,.F.,.F.,.F.,(4,1,1,1,1,1,1,1,1,1,1,1,1,1,4),(4,1,1,1,1,1,
1,1,1,1,4),(-0.000134663817846329,4.19511202485991E-5,0.000218566058343527,
0.000571795934533384,0.0012782556869131,0.00269117519167252,0.00551701420119138,
0.00834285321071023,0.0111686922202291,0.0139945312297479,0.0154074507345074,
0.0168203702392668,0.0182332897440262,0.0196462092487856,0.0224720482583045),
(0.,0.0629276286539317,0.125855257307863,0.251710514615727,0.37756577192359,
0.503421029231453,0.629276286539317,0.75513154384718,0.880986801155043,
0.943914429808975,1.00684205846291),.UNSPECIFIED.);
#1038=B_SPLINE_SURFACE_WITH_KNOTS('',3,3,((#2889,#2890,#2891,#2892,#2893,
#2894,#2895,#2896,#2897,#2898,#2899,#2900,#2901),(#2902,#2903,#2904,#2905,
#2906,#2907,#2908,#2909,#2910,#2911,#2912,#2913,#2914),(#2915,#2916,#2917,
#2918,#2919,#2920,#2921,#2922,#2923,#2924,#2925,#2926,#2927),(#2928,#2929,
#2930,#2931,#2932,#2933,#2934,#2935,#2936,#2937,#2938,#2939,#2940),(#2941,
#2942,#2943,#2944,#2945,#2946,#2947,#2948,#2949,#2950,#2951,#2952,#2953),
(#2954,#2955,#2956,#2957,#2958,#2959,#2960,#2961,#2962,#2963,#2964,#2965,
#2966),(#2967,#2968,#2969,#2970,#2971,#2972,#2973,#2974,#2975,#2976,#2977,
#2978,#2979),(#2980,#2981,#2982,#2983,#2984,#2985,#2986,#2987,#2988,#2989,
#2990,#2991,#2992),(#2993,#2994,#2995,#2996,#2997,#2998,#2999,#3000,#3001,
#3002,#3003,#3004,#3005),(#3006,#3007,#3008,#3009,#3010,#3011,#3012,#3013,
#3014,#3015,#3016,#3017,#3018),(#3019,#3020,#3021,#3022,#3023,#3024,#3025,
#3026,#3027,#3028,#3029,#3030,#3031),(#3032,#3033,#3034,#3035,#3036,#3037,
#3038,#3039,#3040,#3041,#3042,#3043,#3044),(#3045,#3046,#3047,#3048,#3049,
#3050,#3051,#3052,#3053,#3054,#3055,#3056,#3057),(#3058,#3059,#3060,#3061,
#3062,#3063,#3064,#3065,#3066,#3067,#3068,#3069,#3070),(#3071,#3072,#3073,
#3074,#3075,#3076,#3077,#3078,#3079,#3080,#3081,#3082,#3083),(#3084,#3085,
#3086,#3087,#3088,#3089,#3090,#3091,#3092,#3093,#3094,#3095,#3096),(#3097,
#3098,#3099,#3100,#3101,#3102,#3103,#3104,#3105,#3106,#3107,#3108,#3109)),
 .UNSPECIFIED.,.F.,.F.,.F.,(4,1,1,1,1,1,1,1,1,1,1,1,1,1,4),(4,1,1,1,1,1,
1,1,1,1,4),(-0.000134663817846466,4.19511202486173E-5,0.0002185660583437,
0.000571795934533866,0.0012782556869142,0.00269117519167486,0.00551701420119619,
0.00834285321071752,0.0111686922202389,0.0139945312297602,0.0154074507345208,
0.0168203702392815,0.0182332897440422,0.0196462092488028,0.0224720482583242),
(-0.00684205846291302,0.056085570191019,0.119013198844951,0.244868456152815,
0.370723713460679,0.496578970768544,0.622434228076408,0.748289485384272,
0.874144742692136,0.937072371346068,1.),.UNSPECIFIED.);
#1039=ADVANCED_FACE('',(#953,#954),#1025,.F.);
#1040=ADVANCED_FACE('',(#955),#1026,.F.);
#1041=ADVANCED_FACE('',(#956),#95,.F.);
#1042=ADVANCED_FACE('',(#957),#96,.F.);
#1043=ADVANCED_FACE('',(#958),#97,.F.);
#1044=ADVANCED_FACE('',(#959),#1027,.F.);
#1045=ADVANCED_FACE('',(#960),#1028,.T.);
#1046=ADVANCED_FACE('',(#961,#962),#98,.T.);
#1047=ADVANCED_FACE('',(#963),#99,.F.);
#1048=ADVANCED_FACE('',(#964),#1029,.F.);
#1049=ADVANCED_FACE('',(#965),#1030,.F.);
#1050=ADVANCED_FACE('',(#966),#1031,.T.);
#1051=ADVANCED_FACE('',(#967),#1032,.T.);
#1052=ADVANCED_FACE('',(#968,#969),#1033,.F.);
#1053=ADVANCED_FACE('',(#970),#1034,.F.);
#1054=ADVANCED_FACE('',(#971),#1035,.F.);
#1055=ADVANCED_FACE('',(#972),#1036,.F.);
#1056=ADVANCED_FACE('',(#973,#974),#52,.F.);
#1057=ADVANCED_FACE('',(#975),#100,.T.);
#1058=ADVANCED_FACE('',(#976),#53,.T.);
#1059=ADVANCED_FACE('',(#977,#978),#54,.T.);
#1060=ADVANCED_FACE('',(#979),#55,.T.);
#1061=ADVANCED_FACE('',(#980),#56,.T.);
#1062=ADVANCED_FACE('',(#981),#44,.T.);
#1063=ADVANCED_FACE('',(#982),#57,.T.);
#1064=ADVANCED_FACE('',(#983),#58,.T.);
#1065=ADVANCED_FACE('',(#984),#13,.T.);
#1066=ADVANCED_FACE('',(#985),#14,.T.);
#1067=ADVANCED_FACE('',(#986),#45,.T.);
#1068=ADVANCED_FACE('',(#987),#59,.T.);
#1069=ADVANCED_FACE('',(#988),#12,.T.);
#1070=ADVANCED_FACE('',(#989),#15,.T.);
#1071=ADVANCED_FACE('',(#990),#16,.T.);
#1072=ADVANCED_FACE('',(#991),#17,.T.);
#1073=ADVANCED_FACE('',(#992),#18,.T.);
#1074=ADVANCED_FACE('',(#993),#19,.T.);
#1075=ADVANCED_FACE('',(#994),#20,.T.);
#1076=ADVANCED_FACE('',(#995),#21,.T.);
#1077=ADVANCED_FACE('',(#996),#60,.T.);
#1078=ADVANCED_FACE('',(#997),#22,.T.);
#1079=ADVANCED_FACE('',(#998),#23,.T.);
#1080=ADVANCED_FACE('',(#999),#24,.T.);
#1081=ADVANCED_FACE('',(#1000),#25,.T.);
#1082=ADVANCED_FACE('',(#1001),#26,.T.);
#1083=ADVANCED_FACE('',(#1002),#27,.T.);
#1084=ADVANCED_FACE('',(#1003),#28,.T.);
#1085=ADVANCED_FACE('',(#1004),#29,.T.);
#1086=ADVANCED_FACE('',(#1005,#1006),#61,.F.);
#1087=ADVANCED_FACE('',(#1007,#1008),#62,.F.);
#1088=ADVANCED_FACE('',(#1009),#1037,.T.);
#1089=ADVANCED_FACE('',(#1010),#30,.T.);
#1090=ADVANCED_FACE('',(#1011),#1038,.T.);
#1091=ADVANCED_FACE('',(#1012),#31,.T.);
#1092=ADVANCED_FACE('',(#1013),#32,.T.);
#1093=ADVANCED_FACE('',(#1014),#33,.T.);
#1094=ADVANCED_FACE('',(#1015),#34,.T.);
#1095=ADVANCED_FACE('',(#1016),#35,.T.);
#1096=ADVANCED_FACE('',(#1017),#36,.F.);
#1097=ADVANCED_FACE('',(#1018),#37,.T.);
#1098=ADVANCED_FACE('',(#1019),#38,.T.);
#1099=ADVANCED_FACE('',(#1020),#39,.T.);
#1100=ADVANCED_FACE('',(#1021),#40,.T.);
#1101=ADVANCED_FACE('',(#1022),#41,.T.);
#1102=ADVANCED_FACE('',(#1023),#42,.T.);
#1103=ADVANCED_FACE('',(#1024),#43,.F.);
#1104=CLOSED_SHELL('',(#1039,#1040,#1041,#1042,#1043,#1044,#1045,#1046,
#1047,#1048,#1049,#1050,#1051,#1052,#1053,#1054,#1055,#1056,#1057,#1058,
#1059,#1060,#1061,#1062,#1063,#1064,#1065,#1066,#1067,#1068,#1069,#1070,
#1071,#1072,#1073,#1074,#1075,#1076,#1077,#1078,#1079,#1080,#1081,#1082,
#1083,#1084,#1085,#1086,#1087,#1088,#1089,#1090,#1091,#1092,#1093,#1094,
#1095,#1096,#1097,#1098,#1099,#1100,#1101,#1102,#1103));
#1105=STYLED_ITEM('',(#1106),#1113);
#1106=PRESENTATION_STYLE_ASSIGNMENT((#1107));
#1107=SURFACE_STYLE_USAGE(.BOTH.,#1108);
#1108=SURFACE_SIDE_STYLE('',(#1109));
#1109=SURFACE_STYLE_FILL_AREA(#1110);
#1110=FILL_AREA_STYLE('',(#1111));
#1111=FILL_AREA_STYLE_COLOUR('',#1112);
#1112=COLOUR_RGB('',0.615686274509804,0.811764705882353,0.929411764705882);
#1113=MANIFOLD_SOLID_BREP('Part 1',#1104);
#1114=SHAPE_DEFINITION_REPRESENTATION(#3474,#1115);
#1115=SHAPE_REPRESENTATION('Part 1',(#1116),#3469);
#1116=AXIS2_PLACEMENT_3D('',#1320,#1175,#1176);
#1117=AXIS2_PLACEMENT_3D('',#1449,#1180,#1181);
#1118=AXIS2_PLACEMENT_3D('',#1450,#1182,#1183);
#1119=AXIS2_PLACEMENT_3D('',#1455,#1185,#1186);
#1120=AXIS2_PLACEMENT_3D('',#1462,#1190,#1191);
#1121=AXIS2_PLACEMENT_3D('',#1472,#1196,#1197);
#1122=AXIS2_PLACEMENT_3D('',#1475,#1199,#1200);
#1123=AXIS2_PLACEMENT_3D('',#1605,#1204,#1205);
#1124=AXIS2_PLACEMENT_3D('',#1606,#1206,#1207);
#1125=AXIS2_PLACEMENT_3D('',#1639,#1210,#1211);
#1126=AXIS2_PLACEMENT_3D('',#1642,#1213,#1214);
#1127=AXIS2_PLACEMENT_3D('',#1940,#1223,#1224);
#1128=AXIS2_PLACEMENT_3D('',#1978,#1225,#1226);
#1129=AXIS2_PLACEMENT_3D('',#2050,#1228,#1229);
#1130=AXIS2_PLACEMENT_3D('',#2057,#1230,#1231);
#1131=AXIS2_PLACEMENT_3D('',#2058,#1232,#1233);
#1132=AXIS2_PLACEMENT_3D('',#2059,#1234,#1235);
#1133=AXIS2_PLACEMENT_3D('',#2060,#1236,#1237);
#1134=AXIS2_PLACEMENT_3D('',#2061,#1238,#1239);
#1135=AXIS2_PLACEMENT_3D('',#2062,#1240,#1241);
#1136=AXIS2_PLACEMENT_3D('',#2063,#1242,#1243);
#1137=AXIS2_PLACEMENT_3D('',#2077,#1244,#1245);
#1138=AXIS2_PLACEMENT_3D('',#2083,#1246,#1247);
#1139=AXIS2_PLACEMENT_3D('',#2084,#1248,#1249);
#1140=AXIS2_PLACEMENT_3D('',#2090,#1250,#1251);
#1141=AXIS2_PLACEMENT_3D('',#2091,#1252,#1253);
#1142=AXIS2_PLACEMENT_3D('',#2092,#1254,#1255);
#1143=AXIS2_PLACEMENT_3D('',#2093,#1256,#1257);
#1144=AXIS2_PLACEMENT_3D('',#2094,#1258,#1259);
#1145=AXIS2_PLACEMENT_3D('',#2095,#1260,#1261);
#1146=AXIS2_PLACEMENT_3D('',#2096,#1262,#1263);
#1147=AXIS2_PLACEMENT_3D('',#2097,#1264,#1265);
#1148=AXIS2_PLACEMENT_3D('',#2098,#1266,#1267);
#1149=AXIS2_PLACEMENT_3D('',#2104,#1268,#1269);
#1150=AXIS2_PLACEMENT_3D('',#2105,#1270,#1271);
#1151=AXIS2_PLACEMENT_3D('',#2106,#1272,#1273);
#1152=AXIS2_PLACEMENT_3D('',#2190,#1274,#1275);
#1153=AXIS2_PLACEMENT_3D('',#2191,#1276,#1277);
#1154=AXIS2_PLACEMENT_3D('',#2192,#1278,#1279);
#1155=AXIS2_PLACEMENT_3D('',#2193,#1280,#1281);
#1156=AXIS2_PLACEMENT_3D('',#2194,#1282,#1283);
#1157=AXIS2_PLACEMENT_3D('',#2195,#1284,#1285);
#1158=AXIS2_PLACEMENT_3D('',#2214,#1286,#1287);
#1159=AXIS2_PLACEMENT_3D('',#2280,#1288,#1289);
#1160=AXIS2_PLACEMENT_3D('',#2293,#1290,#1291);
#1161=AXIS2_PLACEMENT_3D('',#2430,#1292,#1293);
#1162=AXIS2_PLACEMENT_3D('',#2447,#1294,#1295);
#1163=AXIS2_PLACEMENT_3D('',#2464,#1296,#1297);
#1164=AXIS2_PLACEMENT_3D('',#2480,#1298,#1299);
#1165=AXIS2_PLACEMENT_3D('',#2496,#1300,#1301);
#1166=AXIS2_PLACEMENT_3D('',#2509,#1302,#1303);
#1167=AXIS2_PLACEMENT_3D('',#2566,#1304,#1305);
#1168=AXIS2_PLACEMENT_3D('',#2582,#1306,#1307);
#1169=AXIS2_PLACEMENT_3D('',#2595,#1308,#1309);
#1170=AXIS2_PLACEMENT_3D('',#2596,#1310,#1311);
#1171=AXIS2_PLACEMENT_3D('',#3359,#1312,#1313);
#1172=AXIS2_PLACEMENT_3D('',#3375,#1314,#1315);
#1173=AXIS2_PLACEMENT_3D('',#3415,#1316,#1317);
#1174=AXIS2_PLACEMENT_3D('',#3431,#1318,#1319);
#1175=DIRECTION('',(0.,0.,1.));
#1176=DIRECTION('',(1.,0.,0.));
#1177=DIRECTION('',(-1.95370236103934E-16,-1.,0.));
#1178=DIRECTION('',(-1.95370236103934E-16,-1.,0.));
#1179=DIRECTION('',(-1.95370236103934E-16,-1.,0.));
#1180=DIRECTION('',(0.,0.,1.));
#1181=DIRECTION('',(1.,0.,0.));
#1182=DIRECTION('',(0.,0.,1.));
#1183=DIRECTION('',(1.,0.,0.));
#1184=DIRECTION('',(0.,-1.,0.));
#1185=DIRECTION('',(0.,0.,1.));
#1186=DIRECTION('',(1.,0.,0.));
#1187=DIRECTION('',(1.,0.,0.));
#1188=DIRECTION('',(-1.95370236103934E-16,-1.,0.));
#1189=DIRECTION('',(1.,-1.95370236103934E-16,0.));
#1190=DIRECTION('',(1.,0.,0.));
#1191=DIRECTION('',(0.,0.,-1.));
#1192=DIRECTION('',(0.,-1.,0.));
#1193=DIRECTION('',(0.,0.,1.));
#1194=DIRECTION('',(0.,-1.,0.));
#1195=DIRECTION('',(0.,0.,1.));
#1196=DIRECTION('',(-1.,0.,0.));
#1197=DIRECTION('',(0.,0.,1.));
#1198=DIRECTION('',(0.,0.,1.));
#1199=DIRECTION('',(0.,0.,1.));
#1200=DIRECTION('',(1.,0.,0.));
#1201=DIRECTION('',(-1.95370236103934E-16,-1.,0.));
#1202=DIRECTION('',(0.,0.,1.));
#1203=DIRECTION('',(0.,0.,1.));
#1204=DIRECTION('',(-1.95370236103934E-16,-1.,0.));
#1205=DIRECTION('',(1.,-1.95370236103934E-16,0.));
#1206=DIRECTION('',(-1.95370236103934E-16,-1.,0.));
#1207=DIRECTION('',(1.,-1.95370236103934E-16,0.));
#1208=DIRECTION('',(1.,-1.95370236103934E-16,0.));
#1209=DIRECTION('',(0.,0.,1.));
#1210=DIRECTION('',(-1.95370236103934E-16,-1.,0.));
#1211=DIRECTION('',(1.,-1.95370236103934E-16,0.));
#1212=DIRECTION('',(0.,0.,1.));
#1213=DIRECTION('',(0.,-1.,0.));
#1214=DIRECTION('',(0.,0.,-1.));
#1215=DIRECTION('',(0.,0.,1.));
#1216=DIRECTION('',(1.,0.,0.));
#1217=DIRECTION('',(0.,0.,1.));
#1218=DIRECTION('',(0.,0.,1.));
#1219=DIRECTION('',(0.,0.,1.));
#1220=DIRECTION('',(0.,0.,1.));
#1221=DIRECTION('',(-1.95370236103934E-16,-1.,0.));
#1222=DIRECTION('',(-1.95370236103934E-16,-1.,0.));
#1223=DIRECTION('',(-0.717779276510238,0.694975151079703,0.0424552658004063));
#1224=DIRECTION('',(-0.69560232788762,-0.718427032785741,0.));
#1225=DIRECTION('',(-0.71778911114252,-0.694964823064855,0.0424580572761586));
#1226=DIRECTION('',(0.695592073140478,-0.7184369615938,0.));
#1227=DIRECTION('',(-1.95370236103934E-16,-1.,0.));
#1228=DIRECTION('',(-1.,0.,0.));
#1229=DIRECTION('',(0.,0.,1.));
#1230=DIRECTION('',(-1.,0.,0.));
#1231=DIRECTION('',(0.,0.,1.));
#1232=DIRECTION('',(-1.,0.,0.));
#1233=DIRECTION('',(0.,0.,1.));
#1234=DIRECTION('',(-1.,0.,0.));
#1235=DIRECTION('',(0.,-1.,0.));
#1236=DIRECTION('',(-1.95370236103934E-16,-1.,0.));
#1237=DIRECTION('',(1.,-1.95370236103934E-16,0.));
#1238=DIRECTION('',(1.58549655895829E-16,0.811534341451494,-0.584304725845076));
#1239=DIRECTION('',(0.,0.584304725845076,0.811534341451495));
#1240=DIRECTION('',(-1.95370236103934E-16,-1.,0.));
#1241=DIRECTION('',(1.,-1.95370236103934E-16,0.));
#1242=DIRECTION('',(0.,0.,1.));
#1243=DIRECTION('',(1.,0.,0.));
#1244=DIRECTION('',(1.14155752244997E-16,0.584304725845076,-0.811534341451494));
#1245=DIRECTION('',(0.,0.811534341451494,0.584304725845076));
#1246=DIRECTION('',(0.,0.,1.));
#1247=DIRECTION('',(1.,0.,0.));
#1248=DIRECTION('',(1.,0.,0.));
#1249=DIRECTION('',(0.,0.,-1.));
#1250=DIRECTION('',(-0.973323066778954,0.229438897478202,0.));
#1251=DIRECTION('',(-0.229438897478202,-0.973323066778954,0.));
#1252=DIRECTION('',(-1.,0.,0.));
#1253=DIRECTION('',(0.,0.,1.));
#1254=DIRECTION('',(-1.95370236103934E-16,-1.,0.));
#1255=DIRECTION('',(1.,-1.95370236103934E-16,0.));
#1256=DIRECTION('',(-0.229438897478198,0.973323066778954,0.));
#1257=DIRECTION('',(-0.973323066778954,-0.229438897478198,0.));
#1258=DIRECTION('',(0.229438897478198,0.973323066778954,0.));
#1259=DIRECTION('',(-0.973323066778954,0.229438897478198,0.));
#1260=DIRECTION('',(0.,0.,1.));
#1261=DIRECTION('',(1.,0.,0.));
#1262=DIRECTION('',(0.,-1.,0.));
#1263=DIRECTION('',(0.,0.,-1.));
#1264=DIRECTION('',(-1.,1.95370236103934E-16,0.));
#1265=DIRECTION('',(-1.95370236103934E-16,-1.,0.));
#1266=DIRECTION('',(0.973323066778953,0.229438897478202,0.));
#1267=DIRECTION('',(-0.229438897478202,0.973323066778954,0.));
#1268=DIRECTION('',(1.,0.,0.));
#1269=DIRECTION('',(0.,0.,-1.));
#1270=DIRECTION('',(0.,-1.,0.));
#1271=DIRECTION('',(0.,0.,-1.));
#1272=DIRECTION('',(0.,1.,0.));
#1273=DIRECTION('',(0.,0.,1.));
#1274=DIRECTION('',(-0.999769040370531,0.,-0.0214910659713927));
#1275=DIRECTION('',(-0.0214910659713927,0.,0.999769040370531));
#1276=DIRECTION('',(-1.95370236103934E-16,-1.,0.));
#1277=DIRECTION('',(1.,-1.95370236103934E-16,0.));
#1278=DIRECTION('',(0.,0.,-1.));
#1279=DIRECTION('',(-1.,0.,0.));
#1280=DIRECTION('',(0.,0.,-1.));
#1281=DIRECTION('',(-1.,0.,0.));
#1282=DIRECTION('',(0.,0.,1.));
#1283=DIRECTION('',(1.,0.,0.));
#1284=DIRECTION('',(0.,0.,1.));
#1285=DIRECTION('',(1.,0.,0.));
#1286=DIRECTION('',(-0.747701942763582,2.43275458581948E-15,0.664034490661115));
#1287=DIRECTION('',(0.664034490661115,0.,0.747701942763582));
#1288=DIRECTION('',(-0.999772918805423,0.,-0.0213098761912344));
#1289=DIRECTION('',(-0.0213098761912344,0.,0.999772918805423));
#1290=DIRECTION('',(-0.999538240694231,-0.0214861046944587,-0.0214861046944587));
#1291=DIRECTION('',(0.021491065971383,-0.999769040370532,0.));
#1292=DIRECTION('',(0.478292465408862,0.,-0.878200613489374));
#1293=DIRECTION('',(-0.878200613489374,0.,-0.478292465408862));
#1294=DIRECTION('',(0.,0.,1.));
#1295=DIRECTION('',(1.,0.,0.));
#1296=DIRECTION('',(0.653036155007501,0.653036155007565,0.383519961026744));
#1297=DIRECTION('',(-0.707106781186582,0.707106781186513,0.));
#1298=DIRECTION('',(0.863628568755689,-4.59067613212437E-15,0.504128649482451));
#1299=DIRECTION('',(0.504128649482451,0.,-0.863628568755689));
#1300=DIRECTION('',(0.992007519365252,2.71001375147783E-14,0.126178768114129));
#1301=DIRECTION('',(0.126178768114129,0.,-0.992007519365252));
#1302=DIRECTION('',(0.97553333048095,-0.183314117944969,0.121369910945026));
#1303=DIRECTION('',(0.184679388637343,0.982798821434243,0.));
#1304=DIRECTION('',(-0.863628568755689,0.,-0.504128649482451));
#1305=DIRECTION('',(-0.504128649482451,0.,0.863628568755689));
#1306=DIRECTION('',(-0.653036155007462,0.653036155007628,-0.383519961026702));
#1307=DIRECTION('',(-0.707106781186637,-0.707106781186458,0.));
#1308=DIRECTION('',(-1.95370236103934E-16,-1.,0.));
#1309=DIRECTION('',(1.,-1.95370236103934E-16,0.));
#1310=DIRECTION('',(-1.95370236103934E-16,-1.,0.));
#1311=DIRECTION('',(1.,-1.95370236103934E-16,0.));
#1312=DIRECTION('',(0.88615495729869,0.101183036031342,-0.452207236645365));
#1313=DIRECTION('',(-0.454540014631357,0.,-0.890726318853847));
#1314=DIRECTION('',(0.822106879708783,0.151807833312592,-0.548720930966211));
#1315=DIRECTION('',(-0.555155164254686,0.,-0.831746802579579));
#1316=DIRECTION('',(-0.822106879708784,0.151807833312584,0.548720930966212));
#1317=DIRECTION('',(0.555155164254686,0.,0.831746802579579));
#1318=DIRECTION('',(-0.886154957298655,0.101183036033286,0.452207236645));
#1319=DIRECTION('',(0.45454001463108,0.,0.890726318853988));
#1320=CARTESIAN_POINT('',(0.,0.,0.));
#1321=CARTESIAN_POINT('',(-0.0396272939790341,0.013051102617837,-0.0244196649368245));
#1322=CARTESIAN_POINT('',(-0.0396272939790341,-0.013051102617837,-0.0244196649368245));
#1323=CARTESIAN_POINT('',(-0.0560701495211418,0.013051102617837,-0.0216954454067841));
#1324=CARTESIAN_POINT('',(-0.0560701495211419,-0.013051102617837,-0.0216954454067841));
#1325=CARTESIAN_POINT('',(-0.0742976733802699,0.013051102617837,-0.026209790647052));
#1326=CARTESIAN_POINT('',(-0.0742976733802699,-0.013051102617837,-0.026209790647052));
#1327=CARTESIAN_POINT('',(-0.0943098655564182,0.0130511026178371,-0.0379627006576282));
#1328=CARTESIAN_POINT('',(-0.0943098655564182,-0.013051102617837,-0.0379627006576282));
#1329=CARTESIAN_POINT('',(-0.0508,-1.01159112259124E-17,-0.0236743890529819));
#1330=CARTESIAN_POINT('',(-0.0508,0.00723576368678173,-0.0236743890529819));
#1331=CARTESIAN_POINT('',(-0.0508,-0.00723576368675261,-0.0236743890529819));
#1332=CARTESIAN_POINT('',(-0.0508,0.00723576368678173,-0.0236743890529819));
#1333=CARTESIAN_POINT('',(-0.052650186548567,0.00719183697096196,-0.023725701283614));
#1334=CARTESIAN_POINT('',(-0.0553972088669718,0.00702325439659832,-0.023926000372389));
#1335=CARTESIAN_POINT('',(-0.0590016577472074,0.00654371105890374,-0.0244099371500771));
#1336=CARTESIAN_POINT('',(-0.0616704824901004,0.00602355040482481,-0.0248732296572974));
#1337=CARTESIAN_POINT('',(-0.0643056454702439,0.00527902550825594,-0.0254309822091217));
#1338=CARTESIAN_POINT('',(-0.0663698812858199,0.00441779311872206,-0.0259419588265899));
#1339=CARTESIAN_POINT('',(-0.0679088648367011,0.00348290887205498,-0.0263589737102249));
#1340=CARTESIAN_POINT('',(-0.0689747760749388,0.00259452875188411,-0.0266638828960966));
#1341=CARTESIAN_POINT('',(-0.06982365967057,0.00148134075574229,-0.0269181365258632));
#1342=CARTESIAN_POINT('',(-0.0702246836398713,8.93328917015991E-5,-0.0270419278320412));
#1343=CARTESIAN_POINT('',(-0.0699029531612273,-0.00132915889537725,-0.0269424169218104));
#1344=CARTESIAN_POINT('',(-0.0690891049493337,-0.0024748606717397,-0.0266975479829828));
#1345=CARTESIAN_POINT('',(-0.068052814640243,-0.00338003295206379,-0.0263992647312965));
#1346=CARTESIAN_POINT('',(-0.0665076368808768,-0.00435295526770999,-0.0259774071915508));
#1347=CARTESIAN_POINT('',(-0.0644112756422749,-0.00524371908306503,-0.0254551038065828));
#1348=CARTESIAN_POINT('',(-0.061779325429441,-0.00599790697478283,-0.0248943295908043));
#1349=CARTESIAN_POINT('',(-0.059098809195501,-0.00652848548408449,-0.0244246860816603));
#1350=CARTESIAN_POINT('',(-0.055452431642874,-0.00701977252553979,-0.0239303160914907));
#1351=CARTESIAN_POINT('',(-0.0526627986965188,-0.00719153753613293,-0.0237260510631781));
#1352=CARTESIAN_POINT('',(-0.0508,-0.00723576368675261,-0.0236743890529819));
#1353=CARTESIAN_POINT('',(-0.0570130260097358,0.0130336262204142,-0.0241506850227771));
#1354=CARTESIAN_POINT('',(-0.0561624066051041,0.0128719988989217,-0.0240448561411157));
#1355=CARTESIAN_POINT('',(-0.0546421189212386,0.0121189413436171,-0.0238861065160911));
#1356=CARTESIAN_POINT('',(-0.0525073438949917,0.0106877343144819,-0.0237338633964106));
#1357=CARTESIAN_POINT('',(-0.0505111348261743,0.00909095589236817,-0.0236567108113055));
#1358=CARTESIAN_POINT('',(-0.0479378127703542,0.00683336370859439,-0.0236386139341001));
#1359=CARTESIAN_POINT('',(-0.044889300964894,0.00383825210077743,-0.0237615923509742));
#1360=CARTESIAN_POINT('',(-0.0424784411344921,0.00142576485736265,-0.0240087175817638));
#1361=CARTESIAN_POINT('',(-0.0412724963823808,0.000224243657015927,-0.0241720528518947));
#1362=CARTESIAN_POINT('',(-0.0570130260097358,0.0130336262204142,-0.0241506850227771));
#1363=CARTESIAN_POINT('',(-0.0412724963823808,0.000224243657015932,-0.0241720528518947));
#1364=CARTESIAN_POINT('',(-0.0412724963823808,0.000224243657015932,-0.0241720528518947));
#1365=CARTESIAN_POINT('',(-0.0408222958449635,0.000117945902154173,-0.0242330288015083));
#1366=CARTESIAN_POINT('',(-0.0403720056842506,2.15239215997719E-5,-0.0242995447118353));
#1367=CARTESIAN_POINT('',(-0.0399216905958679,-6.53898724887585E-5,-0.0243716939134578));
#1368=CARTESIAN_POINT('',(-0.0399216905958679,-6.53898724887677E-5,-0.0243716939134578));
#1369=CARTESIAN_POINT('',(-0.0399216905958679,-6.53898724887635E-5,-0.0243716939134578));
#1370=CARTESIAN_POINT('',(-0.0411012570290482,-0.00122499615050426,-0.0241827045177876));
#1371=CARTESIAN_POINT('',(-0.0434664074893681,-0.00354692502811599,-0.0238815665415386));
#1372=CARTESIAN_POINT('',(-0.0470185812418711,-0.00705338780846284,-0.0236495334348289));
#1373=CARTESIAN_POINT('',(-0.0507730262437848,-0.0103427443360981,-0.0236334751473346));
#1374=CARTESIAN_POINT('',(-0.0534784596809769,-0.0123083565319538,-0.0237890661903016));
#1375=CARTESIAN_POINT('',(-0.0549567717488459,-0.0130511026178229,-0.0239268321519034));
#1376=CARTESIAN_POINT('',(-0.0549567717488459,-0.0130511026178229,-0.0239268321519033));
#1377=CARTESIAN_POINT('',(-0.0549567717488459,-0.013051102617837,-0.0239268321519033));
#1378=CARTESIAN_POINT('',(-0.0584392382400163,-0.013051102617837,-0.02425136805696));
#1379=CARTESIAN_POINT('',(-0.0653506005754304,-0.013051102617837,-0.0254565101722581));
#1380=CARTESIAN_POINT('',(-0.0786543614800454,-0.013051102617837,-0.0296369949170897));
#1381=CARTESIAN_POINT('',(-0.0879476951705325,-0.013051102617837,-0.0342482783752951));
#1382=CARTESIAN_POINT('',(-0.0939654791418974,-0.013051102617837,-0.0377610585404214));
#1383=CARTESIAN_POINT('',(-0.0939654791418974,-0.013051102617837,-0.0377610585404214));
#1384=CARTESIAN_POINT('',(-0.0939654791418974,-0.013051102617837,-0.0377610585404214));
#1385=CARTESIAN_POINT('',(-0.0940878431888578,-0.013051102617837,-0.0378324864944876));
#1386=CARTESIAN_POINT('',(-0.0942166566978377,-0.0130287747047866,-0.0379079602615016));
#1387=CARTESIAN_POINT('',(-0.0943098655564182,-0.0129350965838588,-0.0379627006576282));
#1388=CARTESIAN_POINT('',(-0.0943098655564182,-0.0129350965838588,-0.0379627006576281));
#1389=CARTESIAN_POINT('',(-0.0943098655564182,-0.013813102617837,-0.0379627006576281));
#1390=CARTESIAN_POINT('',(-0.0943098655564182,0.0129350965838586,-0.0379627006576281));
#1391=CARTESIAN_POINT('',(-0.0943098655564182,0.0129350965838586,-0.0379627006576281));
#1392=CARTESIAN_POINT('',(-0.0942168249513506,0.013028605604197,-0.0379080590746839));
#1393=CARTESIAN_POINT('',(-0.0940878669027952,0.013051102617837,-0.0378325003370996));
#1394=CARTESIAN_POINT('',(-0.0939654791418974,0.013051102617837,-0.0377610585404214));
#1395=CARTESIAN_POINT('',(-0.0939654791418974,0.013051102617837,-0.0377610585404214));
#1396=CARTESIAN_POINT('',(-0.0939654791418974,0.013051102617837,-0.0377610585404214));
#1397=CARTESIAN_POINT('',(-0.0911176016263476,0.013051102617837,-0.0360986579462938));
#1398=CARTESIAN_POINT('',(-0.0853185410884415,0.0130511026178371,-0.0329623689416036));
#1399=CARTESIAN_POINT('',(-0.0732233779543348,0.013051102617837,-0.0276291949231637));
#1400=CARTESIAN_POINT('',(-0.0637598527389057,0.013051102617837,-0.0250085921973349));
#1401=CARTESIAN_POINT('',(-0.0571985901299038,0.013051102617837,-0.0241740299413886));
#1402=CARTESIAN_POINT('',(-0.0571985901299038,0.013051102617837,-0.0241740299413886));
#1403=CARTESIAN_POINT('',(-0.0571985901299038,0.013051102617837,-0.0241740299413886));
#1404=CARTESIAN_POINT('',(-0.0571362060707736,0.013051102617837,-0.0241660949776132));
#1405=CARTESIAN_POINT('',(-0.0570743510482385,0.0130452786723329,-0.0241583147102816));
#1406=CARTESIAN_POINT('',(-0.0570130260097358,0.0130336262204141,-0.0241506850227771));
#1407=CARTESIAN_POINT('',(-0.0237362150052939,0.00132585310350284,-0.0203474757140598));
#1408=CARTESIAN_POINT('',(-0.0237362150052939,-0.00129855993149038,-0.0203474757140598));
#1409=CARTESIAN_POINT('',(-0.0179407180494141,0.00132585310350284,-0.0213474545752526));
#1410=CARTESIAN_POINT('',(-0.0179407180494141,-0.00129855993149038,-0.0213474545752526));
#1411=CARTESIAN_POINT('',(-0.0117005165246292,0.00132585310350284,-0.0219033809854203));
#1412=CARTESIAN_POINT('',(-0.0117005165246292,-0.00129855993149038,-0.0219033809854203));
#1413=CARTESIAN_POINT('',(-0.00501561043093904,0.00132585310350284,-0.0220152549445629));
#1414=CARTESIAN_POINT('',(-0.00501561043093904,-0.00129855993149038,-0.0220152549445629));
#1415=CARTESIAN_POINT('',(-0.00501561043093903,0.042828897382163,-0.0220152549445629));
#1416=CARTESIAN_POINT('',(-0.00501561043093904,0.000947972479442796,-0.0220152549445629));
#1417=CARTESIAN_POINT('',(-0.00501561043093904,-0.00094797247944222,-0.0220152549445629));
#1418=CARTESIAN_POINT('',(-0.00501561043093904,0.000947972479442796,-0.0220152549445629));
#1419=CARTESIAN_POINT('',(-0.00501561043093905,0.000961933920804705,-0.0220152549445629));
#1420=CARTESIAN_POINT('',(-0.00501934593061939,0.000975394538362383,-0.0220151925060033));
#1421=CARTESIAN_POINT('',(-0.0050253930733027,0.000987784399917053,-0.0220150909067191));
#1422=CARTESIAN_POINT('',(-0.00502539307330188,0.000987784399916979,-0.0220150909067191));
#1423=CARTESIAN_POINT('',(-0.00502539307330188,0.00098778439991698,-0.0220150909067191));
#1424=CARTESIAN_POINT('',(-0.00774989778210796,0.00119450075907501,-0.0219693159444308));
#1425=CARTESIAN_POINT('',(-0.0131811766934826,0.00141590637818548,-0.0217285089715179));
#1426=CARTESIAN_POINT('',(-0.0185664643104652,0.00103855987731939,-0.021141170818688));
#1427=CARTESIAN_POINT('',(-0.0212394002399553,0.000475020170270714,-0.0207467573722366));
#1428=CARTESIAN_POINT('',(-0.0212394329189324,0.000475178545437362,-0.0207467525501824));
#1429=CARTESIAN_POINT('',(-0.0212394337494327,0.000475178361012286,-0.0207467524276351));
#1430=CARTESIAN_POINT('',(-0.0220345912402073,0.000298601684046349,-0.0206294202113925));
#1431=CARTESIAN_POINT('',(-0.022832207370607,0.000139740459053118,-0.0205025443212333));
#1432=CARTESIAN_POINT('',(-0.0236324707695844,-1.70891129380935E-18,-0.0203653205950878));
#1433=CARTESIAN_POINT('',(-0.0236324707695844,4.27227823452337E-19,-0.0203653205950878));
#1434=CARTESIAN_POINT('',(-0.0236324707695844,9.07503302116892E-18,-0.0203653205950878));
#1435=CARTESIAN_POINT('',(-0.0228321811928133,-0.000139745030169213,-0.0205025488100234));
#1436=CARTESIAN_POINT('',(-0.0220344140616091,-0.000298641029218186,-0.0206294463555939));
#1437=CARTESIAN_POINT('',(-0.0212394337494338,-0.000475178361012028,-0.0207467524276349));
#1438=CARTESIAN_POINT('',(-0.0212394329195083,-0.000475178545437164,-0.0207467525540855));
#1439=CARTESIAN_POINT('',(-0.0212394002399553,-0.000475020170270708,-0.0207467573722366));
#1440=CARTESIAN_POINT('',(-0.018576100112006,-0.00103652834462847,-0.0211397489779208));
#1441=CARTESIAN_POINT('',(-0.013197461612538,-0.00141670041881471,-0.0217276832095427));
#1442=CARTESIAN_POINT('',(-0.00774723089170266,-0.00119429841408622,-0.0219693607514033));
#1443=CARTESIAN_POINT('',(-0.00502539307330236,-0.000987784399917055,-0.0220150909067191));
#1444=CARTESIAN_POINT('',(-0.00502539307330236,-0.000987784399917012,-0.0220150909067191));
#1445=CARTESIAN_POINT('',(-0.0050156104309392,-0.00094797247944222,-0.0220152549445629));
#1446=CARTESIAN_POINT('',(-0.00501561043093912,-0.000961933920804177,-0.0220152549445629));
#1447=CARTESIAN_POINT('',(-0.00501934593061758,-0.000975394538362547,-0.0220151925060043));
#1448=CARTESIAN_POINT('',(-0.0050253930733018,-0.000987784399916981,-0.0220150909067191));
#1449=CARTESIAN_POINT('',(0.,-3.46944695195361E-18,-0.0381));
#1450=CARTESIAN_POINT('',(-0.1001776,-0.012390702617837,-0.0381));
#1451=CARTESIAN_POINT('',(-0.10060297357103,-0.012390702617837,-0.0381));
#1452=CARTESIAN_POINT('',(-0.1001776,-0.0128160761888666,-0.0381));
#1453=CARTESIAN_POINT('',(-0.10060297357103,-3.46944695195361E-18,-0.0381));
#1454=CARTESIAN_POINT('',(-0.10060297357103,0.00873310261783702,-0.0381));
#1455=CARTESIAN_POINT('',(-0.09652,0.00873310261783702,-0.0381));
#1456=CARTESIAN_POINT('',(-0.09652,0.0128160761888666,-0.0381));
#1457=CARTESIAN_POINT('',(0.,0.0128160761888666,-0.0381));
#1458=CARTESIAN_POINT('',(-0.0948147725148118,0.0128160761888666,-0.0381));
#1459=CARTESIAN_POINT('',(-0.0948147725148118,1.5054537540406E-17,-0.0381));
#1460=CARTESIAN_POINT('',(-0.0948147725148118,-0.0128160761888666,-0.0381));
#1461=CARTESIAN_POINT('',(-0.1016,-0.0128160761888666,-0.0381));
#1462=CARTESIAN_POINT('',(-0.1016,-3.46944695195361E-18,0.0381));
#1463=CARTESIAN_POINT('',(-0.1016,-3.46944695195361E-18,-0.0371029735710296));
#1464=CARTESIAN_POINT('',(-0.1016,0.00873310261783702,-0.0371029735710296));
#1465=CARTESIAN_POINT('',(-0.1016,-0.012390702617837,-0.0371029735710296));
#1466=CARTESIAN_POINT('',(-0.1016,-0.012390702617837,-0.00180573204854673));
#1467=CARTESIAN_POINT('',(-0.1016,-0.012390702617837,-0.00180573204854673));
#1468=CARTESIAN_POINT('',(-0.1016,-3.46944695195361E-18,-0.00180573204854673));
#1469=CARTESIAN_POINT('',(-0.1016,0.00873310261783702,-0.00180573204854673));
#1470=CARTESIAN_POINT('',(-0.1016,0.00873310261783702,0.0381));
#1471=CARTESIAN_POINT('',(-0.1016,0.00873310261783702,-0.013677650171954));
#1472=CARTESIAN_POINT('',(-0.1016,1.45595341338733E-14,-0.0174800893452457));
#1473=CARTESIAN_POINT('',(-0.1016,0.00873310261783702,-0.0212825285185372));
#1474=CARTESIAN_POINT('',(-0.1016,0.00873310261783702,0.0381));
#1475=CARTESIAN_POINT('',(0.,-3.46944695195361E-18,-0.0381));
#1476=CARTESIAN_POINT('',(-0.0107802260377293,0.00126125189174588,-0.0381));
#1477=CARTESIAN_POINT('',(-0.00576998327727071,0.00116886985547257,-0.0381));
#1478=CARTESIAN_POINT('',(-0.000793845131366425,0.000669598404983808,-0.0381));
#1479=CARTESIAN_POINT('',(0.00416769549336659,4.33680868994202E-19,-0.0381));
#1480=CARTESIAN_POINT('',(-0.0107802260377293,0.00126125189174588,-0.0381));
#1481=CARTESIAN_POINT('',(0.00416769549336658,-4.33680868994202E-19,-0.0381));
#1482=CARTESIAN_POINT('',(0.00416769549336659,-4.33680868994202E-19,-0.0381));
#1483=CARTESIAN_POINT('',(-0.000793845131366425,-0.000669598404983808,-0.0381));
#1484=CARTESIAN_POINT('',(-0.00576998327727071,-0.00116886985547257,-0.0381));
#1485=CARTESIAN_POINT('',(-0.0107802260377293,-0.00126125189174588,-0.0381));
#1486=CARTESIAN_POINT('',(-0.0107802260377293,-0.00126125189174588,-0.0381));
#1487=CARTESIAN_POINT('',(-0.0107802260377292,0.042828897382163,-0.0381));
#1488=CARTESIAN_POINT('',(-0.022423479706049,0.00372199132107199,-0.0347787468000006));
#1489=CARTESIAN_POINT('',(-0.022423479706049,0.00372199132107199,-0.023963434229796));
#1490=CARTESIAN_POINT('',(-0.0141174643850774,0.00542968477100884,-0.0347787468000006));
#1491=CARTESIAN_POINT('',(-0.0141174643850774,0.00542968477100884,-0.023963434229796));
#1492=CARTESIAN_POINT('',(-0.00109657404976454,0.004636290045347,-0.0347787468000006));
#1493=CARTESIAN_POINT('',(-0.00109657404976454,0.004636290045347,-0.023963434229796));
#1494=CARTESIAN_POINT('',(0.0166391912998902,0.00134180714408633,-0.0347787468000006));
#1495=CARTESIAN_POINT('',(0.0166391912998902,0.00134180714408633,-0.023963434229796));
#1496=CARTESIAN_POINT('',(-0.0224234797060489,0.00372199132107198,-0.0240279390761392));
#1497=CARTESIAN_POINT('',(-0.0214764417032241,0.0039166996778194,-0.0241532968822446));
#1498=CARTESIAN_POINT('',(-0.0195419272157662,0.00422380055031449,-0.0243935327635857));
#1499=CARTESIAN_POINT('',(-0.0156849643519352,0.00457362253096054,-0.0247970995519522));
#1500=CARTESIAN_POINT('',(-0.00886068315112614,0.00467532658519507,-0.0253167053438817));
#1501=CARTESIAN_POINT('',(-0.00298081609302426,0.00419777673817112,-0.0253660046026593));
#1502=CARTESIAN_POINT('',(0.000912654002856007,0.00375321213718205,-0.0254298754578908));
#1503=CARTESIAN_POINT('',(-0.0224234796555027,0.00372199107543513,-0.0240303709792989));
#1504=CARTESIAN_POINT('',(0.000912654002856028,0.00375321213718204,-0.0254298754578908));
#1505=CARTESIAN_POINT('',(0.000912654002856023,0.00375321213718204,-0.0254298754578908));
#1506=CARTESIAN_POINT('',(0.00361023931476396,0.00344519617499677,-0.0267960587513195));
#1507=CARTESIAN_POINT('',(0.0087874532326081,0.00272715122105494,-0.0298620098853391));
#1508=CARTESIAN_POINT('',(0.0138259290964386,0.00186146984546023,-0.0331194883107592));
#1509=CARTESIAN_POINT('',(0.0163223547126048,0.00140048724919432,-0.0347787468));
#1510=CARTESIAN_POINT('',(0.0163223547126048,0.00140048724919432,-0.0347787468));
#1511=CARTESIAN_POINT('',(0.0163223547126048,0.00140048724919431,-0.0347787468));
#1512=CARTESIAN_POINT('',(0.0105956171295423,0.00245796973218052,-0.0347787468));
#1513=CARTESIAN_POINT('',(0.00483403248917801,0.00336285852236188,-0.0347787468));
#1514=CARTESIAN_POINT('',(-0.0009518779694245,0.00395526672140368,-0.0347787468));
#1515=CARTESIAN_POINT('',(-0.000951877969424498,0.00395526672140369,-0.0347787468));
#1516=CARTESIAN_POINT('',(-0.000951877969424494,0.00395526672140368,-0.0347787468));
#1517=CARTESIAN_POINT('',(-0.00095867052047384,0.00395596219758895,-0.034447876323627));
#1518=CARTESIAN_POINT('',(-0.00124121559090145,0.00398521942038879,-0.033801927362904));
#1519=CARTESIAN_POINT('',(-0.00222037402016427,0.00408109423786734,-0.0334017276960471));
#1520=CARTESIAN_POINT('',(-0.00320184776017339,0.00416901160793413,-0.0338000449446541));
#1521=CARTESIAN_POINT('',(-0.00348460108726436,0.00419256081914789,-0.0344503481941764));
#1522=CARTESIAN_POINT('',(-0.00349134289245353,0.00419313106416738,-0.0347787468000005));
#1523=CARTESIAN_POINT('',(-0.00349134289245469,0.00419313106416745,-0.0347787468000006));
#1524=CARTESIAN_POINT('',(-0.00349134289245469,0.00419313106416748,-0.0347787468));
#1525=CARTESIAN_POINT('',(-0.00694248779222264,0.0044850407434628,-0.0347787468));
#1526=CARTESIAN_POINT('',(-0.0104021590632593,0.00465412100420669,-0.0347787468));
#1527=CARTESIAN_POINT('',(-0.0138787441420117,0.00457954389867731,-0.0347787468));
#1528=CARTESIAN_POINT('',(-0.0138787441420117,0.00457954389867731,-0.034778746799986));
#1529=CARTESIAN_POINT('',(-0.0138787441420116,0.00457954389867732,-0.0347787467999859));
#1530=CARTESIAN_POINT('',(-0.0145856011039548,0.00456438093126795,-0.0341089233581468));
#1531=CARTESIAN_POINT('',(-0.0156502812961268,0.00452573336064523,-0.0331084690776096));
#1532=CARTESIAN_POINT('',(-0.0170774793030631,0.00443552501548833,-0.0317857880861301));
#1533=CARTESIAN_POINT('',(-0.0181516923504861,0.00434634838633058,-0.0307995222003875));
#1534=CARTESIAN_POINT('',(-0.0190499378351497,0.00425201791939479,-0.0299824942051284));
#1535=CARTESIAN_POINT('',(-0.0197697127391508,0.00416311735571424,-0.0293321825819973));
#1536=CARTESIAN_POINT('',(-0.0203100431021861,0.00408931303938621,-0.0288459872234298));
#1537=CARTESIAN_POINT('',(-0.020850847543639,0.00400791118528138,-0.0283612558301286));
#1538=CARTESIAN_POINT('',(-0.0213009105645907,0.00393351354505274,-0.027958241044642));
#1539=CARTESIAN_POINT('',(-0.0216612396942947,0.00386964256177919,-0.0276360370769743));
#1540=CARTESIAN_POINT('',(-0.0219277686474402,0.00382028429159158,-0.027393044574377));
#1541=CARTESIAN_POINT('',(-0.0221568348756469,0.00377580330178172,-0.0271910281103545));
#1542=CARTESIAN_POINT('',(-0.0223155248084873,0.00374411706999956,-0.0270193638184012));
#1543=CARTESIAN_POINT('',(-0.022423479706049,0.00372199132107197,-0.0269350433757081));
#1544=CARTESIAN_POINT('',(-0.0224234797060489,0.00372199132107198,-0.0268718486370478));
#1545=CARTESIAN_POINT('',(-0.0224234797060489,0.00372199132107198,-0.0268718486370478));
#1546=CARTESIAN_POINT('',(-0.0224234797060489,0.00372199132107198,-0.063246));
#1547=CARTESIAN_POINT('',(-0.0224234797060489,-0.00372199132107198,-0.0347787468));
#1548=CARTESIAN_POINT('',(-0.0224234797060489,-0.00372199132107198,-0.023963434229796));
#1549=CARTESIAN_POINT('',(-0.0141174643854287,-0.00542968477093661,-0.0347787468));
#1550=CARTESIAN_POINT('',(-0.0141174643854287,-0.00542968477093661,-0.023963434229796));
#1551=CARTESIAN_POINT('',(-0.00109657405086583,-0.00463629004541408,-0.0347787468));
#1552=CARTESIAN_POINT('',(-0.00109657405086583,-0.00463629004541408,-0.023963434229796));
#1553=CARTESIAN_POINT('',(0.0166391912976397,-0.00134180714450438,-0.0347787468));
#1554=CARTESIAN_POINT('',(0.0166391912976397,-0.00134180714450438,-0.023963434229796));
#1555=CARTESIAN_POINT('',(-0.0009518779694245,-0.00395526672140368,-0.0347787468));
#1556=CARTESIAN_POINT('',(0.00483499867488552,-0.00336275959647303,-0.0347787468));
#1557=CARTESIAN_POINT('',(0.0105957885959748,-0.00245793806969447,-0.0347787468));
#1558=CARTESIAN_POINT('',(0.0163223547126049,-0.0014004872491943,-0.0347787468));
#1559=CARTESIAN_POINT('',(-0.0009518779694245,-0.00395526672140369,-0.0347787467999998));
#1560=CARTESIAN_POINT('',(0.0163223547126049,-0.00140048724919431,-0.0347787468));
#1561=CARTESIAN_POINT('',(0.0163223547126048,-0.00140048724919431,-0.0347787468));
#1562=CARTESIAN_POINT('',(0.0138259290964379,-0.00186146984544101,-0.0331194883107591));
#1563=CARTESIAN_POINT('',(0.00878745323261172,-0.00272715122106395,-0.0298620098853413));
#1564=CARTESIAN_POINT('',(0.00361023931477568,-0.00344519617499516,-0.0267960587513263));
#1565=CARTESIAN_POINT('',(0.000912654002869779,-0.00375321213718048,-0.0254298754578977));
#1566=CARTESIAN_POINT('',(0.000912654002868427,-0.00375321213718063,-0.025429875457891));
#1567=CARTESIAN_POINT('',(0.000912654002868428,-0.00375321213718063,-0.025429875457891));
#1568=CARTESIAN_POINT('',(-0.00298581006840118,-0.00419834696077905,-0.0253659226784451));
#1569=CARTESIAN_POINT('',(-0.00887201746562264,-0.00467456677838926,-0.0253146880297858));
#1570=CARTESIAN_POINT('',(-0.0166290941273083,-0.00455999133708319,-0.024726821158121));
#1571=CARTESIAN_POINT('',(-0.0205175647836187,-0.00411384022996391,-0.0242802220613196));
#1572=CARTESIAN_POINT('',(-0.0224234797060489,-0.00372199132107198,-0.0240279390761392));
#1573=CARTESIAN_POINT('',(-0.0224234797060489,-0.00372199132107198,-0.0240303708029518));
#1574=CARTESIAN_POINT('',(-0.0224234797060489,-0.00372199132107198,-0.063246));
#1575=CARTESIAN_POINT('',(-0.0224234797060489,-0.00372199132107198,-0.0268718486370478));
#1576=CARTESIAN_POINT('',(-0.0224234797060489,-0.00372199132107198,-0.0268718486370478));
#1577=CARTESIAN_POINT('',(-0.022423479706049,-0.00372199132107198,-0.0269344152766701));
#1578=CARTESIAN_POINT('',(-0.0223152504062045,-0.00374417282022302,-0.027019946226725));
#1579=CARTESIAN_POINT('',(-0.022156644040434,-0.00377584061541965,-0.0271910277979793));
#1580=CARTESIAN_POINT('',(-0.0219273690534551,-0.00382036067284269,-0.0273934689494015));
#1581=CARTESIAN_POINT('',(-0.0216607619938737,-0.0038697293240521,-0.0276364502237863));
#1582=CARTESIAN_POINT('',(-0.0213002418810741,-0.00393362852474498,-0.0279588487233306));
#1583=CARTESIAN_POINT('',(-0.0208500235211984,-0.00400804158424326,-0.0283619902874473));
#1584=CARTESIAN_POINT('',(-0.0203091823340774,-0.00408943664244007,-0.0288467610181177));
#1585=CARTESIAN_POINT('',(-0.0197687852396328,-0.00416323818872438,-0.0293330184726871));
#1586=CARTESIAN_POINT('',(-0.0190488881156131,-0.00425213765281657,-0.0299834458629307));
#1587=CARTESIAN_POINT('',(-0.0181503268389692,-0.0043464795640661,-0.0308007686857446));
#1588=CARTESIAN_POINT('',(-0.0170757618754396,-0.00443565063587676,-0.0317873720214561));
#1589=CARTESIAN_POINT('',(-0.0156489621579775,-0.00452578776267686,-0.0331097051467434));
#1590=CARTESIAN_POINT('',(-0.0145852487841286,-0.00456438848896976,-0.0341092572192972));
#1591=CARTESIAN_POINT('',(-0.013878744141997,-0.00457954389867763,-0.0347787468));
#1592=CARTESIAN_POINT('',(-0.013878744141997,-0.00457954389867763,-0.0347787468));
#1593=CARTESIAN_POINT('',(-0.013878744141997,-0.00457954389867763,-0.0347787468));
#1594=CARTESIAN_POINT('',(-0.0104059306134313,-0.00465404009972993,-0.0347787468));
#1595=CARTESIAN_POINT('',(-0.00694180637060374,-0.00448498310648379,-0.0347787468));
#1596=CARTESIAN_POINT('',(-0.0034913428924535,-0.00419313106416738,-0.0347787468));
#1597=CARTESIAN_POINT('',(-0.00349134289245353,-0.00419313106416739,-0.0347787468));
#1598=CARTESIAN_POINT('',(-0.000951877969424506,-0.00395526672140368,-0.0347787467999998));
#1599=CARTESIAN_POINT('',(-0.000958670520473916,-0.00395596219758896,-0.0344478763236268));
#1600=CARTESIAN_POINT('',(-0.00124121559090153,-0.0039852194203888,-0.033801927362904));
#1601=CARTESIAN_POINT('',(-0.00222037402016415,-0.00408109423786733,-0.0334017276960471));
#1602=CARTESIAN_POINT('',(-0.00320184776017313,-0.0041690116079341,-0.0338000449446539));
#1603=CARTESIAN_POINT('',(-0.00348460108726423,-0.00419256081914788,-0.0344503481941759));
#1604=CARTESIAN_POINT('',(-0.00349134289245351,-0.00419313106416738,-0.0347787468));
#1605=CARTESIAN_POINT('',(-0.0793478985971788,-0.013813102617837,-0.063246));
#1606=CARTESIAN_POINT('',(-0.0981290489435196,-0.013813102617837,-0.0349907018244267));
#1607=CARTESIAN_POINT('',(-0.0968590489435196,-0.013813102617837,-0.0349907018244267));
#1608=CARTESIAN_POINT('',(-0.0945431738164562,-0.013813102617837,-0.0371029735710296));
#1609=CARTESIAN_POINT('',(-0.1001776,-0.013813102617837,-0.0371029735710296));
#1610=CARTESIAN_POINT('',(-0.094349625172803,-0.013813102617837,-0.0371029735710296));
#1611=CARTESIAN_POINT('',(-0.094349625172803,-0.013813102617837,-0.0371029735710296));
#1612=CARTESIAN_POINT('',(-0.0885825433046998,-0.013813102617837,-0.0337365365414968));
#1613=CARTESIAN_POINT('',(-0.0796815053909093,-0.013813102617837,-0.0292937701655979));
#1614=CARTESIAN_POINT('',(-0.0670939492658643,-0.013813102617837,-0.0251422749777317));
#1615=CARTESIAN_POINT('',(-0.0604815159831649,-0.013813102617837,-0.0238164724363087));
#1616=CARTESIAN_POINT('',(-0.05715,-0.013813102617837,-0.0233998653583288));
#1617=CARTESIAN_POINT('',(-0.05715,-0.013813102617837,-0.0233998653583288));
#1618=CARTESIAN_POINT('',(-0.05715,-0.013813102617837,-0.063246));
#1619=CARTESIAN_POINT('',(-0.05715,-0.013813102617837,-0.00783772856666178));
#1620=CARTESIAN_POINT('',(-0.05715,-0.013813102617837,-0.00783772856666177));
#1621=CARTESIAN_POINT('',(-0.0597503225688763,-0.013813102617837,-0.00576738644810295));
#1622=CARTESIAN_POINT('',(-0.0621515990840504,-0.013813102617837,-0.00348756077847528));
#1623=CARTESIAN_POINT('',(-0.064351121864326,-0.013813102617837,-0.000995401892278676));
#1624=CARTESIAN_POINT('',(-0.06435023322605,-0.013813102617837,-0.000994617600337177));
#1625=CARTESIAN_POINT('',(-0.0643497445420856,-0.013813102617837,-0.000994122628207061));
#1626=CARTESIAN_POINT('',(-0.0645819767420813,-0.013813102617837,-0.000756503980294203));
#1627=CARTESIAN_POINT('',(-0.0651831898366734,-0.013813102617837,-0.000408568144679712));
#1628=CARTESIAN_POINT('',(-0.0664430189575117,-0.013813102617837,0.000103381432704467));
#1629=CARTESIAN_POINT('',(-0.0680966535475505,-0.013813102617837,0.000540057226553432));
#1630=CARTESIAN_POINT('',(-0.0701005150888251,-0.013813102617837,0.000915310904564829));
#1631=CARTESIAN_POINT('',(-0.0728026818761358,-0.013813102617837,0.0012875143987633));
#1632=CARTESIAN_POINT('',(-0.0761890007712679,-0.013813102617837,0.00158947109107823));
#1633=CARTESIAN_POINT('',(-0.0802696686035084,-0.013813102617837,0.0018026650397593));
#1634=CARTESIAN_POINT('',(-0.0843513483138652,-0.013813102617837,0.00191293610855629));
#1635=CARTESIAN_POINT('',(-0.0897940865092968,-0.013813102617837,0.00196009562955885));
#1636=CARTESIAN_POINT('',(-0.0938767084721632,-0.013813102617837,0.00190953318034025));
#1637=CARTESIAN_POINT('',(-0.0965986057228969,-0.013813102617837,0.00185102319351253));
#1638=CARTESIAN_POINT('',(-0.0965986057228969,-0.013813102617837,0.00185102319351253));
#1639=CARTESIAN_POINT('',(-0.09652,-0.013813102617837,-0.00180573204854673));
#1640=CARTESIAN_POINT('',(-0.1001776,-0.013813102617837,-0.00180573204854673));
#1641=CARTESIAN_POINT('',(-0.1001776,-0.013813102617837,-0.0371029735710296));
#1642=CARTESIAN_POINT('',(-0.101572898597179,0.013813102617837,-0.063246));
#1643=CARTESIAN_POINT('',(-0.0572947383512068,0.013813102617837,-0.063246));
#1644=CARTESIAN_POINT('',(-0.0572947383512216,0.013813102617837,-0.00805440010063487));
#1645=CARTESIAN_POINT('',(-0.0572947383512068,0.013813102617837,-0.0234181202116323));
#1646=CARTESIAN_POINT('',(-0.0572947383512068,0.013813102617837,-0.0234181202116323));
#1647=CARTESIAN_POINT('',(-0.0639422085592978,0.013813102617837,-0.0242636476754452));
#1648=CARTESIAN_POINT('',(-0.0766357000537504,0.013813102617837,-0.0277860649689598));
#1649=CARTESIAN_POINT('',(-0.0885958156412356,0.013813102617837,-0.0337442840446889));
#1650=CARTESIAN_POINT('',(-0.094349625172803,0.013813102617837,-0.0371029735710296));
#1651=CARTESIAN_POINT('',(-0.094349625172803,0.013813102617837,-0.0371029735710296));
#1652=CARTESIAN_POINT('',(-0.101572898597179,0.013813102617837,-0.0371029735710296));
#1653=CARTESIAN_POINT('',(-0.09652,0.013813102617837,-0.0371029735710296));
#1654=CARTESIAN_POINT('',(-0.09652,0.013813102617837,-0.063246));
#1655=CARTESIAN_POINT('',(-0.09652,0.013813102617837,0.00185270578253962));
#1656=CARTESIAN_POINT('',(-0.09652,0.013813102617837,0.00185270578253962));
#1657=CARTESIAN_POINT('',(-0.0938050670532809,0.013813102617837,0.00191057380824212));
#1658=CARTESIAN_POINT('',(-0.089732906434567,0.0138131026178371,0.00196023275078264));
#1659=CARTESIAN_POINT('',(-0.0843041353914599,0.013813102617837,0.00191206441411952));
#1660=CARTESIAN_POINT('',(-0.0802329914348345,0.0138131026178371,0.00180117583088649));
#1661=CARTESIAN_POINT('',(-0.0761627444882337,0.013813102617837,0.00158755271624442));
#1662=CARTESIAN_POINT('',(-0.0727852980094881,0.013813102617837,0.00128552614040363));
#1663=CARTESIAN_POINT('',(-0.0700901099769778,0.013813102617837,0.000913566801003553));
#1664=CARTESIAN_POINT('',(-0.0680916144347132,0.013813102617837,0.000538844602198524));
#1665=CARTESIAN_POINT('',(-0.0664416623105209,0.013813102617837,0.00010277974616397));
#1666=CARTESIAN_POINT('',(-0.065187074340423,0.013813102617837,-0.000407088319206751));
#1667=CARTESIAN_POINT('',(-0.0645840851765421,0.013813102617837,-0.000754346642311742));
#1668=CARTESIAN_POINT('',(-0.0643497445420855,0.013813102617837,-0.000994122628207091));
#1669=CARTESIAN_POINT('',(-0.0643502331079029,0.0138131022942714,-0.000994617496063197));
#1670=CARTESIAN_POINT('',(-0.0643511218643259,0.013813102617837,-0.000995401892278675));
#1671=CARTESIAN_POINT('',(-0.0628306383097972,0.013813102617837,-0.00271817859444123));
#1672=CARTESIAN_POINT('',(-0.0612137325522713,0.013813102617837,-0.00433947694468457));
#1673=CARTESIAN_POINT('',(-0.0595013257121256,0.013813102617837,-0.005860266364728));
#1674=CARTESIAN_POINT('',(-0.0595013257121256,0.013813102617837,-0.00586026636472797));
#1675=CARTESIAN_POINT('',(-0.0595013257121256,0.013813102617837,-0.00586026636472798));
#1676=CARTESIAN_POINT('',(-0.0591127771516642,0.013813102617837,-0.00620533654669043));
#1677=CARTESIAN_POINT('',(-0.0585297599024861,0.013813102617837,-0.00672548095244917));
#1678=CARTESIAN_POINT('',(-0.0577980571108229,0.013813102617837,-0.00745789138752476));
#1679=CARTESIAN_POINT('',(-0.057419401050506,0.013813102617837,-0.00782550488085257));
#1680=CARTESIAN_POINT('',(-0.0572947383512195,0.013813102617837,-0.00805440010063349));
#1681=CARTESIAN_POINT('',(-0.0569663783982213,0.0137825189223493,-0.0234858203811629));
#1682=CARTESIAN_POINT('',(-0.0569663783982213,0.0137825189223493,-0.00808562255674999));
#1683=CARTESIAN_POINT('',(-0.0562480527861683,0.0136475371417637,-0.0234858203811629));
#1684=CARTESIAN_POINT('',(-0.0562480527861683,0.0136475371417637,-0.00808562255674999));
#1685=CARTESIAN_POINT('',(-0.054574472408408,0.0129839591336995,-0.0234858203811629));
#1686=CARTESIAN_POINT('',(-0.054574472408408,0.0129839591336995,-0.00808562255674998));
#1687=CARTESIAN_POINT('',(-0.0513488945407168,0.0108004060251485,-0.0234858203811629));
#1688=CARTESIAN_POINT('',(-0.0513488945407168,0.0108004060251485,-0.00808562255674999));
#1689=CARTESIAN_POINT('',(-0.0480759565003181,0.00800898024375047,-0.0234858203811629));
#1690=CARTESIAN_POINT('',(-0.0480759565003181,0.00800898024375047,-0.00808562255674999));
#1691=CARTESIAN_POINT('',(-0.0450823230571224,0.00515237554730026,-0.0234858203811629));
#1692=CARTESIAN_POINT('',(-0.0450823230571224,0.00515237554730026,-0.00808562255674999));
#1693=CARTESIAN_POINT('',(-0.0435016638393854,0.00358478422920809,-0.0234858203811629));
#1694=CARTESIAN_POINT('',(-0.0435016638393854,0.00358478422920809,-0.00808562255674999));
#1695=CARTESIAN_POINT('',(-0.0427214187251474,0.00281774211321491,-0.0234858203811629));
#1696=CARTESIAN_POINT('',(-0.0427214187251474,0.00281774211321491,-0.00808562255674999));
#1697=CARTESIAN_POINT('',(-0.0448414348065853,0.00490188412368298,-0.063246));
#1698=CARTESIAN_POINT('',(-0.0448414348065853,0.00490188412368298,-0.020403277775766));
#1699=CARTESIAN_POINT('',(-0.0448414348065853,0.00490188412368298,-0.0169456057492924));
#1700=CARTESIAN_POINT('',(-0.0448414348065853,0.00490188412368298,-0.020403277775766));
#1701=CARTESIAN_POINT('',(-0.0448414348065853,0.00490188412368298,-0.0207525567104469));
#1702=CARTESIAN_POINT('',(-0.0446368222848752,0.00470073397388127,-0.0214062360276316));
#1703=CARTESIAN_POINT('',(-0.0439225730475399,0.00399857097874503,-0.0223625803272138));
#1704=CARTESIAN_POINT('',(-0.043277562097745,0.0033644746483227,-0.0228699813043869));
#1705=CARTESIAN_POINT('',(-0.0428331039104857,0.00292753740616026,-0.0231622699462381));
#1706=CARTESIAN_POINT('',(-0.0428331039104857,0.00292753740616028,-0.0231622699462381));
#1707=CARTESIAN_POINT('',(-0.0428331039104857,0.00292753740616028,-0.023162269946238));
#1708=CARTESIAN_POINT('',(-0.0439018318471014,0.00397818075267244,-0.0230590619498547));
#1709=CARTESIAN_POINT('',(-0.0460286950361096,0.00609741695894698,-0.0229126374308379));
#1710=CARTESIAN_POINT('',(-0.0493569442909281,0.00914084890491066,-0.0228629745838862));
#1711=CARTESIAN_POINT('',(-0.0522850446950255,0.0114829544437035,-0.0229752120677931));
#1712=CARTESIAN_POINT('',(-0.0548513987898506,0.0130598960966265,-0.0231763482867247));
#1713=CARTESIAN_POINT('',(-0.0562183402269999,0.0136419538045188,-0.0233166616056467));
#1714=CARTESIAN_POINT('',(-0.0569663783982096,0.0137825189223471,-0.0233945148604648));
#1715=CARTESIAN_POINT('',(-0.0569663783982096,0.0137825189223471,-0.0233945148604648));
#1716=CARTESIAN_POINT('',(-0.0569663783982096,0.0137825189223471,-0.024144897739824));
#1717=CARTESIAN_POINT('',(-0.0569663783982096,0.0137825189223471,-0.00817692807744809));
#1718=CARTESIAN_POINT('',(-0.0569663783982096,0.0137825189223471,-0.00817692807744809));
#1719=CARTESIAN_POINT('',(-0.0562952454058093,0.0136564051867321,-0.00850631881200233));
#1720=CARTESIAN_POINT('',(-0.0551032285828068,0.0131746653676159,-0.00925991727955394));
#1721=CARTESIAN_POINT('',(-0.0528368942735491,0.0118588887108761,-0.010726607498901));
#1722=CARTESIAN_POINT('',(-0.0501847583069605,0.00983166749354064,-0.0123823482817273));
#1723=CARTESIAN_POINT('',(-0.0470777808613228,0.00708928221696098,-0.0141134362371768));
#1724=CARTESIAN_POINT('',(-0.0450640604485896,0.00512074258290463,-0.0151110631074097));
#1725=CARTESIAN_POINT('',(-0.0440539644669172,0.00412773904465754,-0.015589516376657));
#1726=CARTESIAN_POINT('',(-0.0440539644669172,0.00412773904465757,-0.0155895163766571));
#1727=CARTESIAN_POINT('',(-0.0440539644669172,0.0041277390446577,-0.0155895163766571));
#1728=CARTESIAN_POINT('',(-0.0442644582993873,0.00433467098401261,-0.0156972201246963));
#1729=CARTESIAN_POINT('',(-0.0446752780884141,0.0047385390435706,-0.016003669497028));
#1730=CARTESIAN_POINT('',(-0.0448414348065853,0.00490188412368298,-0.016629798187172));
#1731=CARTESIAN_POINT('',(-0.0448414348065853,0.00490188412368298,-0.0169456057492924));
#1732=CARTESIAN_POINT('',(-0.0448414348065853,0.00490188412368298,-0.0269314060943743));
#1733=CARTESIAN_POINT('',(-0.0448414348065853,0.00490188412368298,-0.0168860482919659));
#1734=CARTESIAN_POINT('',(-0.0382017406324546,0.00232663253943125,-0.0269314060943743));
#1735=CARTESIAN_POINT('',(-0.0382017406324546,0.00232663253943125,-0.0168860482919659));
#1736=CARTESIAN_POINT('',(-0.0307290889322758,0.00193333493856092,-0.0269314060943743));
#1737=CARTESIAN_POINT('',(-0.0307290889322758,0.00193333493856092,-0.0168860482919659));
#1738=CARTESIAN_POINT('',(-0.0224234797060489,0.00372199132107198,-0.0269314060943743));
#1739=CARTESIAN_POINT('',(-0.0224234797060489,0.00372199132107198,-0.0168860482919659));
#1740=CARTESIAN_POINT('',(-0.0224234797060489,0.00372199132107198,-0.0268718486370478));
#1741=CARTESIAN_POINT('',(-0.0258711796229273,0.0029795111136196,-0.0250157572523023));
#1742=CARTESIAN_POINT('',(-0.0314130077925659,0.00229989582541157,-0.0226874227985584));
#1743=CARTESIAN_POINT('',(-0.0391435393030719,0.00309146656454127,-0.0209162444674494));
#1744=CARTESIAN_POINT('',(-0.0429859155265812,0.00418220806027967,-0.0205025816843336));
#1745=CARTESIAN_POINT('',(-0.0448414348065853,0.00490188412368298,-0.020403277775766));
#1746=CARTESIAN_POINT('',(-0.0448414348065853,0.00490188412368298,-0.0169456057492924));
#1747=CARTESIAN_POINT('',(-0.0414964407758309,0.00360450491447557,-0.0186974551816619));
#1748=CARTESIAN_POINT('',(-0.0341285655636916,0.00207970752570229,-0.0217118838433124));
#1749=CARTESIAN_POINT('',(-0.0262900180429919,0.00288933658324568,-0.0234276086147425));
#1750=CARTESIAN_POINT('',(-0.0224238073111343,0.00372192077064214,-0.0240323732798983));
#1751=CARTESIAN_POINT('',(-0.0448414348065853,-0.00490188412368298,-0.0269314060943743));
#1752=CARTESIAN_POINT('',(-0.0448414348065853,-0.00490188412368298,-0.0168860482919659));
#1753=CARTESIAN_POINT('',(-0.0382017406324546,-0.00232663253943125,-0.0269314060943743));
#1754=CARTESIAN_POINT('',(-0.0382017406324546,-0.00232663253943125,-0.0168860482919659));
#1755=CARTESIAN_POINT('',(-0.0307290889322758,-0.00193333493856092,-0.0269314060943743));
#1756=CARTESIAN_POINT('',(-0.0307290889322758,-0.00193333493856092,-0.0168860482919659));
#1757=CARTESIAN_POINT('',(-0.0224234797060489,-0.00372199132107198,-0.0269314060943743));
#1758=CARTESIAN_POINT('',(-0.0224234797060489,-0.00372199132107198,-0.0168860482919659));
#1759=CARTESIAN_POINT('',(-0.0448414348065853,-0.00490188412368298,-0.063246));
#1760=CARTESIAN_POINT('',(-0.0448414348065853,-0.00490188412368298,-0.020403277775766));
#1761=CARTESIAN_POINT('',(-0.0448414348065853,-0.00490188412368298,-0.0169456057492924));
#1762=CARTESIAN_POINT('',(-0.0448414348065853,-0.00490188412368298,-0.020403277775766));
#1763=CARTESIAN_POINT('',(-0.0429925030250406,-0.00418476504239264,-0.0205022280806714));
#1764=CARTESIAN_POINT('',(-0.0391580146192217,-0.00309397952130537,-0.0209137248614851));
#1765=CARTESIAN_POINT('',(-0.03140894286927,-0.00229792450802012,-0.0226869856340777));
#1766=CARTESIAN_POINT('',(-0.0258589376821747,-0.00298214902519346,-0.0250223458495146));
#1767=CARTESIAN_POINT('',(-0.0224234797060489,-0.00372199132107198,-0.0268718486370478));
#1768=CARTESIAN_POINT('',(-0.0224238073111343,-0.00372192077064214,-0.0240323732798983));
#1769=CARTESIAN_POINT('',(-0.0262908473890701,-0.00288915798448879,-0.0234274788858586));
#1770=CARTESIAN_POINT('',(-0.0340989010602538,-0.00207957099780859,-0.021720320916129));
#1771=CARTESIAN_POINT('',(-0.0414899014355586,-0.00360197149220379,-0.0187008813754068));
#1772=CARTESIAN_POINT('',(-0.0448414348065853,-0.00490188412368298,-0.0169456057492924));
#1773=CARTESIAN_POINT('',(-0.05715,-0.013813102617837,-0.0244824117948576));
#1774=CARTESIAN_POINT('',(-0.05715,-0.013813102617837,-0.00746046575726535));
#1775=CARTESIAN_POINT('',(-0.0563253916860864,-0.0136938833816481,-0.0244824117948576));
#1776=CARTESIAN_POINT('',(-0.0563253916860864,-0.0136938833816481,-0.00746046575726535));
#1777=CARTESIAN_POINT('',(-0.0543447485744915,-0.0129048404349715,-0.0244824117948576));
#1778=CARTESIAN_POINT('',(-0.0543447485744915,-0.0129048404349715,-0.00746046575726535));
#1779=CARTESIAN_POINT('',(-0.0510394557380147,-0.0105404926062148,-0.0244824117948576));
#1780=CARTESIAN_POINT('',(-0.0510394557380147,-0.0105404926062148,-0.00746046575726534));
#1781=CARTESIAN_POINT('',(-0.0478991890282579,-0.00782494718335751,-0.0244824117948576));
#1782=CARTESIAN_POINT('',(-0.0478991890282579,-0.00782494718335751,-0.00746046575726535));
#1783=CARTESIAN_POINT('',(-0.0457263818852236,-0.00577862137872806,-0.0244824117948576));
#1784=CARTESIAN_POINT('',(-0.0457263818852236,-0.00577862137872806,-0.00746046575726534));
#1785=CARTESIAN_POINT('',(-0.0438704949498406,-0.00394612136674053,-0.0244824117948576));
#1786=CARTESIAN_POINT('',(-0.0438704949498406,-0.00394612136674053,-0.00746046575726535));
#1787=CARTESIAN_POINT('',(-0.0420293846323772,-0.00213817000231139,-0.0244824117948576));
#1788=CARTESIAN_POINT('',(-0.0420293846323772,-0.00213817000231139,-0.00746046575726534));
#1789=CARTESIAN_POINT('',(-0.0406452271552476,-0.000776683033288877,-0.0244824117948576));
#1790=CARTESIAN_POINT('',(-0.0406452271552476,-0.000776683033288877,-0.00746046575726535));
#1791=CARTESIAN_POINT('',(-0.039723194334724,0.000129747513681571,-0.0244824117948576));
#1792=CARTESIAN_POINT('',(-0.039723194334724,0.000129747513681571,-0.00746046575726535));
#1793=CARTESIAN_POINT('',(-0.05715,-0.013813102617837,-0.0233998653583288));
#1794=CARTESIAN_POINT('',(-0.05715,-0.013813102617837,-0.0234528510940026));
#1795=CARTESIAN_POINT('',(-0.0570728521708633,-0.0138019182878828,-0.0235365270280058));
#1796=CARTESIAN_POINT('',(-0.0568948921335428,-0.0137701262247213,-0.0236328126310328));
#1797=CARTESIAN_POINT('',(-0.0566560025743263,-0.0137165417004705,-0.0237230948273746));
#1798=CARTESIAN_POINT('',(-0.0563706416901509,-0.0136361216647965,-0.0238043196026913));
#1799=CARTESIAN_POINT('',(-0.0559903479732702,-0.0135100971692965,-0.0238873413781864));
#1800=CARTESIAN_POINT('',(-0.0555131873239427,-0.0133196061357222,-0.0239471157384196));
#1801=CARTESIAN_POINT('',(-0.0551408703133216,-0.0131435989798227,-0.0239439885536658));
#1802=CARTESIAN_POINT('',(-0.0549567717488507,-0.0130511026178253,-0.0239268321519038));
#1803=CARTESIAN_POINT('',(-0.0398551751758327,-7.34127557014208E-17,-0.0243814911661763));
#1804=CARTESIAN_POINT('',(-0.0398773681964455,-2.18174791236313E-5,-0.0243785087570339));
#1805=CARTESIAN_POINT('',(-0.0398995399836808,-4.36140841724159E-5,-0.0243752428704418));
#1806=CARTESIAN_POINT('',(-0.0399216905683586,-6.5389845444998E-5,-0.0243716939178653));
#1807=CARTESIAN_POINT('',(-0.0398551751758327,-6.64861304216658E-17,-0.0243814911661762));
#1808=CARTESIAN_POINT('',(-0.0398551751758327,-1.02891450022542E-16,-0.0243814911661764));
#1809=CARTESIAN_POINT('',(-0.040357798624537,-0.000494118254131672,-0.0242911735144548));
#1810=CARTESIAN_POINT('',(-0.0413383217494342,-0.00145804935575246,-0.0239937516936404));
#1811=CARTESIAN_POINT('',(-0.04251658148049,-0.00261637104313759,-0.0233962057985495));
#1812=CARTESIAN_POINT('',(-0.0434240803206143,-0.00350851354795973,-0.0227548141925927));
#1813=CARTESIAN_POINT('',(-0.0440622688796215,-0.00413590293338145,-0.0221674976841171));
#1814=CARTESIAN_POINT('',(-0.044616290382622,-0.00468054950433257,-0.0214498029871786));
#1815=CARTESIAN_POINT('',(-0.0448414348065826,-0.00490188412368031,-0.020766078404414));
#1816=CARTESIAN_POINT('',(-0.0448414348065853,-0.00490188412368298,-0.020403277775766));
#1817=CARTESIAN_POINT('',(-0.0448414348065853,-0.00490188412368298,-0.0169456057492924));
#1818=CARTESIAN_POINT('',(-0.0448414348065853,-0.00490188412368298,-0.0166354441513487));
#1819=CARTESIAN_POINT('',(-0.0446826730956868,-0.00474580891546425,-0.0160203812709472));
#1820=CARTESIAN_POINT('',(-0.044082587179233,-0.00415587741479217,-0.0155555474682614));
#1821=CARTESIAN_POINT('',(-0.0434440427886038,-0.00352813821898548,-0.0153639098254342));
#1822=CARTESIAN_POINT('',(-0.0425701022226012,-0.00266898612848679,-0.0152910983381615));
#1823=CARTESIAN_POINT('',(-0.041492884565805,-0.00160999672147036,-0.015424808347623));
#1824=CARTESIAN_POINT('',(-0.0406476547169673,-0.000779069516772355,-0.0156799512183462));
#1825=CARTESIAN_POINT('',(-0.0402283939034749,-0.000366903268415452,-0.0158444693399914));
#1826=CARTESIAN_POINT('',(-0.0402283939034749,-0.000366903268415452,-0.0158444693399914));
#1827=CARTESIAN_POINT('',(-0.0537791945895521,-0.012390702617837,-0.00859403981879674));
#1828=CARTESIAN_POINT('',(-0.0525875359036317,-0.0116595056254895,-0.009440494111914));
#1829=CARTESIAN_POINT('',(-0.0502695992085448,-0.0099157554190011,-0.0109530074414352));
#1830=CARTESIAN_POINT('',(-0.0468841125232896,-0.00691598600097109,-0.0128555136301792));
#1831=CARTESIAN_POINT('',(-0.0435838252203806,-0.0036638440100758,-0.0144619302530728));
#1832=CARTESIAN_POINT('',(-0.041351023710162,-0.00147053637894037,-0.0154039489260738));
#1833=CARTESIAN_POINT('',(-0.0402283939034749,-0.000366903268415452,-0.0158444693399914));
#1834=CARTESIAN_POINT('',(-0.0537791945895521,-0.012390702617837,-0.00859403981879676));
#1835=CARTESIAN_POINT('',(-0.053779194589552,-0.012390702617837,-0.00859403981879677));
#1836=CARTESIAN_POINT('',(-0.0540243766277834,-0.0125411453335397,-0.00841988308137834));
#1837=CARTESIAN_POINT('',(-0.0545338210971737,-0.0128392577096782,-0.00811026702197944));
#1838=CARTESIAN_POINT('',(-0.0552241368935319,-0.0131905193079634,-0.00781780587744972));
#1839=CARTESIAN_POINT('',(-0.0558211384509026,-0.0134457339784529,-0.00765140314730616));
#1840=CARTESIAN_POINT('',(-0.05629584398068,-0.0136166377119627,-0.00756782166057297));
#1841=CARTESIAN_POINT('',(-0.0566981210905524,-0.0137297637046383,-0.00755513491948582));
#1842=CARTESIAN_POINT('',(-0.0570407002155536,-0.0137978912621623,-0.0076021566468443));
#1843=CARTESIAN_POINT('',(-0.05715,-0.013813102617837,-0.00775234572773844));
#1844=CARTESIAN_POINT('',(-0.05715,-0.013813102617837,-0.00783772856666177));
#1845=CARTESIAN_POINT('',(-0.0633324235677719,0.012390702617837,0.));
#1846=CARTESIAN_POINT('',(-0.0633324235677719,-0.012390702617837,0.));
#1847=CARTESIAN_POINT('',(-0.0568681704243681,0.012390702617837,-0.00734357363166264));
#1848=CARTESIAN_POINT('',(-0.0568681704243681,-0.012390702617837,-0.00734357363166264));
#1849=CARTESIAN_POINT('',(-0.0485658010813697,0.012390702617837,-0.01285172649014));
#1850=CARTESIAN_POINT('',(-0.0485658010813697,-0.012390702617837,-0.01285172649014));
#1851=CARTESIAN_POINT('',(-0.0384253155387767,0.012390702617837,-0.016524458575432));
#1852=CARTESIAN_POINT('',(-0.0384253155387767,-0.012390702617837,-0.016524458575432));
#1853=CARTESIAN_POINT('',(-0.0402283939034749,-0.000366903268415452,-0.0158444693399914));
#1854=CARTESIAN_POINT('',(-0.0396922364765142,-0.00023165268804916,-0.016054857742511));
#1855=CARTESIAN_POINT('',(-0.0391511194742872,-0.000109270973350853,-0.0162597106882797));
#1856=CARTESIAN_POINT('',(-0.0386065594823275,1.70114628097256E-18,-0.0164585478192495));
#1857=CARTESIAN_POINT('',(-0.0386065594823275,-6.37929855364712E-19,-0.0164585478192496));
#1858=CARTESIAN_POINT('',(-0.0386065594823275,-1.91378956609413E-18,-0.0164585478192495));
#1859=CARTESIAN_POINT('',(-0.0400494279857559,0.000289524842285102,-0.015931708099431));
#1860=CARTESIAN_POINT('',(-0.0414637865314245,0.000670786149940534,-0.0153639232775108));
#1861=CARTESIAN_POINT('',(-0.0428335055639655,0.00113838495104682,-0.0147614630067847));
#1862=CARTESIAN_POINT('',(-0.0428335055639655,0.0011383849510468,-0.0147614630067847));
#1863=CARTESIAN_POINT('',(-0.0428335055639645,0.00113838495105019,-0.0147614630067851));
#1864=CARTESIAN_POINT('',(-0.0440840583839053,0.00239988743718637,-0.014211417068487));
#1865=CARTESIAN_POINT('',(-0.0459323122221488,0.00429704231737672,-0.0133327258536473));
#1866=CARTESIAN_POINT('',(-0.0484391439450209,0.00669005673550532,-0.011984774020089));
#1867=CARTESIAN_POINT('',(-0.0503506324717122,0.00839309785054697,-0.0108683592627486));
#1868=CARTESIAN_POINT('',(-0.0522898402027333,0.00995324136773667,-0.00963626796342814));
#1869=CARTESIAN_POINT('',(-0.0539595659329509,0.0110941603136331,-0.0084789594202457));
#1870=CARTESIAN_POINT('',(-0.0551684212203928,0.0117070580488171,-0.00757914508666915));
#1871=CARTESIAN_POINT('',(-0.0558688888561608,0.0119725177655863,-0.0070384067185462));
#1872=CARTESIAN_POINT('',(-0.0565953570436155,0.012108007324234,-0.00646348027257865));
#1873=CARTESIAN_POINT('',(-0.0575010867775684,0.0122295569106103,-0.00571853293927939));
#1874=CARTESIAN_POINT('',(-0.0582071229397225,0.012338523016104,-0.00510728621446352));
#1875=CARTESIAN_POINT('',(-0.0585568030526092,0.012390702617837,-0.00479673512134105));
#1876=CARTESIAN_POINT('',(-0.0585568030526092,0.012390702617837,-0.00479673512134105));
#1877=CARTESIAN_POINT('',(-0.0585568030526092,0.012390702617837,-0.00479673512134107));
#1878=CARTESIAN_POINT('',(-0.0602439184194561,0.012390702617837,-0.00329840707210538));
#1879=CARTESIAN_POINT('',(-0.0618361205264794,0.012390702617837,-0.00169984239714138));
#1880=CARTESIAN_POINT('',(-0.0633324235677719,0.012390702617837,0.));
#1881=CARTESIAN_POINT('',(-0.0633324235677719,0.012390702617837,0.));
#1882=CARTESIAN_POINT('',(-0.0633324235677719,0.042828897382163,0.));
#1883=CARTESIAN_POINT('',(-0.0633324235677719,-0.012390702617837,0.));
#1884=CARTESIAN_POINT('',(-0.0633324235677719,-0.012390702617837,3.8400708254539E-36));
#1885=CARTESIAN_POINT('',(-0.061429068552821,-0.012390702617837,-0.00216226254051324));
#1886=CARTESIAN_POINT('',(-0.0593583845715821,-0.012390702617837,-0.00417152148965839));
#1887=CARTESIAN_POINT('',(-0.05715,-0.012390702617837,-0.00600467406693666));
#1888=CARTESIAN_POINT('',(-0.05715,-0.012390702617837,-0.00600467406693663));
#1889=CARTESIAN_POINT('',(-0.05715,-0.012390702617837,-0.00600467406693666));
#1890=CARTESIAN_POINT('',(-0.0566292449227421,-0.012390702617837,-0.00643694638231604));
#1891=CARTESIAN_POINT('',(-0.0561004891187495,-0.012390702617837,-0.00685985143146915));
#1892=CARTESIAN_POINT('',(-0.0555638015694367,-0.012390702617837,-0.00727346997796877));
#1893=CARTESIAN_POINT('',(-0.0555638015694367,-0.012390702617837,-0.00727346997796875));
#1894=CARTESIAN_POINT('',(-0.0555638015694367,-0.012390702617837,-0.00727346997796877));
#1895=CARTESIAN_POINT('',(-0.05497834201489,-0.012390702617837,-0.00772467651386838));
#1896=CARTESIAN_POINT('',(-0.0543834436177119,-0.012390702617837,-0.00816483203468802));
#1897=CARTESIAN_POINT('',(-0.0537791945895521,-0.012390702617837,-0.00859403981879676));
#1898=CARTESIAN_POINT('',(-0.0508,-1.035747001447E-17,-0.0105751418995065));
#1899=CARTESIAN_POINT('',(-0.0508,-0.00656104608819279,-0.0105751418995065));
#1900=CARTESIAN_POINT('',(-0.0508,0.00656104608822191,-0.0105751418995065));
#1901=CARTESIAN_POINT('',(-0.0508,-0.00656104608819279,-0.0105751418995065));
#1902=CARTESIAN_POINT('',(-0.0513245785482177,-0.00621766360928887,-0.0102488616073427));
#1903=CARTESIAN_POINT('',(-0.0523085692619851,-0.0054502260898395,-0.00961424956169987));
#1904=CARTESIAN_POINT('',(-0.0535639990117869,-0.003958939900152,-0.00875244995159201));
#1905=CARTESIAN_POINT('',(-0.0544418940451072,-0.0021172114805102,-0.00811808567141051));
#1906=CARTESIAN_POINT('',(-0.0547693517703504,-4.25233412609422E-6,-0.00787432244769942));
#1907=CARTESIAN_POINT('',(-0.0544458110424394,0.002106725211765,-0.00811516722351209));
#1908=CARTESIAN_POINT('',(-0.0532711247098097,0.00457163757854224,-0.00896443834392885));
#1909=CARTESIAN_POINT('',(-0.0518505570631023,0.00587336472995103,-0.00992171055610067));
#1910=CARTESIAN_POINT('',(-0.0508,0.0065610460882219,-0.0105751418995065));
#1911=CARTESIAN_POINT('',(-0.00501561043093904,0.00259746302666076,-0.0220152549445629));
#1912=CARTESIAN_POINT('',(-0.00501561043093904,-0.00264093418367829,-0.0220152549445629));
#1913=CARTESIAN_POINT('',(-0.00210141377053444,0.00259746302666076,-0.0220152549445629));
#1914=CARTESIAN_POINT('',(-0.00210141377053444,-0.00264093418367829,-0.0220152549445629));
#1915=CARTESIAN_POINT('',(0.00544234436565934,0.00259746302666076,-0.0261003436553737));
#1916=CARTESIAN_POINT('',(0.00544234436565934,-0.00264093418367829,-0.0261003436553737));
#1917=CARTESIAN_POINT('',(0.0176156639776423,0.00259746302666076,-0.0342705210769952));
#1918=CARTESIAN_POINT('',(0.0176156639776423,-0.00264093418367829,-0.0342705210769952));
#1919=CARTESIAN_POINT('',(-0.00486057813127822,0.00111102414964594,-0.0220189057737695));
#1920=CARTESIAN_POINT('',(-0.00490904932463661,0.00107274340026341,-0.0220166822346955));
#1921=CARTESIAN_POINT('',(-0.0049585530074229,0.00103330791324133,-0.0220153910736839));
#1922=CARTESIAN_POINT('',(-0.00500757263427721,0.00099356416203171,-0.0220152652733828));
#1923=CARTESIAN_POINT('',(-0.00486062528806116,0.0011110280965641,-0.0220197538882856));
#1924=CARTESIAN_POINT('',(-0.00500756958211972,0.000993558873340057,-0.0220153311867297));
#1925=CARTESIAN_POINT('',(-0.00500757134849234,0.000993565204543106,-0.0220152652766828));
#1926=CARTESIAN_POINT('',(-0.00500660358679687,0.000977964606221551,-0.0220152677606608));
#1927=CARTESIAN_POINT('',(-0.00501002314129997,0.000962434899845138,-0.0220152549445629));
#1928=CARTESIAN_POINT('',(-0.00501561043093904,0.000947972479443046,-0.0220152549445629));
#1929=CARTESIAN_POINT('',(-0.00501561043093904,-0.00094797247944272,-0.0220152549445629));
#1930=CARTESIAN_POINT('',(-0.00500999415347066,-0.000962509988115124,-0.0220152549445629));
#1931=CARTESIAN_POINT('',(-0.00500659079613066,-0.000978035377497793,-0.0220152677914505));
#1932=CARTESIAN_POINT('',(-0.00500757790106022,-0.000993669903190969,-0.0220152652598709));
#1933=CARTESIAN_POINT('',(-0.0050075498339541,-0.000993629702034829,-0.0220153316045842));
#1934=CARTESIAN_POINT('',(-0.00500757983387525,-0.000993668311640689,-0.0220152652549145));
#1935=CARTESIAN_POINT('',(-0.00498108394366696,-0.00101548573761665,-0.0220153331913429));
#1936=CARTESIAN_POINT('',(-0.00492032940923792,-0.00106427764657294,-0.0220164176573066));
#1937=CARTESIAN_POINT('',(-0.00488605998976746,-0.00109075001719776,-0.0220177365431183));
#1938=CARTESIAN_POINT('',(-0.00486053639160725,-0.00111094157911119,-0.0220189076887487));
#1939=CARTESIAN_POINT('',(-0.00486061036607245,-0.00111097955261379,-0.0220197544195922));
#1940=CARTESIAN_POINT('',(-0.00488579790567776,-0.00105946832987123,-0.0232893059976459));
#1941=CARTESIAN_POINT('',(-0.00481081090087169,-0.00105946832987136,-0.0220215217300711));
#1942=CARTESIAN_POINT('',(-0.00481081090087169,-0.00105946832987136,-0.0220215217300711));
#1943=CARTESIAN_POINT('',(-0.00432503247035448,-0.00137506766361084,-0.0220502545913556));
#1944=CARTESIAN_POINT('',(-0.00329917040771137,-0.00186055527588233,-0.0222823706277308));
#1945=CARTESIAN_POINT('',(-0.00122672280368235,-0.00251562068222709,-0.0230359603495514));
#1946=CARTESIAN_POINT('',(0.000323868172359656,-0.00260558404190465,-0.0237771356851507));
#1947=CARTESIAN_POINT('',(0.00134584470352272,-0.00249141090069618,-0.0242986530329545));
#1948=CARTESIAN_POINT('',(0.00134584470352267,-0.002491410900696,-0.0242986530329545));
#1949=CARTESIAN_POINT('',(0.00134584470352267,-0.002491410900696,-0.0242986530329545));
#1950=CARTESIAN_POINT('',(0.00405046179288616,-0.00218925657578002,-0.025678826342477));
#1951=CARTESIAN_POINT('',(0.00924148604289062,-0.00147618231806813,-0.0287699382753812));
#1952=CARTESIAN_POINT('',(0.0142934690297052,-0.000612290773990105,-0.0320515720108177));
#1953=CARTESIAN_POINT('',(0.0167967861491092,-0.000151601171586011,-0.0337224283607239));
#1954=CARTESIAN_POINT('',(0.0167967861491092,-0.000151601171586011,-0.0337224283607239));
#1955=CARTESIAN_POINT('',(0.0167967861491092,-0.000151601171586011,-0.0337224283607239));
#1956=CARTESIAN_POINT('',(0.0169997307649047,-0.000114252937265283,-0.033857885150195));
#1957=CARTESIAN_POINT('',(0.0172002445310126,-6.37122403646611E-5,-0.033992005533013));
#1958=CARTESIAN_POINT('',(0.017398345140726,-1.53690194023522E-16,-0.0341247709374495));
#1959=CARTESIAN_POINT('',(0.0173983451407259,4.18174924759688E-19,-0.0341247709374495));
#1960=CARTESIAN_POINT('',(0.0173983451407259,-4.18174924759688E-19,-0.0341247709374495));
#1961=CARTESIAN_POINT('',(0.0172002445310155,6.37122403639597E-5,-0.0339920055330084));
#1962=CARTESIAN_POINT('',(0.0169997307649117,0.000114252937261485,-0.0338578851501832));
#1963=CARTESIAN_POINT('',(0.0167967861491092,0.000151601171586009,-0.0337224283607239));
#1964=CARTESIAN_POINT('',(0.0167967861491091,0.00015160117158601,-0.0337224283607239));
#1965=CARTESIAN_POINT('',(0.0167967861491091,0.00015160117158601,-0.0337224283607239));
#1966=CARTESIAN_POINT('',(0.0142934690297888,0.000612290773976161,-0.0320515720106713));
#1967=CARTESIAN_POINT('',(0.00924148604283988,0.00147618231807662,-0.0287699382754485));
#1968=CARTESIAN_POINT('',(0.00405046179287299,0.00218925657578176,-0.0256788263424694));
#1969=CARTESIAN_POINT('',(0.0013458447035064,0.00249141090069781,-0.0242986530329462));
#1970=CARTESIAN_POINT('',(0.0013458447035064,0.00249141090069782,-0.0242986530329462));
#1971=CARTESIAN_POINT('',(0.0013458447035064,0.00249141090069782,-0.0242986530329462));
#1972=CARTESIAN_POINT('',(0.000327568243321238,0.00260517067749388,-0.0237790238412249));
#1973=CARTESIAN_POINT('',(-0.0012362953241743,0.00251431958943758,-0.0230317415051923));
#1974=CARTESIAN_POINT('',(-0.00330350821941113,0.0018585589926564,-0.022281109935935));
#1975=CARTESIAN_POINT('',(-0.00432787317418232,0.00137321497048019,-0.0220500880559311));
#1976=CARTESIAN_POINT('',(-0.00481079907915863,0.00105947601008519,-0.022021522429321));
#1977=CARTESIAN_POINT('',(-0.00481079907915863,0.00105947601008521,-0.0220215224293209));
#1978=CARTESIAN_POINT('',(-0.00488578997334081,0.00105947601008521,-0.0232893064668406));
#1979=CARTESIAN_POINT('',(-0.0966291746151346,0.0123907026178371,0.00327309467653558));
#1980=CARTESIAN_POINT('',(-0.0966291746151346,-0.012390702617837,0.00327309467653558));
#1981=CARTESIAN_POINT('',(-0.0769766346974456,0.012390702617837,0.00369554627767712));
#1982=CARTESIAN_POINT('',(-0.0769766346974456,-0.0123907026178371,0.00369554627767712));
#1983=CARTESIAN_POINT('',(-0.065877717681658,0.012390702617837,0.00260451471883193));
#1984=CARTESIAN_POINT('',(-0.065877717681658,-0.0123907026178371,0.00260451471883193));
#1985=CARTESIAN_POINT('',(-0.0633324235677719,0.012390702617837,0.));
#1986=CARTESIAN_POINT('',(-0.0633324235677719,-0.0123907026178371,0.));
#1987=CARTESIAN_POINT('',(-0.0633324235677719,0.012390702617837,0.));
#1988=CARTESIAN_POINT('',(-0.0638259129259577,0.012390702617837,0.000504971229049603));
#1989=CARTESIAN_POINT('',(-0.0651101533305898,0.012390702617837,0.00115976276498078));
#1990=CARTESIAN_POINT('',(-0.0671261987942805,0.012390702617837,0.0017772324212209));
#1991=CARTESIAN_POINT('',(-0.0691903612353678,0.012390702617837,0.00220536010594786));
#1992=CARTESIAN_POINT('',(-0.0719751689916695,0.012390702617837,0.00262799291363393));
#1993=CARTESIAN_POINT('',(-0.0754716251197709,0.012390702617837,0.00296581473842239));
#1994=CARTESIAN_POINT('',(-0.0796845513164081,0.012390702617837,0.00320396482169375));
#1995=CARTESIAN_POINT('',(-0.0839007033148875,0.012390702617837,0.0033282307239494));
#1996=CARTESIAN_POINT('',(-0.0895220930866041,0.012390702617837,0.00338497813598297));
#1997=CARTESIAN_POINT('',(-0.0937389450686505,0.012390702617837,0.00333470625324496));
#1998=CARTESIAN_POINT('',(-0.0965503111678944,0.012390702617837,0.00327478278224845));
#1999=CARTESIAN_POINT('',(-0.0965503111678944,0.012390702617837,0.00327478278224845));
#2000=CARTESIAN_POINT('',(-0.0965503111678944,0.012390702617837,0.00327478278224845));
#2001=CARTESIAN_POINT('',(-0.0965766020495365,0.0123907026178369,0.00327422239956353));
#2002=CARTESIAN_POINT('',(-0.0966028898652398,0.0123904210344549,0.00327365969432591));
#2003=CARTESIAN_POINT('',(-0.0966291746151346,0.0123898578598962,0.00327309467653558));
#2004=CARTESIAN_POINT('',(-0.0966291746151346,0.0123898578598963,0.00327309467653558));
#2005=CARTESIAN_POINT('',(-0.0966291746151346,0.013813102617837,0.00327309467653558));
#2006=CARTESIAN_POINT('',(-0.0966291746151346,-0.012390702617837,0.00327309467653558));
#2007=CARTESIAN_POINT('',(-0.0966291746151346,-0.012390702617837,0.00327309467653558));
#2008=CARTESIAN_POINT('',(-0.0938111702575502,-0.012390702617837,0.00333367058466252));
#2009=CARTESIAN_POINT('',(-0.0895843452574749,-0.012390702617837,0.00338487404202588));
#2010=CARTESIAN_POINT('',(-0.0839496357991725,-0.012390702617837,0.00332921083995112));
#2011=CARTESIAN_POINT('',(-0.0797234323348836,-0.0123907026178371,0.00320566145689824));
#2012=CARTESIAN_POINT('',(-0.0755005617270687,-0.012390702617837,0.00296804684725936));
#2013=CARTESIAN_POINT('',(-0.0719956294788265,-0.012390702617837,0.00263058576677322));
#2014=CARTESIAN_POINT('',(-0.0692040351826109,-0.012390702617837,0.00220772607221135));
#2015=CARTESIAN_POINT('',(-0.0671354300966489,-0.012390702617837,0.00178008376687566));
#2016=CARTESIAN_POINT('',(-0.0651114034357085,-0.012390702617837,0.00115924281479519));
#2017=CARTESIAN_POINT('',(-0.0638308924026688,-0.012390702617837,0.000510066561771821));
#2018=CARTESIAN_POINT('',(-0.0633324235677719,-0.012390702617837,0.));
#2019=CARTESIAN_POINT('',(-0.0107802260377278,0.00317067381444523,-0.0381000000000013));
#2020=CARTESIAN_POINT('',(-0.0107802260377278,-0.00317067381444521,-0.0381000000000013));
#2021=CARTESIAN_POINT('',(-0.0155394009863512,0.00317067381444523,-0.0341429523784991));
#2022=CARTESIAN_POINT('',(-0.0155394009863512,-0.00317067381444521,-0.0341429523784991));
#2023=CARTESIAN_POINT('',(-0.0204989598134559,0.00317067381444523,-0.0309986561626672));
#2024=CARTESIAN_POINT('',(-0.0204989598134559,-0.00317067381444521,-0.0309986561626672));
#2025=CARTESIAN_POINT('',(-0.0256589025190421,0.00317067381444524,-0.0286671113525055));
#2026=CARTESIAN_POINT('',(-0.0256589025190421,-0.00317067381444521,-0.0286671113525055));
#2027=CARTESIAN_POINT('',(-0.0107802260377293,-0.00126125189174588,-0.0381));
#2028=CARTESIAN_POINT('',(-0.0107802260377293,-0.00198078639932397,-0.0381));
#2029=CARTESIAN_POINT('',(-0.011069410471267,-0.00264257808912203,-0.0378584090077278));
#2030=CARTESIAN_POINT('',(-0.0114751934590285,-0.00313307689173884,-0.0375290975875567));
#2031=CARTESIAN_POINT('',(-0.0114751934590331,-0.00313307689174428,-0.037529097587553));
#2032=CARTESIAN_POINT('',(-0.0114751934590331,-0.00313307689174428,-0.037529097587553));
#2033=CARTESIAN_POINT('',(-0.0136396703150107,-0.00264630759105569,-0.0357725258019753));
#2034=CARTESIAN_POINT('',(-0.0170125191901093,-0.00188380300027817,-0.0333337425921834));
#2035=CARTESIAN_POINT('',(-0.0218132674754551,-0.000799467628604591,-0.0305217298970801));
#2036=CARTESIAN_POINT('',(-0.024294475170319,-0.000227301168872554,-0.0292863884339738));
#2037=CARTESIAN_POINT('',(-0.0255665988832897,1.79346446441457E-17,-0.0287089155878741));
#2038=CARTESIAN_POINT('',(-0.0255665988832897,-4.27037561719077E-19,-0.028708915587874));
#2039=CARTESIAN_POINT('',(-0.0255665988832897,1.22768634253957E-17,-0.0287089155878741));
#2040=CARTESIAN_POINT('',(-0.0242943903708044,0.000227316320723465,-0.0292864269281993));
#2041=CARTESIAN_POINT('',(-0.0218157939418598,0.000798895390173397,-0.0305204360159026));
#2042=CARTESIAN_POINT('',(-0.0170142797661036,0.00188340478871342,-0.0333324412031685));
#2043=CARTESIAN_POINT('',(-0.0136392682958401,0.00264639800116566,-0.035772852058886));
#2044=CARTESIAN_POINT('',(-0.0114751934590331,0.00313307689174432,-0.0375290975875531));
#2045=CARTESIAN_POINT('',(-0.011475193459033,0.0031330768917443,-0.037529097587553));
#2046=CARTESIAN_POINT('',(-0.011475193459033,0.0031330768917443,-0.037529097587553));
#2047=CARTESIAN_POINT('',(-0.01106942675489,0.00264259777267521,-0.0378583957925698));
#2048=CARTESIAN_POINT('',(-0.0107802260377292,0.00198172427489325,-0.0381));
#2049=CARTESIAN_POINT('',(-0.0107802260377292,0.00126125189174588,-0.0381));
#2050=CARTESIAN_POINT('',(-0.0508,1.45595341338733E-14,-0.0174800893452457));
#2051=CARTESIAN_POINT('',(-0.1016,0.00873310261783702,-0.013677650171954));
#2052=CARTESIAN_POINT('',(-0.1016,0.00899557296896574,-0.0142804686277083));
#2053=CARTESIAN_POINT('',(-0.101562688446774,0.00938822741210824,-0.0155151994976735));
#2054=CARTESIAN_POINT('',(-0.10151060307246,0.00966048110256714,-0.0181358789462957));
#2055=CARTESIAN_POINT('',(-0.1016,0.00925791023016946,-0.0200771972760795));
#2056=CARTESIAN_POINT('',(-0.1016,0.00873310261783702,-0.0212825285185372));
#2057=CARTESIAN_POINT('',(-0.0508,1.45595341338733E-14,-0.0174800893452457));
#2058=CARTESIAN_POINT('',(-0.0508,1.45595341338733E-14,-0.0174800893452457));
#2059=CARTESIAN_POINT('',(-0.0508,1.45508605164935E-14,-0.0174801029648226));
#2060=CARTESIAN_POINT('',(-0.09652,6.91756443357182E-18,-0.00180573204854673));
#2061=CARTESIAN_POINT('',(-0.09652,0.00873310261783702,-0.00180573204854673));
#2062=CARTESIAN_POINT('',(-0.09652,-0.012390702617837,-0.00180573204854673));
#2063=CARTESIAN_POINT('',(-0.09652,0.00873310261783702,-0.063246));
#2064=CARTESIAN_POINT('',(-0.0971584064042108,0.013794115552742,-0.0339573187270386));
#2065=CARTESIAN_POINT('',(-0.0967096521974247,0.0138055565266091,-0.0349912944049428));
#2066=CARTESIAN_POINT('',(-0.0971572784672081,0.0137943119489831,-0.0360217145997502));
#2067=CARTESIAN_POINT('',(-0.0981870270019395,0.0135757083909398,-0.0363903356090461));
#2068=CARTESIAN_POINT('',(-0.0989527760095656,0.013205848677028,-0.0360462782759742));
#2069=CARTESIAN_POINT('',(-0.0993252480864854,0.0129704305481538,-0.035508382920473));
#2070=CARTESIAN_POINT('',(-0.0994725879603251,0.0128660975486821,-0.0348173529427998));
#2071=CARTESIAN_POINT('',(-0.0991061759539321,0.0131303545690046,-0.0339939847339082));
#2072=CARTESIAN_POINT('',(-0.0981879676490278,0.0135756969802635,-0.0335941890750881));
#2073=CARTESIAN_POINT('',(-0.0971584064042108,0.013794115552742,-0.0339573187270386));
#2074=CARTESIAN_POINT('',(-0.0967096521974247,0.0138055565266091,-0.0349912944049428));
#2075=CARTESIAN_POINT('',(-0.0971572784672081,0.0137943119489831,-0.0360217145997502));
#2076=CARTESIAN_POINT('',(-0.0968590489435196,0.0138017756013602,-0.0349907018244267));
#2077=CARTESIAN_POINT('',(-0.09652,0.00873310261783702,-0.00180573204854673));
#2078=CARTESIAN_POINT('',(-0.0966291746151346,0.0138119293429193,0.00185102319351253));
#2079=CARTESIAN_POINT('',(-0.0966291746151346,0.0138119293429193,0.00185102319351253));
#2080=CARTESIAN_POINT('',(-0.0965927873152985,0.0138127115254332,0.00185158636492253));
#2081=CARTESIAN_POINT('',(-0.0965563957769798,0.013813102617837,0.00185214723126217));
#2082=CARTESIAN_POINT('',(-0.09652,0.013813102617837,0.00185270578253962));
#2083=CARTESIAN_POINT('',(-0.09652,0.00873310261783702,-0.0371029735710296));
#2084=CARTESIAN_POINT('',(0.,0.0128160761888666,-0.0371029735710296));
#2085=CARTESIAN_POINT('',(-0.094349625172803,0.013813102617837,-0.0371029735710296));
#2086=CARTESIAN_POINT('',(-0.0944873399145039,0.013813102617837,-0.0374439974416142));
#2087=CARTESIAN_POINT('',(-0.0946223874509841,0.0136322099063194,-0.037779921077065));
#2088=CARTESIAN_POINT('',(-0.0946957521198197,0.0133209831472602,-0.0379627006576282));
#2089=CARTESIAN_POINT('',(-0.0946957521198197,0.0133209831472602,-0.0379627006576282));
#2090=CARTESIAN_POINT('',(-0.0948147725148118,0.0128160761888666,-0.0371029735710296));
#2091=CARTESIAN_POINT('',(-0.09652,0.0128160761888666,-0.0371029735710296));
#2092=CARTESIAN_POINT('',(-0.0948147725148118,9.86437916718799E-20,-0.0371029735710296));
#2093=CARTESIAN_POINT('',(-0.0948147725148118,0.0128160761888666,-0.0371029735710296));
#2094=CARTESIAN_POINT('',(-0.0948147725148118,-0.0128160761888666,-0.0371029735710296));
#2095=CARTESIAN_POINT('',(-0.09652,0.00873310261783702,-0.0371029735710296));
#2096=CARTESIAN_POINT('',(-0.10060297357103,0.00873310261783702,-0.0371029735710296));
#2097=CARTESIAN_POINT('',(-0.0793478985971788,-0.0128160761888666,-0.0371029735710296));
#2098=CARTESIAN_POINT('',(-0.0948147725148118,-0.0128160761888666,-0.0371029735710296));
#2099=CARTESIAN_POINT('',(-0.0946957521198198,-0.0133209831472602,-0.0379627006576282));
#2100=CARTESIAN_POINT('',(-0.0946957521198198,-0.0133209831472602,-0.0379627006576282));
#2101=CARTESIAN_POINT('',(-0.0946224698904315,-0.0136318601826392,-0.0377801264654055));
#2102=CARTESIAN_POINT('',(-0.0944871824720704,-0.013813102617837,-0.0374436075659377));
#2103=CARTESIAN_POINT('',(-0.094349625172803,-0.013813102617837,-0.0371029735710296));
#2104=CARTESIAN_POINT('',(-0.1001776,-0.0128160761888666,-0.0371029735710296));
#2105=CARTESIAN_POINT('',(-0.10060297357103,-3.46944695195361E-18,-0.0371029735710296));
#2106=CARTESIAN_POINT('',(-0.10060297357103,-0.012390702617837,-0.0371029735710296));
#2107=CARTESIAN_POINT('',(-0.064452964711549,-0.013813102617837,-0.00087977865020097));
#2108=CARTESIAN_POINT('',(-0.0633852874173923,-0.013813102617837,6.00548220387446E-5));
#2109=CARTESIAN_POINT('',(-0.0633852874173923,-0.012390702617837,6.00548220387445E-5));
#2110=CARTESIAN_POINT('',(-0.0640814493239485,-0.013813102617837,-0.00130183059397374));
#2111=CARTESIAN_POINT('',(-0.0630137720297843,-0.0138131026178343,-0.000361997121734048));
#2112=CARTESIAN_POINT('',(-0.0630137720297863,-0.012390702617837,-0.000361997121729038));
#2113=CARTESIAN_POINT('',(-0.0633293597368106,-0.013813102617837,-0.00213495897347274));
#2114=CARTESIAN_POINT('',(-0.0622921422197547,-0.0138131026178383,-0.00116105497826284));
#2115=CARTESIAN_POINT('',(-0.0622921422197534,-0.0123907026178369,-0.0011610549782652));
#2116=CARTESIAN_POINT('',(-0.0617807678945579,-0.013813102617837,-0.00374740607175207));
#2117=CARTESIAN_POINT('',(-0.0607768818830559,-0.0138131026178361,-0.00273933166819152));
#2118=CARTESIAN_POINT('',(-0.0607768818830583,-0.0123907026178375,-0.00273933166818972));
#2119=CARTESIAN_POINT('',(-0.0589604149856231,-0.0138131026178371,-0.00643553000034291));
#2120=CARTESIAN_POINT('',(-0.058031195234154,-0.0138131026178395,-0.00535563177560102));
#2121=CARTESIAN_POINT('',(-0.0580311952341313,-0.0123907026178316,-0.00535563177560794));
#2122=CARTESIAN_POINT('',(-0.0563554333730853,-0.013813102617837,-0.00851242036306804));
#2123=CARTESIAN_POINT('',(-0.0554894252527262,-0.0138131026178288,-0.00738275612887573));
#2124=CARTESIAN_POINT('',(-0.0554894252528218,-0.0123907026178602,-0.00738275612885036));
#2125=CARTESIAN_POINT('',(-0.0545382892792014,-0.013813102617837,-0.00979949395443492));
#2126=CARTESIAN_POINT('',(-0.0537161472489608,-0.013813102617837,-0.00863875959976464));
#2127=CARTESIAN_POINT('',(-0.0537161472489608,-0.012390702617837,-0.00863875959976464));
#2128=CARTESIAN_POINT('',(-0.0633324235677719,-0.012390702617837,-2.30935062739412E-17));
#2129=CARTESIAN_POINT('',(-0.0633324235677719,-0.0125652627912264,-2.31005687206772E-17));
#2130=CARTESIAN_POINT('',(-0.0633663701993587,-0.0128351161959247,-3.33645009232396E-5));
#2131=CARTESIAN_POINT('',(-0.0634781126928768,-0.0131334401289644,-0.000142461624345189));
#2132=CARTESIAN_POINT('',(-0.0635561704943174,-0.0132852742672951,-0.000218667430581408));
#2133=CARTESIAN_POINT('',(-0.063637997558898,-0.0134089903042109,-0.000298583852072938));
#2134=CARTESIAN_POINT('',(-0.0636753839138005,-0.0134560294694393,-0.000335200940466602));
#2135=CARTESIAN_POINT('',(-0.0637578075289917,-0.0135519415808842,-0.000415987692935045));
#2136=CARTESIAN_POINT('',(-0.0639326925324293,-0.0137089167845414,-0.000587328201266901));
#2137=CARTESIAN_POINT('',(-0.0641664929083979,-0.0138127629270892,-0.000815104512496941));
#2138=CARTESIAN_POINT('',(-0.064349711134508,-0.0138131013733279,-0.000994156814210589));
#2139=CARTESIAN_POINT('',(-0.0965986057229064,-0.013813102617837,0.00185102319351233));
#2140=CARTESIAN_POINT('',(-0.0966291746151442,-0.013813102617837,0.00327309467653539));
#2141=CARTESIAN_POINT('',(-0.0966291746151442,-0.012390702617837,0.00327309467653537));
#2142=CARTESIAN_POINT('',(-0.0952376834708982,-0.013813102617837,0.00188027762004865));
#2143=CARTESIAN_POINT('',(-0.0952637981591418,-0.0138131026180123,0.00330244485080945));
#2144=CARTESIAN_POINT('',(-0.0952637981578731,-0.0123907026178653,0.00330244485075977));
#2145=CARTESIAN_POINT('',(-0.0925159219501198,-0.013813102617837,0.00192605625493569));
#2146=CARTESIAN_POINT('',(-0.0925323252221958,-0.0138131026177557,0.00334839179408873));
#2147=CARTESIAN_POINT('',(-0.0925323252227851,-0.0123907026178239,0.00334839179411131));
#2148=CARTESIAN_POINT('',(-0.0884335521563765,-0.013813102617837,0.00194838372837935));
#2149=CARTESIAN_POINT('',(-0.0884320589214041,-0.0138131026178588,0.00337082873117513));
#2150=CARTESIAN_POINT('',(-0.0884320589212446,-0.0123907026178405,0.00337082873117064));
#2151=CARTESIAN_POINT('',(-0.0843516093686646,-0.013813102617837,0.00191295679656323));
#2152=CARTESIAN_POINT('',(-0.0843274341281942,-0.0138131026178312,0.00333523017792541));
#2153=CARTESIAN_POINT('',(-0.0843274341282429,-0.0123907026178361,0.00333523017792083));
#2154=CARTESIAN_POINT('',(-0.0802698979992332,-0.013813102617837,0.0018025297491481));
#2155=CARTESIAN_POINT('',(-0.0802156294628258,-0.0138131026178386,0.00322402927747912));
#2156=CARTESIAN_POINT('',(-0.0802156294627904,-0.0123907026178373,0.00322402927750193));
#2157=CARTESIAN_POINT('',(-0.0768697499073556,-0.013813102617837,0.00162547725195049));
#2158=CARTESIAN_POINT('',(-0.0767802637858395,-0.0138131026178368,0.00304526174547226));
#2159=CARTESIAN_POINT('',(-0.076780263785911,-0.012390702617837,0.00304526174540385));
#2160=CARTESIAN_POINT('',(-0.0741571991965084,-0.013813102617837,0.0014075550941235));
#2161=CARTESIAN_POINT('',(-0.0740275694789718,-0.0138131026178371,0.00282417435750663));
#2162=CARTESIAN_POINT('',(-0.0740275694788502,-0.012390702617837,0.0028241743576252));
#2163=CARTESIAN_POINT('',(-0.0721275335890668,-0.013813102617837,0.0011947849580042));
#2164=CARTESIAN_POINT('',(-0.0719586082442634,-0.013813102617837,0.00260735375724104));
#2165=CARTESIAN_POINT('',(-0.0719586082447266,-0.012390702617837,0.00260735375678844));
#2166=CARTESIAN_POINT('',(-0.0701017801096224,-0.013813102617837,0.000915110582597677));
#2167=CARTESIAN_POINT('',(-0.0698784503901422,-0.013813102617837,0.00232039649600527));
#2168=CARTESIAN_POINT('',(-0.069878450388411,-0.012390702617837,0.00232039649769711));
#2169=CARTESIAN_POINT('',(-0.0684288372627591,-0.013813102617837,0.00060337819652525));
#2170=CARTESIAN_POINT('',(-0.0681378439733865,-0.013813102617837,0.00199637056240726));
#2171=CARTESIAN_POINT('',(-0.0681378439784827,-0.012390702617837,0.00199637055742694));
#2172=CARTESIAN_POINT('',(-0.0671090669285981,-0.013813102617837,0.000277057354966315));
#2173=CARTESIAN_POINT('',(-0.066733952659629,-0.013813102617837,0.0016501851334408));
#2174=CARTESIAN_POINT('',(-0.0667339526508021,-0.012390702617837,0.00165018514206702));
#2175=CARTESIAN_POINT('',(-0.0661282480225337,-0.013813102617837,-2.50664849307258E-5));
#2176=CARTESIAN_POINT('',(-0.0656603548529112,-0.013813102617837,0.00131849970681405));
#2177=CARTESIAN_POINT('',(-0.0656603548866036,-0.012390702617837,0.00131849967388787));
#2178=CARTESIAN_POINT('',(-0.0653390548114098,-0.013813102617837,-0.000341292175365187));
#2179=CARTESIAN_POINT('',(-0.0647551444778353,-0.013813102617837,0.000962409723641744));
#2180=CARTESIAN_POINT('',(-0.0647551443784985,-0.012390702617837,0.000962409820719463));
#2181=CARTESIAN_POINT('',(-0.0647367974736256,-0.013813102617837,-0.000674512677957432));
#2182=CARTESIAN_POINT('',(-0.0639764755274411,-0.013813102617837,0.000528513807952141));
#2183=CARTESIAN_POINT('',(-0.063976475699509,-0.012390702617837,0.000528513639797479));
#2184=CARTESIAN_POINT('',(-0.064466107823381,-0.013813102617837,-0.000875052140340196));
#2185=CARTESIAN_POINT('',(-0.0635714554668328,-0.013813102617837,0.000244592622320188));
#2186=CARTESIAN_POINT('',(-0.0635714550863316,-0.012390702617837,0.000244592994167982));
#2187=CARTESIAN_POINT('',(-0.0643497111332737,-0.013813102617837,-0.000994156813121236));
#2188=CARTESIAN_POINT('',(-0.0633324235677719,-0.013813102617837,2.81892564846231E-18));
#2189=CARTESIAN_POINT('',(-0.0633324235677719,-0.012390702617837,3.03576608295941E-18));
#2190=CARTESIAN_POINT('',(-0.0965986057228969,-0.012390702617837,0.00185102319351253));
#2191=CARTESIAN_POINT('',(-0.09652,-0.012390702617837,-0.00180573204854673));
#2192=CARTESIAN_POINT('',(-0.1001776,-0.012390702617837,-0.00180573204854673));
#2193=CARTESIAN_POINT('',(-0.1001776,-0.012390702617837,0.0381));
#2194=CARTESIAN_POINT('',(-0.1001776,-0.012390702617837,-0.0371029735710296));
#2195=CARTESIAN_POINT('',(-0.1001776,-0.012390702617837,-0.0371029735710296));
#2196=CARTESIAN_POINT('',(-0.0633601684667182,0.012390702617837,3.15189866169135E-5));
#2197=CARTESIAN_POINT('',(-0.0633601684667182,0.013813102617837,3.15189866169136E-5));
#2198=CARTESIAN_POINT('',(-0.0644278457608749,0.013813102617837,-0.000908314485622801));
#2199=CARTESIAN_POINT('',(-0.0629725105731069,0.012390702617837,-0.000408871298614205));
#2200=CARTESIAN_POINT('',(-0.0629725105731009,0.013813102617837,-0.000408871298612661));
#2201=CARTESIAN_POINT('',(-0.0640401878672619,0.013813102617837,-0.00134870477085238));
#2202=CARTESIAN_POINT('',(-0.0622192689458518,0.012390702617837,-0.00123992253366765));
#2203=CARTESIAN_POINT('',(-0.0622192689458548,0.013813102617837,-0.00123992253366926));
#2204=CARTESIAN_POINT('',(-0.0632541010980781,0.013813102617837,-0.00221643539608422));
#2205=CARTESIAN_POINT('',(-0.0606338853866813,0.012390702617837,-0.00288308668139891));
#2206=CARTESIAN_POINT('',(-0.0606338853866784,0.013813102617837,-0.00288308668139395));
#2207=CARTESIAN_POINT('',(-0.0616344832412258,0.013813102617837,-0.00389441388779199));
#2208=CARTESIAN_POINT('',(-0.0594019485197431,0.012390702617837,-0.00404616098517056));
#2209=CARTESIAN_POINT('',(-0.0594019485197489,0.013813102617837,-0.00404616098519053));
#2210=CARTESIAN_POINT('',(-0.0603681896547254,0.013813102617837,-0.0050904040390513));
#2211=CARTESIAN_POINT('',(-0.0585568030526092,0.012390702617837,-0.00479673512134106));
#2212=CARTESIAN_POINT('',(-0.0585568030526092,0.013813102617837,-0.00479673512134106));
#2213=CARTESIAN_POINT('',(-0.0595013257121256,0.013813102617837,-0.00586026636472798));
#2214=CARTESIAN_POINT('',(-0.0595013257121256,0.012390702617837,-0.00586026636472797));
#2215=CARTESIAN_POINT('',(-0.064349711134508,0.0138131013733279,-0.00099415681421057));
#2216=CARTESIAN_POINT('',(-0.0641665315298447,0.0138127629984319,-0.000815142255788563));
#2217=CARTESIAN_POINT('',(-0.0639327562872855,0.0137089583263769,-0.000587390828932197));
#2218=CARTESIAN_POINT('',(-0.0637578464239768,0.0135519818125702,-0.000416026568984871));
#2219=CARTESIAN_POINT('',(-0.0636754056854818,0.0134560582285789,-0.000335222808719236));
#2220=CARTESIAN_POINT('',(-0.0636379886404204,0.0134089779089113,-0.000298575276515422));
#2221=CARTESIAN_POINT('',(-0.0635561843965464,0.013285295089354,-0.000218679864558692));
#2222=CARTESIAN_POINT('',(-0.0634781290971771,0.0131334754585095,-0.000142475962101984));
#2223=CARTESIAN_POINT('',(-0.063366385508638,0.0128351743661528,-3.3378058549586E-5));
#2224=CARTESIAN_POINT('',(-0.0633324235677719,0.0125652963455186,-1.62461151542163E-17));
#2225=CARTESIAN_POINT('',(-0.0633324235677719,0.012390702617837,-1.62630325872826E-17));
#2226=CARTESIAN_POINT('',(-0.0965503111678944,0.012390702617837,0.00327478278224846));
#2227=CARTESIAN_POINT('',(-0.0965503111678944,0.013813102617837,0.00327478278224844));
#2228=CARTESIAN_POINT('',(-0.09652,0.013813102617837,0.00185270578253962));
#2229=CARTESIAN_POINT('',(-0.0951883841090412,0.0123907026178465,0.00330381187121433));
#2230=CARTESIAN_POINT('',(-0.0951883841073721,0.0138131026176538,0.00330381187124866));
#2231=CARTESIAN_POINT('',(-0.0951625315107011,0.013813102617837,0.00188163983840038));
#2232=CARTESIAN_POINT('',(-0.0924638127459506,0.0123907026178326,0.00334913626079251));
#2233=CARTESIAN_POINT('',(-0.0924638127467253,0.013813102617922,0.00334913626077644));
#2234=CARTESIAN_POINT('',(-0.0924476809425298,0.013813102617837,0.00192679756139818));
#2235=CARTESIAN_POINT('',(-0.0883739127422089,0.0123907026178382,0.0033707136315481));
#2236=CARTESIAN_POINT('',(-0.0883739127420009,0.0138131026178142,0.00337071363155282));
#2237=CARTESIAN_POINT('',(-0.0883756935234638,0.013813102617837,0.00194826887678674));
#2238=CARTESIAN_POINT('',(-0.0842796601335593,0.0123907026178367,0.00333434892316946));
#2239=CARTESIAN_POINT('',(-0.0842796601336166,0.0138131026178431,0.00333434892316663));
#2240=CARTESIAN_POINT('',(-0.0843041426675797,0.013813102617837,0.00191208066956691));
#2241=CARTESIAN_POINT('',(-0.080178278131886,0.0123907026178371,0.00322251777698989));
#2242=CARTESIAN_POINT('',(-0.0801782781318644,0.0138131026178353,0.00322251777699646));
#2243=CARTESIAN_POINT('',(-0.0802328736477943,0.013813102617837,0.00180103063085407));
#2244=CARTESIAN_POINT('',(-0.0767515226469737,0.012390702617837,0.00304336052455021));
#2245=CARTESIAN_POINT('',(-0.0767515226469945,0.0138131026178372,0.00304336052453175));
#2246=CARTESIAN_POINT('',(-0.0768413650000864,0.013813102617837,0.00162359800539361));
#2247=CARTESIAN_POINT('',(-0.0740057791767061,0.012390702617837,0.00282215053182992));
#2248=CARTESIAN_POINT('',(-0.0740057791766731,0.013813102617837,0.00282215053186184));
#2249=CARTESIAN_POINT('',(-0.0741357668395965,0.013813102617837,0.00140556479168661));
#2250=CARTESIAN_POINT('',(-0.0719420617207483,0.012390702617837,0.00260525928856086));
#2251=CARTESIAN_POINT('',(-0.071942061720873,0.013813102617837,0.00260525928843903));
#2252=CARTESIAN_POINT('',(-0.0721113982899537,0.013813102617837,0.00119273552335036));
#2253=CARTESIAN_POINT('',(-0.0702130476654775,0.012390702617837,0.0023664953627226));
#2254=CARTESIAN_POINT('',(-0.07021304766511,0.013813102617837,0.00236649536308176));
#2255=CARTESIAN_POINT('',(-0.070427578379968,0.013813102617837,0.000960052255853467));
#2256=CARTESIAN_POINT('',(-0.0688252709591933,0.012390702617837,0.00212400492246518));
#2257=CARTESIAN_POINT('',(-0.0688252709598299,0.013813102617837,0.00212400492184305));
#2258=CARTESIAN_POINT('',(-0.0690897404064793,0.013813102617837,0.000726163954232945));
#2259=CARTESIAN_POINT('',(-0.0677807650857657,0.012390702617837,0.00190850087855775));
#2260=CARTESIAN_POINT('',(-0.0677807650833357,0.013813102617837,0.00190850088093242));
#2261=CARTESIAN_POINT('',(-0.0680930644578586,0.013813102617837,0.000520544779589471));
#2262=CARTESIAN_POINT('',(-0.0667305813672356,0.012390702617837,0.00164914899118428));
#2263=CARTESIAN_POINT('',(-0.0667305813763188,0.013813102617837,0.00164914898230772));
#2264=CARTESIAN_POINT('',(-0.0671059938323002,0.013813102617837,0.000276112727947286));
#2265=CARTESIAN_POINT('',(-0.0656600929202543,0.0123907026178371,0.00131846084987636));
#2266=CARTESIAN_POINT('',(-0.0656600928863512,0.013813102617837,0.00131846088300791));
#2267=CARTESIAN_POINT('',(-0.0661279652626054,0.013813102617837,-2.51399420537615E-5));
#2268=CARTESIAN_POINT('',(-0.064756206578697,0.0123907026178368,0.000962481893600261));
#2269=CARTESIAN_POINT('',(-0.0647562066784873,0.0138131026178372,0.000962481796080846));
#2270=CARTESIAN_POINT('',(-0.0653402162717824,0.013813102617837,-0.000341086671363708));
#2271=CARTESIAN_POINT('',(-0.0639827602554349,0.0123907026178374,0.000532452560397345));
#2272=CARTESIAN_POINT('',(-0.0639827600825929,0.0138131026178367,0.000532452729305985));
#2273=CARTESIAN_POINT('',(-0.0647413433134509,0.013813102617837,-0.000671586963872144));
#2274=CARTESIAN_POINT('',(-0.0635730357391269,0.0123907026178361,0.000246210423544087));
#2275=CARTESIAN_POINT('',(-0.0635730361213365,0.0138131026178376,0.00024621005003219));
#2276=CARTESIAN_POINT('',(-0.0644668775229585,0.013813102617837,-0.000874264532815404));
#2277=CARTESIAN_POINT('',(-0.0633324235677719,0.012390702617837,3.46944695195361E-18));
#2278=CARTESIAN_POINT('',(-0.0633324235677719,0.013813102617837,3.25260651745651E-18));
#2279=CARTESIAN_POINT('',(-0.0643497111332737,0.013813102617837,-0.000994156813121236));
#2280=CARTESIAN_POINT('',(-0.09652,0.012390702617837,0.00185270578253962));
#2281=CARTESIAN_POINT('',(-0.0966291746151442,0.0123898578598961,0.00327309467653537));
#2282=CARTESIAN_POINT('',(-0.0966597152829626,0.0138112728397864,0.00327243817340272));
#2283=CARTESIAN_POINT('',(-0.0966291746151478,0.013811929342919,0.00185102319351233));
#2284=CARTESIAN_POINT('',(-0.0966028900360574,0.0123904210307738,0.00327365969065401));
#2285=CARTESIAN_POINT('',(-0.096623253665396,0.0138122755465803,0.00327322379596839));
#2286=CARTESIAN_POINT('',(-0.0965927873483364,0.0138127115247231,0.00185158636441222));
#2287=CARTESIAN_POINT('',(-0.0965766022207203,0.0123907026178157,0.0032742223959146));
#2288=CARTESIAN_POINT('',(-0.0965867856353906,0.0138128854691391,0.00327400533931862));
#2289=CARTESIAN_POINT('',(-0.096556395810067,0.013813102617837,0.0018521472307534));
#2290=CARTESIAN_POINT('',(-0.0965503111678944,0.0123907026178371,0.00327478278224845));
#2291=CARTESIAN_POINT('',(-0.0965503111678944,0.013813102617837,0.00327478278224842));
#2292=CARTESIAN_POINT('',(-0.09652,0.013813102617837,0.00185270578253962));
#2293=CARTESIAN_POINT('',(-0.0965986057228969,0.0123898578598963,0.00185102319351253));
#2294=CARTESIAN_POINT('',(-0.0966291746151346,0.0138119293429193,0.00185102319351253));
#2295=CARTESIAN_POINT('',(-0.0966597152829493,0.0138112728397868,0.00327243817340304));
#2296=CARTESIAN_POINT('',(-0.0966291746151346,0.0123898578598963,0.00327309467653558));
#2297=CARTESIAN_POINT('',(-0.097284895011474,0.0137978339571577,0.00184087451576173));
#2298=CARTESIAN_POINT('',(-0.097496209578599,0.0137893575536976,0.00325052288731137));
#2299=CARTESIAN_POINT('',(-0.0972848950114838,0.0123797091821456,0.00325899929077378));
#2300=CARTESIAN_POINT('',(-0.0985905185019463,0.0135124781326452,0.00163541832211632));
#2301=CARTESIAN_POINT('',(-0.0990126090890894,0.0133686332610632,0.00282979859468063));
#2302=CARTESIAN_POINT('',(-0.0985905185019417,0.0121742529885,0.00297364346626157));
#2303=CARTESIAN_POINT('',(-0.100242422522689,0.0123763677586647,0.00081741885284885));
#2304=CARTESIAN_POINT('',(-0.100537140230194,0.0120585439785074,0.00151970931212322));
#2305=CARTESIAN_POINT('',(-0.10024242252269,0.0113562535192327,0.00183753309228085));
#2306=CARTESIAN_POINT('',(-0.101342769321439,0.0107004290429001,-0.000389257022500941));
#2307=CARTESIAN_POINT('',(-0.101405329967242,0.0104674558044071,-7.13788619760341E-5));
#2308=CARTESIAN_POINT('',(-0.101342769321439,0.0101495776438826,0.000161594376516787));
#2309=CARTESIAN_POINT('',(-0.1016,0.00938897448594474,-0.00133350430350979));
#2310=CARTESIAN_POINT('',(-0.101599999999984,0.00929715243495089,-0.0012416822314341));
#2311=CARTESIAN_POINT('',(-0.1016,0.00920533036287432,-0.00114986018043995));
#2312=CARTESIAN_POINT('',(-0.1016,0.00873310261783701,-0.00180573204854673));
#2313=CARTESIAN_POINT('',(-0.1016,0.00873310261783701,-0.00180573204854673));
#2314=CARTESIAN_POINT('',(-0.1016,0.00873310261783701,-0.00180573204854673));
#2315=CARTESIAN_POINT('',(-0.0422099651282271,0.00231494313113184,-0.0164297827183791));
#2316=CARTESIAN_POINT('',(-0.0419267943122965,0.00203656401939459,-0.0151587812458711));
#2317=CARTESIAN_POINT('',(-0.0427429370835169,0.00104702544261549,-0.0148012203894917));
#2318=CARTESIAN_POINT('',(-0.0428631389727799,0.00295706422704731,-0.0161436202877361));
#2319=CARTESIAN_POINT('',(-0.0425731760275627,0.00267200791977006,-0.0148854842248323));
#2320=CARTESIAN_POINT('',(-0.0433795122088215,0.00168914653852832,-0.014522330034789));
#2321=CARTESIAN_POINT('',(-0.0441615584114706,0.00423364454310725,-0.0155487558120766));
#2322=CARTESIAN_POINT('',(-0.0438607978602663,0.00393568644569695,-0.0143180001894343));
#2323=CARTESIAN_POINT('',(-0.0446490353207443,0.00297045792180999,-0.0139428384293564));
#2324=CARTESIAN_POINT('',(-0.0461192292060542,0.0061575934375396,-0.0145897638667453));
#2325=CARTESIAN_POINT('',(-0.0457934758574866,0.00584531330212637,-0.0133918004596609));
#2326=CARTESIAN_POINT('',(-0.0465333308027302,0.00487311701376077,-0.0130094625265736));
#2327=CARTESIAN_POINT('',(-0.048122496551194,0.00801506914420325,-0.0135347831127162));
#2328=CARTESIAN_POINT('',(-0.0477587297445008,0.00768716129763167,-0.0123673285508353));
#2329=CARTESIAN_POINT('',(-0.0484420830279136,0.00669281562834607,-0.0119835535996631));
#2330=CARTESIAN_POINT('',(-0.0501753849101328,0.00979145794141863,-0.0123672498375109));
#2331=CARTESIAN_POINT('',(-0.049762836525381,0.00944904182144518,-0.0112285417413954));
#2332=CARTESIAN_POINT('',(-0.0503830262331259,0.00842126680935412,-0.0108491576768435));
#2333=CARTESIAN_POINT('',(-0.0519379109348061,0.011167024857855,-0.0112908903692823));
#2334=CARTESIAN_POINT('',(-0.0514686620833602,0.0108161696836979,-0.0101696467713316));
#2335=CARTESIAN_POINT('',(-0.0520242177100384,0.00973942332257259,-0.00980418645887227));
#2336=CARTESIAN_POINT('',(-0.053413074755736,0.0121764743224975,-0.0103516332752103));
#2337=CARTESIAN_POINT('',(-0.0528688759979463,0.011823614511158,-0.00923719560552095));
#2338=CARTESIAN_POINT('',(-0.0533622377085487,0.0106825973531412,-0.00889283271764558));
#2339=CARTESIAN_POINT('',(-0.0543865838562976,0.0127618615081487,-0.00972170612637123));
#2340=CARTESIAN_POINT('',(-0.0537771594506002,0.0124156917678681,-0.00860260558138821));
#2341=CARTESIAN_POINT('',(-0.054219222995488,0.0112127894800223,-0.00828183028098196));
#2342=CARTESIAN_POINT('',(-0.0552128622275116,0.013183910755373,-0.00919310805479318));
#2343=CARTESIAN_POINT('',(-0.0545249350194261,0.0128554146606955,-0.00805965750430938));
#2344=CARTESIAN_POINT('',(-0.0549128681874677,0.0115777203650965,-0.0077692379567613));
#2345=CARTESIAN_POINT('',(-0.0557595871508603,0.013422833669729,-0.00885206455976379));
#2346=CARTESIAN_POINT('',(-0.0550076566956404,0.0131167269230107,-0.00769988542261509));
#2347=CARTESIAN_POINT('',(-0.0553497654166019,0.0117739268604084,-0.00743857117616269));
#2348=CARTESIAN_POINT('',(-0.0562323650467868,0.0135933979101445,-0.00857119951607803));
#2349=CARTESIAN_POINT('',(-0.055410859513436,0.0133201212048252,-0.00739301495661553));
#2350=CARTESIAN_POINT('',(-0.0557029841473381,0.0119051139392462,-0.00716628135869444));
#2351=CARTESIAN_POINT('',(-0.056550209784892,0.0136890415364553,-0.00839183095631249));
#2352=CARTESIAN_POINT('',(-0.0556752764049924,0.0134474180017833,-0.00718885284808598));
#2353=CARTESIAN_POINT('',(-0.0559257820584702,0.0119739213027119,-0.00699240128035215));
#2354=CARTESIAN_POINT('',(-0.0568274922692391,0.0137558247818004,-0.00824552315970704));
#2355=CARTESIAN_POINT('',(-0.0558993246174472,0.0135520745174967,-0.00701382227467949));
#2356=CARTESIAN_POINT('',(-0.0561058003275353,0.0120185514116968,-0.006850577574095));
#2357=CARTESIAN_POINT('',(-0.0570138541515358,0.0137927196654809,-0.00815279623640715));
#2358=CARTESIAN_POINT('',(-0.0560474163673568,0.0136205070534049,-0.00689721709556996));
#2359=CARTESIAN_POINT('',(-0.0562191706548662,0.0120415607162398,-0.00676069556903746));
#2360=CARTESIAN_POINT('',(-0.057175717469964,0.013816949573207,-0.00807757660066689));
#2361=CARTESIAN_POINT('',(-0.0561734499401567,0.0136780936267925,-0.00679730299945657));
#2362=CARTESIAN_POINT('',(-0.0563106924705974,0.0120556718548382,-0.00668778552438406));
#2363=CARTESIAN_POINT('',(-0.0572536908737909,0.0138280204993854,-0.0080020993215192));
#2364=CARTESIAN_POINT('',(-0.0562568298648973,0.0136804596996738,-0.00673112878206942));
#2365=CARTESIAN_POINT('',(-0.0564022313336853,0.0120692133772468,-0.00661462694315839));
#2366=CARTESIAN_POINT('',(-0.0574288959061771,0.0138534772364897,-0.00786964762896438));
#2367=CARTESIAN_POINT('',(-0.0564231715910041,0.0137105461946538,-0.00659843668310102));
#2368=CARTESIAN_POINT('',(-0.0565620930638756,0.0120931288511936,-0.00648624732934078));
#2369=CARTESIAN_POINT('',(-0.057657849344714,0.0138865083782427,-0.0076793678384843));
#2370=CARTESIAN_POINT('',(-0.0566486150907793,0.0137397779272314,-0.00641681362839382));
#2371=CARTESIAN_POINT('',(-0.0567895386814757,0.0121270178388598,-0.00630182614074826));
#2372=CARTESIAN_POINT('',(-0.0580334060406262,0.0139408326276993,-0.00737275888305908));
#2373=CARTESIAN_POINT('',(-0.0570138003308667,0.0137938890228638,-0.0061188738302054));
#2374=CARTESIAN_POINT('',(-0.0571513433300379,0.0121810065752484,-0.00600467510691033));
#2375=CARTESIAN_POINT('',(-0.0586797259679441,0.0140342580226565,-0.00683044989401896));
#2376=CARTESIAN_POINT('',(-0.0576438917818468,0.0138841499716212,-0.00559473262771887));
#2377=CARTESIAN_POINT('',(-0.057779052719329,0.0122746454785197,-0.00547913843618202));
#2378=CARTESIAN_POINT('',(-0.0592259684463379,0.0141132395050702,-0.00635578510842973));
#2379=CARTESIAN_POINT('',(-0.0581762292016261,0.0139614715579941,-0.00513461388063479));
#2380=CARTESIAN_POINT('',(-0.0583077323201742,0.012353535457379,-0.00501922066237986));
#2381=CARTESIAN_POINT('',(-0.0595854667423397,0.0141652146204521,-0.00603496732656255));
#2382=CARTESIAN_POINT('',(-0.0585267321204444,0.0140121461504653,-0.0048237843253215));
#2383=CARTESIAN_POINT('',(-0.0586560374819214,0.012405510572753,-0.00470839168031492));
#2384=CARTESIAN_POINT('',(-0.0585568030526092,0.012390702617837,-0.00479673512134105));
#2385=CARTESIAN_POINT('',(-0.0581142442643343,0.0126398348132377,-0.00518977181517861));
#2386=CARTESIAN_POINT('',(-0.0575258064208858,0.0130183644631718,-0.00585166195294597));
#2387=CARTESIAN_POINT('',(-0.0569699621436076,0.0134841565010348,-0.00692210559566861));
#2388=CARTESIAN_POINT('',(-0.0568971452721757,0.0136955150219784,-0.00753654033478711));
#2389=CARTESIAN_POINT('',(-0.0569289005598457,0.0137507341354496,-0.00785515467031045));
#2390=CARTESIAN_POINT('',(-0.0569289005598756,0.0137507341354555,-0.00785515467029139));
#2391=CARTESIAN_POINT('',(-0.044053964466917,0.00412773904465782,-0.0155895163766571));
#2392=CARTESIAN_POINT('',(-0.0436675858451684,0.00374789856864274,-0.0153918173503427));
#2393=CARTESIAN_POINT('',(-0.0430823709972271,0.00285103854052403,-0.0149446433393437));
#2394=CARTESIAN_POINT('',(-0.0428774147385155,0.0017049966514026,-0.0147421498976288));
#2395=CARTESIAN_POINT('',(-0.0428335055639475,0.0011383849510265,-0.0147614630067926));
#2396=CARTESIAN_POINT('',(-0.056928900559858,0.0137507341354513,-0.00785515467030859));
#2397=CARTESIAN_POINT('',(-0.0569395336342659,0.0137692239362048,-0.00796184083765273));
#2398=CARTESIAN_POINT('',(-0.0569519384501595,0.0137798054872882,-0.00806941773851286));
#2399=CARTESIAN_POINT('',(-0.0569663783982095,0.013782518922347,-0.00817692807744811));
#2400=CARTESIAN_POINT('',(-0.0585568030526093,0.0123907026178371,-0.00479673512134104));
#2401=CARTESIAN_POINT('',(-0.0585568030526093,0.013813102617837,-0.00479673512134108));
#2402=CARTESIAN_POINT('',(-0.0595013257121256,0.013813102617837,-0.00586026636472797));
#2403=CARTESIAN_POINT('',(-0.0583583006087314,0.0125024467546271,-0.0049730252466926));
#2404=CARTESIAN_POINT('',(-0.0584372005658126,0.0138131026178345,-0.00504675571263064));
#2405=CARTESIAN_POINT('',(-0.0593070442224635,0.013813102617837,-0.00603280785822839));
#2406=CARTESIAN_POINT('',(-0.0579803283394804,0.012727241208921,-0.00534765031481135));
#2407=CARTESIAN_POINT('',(-0.058184237328244,0.0138131026178382,-0.00553541639921895));
#2408=CARTESIAN_POINT('',(-0.0589204739415275,0.013813102617837,-0.0063801559459275));
#2409=CARTESIAN_POINT('',(-0.0575594777756301,0.0130110636521605,-0.00587996583762723));
#2410=CARTESIAN_POINT('',(-0.0578397346779383,0.0138131026178369,-0.00616065664684146));
#2411=CARTESIAN_POINT('',(-0.058443704651754,0.013813102617837,-0.00682127061213107));
#2412=CARTESIAN_POINT('',(-0.0572661727353778,0.0132394695304954,-0.00636040200693617));
#2413=CARTESIAN_POINT('',(-0.0575707530033534,0.0138131026178371,-0.00666508097114404));
#2414=CARTESIAN_POINT('',(-0.0580690269589604,0.013813102617837,-0.0071812729717314));
#2415=CARTESIAN_POINT('',(-0.0570754521142566,0.0134112462236105,-0.00676072703179766));
#2416=CARTESIAN_POINT('',(-0.0573796313728287,0.013813102617837,-0.00704958888480318));
#2417=CARTESIAN_POINT('',(-0.0577934143050574,0.013813102617837,-0.00745697874335569));
#2418=CARTESIAN_POINT('',(-0.0569550353874187,0.0135545160869726,-0.00713537524733189));
#2419=CARTESIAN_POINT('',(-0.0572343294092785,0.0138131026178371,-0.00738555002790489));
#2420=CARTESIAN_POINT('',(-0.0575706434586503,0.013813102617837,-0.00769336870001209));
#2421=CARTESIAN_POINT('',(-0.0569025482015643,0.0136679996757951,-0.00750504073333793));
#2422=CARTESIAN_POINT('',(-0.0571408911243381,0.0138131026178369,-0.00768807368424413));
#2423=CARTESIAN_POINT('',(-0.0574041695724296,0.013813102617837,-0.00789280624866802));
#2424=CARTESIAN_POINT('',(-0.0569140327025515,0.0137248789002038,-0.00770596825883727));
#2425=CARTESIAN_POINT('',(-0.0571135539713248,0.0138131026178373,-0.0078470331992383));
#2426=CARTESIAN_POINT('',(-0.0573257247400041,0.013813102617837,-0.00799750638341387));
#2427=CARTESIAN_POINT('',(-0.0569289005598394,0.0137507341354455,-0.00785515467028971));
#2428=CARTESIAN_POINT('',(-0.0571077193100785,0.013813102617837,-0.00795254433227787));
#2429=CARTESIAN_POINT('',(-0.057294738351216,0.013813102617837,-0.00805440010063209));
#2430=CARTESIAN_POINT('',(-0.0572947383512216,0.012390702617837,-0.00805440010063487));
#2431=CARTESIAN_POINT('',(-0.0569289005598506,0.0137507341354493,-0.00785515467029144));
#2432=CARTESIAN_POINT('',(-0.0571077193100922,0.0138131026178396,-0.00795254433228062));
#2433=CARTESIAN_POINT('',(-0.0572947383512318,0.013813102617837,-0.00805440010063599));
#2434=CARTESIAN_POINT('',(-0.0569395565996711,0.0137692638953029,-0.00796207142770604));
#2435=CARTESIAN_POINT('',(-0.0570600396284791,0.0138015098909442,-0.00802808377172405));
#2436=CARTESIAN_POINT('',(-0.0571837062975696,0.0138131026178385,-0.00809517365179645));
#2437=CARTESIAN_POINT('',(-0.0569519262578308,0.0137798031962071,-0.00806942890118378));
#2438=CARTESIAN_POINT('',(-0.0570129976295808,0.0137912792232422,-0.00810273745301998));
#2439=CARTESIAN_POINT('',(-0.0570740690100173,0.0138027552473373,-0.0081360460225581));
#2440=CARTESIAN_POINT('',(-0.0569663783982097,0.0137825189223471,-0.00817692807744813));
#2441=CARTESIAN_POINT('',(-0.0569663783982097,0.0137825189223471,-0.0081769280774481));
#2442=CARTESIAN_POINT('',(-0.0569663783982098,0.0137825189223471,-0.00817692807744807));
#2443=CARTESIAN_POINT('',(-0.0572947383512216,0.013813102617837,-0.00805440010063487));
#2444=CARTESIAN_POINT('',(-0.057184247602344,0.0138131026178379,-0.00809497487464028));
#2445=CARTESIAN_POINT('',(-0.0570743699762007,0.0138028118024019,-0.00813593149111623));
#2446=CARTESIAN_POINT('',(-0.0569663783982097,0.0137825189223471,-0.00817692807744807));
#2447=CARTESIAN_POINT('',(-0.0572947383512068,0.012035102617837,-0.0160027978738026));
#2448=CARTESIAN_POINT('',(-0.0569663783982096,0.0137825189223471,-0.0233945148604648));
#2449=CARTESIAN_POINT('',(-0.0570748930488554,0.013802910093869,-0.0234022295641328));
#2450=CARTESIAN_POINT('',(-0.0571843466580163,0.013813102617837,-0.023410096604331));
#2451=CARTESIAN_POINT('',(-0.0572947383512068,0.013813102617837,-0.0234181202116323));
#2452=CARTESIAN_POINT('',(-0.0948147725148118,0.0128160761888666,-0.0381));
#2453=CARTESIAN_POINT('',(-0.0948147725148118,0.0128160761888666,-0.0381));
#2454=CARTESIAN_POINT('',(-0.0948147725148118,0.0128160761888666,-0.0381));
#2455=CARTESIAN_POINT('',(-0.0947731711743582,0.0129925569195458,-0.0381));
#2456=CARTESIAN_POINT('',(-0.0947057315960287,0.0129251171076566,-0.0381000000019119));
#2457=CARTESIAN_POINT('',(-0.0946382917841356,0.012857677529321,-0.0381));
#2458=CARTESIAN_POINT('',(-0.0947316246044775,0.0131688053038717,-0.0380520728005301));
#2459=CARTESIAN_POINT('',(-0.0945914436894335,0.0130394050142489,-0.0380905546209906));
#2460=CARTESIAN_POINT('',(-0.0944620433998093,0.0128992240992016,-0.0380520728005317));
#2461=CARTESIAN_POINT('',(-0.0946957521198198,0.0133209831472602,-0.0379627006576281));
#2462=CARTESIAN_POINT('',(-0.0944744292814976,0.0131564194221808,-0.0380593468738367));
#2463=CARTESIAN_POINT('',(-0.0943098655564182,0.0129350965838587,-0.0379627006576281));
#2464=CARTESIAN_POINT('',(-0.0946957521198197,0.0129350965838586,-0.0373056347855985));
#2465=CARTESIAN_POINT('',(-0.0939654791418974,0.0130511026178371,-0.0377610585404214));
#2466=CARTESIAN_POINT('',(-0.0939654791418974,0.013813102617837,-0.0377610585404214));
#2467=CARTESIAN_POINT('',(-0.094349625172803,0.013813102617837,-0.0371029735710296));
#2468=CARTESIAN_POINT('',(-0.0940266361461988,0.0130511026075958,-0.0377967579129298));
#2469=CARTESIAN_POINT('',(-0.0940703696769006,0.0137188491305267,-0.0378222866263197));
#2470=CARTESIAN_POINT('',(-0.0944110924602721,0.013813102617837,-0.0372551853972768));
#2471=CARTESIAN_POINT('',(-0.0941468631231633,0.0130351442329003,-0.037867051345808));
#2472=CARTESIAN_POINT('',(-0.0942500703847208,0.013536287820378,-0.0379274328145286));
#2473=CARTESIAN_POINT('',(-0.094531928171023,0.0137454036384138,-0.037554892422046));
#2474=CARTESIAN_POINT('',(-0.0942632719428508,0.0129819238935525,-0.0379353368115035));
#2475=CARTESIAN_POINT('',(-0.0944131775242362,0.0133074763774571,-0.0380232931182773));
#2476=CARTESIAN_POINT('',(-0.0946489239299351,0.0135196343841552,-0.0378460352723422));
#2477=CARTESIAN_POINT('',(-0.0943098655564325,0.0129350965838838,-0.0379627006576366));
#2478=CARTESIAN_POINT('',(-0.0944744292815079,0.0131564194222379,-0.0380593468738428));
#2479=CARTESIAN_POINT('',(-0.0946957521198342,0.0133209831473338,-0.0379627006576081));
#2480=CARTESIAN_POINT('',(-0.094349625172803,0.013051102617837,-0.0371029735710296));
#2481=CARTESIAN_POINT('',(-0.0571985901299038,0.013051102617837,-0.0241740299413886));
#2482=CARTESIAN_POINT('',(-0.0571985901299038,0.013813102617837,-0.0241740299413886));
#2483=CARTESIAN_POINT('',(-0.0572947383512068,0.013813102617837,-0.0234181202116323));
#2484=CARTESIAN_POINT('',(-0.0637728343845842,0.0130511026178021,-0.0250102434026211));
#2485=CARTESIAN_POINT('',(-0.0637728343836673,0.0138131026176069,-0.025010243403048));
#2486=CARTESIAN_POINT('',(-0.0639422085590427,0.013813102617837,-0.0242636476762497));
#2487=CARTESIAN_POINT('',(-0.0763517863506024,0.0130511026180105,-0.0284980244930892));
#2488=CARTESIAN_POINT('',(-0.0763517863599138,0.0138131026192679,-0.028498024496459));
#2489=CARTESIAN_POINT('',(-0.0766357000537646,0.013813102617837,-0.0277860649687058));
#2490=CARTESIAN_POINT('',(-0.0882407144978477,0.013051102617525,-0.0344193234785908));
#2491=CARTESIAN_POINT('',(-0.0882407144801416,0.0138131026152055,-0.0344193234714243));
#2492=CARTESIAN_POINT('',(-0.0885958156414623,0.013813102617837,-0.0337442840443925));
#2493=CARTESIAN_POINT('',(-0.0939654791418974,0.0130511026178371,-0.0377610585404214));
#2494=CARTESIAN_POINT('',(-0.0939654791418974,0.013813102617837,-0.0377610585404214));
#2495=CARTESIAN_POINT('',(-0.094349625172803,0.013813102617837,-0.0371029735710296));
#2496=CARTESIAN_POINT('',(-0.0572947383512068,0.013051102617837,-0.0234181202116323));
#2497=CARTESIAN_POINT('',(-0.0570130260097358,0.0130336262204142,-0.0241506850227771));
#2498=CARTESIAN_POINT('',(-0.0568775347033661,0.0137658241533973,-0.02413382802028));
#2499=CARTESIAN_POINT('',(-0.0569663783982095,0.0137825189223471,-0.0233945148604648));
#2500=CARTESIAN_POINT('',(-0.0570743616551875,0.0130452806819154,-0.0241583160299335));
#2501=CARTESIAN_POINT('',(-0.0569830904027082,0.0137913931282037,-0.0241468354660686));
#2502=CARTESIAN_POINT('',(-0.0570749151124805,0.0138029142398822,-0.0234022311327729));
#2503=CARTESIAN_POINT('',(-0.0571362168345724,0.0130511026124495,-0.0241660963467187));
#2504=CARTESIAN_POINT('',(-0.0570900937967419,0.0138071575078168,-0.0241602297098524));
#2505=CARTESIAN_POINT('',(-0.0571843693017167,0.0138131026178373,-0.0234100982502214));
#2506=CARTESIAN_POINT('',(-0.0571985901299037,0.0130511026178373,-0.0241740299413886));
#2507=CARTESIAN_POINT('',(-0.0571985901299036,0.0138131026178373,-0.0241740299413885));
#2508=CARTESIAN_POINT('',(-0.0572947383512066,0.0138131026178373,-0.0234181202116323));
#2509=CARTESIAN_POINT('',(-0.0571071040923512,0.0130336262204142,-0.0233945148604648));
#2510=CARTESIAN_POINT('',(-0.0569663783982073,0.0137825189223466,-0.0233945148604646));
#2511=CARTESIAN_POINT('',(-0.0568775347033639,0.0137658241533968,-0.0241338280202797));
#2512=CARTESIAN_POINT('',(-0.0570130260097339,0.0130336262204138,-0.0241506850227769));
#2513=CARTESIAN_POINT('',(-0.0564506795184508,0.0136856130737054,-0.0233408426826692));
#2514=CARTESIAN_POINT('',(-0.056374258230582,0.013660961692768,-0.0240720755375752));
#2515=CARTESIAN_POINT('',(-0.0565863928451609,0.0129525610497034,-0.0240976059248388));
#2516=CARTESIAN_POINT('',(-0.0555572594988434,0.0133636748868934,-0.0232481478819992));
#2517=CARTESIAN_POINT('',(-0.0554936920927395,0.0133351710970312,-0.0239745481034695));
#2518=CARTESIAN_POINT('',(-0.0557858517785017,0.0126659311600518,-0.0240059475836227));
#2519=CARTESIAN_POINT('',(-0.0539303200604727,0.0125330732588203,-0.0230994085181906));
#2520=CARTESIAN_POINT('',(-0.053886719058439,0.0125049440541298,-0.0238264899950409));
#2521=CARTESIAN_POINT('',(-0.0542695076196265,0.0118826492756061,-0.0238589025945623));
#2522=CARTESIAN_POINT('',(-0.0520761808197634,0.0112820428435647,-0.0229717957661151));
#2523=CARTESIAN_POINT('',(-0.0520443390415792,0.0112581708057785,-0.0237080232685708));
#2524=CARTESIAN_POINT('',(-0.0524870749350319,0.0106687740184807,-0.0237327867521715));
#2525=CARTESIAN_POINT('',(-0.0500051305169688,0.00964851995625808,-0.0228937785893207));
#2526=CARTESIAN_POINT('',(-0.0499890251224351,0.00963467759030727,-0.0236443359998552));
#2527=CARTESIAN_POINT('',(-0.0504763723452633,0.00906318080838081,-0.0236557136310053));
#2528=CARTESIAN_POINT('',(-0.047354070137202,0.00734508407131197,-0.0228772472595478));
#2529=CARTESIAN_POINT('',(-0.0473462378907136,0.00733757997894844,-0.0236492388455552));
#2530=CARTESIAN_POINT('',(-0.0478871565321152,0.00678582547360811,-0.0236393926613553));
#2531=CARTESIAN_POINT('',(-0.0442316401971148,0.00431219642205003,-0.0230050981000032));
#2532=CARTESIAN_POINT('',(-0.0442311420195187,0.00431182689698524,-0.023808067400403));
#2533=CARTESIAN_POINT('',(-0.0448264195202395,0.00377457232792479,-0.0237656366172558));
#2534=CARTESIAN_POINT('',(-0.0417766428830737,0.0018889533930814,-0.0232605902862818));
#2535=CARTESIAN_POINT('',(-0.0418145794792558,0.00192624804122834,-0.024085026891363));
#2536=CARTESIAN_POINT('',(-0.0423979333745982,0.00134556009800643,-0.024017776720244));
#2537=CARTESIAN_POINT('',(-0.0405480862624886,0.000681185920174637,-0.0234289273987902));
#2538=CARTESIAN_POINT('',(-0.040606223114337,0.000738339003283043,-0.0242632772748634));
#2539=CARTESIAN_POINT('',(-0.0411857273571804,0.000137792625096202,-0.0241838734693611));
#2540=CARTESIAN_POINT('',(-0.0428331039104857,0.00292753740616026,-0.0231622699462381));
#2541=CARTESIAN_POINT('',(-0.0424727725424146,0.00257330342253075,-0.0233992343429101));
#2542=CARTESIAN_POINT('',(-0.0418873365661762,0.00175835518607172,-0.0238925761766332));
#2543=CARTESIAN_POINT('',(-0.0414823618192159,0.000735068834564973,-0.0241436283094299));
#2544=CARTESIAN_POINT('',(-0.0412724963823812,0.0002242436570164,-0.0241720528518947));
#2545=CARTESIAN_POINT('',(-0.0939654791418974,-0.013051102617837,-0.0377610585404214));
#2546=CARTESIAN_POINT('',(-0.0939654791418974,-0.013813102617837,-0.0377610585404215));
#2547=CARTESIAN_POINT('',(-0.094349625172803,-0.013813102617837,-0.0371029735710296));
#2548=CARTESIAN_POINT('',(-0.0909182558475862,-0.0130511026178493,-0.0359822932012366));
#2549=CARTESIAN_POINT('',(-0.0909182558570234,-0.0138131026190594,-0.0359822932046142));
#2550=CARTESIAN_POINT('',(-0.0912869416347864,-0.013813102617837,-0.0353151835743748));
#2551=CARTESIAN_POINT('',(-0.0847375557145276,-0.0130511026178318,-0.0326605265489403));
#2552=CARTESIAN_POINT('',(-0.0847375557101581,-0.013813102617272,-0.032660526547368));
#2553=CARTESIAN_POINT('',(-0.0850717492909209,-0.013813102617837,-0.0319746934721216));
#2554=CARTESIAN_POINT('',(-0.0751488031639529,-0.013051102617837,-0.0285231990293665));
#2555=CARTESIAN_POINT('',(-0.0751488031650904,-0.0138131026179811,-0.0285231990298034));
#2556=CARTESIAN_POINT('',(-0.0754166871530564,-0.013813102617837,-0.0278083668601687));
#2557=CARTESIAN_POINT('',(-0.0652008932424001,-0.0130511026178423,-0.0254176260508577));
#2558=CARTESIAN_POINT('',(-0.0652008932422194,-0.0138131026178257,-0.0254176260506823));
#2559=CARTESIAN_POINT('',(-0.0653834195510394,-0.013813102617837,-0.0246755244136657));
#2560=CARTESIAN_POINT('',(-0.0581965536224769,-0.0130511026178247,-0.024215820959141));
#2561=CARTESIAN_POINT('',(-0.0581965536221402,-0.0138131026177675,-0.0242158209592588));
#2562=CARTESIAN_POINT('',(-0.0583048573109344,-0.013813102617837,-0.0234604621870835));
#2563=CARTESIAN_POINT('',(-0.0547070225633429,-0.013051102617837,-0.0239040373515853));
#2564=CARTESIAN_POINT('',(-0.0547070225633429,-0.013813102617837,-0.0239040373515853));
#2565=CARTESIAN_POINT('',(-0.0547748358123281,-0.013813102617837,-0.0231450608280603));
#2566=CARTESIAN_POINT('',(-0.094349625172803,-0.013051102617837,-0.0371029735710296));
#2567=CARTESIAN_POINT('',(-0.0943098655564186,-0.0129350965838582,-0.0379627006576284));
#2568=CARTESIAN_POINT('',(-0.0944744292814981,-0.0131564194221794,-0.038059346873837));
#2569=CARTESIAN_POINT('',(-0.0946957521198202,-0.0133209831472584,-0.0379627006576292));
#2570=CARTESIAN_POINT('',(-0.0942631871006854,-0.0129820090261104,-0.0379352869847615));
#2571=CARTESIAN_POINT('',(-0.0944130626777572,-0.0133077592549157,-0.0380232255171782));
#2572=CARTESIAN_POINT('',(-0.0946488386605754,-0.0135199956811103,-0.0378458230871592));
#2573=CARTESIAN_POINT('',(-0.0941476619524013,-0.0130348780575975,-0.0378675191999777));
#2574=CARTESIAN_POINT('',(-0.0942512173003687,-0.0135347988474208,-0.0379281055284889));
#2575=CARTESIAN_POINT('',(-0.0945327310361263,-0.0137442744141393,-0.0375568870482486));
#2576=CARTESIAN_POINT('',(-0.0940266245843131,-0.0130511026150689,-0.0377967511638735));
#2577=CARTESIAN_POINT('',(-0.0940703510707912,-0.0137188658609056,-0.0378222757651859));
#2578=CARTESIAN_POINT('',(-0.094411080839752,-0.0138131026178371,-0.0372551566211057));
#2579=CARTESIAN_POINT('',(-0.0939654791418974,-0.013051102617837,-0.0377610585404214));
#2580=CARTESIAN_POINT('',(-0.0939654791418973,-0.0138131026178372,-0.0377610585404214));
#2581=CARTESIAN_POINT('',(-0.094349625172803,-0.013813102617837,-0.0371029735710294));
#2582=CARTESIAN_POINT('',(-0.0946957521198197,-0.0129350965838587,-0.0373056347855985));
#2583=CARTESIAN_POINT('',(-0.0948147725148118,-0.0128160761888666,-0.0381));
#2584=CARTESIAN_POINT('',(-0.0948147725148118,-0.0128160761888666,-0.0381));
#2585=CARTESIAN_POINT('',(-0.0948147725148118,-0.0128160761888666,-0.0381));
#2586=CARTESIAN_POINT('',(-0.0946382917841368,-0.012857677529321,-0.0381));
#2587=CARTESIAN_POINT('',(-0.0947057315960344,-0.0129251171076578,-0.0381000000011709));
#2588=CARTESIAN_POINT('',(-0.0947731711743582,-0.0129925569195459,-0.0381));
#2589=CARTESIAN_POINT('',(-0.0944620433998097,-0.0128992240992016,-0.0380520728005319));
#2590=CARTESIAN_POINT('',(-0.0945914436894333,-0.0130394050142484,-0.0380905546209917));
#2591=CARTESIAN_POINT('',(-0.0947316246044775,-0.0131688053038714,-0.0380520728005303));
#2592=CARTESIAN_POINT('',(-0.0943098655564181,-0.0129350965838587,-0.0379627006576281));
#2593=CARTESIAN_POINT('',(-0.0944744292814975,-0.0131564194221809,-0.0380593468738367));
#2594=CARTESIAN_POINT('',(-0.0946957521198197,-0.0133209831472603,-0.0379627006576281));
#2595=CARTESIAN_POINT('',(-0.0981290489435196,0.062386897382163,-0.0349907018244267));
#2596=CARTESIAN_POINT('',(-0.00222161043093903,0.011586897382163,-0.0348048135638237));
#2597=CARTESIAN_POINT('',(-0.00349134289245358,-0.00419313106416739,-0.0347787468));
#2598=CARTESIAN_POINT('',(-0.00349840943219891,-0.00419372877635007,-0.0351229634801342));
#2599=CARTESIAN_POINT('',(-0.00322604888465265,-0.00404638384512031,-0.0357846330813401));
#2600=CARTESIAN_POINT('',(-0.00224824168420616,-0.00375055051542223,-0.0362162627270794));
#2601=CARTESIAN_POINT('',(-0.00121552250410904,-0.0038537692742133,-0.0357984756478912));
#2602=CARTESIAN_POINT('',(-0.000944813399417156,-0.0039545433937223,-0.0351228675326911));
#2603=CARTESIAN_POINT('',(-0.000951877969424444,-0.00395526672140368,-0.0347787468000027));
#2604=CARTESIAN_POINT('',(-0.000951877969424498,0.00395526672140369,-0.0347787468));
#2605=CARTESIAN_POINT('',(-0.000944814216176958,0.00395454347734905,-0.0351228277476463));
#2606=CARTESIAN_POINT('',(-0.00121585501647438,0.00385414568483601,-0.03579728028677));
#2607=CARTESIAN_POINT('',(-0.00224321740939216,0.00374997509354863,-0.0362166128110021));
#2608=CARTESIAN_POINT('',(-0.00322728219958237,0.00404647156792328,-0.0357846606414067));
#2609=CARTESIAN_POINT('',(-0.00349841317955089,0.00419372909331441,-0.0351231460165241));
#2610=CARTESIAN_POINT('',(-0.00349134289245348,0.00419313106416738,-0.0347787467999957));
#2611=CARTESIAN_POINT('',(-0.0213970401328029,0.00044161563721933,-0.0207233757732823));
#2612=CARTESIAN_POINT('',(-0.0214194962148049,0.000550879569481297,-0.0207233202629084));
#2613=CARTESIAN_POINT('',(-0.0214644083788089,0.000769407434005231,-0.0207232092421607));
#2614=CARTESIAN_POINT('',(-0.0215616725450064,0.00120203809460171,-0.0207789916181323));
#2615=CARTESIAN_POINT('',(-0.0216915249890074,0.00172626581658322,-0.0209270424807511));
#2616=CARTESIAN_POINT('',(-0.0218554997458908,0.00230337950087836,-0.021231034899901));
#2617=CARTESIAN_POINT('',(-0.0220206774708908,0.00280524202682135,-0.0216468695113219));
#2618=CARTESIAN_POINT('',(-0.022180434047723,0.00321140226715684,-0.0221583182332551));
#2619=CARTESIAN_POINT('',(-0.022328406502291,0.00350601917048428,-0.0227445471555706));
#2620=CARTESIAN_POINT('',(-0.0224365404964901,0.00364684005289067,-0.0232756516066967));
#2621=CARTESIAN_POINT('',(-0.022512157514305,0.00369732259412969,-0.0237132300106772));
#2622=CARTESIAN_POINT('',(-0.0225445491185143,0.00369481864909034,-0.0239339471523099));
#2623=CARTESIAN_POINT('',(-0.0225607449206189,0.00369356667657066,-0.0240443057231262));
#2624=CARTESIAN_POINT('',(-0.0213407512201255,0.000453589725384749,-0.0207317410233606));
#2625=CARTESIAN_POINT('',(-0.0213631971610027,0.000562847293665415,-0.0207316986119813));
#2626=CARTESIAN_POINT('',(-0.0214080890427569,0.000781362430226749,-0.0207316137892226));
#2627=CARTESIAN_POINT('',(-0.0215052819689392,0.00121396855931382,-0.0207874440354688));
#2628=CARTESIAN_POINT('',(-0.0216350037756252,0.00173816907207442,-0.0209355472983537));
#2629=CARTESIAN_POINT('',(-0.0217987579609485,0.00231526078679791,-0.0212395886326666));
#2630=CARTESIAN_POINT('',(-0.0219636624589802,0.00281711641691484,-0.0216554582269888));
#2631=CARTESIAN_POINT('',(-0.0221231049120955,0.00322328818721133,-0.0221669290728339));
#2632=CARTESIAN_POINT('',(-0.0222707360421402,0.00351793697368519,-0.0227531694897988));
#2633=CARTESIAN_POINT('',(-0.0223785754087838,0.00365880204127991,-0.0232842772486039));
#2634=CARTESIAN_POINT('',(-0.0224539576249296,0.00370932941091357,-0.0237218563914602));
#2635=CARTESIAN_POINT('',(-0.0224862342743167,0.00370685171320994,-0.0239425736125328));
#2636=CARTESIAN_POINT('',(-0.0225023725990103,0.00370561286435813,-0.0240529322230691));
#2637=CARTESIAN_POINT('',(-0.0212281733947709,0.000477537901715588,-0.0207484715235172));
#2638=CARTESIAN_POINT('',(-0.0212505990533982,0.000586782742033653,-0.020748455310127));
#2639=CARTESIAN_POINT('',(-0.0212954503706528,0.000805272422669784,-0.0207484228833466));
#2640=CARTESIAN_POINT('',(-0.0213925008168047,0.00123782948873802,-0.0208043488701419));
#2641=CARTESIAN_POINT('',(-0.0215219613488609,0.00176197558305683,-0.020952556933559));
#2642=CARTESIAN_POINT('',(-0.0216852743910639,0.002339023358637,-0.0212566960981979));
#2643=CARTESIAN_POINT('',(-0.0218496324351589,0.00284086519710183,-0.0216726356583226));
#2644=CARTESIAN_POINT('',(-0.0220084466408406,0.00324706002732031,-0.0221841507519913));
#2645=CARTESIAN_POINT('',(-0.0221553951218387,0.003541772580087,-0.0227704141582553));
#2646=CARTESIAN_POINT('',(-0.0222626452333711,0.00368272601805839,-0.0233015285324184));
#2647=CARTESIAN_POINT('',(-0.0223375578461788,0.00373334304448134,-0.0237391091530264));
#2648=CARTESIAN_POINT('',(-0.0223696045859217,0.00373091784144916,-0.0239598265329788));
#2649=CARTESIAN_POINT('',(-0.0223856279557932,0.00372970523993307,-0.0240701852229549));
#2650=CARTESIAN_POINT('',(-0.0210028985136696,0.000524233256314238,-0.0207814849084164));
#2651=CARTESIAN_POINT('',(-0.0210242185088325,0.000633568831000729,-0.0207816702833419));
#2652=CARTESIAN_POINT('',(-0.0210668584991585,0.000852239980373709,-0.0207820410331928));
#2653=CARTESIAN_POINT('',(-0.0211593947647055,0.00128516658072936,-0.0208386526278802));
#2654=CARTESIAN_POINT('',(-0.021283194564017,0.00180979921335441,-0.0209875318400705));
#2655=CARTESIAN_POINT('',(-0.0214399545939488,0.00238750563698046,-0.0212921464113838));
#2656=CARTESIAN_POINT('',(-0.0215982842081914,0.00289010837632306,-0.0217082452000276));
#2657=CARTESIAN_POINT('',(-0.0217518534701073,0.00329718271256126,-0.0222196346849444));
#2658=CARTESIAN_POINT('',(-0.0218945612335184,0.00359289576442522,-0.0228055409397407));
#2659=CARTESIAN_POINT('',(-0.0219992875440194,0.00373477366222235,-0.0233362224919844));
#2660=CARTESIAN_POINT('',(-0.0220728111939202,0.00378616904758053,-0.0237734159720397));
#2661=CARTESIAN_POINT('',(-0.022104453312821,0.00378414422654289,-0.0239939335676052));
#2662=CARTESIAN_POINT('',(-0.0221202743722714,0.00378313181602406,-0.024104192365388));
#2663=CARTESIAN_POINT('',(-0.020608433323675,0.000602013807701868,-0.0208383733953919));
#2664=CARTESIAN_POINT('',(-0.0206283833723409,0.00071143533829881,-0.0208388232883765));
#2665=CARTESIAN_POINT('',(-0.0206682834696725,0.000930278399492695,-0.0208397230743457));
#2666=CARTESIAN_POINT('',(-0.0207551659532212,0.00136355884981731,-0.0208972411407268));
#2667=CARTESIAN_POINT('',(-0.0208717911255648,0.00188867122926338,-0.021047019247048));
#2668=CARTESIAN_POINT('',(-0.0210201007694227,0.00246706760205488,-0.0213522953652467));
#2669=CARTESIAN_POINT('',(-0.0211705069445851,0.00297051780526739,-0.0217686550469496));
#2670=CARTESIAN_POINT('',(-0.0213170176172399,0.00337862496487478,-0.0222799439516127));
#2671=CARTESIAN_POINT('',(-0.0214538275120259,0.00367556431704517,-0.022865455482445));
#2672=CARTESIAN_POINT('',(-0.0215548423201085,0.00381861581718115,-0.0233956362390002));
#2673=CARTESIAN_POINT('',(-0.0216261626980994,0.00387102042489312,-0.0238323770939636));
#2674=CARTESIAN_POINT('',(-0.0216570598849499,0.00386952360578315,-0.0240526604746954));
#2675=CARTESIAN_POINT('',(-0.0216725084783752,0.00386877519622816,-0.0241628021650613));
#2676=CARTESIAN_POINT('',(-0.019818539011109,0.000743275995861567,-0.0209484264604888));
#2677=CARTESIAN_POINT('',(-0.0198356064558386,0.000852855846946558,-0.0209493980652007));
#2678=CARTESIAN_POINT('',(-0.0198697413452976,0.00107201554911654,-0.0209513412746243));
#2679=CARTESIAN_POINT('',(-0.0199447580522643,0.00150594957524538,-0.0210106448867277));
#2680=CARTESIAN_POINT('',(-0.0200463651832213,0.00203195469920792,-0.0211621901441863));
#2681=CARTESIAN_POINT('',(-0.0201770456575287,0.00261165383460469,-0.0214687601384592));
#2682=CARTESIAN_POINT('',(-0.0203109740380571,0.00311672641928048,-0.0218856204633507));
#2683=CARTESIAN_POINT('',(-0.0204428544363363,0.00352683307058614,-0.0223966948226257));
#2684=CARTESIAN_POINT('',(-0.0205674884946556,0.00382616714403531,-0.0229814101087792));
#2685=CARTESIAN_POINT('',(-0.0206608858388475,0.00397152645853615,-0.0235105875620554));
#2686=CARTESIAN_POINT('',(-0.0207277159472107,0.00402592394675133,-0.0239464230101957));
#2687=CARTESIAN_POINT('',(-0.0207571133762554,0.0040254732794103,-0.0241662380674596));
#2688=CARTESIAN_POINT('',(-0.0207718120907777,0.00402524794573978,-0.0242761455960916));
#2689=CARTESIAN_POINT('',(-0.0182351248006221,0.000973793362330195,-0.0211539394657477));
#2690=CARTESIAN_POINT('',(-0.0182474146542315,0.00108350240410763,-0.0211557189142219));
#2691=CARTESIAN_POINT('',(-0.0182719943614504,0.00130292048766249,-0.0211592778111702));
#2692=CARTESIAN_POINT('',(-0.0183272330818436,0.00173740753114106,-0.0212213604729324));
#2693=CARTESIAN_POINT('',(-0.0184036450632988,0.00226423934188909,-0.0213756808498523));
#2694=CARTESIAN_POINT('',(-0.0185044551754796,0.00284534577509633,-0.0216843368085406));
#2695=CARTESIAN_POINT('',(-0.0186101433582046,0.00335240321376548,-0.0221020883371267));
#2696=CARTESIAN_POINT('',(-0.018716582760551,0.00376518430469157,-0.0226129761975039));
#2697=CARTESIAN_POINT('',(-0.0188196105145875,0.00406792874171091,-0.02319662816875));
#2698=CARTESIAN_POINT('',(-0.0188990328331108,0.00421673077790599,-0.0237244072927499));
#2699=CARTESIAN_POINT('',(-0.0189572725768389,0.00427417976455728,-0.024158969134559));
#2700=CARTESIAN_POINT('',(-0.0189835884158653,0.00427536340715137,-0.0243781238373637));
#2701=CARTESIAN_POINT('',(-0.0189967463353784,0.00427595522844842,-0.0244877011887661));
#2702=CARTESIAN_POINT('',(-0.0159635752888515,0.00118063262006318,-0.0214067070801703));
#2703=CARTESIAN_POINT('',(-0.0159704389270873,0.00129030128009111,-0.0214092428870052));
#2704=CARTESIAN_POINT('',(-0.0159841662035589,0.00150963860014698,-0.021414314500675));
#2705=CARTESIAN_POINT('',(-0.0160167820169053,0.00194400451046467,-0.0214790218337843));
#2706=CARTESIAN_POINT('',(-0.0160641412494847,0.00247083583414721,-0.0216360021429943));
#2707=CARTESIAN_POINT('',(-0.0161300829318933,0.00305240647012091,-0.0219467415026166));
#2708=CARTESIAN_POINT('',(-0.0162023418339259,0.00356057945087514,-0.0223655099714717));
#2709=CARTESIAN_POINT('',(-0.0162781344020116,0.00397526338449056,-0.0228764517560496));
#2710=CARTESIAN_POINT('',(-0.016354510552487,0.00428076629079069,-0.0234593735682586));
#2711=CARTESIAN_POINT('',(-0.0164160431784093,0.00443258778126872,-0.0239860859627864));
#2712=CARTESIAN_POINT('',(-0.0164627982347271,0.00449282588808008,-0.0244196557696349));
#2713=CARTESIAN_POINT('',(-0.0164847114098248,0.00449554866563495,-0.0246382933796845));
#2714=CARTESIAN_POINT('',(-0.0164956679973736,0.00449691005441237,-0.0247476121847092));
#2715=CARTESIAN_POINT('',(-0.0132246258108092,0.00128427897720335,-0.0216476986969601));
#2716=CARTESIAN_POINT('',(-0.0132265135392009,0.00139378683643409,-0.0216507348009636));
#2717=CARTESIAN_POINT('',(-0.0132302889959842,0.00161280255489557,-0.0216568070089707));
#2718=CARTESIAN_POINT('',(-0.0132419438861833,0.00204655709819576,-0.021723278912721));
#2719=CARTESIAN_POINT('',(-0.0132620817216242,0.00257274320247139,-0.0218820946749728));
#2720=CARTESIAN_POINT('',(-0.0132948279626138,0.00315390727540824,-0.0221943697455452));
#2721=CARTESIAN_POINT('',(-0.0133347164964251,0.00366219219981909,-0.0226140282627509));
#2722=CARTESIAN_POINT('',(-0.013380234762976,0.0040776210792128,-0.0231252747931083));
#2723=CARTESIAN_POINT('',(-0.0134296063997984,0.00438456679919034,-0.0237080235154156));
#2724=CARTESIAN_POINT('',(-0.0134723316819518,0.00453819258742177,-0.0242343119252345));
#2725=CARTESIAN_POINT('',(-0.0135065246572003,0.00460019650118473,-0.0246674578277251));
#2726=CARTESIAN_POINT('',(-0.013523351726032,0.00460393176292321,-0.0248858706078127));
#2727=CARTESIAN_POINT('',(-0.0135317652604478,0.00460579939379244,-0.0249950769978565));
#2728=CARTESIAN_POINT('',(-0.0104732836496883,0.00127427573832029,-0.0218293971637591));
#2729=CARTESIAN_POINT('',(-0.0104711731822103,0.00138360496416929,-0.0218326756309148));
#2730=CARTESIAN_POINT('',(-0.0104669522472543,0.0016022634158673,-0.0218392325652262));
#2731=CARTESIAN_POINT('',(-0.0104616108015808,0.00203532265653238,-0.0219065841373386));
#2732=CARTESIAN_POINT('',(-0.0104594644097804,0.00256071152998423,-0.0220663550157823));
#2733=CARTESIAN_POINT('',(-0.0104646801717206,0.003141141862134,-0.0223795097681562));
#2734=CARTESIAN_POINT('',(-0.010477365804009,0.00364900933280032,-0.0227997855160103));
#2735=CARTESIAN_POINT('',(-0.0104970633767146,0.00406441059463387,-0.0233114089140567));
#2736=CARTESIAN_POINT('',(-0.0105229871915025,0.00437176431063715,-0.0238943368862999));
#2737=CARTESIAN_POINT('',(-0.010548977524465,0.00452611402130662,-0.0244206584714817));
#2738=CARTESIAN_POINT('',(-0.0105717140078386,0.00458890856634048,-0.0248537956402336));
#2739=CARTESIAN_POINT('',(-0.0105837544706009,0.00459312680723293,-0.0250721986906798));
#2740=CARTESIAN_POINT('',(-0.010589774701982,0.00459523592767916,-0.0251814002159029));
#2741=CARTESIAN_POINT('',(-0.00817309775259361,0.00118895539227307,-0.0219332441399413));
#2742=CARTESIAN_POINT('',(-0.00816823953717817,0.00129815260937403,-0.0219365716130406));
#2743=CARTESIAN_POINT('',(-0.0081585231063473,0.00151654704357596,-0.0219432265592392));
#2744=CARTESIAN_POINT('',(-0.00814136109644008,0.00194908577750326,-0.0220107830525129));
#2745=CARTESIAN_POINT('',(-0.00812352877720879,0.00247385217843099,-0.0221708187080486));
#2746=CARTESIAN_POINT('',(-0.00810905964183497,0.00305362342152086,-0.022484298354776));
#2747=CARTESIAN_POINT('',(-0.00810199887086615,0.00356095788373993,-0.0229048999762287));
#2748=CARTESIAN_POINT('',(-0.00810264973142034,0.00397598423979985,-0.0234168468563512));
#2749=CARTESIAN_POINT('',(-0.00811095519294667,0.00428314393256188,-0.0240000944964538));
#2750=CARTESIAN_POINT('',(-0.00812406804121449,0.00443749722161388,-0.0245266795578914));
#2751=CARTESIAN_POINT('',(-0.00813778712949375,0.00450038978848766,-0.0249600265117209));
#2752=CARTESIAN_POINT('',(-0.00814595593599025,0.00450469828980408,-0.0251785343022902));
#2753=CARTESIAN_POINT('',(-0.00815004033923851,0.00450685254046229,-0.0252877881975749));
#2754=CARTESIAN_POINT('',(-0.00632437497706336,0.00108199922557185,-0.0219900619128109));
#2755=CARTESIAN_POINT('',(-0.00631758183301218,0.00119109842545929,-0.0219933760691429));
#2756=CARTESIAN_POINT('',(-0.00630399554490983,0.00140929682523417,-0.0220000043818069));
#2757=CARTESIAN_POINT('',(-0.00627851012965789,0.00184144655468296,-0.0220675385607627));
#2758=CARTESIAN_POINT('',(-0.00624963352008648,0.00236573817384001,-0.0222275906386305));
#2759=CARTESIAN_POINT('',(-0.00622130638650498,0.00294497587894002,-0.0225411632868764));
#2760=CARTESIAN_POINT('',(-0.00620034652088307,0.00345182972954313,-0.0229619242401353));
#2761=CARTESIAN_POINT('',(-0.0061875931850609,0.00386644372476251,-0.0234740880260212));
#2762=CARTESIAN_POINT('',(-0.00618350216950466,0.00417327202557414,-0.024057598123227));
#2763=CARTESIAN_POINT('',(-0.00618755641870011,0.00432742704039376,-0.0245844280355157));
#2764=CARTESIAN_POINT('',(-0.00619493350921654,0.00439020849244865,-0.0250179786965524));
#2765=CARTESIAN_POINT('',(-0.00620037990999097,0.00439448314382884,-0.0252365895296372));
#2766=CARTESIAN_POINT('',(-0.00620310311037819,0.00439662046951893,-0.0253458949461795));
#2767=CARTESIAN_POINT('',(-0.00494527440043294,0.000983957829290467,-0.0220173120449668));
#2768=CARTESIAN_POINT('',(-0.00493713127535828,0.00109300899903399,-0.0220205622396544));
#2769=CARTESIAN_POINT('',(-0.00492084502520896,0.00131111133852104,-0.0220270626290297));
#2770=CARTESIAN_POINT('',(-0.00488936421301487,0.00174306749576037,-0.0220943983495316));
#2771=CARTESIAN_POINT('',(-0.0048522840208686,0.00226711173772865,-0.0222542875859278));
#2772=CARTESIAN_POINT('',(-0.00481326714304963,0.00284603635947488,-0.0225678110942602));
#2773=CARTESIAN_POINT('',(-0.00478121373493713,0.00335255548553941,-0.0229886593857325));
#2774=CARTESIAN_POINT('',(-0.00475739036537347,0.00376681074915357,-0.0235010313912288));
#2775=CARTESIAN_POINT('',(-0.0047426787993634,0.0040732576495938,-0.0240848467820069));
#2776=CARTESIAN_POINT('',(-0.00473862274412427,0.0042270806184933,-0.0246119873464483));
#2777=CARTESIAN_POINT('',(-0.00474009673720233,0.00428959267037016,-0.0250458034625442));
#2778=CARTESIAN_POINT('',(-0.00474289613396492,0.0042937328445709,-0.0252645495963087));
#2779=CARTESIAN_POINT('',(-0.00474429583234622,0.00429580293167126,-0.0253739226631909));
#2780=CARTESIAN_POINT('',(-0.00351601833675044,0.000869187779808541,-0.0220401215127951));
#2781=CARTESIAN_POINT('',(-0.00350668480085407,0.000978113611826885,-0.0220434137090803));
#2782=CARTESIAN_POINT('',(-0.00348801772906132,0.00119596527586357,-0.0220499981016507));
#2783=CARTESIAN_POINT('',(-0.00345199367952741,0.00162742712970131,-0.0221174691737269));
#2784=CARTESIAN_POINT('',(-0.00340964829107864,0.00215087985536247,-0.0222774786636587));
#2785=CARTESIAN_POINT('',(-0.00336524564718649,0.00272917693954314,-0.0225910617660467));
#2786=CARTESIAN_POINT('',(-0.0033289404158073,0.00323518661672814,-0.0230118900679599));
#2787=CARTESIAN_POINT('',(-0.00330216741841141,0.0036490805824431,-0.023524171284116));
#2788=CARTESIAN_POINT('',(-0.0032859159577979,0.00395533578948021,-0.0241078388489702));
#2789=CARTESIAN_POINT('',(-0.00328182071149564,0.00410915412016871,-0.0246348231132089));
#2790=CARTESIAN_POINT('',(-0.00328396707346569,0.00417175187122211,-0.0250685042082721));
#2791=CARTESIAN_POINT('',(-0.00328740661001942,0.00417597369422641,-0.0252871813147477));
#2792=CARTESIAN_POINT('',(-0.00328912637829629,0.00417808460572856,-0.0253965198679855));
#2793=CARTESIAN_POINT('',(-0.00163087568732738,0.000697689601149544,-0.0220720270583322));
#2794=CARTESIAN_POINT('',(-0.00162004925365444,0.000806468470357287,-0.0220753359842631));
#2795=CARTESIAN_POINT('',(-0.00159839638630857,0.00102402620877277,-0.022081953836125));
#2796=CARTESIAN_POINT('',(-0.00155640303349371,0.00145490678723583,-0.0221494812855869));
#2797=CARTESIAN_POINT('',(-0.00150673525340676,0.00197765752479948,-0.0223095452039546));
#2798=CARTESIAN_POINT('',(-0.00145410184088469,0.00255518929063495,-0.0226231654421714));
#2799=CARTESIAN_POINT('',(-0.00141044312029289,0.00306054492636807,-0.0230440041060528));
#2800=CARTESIAN_POINT('',(-0.00137748098652012,0.00347392573401689,-0.0235562716946762));
#2801=CARTESIAN_POINT('',(-0.0013564374773615,0.00377983102541677,-0.0241399062071908));
#2802=CARTESIAN_POINT('',(-0.0013496924229722,0.00393350969860975,-0.0246668516143746));
#2803=CARTESIAN_POINT('',(-0.00135053259802223,0.00399608510860807,-0.0251004982074474));
#2804=CARTESIAN_POINT('',(-0.00135368718208999,0.00400033530424848,-0.0253191575436969));
#2805=CARTESIAN_POINT('',(-0.00135526447412387,0.00400246040206868,-0.0254284872118217));
#2806=CARTESIAN_POINT('',(-0.000217100159614933,0.000541906698252989,-0.0220956105043359));
#2807=CARTESIAN_POINT('',(-0.000205310353026903,0.000650567635774777,-0.0220989365357664));
#2808=CARTESIAN_POINT('',(-0.000181730739850845,0.000867889510818355,-0.0221055885986275));
#2809=CARTESIAN_POINT('',(-0.000135933017837029,0.0012983038287718,-0.0221731723274365));
#2810=CARTESIAN_POINT('',(-8.16661643330339E-5,0.00182049219365753,-0.0223332882838602));
#2811=CARTESIAN_POINT('',(-2.39799821915952E-5,0.00239741313404934,-0.0226469390817948));
#2812=CARTESIAN_POINT('',(2.40703188811682E-5,0.00290225029073041,-0.0230677782096715));
#2813=CARTESIAN_POINT('',(6.05910640435648E-5,0.00331522935767349,-0.0235800194092037));
#2814=CARTESIAN_POINT('',(8.42272694067595E-5,0.00362086790381426,-0.0241636058539318));
#2815=CARTESIAN_POINT('',(9.22284886305118E-5,0.00377444957591942,-0.0246904986023696));
#2816=CARTESIAN_POINT('',(9.18564150040284E-5,0.00383702084943799,-0.0251240992669199));
#2817=CARTESIAN_POINT('',(8.86961507696313E-5,0.00384130137784212,-0.0253427350611722));
#2818=CARTESIAN_POINT('',(8.71160186524328E-5,0.00384344164204418,-0.0254520529582984));
#2819=CARTESIAN_POINT('',(0.000725416858860034,0.000438051429655285,-0.0221113328016717));
#2820=CARTESIAN_POINT('',(0.000737848914058124,0.000546633746053105,-0.0221146702367686));
#2821=CARTESIAN_POINT('',(0.000762713024454304,0.000763798378848744,-0.0221213451069624));
#2822=CARTESIAN_POINT('',(0.000811046992600758,0.00119390185646245,-0.0221889663553362));
#2823=CARTESIAN_POINT('',(0.000868379895049447,0.00171571530622957,-0.0223491170037972));
#2824=CARTESIAN_POINT('',(0.000929434590270469,0.00229222902965893,-0.0226627881748771));
#2825=CARTESIAN_POINT('',(0.000980412611663871,0.00279672053363863,-0.023083627612084));
#2826=CARTESIAN_POINT('',(0.00101930576441935,0.00320943177344456,-0.0235958512188887));
#2827=CARTESIAN_POINT('',(0.00104467043391893,0.00351489248941258,-0.0241794056184257));
#2828=CARTESIAN_POINT('',(0.00105350909636565,0.00366840949412586,-0.0247062632610329));
#2829=CARTESIAN_POINT('',(0.00105344909035487,0.00373097800999128,-0.0251398333065682));
#2830=CARTESIAN_POINT('',(0.00105028503934271,0.00373527876023788,-0.0253584534061557));
#2831=CARTESIAN_POINT('',(0.00104870301383663,0.00373742913536118,-0.0254677634559495));
#2832=CARTESIAN_POINT('',(-0.00502539307330188,0.000987784399916912,-0.0220150909067191));
#2833=CARTESIAN_POINT('',(-0.00502543389389717,0.000989190699022009,-0.0220150902208839));
#2834=CARTESIAN_POINT('',(-0.00502556139305204,0.000990589221374073,-0.0220150889626988));
#2835=CARTESIAN_POINT('',(-0.00502576952138851,0.00099198050972869,-0.0220150871819451));
#2836=CARTESIAN_POINT('',(-0.00502576952138822,0.000991980509728696,-0.0220150871819451));
#2837=CARTESIAN_POINT('',(-0.00502576952138821,0.000991980509728693,-0.0220150871819451));
#2838=CARTESIAN_POINT('',(-0.00501975915521816,0.000992509116662199,-0.0220151894073275));
#2839=CARTESIAN_POINT('',(-0.00501371707181556,0.000993037258197644,-0.0220152921232603));
#2840=CARTESIAN_POINT('',(-0.00500757357441603,0.0009935649235719,-0.0220153970359334));
#2841=CARTESIAN_POINT('',(-0.00486066611243318,0.00111103700867258,-0.0220206023031217));
#2842=CARTESIAN_POINT('',(-0.0046858663912835,0.001379585572004,-0.0220349778183103));
#2843=CARTESIAN_POINT('',(-0.00425238380557543,0.00184813169036704,-0.0221302916478623));
#2844=CARTESIAN_POINT('',(-0.00334094133345149,0.00263637804324141,-0.0224961843042455));
#2845=CARTESIAN_POINT('',(-0.00209582297410476,0.00334417795347315,-0.0231973305521257));
#2846=CARTESIAN_POINT('',(-0.000571972334622974,0.00378238492572972,-0.0242547800404103));
#2847=CARTESIAN_POINT('',(0.00042158212188364,0.00380928375695703,-0.0250302442705007));
#2848=CARTESIAN_POINT('',(0.000912654002856018,0.00375321213718204,-0.0254298754578908));
#2849=CARTESIAN_POINT('',(-0.0224234791068226,0.00372198840904415,-0.0240324245203761));
#2850=CARTESIAN_POINT('',(-0.0223156381736129,0.00374521452323731,-0.023267691787652));
#2851=CARTESIAN_POINT('',(-0.0219590188439114,0.0032413410266761,-0.0215946817857031));
#2852=CARTESIAN_POINT('',(-0.021445630376779,0.00145346832660861,-0.0207163756889253));
#2853=CARTESIAN_POINT('',(-0.0212394329195083,0.000475178545437168,-0.0207467525540855));
#2854=CARTESIAN_POINT('',(-0.0448513165961011,0.00190094811021861,-0.0138338682477545));
#2855=CARTESIAN_POINT('',(-0.0440073894349641,0.00457839382303422,-0.0142390553245908));
#2856=CARTESIAN_POINT('',(-0.045087820287869,0.00499744644694248,-0.0168279101362983));
#2857=CARTESIAN_POINT('',(-0.0444115234715105,0.00172173517461957,-0.0140450221230789));
#2858=CARTESIAN_POINT('',(-0.0435593310156299,0.00440461124751289,-0.0144464465259538));
#2859=CARTESIAN_POINT('',(-0.0446257609334972,0.00481823351135267,-0.017049754494093));
#2860=CARTESIAN_POINT('',(-0.0435249056499035,0.00137069671316776,-0.0144586589675363));
#2861=CARTESIAN_POINT('',(-0.0427242307969172,0.00413587381206812,-0.0148205586103235));
#2862=CARTESIAN_POINT('',(-0.0438099370564723,0.00451092785287691,-0.0174840817105611));
#2863=CARTESIAN_POINT('',(-0.0417110007493119,0.000752555197905131,-0.0152569765567491));
#2864=CARTESIAN_POINT('',(-0.0409890070278791,0.00363245798900731,-0.0155577026043726));
#2865=CARTESIAN_POINT('',(-0.0420688144630072,0.0039443002324243,-0.0183213524732396));
#2866=CARTESIAN_POINT('',(-0.0393617513084792,0.000116646610232325,-0.0162011051844932));
#2867=CARTESIAN_POINT('',(-0.0387748690452934,0.00314411029870794,-0.0164190293909334));
#2868=CARTESIAN_POINT('',(-0.0398405514613724,0.00336895806445701,-0.0193097148602864));
#2869=CARTESIAN_POINT('',(-0.036455001042186,-0.000403319772449206,-0.0172291488467016));
#2870=CARTESIAN_POINT('',(-0.0360666184469753,0.00276592440135751,-0.0173543964131748));
#2871=CARTESIAN_POINT('',(-0.0370699707197812,0.00289364674047516,-0.0203832256637937));
#2872=CARTESIAN_POINT('',(-0.0324849379850836,-0.000776239855430464,-0.0184565054084208));
#2873=CARTESIAN_POINT('',(-0.0323748315140413,0.00253501115974891,-0.0184796470514298));
#2874=CARTESIAN_POINT('',(-0.033280468463642,0.00255173861344834,-0.0216616533365901));
#2875=CARTESIAN_POINT('',(-0.0273876757602062,-0.000648838067527069,-0.0197182978124893));
#2876=CARTESIAN_POINT('',(-0.0276699218134242,0.00274593208930949,-0.0196482954956736));
#2877=CARTESIAN_POINT('',(-0.0283873699064654,0.00266713851528832,-0.0229707517939306));
#2878=CARTESIAN_POINT('',(-0.0232811724936497,2.17795398628597E-5,-0.0204454766155318));
#2879=CARTESIAN_POINT('',(-0.0238606512747579,0.00339412617283487,-0.0203460114089163));
#2880=CARTESIAN_POINT('',(-0.0244095665957879,0.00329427712277629,-0.023721761736112));
#2881=CARTESIAN_POINT('',(-0.0212394329189323,0.000475178545437382,-0.0207467525501824));
#2882=CARTESIAN_POINT('',(-0.0219454486620605,0.00382493780634225,-0.0206425739587876));
#2883=CARTESIAN_POINT('',(-0.0224234797060489,0.00372199132107199,-0.0240324245243173));
#2884=CARTESIAN_POINT('',(-0.0236324707695844,1.1074944739147E-17,-0.0203653205950878));
#2885=CARTESIAN_POINT('',(-0.0261803237320554,2.52515675449415E-13,-0.0199284320935921));
#2886=CARTESIAN_POINT('',(-0.0312829363897509,-1.49333342256723E-13,-0.019002660081355));
#2887=CARTESIAN_POINT('',(-0.0361783266380542,4.61513358962698E-14,-0.0173451771332109));
#2888=CARTESIAN_POINT('',(-0.0386065594823275,-1.147010019381E-17,-0.0164585478192496));
#2889=CARTESIAN_POINT('',(-0.022560744920619,-0.00369356667657063,-0.0240443057231262));
#2890=CARTESIAN_POINT('',(-0.0225445491185144,-0.00369481864909031,-0.0239339471523099));
#2891=CARTESIAN_POINT('',(-0.0225121575143051,-0.00369732259412967,-0.0237132300106772));
#2892=CARTESIAN_POINT('',(-0.0224365404964902,-0.00364684005289066,-0.0232756516066967));
#2893=CARTESIAN_POINT('',(-0.0223284065022911,-0.00350601917048427,-0.0227445471555706));
#2894=CARTESIAN_POINT('',(-0.0221804340477231,-0.00321140226715683,-0.0221583182332551));
#2895=CARTESIAN_POINT('',(-0.0220206774708909,-0.00280524202682134,-0.0216468695113219));
#2896=CARTESIAN_POINT('',(-0.0218554997458909,-0.00230337950087835,-0.0212310348999009));
#2897=CARTESIAN_POINT('',(-0.0216915249890075,-0.0017262658165832,-0.0209270424807511));
#2898=CARTESIAN_POINT('',(-0.0215616725450065,-0.0012020380946017,-0.0207789916181323));
#2899=CARTESIAN_POINT('',(-0.021464408378809,-0.000769407434005208,-0.0207232092421606));
#2900=CARTESIAN_POINT('',(-0.021419496214805,-0.000550879569481272,-0.0207233202629084));
#2901=CARTESIAN_POINT('',(-0.021397040132803,-0.000441615637219304,-0.0207233757732823));
#2902=CARTESIAN_POINT('',(-0.0225023725990104,-0.00370561286435811,-0.0240529322230692));
#2903=CARTESIAN_POINT('',(-0.0224862342743168,-0.00370685171320993,-0.0239425736125329));
#2904=CARTESIAN_POINT('',(-0.0224539576249296,-0.00370932941091356,-0.0237218563914603));
#2905=CARTESIAN_POINT('',(-0.0223785754087838,-0.00365880204127991,-0.023284277248604));
#2906=CARTESIAN_POINT('',(-0.0222707360421403,-0.00351793697368519,-0.0227531694897989));
#2907=CARTESIAN_POINT('',(-0.0221231049120956,-0.00322328818721133,-0.0221669290728339));
#2908=CARTESIAN_POINT('',(-0.0219636624589802,-0.00281711641691484,-0.0216554582269888));
#2909=CARTESIAN_POINT('',(-0.0217987579609485,-0.0023152607867979,-0.0212395886326666));
#2910=CARTESIAN_POINT('',(-0.0216350037756253,-0.00173816907207442,-0.0209355472983537));
#2911=CARTESIAN_POINT('',(-0.0215052819689392,-0.00121396855931381,-0.0207874440354688));
#2912=CARTESIAN_POINT('',(-0.021408089042757,-0.000781362430226737,-0.0207316137892226));
#2913=CARTESIAN_POINT('',(-0.0213631971610027,-0.000562847293665402,-0.0207316986119813));
#2914=CARTESIAN_POINT('',(-0.0213407512201256,-0.000453589725384735,-0.0207317410233606));
#2915=CARTESIAN_POINT('',(-0.0223856279557931,-0.00372970523993307,-0.024070185222955));
#2916=CARTESIAN_POINT('',(-0.0223696045859216,-0.00373091784144916,-0.0239598265329788));
#2917=CARTESIAN_POINT('',(-0.0223375578461787,-0.00373334304448135,-0.0237391091530264));
#2918=CARTESIAN_POINT('',(-0.0222626452333711,-0.0036827260180584,-0.0233015285324185));
#2919=CARTESIAN_POINT('',(-0.0221553951218387,-0.00354177258008702,-0.0227704141582554));
#2920=CARTESIAN_POINT('',(-0.0220084466408405,-0.00324706002732033,-0.0221841507519913));
#2921=CARTESIAN_POINT('',(-0.0218496324351589,-0.00284086519710185,-0.0216726356583227));
#2922=CARTESIAN_POINT('',(-0.0216852743910639,-0.00233902335863702,-0.0212566960981979));
#2923=CARTESIAN_POINT('',(-0.0215219613488609,-0.00176197558305685,-0.020952556933559));
#2924=CARTESIAN_POINT('',(-0.0213925008168047,-0.00123782948873803,-0.0208043488701419));
#2925=CARTESIAN_POINT('',(-0.0212954503706528,-0.000805272422669795,-0.0207484228833466));
#2926=CARTESIAN_POINT('',(-0.0212505990533981,-0.000586782742033663,-0.020748455310127));
#2927=CARTESIAN_POINT('',(-0.0212281733947708,-0.000477537901715597,-0.0207484715235172));
#2928=CARTESIAN_POINT('',(-0.0221202743722711,-0.00378313181602411,-0.0241041923653881));
#2929=CARTESIAN_POINT('',(-0.0221044533128207,-0.00378414422654293,-0.0239939335676053));
#2930=CARTESIAN_POINT('',(-0.02207281119392,-0.00378616904758058,-0.0237734159720398));
#2931=CARTESIAN_POINT('',(-0.0219992875440191,-0.0037347736622224,-0.0233362224919845));
#2932=CARTESIAN_POINT('',(-0.0218945612335182,-0.00359289576442527,-0.0228055409397408));
#2933=CARTESIAN_POINT('',(-0.021751853470107,-0.00329718271256132,-0.0222196346849444));
#2934=CARTESIAN_POINT('',(-0.0215982842081911,-0.00289010837632312,-0.0217082452000276));
#2935=CARTESIAN_POINT('',(-0.0214399545939486,-0.00238750563698051,-0.0212921464113839));
#2936=CARTESIAN_POINT('',(-0.0212831945640168,-0.00180979921335446,-0.0209875318400705));
#2937=CARTESIAN_POINT('',(-0.0211593947647053,-0.0012851665807294,-0.0208386526278802));
#2938=CARTESIAN_POINT('',(-0.0210668584991583,-0.000852239980373752,-0.0207820410331928));
#2939=CARTESIAN_POINT('',(-0.0210242185088323,-0.00063356883100077,-0.0207816702833419));
#2940=CARTESIAN_POINT('',(-0.0210028985136693,-0.000524233256314279,-0.0207814849084165));
#2941=CARTESIAN_POINT('',(-0.0216725084783746,-0.00386877519622828,-0.0241628021650615));
#2942=CARTESIAN_POINT('',(-0.0216570598849493,-0.00386952360578327,-0.0240526604746955));
#2943=CARTESIAN_POINT('',(-0.0216261626980987,-0.00387102042489324,-0.0238323770939637));
#2944=CARTESIAN_POINT('',(-0.0215548423201078,-0.00381861581718127,-0.0233956362390003));
#2945=CARTESIAN_POINT('',(-0.0214538275120253,-0.0036755643170453,-0.0228654554824452));
#2946=CARTESIAN_POINT('',(-0.0213170176172392,-0.0033786249648749,-0.0222799439516128));
#2947=CARTESIAN_POINT('',(-0.0211705069445845,-0.00297051780526752,-0.0217686550469497));
#2948=CARTESIAN_POINT('',(-0.0210201007694221,-0.002467067602055,-0.0213522953652468));
#2949=CARTESIAN_POINT('',(-0.0208717911255642,-0.00188867122926349,-0.0210470192470481));
#2950=CARTESIAN_POINT('',(-0.0207551659532206,-0.00136355884981742,-0.0208972411407269));
#2951=CARTESIAN_POINT('',(-0.020668283469672,-0.000930278399492805,-0.0208397230743458));
#2952=CARTESIAN_POINT('',(-0.0206283833723403,-0.000711435338298918,-0.0208388232883766));
#2953=CARTESIAN_POINT('',(-0.0206084333236744,-0.000602013807701974,-0.020838373395392));
#2954=CARTESIAN_POINT('',(-0.0207718120907762,-0.00402524794574001,-0.0242761455960918));
#2955=CARTESIAN_POINT('',(-0.0207571133762539,-0.00402547327941053,-0.0241662380674598));
#2956=CARTESIAN_POINT('',(-0.0207277159472093,-0.00402592394675157,-0.0239464230101959));
#2957=CARTESIAN_POINT('',(-0.020660885838846,-0.00397152645853638,-0.0235105875620556));
#2958=CARTESIAN_POINT('',(-0.0205674884946542,-0.00382616714403555,-0.0229814101087794));
#2959=CARTESIAN_POINT('',(-0.0204428544363349,-0.00352683307058638,-0.0223966948226259));
#2960=CARTESIAN_POINT('',(-0.0203109740380557,-0.00311672641928071,-0.0218856204633509));
#2961=CARTESIAN_POINT('',(-0.0201770456575273,-0.00261165383460492,-0.0214687601384594));
#2962=CARTESIAN_POINT('',(-0.02004636518322,-0.00203195469920815,-0.0211621901441865));
#2963=CARTESIAN_POINT('',(-0.019944758052263,-0.00150594957524561,-0.0210106448867279));
#2964=CARTESIAN_POINT('',(-0.0198697413452964,-0.00107201554911676,-0.0209513412746245));
#2965=CARTESIAN_POINT('',(-0.0198356064558373,-0.00085285584694678,-0.0209493980652008));
#2966=CARTESIAN_POINT('',(-0.0198185390111078,-0.00074327599586179,-0.020948426460489));
#2967=CARTESIAN_POINT('',(-0.0189967463353755,-0.00427595522844878,-0.0244877011887664));
#2968=CARTESIAN_POINT('',(-0.0189835884158623,-0.00427536340715173,-0.0243781238373641));
#2969=CARTESIAN_POINT('',(-0.0189572725768359,-0.00427417976455763,-0.0241589691345594));
#2970=CARTESIAN_POINT('',(-0.0188990328331078,-0.00421673077790635,-0.0237244072927503));
#2971=CARTESIAN_POINT('',(-0.0188196105145846,-0.00406792874171126,-0.0231966281687503));
#2972=CARTESIAN_POINT('',(-0.0187165827605481,-0.00376518430469192,-0.0226129761975042));
#2973=CARTESIAN_POINT('',(-0.0186101433582018,-0.00335240321376583,-0.022102088337127));
#2974=CARTESIAN_POINT('',(-0.0185044551754768,-0.00284534577509667,-0.0216843368085409));
#2975=CARTESIAN_POINT('',(-0.018403645063296,-0.00226423934188944,-0.0213756808498526));
#2976=CARTESIAN_POINT('',(-0.0183272330818408,-0.00173740753114139,-0.0212213604729327));
#2977=CARTESIAN_POINT('',(-0.0182719943614477,-0.00130292048766283,-0.0211592778111706));
#2978=CARTESIAN_POINT('',(-0.0182474146542288,-0.00108350240410796,-0.0211557189142222));
#2979=CARTESIAN_POINT('',(-0.0182351248006194,-0.000973793362330528,-0.021153939465748));
#2980=CARTESIAN_POINT('',(-0.0164956679973686,-0.00449691005441273,-0.0247476121847098));
#2981=CARTESIAN_POINT('',(-0.0164847114098197,-0.0044955486656353,-0.024638293379685));
#2982=CARTESIAN_POINT('',(-0.016462798234722,-0.00449282588808044,-0.0244196557696354));
#2983=CARTESIAN_POINT('',(-0.0164160431784042,-0.00443258778126908,-0.023986085962787));
#2984=CARTESIAN_POINT('',(-0.0163545105524819,-0.00428076629079104,-0.0234593735682592));
#2985=CARTESIAN_POINT('',(-0.0162781344020066,-0.0039752633844909,-0.0228764517560501));
#2986=CARTESIAN_POINT('',(-0.016202341833921,-0.00356057945087549,-0.0223655099714722));
#2987=CARTESIAN_POINT('',(-0.0161300829318885,-0.00305240647012125,-0.0219467415026171));
#2988=CARTESIAN_POINT('',(-0.0160641412494799,-0.00247083583414755,-0.0216360021429948));
#2989=CARTESIAN_POINT('',(-0.0160167820169005,-0.001944004510465,-0.0214790218337848));
#2990=CARTESIAN_POINT('',(-0.0159841662035542,-0.00150963860014731,-0.0214143145006755));
#2991=CARTESIAN_POINT('',(-0.0159704389270826,-0.00129030128009145,-0.0214092428870057));
#2992=CARTESIAN_POINT('',(-0.0159635752888468,-0.00118063262006352,-0.0214067070801708));
#2993=CARTESIAN_POINT('',(-0.0135317652604402,-0.0046057993937926,-0.0249950769978572));
#2994=CARTESIAN_POINT('',(-0.0135233517260244,-0.00460393176292336,-0.0248858706078133));
#2995=CARTESIAN_POINT('',(-0.0135065246571927,-0.00460019650118488,-0.0246674578277257));
#2996=CARTESIAN_POINT('',(-0.0134723316819441,-0.00453819258742192,-0.0242343119252351));
#2997=CARTESIAN_POINT('',(-0.0134296063997908,-0.00438456679919049,-0.0237080235154162));
#2998=CARTESIAN_POINT('',(-0.0133802347629685,-0.00407762107921295,-0.0231252747931089));
#2999=CARTESIAN_POINT('',(-0.0133347164964177,-0.00366219219981924,-0.0226140282627515));
#3000=CARTESIAN_POINT('',(-0.0132948279626064,-0.00315390727540839,-0.0221943697455458));
#3001=CARTESIAN_POINT('',(-0.0132620817216169,-0.00257274320247153,-0.0218820946749734));
#3002=CARTESIAN_POINT('',(-0.0132419438861761,-0.00204655709819591,-0.0217232789127216));
#3003=CARTESIAN_POINT('',(-0.013230288995977,-0.00161280255489571,-0.0216568070089713));
#3004=CARTESIAN_POINT('',(-0.0132265135391937,-0.00139378683643423,-0.0216507348009642));
#3005=CARTESIAN_POINT('',(-0.0132246258108021,-0.00128427897720349,-0.0216476986969607));
#3006=CARTESIAN_POINT('',(-0.0105897747019718,-0.00459523592767897,-0.0251814002159035));
#3007=CARTESIAN_POINT('',(-0.0105837544705907,-0.00459312680723275,-0.0250721986906804));
#3008=CARTESIAN_POINT('',(-0.0105717140078285,-0.0045889085663403,-0.0248537956402342));
#3009=CARTESIAN_POINT('',(-0.0105489775244549,-0.00452611402130644,-0.0244206584714823));
#3010=CARTESIAN_POINT('',(-0.0105229871914925,-0.00437176431063697,-0.0238943368863005));
#3011=CARTESIAN_POINT('',(-0.0104970633767047,-0.00406441059463368,-0.0233114089140572));
#3012=CARTESIAN_POINT('',(-0.0104773658039992,-0.00364900933280015,-0.0227997855160109));
#3013=CARTESIAN_POINT('',(-0.0104646801717109,-0.00314114186213383,-0.0223795097681568));
#3014=CARTESIAN_POINT('',(-0.0104594644097707,-0.00256071152998405,-0.0220663550157828));
#3015=CARTESIAN_POINT('',(-0.0104616108015712,-0.00203532265653221,-0.0219065841373391));
#3016=CARTESIAN_POINT('',(-0.0104669522472448,-0.00160226341586712,-0.0218392325652268));
#3017=CARTESIAN_POINT('',(-0.0104711731822008,-0.00138360496416912,-0.0218326756309154));
#3018=CARTESIAN_POINT('',(-0.0104732836496788,-0.00127427573832011,-0.0218293971637597));
#3019=CARTESIAN_POINT('',(-0.00815004033922627,-0.00450685254046174,-0.0252877881975754));
#3020=CARTESIAN_POINT('',(-0.00814595593597802,-0.00450469828980353,-0.0251785343022907));
#3021=CARTESIAN_POINT('',(-0.00813778712948152,-0.00450038978848711,-0.0249600265117214));
#3022=CARTESIAN_POINT('',(-0.0081240680412023,-0.00443749722161333,-0.0245266795578919));
#3023=CARTESIAN_POINT('',(-0.00811095519293454,-0.00428314393256134,-0.0240000944964543));
#3024=CARTESIAN_POINT('',(-0.00810264973140827,-0.00397598423979932,-0.0234168468563517));
#3025=CARTESIAN_POINT('',(-0.00810199887085417,-0.00356095788373939,-0.0229048999762292));
#3026=CARTESIAN_POINT('',(-0.00810905964182308,-0.00305362342152033,-0.0224842983547765));
#3027=CARTESIAN_POINT('',(-0.00812352877719697,-0.00247385217843046,-0.022170818708049));
#3028=CARTESIAN_POINT('',(-0.00814136109642835,-0.00194908577750273,-0.0220107830525133));
#3029=CARTESIAN_POINT('',(-0.0081585231063356,-0.00151654704357543,-0.0219432265592397));
#3030=CARTESIAN_POINT('',(-0.00816823953716652,-0.0012981526093735,-0.0219365716130411));
#3031=CARTESIAN_POINT('',(-0.00817309775258196,-0.00118895539227254,-0.0219332441399418));
#3032=CARTESIAN_POINT('',(-0.00620310311036426,-0.00439662046951805,-0.0253458949461799));
#3033=CARTESIAN_POINT('',(-0.00620037990997706,-0.00439448314382796,-0.0252365895296376));
#3034=CARTESIAN_POINT('',(-0.00619493350920265,-0.00439020849244778,-0.0250179786965528));
#3035=CARTESIAN_POINT('',(-0.00618755641868629,-0.0043274270403929,-0.0245844280355161));
#3036=CARTESIAN_POINT('',(-0.00618350216949091,-0.00417327202557328,-0.0240575981232274));
#3037=CARTESIAN_POINT('',(-0.00618759318504727,-0.00386644372476165,-0.0234740880260215));
#3038=CARTESIAN_POINT('',(-0.00620034652086955,-0.00345182972954228,-0.0229619242401357));
#3039=CARTESIAN_POINT('',(-0.00622130638649157,-0.00294497587893918,-0.0225411632868768));
#3040=CARTESIAN_POINT('',(-0.00624963352007318,-0.00236573817383916,-0.0222275906386308));
#3041=CARTESIAN_POINT('',(-0.00627851012964467,-0.00184144655468212,-0.0220675385607631));
#3042=CARTESIAN_POINT('',(-0.00630399554489668,-0.00140929682523332,-0.0220000043818073));
#3043=CARTESIAN_POINT('',(-0.00631758183299905,-0.00119109842545844,-0.0219933760691433));
#3044=CARTESIAN_POINT('',(-0.00632437497705025,-0.001081999225571,-0.0219900619128113));
#3045=CARTESIAN_POINT('',(-0.00474429583233103,-0.00429580293167013,-0.0253739226631912));
#3046=CARTESIAN_POINT('',(-0.00474289613394973,-0.00429373284456976,-0.025264549596309));
#3047=CARTESIAN_POINT('',(-0.00474009673718713,-0.00428959267036902,-0.0250458034625444));
#3048=CARTESIAN_POINT('',(-0.00473862274410906,-0.00422708061849217,-0.0246119873464485));
#3049=CARTESIAN_POINT('',(-0.00474267879934819,-0.00407325764959268,-0.0240848467820072));
#3050=CARTESIAN_POINT('',(-0.00475739036535828,-0.00376681074915245,-0.023501031391229));
#3051=CARTESIAN_POINT('',(-0.00478121373492198,-0.00335255548553829,-0.0229886593857327));
#3052=CARTESIAN_POINT('',(-0.00481326714303452,-0.00284603635947376,-0.0225678110942604));
#3053=CARTESIAN_POINT('',(-0.00485228402085355,-0.00226711173772753,-0.022254287585928));
#3054=CARTESIAN_POINT('',(-0.00488936421299988,-0.00174306749575926,-0.0220943983495318));
#3055=CARTESIAN_POINT('',(-0.00492084502519401,-0.00131111133851993,-0.0220270626290299));
#3056=CARTESIAN_POINT('',(-0.00493713127534336,-0.00109300899903288,-0.0220205622396546));
#3057=CARTESIAN_POINT('',(-0.00494527440041803,-0.000983957829289358,-0.022017312044967));
#3058=CARTESIAN_POINT('',(-0.00328912637827986,-0.00417808460572715,-0.0253965198679858));
#3059=CARTESIAN_POINT('',(-0.003287406610003,-0.004175973694225,-0.025287181314748));
#3060=CARTESIAN_POINT('',(-0.00328396707344927,-0.0041717518712207,-0.0250685042082724));
#3061=CARTESIAN_POINT('',(-0.00328182071147923,-0.0041091541201673,-0.0246348231132092));
#3062=CARTESIAN_POINT('',(-0.00328591595778152,-0.00395533578947881,-0.0241078388489705));
#3063=CARTESIAN_POINT('',(-0.00330216741839507,-0.0036490805824417,-0.0235241712841163));
#3064=CARTESIAN_POINT('',(-0.00332894041579101,-0.00323518661672676,-0.0230118900679602));
#3065=CARTESIAN_POINT('',(-0.00336524564717026,-0.00272917693954176,-0.0225910617660469));
#3066=CARTESIAN_POINT('',(-0.00340964829106248,-0.00215087985536109,-0.022277478663659));
#3067=CARTESIAN_POINT('',(-0.00345199367951132,-0.00162742712969994,-0.0221174691737272));
#3068=CARTESIAN_POINT('',(-0.00348801772904529,-0.0011959652758622,-0.022049998101651));
#3069=CARTESIAN_POINT('',(-0.00350668480083806,-0.000978113611825513,-0.0220434137090806));
#3070=CARTESIAN_POINT('',(-0.00351601833673444,-0.00086918777980717,-0.0220401215127954));
#3071=CARTESIAN_POINT('',(-0.00135526447410586,-0.0040024604020669,-0.025428487211822));
#3072=CARTESIAN_POINT('',(-0.00135368718207198,-0.00400033530424669,-0.0253191575436972));
#3073=CARTESIAN_POINT('',(-0.00135053259800421,-0.00399608510860628,-0.0251004982074477));
#3074=CARTESIAN_POINT('',(-0.00134969242295419,-0.00393350969860796,-0.0246668516143749));
#3075=CARTESIAN_POINT('',(-0.00135643747734351,-0.003779831025415,-0.0241399062071911));
#3076=CARTESIAN_POINT('',(-0.00137748098650216,-0.00347392573401512,-0.0235562716946765));
#3077=CARTESIAN_POINT('',(-0.00141044312027497,-0.0030605449263663,-0.0230440041060532));
#3078=CARTESIAN_POINT('',(-0.00145410184086684,-0.00255518929063319,-0.0226231654421717));
#3079=CARTESIAN_POINT('',(-0.00150673525338897,-0.00197765752479771,-0.0223095452039549));
#3080=CARTESIAN_POINT('',(-0.00155640303347599,-0.00145490678723407,-0.0221494812855872));
#3081=CARTESIAN_POINT('',(-0.0015983963862909,-0.00102402620877101,-0.0220819538361253));
#3082=CARTESIAN_POINT('',(-0.0016200492536368,-0.000806468470355526,-0.0220753359842634));
#3083=CARTESIAN_POINT('',(-0.00163087568730975,-0.000697689601147784,-0.0220720270583325));
#3084=CARTESIAN_POINT('',(8.71160186716768E-5,-0.00384344164204208,-0.0254520529582987));
#3085=CARTESIAN_POINT('',(8.86961507888755E-5,-0.00384130137784002,-0.0253427350611726));
#3086=CARTESIAN_POINT('',(9.18564150232729E-5,-0.0038370208494359,-0.0251240992669202));
#3087=CARTESIAN_POINT('',(9.222848864975E-5,-0.00377444957591733,-0.0246904986023699));
#3088=CARTESIAN_POINT('',(8.42272694259805E-5,-0.00362086790381217,-0.0241636058539321));
#3089=CARTESIAN_POINT('',(6.0591064062751E-5,-0.00331522935767141,-0.023580019409204));
#3090=CARTESIAN_POINT('',(2.40703189003056E-5,-0.00290225029072833,-0.0230677782096718));
#3091=CARTESIAN_POINT('',(-2.39799821725174E-5,-0.00239741313404726,-0.0226469390817952));
#3092=CARTESIAN_POINT('',(-8.1666164314025E-5,-0.00182049219365546,-0.0223332882838605));
#3093=CARTESIAN_POINT('',(-0.000135933017818083,-0.00129830382876973,-0.0221731723274368));
#3094=CARTESIAN_POINT('',(-0.00018173073983195,-0.000867889510816291,-0.0221055885986278));
#3095=CARTESIAN_POINT('',(-0.000205310353008035,-0.000650567635772715,-0.0220989365357667));
#3096=CARTESIAN_POINT('',(-0.000217100159596077,-0.000541906698250927,-0.0220956105043362));
#3097=CARTESIAN_POINT('',(0.0010487030138567,-0.00373742913535887,-0.0254677634559499));
#3098=CARTESIAN_POINT('',(0.00105028503936278,-0.00373527876023557,-0.0253584534061561));
#3099=CARTESIAN_POINT('',(0.00105344909037493,-0.00373097800998898,-0.0251398333065685));
#3100=CARTESIAN_POINT('',(0.00105350909638571,-0.00366840949412356,-0.0247062632610332));
#3101=CARTESIAN_POINT('',(0.00104467043393898,-0.00351489248941029,-0.0241794056184261));
#3102=CARTESIAN_POINT('',(0.00101930576443936,-0.00320943177344227,-0.023595851218889));
#3103=CARTESIAN_POINT('',(0.000980412611683826,-0.00279672053363635,-0.0230836276120843));
#3104=CARTESIAN_POINT('',(0.000929434590290364,-0.00229222902965665,-0.0226627881748775));
#3105=CARTESIAN_POINT('',(0.000868379895069272,-0.0017157153062273,-0.0223491170037975));
#3106=CARTESIAN_POINT('',(0.000811046992620521,-0.00119390185646018,-0.0221889663553365));
#3107=CARTESIAN_POINT('',(0.000762713024474015,-0.000763798378846479,-0.0221213451069628));
#3108=CARTESIAN_POINT('',(0.000737848914077809,-0.000546633746050841,-0.022114670236769));
#3109=CARTESIAN_POINT('',(0.000725416858879706,-0.000438051429653022,-0.022111332801672));
#3110=CARTESIAN_POINT('',(0.000912654002868272,-0.00375321213718065,-0.0254298754579008));
#3111=CARTESIAN_POINT('',(0.000423008843800734,-0.00380912085085025,-0.0250314053277629));
#3112=CARTESIAN_POINT('',(-0.000579499218780662,-0.00378140847495932,-0.0242491502629773));
#3113=CARTESIAN_POINT('',(-0.00209292650654822,-0.00334446590838031,-0.0231995990599106));
#3114=CARTESIAN_POINT('',(-0.00334017541399561,-0.00263784781527958,-0.0224960001080445));
#3115=CARTESIAN_POINT('',(-0.00425780565196365,-0.00184281177614719,-0.0221285865650324));
#3116=CARTESIAN_POINT('',(-0.00468670854094727,-0.00137829885249105,-0.0220349077194606));
#3117=CARTESIAN_POINT('',(-0.00486067442893561,-0.00111102423168193,-0.0220206016191932));
#3118=CARTESIAN_POINT('',(-0.00500758012950219,-0.000993669617824426,-0.0220153971500749));
#3119=CARTESIAN_POINT('',(-0.00501372539157149,-0.000993132419645437,-0.0220152921562376));
#3120=CARTESIAN_POINT('',(-0.00501976888077527,-0.000992594744824065,-0.0220151893735493));
#3121=CARTESIAN_POINT('',(-0.0050257809860288,-0.000992056604363054,-0.0220150870840215));
#3122=CARTESIAN_POINT('',(-0.0050257809860288,-0.000992056604363052,-0.0220150870840214));
#3123=CARTESIAN_POINT('',(-0.0050257809860288,-0.000992056604363052,-0.0220150870840214));
#3124=CARTESIAN_POINT('',(-0.00502556608924919,-0.000990640308447358,-0.0220150889164225));
#3125=CARTESIAN_POINT('',(-0.00502543464093442,-0.000989216434994591,-0.0220150902083328));
#3126=CARTESIAN_POINT('',(-0.00502539307330195,-0.000987784399917076,-0.0220150909067191));
#3127=CARTESIAN_POINT('',(-0.0212394329195083,-0.000475178545437162,-0.0207467525540855));
#3128=CARTESIAN_POINT('',(-0.0214456303767792,-0.00145346832660983,-0.0207163756889252));
#3129=CARTESIAN_POINT('',(-0.021959018843912,-0.00324134102667793,-0.0215946817857053));
#3130=CARTESIAN_POINT('',(-0.0223156381736131,-0.00374521452323729,-0.0232676917876533));
#3131=CARTESIAN_POINT('',(-0.0224234791068225,-0.00372198840904415,-0.0240324245203761));
#3132=CARTESIAN_POINT('',(-0.0212394329189323,-0.000475178545437376,-0.0207467525501824));
#3133=CARTESIAN_POINT('',(-0.0219454486620605,-0.00382493780634224,-0.0206425739587876));
#3134=CARTESIAN_POINT('',(-0.0224234797060489,-0.00372199132107198,-0.0240324245243173));
#3135=CARTESIAN_POINT('',(-0.0232814771437276,-2.17118877695783E-5,-0.0204454316618373));
#3136=CARTESIAN_POINT('',(-0.0238609368659009,-0.00339406193108577,-0.0203459671861437));
#3137=CARTESIAN_POINT('',(-0.024409862941921,-0.00329421330308672,-0.0237217153817829));
#3138=CARTESIAN_POINT('',(-0.0273882682018792,0.000647663749870417,-0.0197175410962852));
#3139=CARTESIAN_POINT('',(-0.0276707202432118,-0.00274690255761043,-0.0196475717578581));
#3140=CARTESIAN_POINT('',(-0.0283878730655768,-0.00266823036837722,-0.0229699571592583));
#3141=CARTESIAN_POINT('',(-0.0324598860723819,0.000777206172703269,-0.0184635299571487));
#3142=CARTESIAN_POINT('',(-0.0323515946113825,-0.0025347076422833,-0.0184861238367257));
#3143=CARTESIAN_POINT('',(-0.033256494665769,-0.00255084451479618,-0.021668957446129));
#3144=CARTESIAN_POINT('',(-0.0364475454200078,0.000404616580554318,-0.0172317651027382));
#3145=CARTESIAN_POINT('',(-0.0360596106630466,-0.00276499030925933,-0.0173567943808012));
#3146=CARTESIAN_POINT('',(-0.0370628760725776,-0.00289246249356632,-0.0203859567265098));
#3147=CARTESIAN_POINT('',(-0.0393542208144268,-0.000115006516694741,-0.0162039214700813));
#3148=CARTESIAN_POINT('',(-0.038767825319477,-0.00314287276595003,-0.0164215941052182));
#3149=CARTESIAN_POINT('',(-0.0398333714980816,-0.00336746067537588,-0.0193126590646002));
#3150=CARTESIAN_POINT('',(-0.0417064573881815,-0.00075108650383895,-0.0152589346927869));
#3151=CARTESIAN_POINT('',(-0.0409846842360256,-0.00363130779147677,-0.015559499224286));
#3152=CARTESIAN_POINT('',(-0.0420645235690631,-0.00394297946207883,-0.0183234052051733));
#3153=CARTESIAN_POINT('',(-0.0435240376574153,-0.00137031856064092,-0.0144590774866255));
#3154=CARTESIAN_POINT('',(-0.0427233415419211,-0.00413551976537958,-0.014820969662497));
#3155=CARTESIAN_POINT('',(-0.0438090527148854,-0.00451056275906895,-0.0174845214500289));
#3156=CARTESIAN_POINT('',(-0.0444128158768101,-0.00172226144628369,-0.0140444238829822));
#3157=CARTESIAN_POINT('',(-0.0435606431971816,-0.00440512018625038,-0.0144458614631136));
#3158=CARTESIAN_POINT('',(-0.044627117804018,-0.00481875978302525,-0.0170491264304687));
#3159=CARTESIAN_POINT('',(-0.0448537505377332,-0.00190193992718306,-0.0138326995998467));
#3160=CARTESIAN_POINT('',(-0.0440098665220051,-0.00457935457847858,-0.0142379087024958));
#3161=CARTESIAN_POINT('',(-0.0450903774598987,-0.00499843826390693,-0.0168266823197792));
#3162=CARTESIAN_POINT('',(-0.00989461556638352,-0.00642014773544583,-0.0351023948709036));
#3163=CARTESIAN_POINT('',(-0.0116663538047628,-0.00603859464019436,-0.0373725290562034));
#3164=CARTESIAN_POINT('',(-0.0112961802276888,-0.00317333147894996,-0.0376748317335816));
#3165=CARTESIAN_POINT('',(-0.0112067928272615,-0.00613756350005416,-0.0340308038017943));
#3166=CARTESIAN_POINT('',(-0.0129392701687503,-0.00576446544427317,-0.0363463102704129));
#3167=CARTESIAN_POINT('',(-0.0125529557113792,-0.00289074724355711,-0.0366484845896661));
#3168=CARTESIAN_POINT('',(-0.0138919157540011,-0.00555980000854252,-0.031978199697019));
#3169=CARTESIAN_POINT('',(-0.0155402642460927,-0.00520535129601501,-0.0343871421804299));
#3170=CARTESIAN_POINT('',(-0.015121132829966,-0.00231271622951761,-0.0346865521902338));
#3171=CARTESIAN_POINT('',(-0.0174194217992197,-0.00479828898492701,-0.029657511534378));
#3172=CARTESIAN_POINT('',(-0.0189377266558283,-0.0044698391482636,-0.0321886775256039));
#3173=CARTESIAN_POINT('',(-0.0184754758450804,-0.00155220841538741,-0.0324768658606185));
#3174=CARTESIAN_POINT('',(-0.020338538732428,-0.00417333018545537,-0.0279570653038515));
#3175=CARTESIAN_POINT('',(-0.0217390024746874,-0.00387430417082808,-0.0305941270195834));
#3176=CARTESIAN_POINT('',(-0.0212577885800619,-0.000925243196944009,-0.0308618980926884));
#3177=CARTESIAN_POINT('',(-0.0226093798854539,-0.0036730433580925,-0.0267715334911121));
#3178=CARTESIAN_POINT('',(-0.0239137402933248,-0.00338230282750742,-0.0294698485412197));
#3179=CARTESIAN_POINT('',(-0.0233811289348902,-0.000431075947445245,-0.0297377836939233));
#3180=CARTESIAN_POINT('',(-0.0247231477667178,-0.00326154646780894,-0.0256737975306946));
#3181=CARTESIAN_POINT('',(-0.0259874547522883,-0.00305166178310549,-0.0285014106961077));
#3182=CARTESIAN_POINT('',(-0.0255494459871734,1.57342799407845E-5,-0.0286984172117395));
#3183=CARTESIAN_POINT('',(-0.0276797116179476,-0.00282822204378954,-0.02432433469751));
#3184=CARTESIAN_POINT('',(-0.0288455154639768,-0.00270360691175445,-0.0272999245762021));
#3185=CARTESIAN_POINT('',(-0.0285211097644546,0.000475480799438415,-0.0274223021642986));
#3186=CARTESIAN_POINT('',(-0.0314230751918971,-0.00254509187650723,-0.0228871904856105));
#3187=CARTESIAN_POINT('',(-0.0324327625629721,-0.00253321184075075,-0.0260448880680858));
#3188=CARTESIAN_POINT('',(-0.0323300269691786,0.000782607556103969,-0.0260654100649263));
#3189=CARTESIAN_POINT('',(-0.0352708385874433,-0.00268509334486832,-0.0217996231241007));
#3190=CARTESIAN_POINT('',(-0.0360325063093642,-0.00275254028649255,-0.0251023977279311));
#3191=CARTESIAN_POINT('',(-0.0362732599864072,0.000631334678741083,-0.0250393546230639));
#3192=CARTESIAN_POINT('',(-0.0383258415822982,-0.00309248939282704,-0.0211597648327985));
#3193=CARTESIAN_POINT('',(-0.038882430819737,-0.00318896157060603,-0.0245312152666066));
#3194=CARTESIAN_POINT('',(-0.0394287814716463,0.00018562679162945,-0.0244354556788588));
#3195=CARTESIAN_POINT('',(-0.0406176996767655,-0.0035568192106586,-0.0207897057014156));
#3196=CARTESIAN_POINT('',(-0.0410204162116785,-0.00365655907863491,-0.0241878524147074));
#3197=CARTESIAN_POINT('',(-0.0418032201610194,-0.000323342777447148,-0.0240859995880559));
#3198=CARTESIAN_POINT('',(-0.0424780869965991,-0.00407138686219561,-0.0205750674143084));
#3199=CARTESIAN_POINT('',(-0.0427592715928367,-0.00415842579591996,-0.023974458765624));
#3200=CARTESIAN_POINT('',(-0.0437444258904195,-0.000892088048696012,-0.0238831352881054));
#3201=CARTESIAN_POINT('',(-0.0439630722519882,-0.00456758792535924,-0.0204544010743954));
#3202=CARTESIAN_POINT('',(-0.0441558251805691,-0.00463652636886888,-0.0238423389311652));
#3203=CARTESIAN_POINT('',(-0.0452799380814031,-0.00143390162354334,-0.0237690057264542));
#3204=CARTESIAN_POINT('',(-0.0446686514230805,-0.00483486888616846,-0.0204106127758838));
#3205=CARTESIAN_POINT('',(-0.0448189981388891,-0.00489318190600735,-0.0237902497202032));
#3206=CARTESIAN_POINT('',(-0.0460399701224227,-0.00173836722974775,-0.023727565174497));
#3207=CARTESIAN_POINT('',(-0.0450696176909564,-0.00499038644307673,-0.0203926162733418));
#3208=CARTESIAN_POINT('',(-0.0452011956631052,-0.00504141987509067,-0.023765211749551));
#3209=CARTESIAN_POINT('',(-0.0464195347415485,-0.00189388478664152,-0.0237105292385991));
#3210=CARTESIAN_POINT('',(-0.0114751934590206,-0.0031330768917471,-0.0375290975875631));
#3211=CARTESIAN_POINT('',(-0.0118604043767575,-0.00359870876790536,-0.0372164813414136));
#3212=CARTESIAN_POINT('',(-0.0125331302819614,-0.00438706857943281,-0.0363144828154037));
#3213=CARTESIAN_POINT('',(-0.0133850835630245,-0.00459013353657212,-0.0352465436046023));
#3214=CARTESIAN_POINT('',(-0.013878744141997,-0.00457954389867763,-0.0347787468));
#3215=CARTESIAN_POINT('',(-0.0255665988832897,-4.13729131091729E-17,-0.028708915587874));
#3216=CARTESIAN_POINT('',(-0.0278418238516257,-8.12905377996151E-14,-0.0276760910091121));
#3217=CARTESIAN_POINT('',(-0.0324915481910158,4.03253909749284E-14,-0.0257671872859996));
#3218=CARTESIAN_POINT('',(-0.0373870245464649,7.0066847064811E-16,-0.0247690864292803));
#3219=CARTESIAN_POINT('',(-0.0398551751758327,-9.17395157074131E-17,-0.0243814911661764));
#3220=CARTESIAN_POINT('',(-0.0112963376253162,0.00317329608830749,-0.0376747031949819));
#3221=CARTESIAN_POINT('',(-0.0116665129768334,0.00603856036165656,-0.0373724007328382));
#3222=CARTESIAN_POINT('',(-0.00989477990250173,0.00642011234480336,-0.0351022606659931));
#3223=CARTESIAN_POINT('',(-0.0125519772627751,0.00289096720058587,-0.0366492892866454));
#3224=CARTESIAN_POINT('',(-0.0129382771537321,0.00576467929523017,-0.0363471165791703));
#3225=CARTESIAN_POINT('',(-0.0112057714587425,0.00613778345710617,-0.0340316437982756));
#3226=CARTESIAN_POINT('',(-0.015118726882012,0.00231326113763815,-0.0346881955202811));
#3227=CARTESIAN_POINT('',(-0.0155378469530561,0.00520586886725977,-0.0343887669708826));
#3228=CARTESIAN_POINT('',(-0.0138894013005388,0.00556034272900047,-0.0319799242866638));
#3229=CARTESIAN_POINT('',(-0.0184771175662588,0.00155183390443571,-0.0324757423093707));
#3230=CARTESIAN_POINT('',(-0.0189393755300274,0.00446949233418199,-0.0321875654269872));
#3231=CARTESIAN_POINT('',(-0.0174211173261075,0.00479792049001828,-0.0296563321947991));
#3232=CARTESIAN_POINT('',(-0.0212613215630934,0.000924447481375323,-0.0308599519943887));
#3233=CARTESIAN_POINT('',(-0.0217426095229511,0.00387351299672918,-0.0305921826860182));
#3234=CARTESIAN_POINT('',(-0.0203423087859864,0.00417252407854185,-0.0279550141857715));
#3235=CARTESIAN_POINT('',(-0.0233829890106297,0.000430629682576505,-0.0297368547108557));
#3236=CARTESIAN_POINT('',(-0.0239155132360501,0.00338197573885615,-0.0294689885810009));
#3237=CARTESIAN_POINT('',(-0.0226111653337379,0.00367263674440708,-0.0267705528679089));
#3238=CARTESIAN_POINT('',(-0.0255526075026567,-1.63195103701427E-5,-0.0286969543116975));
#3239=CARTESIAN_POINT('',(-0.0259905163900559,0.0030512003396655,-0.0285000270394023));
#3240=CARTESIAN_POINT('',(-0.0247263036435311,0.00326099336120563,-0.0256722517126332));
#3241=CARTESIAN_POINT('',(-0.0285241542594543,-0.000475760486138329,-0.0274211872156483));
#3242=CARTESIAN_POINT('',(-0.0288483598467658,0.0027034415350426,-0.0272989021092675));
#3243=CARTESIAN_POINT('',(-0.0276827018419752,0.00282796409496702,-0.024323154033338));
#3244=CARTESIAN_POINT('',(-0.0323290409772397,-0.000782647874602731,-0.0260656801265401));
#3245=CARTESIAN_POINT('',(-0.0324318391471676,0.00253316309261386,-0.0260451491114614));
#3246=CARTESIAN_POINT('',(-0.0314221160449503,0.00254505593920577,-0.0228874763470111));
#3247=CARTESIAN_POINT('',(-0.0362748913320553,-0.000630968841703048,-0.0250391309875187));
#3248=CARTESIAN_POINT('',(-0.0360339460085718,0.00275287009674924,-0.0251021804367718));
#3249=CARTESIAN_POINT('',(-0.0352724090415095,0.00268542691708149,-0.0217993863674406));
#3250=CARTESIAN_POINT('',(-0.0394212202592119,-0.00018679372528611,-0.0244368369321328));
#3251=CARTESIAN_POINT('',(-0.0388755964449556,0.00318783489197401,-0.0245325316117615));
#3252=CARTESIAN_POINT('',(-0.0383185261057033,0.00309142305857154,-0.0211612281956289));
#3253=CARTESIAN_POINT('',(-0.0417944839006282,0.000320984920818815,-0.0240870136646029));
#3254=CARTESIAN_POINT('',(-0.041012569159717,0.00365445336585476,-0.0241888940075894));
#3255=CARTESIAN_POINT('',(-0.0406092951315703,0.00355467534122876,-0.0207907789148756));
#3256=CARTESIAN_POINT('',(-0.0437432003752353,0.000891617778303462,-0.0238832079759969));
#3257=CARTESIAN_POINT('',(-0.0427581621129476,0.00415801591605346,-0.0239745496745777));
#3258=CARTESIAN_POINT('',(-0.0424769132324216,0.00407096070999109,-0.0205751442030843));
#3259=CARTESIAN_POINT('',(-0.0452799197115556,0.00143389622328376,-0.0237690076743898));
#3260=CARTESIAN_POINT('',(-0.0441558058756109,0.00463652046983468,-0.0238423409914433));
#3261=CARTESIAN_POINT('',(-0.0439630524447493,0.00456758218723087,-0.0204544031414072));
#3262=CARTESIAN_POINT('',(-0.0460400169692629,0.00173838641982501,-0.0237275634006628));
#3263=CARTESIAN_POINT('',(-0.0448190454987197,0.0048932002748521,-0.0237902469558121));
#3264=CARTESIAN_POINT('',(-0.0446687009003115,0.00483488807625677,-0.020410610902522));
#3265=CARTESIAN_POINT('',(-0.0464194838626084,0.00189386394020807,-0.0237105315222122));
#3266=CARTESIAN_POINT('',(-0.0452011444919097,0.00504140002798645,-0.0237652151018269));
#3267=CARTESIAN_POINT('',(-0.0450695639432202,0.00499036559664328,-0.0203926186857158));
#3268=CARTESIAN_POINT('',(-0.0138787441420117,0.00457954389867731,-0.0347787468));
#3269=CARTESIAN_POINT('',(-0.0133854971595957,0.0045901246644076,-0.03524615167712));
#3270=CARTESIAN_POINT('',(-0.0125380078262146,0.00439037975833796,-0.0363080228271669));
#3271=CARTESIAN_POINT('',(-0.0118604578287155,0.00359877337907568,-0.0372164379627094));
#3272=CARTESIAN_POINT('',(-0.011475193459033,0.00313307689174434,-0.037529097587553));
#3273=CARTESIAN_POINT('',(0.0181775054683657,-0.00232984613186592,-0.0381));
#3274=CARTESIAN_POINT('',(0.0188068490170073,0.000931234903050781,-0.0381));
#3275=CARTESIAN_POINT('',(0.0188068490170073,0.00093123490305078,-0.0347787468));
#3276=CARTESIAN_POINT('',(0.0128684981751762,-0.00130528113196312,-0.0381));
#3277=CARTESIAN_POINT('',(0.0134433361408286,0.00196631872682087,-0.0381));
#3278=CARTESIAN_POINT('',(0.0134433361408002,0.00196631872665272,-0.0347787468));
#3279=CARTESIAN_POINT('',(0.00486140452559718,4.59168484977557E-5,-0.0381));
#3280=CARTESIAN_POINT('',(0.00533753832178845,0.00333570957543931,-0.0381));
#3281=CARTESIAN_POINT('',(0.00533753832178658,0.00333570957582893,-0.0347787468));
#3282=CARTESIAN_POINT('',(-0.0058856937968223,0.0011352864766598,-0.0381));
#3283=CARTESIAN_POINT('',(-0.0056454605115047,0.0044498841751894,-0.0381));
#3284=CARTESIAN_POINT('',(-0.00564546051149211,0.00444988417459609,-0.0347787468));
#3285=CARTESIAN_POINT('',(-0.0112956388914832,0.0013204438839642,-0.0381));
#3286=CARTESIAN_POINT('',(-0.0112411054317687,0.00464400662016325,-0.0381));
#3287=CARTESIAN_POINT('',(-0.0112411054317992,0.00464400662145172,-0.0347787468));
#3288=CARTESIAN_POINT('',(-0.013999937594778,0.00125465076313973,-0.0381));
#3289=CARTESIAN_POINT('',(-0.0140807167539108,0.00457492146685653,-0.0381));
#3290=CARTESIAN_POINT('',(-0.0140807167539108,0.00457492146685653,-0.0347787468));
#3291=CARTESIAN_POINT('',(0.0163223547126048,0.00140048724919432,-0.0347787468));
#3292=CARTESIAN_POINT('',(0.0171167622158981,0.00125379430108891,-0.0356336589115407));
#3293=CARTESIAN_POINT('',(0.0178692976770195,0.000793049581696155,-0.0364746208852162));
#3294=CARTESIAN_POINT('',(0.0184298246884844,-4.93077290982891E-15,-0.0371401316074953));
#3295=CARTESIAN_POINT('',(0.0184298246884794,1.10060743566437E-18,-0.0371401316074915));
#3296=CARTESIAN_POINT('',(0.00416769549336658,0.,-0.0381));
#3297=CARTESIAN_POINT('',(0.00655359896711042,-1.65710993568279E-17,-0.0381));
#3298=CARTESIAN_POINT('',(0.0113293478372484,9.39957869198477E-18,-0.038003281786005));
#3299=CARTESIAN_POINT('',(0.0160800266080542,-1.55483203937184E-19,-0.0375791536364954));
#3300=CARTESIAN_POINT('',(0.0184298246884794,-1.55483203937184E-19,-0.0371401316074914));
#3301=CARTESIAN_POINT('',(0.018806849017017,-0.000931234903048918,-0.0347787468));
#3302=CARTESIAN_POINT('',(0.018806849017017,-0.000931234903048918,-0.0381));
#3303=CARTESIAN_POINT('',(0.0181775054683752,0.00232984613186776,-0.0381));
#3304=CARTESIAN_POINT('',(0.0134433361408207,-0.00196631872664893,-0.0347787468));
#3305=CARTESIAN_POINT('',(0.0134433361408589,-0.00196631872683254,-0.0381));
#3306=CARTESIAN_POINT('',(0.0128684981751958,0.00130528113196393,-0.0381));
#3307=CARTESIAN_POINT('',(0.0053375383217811,-0.0033357095758273,-0.0347787468));
#3308=CARTESIAN_POINT('',(0.00533753832178105,-0.00333570957543197,-0.0381));
#3309=CARTESIAN_POINT('',(0.00486140452559619,-4.59168484935938E-5,-0.0381));
#3310=CARTESIAN_POINT('',(-0.00564546051145382,-0.00444988417459561,-0.0347787468));
#3311=CARTESIAN_POINT('',(-0.00564546051146645,-0.00444988417519328,-0.0381));
#3312=CARTESIAN_POINT('',(-0.00588569379679187,-0.00113528647666262,-0.0381));
#3313=CARTESIAN_POINT('',(-0.011241105431839,-0.00464400662145015,-0.0347787468));
#3314=CARTESIAN_POINT('',(-0.0112411054318074,-0.00464400662015364,-0.0381));
#3315=CARTESIAN_POINT('',(-0.0112956388915071,-0.00132044388395573,-0.0381));
#3316=CARTESIAN_POINT('',(-0.0140807167538961,-0.00457492146685689,-0.0347787468));
#3317=CARTESIAN_POINT('',(-0.0140807167538961,-0.00457492146685689,-0.0381));
#3318=CARTESIAN_POINT('',(-0.013999937594764,-0.00125465076314007,-0.0381));
#3319=CARTESIAN_POINT('',(0.0184298246884871,4.84273986425742E-15,-0.0371401316074947));
#3320=CARTESIAN_POINT('',(0.0178677689995794,-0.000795212398084519,-0.036472805894665));
#3321=CARTESIAN_POINT('',(0.0171181658707632,-0.00125353510631864,-0.0356351694732358));
#3322=CARTESIAN_POINT('',(0.0163223547126047,-0.00140048724919433,-0.0347787468000001));
#3323=CARTESIAN_POINT('',(-0.00502578098603084,-0.000992056604364014,-0.0220150870840214));
#3324=CARTESIAN_POINT('',(-0.00501668008336118,-0.000992863212016654,-0.0220152419159509));
#3325=CARTESIAN_POINT('',(-0.00500757790105976,-0.000993669903190976,-0.0220152652598709));
#3326=CARTESIAN_POINT('',(-0.00502401106216618,-0.000980394067004117,-0.0220151021788884));
#3327=CARTESIAN_POINT('',(-0.0050152883767048,-0.000979009045457594,-0.0220152425578601));
#3328=CARTESIAN_POINT('',(-0.00500656455933747,-0.000977623781423791,-0.0220152678587386));
#3329=CARTESIAN_POINT('',(-0.00502887755266888,-0.000969013110009164,-0.0220150699680599));
#3330=CARTESIAN_POINT('',(-0.00501910564343306,-0.000965394040978272,-0.0220152444873098));
#3331=CARTESIAN_POINT('',(-0.00500933213017757,-0.000961774839349107,-0.0220152549445629));
#3332=CARTESIAN_POINT('',(-0.00503632118502563,-0.000958986391595265,-0.0220150383205018));
#3333=CARTESIAN_POINT('',(-0.0050260353320386,-0.000953354135061799,-0.0220152549445626));
#3334=CARTESIAN_POINT('',(-0.0050157477242929,-0.000947720917669662,-0.0220152549445629));
#3335=CARTESIAN_POINT('',(0.00134584470352267,-0.00249141090069604,-0.0242986530329545));
#3336=CARTESIAN_POINT('',(0.00145454764970095,-0.00369133758133771,-0.0243541244361235));
#3337=CARTESIAN_POINT('',(0.000912654002874265,-0.00375321213717996,-0.0254298754579038));
#3338=CARTESIAN_POINT('',(0.000860066590678581,-0.002545681042123,-0.024050759167189));
#3339=CARTESIAN_POINT('',(0.000927712831918659,-0.00363381433814521,-0.0240840674066606));
#3340=CARTESIAN_POINT('',(0.000436110834759607,-0.00380762483797878,-0.0250420676454051));
#3341=CARTESIAN_POINT('',(-0.000115508508902333,-0.002571060766508,-0.023569622857295));
#3342=CARTESIAN_POINT('',(-0.000110983331251825,-0.00346536319103993,-0.0235700375623884));
#3343=CARTESIAN_POINT('',(-0.00052357880424603,-0.00378498324107546,-0.024292378373128));
#3344=CARTESIAN_POINT('',(-0.00161415928725302,-0.00237664275403681,-0.0229017293038818));
#3345=CARTESIAN_POINT('',(-0.00169701835002272,-0.00299957772604697,-0.0228655091099842));
#3346=CARTESIAN_POINT('',(-0.00199203770256687,-0.00338292379895767,-0.0232657063805918));
#3347=CARTESIAN_POINT('',(-0.00290726252510462,-0.00200142951448767,-0.0224198445132375));
#3348=CARTESIAN_POINT('',(-0.00303419630023495,-0.00239413179076029,-0.0223771325592395));
#3349=CARTESIAN_POINT('',(-0.00323568572048086,-0.0027101539713155,-0.0225488300793448));
#3350=CARTESIAN_POINT('',(-0.00394703771710682,-0.00153902499867945,-0.0221356191239296));
#3351=CARTESIAN_POINT('',(-0.00405498317475821,-0.00173486596820312,-0.0221115427068142));
#3352=CARTESIAN_POINT('',(-0.0041808455018349,-0.00191675927983096,-0.0221527520280494));
#3353=CARTESIAN_POINT('',(-0.0045194337213758,-0.00124876648074649,-0.0220387561306848));
#3354=CARTESIAN_POINT('',(-0.00458689748636192,-0.00133793561876018,-0.0220328737872834));
#3355=CARTESIAN_POINT('',(-0.00465569299039011,-0.00142594525565659,-0.0220374580943164));
#3356=CARTESIAN_POINT('',(-0.00481081090087197,-0.00105946832987138,-0.0220215217300711));
#3357=CARTESIAN_POINT('',(-0.00483570271338199,-0.00108526685541295,-0.0220200494271627));
#3358=CARTESIAN_POINT('',(-0.00486067442893579,-0.00111102423168213,-0.0220206016191932));
#3359=CARTESIAN_POINT('',(0.000768578884940848,-0.002491410900696,-0.0254298754578989));
#3360=CARTESIAN_POINT('',(0.0167967861491158,-0.000151601171584796,-0.0337224283607283));
#3361=CARTESIAN_POINT('',(0.0169417163935052,-0.00128611774671838,-0.0338191630561669));
#3362=CARTESIAN_POINT('',(0.0163223547126114,-0.00140048724919311,-0.0347787468000044));
#3363=CARTESIAN_POINT('',(0.0143054167620838,-0.000610092013055979,-0.0320595466075466));
#3364=CARTESIAN_POINT('',(0.014439499012013,-0.00175355445677617,-0.0321473628957755));
#3365=CARTESIAN_POINT('',(0.0138289510582387,-0.0018609118189012,-0.033121496868499));
#3366=CARTESIAN_POINT('',(0.00927080496913318,-0.0014710783186134,-0.0287898717809472));
#3367=CARTESIAN_POINT('',(0.00937659115002937,-0.00263503072067377,-0.0288551661581552));
#3368=CARTESIAN_POINT('',(0.00879454988930938,-0.00272599431181433,-0.0298665966901621));
#3369=CARTESIAN_POINT('',(0.004087208930363,-0.00218515125975141,-0.0256975785046766));
#3370=CARTESIAN_POINT('',(0.00418784864215834,-0.00337041187104793,-0.0257560579284279));
#3371=CARTESIAN_POINT('',(0.00361527899146518,-0.00344462073411557,-0.0267986110832979));
#3372=CARTESIAN_POINT('',(0.0013458447035227,-0.00249141090069604,-0.0242986530329545));
#3373=CARTESIAN_POINT('',(0.00145454764969715,-0.00369133758133493,-0.0243541244361216));
#3374=CARTESIAN_POINT('',(0.000912654002872075,-0.00375321213718022,-0.0254298754578989));
#3375=CARTESIAN_POINT('',(0.0160917390905058,-0.000151601171586011,-0.0347787468));
#3376=CARTESIAN_POINT('',(0.0163223547126048,-0.00140048724919431,-0.0347787468));
#3377=CARTESIAN_POINT('',(0.0169417163934987,-0.00128611774671959,-0.0338191630561625));
#3378=CARTESIAN_POINT('',(0.0167967861491092,-0.000151601171585997,-0.0337224283607239));
#3379=CARTESIAN_POINT('',(0.0167431403254215,-0.0013227862181636,-0.0352315807932991));
#3380=CARTESIAN_POINT('',(0.0174778202833671,-0.00132637270312201,-0.0341772869156882));
#3381=CARTESIAN_POINT('',(0.0172172284659294,-7.42264712514805E-5,-0.0340030554971674));
#3382=CARTESIAN_POINT('',(0.0175410009279283,-0.000993300251759902,-0.0361073494859053));
#3383=CARTESIAN_POINT('',(0.0185866876469455,-0.0012846246954357,-0.0349220417173552));
#3384=CARTESIAN_POINT('',(0.0180266075362539,0.000187937389076284,-0.0345456968650221));
#3385=CARTESIAN_POINT('',(0.0182540056155761,-0.000293900558636048,-0.0369275532694548));
#3386=CARTESIAN_POINT('',(0.0197125363128471,-0.00106286393697186,-0.0356849169858365));
#3387=CARTESIAN_POINT('',(0.0187786937376927,0.000679027607727134,-0.0350537819113378));
#3388=CARTESIAN_POINT('',(0.0185518652769421,0.000183701617513116,-0.0372859682644145));
#3389=CARTESIAN_POINT('',(0.0203507115059933,-0.000837712438771033,-0.0361187021439305));
#3390=CARTESIAN_POINT('',(0.0191064143487401,0.00100154384095744,-0.0352757872323841));
#3391=CARTESIAN_POINT('',(0.0184298246884794,1.10060743566437E-18,-0.0371401316074915));
#3392=CARTESIAN_POINT('',(0.0186017766224621,1.10060743566437E-18,-0.037108005150509));
#3393=CARTESIAN_POINT('',(0.0189338602198548,4.70956460894011E-17,-0.0369701253062069));
#3394=CARTESIAN_POINT('',(0.0192152834848465,-1.64786665890967E-16,-0.0364967578046684));
#3395=CARTESIAN_POINT('',(0.0191729886996417,6.54195610495329E-16,-0.0359597237465115));
#3396=CARTESIAN_POINT('',(0.0188650496175405,-3.48698628724948E-15,-0.0353328637374605));
#3397=CARTESIAN_POINT('',(0.0182488131673703,2.81057145785304E-14,-0.0347172189944398));
#3398=CARTESIAN_POINT('',(0.0176860521649309,-5.90427429770464E-14,-0.0343175898262101));
#3399=CARTESIAN_POINT('',(0.0173983451407259,-3.48947245174271E-18,-0.0341247709374495));
#3400=CARTESIAN_POINT('',(0.0167967861491092,0.000151601171586004,-0.0337224283607239));
#3401=CARTESIAN_POINT('',(0.0169417163934985,0.00128611774671978,-0.0338191630561624));
#3402=CARTESIAN_POINT('',(0.0163223547126045,0.00140048724919437,-0.0347787468));
#3403=CARTESIAN_POINT('',(0.0172172284659091,7.42264712444125E-5,-0.034003055497154));
#3404=CARTESIAN_POINT('',(0.0174778202867468,0.00132637269855604,-0.0341772869179052));
#3405=CARTESIAN_POINT('',(0.0167431403323531,0.00132278621688374,-0.0352315807932726));
#3406=CARTESIAN_POINT('',(0.0180266075362663,-0.000187937389075388,-0.0345456968650304));
#3407=CARTESIAN_POINT('',(0.0185866876459472,0.00128462469796825,-0.0349220417167191));
#3408=CARTESIAN_POINT('',(0.0175410009244657,0.000993300252399393,-0.0361073494859184));
#3409=CARTESIAN_POINT('',(0.0187786937376881,-0.000679027607721829,-0.0350537819113346));
#3410=CARTESIAN_POINT('',(0.0197125363128421,0.00106286393699585,-0.0356849169858224));
#3411=CARTESIAN_POINT('',(0.0182540056155697,0.000293900558636966,-0.0369275532694551));
#3412=CARTESIAN_POINT('',(0.0191064143487402,-0.00100154384095744,-0.0352757872323841));
#3413=CARTESIAN_POINT('',(0.0203507115059933,0.000837712438771001,-0.0361187021439305));
#3414=CARTESIAN_POINT('',(0.0185518652769421,-0.000183701617513124,-0.0372859682644145));
#3415=CARTESIAN_POINT('',(0.0160917390905057,0.00015160117158601,-0.0347787468));
#3416=CARTESIAN_POINT('',(0.00134584470350642,0.0024914109006978,-0.0242986530329462));
#3417=CARTESIAN_POINT('',(0.00145454764968088,0.00369133758133682,-0.0243541244361132));
#3418=CARTESIAN_POINT('',(0.000912654002856074,0.00375321213718204,-0.0254298754578908));
#3419=CARTESIAN_POINT('',(0.00408720893041815,0.00218515125996291,-0.0256975785047036));
#3420=CARTESIAN_POINT('',(0.00418784864177558,0.00337041187110484,-0.0257560579283749));
#3421=CARTESIAN_POINT('',(0.00361527899132855,0.00344462073413135,-0.0267986110831965));
#3422=CARTESIAN_POINT('',(0.00927080496912661,0.00147107831853609,-0.0287898717809485));
#3423=CARTESIAN_POINT('',(0.00937659115079918,0.00263503072049735,-0.0288551661585575));
#3424=CARTESIAN_POINT('',(0.00879454988951295,0.00272599431178097,-0.0298665966901829));
#3425=CARTESIAN_POINT('',(0.0143054167620112,0.000610092013003832,-0.0320595466074981));
#3426=CARTESIAN_POINT('',(0.0144394990115649,0.00175355445696049,-0.0321473628954661));
#3427=CARTESIAN_POINT('',(0.0138289510579377,0.00186091181895687,-0.03312149686854));
#3428=CARTESIAN_POINT('',(0.0167967861491157,0.000151601171584803,-0.0337224283607283));
#3429=CARTESIAN_POINT('',(0.0169417163935052,0.00128611774671835,-0.0338191630561669));
#3430=CARTESIAN_POINT('',(0.0163223547126114,0.0014004872491931,-0.0347787468000043));
#3431=CARTESIAN_POINT('',(0.000768578884924926,0.00249141090069782,-0.0254298754578908));
#3432=CARTESIAN_POINT('',(-0.00481079907915856,0.00105947601008516,-0.0220215224293209));
#3433=CARTESIAN_POINT('',(-0.00483569263576741,0.00108527708955176,-0.0220200499466155));
#3434=CARTESIAN_POINT('',(-0.0048606661124333,0.00111103700867245,-0.0220206023031217));
#3435=CARTESIAN_POINT('',(-0.00452229145720902,0.00124690571324652,-0.0220385879893123));
#3436=CARTESIAN_POINT('',(-0.00458934126005681,0.00133544796651803,-0.0220327484655156));
#3437=CARTESIAN_POINT('',(-0.00465770247016141,0.00142284989425527,-0.0220372938334849));
#3438=CARTESIAN_POINT('',(-0.00395397210842577,0.00153579361357159,-0.0221339462688154));
#3439=CARTESIAN_POINT('',(-0.00406160929962967,0.00173038946823034,-0.0221100795681895));
#3440=CARTESIAN_POINT('',(-0.00418702567928269,0.00191124289048276,-0.022150535872454));
#3441=CARTESIAN_POINT('',(-0.00290637475167809,0.0020019587233058,-0.0224199233849913));
#3442=CARTESIAN_POINT('',(-0.0030333235586627,0.00239491086578559,-0.0223771606627638));
#3443=CARTESIAN_POINT('',(-0.00323497894039025,0.00271103941958583,-0.0225488645435164));
#3444=CARTESIAN_POINT('',(-0.00161875379406737,0.00237585109699562,-0.0228998177324112));
#3445=CARTESIAN_POINT('',(-0.00170152018756604,0.00299801072771813,-0.0228636739300341));
#3446=CARTESIAN_POINT('',(-0.0019964751188438,0.0033813848576177,-0.0232628053310483));
#3447=CARTESIAN_POINT('',(-0.00010449341876906,0.00257229285528536,-0.0235745955380232));
#3448=CARTESIAN_POINT('',(-9.84069931188596E-5,0.00346881397219855,-0.0235756997691218));
#3449=CARTESIAN_POINT('',(-0.000512782984228197,0.00378762907008145,-0.0243000336006363));
#3450=CARTESIAN_POINT('',(0.000867192598705526,0.00254488493970467,-0.0240543955880788));
#3451=CARTESIAN_POINT('',(0.000935093594801763,0.0036346202178599,-0.0240878508066417));
#3452=CARTESIAN_POINT('',(0.000443101373448098,0.00380682664357323,-0.0250477565009107));
#3453=CARTESIAN_POINT('',(0.00134584470350908,0.00249141090069751,-0.0242986530329476));
#3454=CARTESIAN_POINT('',(0.00145454764968507,0.00369133758133636,-0.0243541244361153));
#3455=CARTESIAN_POINT('',(0.000912654002860273,0.00375321213718156,-0.025429875457893));
#3456=CARTESIAN_POINT('',(-0.00500757134849234,0.00099356520454312,-0.0220152652766828));
#3457=CARTESIAN_POINT('',(-0.00501667107424935,0.000992772816149125,-0.0220152419201092));
#3458=CARTESIAN_POINT('',(-0.00502576952139058,0.00099198050972957,-0.0220150871819451));
#3459=CARTESIAN_POINT('',(-0.00500657764716346,0.000977550323524955,-0.0220152678272497));
#3460=CARTESIAN_POINT('',(-0.00501530339842823,0.000978945882707155,-0.0220152425607595));
#3461=CARTESIAN_POINT('',(-0.00502402801712859,0.000980341200254835,-0.0220151020851043));
#3462=CARTESIAN_POINT('',(-0.00500934899572218,0.000961742787405165,-0.0220152549445629));
#3463=CARTESIAN_POINT('',(-0.00501912261025986,0.000965366583382497,-0.0220152444940597));
#3464=CARTESIAN_POINT('',(-0.00502889462079305,0.000968990244584362,-0.0220150698957545));
#3465=CARTESIAN_POINT('',(-0.00501574740454376,0.000947721501612708,-0.0220152549445629));
#3466=CARTESIAN_POINT('',(-0.00502603501729959,0.000953354635324676,-0.0220152549445634));
#3467=CARTESIAN_POINT('',(-0.00503632087530675,0.000958986808198195,-0.0220150383218239));
#3468=MECHANICAL_DESIGN_GEOMETRIC_PRESENTATION_REPRESENTATION('',(#1105),
#3469);
#3469=(
GEOMETRIC_REPRESENTATION_CONTEXT(3)
GLOBAL_UNCERTAINTY_ASSIGNED_CONTEXT((#3470))
GLOBAL_UNIT_ASSIGNED_CONTEXT((#3473,#3472,#3471))
REPRESENTATION_CONTEXT('Part 1','TOP_LEVEL_ASSEMBLY_PART')
);
#3470=UNCERTAINTY_MEASURE_WITH_UNIT(LENGTH_MEASURE(2.E-5),#3473,
'DISTANCE_ACCURACY_VALUE','Maximum Tolerance applied to model');
#3471=(
NAMED_UNIT(*)
SI_UNIT($,.STERADIAN.)
SOLID_ANGLE_UNIT()
);
#3472=(
NAMED_UNIT(*)
PLANE_ANGLE_UNIT()
SI_UNIT($,.RADIAN.)
);
#3473=(
LENGTH_UNIT()
NAMED_UNIT(*)
SI_UNIT($,.METRE.)
);
#3474=PRODUCT_DEFINITION_SHAPE('','',#3475);
#3475=PRODUCT_DEFINITION('','',#3477,#3476);
#3476=PRODUCT_DEFINITION_CONTEXT('',#3483,'design');
#3477=PRODUCT_DEFINITION_FORMATION_WITH_SPECIFIED_SOURCE('','',#3479,
 .NOT_KNOWN.);
#3478=PRODUCT_RELATED_PRODUCT_CATEGORY('','',(#3479));
#3479=PRODUCT('Part 1','Part 1','Part 1',(#3481));
#3480=PRODUCT_CATEGORY('','');
#3481=PRODUCT_CONTEXT('',#3483,'mechanical');
#3482=APPLICATION_PROTOCOL_DEFINITION('international standard',
'ap242_managed_model_based_3d_engineering',2020,#3483);
#3483=APPLICATION_CONTEXT('managed model based 3d engineering');
ENDSEC;
END-ISO-10303-21;
