ISO-10303-21;
HEADER;
/* Generated by software containing ST-Developer
 * from STEP Tools, Inc. (www.steptools.com) 
 */
/* OPTION: using custom renumber hook */

FILE_DESCRIPTION(
/* description */ ('STEP AP242 Edition 2',
'CAx-IF Rec.Pracs.---Representation and Presentation of Product Manufa
cturing Information (PMI)---4.0---2014-10-13',
'CAx-IF Rec.Pracs.---3D Tessellated Geometry---0.4---2014-09-14','2;1',
'CAx-IF Rec.Pracs.---User Defined Attributes---1.5---2016-08-15'),
/* implementation_level */ '2;1');

FILE_NAME(
/* name */ 'mk 4',
/* time_stamp */ '2026-08-04T01:12:58Z',
/* author */ (''),
/* organization */ (''),
/* preprocessor_version */ 'ST-DEVELOPER v20',
/* originating_system */ 'ONSHAPE BY PTC INC, 1.218',
/* authorisation */ '  ');

FILE_SCHEMA (('AP242_MANAGED_MODEL_BASED_3D_ENGINEERING_MIM_LF { 1 0 10303 442 3 1 4 }'));
ENDSEC;

DATA;
#10=SHAPE_REPRESENTATION_RELATIONSHIP('','',#1032,#11);
#11=ADVANCED_BREP_SHAPE_REPRESENTATION('',(#1030),#3126);
#12=TOROIDAL_SURFACE('',#1075,0.0036576,0.0014224);
#13=TOROIDAL_SURFACE('',#1079,0.0036576,0.0014224);
#14=TOROIDAL_SURFACE('',#1082,0.0036576,0.0014224);
#15=TOROIDAL_SURFACE('',#1086,0.0036576,0.0014224);
#16=ELLIPSE('',#1067,0.00102435302624637,0.000997026428970424);
#17=ELLIPSE('',#1070,0.00102435302624638,0.000997026428970424);
#18=ELLIPSE('',#1071,0.00102435302624638,0.000997026428970424);
#19=ELLIPSE('',#1073,0.00102435302624637,0.000997026428970424);
#20=SPHERICAL_SURFACE('',#1052,0.000762);
#21=(
BOUNDED_SURFACE()
B_SPLINE_SURFACE(3,2,((#2022,#2023,#2024),(#2025,#2026,#2027),(#2028,#2029,
#2030),(#2031,#2032,#2033),(#2034,#2035,#2036),(#2037,#2038,#2039),(#2040,
#2041,#2042),(#2043,#2044,#2045),(#2046,#2047,#2048),(#2049,#2050,#2051),
(#2052,#2053,#2054),(#2055,#2056,#2057),(#2058,#2059,#2060)),
 .UNSPECIFIED.,.F.,.F.,.F.)
B_SPLINE_SURFACE_WITH_KNOTS((4,1,1,1,1,1,1,1,1,1,4),(3,3),(-0.000153031084457549,
0.00145670355707109,0.00306643819859973,0.006285907481657,0.00950537676471428,
0.0127248460477716,0.0159443153308288,0.0191637846138861,0.0223832538969434,
0.023992988538472,0.0256027231800007),(0.,1.),.UNSPECIFIED.)
GEOMETRIC_REPRESENTATION_ITEM()
RATIONAL_B_SPLINE_SURFACE(((1.,0.696065799637004,1.),(1.,0.695704334481143,
1.),(1.,0.696509052333403,1.),(1.,0.697381461795573,1.),(1.,0.699871241357295,
1.),(1.,0.704593234384895,1.),(1.,0.711502519684622,1.),(1.,0.720793232956009,
1.),(1.,0.732241863746874,1.),(1.,0.743950458078557,1.),(1.,0.753287502745557,
1.),(1.,0.759737085747926,1.),(1.,0.760535426472089,1.)))
REPRESENTATION_ITEM('')
SURFACE()
);
#22=(
BOUNDED_SURFACE()
B_SPLINE_SURFACE(3,2,((#2067,#2068,#2069),(#2070,#2071,#2072),(#2073,#2074,
#2075),(#2076,#2077,#2078),(#2079,#2080,#2081),(#2082,#2083,#2084),(#2085,
#2086,#2087),(#2088,#2089,#2090)),.UNSPECIFIED.,.F.,.F.,.F.)
B_SPLINE_SURFACE_WITH_KNOTS((4,1,1,1,1,4),(3,3),(0.0408887162137397,0.0430261567266566,
0.0451635972395735,0.0494384782654073,0.0537133592912411,0.0579882403170749),
(0.,1.),.UNSPECIFIED.)
GEOMETRIC_REPRESENTATION_ITEM()
RATIONAL_B_SPLINE_SURFACE(((1.,0.707548683705211,1.),(1.,0.70751495260083,
1.),(1.,0.707794081239309,1.),(1.,0.707688494053552,1.),(1.,0.707000966934334,
1.),(1.,0.704161808395072,1.),(1.,0.699897621452814,1.),(1.,0.696435128162422,
1.)))
REPRESENTATION_ITEM('')
SURFACE()
);
#23=(
BOUNDED_SURFACE()
B_SPLINE_SURFACE(3,2,((#2096,#2097,#2098),(#2099,#2100,#2101),(#2102,#2103,
#2104),(#2105,#2106,#2107),(#2108,#2109,#2110),(#2111,#2112,#2113),(#2114,
#2115,#2116),(#2117,#2118,#2119),(#2120,#2121,#2122),(#2123,#2124,#2125),
(#2126,#2127,#2128),(#2129,#2130,#2131),(#2132,#2133,#2134),(#2135,#2136,
#2137),(#2138,#2139,#2140),(#2141,#2142,#2143),(#2144,#2145,#2146),(#2147,
#2148,#2149),(#2150,#2151,#2152),(#2153,#2154,#2155),(#2156,#2157,#2158),
(#2159,#2160,#2161),(#2162,#2163,#2164),(#2165,#2166,#2167),(#2168,#2169,
#2170),(#2171,#2172,#2173),(#2174,#2175,#2176)),.UNSPECIFIED.,.F.,.F.,.F.)
B_SPLINE_SURFACE_WITH_KNOTS((4,1,1,1,1,1,1,1,1,1,1,1,1,1,1,1,1,1,1,1,1,
1,1,1,4),(3,3),(0.0156767294995021,0.0227806416707752,0.0263325977564117,
0.0298845538420482,0.0334365099276847,0.0352124879705029,0.0369884660133212,
0.0387644440561395,0.0396524330775486,0.0405404220989577,0.0414284111203668,
0.0418724056310714,0.042316400141776,0.0427603946524805,0.0432043891631851,
0.0434263864185374,0.0435373850462135,0.0436483836738897,0.0437593823015658,
0.0438148816154039,0.0438703809292419,0.043898130586161,0.04392588024308,
0.0439813795569181,0.0440923781845942),(0.,1.),.UNSPECIFIED.)
GEOMETRIC_REPRESENTATION_ITEM()
RATIONAL_B_SPLINE_SURFACE(((1.,0.744437201751305,1.),(1.,0.743079273836689,
1.),(1.,0.740850042817478,1.),(1.,0.737309661863052,1.),(1.,0.734293047991142,
1.),(1.,0.731390218719225,1.),(1.,0.728734866780087,1.),(1.,0.726528547043781,
1.),(1.,0.724457928250194,1.),(1.,0.722587453681535,1.),(1.,0.721038587258232,
1.),(1.,0.719573812009523,1.),(1.,0.718223323501405,1.),(1.,0.717083206764172,
1.),(1.,0.715744439741808,1.),(1.,0.714354826096902,1.),(1.,0.713036894104855,
1.),(1.,0.712097948239236,1.),(1.,0.711221715681448,1.),(1.,0.710351497375001,
1.),(1.,0.70925275247634,1.),(1.,0.708632090310973,1.),(1.,0.707124061209599,
1.),(1.,0.707096906887662,1.),(1.,0.707114186910712,1.),(1.,0.707106781186549,
1.),(1.,0.707106781186549,1.)))
REPRESENTATION_ITEM('')
SURFACE()
);
#24=(
BOUNDED_SURFACE()
B_SPLINE_SURFACE(3,2,((#2187,#2188,#2189),(#2190,#2191,#2192),(#2193,#2194,
#2195),(#2196,#2197,#2198),(#2199,#2200,#2201),(#2202,#2203,#2204),(#2205,
#2206,#2207),(#2208,#2209,#2210),(#2211,#2212,#2213),(#2214,#2215,#2216),
(#2217,#2218,#2219),(#2220,#2221,#2222),(#2223,#2224,#2225),(#2226,#2227,
#2228),(#2229,#2230,#2231),(#2232,#2233,#2234),(#2235,#2236,#2237),(#2238,
#2239,#2240),(#2241,#2242,#2243),(#2244,#2245,#2246),(#2247,#2248,#2249),
(#2250,#2251,#2252),(#2253,#2254,#2255),(#2256,#2257,#2258),(#2259,#2260,
#2261),(#2262,#2263,#2264),(#2265,#2266,#2267)),.UNSPECIFIED.,.F.,.F.,.F.)
B_SPLINE_SURFACE_WITH_KNOTS((4,1,1,1,1,1,1,1,1,1,1,1,1,1,1,1,1,1,1,1,1,
1,1,1,4),(3,3),(0.0156767294995021,0.0227806416707752,0.0263325977564117,
0.0298845538420482,0.0334365099276847,0.035212487970503,0.0369884660133212,
0.0387644440561395,0.0396524330775486,0.0405404220989577,0.0414284111203669,
0.0418724056310714,0.042316400141776,0.0427603946524805,0.0432043891631851,
0.0434263864185374,0.0435373850462135,0.0436483836738897,0.0437593823015658,
0.0438148816154039,0.0438703809292419,0.043898130586161,0.04392588024308,
0.0439813795569181,0.0440923781845942),(0.,1.),.UNSPECIFIED.)
GEOMETRIC_REPRESENTATION_ITEM()
RATIONAL_B_SPLINE_SURFACE(((1.,0.744437201751304,1.),(1.,0.743079273840763,
1.),(1.,0.740850042816558,1.),(1.,0.737309661863226,1.),(1.,0.734293047991094,
1.),(1.,0.731390218719231,1.),(1.,0.728734866780086,1.),(1.,0.72652854704378,
1.),(1.,0.724457928250193,1.),(1.,0.722587453681536,1.),(1.,0.721038587258231,
1.),(1.,0.719573812009524,1.),(1.,0.718223323501406,1.),(1.,0.717083206764172,
1.),(1.,0.715744439741808,1.),(1.,0.714354826096897,1.),(1.,0.713036894104858,
1.),(1.,0.712097948239235,1.),(1.,0.711221715681447,1.),(1.,0.710351497375003,
1.),(1.,0.709252752476337,1.),(1.,0.708632090310976,1.),(1.,0.707124061209596,
1.),(1.,0.707096906887663,1.),(1.,0.70711418691071,1.),(1.,0.707106781186549,
1.),(1.,0.707106781186549,1.)))
REPRESENTATION_ITEM('')
SURFACE()
);
#25=(
BOUNDED_SURFACE()
B_SPLINE_SURFACE(3,2,((#2277,#2278,#2279),(#2280,#2281,#2282),(#2283,#2284,
#2285),(#2286,#2287,#2288),(#2289,#2290,#2291),(#2292,#2293,#2294),(#2295,
#2296,#2297),(#2298,#2299,#2300)),.UNSPECIFIED.,.F.,.F.,.F.)
B_SPLINE_SURFACE_WITH_KNOTS((4,1,1,1,1,4),(3,3),(0.0408887162137397,0.0430261567266566,
0.0451635972395735,0.0494384782654073,0.0537133592912411,0.0579882403170749),
(0.,1.),.UNSPECIFIED.)
GEOMETRIC_REPRESENTATION_ITEM()
RATIONAL_B_SPLINE_SURFACE(((1.,0.707548683705211,1.),(1.,0.707514952600948,
1.),(1.,0.707794081239261,1.),(1.,0.707688494053551,1.),(1.,0.707000966934588,
1.),(1.,0.704161808394115,1.),(1.,0.699897621454879,1.),(1.,0.696435128162421,
1.)))
REPRESENTATION_ITEM('')
SURFACE()
);
#26=(
BOUNDED_SURFACE()
B_SPLINE_SURFACE(3,2,((#2311,#2312,#2313),(#2314,#2315,#2316),(#2317,#2318,
#2319),(#2320,#2321,#2322),(#2323,#2324,#2325),(#2326,#2327,#2328),(#2329,
#2330,#2331),(#2332,#2333,#2334),(#2335,#2336,#2337),(#2338,#2339,#2340),
(#2341,#2342,#2343),(#2344,#2345,#2346),(#2347,#2348,#2349)),
 .UNSPECIFIED.,.F.,.F.,.F.)
B_SPLINE_SURFACE_WITH_KNOTS((4,1,1,1,1,1,1,1,1,1,4),(3,3),(-0.000153346828623102,
0.00145643418027902,0.00306621518918113,0.00628577720698537,0.0095053392247896,
0.0127249012425938,0.0159444632603981,0.0191640252782023,0.0223835872960065,
0.0239933683049087,0.0256031493138108),(0.,1.),.UNSPECIFIED.)
GEOMETRIC_REPRESENTATION_ITEM()
RATIONAL_B_SPLINE_SURFACE(((1.,0.696066012336959,1.),(1.,0.69570453900329,
1.),(1.,0.696508811246128,1.),(1.,0.697381379615602,1.),(1.,0.699871046346513,
1.),(1.,0.704593150339051,1.),(1.,0.711502643053681,1.),(1.,0.720793655628575,
1.),(1.,0.732242916526821,1.),(1.,0.743951491510254,1.),(1.,0.753289937223848,
1.),(1.,0.759737694558908,1.),(1.,0.760536060490462,1.)))
REPRESENTATION_ITEM('')
SURFACE()
);
#27=(
BOUNDED_SURFACE()
B_SPLINE_SURFACE(3,2,((#2354,#2355,#2356),(#2357,#2358,#2359),(#2360,#2361,
#2362),(#2363,#2364,#2365),(#2366,#2367,#2368),(#2369,#2370,#2371),(#2372,
#2373,#2374)),.UNSPECIFIED.,.F.,.F.,.F.)
B_SPLINE_SURFACE_WITH_KNOTS((4,1,1,1,4),(3,3),(0.0262039759831492,0.0380668943606725,
0.0439983535494341,0.0469640831438149,0.0499298127381957),(0.,1.),
 .UNSPECIFIED.)
GEOMETRIC_REPRESENTATION_ITEM()
RATIONAL_B_SPLINE_SURFACE(((1.,0.721542305739162,1.),(1.,0.714533132488968,
1.),(1.,0.705497471724097,1.),(1.,0.703415694556349,1.),(1.,0.705128374211462,
1.),(1.,0.707045804149414,1.),(1.,0.708064848172326,1.)))
REPRESENTATION_ITEM('')
SURFACE()
);
#28=(
BOUNDED_SURFACE()
B_SPLINE_SURFACE(3,2,((#2385,#2386,#2387),(#2388,#2389,#2390),(#2391,#2392,
#2393),(#2394,#2395,#2396),(#2397,#2398,#2399)),.UNSPECIFIED.,.F.,.F.,.F.)
B_SPLINE_SURFACE_WITH_KNOTS((4,1,4),(3,3),(0.0104219839919054,0.0164641527434227,
0.02250632149494),(0.,1.),.UNSPECIFIED.)
GEOMETRIC_REPRESENTATION_ITEM()
RATIONAL_B_SPLINE_SURFACE(((1.,0.705001453230567,1.),(1.,0.707390712017325,
1.),(1.,0.712341901963856,1.),(1.,0.717840206163272,1.),(1.,0.720917842461965,
1.)))
REPRESENTATION_ITEM('')
SURFACE()
);
#29=(
BOUNDED_SURFACE()
B_SPLINE_SURFACE(3,2,((#2405,#2406,#2407),(#2408,#2409,#2410),(#2411,#2412,
#2413),(#2414,#2415,#2416),(#2417,#2418,#2419)),.UNSPECIFIED.,.F.,.F.,.F.)
B_SPLINE_SURFACE_WITH_KNOTS((4,1,4),(3,3),(-1.38777878078145E-17,0.0146305973857083,
0.0292611947714166),(0.,1.),.UNSPECIFIED.)
GEOMETRIC_REPRESENTATION_ITEM()
RATIONAL_B_SPLINE_SURFACE(((1.,0.707106781186544,1.),(1.,0.707106781186544,
1.),(1.,0.707106781186549,1.),(1.,0.707106781186548,1.),(1.,0.707106781186548,
1.)))
REPRESENTATION_ITEM('')
SURFACE()
);
#30=(
BOUNDED_SURFACE()
B_SPLINE_SURFACE(3,2,((#2421,#2422,#2423),(#2424,#2425,#2426),(#2427,#2428,
#2429),(#2430,#2431,#2432),(#2433,#2434,#2435),(#2436,#2437,#2438)),
 .UNSPECIFIED.,.F.,.F.,.F.)
B_SPLINE_SURFACE_WITH_KNOTS((4,1,1,4),(3,3),(3.81639164714898E-17,0.0159158685549023,
0.0238738028323535,0.0318317371098046),(0.,1.),.UNSPECIFIED.)
GEOMETRIC_REPRESENTATION_ITEM()
RATIONAL_B_SPLINE_SURFACE(((1.,0.707106781186544,1.),(1.,0.707106781186544,
1.),(1.,0.707106781186549,1.),(1.,0.707106781186547,1.),(1.,0.707106781186548,
1.),(1.,0.707106781186548,1.)))
REPRESENTATION_ITEM('')
SURFACE()
);
#31=(
BOUNDED_SURFACE()
B_SPLINE_SURFACE(3,2,((#2440,#2441,#2442),(#2443,#2444,#2445),(#2446,#2447,
#2448),(#2449,#2450,#2451),(#2452,#2453,#2454)),.UNSPECIFIED.,.F.,.F.,.F.)
B_SPLINE_SURFACE_WITH_KNOTS((4,1,4),(3,3),(0.00923547948838558,0.0103880179056109,
0.0115405563228361),(0.,1.),.UNSPECIFIED.)
GEOMETRIC_REPRESENTATION_ITEM()
RATIONAL_B_SPLINE_SURFACE(((1.,0.707106781186525,1.),(1.,0.671582961905773,
1.),(1.,0.596919769261919,1.),(1.,0.507125875973408,1.),(1.,0.458910711847077,
1.)))
REPRESENTATION_ITEM('')
SURFACE()
);
#32=(
BOUNDED_SURFACE()
B_SPLINE_SURFACE(3,2,((#2462,#2463,#2464),(#2465,#2466,#2467),(#2468,#2469,
#2470),(#2471,#2472,#2473),(#2474,#2475,#2476)),.UNSPECIFIED.,.F.,.F.,.F.)
B_SPLINE_SURFACE_WITH_KNOTS((4,1,4),(3,3),(0.00923547948836881,0.0103880179055864,
0.0115405563228039),(0.,1.),.UNSPECIFIED.)
GEOMETRIC_REPRESENTATION_ITEM()
RATIONAL_B_SPLINE_SURFACE(((1.,0.707106781184951,1.),(1.,0.671582962857246,
1.),(1.,0.596919768786706,1.),(1.,0.507125875968232,1.),(1.,0.458910711846863,
1.)))
REPRESENTATION_ITEM('')
SURFACE()
);
#33=(
BOUNDED_SURFACE()
B_SPLINE_SURFACE(3,2,((#2477,#2478,#2479),(#2480,#2481,#2482),(#2483,#2484,
#2485),(#2486,#2487,#2488),(#2489,#2490,#2491),(#2492,#2493,#2494),(#2495,
#2496,#2497),(#2498,#2499,#2500),(#2501,#2502,#2503),(#2504,#2505,#2506),
(#2507,#2508,#2509),(#2510,#2511,#2512)),.UNSPECIFIED.,.F.,.F.,.F.)
B_SPLINE_SURFACE_WITH_KNOTS((4,1,1,1,1,1,1,1,1,4),(3,3),(0.0184086286997671,
0.0223544828486823,0.0263003369975975,0.0302461911465127,0.034192045295428,
0.0381378994443432,0.0420837535932584,0.0460296077421736,0.0480025348166312,
0.0499754618910888),(0.,1.),.UNSPECIFIED.)
GEOMETRIC_REPRESENTATION_ITEM()
RATIONAL_B_SPLINE_SURFACE(((1.,0.726206126152253,1.),(1.,0.725438502982705,
1.),(1.,0.723566244317278,1.),(1.,0.722601323589463,1.),(1.,0.714258731780428,
1.),(1.,0.70924729723673,1.),(1.,0.705277566571761,1.),(1.,0.70358954348147,
1.),(1.,0.704273385967571,1.),(1.,0.706069278837231,1.),(1.,0.707434120028027,
1.),(1.,0.708111899667692,1.)))
REPRESENTATION_ITEM('')
SURFACE()
);
#34=(
BOUNDED_SURFACE()
B_SPLINE_SURFACE(3,2,((#2518,#2519,#2520),(#2521,#2522,#2523),(#2524,#2525,
#2526),(#2527,#2528,#2529),(#2530,#2531,#2532),(#2533,#2534,#2535),(#2536,
#2537,#2538),(#2539,#2540,#2541),(#2542,#2543,#2544),(#2545,#2546,#2547),
(#2548,#2549,#2550),(#2551,#2552,#2553),(#2554,#2555,#2556),(#2557,#2558,
#2559)),.UNSPECIFIED.,.F.,.F.,.F.)
B_SPLINE_SURFACE_WITH_KNOTS((4,1,1,1,1,1,1,1,1,1,1,4),(3,3),(0.0210814651009441,
0.0259566251943176,0.0308317852876911,0.0332693653343778,0.0357069453810646,
0.0381445254277513,0.0405821054744381,0.0430196855211248,0.0454572655678116,
0.050332425661185,0.0552075857545585,0.060082745847932),(0.,1.),
 .UNSPECIFIED.)
GEOMETRIC_REPRESENTATION_ITEM()
RATIONAL_B_SPLINE_SURFACE(((1.,0.707106781186548,1.),(1.,0.707106781186548,
1.),(1.,0.707106781186548,1.),(1.,0.707106781186547,1.),(1.,0.707106781186548,
1.),(1.,0.707106781186548,1.),(1.,0.707106781186546,1.),(1.,0.707106781186548,
1.),(1.,0.707106781186547,1.),(1.,0.707106781186548,1.),(1.,0.707106781186547,
1.),(1.,0.707106781186548,1.),(1.,0.707106781186547,1.),(1.,0.707106781186547,
1.)))
REPRESENTATION_ITEM('')
SURFACE()
);
#35=(
BOUNDED_SURFACE()
B_SPLINE_SURFACE(3,2,((#2572,#2573,#2574),(#2575,#2576,#2577),(#2578,#2579,
#2580),(#2581,#2582,#2583),(#2584,#2585,#2586),(#2587,#2588,#2589),(#2590,
#2591,#2592),(#2593,#2594,#2595),(#2596,#2597,#2598),(#2599,#2600,#2601),
(#2602,#2603,#2604),(#2605,#2606,#2607),(#2608,#2609,#2610),(#2611,#2612,
#2613)),.UNSPECIFIED.,.F.,.F.,.F.)
B_SPLINE_SURFACE_WITH_KNOTS((4,1,1,1,1,1,1,1,1,1,1,4),(3,3),(0.0210814651009485,
0.025956625194322,0.0308317852876954,0.0332693653343821,0.0357069453810688,
0.0381445254277556,0.0405821054744423,0.043019685521129,0.0454572655678157,
0.0503324256611891,0.0552075857545626,0.060082745847936),(0.,1.),
 .UNSPECIFIED.)
GEOMETRIC_REPRESENTATION_ITEM()
RATIONAL_B_SPLINE_SURFACE(((1.,0.707106781186548,1.),(1.,0.707106781186548,
1.),(1.,0.707106781186548,1.),(1.,0.707106781186548,1.),(1.,0.707106781186548,
1.),(1.,0.707106781186547,1.),(1.,0.707106781186549,1.),(1.,0.707106781186547,
1.),(1.,0.707106781186547,1.),(1.,0.707106781186547,1.),(1.,0.707106781186547,
1.),(1.,0.707106781186547,1.),(1.,0.707106781186547,1.),(1.,0.707106781186547,
1.)))
REPRESENTATION_ITEM('')
SURFACE()
);
#36=(
BOUNDED_SURFACE()
B_SPLINE_SURFACE(3,2,((#2647,#2648,#2649),(#2650,#2651,#2652),(#2653,#2654,
#2655),(#2656,#2657,#2658),(#2659,#2660,#2661),(#2662,#2663,#2664),(#2665,
#2666,#2667)),.UNSPECIFIED.,.F.,.F.,.F.)
B_SPLINE_SURFACE_WITH_KNOTS((4,1,1,1,4),(3,3),(-2.64545330086463E-17,0.00165349690281778,
0.00330699380563559,0.0049604907084534,0.00661398761127121),(0.,1.),
 .UNSPECIFIED.)
GEOMETRIC_REPRESENTATION_ITEM()
RATIONAL_B_SPLINE_SURFACE(((1.,0.707106781186548,1.),(1.,0.691359600988,
1.),(1.,0.658083700206014,1.),(1.,0.607158272378564,1.),(1.,0.566251533163365,
1.),(1.,0.555223533620235,1.),(1.,0.555223533488961,1.)))
REPRESENTATION_ITEM('')
SURFACE()
);
#37=(
BOUNDED_SURFACE()
B_SPLINE_SURFACE(3,2,((#2680,#2681,#2682),(#2683,#2684,#2685),(#2686,#2687,
#2688),(#2689,#2690,#2691),(#2692,#2693,#2694),(#2695,#2696,#2697),(#2698,
#2699,#2700)),.UNSPECIFIED.,.F.,.F.,.F.)
B_SPLINE_SURFACE_WITH_KNOTS((4,1,1,1,4),(3,3),(1.04083408558608E-17,0.0016534159742861,
0.00330683194857219,0.00496024792285827,0.00661366389714436),(0.,1.),
 .UNSPECIFIED.)
GEOMETRIC_REPRESENTATION_ITEM()
RATIONAL_B_SPLINE_SURFACE(((1.,0.555223533488961,1.),(1.,0.555223533774017,
1.),(1.,0.566175511271622,1.),(1.,0.607106131889611,1.),(1.,0.657938198577924,
1.),(1.,0.691377851644186,1.),(1.,0.707106781186548,1.)))
REPRESENTATION_ITEM('')
SURFACE()
);
#38=(
BOUNDED_SURFACE()
B_SPLINE_SURFACE(3,2,((#2713,#2714,#2715),(#2716,#2717,#2718),(#2719,#2720,
#2721),(#2722,#2723,#2724),(#2725,#2726,#2727),(#2728,#2729,#2730),(#2731,
#2732,#2733),(#2734,#2735,#2736),(#2737,#2738,#2739),(#2740,#2741,#2742),
(#2743,#2744,#2745),(#2746,#2747,#2748),(#2749,#2750,#2751),(#2752,#2753,
#2754),(#2755,#2756,#2757),(#2758,#2759,#2760),(#2761,#2762,#2763),(#2764,
#2765,#2766),(#2767,#2768,#2769),(#2770,#2771,#2772),(#2773,#2774,#2775),
(#2776,#2777,#2778),(#2779,#2780,#2781),(#2782,#2783,#2784),(#2785,#2786,
#2787),(#2788,#2789,#2790),(#2791,#2792,#2793)),.UNSPECIFIED.,.F.,.F.,.F.)
B_SPLINE_SURFACE_WITH_KNOTS((4,1,1,1,1,1,1,1,1,1,1,1,1,1,1,1,1,1,1,1,1,
1,1,1,4),(3,3),(5.55111512312578E-17,0.00541691558392461,0.0108338311678492,
0.0162507467517737,0.018959204543736,0.0216676623356983,0.0243761201276606,
0.0270845779196228,0.028438806815604,0.0297930357115851,0.0311472646075663,
0.0318243790555568,0.0321629362795521,0.0325014935035474,0.032670772115545,
0.0328400507275427,0.0330093293395403,0.033178607951538,0.0335171651755332,
0.0338557223995285,0.0352099512955097,0.0365641801914908,0.0379184090874719,
0.0406268668794342,0.0433353246713965),(0.,1.),.UNSPECIFIED.)
GEOMETRIC_REPRESENTATION_ITEM()
RATIONAL_B_SPLINE_SURFACE(((1.,0.707106781186553,1.),(1.,0.707106781186553,
1.),(1.,0.707106781186545,1.),(1.,0.707106781186548,1.),(1.,0.707106781186549,
1.),(1.,0.707106781186547,1.),(1.,0.707106781186548,1.),(1.,0.707106781186548,
1.),(1.,0.707106781186548,1.),(1.,0.707106781186548,1.),(1.,0.707106781186547,
1.),(1.,0.707106781186548,1.),(1.,0.707106781186547,1.),(1.,0.707106781186548,
1.),(1.,0.707106781186547,1.),(1.,0.707106781186548,1.),(1.,0.707106781186548,
1.),(1.,0.707106781186547,1.),(1.,0.707106781186548,1.),(1.,0.707106781186547,
1.),(1.,0.707106781186548,1.),(1.,0.707106781186548,1.),(1.,0.707106781186547,
1.),(1.,0.707106781186548,1.),(1.,0.707106781186548,1.),(1.,0.707106781186548,
1.),(1.,0.707106781186548,1.)))
REPRESENTATION_ITEM('')
SURFACE()
);
#39=(
BOUNDED_SURFACE()
B_SPLINE_SURFACE(3,2,((#2801,#2802,#2803),(#2804,#2805,#2806),(#2807,#2808,
#2809),(#2810,#2811,#2812),(#2813,#2814,#2815),(#2816,#2817,#2818),(#2819,
#2820,#2821),(#2822,#2823,#2824),(#2825,#2826,#2827)),.UNSPECIFIED.,.F.,
 .F.,.F.)
B_SPLINE_SURFACE_WITH_KNOTS((4,1,1,1,1,1,4),(3,3),(-1.34441069388203E-17,
0.000855132657257685,0.00171026531451538,0.00256539797177308,0.00342053062903078,
0.00513079594354618,0.00684106125806157),(0.,1.),.UNSPECIFIED.)
GEOMETRIC_REPRESENTATION_ITEM()
RATIONAL_B_SPLINE_SURFACE(((1.,0.707106781186544,1.),(1.,0.706057632956577,
1.),(1.,0.717593050292048,1.),(1.,0.766846192786605,1.),(1.,0.827842351037382,
1.),(1.,0.906319309004163,1.),(1.,0.97953026416506,1.),(1.,0.999999999952246,
1.),(1.,1.,1.)))
REPRESENTATION_ITEM('')
SURFACE()
);
#40=(
BOUNDED_SURFACE()
B_SPLINE_SURFACE(3,2,((#2828,#2829,#2830),(#2831,#2832,#2833),(#2834,#2835,
#2836),(#2837,#2838,#2839),(#2840,#2841,#2842),(#2843,#2844,#2845),(#2846,
#2847,#2848),(#2849,#2850,#2851),(#2852,#2853,#2854),(#2855,#2856,#2857),
(#2858,#2859,#2860),(#2861,#2862,#2863),(#2864,#2865,#2866),(#2867,#2868,
#2869),(#2870,#2871,#2872),(#2873,#2874,#2875),(#2876,#2877,#2878),(#2879,
#2880,#2881),(#2882,#2883,#2884),(#2885,#2886,#2887),(#2888,#2889,#2890),
(#2891,#2892,#2893),(#2894,#2895,#2896),(#2897,#2898,#2899),(#2900,#2901,
#2902),(#2903,#2904,#2905),(#2906,#2907,#2908)),.UNSPECIFIED.,.F.,.F.,.F.)
B_SPLINE_SURFACE_WITH_KNOTS((4,1,1,1,1,1,1,1,1,1,1,1,1,1,1,1,1,1,1,1,1,
1,1,1,4),(3,3),(5.55111512312578E-17,0.00541691558392461,0.0108338311678492,
0.0162507467517737,0.018959204543736,0.0216676623356983,0.0243761201276606,
0.0270845779196228,0.028438806815604,0.0297930357115851,0.0311472646075663,
0.0318243790555568,0.0321629362795521,0.0325014935035474,0.032670772115545,
0.0328400507275427,0.0330093293395403,0.033178607951538,0.0335171651755332,
0.0338557223995285,0.0352099512955097,0.0365641801914908,0.0379184090874719,
0.0406268668794342,0.0433353246713965),(0.,1.),.UNSPECIFIED.)
GEOMETRIC_REPRESENTATION_ITEM()
RATIONAL_B_SPLINE_SURFACE(((1.,0.707106781186551,1.),(1.,0.707106781186551,
1.),(1.,0.707106781186545,1.),(1.,0.70710678118655,1.),(1.,0.707106781186545,
1.),(1.,0.707106781186545,1.),(1.,0.707106781186548,1.),(1.,0.707106781186547,
1.),(1.,0.707106781186548,1.),(1.,0.707106781186547,1.),(1.,0.707106781186547,
1.),(1.,0.707106781186548,1.),(1.,0.707106781186547,1.),(1.,0.707106781186548,
1.),(1.,0.707106781186548,1.),(1.,0.707106781186547,1.),(1.,0.707106781186548,
1.),(1.,0.707106781186547,1.),(1.,0.707106781186548,1.),(1.,0.707106781186547,
1.),(1.,0.707106781186548,1.),(1.,0.707106781186548,1.),(1.,0.707106781186545,
1.),(1.,0.707106781186549,1.),(1.,0.707106781186547,1.),(1.,0.707106781186548,
1.),(1.,0.707106781186548,1.)))
REPRESENTATION_ITEM('')
SURFACE()
);
#41=(
BOUNDED_SURFACE()
B_SPLINE_SURFACE(3,2,((#2916,#2917,#2918),(#2919,#2920,#2921),(#2922,#2923,
#2924),(#2925,#2926,#2927),(#2928,#2929,#2930),(#2931,#2932,#2933),(#2934,
#2935,#2936),(#2937,#2938,#2939),(#2940,#2941,#2942)),.UNSPECIFIED.,.F.,
 .F.,.F.)
B_SPLINE_SURFACE_WITH_KNOTS((4,1,1,1,1,1,4),(3,3),(-1.84314369322536E-17,
0.000855132657257679,0.00171026531451538,0.00256539797177307,0.00342053062903077,
0.00513079594354617,0.00684106125806156),(0.,1.),.UNSPECIFIED.)
GEOMETRIC_REPRESENTATION_ITEM()
RATIONAL_B_SPLINE_SURFACE(((1.,0.707106781186544,1.),(1.,0.706057632954565,
1.),(1.,0.717593050292982,1.),(1.,0.766846192786354,1.),(1.,0.827842351037449,
1.),(1.,0.906319309004122,1.),(1.,0.979530264165075,1.),(1.,0.999999999952246,
1.),(1.,1.,1.)))
REPRESENTATION_ITEM('')
SURFACE()
);
#42=(
BOUNDED_SURFACE()
B_SPLINE_SURFACE(3,2,((#2943,#2944,#2945),(#2946,#2947,#2948),(#2949,#2950,
#2951),(#2952,#2953,#2954)),.UNSPECIFIED.,.F.,.F.,.F.)
B_SPLINE_SURFACE_WITH_KNOTS((4,4),(3,3),(1.5707963267949,1.85189279140481),
(0.,1.),.PIECEWISE_BEZIER_KNOTS.)
GEOMETRIC_REPRESENTATION_ITEM()
RATIONAL_B_SPLINE_SURFACE(((1.,1.,1.),(1.,0.999999999202573,1.),(1.,0.993306174160788,
1.),(1.,0.980572310058567,1.)))
REPRESENTATION_ITEM('')
SURFACE()
);
#43=(
BOUNDED_SURFACE()
B_SPLINE_SURFACE(3,2,((#2956,#2957,#2958),(#2959,#2960,#2961),(#2962,#2963,
#2964),(#2965,#2966,#2967),(#2968,#2969,#2970),(#2971,#2972,#2973)),
 .UNSPECIFIED.,.F.,.F.,.F.)
B_SPLINE_SURFACE_WITH_KNOTS((4,1,1,4),(3,3),(2.30198144075301E-17,0.000213013920862583,
0.000426027841725143,0.000852055683450263),(0.,1.),.UNSPECIFIED.)
GEOMETRIC_REPRESENTATION_ITEM()
RATIONAL_B_SPLINE_SURFACE(((1.,0.980572310080103,1.),(1.,0.965429804865126,
1.),(1.,0.924810883892897,1.),(1.,0.838177941269361,1.),(1.,0.763074508281642,
1.),(1.,0.707106781186538,1.)))
REPRESENTATION_ITEM('')
SURFACE()
);
#44=(
BOUNDED_SURFACE()
B_SPLINE_SURFACE(3,2,((#2975,#2976,#2977),(#2978,#2979,#2980),(#2981,#2982,
#2983),(#2984,#2985,#2986)),.UNSPECIFIED.,.F.,.F.,.F.)
B_SPLINE_SURFACE_WITH_KNOTS((4,4),(3,3),(1.04083408558608E-17,0.0221307771227033),
(0.,1.),.PIECEWISE_BEZIER_KNOTS.)
GEOMETRIC_REPRESENTATION_ITEM()
RATIONAL_B_SPLINE_SURFACE(((1.,0.707106781186538,1.),(1.,0.707106781186538,
1.),(1.,0.707106781186548,1.),(1.,0.707106781186548,1.)))
REPRESENTATION_ITEM('')
SURFACE()
);
#45=(
BOUNDED_SURFACE()
B_SPLINE_SURFACE(3,2,((#2992,#2993,#2994),(#2995,#2996,#2997),(#2998,#2999,
#3000),(#3001,#3002,#3003),(#3004,#3005,#3006),(#3007,#3008,#3009),(#3010,
#3011,#3012),(#3013,#3014,#3015),(#3016,#3017,#3018),(#3019,#3020,#3021),
(#3022,#3023,#3024),(#3025,#3026,#3027),(#3028,#3029,#3030),(#3031,#3032,
#3033)),.UNSPECIFIED.,.F.,.F.,.F.)
B_SPLINE_SURFACE_WITH_KNOTS((4,1,1,1,1,1,1,1,1,1,1,4),(3,3),(0.0424298090016125,
0.0462721362919168,0.0481932999370689,0.0501144635822211,0.0520356272273733,
0.0539567908725254,0.0549173726951015,0.0558779545176776,0.0568385363402537,
0.0573188272515417,0.0575589727071857,0.0577991181628297),(0.,1.),
 .UNSPECIFIED.)
GEOMETRIC_REPRESENTATION_ITEM()
RATIONAL_B_SPLINE_SURFACE(((1.,0.708726236730386,1.),(1.,0.710633752160632,
1.),(1.,0.713396015112801,1.),(1.,0.716806997340565,1.),(1.,0.719071298908123,
1.),(1.,0.720694363755273,1.),(1.,0.720921106117619,1.),(1.,0.719143345041179,
1.),(1.,0.716081041461196,1.),(1.,0.710494934345084,1.),(1.,0.704976703930246,
1.),(1.,0.70034945816895,1.),(1.,0.699805228396616,1.),(1.,0.699760645386438,
1.)))
REPRESENTATION_ITEM('')
SURFACE()
);
#46=(
BOUNDED_SURFACE()
B_SPLINE_SURFACE(3,2,((#3034,#3035,#3036),(#3037,#3038,#3039),(#3040,#3041,
#3042),(#3043,#3044,#3045)),.UNSPECIFIED.,.F.,.F.,.F.)
B_SPLINE_SURFACE_WITH_KNOTS((4,4),(3,3),(1.5707963267949,1.85189279133444),
(0.,1.),.PIECEWISE_BEZIER_KNOTS.)
GEOMETRIC_REPRESENTATION_ITEM()
RATIONAL_B_SPLINE_SURFACE(((1.,1.,1.),(1.,0.999999999202573,1.),(1.,0.993306174164074,
1.),(1.,0.980572310068131,1.)))
REPRESENTATION_ITEM('')
SURFACE()
);
#47=(
BOUNDED_SURFACE()
B_SPLINE_SURFACE(3,2,((#3047,#3048,#3049),(#3050,#3051,#3052),(#3053,#3054,
#3055),(#3056,#3057,#3058),(#3059,#3060,#3061),(#3062,#3063,#3064)),
 .UNSPECIFIED.,.F.,.F.,.F.)
B_SPLINE_SURFACE_WITH_KNOTS((4,1,1,4),(3,3),(6.84673671924596E-17,0.000425135280740199,
0.000637702921110265,0.00085027056148033),(0.,1.),.UNSPECIFIED.)
GEOMETRIC_REPRESENTATION_ITEM()
RATIONAL_B_SPLINE_SURFACE(((1.,0.707106781186562,1.),(1.,0.763061353518133,
1.),(1.,0.837773074684613,1.),(1.,0.924919574292373,1.),(1.,0.965606013611728,
1.),(1.,0.980572310080109,1.)))
REPRESENTATION_ITEM('')
SURFACE()
);
#48=(
BOUNDED_SURFACE()
B_SPLINE_SURFACE(3,2,((#3066,#3067,#3068),(#3069,#3070,#3071),(#3072,#3073,
#3074),(#3075,#3076,#3077)),.UNSPECIFIED.,.F.,.F.,.F.)
B_SPLINE_SURFACE_WITH_KNOTS((4,4),(3,3),(-4.16333634234434E-17,0.0221307771227033),
(0.,1.),.PIECEWISE_BEZIER_KNOTS.)
GEOMETRIC_REPRESENTATION_ITEM()
RATIONAL_B_SPLINE_SURFACE(((1.,0.707106781186562,1.),(1.,0.707106781186562,
1.),(1.,0.707106781186547,1.),(1.,0.707106781186547,1.)))
REPRESENTATION_ITEM('')
SURFACE()
);
#49=(
BOUNDED_SURFACE()
B_SPLINE_SURFACE(3,2,((#3083,#3084,#3085),(#3086,#3087,#3088),(#3089,#3090,
#3091),(#3092,#3093,#3094),(#3095,#3096,#3097),(#3098,#3099,#3100),(#3101,
#3102,#3103),(#3104,#3105,#3106),(#3107,#3108,#3109),(#3110,#3111,#3112),
(#3113,#3114,#3115),(#3116,#3117,#3118),(#3119,#3120,#3121),(#3122,#3123,
#3124)),.UNSPECIFIED.,.F.,.F.,.F.)
B_SPLINE_SURFACE_WITH_KNOTS((4,1,1,1,1,1,1,1,1,1,1,4),(3,3),(0.0406926158698444,
0.0445386755887935,0.046461705448268,0.0483847353077425,0.0503077651672171,
0.0522307950266916,0.0531923099564289,0.0541538248861661,0.0551153398159034,
0.055596097280772,0.0558364760132063,0.0560768547456407),(0.,1.),
 .UNSPECIFIED.)
GEOMETRIC_REPRESENTATION_ITEM()
RATIONAL_B_SPLINE_SURFACE(((1.,0.708726099475418,1.),(1.,0.710635545963126,
1.),(1.,0.713400667341889,1.),(1.,0.71681153571036,1.),(1.,0.719079000218882,
1.),(1.,0.720692689974656,1.),(1.,0.72093724034441,1.),(1.,0.719090205662617,
1.),(1.,0.716044641468585,1.),(1.,0.710275225677982,1.),(1.,0.704926221332641,
1.),(1.,0.700343744001251,1.),(1.,0.699805256692944,1.),(1.,0.699760874934716,
1.)))
REPRESENTATION_ITEM('')
SURFACE()
);
#50=CYLINDRICAL_SURFACE('',#1048,0.009525);
#51=CYLINDRICAL_SURFACE('',#1050,0.000762);
#52=CYLINDRICAL_SURFACE('',#1056,0.00508);
#53=CYLINDRICAL_SURFACE('',#1059,0.00508);
#54=CYLINDRICAL_SURFACE('',#1064,0.000997026428970424);
#55=CYLINDRICAL_SURFACE('',#1066,0.000997026428970424);
#56=CYLINDRICAL_SURFACE('',#1069,0.000997026428970424);
#57=CYLINDRICAL_SURFACE('',#1072,0.000997026428970424);
#58=CYLINDRICAL_SURFACE('',#1077,0.0014224);
#59=CYLINDRICAL_SURFACE('',#1084,0.0014224);
#60=B_SPLINE_CURVE_WITH_KNOTS('',3,(#1283,#1284,#1285,#1286,#1287,#1288,
#1289,#1290,#1291),.UNSPECIFIED.,.F.,.F.,(4,1,1,1,1,1,4),(-6.00000000350751E-8,
0.00198998030017678,0.0039800206003536,0.00597006090053041,0.00796010120070723,
0.0119401818010609,0.0159202624014145),.UNSPECIFIED.);
#61=B_SPLINE_CURVE_WITH_KNOTS('',3,(#1293,#1294,#1295,#1296),
 .UNSPECIFIED.,.F.,.F.,(4,4),(0.00177560665198966,0.00177750847808196),
 .UNSPECIFIED.);
#62=B_SPLINE_CURVE_WITH_KNOTS('',3,(#1300,#1301,#1302,#1303,#1304,#1305,
#1306,#1307,#1308),.UNSPECIFIED.,.F.,.F.,(4,1,1,1,1,1,4),(0.,0.00061358207645377,
0.00122716415290754,0.00184074622936131,0.00245432830581508,0.00368149245872262,
0.00490865661163016),.UNSPECIFIED.);
#63=B_SPLINE_CURVE_WITH_KNOTS('',3,(#1310,#1311,#1312,#1313,#1314,#1315,
#1316,#1317,#1318,#1319,#1320,#1321,#1322,#1323),.UNSPECIFIED.,.F.,.F.,
(4,1,1,1,1,1,1,1,1,1,1,4),(-0.00707492493588027,-0.00370465483935332,-0.00286208731522158,
-0.00201951979108984,-0.0011769522669581,-0.000334384742826361,0.00135075030543712,
0.00303588535370059,0.00640615545022755,0.0097764255467545,0.0131466956432815,
0.0198872358363354),.UNSPECIFIED.);
#64=B_SPLINE_CURVE_WITH_KNOTS('',3,(#1325,#1326,#1327,#1328,#1329,#1330,
#1331,#1332,#1333,#1334),.UNSPECIFIED.,.F.,.F.,(4,1,1,1,1,1,1,4),(0.,0.00168017727627593,
0.00336035455255187,0.00420044319068983,0.0050405318288278,0.00588062046696577,
0.00630066478603475,0.00672070910510374),.UNSPECIFIED.);
#65=B_SPLINE_CURVE_WITH_KNOTS('',3,(#1343,#1344,#1345,#1346,#1347,#1348,
#1349,#1350,#1351,#1352,#1353,#1354,#1355),.UNSPECIFIED.,.F.,.F.,(4,1,1,
1,1,1,1,1,1,1,4),(0.,0.00085009033456793,0.00170018066913586,0.00340036133827172,
0.00510054200740758,0.00680072267654344,0.0102010840148152,0.0136014453530869,
0.0170018066913586,0.0204021680296303,0.0272028907061738),.UNSPECIFIED.);
#66=B_SPLINE_CURVE_WITH_KNOTS('',3,(#1358,#1359,#1360,#1361,#1362),
 .UNSPECIFIED.,.F.,.F.,(4,1,4),(5.64858462269413E-15,0.0158910550745509,
0.0317821101490961),.UNSPECIFIED.);
#67=B_SPLINE_CURVE_WITH_KNOTS('',3,(#1364,#1365,#1366,#1367),
 .UNSPECIFIED.,.F.,.F.,(4,4),(0.00266883295281849,0.00449750923586067),
 .UNSPECIFIED.);
#68=B_SPLINE_CURVE_WITH_KNOTS('',3,(#1369,#1370,#1371,#1372,#1373,#1374,
#1375,#1376,#1377,#1378,#1379,#1380,#1381,#1382,#1383,#1384,#1385),
 .UNSPECIFIED.,.F.,.F.,(4,1,1,1,1,1,1,1,1,1,1,1,1,1,4),(9.45225337294442E-17,
0.0019169388954184,0.00287540834312755,0.0038338777908367,0.00479234723854585,
0.00527158196240042,0.005750816686255,0.00623005141010958,0.00670928613396415,
0.00694890349589144,0.00718852085781873,0.00742813821974601,0.00754794690070966,
0.00760785124119148,0.0076677555816733),.UNSPECIFIED.);
#69=B_SPLINE_CURVE_WITH_KNOTS('',3,(#1389,#1390,#1391,#1392,#1393),
 .UNSPECIFIED.,.F.,.F.,(4,1,4),(1.73498767476613E-7,0.00883332840201394,
0.0176664833052604),.UNSPECIFIED.);
#70=B_SPLINE_CURVE_WITH_KNOTS('',3,(#1402,#1403,#1404,#1405,#1406),
 .UNSPECIFIED.,.F.,.F.,(4,1,4),(-6.00000000201062E-8,0.0114809143027191,
0.0229618886054382),.UNSPECIFIED.);
#71=B_SPLINE_CURVE_WITH_KNOTS('',3,(#1410,#1411,#1412,#1413,#1414),
 .UNSPECIFIED.,.F.,.F.,(4,1,4),(-6.00000000004868E-8,0.0119564296775636,
0.0239129193551273),.UNSPECIFIED.);
#72=B_SPLINE_CURVE_WITH_KNOTS('',3,(#1445,#1446,#1447,#1448),
 .UNSPECIFIED.,.F.,.F.,(4,4),(0.,1.91840085387396E-6),.UNSPECIFIED.);
#73=B_SPLINE_CURVE_WITH_KNOTS('',3,(#1450,#1451,#1452,#1453,#1454,#1455,
#1456,#1457),.UNSPECIFIED.,.F.,.F.,(4,1,1,1,1,4),(-5.99999999450109E-8,
0.00394249169709426,0.00788504339418847,0.0118275950912827,0.0137988709398298,
0.0157701467883769),.UNSPECIFIED.);
#74=B_SPLINE_CURVE_WITH_KNOTS('',3,(#1461,#1462,#1463,#1464,#1465,#1466,
#1467,#1468,#1469,#1470),.UNSPECIFIED.,.F.,.F.,(4,1,1,1,1,1,1,4),(0.,0.000420396559524421,
0.000840793119048841,0.00168158623809768,0.00252237935714652,0.00336317247619536,
0.00504475871429305,0.00672634495239073),.UNSPECIFIED.);
#75=B_SPLINE_CURVE_WITH_KNOTS('',3,(#1472,#1473,#1474,#1475,#1476,#1477,
#1478,#1479,#1480,#1481,#1482,#1483,#1484,#1485),.UNSPECIFIED.,.F.,.F.,
(4,1,1,1,1,1,1,1,1,1,1,4),(-0.00509523397198336,-0.00170560081096473,-0.000858192520710074,
-1.0784230455417E-5,0.00083662405979924,0.0016840323500539,0.00337884893056321,
0.00507366551107252,0.00846329867209115,0.0118529318331098,0.0152425649941284,
0.0220218313161657),.UNSPECIFIED.);
#76=B_SPLINE_CURVE_WITH_KNOTS('',3,(#1487,#1488,#1489,#1490,#1491,#1492,
#1493,#1494,#1495),.UNSPECIFIED.,.F.,.F.,(4,1,1,1,1,1,4),(1.22674397563816E-16,
0.00121882153359344,0.00243764306718675,0.00304705383398341,0.00365646460078007,
0.00426587536757672,0.00487528613437338),.UNSPECIFIED.);
#77=B_SPLINE_CURVE_WITH_KNOTS('',3,(#1497,#1498,#1499,#1500),
 .UNSPECIFIED.,.F.,.F.,(4,4),(0.,1.56648791061058E-5),.UNSPECIFIED.);
#78=B_SPLINE_CURVE_WITH_KNOTS('',3,(#1502,#1503,#1504,#1505),
 .UNSPECIFIED.,.F.,.F.,(4,4),(-8.34028873332655E-7,0.0219765177226999),
 .UNSPECIFIED.);
#79=B_SPLINE_CURVE_WITH_KNOTS('',3,(#1509,#1510,#1511,#1512,#1513,#1514,
#1515,#1516,#1517,#1518,#1519,#1520,#1521,#1522),.UNSPECIFIED.,.F.,.F.,
(4,1,1,1,1,1,1,1,1,1,1,4),(0.00106726963778789,0.00567269216411138,0.0102781146904349,
0.0148835372167584,0.0171862484799201,0.0194889597430818,0.0217916710062436,
0.0240943822694053,0.0263970935325671,0.0286998047957288,0.0333052273220523,
0.0379106498483758),.UNSPECIFIED.);
#80=B_SPLINE_CURVE_WITH_KNOTS('',3,(#1530,#1531,#1532,#1533,#1534,#1535,
#1536,#1537,#1538,#1539,#1540,#1541,#1542,#1543,#1544,#1545),
 .UNSPECIFIED.,.F.,.F.,(4,1,1,1,1,1,1,1,1,1,1,1,1,4),(0.,0.0107692158726105,
0.0161538238089158,0.0215384317452211,0.0269230396815264,0.029615343649679,
0.0309614956337553,0.0323076476178316,0.0336537996019079,0.0349999515859843,
0.0363461035700606,0.0376922555541369,0.0403845595222895,0.0430768634904422),
 .UNSPECIFIED.);
#81=B_SPLINE_CURVE_WITH_KNOTS('',3,(#1554,#1555,#1556,#1557,#1558),
 .UNSPECIFIED.,.F.,.F.,(4,1,4),(-5.99999999902017E-8,0.0114839882356967,
0.0229680364713934),.UNSPECIFIED.);
#82=B_SPLINE_CURVE_WITH_KNOTS('',3,(#1562,#1563,#1564,#1565,#1566),
 .UNSPECIFIED.,.F.,.F.,(4,1,4),(3.51801484114568E-6,0.0119516598491053,
0.0238998016833695),.UNSPECIFIED.);
#83=B_SPLINE_CURVE_WITH_KNOTS('',3,(#1575,#1576,#1577,#1578,#1579),
 .UNSPECIFIED.,.F.,.F.,(4,1,4),(0.,0.00603582637763793,0.0120716527552759),
 .UNSPECIFIED.);
#84=B_SPLINE_CURVE_WITH_KNOTS('',3,(#1582,#1583,#1584,#1585,#1586),
 .UNSPECIFIED.,.F.,.F.,(4,1,4),(0.,0.0145383126194999,0.0290766252389999),
 .UNSPECIFIED.);
#85=B_SPLINE_CURVE_WITH_KNOTS('',3,(#1588,#1589,#1590,#1591,#1592,#1593,
#1594,#1595,#1596,#1597,#1598,#1599,#1600),.UNSPECIFIED.,.F.,.F.,(4,1,1,
1,1,1,1,1,1,1,4),(0.00138020807408961,0.00802585083456988,0.01134867221481,
0.0146714935950502,0.0179943149752903,0.0213171363555304,0.0229785470456505,
0.0246399577357706,0.0263013684258906,0.0271320737709507,0.0279627791160107),
 .UNSPECIFIED.);
#86=B_SPLINE_CURVE_WITH_KNOTS('',3,(#1602,#1603,#1604,#1605,#1606),
 .UNSPECIFIED.,.F.,.F.,(4,1,4),(0.,0.00884531208297182,0.0176906241659436),
 .UNSPECIFIED.);
#87=B_SPLINE_CURVE_WITH_KNOTS('',3,(#1613,#1614,#1615,#1616,#1617),
 .UNSPECIFIED.,.F.,.F.,(4,1,4),(0.,0.014533652703743,0.0290673054074859),
 .UNSPECIFIED.);
#88=B_SPLINE_CURVE_WITH_KNOTS('',3,(#1619,#1620,#1621,#1622),
 .UNSPECIFIED.,.F.,.F.,(4,4),(0.,0.00112062073657126),.UNSPECIFIED.);
#89=B_SPLINE_CURVE_WITH_KNOTS('',3,(#1624,#1625,#1626,#1627),
 .UNSPECIFIED.,.F.,.F.,(4,4),(0.,0.00112062073658857),.UNSPECIFIED.);
#90=B_SPLINE_CURVE_WITH_KNOTS('',3,(#1629,#1630,#1631,#1632,#1633),
 .UNSPECIFIED.,.F.,.F.,(4,1,4),(0.,0.0145380737664273,0.0290761475328546),
 .UNSPECIFIED.);
#91=B_SPLINE_CURVE_WITH_KNOTS('',3,(#1635,#1636,#1637,#1638),
 .UNSPECIFIED.,.F.,.F.,(4,4),(0.,4.05901181311907E-6),.UNSPECIFIED.);
#92=B_SPLINE_CURVE_WITH_KNOTS('',3,(#1643,#1644,#1645,#1646,#1647),
 .UNSPECIFIED.,.F.,.F.,(4,1,4),(0.,0.00331933086420039,0.00663866172840077),
 .UNSPECIFIED.);
#93=B_SPLINE_CURVE_WITH_KNOTS('',3,(#1651,#1652,#1653,#1654,#1655),
 .UNSPECIFIED.,.F.,.F.,(4,1,4),(0.,0.00335080427566117,0.00670160855132234),
 .UNSPECIFIED.);
#94=B_SPLINE_CURVE_WITH_KNOTS('',3,(#1673,#1674,#1675,#1676),
 .UNSPECIFIED.,.F.,.F.,(4,4),(0.,0.0219219023755228),.UNSPECIFIED.);
#95=B_SPLINE_CURVE_WITH_KNOTS('',3,(#1678,#1679,#1680,#1681),
 .UNSPECIFIED.,.F.,.F.,(4,4),(0.,1.56648791061058E-5),.UNSPECIFIED.);
#96=B_SPLINE_CURVE_WITH_KNOTS('',3,(#1682,#1683,#1684,#1685,#1686,#1687,
#1688,#1689,#1690,#1691,#1692,#1693,#1694,#1695,#1696),.UNSPECIFIED.,.F.,
 .F.,(4,1,1,1,1,1,1,1,1,1,1,1,4),(0.,0.00258031515912797,0.00516063031825595,
0.00645078789781993,0.00774094547738392,0.00903110305694791,0.0103212606365119,
0.0129015757956399,0.0154818909547678,0.0206425212730238,0.0258031515912797,
0.0309637819095357,0.0412850425460476),.UNSPECIFIED.);
#97=B_SPLINE_CURVE_WITH_KNOTS('',3,(#1704,#1705,#1706,#1707,#1708,#1709,
#1710,#1711,#1712,#1713,#1714,#1715,#1716,#1717),.UNSPECIFIED.,.F.,.F.,
(4,1,1,1,1,1,1,1,1,1,1,4),(0.00142898093772362,0.00601233932355868,0.0105956977093937,
0.0128873769023113,0.0151790560952288,0.0174707352881463,0.0197624144810639,
0.0220540936739814,0.0243457728668989,0.028929131252734,0.0335124896385691,
0.0380958480244041),.UNSPECIFIED.);
#98=B_SPLINE_CURVE_WITH_KNOTS('',3,(#1732,#1733,#1734,#1735,#1736,#1737,
#1738,#1739,#1740,#1741),.UNSPECIFIED.,.F.,.F.,(4,1,1,1,1,1,1,4),(0.,0.000905192906298147,
0.00181038581259629,0.00226298226574537,0.00271557871889444,0.00316817517204351,
0.00339447339861805,0.00362077162519259),.UNSPECIFIED.);
#99=B_SPLINE_CURVE_WITH_KNOTS('',3,(#1745,#1746,#1747,#1748,#1749),
 .UNSPECIFIED.,.F.,.F.,(4,1,4),(0.,0.00487265660044793,0.00974531320089586),
 .UNSPECIFIED.);
#100=B_SPLINE_CURVE_WITH_KNOTS('',3,(#1753,#1754,#1755,#1756,#1757),
 .UNSPECIFIED.,.F.,.F.,(4,1,4),(5.6240968432861E-16,0.00487149895904972,
0.00974299791809888),.UNSPECIFIED.);
#101=B_SPLINE_CURVE_WITH_KNOTS('',3,(#1761,#1762,#1763,#1764,#1765,#1766,
#1767,#1768,#1769,#1770),.UNSPECIFIED.,.F.,.F.,(4,1,1,1,1,1,1,4),(1.33659635446708E-52,
0.000230125562352116,0.000460251124704233,0.000920502249408466,0.0013807533741127,
0.00184100449881693,0.0027615067482254,0.00368200899763386),
 .UNSPECIFIED.);
#102=B_SPLINE_CURVE_WITH_KNOTS('',3,(#1771,#1772,#1773,#1774,#1775),
 .UNSPECIFIED.,.F.,.F.,(4,1,4),(0.0276881252459472,0.038625939629152,0.0495637540123567),
 .UNSPECIFIED.);
#103=B_SPLINE_CURVE_WITH_KNOTS('',3,(#1777,#1778,#1779,#1780,#1781,#1782),
 .UNSPECIFIED.,.F.,.F.,(4,1,1,4),(0.0401950804078064,0.0485898190469724,
0.0527871883665553,0.0569845576861383),.UNSPECIFIED.);
#104=B_SPLINE_CURVE_WITH_KNOTS('',3,(#1784,#1785,#1786,#1787),
 .UNSPECIFIED.,.F.,.F.,(4,4),(-5.99999526322775E-8,5.6373775986923E-8),
 .UNSPECIFIED.);
#105=B_SPLINE_CURVE_WITH_KNOTS('',3,(#1789,#1790,#1791,#1792),
 .UNSPECIFIED.,.F.,.F.,(4,4),(0.,3.14307603429652E-6),.UNSPECIFIED.);
#106=B_SPLINE_CURVE_WITH_KNOTS('',3,(#1796,#1797,#1798,#1799),
 .UNSPECIFIED.,.F.,.F.,(4,4),(0.,3.14307603429157E-6),.UNSPECIFIED.);
#107=B_SPLINE_CURVE_WITH_KNOTS('',3,(#1801,#1802,#1803,#1804),
 .UNSPECIFIED.,.F.,.F.,(4,4),(0.,1.16373728619568E-7),.UNSPECIFIED.);
#108=B_SPLINE_CURVE_WITH_KNOTS('',3,(#1806,#1807,#1808,#1809,#1810),
 .UNSPECIFIED.,.F.,.F.,(4,1,4),(-6.00000000045346E-8,0.00831987631404237,
0.0166398126280848),.UNSPECIFIED.);
#109=B_SPLINE_CURVE_WITH_KNOTS('',3,(#1812,#1813,#1814,#1815,#1816),
 .UNSPECIFIED.,.F.,.F.,(4,1,4),(0.,0.0108891671270303,0.0217783342540606),
 .UNSPECIFIED.);
#110=B_SPLINE_CURVE_WITH_KNOTS('',3,(#1825,#1826,#1827,#1828,#1829,#1830,
#1831,#1832,#1833,#1834),.UNSPECIFIED.,.F.,.F.,(4,1,1,1,1,1,1,4),(-5.99999999965364E-8,
0.00114344070498636,0.00228694140997272,0.00457394281994543,0.00686094422991814,
0.00914794563989086,0.0137219484598363,0.0182959512797817),
 .UNSPECIFIED.);
#111=B_SPLINE_CURVE_WITH_KNOTS('',3,(#1836,#1837,#1838,#1839,#1840,#1841,
#1842,#1843,#1844,#1845),.UNSPECIFIED.,.F.,.F.,(4,1,1,1,1,1,1,4),(0.00814122762927156,
0.012621753284019,0.0171022789387664,0.0193425417661401,0.0215828045935139,
0.0238230674208876,0.0249431988345744,0.0260633302482613),.UNSPECIFIED.);
#112=B_SPLINE_CURVE_WITH_KNOTS('',3,(#1854,#1855,#1856,#1857,#1858,#1859,
#1860,#1861,#1862,#1863,#1864),.UNSPECIFIED.,.F.,.F.,(4,1,1,1,1,1,1,1,4),
(-5.99999999643505E-8,0.00210709008392987,0.0042142401678597,0.00842854033571937,
0.012642840503579,0.0168571406714387,0.0210714408392984,0.0252857410071581,
0.0337143413428774),.UNSPECIFIED.);
#113=B_SPLINE_CURVE_WITH_KNOTS('',3,(#1868,#1869,#1870,#1871,#1872,#1873,
#1874,#1875,#1876,#1877,#1878),.UNSPECIFIED.,.F.,.F.,(4,1,1,1,1,1,1,1,4),
(0.,0.0084722089916979,0.0127083134875468,0.0169444179833958,0.0211805224792447,
0.0254166269750937,0.0296527314709426,0.0317707837188671,0.0338888359667916),
 .UNSPECIFIED.);
#114=B_SPLINE_CURVE_WITH_KNOTS('',3,(#1879,#1880,#1881,#1882,#1883,#1884,
#1885,#1886,#1887),.UNSPECIFIED.,.F.,.F.,(4,1,1,1,1,1,4),(0.,0.00300410079830416,
0.00450615119745624,0.00600820159660832,0.00751025199576041,0.00901230239491249,
0.0120164031932166),.UNSPECIFIED.);
#115=B_SPLINE_CURVE_WITH_KNOTS('',3,(#1896,#1897,#1898,#1899,#1900,#1901,
#1902,#1903),.UNSPECIFIED.,.F.,.F.,(4,1,1,1,1,4),(0.,0.00188662250841043,
0.00377324501682085,0.0075464900336417,0.0113197350504626,0.0150929800672834),
 .UNSPECIFIED.);
#116=B_SPLINE_CURVE_WITH_KNOTS('',3,(#1906,#1907,#1908,#1909,#1910,#1911,
#1912,#1913,#1914),.UNSPECIFIED.,.F.,.F.,(4,1,1,1,1,1,4),(-0.0014686934839183,
0.00629825583072064,0.0140652051453596,0.0179486798026791,0.0218321544599985,
0.025715629117318,0.0295991037746375),.UNSPECIFIED.);
#117=B_SPLINE_CURVE_WITH_KNOTS('',3,(#1915,#1916,#1917,#1918,#1919,#1920,
#1921,#1922,#1923),.UNSPECIFIED.,.F.,.F.,(4,1,1,1,1,1,4),(0.,0.000728281366281186,
0.00145656273256237,0.00182070341570296,0.00218484409884356,0.00254898478198415,
0.00291312546512474),.UNSPECIFIED.);
#118=B_SPLINE_CURVE_WITH_KNOTS('',3,(#1924,#1925,#1926,#1927,#1928),
 .UNSPECIFIED.,.F.,.F.,(4,1,4),(0.,0.00597936315513448,0.011958726310269),
 .UNSPECIFIED.);
#119=B_SPLINE_CURVE_WITH_KNOTS('',3,(#1930,#1931,#1932,#1933,#1934,#1935),
 .UNSPECIFIED.,.F.,.F.,(4,1,1,4),(0.,0.011725292309115,0.0175879384636725,
0.0234505846182299),.UNSPECIFIED.);
#120=B_SPLINE_CURVE_WITH_KNOTS('',3,(#1937,#1938,#1939,#1940,#1941,#1942,
#1943,#1944),.UNSPECIFIED.,.F.,.F.,(4,1,1,1,1,4),(0.,0.00378943241068906,
0.00757886482137813,0.0113682972320672,0.0132630134374117,0.0151577296427563),
 .UNSPECIFIED.);
#121=B_SPLINE_CURVE_WITH_KNOTS('',3,(#1946,#1947,#1948,#1949),
 .UNSPECIFIED.,.F.,.F.,(4,4),(0.,0.0219223134299021),.UNSPECIFIED.);
#122=B_SPLINE_CURVE_WITH_KNOTS('',3,(#1951,#1952,#1953,#1954,#1955),
 .UNSPECIFIED.,.F.,.F.,(4,1,4),(0.,0.000423710210724324,0.000847420421448648),
 .UNSPECIFIED.);
#123=B_SPLINE_CURVE_WITH_KNOTS('',3,(#1959,#1960,#1961,#1962,#1963),
 .UNSPECIFIED.,.F.,.F.,(4,1,4),(7.88870149821963E-17,0.000428120058271815,
0.000856240116543552),.UNSPECIFIED.);
#124=B_SPLINE_CURVE_WITH_KNOTS('',3,(#1965,#1966,#1967,#1968),
 .UNSPECIFIED.,.F.,.F.,(4,4),(0.,0.0218670795346609),.UNSPECIFIED.);
#125=B_SPLINE_CURVE_WITH_KNOTS('',3,(#1977,#1978,#1979,#1980,#1981,#1982,
#1983,#1984,#1985,#1986,#1987),.UNSPECIFIED.,.F.,.F.,(4,1,1,1,1,1,1,1,4),
(0.,0.00310472188181892,0.00620944376363784,0.00931416564545676,0.0124188875272757,
0.0155236094090946,0.0186283312909135,0.0217330531727324,0.0248377750545514),
 .UNSPECIFIED.);
#126=B_SPLINE_CURVE_WITH_KNOTS('',3,(#1992,#1993,#1994,#1995,#1996,#1997,
#1998,#1999,#2000,#2001,#2002),.UNSPECIFIED.,.F.,.F.,(4,1,1,1,1,1,1,1,4),
(0.00150197768037129,0.00459351117871174,0.00768504467705218,0.0107765781753926,
0.0138681116737331,0.0169596451720735,0.0200511786704139,0.0231427121687544,
0.0262342456670948),.UNSPECIFIED.);
#127=B_SPLINE_CURVE_WITH_KNOTS('',3,(#2008,#2009,#2010,#2011,#2012,#2013,
#2014),.UNSPECIFIED.,.F.,.F.,(4,1,1,1,4),(0.,0.00330359897099241,0.00660719794198483,
0.00991079691297724,0.0132143958839697),.UNSPECIFIED.);
#128=B_SPLINE_CURVE_WITH_KNOTS('',3,(#2015,#2016,#2017,#2018,#2019,#2020,
#2021),.UNSPECIFIED.,.F.,.F.,(4,1,1,1,4),(0.,0.00300677590092368,0.00601355180184735,
0.00902032770277103,0.0120271036036947),.UNSPECIFIED.);
#129=B_SPLINE_CURVE_WITH_KNOTS('',3,(#2061,#2062,#2063,#2064,#2065,#2066),
 .UNSPECIFIED.,.F.,.F.,(4,1,1,4),(0.,0.25,0.5,1.),.UNSPECIFIED.);
#130=B_SPLINE_CURVE_WITH_KNOTS('',3,(#2091,#2092,#2093,#2094,#2095),
 .UNSPECIFIED.,.F.,.F.,(4,1,4),(0.,0.00198255784878692,0.00396511569757385),
 .UNSPECIFIED.);
#131=B_SPLINE_CURVE_WITH_KNOTS('',3,(#2177,#2178,#2179,#2180,#2181),
 .UNSPECIFIED.,.F.,.F.,(4,1,4),(-1.96728437636917E-5,0.00589056810741701,
0.0118008090585977),.UNSPECIFIED.);
#132=B_SPLINE_CURVE_WITH_KNOTS('',3,(#2183,#2184,#2185,#2186),
 .UNSPECIFIED.,.F.,.F.,(4,4),(8.45781877042607E-18,0.00254991230688981),
 .UNSPECIFIED.);
#133=B_SPLINE_CURVE_WITH_KNOTS('',3,(#2268,#2269,#2270,#2271),
 .UNSPECIFIED.,.F.,.F.,(4,4),(0.,0.00255012177833676),.UNSPECIFIED.);
#134=B_SPLINE_CURVE_WITH_KNOTS('',3,(#2272,#2273,#2274,#2275,#2276),
 .UNSPECIFIED.,.F.,.F.,(4,1,4),(0.,0.00198255784878697,0.00396511569757394),
 .UNSPECIFIED.);
#135=B_SPLINE_CURVE_WITH_KNOTS('',3,(#2301,#2302,#2303,#2304,#2305),
 .UNSPECIFIED.,.F.,.F.,(4,1,4),(0.00114946018846752,0.500574730094234,1.),
 .UNSPECIFIED.);
#136=B_SPLINE_CURVE_WITH_KNOTS('',3,(#2307,#2308,#2309,#2310),
 .UNSPECIFIED.,.F.,.F.,(4,4),(-1.01581713647521E-5,-4.67020444997321E-6),
 .UNSPECIFIED.);
#137=B_SPLINE_CURVE_WITH_KNOTS('',3,(#2350,#2351,#2352,#2353),
 .UNSPECIFIED.,.F.,.F.,(4,4),(-1.01657772286512E-5,-1.95227898346443E-6),
 .UNSPECIFIED.);
#138=B_SPLINE_CURVE_WITH_KNOTS('',3,(#2375,#2376,#2377,#2378,#2379),
 .UNSPECIFIED.,.F.,.F.,(4,1,4),(8.03459814382121E-15,0.00060399896177522,
0.00120799792354241),.UNSPECIFIED.);
#139=B_SPLINE_CURVE_WITH_KNOTS('',3,(#2400,#2401,#2402,#2403,#2404),
 .UNSPECIFIED.,.F.,.F.,(4,1,4),(8.67361737988404E-19,0.000598581767138541,
0.00119716353427708),.UNSPECIFIED.);
#140=B_SPLINE_CURVE_WITH_KNOTS('',3,(#2455,#2456,#2457,#2458,#2459,#2460,
#2461),.UNSPECIFIED.,.F.,.F.,(4,1,1,1,4),(0.,0.000580299352543388,0.00116059870508678,
0.00174089805763016,0.00232119741017355),.UNSPECIFIED.);
#141=B_SPLINE_CURVE_WITH_KNOTS('',3,(#2513,#2514,#2515,#2516,#2517),
 .UNSPECIFIED.,.F.,.F.,(4,1,4),(0.,0.000603998961771218,0.00120799792354244),
 .UNSPECIFIED.);
#142=B_SPLINE_CURVE_WITH_KNOTS('',3,(#2560,#2561,#2562,#2563,#2564,#2565),
 .UNSPECIFIED.,.F.,.F.,(4,1,1,4),(0.,0.00219153104572706,0.00438306209145412,
0.00876612418290823),.UNSPECIFIED.);
#143=B_SPLINE_CURVE_WITH_KNOTS('',3,(#2566,#2567,#2568,#2569,#2570,#2571),
 .UNSPECIFIED.,.F.,.F.,(4,1,1,4),(0.,0.00203020046855072,0.00406040093710145,
0.00812080187420289),.UNSPECIFIED.);
#144=B_SPLINE_CURVE_WITH_KNOTS('',3,(#2614,#2615,#2616,#2617,#2618,#2619),
 .UNSPECIFIED.,.F.,.F.,(4,1,1,4),(0.,0.00219153104572706,0.00438306209145412,
0.00876612418290824),.UNSPECIFIED.);
#145=B_SPLINE_CURVE_WITH_KNOTS('',3,(#2620,#2621,#2622,#2623,#2624),
 .UNSPECIFIED.,.F.,.F.,(4,1,4),(0.,0.00406310797766661,0.00812621595533323),
 .UNSPECIFIED.);
#146=B_SPLINE_CURVE_WITH_KNOTS('',3,(#2628,#2629,#2630,#2631,#2632,#2633,
#2634),.UNSPECIFIED.,.F.,.F.,(4,1,1,1,4),(0.,0.0021809340455324,0.0043618680910648,
0.00654280213659721,0.00872373618212961),.UNSPECIFIED.);
#147=B_SPLINE_CURVE_WITH_KNOTS('',3,(#2635,#2636,#2637,#2638,#2639,#2640,
#2641),.UNSPECIFIED.,.F.,.F.,(4,1,1,1,4),(0.,0.00218093404553241,0.00436186809106481,
0.00654280213659722,0.00872373618212962),.UNSPECIFIED.);
#148=B_SPLINE_CURVE_WITH_KNOTS('',3,(#2673,#2674,#2675,#2676,#2677),
 .UNSPECIFIED.,.F.,.F.,(4,1,4),(0.,0.0007568332567289,0.0015136665134578),
 .UNSPECIFIED.);
#149=B_SPLINE_CURVE_WITH_KNOTS('',3,(#2708,#2709,#2710,#2711,#2712),
 .UNSPECIFIED.,.F.,.F.,(4,1,4),(0.,0.000759803317891906,0.00151960663578381),
 .UNSPECIFIED.);
#150=B_SPLINE_CURVE_WITH_KNOTS('',3,(#2987,#2988,#2989,#2990,#2991),
 .UNSPECIFIED.,.F.,.F.,(4,1,4),(0.,0.000596592978508074,0.00119318595701615),
 .UNSPECIFIED.);
#151=B_SPLINE_CURVE_WITH_KNOTS('',3,(#3078,#3079,#3080,#3081,#3082),
 .UNSPECIFIED.,.F.,.F.,(4,1,4),(0.,0.000596592978508118,0.00119318595701624),
 .UNSPECIFIED.);
#152=B_SPLINE_SURFACE_WITH_KNOTS('',3,1,((#1250,#1251),(#1252,#1253),(#1254,
#1255),(#1256,#1257),(#1258,#1259),(#1260,#1261),(#1262,#1263),(#1264,#1265),
(#1266,#1267),(#1268,#1269),(#1270,#1271),(#1272,#1273),(#1274,#1275),(#1276,
#1277),(#1278,#1279)),.SURF_OF_LINEAR_EXTRUSION.,.F.,.F.,.F.,(4,1,1,1,1,
1,1,1,1,1,1,1,4),(2,2),(-0.432038788286269,-0.231572514748948,-0.131339377980287,
-0.0311062412116261,0.0691268955570348,0.169360032325696,0.369826305863017,
0.570292579400339,0.770758852937661,0.870991989706321,0.971225126474982,
1.07145826324364,1.1716914000123),(0.,1.),.UNSPECIFIED.);
#153=B_SPLINE_SURFACE_WITH_KNOTS('',3,1,((#1335,#1336),(#1337,#1338),(#1339,
#1340),(#1341,#1342)),.SURF_OF_LINEAR_EXTRUSION.,.F.,.F.,.F.,(4,4),(2,2),
(0.,0.919310358107807),(0.,1.),.PIECEWISE_BEZIER_KNOTS.);
#154=B_SPLINE_SURFACE_WITH_KNOTS('',3,1,((#1394,#1395),(#1396,#1397),(#1398,
#1399),(#1400,#1401)),.SURF_OF_LINEAR_EXTRUSION.,.F.,.F.,.F.,(4,4),(2,2),
(0.,1.),(0.,1.),.PIECEWISE_BEZIER_KNOTS.);
#155=B_SPLINE_SURFACE_WITH_KNOTS('',3,1,((#1415,#1416),(#1417,#1418),(#1419,
#1420),(#1421,#1422),(#1423,#1424),(#1425,#1426),(#1427,#1428),(#1429,#1430),
(#1431,#1432),(#1433,#1434),(#1435,#1436),(#1437,#1438),(#1439,#1440),(#1441,
#1442),(#1443,#1444)),.SURF_OF_LINEAR_EXTRUSION.,.F.,.F.,.F.,(4,1,1,1,1,
1,1,1,1,1,1,1,4),(2,2),(-0.432038788286274,-0.231572514748952,-0.13133937798029,
-0.0311062412116288,0.0691268955570326,0.169360032325694,0.369826305863017,
0.57029257940034,0.770758852937662,0.870991989706324,0.971225126474985,
1.07145826324365,1.17169140001231),(0.,1.),.UNSPECIFIED.);
#156=B_SPLINE_SURFACE_WITH_KNOTS('',3,1,((#1546,#1547),(#1548,#1549),(#1550,
#1551),(#1552,#1553)),.SURF_OF_LINEAR_EXTRUSION.,.F.,.F.,.F.,(4,4),(2,2),
(0.,0.99986090983537),(0.,1.),.PIECEWISE_BEZIER_KNOTS.);
#157=B_SPLINE_SURFACE_WITH_KNOTS('',3,1,((#1567,#1568),(#1569,#1570),(#1571,
#1572),(#1573,#1574)),.SURF_OF_LINEAR_EXTRUSION.,.F.,.F.,.F.,(4,4),(2,2),
(0.000126340726247461,0.919309600068788),(0.,1.),
 .PIECEWISE_BEZIER_KNOTS.);
#158=B_SPLINE_SURFACE_WITH_KNOTS('',3,1,((#1718,#1719),(#1720,#1721),(#1722,
#1723),(#1724,#1725),(#1726,#1727),(#1728,#1729),(#1730,#1731)),
 .SURF_OF_LINEAR_EXTRUSION.,.F.,.F.,.F.,(4,1,1,1,4),(2,2),(-9.8461549969375E-18,
0.503000738471156,0.754501107706733,0.880251292324522,1.00600147694231),
(0.,1.),.UNSPECIFIED.);
#159=B_SPLINE_SURFACE_WITH_KNOTS('',3,1,((#1817,#1818),(#1819,#1820),(#1821,
#1822),(#1823,#1824)),.SURF_OF_LINEAR_EXTRUSION.,.F.,.F.,.F.,(4,4),(2,2),
(0.,0.701417898587925),(0.,1.),.PIECEWISE_BEZIER_KNOTS.);
#160=B_SPLINE_SURFACE_WITH_KNOTS('',3,1,((#1846,#1847),(#1848,#1849),(#1850,
#1851),(#1852,#1853)),.SURF_OF_LINEAR_EXTRUSION.,.F.,.F.,.F.,(4,4),(2,2),
(0.0798465456808404,1.),(0.,1.),.PIECEWISE_BEZIER_KNOTS.);
#161=B_SPLINE_SURFACE_WITH_KNOTS('',3,1,((#1888,#1889),(#1890,#1891),(#1892,
#1893),(#1894,#1895)),.SURF_OF_LINEAR_EXTRUSION.,.F.,.F.,.F.,(4,4),(2,2),
(0.00240669038067302,0.99809127614629),(0.,1.),.PIECEWISE_BEZIER_KNOTS.);
#162=B_SPLINE_SURFACE_WITH_KNOTS('',3,1,((#1969,#1970),(#1971,#1972),(#1973,
#1974),(#1975,#1976)),.SURF_OF_LINEAR_EXTRUSION.,.F.,.F.,.F.,(4,4),(2,2),
(0.0348223990670387,0.881645773900546),(0.,1.),.PIECEWISE_BEZIER_KNOTS.);
#163=CIRCLE('',#1035,0.009525);
#164=CIRCLE('',#1037,0.0036576);
#165=CIRCLE('',#1038,0.0036576);
#166=CIRCLE('',#1042,0.009525);
#167=CIRCLE('',#1044,0.0036576);
#168=CIRCLE('',#1045,0.0036576);
#169=CIRCLE('',#1047,0.009525);
#170=CIRCLE('',#1049,0.000762);
#171=CIRCLE('',#1051,0.000762);
#172=CIRCLE('',#1053,0.000762);
#173=CIRCLE('',#1054,0.000762);
#174=CIRCLE('',#1055,0.000762);
#175=CIRCLE('',#1057,0.00508);
#176=CIRCLE('',#1058,0.00508);
#177=CIRCLE('',#1060,0.00508);
#178=CIRCLE('',#1061,0.00508);
#179=CIRCLE('',#1062,0.000997026428970424);
#180=CIRCLE('',#1063,0.000997026428970424);
#181=CIRCLE('',#1065,0.000997026428970424);
#182=CIRCLE('',#1068,0.000997026428970424);
#183=CIRCLE('',#1074,0.0014224);
#184=CIRCLE('',#1076,0.0014224);
#185=CIRCLE('',#1078,0.0014224);
#186=CIRCLE('',#1080,0.0014224);
#187=CIRCLE('',#1081,0.0014224);
#188=CIRCLE('',#1083,0.0014224);
#189=CIRCLE('',#1085,0.0014224);
#190=CIRCLE('',#1087,0.0014224);
#191=CIRCLE('',#1088,0.000762);
#192=CIRCLE('',#1089,0.000762);
#193=CIRCLE('',#1090,0.000762);
#194=CIRCLE('',#1091,0.000762);
#195=ORIENTED_EDGE('',*,*,#511,.T.);
#196=ORIENTED_EDGE('',*,*,#512,.T.);
#197=ORIENTED_EDGE('',*,*,#513,.T.);
#198=ORIENTED_EDGE('',*,*,#514,.F.);
#199=ORIENTED_EDGE('',*,*,#515,.F.);
#200=ORIENTED_EDGE('',*,*,#516,.T.);
#201=ORIENTED_EDGE('',*,*,#517,.T.);
#202=ORIENTED_EDGE('',*,*,#518,.T.);
#203=ORIENTED_EDGE('',*,*,#519,.T.);
#204=ORIENTED_EDGE('',*,*,#520,.F.);
#205=ORIENTED_EDGE('',*,*,#521,.T.);
#206=ORIENTED_EDGE('',*,*,#522,.T.);
#207=ORIENTED_EDGE('',*,*,#523,.T.);
#208=ORIENTED_EDGE('',*,*,#524,.T.);
#209=ORIENTED_EDGE('',*,*,#525,.T.);
#210=ORIENTED_EDGE('',*,*,#526,.T.);
#211=ORIENTED_EDGE('',*,*,#527,.T.);
#212=ORIENTED_EDGE('',*,*,#526,.F.);
#213=ORIENTED_EDGE('',*,*,#528,.T.);
#214=ORIENTED_EDGE('',*,*,#529,.T.);
#215=ORIENTED_EDGE('',*,*,#530,.T.);
#216=ORIENTED_EDGE('',*,*,#531,.T.);
#217=ORIENTED_EDGE('',*,*,#532,.T.);
#218=ORIENTED_EDGE('',*,*,#533,.T.);
#219=ORIENTED_EDGE('',*,*,#534,.T.);
#220=ORIENTED_EDGE('',*,*,#535,.T.);
#221=ORIENTED_EDGE('',*,*,#536,.T.);
#222=ORIENTED_EDGE('',*,*,#529,.F.);
#223=ORIENTED_EDGE('',*,*,#537,.T.);
#224=ORIENTED_EDGE('',*,*,#538,.T.);
#225=ORIENTED_EDGE('',*,*,#539,.T.);
#226=ORIENTED_EDGE('',*,*,#540,.T.);
#227=ORIENTED_EDGE('',*,*,#541,.T.);
#228=ORIENTED_EDGE('',*,*,#542,.T.);
#229=ORIENTED_EDGE('',*,*,#543,.T.);
#230=ORIENTED_EDGE('',*,*,#544,.T.);
#231=ORIENTED_EDGE('',*,*,#533,.F.);
#232=ORIENTED_EDGE('',*,*,#545,.T.);
#233=ORIENTED_EDGE('',*,*,#546,.T.);
#234=ORIENTED_EDGE('',*,*,#547,.T.);
#235=ORIENTED_EDGE('',*,*,#518,.F.);
#236=ORIENTED_EDGE('',*,*,#548,.T.);
#237=ORIENTED_EDGE('',*,*,#549,.T.);
#238=ORIENTED_EDGE('',*,*,#550,.T.);
#239=ORIENTED_EDGE('',*,*,#551,.T.);
#240=ORIENTED_EDGE('',*,*,#552,.T.);
#241=ORIENTED_EDGE('',*,*,#553,.T.);
#242=ORIENTED_EDGE('',*,*,#554,.T.);
#243=ORIENTED_EDGE('',*,*,#555,.T.);
#244=ORIENTED_EDGE('',*,*,#556,.T.);
#245=ORIENTED_EDGE('',*,*,#557,.T.);
#246=ORIENTED_EDGE('',*,*,#558,.T.);
#247=ORIENTED_EDGE('',*,*,#559,.T.);
#248=ORIENTED_EDGE('',*,*,#560,.T.);
#249=ORIENTED_EDGE('',*,*,#561,.T.);
#250=ORIENTED_EDGE('',*,*,#562,.T.);
#251=ORIENTED_EDGE('',*,*,#563,.T.);
#252=ORIENTED_EDGE('',*,*,#564,.T.);
#253=ORIENTED_EDGE('',*,*,#565,.T.);
#254=ORIENTED_EDGE('',*,*,#566,.T.);
#255=ORIENTED_EDGE('',*,*,#567,.T.);
#256=ORIENTED_EDGE('',*,*,#568,.F.);
#257=ORIENTED_EDGE('',*,*,#569,.T.);
#258=ORIENTED_EDGE('',*,*,#570,.T.);
#259=ORIENTED_EDGE('',*,*,#571,.T.);
#260=ORIENTED_EDGE('',*,*,#515,.T.);
#261=ORIENTED_EDGE('',*,*,#572,.T.);
#262=ORIENTED_EDGE('',*,*,#573,.T.);
#263=ORIENTED_EDGE('',*,*,#574,.T.);
#264=ORIENTED_EDGE('',*,*,#575,.T.);
#265=ORIENTED_EDGE('',*,*,#576,.T.);
#266=ORIENTED_EDGE('',*,*,#535,.F.);
#267=ORIENTED_EDGE('',*,*,#577,.T.);
#268=ORIENTED_EDGE('',*,*,#578,.T.);
#269=ORIENTED_EDGE('',*,*,#579,.T.);
#270=ORIENTED_EDGE('',*,*,#580,.F.);
#271=ORIENTED_EDGE('',*,*,#581,.T.);
#272=ORIENTED_EDGE('',*,*,#582,.T.);
#273=ORIENTED_EDGE('',*,*,#583,.T.);
#274=ORIENTED_EDGE('',*,*,#520,.T.);
#275=ORIENTED_EDGE('',*,*,#584,.T.);
#276=ORIENTED_EDGE('',*,*,#585,.T.);
#277=ORIENTED_EDGE('',*,*,#586,.T.);
#278=ORIENTED_EDGE('',*,*,#587,.T.);
#279=ORIENTED_EDGE('',*,*,#588,.F.);
#280=ORIENTED_EDGE('',*,*,#589,.T.);
#281=ORIENTED_EDGE('',*,*,#590,.T.);
#282=ORIENTED_EDGE('',*,*,#591,.T.);
#283=ORIENTED_EDGE('',*,*,#592,.T.);
#284=ORIENTED_EDGE('',*,*,#593,.T.);
#285=ORIENTED_EDGE('',*,*,#594,.T.);
#286=ORIENTED_EDGE('',*,*,#588,.T.);
#287=ORIENTED_EDGE('',*,*,#578,.F.);
#288=ORIENTED_EDGE('',*,*,#595,.T.);
#289=ORIENTED_EDGE('',*,*,#596,.T.);
#290=ORIENTED_EDGE('',*,*,#597,.T.);
#291=ORIENTED_EDGE('',*,*,#582,.F.);
#292=ORIENTED_EDGE('',*,*,#598,.T.);
#293=ORIENTED_EDGE('',*,*,#599,.T.);
#294=ORIENTED_EDGE('',*,*,#600,.T.);
#295=ORIENTED_EDGE('',*,*,#524,.F.);
#296=ORIENTED_EDGE('',*,*,#601,.T.);
#297=ORIENTED_EDGE('',*,*,#553,.F.);
#298=ORIENTED_EDGE('',*,*,#602,.T.);
#299=ORIENTED_EDGE('',*,*,#603,.T.);
#300=ORIENTED_EDGE('',*,*,#604,.T.);
#301=ORIENTED_EDGE('',*,*,#605,.T.);
#302=ORIENTED_EDGE('',*,*,#606,.T.);
#303=ORIENTED_EDGE('',*,*,#607,.T.);
#304=ORIENTED_EDGE('',*,*,#608,.T.);
#305=ORIENTED_EDGE('',*,*,#609,.T.);
#306=ORIENTED_EDGE('',*,*,#610,.T.);
#307=ORIENTED_EDGE('',*,*,#611,.T.);
#308=ORIENTED_EDGE('',*,*,#612,.T.);
#309=ORIENTED_EDGE('',*,*,#613,.T.);
#310=ORIENTED_EDGE('',*,*,#580,.T.);
#311=ORIENTED_EDGE('',*,*,#614,.T.);
#312=ORIENTED_EDGE('',*,*,#514,.T.);
#313=ORIENTED_EDGE('',*,*,#615,.T.);
#314=ORIENTED_EDGE('',*,*,#568,.T.);
#315=ORIENTED_EDGE('',*,*,#616,.T.);
#316=ORIENTED_EDGE('',*,*,#598,.F.);
#317=ORIENTED_EDGE('',*,*,#581,.F.);
#318=ORIENTED_EDGE('',*,*,#614,.F.);
#319=ORIENTED_EDGE('',*,*,#579,.F.);
#320=ORIENTED_EDGE('',*,*,#536,.F.);
#321=ORIENTED_EDGE('',*,*,#592,.F.);
#322=ORIENTED_EDGE('',*,*,#617,.F.);
#323=ORIENTED_EDGE('',*,*,#530,.F.);
#324=ORIENTED_EDGE('',*,*,#591,.F.);
#325=ORIENTED_EDGE('',*,*,#590,.F.);
#326=ORIENTED_EDGE('',*,*,#618,.F.);
#327=ORIENTED_EDGE('',*,*,#527,.F.);
#328=ORIENTED_EDGE('',*,*,#617,.T.);
#329=ORIENTED_EDGE('',*,*,#619,.F.);
#330=ORIENTED_EDGE('',*,*,#620,.T.);
#331=ORIENTED_EDGE('',*,*,#522,.F.);
#332=ORIENTED_EDGE('',*,*,#618,.T.);
#333=ORIENTED_EDGE('',*,*,#589,.F.);
#334=ORIENTED_EDGE('',*,*,#594,.F.);
#335=ORIENTED_EDGE('',*,*,#550,.F.);
#336=ORIENTED_EDGE('',*,*,#621,.T.);
#337=ORIENTED_EDGE('',*,*,#619,.T.);
#338=ORIENTED_EDGE('',*,*,#593,.F.);
#339=ORIENTED_EDGE('',*,*,#587,.F.);
#340=ORIENTED_EDGE('',*,*,#622,.F.);
#341=ORIENTED_EDGE('',*,*,#623,.F.);
#342=ORIENTED_EDGE('',*,*,#624,.T.);
#343=ORIENTED_EDGE('',*,*,#551,.F.);
#344=ORIENTED_EDGE('',*,*,#622,.T.);
#345=ORIENTED_EDGE('',*,*,#586,.F.);
#346=ORIENTED_EDGE('',*,*,#585,.F.);
#347=ORIENTED_EDGE('',*,*,#547,.F.);
#348=ORIENTED_EDGE('',*,*,#625,.T.);
#349=ORIENTED_EDGE('',*,*,#623,.T.);
#350=ORIENTED_EDGE('',*,*,#584,.F.);
#351=ORIENTED_EDGE('',*,*,#519,.F.);
#352=ORIENTED_EDGE('',*,*,#517,.F.);
#353=ORIENTED_EDGE('',*,*,#626,.T.);
#354=ORIENTED_EDGE('',*,*,#603,.F.);
#355=ORIENTED_EDGE('',*,*,#627,.F.);
#356=ORIENTED_EDGE('',*,*,#545,.F.);
#357=ORIENTED_EDGE('',*,*,#625,.F.);
#358=ORIENTED_EDGE('',*,*,#546,.F.);
#359=ORIENTED_EDGE('',*,*,#628,.F.);
#360=ORIENTED_EDGE('',*,*,#552,.F.);
#361=ORIENTED_EDGE('',*,*,#624,.F.);
#362=ORIENTED_EDGE('',*,*,#628,.T.);
#363=ORIENTED_EDGE('',*,*,#627,.T.);
#364=ORIENTED_EDGE('',*,*,#629,.F.);
#365=ORIENTED_EDGE('',*,*,#602,.F.);
#366=ORIENTED_EDGE('',*,*,#558,.F.);
#367=ORIENTED_EDGE('',*,*,#630,.F.);
#368=ORIENTED_EDGE('',*,*,#548,.F.);
#369=ORIENTED_EDGE('',*,*,#629,.T.);
#370=ORIENTED_EDGE('',*,*,#630,.T.);
#371=ORIENTED_EDGE('',*,*,#557,.F.);
#372=ORIENTED_EDGE('',*,*,#631,.F.);
#373=ORIENTED_EDGE('',*,*,#549,.F.);
#374=ORIENTED_EDGE('',*,*,#601,.F.);
#375=ORIENTED_EDGE('',*,*,#523,.F.);
#376=ORIENTED_EDGE('',*,*,#632,.F.);
#377=ORIENTED_EDGE('',*,*,#554,.F.);
#378=ORIENTED_EDGE('',*,*,#631,.T.);
#379=ORIENTED_EDGE('',*,*,#556,.F.);
#380=ORIENTED_EDGE('',*,*,#633,.F.);
#381=ORIENTED_EDGE('',*,*,#621,.F.);
#382=ORIENTED_EDGE('',*,*,#632,.T.);
#383=ORIENTED_EDGE('',*,*,#620,.F.);
#384=ORIENTED_EDGE('',*,*,#633,.T.);
#385=ORIENTED_EDGE('',*,*,#555,.F.);
#386=ORIENTED_EDGE('',*,*,#525,.F.);
#387=ORIENTED_EDGE('',*,*,#600,.F.);
#388=ORIENTED_EDGE('',*,*,#634,.T.);
#389=ORIENTED_EDGE('',*,*,#531,.F.);
#390=ORIENTED_EDGE('',*,*,#528,.F.);
#391=ORIENTED_EDGE('',*,*,#610,.F.);
#392=ORIENTED_EDGE('',*,*,#635,.T.);
#393=ORIENTED_EDGE('',*,*,#540,.F.);
#394=ORIENTED_EDGE('',*,*,#636,.T.);
#395=ORIENTED_EDGE('',*,*,#576,.F.);
#396=ORIENTED_EDGE('',*,*,#637,.T.);
#397=ORIENTED_EDGE('',*,*,#612,.F.);
#398=ORIENTED_EDGE('',*,*,#638,.T.);
#399=ORIENTED_EDGE('',*,*,#639,.T.);
#400=ORIENTED_EDGE('',*,*,#640,.T.);
#401=ORIENTED_EDGE('',*,*,#613,.F.);
#402=ORIENTED_EDGE('',*,*,#641,.T.);
#403=ORIENTED_EDGE('',*,*,#642,.T.);
#404=ORIENTED_EDGE('',*,*,#565,.F.);
#405=ORIENTED_EDGE('',*,*,#615,.F.);
#406=ORIENTED_EDGE('',*,*,#513,.F.);
#407=ORIENTED_EDGE('',*,*,#596,.F.);
#408=ORIENTED_EDGE('',*,*,#643,.T.);
#409=ORIENTED_EDGE('',*,*,#511,.F.);
#410=ORIENTED_EDGE('',*,*,#616,.F.);
#411=ORIENTED_EDGE('',*,*,#567,.F.);
#412=ORIENTED_EDGE('',*,*,#644,.T.);
#413=ORIENTED_EDGE('',*,*,#645,.F.);
#414=ORIENTED_EDGE('',*,*,#562,.F.);
#415=ORIENTED_EDGE('',*,*,#646,.F.);
#416=ORIENTED_EDGE('',*,*,#636,.F.);
#417=ORIENTED_EDGE('',*,*,#646,.T.);
#418=ORIENTED_EDGE('',*,*,#561,.F.);
#419=ORIENTED_EDGE('',*,*,#647,.F.);
#420=ORIENTED_EDGE('',*,*,#611,.F.);
#421=ORIENTED_EDGE('',*,*,#648,.T.);
#422=ORIENTED_EDGE('',*,*,#649,.T.);
#423=ORIENTED_EDGE('',*,*,#563,.F.);
#424=ORIENTED_EDGE('',*,*,#645,.T.);
#425=ORIENTED_EDGE('',*,*,#539,.F.);
#426=ORIENTED_EDGE('',*,*,#647,.T.);
#427=ORIENTED_EDGE('',*,*,#560,.F.);
#428=ORIENTED_EDGE('',*,*,#650,.F.);
#429=ORIENTED_EDGE('',*,*,#638,.F.);
#430=ORIENTED_EDGE('',*,*,#564,.F.);
#431=ORIENTED_EDGE('',*,*,#651,.T.);
#432=ORIENTED_EDGE('',*,*,#607,.F.);
#433=ORIENTED_EDGE('',*,*,#652,.T.);
#434=ORIENTED_EDGE('',*,*,#559,.F.);
#435=ORIENTED_EDGE('',*,*,#653,.T.);
#436=ORIENTED_EDGE('',*,*,#654,.T.);
#437=ORIENTED_EDGE('',*,*,#569,.F.);
#438=ORIENTED_EDGE('',*,*,#650,.T.);
#439=ORIENTED_EDGE('',*,*,#534,.F.);
#440=ORIENTED_EDGE('',*,*,#544,.F.);
#441=ORIENTED_EDGE('',*,*,#655,.F.);
#442=ORIENTED_EDGE('',*,*,#595,.F.);
#443=ORIENTED_EDGE('',*,*,#577,.F.);
#444=ORIENTED_EDGE('',*,*,#655,.T.);
#445=ORIENTED_EDGE('',*,*,#543,.F.);
#446=ORIENTED_EDGE('',*,*,#656,.F.);
#447=ORIENTED_EDGE('',*,*,#643,.F.);
#448=ORIENTED_EDGE('',*,*,#656,.T.);
#449=ORIENTED_EDGE('',*,*,#542,.F.);
#450=ORIENTED_EDGE('',*,*,#657,.F.);
#451=ORIENTED_EDGE('',*,*,#512,.F.);
#452=ORIENTED_EDGE('',*,*,#657,.T.);
#453=ORIENTED_EDGE('',*,*,#541,.F.);
#454=ORIENTED_EDGE('',*,*,#658,.F.);
#455=ORIENTED_EDGE('',*,*,#639,.F.);
#456=ORIENTED_EDGE('',*,*,#658,.T.);
#457=ORIENTED_EDGE('',*,*,#635,.F.);
#458=ORIENTED_EDGE('',*,*,#640,.F.);
#459=ORIENTED_EDGE('',*,*,#583,.F.);
#460=ORIENTED_EDGE('',*,*,#597,.F.);
#461=ORIENTED_EDGE('',*,*,#659,.F.);
#462=ORIENTED_EDGE('',*,*,#572,.F.);
#463=ORIENTED_EDGE('',*,*,#521,.F.);
#464=ORIENTED_EDGE('',*,*,#659,.T.);
#465=ORIENTED_EDGE('',*,*,#644,.F.);
#466=ORIENTED_EDGE('',*,*,#660,.F.);
#467=ORIENTED_EDGE('',*,*,#573,.F.);
#468=ORIENTED_EDGE('',*,*,#660,.T.);
#469=ORIENTED_EDGE('',*,*,#566,.F.);
#470=ORIENTED_EDGE('',*,*,#661,.F.);
#471=ORIENTED_EDGE('',*,*,#574,.F.);
#472=ORIENTED_EDGE('',*,*,#661,.T.);
#473=ORIENTED_EDGE('',*,*,#642,.F.);
#474=ORIENTED_EDGE('',*,*,#662,.F.);
#475=ORIENTED_EDGE('',*,*,#575,.F.);
#476=ORIENTED_EDGE('',*,*,#641,.F.);
#477=ORIENTED_EDGE('',*,*,#637,.F.);
#478=ORIENTED_EDGE('',*,*,#662,.T.);
#479=ORIENTED_EDGE('',*,*,#653,.F.);
#480=ORIENTED_EDGE('',*,*,#652,.F.);
#481=ORIENTED_EDGE('',*,*,#663,.F.);
#482=ORIENTED_EDGE('',*,*,#663,.T.);
#483=ORIENTED_EDGE('',*,*,#606,.F.);
#484=ORIENTED_EDGE('',*,*,#664,.F.);
#485=ORIENTED_EDGE('',*,*,#654,.F.);
#486=ORIENTED_EDGE('',*,*,#664,.T.);
#487=ORIENTED_EDGE('',*,*,#605,.F.);
#488=ORIENTED_EDGE('',*,*,#665,.F.);
#489=ORIENTED_EDGE('',*,*,#570,.F.);
#490=ORIENTED_EDGE('',*,*,#626,.F.);
#491=ORIENTED_EDGE('',*,*,#516,.F.);
#492=ORIENTED_EDGE('',*,*,#571,.F.);
#493=ORIENTED_EDGE('',*,*,#665,.T.);
#494=ORIENTED_EDGE('',*,*,#604,.F.);
#495=ORIENTED_EDGE('',*,*,#651,.F.);
#496=ORIENTED_EDGE('',*,*,#649,.F.);
#497=ORIENTED_EDGE('',*,*,#666,.F.);
#498=ORIENTED_EDGE('',*,*,#666,.T.);
#499=ORIENTED_EDGE('',*,*,#648,.F.);
#500=ORIENTED_EDGE('',*,*,#667,.F.);
#501=ORIENTED_EDGE('',*,*,#608,.F.);
#502=ORIENTED_EDGE('',*,*,#538,.F.);
#503=ORIENTED_EDGE('',*,*,#668,.F.);
#504=ORIENTED_EDGE('',*,*,#609,.F.);
#505=ORIENTED_EDGE('',*,*,#667,.T.);
#506=ORIENTED_EDGE('',*,*,#634,.F.);
#507=ORIENTED_EDGE('',*,*,#599,.F.);
#508=ORIENTED_EDGE('',*,*,#668,.T.);
#509=ORIENTED_EDGE('',*,*,#537,.F.);
#510=ORIENTED_EDGE('',*,*,#532,.F.);
#511=EDGE_CURVE('',#669,#670,#766,.F.);
#512=EDGE_CURVE('',#670,#671,#767,.F.);
#513=EDGE_CURVE('',#671,#672,#768,.T.);
#514=EDGE_CURVE('',#669,#672,#163,.T.);
#515=EDGE_CURVE('',#673,#674,#769,.T.);
#516=EDGE_CURVE('',#673,#675,#60,.T.);
#517=EDGE_CURVE('',#675,#676,#61,.T.);
#518=EDGE_CURVE('',#676,#677,#770,.T.);
#519=EDGE_CURVE('',#677,#678,#62,.T.);
#520=EDGE_CURVE('',#679,#678,#63,.T.);
#521=EDGE_CURVE('',#679,#674,#64,.T.);
#522=EDGE_CURVE('',#680,#681,#65,.T.);
#523=EDGE_CURVE('',#681,#682,#66,.T.);
#524=EDGE_CURVE('',#682,#683,#67,.T.);
#525=EDGE_CURVE('',#683,#684,#68,.T.);
#526=EDGE_CURVE('',#684,#685,#771,.T.);
#527=EDGE_CURVE('',#685,#680,#69,.T.);
#528=EDGE_CURVE('',#684,#686,#70,.T.);
#529=EDGE_CURVE('',#686,#687,#772,.T.);
#530=EDGE_CURVE('',#687,#685,#71,.T.);
#531=EDGE_CURVE('',#686,#688,#72,.T.);
#532=EDGE_CURVE('',#688,#689,#73,.T.);
#533=EDGE_CURVE('',#689,#690,#773,.T.);
#534=EDGE_CURVE('',#690,#691,#74,.T.);
#535=EDGE_CURVE('',#691,#692,#75,.T.);
#536=EDGE_CURVE('',#692,#687,#76,.T.);
#537=EDGE_CURVE('',#689,#693,#77,.T.);
#538=EDGE_CURVE('',#693,#694,#78,.T.);
#539=EDGE_CURVE('',#694,#695,#774,.F.);
#540=EDGE_CURVE('',#695,#696,#79,.T.);
#541=EDGE_CURVE('',#696,#697,#164,.F.);
#542=EDGE_CURVE('',#697,#698,#775,.T.);
#543=EDGE_CURVE('',#698,#699,#165,.F.);
#544=EDGE_CURVE('',#699,#690,#80,.T.);
#545=EDGE_CURVE('',#676,#700,#81,.T.);
#546=EDGE_CURVE('',#700,#701,#776,.T.);
#547=EDGE_CURVE('',#701,#677,#82,.T.);
#548=EDGE_CURVE('',#702,#703,#83,.T.);
#549=EDGE_CURVE('',#703,#704,#84,.T.);
#550=EDGE_CURVE('',#704,#705,#85,.T.);
#551=EDGE_CURVE('',#705,#706,#86,.T.);
#552=EDGE_CURVE('',#706,#702,#777,.F.);
#553=EDGE_CURVE('',#707,#708,#778,.F.);
#554=EDGE_CURVE('',#708,#709,#87,.T.);
#555=EDGE_CURVE('',#709,#710,#88,.T.);
#556=EDGE_CURVE('',#710,#711,#89,.T.);
#557=EDGE_CURVE('',#711,#712,#90,.T.);
#558=EDGE_CURVE('',#712,#707,#91,.T.);
#559=EDGE_CURVE('',#713,#714,#779,.F.);
#560=EDGE_CURVE('',#714,#715,#92,.T.);
#561=EDGE_CURVE('',#715,#716,#780,.F.);
#562=EDGE_CURVE('',#716,#717,#93,.T.);
#563=EDGE_CURVE('',#717,#718,#781,.T.);
#564=EDGE_CURVE('',#718,#713,#782,.T.);
#565=EDGE_CURVE('',#719,#720,#783,.T.);
#566=EDGE_CURVE('',#720,#721,#784,.T.);
#567=EDGE_CURVE('',#721,#722,#785,.F.);
#568=EDGE_CURVE('',#719,#722,#166,.T.);
#569=EDGE_CURVE('',#723,#724,#786,.T.);
#570=EDGE_CURVE('',#724,#725,#94,.T.);
#571=EDGE_CURVE('',#725,#673,#95,.T.);
#572=EDGE_CURVE('',#674,#726,#96,.T.);
#573=EDGE_CURVE('',#726,#727,#167,.T.);
#574=EDGE_CURVE('',#727,#728,#787,.F.);
#575=EDGE_CURVE('',#728,#729,#168,.T.);
#576=EDGE_CURVE('',#729,#723,#97,.T.);
#577=EDGE_CURVE('',#691,#730,#98,.T.);
#578=EDGE_CURVE('',#730,#731,#788,.T.);
#579=EDGE_CURVE('',#731,#732,#99,.T.);
#580=EDGE_CURVE('',#733,#732,#789,.F.);
#581=EDGE_CURVE('',#733,#734,#100,.T.);
#582=EDGE_CURVE('',#734,#735,#790,.T.);
#583=EDGE_CURVE('',#735,#679,#101,.T.);
#584=EDGE_CURVE('',#678,#736,#102,.T.);
#585=EDGE_CURVE('',#736,#737,#103,.T.);
#586=EDGE_CURVE('',#737,#738,#104,.T.);
#587=EDGE_CURVE('',#738,#739,#105,.T.);
#588=EDGE_CURVE('',#740,#739,#791,.T.);
#589=EDGE_CURVE('',#740,#741,#106,.T.);
#590=EDGE_CURVE('',#741,#742,#107,.T.);
#591=EDGE_CURVE('',#742,#743,#108,.T.);
#592=EDGE_CURVE('',#743,#692,#109,.T.);
#593=EDGE_CURVE('',#739,#744,#110,.T.);
#594=EDGE_CURVE('',#744,#740,#111,.T.);
#595=EDGE_CURVE('',#730,#745,#112,.T.);
#596=EDGE_CURVE('',#745,#746,#792,.T.);
#597=EDGE_CURVE('',#746,#735,#113,.T.);
#598=EDGE_CURVE('',#734,#731,#114,.T.);
#599=EDGE_CURVE('',#747,#748,#115,.T.);
#600=EDGE_CURVE('',#748,#683,#116,.T.);
#601=EDGE_CURVE('',#682,#708,#117,.T.);
#602=EDGE_CURVE('',#707,#749,#118,.T.);
#603=EDGE_CURVE('',#749,#750,#119,.T.);
#604=EDGE_CURVE('',#750,#751,#120,.T.);
#605=EDGE_CURVE('',#751,#752,#121,.T.);
#606=EDGE_CURVE('',#752,#753,#122,.T.);
#607=EDGE_CURVE('',#753,#754,#793,.F.);
#608=EDGE_CURVE('',#754,#755,#123,.T.);
#609=EDGE_CURVE('',#755,#747,#124,.T.);
#610=EDGE_CURVE('',#756,#757,#125,.T.);
#611=EDGE_CURVE('',#757,#758,#794,.T.);
#612=EDGE_CURVE('',#758,#759,#126,.T.);
#613=EDGE_CURVE('',#759,#756,#795,.F.);
#614=EDGE_CURVE('',#732,#733,#169,.T.);
#615=EDGE_CURVE('',#672,#719,#127,.T.);
#616=EDGE_CURVE('',#722,#669,#128,.T.);
#617=EDGE_CURVE('',#685,#743,#129,.F.);
#618=EDGE_CURVE('',#680,#741,#130,.F.);
#619=EDGE_CURVE('',#760,#744,#131,.F.);
#620=EDGE_CURVE('',#760,#681,#132,.T.);
#621=EDGE_CURVE('',#704,#760,#133,.T.);
#622=EDGE_CURVE('',#705,#738,#134,.F.);
#623=EDGE_CURVE('',#761,#736,#135,.T.);
#624=EDGE_CURVE('',#761,#706,#136,.F.);
#625=EDGE_CURVE('',#701,#761,#137,.T.);
#626=EDGE_CURVE('',#675,#750,#138,.T.);
#627=EDGE_CURVE('',#700,#749,#170,.T.);
#628=EDGE_CURVE('',#702,#700,#171,.T.);
#629=EDGE_CURVE('',#702,#749,#172,.F.);
#630=EDGE_CURVE('',#703,#712,#139,.F.);
#631=EDGE_CURVE('',#704,#711,#173,.T.);
#632=EDGE_CURVE('',#709,#681,#174,.T.);
#633=EDGE_CURVE('',#760,#710,#140,.T.);
#634=EDGE_CURVE('',#748,#688,#141,.F.);
#635=EDGE_CURVE('',#756,#696,#142,.F.);
#636=EDGE_CURVE('',#695,#757,#143,.T.);
#637=EDGE_CURVE('',#729,#759,#144,.T.);
#638=EDGE_CURVE('',#758,#723,#145,.T.);
#639=EDGE_CURVE('',#671,#762,#175,.T.);
#640=EDGE_CURVE('',#762,#756,#146,.T.);
#641=EDGE_CURVE('',#759,#763,#147,.F.);
#642=EDGE_CURVE('',#763,#720,#176,.F.);
#643=EDGE_CURVE('',#745,#670,#177,.T.);
#644=EDGE_CURVE('',#721,#746,#178,.F.);
#645=EDGE_CURVE('',#717,#695,#179,.T.);
#646=EDGE_CURVE('',#757,#716,#180,.T.);
#647=EDGE_CURVE('',#758,#715,#181,.T.);
#648=EDGE_CURVE('',#694,#764,#148,.T.);
#649=EDGE_CURVE('',#764,#718,#16,.T.);
#650=EDGE_CURVE('',#723,#714,#182,.T.);
#651=EDGE_CURVE('',#718,#754,#17,.F.);
#652=EDGE_CURVE('',#753,#713,#18,.T.);
#653=EDGE_CURVE('',#713,#765,#19,.F.);
#654=EDGE_CURVE('',#765,#724,#149,.T.);
#655=EDGE_CURVE('',#745,#699,#183,.T.);
#656=EDGE_CURVE('',#670,#698,#184,.T.);
#657=EDGE_CURVE('',#671,#697,#185,.T.);
#658=EDGE_CURVE('',#762,#696,#186,.T.);
#659=EDGE_CURVE('',#726,#746,#187,.T.);
#660=EDGE_CURVE('',#727,#721,#188,.T.);
#661=EDGE_CURVE('',#728,#720,#189,.T.);
#662=EDGE_CURVE('',#729,#763,#190,.T.);
#663=EDGE_CURVE('',#765,#753,#191,.T.);
#664=EDGE_CURVE('',#724,#752,#192,.T.);
#665=EDGE_CURVE('',#725,#751,#150,.T.);
#666=EDGE_CURVE('',#754,#764,#193,.T.);
#667=EDGE_CURVE('',#755,#694,#194,.T.);
#668=EDGE_CURVE('',#747,#693,#151,.F.);
#669=VERTEX_POINT('',#1243);
#670=VERTEX_POINT('',#1244);
#671=VERTEX_POINT('',#1246);
#672=VERTEX_POINT('',#1248);
#673=VERTEX_POINT('',#1281);
#674=VERTEX_POINT('',#1282);
#675=VERTEX_POINT('',#1292);
#676=VERTEX_POINT('',#1297);
#677=VERTEX_POINT('',#1299);
#678=VERTEX_POINT('',#1309);
#679=VERTEX_POINT('',#1324);
#680=VERTEX_POINT('',#1356);
#681=VERTEX_POINT('',#1357);
#682=VERTEX_POINT('',#1363);
#683=VERTEX_POINT('',#1368);
#684=VERTEX_POINT('',#1386);
#685=VERTEX_POINT('',#1388);
#686=VERTEX_POINT('',#1407);
#687=VERTEX_POINT('',#1409);
#688=VERTEX_POINT('',#1449);
#689=VERTEX_POINT('',#1458);
#690=VERTEX_POINT('',#1460);
#691=VERTEX_POINT('',#1471);
#692=VERTEX_POINT('',#1486);
#693=VERTEX_POINT('',#1501);
#694=VERTEX_POINT('',#1506);
#695=VERTEX_POINT('',#1508);
#696=VERTEX_POINT('',#1523);
#697=VERTEX_POINT('',#1525);
#698=VERTEX_POINT('',#1527);
#699=VERTEX_POINT('',#1529);
#700=VERTEX_POINT('',#1559);
#701=VERTEX_POINT('',#1561);
#702=VERTEX_POINT('',#1580);
#703=VERTEX_POINT('',#1581);
#704=VERTEX_POINT('',#1587);
#705=VERTEX_POINT('',#1601);
#706=VERTEX_POINT('',#1607);
#707=VERTEX_POINT('',#1611);
#708=VERTEX_POINT('',#1612);
#709=VERTEX_POINT('',#1618);
#710=VERTEX_POINT('',#1623);
#711=VERTEX_POINT('',#1628);
#712=VERTEX_POINT('',#1634);
#713=VERTEX_POINT('',#1641);
#714=VERTEX_POINT('',#1642);
#715=VERTEX_POINT('',#1648);
#716=VERTEX_POINT('',#1650);
#717=VERTEX_POINT('',#1656);
#718=VERTEX_POINT('',#1658);
#719=VERTEX_POINT('',#1662);
#720=VERTEX_POINT('',#1663);
#721=VERTEX_POINT('',#1665);
#722=VERTEX_POINT('',#1667);
#723=VERTEX_POINT('',#1671);
#724=VERTEX_POINT('',#1672);
#725=VERTEX_POINT('',#1677);
#726=VERTEX_POINT('',#1697);
#727=VERTEX_POINT('',#1699);
#728=VERTEX_POINT('',#1701);
#729=VERTEX_POINT('',#1703);
#730=VERTEX_POINT('',#1742);
#731=VERTEX_POINT('',#1744);
#732=VERTEX_POINT('',#1750);
#733=VERTEX_POINT('',#1752);
#734=VERTEX_POINT('',#1758);
#735=VERTEX_POINT('',#1760);
#736=VERTEX_POINT('',#1776);
#737=VERTEX_POINT('',#1783);
#738=VERTEX_POINT('',#1788);
#739=VERTEX_POINT('',#1793);
#740=VERTEX_POINT('',#1795);
#741=VERTEX_POINT('',#1800);
#742=VERTEX_POINT('',#1805);
#743=VERTEX_POINT('',#1811);
#744=VERTEX_POINT('',#1835);
#745=VERTEX_POINT('',#1865);
#746=VERTEX_POINT('',#1867);
#747=VERTEX_POINT('',#1904);
#748=VERTEX_POINT('',#1905);
#749=VERTEX_POINT('',#1929);
#750=VERTEX_POINT('',#1936);
#751=VERTEX_POINT('',#1945);
#752=VERTEX_POINT('',#1950);
#753=VERTEX_POINT('',#1956);
#754=VERTEX_POINT('',#1958);
#755=VERTEX_POINT('',#1964);
#756=VERTEX_POINT('',#1988);
#757=VERTEX_POINT('',#1989);
#758=VERTEX_POINT('',#1991);
#759=VERTEX_POINT('',#2003);
#760=VERTEX_POINT('',#2182);
#761=VERTEX_POINT('',#2306);
#762=VERTEX_POINT('',#2627);
#763=VERTEX_POINT('',#2642);
#764=VERTEX_POINT('',#2678);
#765=VERTEX_POINT('',#2707);
#766=LINE('',#1242,#796);
#767=LINE('',#1245,#797);
#768=LINE('',#1247,#798);
#769=LINE('',#1280,#799);
#770=LINE('',#1298,#800);
#771=LINE('',#1387,#801);
#772=LINE('',#1408,#802);
#773=LINE('',#1459,#803);
#774=LINE('',#1507,#804);
#775=LINE('',#1526,#805);
#776=LINE('',#1560,#806);
#777=LINE('',#1608,#807);
#778=LINE('',#1610,#808);
#779=LINE('',#1640,#809);
#780=LINE('',#1649,#810);
#781=LINE('',#1657,#811);
#782=LINE('',#1659,#812);
#783=LINE('',#1661,#813);
#784=LINE('',#1664,#814);
#785=LINE('',#1666,#815);
#786=LINE('',#1670,#816);
#787=LINE('',#1700,#817);
#788=LINE('',#1743,#818);
#789=LINE('',#1751,#819);
#790=LINE('',#1759,#820);
#791=LINE('',#1794,#821);
#792=LINE('',#1866,#822);
#793=LINE('',#1957,#823);
#794=LINE('',#1990,#824);
#795=LINE('',#2004,#825);
#796=VECTOR('',#1096,1.);
#797=VECTOR('',#1097,1.);
#798=VECTOR('',#1098,1.);
#799=VECTOR('',#1101,1.);
#800=VECTOR('',#1102,1.);
#801=VECTOR('',#1103,1.);
#802=VECTOR('',#1104,1.);
#803=VECTOR('',#1105,1.);
#804=VECTOR('',#1108,1.);
#805=VECTOR('',#1111,1.);
#806=VECTOR('',#1114,1.);
#807=VECTOR('',#1115,1.);
#808=VECTOR('',#1118,1.);
#809=VECTOR('',#1121,1.);
#810=VECTOR('',#1122,1.);
#811=VECTOR('',#1123,1.);
#812=VECTOR('',#1124,1.);
#813=VECTOR('',#1127,1.);
#814=VECTOR('',#1128,1.);
#815=VECTOR('',#1129,1.);
#816=VECTOR('',#1134,1.);
#817=VECTOR('',#1137,1.);
#818=VECTOR('',#1140,1.);
#819=VECTOR('',#1141,1.);
#820=VECTOR('',#1142,1.);
#821=VECTOR('',#1143,1.);
#822=VECTOR('',#1144,1.);
#823=VECTOR('',#1145,1.);
#824=VECTOR('',#1146,1.);
#825=VECTOR('',#1147,1.);
#826=EDGE_LOOP('',(#195,#196,#197,#198));
#827=EDGE_LOOP('',(#199,#200,#201,#202,#203,#204,#205));
#828=EDGE_LOOP('',(#206,#207,#208,#209,#210,#211));
#829=EDGE_LOOP('',(#212,#213,#214,#215));
#830=EDGE_LOOP('',(#216,#217,#218,#219,#220,#221,#222));
#831=EDGE_LOOP('',(#223,#224,#225,#226,#227,#228,#229,#230,#231));
#832=EDGE_LOOP('',(#232,#233,#234,#235));
#833=EDGE_LOOP('',(#236,#237,#238,#239,#240));
#834=EDGE_LOOP('',(#241,#242,#243,#244,#245,#246));
#835=EDGE_LOOP('',(#247,#248,#249,#250,#251,#252));
#836=EDGE_LOOP('',(#253,#254,#255,#256));
#837=EDGE_LOOP('',(#257,#258,#259,#260,#261,#262,#263,#264,#265));
#838=EDGE_LOOP('',(#266,#267,#268,#269,#270,#271,#272,#273,#274,#275,#276,
#277,#278,#279,#280,#281,#282,#283));
#839=EDGE_LOOP('',(#284,#285,#286));
#840=EDGE_LOOP('',(#287,#288,#289,#290,#291,#292));
#841=EDGE_LOOP('',(#293,#294,#295,#296,#297,#298,#299,#300,#301,#302,#303,
#304,#305));
#842=EDGE_LOOP('',(#306,#307,#308,#309));
#843=EDGE_LOOP('',(#310,#311));
#844=EDGE_LOOP('',(#312,#313,#314,#315));
#845=EDGE_LOOP('',(#316,#317,#318,#319));
#846=EDGE_LOOP('',(#320,#321,#322,#323));
#847=EDGE_LOOP('',(#324,#325,#326,#327,#328));
#848=EDGE_LOOP('',(#329,#330,#331,#332,#333,#334));
#849=EDGE_LOOP('',(#335,#336,#337,#338,#339,#340));
#850=EDGE_LOOP('',(#341,#342,#343,#344,#345,#346));
#851=EDGE_LOOP('',(#347,#348,#349,#350,#351));
#852=EDGE_LOOP('',(#352,#353,#354,#355,#356));
#853=EDGE_LOOP('',(#357,#358,#359,#360,#361));
#854=EDGE_LOOP('',(#362,#363,#364));
#855=EDGE_LOOP('',(#365,#366,#367,#368,#369));
#856=EDGE_LOOP('',(#370,#371,#372,#373));
#857=EDGE_LOOP('',(#374,#375,#376,#377));
#858=EDGE_LOOP('',(#378,#379,#380,#381));
#859=EDGE_LOOP('',(#382,#383,#384,#385));
#860=EDGE_LOOP('',(#386,#387,#388,#389,#390));
#861=EDGE_LOOP('',(#391,#392,#393,#394));
#862=EDGE_LOOP('',(#395,#396,#397,#398));
#863=EDGE_LOOP('',(#399,#400,#401,#402,#403,#404,#405,#406));
#864=EDGE_LOOP('',(#407,#408,#409,#410,#411,#412));
#865=EDGE_LOOP('',(#413,#414,#415,#416));
#866=EDGE_LOOP('',(#417,#418,#419,#420));
#867=EDGE_LOOP('',(#421,#422,#423,#424,#425));
#868=EDGE_LOOP('',(#426,#427,#428,#429));
#869=EDGE_LOOP('',(#430,#431,#432,#433));
#870=EDGE_LOOP('',(#434,#435,#436,#437,#438));
#871=EDGE_LOOP('',(#439,#440,#441,#442,#443));
#872=EDGE_LOOP('',(#444,#445,#446,#447));
#873=EDGE_LOOP('',(#448,#449,#450,#451));
#874=EDGE_LOOP('',(#452,#453,#454,#455));
#875=EDGE_LOOP('',(#456,#457,#458));
#876=EDGE_LOOP('',(#459,#460,#461,#462,#463));
#877=EDGE_LOOP('',(#464,#465,#466,#467));
#878=EDGE_LOOP('',(#468,#469,#470,#471));
#879=EDGE_LOOP('',(#472,#473,#474,#475));
#880=EDGE_LOOP('',(#476,#477,#478));
#881=EDGE_LOOP('',(#479,#480,#481));
#882=EDGE_LOOP('',(#482,#483,#484,#485));
#883=EDGE_LOOP('',(#486,#487,#488,#489));
#884=EDGE_LOOP('',(#490,#491,#492,#493,#494));
#885=EDGE_LOOP('',(#495,#496,#497));
#886=EDGE_LOOP('',(#498,#499,#500,#501));
#887=EDGE_LOOP('',(#502,#503,#504,#505));
#888=EDGE_LOOP('',(#506,#507,#508,#509,#510));
#889=FACE_BOUND('',#826,.T.);
#890=FACE_BOUND('',#827,.T.);
#891=FACE_BOUND('',#828,.T.);
#892=FACE_BOUND('',#829,.T.);
#893=FACE_BOUND('',#830,.T.);
#894=FACE_BOUND('',#831,.T.);
#895=FACE_BOUND('',#832,.T.);
#896=FACE_BOUND('',#833,.T.);
#897=FACE_BOUND('',#834,.T.);
#898=FACE_BOUND('',#835,.T.);
#899=FACE_BOUND('',#836,.T.);
#900=FACE_BOUND('',#837,.T.);
#901=FACE_BOUND('',#838,.T.);
#902=FACE_BOUND('',#839,.T.);
#903=FACE_BOUND('',#840,.T.);
#904=FACE_BOUND('',#841,.T.);
#905=FACE_BOUND('',#842,.T.);
#906=FACE_BOUND('',#843,.T.);
#907=FACE_BOUND('',#844,.T.);
#908=FACE_BOUND('',#845,.T.);
#909=FACE_BOUND('',#846,.T.);
#910=FACE_BOUND('',#847,.T.);
#911=FACE_BOUND('',#848,.T.);
#912=FACE_BOUND('',#849,.T.);
#913=FACE_BOUND('',#850,.T.);
#914=FACE_BOUND('',#851,.T.);
#915=FACE_BOUND('',#852,.T.);
#916=FACE_BOUND('',#853,.T.);
#917=FACE_BOUND('',#854,.T.);
#918=FACE_BOUND('',#855,.T.);
#919=FACE_BOUND('',#856,.T.);
#920=FACE_BOUND('',#857,.T.);
#921=FACE_BOUND('',#858,.T.);
#922=FACE_BOUND('',#859,.T.);
#923=FACE_BOUND('',#860,.T.);
#924=FACE_BOUND('',#861,.T.);
#925=FACE_BOUND('',#862,.T.);
#926=FACE_BOUND('',#863,.T.);
#927=FACE_BOUND('',#864,.T.);
#928=FACE_BOUND('',#865,.T.);
#929=FACE_BOUND('',#866,.T.);
#930=FACE_BOUND('',#867,.T.);
#931=FACE_BOUND('',#868,.T.);
#932=FACE_BOUND('',#869,.T.);
#933=FACE_BOUND('',#870,.T.);
#934=FACE_BOUND('',#871,.T.);
#935=FACE_BOUND('',#872,.T.);
#936=FACE_BOUND('',#873,.T.);
#937=FACE_BOUND('',#874,.T.);
#938=FACE_BOUND('',#875,.T.);
#939=FACE_BOUND('',#876,.T.);
#940=FACE_BOUND('',#877,.T.);
#941=FACE_BOUND('',#878,.T.);
#942=FACE_BOUND('',#879,.T.);
#943=FACE_BOUND('',#880,.T.);
#944=FACE_BOUND('',#881,.T.);
#945=FACE_BOUND('',#882,.T.);
#946=FACE_BOUND('',#883,.T.);
#947=FACE_BOUND('',#884,.T.);
#948=FACE_BOUND('',#885,.T.);
#949=FACE_BOUND('',#886,.T.);
#950=FACE_BOUND('',#887,.T.);
#951=FACE_BOUND('',#888,.T.);
#952=PLANE('',#1034);
#953=PLANE('',#1036);
#954=PLANE('',#1039);
#955=PLANE('',#1040);
#956=PLANE('',#1041);
#957=PLANE('',#1043);
#958=PLANE('',#1046);
#959=ADVANCED_FACE('',(#889),#952,.F.);
#960=ADVANCED_FACE('',(#890),#152,.T.);
#961=ADVANCED_FACE('',(#891),#153,.F.);
#962=ADVANCED_FACE('',(#892),#154,.F.);
#963=ADVANCED_FACE('',(#893),#155,.F.);
#964=ADVANCED_FACE('',(#894),#953,.F.);
#965=ADVANCED_FACE('',(#895),#156,.T.);
#966=ADVANCED_FACE('',(#896),#157,.T.);
#967=ADVANCED_FACE('',(#897),#954,.F.);
#968=ADVANCED_FACE('',(#898),#955,.F.);
#969=ADVANCED_FACE('',(#899),#956,.F.);
#970=ADVANCED_FACE('',(#900),#957,.T.);
#971=ADVANCED_FACE('',(#901),#158,.F.);
#972=ADVANCED_FACE('',(#902),#159,.F.);
#973=ADVANCED_FACE('',(#903),#160,.F.);
#974=ADVANCED_FACE('',(#904),#161,.F.);
#975=ADVANCED_FACE('',(#905),#162,.F.);
#976=ADVANCED_FACE('',(#906),#958,.T.);
#977=ADVANCED_FACE('',(#907,#908),#50,.F.);
#978=ADVANCED_FACE('',(#909),#21,.T.);
#979=ADVANCED_FACE('',(#910),#22,.T.);
#980=ADVANCED_FACE('',(#911),#23,.T.);
#981=ADVANCED_FACE('',(#912),#24,.T.);
#982=ADVANCED_FACE('',(#913),#25,.T.);
#983=ADVANCED_FACE('',(#914),#26,.T.);
#984=ADVANCED_FACE('',(#915),#27,.T.);
#985=ADVANCED_FACE('',(#916),#51,.T.);
#986=ADVANCED_FACE('',(#917),#20,.T.);
#987=ADVANCED_FACE('',(#918),#28,.T.);
#988=ADVANCED_FACE('',(#919),#29,.T.);
#989=ADVANCED_FACE('',(#920),#30,.T.);
#990=ADVANCED_FACE('',(#921),#31,.T.);
#991=ADVANCED_FACE('',(#922),#32,.T.);
#992=ADVANCED_FACE('',(#923),#33,.T.);
#993=ADVANCED_FACE('',(#924),#34,.T.);
#994=ADVANCED_FACE('',(#925),#35,.T.);
#995=ADVANCED_FACE('',(#926),#52,.T.);
#996=ADVANCED_FACE('',(#927),#53,.T.);
#997=ADVANCED_FACE('',(#928),#36,.T.);
#998=ADVANCED_FACE('',(#929),#54,.T.);
#999=ADVANCED_FACE('',(#930),#55,.T.);
#1000=ADVANCED_FACE('',(#931),#37,.T.);
#1001=ADVANCED_FACE('',(#932),#56,.T.);
#1002=ADVANCED_FACE('',(#933),#57,.T.);
#1003=ADVANCED_FACE('',(#934),#38,.T.);
#1004=ADVANCED_FACE('',(#935),#12,.T.);
#1005=ADVANCED_FACE('',(#936),#58,.T.);
#1006=ADVANCED_FACE('',(#937),#13,.T.);
#1007=ADVANCED_FACE('',(#938),#39,.T.);
#1008=ADVANCED_FACE('',(#939),#40,.T.);
#1009=ADVANCED_FACE('',(#940),#14,.T.);
#1010=ADVANCED_FACE('',(#941),#59,.T.);
#1011=ADVANCED_FACE('',(#942),#15,.T.);
#1012=ADVANCED_FACE('',(#943),#41,.T.);
#1013=ADVANCED_FACE('',(#944),#42,.T.);
#1014=ADVANCED_FACE('',(#945),#43,.T.);
#1015=ADVANCED_FACE('',(#946),#44,.T.);
#1016=ADVANCED_FACE('',(#947),#45,.T.);
#1017=ADVANCED_FACE('',(#948),#46,.T.);
#1018=ADVANCED_FACE('',(#949),#47,.T.);
#1019=ADVANCED_FACE('',(#950),#48,.T.);
#1020=ADVANCED_FACE('',(#951),#49,.T.);
#1021=CLOSED_SHELL('',(#959,#960,#961,#962,#963,#964,#965,#966,#967,#968,
#969,#970,#971,#972,#973,#974,#975,#976,#977,#978,#979,#980,#981,#982,#983,
#984,#985,#986,#987,#988,#989,#990,#991,#992,#993,#994,#995,#996,#997,#998,
#999,#1000,#1001,#1002,#1003,#1004,#1005,#1006,#1007,#1008,#1009,#1010,
#1011,#1012,#1013,#1014,#1015,#1016,#1017,#1018,#1019,#1020));
#1022=STYLED_ITEM('',(#1023),#1030);
#1023=PRESENTATION_STYLE_ASSIGNMENT((#1024));
#1024=SURFACE_STYLE_USAGE(.BOTH.,#1025);
#1025=SURFACE_SIDE_STYLE('',(#1026));
#1026=SURFACE_STYLE_FILL_AREA(#1027);
#1027=FILL_AREA_STYLE('',(#1028));
#1028=FILL_AREA_STYLE_COLOUR('',#1029);
#1029=COLOUR_RGB('',0.615686274509804,0.811764705882353,0.929411764705882);
#1030=MANIFOLD_SOLID_BREP('Part 1',#1021);
#1031=SHAPE_DEFINITION_REPRESENTATION(#3131,#1032);
#1032=SHAPE_REPRESENTATION('Part 1',(#1033),#3126);
#1033=AXIS2_PLACEMENT_3D('',#1240,#1092,#1093);
#1034=AXIS2_PLACEMENT_3D('',#1241,#1094,#1095);
#1035=AXIS2_PLACEMENT_3D('',#1249,#1099,#1100);
#1036=AXIS2_PLACEMENT_3D('',#1496,#1106,#1107);
#1037=AXIS2_PLACEMENT_3D('',#1524,#1109,#1110);
#1038=AXIS2_PLACEMENT_3D('',#1528,#1112,#1113);
#1039=AXIS2_PLACEMENT_3D('',#1609,#1116,#1117);
#1040=AXIS2_PLACEMENT_3D('',#1639,#1119,#1120);
#1041=AXIS2_PLACEMENT_3D('',#1660,#1125,#1126);
#1042=AXIS2_PLACEMENT_3D('',#1668,#1130,#1131);
#1043=AXIS2_PLACEMENT_3D('',#1669,#1132,#1133);
#1044=AXIS2_PLACEMENT_3D('',#1698,#1135,#1136);
#1045=AXIS2_PLACEMENT_3D('',#1702,#1138,#1139);
#1046=AXIS2_PLACEMENT_3D('',#2005,#1148,#1149);
#1047=AXIS2_PLACEMENT_3D('',#2006,#1150,#1151);
#1048=AXIS2_PLACEMENT_3D('',#2007,#1152,#1153);
#1049=AXIS2_PLACEMENT_3D('',#2380,#1154,#1155);
#1050=AXIS2_PLACEMENT_3D('',#2381,#1156,#1157);
#1051=AXIS2_PLACEMENT_3D('',#2382,#1158,#1159);
#1052=AXIS2_PLACEMENT_3D('',#2383,#1160,#1161);
#1053=AXIS2_PLACEMENT_3D('',#2384,#1162,#1163);
#1054=AXIS2_PLACEMENT_3D('',#2420,#1164,#1165);
#1055=AXIS2_PLACEMENT_3D('',#2439,#1166,#1167);
#1056=AXIS2_PLACEMENT_3D('',#2625,#1168,#1169);
#1057=AXIS2_PLACEMENT_3D('',#2626,#1170,#1171);
#1058=AXIS2_PLACEMENT_3D('',#2643,#1172,#1173);
#1059=AXIS2_PLACEMENT_3D('',#2644,#1174,#1175);
#1060=AXIS2_PLACEMENT_3D('',#2645,#1176,#1177);
#1061=AXIS2_PLACEMENT_3D('',#2646,#1178,#1179);
#1062=AXIS2_PLACEMENT_3D('',#2668,#1180,#1181);
#1063=AXIS2_PLACEMENT_3D('',#2669,#1182,#1183);
#1064=AXIS2_PLACEMENT_3D('',#2670,#1184,#1185);
#1065=AXIS2_PLACEMENT_3D('',#2671,#1186,#1187);
#1066=AXIS2_PLACEMENT_3D('',#2672,#1188,#1189);
#1067=AXIS2_PLACEMENT_3D('',#2679,#1190,#1191);
#1068=AXIS2_PLACEMENT_3D('',#2701,#1192,#1193);
#1069=AXIS2_PLACEMENT_3D('',#2702,#1194,#1195);
#1070=AXIS2_PLACEMENT_3D('',#2703,#1196,#1197);
#1071=AXIS2_PLACEMENT_3D('',#2704,#1198,#1199);
#1072=AXIS2_PLACEMENT_3D('',#2705,#1200,#1201);
#1073=AXIS2_PLACEMENT_3D('',#2706,#1202,#1203);
#1074=AXIS2_PLACEMENT_3D('',#2794,#1204,#1205);
#1075=AXIS2_PLACEMENT_3D('',#2795,#1206,#1207);
#1076=AXIS2_PLACEMENT_3D('',#2796,#1208,#1209);
#1077=AXIS2_PLACEMENT_3D('',#2797,#1210,#1211);
#1078=AXIS2_PLACEMENT_3D('',#2798,#1212,#1213);
#1079=AXIS2_PLACEMENT_3D('',#2799,#1214,#1215);
#1080=AXIS2_PLACEMENT_3D('',#2800,#1216,#1217);
#1081=AXIS2_PLACEMENT_3D('',#2909,#1218,#1219);
#1082=AXIS2_PLACEMENT_3D('',#2910,#1220,#1221);
#1083=AXIS2_PLACEMENT_3D('',#2911,#1222,#1223);
#1084=AXIS2_PLACEMENT_3D('',#2912,#1224,#1225);
#1085=AXIS2_PLACEMENT_3D('',#2913,#1226,#1227);
#1086=AXIS2_PLACEMENT_3D('',#2914,#1228,#1229);
#1087=AXIS2_PLACEMENT_3D('',#2915,#1230,#1231);
#1088=AXIS2_PLACEMENT_3D('',#2955,#1232,#1233);
#1089=AXIS2_PLACEMENT_3D('',#2974,#1234,#1235);
#1090=AXIS2_PLACEMENT_3D('',#3046,#1236,#1237);
#1091=AXIS2_PLACEMENT_3D('',#3065,#1238,#1239);
#1092=DIRECTION('',(0.,0.,1.));
#1093=DIRECTION('',(1.,0.,0.));
#1094=DIRECTION('',(1.,0.,0.));
#1095=DIRECTION('',(0.,0.,-1.));
#1096=DIRECTION('',(0.,-1.,0.));
#1097=DIRECTION('',(0.,0.,1.));
#1098=DIRECTION('',(0.,-1.,0.));
#1099=DIRECTION('',(-1.,0.,0.));
#1100=DIRECTION('',(0.,0.,1.));
#1101=DIRECTION('',(0.,0.,1.));
#1102=DIRECTION('',(0.,0.,1.));
#1103=DIRECTION('',(0.,0.,1.));
#1104=DIRECTION('',(0.,0.,1.));
#1105=DIRECTION('',(0.,0.,1.));
#1106=DIRECTION('',(0.,-1.,0.));
#1107=DIRECTION('',(0.,0.,-1.));
#1108=DIRECTION('',(1.,0.,0.));
#1109=DIRECTION('',(0.,-1.,0.));
#1110=DIRECTION('',(0.,0.,-1.));
#1111=DIRECTION('',(0.,0.,1.));
#1112=DIRECTION('',(0.,-1.,0.));
#1113=DIRECTION('',(0.,0.,-1.));
#1114=DIRECTION('',(0.,0.,1.));
#1115=DIRECTION('',(0.,0.,1.));
#1116=DIRECTION('',(0.,0.,1.));
#1117=DIRECTION('',(1.,0.,0.));
#1118=DIRECTION('',(-1.95370236103934E-16,-1.,0.));
#1119=DIRECTION('',(0.,0.,1.));
#1120=DIRECTION('',(1.,0.,0.));
#1121=DIRECTION('',(1.,-1.95370236103934E-16,0.));
#1122=DIRECTION('',(-1.95370236103934E-16,-1.,0.));
#1123=DIRECTION('',(1.,0.,0.));
#1124=DIRECTION('',(-1.95370236103934E-16,-1.,0.));
#1125=DIRECTION('',(1.,0.,0.));
#1126=DIRECTION('',(0.,0.,-1.));
#1127=DIRECTION('',(0.,-1.,0.));
#1128=DIRECTION('',(0.,0.,1.));
#1129=DIRECTION('',(0.,-1.,0.));
#1130=DIRECTION('',(-1.,0.,0.));
#1131=DIRECTION('',(0.,0.,1.));
#1132=DIRECTION('',(-1.95370236103934E-16,-1.,0.));
#1133=DIRECTION('',(1.,-1.95370236103934E-16,0.));
#1134=DIRECTION('',(1.,-1.95370236103934E-16,0.));
#1135=DIRECTION('',(-1.95370236103934E-16,-1.,0.));
#1136=DIRECTION('',(1.,-1.95370236103934E-16,0.));
#1137=DIRECTION('',(0.,0.,1.));
#1138=DIRECTION('',(-1.95370236103934E-16,-1.,0.));
#1139=DIRECTION('',(1.,-1.95370236103934E-16,0.));
#1140=DIRECTION('',(-1.95370236103934E-16,-1.,0.));
#1141=DIRECTION('',(-1.95370236103934E-16,-1.,0.));
#1142=DIRECTION('',(-1.95370236103934E-16,-1.,0.));
#1143=DIRECTION('',(-1.95370236103934E-16,-1.,0.));
#1144=DIRECTION('',(-1.95370236103934E-16,-1.,0.));
#1145=DIRECTION('',(-1.95370236103934E-16,-1.,0.));
#1146=DIRECTION('',(-1.95370236103934E-16,-1.,0.));
#1147=DIRECTION('',(-1.95370236103934E-16,-1.,0.));
#1148=DIRECTION('',(-1.,0.,0.));
#1149=DIRECTION('',(0.,-1.,0.));
#1150=DIRECTION('',(-1.,0.,0.));
#1151=DIRECTION('',(0.,0.,1.));
#1152=DIRECTION('',(-1.,0.,0.));
#1153=DIRECTION('',(0.,0.,1.));
#1154=DIRECTION('',(0.959460426885397,-0.206560465596766,-0.191751045090607));
#1155=DIRECTION('',(0.210465956421586,0.977601187186036,0.));
#1156=DIRECTION('',(0.,0.,1.));
#1157=DIRECTION('',(1.,0.,0.));
#1158=DIRECTION('',(0.,0.,-1.));
#1159=DIRECTION('',(-1.,0.,0.));
#1160=DIRECTION('',(-0.195977528345352,-2.43020644436382E-12,-0.980608386861772));
#1161=DIRECTION('',(-0.980608386861772,0.,0.195977528345352));
#1162=DIRECTION('',(-0.961288461558153,0.197524147729299,0.192116383317437));
#1163=DIRECTION('',(-0.201273439323366,-0.979535095146133,0.));
#1164=DIRECTION('',(0.982303608640178,0.187295543066257,1.86362027568095E-14));
#1165=DIRECTION('',(-0.187295543066257,0.982303608640178,0.));
#1166=DIRECTION('',(0.982303608640774,-0.187295543063129,0.));
#1167=DIRECTION('',(0.187295543063129,0.982303608640774,0.));
#1168=DIRECTION('',(-1.95370236103934E-16,-1.,0.));
#1169=DIRECTION('',(1.,-1.95370236103934E-16,0.));
#1170=DIRECTION('',(0.,-1.,0.));
#1171=DIRECTION('',(0.,0.,-1.));
#1172=DIRECTION('',(-1.95370236103934E-16,-1.,0.));
#1173=DIRECTION('',(1.,-1.95370236103934E-16,0.));
#1174=DIRECTION('',(-1.95370236103934E-16,-1.,0.));
#1175=DIRECTION('',(1.,-1.95370236103934E-16,0.));
#1176=DIRECTION('',(0.,-1.,0.));
#1177=DIRECTION('',(0.,0.,-1.));
#1178=DIRECTION('',(-1.95370236103934E-16,-1.,0.));
#1179=DIRECTION('',(1.,-1.95370236103934E-16,0.));
#1180=DIRECTION('',(1.,0.,0.));
#1181=DIRECTION('',(0.,0.,-1.));
#1182=DIRECTION('',(0.,-1.,0.));
#1183=DIRECTION('',(0.,0.,-1.));
#1184=DIRECTION('',(-1.95370236103934E-16,-1.,0.));
#1185=DIRECTION('',(1.,-1.95370236103934E-16,0.));
#1186=DIRECTION('',(0.,-1.,0.));
#1187=DIRECTION('',(0.,0.,-1.));
#1188=DIRECTION('',(1.,0.,0.));
#1189=DIRECTION('',(0.,0.,-1.));
#1190=DIRECTION('',(-0.973323066778954,0.229438897478202,0.));
#1191=DIRECTION('',(-0.229438897478202,-0.973323066778954,0.));
#1192=DIRECTION('',(1.,0.,0.));
#1193=DIRECTION('',(0.,0.,-1.));
#1194=DIRECTION('',(-1.95370236103934E-16,-1.,0.));
#1195=DIRECTION('',(1.,-1.95370236103934E-16,0.));
#1196=DIRECTION('',(-0.229438897478198,0.973323066778954,0.));
#1197=DIRECTION('',(-0.973323066778954,-0.229438897478198,0.));
#1198=DIRECTION('',(0.229438897478198,0.973323066778954,0.));
#1199=DIRECTION('',(-0.973323066778954,0.229438897478198,0.));
#1200=DIRECTION('',(-1.,1.95370236103934E-16,0.));
#1201=DIRECTION('',(-1.95370236103934E-16,-1.,0.));
#1202=DIRECTION('',(0.973323066778953,0.229438897478202,0.));
#1203=DIRECTION('',(-0.229438897478202,0.973323066778954,0.));
#1204=DIRECTION('',(-0.999980238038297,9.7544903695871E-15,0.00628677444086012));
#1205=DIRECTION('',(0.00628677444086012,0.,0.999980238038297));
#1206=DIRECTION('',(0.,-1.,0.));
#1207=DIRECTION('',(0.,0.,-1.));
#1208=DIRECTION('',(0.,0.,-1.));
#1209=DIRECTION('',(-1.,0.,0.));
#1210=DIRECTION('',(0.,0.,1.));
#1211=DIRECTION('',(1.,0.,0.));
#1212=DIRECTION('',(0.,-1.21957499717155E-15,-1.));
#1213=DIRECTION('',(0.,1.,-1.21957499717155E-15));
#1214=DIRECTION('',(0.,-1.,0.));
#1215=DIRECTION('',(0.,0.,-1.));
#1216=DIRECTION('',(0.0501747760606771,0.,-0.998740452693922));
#1217=DIRECTION('',(-0.998740452693922,0.,-0.0501747760606771));
#1218=DIRECTION('',(-0.999980238038297,0.,0.00628677444086011));
#1219=DIRECTION('',(0.00628677444086011,0.,0.999980238038297));
#1220=DIRECTION('',(-1.95370236103934E-16,-1.,0.));
#1221=DIRECTION('',(1.,-1.95370236103934E-16,0.));
#1222=DIRECTION('',(0.,0.,-1.));
#1223=DIRECTION('',(-1.,0.,0.));
#1224=DIRECTION('',(0.,0.,-1.));
#1225=DIRECTION('',(-1.,0.,0.));
#1226=DIRECTION('',(-1.21957499717154E-15,0.,-1.));
#1227=DIRECTION('',(-1.,0.,1.21957499717154E-15));
#1228=DIRECTION('',(-1.95370236103934E-16,-1.,0.));
#1229=DIRECTION('',(1.,-1.95370236103934E-16,0.));
#1230=DIRECTION('',(0.0501747760606759,0.,-0.998740452693922));
#1231=DIRECTION('',(-0.998740452693922,0.,-0.0501747760606759));
#1232=DIRECTION('',(0.692813919706982,-0.692813919707201,0.200044358381314));
#1233=DIRECTION('',(0.707106781186659,0.707106781186436,0.));
#1234=DIRECTION('',(0.962339778615998,0.,0.271849499711351));
#1235=DIRECTION('',(0.271849499711351,0.,-0.962339778615998));
#1236=DIRECTION('',(0.692813919706782,0.692813919707421,0.200044358381245));
#1237=DIRECTION('',(-0.707106781186873,0.707106781186222,0.));
#1238=DIRECTION('',(0.962339778615994,-1.75264399562361E-14,0.271849499711366));
#1239=DIRECTION('',(0.271849499711366,0.,-0.962339778615994));
#1240=CARTESIAN_POINT('',(0.,0.,0.));
#1241=CARTESIAN_POINT('',(-0.1016,-3.46944695195361E-18,0.0381));
#1242=CARTESIAN_POINT('',(-0.1016,-3.46944695195361E-18,-0.000328071438065132));
#1243=CARTESIAN_POINT('',(-0.1016,0.0056169466268269,-0.000328071438065132));
#1244=CARTESIAN_POINT('',(-0.1016,0.012390702617837,-0.000328071438065132));
#1245=CARTESIAN_POINT('',(-0.1016,0.012390702617837,0.0381));
#1246=CARTESIAN_POINT('',(-0.1016,0.012390702617837,-0.0153487668401606));
#1247=CARTESIAN_POINT('',(-0.1016,-3.46944695195361E-18,-0.0153487668401606));
#1248=CARTESIAN_POINT('',(-0.1016,0.00608474404576318,-0.0153487668401606));
#1249=CARTESIAN_POINT('',(-0.1016,1.45595341338733E-14,-0.00802063509341057));
#1250=CARTESIAN_POINT('',(-0.0610368643856267,-0.0130459729289031,-0.0330596201240588));
#1251=CARTESIAN_POINT('',(-0.0610368643856267,-0.0130459729289031,-0.00235705591227828));
#1252=CARTESIAN_POINT('',(-0.0604356952003149,-0.0131646224840124,-0.0330596201240588));
#1253=CARTESIAN_POINT('',(-0.0604356952003149,-0.0131646224840124,-0.00235705591227828));
#1254=CARTESIAN_POINT('',(-0.0595340626991424,-0.0133429881400106,-0.0330596201240588));
#1255=CARTESIAN_POINT('',(-0.0595340626991424,-0.0133429881400106,-0.00235705591227827));
#1256=CARTESIAN_POINT('',(-0.0583314009237313,-0.0135792437213381,-0.0330596201240588));
#1257=CARTESIAN_POINT('',(-0.0583314009237313,-0.0135792437213381,-0.00235705591227826));
#1258=CARTESIAN_POINT('',(-0.0574306173601257,-0.0137603486406756,-0.0330596201240588));
#1259=CARTESIAN_POINT('',(-0.0574306173601257,-0.0137603486406756,-0.00235705591227827));
#1260=CARTESIAN_POINT('',(-0.0565252252782997,-0.0139265832733143,-0.0330596201240588));
#1261=CARTESIAN_POINT('',(-0.0565252252782997,-0.0139265832733143,-0.00235705591227827));
#1262=CARTESIAN_POINT('',(-0.0552143856406997,-0.0138137817937243,-0.0330596201240588));
#1263=CARTESIAN_POINT('',(-0.0552143856406997,-0.0138137817937243,-0.00235705591227826));
#1264=CARTESIAN_POINT('',(-0.0534145653484127,-0.0131524082968144,-0.0330596201240588));
#1265=CARTESIAN_POINT('',(-0.0534145653484127,-0.0131524082968144,-0.00235705591227828));
#1266=CARTESIAN_POINT('',(-0.050986469295684,-0.0114929998404351,-0.0330596201240588));
#1267=CARTESIAN_POINT('',(-0.050986469295684,-0.0114929998404351,-0.00235705591227827));
#1268=CARTESIAN_POINT('',(-0.0487414708386177,-0.00939517179877616,-0.0330596201240588));
#1269=CARTESIAN_POINT('',(-0.0487414708386177,-0.00939517179877616,-0.00235705591227828));
#1270=CARTESIAN_POINT('',(-0.0468128410673852,-0.00728894944779732,-0.0330596201240588));
#1271=CARTESIAN_POINT('',(-0.0468128410673852,-0.00728894944779732,-0.00235705591227826));
#1272=CARTESIAN_POINT('',(-0.0452982695175197,-0.00548954720813521,-0.0330596201240588));
#1273=CARTESIAN_POINT('',(-0.0452982695175197,-0.00548954720813521,-0.00235705591227828));
#1274=CARTESIAN_POINT('',(-0.043723114832172,-0.0034946616155517,-0.0330596201240588));
#1275=CARTESIAN_POINT('',(-0.043723114832172,-0.0034946616155517,-0.00235705591227827));
#1276=CARTESIAN_POINT('',(-0.0426814172787406,-0.00219186010558009,-0.0330596201240588));
#1277=CARTESIAN_POINT('',(-0.0426814172787406,-0.00219186010558009,-0.00235705591227827));
#1278=CARTESIAN_POINT('',(-0.0421595178057581,-0.00153706907329211,-0.0330596201240588));
#1279=CARTESIAN_POINT('',(-0.0421595178057581,-0.00153706907329211,-0.00235705591227827));
#1280=CARTESIAN_POINT('',(-0.05715,-0.013813102617837,-0.063246));
#1281=CARTESIAN_POINT('',(-0.05715,-0.013813102617837,-0.0328775891109455));
#1282=CARTESIAN_POINT('',(-0.05715,-0.013813102617837,-0.00796152586958046));
#1283=CARTESIAN_POINT('',(-0.05715,-0.013813102617837,-0.0328775891109455));
#1284=CARTESIAN_POINT('',(-0.056501437928287,-0.0139411005252196,-0.0328227009722788));
#1285=CARTESIAN_POINT('',(-0.055155684474724,-0.0138385531968465,-0.0327117444940468));
#1286=CARTESIAN_POINT('',(-0.0533360071041091,-0.0130547771193811,-0.0325703178804845));
#1287=CARTESIAN_POINT('',(-0.0516864907449797,-0.011973411696774,-0.0324587524980802));
#1288=CARTESIAN_POINT('',(-0.0496559434432852,-0.0102994276619634,-0.0323439119209816));
#1289=CARTESIAN_POINT('',(-0.0473477770545147,-0.00794023583359517,-0.0322538607090784));
#1290=CARTESIAN_POINT('',(-0.0456683356744164,-0.00593933897120373,-0.0322245856916317));
#1291=CARTESIAN_POINT('',(-0.0448414348065853,-0.00490188412368298,-0.0322184107793712));
#1292=CARTESIAN_POINT('',(-0.0448414317260652,-0.00490188025876824,-0.0322184107563592));
#1293=CARTESIAN_POINT('',(-0.0448414317260652,-0.00490188025876823,-0.0322184107563591));
#1294=CARTESIAN_POINT('',(-0.0448414337793536,-0.00490188283488668,-0.0322177616248498));
#1295=CARTESIAN_POINT('',(-0.0448414348065853,-0.00490188412368298,-0.0322171123622819));
#1296=CARTESIAN_POINT('',(-0.0448414348065853,-0.00490188412368298,-0.0322164629685053));
#1297=CARTESIAN_POINT('',(-0.0448414348065853,-0.00490188412368298,-0.0322164629685053));
#1298=CARTESIAN_POINT('',(-0.0448414348065853,-0.00490188412368298,-0.063246));
#1299=CARTESIAN_POINT('',(-0.0448414348065853,-0.00490188412368298,-0.016214849905123));
#1300=CARTESIAN_POINT('',(-0.0448414348065853,-0.00490188412368298,-0.016214849905123));
#1301=CARTESIAN_POINT('',(-0.0448414348065853,-0.00490188412368298,-0.0160074843651272));
#1302=CARTESIAN_POINT('',(-0.0447863943017545,-0.00483282862383761,-0.0155939077567705));
#1303=CARTESIAN_POINT('',(-0.0445143118326545,-0.00449146564105602,-0.0151304114397036));
#1304=CARTESIAN_POINT('',(-0.044159266184996,-0.00404601451842661,-0.0148792864169676));
#1305=CARTESIAN_POINT('',(-0.0436558305299917,-0.00341438875657816,-0.014721654615353));
#1306=CARTESIAN_POINT('',(-0.0430153693259523,-0.0026108465522972,-0.0147460580648228));
#1307=CARTESIAN_POINT('',(-0.0425155856602526,-0.00198380268786481,-0.0149009064924362));
#1308=CARTESIAN_POINT('',(-0.0422686777495277,-0.00167402447555941,-0.0150068656459566));
#1309=CARTESIAN_POINT('',(-0.0422686777495278,-0.00167402447555954,-0.0150068656459565));
#1310=CARTESIAN_POINT('',(-0.0609511873051644,-0.0130628825572212,-0.00253908692539161));
#1311=CARTESIAN_POINT('',(-0.0601445463505759,-0.0132220849793235,-0.00334650493465622));
#1312=CARTESIAN_POINT('',(-0.0591059336972529,-0.0134301008460981,-0.0043232713510349));
#1313=CARTESIAN_POINT('',(-0.0578171698126982,-0.0136790025286122,-0.00544486203994699));
#1314=CARTESIAN_POINT('',(-0.0571639885066875,-0.0138197361075984,-0.00599589263039559));
#1315=CARTESIAN_POINT('',(-0.0565029741283729,-0.0139056496980595,-0.00653642486620794));
#1316=CARTESIAN_POINT('',(-0.0556081482224647,-0.0138558752320025,-0.00724568027437061));
#1317=CARTESIAN_POINT('',(-0.0544881964393177,-0.0135635871396902,-0.00809181909538962));
#1318=CARTESIAN_POINT('',(-0.0527848675248154,-0.0127531867137741,-0.00930402456569795));
#1319=CARTESIAN_POINT('',(-0.05073474406363,-0.0112652196698561,-0.010640689780038));
#1320=CARTESIAN_POINT('',(-0.048487943685008,-0.00913917913753786,-0.0119621585882944));
#1321=CARTESIAN_POINT('',(-0.0456271094131852,-0.00597446655104984,-0.0134928127679668));
#1322=CARTESIAN_POINT('',(-0.0436315396728959,-0.00338391270473998,-0.0144220010487048));
#1323=CARTESIAN_POINT('',(-0.0422686777495279,-0.00167402447555953,-0.0150068656459565));
#1324=CARTESIAN_POINT('',(-0.0609511873051644,-0.0130628825572212,-0.00253908692539161));
#1325=CARTESIAN_POINT('',(-0.0609511873051644,-0.0130628825572212,-0.00253908692539161));
#1326=CARTESIAN_POINT('',(-0.0605802991395398,-0.0131360827759314,-0.00295258490680703));
#1327=CARTESIAN_POINT('',(-0.0598500206071657,-0.013280213954124,-0.00378947819152064));
#1328=CARTESIAN_POINT('',(-0.0589726756862399,-0.0134533708408851,-0.00486816181289326));
#1329=CARTESIAN_POINT('',(-0.0583059495898409,-0.013584959013816,-0.00575844557579749));
#1330=CARTESIAN_POINT('',(-0.0578320812888289,-0.0136784838724901,-0.00644627462035438));
#1331=CARTESIAN_POINT('',(-0.0574695275526878,-0.0137500391693139,-0.00704307132182413));
#1332=CARTESIAN_POINT('',(-0.0572356298637307,-0.0137962023084334,-0.00754888279101658));
#1333=CARTESIAN_POINT('',(-0.05715,-0.013813102617837,-0.00781974434911691));
#1334=CARTESIAN_POINT('',(-0.05715,-0.013813102617837,-0.00796152586958046));
#1335=CARTESIAN_POINT('',(-0.0224234797060489,0.00372199132107198,-0.0373380000000062));
#1336=CARTESIAN_POINT('',(-0.0224234797060489,0.00372199132107198,-0.023129877957742));
#1337=CARTESIAN_POINT('',(-0.0138402556754009,0.00548667810409176,-0.0373380000000062));
#1338=CARTESIAN_POINT('',(-0.0138402556754009,0.00548667810409176,-0.023129877957742));
#1339=CARTESIAN_POINT('',(-0.000222192208052912,0.00458054596977761,-0.0373380000000062));
#1340=CARTESIAN_POINT('',(-0.000222192208052912,0.00458054596977761,-0.023129877957742));
#1341=CARTESIAN_POINT('',(0.0184307106959949,0.00100359491812953,-0.0373380000000062));
#1342=CARTESIAN_POINT('',(0.0184307106959949,0.00100359491812953,-0.023129877957742));
#1343=CARTESIAN_POINT('',(-0.00484915542978265,0.00430094703300308,-0.0245552549445629));
#1344=CARTESIAN_POINT('',(-0.00456518304010938,0.00427990378175155,-0.0245552549445629));
#1345=CARTESIAN_POINT('',(-0.00401261619133986,0.00423702942348983,-0.0246896427596643));
#1346=CARTESIAN_POINT('',(-0.00295953453323097,0.00414884511930873,-0.0250127732323315));
#1347=CARTESIAN_POINT('',(-0.00168351545069367,0.00403098235303703,-0.0255316611243869));
#1348=CARTESIAN_POINT('',(-0.00018772826154937,0.00387745758395455,-0.0262242323264381));
#1349=CARTESIAN_POINT('',(0.00177638807646201,0.00365733161692028,-0.0272183745607609));
#1350=CARTESIAN_POINT('',(0.00418960602972024,0.00335516100121876,-0.0285484275104206));
#1351=CARTESIAN_POINT('',(0.00703166997859456,0.00295636542659185,-0.0302219461764742));
#1352=CARTESIAN_POINT('',(0.00983849055001403,0.00252504670612027,-0.0319505167780261));
#1353=CARTESIAN_POINT('',(0.0135401895014782,0.00191196220660367,-0.0343064096015645));
#1354=CARTESIAN_POINT('',(0.016281057475684,0.0014136512437236,-0.0361177147224461));
#1355=CARTESIAN_POINT('',(0.0180974982383431,0.00106731101235568,-0.0373380000000062));
#1356=CARTESIAN_POINT('',(-0.00484915542978265,0.00430094703300308,-0.0245552549445629));
#1357=CARTESIAN_POINT('',(0.0180974982383431,0.00106731101235568,-0.0373380000000062));
#1358=CARTESIAN_POINT('',(0.0180974982383486,0.00106731101235462,-0.037338));
#1359=CARTESIAN_POINT('',(0.0128916990163959,0.00205989923435437,-0.037338));
#1360=CARTESIAN_POINT('',(0.00243847700166839,0.00378754359075291,-0.037338));
#1361=CARTESIAN_POINT('',(-0.00814577705078076,0.00466946268587206,-0.037338));
#1362=CARTESIAN_POINT('',(-0.0134480235913404,0.00458748622786055,-0.037338));
#1363=CARTESIAN_POINT('',(-0.0134480235913404,0.00458748622786055,-0.037338));
#1364=CARTESIAN_POINT('',(-0.0134480235913404,0.00458748622786056,-0.037338));
#1365=CARTESIAN_POINT('',(-0.0140354575019092,0.00457840408674624,-0.0371708837823105));
#1366=CARTESIAN_POINT('',(-0.0146235718309452,0.00456224929615119,-0.0370085249572189));
#1367=CARTESIAN_POINT('',(-0.01521229096167,0.00453791784869943,-0.0368509506862886));
#1368=CARTESIAN_POINT('',(-0.01521229096167,0.00453791784869943,-0.0368509506862886));
#1369=CARTESIAN_POINT('',(-0.0152122909616703,0.00453791784870351,-0.0368509506862885));
#1370=CARTESIAN_POINT('',(-0.0158291917994907,0.00451242166633908,-0.0366858334093347));
#1371=CARTESIAN_POINT('',(-0.0167474765085235,0.00446106577182639,-0.0364148096597847));
#1372=CARTESIAN_POINT('',(-0.0179609786861322,0.00436272294385239,-0.0360266439796859));
#1373=CARTESIAN_POINT('',(-0.0188663426944187,0.00427284089642951,-0.0357246519234974));
#1374=CARTESIAN_POINT('',(-0.0196168453995796,0.00418343634700054,-0.0354661473071502));
#1375=CARTESIAN_POINT('',(-0.0202150165955276,0.00410243567993302,-0.035256204441706));
#1376=CARTESIAN_POINT('',(-0.0206624562650635,0.00403673970375373,-0.0350974257777854));
#1377=CARTESIAN_POINT('',(-0.0211086628053354,0.00396588072069898,-0.0349374347419775));
#1378=CARTESIAN_POINT('',(-0.0214795744706706,0.00390229599857193,-0.0348031966964424));
#1379=CARTESIAN_POINT('',(-0.0217751000992408,0.0038487034219703,-0.0346947822882193));
#1380=CARTESIAN_POINT('',(-0.0219972082231989,0.0038068909199105,-0.0346129408806962));
#1381=CARTESIAN_POINT('',(-0.0221782686795148,0.00377157732589693,-0.0345423413751435));
#1382=CARTESIAN_POINT('',(-0.0223102418833872,0.00374508535036132,-0.0344919575998348));
#1383=CARTESIAN_POINT('',(-0.0223742024747976,0.00373210594755221,-0.0344568356289934));
#1384=CARTESIAN_POINT('',(-0.022423479706049,0.00372199132107198,-0.034441647077545));
#1385=CARTESIAN_POINT('',(-0.0224234797060489,0.00372199132107198,-0.0344214223767268));
#1386=CARTESIAN_POINT('',(-0.0224234797060489,0.00372199132107198,-0.0344214223767268));
#1387=CARTESIAN_POINT('',(-0.0224234797060489,0.00372199132107198,-0.063246));
#1388=CARTESIAN_POINT('',(-0.0224234797060489,0.00372199132107198,-0.0232159800797874));
#1389=CARTESIAN_POINT('',(-0.022423252136399,0.00372203810788526,-0.0232146182482525));
#1390=CARTESIAN_POINT('',(-0.0195495877144978,0.00431283352108582,-0.023612279546673));
#1391=CARTESIAN_POINT('',(-0.0136933543316516,0.00475096847690252,-0.024247160023382));
#1392=CARTESIAN_POINT('',(-0.00779384346449154,0.00451915771976476,-0.0245069669686311));
#1393=CARTESIAN_POINT('',(-0.00484915542978265,0.00430094703300308,-0.0245552549445629));
#1394=CARTESIAN_POINT('',(-0.0448414348065853,0.00490188412368298,-0.0345306618115565));
#1395=CARTESIAN_POINT('',(-0.0448414348065853,0.00490188412368298,-0.0161056104702934));
#1396=CARTESIAN_POINT('',(-0.0382017406324546,0.00232663253943125,-0.0345306618115565));
#1397=CARTESIAN_POINT('',(-0.0382017406324546,0.00232663253943125,-0.0161056104702934));
#1398=CARTESIAN_POINT('',(-0.0307290889322758,0.00193333493856092,-0.0345306618115565));
#1399=CARTESIAN_POINT('',(-0.0307290889322758,0.00193333493856092,-0.0161056104702934));
#1400=CARTESIAN_POINT('',(-0.0224234797060489,0.00372199132107198,-0.0345306618115565));
#1401=CARTESIAN_POINT('',(-0.0224234797060489,0.00372199132107198,-0.0161056104702934));
#1402=CARTESIAN_POINT('',(-0.0224234797060489,0.00372199132107198,-0.0344214223767268));
#1403=CARTESIAN_POINT('',(-0.0260933839556867,0.00293165824850325,-0.0336777558717377));
#1404=CARTESIAN_POINT('',(-0.0336332844781569,0.00207254477993181,-0.0325313716343183));
#1405=CARTESIAN_POINT('',(-0.0412734543481389,0.00351801807696161,-0.0321993267310789));
#1406=CARTESIAN_POINT('',(-0.0448414348065853,0.00490188412368298,-0.0322164629685053));
#1407=CARTESIAN_POINT('',(-0.0448414348065853,0.00490188412368298,-0.0322164629685053));
#1408=CARTESIAN_POINT('',(-0.0448414348065853,0.00490188412368298,-0.063246));
#1409=CARTESIAN_POINT('',(-0.0448414348065853,0.00490188412368298,-0.016214849905123));
#1410=CARTESIAN_POINT('',(-0.0448414348065853,0.00490188412368298,-0.0162148499051231));
#1411=CARTESIAN_POINT('',(-0.0414898741596064,0.00360195800668253,-0.0179357264675962));
#1412=CARTESIAN_POINT('',(-0.0341069956376005,0.00207880739283807,-0.0209047076965116));
#1413=CARTESIAN_POINT('',(-0.026282095435856,0.00289103736357721,-0.0226118733092601));
#1414=CARTESIAN_POINT('',(-0.0224237357402327,0.00372193618340588,-0.0232180375602561));
#1415=CARTESIAN_POINT('',(-0.0610368643856268,0.0130459729289031,-0.0330596201240588));
#1416=CARTESIAN_POINT('',(-0.0610368643856268,0.0130459729289031,-0.00235705591227817));
#1417=CARTESIAN_POINT('',(-0.0604356952003149,0.0131646224840124,-0.0330596201240588));
#1418=CARTESIAN_POINT('',(-0.0604356952003149,0.0131646224840124,-0.00235705591227817));
#1419=CARTESIAN_POINT('',(-0.0595340626991425,0.0133429881400106,-0.0330596201240588));
#1420=CARTESIAN_POINT('',(-0.0595340626991425,0.0133429881400106,-0.00235705591227817));
#1421=CARTESIAN_POINT('',(-0.0583314009237313,0.0135792437213382,-0.0330596201240588));
#1422=CARTESIAN_POINT('',(-0.0583314009237313,0.0135792437213382,-0.00235705591227818));
#1423=CARTESIAN_POINT('',(-0.0574306173601257,0.0137603486406756,-0.0330596201240588));
#1424=CARTESIAN_POINT('',(-0.0574306173601257,0.0137603486406756,-0.00235705591227818));
#1425=CARTESIAN_POINT('',(-0.0565252252782998,0.0139265832733143,-0.0330596201240588));
#1426=CARTESIAN_POINT('',(-0.0565252252782998,0.0139265832733143,-0.00235705591227817));
#1427=CARTESIAN_POINT('',(-0.0552143856406998,0.0138137817937243,-0.0330596201240588));
#1428=CARTESIAN_POINT('',(-0.0552143856406998,0.0138137817937243,-0.00235705591227819));
#1429=CARTESIAN_POINT('',(-0.0534145653484127,0.0131524082968144,-0.0330596201240588));
#1430=CARTESIAN_POINT('',(-0.0534145653484127,0.0131524082968144,-0.00235705591227817));
#1431=CARTESIAN_POINT('',(-0.050986469295684,0.0114929998404351,-0.0330596201240588));
#1432=CARTESIAN_POINT('',(-0.050986469295684,0.0114929998404351,-0.00235705591227818));
#1433=CARTESIAN_POINT('',(-0.0487414708386177,0.00939517179877615,-0.0330596201240588));
#1434=CARTESIAN_POINT('',(-0.0487414708386177,0.00939517179877615,-0.00235705591227817));
#1435=CARTESIAN_POINT('',(-0.0468128410673852,0.00728894944779728,-0.0330596201240588));
#1436=CARTESIAN_POINT('',(-0.0468128410673852,0.00728894944779728,-0.00235705591227818));
#1437=CARTESIAN_POINT('',(-0.0452982695175196,0.00548954720813512,-0.0330596201240588));
#1438=CARTESIAN_POINT('',(-0.0452982695175196,0.00548954720813512,-0.00235705591227817));
#1439=CARTESIAN_POINT('',(-0.043723114832172,0.00349466161555166,-0.0330596201240588));
#1440=CARTESIAN_POINT('',(-0.043723114832172,0.00349466161555166,-0.00235705591227819));
#1441=CARTESIAN_POINT('',(-0.0426814172787405,0.00219186010558004,-0.0330596201240588));
#1442=CARTESIAN_POINT('',(-0.0426814172787405,0.00219186010558004,-0.00235705591227817));
#1443=CARTESIAN_POINT('',(-0.0421595178057581,0.00153706907329206,-0.0330596201240588));
#1444=CARTESIAN_POINT('',(-0.0421595178057581,0.00153706907329206,-0.00235705591227817));
#1445=CARTESIAN_POINT('',(-0.0448414348065853,0.00490188412368298,-0.0322164629685053));
#1446=CARTESIAN_POINT('',(-0.0448414348065853,0.00490188412368298,-0.0322171125249328));
#1447=CARTESIAN_POINT('',(-0.0448414337788398,0.00490188283424201,-0.0322177617872944));
#1448=CARTESIAN_POINT('',(-0.0448414317260651,0.0049018802587682,-0.0322184107563673));
#1449=CARTESIAN_POINT('',(-0.0448414317260652,0.0049018802587682,-0.0322184107563673));
#1450=CARTESIAN_POINT('',(-0.0448414348065853,0.00490188412368298,-0.0322184107793712));
#1451=CARTESIAN_POINT('',(-0.0456605387244424,0.00592955693749106,-0.0322244671796657));
#1452=CARTESIAN_POINT('',(-0.0473521538234191,0.00794741654009754,-0.032253930943081));
#1453=CARTESIAN_POINT('',(-0.0501183860194484,0.0107656920750358,-0.0323619814541777));
#1454=CARTESIAN_POINT('',(-0.0527332412757756,0.012792730871923,-0.0325234181550066));
#1455=CARTESIAN_POINT('',(-0.0551599590925173,0.0138410399650602,-0.0327120905775603));
#1456=CARTESIAN_POINT('',(-0.0565075543335752,0.0139398986918303,-0.0328232186092276));
#1457=CARTESIAN_POINT('',(-0.05715,0.013813102617837,-0.0328775891109455));
#1458=CARTESIAN_POINT('',(-0.05715,0.013813102617837,-0.0328775891109455));
#1459=CARTESIAN_POINT('',(-0.05715,0.013813102617837,-0.063246));
#1460=CARTESIAN_POINT('',(-0.05715,0.013813102617837,-0.00796152586958045));
#1461=CARTESIAN_POINT('',(-0.05715,0.013813102617837,-0.00796152586958045));
#1462=CARTESIAN_POINT('',(-0.05715,0.013813102617837,-0.00781730864845503));
#1463=CARTESIAN_POINT('',(-0.0572359773824661,0.0137961337205144,-0.00754873491986209));
#1464=CARTESIAN_POINT('',(-0.0574714521363831,0.0137496593244969,-0.00703896192897897));
#1465=CARTESIAN_POINT('',(-0.057832715944627,0.0136783586138608,-0.00644560625943865));
#1466=CARTESIAN_POINT('',(-0.0583075523193888,0.013584642691635,-0.00575611649652785));
#1467=CARTESIAN_POINT('',(-0.0589742612223945,0.0134530579120725,-0.00486623626164243));
#1468=CARTESIAN_POINT('',(-0.0598501944989007,0.01328017963404,-0.00378928703514959));
#1469=CARTESIAN_POINT('',(-0.0605803136552642,0.0131360799110403,-0.00295256872343074));
#1470=CARTESIAN_POINT('',(-0.0609511873051644,0.0130628825572212,-0.00253908692539155));
#1471=CARTESIAN_POINT('',(-0.0609511873051644,0.0130628825572212,-0.00253908692539155));
#1472=CARTESIAN_POINT('',(-0.0609511873051644,0.0130628825572212,-0.00253908692539154));
#1473=CARTESIAN_POINT('',(-0.0601436653592274,0.0132222588558862,-0.00334738677468269));
#1474=CARTESIAN_POINT('',(-0.0591038084375864,0.0134306145997503,-0.0043252509837775));
#1475=CARTESIAN_POINT('',(-0.0578136924346156,0.0136796133981826,-0.00544784694311857));
#1476=CARTESIAN_POINT('',(-0.05715944274146,0.013820925618748,-0.00599968319430083));
#1477=CARTESIAN_POINT('',(-0.0564987894590428,0.0139053816950471,-0.00653974212382685));
#1478=CARTESIAN_POINT('',(-0.055615341330308,0.0138564524455678,-0.00724000673868219));
#1479=CARTESIAN_POINT('',(-0.0544896057456237,0.0135652040636513,-0.00809100317137328));
#1480=CARTESIAN_POINT('',(-0.0527707267164097,0.0127453597159194,-0.00931385438359267));
#1481=CARTESIAN_POINT('',(-0.0507197559148931,0.011252300992205,-0.010649915453432));
#1482=CARTESIAN_POINT('',(-0.0484747116038206,0.00912510048794585,-0.0119694268840063));
#1483=CARTESIAN_POINT('',(-0.0456312360524435,0.00597846951415841,-0.0134904145579661));
#1484=CARTESIAN_POINT('',(-0.0436310122799396,0.00338325102141567,-0.0144222273764521));
#1485=CARTESIAN_POINT('',(-0.0422686777495278,0.00167402447555954,-0.0150068656459566));
#1486=CARTESIAN_POINT('',(-0.0422686777495278,0.00167402447555953,-0.0150068656459565));
#1487=CARTESIAN_POINT('',(-0.0422686777495294,0.00167402447555798,-0.0150068656459558));
#1488=CARTESIAN_POINT('',(-0.0425156139506488,0.00198383818185707,-0.0149008943517701));
#1489=CARTESIAN_POINT('',(-0.0430124441619225,0.0026071765520899,-0.0147467822583947));
#1490=CARTESIAN_POINT('',(-0.0436542702220459,0.00341243114653492,-0.0147213152149304));
#1491=CARTESIAN_POINT('',(-0.044159132828653,0.00404584720547991,-0.0148790748225206));
#1492=CARTESIAN_POINT('',(-0.0445140719477791,0.00449116467415916,-0.0151305627671899));
#1493=CARTESIAN_POINT('',(-0.0447856693052989,0.00483191902112247,-0.0155914695377551));
#1494=CARTESIAN_POINT('',(-0.0448414348065853,0.00490188412368299,-0.0160073935325525));
#1495=CARTESIAN_POINT('',(-0.0448414348065853,0.00490188412368298,-0.016214849905123));
#1496=CARTESIAN_POINT('',(-0.101572898597179,0.013813102617837,-0.063246));
#1497=CARTESIAN_POINT('',(-0.05715,0.013813102617837,-0.0328775891109455));
#1498=CARTESIAN_POINT('',(-0.05715,0.013813102617837,-0.0328828180708281));
#1499=CARTESIAN_POINT('',(-0.0571497250450816,0.013813102617837,-0.032888032453243));
#1500=CARTESIAN_POINT('',(-0.0571491706494724,0.013813102617837,-0.0328932320203651));
#1501=CARTESIAN_POINT('',(-0.0571491706494724,0.013813102617837,-0.0328932320203651));
#1502=CARTESIAN_POINT('',(-0.0571491706494724,0.013813102617837,-0.0328932320203651));
#1503=CARTESIAN_POINT('',(-0.0644338644893453,0.013813102617837,-0.0336744072035292));
#1504=CARTESIAN_POINT('',(-0.0716121120700993,0.013813102617837,-0.0351117354764107));
#1505=CARTESIAN_POINT('',(-0.0786610403527774,0.013813102617837,-0.0371029735710296));
#1506=CARTESIAN_POINT('',(-0.0786610403527774,0.013813102617837,-0.0371029735710296));
#1507=CARTESIAN_POINT('',(-0.101572898597179,0.013813102617837,-0.0371029735710296));
#1508=CARTESIAN_POINT('',(-0.0813087182128409,0.013813102617837,-0.0371029735710296));
#1509=CARTESIAN_POINT('',(-0.0813087182128409,0.013813102617837,-0.0371029735710296));
#1510=CARTESIAN_POINT('',(-0.0807760173098361,0.013813102617837,-0.0356624770991687));
#1511=CARTESIAN_POINT('',(-0.0798748560435525,0.013813102617837,-0.0327105126156633));
#1512=CARTESIAN_POINT('',(-0.0793368158350287,0.013813102617837,-0.0281519893906153));
#1513=CARTESIAN_POINT('',(-0.0800123841502841,0.013813102617837,-0.0242884217087443));
#1514=CARTESIAN_POINT('',(-0.0813907607047075,0.013813102617837,-0.0215472415287085));
#1515=CARTESIAN_POINT('',(-0.0828302898052423,0.013813102617837,-0.0197208865219503));
#1516=CARTESIAN_POINT('',(-0.0846125945626401,0.013813102617837,-0.0182188456763183));
#1517=CARTESIAN_POINT('',(-0.0866014369891778,0.013813102617837,-0.0170845682227556));
#1518=CARTESIAN_POINT('',(-0.0887764523189972,0.013813102617837,-0.0162632106504821));
#1519=CARTESIAN_POINT('',(-0.091748574737204,0.013813102617837,-0.0155628275257651));
#1520=CARTESIAN_POINT('',(-0.0956005959345745,0.013813102617837,-0.0152550732826644));
#1521=CARTESIAN_POINT('',(-0.0986470293528277,0.013813102617837,-0.0153981825105526));
#1522=CARTESIAN_POINT('',(-0.100172993079773,0.013813102617837,-0.0155322861010802));
#1523=CARTESIAN_POINT('',(-0.100172993079773,0.013813102617837,-0.0155322861010802));
#1524=CARTESIAN_POINT('',(-0.09652,0.013813102617837,-0.0153487668401606));
#1525=CARTESIAN_POINT('',(-0.1001776,0.013813102617837,-0.0153487668401606));
#1526=CARTESIAN_POINT('',(-0.1001776,0.013813102617837,-0.063246));
#1527=CARTESIAN_POINT('',(-0.1001776,0.013813102617837,-0.000328071438065132));
#1528=CARTESIAN_POINT('',(-0.09652,0.013813102617837,-0.000328071438065132));
#1529=CARTESIAN_POINT('',(-0.0964970054938051,0.013813102617837,0.00332945628058374));
#1530=CARTESIAN_POINT('',(-0.0964970054938051,0.013813102617837,0.00332945628058374));
#1531=CARTESIAN_POINT('',(-0.0929054360216574,0.013813102617837,0.00330687644720187));
#1532=CARTESIAN_POINT('',(-0.0875221727607802,0.013813102617837,0.00319598585096748));
#1533=CARTESIAN_POINT('',(-0.0803510032821492,0.013813102617837,0.00276732553932789));
#1534=CARTESIAN_POINT('',(-0.0749917806128703,0.013813102617837,0.00223558965763104));
#1535=CARTESIAN_POINT('',(-0.0705481564084065,0.013813102617837,0.00150458203684502));
#1536=CARTESIAN_POINT('',(-0.0675267167296799,0.013813102617837,0.000673193685481218));
#1537=CARTESIAN_POINT('',(-0.0658481263033937,0.013813102617837,-5.87217175788871E-6));
#1538=CARTESIAN_POINT('',(-0.0646820878777209,0.013813102617837,-0.0006366794049527));
#1539=CARTESIAN_POINT('',(-0.0637593520485251,0.013813102617837,-0.00157598964268623));
#1540=CARTESIAN_POINT('',(-0.0628102089940501,0.013813102617837,-0.00248195963919647));
#1541=CARTESIAN_POINT('',(-0.0618681306031644,0.013813102617837,-0.00339684907293446));
#1542=CARTESIAN_POINT('',(-0.0606095575098789,0.013813102617837,-0.00461358497433528));
#1543=CARTESIAN_POINT('',(-0.0590371937750843,0.013813102617837,-0.0061355813348898));
#1544=CARTESIAN_POINT('',(-0.0577790429375535,0.013813102617837,-0.00735285035207904));
#1545=CARTESIAN_POINT('',(-0.05715,0.013813102617837,-0.00796152586958045));
#1546=CARTESIAN_POINT('',(-0.0448414348065853,-0.00490188412368298,-0.0345299553798699));
#1547=CARTESIAN_POINT('',(-0.0448414348065853,-0.00490188412368298,-0.0161056146836036));
#1548=CARTESIAN_POINT('',(-0.0382026641486103,-0.00232699073159807,-0.0345299553798699));
#1549=CARTESIAN_POINT('',(-0.0382026641486103,-0.00232699073159807,-0.0161056146836036));
#1550=CARTESIAN_POINT('',(-0.0307311676608717,-0.00193344438842927,-0.0345299553798699));
#1551=CARTESIAN_POINT('',(-0.0307311676608717,-0.00193344438842927,-0.0161056146836036));
#1552=CARTESIAN_POINT('',(-0.0224269453433695,-0.00372124509417658,-0.0345299553798699));
#1553=CARTESIAN_POINT('',(-0.0224269453433695,-0.00372124509417658,-0.0161056146836036));
#1554=CARTESIAN_POINT('',(-0.0448414348065853,-0.00490188412368298,-0.0322164629685053));
#1555=CARTESIAN_POINT('',(-0.0412724977814608,-0.00351765084506198,-0.0321993212413168));
#1556=CARTESIAN_POINT('',(-0.0336351077204851,-0.00207322076989132,-0.0325314184638944));
#1557=CARTESIAN_POINT('',(-0.0260978712834535,-0.00293093821949234,-0.0336769653965348));
#1558=CARTESIAN_POINT('',(-0.0224269453433695,-0.00372124509417658,-0.0344207201583505));
#1559=CARTESIAN_POINT('',(-0.0224269453433695,-0.00372124509417658,-0.0344207201583505));
#1560=CARTESIAN_POINT('',(-0.0224269453433695,-0.00372124509417658,-0.0344207201583505));
#1561=CARTESIAN_POINT('',(-0.0224269453433695,-0.00372124509417658,-0.0232175332633683));
#1562=CARTESIAN_POINT('',(-0.0224269453433695,-0.00372124509417659,-0.0232175332633683));
#1563=CARTESIAN_POINT('',(-0.0262847350802765,-0.00289070865734121,-0.0226113264034278));
#1564=CARTESIAN_POINT('',(-0.034108324156239,-0.00207869125742483,-0.0209044100503875));
#1565=CARTESIAN_POINT('',(-0.0414922138637222,-0.00360286839684236,-0.0179345264976992));
#1566=CARTESIAN_POINT('',(-0.0448414348065853,-0.00490188412368298,-0.0162148499051231));
#1567=CARTESIAN_POINT('',(-0.0224199406460311,-0.0037227187319003,-0.037338));
#1568=CARTESIAN_POINT('',(-0.0224199406460311,-0.0037227187319003,-0.0231303389187874));
#1569=CARTESIAN_POINT('',(-0.0138365196008762,-0.00548642753985066,-0.037338));
#1570=CARTESIAN_POINT('',(-0.0138365196008762,-0.00548642753985066,-0.0231303389187874));
#1571=CARTESIAN_POINT('',(-0.000219651200888039,-0.00458005588471786,-0.037338));
#1572=CARTESIAN_POINT('',(-0.000219651200888039,-0.00458005588471786,-0.0231303389187874));
#1573=CARTESIAN_POINT('',(0.0184306645539333,-0.00100360376650192,-0.037338));
#1574=CARTESIAN_POINT('',(0.0184306645539333,-0.00100360376650192,-0.0231303389187874));
#1575=CARTESIAN_POINT('',(-0.0224199406453312,-0.00372271873204411,-0.0344207201583505));
#1576=CARTESIAN_POINT('',(-0.0204777898853654,-0.00412178903090267,-0.0347995471300592));
#1577=CARTESIAN_POINT('',(-0.0165674156938977,-0.00456351633403508,-0.0356689834447383));
#1578=CARTESIAN_POINT('',(-0.0126797905167674,-0.0046173716138837,-0.0367491779428775));
#1579=CARTESIAN_POINT('',(-0.0107519190320775,-0.00458254156434149,-0.037338));
#1580=CARTESIAN_POINT('',(-0.0224199406453312,-0.00372271873204411,-0.0344207201583505));
#1581=CARTESIAN_POINT('',(-0.0107519190320775,-0.00458254156434149,-0.037338));
#1582=CARTESIAN_POINT('',(-0.0107519190320775,-0.00458254156434149,-0.037338));
#1583=CARTESIAN_POINT('',(-0.00589889490893214,-0.00449486400285622,-0.037338));
#1584=CARTESIAN_POINT('',(0.00376018354884123,-0.00357920705961828,-0.037338));
#1585=CARTESIAN_POINT('',(0.0133327082961976,-0.00197581212337794,-0.037338));
#1586=CARTESIAN_POINT('',(0.0180974982383339,-0.00106731101235744,-0.037338));
#1587=CARTESIAN_POINT('',(0.0180974982383339,-0.00106731101235744,-0.037338));
#1588=CARTESIAN_POINT('',(0.0180974982383339,-0.00106731101235744,-0.037338));
#1589=CARTESIAN_POINT('',(0.0162809869490625,-0.00141366469101392,-0.0361176673426474));
#1590=CARTESIAN_POINT('',(0.0135400198099029,-0.00191199336899012,-0.0343062962036047));
#1591=CARTESIAN_POINT('',(0.00983815286479995,-0.0025251003990323,-0.0319503064758647));
#1592=CARTESIAN_POINT('',(0.00703128151931163,-0.00295642524237332,-0.030221703624603));
#1593=CARTESIAN_POINT('',(0.00418886548628602,-0.00335525482050991,-0.028548022873014));
#1594=CARTESIAN_POINT('',(0.00177627263231487,-0.00365735412256856,-0.0272182717970031));
#1595=CARTESIAN_POINT('',(-0.000190304139102109,-0.00387773958515865,-0.0262229709869029));
#1596=CARTESIAN_POINT('',(-0.00168945245052331,-0.00403158810935869,-0.0255288722060268));
#1597=CARTESIAN_POINT('',(-0.00297358138702069,-0.00415010079368222,-0.0250075194326503));
#1598=CARTESIAN_POINT('',(-0.00402592306688871,-0.00423808904146788,-0.0246859918265329));
#1599=CARTESIAN_POINT('',(-0.00457004436347087,-0.00428026402117134,-0.0245552549445629));
#1600=CARTESIAN_POINT('',(-0.00484915542978265,-0.00430094703300308,-0.0245552549445629));
#1601=CARTESIAN_POINT('',(-0.00484915542978265,-0.00430094703300308,-0.0245552549445629));
#1602=CARTESIAN_POINT('',(-0.00484915542978265,-0.00430094703300308,-0.0245552549445629));
#1603=CARTESIAN_POINT('',(-0.00779327791226149,-0.004519115810557,-0.0245069762427451));
#1604=CARTESIAN_POINT('',(-0.0136916423526724,-0.00475092487163813,-0.024247251118835));
#1605=CARTESIAN_POINT('',(-0.0195467903110597,-0.00431308946230235,-0.0236126032347871));
#1606=CARTESIAN_POINT('',(-0.0224199406453316,-0.00372271873204403,-0.0232150764600272));
#1607=CARTESIAN_POINT('',(-0.0224199406453317,-0.00372271873204403,-0.0232150764600272));
#1608=CARTESIAN_POINT('',(-0.0224199406453312,-0.00372271873204411,-0.0232150764600241));
#1609=CARTESIAN_POINT('',(0.,-3.46944695195361E-18,-0.0381));
#1610=CARTESIAN_POINT('',(-0.0108805891671264,0.042828897382163,-0.0381));
#1611=CARTESIAN_POINT('',(-0.0108805891671264,-0.00381860685424059,-0.0381));
#1612=CARTESIAN_POINT('',(-0.0108805891671264,0.00382266631410737,-0.0381));
#1613=CARTESIAN_POINT('',(-0.0108805891671264,0.00382266631410737,-0.0381));
#1614=CARTESIAN_POINT('',(-0.00602877912132238,0.0037413974452771,-0.0381));
#1615=CARTESIAN_POINT('',(0.00362965114658872,0.00282814641135068,-0.0381));
#1616=CARTESIAN_POINT('',(0.0131922027411877,0.00122687469782093,-0.0381));
#1617=CARTESIAN_POINT('',(0.0179547790345345,0.000318795662570354,-0.0381));
#1618=CARTESIAN_POINT('',(0.0179547790345345,0.000318795662570404,-0.0381));
#1619=CARTESIAN_POINT('',(0.0179547790345345,0.000318795662570404,-0.0381));
#1620=CARTESIAN_POINT('',(0.0183235534044516,0.00024848156082325,-0.0381));
#1621=CARTESIAN_POINT('',(0.0186821600639773,0.000143903006054261,-0.0381));
#1622=CARTESIAN_POINT('',(0.0190290974979149,1.35278132127201E-18,-0.0381));
#1623=CARTESIAN_POINT('',(0.0190290974979149,1.98886159830437E-18,-0.0381));
#1624=CARTESIAN_POINT('',(0.0190290974979149,1.98886159830437E-18,-0.0381));
#1625=CARTESIAN_POINT('',(0.0186821600639719,-0.000143903006056664,-0.0381));
#1626=CARTESIAN_POINT('',(0.0183235534044407,-0.000248481560827426,-0.0381));
#1627=CARTESIAN_POINT('',(0.0179547790345175,-0.000318795662573748,-0.0381));
#1628=CARTESIAN_POINT('',(0.0179547790345174,-0.000318795662573618,-0.0381));
#1629=CARTESIAN_POINT('',(0.0179547790345174,-0.000318795662573618,-0.0381));
#1630=CARTESIAN_POINT('',(0.0131922087290253,-0.00122687355612141,-0.0381));
#1631=CARTESIAN_POINT('',(0.00362966924314864,-0.0028281435376849,-0.0381));
#1632=CARTESIAN_POINT('',(-0.0060287487722477,-0.00374139489466687,-0.0381));
#1633=CARTESIAN_POINT('',(-0.0108805525668693,-0.00382266570103743,-0.0381));
#1634=CARTESIAN_POINT('',(-0.0108805525668693,-0.00382266570103743,-0.0381));
#1635=CARTESIAN_POINT('',(-0.0108805525668693,-0.00382266570103743,-0.0381));
#1636=CARTESIAN_POINT('',(-0.0108805769691026,-0.00382131286213669,-0.0381));
#1637=CARTESIAN_POINT('',(-0.0108805891670786,-0.00381995991318496,-0.0381));
#1638=CARTESIAN_POINT('',(-0.0108805891670786,-0.00381860685423973,-0.0381));
#1639=CARTESIAN_POINT('',(0.,-3.46944695195361E-18,-0.0381));
#1640=CARTESIAN_POINT('',(-0.0816922956501055,-0.0128160761888666,-0.0381));
#1641=CARTESIAN_POINT('',(-0.0795168180425993,-0.0128160761888666,-0.0381));
#1642=CARTESIAN_POINT('',(-0.0813087182128409,-0.0128160761888666,-0.0381));
#1643=CARTESIAN_POINT('',(-0.0813087182128409,-0.0128160761888666,-0.0381));
#1644=CARTESIAN_POINT('',(-0.0824254433064573,-0.0128160761888666,-0.0381));
#1645=CARTESIAN_POINT('',(-0.08464329256338,-0.0120001410150148,-0.0381000000000001));
#1646=CARTESIAN_POINT('',(-0.0856947555552972,-0.00985186309731034,-0.0381));
#1647=CARTESIAN_POINT('',(-0.0856947555552972,-0.00873310261783701,-0.0381));
#1648=CARTESIAN_POINT('',(-0.0856947555552972,-0.00873310261783702,-0.0381));
#1649=CARTESIAN_POINT('',(-0.0856947555552972,1.32727576737538E-17,-0.0381));
#1650=CARTESIAN_POINT('',(-0.0856947555552972,0.00873310261783702,-0.0381));
#1651=CARTESIAN_POINT('',(-0.0856947555552972,0.00873310261783702,-0.0381));
#1652=CARTESIAN_POINT('',(-0.0856947555552972,0.00985360332503304,-0.0381));
#1653=CARTESIAN_POINT('',(-0.084638784432001,0.0120027363603106,-0.0381));
#1654=CARTESIAN_POINT('',(-0.0824267390310542,0.0128160761888666,-0.0381));
#1655=CARTESIAN_POINT('',(-0.0813087182128409,0.0128160761888666,-0.0381));
#1656=CARTESIAN_POINT('',(-0.0813087182128409,0.0128160761888666,-0.0381));
#1657=CARTESIAN_POINT('',(0.,0.0128160761888666,-0.0381));
#1658=CARTESIAN_POINT('',(-0.0795168180425993,0.0128160761888666,-0.0381));
#1659=CARTESIAN_POINT('',(-0.0795168180425993,1.20657725632626E-17,-0.0381));
#1660=CARTESIAN_POINT('',(-0.1016,-3.46944695195361E-18,0.0381));
#1661=CARTESIAN_POINT('',(-0.1016,-3.46944695195361E-18,-0.0153487668401606));
#1662=CARTESIAN_POINT('',(-0.1016,-0.00608474404573406,-0.0153487668401606));
#1663=CARTESIAN_POINT('',(-0.1016,-0.012390702617837,-0.0153487668401606));
#1664=CARTESIAN_POINT('',(-0.1016,-0.012390702617837,-0.000328071438065125));
#1665=CARTESIAN_POINT('',(-0.1016,-0.012390702617837,-0.000328071438065132));
#1666=CARTESIAN_POINT('',(-0.1016,-3.46944695195361E-18,-0.000328071438065132));
#1667=CARTESIAN_POINT('',(-0.1016,-0.00561694662679778,-0.000328071438065132));
#1668=CARTESIAN_POINT('',(-0.1016,1.45595341338733E-14,-0.00802063509341057));
#1669=CARTESIAN_POINT('',(-0.0793478985971788,-0.013813102617837,-0.063246));
#1670=CARTESIAN_POINT('',(-0.0793755059342149,-0.013813102617837,-0.0371029735710296));
#1671=CARTESIAN_POINT('',(-0.0813087182128409,-0.013813102617837,-0.0371029735710295));
#1672=CARTESIAN_POINT('',(-0.0786610403527774,-0.013813102617837,-0.0371029735710296));
#1673=CARTESIAN_POINT('',(-0.0786610403527774,-0.013813102617837,-0.0371029735710296));
#1674=CARTESIAN_POINT('',(-0.0716121120700993,-0.013813102617837,-0.0351117354764107));
#1675=CARTESIAN_POINT('',(-0.0644338644893456,-0.013813102617837,-0.0336744072035292));
#1676=CARTESIAN_POINT('',(-0.0571491706494724,-0.013813102617837,-0.0328932320203651));
#1677=CARTESIAN_POINT('',(-0.0571491706494724,-0.013813102617837,-0.0328932320203651));
#1678=CARTESIAN_POINT('',(-0.0571491706494724,-0.013813102617837,-0.0328932320203651));
#1679=CARTESIAN_POINT('',(-0.0571497250450816,-0.013813102617837,-0.032888032453243));
#1680=CARTESIAN_POINT('',(-0.05715,-0.013813102617837,-0.0328828180708281));
#1681=CARTESIAN_POINT('',(-0.05715,-0.013813102617837,-0.0328775891109455));
#1682=CARTESIAN_POINT('',(-0.05715,-0.013813102617837,-0.00796152586958046));
#1683=CARTESIAN_POINT('',(-0.0577687141346729,-0.013813102617837,-0.00736284472458247));
#1684=CARTESIAN_POINT('',(-0.0590062513664272,-0.013813102617837,-0.00616559389678881));
#1685=CARTESIAN_POINT('',(-0.060552628094077,-0.013813102617837,-0.00466847305103501));
#1686=CARTESIAN_POINT('',(-0.0617908735814876,-0.013813102617837,-0.0034719467275567));
#1687=CARTESIAN_POINT('',(-0.0627164522683989,-0.013813102617837,-0.00257137531218079));
#1688=CARTESIAN_POINT('',(-0.0636538806172516,-0.013813102617837,-0.00168292541131117));
#1689=CARTESIAN_POINT('',(-0.0648447274568962,-0.013813102617837,-0.000437913029807753));
#1690=CARTESIAN_POINT('',(-0.0669309046809841,-0.013813102617837,0.000487428489752854));
#1691=CARTESIAN_POINT('',(-0.0703957243713616,-0.013813102617837,0.00148167283898968));
#1692=CARTESIAN_POINT('',(-0.0748646674535628,-0.013813102617837,0.00221779950650041));
#1693=CARTESIAN_POINT('',(-0.0802532055510575,-0.013813102617837,0.00276080984044884));
#1694=CARTESIAN_POINT('',(-0.0874666100707807,-0.013813102617837,0.00319437835135278));
#1695=CARTESIAN_POINT('',(-0.0928841545580804,-0.013813102617837,0.00330674265279655));
#1696=CARTESIAN_POINT('',(-0.0964970054938051,-0.013813102617837,0.00332945628058374));
#1697=CARTESIAN_POINT('',(-0.0964970054938051,-0.013813102617837,0.00332945628058374));
#1698=CARTESIAN_POINT('',(-0.09652,-0.013813102617837,-0.000328071438065132));
#1699=CARTESIAN_POINT('',(-0.1001776,-0.013813102617837,-0.000328071438065132));
#1700=CARTESIAN_POINT('',(-0.1001776,-0.013813102617837,-0.0153487668401607));
#1701=CARTESIAN_POINT('',(-0.1001776,-0.013813102617837,-0.0153487668401606));
#1702=CARTESIAN_POINT('',(-0.09652,-0.013813102617837,-0.0153487668401606));
#1703=CARTESIAN_POINT('',(-0.100172993079773,-0.013813102617837,-0.0155322861010802));
#1704=CARTESIAN_POINT('',(-0.100172993079773,-0.013813102617837,-0.0155322861010802));
#1705=CARTESIAN_POINT('',(-0.0986470293528278,-0.013813102617837,-0.0153981825105527));
#1706=CARTESIAN_POINT('',(-0.0956005959345749,-0.013813102617837,-0.0152550732826644));
#1707=CARTESIAN_POINT('',(-0.0917485747372046,-0.013813102617837,-0.015562827525765));
#1708=CARTESIAN_POINT('',(-0.088776452318998,-0.013813102617837,-0.0162632106504818));
#1709=CARTESIAN_POINT('',(-0.0866014369891788,-0.013813102617837,-0.0170845682227552));
#1710=CARTESIAN_POINT('',(-0.0846125945626412,-0.013813102617837,-0.0182188456763176));
#1711=CARTESIAN_POINT('',(-0.0828302898052433,-0.013813102617837,-0.0197208865219493));
#1712=CARTESIAN_POINT('',(-0.0813907607047081,-0.013813102617837,-0.0215472415287076));
#1713=CARTESIAN_POINT('',(-0.0800123841502843,-0.013813102617837,-0.0242884217087434));
#1714=CARTESIAN_POINT('',(-0.0793368158350287,-0.013813102617837,-0.0281519893906147));
#1715=CARTESIAN_POINT('',(-0.0798748560435524,-0.013813102617837,-0.032710512615663));
#1716=CARTESIAN_POINT('',(-0.0807760173098361,-0.013813102617837,-0.0356624770991686));
#1717=CARTESIAN_POINT('',(-0.0813087182128409,-0.013813102617837,-0.0371029735710295));
#1718=CARTESIAN_POINT('',(-0.0633324235677719,0.0141204582077721,0.));
#1719=CARTESIAN_POINT('',(-0.0633324235677719,-0.0140819669490001,0.));
#1720=CARTESIAN_POINT('',(-0.0570291664349968,0.0141204582077721,-0.00716067762925867));
#1721=CARTESIAN_POINT('',(-0.0570291664349969,-0.0140819669490001,-0.00716067762925867));
#1722=CARTESIAN_POINT('',(-0.0449546077856445,0.0141204582077721,-0.0152858626296337));
#1723=CARTESIAN_POINT('',(-0.0449546077856445,-0.0140819669490001,-0.0152858626296337));
#1724=CARTESIAN_POINT('',(-0.0262733591028605,0.0141204582077721,-0.0201777185983584));
#1725=CARTESIAN_POINT('',(-0.0262733591028605,-0.0140819669490001,-0.0201777185983584));
#1726=CARTESIAN_POINT('',(-0.0142969541767809,0.0141204582077721,-0.0216735675777862));
#1727=CARTESIAN_POINT('',(-0.0142969541767809,-0.0140819669490001,-0.0216735675777862));
#1728=CARTESIAN_POINT('',(-0.0078543412075888,0.0141204582077721,-0.0219677479120823));
#1729=CARTESIAN_POINT('',(-0.00785434120758881,-0.0140819669490001,-0.0219677479120823));
#1730=CARTESIAN_POINT('',(-0.00454125547859737,0.0141204582077721,-0.0220231934205585));
#1731=CARTESIAN_POINT('',(-0.00454125547859738,-0.0140819669490001,-0.0220231934205585));
#1732=CARTESIAN_POINT('',(-0.0609511873051644,0.0130628825572212,-0.00253908692539155));
#1733=CARTESIAN_POINT('',(-0.0611650238776261,0.0130533273038269,-0.00232504435988317));
#1734=CARTESIAN_POINT('',(-0.0615883809893979,0.0130245116154284,-0.00189421446784644));
#1735=CARTESIAN_POINT('',(-0.0621061285382953,0.0129585985989671,-0.00134974730174104));
#1736=CARTESIAN_POINT('',(-0.0625133585548685,0.0128770227760605,-0.000910855141967295));
#1737=CARTESIAN_POINT('',(-0.0628133228986113,0.012795102816546,-0.000582326248213318));
#1738=CARTESIAN_POINT('',(-0.0630630064162495,0.0126955637979365,-0.000304263124643264));
#1739=CARTESIAN_POINT('',(-0.0632436197909451,0.0125762344775821,-0.000100846832681536));
#1740=CARTESIAN_POINT('',(-0.0633324235677719,0.012468225728407,-9.86106269340523E-18));
#1741=CARTESIAN_POINT('',(-0.0633324235677719,0.012390702617837,0.));
#1742=CARTESIAN_POINT('',(-0.0633324235677719,0.012390702617837,0.));
#1743=CARTESIAN_POINT('',(-0.0633324235677719,0.042828897382163,0.));
#1744=CARTESIAN_POINT('',(-0.0633324235677719,0.00513761011546229,0.));
#1745=CARTESIAN_POINT('',(-0.0633324235677719,0.00513761011546229,0.));
#1746=CARTESIAN_POINT('',(-0.0626236692077173,0.0063946019510604,-0.000805164914547682));
#1747=CARTESIAN_POINT('',(-0.0607557522280113,0.00826434191267183,-0.00282221026700983));
#1748=CARTESIAN_POINT('',(-0.0584013821062054,0.00908426891605137,-0.00496591733829909));
#1749=CARTESIAN_POINT('',(-0.05715,0.00930921726784852,-0.00600467406693661));
#1750=CARTESIAN_POINT('',(-0.05715,0.00930921726784841,-0.00600467406693607));
#1751=CARTESIAN_POINT('',(-0.0571500000000007,1.92456293860354E-5,-0.00600467406693607));
#1752=CARTESIAN_POINT('',(-0.05715,-0.00930921726781929,-0.00600467406693607));
#1753=CARTESIAN_POINT('',(-0.05715,-0.00930921726781956,-0.00600467406693683));
#1754=CARTESIAN_POINT('',(-0.058399557590549,-0.00908459689081741,-0.00496743184606245));
#1755=CARTESIAN_POINT('',(-0.0607497552748104,-0.00826956988567983,-0.00282838999630102));
#1756=CARTESIAN_POINT('',(-0.0626254276022651,-0.00639148339865966,-0.000803167328817438));
#1757=CARTESIAN_POINT('',(-0.0633324235677719,-0.00513761011543319,0.));
#1758=CARTESIAN_POINT('',(-0.0633324235677719,-0.00513761011543318,0.));
#1759=CARTESIAN_POINT('',(-0.0633324235677719,0.042828897382163,0.));
#1760=CARTESIAN_POINT('',(-0.0633324235677719,-0.012390702617837,0.));
#1761=CARTESIAN_POINT('',(-0.0633324235677719,-0.012390702617837,-7.29934180537947E-51));
#1762=CARTESIAN_POINT('',(-0.0633324235677719,-0.0124686890318139,9.9222856594896E-19));
#1763=CARTESIAN_POINT('',(-0.0632421387705943,-0.0125775421724832,-0.00010252347814818));
#1764=CARTESIAN_POINT('',(-0.0630625989047282,-0.0126955192437742,-0.000304711566532419));
#1765=CARTESIAN_POINT('',(-0.0628140156640932,-0.0127948784647895,-0.000581553417515779));
#1766=CARTESIAN_POINT('',(-0.0625153703840087,-0.0128765287371849,-0.000908665148037355));
#1767=CARTESIAN_POINT('',(-0.0621078106534883,-0.0129583793200134,-0.00134796956719153));
#1768=CARTESIAN_POINT('',(-0.0615883501367551,-0.0130245366144789,-0.0018942613278883));
#1769=CARTESIAN_POINT('',(-0.0611649416432553,-0.0130533309779904,-0.00232512667312409));
#1770=CARTESIAN_POINT('',(-0.0609511873051644,-0.0130628825572212,-0.00253908692539161));
#1771=CARTESIAN_POINT('',(-0.0422686777495261,-0.00167402447556623,-0.0150068656459573));
#1772=CARTESIAN_POINT('',(-0.0390654447471387,-0.000664293386642197,-0.016381515232773));
#1773=CARTESIAN_POINT('',(-0.0321728919758067,0.000390142450493888,-0.018740716407048));
#1774=CARTESIAN_POINT('',(-0.0250502164694155,-0.000460105715206299,-0.0201739406637868));
#1775=CARTESIAN_POINT('',(-0.0215341119594222,-0.00123392686669885,-0.0207028484327218));
#1776=CARTESIAN_POINT('',(-0.0215341342403659,-0.00123403039813295,-0.0207028450811227));
#1777=CARTESIAN_POINT('',(-0.021534133776912,-0.00123403049570243,-0.0207028451508376));
#1778=CARTESIAN_POINT('',(-0.0188392560140575,-0.001801374522972,-0.0211082209862733));
#1779=CARTESIAN_POINT('',(-0.0147139298829612,-0.00210147135492146,-0.0215682604851453));
#1780=CARTESIAN_POINT('',(-0.00916321021493434,-0.00203508525281385,-0.0219071774497575));
#1781=CARTESIAN_POINT('',(-0.00641073245577203,-0.00187260615975198,-0.0219919090369776));
#1782=CARTESIAN_POINT('',(-0.00501561043093904,-0.00176946516902099,-0.0220152549445629));
#1783=CARTESIAN_POINT('',(-0.00501561043093904,-0.00176946516902099,-0.0220152549445629));
#1784=CARTESIAN_POINT('',(-0.00501561043093904,-0.00176946516902099,-0.0220152549445629));
#1785=CARTESIAN_POINT('',(-0.00501557175065917,-0.00176946230939845,-0.0220152555918893));
#1786=CARTESIAN_POINT('',(-0.00501553307038064,-0.00176945944975769,-0.0220152562392157));
#1787=CARTESIAN_POINT('',(-0.00501549439010346,-0.00176945659009869,-0.022015256886542));
#1788=CARTESIAN_POINT('',(-0.00501549439010346,-0.00176945659009869,-0.022015256886542));
#1789=CARTESIAN_POINT('',(-0.00501549439010346,-0.00176945659009869,-0.022015256886542));
#1790=CARTESIAN_POINT('',(-0.00501557185735729,-0.00176841104593415,-0.0220152555901037));
#1791=CARTESIAN_POINT('',(-0.00501561043093904,-0.00176736406445185,-0.0220152549445629));
#1792=CARTESIAN_POINT('',(-0.00501561043093904,-0.00176631565748074,-0.0220152549445629));
#1793=CARTESIAN_POINT('',(-0.00501561043093904,-0.00176631565748074,-0.0220152549445629));
#1794=CARTESIAN_POINT('',(-0.00501561043093903,0.042828897382163,-0.0220152549445629));
#1795=CARTESIAN_POINT('',(-0.00501561043093904,0.00176631565748074,-0.0220152549445629));
#1796=CARTESIAN_POINT('',(-0.00501561043093904,0.00176631565748074,-0.0220152549445629));
#1797=CARTESIAN_POINT('',(-0.00501561043093904,0.00176736406445185,-0.0220152549445629));
#1798=CARTESIAN_POINT('',(-0.00501557185735706,0.00176841104593415,-0.0220152555901037));
#1799=CARTESIAN_POINT('',(-0.00501549439010323,0.00176945659009869,-0.022015256886542));
#1800=CARTESIAN_POINT('',(-0.00501549439010346,0.00176945659009869,-0.022015256886542));
#1801=CARTESIAN_POINT('',(-0.00501549439010346,0.00176945659009869,-0.022015256886542));
#1802=CARTESIAN_POINT('',(-0.00501553307038064,0.00176945944975769,-0.0220152562392157));
#1803=CARTESIAN_POINT('',(-0.00501557175065986,0.00176946230938906,-0.0220152555918893));
#1804=CARTESIAN_POINT('',(-0.00501561043093904,0.00176946516902099,-0.0220152549445629));
#1805=CARTESIAN_POINT('',(-0.00501561043093904,0.00176946516902099,-0.0220152549445629));
#1806=CARTESIAN_POINT('',(-0.00501561043093904,0.001769465169021,-0.0220152549445629));
#1807=CARTESIAN_POINT('',(-0.00778073032483082,0.0019773849000648,-0.0219689798128409));
#1808=CARTESIAN_POINT('',(-0.0133341254675256,0.0022026174122021,-0.0217216342490651));
#1809=CARTESIAN_POINT('',(-0.0188392559274711,0.00180137454120076,-0.021108220999298));
#1810=CARTESIAN_POINT('',(-0.021534133776912,0.00123403049570243,-0.0207028451508376));
#1811=CARTESIAN_POINT('',(-0.0215341342406951,0.00123403039813284,-0.0207028450833103));
#1812=CARTESIAN_POINT('',(-0.0215341119594222,0.00123392686669884,-0.0207028484327218));
#1813=CARTESIAN_POINT('',(-0.0250502164693759,0.000460105715222824,-0.0201739406635578));
#1814=CARTESIAN_POINT('',(-0.0321728919758265,-0.000390142450502155,-0.0187407164071626));
#1815=CARTESIAN_POINT('',(-0.0390654447471387,0.000664293386642206,-0.016381515232773));
#1816=CARTESIAN_POINT('',(-0.0422686777495261,0.00167402447556623,-0.0150068656459573));
#1817=CARTESIAN_POINT('',(-0.00501561043093904,0.00178751144537052,-0.0220152549445629));
#1818=CARTESIAN_POINT('',(-0.00501561043093904,-0.00178751144537052,-0.0220152549445629));
#1819=CARTESIAN_POINT('',(-0.00267025114520241,0.00178751144537052,-0.0220152549445629));
#1820=CARTESIAN_POINT('',(-0.00267025114520241,-0.00178751144537052,-0.0220152549445629));
#1821=CARTESIAN_POINT('',(0.00267372450401724,0.00178751144537052,-0.0246612104888575));
#1822=CARTESIAN_POINT('',(0.00267372450401724,-0.00178751144537052,-0.0246612104888575));
#1823=CARTESIAN_POINT('',(0.0110163165167199,0.00178751144537052,-0.0299531215774466));
#1824=CARTESIAN_POINT('',(0.0110163165167199,-0.00178751144537052,-0.0299531215774466));
#1825=CARTESIAN_POINT('',(-0.00501561043093904,-0.00176631565748073,-0.0220152549445629));
#1826=CARTESIAN_POINT('',(-0.00463447969359007,-0.00176106513772932,-0.0220152586107587));
#1827=CARTESIAN_POINT('',(-0.00387394149325023,-0.00172594918972195,-0.0221421651513912));
#1828=CARTESIAN_POINT('',(-0.00244550711931542,-0.00163317937987446,-0.022567647561864));
#1829=CARTESIAN_POINT('',(-0.000731214968699969,-0.00148985484040536,-0.0232746616115383));
#1830=CARTESIAN_POINT('',(0.00126905273162002,-0.00129117165433704,-0.0242436564712741));
#1831=CARTESIAN_POINT('',(0.00389167772058965,-0.000994897400539645,-0.0256401238154841));
#1832=CARTESIAN_POINT('',(0.00709883771484519,-0.000575524522314338,-0.0275056905483073));
#1833=CARTESIAN_POINT('',(0.00961692408189594,-0.000197781556132845,-0.0290668676352126));
#1834=CARTESIAN_POINT('',(0.010867365485745,-8.2238602812831E-18,-0.0298587176602106));
#1835=CARTESIAN_POINT('',(0.010867365485745,2.14161062895978E-19,-0.0298587176602106));
#1836=CARTESIAN_POINT('',(0.010867365485745,-8.56644251583911E-19,-0.0298587176602106));
#1837=CARTESIAN_POINT('',(0.00961657369089567,0.000197836977264188,-0.0290666457478683));
#1838=CARTESIAN_POINT('',(0.00709757556479019,0.000575701370762342,-0.0275049411520838));
#1839=CARTESIAN_POINT('',(0.00389024512276921,0.00099509107536382,-0.0256392546120067));
#1840=CARTESIAN_POINT('',(0.00126531404875696,0.00129156825833023,-0.0242417659291376));
#1841=CARTESIAN_POINT('',(-0.00073849924062049,0.00149059669748782,-0.0232710240304942));
#1842=CARTESIAN_POINT('',(-0.00246753081443991,0.00163489407517747,-0.0225592032503986));
#1843=CARTESIAN_POINT('',(-0.00389425342904177,0.00172707863808291,-0.0221375255286494));
#1844=CARTESIAN_POINT('',(-0.00464226872846468,0.00176117169893008,-0.0220152549445629));
#1845=CARTESIAN_POINT('',(-0.00501561043093904,0.00176631565748074,-0.0220152549445629));
#1846=CARTESIAN_POINT('',(-0.0964880631858405,0.0123907026178371,0.00475182817116943));
#1847=CARTESIAN_POINT('',(-0.0964880631858405,-0.012390702617837,0.00475182817116943));
#1848=CARTESIAN_POINT('',(-0.0775350494048314,0.012390702617837,0.00463267249380377));
#1849=CARTESIAN_POINT('',(-0.0775350494048314,-0.012390702617837,0.00463267249380377));
#1850=CARTESIAN_POINT('',(-0.0664831695321419,0.012390702617837,0.00304872977008063));
#1851=CARTESIAN_POINT('',(-0.0664831695321419,-0.0123907026178371,0.00304872977008063));
#1852=CARTESIAN_POINT('',(-0.0633324235677719,0.012390702617837,0.));
#1853=CARTESIAN_POINT('',(-0.0633324235677719,-0.0123907026178371,0.));
#1854=CARTESIAN_POINT('',(-0.0633324235677719,0.012390702617837,0.));
#1855=CARTESIAN_POINT('',(-0.063837188115308,0.012390702617837,0.000488421066108519));
#1856=CARTESIAN_POINT('',(-0.0650582026573734,0.012390702617837,0.0012348584502146));
#1857=CARTESIAN_POINT('',(-0.067701796864668,0.012390702617837,0.00225754493677738));
#1858=CARTESIAN_POINT('',(-0.0711423307247126,0.012390702617837,0.00305847785155064));
#1859=CARTESIAN_POINT('',(-0.0753355245546433,0.012390702617837,0.00369086955106341));
#1860=CARTESIAN_POINT('',(-0.0795514287135567,0.012390702617837,0.00411636451595553));
#1861=CARTESIAN_POINT('',(-0.0837808625978742,0.012390702617837,0.00440604886302808));
#1862=CARTESIAN_POINT('',(-0.0894238068992645,0.012390702617837,0.00465845880769542));
#1863=CARTESIAN_POINT('',(-0.0936624021953642,0.012390702617837,0.00473406352681174));
#1864=CARTESIAN_POINT('',(-0.0964880631858404,0.012390702617837,0.00475182817116942));
#1865=CARTESIAN_POINT('',(-0.0964880631858404,0.012390702617837,0.00475182817116942));
#1866=CARTESIAN_POINT('',(-0.0964880631858404,0.013813102617837,0.00475182817116942));
#1867=CARTESIAN_POINT('',(-0.0964880631858404,-0.012390702617837,0.00475182817116942));
#1868=CARTESIAN_POINT('',(-0.0964880631858404,-0.012390702617837,0.00475182817116942));
#1869=CARTESIAN_POINT('',(-0.0936625491620077,-0.012390702617837,0.00473406445075307));
#1870=CARTESIAN_POINT('',(-0.0894259669190055,-0.012390702617837,0.00465848956667231));
#1871=CARTESIAN_POINT('',(-0.0837839396147683,-0.012390702617837,0.00440623752775298));
#1872=CARTESIAN_POINT('',(-0.0795541860630446,-0.012390702617837,0.00411652759328618));
#1873=CARTESIAN_POINT('',(-0.0753378411598839,-0.012390702617837,0.00369142066773061));
#1874=CARTESIAN_POINT('',(-0.0711425588448318,-0.012390702617837,0.00305764956958478));
#1875=CARTESIAN_POINT('',(-0.0677058915367394,-0.012390702617837,0.00226100879296944));
#1876=CARTESIAN_POINT('',(-0.0650527376296445,-0.012390702617837,0.00122943902468382));
#1877=CARTESIAN_POINT('',(-0.0638500293792782,-0.012390702617837,0.000500846550166629));
#1878=CARTESIAN_POINT('',(-0.0633324235677719,-0.012390702617837,-1.45986836107589E-50));
#1879=CARTESIAN_POINT('',(-0.0633324235677719,-0.00513761011543318,0.));
#1880=CARTESIAN_POINT('',(-0.0638248329650812,-0.00439377018145488,0.00047646595619598));
#1881=CARTESIAN_POINT('',(-0.0646873554654008,-0.00327424763568492,0.000996789781581068));
#1882=CARTESIAN_POINT('',(-0.0655992768636457,-0.00150820368452227,0.00142121381761435));
#1883=CARTESIAN_POINT('',(-0.065904473412808,-4.42806659500422E-6,0.00154590878329353));
#1884=CARTESIAN_POINT('',(-0.0655998303281075,0.00150723899493199,0.0014213374368785));
#1885=CARTESIAN_POINT('',(-0.0646946100543252,0.00326201518041998,0.00100071919614461));
#1886=CARTESIAN_POINT('',(-0.0638242996776022,0.00439457577237096,0.000475949935726076));
#1887=CARTESIAN_POINT('',(-0.0633324235677719,0.00513761011546229,0.));
#1888=CARTESIAN_POINT('',(-0.0108805891671249,0.013304986842995,-0.0381000000000005));
#1889=CARTESIAN_POINT('',(-0.0108805891671249,-0.0132841758902269,-0.0381000000000005));
#1890=CARTESIAN_POINT('',(-0.032933527295927,0.013304986842995,-0.0312826588614255));
#1891=CARTESIAN_POINT('',(-0.032933527295927,-0.0132841758902269,-0.0312826588614255));
#1892=CARTESIAN_POINT('',(-0.0557200754760559,0.013304986842995,-0.0312696150473534));
#1893=CARTESIAN_POINT('',(-0.0557200754760559,-0.0132841758902269,-0.0312696150473534));
#1894=CARTESIAN_POINT('',(-0.0792402337075116,0.013304986842995,-0.0380608685577842));
#1895=CARTESIAN_POINT('',(-0.0792402337075116,-0.0132841758902269,-0.0380608685577842));
#1896=CARTESIAN_POINT('',(-0.0569947375847469,0.013051102617837,-0.0336430627006954));
#1897=CARTESIAN_POINT('',(-0.0563685781240656,0.0131754655731072,-0.0335763030223496));
#1898=CARTESIAN_POINT('',(-0.0550918344950219,0.0130543523513471,-0.0334506850775983));
#1899=CARTESIAN_POINT('',(-0.0527938067145731,0.011946521311501,-0.0332609894445837));
#1900=CARTESIAN_POINT('',(-0.0503355791467176,0.00995766909494751,-0.0331104815069865));
#1901=CARTESIAN_POINT('',(-0.0476978779581461,0.00721143678286027,-0.0330105142793194));
#1902=CARTESIAN_POINT('',(-0.0460902274338327,0.00525873280186574,-0.0329845049419436));
#1903=CARTESIAN_POINT('',(-0.0453041237219776,0.00426591198101877,-0.0329795082607069));
#1904=CARTESIAN_POINT('',(-0.0569947375847469,0.013051102617837,-0.0336430627006954));
#1905=CARTESIAN_POINT('',(-0.0453041237219776,0.00426591198101877,-0.0329795082607069));
#1906=CARTESIAN_POINT('',(-0.0453041237219869,0.00426591198101141,-0.032979508260707));
#1907=CARTESIAN_POINT('',(-0.0428907532160152,0.00332365198672641,-0.0329641682452068));
#1908=CARTESIAN_POINT('',(-0.0378651137640186,0.00196921165702798,-0.0330868065573767));
#1909=CARTESIAN_POINT('',(-0.031408506872284,0.0017403429739838,-0.0336920926582286));
#1910=CARTESIAN_POINT('',(-0.0263432961714452,0.00222351811887493,-0.0344326951691591));
#1911=CARTESIAN_POINT('',(-0.0225815603852597,0.00291435239017297,-0.0351134114388685));
#1912=CARTESIAN_POINT('',(-0.0188873238895018,0.00374872652951515,-0.0359100656176162));
#1913=CARTESIAN_POINT('',(-0.0164338182428138,0.00427313651500792,-0.0365240014490338));
#1914=CARTESIAN_POINT('',(-0.0152122909616703,0.00453791784870352,-0.0368509506862885));
#1915=CARTESIAN_POINT('',(-0.0134480235913404,0.00458748622786055,-0.037338));
#1916=CARTESIAN_POINT('',(-0.0132134928323022,0.00459111223822684,-0.0374047205155919));
#1917=CARTESIAN_POINT('',(-0.0127464987716325,0.00457881126255749,-0.0375391495239818));
#1918=CARTESIAN_POINT('',(-0.012167355321923,0.00450862127477977,-0.0377097411898505));
#1919=CARTESIAN_POINT('',(-0.0117096578393743,0.00440565574413846,-0.0378468276678663));
#1920=CARTESIAN_POINT('',(-0.0113738656067836,0.00429411049654334,-0.0379485155533357));
#1921=CARTESIAN_POINT('',(-0.0110618705986369,0.00413960321971612,-0.0380439642673098));
#1922=CARTESIAN_POINT('',(-0.0108805891671264,0.00394650529149009,-0.0381));
#1923=CARTESIAN_POINT('',(-0.0108805891671264,0.00382266631410739,-0.0381));
#1924=CARTESIAN_POINT('',(-0.0108805891671264,-0.00381860685424059,-0.0381));
#1925=CARTESIAN_POINT('',(-0.0127863247789884,-0.00385565937037235,-0.0375108698936118));
#1926=CARTESIAN_POINT('',(-0.0166292318048663,-0.0038074028754285,-0.0364281776616087));
#1927=CARTESIAN_POINT('',(-0.0204961139854008,-0.00337342835750286,-0.0355516197758091));
#1928=CARTESIAN_POINT('',(-0.0224159051611751,-0.00297631298954267,-0.0351679437491392));
#1929=CARTESIAN_POINT('',(-0.0224159051611751,-0.00297631298954277,-0.0351679437491392));
#1930=CARTESIAN_POINT('',(-0.0224159051611751,-0.00297631298954277,-0.0351679437491392));
#1931=CARTESIAN_POINT('',(-0.0261663902532494,-0.00216347533057152,-0.034418398050435));
#1932=CARTESIAN_POINT('',(-0.0319453643069411,-0.00152199050692377,-0.0335623746411363));
#1933=CARTESIAN_POINT('',(-0.039719262427196,-0.00241959881557055,-0.0330316114162347));
#1934=CARTESIAN_POINT('',(-0.043479940880325,-0.00355369041797082,-0.0329679132764324));
#1935=CARTESIAN_POINT('',(-0.045304123721965,-0.00426591198100285,-0.0329795082607068));
#1936=CARTESIAN_POINT('',(-0.045304123721965,-0.00426591198100286,-0.0329795082607068));
#1937=CARTESIAN_POINT('',(-0.045304123721965,-0.00426591198100286,-0.0329795082607068));
#1938=CARTESIAN_POINT('',(-0.0460895656369675,-0.00525789697613807,-0.0329845007353892));
#1939=CARTESIAN_POINT('',(-0.0476959326854815,-0.00720831642101614,-0.0330105491883364));
#1940=CARTESIAN_POINT('',(-0.0503240750636033,-0.00994816527749779,-0.0331098353985968));
#1941=CARTESIAN_POINT('',(-0.0527945050810902,-0.011944990443606,-0.0332611266564475));
#1942=CARTESIAN_POINT('',(-0.0550799247213919,-0.0130515108112069,-0.0334495817819854));
#1943=CARTESIAN_POINT('',(-0.0563697753729917,-0.0131752277847737,-0.0335764306702703));
#1944=CARTESIAN_POINT('',(-0.0569947375847469,-0.013051102617837,-0.0336430627006954));
#1945=CARTESIAN_POINT('',(-0.0569947375847469,-0.013051102617837,-0.0336430627006954));
#1946=CARTESIAN_POINT('',(-0.0569947375847469,-0.013051102617837,-0.0336430627006954));
#1947=CARTESIAN_POINT('',(-0.0642616935673088,-0.013051102617837,-0.0344178487965904));
#1948=CARTESIAN_POINT('',(-0.0714225954411662,-0.013051102617837,-0.035850019412111));
#1949=CARTESIAN_POINT('',(-0.0784538910339973,-0.013051102617837,-0.037836276482335));
#1950=CARTESIAN_POINT('',(-0.0784538910339973,-0.013051102617837,-0.037836276482335));
#1951=CARTESIAN_POINT('',(-0.0784538910339973,-0.013051102617837,-0.037836276482335));
#1952=CARTESIAN_POINT('',(-0.0785900665172876,-0.0130511026178391,-0.0378747444307865));
#1953=CARTESIAN_POINT('',(-0.0788554772050884,-0.0130243831521306,-0.0379501172800785));
#1954=CARTESIAN_POINT('',(-0.0791401860618679,-0.0129818594455555,-0.0380319806176171));
#1955=CARTESIAN_POINT('',(-0.0792402336932884,-0.0128812746932745,-0.0380608685537076));
#1956=CARTESIAN_POINT('',(-0.0792402336932553,-0.0128812746932745,-0.0380608685536678));
#1957=CARTESIAN_POINT('',(-0.0792402336932553,-0.013813102617837,-0.0380608685536678));
#1958=CARTESIAN_POINT('',(-0.0792402336932553,0.0128812746931855,-0.0380608685536678));
#1959=CARTESIAN_POINT('',(-0.0792402336932554,0.0128812746931855,-0.0380608685536678));
#1960=CARTESIAN_POINT('',(-0.0791413528294907,0.0129806864140086,-0.0380323175121932));
#1961=CARTESIAN_POINT('',(-0.0788537861973388,0.0130251528783636,-0.0379496323106683));
#1962=CARTESIAN_POINT('',(-0.0785900342038936,0.013051102617837,-0.0378747353026475));
#1963=CARTESIAN_POINT('',(-0.0784538910339973,0.013051102617837,-0.037836276482335));
#1964=CARTESIAN_POINT('',(-0.0784538910339973,0.013051102617837,-0.037836276482335));
#1965=CARTESIAN_POINT('',(-0.0784538910339973,0.013051102617837,-0.037836276482335));
#1966=CARTESIAN_POINT('',(-0.0714225954410733,0.013051102617837,-0.0358500194125551));
#1967=CARTESIAN_POINT('',(-0.0642616935673088,0.013051102617837,-0.0344178487965905));
#1968=CARTESIAN_POINT('',(-0.0569947375847469,0.013051102617837,-0.0336430627006954));
#1969=CARTESIAN_POINT('',(-0.0866155694029558,0.00873310261783704,-0.036720660141988));
#1970=CARTESIAN_POINT('',(-0.0866155694029558,-0.00873310261783701,-0.036720660141988));
#1971=CARTESIAN_POINT('',(-0.0820675831370146,0.00873310261783704,-0.0257666930182521));
#1972=CARTESIAN_POINT('',(-0.0820675831370146,-0.00873310261783701,-0.0257666930182521));
#1973=CARTESIAN_POINT('',(-0.0853549649061064,0.00873310261783704,-0.0203360032537092));
#1974=CARTESIAN_POINT('',(-0.0853549649061064,-0.00873310261783701,-0.0203360032537092));
#1975=CARTESIAN_POINT('',(-0.0964777147102312,0.00873310261783704,-0.0204285908483591));
#1976=CARTESIAN_POINT('',(-0.0964777147102312,-0.00873310261783701,-0.0204285908483591));
#1977=CARTESIAN_POINT('',(-0.0964777147111955,0.00873310261783702,-0.0204285908483672));
#1978=CARTESIAN_POINT('',(-0.0954411735476119,0.00873310261783702,-0.0204199625096216));
#1979=CARTESIAN_POINT('',(-0.0933661997792874,0.00873310261783702,-0.0204956295255668));
#1980=CARTESIAN_POINT('',(-0.09031273520978,0.00873310261783702,-0.0210343783549639));
#1981=CARTESIAN_POINT('',(-0.0874210208536017,0.00873310261783702,-0.0222654443851185));
#1982=CARTESIAN_POINT('',(-0.0852472345624463,0.00873310261783701,-0.0246368520509624));
#1983=CARTESIAN_POINT('',(-0.0845062561211666,0.00873310261783702,-0.0277321576079599));
#1984=CARTESIAN_POINT('',(-0.0847395094776891,0.008733102617837,-0.0308272044163924));
#1985=CARTESIAN_POINT('',(-0.085499509531534,0.00873310261783702,-0.0338358061280056));
#1986=CARTESIAN_POINT('',(-0.0862200989939246,0.00873310261783702,-0.0357681572966345));
#1987=CARTESIAN_POINT('',(-0.0866155694029572,0.00873310261783702,-0.0367206601419913));
#1988=CARTESIAN_POINT('',(-0.0964777147111955,0.00873310261783702,-0.0204285908483672));
#1989=CARTESIAN_POINT('',(-0.0866155694029572,0.00873310261783702,-0.0367206601419913));
#1990=CARTESIAN_POINT('',(-0.0866155694029572,0.00873310261783702,-0.0367206601419913));
#1991=CARTESIAN_POINT('',(-0.0866155694029572,-0.00873310261783702,-0.0367206601419913));
#1992=CARTESIAN_POINT('',(-0.0866155694029572,-0.00873310261783702,-0.0367206601419913));
#1993=CARTESIAN_POINT('',(-0.0862200989565373,-0.00873310261783702,-0.035768157206586));
#1994=CARTESIAN_POINT('',(-0.0854995094582656,-0.00873310261783705,-0.0338358059039006));
#1995=CARTESIAN_POINT('',(-0.0847395094511184,-0.00873310261783701,-0.0308272042481095));
#1996=CARTESIAN_POINT('',(-0.0845062561304868,-0.00873310261783702,-0.0277321574529908));
#1997=CARTESIAN_POINT('',(-0.0852472346233594,-0.00873310261783702,-0.0246368519436954));
#1998=CARTESIAN_POINT('',(-0.0874210209335827,-0.00873310261783702,-0.022265444338343));
#1999=CARTESIAN_POINT('',(-0.09031273526774,-0.00873310261783702,-0.0210343783415092));
#2000=CARTESIAN_POINT('',(-0.0933661998094305,-0.00873310261783702,-0.0204956295239894));
#2001=CARTESIAN_POINT('',(-0.095441173557577,-0.00873310261783702,-0.0204199625096752));
#2002=CARTESIAN_POINT('',(-0.0964777147111955,-0.00873310261783702,-0.0204285908483672));
#2003=CARTESIAN_POINT('',(-0.0964777147111955,-0.00873310261783702,-0.0204285908483672));
#2004=CARTESIAN_POINT('',(-0.0964777147111955,-0.00873310261783702,-0.0204285908483672));
#2005=CARTESIAN_POINT('',(-0.05715,-9.74774906764564E-8,-0.00802198790806823));
#2006=CARTESIAN_POINT('',(-0.05715,1.45595341338733E-14,-0.00802063509341057));
#2007=CARTESIAN_POINT('',(-0.05715,1.45595341338733E-14,-0.00802063509341057));
#2008=CARTESIAN_POINT('',(-0.1016,0.00608474404576318,-0.0153487668401606));
#2009=CARTESIAN_POINT('',(-0.1016,0.00522753640087842,-0.0160605293047883));
#2010=CARTESIAN_POINT('',(-0.10131121298356,0.00330013598833606,-0.0171585063892112));
#2011=CARTESIAN_POINT('',(-0.100995105331776,-3.13117817561191E-6,-0.0177388504051553));
#2012=CARTESIAN_POINT('',(-0.101310835154758,-0.00329491838417077,-0.0171599020834934));
#2013=CARTESIAN_POINT('',(-0.1016,-0.00522832935520276,-0.0160598708935523));
#2014=CARTESIAN_POINT('',(-0.1016,-0.00608474404573406,-0.0153487668401606));
#2015=CARTESIAN_POINT('',(-0.1016,-0.00561694662679778,-0.000328071438065132));
#2016=CARTESIAN_POINT('',(-0.1016,-0.00479870593357262,0.0002693905404962));
#2017=CARTESIAN_POINT('',(-0.101397458261642,-0.00299766008516687,0.00118659807339633));
#2018=CARTESIAN_POINT('',(-0.101187761503535,8.61239840869639E-6,0.0016650834404181));
#2019=CARTESIAN_POINT('',(-0.101399462415354,0.00301503285580026,0.00117923410877248));
#2020=CARTESIAN_POINT('',(-0.1016,0.00479816806238934,0.000269783282633609));
#2021=CARTESIAN_POINT('',(-0.1016,0.0056169466268269,-0.000328071438065128));
#2022=CARTESIAN_POINT('',(-0.0222755794527849,0.00375384241408277,-0.0232401887937749));
#2023=CARTESIAN_POINT('',(-0.0219068972257492,0.0038332400597634,-0.0206475151743119));
#2024=CARTESIAN_POINT('',(-0.0213670091735889,0.00127076967169158,-0.0207278486612321));
#2025=CARTESIAN_POINT('',(-0.0227959263736055,0.00364178298343837,-0.0231627629600746));
#2026=CARTESIAN_POINT('',(-0.0224151500416484,0.00372378515787312,-0.0205692204417066));
#2027=CARTESIAN_POINT('',(-0.0218752138409438,0.00115871024105829,-0.0206522295530959));
#2028=CARTESIAN_POINT('',(-0.0237666868128638,0.00344263383944709,-0.0230001545124827));
#2029=CARTESIAN_POINT('',(-0.0233567529810447,0.00351940143979309,-0.0204167553946633));
#2030=CARTESIAN_POINT('',(-0.0228915709849231,0.000944876190522121,-0.0204934723391436));
#2031=CARTESIAN_POINT('',(-0.0257654575390408,0.00309544973594834,-0.0226422530409694));
#2032=CARTESIAN_POINT('',(-0.0253001657164356,0.00316620710781964,-0.0200743841732033));
#2033=CARTESIAN_POINT('',(-0.0249260615588047,0.000583091918428961,-0.0201443204846777));
#2034=CARTESIAN_POINT('',(-0.0282421935217292,0.00277980359147503,-0.0221305329168158));
#2035=CARTESIAN_POINT('',(-0.0277010582124266,0.00283302049483137,-0.0195953332490183));
#2036=CARTESIAN_POINT('',(-0.0274741229388049,0.000249064054605829,-0.0196456880819642));
#2037=CARTESIAN_POINT('',(-0.0312087448732339,0.00259973393066033,-0.0214060476634858));
#2038=CARTESIAN_POINT('',(-0.0305811399160571,0.00261811065989941,-0.0189255292208092));
#2039=CARTESIAN_POINT('',(-0.0305279820418849,5.85154898412321E-5,-0.0189409563526779));
#2040=CARTESIAN_POINT('',(-0.034127895179836,0.00263180215345042,-0.0205708133937135));
#2041=CARTESIAN_POINT('',(-0.0334201608670988,0.0025998265909249,-0.0181636607180495));
#2042=CARTESIAN_POINT('',(-0.0335452776766517,9.21987258387637E-5,-0.0181299765505131));
#2043=CARTESIAN_POINT('',(-0.0370028855038043,0.00288422769719026,-0.0196172347092809));
#2044=CARTESIAN_POINT('',(-0.0362292793199859,0.00278733695593445,-0.0173015811792146));
#2045=CARTESIAN_POINT('',(-0.0365253511228091,0.000362128549959784,-0.017205848991146));
#2046=CARTESIAN_POINT('',(-0.0397941970202221,0.00335842544734019,-0.0185546144049345));
#2047=CARTESIAN_POINT('',(-0.0389725066524606,0.00318621622326935,-0.0163455759836607));
#2048=CARTESIAN_POINT('',(-0.0394224490188901,0.000870371862985881,-0.0161780408717762));
#2049=CARTESIAN_POINT('',(-0.042045648000554,0.00393730471669195,-0.0175758002086884));
#2050=CARTESIAN_POINT('',(-0.0412153446476409,0.003698225068446,-0.0154638681367422));
#2051=CARTESIAN_POINT('',(-0.0417679432777184,0.001495734955862,-0.0152331210725033));
#2052=CARTESIAN_POINT('',(-0.0438019543891001,0.00450778815158218,-0.0167457712263985));
#2053=CARTESIAN_POINT('',(-0.042968705867478,0.00422005079574086,-0.0147106506005825));
#2054=CARTESIAN_POINT('',(-0.043581515897257,0.00210610099315236,-0.0144329820262118));
#2055=CARTESIAN_POINT('',(-0.0446345438773069,0.00482164003722079,-0.0163150565950333));
#2056=CARTESIAN_POINT('',(-0.0438174290351773,0.00450471636023776,-0.0143256040771131));
#2057=CARTESIAN_POINT('',(-0.0444685107677851,0.0024535236264243,-0.0140181527800003));
#2058=CARTESIAN_POINT('',(-0.0450917379998219,0.00499896595878275,-0.0160950020913672));
#2059=CARTESIAN_POINT('',(-0.0442640113870593,0.00467792643272306,-0.0141165814507108));
#2060=CARTESIAN_POINT('',(-0.044908645617137,0.00263084954798172,-0.0138063091646245));
#2061=CARTESIAN_POINT('',(-0.021534134240695,0.00123403039813284,-0.0207028450833103));
#2062=CARTESIAN_POINT('',(-0.021621856698384,0.00167034264645969,-0.0206896682697137));
#2063=CARTESIAN_POINT('',(-0.0218210620876707,0.00248304034624676,-0.0208986839565297));
#2064=CARTESIAN_POINT('',(-0.022190216856574,0.00356492411070283,-0.0218704800204588));
#2065=CARTESIAN_POINT('',(-0.0223571109255244,0.00373563520884261,-0.0227547289704109));
#2066=CARTESIAN_POINT('',(-0.0224234792125896,0.00372198902739757,-0.023214586759859));
#2067=CARTESIAN_POINT('',(-0.00474554935212106,0.00429322667497197,-0.0245569540094888));
#2068=CARTESIAN_POINT('',(-0.0047033376864098,0.00429006379662603,-0.0220204809249691));
#2069=CARTESIAN_POINT('',(-0.00489283528708178,0.00176032702391497,-0.0220173096243497));
#2070=CARTESIAN_POINT('',(-0.0054692923730367,0.00434745602343076,-0.0245450844640378));
#2071=CARTESIAN_POINT('',(-0.00542707499429644,0.00434453558741333,-0.0220083689585675));
#2072=CARTESIAN_POINT('',(-0.00560208699582335,0.00181347055279876,-0.0220054400789031));
#2073=CARTESIAN_POINT('',(-0.00691909548637246,0.00444364264094371,-0.0245132821789567));
#2074=CARTESIAN_POINT('',(-0.00683823172050758,0.00443870325979303,-0.021979351032974));
#2075=CARTESIAN_POINT('',(-0.00698260612915592,0.00190759845669387,-0.0219744176862146));
#2076=CARTESIAN_POINT('',(-0.00982874823973385,0.00457994441804914,-0.0244061209438137));
#2077=CARTESIAN_POINT('',(-0.00970481674558486,0.00457580181979391,-0.0218732014284898));
#2078=CARTESIAN_POINT('',(-0.00977866675065547,0.00204059462256829,-0.0218690411526247));
#2079=CARTESIAN_POINT('',(-0.013494143180109,0.00463100890951061,-0.0241908741967391));
#2080=CARTESIAN_POINT('',(-0.0133018127413612,0.00463172837697239,-0.0216568855050158));
#2081=CARTESIAN_POINT('',(-0.0132660483597026,0.00208971330466567,-0.0216578855063765));
#2082=CARTESIAN_POINT('',(-0.0179377108333784,0.00442605653860973,-0.0237893653020786));
#2083=CARTESIAN_POINT('',(-0.017662995330467,0.00444678203597345,-0.0212425402078988));
#2084=CARTESIAN_POINT('',(-0.0174429443693617,0.0018921980171935,-0.0212645684685842));
#2085=CARTESIAN_POINT('',(-0.0209154178832587,0.00403204460141884,-0.0234232765355665));
#2086=CARTESIAN_POINT('',(-0.020577429091073,0.00408272812656148,-0.0208535433065719));
#2087=CARTESIAN_POINT('',(-0.0201792814453386,0.00151926326113586,-0.0209066482397541));
#2088=CARTESIAN_POINT('',(-0.0224234797060489,0.00372199132107198,-0.0232145867567055));
#2089=CARTESIAN_POINT('',(-0.02204978055281,0.00379882281867609,-0.0206252792026756));
#2090=CARTESIAN_POINT('',(-0.0215341342403659,0.00123403039813294,-0.0207028450811227));
#2091=CARTESIAN_POINT('',(-0.00501549439010346,0.00176945659009869,-0.022015256886542));
#2092=CARTESIAN_POINT('',(-0.00496596081574765,0.00243799119094415,-0.0220160858461408));
#2093=CARTESIAN_POINT('',(-0.00487349057685416,0.00374775784660208,-0.0225643695445386));
#2094=CARTESIAN_POINT('',(-0.00484365574767376,0.00430053948918345,-0.0238943457409399));
#2095=CARTESIAN_POINT('',(-0.00484915542978267,0.00430094703300308,-0.0245552549445637));
#2096=CARTESIAN_POINT('',(0.0196727383659391,0.000762928448115444,-0.0384012556138627));
#2097=CARTESIAN_POINT('',(0.0209178325847441,0.000519200458461932,-0.0365090874991974));
#2098=CARTESIAN_POINT('',(0.0206177023226604,-0.00172976263276527,-0.0363040266280463));
#2099=CARTESIAN_POINT('',(0.0177279703522851,0.00114361803059965,-0.0370825725774666));
#2100=CARTESIAN_POINT('',(0.0189680423473737,0.000908523072073668,-0.0351747628023448));
#2101=CARTESIAN_POINT('',(0.018677429731022,-0.00135195511228635,-0.0349783556172332));
#2102=CARTESIAN_POINT('',(0.0147921738914916,0.00169171087079433,-0.0351233596160566));
#2103=CARTESIAN_POINT('',(0.0160241804944369,0.00147048816243717,-0.0331903340732133));
#2104=CARTESIAN_POINT('',(0.0157478223785797,-0.000808390639869354,-0.033007018728992));
#2105=CARTESIAN_POINT('',(0.0108233479049478,0.00236639769504911,-0.032570067479693));
#2106=CARTESIAN_POINT('',(0.0120466642306581,0.00216585106619142,-0.0306003520977643));
#2107=CARTESIAN_POINT('',(0.0117822288931673,-0.00014017764961643,-0.0304310935178197));
#2108=CARTESIAN_POINT('',(0.00781126335682935,0.00284111171138577,-0.030693596614347));
#2109=CARTESIAN_POINT('',(0.00901766130350396,0.00265921519351852,-0.0286871064723546));
#2110=CARTESIAN_POINT('',(0.00876756698726295,0.000329463714178212,-0.0285327291335511));
#2111=CARTESIAN_POINT('',(0.00526554689767463,0.00320687849967362,-0.0291755604145577));
#2112=CARTESIAN_POINT('',(0.00644986979897324,0.00304298026474771,-0.027130982553987));
#2113=CARTESIAN_POINT('',(0.0062116942940623,0.000690837409995394,-0.0269900349339901));
#2114=CARTESIAN_POINT('',(0.00319916988140842,0.0034790134605977,-0.028002728441503));
#2115=CARTESIAN_POINT('',(0.0043541883816826,0.00333185145225593,-0.0259189975026074));
#2116=CARTESIAN_POINT('',(0.00412615695713327,0.000959377688534459,-0.0257904339496687));
#2117=CARTESIAN_POINT('',(0.00162962728855529,0.00367224389974759,-0.0271495811188877));
#2118=CARTESIAN_POINT('',(0.00275133717865597,0.00353937568165106,-0.0250291842126274));
#2119=CARTESIAN_POINT('',(0.00253305230654547,0.00114987817566389,-0.0249120110714872));
#2120=CARTESIAN_POINT('',(0.000305095500544372,0.00382303104695221,-0.0264705077183904));
#2121=CARTESIAN_POINT('',(0.00138639742968581,0.00370366167510675,-0.0243120870034841));
#2122=CARTESIAN_POINT('',(0.00117608670735727,0.00129837811906082,-0.0242054248874476));
#2123=CARTESIAN_POINT('',(-0.000768382968927534,0.00393708205415655,-0.0259548179803437));
#2124=CARTESIAN_POINT('',(0.000265332260991461,0.00383003899725561,-0.0237581102866448));
#2125=CARTESIAN_POINT('',(6.13901402630046E-5,0.00141059966727586,-0.023661121609013));
#2126=CARTESIAN_POINT('',(-0.00158208377917938,0.00401922767530116,-0.0255854529361924));
#2127=CARTESIAN_POINT('',(-0.000596457939831175,0.00392254044549686,-0.0233542133183953));
#2128=CARTESIAN_POINT('',(-0.000795032220159691,0.00149137541439706,-0.0232656823152298));
#2129=CARTESIAN_POINT('',(-0.00226926645391038,0.00408478415543968,-0.0252964051020318));
#2130=CARTESIAN_POINT('',(-0.0013389281012627,0.0039979463312024,-0.023029881337252));
#2131=CARTESIAN_POINT('',(-0.0015333637496617,0.00155579376045994,-0.0229494107652302));
#2132=CARTESIAN_POINT('',(-0.00282652169864503,0.00413548098109066,-0.0250809553491143));
#2133=CARTESIAN_POINT('',(-0.00195754896374631,0.00405778852687748,-0.0227798155276698));
#2134=CARTESIAN_POINT('',(-0.00214900624355452,0.00160558251513385,-0.0227069615061132));
#2135=CARTESIAN_POINT('',(-0.00324906307826432,0.00417264222087655,-0.0249291478663196));
#2136=CARTESIAN_POINT('',(-0.00243903488691738,0.00410273646671284,-0.0225976324422962));
#2137=CARTESIAN_POINT('',(-0.00262822146284966,0.00164206371829961,-0.0225314473222193));
#2138=CARTESIAN_POINT('',(-0.00367744155262445,0.00420897608825744,-0.0247898664003863));
#2139=CARTESIAN_POINT('',(-0.00294661767850675,0.0041482700137042,-0.0224218826870454));
#2140=CARTESIAN_POINT('',(-0.00313385637599476,0.00167771792316425,-0.0223637455396547));
#2141=CARTESIAN_POINT('',(-0.00404090342601104,0.00423862507561044,-0.0246879070213836));
#2142=CARTESIAN_POINT('',(-0.00340432694432478,0.0041875234918498,-0.0222820002591597));
#2143=CARTESIAN_POINT('',(-0.00359051176680871,0.00170679962808624,-0.0222324606191549));
#2144=CARTESIAN_POINT('',(-0.00430061830169268,0.00425914584787391,-0.0246280882957985));
#2145=CARTESIAN_POINT('',(-0.0037653968144299,0.00421720593029666,-0.0221884418108132));
#2146=CARTESIAN_POINT('',(-0.00395159119973585,0.00172692082236469,-0.0221473572122111));
#2147=CARTESIAN_POINT('',(-0.00445107345198632,0.00427083583786018,-0.0245985601637673));
#2148=CARTESIAN_POINT('',(-0.00399291048943171,0.00423546182944573,-0.0221364468224445));
#2149=CARTESIAN_POINT('',(-0.0041792742934576,0.0017383811299479,-0.0221015680493443));
#2150=CARTESIAN_POINT('',(-0.00456536919369622,0.00427961450430049,-0.0245792966662058));
#2151=CARTESIAN_POINT('',(-0.00418240394315892,0.00425039554772422,-0.022098033851707));
#2152=CARTESIAN_POINT('',(-0.00436903478889672,0.00174698625916842,-0.0220690719880412));
#2153=CARTESIAN_POINT('',(-0.00466057073661501,0.00428684070517925,-0.0245665629326381));
#2154=CARTESIAN_POINT('',(-0.00435488160040972,0.004263756134577,-0.0220675266583366));
#2155=CARTESIAN_POINT('',(-0.00454182291106946,0.00175406872835077,-0.0220445352843353));
#2156=CARTESIAN_POINT('',(-0.00473678793312589,0.00429257421587141,-0.0245592102215365));
#2157=CARTESIAN_POINT('',(-0.00453264056728939,0.00427727118555422,-0.0220429672252515));
#2158=CARTESIAN_POINT('',(-0.00472019059649942,0.00175968767001788,-0.0220276707476617));
#2159=CARTESIAN_POINT('',(-0.00478443958081391,0.00429613720042884,-0.0245561051928424));
#2160=CARTESIAN_POINT('',(-0.00463820481904681,0.00428524283969833,-0.0220297779649114));
#2161=CARTESIAN_POINT('',(-0.00482584742768788,0.00176317923706281,-0.0220188608724493));
#2162=CARTESIAN_POINT('',(-0.00482257789999298,0.00429897582138492,-0.0245551261929094));
#2163=CARTESIAN_POINT('',(-0.0048208394586367,0.00429885158847248,-0.0220148558755627));
#2164=CARTESIAN_POINT('',(-0.00500909298076071,0.00176596082754544,-0.0220147302638883));
#2165=CARTESIAN_POINT('',(-0.00486072881673256,0.00430180666735634,-0.0245553285169364));
#2166=CARTESIAN_POINT('',(-0.00486172278270302,0.00430187769984963,-0.0220154829927488));
#2167=CARTESIAN_POINT('',(-0.00504919037407319,0.00176873471087864,-0.0220155547620913));
#2168=CARTESIAN_POINT('',(-0.00492749307380395,0.00430673775337946,-0.0245551997652828));
#2169=CARTESIAN_POINT('',(-0.0049267469183108,0.00430668442866887,-0.0220150839126038));
#2170=CARTESIAN_POINT('',(-0.0051128808714901,0.00177356634113302,-0.0220150300814166));
#2171=CARTESIAN_POINT('',(-0.00498472899464347,0.0043109257025445,-0.0245552549445629));
#2172=CARTESIAN_POINT('',(-0.00498472899464172,0.00431092570253728,-0.02201525494456));
#2173=CARTESIAN_POINT('',(-0.00516969722188483,0.00177766942655982,-0.0220152549445629));
#2174=CARTESIAN_POINT('',(-0.00502288947910935,0.00431370028172518,-0.0245552549445629));
#2175=CARTESIAN_POINT('',(-0.00502288947910938,0.00431370028172519,-0.0220152549445629));
#2176=CARTESIAN_POINT('',(-0.00520708202026166,0.00178038760702753,-0.0220152549445629));
#2177=CARTESIAN_POINT('',(0.010867365485745,1.32745719294689E-19,-0.0298587176602106));
#2178=CARTESIAN_POINT('',(0.0125317848048902,-2.9131654062797E-14,-0.0309127218505831));
#2179=CARTESIAN_POINT('',(0.0157926820117596,1.45631088377601E-14,-0.0331328876913033));
#2180=CARTESIAN_POINT('',(0.0188763370169106,-5.5042800098733E-18,-0.0355850187378698));
#2181=CARTESIAN_POINT('',(0.0203255972496769,-1.3228477621632E-18,-0.0369225179019323));
#2182=CARTESIAN_POINT('',(0.0203255972496768,-8.8590271036104E-19,-0.0369225179019323));
#2183=CARTESIAN_POINT('',(0.0203255972496768,1.15378330720545E-17,-0.0369225179019323));
#2184=CARTESIAN_POINT('',(0.0197040329602275,0.000568187216418543,-0.0370475236642271));
#2185=CARTESIAN_POINT('',(0.0189194600037672,0.00091058780184984,-0.0371925544019597));
#2186=CARTESIAN_POINT('',(0.0180974982383483,0.00106731101235469,-0.0373379999999954));
#2187=CARTESIAN_POINT('',(0.0206177023226604,0.00172976263276527,-0.0363040266280463));
#2188=CARTESIAN_POINT('',(0.0209178325847441,-0.000519200458461936,-0.0365090874991974));
#2189=CARTESIAN_POINT('',(0.0196727383659391,-0.000762928448115445,-0.0384012556138627));
#2190=CARTESIAN_POINT('',(0.0186774297310097,0.00135195511225349,-0.0349783556172249));
#2191=CARTESIAN_POINT('',(0.0189680423473747,-0.000908523072075168,-0.0351747628023399));
#2192=CARTESIAN_POINT('',(0.0177279703522868,-0.00114361803059932,-0.0370825725774502));
#2193=CARTESIAN_POINT('',(0.0157478223785825,0.000808390639876778,-0.0330070187289938));
#2194=CARTESIAN_POINT('',(0.016024180494433,-0.00147048816243752,-0.033190334073212));
#2195=CARTESIAN_POINT('',(0.0147921738914912,-0.0016917108707944,-0.0351233596160603));
#2196=CARTESIAN_POINT('',(0.0117822288931668,0.00014017764961503,-0.0304310935178193));
#2197=CARTESIAN_POINT('',(0.0120466642306598,-0.00216585106619119,-0.0306003520977652));
#2198=CARTESIAN_POINT('',(0.0108233479049478,-0.0023663976950491,-0.0325700674796923));
#2199=CARTESIAN_POINT('',(0.00876756698726309,-0.00032946371417783,-0.0285327291335512));
#2200=CARTESIAN_POINT('',(0.00901766130350331,-0.00265921519351862,-0.0286871064723543));
#2201=CARTESIAN_POINT('',(0.00781126335682932,-0.00284111171138577,-0.0306935966143472));
#2202=CARTESIAN_POINT('',(0.00621169429406225,-0.000690837409995434,-0.02699003493399));
#2203=CARTESIAN_POINT('',(0.00644986979897331,-0.00304298026474768,-0.027130982553987));
#2204=CARTESIAN_POINT('',(0.00526554689767461,-0.00320687849967361,-0.0291755604145577));
#2205=CARTESIAN_POINT('',(0.00412615695713328,-0.000959377688534464,-0.0257904339496687));
#2206=CARTESIAN_POINT('',(0.00435418838168258,-0.00333185145225595,-0.0259189975026074));
#2207=CARTESIAN_POINT('',(0.00319916988140843,-0.00347901346059771,-0.028002728441503));
#2208=CARTESIAN_POINT('',(0.00253305230654545,-0.00114987817566388,-0.0249120110714872));
#2209=CARTESIAN_POINT('',(0.00275133717865596,-0.00353937568165105,-0.0250291842126274));
#2210=CARTESIAN_POINT('',(0.00162962728855528,-0.00367224389974759,-0.0271495811188877));
#2211=CARTESIAN_POINT('',(0.00117608670735725,-0.00129837811906081,-0.0242054248874476));
#2212=CARTESIAN_POINT('',(0.00138639742968579,-0.00370366167510675,-0.0243120870034841));
#2213=CARTESIAN_POINT('',(0.000305095500544353,-0.00382303104695221,-0.0264705077183904));
#2214=CARTESIAN_POINT('',(6.13901402629954E-5,-0.00141059966727588,-0.023661121609013));
#2215=CARTESIAN_POINT('',(0.000265332260991452,-0.00383003899725562,-0.0237581102866449));
#2216=CARTESIAN_POINT('',(-0.000768382968927536,-0.00393708205415656,-0.0259548179803437));
#2217=CARTESIAN_POINT('',(-0.000795032220159711,-0.00149137541439705,-0.0232656823152298));
#2218=CARTESIAN_POINT('',(-0.000596457939831196,-0.00392254044549686,-0.0233542133183953));
#2219=CARTESIAN_POINT('',(-0.0015820837791794,-0.00401922767530115,-0.0255854529361924));
#2220=CARTESIAN_POINT('',(-0.00153336374966171,-0.00155579376045995,-0.0229494107652302));
#2221=CARTESIAN_POINT('',(-0.0013389281012627,-0.0039979463312024,-0.023029881337252));
#2222=CARTESIAN_POINT('',(-0.00226926645391038,-0.00408478415543969,-0.0252964051020318));
#2223=CARTESIAN_POINT('',(-0.00214900624355454,-0.00160558251513386,-0.0227069615061132));
#2224=CARTESIAN_POINT('',(-0.00195754896374634,-0.00405778852687749,-0.0227798155276697));
#2225=CARTESIAN_POINT('',(-0.00282652169864506,-0.00413548098109066,-0.0250809553491143));
#2226=CARTESIAN_POINT('',(-0.00262822146284967,-0.00164206371829962,-0.0225314473222192));
#2227=CARTESIAN_POINT('',(-0.00243903488691739,-0.00410273646671285,-0.0225976324422961));
#2228=CARTESIAN_POINT('',(-0.00324906307826433,-0.00417264222087655,-0.0249291478663196));
#2229=CARTESIAN_POINT('',(-0.00313385637599478,-0.00167771792316427,-0.0223637455396547));
#2230=CARTESIAN_POINT('',(-0.00294661767850678,-0.00414827001370422,-0.0224218826870454));
#2231=CARTESIAN_POINT('',(-0.00367744155262447,-0.00420897608825745,-0.0247898664003863));
#2232=CARTESIAN_POINT('',(-0.00359051176680874,-0.00170679962808618,-0.0222324606191549));
#2233=CARTESIAN_POINT('',(-0.0034043269443248,-0.00418752349184977,-0.0222820002591596));
#2234=CARTESIAN_POINT('',(-0.00404090342601107,-0.00423862507561041,-0.0246879070213836));
#2235=CARTESIAN_POINT('',(-0.00395159119973585,-0.00172692082236472,-0.0221473572122111));
#2236=CARTESIAN_POINT('',(-0.00376539681442992,-0.00421720593029668,-0.0221884418108132));
#2237=CARTESIAN_POINT('',(-0.00430061830169268,-0.00425914584787393,-0.0246280882957985));
#2238=CARTESIAN_POINT('',(-0.0041792742934576,-0.0017383811299479,-0.0221015680493443));
#2239=CARTESIAN_POINT('',(-0.00399291048943171,-0.00423546182944574,-0.0221364468224444));
#2240=CARTESIAN_POINT('',(-0.00445107345198631,-0.00427083583786018,-0.0245985601637672));
#2241=CARTESIAN_POINT('',(-0.00436903478889673,-0.00174698625916842,-0.0220690719880412));
#2242=CARTESIAN_POINT('',(-0.00418240394315893,-0.00425039554772422,-0.022098033851707));
#2243=CARTESIAN_POINT('',(-0.00456536919369622,-0.00427961450430048,-0.0245792966662058));
#2244=CARTESIAN_POINT('',(-0.00454182291106948,-0.00175406872835077,-0.0220445352843353));
#2245=CARTESIAN_POINT('',(-0.00435488160040974,-0.004263756134577,-0.0220675266583366));
#2246=CARTESIAN_POINT('',(-0.00466057073661502,-0.00428684070517925,-0.0245665629326381));
#2247=CARTESIAN_POINT('',(-0.00472019059649944,-0.00175968767001786,-0.0220276707476617));
#2248=CARTESIAN_POINT('',(-0.0045326405672894,-0.00427727118555423,-0.0220429672252515));
#2249=CARTESIAN_POINT('',(-0.0047367879331259,-0.0042925742158714,-0.0245592102215365));
#2250=CARTESIAN_POINT('',(-0.00482584742768788,-0.00176317923706285,-0.0220188608724493));
#2251=CARTESIAN_POINT('',(-0.00463820481904681,-0.00428524283969835,-0.0220297779649114));
#2252=CARTESIAN_POINT('',(-0.00478443958081392,-0.00429613720042886,-0.0245561051928424));
#2253=CARTESIAN_POINT('',(-0.00500909298076077,-0.00176596082754541,-0.0220147302638883));
#2254=CARTESIAN_POINT('',(-0.00482083945863676,-0.00429885158847246,-0.0220148558755627));
#2255=CARTESIAN_POINT('',(-0.00482257789999299,-0.00429897582138491,-0.0245551261929094));
#2256=CARTESIAN_POINT('',(-0.00504919037407318,-0.00176873471087865,-0.0220155547620913));
#2257=CARTESIAN_POINT('',(-0.00486172278270301,-0.00430187769984964,-0.0220154829927488));
#2258=CARTESIAN_POINT('',(-0.00486072881673258,-0.00430180666735636,-0.0245553285169364));
#2259=CARTESIAN_POINT('',(-0.00511288087149001,-0.00177356634113304,-0.0220150300814166));
#2260=CARTESIAN_POINT('',(-0.00492674691831074,-0.00430668442866888,-0.0220150839126038));
#2261=CARTESIAN_POINT('',(-0.00492749307380387,-0.00430673775337944,-0.0245551997652828));
#2262=CARTESIAN_POINT('',(-0.00516969722188533,-0.00177766942655969,-0.0220152549445629));
#2263=CARTESIAN_POINT('',(-0.00498472899464213,-0.00431092570253723,-0.0220152549445597));
#2264=CARTESIAN_POINT('',(-0.0049847289946439,-0.00431092570254453,-0.0245552549445629));
#2265=CARTESIAN_POINT('',(-0.00520708202026167,-0.00178038760702753,-0.0220152549445629));
#2266=CARTESIAN_POINT('',(-0.00502288947910939,-0.00431370028172519,-0.0220152549445629));
#2267=CARTESIAN_POINT('',(-0.00502288947910936,-0.00431370028172518,-0.0245552549445629));
#2268=CARTESIAN_POINT('',(0.0180974982383339,-0.00106731101235744,-0.037338));
#2269=CARTESIAN_POINT('',(0.0189206899956626,-0.000910353279656052,-0.0371923367556985));
#2270=CARTESIAN_POINT('',(0.0197027260040202,-0.00056938193725765,-0.0370477865124309));
#2271=CARTESIAN_POINT('',(0.0203255972496769,-2.04549019803253E-17,-0.0369225179019323));
#2272=CARTESIAN_POINT('',(-0.00501549439010346,-0.00176945659009869,-0.022015256886542));
#2273=CARTESIAN_POINT('',(-0.00496596081574764,-0.00243799119094417,-0.0220160858461408));
#2274=CARTESIAN_POINT('',(-0.00487349057686097,-0.00374775784660263,-0.0225643695445385));
#2275=CARTESIAN_POINT('',(-0.0048436557476589,-0.00430053948918237,-0.0238943457409401));
#2276=CARTESIAN_POINT('',(-0.00484915542978267,-0.00430094703300308,-0.0245552549445638));
#2277=CARTESIAN_POINT('',(-0.00489283528708178,-0.00176032702391497,-0.0220173096243497));
#2278=CARTESIAN_POINT('',(-0.00470333768640981,-0.00429006379662603,-0.0220204809249691));
#2279=CARTESIAN_POINT('',(-0.00474554935212107,-0.00429322667497197,-0.0245569540094888));
#2280=CARTESIAN_POINT('',(-0.00560208699584687,-0.00181347055279876,-0.0220054400789027));
#2281=CARTESIAN_POINT('',(-0.00542707499430404,-0.00434453558740999,-0.0220083689585612));
#2282=CARTESIAN_POINT('',(-0.00546929237302326,-0.00434745602342976,-0.0245450844640378));
#2283=CARTESIAN_POINT('',(-0.00698260612914515,-0.00190759845669391,-0.0219744176862148));
#2284=CARTESIAN_POINT('',(-0.00683823172050437,-0.00443870325979455,-0.0219793510329769));
#2285=CARTESIAN_POINT('',(-0.00691909548637853,-0.00444364264094413,-0.0245132821789567));
#2286=CARTESIAN_POINT('',(-0.0097786667506619,-0.00204059462256799,-0.0218690411526246));
#2287=CARTESIAN_POINT('',(-0.00970481674558585,-0.00457580181979294,-0.0218732014284879));
#2288=CARTESIAN_POINT('',(-0.00982874823972999,-0.00457994441804897,-0.0244061209438134));
#2289=CARTESIAN_POINT('',(-0.0132660483596986,-0.00208971330466819,-0.0216578855063768));
#2290=CARTESIAN_POINT('',(-0.0133018127413662,-0.00463172837697347,-0.0216568855050193));
#2291=CARTESIAN_POINT('',(-0.0134941431801134,-0.00463100890951003,-0.0241908741967409));
#2292=CARTESIAN_POINT('',(-0.017442944369369,-0.00189219801718428,-0.0212645684685832));
#2293=CARTESIAN_POINT('',(-0.0176629953304527,-0.00444678203597022,-0.0212425402078875));
#2294=CARTESIAN_POINT('',(-0.0179377108333663,-0.00442605653861212,-0.0237893653020717));
#2295=CARTESIAN_POINT('',(-0.0201792814453243,-0.00151926326115572,-0.0209066482397562));
#2296=CARTESIAN_POINT('',(-0.0205774290910957,-0.00408272812656939,-0.0208535433065973));
#2297=CARTESIAN_POINT('',(-0.0209154178832838,-0.00403204460141367,-0.0234232765355814));
#2298=CARTESIAN_POINT('',(-0.0215341342403659,-0.00123403039813293,-0.0207028450811227));
#2299=CARTESIAN_POINT('',(-0.02204978055281,-0.00379882281867609,-0.0206252792026756));
#2300=CARTESIAN_POINT('',(-0.0224234797060489,-0.00372199132107198,-0.0232145867567055));
#2301=CARTESIAN_POINT('',(-0.0224228115303427,-0.00372212430644682,-0.0232099630632909));
#2302=CARTESIAN_POINT('',(-0.0223259150586074,-0.00374077444541938,-0.0225403192459119));
#2303=CARTESIAN_POINT('',(-0.0220180443758797,-0.00321823789043902,-0.0212078333130913));
#2304=CARTESIAN_POINT('',(-0.0216674903374709,-0.00189733526201759,-0.0206827850466212));
#2305=CARTESIAN_POINT('',(-0.0215341342403658,-0.00123403039813297,-0.0207028450811227));
#2306=CARTESIAN_POINT('',(-0.0224228112989386,-0.00372212316150126,-0.023209963064887));
#2307=CARTESIAN_POINT('',(-0.0224199406453311,-0.00372271873204413,-0.0232150764600272));
#2308=CARTESIAN_POINT('',(-0.0224207542396156,-0.00372255155587999,-0.0232134465695755));
#2309=CARTESIAN_POINT('',(-0.0224215675597338,-0.00372238304964363,-0.0232118166807865));
#2310=CARTESIAN_POINT('',(-0.0224223806056831,-0.00372221321332185,-0.0232101867936602));
#2311=CARTESIAN_POINT('',(-0.021366710125489,-0.00127083561197015,-0.0207278931581271));
#2312=CARTESIAN_POINT('',(-0.0219065983046215,-0.0038333044339915,-0.0206475612217223));
#2313=CARTESIAN_POINT('',(-0.0222752732597165,-0.00375390835436134,-0.0232402343538063));
#2314=CARTESIAN_POINT('',(-0.0218749296636389,-0.00115877291886557,-0.0206522733146182));
#2315=CARTESIAN_POINT('',(-0.0224148660150923,-0.00372384632446805,-0.0205692656918835));
#2316=CARTESIAN_POINT('',(-0.0227956353297536,-0.00364184566125396,-0.0231628077786052));
#2317=CARTESIAN_POINT('',(-0.0228913156090049,-0.000944924231813023,-0.020493514394661));
#2318=CARTESIAN_POINT('',(-0.0233565165353304,-0.0035194476324188,-0.0204167955937222));
#2319=CARTESIAN_POINT('',(-0.0237664430450048,-0.00344267839592309,-0.0230001976064846));
#2320=CARTESIAN_POINT('',(-0.0249258647287174,-0.000583121391100737,-0.0201443574000646));
#2321=CARTESIAN_POINT('',(-0.0252999754654835,-0.00316623649323686,-0.0200744205098244));
#2322=CARTESIAN_POINT('',(-0.0257652622361057,-0.00309547846580886,-0.0226422909099738));
#2323=CARTESIAN_POINT('',(-0.0274739989233434,-0.000249073962556588,-0.0196457154886371));
#2324=CARTESIAN_POINT('',(-0.0277009423624915,-0.00283303102702863,-0.0195953592166271));
#2325=CARTESIAN_POINT('',(-0.0282420741508541,-0.00277981268974503,-0.0221305610771705));
#2326=CARTESIAN_POINT('',(-0.0305279469787603,-5.85143064901632E-5,-0.0189409662120567));
#2327=CARTESIAN_POINT('',(-0.0305811060834192,-0.00261811025482937,-0.018925538635516));
#2328=CARTESIAN_POINT('',(-0.031208710723115,-0.00259973289183482,-0.0214060578219114));
#2329=CARTESIAN_POINT('',(-0.0335453297270596,-9.21990240536499E-5,-0.0181299626950413));
#2330=CARTESIAN_POINT('',(-0.0334202093476946,-0.0025998259128416,-0.0181636478571205));
#2331=CARTESIAN_POINT('',(-0.0341279454665036,-0.00263180236510052,-0.0205707991269658));
#2332=CARTESIAN_POINT('',(-0.0365254866515148,-0.000362144136007279,-0.0172058052676578));
#2333=CARTESIAN_POINT('',(-0.0362294064085642,-0.00278734863175884,-0.0173015406652594));
#2334=CARTESIAN_POINT('',(-0.0370030167511235,-0.00288424250595057,-0.0196171895684796));
#2335=CARTESIAN_POINT('',(-0.039422664214167,-0.000870416500482144,-0.016177960771378));
#2336=CARTESIAN_POINT('',(-0.0389727093507448,-0.00318625041089863,-0.0163455021853542));
#2337=CARTESIAN_POINT('',(-0.0397944018801405,-0.00335846611072461,-0.0185545315331715));
#2338=CARTESIAN_POINT('',(-0.0417682172513116,-0.0014958157760183,-0.015233006870217));
#2339=CARTESIAN_POINT('',(-0.0412156091014603,-0.00369829595564093,-0.0154637604523478));
#2340=CARTESIAN_POINT('',(-0.0420459182384625,-0.00393738232097249,-0.0175756818469839));
#2341=CARTESIAN_POINT('',(-0.0435818339985673,-0.00210621431797786,-0.0144328378334915));
#2342=CARTESIAN_POINT('',(-0.0429690055302906,-0.00422013946514654,-0.0147105187269358));
#2343=CARTESIAN_POINT('',(-0.0438022491611378,-0.00450788882867164,-0.0167456215847366));
#2344=CARTESIAN_POINT('',(-0.0444688487876315,-0.00245365977000241,-0.0140179932936809));
#2345=CARTESIAN_POINT('',(-0.0438177715456661,-0.0045048492053014,-0.0143254469771189));
#2346=CARTESIAN_POINT('',(-0.0446348948922311,-0.0048217761808015,-0.0163148909783052));
#2347=CARTESIAN_POINT('',(-0.0449089951581527,-0.00263099037457166,-0.0138061409239287));
#2348=CARTESIAN_POINT('',(-0.0442643656762136,-0.00467806384623667,-0.0141164156245907));
#2349=CARTESIAN_POINT('',(-0.0450921010888088,-0.00499910678537269,-0.0160948273297768));
#2350=CARTESIAN_POINT('',(-0.0224269453433695,-0.00372124509417658,-0.0232175332633683));
#2351=CARTESIAN_POINT('',(-0.0224255914222532,-0.00372153657735641,-0.023215171551031));
#2352=CARTESIAN_POINT('',(-0.022424236709668,-0.00372182436872232,-0.0232128098442531));
#2353=CARTESIAN_POINT('',(-0.022422881205644,-0.00372210846841575,-0.0232104481430344));
#2354=CARTESIAN_POINT('',(-0.0224269453433606,-0.00372124509417848,-0.0344207201583523));
#2355=CARTESIAN_POINT('',(-0.0225640117705833,-0.00369173631587823,-0.0351383441988661));
#2356=CARTESIAN_POINT('',(-0.0224159051611752,-0.00297631298954274,-0.0351679437491392));
#2357=CARTESIAN_POINT('',(-0.0261697029080322,-0.00291547372152828,-0.0336624118168186));
#2358=CARTESIAN_POINT('',(-0.0263269240318744,-0.00289165244780729,-0.0343915642916323));
#2359=CARTESIAN_POINT('',(-0.0261850161348858,-0.00215943856711321,-0.0344146756121044));
#2360=CARTESIAN_POINT('',(-0.031939318264864,-0.00228179345796113,-0.0327957655030439));
#2361=CARTESIAN_POINT('',(-0.0320515459521572,-0.00228757231832819,-0.0335553465914004));
#2362=CARTESIAN_POINT('',(-0.0320087901871642,-0.00151172864634304,-0.0335538782874992));
#2363=CARTESIAN_POINT('',(-0.0386719557046351,-0.00308132338766892,-0.032331292029786));
#2364=CARTESIAN_POINT('',(-0.0387067420885331,-0.00308889422616141,-0.0331006757938376));
#2365=CARTESIAN_POINT('',(-0.0388466060594954,-0.00233011709134103,-0.0330925195324169));
#2366=CARTESIAN_POINT('',(-0.0424431917279727,-0.00402945760311407,-0.0322194751484387));
#2367=CARTESIAN_POINT('',(-0.0424517809466372,-0.00403265406195874,-0.0329857721354401));
#2368=CARTESIAN_POINT('',(-0.0426689531765581,-0.00329615120306974,-0.0329814472385069));
#2369=CARTESIAN_POINT('',(-0.0442433282274263,-0.00466990432534654,-0.0322115233033417));
#2370=CARTESIAN_POINT('',(-0.0442423114189033,-0.00466950994907935,-0.0329736673194415));
#2371=CARTESIAN_POINT('',(-0.0445192431502806,-0.00395946940208437,-0.0329735474869759));
#2372=CARTESIAN_POINT('',(-0.0451654074015357,-0.00502753914882717,-0.0322184380216226));
#2373=CARTESIAN_POINT('',(-0.0451604539076084,-0.00502561790174119,-0.0329783559588183));
#2374=CARTESIAN_POINT('',(-0.0454352404138966,-0.00431710422558686,-0.0329804165967023));
#2375=CARTESIAN_POINT('',(-0.0448414317260652,-0.0049018802587682,-0.0322184107563673));
#2376=CARTESIAN_POINT('',(-0.0448407855836167,-0.00490106958870106,-0.0324226837717379));
#2377=CARTESIAN_POINT('',(-0.0449443720741449,-0.00475686525951353,-0.0328195724343843));
#2378=CARTESIAN_POINT('',(-0.0451849089161387,-0.00442815606706757,-0.0329787505001539));
#2379=CARTESIAN_POINT('',(-0.045304123721965,-0.00426591198100286,-0.0329795082607069));
#2380=CARTESIAN_POINT('',(-0.0222665702845762,-0.00297631298954083,-0.0344207201583505));
#2381=CARTESIAN_POINT('',(-0.0222665702845762,-0.00297631298954083,-0.029191381245539));
#2382=CARTESIAN_POINT('',(-0.0222665702845762,-0.00297631298954083,-0.0344207201583505));
#2383=CARTESIAN_POINT('',(-0.022266570284576,-0.00297631298954087,-0.0344207201583505));
#2384=CARTESIAN_POINT('',(-0.0222665702845671,-0.00297631298954267,-0.0344207201583523));
#2385=CARTESIAN_POINT('',(-0.0105713754391613,-0.00457909610502789,-0.037393298978343));
#2386=CARTESIAN_POINT('',(-0.0107981235643831,-0.00458365306279881,-0.0381255248504702));
#2387=CARTESIAN_POINT('',(-0.0108121772036574,-0.00381724994034209,-0.0381211711072764));
#2388=CARTESIAN_POINT('',(-0.0125116721706297,-0.00461809025441595,-0.0367973227373316));
#2389=CARTESIAN_POINT('',(-0.0127182669363614,-0.00461734033228478,-0.0375304164775582));
#2390=CARTESIAN_POINT('',(-0.0127237166974896,-0.00385591211204471,-0.0375289862718456));
#2391=CARTESIAN_POINT('',(-0.0164421639616436,-0.00457295372806836,-0.0356986801267787));
#2392=CARTESIAN_POINT('',(-0.0166058153596488,-0.00456276791597513,-0.036432066883447));
#2393=CARTESIAN_POINT('',(-0.0165894687898078,-0.0038110693935581,-0.0364374443561054));
#2394=CARTESIAN_POINT('',(-0.0204302772426237,-0.00413155185922617,-0.0348088147270479));
#2395=CARTESIAN_POINT('',(-0.0205763825682557,-0.00411076321804318,-0.0355330182326273));
#2396=CARTESIAN_POINT('',(-0.0204869121399403,-0.00337533178790789,-0.0355534587922337));
#2397=CARTESIAN_POINT('',(-0.0224199406453312,-0.00372271873204411,-0.0344207201583505));
#2398=CARTESIAN_POINT('',(-0.0225577884025524,-0.00369439397641807,-0.0351395879576398));
#2399=CARTESIAN_POINT('',(-0.022415905161184,-0.00297631298954082,-0.0351679437491374));
#2400=CARTESIAN_POINT('',(-0.0108805525668693,-0.00382266570103743,-0.0381));
#2401=CARTESIAN_POINT('',(-0.0108769020616266,-0.00402504658309437,-0.0381));
#2402=CARTESIAN_POINT('',(-0.0108445861952602,-0.00442021739704769,-0.0379333289513703));
#2403=CARTESIAN_POINT('',(-0.0107816203533322,-0.00458307816571715,-0.0375353078391914));
#2404=CARTESIAN_POINT('',(-0.0107519190320774,-0.00458254156434149,-0.037338));
#2405=CARTESIAN_POINT('',(0.0180974982383347,-0.00106731101235728,-0.037338));
#2406=CARTESIAN_POINT('',(0.0180974982383347,-0.00106731101235729,-0.0381));
#2407=CARTESIAN_POINT('',(0.0179547790345183,-0.000318795662573468,-0.0381));
#2408=CARTESIAN_POINT('',(0.0132931693591595,-0.00198335100099139,-0.0373380000000508));
#2409=CARTESIAN_POINT('',(0.013293169359798,-0.00198335100109429,-0.0381000000012928));
#2410=CARTESIAN_POINT('',(0.0131618986447807,-0.00123265277118065,-0.0381));
#2411=CARTESIAN_POINT('',(0.00364040316355308,-0.0035983581366054,-0.0373379999999746));
#2412=CARTESIAN_POINT('',(0.00364040316323161,-0.00359835813723191,-0.0380999999993536));
#2413=CARTESIAN_POINT('',(0.0035373093779784,-0.0028429969076687,-0.0381));
#2414=CARTESIAN_POINT('',(-0.00612644038312826,-0.00451488295511819,-0.037338));
#2415=CARTESIAN_POINT('',(-0.00612644038312381,-0.00451488295376226,-0.0381));
#2416=CARTESIAN_POINT('',(-0.00618087524367955,-0.0037536022413973,-0.0381));
#2417=CARTESIAN_POINT('',(-0.0110437381594196,-0.00458732889633173,-0.037338));
#2418=CARTESIAN_POINT('',(-0.0110437381594196,-0.00458732889633173,-0.0381));
#2419=CARTESIAN_POINT('',(-0.0110549633931734,-0.00382541158183679,-0.0381));
#2420=CARTESIAN_POINT('',(0.0179547790345174,-0.000318795662573621,-0.037338));
#2421=CARTESIAN_POINT('',(0.0179547790345354,0.000318795662570203,-0.0381));
#2422=CARTESIAN_POINT('',(0.0180974982383519,0.00106731101235401,-0.0381));
#2423=CARTESIAN_POINT('',(0.0180974982383519,0.00106731101235401,-0.037338));
#2424=CARTESIAN_POINT('',(0.0127408528856536,0.00131293344352928,-0.0381));
#2425=CARTESIAN_POINT('',(0.0128711178716889,0.0020638234355023,-0.0381000000014063));
#2426=CARTESIAN_POINT('',(0.0128711178709981,0.00206382343536126,-0.0373380000000552));
#2427=CARTESIAN_POINT('',(0.00488565115572292,0.00262090373596849,-0.0381));
#2428=CARTESIAN_POINT('',(0.00499338998788272,0.00337586647298484,-0.0380999999996857));
#2429=CARTESIAN_POINT('',(0.00499338998803919,0.00337586647329434,-0.0373379999999875));
#2430=CARTESIAN_POINT('',(-0.00567542136403794,0.00368108759545684,-0.0381));
#2431=CARTESIAN_POINT('',(-0.00562038971168981,0.00444155076777196,-0.038100000000055));
#2432=CARTESIAN_POINT('',(-0.00562038971172035,0.00444155076730314,-0.0373380000000025));
#2433=CARTESIAN_POINT('',(-0.0109703270690346,0.00387048275597118,-0.0381));
#2434=CARTESIAN_POINT('',(-0.0109557403828189,0.00463287181607835,-0.0381000000000196));
#2435=CARTESIAN_POINT('',(-0.0109557403828208,0.00463287181709564,-0.037338));
#2436=CARTESIAN_POINT('',(-0.0136263208725473,0.00382238756391869,-0.0381));
#2437=CARTESIAN_POINT('',(-0.0136401170379949,0.00458426266248731,-0.0381));
#2438=CARTESIAN_POINT('',(-0.0136401170379949,0.00458426266248731,-0.037338));
#2439=CARTESIAN_POINT('',(0.0179547790345345,0.000318795662570354,-0.037338));
#2440=CARTESIAN_POINT('',(0.0179547790345174,-0.000318795662573623,-0.0381));
#2441=CARTESIAN_POINT('',(0.0180974982383339,-0.0010673110123575,-0.0381));
#2442=CARTESIAN_POINT('',(0.0180974982383339,-0.00106731101235745,-0.037338));
#2443=CARTESIAN_POINT('',(0.0183368009854037,-0.000245955646552399,-0.0381));
#2444=CARTESIAN_POINT('',(0.0185681675880158,-0.00105963384745713,-0.0381000000000031));
#2445=CARTESIAN_POINT('',(0.0185301820451878,-0.000984811316878539,-0.0372614368800806));
#2446=CARTESIAN_POINT('',(0.0190710642594383,-2.89426443161473E-5,-0.0381));
#2447=CARTESIAN_POINT('',(0.0195307906072517,-0.000962126584928303,-0.0380999999999978));
#2448=CARTESIAN_POINT('',(0.0193581027741491,-0.000717227674424397,-0.0371114061749888));
#2449=CARTESIAN_POINT('',(0.0197565943768797,0.000353706676100767,-0.0381));
#2450=CARTESIAN_POINT('',(0.0204805900866873,-0.000731061262896943,-0.0381000000000011));
#2451=CARTESIAN_POINT('',(0.0201218088161083,-0.000212528298658576,-0.0369643943591219));
#2452=CARTESIAN_POINT('',(0.0200566391136026,0.000600854616355243,-0.0381));
#2453=CARTESIAN_POINT('',(0.0209946060731683,-0.000537864202716287,-0.0381));
#2454=CARTESIAN_POINT('',(0.0204517089987914,0.000121228432804739,-0.0368969529391667));
#2455=CARTESIAN_POINT('',(0.0203255972496768,-8.8590271036104E-19,-0.0369225179019323));
#2456=CARTESIAN_POINT('',(0.0204691554701242,-1.37639893855622E-18,-0.0370550054949135));
#2457=CARTESIAN_POINT('',(0.0206317163708315,-3.13285439302979E-18,-0.0374718823204336));
#2458=CARTESIAN_POINT('',(0.0201683910609527,-2.73850467458915E-17,-0.0379303787041461));
#2459=CARTESIAN_POINT('',(0.0196101533860379,9.88661878154262E-17,-0.0380764881957095));
#2460=CARTESIAN_POINT('',(0.0192225306542944,-2.16329071711425E-16,-0.0381000000000007));
#2461=CARTESIAN_POINT('',(0.0190290974979149,1.57052243605992E-18,-0.0381));
#2462=CARTESIAN_POINT('',(0.0180974982383533,0.00106731101235374,-0.0373379999999966));
#2463=CARTESIAN_POINT('',(0.018097498238354,0.00106731101235712,-0.0381));
#2464=CARTESIAN_POINT('',(0.0179547790345345,0.000318795662570358,-0.0381));
#2465=CARTESIAN_POINT('',(0.0185301820487168,0.000984811316203915,-0.0372614368821313));
#2466=CARTESIAN_POINT('',(0.018568167590662,0.00105963384464194,-0.0380999999999997));
#2467=CARTESIAN_POINT('',(0.0183368009854466,0.000245955646548168,-0.0381));
#2468=CARTESIAN_POINT('',(0.0193581027724057,0.000717227674764652,-0.0371114061739747));
#2469=CARTESIAN_POINT('',(0.0195307906065572,0.000962126586442076,-0.0381000000000002));
#2470=CARTESIAN_POINT('',(0.0190710642594478,2.89426443310823E-5,-0.0381));
#2471=CARTESIAN_POINT('',(0.0201218088161061,0.000212528298633294,-0.0369643943590919));
#2472=CARTESIAN_POINT('',(0.0204805900866897,0.00073106126286703,-0.0381));
#2473=CARTESIAN_POINT('',(0.0197565943768535,-0.000353706676141468,-0.0381));
#2474=CARTESIAN_POINT('',(0.020451708998793,-0.000121228432806195,-0.0368969529391664));
#2475=CARTESIAN_POINT('',(0.0209946060731709,0.000537864202715364,-0.0381));
#2476=CARTESIAN_POINT('',(0.020056639113604,-0.000600854616356315,-0.0381));
#2477=CARTESIAN_POINT('',(-0.0150363854693326,0.00457604747642536,-0.0368981800806419));
#2478=CARTESIAN_POINT('',(-0.0151781943228075,0.00528230141884627,-0.0368599866949483));
#2479=CARTESIAN_POINT('',(-0.0149986403813746,0.00532096929914273,-0.0361623992137182));
#2480=CARTESIAN_POINT('',(-0.0162723348626767,0.00430814124113651,-0.0365653017678915));
#2481=CARTESIAN_POINT('',(-0.0164165904128664,0.00501560634445028,-0.0365281194995608));
#2482=CARTESIAN_POINT('',(-0.016242660485776,0.00505306306383812,-0.03582734721593));
#2483=CARTESIAN_POINT('',(-0.0187568574273671,0.00377671750757256,-0.0359399639863014));
#2484=CARTESIAN_POINT('',(-0.0188996454280666,0.0044885798289337,-0.0359062183995708));
#2485=CARTESIAN_POINT('',(-0.0187395638597275,0.00452239652552836,-0.0351978923595623));
#2486=CARTESIAN_POINT('',(-0.022496935996945,0.00293372130697345,-0.0351297414457273));
#2487=CARTESIAN_POINT('',(-0.0226662146712416,0.00364268774502332,-0.0350963498579268));
#2488=CARTESIAN_POINT('',(-0.0225224188416069,0.00367599294637991,-0.0343822696639611));
#2489=CARTESIAN_POINT('',(-0.0263020570531992,0.00222729857610046,-0.0344388040307398));
#2490=CARTESIAN_POINT('',(-0.0264129261601203,0.002966456061666,-0.0344214076714877));
#2491=CARTESIAN_POINT('',(-0.0262797943269977,0.00298374539705962,-0.0336866856127198));
#2492=CARTESIAN_POINT('',(-0.0301504048374528,0.0018597990414775,-0.0338759721068831));
#2493=CARTESIAN_POINT('',(-0.0301987157484743,0.00261673665356747,-0.0338705364834795));
#2494=CARTESIAN_POINT('',(-0.0300948251806699,0.00262151842286654,-0.0331200473498628));
#2495=CARTESIAN_POINT('',(-0.0340327618271554,0.00183173948562106,-0.0334446872992366));
#2496=CARTESIAN_POINT('',(-0.0340064015402757,0.00259855595831972,-0.0334480661947024));
#2497=CARTESIAN_POINT('',(-0.0339292724717661,0.0025943703391972,-0.0326858402041637));
#2498=CARTESIAN_POINT('',(-0.037938944958967,0.00220429899106785,-0.0331484125740571));
#2499=CARTESIAN_POINT('',(-0.037826404914218,0.00296743332349547,-0.033156040857974));
#2500=CARTESIAN_POINT('',(-0.0377818987862188,0.0029596288308677,-0.0323875617560773));
#2501=CARTESIAN_POINT('',(-0.0411368807901875,0.00287684319976772,-0.0330167430623462));
#2502=CARTESIAN_POINT('',(-0.0409473383936488,0.00362199795960497,-0.0330229427775919));
#2503=CARTESIAN_POINT('',(-0.0409280592102584,0.00361665226894011,-0.032255007218176));
#2504=CARTESIAN_POINT('',(-0.0436449541874623,0.00363472776178587,-0.032975940810016));
#2505=CARTESIAN_POINT('',(-0.0434034942309619,0.00436047329698139,-0.0329781926804124));
#2506=CARTESIAN_POINT('',(-0.0433995820556385,0.00435888524373902,-0.0322139323527673));
#2507=CARTESIAN_POINT('',(-0.0448681778809642,0.00409570494897668,-0.0329759473699969));
#2508=CARTESIAN_POINT('',(-0.0445922961923152,0.00480525397863857,-0.0329752369995453));
#2509=CARTESIAN_POINT('',(-0.0445945802652431,0.00480613987221612,-0.0322139391246967));
#2510=CARTESIAN_POINT('',(-0.0454775381215095,0.00433361860551332,-0.0329807415843074));
#2511=CARTESIAN_POINT('',(-0.045202789687161,0.00504203812841189,-0.0329785799682582));
#2512=CARTESIAN_POINT('',(-0.045207985933613,0.00504405352875363,-0.032218765166896));
#2513=CARTESIAN_POINT('',(-0.0448414317260652,0.0049018802587682,-0.0322184107563673));
#2514=CARTESIAN_POINT('',(-0.0448407855836167,0.00490106958870105,-0.0324226837717392));
#2515=CARTESIAN_POINT('',(-0.0449443720741567,0.00475686525952857,-0.0328195724343782));
#2516=CARTESIAN_POINT('',(-0.0451849089161082,0.00442815606704677,-0.0329787505001537));
#2517=CARTESIAN_POINT('',(-0.045304123721965,0.00426591198100281,-0.0329795082607068));
#2518=CARTESIAN_POINT('',(-0.100414650176204,0.013813102617837,-0.0155540610198134));
#2519=CARTESIAN_POINT('',(-0.0999476621746081,0.013813102617837,-0.0206125511311376));
#2520=CARTESIAN_POINT('',(-0.0999476621746081,0.00873310261783702,-0.0206125511311376));
#2521=CARTESIAN_POINT('',(-0.0988006609014846,0.013813102617837,-0.0154050612958976));
#2522=CARTESIAN_POINT('',(-0.0984808451190793,0.013813102617843,-0.0204771380032529));
#2523=CARTESIAN_POINT('',(-0.0984808451190977,0.00873310261783702,-0.0204771380038239));
#2524=CARTESIAN_POINT('',(-0.0955774589252351,0.013813102617837,-0.0152437373081113));
#2525=CARTESIAN_POINT('',(-0.0956081184361434,0.0138131026178342,-0.0203371705165001));
#2526=CARTESIAN_POINT('',(-0.0956081184361347,0.00873310261783702,-0.0203371705162283));
#2527=CARTESIAN_POINT('',(-0.0914977347192936,0.013813102617837,-0.0155874690147986));
#2528=CARTESIAN_POINT('',(-0.0922504962315113,0.0138131026178374,-0.0206366670394124));
#2529=CARTESIAN_POINT('',(-0.0922504962315124,0.00873310261783702,-0.0206366670394461));
#2530=CARTESIAN_POINT('',(-0.0883609301373571,0.013813102617837,-0.0163864653797347));
#2531=CARTESIAN_POINT('',(-0.0899410499029979,0.013813102617837,-0.021232710544112));
#2532=CARTESIAN_POINT('',(-0.0899410499029977,0.00873310261783702,-0.0212327105441057));
#2533=CARTESIAN_POINT('',(-0.0860842959978075,0.013813102617837,-0.0173296487457609));
#2534=CARTESIAN_POINT('',(-0.0884184421992897,0.013813102617837,-0.0218701957612446));
#2535=CARTESIAN_POINT('',(-0.0884184421992897,0.00873310261783702,-0.0218701957612463));
#2536=CARTESIAN_POINT('',(-0.0840377942838189,0.013813102617837,-0.0186287188044314));
#2537=CARTESIAN_POINT('',(-0.0871811886031546,0.013813102617837,-0.0226636585034396));
#2538=CARTESIAN_POINT('',(-0.0871811886031547,0.00873310261783701,-0.0226636585034391));
#2539=CARTESIAN_POINT('',(-0.0822462892832276,0.013813102617837,-0.0203558964618909));
#2540=CARTESIAN_POINT('',(-0.0861771112055488,0.013813102617837,-0.0236368011199843));
#2541=CARTESIAN_POINT('',(-0.0861771112055484,0.00873310261783705,-0.0236368011199847));
#2542=CARTESIAN_POINT('',(-0.08089717711153,0.013813102617837,-0.0223845057986826));
#2543=CARTESIAN_POINT('',(-0.0854369274402165,0.0138131026178369,-0.0247495056788324));
#2544=CARTESIAN_POINT('',(-0.0854369274402181,0.00873310261783691,-0.0247495056788313));
#2545=CARTESIAN_POINT('',(-0.0796914785288732,0.013813102617837,-0.0254400225201345));
#2546=CARTESIAN_POINT('',(-0.0847439886179649,0.0138131026178376,-0.0264853865117838));
#2547=CARTESIAN_POINT('',(-0.0847439886179568,0.00873310261783763,-0.0264853865117894));
#2548=CARTESIAN_POINT('',(-0.0793645281798803,0.013813102617837,-0.0295489787803317));
#2549=CARTESIAN_POINT('',(-0.0844889540448908,0.0138131026178325,-0.0291524581878406));
#2550=CARTESIAN_POINT('',(-0.0844889540449559,0.00873310261783203,-0.0291524581877952));
#2551=CARTESIAN_POINT('',(-0.080276746902306,0.013813102617837,-0.034336539379935));
#2552=CARTESIAN_POINT('',(-0.0851752702343579,0.0138131026178536,-0.0329213937258512));
#2553=CARTESIAN_POINT('',(-0.0851752702341201,0.00873310261785526,-0.0329213937260171));
#2554=CARTESIAN_POINT('',(-0.0813857360006009,0.013813102617837,-0.0373916795007934));
#2555=CARTESIAN_POINT('',(-0.08613513802937,0.0138131026178014,-0.0355806832919296));
#2556=CARTESIAN_POINT('',(-0.0861351380298815,0.0087331026177978,-0.0355806832915729));
#2557=CARTESIAN_POINT('',(-0.0820125554412108,0.013813102617837,-0.0388806948989283));
#2558=CARTESIAN_POINT('',(-0.0866946142913274,0.013813102617837,-0.0369097243451034));
#2559=CARTESIAN_POINT('',(-0.0866946142913274,0.00873310261783704,-0.0369097243451034));
#2560=CARTESIAN_POINT('',(-0.100172993079773,0.013813102617837,-0.0155322861010802));
#2561=CARTESIAN_POINT('',(-0.100128109279205,0.013813102617837,-0.0162710750424589));
#2562=CARTESIAN_POINT('',(-0.0998010798847576,0.0134804815498619,-0.0177044974295324));
#2563=CARTESIAN_POINT('',(-0.0985219118313766,0.0118010427576647,-0.019835980602343));
#2564=CARTESIAN_POINT('',(-0.0972807629256457,0.00995361568983072,-0.0204352755535099));
#2565=CARTESIAN_POINT('',(-0.0964777147111955,0.00873310261783702,-0.0204285908483672));
#2566=CARTESIAN_POINT('',(-0.0813087182128409,0.013813102617837,-0.0371029735710295));
#2567=CARTESIAN_POINT('',(-0.0819940709484095,0.013813102617837,-0.0370581569835311));
#2568=CARTESIAN_POINT('',(-0.0833417641530851,0.0135593169040635,-0.0369664793137488));
#2569=CARTESIAN_POINT('',(-0.0856978631806965,0.0121008242653975,-0.0367942403633542));
#2570=CARTESIAN_POINT('',(-0.0866155694029571,0.0101087079674354,-0.0367206601419909));
#2571=CARTESIAN_POINT('',(-0.0866155694029571,0.00873310261783699,-0.0367206601419909));
#2572=CARTESIAN_POINT('',(-0.0999476621746079,-0.00873310261783702,-0.0206125511311376));
#2573=CARTESIAN_POINT('',(-0.0999476621746079,-0.013813102617837,-0.0206125511311376));
#2574=CARTESIAN_POINT('',(-0.100414650176204,-0.013813102617837,-0.0155540610198134));
#2575=CARTESIAN_POINT('',(-0.0984808451190744,-0.00873310261783702,-0.0204771380038218));
#2576=CARTESIAN_POINT('',(-0.0984808451191269,-0.013813102617837,-0.0204771380032469));
#2577=CARTESIAN_POINT('',(-0.0988006609014506,-0.013813102617837,-0.0154050612958891));
#2578=CARTESIAN_POINT('',(-0.0956081184361456,-0.00873310261783702,-0.0203371705162293));
#2579=CARTESIAN_POINT('',(-0.0956081184361206,-0.013813102617837,-0.020337170516503));
#2580=CARTESIAN_POINT('',(-0.095577458925251,-0.013813102617837,-0.0152437373081153));
#2581=CARTESIAN_POINT('',(-0.0922504962315109,-0.00873310261783702,-0.020636667039446));
#2582=CARTESIAN_POINT('',(-0.0922504962315141,-0.013813102617837,-0.0206366670394121));
#2583=CARTESIAN_POINT('',(-0.0914977347192914,-0.013813102617837,-0.0155874690147981));
#2584=CARTESIAN_POINT('',(-0.089941049902998,-0.00873310261783702,-0.0212327105441057));
#2585=CARTESIAN_POINT('',(-0.0899410499029974,-0.013813102617837,-0.0212327105441121));
#2586=CARTESIAN_POINT('',(-0.0883609301373575,-0.013813102617837,-0.0163864653797348));
#2587=CARTESIAN_POINT('',(-0.0884184421992896,-0.00873310261783702,-0.0218701957612464));
#2588=CARTESIAN_POINT('',(-0.0884184421992898,-0.013813102617837,-0.0218701957612446));
#2589=CARTESIAN_POINT('',(-0.0860842959978073,-0.013813102617837,-0.0173296487457609));
#2590=CARTESIAN_POINT('',(-0.0871811886031548,-0.00873310261783702,-0.0226636585034391));
#2591=CARTESIAN_POINT('',(-0.0871811886031546,-0.013813102617837,-0.0226636585034396));
#2592=CARTESIAN_POINT('',(-0.0840377942838189,-0.013813102617837,-0.0186287188044314));
#2593=CARTESIAN_POINT('',(-0.0861771112055483,-0.00873310261783702,-0.0236368011199848));
#2594=CARTESIAN_POINT('',(-0.0861771112055488,-0.013813102617837,-0.0236368011199845));
#2595=CARTESIAN_POINT('',(-0.0822462892832274,-0.013813102617837,-0.0203558964618911));
#2596=CARTESIAN_POINT('',(-0.0854369274402181,-0.00873310261783702,-0.0247495056788313));
#2597=CARTESIAN_POINT('',(-0.0854369274402163,-0.013813102617837,-0.0247495056788321));
#2598=CARTESIAN_POINT('',(-0.0808971771115303,-0.013813102617837,-0.0223845057986825));
#2599=CARTESIAN_POINT('',(-0.0847439886179569,-0.00873310261783702,-0.0264853865117897));
#2600=CARTESIAN_POINT('',(-0.0847439886179662,-0.0138131026178371,-0.0264853865117855));
#2601=CARTESIAN_POINT('',(-0.0796914785288719,-0.013813102617837,-0.0254400225201352));
#2602=CARTESIAN_POINT('',(-0.0844889540449552,-0.00873310261783702,-0.0291524581877933));
#2603=CARTESIAN_POINT('',(-0.0844889540448797,-0.0138131026178363,-0.0291524581878264));
#2604=CARTESIAN_POINT('',(-0.0793645281798903,-0.013813102617837,-0.029548978780326));
#2605=CARTESIAN_POINT('',(-0.085175270234123,-0.00873310261783702,-0.032921393726024));
#2606=CARTESIAN_POINT('',(-0.0851752702343985,-0.0138131026178398,-0.0329213937259028));
#2607=CARTESIAN_POINT('',(-0.0802767469022695,-0.013813102617837,-0.0343365393799558));
#2608=CARTESIAN_POINT('',(-0.0861351380298752,-0.00873310261783702,-0.0355806832915581));
#2609=CARTESIAN_POINT('',(-0.0861351380292827,-0.0138131026178311,-0.0355806832918186));
#2610=CARTESIAN_POINT('',(-0.0813857360006793,-0.013813102617837,-0.0373916795007485));
#2611=CARTESIAN_POINT('',(-0.0866946142913274,-0.00873310261783702,-0.0369097243451034));
#2612=CARTESIAN_POINT('',(-0.0866946142913274,-0.013813102617837,-0.0369097243451034));
#2613=CARTESIAN_POINT('',(-0.0820125554412108,-0.013813102617837,-0.0388806948989282));
#2614=CARTESIAN_POINT('',(-0.100172993079773,-0.013813102617837,-0.0155322861010802));
#2615=CARTESIAN_POINT('',(-0.100128109279205,-0.013813102617837,-0.0162710750424589));
#2616=CARTESIAN_POINT('',(-0.0998010798847557,-0.0134804815498631,-0.0177044974295324));
#2617=CARTESIAN_POINT('',(-0.098521911831386,-0.0118010427576585,-0.019835980602343));
#2618=CARTESIAN_POINT('',(-0.0972807629256044,-0.00995361568985788,-0.0204352755535096));
#2619=CARTESIAN_POINT('',(-0.0964777147111955,-0.00873310261783702,-0.0204285908483672));
#2620=CARTESIAN_POINT('',(-0.0866155694029572,-0.00873310261783702,-0.0367206601419913));
#2621=CARTESIAN_POINT('',(-0.0866155694029572,-0.0101065962981023,-0.0367206601419913));
#2622=CARTESIAN_POINT('',(-0.0853865789226091,-0.0127674383793719,-0.0368195789267755));
#2623=CARTESIAN_POINT('',(-0.0826776781031092,-0.013813102617837,-0.0370134545430605));
#2624=CARTESIAN_POINT('',(-0.0813087182128409,-0.013813102617837,-0.0371029735710296));
#2625=CARTESIAN_POINT('',(-0.09652,1.45578076716842E-14,-0.0153487668401606));
#2626=CARTESIAN_POINT('',(-0.09652,0.012390702617837,-0.0153487668401606));
#2627=CARTESIAN_POINT('',(-0.101593601499685,0.012390702617837,-0.0156036547025489));
#2628=CARTESIAN_POINT('',(-0.101593601499685,0.012390702617837,-0.0156036547025489));
#2629=CARTESIAN_POINT('',(-0.101556643284389,0.012390702617837,-0.0163393164747306));
#2630=CARTESIAN_POINT('',(-0.101155457565671,0.0121536705896757,-0.0177649709759849));
#2631=CARTESIAN_POINT('',(-0.0998472693508271,0.0112418042662129,-0.0193445549938434));
#2632=CARTESIAN_POINT('',(-0.0982367068906235,0.0100597393655026,-0.0202403089245195));
#2633=CARTESIAN_POINT('',(-0.0970575345346442,0.00917160359354111,-0.0204334173637444));
#2634=CARTESIAN_POINT('',(-0.0964777147111955,0.00873310261783702,-0.0204285908483672));
#2635=CARTESIAN_POINT('',(-0.101593601499685,-0.012390702617837,-0.0156036547025489));
#2636=CARTESIAN_POINT('',(-0.101556643284389,-0.012390702617837,-0.0163393164747306));
#2637=CARTESIAN_POINT('',(-0.101155457565672,-0.0121536705896747,-0.0177649709759849));
#2638=CARTESIAN_POINT('',(-0.0998472693508243,-0.0112418042662165,-0.0193445549938434));
#2639=CARTESIAN_POINT('',(-0.0982367068906335,-0.0100597393654893,-0.0202403089245196));
#2640=CARTESIAN_POINT('',(-0.0970575345346226,-0.00917160359356976,-0.0204334173637442));
#2641=CARTESIAN_POINT('',(-0.0964777147111955,-0.00873310261783702,-0.0204285908483672));
#2642=CARTESIAN_POINT('',(-0.101593601499685,-0.012390702617837,-0.0156036547025489));
#2643=CARTESIAN_POINT('',(-0.09652,-0.012390702617837,-0.0153487668401606));
#2644=CARTESIAN_POINT('',(-0.09652,1.45578056499003E-14,-0.000328071438065132));
#2645=CARTESIAN_POINT('',(-0.09652,0.012390702617837,-0.000328071438065132));
#2646=CARTESIAN_POINT('',(-0.09652,-0.012390702617837,-0.000328071438065132));
#2647=CARTESIAN_POINT('',(-0.0813087182128409,0.0128160761888666,-0.0381));
#2648=CARTESIAN_POINT('',(-0.0813087182128409,0.013813102617837,-0.0381));
#2649=CARTESIAN_POINT('',(-0.0813087182128409,0.013813102617837,-0.0371029735710296));
#2650=CARTESIAN_POINT('',(-0.0818677286211413,0.0128160761840805,-0.0381));
#2651=CARTESIAN_POINT('',(-0.0820032798881202,0.0138585213879697,-0.0381000000000017));
#2652=CARTESIAN_POINT('',(-0.0819878120860174,0.013813102617837,-0.0370585662614489));
#2653=CARTESIAN_POINT('',(-0.0829684832354237,0.0126163764067447,-0.0381));
#2654=CARTESIAN_POINT('',(-0.0834083442004152,0.0136977362486868,-0.0380999999999989));
#2655=CARTESIAN_POINT('',(-0.0833230121440198,0.0135646378930918,-0.0369677466050602));
#2656=CARTESIAN_POINT('',(-0.0844219612913425,0.01174999794428,-0.0381));
#2657=CARTESIAN_POINT('',(-0.0853375050222818,0.0127266930264857,-0.0381000000000012));
#2658=CARTESIAN_POINT('',(-0.0850807669262091,0.0124866973925162,-0.0368395023487089));
#2659=CARTESIAN_POINT('',(-0.0854422667747366,0.0103963601679168,-0.0381));
#2660=CARTESIAN_POINT('',(-0.0868042393612111,0.0110116410842823,-0.0380999999999962));
#2661=CARTESIAN_POINT('',(-0.0863114759187919,0.0108025131115731,-0.0367447594218465));
#2662=CARTESIAN_POINT('',(-0.0856947555521444,0.00929335297118309,-0.0381));
#2663=CARTESIAN_POINT('',(-0.0871882586036645,0.00951524745196848,-0.0381000000000084));
#2664=CARTESIAN_POINT('',(-0.0866155694025034,0.00943016120650751,-0.0367206601408983));
#2665=CARTESIAN_POINT('',(-0.0856947555552972,0.00873310261783702,-0.0381));
#2666=CARTESIAN_POINT('',(-0.0871882586085599,0.00873310261783702,-0.0381));
#2667=CARTESIAN_POINT('',(-0.0866155694029573,0.00873310261783702,-0.0367206601419914));
#2668=CARTESIAN_POINT('',(-0.0813087182128409,0.0128160761888666,-0.0371029735710296));
#2669=CARTESIAN_POINT('',(-0.0856947555552972,0.00873310261783702,-0.0371029735710296));
#2670=CARTESIAN_POINT('',(-0.0856947555552972,0.008733102617837,-0.0371029735710295));
#2671=CARTESIAN_POINT('',(-0.0856947555552972,-0.00873310261783702,-0.0371029735710295));
#2672=CARTESIAN_POINT('',(0.,0.0128160761888666,-0.0371029735710296));
#2673=CARTESIAN_POINT('',(-0.0786610403527774,0.013813102617837,-0.0371029735710296));
#2674=CARTESIAN_POINT('',(-0.0788245760233802,0.013813102617837,-0.0372989494248206));
#2675=CARTESIAN_POINT('',(-0.0791485772560185,0.0137024896425501,-0.0376900869693248));
#2676=CARTESIAN_POINT('',(-0.079394949272169,0.0133330664929702,-0.0379914532985716));
#2677=CARTESIAN_POINT('',(-0.0794516195382809,0.0130926605382106,-0.0380608685536682));
#2678=CARTESIAN_POINT('',(-0.0794516195382802,0.0130926605382103,-0.0380608685536679));
#2679=CARTESIAN_POINT('',(-0.0795168180425993,0.0128160761888666,-0.0371029735710296));
#2680=CARTESIAN_POINT('',(-0.0856947555552972,-0.00873310261783702,-0.0381));
#2681=CARTESIAN_POINT('',(-0.0871882586085599,-0.00873310261783702,-0.0381));
#2682=CARTESIAN_POINT('',(-0.0866155694029573,-0.00873310261783702,-0.0367206601419914));
#2683=CARTESIAN_POINT('',(-0.0856947555484231,-0.00929248285638117,-0.0381));
#2684=CARTESIAN_POINT('',(-0.0871882585978737,-0.0095140327166004,-0.0381000000000136));
#2685=CARTESIAN_POINT('',(-0.0866155694019698,-0.00942907861728232,-0.0367206601396131));
#2686=CARTESIAN_POINT('',(-0.0854441097022291,-0.0103923320963196,-0.0381));
#2687=CARTESIAN_POINT('',(-0.0868070584615508,-0.0110062676279733,-0.0380999999999938));
#2688=CARTESIAN_POINT('',(-0.0863136980428984,-0.0107975014201674,-0.0367445872284849));
#2689=CARTESIAN_POINT('',(-0.0844232430492415,-0.0117487578872763,-0.0381));
#2690=CARTESIAN_POINT('',(-0.0853391894746296,-0.0127252091290086,-0.0381000000000018));
#2691=CARTESIAN_POINT('',(-0.0850823118474873,-0.0124851545243048,-0.0368393812876354));
#2692=CARTESIAN_POINT('',(-0.0829730940835767,-0.0126149683288852,-0.0381));
#2693=CARTESIAN_POINT('',(-0.0834143794405604,-0.0136963891117892,-0.0380999999999987));
#2694=CARTESIAN_POINT('',(-0.0833286003642096,-0.0135628859754386,-0.0369673588262735));
#2695=CARTESIAN_POINT('',(-0.0818670807591032,-0.0128160761849496,-0.0381));
#2696=CARTESIAN_POINT('',(-0.0820024566170871,-0.0138584675520825,-0.0381000000000018));
#2697=CARTESIAN_POINT('',(-0.0819870250544839,-0.013813102617837,-0.0370586177285897));
#2698=CARTESIAN_POINT('',(-0.0813087182128409,-0.0128160761888666,-0.0381));
#2699=CARTESIAN_POINT('',(-0.0813087182128409,-0.013813102617837,-0.0381));
#2700=CARTESIAN_POINT('',(-0.0813087182128409,-0.013813102617837,-0.0371029735710296));
#2701=CARTESIAN_POINT('',(-0.0813087182128409,-0.0128160761888666,-0.0371029735710296));
#2702=CARTESIAN_POINT('',(-0.0795168180425993,5.4036349633983E-20,-0.0371029735710296));
#2703=CARTESIAN_POINT('',(-0.0795168180425993,0.0128160761888666,-0.0371029735710296));
#2704=CARTESIAN_POINT('',(-0.0795168180425993,-0.0128160761888666,-0.0371029735710296));
#2705=CARTESIAN_POINT('',(-0.0793478985971788,-0.0128160761888666,-0.0371029735710296));
#2706=CARTESIAN_POINT('',(-0.0795168180425993,-0.0128160761888666,-0.0371029735710296));
#2707=CARTESIAN_POINT('',(-0.0794516195382802,-0.0130926605382104,-0.0380608685536678));
#2708=CARTESIAN_POINT('',(-0.0794516195382802,-0.0130926605382104,-0.0380608685536678));
#2709=CARTESIAN_POINT('',(-0.0793948050474765,-0.0133336783213081,-0.0379912766381379));
#2710=CARTESIAN_POINT('',(-0.0791479851134303,-0.0137026408251735,-0.0376893706663946));
#2711=CARTESIAN_POINT('',(-0.0788248082985041,-0.0138131026178369,-0.0372992277758243));
#2712=CARTESIAN_POINT('',(-0.0786610403527706,-0.0138131026178381,-0.0371029735710357));
#2713=CARTESIAN_POINT('',(-0.0964880631858521,0.012390702617837,0.00475182817116949));
#2714=CARTESIAN_POINT('',(-0.0964880631858521,0.013813102617837,0.00475182817116947));
#2715=CARTESIAN_POINT('',(-0.0964970054938167,0.013813102617837,0.00332945628058382));
#2716=CARTESIAN_POINT('',(-0.0946742527383306,0.0123907026177806,0.00474042492865715));
#2717=CARTESIAN_POINT('',(-0.0946742527363515,0.0138131026175445,0.00474042492870638));
#2718=CARTESIAN_POINT('',(-0.0946904460494015,0.013813102617837,0.00331809862448085));
#2719=CARTESIAN_POINT('',(-0.0910459749037654,0.0123907026178632,0.00469015362177206));
#2720=CARTESIAN_POINT('',(-0.0910459749046856,0.013813102617973,0.00469015362174917));
#2721=CARTESIAN_POINT('',(-0.0910783623321295,0.013813102617837,0.00326803152351613));
#2722=CARTESIAN_POINT('',(-0.0855999829489419,0.0123907026178298,0.00450753210358034));
#2723=CARTESIAN_POINT('',(-0.0855999829486898,0.0138131026177998,0.00450753210358661));
#2724=CARTESIAN_POINT('',(-0.0856645385574206,0.013813102617837,0.00308644457396394));
#2725=CARTESIAN_POINT('',(-0.0810551382839617,0.0123907026178379,0.00423386787303634));
#2726=CARTESIAN_POINT('',(-0.081055138283993,0.0138131026178416,0.00423386787303556));
#2727=CARTESIAN_POINT('',(-0.0811572087808595,0.013813102617837,0.00281490312046375));
#2728=CARTESIAN_POINT('',(-0.0774119166858468,0.0123907026178369,0.00390474064904046));
#2729=CARTESIAN_POINT('',(-0.0774119166858409,0.0138131026178362,0.00390474064904061));
#2730=CARTESIAN_POINT('',(-0.0775566156573306,0.013813102617837,0.00248956853700546));
#2731=CARTESIAN_POINT('',(-0.0746799908076636,0.0123907026178371,0.00358682153883044));
#2732=CARTESIAN_POINT('',(-0.0746799908076652,0.0138131026178373,0.0035868215388304));
#2733=CARTESIAN_POINT('',(-0.0748661832083586,0.013813102617837,0.00217638067684165));
#2734=CARTESIAN_POINT('',(-0.0719444866494779,0.012390702617837,0.00317269245764478));
#2735=CARTESIAN_POINT('',(-0.0719444866494774,0.013813102617837,0.00317269245764479));
#2736=CARTESIAN_POINT('',(-0.0721875724919696,0.013813102617837,0.00177070941930996));
#2737=CARTESIAN_POINT('',(-0.0696568761062542,0.012390702617837,0.00271137165105357));
#2738=CARTESIAN_POINT('',(-0.0696568761062542,0.013813102617837,0.00271137165105357));
#2739=CARTESIAN_POINT('',(-0.0699697579262435,0.013813102617837,0.00132289851909195));
#2740=CARTESIAN_POINT('',(-0.0678283299639988,0.012390702617837,0.00222734956170088));
#2741=CARTESIAN_POINT('',(-0.0678283299639988,0.013813102617837,0.00222734956170088));
#2742=CARTESIAN_POINT('',(-0.0682261724547674,0.013813102617837,0.000860962483105108));
#2743=CARTESIAN_POINT('',(-0.0664536366363226,0.012390702617837,0.00178174472688663));
#2744=CARTESIAN_POINT('',(-0.0664536366363226,0.013813102617837,0.00178174472688664));
#2745=CARTESIAN_POINT('',(-0.0669398513385784,0.013813102617837,0.000443691393721885));
#2746=CARTESIAN_POINT('',(-0.0652905365494394,0.012390702617837,0.00129931099674561));
#2747=CARTESIAN_POINT('',(-0.0652905365494394,0.013813102617837,0.00129931099674561));
#2748=CARTESIAN_POINT('',(-0.0658877778551402,0.013813102617837,5.25827467412096E-6));
#2749=CARTESIAN_POINT('',(-0.0644883326982415,0.012390702617837,0.000864067490046888));
#2750=CARTESIAN_POINT('',(-0.0644883326982415,0.013813102617837,0.00086406749004689));
#2751=CARTESIAN_POINT('',(-0.0652051410664644,0.013813102617837,-0.000365963436904268));
#2752=CARTESIAN_POINT('',(-0.0640317033176643,0.012390702617837,0.000570914663869261));
#2753=CARTESIAN_POINT('',(-0.0640317033176643,0.013813102617837,0.000570914663869258));
#2754=CARTESIAN_POINT('',(-0.0648352021117966,0.013813102617837,-0.000604111664607679));
#2755=CARTESIAN_POINT('',(-0.063741524060922,0.012390702617837,0.000357144248834618));
#2756=CARTESIAN_POINT('',(-0.063741524060922,0.013813102617837,0.000357144248834619));
#2757=CARTESIAN_POINT('',(-0.0646145940809045,0.013813102617837,-0.000766392127963827));
#2758=CARTESIAN_POINT('',(-0.0635168841256277,0.012390702617837,0.000172103533108711));
#2759=CARTESIAN_POINT('',(-0.0635168841256277,0.013813102617837,0.000172103533108709));
#2760=CARTESIAN_POINT('',(-0.0644459358248981,0.013813102617837,-0.000906181271659986));
#2761=CARTESIAN_POINT('',(-0.0633225603672843,0.012390702617837,-7.85136337023635E-6));
#2762=CARTESIAN_POINT('',(-0.0633225603672843,0.013813102617837,-7.85136337023802E-6));
#2763=CARTESIAN_POINT('',(-0.0643248193372203,0.013813102617837,-0.00101785992014015));
#2764=CARTESIAN_POINT('',(-0.0632211594153807,0.012390702617837,-0.000108104918865385));
#2765=CARTESIAN_POINT('',(-0.0632211594153807,0.013813102617837,-0.000108104918865385));
#2766=CARTESIAN_POINT('',(-0.0642068175135549,0.013813102617837,-0.00113349978920926));
#2767=CARTESIAN_POINT('',(-0.0630573100259821,0.012390702617837,-0.000265950268777986));
#2768=CARTESIAN_POINT('',(-0.063057310025982,0.013813102617837,-0.000265950268777986));
#2769=CARTESIAN_POINT('',(-0.0640484000709836,0.013813102617837,-0.00128631060609243));
#2770=CARTESIAN_POINT('',(-0.0628622903331645,0.012390702617837,-0.000454994204331004));
#2771=CARTESIAN_POINT('',(-0.0628622903331645,0.013813102617837,-0.000454994204331004));
#2772=CARTESIAN_POINT('',(-0.0638507479895986,0.013813102617837,-0.00147779433857468));
#2773=CARTESIAN_POINT('',(-0.0623861838092482,0.012390702617837,-0.000915500239543626));
#2774=CARTESIAN_POINT('',(-0.0623861838092481,0.013813102617837,-0.000915500239543626));
#2775=CARTESIAN_POINT('',(-0.0633760786977665,0.013813102617837,-0.00193696829292774));
#2776=CARTESIAN_POINT('',(-0.0616754084135174,0.012390702617837,-0.00160340346613488));
#2777=CARTESIAN_POINT('',(-0.0616754084135174,0.013813102617837,-0.00160340346613488));
#2778=CARTESIAN_POINT('',(-0.0626642025456903,0.013813102617837,-0.00262589174198334));
#2779=CARTESIAN_POINT('',(-0.0607257763274181,0.012390702617837,-0.00252223766170003));
#2780=CARTESIAN_POINT('',(-0.0607257763274181,0.013813102617837,-0.00252223766170004));
#2781=CARTESIAN_POINT('',(-0.0617149614123541,0.013813102617837,-0.00354436358779406));
#2782=CARTESIAN_POINT('',(-0.0594602751479877,0.012390702617837,-0.00374678039646934));
#2783=CARTESIAN_POINT('',(-0.0594602751479877,0.013813102617837,-0.00374678039646933));
#2784=CARTESIAN_POINT('',(-0.0604493320516899,0.013813102617837,-0.0047690251257615));
#2785=CARTESIAN_POINT('',(-0.0578781655545804,0.012390702617837,-0.0052776555262038));
#2786=CARTESIAN_POINT('',(-0.0578781655545797,0.013813102617837,-0.00527765552620385));
#2787=CARTESIAN_POINT('',(-0.058867286548899,0.013813102617837,-0.00629984085389715));
#2788=CARTESIAN_POINT('',(-0.0566125489256675,0.012390702617837,-0.00650229567990262));
#2789=CARTESIAN_POINT('',(-0.0566125489256689,0.013813102617837,-0.00650229567990251));
#2790=CARTESIAN_POINT('',(-0.0576016528291564,0.013813102617837,-0.00752449684802165));
#2791=CARTESIAN_POINT('',(-0.0559797317304966,0.012390702617837,-0.00711462325050135));
#2792=CARTESIAN_POINT('',(-0.0559797317304966,0.013813102617837,-0.00711462325050135));
#2793=CARTESIAN_POINT('',(-0.0569688356339845,0.013813102617837,-0.00813682441862089));
#2794=CARTESIAN_POINT('',(-0.0964970054938051,0.012390702617837,0.00332945628058374));
#2795=CARTESIAN_POINT('',(-0.09652,0.012390702617837,-0.000328071438065132));
#2796=CARTESIAN_POINT('',(-0.1001776,0.012390702617837,-0.000328071438065132));
#2797=CARTESIAN_POINT('',(-0.1001776,0.012390702617837,-0.063246));
#2798=CARTESIAN_POINT('',(-0.1001776,0.012390702617837,-0.0153487668401606));
#2799=CARTESIAN_POINT('',(-0.09652,0.012390702617837,-0.0153487668401606));
#2800=CARTESIAN_POINT('',(-0.100172993079773,0.012390702617837,-0.0155322861010802));
#2801=CARTESIAN_POINT('',(-0.100172993079773,0.013813102617837,-0.0155322861010802));
#2802=CARTESIAN_POINT('',(-0.101593601499685,0.013813102617837,-0.0156036547025489));
#2803=CARTESIAN_POINT('',(-0.101593601499685,0.012390702617837,-0.0156036547025489));
#2804=CARTESIAN_POINT('',(-0.100148575376986,0.013813102617837,-0.0159342022475413));
#2805=CARTESIAN_POINT('',(-0.101567702119316,0.0138173297686536,-0.0161191875895974));
#2806=CARTESIAN_POINT('',(-0.101573391438261,0.0123907026129148,-0.0160059406214901));
#2807=CARTESIAN_POINT('',(-0.100032204258514,0.0137179755332387,-0.0167164799875805));
#2808=CARTESIAN_POINT('',(-0.101371136769074,0.0136782534837947,-0.0170940338799948));
#2809=CARTESIAN_POINT('',(-0.101438816933386,0.0123222111192103,-0.0167865946946188));
#2810=CARTESIAN_POINT('',(-0.0996866468641965,0.0133178488699241,-0.0177799057313651));
#2811=CARTESIAN_POINT('',(-0.100763288579121,0.013129539251041,-0.0182701450088346));
#2812=CARTESIAN_POINT('',(-0.100991756022444,0.0120341199187287,-0.0178413074439481));
#2813=CARTESIAN_POINT('',(-0.0992345451748837,0.0127364626620047,-0.0186494911598056));
#2814=CARTESIAN_POINT('',(-0.100048836247589,0.0124401068085534,-0.0190851964486944));
#2815=CARTESIAN_POINT('',(-0.100383244276899,0.0116155218497979,-0.0186984962202149));
#2816=CARTESIAN_POINT('',(-0.0985488321698279,0.0118018548340866,-0.0195583462280988));
#2817=CARTESIAN_POINT('',(-0.0990926183203312,0.0114834922516176,-0.0198141529359372));
#2818=CARTESIAN_POINT('',(-0.0994383512864128,0.010942604213444,-0.0195891699414216));
#2819=CARTESIAN_POINT('',(-0.0976221042263102,0.0104637534701378,-0.0202551340402258));
#2820=CARTESIAN_POINT('',(-0.0979041748738963,0.0102521391563647,-0.0203126592446782));
#2821=CARTESIAN_POINT('',(-0.0981294092377298,0.00997917123152767,-0.020265156826798));
#2822=CARTESIAN_POINT('',(-0.0968550161177928,0.00930655570816089,-0.0204317315672028));
#2823=CARTESIAN_POINT('',(-0.0969393406498895,0.00922627228570652,-0.0204324334983818));
#2824=CARTESIAN_POINT('',(-0.0970236651629439,0.00914598884286945,-0.0204331354295353));
#2825=CARTESIAN_POINT('',(-0.0964777147111956,0.00873310261783702,-0.0204285908483672));
#2826=CARTESIAN_POINT('',(-0.0964777147111956,0.00873310261783702,-0.0204285908483672));
#2827=CARTESIAN_POINT('',(-0.0964777147111956,0.00873310261783702,-0.0204285908483672));
#2828=CARTESIAN_POINT('',(-0.0964970054938167,-0.013813102617837,0.00332945628058382));
#2829=CARTESIAN_POINT('',(-0.0964880631858521,-0.013813102617837,0.00475182817116948));
#2830=CARTESIAN_POINT('',(-0.0964880631858521,-0.012390702617837,0.00475182817116949));
#2831=CARTESIAN_POINT('',(-0.0946904460493639,-0.013813102617837,0.00331809862448124));
#2832=CARTESIAN_POINT('',(-0.0946742527362274,-0.0138131026176265,0.00474042492870251));
#2833=CARTESIAN_POINT('',(-0.0946742527383682,-0.0123907026178746,0.00474042492865735));
#2834=CARTESIAN_POINT('',(-0.091078362332147,-0.013813102617837,0.00326803152351595));
#2835=CARTESIAN_POINT('',(-0.0910459749047433,-0.0138131026179349,0.00469015362175097));
#2836=CARTESIAN_POINT('',(-0.091045974903748,-0.0123907026178195,0.00469015362177196));
#2837=CARTESIAN_POINT('',(-0.0856645385574159,-0.013813102617837,0.00308644457396399));
#2838=CARTESIAN_POINT('',(-0.0855999829486741,-0.0138131026178102,0.00450753210358611));
#2839=CARTESIAN_POINT('',(-0.0855999829489467,-0.0123907026178418,0.00450753210358036));
#2840=CARTESIAN_POINT('',(-0.0811572087808601,-0.013813102617837,0.00281490312046375));
#2841=CARTESIAN_POINT('',(-0.081055138283995,-0.0138131026178404,0.00423386787303564));
#2842=CARTESIAN_POINT('',(-0.0810551382839612,-0.0123907026178364,0.00423386787303635));
#2843=CARTESIAN_POINT('',(-0.0775566156573304,-0.0138131026178371,0.00248956853700545));
#2844=CARTESIAN_POINT('',(-0.0774119166858404,-0.0138131026178364,0.0039047406490406));
#2845=CARTESIAN_POINT('',(-0.0774119166858468,-0.0123907026178372,0.00390474064904045));
#2846=CARTESIAN_POINT('',(-0.0748661832083587,-0.013813102617837,0.00217638067684165));
#2847=CARTESIAN_POINT('',(-0.0746799908076654,-0.0138131026178372,0.0035868215388304));
#2848=CARTESIAN_POINT('',(-0.0746799908076637,-0.012390702617837,0.00358682153883044));
#2849=CARTESIAN_POINT('',(-0.0721875724919695,-0.013813102617837,0.00177070941930996));
#2850=CARTESIAN_POINT('',(-0.0719444866494774,-0.013813102617837,0.00317269245764479));
#2851=CARTESIAN_POINT('',(-0.0719444866494779,-0.012390702617837,0.00317269245764478));
#2852=CARTESIAN_POINT('',(-0.0699697579262436,-0.013813102617837,0.00132289851909195));
#2853=CARTESIAN_POINT('',(-0.0696568761062542,-0.013813102617837,0.00271137165105356));
#2854=CARTESIAN_POINT('',(-0.0696568761062542,-0.012390702617837,0.00271137165105357));
#2855=CARTESIAN_POINT('',(-0.0682261724547674,-0.013813102617837,0.000860962483105104));
#2856=CARTESIAN_POINT('',(-0.0678283299639988,-0.013813102617837,0.00222734956170088));
#2857=CARTESIAN_POINT('',(-0.0678283299639988,-0.012390702617837,0.00222734956170088));
#2858=CARTESIAN_POINT('',(-0.0669398513385785,-0.013813102617837,0.000443691393721884));
#2859=CARTESIAN_POINT('',(-0.0664536366363226,-0.013813102617837,0.00178174472688664));
#2860=CARTESIAN_POINT('',(-0.0664536366363226,-0.012390702617837,0.00178174472688663));
#2861=CARTESIAN_POINT('',(-0.0658877778551402,-0.013813102617837,5.25827467411564E-6));
#2862=CARTESIAN_POINT('',(-0.0652905365494394,-0.013813102617837,0.0012993109967456));
#2863=CARTESIAN_POINT('',(-0.0652905365494394,-0.012390702617837,0.0012993109967456));
#2864=CARTESIAN_POINT('',(-0.0652051410664644,-0.013813102617837,-0.000365963436904263));
#2865=CARTESIAN_POINT('',(-0.0644883326982415,-0.013813102617837,0.000864067490046897));
#2866=CARTESIAN_POINT('',(-0.0644883326982415,-0.012390702617837,0.000864067490046894));
#2867=CARTESIAN_POINT('',(-0.0648352021117966,-0.013813102617837,-0.000604111664607688));
#2868=CARTESIAN_POINT('',(-0.0640317033176643,-0.013813102617837,0.00057091466386925));
#2869=CARTESIAN_POINT('',(-0.0640317033176643,-0.012390702617837,0.000570914663869251));
#2870=CARTESIAN_POINT('',(-0.0646145940809044,-0.013813102617837,-0.000766392127963843));
#2871=CARTESIAN_POINT('',(-0.063741524060922,-0.013813102617837,0.000357144248834601));
#2872=CARTESIAN_POINT('',(-0.063741524060922,-0.012390702617837,0.000357144248834602));
#2873=CARTESIAN_POINT('',(-0.0644459358248981,-0.013813102617837,-0.000906181271659977));
#2874=CARTESIAN_POINT('',(-0.0635168841256277,-0.013813102617837,0.000172103533108721));
#2875=CARTESIAN_POINT('',(-0.0635168841256277,-0.012390702617837,0.000172103533108721));
#2876=CARTESIAN_POINT('',(-0.0643248193372203,-0.013813102617837,-0.00101785992014017));
#2877=CARTESIAN_POINT('',(-0.0633225603672843,-0.013813102617837,-7.85136337026383E-6));
#2878=CARTESIAN_POINT('',(-0.0633225603672843,-0.012390702617837,-7.85136337026381E-6));
#2879=CARTESIAN_POINT('',(-0.0642068175135549,-0.013813102617837,-0.00113349978920926));
#2880=CARTESIAN_POINT('',(-0.0632211594153807,-0.013813102617837,-0.00010810491886539));
#2881=CARTESIAN_POINT('',(-0.0632211594153807,-0.012390702617837,-0.00010810491886539));
#2882=CARTESIAN_POINT('',(-0.0640484000709836,-0.013813102617837,-0.00128631060609243));
#2883=CARTESIAN_POINT('',(-0.063057310025982,-0.013813102617837,-0.000265950268777994));
#2884=CARTESIAN_POINT('',(-0.0630573100259821,-0.012390702617837,-0.000265950268777994));
#2885=CARTESIAN_POINT('',(-0.0638507479895986,-0.013813102617837,-0.00147779433857469));
#2886=CARTESIAN_POINT('',(-0.0628622903331645,-0.013813102617837,-0.00045499420433101));
#2887=CARTESIAN_POINT('',(-0.0628622903331645,-0.012390702617837,-0.00045499420433101));
#2888=CARTESIAN_POINT('',(-0.0633760786977665,-0.013813102617837,-0.00193696829292775));
#2889=CARTESIAN_POINT('',(-0.0623861838092481,-0.013813102617837,-0.000915500239543632));
#2890=CARTESIAN_POINT('',(-0.0623861838092482,-0.012390702617837,-0.000915500239543632));
#2891=CARTESIAN_POINT('',(-0.0626642025456902,-0.013813102617837,-0.00262589174198335));
#2892=CARTESIAN_POINT('',(-0.0616754084135174,-0.013813102617837,-0.00160340346613489));
#2893=CARTESIAN_POINT('',(-0.0616754084135174,-0.012390702617837,-0.00160340346613489));
#2894=CARTESIAN_POINT('',(-0.0617149614123541,-0.013813102617837,-0.00354436358779407));
#2895=CARTESIAN_POINT('',(-0.060725776327418,-0.013813102617837,-0.00252223766170004));
#2896=CARTESIAN_POINT('',(-0.0607257763274181,-0.012390702617837,-0.00252223766170005));
#2897=CARTESIAN_POINT('',(-0.0604493320516899,-0.013813102617837,-0.00476902512576142));
#2898=CARTESIAN_POINT('',(-0.059460275147988,-0.0138131026178371,-0.00374678039646928));
#2899=CARTESIAN_POINT('',(-0.0594602751479877,-0.012390702617837,-0.00374678039646926));
#2900=CARTESIAN_POINT('',(-0.058867286548899,-0.013813102617837,-0.00629984085389788));
#2901=CARTESIAN_POINT('',(-0.0578781655545777,-0.0138131026178365,-0.00527765552620437));
#2902=CARTESIAN_POINT('',(-0.0578781655545797,-0.012390702617837,-0.0052776555262045));
#2903=CARTESIAN_POINT('',(-0.0576016528291564,-0.013813102617837,-0.00752449684802012));
#2904=CARTESIAN_POINT('',(-0.0566125489256732,-0.0138131026178381,-0.00650229567990144));
#2905=CARTESIAN_POINT('',(-0.056612548925669,-0.012390702617837,-0.00650229567990115));
#2906=CARTESIAN_POINT('',(-0.0569688356339845,-0.013813102617837,-0.00813682441862089));
#2907=CARTESIAN_POINT('',(-0.0559797317304966,-0.013813102617837,-0.00711462325050136));
#2908=CARTESIAN_POINT('',(-0.0559797317304966,-0.012390702617837,-0.00711462325050136));
#2909=CARTESIAN_POINT('',(-0.0964970054938051,-0.012390702617837,0.00332945628058374));
#2910=CARTESIAN_POINT('',(-0.09652,-0.012390702617837,-0.000328071438065132));
#2911=CARTESIAN_POINT('',(-0.1001776,-0.012390702617837,-0.000328071438065132));
#2912=CARTESIAN_POINT('',(-0.1001776,-0.012390702617837,0.0381));
#2913=CARTESIAN_POINT('',(-0.1001776,-0.012390702617837,-0.0153487668401606));
#2914=CARTESIAN_POINT('',(-0.09652,-0.012390702617837,-0.0153487668401606));
#2915=CARTESIAN_POINT('',(-0.100172993079773,-0.012390702617837,-0.0155322861010802));
#2916=CARTESIAN_POINT('',(-0.101593601499685,-0.012390702617837,-0.0156036547025489));
#2917=CARTESIAN_POINT('',(-0.101593601499685,-0.013813102617837,-0.0156036547025489));
#2918=CARTESIAN_POINT('',(-0.100172993079773,-0.013813102617837,-0.0155322861010802));
#2919=CARTESIAN_POINT('',(-0.101573391438261,-0.0123907026129148,-0.0160059406214909));
#2920=CARTESIAN_POINT('',(-0.101567702119318,-0.0138173297686616,-0.0161191875896009));
#2921=CARTESIAN_POINT('',(-0.100148575376978,-0.013813102617837,-0.0159342022475418));
#2922=CARTESIAN_POINT('',(-0.101438816933386,-0.0123222111192104,-0.0167865946946184));
#2923=CARTESIAN_POINT('',(-0.101371136769073,-0.0136782534837912,-0.0170940338799917));
#2924=CARTESIAN_POINT('',(-0.100032204258518,-0.0137179755332387,-0.0167164799875803));
#2925=CARTESIAN_POINT('',(-0.100991756022444,-0.0120341199187286,-0.0178413074439482));
#2926=CARTESIAN_POINT('',(-0.100763288579121,-0.0131295392510416,-0.0182701450088366));
#2927=CARTESIAN_POINT('',(-0.0996866468641956,-0.013317848869924,-0.0177799057313651));
#2928=CARTESIAN_POINT('',(-0.100383244276899,-0.0116155218497983,-0.0186984962202148));
#2929=CARTESIAN_POINT('',(-0.100048836247589,-0.0124401068085538,-0.019085196448691));
#2930=CARTESIAN_POINT('',(-0.0992345451748836,-0.0127364626620052,-0.0186494911598056));
#2931=CARTESIAN_POINT('',(-0.0994383512864141,-0.0109426042134419,-0.0195891699414217));
#2932=CARTESIAN_POINT('',(-0.0990926183203337,-0.0114834922516149,-0.0198141529359525));
#2933=CARTESIAN_POINT('',(-0.0985488321698297,-0.0118018548340837,-0.0195583462280988));
#2934=CARTESIAN_POINT('',(-0.0981294092377195,-0.00997917123154439,-0.0202651568267979));
#2935=CARTESIAN_POINT('',(-0.0979041748738771,-0.0102521391563849,-0.0203126592445657));
#2936=CARTESIAN_POINT('',(-0.0976221042262942,-0.0104637534701616,-0.0202551340402257));
#2937=CARTESIAN_POINT('',(-0.0970236651629656,-0.00914598884283434,-0.0204331354295355));
#2938=CARTESIAN_POINT('',(-0.096939340649929,-0.00922627228566499,-0.0204324334986133));
#2939=CARTESIAN_POINT('',(-0.0968550161178264,-0.00930655570811094,-0.0204317315672031));
#2940=CARTESIAN_POINT('',(-0.0964777147111956,-0.00873310261783702,-0.0204285908483672));
#2941=CARTESIAN_POINT('',(-0.0964777147111956,-0.00873310261783702,-0.0204285908483672));
#2942=CARTESIAN_POINT('',(-0.0964777147111956,-0.00873310261783702,-0.0204285908483672));
#2943=CARTESIAN_POINT('',(-0.0795168180425993,-0.0128160761888666,-0.0381));
#2944=CARTESIAN_POINT('',(-0.0795168180425993,-0.0128160761888666,-0.0381));
#2945=CARTESIAN_POINT('',(-0.0795168180425993,-0.0128160761888666,-0.0381));
#2946=CARTESIAN_POINT('',(-0.0794233975592921,-0.0128380979547365,-0.0381));
#2947=CARTESIAN_POINT('',(-0.0794590969798706,-0.0128737972515986,-0.0381000000005834));
#2948=CARTESIAN_POINT('',(-0.0794947962767298,-0.012909496672176,-0.0381));
#2949=CARTESIAN_POINT('',(-0.0793299876058642,-0.0128601172383806,-0.0380867842625675));
#2950=CARTESIAN_POINT('',(-0.0794006149859205,-0.0129322792455461,-0.0380970096125304));
#2951=CARTESIAN_POINT('',(-0.0794727769930855,-0.0130029066256027,-0.0380867842625673));
#2952=CARTESIAN_POINT('',(-0.079240233693188,-0.0128812746932015,-0.0380608685536484));
#2953=CARTESIAN_POINT('',(-0.0793416970232678,-0.0129911972081981,-0.0380901652611669));
#2954=CARTESIAN_POINT('',(-0.0794516195382644,-0.0130926605382779,-0.0380608685536484));
#2955=CARTESIAN_POINT('',(-0.0794516195382802,-0.0128812746931856,-0.0373287756466382));
#2956=CARTESIAN_POINT('',(-0.0792402336932949,-0.0128812746931458,-0.0380608685536793));
#2957=CARTESIAN_POINT('',(-0.0793416970233549,-0.0129911972080436,-0.0380901652611844));
#2958=CARTESIAN_POINT('',(-0.07945161953832,-0.0130926605380415,-0.0380608685537166));
#2959=CARTESIAN_POINT('',(-0.0791901006529742,-0.012931673265054,-0.0380463930479202));
#2960=CARTESIAN_POINT('',(-0.0792871981459679,-0.0131321375440276,-0.0380743881084925));
#2961=CARTESIAN_POINT('',(-0.0794012173514412,-0.0133064619648576,-0.0379991351387209));
#2962=CARTESIAN_POINT('',(-0.0790583061316131,-0.0129795695083083,-0.038008415558034));
#2963=CARTESIAN_POINT('',(-0.0791411673427797,-0.013287854236395,-0.0380322079125353));
#2964=CARTESIAN_POINT('',(-0.0792687148014016,-0.0135096451415079,-0.0378371560140205));
#2965=CARTESIAN_POINT('',(-0.0787953176581703,-0.0130388545520729,-0.0379330682798312));
#2966=CARTESIAN_POINT('',(-0.0788438973364598,-0.0135480312562442,-0.0379468805126187));
#2967=CARTESIAN_POINT('',(-0.0790043108568645,-0.0137611443364475,-0.0375158012496491));
#2968=CARTESIAN_POINT('',(-0.0785900133204348,-0.0130511026187631,-0.0378747294033197));
#2969=CARTESIAN_POINT('',(-0.0786104161973509,-0.0137013248024844,-0.0378804929725228));
#2970=CARTESIAN_POINT('',(-0.078797898596396,-0.013813102617837,-0.0372669800599862));
#2971=CARTESIAN_POINT('',(-0.0784538910339973,-0.013051102617837,-0.037836276482335));
#2972=CARTESIAN_POINT('',(-0.0784538910339973,-0.013813102617837,-0.037836276482335));
#2973=CARTESIAN_POINT('',(-0.0786610403527774,-0.013813102617837,-0.0371029735710296));
#2974=CARTESIAN_POINT('',(-0.0786610403527774,-0.013051102617837,-0.0371029735710296));
#2975=CARTESIAN_POINT('',(-0.0784538910339974,-0.013051102617837,-0.037836276482335));
#2976=CARTESIAN_POINT('',(-0.0784538910339974,-0.013813102617837,-0.037836276482335));
#2977=CARTESIAN_POINT('',(-0.0786610403527774,-0.013813102617837,-0.0371029735710296));
#2978=CARTESIAN_POINT('',(-0.071376066527317,-0.0130511026180679,-0.0358368755493789));
#2979=CARTESIAN_POINT('',(-0.0713760665393127,-0.0138131026199323,-0.0358368755546627));
#2980=CARTESIAN_POINT('',(-0.0715449489615239,-0.013813102617837,-0.0350927626997719));
#2981=CARTESIAN_POINT('',(-0.064160038958198,-0.013051102617837,-0.0343990452393168));
#2982=CARTESIAN_POINT('',(-0.0641600389581009,-0.013813102617837,-0.0343990452393252));
#2983=CARTESIAN_POINT('',(-0.0642861504527406,-0.013813102617837,-0.0336461218531135));
#2984=CARTESIAN_POINT('',(-0.0568641994466588,-0.013051102617837,-0.0336292169229941));
#2985=CARTESIAN_POINT('',(-0.0568641994466588,-0.013813102617837,-0.0336292169229941));
#2986=CARTESIAN_POINT('',(-0.0569441588050862,-0.013813102617837,-0.0328714237447457));
#2987=CARTESIAN_POINT('',(-0.0571491706494724,-0.013813102617837,-0.0328932320203651));
#2988=CARTESIAN_POINT('',(-0.0571277824244626,-0.013813102617837,-0.0330938279661576));
#2989=CARTESIAN_POINT('',(-0.0570699389590373,-0.0136478561038634,-0.0334848265383862));
#2990=CARTESIAN_POINT('',(-0.0570138674585124,-0.0132490408363069,-0.0336451022837402));
#2991=CARTESIAN_POINT('',(-0.0569947375847468,-0.0130511026178369,-0.0336430627006953));
#2992=CARTESIAN_POINT('',(-0.0446562815357557,-0.00466958517031332,-0.032217176551308));
#2993=CARTESIAN_POINT('',(-0.0446545535083516,-0.00466741713430954,-0.0329756851129665));
#2994=CARTESIAN_POINT('',(-0.0452476923399116,-0.00419464112789481,-0.03297916344911));
#2995=CARTESIAN_POINT('',(-0.0454547246148923,-0.00567133626429964,-0.0322218588503878));
#2996=CARTESIAN_POINT('',(-0.0454488303893618,-0.0056639411887629,-0.0329762521198086));
#2997=CARTESIAN_POINT('',(-0.046040866055082,-0.00519639222188122,-0.0329838148471549));
#2998=CARTESIAN_POINT('',(-0.046698884961839,-0.00717943693339753,-0.032241194625919));
#2999=CARTESIAN_POINT('',(-0.0466878882968429,-0.00716662709988531,-0.032989537223436));
#3000=CARTESIAN_POINT('',(-0.0472559393239649,-0.0066784188052008,-0.0330030230871426));
#3001=CARTESIAN_POINT('',(-0.0484721049620329,-0.00908732389380959,-0.0322979173266827));
#3002=CARTESIAN_POINT('',(-0.0484568852343063,-0.0090715038987746,-0.0330388427049216));
#3003=CARTESIAN_POINT('',(-0.0489900519116135,-0.00855660058379835,-0.0330593750287969));
#3004=CARTESIAN_POINT('',(-0.0498886243923555,-0.0104696377420085,-0.0323589268767821));
#3005=CARTESIAN_POINT('',(-0.0498674282401308,-0.0104499165958491,-0.0330948047123056));
#3006=CARTESIAN_POINT('',(-0.0503661265953334,-0.00990781547765269,-0.0331199878344215));
#3007=CARTESIAN_POINT('',(-0.0514047354086105,-0.0117591249629427,-0.0324413891811192));
#3008=CARTESIAN_POINT('',(-0.0513754591877833,-0.0117360192299682,-0.0331734479988364));
#3009=CARTESIAN_POINT('',(-0.0518256217933919,-0.0111568802407107,-0.033201916939846));
#3010=CARTESIAN_POINT('',(-0.0528020367365565,-0.0127229314188635,-0.0325334210972856));
#3011=CARTESIAN_POINT('',(-0.0527639455484521,-0.0126986878151079,-0.033264570610316));
#3012=CARTESIAN_POINT('',(-0.0531487687028233,-0.0120733618090441,-0.0332933576901982));
#3013=CARTESIAN_POINT('',(-0.054027963276882,-0.013353095237283,-0.0326240268219682));
#3014=CARTESIAN_POINT('',(-0.0539776696260363,-0.0133302978429709,-0.0333582418269059));
#3015=CARTESIAN_POINT('',(-0.0542761669455048,-0.012656009828077,-0.0333833849781702));
#3016=CARTESIAN_POINT('',(-0.0550427379201056,-0.0137291800557947,-0.0327037548402678));
#3017=CARTESIAN_POINT('',(-0.0549822059814095,-0.0137113532523717,-0.0334438824044824));
#3018=CARTESIAN_POINT('',(-0.0551835819296563,-0.0129922577071441,-0.0334626061709168));
#3019=CARTESIAN_POINT('',(-0.0559724165696116,-0.0138967846859926,-0.0327791010421185));
#3020=CARTESIAN_POINT('',(-0.0559013499080245,-0.013889596209238,-0.0335304617766022));
#3021=CARTESIAN_POINT('',(-0.0559700450539785,-0.0131340553122165,-0.0335374756367086));
#3022=CARTESIAN_POINT('',(-0.0566600154067403,-0.0138870124548088,-0.0328368537434682));
#3023=CARTESIAN_POINT('',(-0.0565825932130376,-0.0138915489322232,-0.0335995330153711));
#3024=CARTESIAN_POINT('',(-0.0565360974895415,-0.0131239397957092,-0.0335948643438788));
#3025=CARTESIAN_POINT('',(-0.0570688343562253,-0.0138318381252183,-0.0328698772474579));
#3026=CARTESIAN_POINT('',(-0.0569903189967939,-0.0138463374240682,-0.033642400184062));
#3027=CARTESIAN_POINT('',(-0.0568503512938361,-0.0130819571282422,-0.0336276801150343));
#3028=CARTESIAN_POINT('',(-0.0572338924764022,-0.0137965452073021,-0.032886485997557));
#3029=CARTESIAN_POINT('',(-0.0571544435314352,-0.0138122256217411,-0.0336600787256482));
#3030=CARTESIAN_POINT('',(-0.0570054938853279,-0.0130489662643959,-0.0336441845185884));
#3031=CARTESIAN_POINT('',(-0.0573121087730696,-0.0137811080740813,-0.032894883625602));
#3032=CARTESIAN_POINT('',(-0.0572321620336195,-0.0137968867355629,-0.033668520556979));
#3033=CARTESIAN_POINT('',(-0.0570832190905439,-0.0130335291311759,-0.0336525294210032));
#3034=CARTESIAN_POINT('',(-0.0795168180425993,0.0128160761888666,-0.0381));
#3035=CARTESIAN_POINT('',(-0.0795168180425993,0.0128160761888666,-0.0381));
#3036=CARTESIAN_POINT('',(-0.0795168180425993,0.0128160761888666,-0.0381));
#3037=CARTESIAN_POINT('',(-0.0794947962767353,0.0129094966721526,-0.0381));
#3038=CARTESIAN_POINT('',(-0.0794590969798857,0.0128737972515841,-0.0381000000006039));
#3039=CARTESIAN_POINT('',(-0.0794233975593149,0.012838097954731,-0.0381));
#3040=CARTESIAN_POINT('',(-0.079472776993096,0.0130029066255555,-0.038086784262574));
#3041=CARTESIAN_POINT('',(-0.0794006149859492,0.0129322792455177,-0.0380970096125325));
#3042=CARTESIAN_POINT('',(-0.0793299876059089,0.0128601172383695,-0.0380867842625736));
#3043=CARTESIAN_POINT('',(-0.0794516195382803,0.0130926605382105,-0.0380608685536678));
#3044=CARTESIAN_POINT('',(-0.0793416970233126,0.0129911972081533,-0.0380901652611721));
#3045=CARTESIAN_POINT('',(-0.0792402336932554,0.0128812746931856,-0.0380608685536678));
#3046=CARTESIAN_POINT('',(-0.0794516195382802,0.0128812746931856,-0.0373287756466382));
#3047=CARTESIAN_POINT('',(-0.0784538910339973,0.0130511026178371,-0.037836276482335));
#3048=CARTESIAN_POINT('',(-0.0784538910339973,0.013813102617837,-0.0378362764823349));
#3049=CARTESIAN_POINT('',(-0.0786610403527774,0.013813102617837,-0.0371029735710296));
#3050=CARTESIAN_POINT('',(-0.0785899813261056,0.0130511026178484,-0.0378747203653037));
#3051=CARTESIAN_POINT('',(-0.078610382106045,0.0137013491471192,-0.037880483341857));
#3052=CARTESIAN_POINT('',(-0.0787978664290797,0.013813102617837,-0.0372669415117531));
#3053=CARTESIAN_POINT('',(-0.0787941365562881,0.0130389461756335,-0.0379327309433029));
#3054=CARTESIAN_POINT('',(-0.0788425171254492,0.0135488222565481,-0.0379464856523752));
#3055=CARTESIAN_POINT('',(-0.0790031233916093,0.0137615329741938,-0.0375143623355931));
#3056=CARTESIAN_POINT('',(-0.0790586167194784,0.0129796887152806,-0.0380085040538979));
#3057=CARTESIAN_POINT('',(-0.0791414460862817,0.013288094817612,-0.0380322873112537));
#3058=CARTESIAN_POINT('',(-0.0792690270638746,0.0135101509164607,-0.0378375337191506));
#3059=CARTESIAN_POINT('',(-0.0791906840275151,0.0129310872737712,-0.0380465614925522));
#3060=CARTESIAN_POINT('',(-0.0792878421358656,0.0131304733444437,-0.0380745745400771));
#3061=CARTESIAN_POINT('',(-0.0794018038579762,0.0133039759113878,-0.0379998529663464));
#3062=CARTESIAN_POINT('',(-0.0792402336932949,0.0128812746931458,-0.0380608685536793));
#3063=CARTESIAN_POINT('',(-0.0793416970233549,0.0129911972080436,-0.0380901652611844));
#3064=CARTESIAN_POINT('',(-0.07945161953832,0.0130926605380414,-0.0380608685537167));
#3065=CARTESIAN_POINT('',(-0.0786610403527774,0.013051102617837,-0.0371029735710296));
#3066=CARTESIAN_POINT('',(-0.0786610403527774,0.013813102617837,-0.0371029735710295));
#3067=CARTESIAN_POINT('',(-0.0784538910339973,0.013813102617837,-0.0378362764823349));
#3068=CARTESIAN_POINT('',(-0.0784538910339973,0.0130511026178371,-0.0378362764823349));
#3069=CARTESIAN_POINT('',(-0.0715449489617805,0.013813102617837,-0.0350927627004389));
#3070=CARTESIAN_POINT('',(-0.0713760665106503,0.0138131026147077,-0.0358368755418189));
#3071=CARTESIAN_POINT('',(-0.0713760665286449,0.0130511026174907,-0.0358368755497532));
#3072=CARTESIAN_POINT('',(-0.0642861504526638,0.013813102617837,-0.0336461218531391));
#3073=CARTESIAN_POINT('',(-0.0641600389585718,0.0138131026179457,-0.0343990452397237));
#3074=CARTESIAN_POINT('',(-0.0641600389581247,0.013051102617837,-0.0343990452393091));
#3075=CARTESIAN_POINT('',(-0.0569441588050862,0.013813102617837,-0.0328714237447457));
#3076=CARTESIAN_POINT('',(-0.0568641994466588,0.013813102617837,-0.0336292169229941));
#3077=CARTESIAN_POINT('',(-0.0568641994466588,0.013051102617837,-0.0336292169229941));
#3078=CARTESIAN_POINT('',(-0.0571491706494724,0.013813102617837,-0.0328932320203651));
#3079=CARTESIAN_POINT('',(-0.0571277824244626,0.013813102617837,-0.0330938279661577));
#3080=CARTESIAN_POINT('',(-0.0570699389590963,0.0136478561038577,-0.0334848265383926));
#3081=CARTESIAN_POINT('',(-0.0570138674583953,0.0132490408363183,-0.0336451022837278));
#3082=CARTESIAN_POINT('',(-0.0569947375847469,0.0130511026178368,-0.0336430627006953));
#3083=CARTESIAN_POINT('',(-0.0452476352672338,0.00419456904706766,-0.0329791631144336));
#3084=CARTESIAN_POINT('',(-0.0446544962024727,0.00466734523660211,-0.0329756850720722));
#3085=CARTESIAN_POINT('',(-0.0446562240839217,0.00466951308948618,-0.0322171762144082));
#3086=CARTESIAN_POINT('',(-0.0460416116595598,0.00519733389566494,-0.0329838188245201));
#3087=CARTESIAN_POINT('',(-0.0454495747150391,0.00566487504244774,-0.0329762522533336));
#3088=CARTESIAN_POINT('',(-0.0454554751735677,0.00567227793815706,-0.0322218628542128));
#3089=CARTESIAN_POINT('',(-0.0472578373206944,0.00668072308747871,-0.033003057002989));
#3090=CARTESIAN_POINT('',(-0.0466898105612737,0.00716895208001209,-0.0329895613444105));
#3091=CARTESIAN_POINT('',(-0.0467008129150025,0.00718176957200473,-0.032241228767988));
#3092=CARTESIAN_POINT('',(-0.0489928732930134,0.00855946013042007,-0.0330594865454672));
#3093=CARTESIAN_POINT('',(-0.0484597730575897,0.00907440996497065,-0.0330389445490205));
#3094=CARTESIAN_POINT('',(-0.0484750099969888,0.00909024142858678,-0.0322980295737587));
#3095=CARTESIAN_POINT('',(-0.0503696501521489,0.009911403083509,-0.0331201395905547));
#3096=CARTESIAN_POINT('',(-0.0498710176694352,0.0104535721588025,-0.0330949414029602));
#3097=CARTESIAN_POINT('',(-0.0498922175159971,0.0104733023763009,-0.0323590796300933));
#3098=CARTESIAN_POINT('',(-0.0518332683632133,0.0111621810308297,-0.0332024340804304));
#3099=CARTESIAN_POINT('',(-0.0513834879509903,0.0117415526250852,-0.0331739660876933));
#3100=CARTESIAN_POINT('',(-0.0514128589445432,0.0117646775867877,-0.0324419096639799));
#3101=CARTESIAN_POINT('',(-0.0531501258895767,0.0120755508927674,-0.0332933866463154));
#3102=CARTESIAN_POINT('',(-0.0527651907603209,0.0127009189666791,-0.0332645729648946));
#3103=CARTESIAN_POINT('',(-0.0528031966087539,0.0127251669160941,-0.0325334502633852));
#3104=CARTESIAN_POINT('',(-0.05429647433187,0.0126649028099833,-0.0333850863302798));
#3105=CARTESIAN_POINT('',(-0.0539998462967991,0.0133401059209317,-0.0333600499844322));
#3106=CARTESIAN_POINT('',(-0.054050403051114,0.0133628301640942,-0.0326257390795854));
#3107=CARTESIAN_POINT('',(-0.0551938885235617,0.0129957993948377,-0.0334635302850522));
#3108=CARTESIAN_POINT('',(-0.0549937578029582,0.0137155263461794,-0.0334448915907838));
#3109=CARTESIAN_POINT('',(-0.0550543277194717,0.0137332955815821,-0.0327046848612273));
#3110=CARTESIAN_POINT('',(-0.0559937874784548,0.0131353197792953,-0.0335398321731795));
#3111=CARTESIAN_POINT('',(-0.055929794241411,0.013891612368767,-0.0335332760774882));
#3112=CARTESIAN_POINT('',(-0.0560012090815764,0.0138983406416129,-0.0327814725450396));
#3113=CARTESIAN_POINT('',(-0.0565400063906849,0.0131233234752897,-0.0335952756646784));
#3114=CARTESIAN_POINT('',(-0.0565874742160218,0.0138908981457281,-0.0336000502828609));
#3115=CARTESIAN_POINT('',(-0.0566649474929077,0.0138862511926141,-0.0328372676668992));
#3116=CARTESIAN_POINT('',(-0.0568508195435968,0.0130818631816671,-0.0336277295357645));
#3117=CARTESIAN_POINT('',(-0.0569908988532138,0.0138462320298506,-0.0336424620441312));
#3118=CARTESIAN_POINT('',(-0.0570694152332228,0.0138317198720687,-0.0328699269807687));
#3119=CARTESIAN_POINT('',(-0.0570054446967145,0.0130489760340399,-0.0336441794993697));
#3120=CARTESIAN_POINT('',(-0.0571543942986771,0.0138122353385495,-0.0336600736396987));
#3121=CARTESIAN_POINT('',(-0.0572338429759349,0.0137965549769453,-0.0328864809465113));
#3122=CARTESIAN_POINT('',(-0.0570828189006424,0.0130336086135632,-0.0336524864556207));
#3123=CARTESIAN_POINT('',(-0.0572317618527342,0.0137969657171295,-0.0336684770897612));
#3124=CARTESIAN_POINT('',(-0.0573117060546441,0.0137811875564686,-0.0328948403887508));
#3125=MECHANICAL_DESIGN_GEOMETRIC_PRESENTATION_REPRESENTATION('',(#1022),
#3126);
#3126=(
GEOMETRIC_REPRESENTATION_CONTEXT(3)
GLOBAL_UNCERTAINTY_ASSIGNED_CONTEXT((#3127))
GLOBAL_UNIT_ASSIGNED_CONTEXT((#3130,#3129,#3128))
REPRESENTATION_CONTEXT('Part 1','TOP_LEVEL_ASSEMBLY_PART')
);
#3127=UNCERTAINTY_MEASURE_WITH_UNIT(LENGTH_MEASURE(2.E-5),#3130,
'DISTANCE_ACCURACY_VALUE','Maximum Tolerance applied to model');
#3128=(
NAMED_UNIT(*)
SI_UNIT($,.STERADIAN.)
SOLID_ANGLE_UNIT()
);
#3129=(
NAMED_UNIT(*)
PLANE_ANGLE_UNIT()
SI_UNIT($,.RADIAN.)
);
#3130=(
LENGTH_UNIT()
NAMED_UNIT(*)
SI_UNIT($,.METRE.)
);
#3131=PRODUCT_DEFINITION_SHAPE('','',#3132);
#3132=PRODUCT_DEFINITION('','',#3134,#3133);
#3133=PRODUCT_DEFINITION_CONTEXT('',#3140,'design');
#3134=PRODUCT_DEFINITION_FORMATION_WITH_SPECIFIED_SOURCE('','',#3136,
 .NOT_KNOWN.);
#3135=PRODUCT_RELATED_PRODUCT_CATEGORY('','',(#3136));
#3136=PRODUCT('Part 1','Part 1','Part 1',(#3138));
#3137=PRODUCT_CATEGORY('','');
#3138=PRODUCT_CONTEXT('',#3140,'mechanical');
#3139=APPLICATION_PROTOCOL_DEFINITION('international standard',
'ap242_managed_model_based_3d_engineering',2020,#3140);
#3140=APPLICATION_CONTEXT('managed model based 3d engineering');
ENDSEC;
END-ISO-10303-21;
