ISO-10303-21;
HEADER;
/* Generated by software containing ST-Developer
 * from STEP Tools, Inc. (www.steptools.com) 
 */
/* OPTION: using custom renumber hook */

FILE_DESCRIPTION(
/* description */ ('STEP AP242 Edition 2',
'CAx-IF Rec.Pracs.---Representation and Presentation of Product Manufa
cturing Information (PMI)---4.0---2014-10-13',
'CAx-IF Rec.Pracs.---3D Tessellated Geometry---0.4---2014-09-14','2;1',
'CAx-IF Rec.Pracs.---User Defined Attributes---1.5---2016-08-15'),
/* implementation_level */ '2;1');

FILE_NAME(
/* name */ 'mk1',
/* time_stamp */ '2026-08-04T01:12:35Z',
/* author */ (''),
/* organization */ (''),
/* preprocessor_version */ 'ST-DEVELOPER v20',
/* originating_system */ 'ONSHAPE BY PTC INC, 1.218',
/* authorisation */ '  ');

FILE_SCHEMA (('AP242_MANAGED_MODEL_BASED_3D_ENGINEERING_MIM_LF { 1 0 10303 442 3 1 4 }'));
ENDSEC;

DATA;
#10=SHAPE_REPRESENTATION_RELATIONSHIP('','',#1768,#11);
#11=ADVANCED_BREP_SHAPE_REPRESENTATION('',(#1766),#4850);
#12=TOROIDAL_SURFACE('',#1870,0.00411795018603124,0.00254);
#13=TOROIDAL_SURFACE('',#1871,0.00519372805297649,0.00254);
#14=TOROIDAL_SURFACE('',#1874,0.00411795018603124,0.00254);
#15=TOROIDAL_SURFACE('',#1875,0.00519372805297649,0.00254);
#16=SPHERICAL_SURFACE('',#1851,0.008128);
#17=SPHERICAL_SURFACE('',#1854,0.008128);
#18=DEGENERATE_TOROIDAL_SURFACE('',#1847,0.007112,0.008128,.T.);
#19=DEGENERATE_TOROIDAL_SURFACE('',#1852,0.007112,0.008128,.T.);
#20=(
BOUNDED_SURFACE()
B_SPLINE_SURFACE(3,2,((#3275,#3276,#3277),(#3278,#3279,#3280),(#3281,#3282,
#3283),(#3284,#3285,#3286),(#3287,#3288,#3289),(#3290,#3291,#3292),(#3293,
#3294,#3295),(#3296,#3297,#3298),(#3299,#3300,#3301),(#3302,#3303,#3304),
(#3305,#3306,#3307),(#3308,#3309,#3310),(#3311,#3312,#3313),(#3314,#3315,
#3316),(#3317,#3318,#3319),(#3320,#3321,#3322),(#3323,#3324,#3325),(#3326,
#3327,#3328),(#3329,#3330,#3331),(#3332,#3333,#3334)),.UNSPECIFIED.,.F.,
 .F.,.F.)
B_SPLINE_SURFACE_WITH_KNOTS((4,1,1,1,1,1,1,1,1,1,1,1,1,1,1,1,1,4),(3,3),
(0.0395900881635272,0.0433453029919871,0.0471005178204469,0.0508557326489068,
0.0546109474773667,0.0564885548915967,0.0583661623058266,0.0602437697200566,
0.0611825734271715,0.061651975280729,0.0618866762075078,0.0621213771342865,
0.062590778987844,0.0630601808414015,0.0639989845485165,0.0658765919627464,
0.0677541993769764,0.0696318067912063),(0.,1.),.UNSPECIFIED.)
GEOMETRIC_REPRESENTATION_ITEM()
RATIONAL_B_SPLINE_SURFACE(((1.,0.707106781186548,1.),(1.,0.707106781176959,
1.),(1.,0.70852739443062,1.),(1.,0.71602165977628,1.),(1.,0.730065878020082,
1.),(1.,0.747513900915362,1.),(1.,0.766009326411502,1.),(1.,0.782645206579788,
1.),(1.,0.799466602065125,1.),(1.,0.812354035235786,1.),(1.,0.819906248588477,
1.),(1.,0.823262040586613,1.),(1.,0.82331249263966,1.),(1.,0.824487361261703,
1.),(1.,0.825704632458247,1.),(1.,0.828027421017661,1.),(1.,0.831073532286759,
1.),(1.,0.833944524527792,1.),(1.,0.836895827901321,1.),(1.,0.836895827901321,
1.)))
REPRESENTATION_ITEM('')
SURFACE()
);
#21=(
BOUNDED_SURFACE()
B_SPLINE_SURFACE(3,2,((#3338,#3339,#3340),(#3341,#3342,#3343),(#3344,#3345,
#3346),(#3347,#3348,#3349),(#3350,#3351,#3352),(#3353,#3354,#3355),(#3356,
#3357,#3358),(#3359,#3360,#3361),(#3362,#3363,#3364),(#3365,#3366,#3367),
(#3368,#3369,#3370),(#3371,#3372,#3373),(#3374,#3375,#3376),(#3377,#3378,
#3379),(#3380,#3381,#3382),(#3383,#3384,#3385),(#3386,#3387,#3388),(#3389,
#3390,#3391),(#3392,#3393,#3394),(#3395,#3396,#3397)),.UNSPECIFIED.,.F.,
 .F.,.F.)
B_SPLINE_SURFACE_WITH_KNOTS((4,1,1,1,1,1,1,1,1,1,1,1,1,1,1,1,1,4),(3,3),
(0.0395900881635272,0.0433453029919871,0.047100517820447,0.0508557326489069,
0.0546109474773668,0.0564885548915967,0.0583661623058267,0.0602437697200566,
0.0611825734271716,0.0616519752807291,0.0618866762075078,0.0621213771342866,
0.062590778987844,0.0630601808414015,0.0639989845485165,0.0658765919627465,
0.0677541993769764,0.0696318067912064),(0.,1.),.UNSPECIFIED.)
GEOMETRIC_REPRESENTATION_ITEM()
RATIONAL_B_SPLINE_SURFACE(((1.,0.707106781186547,1.),(1.,0.707106781176958,
1.),(1.,0.708527394430619,1.),(1.,0.71602165977628,1.),(1.,0.730065878020081,
1.),(1.,0.747513900915362,1.),(1.,0.766009326411503,1.),(1.,0.78264520657979,
1.),(1.,0.799466602065122,1.),(1.,0.812354035235789,1.),(1.,0.819906248588477,
1.),(1.,0.823262040586613,1.),(1.,0.823312492639661,1.),(1.,0.824487361261703,
1.),(1.,0.825704632458246,1.),(1.,0.828027421017659,1.),(1.,0.831073532286761,
1.),(1.,0.833944524527791,1.),(1.,0.836895827901321,1.),(1.,0.836895827901321,
1.)))
REPRESENTATION_ITEM('')
SURFACE()
);
#22=(
BOUNDED_SURFACE()
B_SPLINE_SURFACE(3,2,((#3398,#3399,#3400),(#3401,#3402,#3403),(#3404,#3405,
#3406),(#3407,#3408,#3409)),.UNSPECIFIED.,.F.,.F.,.F.)
B_SPLINE_SURFACE_WITH_KNOTS((4,4),(3,3),(-8.32607194167248E-5,0.0095876334036094),
(0.647770838247478,1.),.PIECEWISE_BEZIER_KNOTS.)
GEOMETRIC_REPRESENTATION_ITEM()
RATIONAL_B_SPLINE_SURFACE(((0.866344752491083,0.89683446705434,1.),(0.866344752491083,
0.89683446705434,1.),(0.866344752491083,0.89683446705434,1.),(0.866344752491083,
0.89683446705434,1.)))
REPRESENTATION_ITEM('')
SURFACE()
);
#23=(
BOUNDED_SURFACE()
B_SPLINE_SURFACE(3,2,((#3414,#3415,#3416),(#3417,#3418,#3419),(#3420,#3421,
#3422),(#3423,#3424,#3425),(#3426,#3427,#3428),(#3429,#3430,#3431),(#3432,
#3433,#3434),(#3435,#3436,#3437),(#3438,#3439,#3440),(#3441,#3442,#3443),
(#3444,#3445,#3446),(#3447,#3448,#3449),(#3450,#3451,#3452),(#3453,#3454,
#3455),(#3456,#3457,#3458),(#3459,#3460,#3461),(#3462,#3463,#3464),(#3465,
#3466,#3467)),.UNSPECIFIED.,.F.,.F.,.F.)
B_SPLINE_SURFACE_WITH_KNOTS((4,1,1,1,1,1,1,1,1,1,1,1,1,1,1,4),(3,3),(0.0561483262215755,
0.0582484582858368,0.060348590350098,0.0613986563822286,0.0624487224143593,
0.0634987884464899,0.0645488544786205,0.0666489865428818,0.068749118607143,
0.0729493827356655,0.077149646864188,0.0813499109927106,0.0834500430569718,
0.0855501751212331,0.0876503071854943,0.0897504392497556),(0.,1.),
 .UNSPECIFIED.)
GEOMETRIC_REPRESENTATION_ITEM()
RATIONAL_B_SPLINE_SURFACE(((1.,0.707106781186548,1.),(1.,0.707106781186548,
1.),(1.,0.707120076291352,1.),(1.,0.707070219648335,1.),(1.,0.707169932934368,
1.),(1.,0.70686580741197,1.),(1.,0.708007524537034,1.),(1.,0.709549269473472,
1.),(1.,0.712392326430049,1.),(1.,0.718671625588346,1.),(1.,0.730320346679859,
1.),(1.,0.750894253149024,1.),(1.,0.77551666420695,1.),(1.,0.801258931280073,
1.),(1.,0.824019842922824,1.),(1.,0.850884660867777,1.),(1.,0.869394105700553,
1.),(1.,0.877805364770569,1.)))
REPRESENTATION_ITEM('')
SURFACE()
);
#24=(
BOUNDED_SURFACE()
B_SPLINE_SURFACE(3,2,((#3475,#3476,#3477),(#3478,#3479,#3480),(#3481,#3482,
#3483),(#3484,#3485,#3486),(#3487,#3488,#3489),(#3490,#3491,#3492),(#3493,
#3494,#3495),(#3496,#3497,#3498),(#3499,#3500,#3501),(#3502,#3503,#3504),
(#3505,#3506,#3507),(#3508,#3509,#3510),(#3511,#3512,#3513),(#3514,#3515,
#3516),(#3517,#3518,#3519),(#3520,#3521,#3522),(#3523,#3524,#3525),(#3526,
#3527,#3528)),.UNSPECIFIED.,.F.,.F.,.F.)
B_SPLINE_SURFACE_WITH_KNOTS((4,1,1,1,1,1,1,1,1,1,1,1,1,1,1,4),(3,3),(0.0561483262215752,
0.058248458285836,0.0603485903500968,0.0613986563822272,0.0624487224143575,
0.0634987884464879,0.0645488544786183,0.0666489865428791,0.0687491186071399,
0.0729493827356615,0.077149646864183,0.0813499109927046,0.0834500430569654,
0.0855501751212262,0.087650307185487,0.0897504392497477),(0.,1.),
 .UNSPECIFIED.)
GEOMETRIC_REPRESENTATION_ITEM()
RATIONAL_B_SPLINE_SURFACE(((1.,0.707106781186547,1.),(1.,0.707106781186547,
1.),(1.,0.707120076291351,1.),(1.,0.707070219648336,1.),(1.,0.707169932934367,
1.),(1.,0.706865807411972,1.),(1.,0.708007524537031,1.),(1.,0.709549269473469,
1.),(1.,0.712392326430045,1.),(1.,0.718671625588338,1.),(1.,0.730320346679844,
1.),(1.,0.750894253148998,1.),(1.,0.775516664206906,1.),(1.,0.801258931280019,
1.),(1.,0.824019842922712,1.),(1.,0.850884660867806,1.),(1.,0.86939410570019,
1.),(1.,0.877805364770478,1.)))
REPRESENTATION_ITEM('')
SURFACE()
);
#25=(
BOUNDED_SURFACE()
B_SPLINE_SURFACE(3,2,((#3540,#3541,#3542),(#3543,#3544,#3545),(#3546,#3547,
#3548),(#3549,#3550,#3551)),.UNSPECIFIED.,.F.,.F.,.F.)
B_SPLINE_SURFACE_WITH_KNOTS((4,4),(3,3),(-8.32602472155329E-5,0.00958763340081563),
(0.,0.352229161752521),.PIECEWISE_BEZIER_KNOTS.)
GEOMETRIC_REPRESENTATION_ITEM()
RATIONAL_B_SPLINE_SURFACE(((1.,0.89683446705434,0.866344752491084),(1.,
0.89683446705434,0.866344752491084),(1.,0.89683446705434,0.866344752491084),
(1.,0.89683446705434,0.866344752491084)))
REPRESENTATION_ITEM('')
SURFACE()
);
#26=(
BOUNDED_SURFACE()
B_SPLINE_SURFACE(3,2,((#3561,#3562,#3563),(#3564,#3565,#3566),(#3567,#3568,
#3569),(#3570,#3571,#3572),(#3573,#3574,#3575),(#3576,#3577,#3578),(#3579,
#3580,#3581)),.UNSPECIFIED.,.F.,.F.,.F.)
B_SPLINE_SURFACE_WITH_KNOTS((4,1,1,1,4),(3,3),(0.133877388803422,0.134776498741426,
0.135675608679431,0.13747382855544,0.141070268307458),(0.,1.),
 .UNSPECIFIED.)
GEOMETRIC_REPRESENTATION_ITEM()
RATIONAL_B_SPLINE_SURFACE(((1.,0.707106781186548,1.),(1.,0.707106781186548,
1.),(1.,0.705937153348326,1.),(1.,0.704599512076995,1.),(1.,0.7014192494885,
1.),(1.,0.698589654453641,1.),(1.,0.696439936544628,1.)))
REPRESENTATION_ITEM('')
SURFACE()
);
#27=(
BOUNDED_SURFACE()
B_SPLINE_SURFACE(3,2,((#3597,#3598,#3599),(#3600,#3601,#3602),(#3603,#3604,
#3605),(#3606,#3607,#3608),(#3609,#3610,#3611),(#3612,#3613,#3614),(#3615,
#3616,#3617)),.UNSPECIFIED.,.F.,.F.,.F.)
B_SPLINE_SURFACE_WITH_KNOTS((4,1,1,1,4),(3,3),(0.133877388803422,0.134776498741426,
0.135675608679431,0.13747382855544,0.141070268307458),(0.,1.),
 .UNSPECIFIED.)
GEOMETRIC_REPRESENTATION_ITEM()
RATIONAL_B_SPLINE_SURFACE(((1.,0.707106781186547,1.),(1.,0.707106781186547,
1.),(1.,0.705937153348332,1.),(1.,0.704599512076975,1.),(1.,0.701419249488716,
1.),(1.,0.698589654452711,1.),(1.,0.696439936544628,1.)))
REPRESENTATION_ITEM('')
SURFACE()
);
#28=(
BOUNDED_SURFACE()
B_SPLINE_SURFACE(3,2,((#3633,#3634,#3635),(#3636,#3637,#3638),(#3639,#3640,
#3641),(#3642,#3643,#3644),(#3645,#3646,#3647),(#3648,#3649,#3650),(#3651,
#3652,#3653),(#3654,#3655,#3656),(#3657,#3658,#3659),(#3660,#3661,#3662),
(#3663,#3664,#3665),(#3666,#3667,#3668)),.UNSPECIFIED.,.F.,.F.,.F.)
B_SPLINE_SURFACE_WITH_KNOTS((4,1,1,1,1,1,1,1,1,4),(3,3),(-2.16840434497101E-17,
0.0072531335296773,0.010879700294516,0.0145062670593546,0.0181328338241933,
0.0217594005890319,0.0253859673538706,0.0271992507362899,0.0281058924274996,
0.0290125341187093),(0.,1.),.UNSPECIFIED.)
GEOMETRIC_REPRESENTATION_ITEM()
RATIONAL_B_SPLINE_SURFACE(((1.,0.707106781186543,1.),(1.,0.714912855329876,
1.),(1.,0.726047033011491,1.),(1.,0.738815157048938,1.),(1.,0.747280376346311,
1.),(1.,0.754844124857498,1.),(1.,0.7616366131152,1.),(1.,0.766692442909864,
1.),(1.,0.770141141838289,1.),(1.,0.771844786258542,1.),(1.,0.773070574764712,
1.),(1.,0.773267841607678,1.)))
REPRESENTATION_ITEM('')
SURFACE()
);
#29=(
BOUNDED_SURFACE()
B_SPLINE_SURFACE(3,2,((#3670,#3671,#3672),(#3673,#3674,#3675),(#3676,#3677,
#3678),(#3679,#3680,#3681),(#3682,#3683,#3684),(#3685,#3686,#3687),(#3688,
#3689,#3690),(#3691,#3692,#3693),(#3694,#3695,#3696),(#3697,#3698,#3699),
(#3700,#3701,#3702),(#3703,#3704,#3705)),.UNSPECIFIED.,.F.,.F.,.F.)
B_SPLINE_SURFACE_WITH_KNOTS((4,1,1,1,1,1,1,1,1,4),(3,3),(-3.55618312575245E-17,
0.0072531335296773,0.010879700294516,0.0145062670593546,0.0181328338241933,
0.021759400589032,0.0253859673538706,0.02719925073629,0.0281058924274996,
0.0290125341187093),(0.,1.),.UNSPECIFIED.)
GEOMETRIC_REPRESENTATION_ITEM()
RATIONAL_B_SPLINE_SURFACE(((1.,0.707106781186544,1.),(1.,0.714912855318586,
1.),(1.,0.726047033014032,1.),(1.,0.738815157048461,1.),(1.,0.747280376346437,
1.),(1.,0.75484412485747,1.),(1.,0.761636613115184,1.),(1.,0.766692442909936,
1.),(1.,0.770141141838188,1.),(1.,0.77184478625872,1.),(1.,0.773070574764325,
1.),(1.,0.773267841607679,1.)))
REPRESENTATION_ITEM('')
SURFACE()
);
#30=(
BOUNDED_SURFACE()
B_SPLINE_SURFACE(3,2,((#3707,#3708,#3709),(#3710,#3711,#3712),(#3713,#3714,
#3715),(#3716,#3717,#3718),(#3719,#3720,#3721),(#3722,#3723,#3724)),
 .UNSPECIFIED.,.F.,.F.,.F.)
B_SPLINE_SURFACE_WITH_KNOTS((4,1,1,4),(3,3),(-3.81639164714898E-17,0.0168762346652146,
0.0337524693304293,0.0675049386608586),(0.,1.),.UNSPECIFIED.)
GEOMETRIC_REPRESENTATION_ITEM()
RATIONAL_B_SPLINE_SURFACE(((1.,0.707106781186544,1.),(1.,0.707106781186544,
1.),(1.,0.707106781186549,1.),(1.,0.707106781186548,1.),(1.,0.707106781186548,
1.),(1.,0.707106781186548,1.)))
REPRESENTATION_ITEM('')
SURFACE()
);
#31=(
BOUNDED_SURFACE()
B_SPLINE_SURFACE(3,2,((#3730,#3731,#3732),(#3733,#3734,#3735),(#3736,#3737,
#3738),(#3739,#3740,#3741),(#3742,#3743,#3744),(#3745,#3746,#3747)),
 .UNSPECIFIED.,.F.,.F.,.F.)
B_SPLINE_SURFACE_WITH_KNOTS((4,1,1,4),(3,3),(1.38777878078145E-17,0.0168762346652147,
0.0337524693304293,0.0675049386608586),(0.,1.),.UNSPECIFIED.)
GEOMETRIC_REPRESENTATION_ITEM()
RATIONAL_B_SPLINE_SURFACE(((1.,0.70710678118655,1.),(1.,0.70710678118655,
1.),(1.,0.707106781186546,1.),(1.,0.707106781186547,1.),(1.,0.707106781186548,
1.),(1.,0.707106781186548,1.)))
REPRESENTATION_ITEM('')
SURFACE()
);
#32=(
BOUNDED_SURFACE()
B_SPLINE_SURFACE(3,2,((#3753,#3754,#3755),(#3756,#3757,#3758),(#3759,#3760,
#3761),(#3762,#3763,#3764),(#3765,#3766,#3767),(#3768,#3769,#3770),(#3771,
#3772,#3773),(#3774,#3775,#3776),(#3777,#3778,#3779),(#3780,#3781,#3782),
(#3783,#3784,#3785),(#3786,#3787,#3788)),.UNSPECIFIED.,.F.,.F.,.F.)
B_SPLINE_SURFACE_WITH_KNOTS((4,1,1,1,1,1,1,1,1,4),(3,3),(0.0771837891371715,
0.0776571592355049,0.0781305293338383,0.079077269530505,0.0809707499238386,
0.0828642303171721,0.0847577107105056,0.0866511911038391,0.0885446714971727,
0.0923316322838397),(0.,1.),.UNSPECIFIED.)
GEOMETRIC_REPRESENTATION_ITEM()
RATIONAL_B_SPLINE_SURFACE(((1.,0.704626113978397,1.),(1.,0.70460082939481,
1.),(1.,0.704837998006767,1.),(1.,0.705192143253332,1.),(1.,0.706004589219181,
1.),(1.,0.707486092714713,1.),(1.,0.70994183017898,1.),(1.,0.71312997443176,
1.),(1.,0.71709015433419,1.),(1.,0.723052332111059,1.),(1.,0.728170876496484,
1.),(1.,0.731385956520123,1.)))
REPRESENTATION_ITEM('')
SURFACE()
);
#33=(
BOUNDED_SURFACE()
B_SPLINE_SURFACE(3,2,((#3806,#3807,#3808),(#3809,#3810,#3811),(#3812,#3813,
#3814),(#3815,#3816,#3817),(#3818,#3819,#3820),(#3821,#3822,#3823),(#3824,
#3825,#3826),(#3827,#3828,#3829),(#3830,#3831,#3832),(#3833,#3834,#3835),
(#3836,#3837,#3838)),.UNSPECIFIED.,.F.,.F.,.F.)
B_SPLINE_SURFACE_WITH_KNOTS((4,1,1,1,1,1,1,1,4),(3,3),(0.0306047459287068,
0.0344324908134079,0.0382602356981089,0.0401741081404594,0.0420879805828099,
0.0440018530251604,0.0449587892463356,0.0454372573569232,0.0459157254675109),
(0.,1.),.UNSPECIFIED.)
GEOMETRIC_REPRESENTATION_ITEM()
RATIONAL_B_SPLINE_SURFACE(((1.,0.731385658740146,1.),(1.,0.728174470481829,
1.),(1.,0.721396872808704,1.),(1.,0.714255372453937,1.),(1.,0.709982372427379,
1.),(1.,0.707511574494249,1.),(1.,0.706015999587657,1.),(1.,0.705195449568806,
1.),(1.,0.704838762043495,1.),(1.,0.704600796077039,1.),(1.,0.704626158098746,
1.)))
REPRESENTATION_ITEM('')
SURFACE()
);
#34=(
BOUNDED_SURFACE()
B_SPLINE_SURFACE(3,2,((#3865,#3866,#3867),(#3868,#3869,#3870),(#3871,#3872,
#3873),(#3874,#3875,#3876),(#3877,#3878,#3879),(#3880,#3881,#3882),(#3883,
#3884,#3885),(#3886,#3887,#3888),(#3889,#3890,#3891)),.UNSPECIFIED.,.F.,
 .F.,.F.)
B_SPLINE_SURFACE_WITH_KNOTS((4,1,1,1,1,1,4),(3,3),(0.0726946343109573,0.0818673166150283,
0.0910399989190993,0.0956263400711349,0.10021268122317,0.104799022375206,
0.109385363527241),(0.,1.),.UNSPECIFIED.)
GEOMETRIC_REPRESENTATION_ITEM()
RATIONAL_B_SPLINE_SURFACE(((1.,0.707106781186547,1.),(1.,0.707106781186547,
1.),(1.,0.707106781186548,1.),(1.,0.707106781186548,1.),(1.,0.707106781186548,
1.),(1.,0.707106781186547,1.),(1.,0.707106781186547,1.),(1.,0.707106781186548,
1.),(1.,0.707106781186548,1.)))
REPRESENTATION_ITEM('')
SURFACE()
);
#35=(
BOUNDED_SURFACE()
B_SPLINE_SURFACE(3,2,((#3929,#3930,#3931),(#3932,#3933,#3934),(#3935,#3936,
#3937),(#3938,#3939,#3940),(#3941,#3942,#3943),(#3944,#3945,#3946),(#3947,
#3948,#3949),(#3950,#3951,#3952),(#3953,#3954,#3955)),.UNSPECIFIED.,.F.,
 .F.,.F.)
B_SPLINE_SURFACE_WITH_KNOTS((4,1,1,1,1,1,4),(3,3),(0.0726946343109481,0.0818673166150214,
0.0910399989190947,0.0956263400711314,0.100212681223168,0.104799022375205,
0.109385363527241),(0.,1.),.UNSPECIFIED.)
GEOMETRIC_REPRESENTATION_ITEM()
RATIONAL_B_SPLINE_SURFACE(((1.,0.707106781186547,1.),(1.,0.707106781186547,
1.),(1.,0.707106781186547,1.),(1.,0.707106781186548,1.),(1.,0.707106781186547,
1.),(1.,0.707106781186547,1.),(1.,0.707106781186547,1.),(1.,0.707106781186548,
1.),(1.,0.707106781186548,1.)))
REPRESENTATION_ITEM('')
SURFACE()
);
#36=(
BOUNDED_SURFACE()
B_SPLINE_SURFACE(3,2,((#4029,#4030,#4031),(#4032,#4033,#4034),(#4035,#4036,
#4037),(#4038,#4039,#4040),(#4041,#4042,#4043),(#4044,#4045,#4046),(#4047,
#4048,#4049),(#4050,#4051,#4052),(#4053,#4054,#4055),(#4056,#4057,#4058)),
 .UNSPECIFIED.,.F.,.F.,.F.)
B_SPLINE_SURFACE_WITH_KNOTS((4,1,1,1,1,1,1,4),(3,3),(0.,0.00155737910523178,
0.00311475821046355,0.0062295164209271,0.00778689552615888,0.00934427463139065,
0.0109016537366224,0.0124590328418542),(0.,1.),.UNSPECIFIED.)
GEOMETRIC_REPRESENTATION_ITEM()
RATIONAL_B_SPLINE_SURFACE(((1.,0.86870215765884,1.),(1.,0.868702157604012,
1.),(1.,0.865592614955923,1.),(1.,0.84780895553519,1.),(1.,0.817401067183124,
1.),(1.,0.782683452537067,1.),(1.,0.756551208909975,1.),(1.,0.730739068975261,
1.),(1.,0.714824296905713,1.),(1.,0.707106781186549,1.)))
REPRESENTATION_ITEM('')
SURFACE()
);
#37=(
BOUNDED_SURFACE()
B_SPLINE_SURFACE(3,2,((#4064,#4065,#4066),(#4067,#4068,#4069),(#4070,#4071,
#4072),(#4073,#4074,#4075),(#4076,#4077,#4078),(#4079,#4080,#4081),(#4082,
#4083,#4084),(#4085,#4086,#4087),(#4088,#4089,#4090)),.UNSPECIFIED.,.F.,
 .F.,.F.)
B_SPLINE_SURFACE_WITH_KNOTS((4,1,1,1,1,1,4),(3,3),(1.57863191996234,1.96937210336921,
2.36011228677607,2.5554823784795,2.75085247018293,2.94622256188636,3.14159265358979),
(0.,1.),.UNSPECIFIED.)
GEOMETRIC_REPRESENTATION_ITEM()
RATIONAL_B_SPLINE_SURFACE(((1.,0.999984651066259,1.),(1.,0.999474383920955,
1.),(1.,0.972239926517468,1.),(1.,0.885029064096212,1.),(1.,0.807180815718362,
1.),(1.,0.754116137189505,1.),(1.,0.716305645048824,1.),(1.,0.707106781187887,
1.),(1.,0.707106781186548,1.)))
REPRESENTATION_ITEM('')
SURFACE()
);
#38=(
BOUNDED_SURFACE()
B_SPLINE_SURFACE(3,2,((#4094,#4095,#4096),(#4097,#4098,#4099),(#4100,#4101,
#4102),(#4103,#4104,#4105)),.UNSPECIFIED.,.F.,.F.,.F.)
B_SPLINE_SURFACE_WITH_KNOTS((4,4),(3,3),(-1.25551053232404E-5,3.11520386345691E-5),
(0.,1.),.PIECEWISE_BEZIER_KNOTS.)
GEOMETRIC_REPRESENTATION_ITEM()
RATIONAL_B_SPLINE_SURFACE(((1.,1.,1.),(1.,0.999999999990412,1.),(1.,0.999994874543622,
1.),(1.,0.999984651066256,1.)))
REPRESENTATION_ITEM('')
SURFACE()
);
#39=(
BOUNDED_SURFACE()
B_SPLINE_SURFACE(3,2,((#4123,#4124,#4125),(#4126,#4127,#4128),(#4129,#4130,
#4131),(#4132,#4133,#4134),(#4135,#4136,#4137),(#4138,#4139,#4140),(#4141,
#4142,#4143),(#4144,#4145,#4146),(#4147,#4148,#4149),(#4150,#4151,#4152),
(#4153,#4154,#4155)),.UNSPECIFIED.,.F.,.F.,.F.)
B_SPLINE_SURFACE_WITH_KNOTS((4,1,1,1,1,1,1,1,4),(3,3),(0.,0.00155802108955526,
0.00311604217911052,0.00467406326866578,0.00623208435822103,0.00779010544777629,
0.00934812653733155,0.0109061476268868,0.0124641687164421),(0.,1.),
 .UNSPECIFIED.)
GEOMETRIC_REPRESENTATION_ITEM()
RATIONAL_B_SPLINE_SURFACE(((1.,0.707106781186559,1.),(1.,0.714836823034988,
1.),(1.,0.730729142208125,1.),(1.,0.756472742921829,1.),(1.,0.78268757830661,
1.),(1.,0.808760614078577,1.),(1.,0.832382751982668,1.),(1.,0.85230144031997,
1.),(1.,0.865431760199559,1.),(1.,0.868702157609803,1.),(1.,0.86870215765884,
1.)))
REPRESENTATION_ITEM('')
SURFACE()
);
#40=(
BOUNDED_SURFACE()
B_SPLINE_SURFACE(3,2,((#4160,#4161,#4162),(#4163,#4164,#4165),(#4166,#4167,
#4168),(#4169,#4170,#4171),(#4172,#4173,#4174),(#4175,#4176,#4177),(#4178,
#4179,#4180),(#4181,#4182,#4183),(#4184,#4185,#4186)),.UNSPECIFIED.,.F.,
 .F.,.F.)
B_SPLINE_SURFACE_WITH_KNOTS((4,1,1,1,1,1,4),(3,3),(1.57863191996232,1.96937210336919,
2.36011228677606,2.55548237847949,2.75085247018293,2.94622256188636,3.14159265358979),
(0.,1.),.UNSPECIFIED.)
GEOMETRIC_REPRESENTATION_ITEM()
RATIONAL_B_SPLINE_SURFACE(((1.,0.999984651066259,1.),(1.,0.999474383921116,
1.),(1.,0.972239926517394,1.),(1.,0.885029064096225,1.),(1.,0.807180815718361,
1.),(1.,0.754116137189508,1.),(1.,0.716305645048824,1.),(1.,0.707106781187887,
1.),(1.,0.707106781186548,1.)))
REPRESENTATION_ITEM('')
SURFACE()
);
#41=(
BOUNDED_SURFACE()
B_SPLINE_SURFACE(3,2,((#4188,#4189,#4190),(#4191,#4192,#4193),(#4194,#4195,
#4196),(#4197,#4198,#4199)),.UNSPECIFIED.,.F.,.F.,.F.)
B_SPLINE_SURFACE_WITH_KNOTS((4,4),(3,3),(-1.25551053232284E-5,3.11520386349983E-5),
(0.,1.),.PIECEWISE_BEZIER_KNOTS.)
GEOMETRIC_REPRESENTATION_ITEM()
RATIONAL_B_SPLINE_SURFACE(((1.,1.,1.),(1.,0.999999999990412,1.),(1.,0.99999487454362,
1.),(1.,0.999984651066255,1.)))
REPRESENTATION_ITEM('')
SURFACE()
);
#42=(
BOUNDED_SURFACE()
B_SPLINE_SURFACE(3,2,((#4200,#4201,#4202),(#4203,#4204,#4205),(#4206,#4207,
#4208),(#4209,#4210,#4211)),.UNSPECIFIED.,.F.,.F.,.F.)
B_SPLINE_SURFACE_WITH_KNOTS((4,4),(3,3),(-2.00360561475321E-16,0.000594931245485016),
(0.,1.),.PIECEWISE_BEZIER_KNOTS.)
GEOMETRIC_REPRESENTATION_ITEM()
RATIONAL_B_SPLINE_SURFACE(((1.,0.972576653037429,1.),(1.,0.990791002995045,
1.),(1.,0.999999999847731,1.),(1.,1.,1.)))
REPRESENTATION_ITEM('')
SURFACE()
);
#43=(
BOUNDED_SURFACE()
B_SPLINE_SURFACE(3,2,((#4213,#4214,#4215),(#4216,#4217,#4218),(#4219,#4220,
#4221),(#4222,#4223,#4224),(#4225,#4226,#4227),(#4228,#4229,#4230),(#4231,
#4232,#4233),(#4234,#4235,#4236)),.UNSPECIFIED.,.F.,.F.,.F.)
B_SPLINE_SURFACE_WITH_KNOTS((4,1,1,1,1,4),(3,3),(7.48966860752986E-16,0.000473619349556457,
0.000947238699112165,0.00189447739822358,0.002841716097335,0.00378895479644641),
(0.,1.),.UNSPECIFIED.)
GEOMETRIC_REPRESENTATION_ITEM()
RATIONAL_B_SPLINE_SURFACE(((1.,0.972576653037461,1.),(1.,0.965219566223289,
1.),(1.,0.948034366154119,1.),(1.,0.909074134778703,1.),(1.,0.856421269161197,
1.),(1.,0.786000261073322,1.),(1.,0.734518708740625,1.),(1.,0.707106781186543,
1.)))
REPRESENTATION_ITEM('')
SURFACE()
);
#44=(
BOUNDED_SURFACE()
B_SPLINE_SURFACE(3,2,((#4238,#4239,#4240),(#4241,#4242,#4243),(#4244,#4245,
#4246),(#4247,#4248,#4249),(#4250,#4251,#4252)),.UNSPECIFIED.,.F.,.F.,.F.)
B_SPLINE_SURFACE_WITH_KNOTS((4,1,4),(3,3),(-1.79890824458795E-15,0.00628371989909616,
0.0125674397981941),(0.,1.),.UNSPECIFIED.)
GEOMETRIC_REPRESENTATION_ITEM()
RATIONAL_B_SPLINE_SURFACE(((1.,0.707106781186547,1.),(1.,0.707106781186547,
1.),(1.,0.707106781186547,1.),(1.,0.707106781186547,1.),(1.,0.707106781186547,
1.)))
REPRESENTATION_ITEM('')
SURFACE()
);
#45=(
BOUNDED_SURFACE()
B_SPLINE_SURFACE(3,2,((#4254,#4255,#4256),(#4257,#4258,#4259),(#4260,#4261,
#4262),(#4263,#4264,#4265),(#4266,#4267,#4268),(#4269,#4270,#4271),(#4272,
#4273,#4274)),.UNSPECIFIED.,.F.,.F.,.F.)
B_SPLINE_SURFACE_WITH_KNOTS((4,1,1,1,4),(3,3),(0.0368810391400625,0.0401270101238123,
0.043372981107562,0.0466189520913118,0.0498649230750616),(0.,1.),
 .UNSPECIFIED.)
GEOMETRIC_REPRESENTATION_ITEM()
RATIONAL_B_SPLINE_SURFACE(((1.,0.707106781186917,1.),(1.,0.682959543163752,
1.),(1.,0.633919028475968,1.),(1.,0.553017856520747,1.),(1.,0.464086926843551,
1.),(1.,0.394624382182211,1.),(1.,0.354677205970414,1.)))
REPRESENTATION_ITEM('')
SURFACE()
);
#46=(
BOUNDED_SURFACE()
B_SPLINE_SURFACE(3,2,((#4278,#4279,#4280),(#4281,#4282,#4283),(#4284,#4285,
#4286),(#4287,#4288,#4289),(#4290,#4291,#4292),(#4293,#4294,#4295),(#4296,
#4297,#4298)),.UNSPECIFIED.,.F.,.F.,.F.)
B_SPLINE_SURFACE_WITH_KNOTS((4,1,1,1,4),(3,3),(0.0360641250923303,0.0393042096436364,
0.0425442941949425,0.0457843787462485,0.0490244632975546),(0.,1.),
 .UNSPECIFIED.)
GEOMETRIC_REPRESENTATION_ITEM()
RATIONAL_B_SPLINE_SURFACE(((1.,0.707106781186546,1.),(1.,0.682959163051019,
1.),(1.,0.633926320638845,1.),(1.,0.553022574539386,1.),(1.,0.464090268360971,
1.),(1.,0.394625404579797,1.),(1.,0.354677205969919,1.)))
REPRESENTATION_ITEM('')
SURFACE()
);
#47=(
BOUNDED_SURFACE()
B_SPLINE_SURFACE(3,2,((#4300,#4301,#4302),(#4303,#4304,#4305),(#4306,#4307,
#4308),(#4309,#4310,#4311),(#4312,#4313,#4314)),.UNSPECIFIED.,.F.,.F.,.F.)
B_SPLINE_SURFACE_WITH_KNOTS((4,1,4),(3,3),(-3.81639164714898E-17,0.00628371989910617,
0.0125674397982124),(0.,1.),.UNSPECIFIED.)
GEOMETRIC_REPRESENTATION_ITEM()
RATIONAL_B_SPLINE_SURFACE(((1.,0.707106781186547,1.),(1.,0.707106781186547,
1.),(1.,0.707106781186548,1.),(1.,0.707106781186547,1.),(1.,0.707106781186547,
1.)))
REPRESENTATION_ITEM('')
SURFACE()
);
#48=(
BOUNDED_SURFACE()
B_SPLINE_SURFACE(3,2,((#4316,#4317,#4318),(#4319,#4320,#4321),(#4322,#4323,
#4324),(#4325,#4326,#4327),(#4328,#4329,#4330),(#4331,#4332,#4333),(#4334,
#4335,#4336),(#4337,#4338,#4339)),.UNSPECIFIED.,.F.,.F.,.F.)
B_SPLINE_SURFACE_WITH_KNOTS((4,1,1,1,1,4),(3,3),(5.20959143879285E-17,0.000940989472022942,
0.00188197894404583,0.00282296841606872,0.00329346315208017,0.00376395788809161),
(0.,1.),.UNSPECIFIED.)
GEOMETRIC_REPRESENTATION_ITEM()
RATIONAL_B_SPLINE_SURFACE(((1.,0.707106781186547,1.),(1.,0.73454248537415,
1.),(1.,0.785970568182591,1.),(1.,0.855448998803963,1.),(1.,0.909034896650203,
1.),(1.,0.947773197153248,1.),(1.,0.965254355368997,1.),(1.,0.972576653037506,
1.)))
REPRESENTATION_ITEM('')
SURFACE()
);
#49=(
BOUNDED_SURFACE()
B_SPLINE_SURFACE(3,2,((#4341,#4342,#4343),(#4344,#4345,#4346),(#4347,#4348,
#4349),(#4350,#4351,#4352)),.UNSPECIFIED.,.F.,.F.,.F.)
B_SPLINE_SURFACE_WITH_KNOTS((4,4),(3,3),(-4.75964753721136E-17,0.000594931245482656),
(0.,1.),.PIECEWISE_BEZIER_KNOTS.)
GEOMETRIC_REPRESENTATION_ITEM()
RATIONAL_B_SPLINE_SURFACE(((1.,0.972576653037692,1.),(1.,0.990791002984169,
1.),(1.,0.999999999847731,1.),(1.,1.,1.)))
REPRESENTATION_ITEM('')
SURFACE()
);
#50=(
BOUNDED_SURFACE()
B_SPLINE_SURFACE(3,2,((#4353,#4354,#4355),(#4356,#4357,#4358),(#4359,#4360,
#4361),(#4362,#4363,#4364),(#4365,#4366,#4367),(#4368,#4369,#4370),(#4371,
#4372,#4373),(#4374,#4375,#4376),(#4377,#4378,#4379),(#4380,#4381,#4382),
(#4383,#4384,#4385),(#4386,#4387,#4388),(#4389,#4390,#4391),(#4392,#4393,
#4394),(#4395,#4396,#4397),(#4398,#4399,#4400),(#4401,#4402,#4403),(#4404,
#4405,#4406),(#4407,#4408,#4409),(#4410,#4411,#4412),(#4413,#4414,#4415)),
 .UNSPECIFIED.,.F.,.F.,.F.)
B_SPLINE_SURFACE_WITH_KNOTS((4,1,1,1,1,1,1,1,1,1,1,1,1,1,1,1,1,1,4),(3,
3),(0.0432202712053419,0.0438725156183004,0.0441986378247796,0.0445247600312589,
0.0446878211344985,0.0447693516861183,0.0448508822377381,0.044891647513548,
0.0449324127893579,0.0450139433409777,0.0451770044442173,0.0455031266506966,
0.0458292488571758,0.0464814932701343,0.0471337376830927,0.0484382265090096,
0.0497427153349266,0.0510472041608435,0.0536561818126773),(0.,1.),
 .UNSPECIFIED.)
GEOMETRIC_REPRESENTATION_ITEM()
RATIONAL_B_SPLINE_SURFACE(((1.,0.735559236853496,1.),(1.,0.734186723079795,
1.),(1.,0.731904045409839,1.),(1.,0.728337336215732,1.),(1.,0.725867638366892,
1.),(1.,0.724005975782541,1.),(1.,0.722894437766944,1.),(1.,0.722197666104086,
1.),(1.,0.721593904644332,1.),(1.,0.72082912750754,1.),(1.,0.719563819159917,
1.),(1.,0.71697402975354,1.),(1.,0.713283990860674,1.),(1.,0.707325726561712,
1.),(1.,0.699807256824279,1.),(1.,0.68761863499473,1.),(1.,0.672000330060318,
1.),(1.,0.653030227037486,1.),(1.,0.627584588807725,1.),(1.,0.608098224294912,
1.),(1.,0.595247891840674,1.)))
REPRESENTATION_ITEM('')
SURFACE()
);
#51=(
BOUNDED_SURFACE()
B_SPLINE_SURFACE(3,2,((#4417,#4418,#4419),(#4420,#4421,#4422),(#4423,#4424,
#4425),(#4426,#4427,#4428),(#4429,#4430,#4431),(#4432,#4433,#4434),(#4435,
#4436,#4437),(#4438,#4439,#4440),(#4441,#4442,#4443),(#4444,#4445,#4446),
(#4447,#4448,#4449),(#4450,#4451,#4452),(#4453,#4454,#4455),(#4456,#4457,
#4458),(#4459,#4460,#4461),(#4462,#4463,#4464),(#4465,#4466,#4467),(#4468,
#4469,#4470),(#4471,#4472,#4473),(#4474,#4475,#4476),(#4477,#4478,#4479)),
 .UNSPECIFIED.,.F.,.F.,.F.)
B_SPLINE_SURFACE_WITH_KNOTS((4,1,1,1,1,1,1,1,1,1,1,1,1,1,1,1,1,1,4),(3,
3),(0.043220271205342,0.0438725952225887,0.044198757231212,0.0445249192398353,
0.044688000244147,0.0447695407463028,0.0448510812484586,0.0448918514995366,
0.0449326217506145,0.0450141622527703,0.045177243257082,0.0455034052657053,
0.0458295672743286,0.0464818912915753,0.0471342153088219,0.0484388633433152,
0.0497435113778086,0.0510481594123019,0.0536574554812885),(0.,1.),
 .UNSPECIFIED.)
GEOMETRIC_REPRESENTATION_ITEM()
RATIONAL_B_SPLINE_SURFACE(((1.,0.735559236853496,1.),(1.,0.734186555569193,
1.),(1.,0.731903560475728,1.),(1.,0.728336337050856,1.),(1.,0.725866153494588,
1.),(1.,0.724004307586239,1.),(1.,0.722892345425877,1.),(1.,0.722196024519897,
1.),(1.,0.721590966445229,1.),(1.,0.720826390765038,1.),(1.,0.719560737885008,
1.),(1.,0.716970752382037,1.),(1.,0.713280170684411,1.),(1.,0.707321172030257,
1.),(1.,0.699801714975003,1.),(1.,0.687611499509307,1.),(1.,0.671991086239401,
1.),(1.,0.653018626973412,1.),(1.,0.627569750925945,1.),(1.,0.6080807295608,
1.),(1.,0.595229071928318,1.)))
REPRESENTATION_ITEM('')
SURFACE()
);
#52=(
BOUNDED_SURFACE()
B_SPLINE_SURFACE(3,2,((#4481,#4482,#4483),(#4484,#4485,#4486),(#4487,#4488,
#4489),(#4490,#4491,#4492),(#4493,#4494,#4495),(#4496,#4497,#4498),(#4499,
#4500,#4501),(#4502,#4503,#4504)),.UNSPECIFIED.,.F.,.F.,.F.)
B_SPLINE_SURFACE_WITH_KNOTS((4,1,1,1,1,4),(3,3),(-1.04083408558608E-17,
0.00424561544976456,0.00849123089952912,0.0127368463492937,0.014859654074176,
0.0169824617990583),(0.,1.),.UNSPECIFIED.)
GEOMETRIC_REPRESENTATION_ITEM()
RATIONAL_B_SPLINE_SURFACE(((1.,0.707106781186546,1.),(1.,0.709314411915398,
1.),(1.,0.713614899838174,1.),(1.,0.719908979323478,1.),(1.,0.725252177260608,
1.),(1.,0.730319539209884,1.),(1.,0.733541016950771,1.),(1.,0.735559236853495,
1.)))
REPRESENTATION_ITEM('')
SURFACE()
);
#53=(
BOUNDED_SURFACE()
B_SPLINE_SURFACE(3,2,((#4511,#4512,#4513),(#4514,#4515,#4516),(#4517,#4518,
#4519),(#4520,#4521,#4522),(#4523,#4524,#4525),(#4526,#4527,#4528),(#4529,
#4530,#4531),(#4532,#4533,#4534)),.UNSPECIFIED.,.F.,.F.,.F.)
B_SPLINE_SURFACE_WITH_KNOTS((4,1,1,1,1,4),(3,3),(3.81639164714898E-17,0.00424561544976461,
0.00849123089952917,0.0127368463492937,0.014859654074176,0.0169824617990583),
(0.,1.),.UNSPECIFIED.)
GEOMETRIC_REPRESENTATION_ITEM()
RATIONAL_B_SPLINE_SURFACE(((1.,0.707106781186548,1.),(1.,0.709314411913034,
1.),(1.,0.713614899839276,1.),(1.,0.719908979323166,1.),(1.,0.725252177260676,
1.),(1.,0.730319539209824,1.),(1.,0.733541016950888,1.),(1.,0.735559236853494,
1.)))
REPRESENTATION_ITEM('')
SURFACE()
);
#54=(
BOUNDED_SURFACE()
B_SPLINE_SURFACE(3,2,((#4541,#4542,#4543),(#4544,#4545,#4546),(#4547,#4548,
#4549),(#4550,#4551,#4552)),.UNSPECIFIED.,.F.,.F.,.F.)
B_SPLINE_SURFACE_WITH_KNOTS((4,4),(3,3),(1.73472347597681E-18,0.00957392609230045),
(0.,1.),.PIECEWISE_BEZIER_KNOTS.)
GEOMETRIC_REPRESENTATION_ITEM()
RATIONAL_B_SPLINE_SURFACE(((1.,0.707106781186547,1.),(1.,0.707106781186547,
1.),(1.,0.707106781186548,1.),(1.,0.707106781186548,1.)))
REPRESENTATION_ITEM('')
SURFACE()
);
#55=(
BOUNDED_SURFACE()
B_SPLINE_SURFACE(3,2,((#4554,#4555,#4556),(#4557,#4558,#4559),(#4560,#4561,
#4562),(#4563,#4564,#4565)),.UNSPECIFIED.,.F.,.F.,.F.)
B_SPLINE_SURFACE_WITH_KNOTS((4,4),(3,3),(-1.56125112837913E-17,0.00957392609230045),
(0.,1.),.PIECEWISE_BEZIER_KNOTS.)
GEOMETRIC_REPRESENTATION_ITEM()
RATIONAL_B_SPLINE_SURFACE(((1.,0.707106781186547,1.),(1.,0.707106781186547,
1.),(1.,0.707106781186548,1.),(1.,0.707106781186548,1.)))
REPRESENTATION_ITEM('')
SURFACE()
);
#56=(
BOUNDED_SURFACE()
B_SPLINE_SURFACE(3,2,((#4572,#4573,#4574),(#4575,#4576,#4577),(#4578,#4579,
#4580),(#4581,#4582,#4583)),.UNSPECIFIED.,.F.,.F.,.F.)
B_SPLINE_SURFACE_WITH_KNOTS((4,4),(3,3),(0.0480977866103812,0.060469769248136),
(0.,1.),.PIECEWISE_BEZIER_KNOTS.)
GEOMETRIC_REPRESENTATION_ITEM()
RATIONAL_B_SPLINE_SURFACE(((1.,0.707106781186548,1.),(1.,0.707106781186548,
1.),(1.,0.707106781186548,1.),(1.,0.707106781186548,1.)))
REPRESENTATION_ITEM('')
SURFACE()
);
#57=(
BOUNDED_SURFACE()
B_SPLINE_SURFACE(3,2,((#4592,#4593,#4594),(#4595,#4596,#4597),(#4598,#4599,
#4600),(#4601,#4602,#4603)),.UNSPECIFIED.,.F.,.F.,.F.)
B_SPLINE_SURFACE_WITH_KNOTS((4,4),(3,3),(0.0480977866103813,0.060469769248136),
(0.,1.),.PIECEWISE_BEZIER_KNOTS.)
GEOMETRIC_REPRESENTATION_ITEM()
RATIONAL_B_SPLINE_SURFACE(((1.,0.707106781186548,1.),(1.,0.707106781186548,
1.),(1.,0.707106781186548,1.),(1.,0.707106781186548,1.)))
REPRESENTATION_ITEM('')
SURFACE()
);
#58=(
BOUNDED_SURFACE()
B_SPLINE_SURFACE(3,2,((#4665,#4666,#4667),(#4668,#4669,#4670),(#4671,#4672,
#4673),(#4674,#4675,#4676),(#4677,#4678,#4679),(#4680,#4681,#4682),(#4683,
#4684,#4685),(#4686,#4687,#4688),(#4689,#4690,#4691),(#4692,#4693,#4694),
(#4695,#4696,#4697),(#4698,#4699,#4700),(#4701,#4702,#4703),(#4704,#4705,
#4706),(#4707,#4708,#4709)),.UNSPECIFIED.,.F.,.F.,.F.)
B_SPLINE_SURFACE_WITH_KNOTS((4,1,1,1,1,1,1,1,1,1,1,1,4),(3,3),(0.0092742176115211,
0.0132987820995937,0.0173233465876663,0.0213479110757389,0.0253724755638115,
0.0273847578078478,0.0293970400518841,0.0314093222959204,0.0334216045399567,
0.035433886783993,0.0374461690280293,0.0394584512720656,0.0414707335161019),
(0.,1.),.UNSPECIFIED.)
GEOMETRIC_REPRESENTATION_ITEM()
RATIONAL_B_SPLINE_SURFACE(((1.,0.711134540533243,1.),(1.,0.724436579450959,
1.),(1.,0.73383075540624,1.),(1.,0.730826103358642,1.),(1.,0.733468974790213,
1.),(1.,0.72678897110543,1.),(1.,0.698749597441773,1.),(1.,0.664694403186796,
1.),(1.,0.620682733028649,1.),(1.,0.578242084687449,1.),(1.,0.558854544618926,
1.),(1.,0.577149116022827,1.),(1.,0.61935380758664,1.),(1.,0.64886470543277,
1.),(1.,0.661930173511769,1.)))
REPRESENTATION_ITEM('')
SURFACE()
);
#59=(
BOUNDED_SURFACE()
B_SPLINE_SURFACE(3,2,((#4712,#4713,#4714),(#4715,#4716,#4717),(#4718,#4719,
#4720),(#4721,#4722,#4723),(#4724,#4725,#4726)),.UNSPECIFIED.,.F.,.F.,.F.)
B_SPLINE_SURFACE_WITH_KNOTS((4,1,4),(3,3),(-2.47198095326695E-17,0.00165009384434016,
0.00330018768868035),(0.,1.),.UNSPECIFIED.)
GEOMETRIC_REPRESENTATION_ITEM()
RATIONAL_B_SPLINE_SURFACE(((1.,0.661930173511764,1.),(1.,0.662126615679707,
1.),(1.,0.669407857946031,1.),(1.,0.695576259540275,1.),(1.,0.711134540533233,
1.)))
REPRESENTATION_ITEM('')
SURFACE()
);
#60=(
BOUNDED_SURFACE()
B_SPLINE_SURFACE(3,2,((#4727,#4728,#4729),(#4730,#4731,#4732),(#4733,#4734,
#4735),(#4736,#4737,#4738),(#4739,#4740,#4741),(#4742,#4743,#4744),(#4745,
#4746,#4747),(#4748,#4749,#4750),(#4751,#4752,#4753),(#4754,#4755,#4756),
(#4757,#4758,#4759),(#4760,#4761,#4762),(#4763,#4764,#4765),(#4766,#4767,
#4768),(#4769,#4770,#4771)),.UNSPECIFIED.,.F.,.F.,.F.)
B_SPLINE_SURFACE_WITH_KNOTS((4,1,1,1,1,1,1,1,1,1,1,1,4),(3,3),(0.0305884105124801,
0.0325985595005182,0.0346087084885562,0.0366188574765942,0.0386290064646322,
0.0406391554526703,0.0426493044407083,0.0446594534287463,0.0466696024167843,
0.0506899003928604,0.0547101983689364,0.0587304963450125,0.0627507943210885),
(0.,1.),.UNSPECIFIED.)
GEOMETRIC_REPRESENTATION_ITEM()
RATIONAL_B_SPLINE_SURFACE(((1.,0.661930173511763,1.),(1.,0.648897075118762,
1.),(1.,0.619353621694224,1.),(1.,0.577260276760714,1.),(1.,0.558863986178778,
1.),(1.,0.578080067988445,1.),(1.,0.620611788108695,1.),(1.,0.664668073896545,
1.),(1.,0.698712060726825,1.),(1.,0.726767184623657,1.),(1.,0.733477546396056,
1.),(1.,0.730814701787831,1.),(1.,0.733868214188898,1.),(1.,0.724359482134149,
1.),(1.,0.711134540533236,1.)))
REPRESENTATION_ITEM('')
SURFACE()
);
#61=(
BOUNDED_SURFACE()
B_SPLINE_SURFACE(3,2,((#4774,#4775,#4776),(#4777,#4778,#4779),(#4780,#4781,
#4782),(#4783,#4784,#4785),(#4786,#4787,#4788)),.UNSPECIFIED.,.F.,.F.,.F.)
B_SPLINE_SURFACE_WITH_KNOTS((4,1,4),(3,3),(-2.60208521396521E-17,0.00165009384435152,
0.00330018768870306),(0.,1.),.UNSPECIFIED.)
GEOMETRIC_REPRESENTATION_ITEM()
RATIONAL_B_SPLINE_SURFACE(((1.,0.661930173511763,1.),(1.,0.662126615679553,
1.),(1.,0.669407857940514,1.),(1.,0.695576259552156,1.),(1.,0.711134540533853,
1.)))
REPRESENTATION_ITEM('')
SURFACE()
);
#62=(
BOUNDED_SURFACE()
B_SPLINE_SURFACE(3,2,((#4789,#4790,#4791),(#4792,#4793,#4794),(#4795,#4796,
#4797),(#4798,#4799,#4800),(#4801,#4802,#4803),(#4804,#4805,#4806),(#4807,
#4808,#4809)),.UNSPECIFIED.,.F.,.F.,.F.)
B_SPLINE_SURFACE_WITH_KNOTS((4,1,1,1,4),(3,3),(-2.77555756156289E-17,0.00165375187503345,
0.00330750375006692,0.0049612556251004,0.00661500750013388),(0.,1.),
 .UNSPECIFIED.)
GEOMETRIC_REPRESENTATION_ITEM()
RATIONAL_B_SPLINE_SURFACE(((1.,0.707106781186548,1.),(1.,0.699435011323463,
1.),(1.,0.678879259585946,1.),(1.,0.662429230108223,1.),(1.,0.678588545236481,
1.),(1.,0.699456630404197,1.),(1.,0.707106781186548,1.)))
REPRESENTATION_ITEM('')
SURFACE()
);
#63=(
BOUNDED_SURFACE()
B_SPLINE_SURFACE(3,2,((#4819,#4820,#4821),(#4822,#4823,#4824),(#4825,#4826,
#4827),(#4828,#4829,#4830),(#4831,#4832,#4833),(#4834,#4835,#4836),(#4837,
#4838,#4839)),.UNSPECIFIED.,.F.,.F.,.F.)
B_SPLINE_SURFACE_WITH_KNOTS((4,1,1,1,4),(3,3),(-1.2793585635329E-17,0.00165375187503347,
0.00330750375006695,0.00496125562510043,0.00661500750013392),(0.,1.),
 .UNSPECIFIED.)
GEOMETRIC_REPRESENTATION_ITEM()
RATIONAL_B_SPLINE_SURFACE(((1.,0.707106781186548,1.),(1.,0.699435011323059,
1.),(1.,0.678879259586192,1.),(1.,0.662429230107966,1.),(1.,0.678588545237259,
1.),(1.,0.699456630402553,1.),(1.,0.707106781186549,1.)))
REPRESENTATION_ITEM('')
SURFACE()
);
#64=CYLINDRICAL_SURFACE('',#1791,0.001651);
#65=CYLINDRICAL_SURFACE('',#1792,0.001651);
#66=CYLINDRICAL_SURFACE('',#1793,0.001651);
#67=CYLINDRICAL_SURFACE('',#1794,0.001651);
#68=CYLINDRICAL_SURFACE('',#1795,0.001651);
#69=CYLINDRICAL_SURFACE('',#1796,0.001651);
#70=CYLINDRICAL_SURFACE('',#1797,0.001651);
#71=CYLINDRICAL_SURFACE('',#1798,0.001651);
#72=CYLINDRICAL_SURFACE('',#1799,0.0036792614690566);
#73=CYLINDRICAL_SURFACE('',#1802,0.0036792614690566);
#74=CYLINDRICAL_SURFACE('',#1805,0.00381);
#75=CYLINDRICAL_SURFACE('',#1808,0.00381);
#76=CYLINDRICAL_SURFACE('',#1809,0.01524);
#77=CYLINDRICAL_SURFACE('',#1812,0.00803984117586372);
#78=CYLINDRICAL_SURFACE('',#1815,0.00762);
#79=CYLINDRICAL_SURFACE('',#1821,0.00762);
#80=CYLINDRICAL_SURFACE('',#1823,0.00762);
#81=CYLINDRICAL_SURFACE('',#1826,0.00762);
#82=CYLINDRICAL_SURFACE('',#1833,0.00254);
#83=CYLINDRICAL_SURFACE('',#1844,0.008128);
#84=CYLINDRICAL_SURFACE('',#1857,0.00265372805297649);
#85=CYLINDRICAL_SURFACE('',#1860,0.00157795018603124);
#86=CYLINDRICAL_SURFACE('',#1863,0.00307764222255889);
#87=ELLIPSE('',#1781,0.0235361362309286,0.00581964190913347);
#88=ELLIPSE('',#1783,0.0235361362309286,0.00581964190913344);
#89=ELLIPSE('',#1817,0.00857868405813281,0.00762);
#90=ELLIPSE('',#1820,0.00857868405813281,0.00762);
#91=ELLIPSE('',#1824,0.00857868405813281,0.00762);
#92=ELLIPSE('',#1827,0.00857868405813281,0.00762);
#93=CIRCLE('',#1771,0.00803984117586372);
#94=CIRCLE('',#1773,0.00803984117586372);
#95=CIRCLE('',#1776,0.00411795018603124);
#96=CIRCLE('',#1777,0.00519372805297649);
#97=CIRCLE('',#1778,0.00411795018603124);
#98=CIRCLE('',#1779,0.001651);
#99=CIRCLE('',#1785,0.00411795018603124);
#100=CIRCLE('',#1786,0.00519372805297649);
#101=CIRCLE('',#1787,0.00411795018603124);
#102=CIRCLE('',#1788,0.001651);
#103=CIRCLE('',#1800,0.0036792614690566);
#104=CIRCLE('',#1801,0.0036792614690566);
#105=CIRCLE('',#1803,0.0036792614690566);
#106=CIRCLE('',#1804,0.0036792614690566);
#107=CIRCLE('',#1806,0.00381);
#108=CIRCLE('',#1807,0.00381);
#109=CIRCLE('',#1810,0.01524);
#110=CIRCLE('',#1811,0.01524);
#111=CIRCLE('',#1813,0.00803984117586372);
#112=CIRCLE('',#1816,0.00762);
#113=CIRCLE('',#1818,0.00762);
#114=CIRCLE('',#1819,0.0036792614690566);
#115=CIRCLE('',#1822,0.00762);
#116=CIRCLE('',#1825,0.00762);
#117=CIRCLE('',#1828,0.0036792614690566);
#118=CIRCLE('',#1829,0.00254);
#119=CIRCLE('',#1830,0.00254);
#120=CIRCLE('',#1831,0.00254);
#121=CIRCLE('',#1832,0.00254);
#122=CIRCLE('',#1834,0.00254);
#123=CIRCLE('',#1835,0.00254);
#124=CIRCLE('',#1836,0.00254);
#125=CIRCLE('',#1837,0.00254);
#126=CIRCLE('',#1838,0.008128);
#127=CIRCLE('',#1839,0.008128);
#128=CIRCLE('',#1840,0.008128);
#129=CIRCLE('',#1841,0.008128);
#130=CIRCLE('',#1842,0.008128);
#131=CIRCLE('',#1843,0.008128);
#132=CIRCLE('',#1845,0.008128);
#133=CIRCLE('',#1846,0.008128);
#134=CIRCLE('',#1848,0.008128);
#135=CIRCLE('',#1849,0.008128);
#136=CIRCLE('',#1850,0.008128);
#137=CIRCLE('',#1853,0.008128);
#138=CIRCLE('',#1855,0.008128);
#139=CIRCLE('',#1856,0.008128);
#140=CIRCLE('',#1858,0.00265372805297649);
#141=CIRCLE('',#1859,0.00265372805297649);
#142=CIRCLE('',#1861,0.00157795018603124);
#143=CIRCLE('',#1862,0.00157795018603124);
#144=CIRCLE('',#1864,0.00254);
#145=CIRCLE('',#1865,0.00254);
#146=CIRCLE('',#1866,0.00254);
#147=CIRCLE('',#1867,0.00254);
#148=CIRCLE('',#1868,0.00254);
#149=CIRCLE('',#1869,0.00254);
#150=CIRCLE('',#1872,0.00254);
#151=CIRCLE('',#1873,0.00254);
#152=PLANE('',#1770);
#153=PLANE('',#1772);
#154=PLANE('',#1774);
#155=PLANE('',#1775);
#156=PLANE('',#1780);
#157=PLANE('',#1782);
#158=PLANE('',#1784);
#159=PLANE('',#1789);
#160=PLANE('',#1790);
#161=PLANE('',#1814);
#162=LINE('',#2170,#198);
#163=LINE('',#2222,#199);
#164=LINE('',#2224,#200);
#165=LINE('',#2235,#201);
#166=LINE('',#2259,#202);
#167=LINE('',#2319,#203);
#168=LINE('',#2321,#204);
#169=LINE('',#2323,#205);
#170=LINE('',#2364,#206);
#171=LINE('',#2396,#207);
#172=LINE('',#2430,#208);
#173=LINE('',#2432,#209);
#174=LINE('',#2539,#210);
#175=LINE('',#2578,#211);
#176=LINE('',#2611,#212);
#177=LINE('',#2615,#213);
#178=LINE('',#2639,#214);
#179=LINE('',#2695,#215);
#180=LINE('',#2731,#216);
#181=LINE('',#2733,#217);
#182=LINE('',#2758,#218);
#183=LINE('',#2766,#219);
#184=LINE('',#2780,#220);
#185=LINE('',#2795,#221);
#186=LINE('',#2824,#222);
#187=LINE('',#2833,#223);
#188=LINE('',#2857,#224);
#189=LINE('',#2893,#225);
#190=LINE('',#2934,#226);
#191=LINE('',#2948,#227);
#192=LINE('',#2958,#228);
#193=LINE('',#2990,#229);
#194=LINE('',#3001,#230);
#195=LINE('',#3004,#231);
#196=LINE('',#3006,#232);
#197=LINE('',#3008,#233);
#198=VECTOR('',#1878,1.);
#199=VECTOR('',#1883,1.);
#200=VECTOR('',#1886,1.);
#201=VECTOR('',#1891,1.);
#202=VECTOR('',#1892,1.);
#203=VECTOR('',#1903,1.);
#204=VECTOR('',#1904,1.);
#205=VECTOR('',#1905,1.);
#206=VECTOR('',#1906,1.);
#207=VECTOR('',#1907,1.);
#208=VECTOR('',#1910,1.);
#209=VECTOR('',#1911,1.);
#210=VECTOR('',#1914,1.);
#211=VECTOR('',#1915,1.);
#212=VECTOR('',#1918,1.);
#213=VECTOR('',#1921,1.);
#214=VECTOR('',#1922,1.);
#215=VECTOR('',#1923,1.);
#216=VECTOR('',#1932,1.);
#217=VECTOR('',#1933,1.);
#218=VECTOR('',#1936,1.);
#219=VECTOR('',#1937,1.);
#220=VECTOR('',#1938,1.);
#221=VECTOR('',#1939,1.);
#222=VECTOR('',#1940,1.);
#223=VECTOR('',#1941,1.);
#224=VECTOR('',#1942,1.);
#225=VECTOR('',#1943,1.);
#226=VECTOR('',#1944,1.);
#227=VECTOR('',#1945,1.);
#228=VECTOR('',#1948,1.);
#229=VECTOR('',#1949,1.);
#230=VECTOR('',#1952,1.);
#231=VECTOR('',#1953,1.);
#232=VECTOR('',#1954,1.);
#233=VECTOR('',#1955,1.);
#234=ORIENTED_EDGE('',*,*,#784,.T.);
#235=ORIENTED_EDGE('',*,*,#785,.T.);
#236=ORIENTED_EDGE('',*,*,#786,.F.);
#237=ORIENTED_EDGE('',*,*,#787,.T.);
#238=ORIENTED_EDGE('',*,*,#788,.F.);
#239=ORIENTED_EDGE('',*,*,#789,.T.);
#240=ORIENTED_EDGE('',*,*,#790,.F.);
#241=ORIENTED_EDGE('',*,*,#791,.T.);
#242=ORIENTED_EDGE('',*,*,#792,.F.);
#243=ORIENTED_EDGE('',*,*,#793,.T.);
#244=ORIENTED_EDGE('',*,*,#794,.T.);
#245=ORIENTED_EDGE('',*,*,#795,.T.);
#246=ORIENTED_EDGE('',*,*,#796,.F.);
#247=ORIENTED_EDGE('',*,*,#797,.T.);
#248=ORIENTED_EDGE('',*,*,#798,.T.);
#249=ORIENTED_EDGE('',*,*,#799,.T.);
#250=ORIENTED_EDGE('',*,*,#800,.T.);
#251=ORIENTED_EDGE('',*,*,#801,.F.);
#252=ORIENTED_EDGE('',*,*,#802,.T.);
#253=ORIENTED_EDGE('',*,*,#803,.T.);
#254=ORIENTED_EDGE('',*,*,#804,.T.);
#255=ORIENTED_EDGE('',*,*,#805,.T.);
#256=ORIENTED_EDGE('',*,*,#806,.T.);
#257=ORIENTED_EDGE('',*,*,#807,.T.);
#258=ORIENTED_EDGE('',*,*,#808,.T.);
#259=ORIENTED_EDGE('',*,*,#809,.T.);
#260=ORIENTED_EDGE('',*,*,#810,.T.);
#261=ORIENTED_EDGE('',*,*,#811,.T.);
#262=ORIENTED_EDGE('',*,*,#812,.T.);
#263=ORIENTED_EDGE('',*,*,#813,.T.);
#264=ORIENTED_EDGE('',*,*,#814,.T.);
#265=ORIENTED_EDGE('',*,*,#815,.T.);
#266=ORIENTED_EDGE('',*,*,#816,.F.);
#267=ORIENTED_EDGE('',*,*,#817,.T.);
#268=ORIENTED_EDGE('',*,*,#818,.T.);
#269=ORIENTED_EDGE('',*,*,#819,.T.);
#270=ORIENTED_EDGE('',*,*,#820,.T.);
#271=ORIENTED_EDGE('',*,*,#821,.T.);
#272=ORIENTED_EDGE('',*,*,#822,.T.);
#273=ORIENTED_EDGE('',*,*,#823,.T.);
#274=ORIENTED_EDGE('',*,*,#824,.T.);
#275=ORIENTED_EDGE('',*,*,#825,.T.);
#276=ORIENTED_EDGE('',*,*,#826,.T.);
#277=ORIENTED_EDGE('',*,*,#827,.T.);
#278=ORIENTED_EDGE('',*,*,#819,.F.);
#279=ORIENTED_EDGE('',*,*,#826,.F.);
#280=ORIENTED_EDGE('',*,*,#828,.T.);
#281=ORIENTED_EDGE('',*,*,#829,.T.);
#282=ORIENTED_EDGE('',*,*,#830,.T.);
#283=ORIENTED_EDGE('',*,*,#831,.F.);
#284=ORIENTED_EDGE('',*,*,#832,.T.);
#285=ORIENTED_EDGE('',*,*,#830,.F.);
#286=ORIENTED_EDGE('',*,*,#833,.T.);
#287=ORIENTED_EDGE('',*,*,#834,.T.);
#288=ORIENTED_EDGE('',*,*,#835,.T.);
#289=ORIENTED_EDGE('',*,*,#836,.F.);
#290=ORIENTED_EDGE('',*,*,#837,.F.);
#291=ORIENTED_EDGE('',*,*,#838,.T.);
#292=ORIENTED_EDGE('',*,*,#839,.T.);
#293=ORIENTED_EDGE('',*,*,#790,.T.);
#294=ORIENTED_EDGE('',*,*,#840,.T.);
#295=ORIENTED_EDGE('',*,*,#841,.T.);
#296=ORIENTED_EDGE('',*,*,#842,.F.);
#297=ORIENTED_EDGE('',*,*,#835,.F.);
#298=ORIENTED_EDGE('',*,*,#843,.F.);
#299=ORIENTED_EDGE('',*,*,#844,.T.);
#300=ORIENTED_EDGE('',*,*,#845,.T.);
#301=ORIENTED_EDGE('',*,*,#846,.T.);
#302=ORIENTED_EDGE('',*,*,#847,.T.);
#303=ORIENTED_EDGE('',*,*,#848,.T.);
#304=ORIENTED_EDGE('',*,*,#849,.T.);
#305=ORIENTED_EDGE('',*,*,#850,.T.);
#306=ORIENTED_EDGE('',*,*,#851,.T.);
#307=ORIENTED_EDGE('',*,*,#852,.T.);
#308=ORIENTED_EDGE('',*,*,#853,.T.);
#309=ORIENTED_EDGE('',*,*,#854,.T.);
#310=ORIENTED_EDGE('',*,*,#851,.F.);
#311=ORIENTED_EDGE('',*,*,#855,.T.);
#312=ORIENTED_EDGE('',*,*,#856,.T.);
#313=ORIENTED_EDGE('',*,*,#857,.T.);
#314=ORIENTED_EDGE('',*,*,#858,.T.);
#315=ORIENTED_EDGE('',*,*,#859,.T.);
#316=ORIENTED_EDGE('',*,*,#860,.T.);
#317=ORIENTED_EDGE('',*,*,#857,.F.);
#318=ORIENTED_EDGE('',*,*,#861,.T.);
#319=ORIENTED_EDGE('',*,*,#862,.T.);
#320=ORIENTED_EDGE('',*,*,#863,.T.);
#321=ORIENTED_EDGE('',*,*,#864,.T.);
#322=ORIENTED_EDGE('',*,*,#865,.T.);
#323=ORIENTED_EDGE('',*,*,#866,.T.);
#324=ORIENTED_EDGE('',*,*,#867,.T.);
#325=ORIENTED_EDGE('',*,*,#868,.T.);
#326=ORIENTED_EDGE('',*,*,#869,.T.);
#327=ORIENTED_EDGE('',*,*,#870,.T.);
#328=ORIENTED_EDGE('',*,*,#863,.F.);
#329=ORIENTED_EDGE('',*,*,#871,.T.);
#330=ORIENTED_EDGE('',*,*,#872,.T.);
#331=ORIENTED_EDGE('',*,*,#873,.T.);
#332=ORIENTED_EDGE('',*,*,#874,.T.);
#333=ORIENTED_EDGE('',*,*,#875,.T.);
#334=ORIENTED_EDGE('',*,*,#868,.F.);
#335=ORIENTED_EDGE('',*,*,#876,.T.);
#336=ORIENTED_EDGE('',*,*,#877,.T.);
#337=ORIENTED_EDGE('',*,*,#878,.T.);
#338=ORIENTED_EDGE('',*,*,#879,.T.);
#339=ORIENTED_EDGE('',*,*,#880,.T.);
#340=ORIENTED_EDGE('',*,*,#881,.T.);
#341=ORIENTED_EDGE('',*,*,#882,.T.);
#342=ORIENTED_EDGE('',*,*,#883,.T.);
#343=ORIENTED_EDGE('',*,*,#874,.F.);
#344=ORIENTED_EDGE('',*,*,#884,.T.);
#345=ORIENTED_EDGE('',*,*,#885,.T.);
#346=ORIENTED_EDGE('',*,*,#886,.T.);
#347=ORIENTED_EDGE('',*,*,#887,.T.);
#348=ORIENTED_EDGE('',*,*,#888,.T.);
#349=ORIENTED_EDGE('',*,*,#889,.T.);
#350=ORIENTED_EDGE('',*,*,#890,.T.);
#351=ORIENTED_EDGE('',*,*,#891,.T.);
#352=ORIENTED_EDGE('',*,*,#892,.T.);
#353=ORIENTED_EDGE('',*,*,#893,.T.);
#354=ORIENTED_EDGE('',*,*,#894,.T.);
#355=ORIENTED_EDGE('',*,*,#895,.T.);
#356=ORIENTED_EDGE('',*,*,#896,.T.);
#357=ORIENTED_EDGE('',*,*,#897,.T.);
#358=ORIENTED_EDGE('',*,*,#898,.T.);
#359=ORIENTED_EDGE('',*,*,#899,.T.);
#360=ORIENTED_EDGE('',*,*,#900,.T.);
#361=ORIENTED_EDGE('',*,*,#901,.T.);
#362=ORIENTED_EDGE('',*,*,#902,.T.);
#363=ORIENTED_EDGE('',*,*,#903,.T.);
#364=ORIENTED_EDGE('',*,*,#904,.T.);
#365=ORIENTED_EDGE('',*,*,#905,.T.);
#366=ORIENTED_EDGE('',*,*,#906,.T.);
#367=ORIENTED_EDGE('',*,*,#907,.T.);
#368=ORIENTED_EDGE('',*,*,#908,.T.);
#369=ORIENTED_EDGE('',*,*,#909,.T.);
#370=ORIENTED_EDGE('',*,*,#910,.T.);
#371=ORIENTED_EDGE('',*,*,#911,.T.);
#372=ORIENTED_EDGE('',*,*,#912,.T.);
#373=ORIENTED_EDGE('',*,*,#913,.T.);
#374=ORIENTED_EDGE('',*,*,#914,.T.);
#375=ORIENTED_EDGE('',*,*,#915,.T.);
#376=ORIENTED_EDGE('',*,*,#916,.T.);
#377=ORIENTED_EDGE('',*,*,#917,.T.);
#378=ORIENTED_EDGE('',*,*,#842,.T.);
#379=ORIENTED_EDGE('',*,*,#918,.T.);
#380=ORIENTED_EDGE('',*,*,#917,.F.);
#381=ORIENTED_EDGE('',*,*,#919,.T.);
#382=ORIENTED_EDGE('',*,*,#858,.F.);
#383=ORIENTED_EDGE('',*,*,#865,.F.);
#384=ORIENTED_EDGE('',*,*,#920,.T.);
#385=ORIENTED_EDGE('',*,*,#836,.T.);
#386=ORIENTED_EDGE('',*,*,#831,.T.);
#387=ORIENTED_EDGE('',*,*,#837,.T.);
#388=ORIENTED_EDGE('',*,*,#920,.F.);
#389=ORIENTED_EDGE('',*,*,#864,.F.);
#390=ORIENTED_EDGE('',*,*,#870,.F.);
#391=ORIENTED_EDGE('',*,*,#921,.T.);
#392=ORIENTED_EDGE('',*,*,#922,.T.);
#393=ORIENTED_EDGE('',*,*,#923,.T.);
#394=ORIENTED_EDGE('',*,*,#924,.T.);
#395=ORIENTED_EDGE('',*,*,#925,.T.);
#396=ORIENTED_EDGE('',*,*,#926,.T.);
#397=ORIENTED_EDGE('',*,*,#927,.F.);
#398=ORIENTED_EDGE('',*,*,#922,.F.);
#399=ORIENTED_EDGE('',*,*,#928,.T.);
#400=ORIENTED_EDGE('',*,*,#927,.T.);
#401=ORIENTED_EDGE('',*,*,#929,.T.);
#402=ORIENTED_EDGE('',*,*,#930,.T.);
#403=ORIENTED_EDGE('',*,*,#931,.T.);
#404=ORIENTED_EDGE('',*,*,#932,.F.);
#405=ORIENTED_EDGE('',*,*,#933,.T.);
#406=ORIENTED_EDGE('',*,*,#934,.T.);
#407=ORIENTED_EDGE('',*,*,#935,.T.);
#408=ORIENTED_EDGE('',*,*,#936,.T.);
#409=ORIENTED_EDGE('',*,*,#937,.F.);
#410=ORIENTED_EDGE('',*,*,#938,.T.);
#411=ORIENTED_EDGE('',*,*,#939,.T.);
#412=ORIENTED_EDGE('',*,*,#940,.T.);
#413=ORIENTED_EDGE('',*,*,#941,.T.);
#414=ORIENTED_EDGE('',*,*,#942,.F.);
#415=ORIENTED_EDGE('',*,*,#943,.T.);
#416=ORIENTED_EDGE('',*,*,#816,.T.);
#417=ORIENTED_EDGE('',*,*,#944,.T.);
#418=ORIENTED_EDGE('',*,*,#886,.F.);
#419=ORIENTED_EDGE('',*,*,#945,.T.);
#420=ORIENTED_EDGE('',*,*,#946,.T.);
#421=ORIENTED_EDGE('',*,*,#947,.T.);
#422=ORIENTED_EDGE('',*,*,#948,.F.);
#423=ORIENTED_EDGE('',*,*,#949,.F.);
#424=ORIENTED_EDGE('',*,*,#792,.T.);
#425=ORIENTED_EDGE('',*,*,#950,.T.);
#426=ORIENTED_EDGE('',*,*,#849,.F.);
#427=ORIENTED_EDGE('',*,*,#951,.T.);
#428=ORIENTED_EDGE('',*,*,#788,.T.);
#429=ORIENTED_EDGE('',*,*,#952,.T.);
#430=ORIENTED_EDGE('',*,*,#853,.F.);
#431=ORIENTED_EDGE('',*,*,#953,.T.);
#432=ORIENTED_EDGE('',*,*,#786,.T.);
#433=ORIENTED_EDGE('',*,*,#954,.T.);
#434=ORIENTED_EDGE('',*,*,#843,.T.);
#435=ORIENTED_EDGE('',*,*,#955,.T.);
#436=ORIENTED_EDGE('',*,*,#795,.F.);
#437=ORIENTED_EDGE('',*,*,#956,.T.);
#438=ORIENTED_EDGE('',*,*,#846,.F.);
#439=ORIENTED_EDGE('',*,*,#957,.T.);
#440=ORIENTED_EDGE('',*,*,#883,.F.);
#441=ORIENTED_EDGE('',*,*,#958,.T.);
#442=ORIENTED_EDGE('',*,*,#924,.F.);
#443=ORIENTED_EDGE('',*,*,#959,.F.);
#444=ORIENTED_EDGE('',*,*,#959,.T.);
#445=ORIENTED_EDGE('',*,*,#928,.F.);
#446=ORIENTED_EDGE('',*,*,#921,.F.);
#447=ORIENTED_EDGE('',*,*,#869,.F.);
#448=ORIENTED_EDGE('',*,*,#875,.F.);
#449=ORIENTED_EDGE('',*,*,#926,.F.);
#450=ORIENTED_EDGE('',*,*,#960,.T.);
#451=ORIENTED_EDGE('',*,*,#820,.F.);
#452=ORIENTED_EDGE('',*,*,#961,.F.);
#453=ORIENTED_EDGE('',*,*,#961,.T.);
#454=ORIENTED_EDGE('',*,*,#827,.F.);
#455=ORIENTED_EDGE('',*,*,#832,.F.);
#456=ORIENTED_EDGE('',*,*,#923,.F.);
#457=ORIENTED_EDGE('',*,*,#929,.F.);
#458=ORIENTED_EDGE('',*,*,#859,.F.);
#459=ORIENTED_EDGE('',*,*,#919,.F.);
#460=ORIENTED_EDGE('',*,*,#962,.F.);
#461=ORIENTED_EDGE('',*,*,#916,.F.);
#462=ORIENTED_EDGE('',*,*,#963,.T.);
#463=ORIENTED_EDGE('',*,*,#793,.F.);
#464=ORIENTED_EDGE('',*,*,#957,.F.);
#465=ORIENTED_EDGE('',*,*,#854,.F.);
#466=ORIENTED_EDGE('',*,*,#953,.F.);
#467=ORIENTED_EDGE('',*,*,#852,.F.);
#468=ORIENTED_EDGE('',*,*,#860,.F.);
#469=ORIENTED_EDGE('',*,*,#962,.T.);
#470=ORIENTED_EDGE('',*,*,#845,.F.);
#471=ORIENTED_EDGE('',*,*,#964,.T.);
#472=ORIENTED_EDGE('',*,*,#914,.F.);
#473=ORIENTED_EDGE('',*,*,#965,.F.);
#474=ORIENTED_EDGE('',*,*,#840,.F.);
#475=ORIENTED_EDGE('',*,*,#789,.F.);
#476=ORIENTED_EDGE('',*,*,#952,.F.);
#477=ORIENTED_EDGE('',*,*,#787,.F.);
#478=ORIENTED_EDGE('',*,*,#955,.F.);
#479=ORIENTED_EDGE('',*,*,#918,.F.);
#480=ORIENTED_EDGE('',*,*,#841,.F.);
#481=ORIENTED_EDGE('',*,*,#965,.T.);
#482=ORIENTED_EDGE('',*,*,#910,.F.);
#483=ORIENTED_EDGE('',*,*,#966,.T.);
#484=ORIENTED_EDGE('',*,*,#802,.F.);
#485=ORIENTED_EDGE('',*,*,#967,.T.);
#486=ORIENTED_EDGE('',*,*,#968,.T.);
#487=ORIENTED_EDGE('',*,*,#969,.T.);
#488=ORIENTED_EDGE('',*,*,#909,.F.);
#489=ORIENTED_EDGE('',*,*,#970,.F.);
#490=ORIENTED_EDGE('',*,*,#855,.F.);
#491=ORIENTED_EDGE('',*,*,#850,.F.);
#492=ORIENTED_EDGE('',*,*,#951,.F.);
#493=ORIENTED_EDGE('',*,*,#848,.F.);
#494=ORIENTED_EDGE('',*,*,#911,.F.);
#495=ORIENTED_EDGE('',*,*,#971,.T.);
#496=ORIENTED_EDGE('',*,*,#972,.T.);
#497=ORIENTED_EDGE('',*,*,#784,.F.);
#498=ORIENTED_EDGE('',*,*,#950,.F.);
#499=ORIENTED_EDGE('',*,*,#791,.F.);
#500=ORIENTED_EDGE('',*,*,#839,.F.);
#501=ORIENTED_EDGE('',*,*,#973,.F.);
#502=ORIENTED_EDGE('',*,*,#970,.T.);
#503=ORIENTED_EDGE('',*,*,#908,.F.);
#504=ORIENTED_EDGE('',*,*,#974,.F.);
#505=ORIENTED_EDGE('',*,*,#856,.F.);
#506=ORIENTED_EDGE('',*,*,#973,.T.);
#507=ORIENTED_EDGE('',*,*,#838,.F.);
#508=ORIENTED_EDGE('',*,*,#975,.F.);
#509=ORIENTED_EDGE('',*,*,#912,.F.);
#510=ORIENTED_EDGE('',*,*,#974,.T.);
#511=ORIENTED_EDGE('',*,*,#907,.F.);
#512=ORIENTED_EDGE('',*,*,#976,.F.);
#513=ORIENTED_EDGE('',*,*,#861,.F.);
#514=ORIENTED_EDGE('',*,*,#975,.T.);
#515=ORIENTED_EDGE('',*,*,#834,.F.);
#516=ORIENTED_EDGE('',*,*,#977,.F.);
#517=ORIENTED_EDGE('',*,*,#913,.F.);
#518=ORIENTED_EDGE('',*,*,#906,.F.);
#519=ORIENTED_EDGE('',*,*,#978,.T.);
#520=ORIENTED_EDGE('',*,*,#866,.F.);
#521=ORIENTED_EDGE('',*,*,#862,.F.);
#522=ORIENTED_EDGE('',*,*,#976,.T.);
#523=ORIENTED_EDGE('',*,*,#829,.F.);
#524=ORIENTED_EDGE('',*,*,#979,.T.);
#525=ORIENTED_EDGE('',*,*,#902,.F.);
#526=ORIENTED_EDGE('',*,*,#977,.T.);
#527=ORIENTED_EDGE('',*,*,#833,.F.);
#528=ORIENTED_EDGE('',*,*,#904,.F.);
#529=ORIENTED_EDGE('',*,*,#980,.T.);
#530=ORIENTED_EDGE('',*,*,#892,.F.);
#531=ORIENTED_EDGE('',*,*,#981,.T.);
#532=ORIENTED_EDGE('',*,*,#881,.F.);
#533=ORIENTED_EDGE('',*,*,#982,.T.);
#534=ORIENTED_EDGE('',*,*,#877,.F.);
#535=ORIENTED_EDGE('',*,*,#983,.T.);
#536=ORIENTED_EDGE('',*,*,#937,.T.);
#537=ORIENTED_EDGE('',*,*,#984,.T.);
#538=ORIENTED_EDGE('',*,*,#932,.T.);
#539=ORIENTED_EDGE('',*,*,#985,.T.);
#540=ORIENTED_EDGE('',*,*,#986,.F.);
#541=ORIENTED_EDGE('',*,*,#900,.F.);
#542=ORIENTED_EDGE('',*,*,#987,.T.);
#543=ORIENTED_EDGE('',*,*,#814,.F.);
#544=ORIENTED_EDGE('',*,*,#988,.T.);
#545=ORIENTED_EDGE('',*,*,#810,.F.);
#546=ORIENTED_EDGE('',*,*,#989,.T.);
#547=ORIENTED_EDGE('',*,*,#898,.F.);
#548=ORIENTED_EDGE('',*,*,#990,.F.);
#549=ORIENTED_EDGE('',*,*,#991,.T.);
#550=ORIENTED_EDGE('',*,*,#930,.F.);
#551=ORIENTED_EDGE('',*,*,#992,.T.);
#552=ORIENTED_EDGE('',*,*,#936,.F.);
#553=ORIENTED_EDGE('',*,*,#993,.T.);
#554=ORIENTED_EDGE('',*,*,#890,.F.);
#555=ORIENTED_EDGE('',*,*,#994,.T.);
#556=ORIENTED_EDGE('',*,*,#990,.T.);
#557=ORIENTED_EDGE('',*,*,#901,.F.);
#558=ORIENTED_EDGE('',*,*,#986,.T.);
#559=ORIENTED_EDGE('',*,*,#995,.T.);
#560=ORIENTED_EDGE('',*,*,#996,.F.);
#561=ORIENTED_EDGE('',*,*,#801,.T.);
#562=ORIENTED_EDGE('',*,*,#997,.T.);
#563=ORIENTED_EDGE('',*,*,#998,.T.);
#564=ORIENTED_EDGE('',*,*,#999,.T.);
#565=ORIENTED_EDGE('',*,*,#796,.T.);
#566=ORIENTED_EDGE('',*,*,#1000,.T.);
#567=ORIENTED_EDGE('',*,*,#996,.T.);
#568=ORIENTED_EDGE('',*,*,#1001,.F.);
#569=ORIENTED_EDGE('',*,*,#821,.F.);
#570=ORIENTED_EDGE('',*,*,#1002,.F.);
#571=ORIENTED_EDGE('',*,*,#989,.F.);
#572=ORIENTED_EDGE('',*,*,#1001,.T.);
#573=ORIENTED_EDGE('',*,*,#1003,.F.);
#574=ORIENTED_EDGE('',*,*,#797,.F.);
#575=ORIENTED_EDGE('',*,*,#999,.F.);
#576=ORIENTED_EDGE('',*,*,#1004,.F.);
#577=ORIENTED_EDGE('',*,*,#1005,.F.);
#578=ORIENTED_EDGE('',*,*,#1002,.T.);
#579=ORIENTED_EDGE('',*,*,#960,.F.);
#580=ORIENTED_EDGE('',*,*,#1006,.F.);
#581=ORIENTED_EDGE('',*,*,#1003,.T.);
#582=ORIENTED_EDGE('',*,*,#1005,.T.);
#583=ORIENTED_EDGE('',*,*,#1007,.F.);
#584=ORIENTED_EDGE('',*,*,#1004,.T.);
#585=ORIENTED_EDGE('',*,*,#998,.F.);
#586=ORIENTED_EDGE('',*,*,#1008,.F.);
#587=ORIENTED_EDGE('',*,*,#899,.F.);
#588=ORIENTED_EDGE('',*,*,#1009,.F.);
#589=ORIENTED_EDGE('',*,*,#882,.F.);
#590=ORIENTED_EDGE('',*,*,#1010,.F.);
#591=ORIENTED_EDGE('',*,*,#1006,.T.);
#592=ORIENTED_EDGE('',*,*,#925,.F.);
#593=ORIENTED_EDGE('',*,*,#1011,.F.);
#594=ORIENTED_EDGE('',*,*,#1012,.F.);
#595=ORIENTED_EDGE('',*,*,#799,.F.);
#596=ORIENTED_EDGE('',*,*,#1000,.F.);
#597=ORIENTED_EDGE('',*,*,#798,.F.);
#598=ORIENTED_EDGE('',*,*,#1007,.T.);
#599=ORIENTED_EDGE('',*,*,#997,.F.);
#600=ORIENTED_EDGE('',*,*,#800,.F.);
#601=ORIENTED_EDGE('',*,*,#1013,.F.);
#602=ORIENTED_EDGE('',*,*,#1010,.T.);
#603=ORIENTED_EDGE('',*,*,#987,.F.);
#604=ORIENTED_EDGE('',*,*,#1008,.T.);
#605=ORIENTED_EDGE('',*,*,#958,.F.);
#606=ORIENTED_EDGE('',*,*,#1009,.T.);
#607=ORIENTED_EDGE('',*,*,#1014,.F.);
#608=ORIENTED_EDGE('',*,*,#1011,.T.);
#609=ORIENTED_EDGE('',*,*,#1013,.T.);
#610=ORIENTED_EDGE('',*,*,#1012,.T.);
#611=ORIENTED_EDGE('',*,*,#1014,.T.);
#612=ORIENTED_EDGE('',*,*,#971,.F.);
#613=ORIENTED_EDGE('',*,*,#967,.F.);
#614=ORIENTED_EDGE('',*,*,#1015,.F.);
#615=ORIENTED_EDGE('',*,*,#1015,.T.);
#616=ORIENTED_EDGE('',*,*,#809,.F.);
#617=ORIENTED_EDGE('',*,*,#1016,.F.);
#618=ORIENTED_EDGE('',*,*,#972,.F.);
#619=ORIENTED_EDGE('',*,*,#1016,.T.);
#620=ORIENTED_EDGE('',*,*,#808,.F.);
#621=ORIENTED_EDGE('',*,*,#1017,.F.);
#622=ORIENTED_EDGE('',*,*,#844,.F.);
#623=ORIENTED_EDGE('',*,*,#954,.F.);
#624=ORIENTED_EDGE('',*,*,#785,.F.);
#625=ORIENTED_EDGE('',*,*,#1017,.T.);
#626=ORIENTED_EDGE('',*,*,#807,.F.);
#627=ORIENTED_EDGE('',*,*,#1018,.F.);
#628=ORIENTED_EDGE('',*,*,#964,.F.);
#629=ORIENTED_EDGE('',*,*,#1018,.T.);
#630=ORIENTED_EDGE('',*,*,#806,.F.);
#631=ORIENTED_EDGE('',*,*,#1019,.F.);
#632=ORIENTED_EDGE('',*,*,#915,.F.);
#633=ORIENTED_EDGE('',*,*,#1019,.T.);
#634=ORIENTED_EDGE('',*,*,#805,.F.);
#635=ORIENTED_EDGE('',*,*,#1020,.F.);
#636=ORIENTED_EDGE('',*,*,#963,.F.);
#637=ORIENTED_EDGE('',*,*,#1020,.T.);
#638=ORIENTED_EDGE('',*,*,#804,.F.);
#639=ORIENTED_EDGE('',*,*,#1021,.F.);
#640=ORIENTED_EDGE('',*,*,#847,.F.);
#641=ORIENTED_EDGE('',*,*,#956,.F.);
#642=ORIENTED_EDGE('',*,*,#794,.F.);
#643=ORIENTED_EDGE('',*,*,#1021,.T.);
#644=ORIENTED_EDGE('',*,*,#803,.F.);
#645=ORIENTED_EDGE('',*,*,#1022,.F.);
#646=ORIENTED_EDGE('',*,*,#968,.F.);
#647=ORIENTED_EDGE('',*,*,#1022,.T.);
#648=ORIENTED_EDGE('',*,*,#966,.F.);
#649=ORIENTED_EDGE('',*,*,#969,.F.);
#650=ORIENTED_EDGE('',*,*,#905,.F.);
#651=ORIENTED_EDGE('',*,*,#981,.F.);
#652=ORIENTED_EDGE('',*,*,#1023,.F.);
#653=ORIENTED_EDGE('',*,*,#876,.F.);
#654=ORIENTED_EDGE('',*,*,#867,.F.);
#655=ORIENTED_EDGE('',*,*,#978,.F.);
#656=ORIENTED_EDGE('',*,*,#828,.F.);
#657=ORIENTED_EDGE('',*,*,#825,.F.);
#658=ORIENTED_EDGE('',*,*,#1024,.F.);
#659=ORIENTED_EDGE('',*,*,#980,.F.);
#660=ORIENTED_EDGE('',*,*,#903,.F.);
#661=ORIENTED_EDGE('',*,*,#979,.F.);
#662=ORIENTED_EDGE('',*,*,#873,.F.);
#663=ORIENTED_EDGE('',*,*,#1025,.T.);
#664=ORIENTED_EDGE('',*,*,#871,.F.);
#665=ORIENTED_EDGE('',*,*,#1023,.T.);
#666=ORIENTED_EDGE('',*,*,#897,.F.);
#667=ORIENTED_EDGE('',*,*,#1026,.F.);
#668=ORIENTED_EDGE('',*,*,#824,.F.);
#669=ORIENTED_EDGE('',*,*,#1027,.T.);
#670=ORIENTED_EDGE('',*,*,#822,.F.);
#671=ORIENTED_EDGE('',*,*,#1028,.F.);
#672=ORIENTED_EDGE('',*,*,#893,.F.);
#673=ORIENTED_EDGE('',*,*,#1024,.T.);
#674=ORIENTED_EDGE('',*,*,#896,.F.);
#675=ORIENTED_EDGE('',*,*,#1029,.T.);
#676=ORIENTED_EDGE('',*,*,#884,.F.);
#677=ORIENTED_EDGE('',*,*,#1026,.T.);
#678=ORIENTED_EDGE('',*,*,#818,.F.);
#679=ORIENTED_EDGE('',*,*,#1030,.T.);
#680=ORIENTED_EDGE('',*,*,#894,.F.);
#681=ORIENTED_EDGE('',*,*,#1028,.T.);
#682=ORIENTED_EDGE('',*,*,#895,.F.);
#683=ORIENTED_EDGE('',*,*,#1031,.T.);
#684=ORIENTED_EDGE('',*,*,#888,.F.);
#685=ORIENTED_EDGE('',*,*,#1032,.T.);
#686=ORIENTED_EDGE('',*,*,#991,.F.);
#687=ORIENTED_EDGE('',*,*,#994,.F.);
#688=ORIENTED_EDGE('',*,*,#1033,.F.);
#689=ORIENTED_EDGE('',*,*,#934,.F.);
#690=ORIENTED_EDGE('',*,*,#992,.F.);
#691=ORIENTED_EDGE('',*,*,#931,.F.);
#692=ORIENTED_EDGE('',*,*,#1033,.T.);
#693=ORIENTED_EDGE('',*,*,#889,.F.);
#694=ORIENTED_EDGE('',*,*,#1034,.F.);
#695=ORIENTED_EDGE('',*,*,#947,.F.);
#696=ORIENTED_EDGE('',*,*,#1035,.F.);
#697=ORIENTED_EDGE('',*,*,#817,.F.);
#698=ORIENTED_EDGE('',*,*,#944,.F.);
#699=ORIENTED_EDGE('',*,*,#815,.F.);
#700=ORIENTED_EDGE('',*,*,#993,.F.);
#701=ORIENTED_EDGE('',*,*,#935,.F.);
#702=ORIENTED_EDGE('',*,*,#941,.F.);
#703=ORIENTED_EDGE('',*,*,#940,.F.);
#704=ORIENTED_EDGE('',*,*,#1035,.T.);
#705=ORIENTED_EDGE('',*,*,#946,.F.);
#706=ORIENTED_EDGE('',*,*,#1034,.T.);
#707=ORIENTED_EDGE('',*,*,#1031,.F.);
#708=ORIENTED_EDGE('',*,*,#1030,.F.);
#709=ORIENTED_EDGE('',*,*,#984,.F.);
#710=ORIENTED_EDGE('',*,*,#939,.F.);
#711=ORIENTED_EDGE('',*,*,#1036,.F.);
#712=ORIENTED_EDGE('',*,*,#995,.F.);
#713=ORIENTED_EDGE('',*,*,#985,.F.);
#714=ORIENTED_EDGE('',*,*,#933,.F.);
#715=ORIENTED_EDGE('',*,*,#1029,.F.);
#716=ORIENTED_EDGE('',*,*,#1032,.F.);
#717=ORIENTED_EDGE('',*,*,#1037,.F.);
#718=ORIENTED_EDGE('',*,*,#948,.T.);
#719=ORIENTED_EDGE('',*,*,#1038,.F.);
#720=ORIENTED_EDGE('',*,*,#945,.F.);
#721=ORIENTED_EDGE('',*,*,#885,.F.);
#722=ORIENTED_EDGE('',*,*,#1038,.T.);
#723=ORIENTED_EDGE('',*,*,#949,.T.);
#724=ORIENTED_EDGE('',*,*,#1037,.T.);
#725=ORIENTED_EDGE('',*,*,#891,.F.);
#726=ORIENTED_EDGE('',*,*,#1036,.T.);
#727=ORIENTED_EDGE('',*,*,#938,.F.);
#728=ORIENTED_EDGE('',*,*,#983,.F.);
#729=ORIENTED_EDGE('',*,*,#887,.F.);
#730=ORIENTED_EDGE('',*,*,#942,.T.);
#731=ORIENTED_EDGE('',*,*,#943,.F.);
#732=ORIENTED_EDGE('',*,*,#1039,.T.);
#733=ORIENTED_EDGE('',*,*,#1040,.T.);
#734=ORIENTED_EDGE('',*,*,#1041,.T.);
#735=ORIENTED_EDGE('',*,*,#1042,.T.);
#736=ORIENTED_EDGE('',*,*,#1043,.T.);
#737=ORIENTED_EDGE('',*,*,#1044,.T.);
#738=ORIENTED_EDGE('',*,*,#1045,.T.);
#739=ORIENTED_EDGE('',*,*,#1046,.T.);
#740=ORIENTED_EDGE('',*,*,#1047,.T.);
#741=ORIENTED_EDGE('',*,*,#1048,.T.);
#742=ORIENTED_EDGE('',*,*,#1049,.F.);
#743=ORIENTED_EDGE('',*,*,#823,.F.);
#744=ORIENTED_EDGE('',*,*,#1050,.F.);
#745=ORIENTED_EDGE('',*,*,#1045,.F.);
#746=ORIENTED_EDGE('',*,*,#1050,.T.);
#747=ORIENTED_EDGE('',*,*,#1027,.F.);
#748=ORIENTED_EDGE('',*,*,#1049,.T.);
#749=ORIENTED_EDGE('',*,*,#1046,.F.);
#750=ORIENTED_EDGE('',*,*,#1051,.F.);
#751=ORIENTED_EDGE('',*,*,#1048,.F.);
#752=ORIENTED_EDGE('',*,*,#1052,.F.);
#753=ORIENTED_EDGE('',*,*,#872,.F.);
#754=ORIENTED_EDGE('',*,*,#1052,.T.);
#755=ORIENTED_EDGE('',*,*,#1047,.F.);
#756=ORIENTED_EDGE('',*,*,#1051,.T.);
#757=ORIENTED_EDGE('',*,*,#1025,.F.);
#758=ORIENTED_EDGE('',*,*,#1053,.F.);
#759=ORIENTED_EDGE('',*,*,#988,.F.);
#760=ORIENTED_EDGE('',*,*,#1054,.F.);
#761=ORIENTED_EDGE('',*,*,#1042,.F.);
#762=ORIENTED_EDGE('',*,*,#1055,.F.);
#763=ORIENTED_EDGE('',*,*,#811,.F.);
#764=ORIENTED_EDGE('',*,*,#1053,.T.);
#765=ORIENTED_EDGE('',*,*,#1041,.F.);
#766=ORIENTED_EDGE('',*,*,#1054,.T.);
#767=ORIENTED_EDGE('',*,*,#813,.F.);
#768=ORIENTED_EDGE('',*,*,#812,.F.);
#769=ORIENTED_EDGE('',*,*,#1055,.T.);
#770=ORIENTED_EDGE('',*,*,#1039,.F.);
#771=ORIENTED_EDGE('',*,*,#1056,.F.);
#772=ORIENTED_EDGE('',*,*,#982,.F.);
#773=ORIENTED_EDGE('',*,*,#1057,.F.);
#774=ORIENTED_EDGE('',*,*,#1043,.F.);
#775=ORIENTED_EDGE('',*,*,#1058,.F.);
#776=ORIENTED_EDGE('',*,*,#878,.F.);
#777=ORIENTED_EDGE('',*,*,#1056,.T.);
#778=ORIENTED_EDGE('',*,*,#1044,.F.);
#779=ORIENTED_EDGE('',*,*,#1057,.T.);
#780=ORIENTED_EDGE('',*,*,#880,.F.);
#781=ORIENTED_EDGE('',*,*,#1040,.F.);
#782=ORIENTED_EDGE('',*,*,#879,.F.);
#783=ORIENTED_EDGE('',*,*,#1058,.T.);
#784=EDGE_CURVE('',#1059,#1060,#1228,.T.);
#785=EDGE_CURVE('',#1060,#1061,#1229,.T.);
#786=EDGE_CURVE('',#1062,#1061,#1230,.T.);
#787=EDGE_CURVE('',#1062,#1063,#1231,.T.);
#788=EDGE_CURVE('',#1064,#1063,#1232,.T.);
#789=EDGE_CURVE('',#1064,#1065,#1233,.T.);
#790=EDGE_CURVE('',#1066,#1065,#162,.T.);
#791=EDGE_CURVE('',#1066,#1067,#1234,.T.);
#792=EDGE_CURVE('',#1059,#1067,#1235,.T.);
#793=EDGE_CURVE('',#1068,#1069,#1236,.T.);
#794=EDGE_CURVE('',#1069,#1070,#1237,.T.);
#795=EDGE_CURVE('',#1070,#1068,#1238,.T.);
#796=EDGE_CURVE('',#1071,#1072,#93,.T.);
#797=EDGE_CURVE('',#1071,#1073,#1239,.T.);
#798=EDGE_CURVE('',#1073,#1072,#163,.F.);
#799=EDGE_CURVE('',#1074,#1075,#164,.F.);
#800=EDGE_CURVE('',#1075,#1076,#1240,.T.);
#801=EDGE_CURVE('',#1074,#1076,#94,.T.);
#802=EDGE_CURVE('',#1077,#1078,#165,.F.);
#803=EDGE_CURVE('',#1078,#1079,#1241,.T.);
#804=EDGE_CURVE('',#1079,#1080,#1242,.T.);
#805=EDGE_CURVE('',#1080,#1081,#1243,.T.);
#806=EDGE_CURVE('',#1081,#1082,#166,.T.);
#807=EDGE_CURVE('',#1082,#1083,#1244,.T.);
#808=EDGE_CURVE('',#1083,#1084,#1245,.T.);
#809=EDGE_CURVE('',#1084,#1077,#1246,.T.);
#810=EDGE_CURVE('',#1085,#1086,#1247,.T.);
#811=EDGE_CURVE('',#1086,#1087,#95,.F.);
#812=EDGE_CURVE('',#1087,#1088,#96,.F.);
#813=EDGE_CURVE('',#1088,#1089,#97,.F.);
#814=EDGE_CURVE('',#1089,#1090,#1248,.T.);
#815=EDGE_CURVE('',#1090,#1091,#1249,.T.);
#816=EDGE_CURVE('',#1092,#1091,#98,.T.);
#817=EDGE_CURVE('',#1092,#1093,#1250,.T.);
#818=EDGE_CURVE('',#1093,#1094,#1251,.T.);
#819=EDGE_CURVE('',#1094,#1095,#167,.T.);
#820=EDGE_CURVE('',#1095,#1096,#168,.F.);
#821=EDGE_CURVE('',#1096,#1085,#169,.T.);
#822=EDGE_CURVE('',#1094,#1097,#1252,.T.);
#823=EDGE_CURVE('',#1097,#1098,#1253,.T.);
#824=EDGE_CURVE('',#1098,#1099,#1254,.T.);
#825=EDGE_CURVE('',#1099,#1100,#1255,.T.);
#826=EDGE_CURVE('',#1100,#1101,#170,.T.);
#827=EDGE_CURVE('',#1101,#1095,#1256,.T.);
#828=EDGE_CURVE('',#1100,#1102,#1257,.T.);
#829=EDGE_CURVE('',#1102,#1103,#1258,.T.);
#830=EDGE_CURVE('',#1103,#1104,#171,.T.);
#831=EDGE_CURVE('',#1105,#1104,#1259,.T.);
#832=EDGE_CURVE('',#1105,#1101,#1260,.T.);
#833=EDGE_CURVE('',#1103,#1106,#1261,.T.);
#834=EDGE_CURVE('',#1106,#1107,#1262,.T.);
#835=EDGE_CURVE('',#1107,#1108,#172,.T.);
#836=EDGE_CURVE('',#1109,#1108,#173,.T.);
#837=EDGE_CURVE('',#1104,#1109,#87,.T.);
#838=EDGE_CURVE('',#1107,#1110,#1263,.T.);
#839=EDGE_CURVE('',#1110,#1066,#1264,.T.);
#840=EDGE_CURVE('',#1065,#1111,#1265,.T.);
#841=EDGE_CURVE('',#1111,#1112,#1266,.T.);
#842=EDGE_CURVE('',#1108,#1112,#1267,.T.);
#843=EDGE_CURVE('',#1113,#1114,#1268,.T.);
#844=EDGE_CURVE('',#1113,#1115,#1269,.T.);
#845=EDGE_CURVE('',#1115,#1114,#1270,.T.);
#846=EDGE_CURVE('',#1116,#1117,#1271,.T.);
#847=EDGE_CURVE('',#1117,#1118,#1272,.T.);
#848=EDGE_CURVE('',#1118,#1119,#1273,.T.);
#849=EDGE_CURVE('',#1119,#1120,#1274,.T.);
#850=EDGE_CURVE('',#1120,#1121,#1275,.T.);
#851=EDGE_CURVE('',#1121,#1122,#174,.T.);
#852=EDGE_CURVE('',#1122,#1123,#1276,.T.);
#853=EDGE_CURVE('',#1123,#1124,#1277,.T.);
#854=EDGE_CURVE('',#1124,#1116,#1278,.T.);
#855=EDGE_CURVE('',#1121,#1125,#1279,.T.);
#856=EDGE_CURVE('',#1125,#1126,#1280,.T.);
#857=EDGE_CURVE('',#1126,#1127,#175,.T.);
#858=EDGE_CURVE('',#1127,#1128,#1281,.T.);
#859=EDGE_CURVE('',#1128,#1129,#1282,.T.);
#860=EDGE_CURVE('',#1129,#1122,#1283,.T.);
#861=EDGE_CURVE('',#1126,#1130,#1284,.T.);
#862=EDGE_CURVE('',#1130,#1131,#1285,.T.);
#863=EDGE_CURVE('',#1131,#1132,#176,.T.);
#864=EDGE_CURVE('',#1132,#1133,#88,.T.);
#865=EDGE_CURVE('',#1133,#1127,#177,.T.);
#866=EDGE_CURVE('',#1131,#1134,#1286,.T.);
#867=EDGE_CURVE('',#1134,#1135,#1287,.T.);
#868=EDGE_CURVE('',#1135,#1136,#178,.T.);
#869=EDGE_CURVE('',#1136,#1137,#1288,.T.);
#870=EDGE_CURVE('',#1137,#1132,#1289,.T.);
#871=EDGE_CURVE('',#1138,#1139,#1290,.T.);
#872=EDGE_CURVE('',#1139,#1140,#1291,.T.);
#873=EDGE_CURVE('',#1140,#1141,#1292,.T.);
#874=EDGE_CURVE('',#1141,#1142,#179,.T.);
#875=EDGE_CURVE('',#1142,#1136,#1293,.T.);
#876=EDGE_CURVE('',#1135,#1138,#1294,.T.);
#877=EDGE_CURVE('',#1143,#1144,#1295,.T.);
#878=EDGE_CURVE('',#1144,#1145,#99,.T.);
#879=EDGE_CURVE('',#1145,#1146,#100,.T.);
#880=EDGE_CURVE('',#1146,#1147,#101,.T.);
#881=EDGE_CURVE('',#1147,#1148,#1296,.T.);
#882=EDGE_CURVE('',#1148,#1149,#180,.T.);
#883=EDGE_CURVE('',#1149,#1142,#181,.T.);
#884=EDGE_CURVE('',#1141,#1150,#1297,.T.);
#885=EDGE_CURVE('',#1150,#1151,#1298,.T.);
#886=EDGE_CURVE('',#1151,#1152,#102,.T.);
#887=EDGE_CURVE('',#1152,#1143,#1299,.T.);
#888=EDGE_CURVE('',#1153,#1154,#182,.T.);
#889=EDGE_CURVE('',#1154,#1155,#1300,.T.);
#890=EDGE_CURVE('',#1155,#1156,#183,.F.);
#891=EDGE_CURVE('',#1156,#1153,#1301,.T.);
#892=EDGE_CURVE('',#1157,#1158,#184,.T.);
#893=EDGE_CURVE('',#1158,#1159,#1302,.T.);
#894=EDGE_CURVE('',#1159,#1160,#1303,.T.);
#895=EDGE_CURVE('',#1160,#1161,#185,.F.);
#896=EDGE_CURVE('',#1161,#1162,#1304,.T.);
#897=EDGE_CURVE('',#1162,#1157,#1305,.T.);
#898=EDGE_CURVE('',#1163,#1164,#1306,.T.);
#899=EDGE_CURVE('',#1164,#1165,#186,.F.);
#900=EDGE_CURVE('',#1165,#1166,#1307,.T.);
#901=EDGE_CURVE('',#1166,#1163,#187,.T.);
#902=EDGE_CURVE('',#1167,#1168,#1308,.T.);
#903=EDGE_CURVE('',#1168,#1169,#1309,.T.);
#904=EDGE_CURVE('',#1169,#1170,#188,.F.);
#905=EDGE_CURVE('',#1170,#1171,#1310,.F.);
#906=EDGE_CURVE('',#1171,#1172,#1311,.T.);
#907=EDGE_CURVE('',#1172,#1173,#1312,.T.);
#908=EDGE_CURVE('',#1173,#1174,#1313,.T.);
#909=EDGE_CURVE('',#1174,#1175,#1314,.T.);
#910=EDGE_CURVE('',#1175,#1176,#189,.T.);
#911=EDGE_CURVE('',#1176,#1177,#1315,.T.);
#912=EDGE_CURVE('',#1177,#1178,#1316,.T.);
#913=EDGE_CURVE('',#1178,#1167,#1317,.T.);
#914=EDGE_CURVE('',#1179,#1180,#1318,.T.);
#915=EDGE_CURVE('',#1180,#1181,#190,.F.);
#916=EDGE_CURVE('',#1181,#1182,#1319,.T.);
#917=EDGE_CURVE('',#1182,#1179,#191,.T.);
#918=EDGE_CURVE('',#1112,#1179,#1320,.T.);
#919=EDGE_CURVE('',#1182,#1128,#1321,.T.);
#920=EDGE_CURVE('',#1133,#1109,#192,.T.);
#921=EDGE_CURVE('',#1137,#1183,#1322,.T.);
#922=EDGE_CURVE('',#1183,#1184,#193,.T.);
#923=EDGE_CURVE('',#1184,#1105,#1323,.T.);
#924=EDGE_CURVE('',#1185,#1186,#194,.F.);
#925=EDGE_CURVE('',#1186,#1187,#195,.T.);
#926=EDGE_CURVE('',#1187,#1188,#196,.T.);
#927=EDGE_CURVE('',#1185,#1188,#197,.T.);
#928=EDGE_CURVE('',#1183,#1185,#1324,.T.);
#929=EDGE_CURVE('',#1188,#1184,#1325,.T.);
#930=EDGE_CURVE('',#1189,#1190,#1326,.T.);
#931=EDGE_CURVE('',#1190,#1189,#1327,.F.);
#932=EDGE_CURVE('',#1191,#1192,#1328,.T.);
#933=EDGE_CURVE('',#1191,#1192,#1329,.T.);
#934=EDGE_CURVE('',#1193,#1194,#1330,.F.);
#935=EDGE_CURVE('',#1194,#1195,#1331,.F.);
#936=EDGE_CURVE('',#1195,#1193,#1332,.T.);
#937=EDGE_CURVE('',#1196,#1197,#1333,.T.);
#938=EDGE_CURVE('',#1196,#1198,#1334,.T.);
#939=EDGE_CURVE('',#1198,#1197,#1335,.T.);
#940=EDGE_CURVE('',#1199,#1200,#1336,.T.);
#941=EDGE_CURVE('',#1200,#1199,#1337,.T.);
#942=EDGE_CURVE('',#1201,#1202,#1338,.T.);
#943=EDGE_CURVE('',#1201,#1202,#1339,.T.);
#944=EDGE_CURVE('',#1091,#1092,#1340,.T.);
#945=EDGE_CURVE('',#1151,#1152,#1341,.T.);
#946=EDGE_CURVE('',#1203,#1204,#1342,.T.);
#947=EDGE_CURVE('',#1204,#1203,#1343,.F.);
#948=EDGE_CURVE('',#1205,#1206,#1344,.T.);
#949=EDGE_CURVE('',#1206,#1205,#1345,.F.);
#950=EDGE_CURVE('',#1067,#1059,#1346,.T.);
#951=EDGE_CURVE('',#1119,#1120,#1347,.T.);
#952=EDGE_CURVE('',#1063,#1064,#1348,.T.);
#953=EDGE_CURVE('',#1123,#1124,#1349,.T.);
#954=EDGE_CURVE('',#1061,#1113,#1350,.T.);
#955=EDGE_CURVE('',#1114,#1062,#1351,.T.);
#956=EDGE_CURVE('',#1070,#1117,#1352,.T.);
#957=EDGE_CURVE('',#1116,#1068,#1353,.T.);
#958=EDGE_CURVE('',#1149,#1186,#103,.T.);
#959=EDGE_CURVE('',#1142,#1185,#104,.T.);
#960=EDGE_CURVE('',#1187,#1096,#105,.T.);
#961=EDGE_CURVE('',#1188,#1095,#106,.T.);
#962=EDGE_CURVE('',#1129,#1182,#1354,.F.);
#963=EDGE_CURVE('',#1181,#1069,#1355,.T.);
#964=EDGE_CURVE('',#1115,#1180,#1356,.T.);
#965=EDGE_CURVE('',#1111,#1179,#1357,.T.);
#966=EDGE_CURVE('',#1175,#1078,#1358,.F.);
#967=EDGE_CURVE('',#1077,#1176,#1359,.T.);
#968=EDGE_CURVE('',#1118,#1207,#1360,.T.);
#969=EDGE_CURVE('',#1207,#1175,#1361,.T.);
#970=EDGE_CURVE('',#1125,#1174,#1362,.T.);
#971=EDGE_CURVE('',#1176,#1208,#1363,.F.);
#972=EDGE_CURVE('',#1208,#1060,#1364,.T.);
#973=EDGE_CURVE('',#1177,#1110,#1365,.F.);
#974=EDGE_CURVE('',#1126,#1173,#107,.T.);
#975=EDGE_CURVE('',#1178,#1107,#108,.T.);
#976=EDGE_CURVE('',#1130,#1172,#1366,.T.);
#977=EDGE_CURVE('',#1167,#1106,#1367,.F.);
#978=EDGE_CURVE('',#1171,#1134,#1368,.T.);
#979=EDGE_CURVE('',#1102,#1168,#1369,.T.);
#980=EDGE_CURVE('',#1169,#1158,#1370,.T.);
#981=EDGE_CURVE('',#1157,#1170,#1371,.T.);
#982=EDGE_CURVE('',#1147,#1144,#1372,.T.);
#983=EDGE_CURVE('',#1143,#1196,#1373,.T.);
#984=EDGE_CURVE('',#1197,#1191,#1374,.T.);
#985=EDGE_CURVE('',#1192,#1209,#1375,.T.);
#986=EDGE_CURVE('',#1166,#1209,#1376,.F.);
#987=EDGE_CURVE('',#1165,#1148,#1377,.T.);
#988=EDGE_CURVE('',#1089,#1086,#1378,.T.);
#989=EDGE_CURVE('',#1085,#1164,#1379,.T.);
#990=EDGE_CURVE('',#1210,#1163,#1380,.T.);
#991=EDGE_CURVE('',#1210,#1190,#1381,.F.);
#992=EDGE_CURVE('',#1189,#1193,#1382,.F.);
#993=EDGE_CURVE('',#1195,#1090,#1383,.T.);
#994=EDGE_CURVE('',#1155,#1210,#109,.F.);
#995=EDGE_CURVE('',#1209,#1156,#110,.T.);
#996=EDGE_CURVE('',#1211,#1211,#111,.T.);
#997=EDGE_CURVE('',#1076,#1212,#1384,.T.);
#998=EDGE_CURVE('',#1212,#1213,#1385,.T.);
#999=EDGE_CURVE('',#1213,#1071,#1386,.T.);
#1000=EDGE_CURVE('',#1072,#1074,#1387,.T.);
#1001=EDGE_CURVE('',#1085,#1214,#112,.T.);
#1002=EDGE_CURVE('',#1214,#1096,#89,.F.);
#1003=EDGE_CURVE('',#1073,#1214,#1388,.F.);
#1004=EDGE_CURVE('',#1164,#1213,#113,.T.);
#1005=EDGE_CURVE('',#1214,#1215,#114,.F.);
#1006=EDGE_CURVE('',#1215,#1187,#90,.F.);
#1007=EDGE_CURVE('',#1073,#1215,#1389,.F.);
#1008=EDGE_CURVE('',#1165,#1212,#115,.T.);
#1009=EDGE_CURVE('',#1149,#1216,#91,.T.);
#1010=EDGE_CURVE('',#1216,#1148,#116,.T.);
#1011=EDGE_CURVE('',#1217,#1186,#92,.F.);
#1012=EDGE_CURVE('',#1075,#1217,#1390,.F.);
#1013=EDGE_CURVE('',#1216,#1075,#1391,.T.);
#1014=EDGE_CURVE('',#1217,#1216,#117,.F.);
#1015=EDGE_CURVE('',#1208,#1077,#118,.T.);
#1016=EDGE_CURVE('',#1060,#1084,#119,.T.);
#1017=EDGE_CURVE('',#1115,#1083,#120,.T.);
#1018=EDGE_CURVE('',#1180,#1082,#121,.T.);
#1019=EDGE_CURVE('',#1181,#1081,#122,.T.);
#1020=EDGE_CURVE('',#1069,#1080,#123,.T.);
#1021=EDGE_CURVE('',#1118,#1079,#124,.T.);
#1022=EDGE_CURVE('',#1207,#1078,#125,.T.);
#1023=EDGE_CURVE('',#1138,#1157,#126,.T.);
#1024=EDGE_CURVE('',#1158,#1099,#127,.T.);
#1025=EDGE_CURVE('',#1140,#1139,#1392,.T.);
#1026=EDGE_CURVE('',#1141,#1162,#128,.T.);
#1027=EDGE_CURVE('',#1098,#1097,#1393,.T.);
#1028=EDGE_CURVE('',#1159,#1094,#129,.T.);
#1029=EDGE_CURVE('',#1161,#1150,#130,.F.);
#1030=EDGE_CURVE('',#1093,#1160,#131,.F.);
#1031=EDGE_CURVE('',#1160,#1154,#132,.F.);
#1032=EDGE_CURVE('',#1153,#1161,#133,.T.);
#1033=EDGE_CURVE('',#1194,#1155,#134,.T.);
#1034=EDGE_CURVE('',#1203,#1154,#135,.T.);
#1035=EDGE_CURVE('',#1093,#1204,#136,.T.);
#1036=EDGE_CURVE('',#1156,#1198,#137,.T.);
#1037=EDGE_CURVE('',#1205,#1153,#138,.T.);
#1038=EDGE_CURVE('',#1150,#1206,#139,.T.);
#1039=EDGE_CURVE('',#1218,#1218,#140,.T.);
#1040=EDGE_CURVE('',#1219,#1219,#141,.F.);
#1041=EDGE_CURVE('',#1220,#1221,#142,.T.);
#1042=EDGE_CURVE('',#1221,#1220,#1394,.T.);
#1043=EDGE_CURVE('',#1222,#1223,#1395,.T.);
#1044=EDGE_CURVE('',#1223,#1222,#143,.F.);
#1045=EDGE_CURVE('',#1224,#1225,#1396,.T.);
#1046=EDGE_CURVE('',#1225,#1224,#1397,.T.);
#1047=EDGE_CURVE('',#1226,#1227,#1398,.T.);
#1048=EDGE_CURVE('',#1227,#1226,#1399,.T.);
#1049=EDGE_CURVE('',#1098,#1224,#144,.T.);
#1050=EDGE_CURVE('',#1225,#1097,#145,.T.);
#1051=EDGE_CURVE('',#1226,#1139,#146,.T.);
#1052=EDGE_CURVE('',#1140,#1227,#147,.T.);
#1053=EDGE_CURVE('',#1086,#1221,#148,.T.);
#1054=EDGE_CURVE('',#1220,#1089,#149,.T.);
#1055=EDGE_CURVE('',#1087,#1088,#1400,.T.);
#1056=EDGE_CURVE('',#1144,#1222,#150,.T.);
#1057=EDGE_CURVE('',#1223,#1147,#151,.T.);
#1058=EDGE_CURVE('',#1145,#1146,#1401,.T.);
#1059=VERTEX_POINT('',#2139);
#1060=VERTEX_POINT('',#2140);
#1061=VERTEX_POINT('',#2145);
#1062=VERTEX_POINT('',#2151);
#1063=VERTEX_POINT('',#2156);
#1064=VERTEX_POINT('',#2164);
#1065=VERTEX_POINT('',#2169);
#1066=VERTEX_POINT('',#2171);
#1067=VERTEX_POINT('',#2176);
#1068=VERTEX_POINT('',#2200);
#1069=VERTEX_POINT('',#2201);
#1070=VERTEX_POINT('',#2206);
#1071=VERTEX_POINT('',#2214);
#1072=VERTEX_POINT('',#2215);
#1073=VERTEX_POINT('',#2221);
#1074=VERTEX_POINT('',#2225);
#1075=VERTEX_POINT('',#2226);
#1076=VERTEX_POINT('',#2232);
#1077=VERTEX_POINT('',#2236);
#1078=VERTEX_POINT('',#2237);
#1079=VERTEX_POINT('',#2244);
#1080=VERTEX_POINT('',#2250);
#1081=VERTEX_POINT('',#2258);
#1082=VERTEX_POINT('',#2260);
#1083=VERTEX_POINT('',#2268);
#1084=VERTEX_POINT('',#2274);
#1085=VERTEX_POINT('',#2289);
#1086=VERTEX_POINT('',#2290);
#1087=VERTEX_POINT('',#2292);
#1088=VERTEX_POINT('',#2294);
#1089=VERTEX_POINT('',#2296);
#1090=VERTEX_POINT('',#2301);
#1091=VERTEX_POINT('',#2306);
#1092=VERTEX_POINT('',#2308);
#1093=VERTEX_POINT('',#2313);
#1094=VERTEX_POINT('',#2318);
#1095=VERTEX_POINT('',#2320);
#1096=VERTEX_POINT('',#2322);
#1097=VERTEX_POINT('',#2336);
#1098=VERTEX_POINT('',#2353);
#1099=VERTEX_POINT('',#2358);
#1100=VERTEX_POINT('',#2363);
#1101=VERTEX_POINT('',#2365);
#1102=VERTEX_POINT('',#2388);
#1103=VERTEX_POINT('',#2395);
#1104=VERTEX_POINT('',#2397);
#1105=VERTEX_POINT('',#2407);
#1106=VERTEX_POINT('',#2422);
#1107=VERTEX_POINT('',#2429);
#1108=VERTEX_POINT('',#2431);
#1109=VERTEX_POINT('',#2433);
#1110=VERTEX_POINT('',#2450);
#1111=VERTEX_POINT('',#2462);
#1112=VERTEX_POINT('',#2468);
#1113=VERTEX_POINT('',#2486);
#1114=VERTEX_POINT('',#2487);
#1115=VERTEX_POINT('',#2492);
#1116=VERTEX_POINT('',#2510);
#1117=VERTEX_POINT('',#2511);
#1118=VERTEX_POINT('',#2516);
#1119=VERTEX_POINT('',#2521);
#1120=VERTEX_POINT('',#2533);
#1121=VERTEX_POINT('',#2538);
#1122=VERTEX_POINT('',#2540);
#1123=VERTEX_POINT('',#2545);
#1124=VERTEX_POINT('',#2553);
#1125=VERTEX_POINT('',#2570);
#1126=VERTEX_POINT('',#2577);
#1127=VERTEX_POINT('',#2579);
#1128=VERTEX_POINT('',#2584);
#1129=VERTEX_POINT('',#2590);
#1130=VERTEX_POINT('',#2605);
#1131=VERTEX_POINT('',#2610);
#1132=VERTEX_POINT('',#2612);
#1133=VERTEX_POINT('',#2614);
#1134=VERTEX_POINT('',#2630);
#1135=VERTEX_POINT('',#2638);
#1136=VERTEX_POINT('',#2640);
#1137=VERTEX_POINT('',#2650);
#1138=VERTEX_POINT('',#2672);
#1139=VERTEX_POINT('',#2673);
#1140=VERTEX_POINT('',#2688);
#1141=VERTEX_POINT('',#2694);
#1142=VERTEX_POINT('',#2696);
#1143=VERTEX_POINT('',#2715);
#1144=VERTEX_POINT('',#2716);
#1145=VERTEX_POINT('',#2718);
#1146=VERTEX_POINT('',#2720);
#1147=VERTEX_POINT('',#2722);
#1148=VERTEX_POINT('',#2730);
#1149=VERTEX_POINT('',#2732);
#1150=VERTEX_POINT('',#2738);
#1151=VERTEX_POINT('',#2743);
#1152=VERTEX_POINT('',#2745);
#1153=VERTEX_POINT('',#2759);
#1154=VERTEX_POINT('',#2760);
#1155=VERTEX_POINT('',#2765);
#1156=VERTEX_POINT('',#2767);
#1157=VERTEX_POINT('',#2781);
#1158=VERTEX_POINT('',#2782);
#1159=VERTEX_POINT('',#2789);
#1160=VERTEX_POINT('',#2794);
#1161=VERTEX_POINT('',#2796);
#1162=VERTEX_POINT('',#2801);
#1163=VERTEX_POINT('',#2822);
#1164=VERTEX_POINT('',#2823);
#1165=VERTEX_POINT('',#2825);
#1166=VERTEX_POINT('',#2832);
#1167=VERTEX_POINT('',#2848);
#1168=VERTEX_POINT('',#2849);
#1169=VERTEX_POINT('',#2856);
#1170=VERTEX_POINT('',#2858);
#1171=VERTEX_POINT('',#2865);
#1172=VERTEX_POINT('',#2873);
#1173=VERTEX_POINT('',#2880);
#1174=VERTEX_POINT('',#2887);
#1175=VERTEX_POINT('',#2892);
#1176=VERTEX_POINT('',#2894);
#1177=VERTEX_POINT('',#2899);
#1178=VERTEX_POINT('',#2906);
#1179=VERTEX_POINT('',#2932);
#1180=VERTEX_POINT('',#2933);
#1181=VERTEX_POINT('',#2935);
#1182=VERTEX_POINT('',#2947);
#1183=VERTEX_POINT('',#2989);
#1184=VERTEX_POINT('',#2991);
#1185=VERTEX_POINT('',#3002);
#1186=VERTEX_POINT('',#3003);
#1187=VERTEX_POINT('',#3005);
#1188=VERTEX_POINT('',#3007);
#1189=VERTEX_POINT('',#3054);
#1190=VERTEX_POINT('',#3055);
#1191=VERTEX_POINT('',#3076);
#1192=VERTEX_POINT('',#3077);
#1193=VERTEX_POINT('',#3092);
#1194=VERTEX_POINT('',#3093);
#1195=VERTEX_POINT('',#3101);
#1196=VERTEX_POINT('',#3116);
#1197=VERTEX_POINT('',#3117);
#1198=VERTEX_POINT('',#3125);
#1199=VERTEX_POINT('',#3138);
#1200=VERTEX_POINT('',#3139);
#1201=VERTEX_POINT('',#3157);
#1202=VERTEX_POINT('',#3158);
#1203=VERTEX_POINT('',#3200);
#1204=VERTEX_POINT('',#3201);
#1205=VERTEX_POINT('',#3217);
#1206=VERTEX_POINT('',#3218);
#1207=VERTEX_POINT('',#3587);
#1208=VERTEX_POINT('',#3622);
#1209=VERTEX_POINT('',#3912);
#1210=VERTEX_POINT('',#3978);
#1211=VERTEX_POINT('',#3997);
#1212=VERTEX_POINT('',#4002);
#1213=VERTEX_POINT('',#4008);
#1214=VERTEX_POINT('',#4027);
#1215=VERTEX_POINT('',#4092);
#1216=VERTEX_POINT('',#4114);
#1217=VERTEX_POINT('',#4118);
#1218=VERTEX_POINT('',#4606);
#1219=VERTEX_POINT('',#4608);
#1220=VERTEX_POINT('',#4611);
#1221=VERTEX_POINT('',#4612);
#1222=VERTEX_POINT('',#4623);
#1223=VERTEX_POINT('',#4624);
#1224=VERTEX_POINT('',#4640);
#1225=VERTEX_POINT('',#4641);
#1226=VERTEX_POINT('',#4650);
#1227=VERTEX_POINT('',#4651);
#1228=B_SPLINE_CURVE_WITH_KNOTS('',3,(#2135,#2136,#2137,#2138),
 .UNSPECIFIED.,.F.,.F.,(4,4),(0.00730047373608864,0.00743178338429067),
 .UNSPECIFIED.);
#1229=B_SPLINE_CURVE_WITH_KNOTS('',3,(#2141,#2142,#2143,#2144),
 .UNSPECIFIED.,.F.,.F.,(4,4),(9.81307786677359E-17,0.00730542863807771),
 .UNSPECIFIED.);
#1230=B_SPLINE_CURVE_WITH_KNOTS('',3,(#2146,#2147,#2148,#2149,#2150),
 .UNSPECIFIED.,.F.,.F.,(4,1,4),(0.00358708126323244,0.00538720767238235,
0.00718733408153227),.UNSPECIFIED.);
#1231=B_SPLINE_CURVE_WITH_KNOTS('',3,(#2152,#2153,#2154,#2155),
 .UNSPECIFIED.,.F.,.F.,(4,4),(0.0133004999896126,0.0155749320924455),
 .UNSPECIFIED.);
#1232=B_SPLINE_CURVE_WITH_KNOTS('',3,(#2157,#2158,#2159,#2160,#2161,#2162,
#2163),.UNSPECIFIED.,.F.,.F.,(4,1,1,1,4),(0.00490705891849189,0.00603992163963015,
0.00717278436076842,0.00830564708190669,0.00943850980304495),
 .UNSPECIFIED.);
#1233=B_SPLINE_CURVE_WITH_KNOTS('',3,(#2165,#2166,#2167,#2168),
 .UNSPECIFIED.,.F.,.F.,(4,4),(0.0188317603747527,0.0280865304981794),
 .UNSPECIFIED.);
#1234=B_SPLINE_CURVE_WITH_KNOTS('',3,(#2172,#2173,#2174,#2175),
 .UNSPECIFIED.,.F.,.F.,(4,4),(-6.00000000339366E-8,0.00496117400804062),
 .UNSPECIFIED.);
#1235=B_SPLINE_CURVE_WITH_KNOTS('',3,(#2177,#2178,#2179,#2180,#2181,#2182,
#2183,#2184,#2185,#2186,#2187),.UNSPECIFIED.,.F.,.F.,(4,1,1,1,1,1,1,1,4),
(0.008505397796394,0.00947544958470605,0.0104455013730181,0.0114155531613302,
0.0123856049496422,0.0133556567379543,0.0143257085262663,0.0152957603145784,
0.0162658121028904),.UNSPECIFIED.);
#1236=B_SPLINE_CURVE_WITH_KNOTS('',3,(#2196,#2197,#2198,#2199),
 .UNSPECIFIED.,.F.,.F.,(4,4),(0.0239998303734635,0.0281020453954285),
 .UNSPECIFIED.);
#1237=B_SPLINE_CURVE_WITH_KNOTS('',3,(#2202,#2203,#2204,#2205),
 .UNSPECIFIED.,.F.,.F.,(4,4),(0.,0.00476319489012733),.UNSPECIFIED.);
#1238=B_SPLINE_CURVE_WITH_KNOTS('',3,(#2207,#2208,#2209,#2210,#2211),
 .UNSPECIFIED.,.F.,.F.,(4,1,4),(0.00851982733599774,0.0096030129349839,
0.0106861985339701),.UNSPECIFIED.);
#1239=B_SPLINE_CURVE_WITH_KNOTS('',3,(#2216,#2217,#2218,#2219,#2220),
 .UNSPECIFIED.,.F.,.F.,(4,1,4),(0.0037350666566324,0.00808181138897675,
0.0124285561213211),.UNSPECIFIED.);
#1240=B_SPLINE_CURVE_WITH_KNOTS('',3,(#2227,#2228,#2229,#2230,#2231),
 .UNSPECIFIED.,.F.,.F.,(4,1,4),(3.04412589072816E-5,0.00438336108122898,
0.00873628090355068),.UNSPECIFIED.);
#1241=B_SPLINE_CURVE_WITH_KNOTS('',3,(#2238,#2239,#2240,#2241,#2242,#2243),
 .UNSPECIFIED.,.F.,.F.,(4,1,1,4),(4.1665515672765E-16,0.000952157626342974,
0.00190431525268553,0.00380863050537065),.UNSPECIFIED.);
#1242=B_SPLINE_CURVE_WITH_KNOTS('',3,(#2245,#2246,#2247,#2248,#2249),
 .UNSPECIFIED.,.F.,.F.,(4,1,4),(0.,0.00628371989895554,0.0125674397979111),
 .UNSPECIFIED.);
#1243=B_SPLINE_CURVE_WITH_KNOTS('',3,(#2251,#2252,#2253,#2254,#2255,#2256,
#2257),.UNSPECIFIED.,.F.,.F.,(4,1,1,1,4),(0.,0.00322851548738946,0.00645703097477892,
0.00968554646216838,0.0129140619495578),.UNSPECIFIED.);
#1244=B_SPLINE_CURVE_WITH_KNOTS('',3,(#2261,#2262,#2263,#2264,#2265,#2266,
#2267),.UNSPECIFIED.,.F.,.F.,(4,1,1,1,4),(0.00254865743619453,0.00582811401241838,
0.00910757058864224,0.0123870271648661,0.0156664837410899),
 .UNSPECIFIED.);
#1245=B_SPLINE_CURVE_WITH_KNOTS('',3,(#2269,#2270,#2271,#2272,#2273),
 .UNSPECIFIED.,.F.,.F.,(4,1,4),(0.,0.00628371989894665,0.0125674397978933),
 .UNSPECIFIED.);
#1246=B_SPLINE_CURVE_WITH_KNOTS('',3,(#2275,#2276,#2277,#2278,#2279,#2280),
 .UNSPECIFIED.,.F.,.F.,(4,1,1,4),(0.,0.00189425818721157,0.00284138728081736,
0.00378851637442314),.UNSPECIFIED.);
#1247=B_SPLINE_CURVE_WITH_KNOTS('',3,(#2282,#2283,#2284,#2285,#2286,#2287,
#2288),.UNSPECIFIED.,.F.,.F.,(4,1,1,1,4),(0.00774213001833853,0.0125049992708049,
0.0172678685232712,0.0220307377757375,0.0267936070282038),.UNSPECIFIED.);
#1248=B_SPLINE_CURVE_WITH_KNOTS('',3,(#2297,#2298,#2299,#2300),
 .UNSPECIFIED.,.F.,.F.,(4,4),(0.032777175754091,0.0410404922488873),
 .UNSPECIFIED.);
#1249=B_SPLINE_CURVE_WITH_KNOTS('',3,(#2302,#2303,#2304,#2305),
 .UNSPECIFIED.,.F.,.F.,(4,4),(0.00238572311957394,0.00777681144212265),
 .UNSPECIFIED.);
#1250=B_SPLINE_CURVE_WITH_KNOTS('',3,(#2309,#2310,#2311,#2312),
 .UNSPECIFIED.,.F.,.F.,(4,4),(0.0102255225839139,0.0123726485814744),
 .UNSPECIFIED.);
#1251=B_SPLINE_CURVE_WITH_KNOTS('',3,(#2314,#2315,#2316,#2317),
 .UNSPECIFIED.,.F.,.F.,(4,4),(0.0111080563388182,0.020689938507993),
 .UNSPECIFIED.);
#1252=B_SPLINE_CURVE_WITH_KNOTS('',3,(#2332,#2333,#2334,#2335),
 .UNSPECIFIED.,.F.,.F.,(4,4),(-5.99999999920987E-8,0.0120292182454218),
 .UNSPECIFIED.);
#1253=B_SPLINE_CURVE_WITH_KNOTS('',3,(#2337,#2338,#2339,#2340,#2341,#2342,
#2343,#2344,#2345,#2346,#2347,#2348,#2349,#2350,#2351,#2352),
 .UNSPECIFIED.,.F.,.F.,(4,1,1,1,1,1,1,1,1,1,1,1,1,4),(0.00986589730368731,
0.0140782554025143,0.0161844344519278,0.0182906135013413,0.0203967925507547,
0.0225029716001682,0.0267153296989952,0.0309276877978222,0.0330338668472357,
0.0351400458966491,0.0372462249460626,0.0393524039954761,0.0414585830448896,
0.0435647620943031),.UNSPECIFIED.);
#1254=B_SPLINE_CURVE_WITH_KNOTS('',3,(#2354,#2355,#2356,#2357),
 .UNSPECIFIED.,.F.,.F.,(4,4),(0.0155370565645077,0.0204250541600302),
 .UNSPECIFIED.);
#1255=B_SPLINE_CURVE_WITH_KNOTS('',3,(#2359,#2360,#2361,#2362),
 .UNSPECIFIED.,.F.,.F.,(4,4),(0.,0.00301567947991195),.UNSPECIFIED.);
#1256=B_SPLINE_CURVE_WITH_KNOTS('',3,(#2366,#2367,#2368,#2369,#2370,#2371,
#2372),.UNSPECIFIED.,.F.,.F.,(4,1,1,1,4),(-5.99999999886628E-8,0.00608373389378293,
0.0121675277875658,0.0182513216813488,0.0243351155751317),.UNSPECIFIED.);
#1257=B_SPLINE_CURVE_WITH_KNOTS('',3,(#2381,#2382,#2383,#2384,#2385,#2386,
#2387),.UNSPECIFIED.,.F.,.F.,(4,1,1,1,4),(1.05519109601004E-17,0.00143058723526262,
0.00286117447052522,0.00429176170578783,0.00572234894105044),
 .UNSPECIFIED.);
#1258=B_SPLINE_CURVE_WITH_KNOTS('',3,(#2389,#2390,#2391,#2392,#2393,#2394),
 .UNSPECIFIED.,.F.,.F.,(4,1,1,4),(0.00385814177581439,0.00688414287122022,
0.00991014396662606,0.0159621461574377),.UNSPECIFIED.);
#1259=B_SPLINE_CURVE_WITH_KNOTS('',3,(#2398,#2399,#2400,#2401,#2402,#2403,
#2404,#2405,#2406),.UNSPECIFIED.,.F.,.F.,(4,1,1,1,1,1,4),(-0.00359230101344706,
-0.00198795855042339,-0.000383616087399728,0.00122072637562394,0.0028250688386476,
0.00603375376469493,0.00924243869074226),.UNSPECIFIED.);
#1260=B_SPLINE_CURVE_WITH_KNOTS('',3,(#2408,#2409,#2410,#2411,#2412,#2413,
#2414,#2415,#2416),.UNSPECIFIED.,.F.,.F.,(4,1,1,1,1,1,4),(0.,0.00126950193504698,
0.00253900387009396,0.00317375483761745,0.00380850580514094,0.00444325677266442,
0.00507800774018791),.UNSPECIFIED.);
#1261=B_SPLINE_CURVE_WITH_KNOTS('',3,(#2418,#2419,#2420,#2421),
 .UNSPECIFIED.,.F.,.F.,(4,4),(5.20417042793042E-18,2.72420573293872E-5),
 .UNSPECIFIED.);
#1262=B_SPLINE_CURVE_WITH_KNOTS('',3,(#2423,#2424,#2425,#2426,#2427,#2428),
 .UNSPECIFIED.,.F.,.F.,(4,1,1,4),(8.20480605212938E-7,0.0336152832180132,
0.0504225145867172,0.0672297459554212),.UNSPECIFIED.);
#1263=B_SPLINE_CURVE_WITH_KNOTS('',3,(#2443,#2444,#2445,#2446,#2447,#2448,
#2449),.UNSPECIFIED.,.F.,.F.,(4,1,1,1,4),(-6.00000000147627E-8,0.00331430269542446,
0.00662866539084894,0.0132573907816979,0.0265148415633958),
 .UNSPECIFIED.);
#1264=B_SPLINE_CURVE_WITH_KNOTS('',3,(#2451,#2452,#2453,#2454),
 .UNSPECIFIED.,.F.,.F.,(4,4),(0.,0.000751553315188425),.UNSPECIFIED.);
#1265=B_SPLINE_CURVE_WITH_KNOTS('',3,(#2455,#2456,#2457,#2458,#2459,#2460,
#2461),.UNSPECIFIED.,.F.,.F.,(4,1,1,1,4),(0.,0.00291764343128449,0.00583528686256897,
0.00875293029385346,0.0116705737251379),.UNSPECIFIED.);
#1266=B_SPLINE_CURVE_WITH_KNOTS('',3,(#2463,#2464,#2465,#2466,#2467),
 .UNSPECIFIED.,.F.,.F.,(4,1,4),(2.11001429160387E-9,0.00530525923404486,
0.0106105163580754),.UNSPECIFIED.);
#1267=B_SPLINE_CURVE_WITH_KNOTS('',3,(#2469,#2470,#2471,#2472),
 .UNSPECIFIED.,.F.,.F.,(4,4),(-3.81639164714898E-17,0.00763401320884984),
 .UNSPECIFIED.);
#1268=B_SPLINE_CURVE_WITH_KNOTS('',3,(#2481,#2482,#2483,#2484,#2485),
 .UNSPECIFIED.,.F.,.F.,(4,1,4),(0.00851982733601335,0.00960301293499168,
0.01068619853397),.UNSPECIFIED.);
#1269=B_SPLINE_CURVE_WITH_KNOTS('',3,(#2488,#2489,#2490,#2491),
 .UNSPECIFIED.,.F.,.F.,(4,4),(0.00861621300491204,0.0133925254947483),
 .UNSPECIFIED.);
#1270=B_SPLINE_CURVE_WITH_KNOTS('',3,(#2493,#2494,#2495,#2496),
 .UNSPECIFIED.,.F.,.F.,(4,4),(0.00633903735598076,0.0104353114201213),
 .UNSPECIFIED.);
#1271=B_SPLINE_CURVE_WITH_KNOTS('',3,(#2505,#2506,#2507,#2508,#2509),
 .UNSPECIFIED.,.F.,.F.,(4,1,4),(0.00358708126323242,0.00538720767238136,
0.0071873340815303),.UNSPECIFIED.);
#1272=B_SPLINE_CURVE_WITH_KNOTS('',3,(#2512,#2513,#2514,#2515),
 .UNSPECIFIED.,.F.,.F.,(4,4),(0.00606788204585168,0.0133764480158699),
 .UNSPECIFIED.);
#1273=B_SPLINE_CURVE_WITH_KNOTS('',3,(#2517,#2518,#2519,#2520),
 .UNSPECIFIED.,.F.,.F.,(4,4),(0.00815829551731362,0.00828978125610282),
 .UNSPECIFIED.);
#1274=B_SPLINE_CURVE_WITH_KNOTS('',3,(#2522,#2523,#2524,#2525,#2526,#2527,
#2528,#2529,#2530,#2531,#2532),.UNSPECIFIED.,.F.,.F.,(4,1,1,1,1,1,1,1,4),
(0.00850539779638082,0.00947544958469666,0.0104455013730125,0.0114155531613283,
0.0123856049496442,0.01335565673796,0.0143257085262758,0.0152957603145917,
0.0162658121029075),.UNSPECIFIED.);
#1275=B_SPLINE_CURVE_WITH_KNOTS('',3,(#2534,#2535,#2536,#2537),
 .UNSPECIFIED.,.F.,.F.,(4,4),(0.0106322180623812,0.0156001051687138),
 .UNSPECIFIED.);
#1276=B_SPLINE_CURVE_WITH_KNOTS('',3,(#2541,#2542,#2543,#2544),
 .UNSPECIFIED.,.F.,.F.,(4,4),(0.00632301116561257,0.0155912037793111),
 .UNSPECIFIED.);
#1277=B_SPLINE_CURVE_WITH_KNOTS('',3,(#2546,#2547,#2548,#2549,#2550,#2551,
#2552),.UNSPECIFIED.,.F.,.F.,(4,1,1,1,4),(0.00490705891849063,0.00603992163962791,
0.00717278436076519,0.00830564708190247,0.00943850980303976),
 .UNSPECIFIED.);
#1278=B_SPLINE_CURVE_WITH_KNOTS('',3,(#2554,#2555,#2556,#2557),
 .UNSPECIFIED.,.F.,.F.,(4,4),(0.018852755544249,0.0211304863289914),
 .UNSPECIFIED.);
#1279=B_SPLINE_CURVE_WITH_KNOTS('',3,(#2566,#2567,#2568,#2569),
 .UNSPECIFIED.,.F.,.F.,(4,4),(0.,0.000751553315188416),.UNSPECIFIED.);
#1280=B_SPLINE_CURVE_WITH_KNOTS('',3,(#2571,#2572,#2573,#2574,#2575,#2576),
 .UNSPECIFIED.,.F.,.F.,(4,1,1,4),(0.000125465489872192,0.0134531490716865,
0.0201169908625936,0.0267808326535007),.UNSPECIFIED.);
#1281=B_SPLINE_CURVE_WITH_KNOTS('',3,(#2580,#2581,#2582,#2583),
 .UNSPECIFIED.,.F.,.F.,(4,4),(-3.81639164714898E-17,0.00763401320887192),
 .UNSPECIFIED.);
#1282=B_SPLINE_CURVE_WITH_KNOTS('',3,(#2585,#2586,#2587,#2588,#2589),
 .UNSPECIFIED.,.F.,.F.,(4,1,4),(0.,0.00530576556233046,0.0106115311246609),
 .UNSPECIFIED.);
#1283=B_SPLINE_CURVE_WITH_KNOTS('',3,(#2591,#2592,#2593,#2594,#2595,#2596,
#2597),.UNSPECIFIED.,.F.,.F.,(4,1,1,1,4),(0.,0.00291279074681715,0.0058255814936343,
0.00873837224045145,0.0116511629872686),.UNSPECIFIED.);
#1284=B_SPLINE_CURVE_WITH_KNOTS('',3,(#2599,#2600,#2601,#2602,#2603,#2604),
 .UNSPECIFIED.,.F.,.F.,(4,1,1,4),(2.16840434497101E-19,0.0167745839382839,
0.0335491678765678,0.0670983357531356),.UNSPECIFIED.);
#1285=B_SPLINE_CURVE_WITH_KNOTS('',3,(#2606,#2607,#2608,#2609),
 .UNSPECIFIED.,.F.,.F.,(4,4),(0.,2.72420573293818E-5),.UNSPECIFIED.);
#1286=B_SPLINE_CURVE_WITH_KNOTS('',3,(#2624,#2625,#2626,#2627,#2628,#2629),
 .UNSPECIFIED.,.F.,.F.,(4,1,1,4),(-6.00000000024749E-8,0.00595443646217354,
0.00893168469326031,0.0119089329243471),.UNSPECIFIED.);
#1287=B_SPLINE_CURVE_WITH_KNOTS('',3,(#2631,#2632,#2633,#2634,#2635,#2636,
#2637),.UNSPECIFIED.,.F.,.F.,(4,1,1,1,4),(1.70366416487847E-14,0.00143027053367682,
0.00286054106733659,0.00429081160099637,0.00572108213465615),
 .UNSPECIFIED.);
#1288=B_SPLINE_CURVE_WITH_KNOTS('',3,(#2641,#2642,#2643,#2644,#2645,#2646,
#2647,#2648,#2649),.UNSPECIFIED.,.F.,.F.,(4,1,1,1,1,1,4),(4.93406102549106E-17,
0.000646767232237763,0.00129353446447548,0.00194030169671319,0.0025870689289509,
0.00388060339342633,0.00517413785790176),.UNSPECIFIED.);
#1289=B_SPLINE_CURVE_WITH_KNOTS('',3,(#2651,#2652,#2653,#2654,#2655,#2656,
#2657,#2658,#2659),.UNSPECIFIED.,.F.,.F.,(4,1,1,1,1,1,4),(-0.00359230101344709,
-0.00198795855042342,-0.000383616087399741,0.00122072637562393,0.00282506883864761,
0.00603375376469496,0.00924243869074231),.UNSPECIFIED.);
#1290=B_SPLINE_CURVE_WITH_KNOTS('',3,(#2668,#2669,#2670,#2671),
 .UNSPECIFIED.,.F.,.F.,(4,4),(0.00301967118613108,0.00791886801827109),
 .UNSPECIFIED.);
#1291=B_SPLINE_CURVE_WITH_KNOTS('',3,(#2674,#2675,#2676,#2677,#2678,#2679,
#2680,#2681,#2682,#2683,#2684,#2685,#2686,#2687),.UNSPECIFIED.,.F.,.F.,
(4,1,1,1,1,1,1,1,1,1,1,4),(0.0308822371920912,0.0329813923792261,0.0350805475663611,
0.0371797027534961,0.039278857940631,0.041378013127766,0.0434771683149009,
0.0476754786891708,0.0518737890634407,0.0560720994377106,0.0602704098119805,
0.0644687201862504),.UNSPECIFIED.);
#1292=B_SPLINE_CURVE_WITH_KNOTS('',3,(#2689,#2690,#2691,#2692,#2693),
 .UNSPECIFIED.,.F.,.F.,(4,1,4),(0.0114347433935509,0.0174631630121419,0.0234915826307329),
 .UNSPECIFIED.);
#1293=B_SPLINE_CURVE_WITH_KNOTS('',3,(#2697,#2698,#2699,#2700,#2701,#2702,
#2703,#2704,#2705),.UNSPECIFIED.,.F.,.F.,(4,1,1,1,1,1,4),(-5.99999999962149E-8,
0.00301669309159806,0.00603344618319611,0.0120669523663922,0.0181004585495883,
0.0211172116411864,0.0241339647327844),.UNSPECIFIED.);
#1294=B_SPLINE_CURVE_WITH_KNOTS('',3,(#2706,#2707,#2708,#2709),
 .UNSPECIFIED.,.F.,.F.,(4,4),(-6.00000000222618E-8,0.00301561947991192),
 .UNSPECIFIED.);
#1295=B_SPLINE_CURVE_WITH_KNOTS('',3,(#2711,#2712,#2713,#2714),
 .UNSPECIFIED.,.F.,.F.,(4,4),(0.0083038041612265,0.0165567981229436),
 .UNSPECIFIED.);
#1296=B_SPLINE_CURVE_WITH_KNOTS('',3,(#2723,#2724,#2725,#2726,#2727,#2728,
#2729),.UNSPECIFIED.,.F.,.F.,(4,1,1,1,4),(0.0225321856803705,0.0272885427930933,
0.032044899905816,0.0368012570185387,0.0415576141312615),.UNSPECIFIED.);
#1297=B_SPLINE_CURVE_WITH_KNOTS('',3,(#2734,#2735,#2736,#2737),
 .UNSPECIFIED.,.F.,.F.,(4,4),(7.58941520739853E-19,0.00957392609230044),
 .UNSPECIFIED.);
#1298=B_SPLINE_CURVE_WITH_KNOTS('',3,(#2739,#2740,#2741,#2742),
 .UNSPECIFIED.,.F.,.F.,(4,4),(0.,0.0021454903808618),.UNSPECIFIED.);
#1299=B_SPLINE_CURVE_WITH_KNOTS('',3,(#2746,#2747,#2748,#2749),
 .UNSPECIFIED.,.F.,.F.,(4,4),(0.00459233616734713,0.00997931771918089),
 .UNSPECIFIED.);
#1300=B_SPLINE_CURVE_WITH_KNOTS('',3,(#2761,#2762,#2763,#2764),
 .UNSPECIFIED.,.F.,.F.,(4,4),(0.,0.0132465334135999),.UNSPECIFIED.);
#1301=B_SPLINE_CURVE_WITH_KNOTS('',3,(#2768,#2769,#2770,#2771),
 .UNSPECIFIED.,.F.,.F.,(4,4),(0.,0.0132565073916111),.UNSPECIFIED.);
#1302=B_SPLINE_CURVE_WITH_KNOTS('',3,(#2783,#2784,#2785,#2786,#2787,#2788),
 .UNSPECIFIED.,.F.,.F.,(4,1,1,4),(0.,0.00375114257781162,0.00750228515562323,
0.0150045703112465),.UNSPECIFIED.);
#1303=B_SPLINE_CURVE_WITH_KNOTS('',3,(#2790,#2791,#2792,#2793),
 .UNSPECIFIED.,.F.,.F.,(4,4),(0.,0.00802573413330648),.UNSPECIFIED.);
#1304=B_SPLINE_CURVE_WITH_KNOTS('',3,(#2797,#2798,#2799,#2800),
 .UNSPECIFIED.,.F.,.F.,(4,4),(0.,0.00805239037099942),.UNSPECIFIED.);
#1305=B_SPLINE_CURVE_WITH_KNOTS('',3,(#2802,#2803,#2804,#2805,#2806,#2807),
 .UNSPECIFIED.,.F.,.F.,(4,1,1,4),(0.,0.00742645103601514,0.0111396765540227,
0.0148529020720303),.UNSPECIFIED.);
#1306=B_SPLINE_CURVE_WITH_KNOTS('',3,(#2816,#2817,#2818,#2819,#2820,#2821),
 .UNSPECIFIED.,.F.,.F.,(4,1,1,4),(0.,0.00551132862784899,0.00826699294177349,
0.011022657255698),.UNSPECIFIED.);
#1307=B_SPLINE_CURVE_WITH_KNOTS('',3,(#2826,#2827,#2828,#2829,#2830,#2831),
 .UNSPECIFIED.,.F.,.F.,(4,1,1,4),(0.00391747149455346,0.00669273333571161,
0.00946799517686976,0.0150185188591861),.UNSPECIFIED.);
#1308=B_SPLINE_CURVE_WITH_KNOTS('',3,(#2842,#2843,#2844,#2845,#2846,#2847),
 .UNSPECIFIED.,.F.,.F.,(4,1,1,4),(0.,0.00734145939812402,0.011012189097186,
0.014682918796248),.UNSPECIFIED.);
#1309=B_SPLINE_CURVE_WITH_KNOTS('',3,(#2850,#2851,#2852,#2853,#2854,#2855),
 .UNSPECIFIED.,.F.,.F.,(4,1,1,4),(5.3680004394553E-15,0.00247075341873121,
0.00370613012809413,0.00494150683745705),.UNSPECIFIED.);
#1310=B_SPLINE_CURVE_WITH_KNOTS('',3,(#2859,#2860,#2861,#2862,#2863,#2864),
 .UNSPECIFIED.,.F.,.F.,(4,1,1,4),(1.32237316324423E-14,0.00247075341874159,
0.00370613012810578,0.00494150683746997),.UNSPECIFIED.);
#1311=B_SPLINE_CURVE_WITH_KNOTS('',3,(#2866,#2867,#2868,#2869,#2870,#2871,
#2872),.UNSPECIFIED.,.F.,.F.,(4,1,1,1,4),(0.00415255756876131,0.00784437837871342,
0.0115361991886655,0.0152280199986176,0.0189198408085697),.UNSPECIFIED.);
#1312=B_SPLINE_CURVE_WITH_KNOTS('',3,(#2874,#2875,#2876,#2877,#2878,#2879),
 .UNSPECIFIED.,.F.,.F.,(4,1,1,4),(0.,0.0329717227493239,0.0494575841239858,
0.0659434454986478),.UNSPECIFIED.);
#1313=B_SPLINE_CURVE_WITH_KNOTS('',3,(#2881,#2882,#2883,#2884,#2885,#2886),
 .UNSPECIFIED.,.F.,.F.,(4,1,1,4),(0.,0.0068080741011675,0.013616148202335,
0.02723229640467),.UNSPECIFIED.);
#1314=B_SPLINE_CURVE_WITH_KNOTS('',3,(#2888,#2889,#2890,#2891),
 .UNSPECIFIED.,.F.,.F.,(4,4),(0.,0.00200338377785482),.UNSPECIFIED.);
#1315=B_SPLINE_CURVE_WITH_KNOTS('',3,(#2895,#2896,#2897,#2898),
 .UNSPECIFIED.,.F.,.F.,(4,4),(0.,0.0020034239614975),.UNSPECIFIED.);
#1316=B_SPLINE_CURVE_WITH_KNOTS('',3,(#2900,#2901,#2902,#2903,#2904,#2905),
 .UNSPECIFIED.,.F.,.F.,(4,1,1,4),(0.,0.0137057753701837,0.0205586630552755,
0.0274115507403674),.UNSPECIFIED.);
#1317=B_SPLINE_CURVE_WITH_KNOTS('',3,(#2907,#2908,#2909,#2910,#2911,#2912),
 .UNSPECIFIED.,.F.,.F.,(4,1,1,4),(0.,0.0164537866147657,0.0329075732295314,
0.0658151464590629),.UNSPECIFIED.);
#1318=B_SPLINE_CURVE_WITH_KNOTS('',3,(#2921,#2922,#2923,#2924,#2925,#2926,
#2927,#2928,#2929,#2930,#2931),.UNSPECIFIED.,.F.,.F.,(4,1,1,1,1,1,1,1,4),
(-6.0000000010066E-8,0.0049579393500383,0.00991593870007661,0.0148739380501149,
0.0198319374001532,0.0247899367501915,0.0297479361002298,0.0347059354502681,
0.0396639348003065),.UNSPECIFIED.);
#1319=B_SPLINE_CURVE_WITH_KNOTS('',3,(#2936,#2937,#2938,#2939,#2940,#2941,
#2942,#2943,#2944,#2945,#2946),.UNSPECIFIED.,.F.,.F.,(4,1,1,1,1,1,1,1,4),
(0.00862552881056707,0.0136499570844398,0.0186743853583126,0.0236988136321853,
0.028723241906058,0.0337476701799308,0.0387720984538035,0.0437965267276763,
0.048820955001549),.UNSPECIFIED.);
#1320=B_SPLINE_CURVE_WITH_KNOTS('',3,(#2950,#2951,#2952,#2953),
 .UNSPECIFIED.,.F.,.F.,(4,4),(0.,0.00953029608669687),.UNSPECIFIED.);
#1321=B_SPLINE_CURVE_WITH_KNOTS('',3,(#2954,#2955,#2956,#2957),
 .UNSPECIFIED.,.F.,.F.,(4,4),(0.,0.00953029608667443),.UNSPECIFIED.);
#1322=B_SPLINE_CURVE_WITH_KNOTS('',3,(#2981,#2982,#2983,#2984,#2985,#2986,
#2987,#2988),.UNSPECIFIED.,.F.,.F.,(4,1,1,1,1,4),(0.,0.00124302317739565,
0.00248604635479131,0.00372906953218696,0.00435058112088478,0.00497209270958261),
 .UNSPECIFIED.);
#1323=B_SPLINE_CURVE_WITH_KNOTS('',3,(#2992,#2993,#2994,#2995,#2996,#2997,
#2998,#2999),.UNSPECIFIED.,.F.,.F.,(4,1,1,1,1,4),(0.,0.000625660843898717,
0.00125132168779743,0.00250264337559487,0.0037539650633923,0.00500528675118974),
 .UNSPECIFIED.);
#1324=B_SPLINE_CURVE_WITH_KNOTS('',3,(#3017,#3018,#3019,#3020,#3021,#3022,
#3023,#3024,#3025,#3026,#3027,#3028),.UNSPECIFIED.,.F.,.F.,(4,1,1,1,1,1,
1,1,1,4),(-5.99999999947484E-8,0.00409730399580714,0.00614598599371071,
0.00819466799161427,0.0102433499895178,0.0122920319874214,0.0163893959832285,
0.0204867599790357,0.0245841239748428,0.0327788519664571),.UNSPECIFIED.);
#1325=B_SPLINE_CURVE_WITH_KNOTS('',3,(#3029,#3030,#3031,#3032,#3033,#3034,
#3035,#3036,#3037,#3038,#3039,#3040,#3041),.UNSPECIFIED.,.F.,.F.,(4,1,1,
1,1,1,1,1,1,1,4),(-5.99999999962093E-8,0.00406791667709824,0.00813589335419647,
0.0122038700312947,0.0162718467083929,0.0203398233854912,0.0223738117240403,
0.0244078000625894,0.0264417884011385,0.0284757767396876,0.0325437534167859),
 .UNSPECIFIED.);
#1326=B_SPLINE_CURVE_WITH_KNOTS('',3,(#3043,#3044,#3045,#3046,#3047,#3048,
#3049,#3050,#3051,#3052,#3053),.UNSPECIFIED.,.F.,.F.,(4,1,1,1,1,1,1,1,4),
(0.00486405224131268,0.00568113182759842,0.00649821141388417,0.00731529100016992,
0.00813237058645566,0.00894945017274141,0.00976652975902715,0.0105836093453129,
0.0114006889315986),.UNSPECIFIED.);
#1327=B_SPLINE_CURVE_WITH_KNOTS('',3,(#3056,#3057,#3058,#3059,#3060,#3061,
#3062,#3063,#3064),.UNSPECIFIED.,.F.,.F.,(4,1,1,1,1,1,4),(0.,0.00128964333261935,
0.00257928666523869,0.00322410833154837,0.00386892999785804,0.00451375166416771,
0.00515857333047738),.UNSPECIFIED.);
#1328=B_SPLINE_CURVE_WITH_KNOTS('',3,(#3065,#3066,#3067,#3068,#3069,#3070,
#3071,#3072,#3073,#3074,#3075),.UNSPECIFIED.,.F.,.F.,(4,1,1,1,1,1,1,1,4),
(0.00486405224131268,0.0056811318275973,0.00649821141388192,0.00731529100016654,
0.00813237058645116,0.00894945017273578,0.0097665297590204,0.010583609345305,
0.0114006889315896),.UNSPECIFIED.);
#1329=B_SPLINE_CURVE_WITH_KNOTS('',3,(#3078,#3079,#3080,#3081,#3082,#3083,
#3084,#3085,#3086),.UNSPECIFIED.,.F.,.F.,(4,1,1,1,1,1,4),(1.16006489483532E-14,
0.00128964333263241,0.00257928666525322,0.00322410833156363,0.00386892999787404,
0.00451375166418444,0.00515857333049485),.UNSPECIFIED.);
#1330=B_SPLINE_CURVE_WITH_KNOTS('',3,(#3088,#3089,#3090,#3091),
 .UNSPECIFIED.,.F.,.F.,(4,4),(0.,0.000216666263966687),.UNSPECIFIED.);
#1331=B_SPLINE_CURVE_WITH_KNOTS('',3,(#3094,#3095,#3096,#3097,#3098,#3099,
#3100),.UNSPECIFIED.,.F.,.F.,(4,1,1,1,4),(1.73472347597681E-18,0.00107915927117648,
0.00215831854235297,0.00323747781352945,0.00431663708470593),
 .UNSPECIFIED.);
#1332=B_SPLINE_CURVE_WITH_KNOTS('',3,(#3102,#3103,#3104,#3105,#3106,#3107,
#3108),.UNSPECIFIED.,.F.,.F.,(4,1,1,1,4),(0.00601409199769968,0.00747714191390917,
0.00894019183011865,0.0104032417463281,0.0118662916625376),
 .UNSPECIFIED.);
#1333=B_SPLINE_CURVE_WITH_KNOTS('',3,(#3109,#3110,#3111,#3112,#3113,#3114,
#3115),.UNSPECIFIED.,.F.,.F.,(4,1,1,1,4),(0.00601409199769658,0.00747714191390711,
0.00894019183011765,0.0104032417463282,0.0118662916625387),
 .UNSPECIFIED.);
#1334=B_SPLINE_CURVE_WITH_KNOTS('',3,(#3118,#3119,#3120,#3121,#3122,#3123,
#3124),.UNSPECIFIED.,.F.,.F.,(4,1,1,1,4),(0.,0.00107915927117566,0.00215831854235132,
0.00323747781352699,0.00431663708470265),.UNSPECIFIED.);
#1335=B_SPLINE_CURVE_WITH_KNOTS('',3,(#3126,#3127,#3128,#3129),
 .UNSPECIFIED.,.F.,.F.,(4,4),(0.,0.000216666263965569),.UNSPECIFIED.);
#1336=B_SPLINE_CURVE_WITH_KNOTS('',3,(#3131,#3132,#3133,#3134,#3135,#3136,
#3137),.UNSPECIFIED.,.F.,.F.,(4,1,1,1,4),(0.00808764479806705,0.00957888479437504,
0.011070124790683,0.012561364786991,0.014052604783299),.UNSPECIFIED.);
#1337=B_SPLINE_CURVE_WITH_KNOTS('',3,(#3140,#3141,#3142,#3143,#3144,#3145,
#3146,#3147,#3148,#3149),.UNSPECIFIED.,.F.,.F.,(4,1,1,1,1,1,1,4),(0.00697070949169851,
0.00762818632315181,0.00828566315460511,0.00894313998605841,0.00960061681751171,
0.010258093648965,0.0109155704804183,0.0122305241433249),.UNSPECIFIED.);
#1338=B_SPLINE_CURVE_WITH_KNOTS('',3,(#3150,#3151,#3152,#3153,#3154,#3155,
#3156),.UNSPECIFIED.,.F.,.F.,(4,1,1,1,4),(0.00808764479806932,0.00957888479437672,
0.0110701247906841,0.0125613647869915,0.0140526047832989),.UNSPECIFIED.);
#1339=B_SPLINE_CURVE_WITH_KNOTS('',3,(#3159,#3160,#3161,#3162,#3163,#3164,
#3165,#3166,#3167,#3168),.UNSPECIFIED.,.F.,.F.,(4,1,1,1,1,1,1,4),(0.00999876712240709,
0.011316661188996,0.0119756082222905,0.0126345552555849,0.0132935022888794,
0.0139524493221738,0.0146113963554683,0.0152703433887627),.UNSPECIFIED.);
#1340=B_SPLINE_CURVE_WITH_KNOTS('',3,(#3170,#3171,#3172,#3173,#3174,#3175,
#3176,#3177,#3178,#3179,#3180),.UNSPECIFIED.,.F.,.F.,(4,1,1,1,1,1,1,1,4),
(0.,0.000957516634301807,0.00191503326860361,0.00287254990290542,0.00383006653720723,
0.00478758317150903,0.00574509980581084,0.00670261644011265,0.00766013307441445),
 .UNSPECIFIED.);
#1341=B_SPLINE_CURVE_WITH_KNOTS('',3,(#3181,#3182,#3183,#3184,#3185,#3186,
#3187,#3188,#3189,#3190,#3191),.UNSPECIFIED.,.F.,.F.,(4,1,1,1,1,1,1,1,4),
(0.,0.000957516608230347,0.00191503321646069,0.00287254982469104,0.00383006643292139,
0.00478758304115173,0.00574509964938208,0.00670261625761243,0.00766013286584277),
 .UNSPECIFIED.);
#1342=B_SPLINE_CURVE_WITH_KNOTS('',3,(#3193,#3194,#3195,#3196,#3197,#3198,
#3199),.UNSPECIFIED.,.F.,.F.,(4,1,1,1,4),(0.00913088396135286,0.0105034875555756,
0.0118760911497983,0.0132486947440211,0.0146212983382438),.UNSPECIFIED.);
#1343=B_SPLINE_CURVE_WITH_KNOTS('',3,(#3202,#3203,#3204,#3205,#3206,#3207,
#3208,#3209),.UNSPECIFIED.,.F.,.F.,(4,1,1,1,1,4),(0.00554227056700044,0.00626733480272879,
0.00699239903845715,0.00844252750991387,0.00989265598137058,0.0113427844528273),
 .UNSPECIFIED.);
#1344=B_SPLINE_CURVE_WITH_KNOTS('',3,(#3210,#3211,#3212,#3213,#3214,#3215,
#3216),.UNSPECIFIED.,.F.,.F.,(4,1,1,1,4),(0.00913088396135278,0.0105034875555757,
0.0118760911497986,0.0132486947440215,0.0146212983382444),.UNSPECIFIED.);
#1345=B_SPLINE_CURVE_WITH_KNOTS('',3,(#3219,#3220,#3221,#3222,#3223,#3224,
#3225,#3226),.UNSPECIFIED.,.F.,.F.,(4,1,1,1,1,4),(0.00554227056700649,0.00626733480273544,
0.0069923990384644,0.00844252750992231,0.00989265598138022,0.0113427844528381),
 .UNSPECIFIED.);
#1346=B_SPLINE_CURVE_WITH_KNOTS('',3,(#3228,#3229,#3230,#3231,#3232),
 .UNSPECIFIED.,.F.,.F.,(4,1,4),(0.,0.00128807062845733,0.00257614125691467),
 .UNSPECIFIED.);
#1347=B_SPLINE_CURVE_WITH_KNOTS('',3,(#3233,#3234,#3235,#3236,#3237),
 .UNSPECIFIED.,.F.,.F.,(4,1,4),(0.,0.00128811606505841,0.00257623213011683),
 .UNSPECIFIED.);
#1348=B_SPLINE_CURVE_WITH_KNOTS('',3,(#3239,#3240,#3241,#3242,#3243,#3244,
#3245),.UNSPECIFIED.,.F.,.F.,(4,1,1,1,4),(4.72321370517021E-15,0.00147064156564228,
0.00294128313127983,0.00441192469691739,0.00588256626255494),
 .UNSPECIFIED.);
#1349=B_SPLINE_CURVE_WITH_KNOTS('',3,(#3246,#3247,#3248,#3249,#3250,#3251,
#3252),.UNSPECIFIED.,.F.,.F.,(4,1,1,1,4),(1.0661936338812E-15,0.00147064690144261,
0.00294129380288415,0.0044119407043257,0.00588258760576724),
 .UNSPECIFIED.);
#1350=B_SPLINE_CURVE_WITH_KNOTS('',3,(#3254,#3255,#3256,#3257),
 .UNSPECIFIED.,.F.,.F.,(4,4),(2.57095383198515E-15,0.00133158932941367),
 .UNSPECIFIED.);
#1351=B_SPLINE_CURVE_WITH_KNOTS('',3,(#3258,#3259,#3260,#3261,#3262),
 .UNSPECIFIED.,.F.,.F.,(4,1,4),(8.67361737988404E-18,0.00169011354847329,
0.00338022709694657),.UNSPECIFIED.);
#1352=B_SPLINE_CURVE_WITH_KNOTS('',3,(#3263,#3264,#3265,#3266),
 .UNSPECIFIED.,.F.,.F.,(4,4),(0.,0.00133165514522299),.UNSPECIFIED.);
#1353=B_SPLINE_CURVE_WITH_KNOTS('',3,(#3267,#3268,#3269,#3270,#3271),
 .UNSPECIFIED.,.F.,.F.,(4,1,4),(0.,0.00168915350034464,0.00337830700068928),
 .UNSPECIFIED.);
#1354=B_SPLINE_CURVE_WITH_KNOTS('',3,(#3410,#3411,#3412,#3413),
 .UNSPECIFIED.,.F.,.F.,(4,4),(0.,0.348640742323568),.UNSPECIFIED.);
#1355=B_SPLINE_CURVE_WITH_KNOTS('',3,(#3468,#3469,#3470,#3471,#3472,#3473,
#3474),.UNSPECIFIED.,.F.,.F.,(4,1,1,1,4),(1.18371840662388E-17,0.00397465240858778,
0.00794930481717555,0.0119239572257633,0.0158986096343511),
 .UNSPECIFIED.);
#1356=B_SPLINE_CURVE_WITH_KNOTS('',3,(#3529,#3530,#3531,#3532,#3533,#3534,
#3535),.UNSPECIFIED.,.F.,.F.,(4,1,1,1,4),(1.64570318839533E-17,0.00390690136574124,
0.00781380273148246,0.0117207040972237,0.0156276054629649),
 .UNSPECIFIED.);
#1357=B_SPLINE_CURVE_WITH_KNOTS('',3,(#3536,#3537,#3538,#3539),
 .UNSPECIFIED.,.F.,.F.,(4,4),(0.657141729433917,1.),.UNSPECIFIED.);
#1358=B_SPLINE_CURVE_WITH_KNOTS('',3,(#3553,#3554,#3555,#3556),
 .UNSPECIFIED.,.F.,.F.,(4,4),(5.75742674133928E-16,0.00135657770507069),
 .UNSPECIFIED.);
#1359=B_SPLINE_CURVE_WITH_KNOTS('',3,(#3557,#3558,#3559,#3560),
 .UNSPECIFIED.,.F.,.F.,(4,4),(1.62823921432649E-16,0.00135657770507162),
 .UNSPECIFIED.);
#1360=B_SPLINE_CURVE_WITH_KNOTS('',3,(#3582,#3583,#3584,#3585,#3586),
 .UNSPECIFIED.,.F.,.F.,(4,1,4),(0.,0.00299976098385799,0.00599952196771597),
 .UNSPECIFIED.);
#1361=B_SPLINE_CURVE_WITH_KNOTS('',3,(#3588,#3589,#3590,#3591),
 .UNSPECIFIED.,.F.,.F.,(4,4),(0.,0.00136310193926818),.UNSPECIFIED.);
#1362=B_SPLINE_CURVE_WITH_KNOTS('',3,(#3592,#3593,#3594,#3595,#3596),
 .UNSPECIFIED.,.F.,.F.,(4,1,4),(0.,0.00267991707721697,0.00535983415443394),
 .UNSPECIFIED.);
#1363=B_SPLINE_CURVE_WITH_KNOTS('',3,(#3618,#3619,#3620,#3621),
 .UNSPECIFIED.,.F.,.F.,(4,4),(1.73472347597681E-18,0.00136310193927619),
 .UNSPECIFIED.);
#1364=B_SPLINE_CURVE_WITH_KNOTS('',3,(#3623,#3624,#3625,#3626,#3627),
 .UNSPECIFIED.,.F.,.F.,(4,1,4),(0.,0.00297537819471888,0.00595075638943776),
 .UNSPECIFIED.);
#1365=B_SPLINE_CURVE_WITH_KNOTS('',3,(#3628,#3629,#3630,#3631,#3632),
 .UNSPECIFIED.,.F.,.F.,(4,1,4),(0.,0.00267991707721638,0.00535983415443275),
 .UNSPECIFIED.);
#1366=B_SPLINE_CURVE_WITH_KNOTS('',3,(#3725,#3726,#3727,#3728,#3729),
 .UNSPECIFIED.,.F.,.F.,(4,1,4),(0.,0.00297835985388941,0.00595671970777882),
 .UNSPECIFIED.);
#1367=B_SPLINE_CURVE_WITH_KNOTS('',3,(#3748,#3749,#3750,#3751,#3752),
 .UNSPECIFIED.,.F.,.F.,(4,1,4),(1.73472347597681E-18,0.00297835985388808,
0.00595671970777617),.UNSPECIFIED.);
#1368=B_SPLINE_CURVE_WITH_KNOTS('',3,(#3789,#3790,#3791,#3792,#3793,#3794,
#3795,#3796,#3797,#3798,#3799,#3800,#3801,#3802,#3803,#3804,#3805),
 .UNSPECIFIED.,.F.,.F.,(4,1,1,1,1,1,1,1,1,1,1,1,1,1,4),(1.19015049332667E-14,
0.00106842180666609,0.00213684361332029,0.00320526541997448,0.00373947632330158,
0.00427368722662867,0.00480789812995577,0.00507500358161932,0.00534210903328287,
0.00560921448494641,0.00587631993660996,0.00641053083993706,0.00694474174326416,
0.00747895264659125,0.00854737445324544),.UNSPECIFIED.);
#1369=B_SPLINE_CURVE_WITH_KNOTS('',3,(#3839,#3840,#3841,#3842,#3843,#3844,
#3845,#3846,#3847,#3848,#3849,#3850,#3851,#3852,#3853,#3854,#3855),
 .UNSPECIFIED.,.F.,.F.,(4,1,1,1,1,1,1,1,1,1,1,1,1,1,4),(1.59060716754462E-15,
0.00108992692472752,0.00163489038709048,0.00217985384945345,0.00272481731181641,
0.0029972990429979,0.00326978077417938,0.00354226250536086,0.00381474423654234,
0.00435970769890531,0.00490467116126827,0.00544963462363124,0.00653956154835716,
0.00762948847308309,0.00871941539780902),.UNSPECIFIED.);
#1370=B_SPLINE_CURVE_WITH_KNOTS('',3,(#3857,#3858,#3859,#3860),
 .UNSPECIFIED.,.F.,.F.,(4,4),(0.,0.000463657894858302),.UNSPECIFIED.);
#1371=B_SPLINE_CURVE_WITH_KNOTS('',3,(#3861,#3862,#3863,#3864),
 .UNSPECIFIED.,.F.,.F.,(4,4),(0.,0.000463657894858302),.UNSPECIFIED.);
#1372=B_SPLINE_CURVE_WITH_KNOTS('',3,(#3892,#3893,#3894,#3895,#3896,#3897,
#3898),.UNSPECIFIED.,.F.,.F.,(4,1,1,1,4),(0.,0.00173401526891545,0.00346803053783089,
0.00520204580674634,0.00693606107566179),.UNSPECIFIED.);
#1373=B_SPLINE_CURVE_WITH_KNOTS('',3,(#3899,#3900,#3901,#3902),
 .UNSPECIFIED.,.F.,.F.,(4,4),(-2.51918084519183E-5,0.000160197459923133),
 .UNSPECIFIED.);
#1374=B_SPLINE_CURVE_WITH_KNOTS('',3,(#3903,#3904,#3905,#3906),
 .UNSPECIFIED.,.F.,.F.,(4,4),(4.15263316411592E-15,0.00378984014026291),
 .UNSPECIFIED.);
#1375=B_SPLINE_CURVE_WITH_KNOTS('',3,(#3907,#3908,#3909,#3910,#3911),
 .UNSPECIFIED.,.F.,.F.,(4,1,4),(1.06665041820025E-15,0.00326330832241782,
0.00652661664483458),.UNSPECIFIED.);
#1376=B_SPLINE_CURVE_WITH_KNOTS('',3,(#3913,#3914,#3915,#3916,#3917),
 .UNSPECIFIED.,.F.,.F.,(4,1,4),(0.0138797502974032,0.0186867940848528,0.0234938378723025),
 .UNSPECIFIED.);
#1377=B_SPLINE_CURVE_WITH_KNOTS('',3,(#3918,#3919,#3920,#3921,#3922,#3923,
#3924,#3925,#3926,#3927,#3928),.UNSPECIFIED.,.F.,.F.,(4,1,1,1,1,1,1,1,4),
(1.30104260698261E-18,0.00304191327568428,0.00608382655136855,0.00912573982705283,
0.0121676531027371,0.0152095663784214,0.0182514796541057,0.0212933929297899,
0.0243353062054742),.UNSPECIFIED.);
#1378=B_SPLINE_CURVE_WITH_KNOTS('',3,(#3956,#3957,#3958,#3959,#3960,#3961,
#3962),.UNSPECIFIED.,.F.,.F.,(4,1,1,1,4),(1.42059448875874E-17,0.00172379232883822,
0.00344758465767642,0.00517137698651463,0.00689516931535283),
 .UNSPECIFIED.);
#1379=B_SPLINE_CURVE_WITH_KNOTS('',3,(#3963,#3964,#3965,#3966,#3967,#3968,
#3969,#3970,#3971,#3972),.UNSPECIFIED.,.F.,.F.,(4,1,1,1,1,1,1,4),(1.97788907665131E-16,
0.00300374339476324,0.00600748678952628,0.00901123018428932,0.0120149735790524,
0.0180224603685784,0.0210262037633415,0.0240299471581045),.UNSPECIFIED.);
#1380=B_SPLINE_CURVE_WITH_KNOTS('',3,(#3973,#3974,#3975,#3976,#3977),
 .UNSPECIFIED.,.F.,.F.,(4,1,4),(0.0138797502974032,0.0186867940848528,0.0234938378723025),
 .UNSPECIFIED.);
#1381=B_SPLINE_CURVE_WITH_KNOTS('',3,(#3979,#3980,#3981,#3982,#3983),
 .UNSPECIFIED.,.F.,.F.,(4,1,4),(6.52026874033499E-15,0.00326330832241946,
0.0065266166448324),.UNSPECIFIED.);
#1382=B_SPLINE_CURVE_WITH_KNOTS('',3,(#3984,#3985,#3986,#3987),
 .UNSPECIFIED.,.F.,.F.,(4,4),(5.34184991038509E-17,0.00378984014025827),
 .UNSPECIFIED.);
#1383=B_SPLINE_CURVE_WITH_KNOTS('',3,(#3988,#3989,#3990,#3991),
 .UNSPECIFIED.,.F.,.F.,(4,4),(0.0732007263580627,0.0733859936851368),
 .UNSPECIFIED.);
#1384=B_SPLINE_CURVE_WITH_KNOTS('',3,(#3998,#3999,#4000,#4001),
 .UNSPECIFIED.,.F.,.F.,(4,4),(0.,0.00433273196140684),.UNSPECIFIED.);
#1385=B_SPLINE_CURVE_WITH_KNOTS('',3,(#4003,#4004,#4005,#4006,#4007),
 .UNSPECIFIED.,.F.,.F.,(4,1,4),(0.,0.00257450703525451,0.00514901407050901),
 .UNSPECIFIED.);
#1386=B_SPLINE_CURVE_WITH_KNOTS('',3,(#4009,#4010,#4011,#4012),
 .UNSPECIFIED.,.F.,.F.,(4,4),(0.,0.00433283411389212),.UNSPECIFIED.);
#1387=B_SPLINE_CURVE_WITH_KNOTS('',3,(#4013,#4014,#4015,#4016,#4017,#4018,
#4019,#4020,#4021,#4022,#4023),.UNSPECIFIED.,.F.,.F.,(4,1,1,1,1,1,1,1,4),
(0.,0.00271976000347218,0.00543952000694436,0.00815928001041654,0.0108790400138887,
0.0135988000173609,0.0163185600208331,0.0190383200243053,0.0217580800277774),
 .UNSPECIFIED.);
#1388=B_SPLINE_CURVE_WITH_KNOTS('',3,(#4059,#4060,#4061,#4062),
 .UNSPECIFIED.,.F.,.F.,(4,4),(1.73472347597681E-18,6.72682287687332E-5),
 .UNSPECIFIED.);
#1389=B_SPLINE_CURVE_WITH_KNOTS('',3,(#4106,#4107,#4108,#4109),
 .UNSPECIFIED.,.F.,.F.,(4,4),(0.,6.72444163106539E-5),.UNSPECIFIED.);
#1390=B_SPLINE_CURVE_WITH_KNOTS('',3,(#4119,#4120,#4121,#4122),
 .UNSPECIFIED.,.F.,.F.,(4,4),(2.32737576866932E-17,6.72444163103276E-5),
 .UNSPECIFIED.);
#1391=B_SPLINE_CURVE_WITH_KNOTS('',3,(#4156,#4157,#4158,#4159),
 .UNSPECIFIED.,.F.,.F.,(4,4),(0.,6.72682287682771E-5),.UNSPECIFIED.);
#1392=B_SPLINE_CURVE_WITH_KNOTS('',3,(#4505,#4506,#4507,#4508,#4509),
 .UNSPECIFIED.,.F.,.F.,(4,1,4),(2.38327762611765E-14,0.00178366277735339,
0.00356732555468296),.UNSPECIFIED.);
#1393=B_SPLINE_CURVE_WITH_KNOTS('',3,(#4535,#4536,#4537,#4538,#4539),
 .UNSPECIFIED.,.F.,.F.,(4,1,4),(0.,0.00178021825616655,0.00356043651233309),
 .UNSPECIFIED.);
#1394=B_SPLINE_CURVE_WITH_KNOTS('',3,(#4613,#4614,#4615,#4616,#4617),
 .UNSPECIFIED.,.F.,.F.,(4,1,4),(0.,0.0012757551070273,0.00255151021405459),
 .UNSPECIFIED.);
#1395=B_SPLINE_CURVE_WITH_KNOTS('',3,(#4618,#4619,#4620,#4621,#4622),
 .UNSPECIFIED.,.F.,.F.,(4,1,4),(0.,0.00126925865064662,0.00253851730129323),
 .UNSPECIFIED.);
#1396=B_SPLINE_CURVE_WITH_KNOTS('',3,(#4627,#4628,#4629,#4630,#4631,#4632,
#4633,#4634,#4635,#4636,#4637,#4638,#4639),.UNSPECIFIED.,.F.,.F.,(4,1,1,
1,1,1,1,1,1,1,4),(0.0164634797532248,0.0187080010797655,0.0198302617430359,
0.0209525224063063,0.0220747830695767,0.0231970437328471,0.0254415650593878,
0.0276860863859286,0.0299306077124693,0.0321751290390101,0.0344196503655508),
 .UNSPECIFIED.);
#1397=B_SPLINE_CURVE_WITH_KNOTS('',3,(#4642,#4643,#4644,#4645),
 .UNSPECIFIED.,.F.,.F.,(4,4),(0.,0.00190516277841675),.UNSPECIFIED.);
#1398=B_SPLINE_CURVE_WITH_KNOTS('',3,(#4646,#4647,#4648,#4649),
 .UNSPECIFIED.,.F.,.F.,(4,4),(0.,0.00189258292117071),.UNSPECIFIED.);
#1399=B_SPLINE_CURVE_WITH_KNOTS('',3,(#4652,#4653,#4654,#4655,#4656,#4657,
#4658,#4659,#4660,#4661,#4662,#4663,#4664),.UNSPECIFIED.,.F.,.F.,(4,1,1,
1,1,1,1,1,1,1,4),(0.0053343494027834,0.00760480267466985,0.0098752559465563,
0.0121457092184428,0.0144161624903292,0.0166866157622157,0.0178218423981589,
0.0189570690341021,0.0200922956700453,0.0212275223059886,0.023497975577875),
 .UNSPECIFIED.);
#1400=B_SPLINE_CURVE_WITH_KNOTS('',3,(#4813,#4814,#4815,#4816,#4817),
 .UNSPECIFIED.,.F.,.F.,(4,1,4),(-1.00798054328852E-5,0.00323292690401588,
0.00647593361346464),.UNSPECIFIED.);
#1401=B_SPLINE_CURVE_WITH_KNOTS('',3,(#4843,#4844,#4845,#4846,#4847),
 .UNSPECIFIED.,.F.,.F.,(4,1,4),(-1.00798054328966E-5,0.00323294174506415,
0.00647596329556119),.UNSPECIFIED.);
#1402=EDGE_LOOP('',(#234,#235,#236,#237,#238,#239,#240,#241,#242));
#1403=EDGE_LOOP('',(#243,#244,#245));
#1404=EDGE_LOOP('',(#246,#247,#248));
#1405=EDGE_LOOP('',(#249,#250,#251));
#1406=EDGE_LOOP('',(#252,#253,#254,#255,#256,#257,#258,#259));
#1407=EDGE_LOOP('',(#260,#261,#262,#263,#264,#265,#266,#267,#268,#269,#270,
#271));
#1408=EDGE_LOOP('',(#272,#273,#274,#275,#276,#277,#278));
#1409=EDGE_LOOP('',(#279,#280,#281,#282,#283,#284));
#1410=EDGE_LOOP('',(#285,#286,#287,#288,#289,#290));
#1411=EDGE_LOOP('',(#291,#292,#293,#294,#295,#296,#297));
#1412=EDGE_LOOP('',(#298,#299,#300));
#1413=EDGE_LOOP('',(#301,#302,#303,#304,#305,#306,#307,#308,#309));
#1414=EDGE_LOOP('',(#310,#311,#312,#313,#314,#315,#316));
#1415=EDGE_LOOP('',(#317,#318,#319,#320,#321,#322));
#1416=EDGE_LOOP('',(#323,#324,#325,#326,#327,#328));
#1417=EDGE_LOOP('',(#329,#330,#331,#332,#333,#334,#335));
#1418=EDGE_LOOP('',(#336,#337,#338,#339,#340,#341,#342,#343,#344,#345,#346,
#347));
#1419=EDGE_LOOP('',(#348,#349,#350,#351));
#1420=EDGE_LOOP('',(#352,#353,#354,#355,#356,#357));
#1421=EDGE_LOOP('',(#358,#359,#360,#361));
#1422=EDGE_LOOP('',(#362,#363,#364,#365,#366,#367,#368,#369,#370,#371,#372,
#373));
#1423=EDGE_LOOP('',(#374,#375,#376,#377));
#1424=EDGE_LOOP('',(#378,#379,#380,#381,#382,#383,#384,#385));
#1425=EDGE_LOOP('',(#386,#387,#388,#389,#390,#391,#392,#393));
#1426=EDGE_LOOP('',(#394,#395,#396,#397));
#1427=EDGE_LOOP('',(#398,#399,#400,#401));
#1428=EDGE_LOOP('',(#402,#403));
#1429=EDGE_LOOP('',(#404,#405));
#1430=EDGE_LOOP('',(#406,#407,#408));
#1431=EDGE_LOOP('',(#409,#410,#411));
#1432=EDGE_LOOP('',(#412,#413));
#1433=EDGE_LOOP('',(#414,#415));
#1434=EDGE_LOOP('',(#416,#417));
#1435=EDGE_LOOP('',(#418,#419));
#1436=EDGE_LOOP('',(#420,#421));
#1437=EDGE_LOOP('',(#422,#423));
#1438=EDGE_LOOP('',(#424,#425));
#1439=EDGE_LOOP('',(#426,#427));
#1440=EDGE_LOOP('',(#428,#429));
#1441=EDGE_LOOP('',(#430,#431));
#1442=EDGE_LOOP('',(#432,#433,#434,#435));
#1443=EDGE_LOOP('',(#436,#437,#438,#439));
#1444=EDGE_LOOP('',(#440,#441,#442,#443));
#1445=EDGE_LOOP('',(#444,#445,#446,#447,#448));
#1446=EDGE_LOOP('',(#449,#450,#451,#452));
#1447=EDGE_LOOP('',(#453,#454,#455,#456,#457));
#1448=EDGE_LOOP('',(#458,#459,#460));
#1449=EDGE_LOOP('',(#461,#462,#463,#464,#465,#466,#467,#468,#469));
#1450=EDGE_LOOP('',(#470,#471,#472,#473,#474,#475,#476,#477,#478));
#1451=EDGE_LOOP('',(#479,#480,#481));
#1452=EDGE_LOOP('',(#482,#483,#484,#485));
#1453=EDGE_LOOP('',(#486,#487,#488,#489,#490,#491,#492,#493));
#1454=EDGE_LOOP('',(#494,#495,#496,#497,#498,#499,#500,#501));
#1455=EDGE_LOOP('',(#502,#503,#504,#505));
#1456=EDGE_LOOP('',(#506,#507,#508,#509));
#1457=EDGE_LOOP('',(#510,#511,#512,#513));
#1458=EDGE_LOOP('',(#514,#515,#516,#517));
#1459=EDGE_LOOP('',(#518,#519,#520,#521,#522));
#1460=EDGE_LOOP('',(#523,#524,#525,#526,#527));
#1461=EDGE_LOOP('',(#528,#529,#530,#531));
#1462=EDGE_LOOP('',(#532,#533,#534,#535,#536,#537,#538,#539,#540,#541,#542));
#1463=EDGE_LOOP('',(#543,#544,#545,#546,#547,#548,#549,#550,#551,#552,#553));
#1464=EDGE_LOOP('',(#554,#555,#556,#557,#558,#559));
#1465=EDGE_LOOP('',(#560));
#1466=EDGE_LOOP('',(#561,#562,#563,#564,#565,#566));
#1467=EDGE_LOOP('',(#567));
#1468=EDGE_LOOP('',(#568,#569,#570));
#1469=EDGE_LOOP('',(#571,#572,#573,#574,#575,#576));
#1470=EDGE_LOOP('',(#577,#578,#579,#580));
#1471=EDGE_LOOP('',(#581,#582,#583));
#1472=EDGE_LOOP('',(#584,#585,#586,#587));
#1473=EDGE_LOOP('',(#588,#589,#590));
#1474=EDGE_LOOP('',(#591,#592,#593,#594,#595,#596,#597,#598));
#1475=EDGE_LOOP('',(#599,#600,#601,#602,#603,#604));
#1476=EDGE_LOOP('',(#605,#606,#607,#608));
#1477=EDGE_LOOP('',(#609,#610,#611));
#1478=EDGE_LOOP('',(#612,#613,#614));
#1479=EDGE_LOOP('',(#615,#616,#617,#618));
#1480=EDGE_LOOP('',(#619,#620,#621,#622,#623,#624));
#1481=EDGE_LOOP('',(#625,#626,#627,#628));
#1482=EDGE_LOOP('',(#629,#630,#631,#632));
#1483=EDGE_LOOP('',(#633,#634,#635,#636));
#1484=EDGE_LOOP('',(#637,#638,#639,#640,#641,#642));
#1485=EDGE_LOOP('',(#643,#644,#645,#646));
#1486=EDGE_LOOP('',(#647,#648,#649));
#1487=EDGE_LOOP('',(#650,#651,#652,#653,#654,#655));
#1488=EDGE_LOOP('',(#656,#657,#658,#659,#660,#661));
#1489=EDGE_LOOP('',(#662,#663,#664,#665,#666,#667));
#1490=EDGE_LOOP('',(#668,#669,#670,#671,#672,#673));
#1491=EDGE_LOOP('',(#674,#675,#676,#677));
#1492=EDGE_LOOP('',(#678,#679,#680,#681));
#1493=EDGE_LOOP('',(#682,#683,#684,#685));
#1494=EDGE_LOOP('',(#686,#687,#688,#689,#690,#691));
#1495=EDGE_LOOP('',(#692,#693,#694,#695,#696,#697,#698,#699,#700,#701));
#1496=EDGE_LOOP('',(#702,#703));
#1497=EDGE_LOOP('',(#704,#705,#706,#707,#708));
#1498=EDGE_LOOP('',(#709,#710,#711,#712,#713,#714));
#1499=EDGE_LOOP('',(#715,#716,#717,#718,#719));
#1500=EDGE_LOOP('',(#720,#721,#722,#723,#724,#725,#726,#727,#728,#729));
#1501=EDGE_LOOP('',(#730,#731));
#1502=EDGE_LOOP('',(#732));
#1503=EDGE_LOOP('',(#733));
#1504=EDGE_LOOP('',(#734,#735));
#1505=EDGE_LOOP('',(#736,#737));
#1506=EDGE_LOOP('',(#738,#739));
#1507=EDGE_LOOP('',(#740,#741));
#1508=EDGE_LOOP('',(#742,#743,#744,#745));
#1509=EDGE_LOOP('',(#746,#747,#748,#749));
#1510=EDGE_LOOP('',(#750,#751,#752,#753));
#1511=EDGE_LOOP('',(#754,#755,#756,#757));
#1512=EDGE_LOOP('',(#758,#759,#760,#761));
#1513=EDGE_LOOP('',(#762,#763,#764,#765,#766,#767));
#1514=EDGE_LOOP('',(#768,#769));
#1515=EDGE_LOOP('',(#770));
#1516=EDGE_LOOP('',(#771,#772,#773,#774));
#1517=EDGE_LOOP('',(#775,#776,#777,#778,#779,#780));
#1518=EDGE_LOOP('',(#781));
#1519=EDGE_LOOP('',(#782,#783));
#1520=FACE_BOUND('',#1402,.T.);
#1521=FACE_BOUND('',#1403,.T.);
#1522=FACE_BOUND('',#1404,.T.);
#1523=FACE_BOUND('',#1405,.T.);
#1524=FACE_BOUND('',#1406,.T.);
#1525=FACE_BOUND('',#1407,.T.);
#1526=FACE_BOUND('',#1408,.T.);
#1527=FACE_BOUND('',#1409,.T.);
#1528=FACE_BOUND('',#1410,.T.);
#1529=FACE_BOUND('',#1411,.T.);
#1530=FACE_BOUND('',#1412,.T.);
#1531=FACE_BOUND('',#1413,.T.);
#1532=FACE_BOUND('',#1414,.T.);
#1533=FACE_BOUND('',#1415,.T.);
#1534=FACE_BOUND('',#1416,.T.);
#1535=FACE_BOUND('',#1417,.T.);
#1536=FACE_BOUND('',#1418,.T.);
#1537=FACE_BOUND('',#1419,.T.);
#1538=FACE_BOUND('',#1420,.T.);
#1539=FACE_BOUND('',#1421,.T.);
#1540=FACE_BOUND('',#1422,.T.);
#1541=FACE_BOUND('',#1423,.T.);
#1542=FACE_BOUND('',#1424,.T.);
#1543=FACE_BOUND('',#1425,.T.);
#1544=FACE_BOUND('',#1426,.T.);
#1545=FACE_BOUND('',#1427,.T.);
#1546=FACE_BOUND('',#1428,.T.);
#1547=FACE_BOUND('',#1429,.T.);
#1548=FACE_BOUND('',#1430,.T.);
#1549=FACE_BOUND('',#1431,.T.);
#1550=FACE_BOUND('',#1432,.T.);
#1551=FACE_BOUND('',#1433,.T.);
#1552=FACE_BOUND('',#1434,.T.);
#1553=FACE_BOUND('',#1435,.T.);
#1554=FACE_BOUND('',#1436,.T.);
#1555=FACE_BOUND('',#1437,.T.);
#1556=FACE_BOUND('',#1438,.T.);
#1557=FACE_BOUND('',#1439,.T.);
#1558=FACE_BOUND('',#1440,.T.);
#1559=FACE_BOUND('',#1441,.T.);
#1560=FACE_BOUND('',#1442,.T.);
#1561=FACE_BOUND('',#1443,.T.);
#1562=FACE_BOUND('',#1444,.T.);
#1563=FACE_BOUND('',#1445,.T.);
#1564=FACE_BOUND('',#1446,.T.);
#1565=FACE_BOUND('',#1447,.T.);
#1566=FACE_BOUND('',#1448,.T.);
#1567=FACE_BOUND('',#1449,.T.);
#1568=FACE_BOUND('',#1450,.T.);
#1569=FACE_BOUND('',#1451,.T.);
#1570=FACE_BOUND('',#1452,.T.);
#1571=FACE_BOUND('',#1453,.T.);
#1572=FACE_BOUND('',#1454,.T.);
#1573=FACE_BOUND('',#1455,.T.);
#1574=FACE_BOUND('',#1456,.T.);
#1575=FACE_BOUND('',#1457,.T.);
#1576=FACE_BOUND('',#1458,.T.);
#1577=FACE_BOUND('',#1459,.T.);
#1578=FACE_BOUND('',#1460,.T.);
#1579=FACE_BOUND('',#1461,.T.);
#1580=FACE_BOUND('',#1462,.T.);
#1581=FACE_BOUND('',#1463,.T.);
#1582=FACE_BOUND('',#1464,.T.);
#1583=FACE_BOUND('',#1465,.T.);
#1584=FACE_BOUND('',#1466,.T.);
#1585=FACE_BOUND('',#1467,.T.);
#1586=FACE_BOUND('',#1468,.T.);
#1587=FACE_BOUND('',#1469,.T.);
#1588=FACE_BOUND('',#1470,.T.);
#1589=FACE_BOUND('',#1471,.T.);
#1590=FACE_BOUND('',#1472,.T.);
#1591=FACE_BOUND('',#1473,.T.);
#1592=FACE_BOUND('',#1474,.T.);
#1593=FACE_BOUND('',#1475,.T.);
#1594=FACE_BOUND('',#1476,.T.);
#1595=FACE_BOUND('',#1477,.T.);
#1596=FACE_BOUND('',#1478,.T.);
#1597=FACE_BOUND('',#1479,.T.);
#1598=FACE_BOUND('',#1480,.T.);
#1599=FACE_BOUND('',#1481,.T.);
#1600=FACE_BOUND('',#1482,.T.);
#1601=FACE_BOUND('',#1483,.T.);
#1602=FACE_BOUND('',#1484,.T.);
#1603=FACE_BOUND('',#1485,.T.);
#1604=FACE_BOUND('',#1486,.T.);
#1605=FACE_BOUND('',#1487,.T.);
#1606=FACE_BOUND('',#1488,.T.);
#1607=FACE_BOUND('',#1489,.T.);
#1608=FACE_BOUND('',#1490,.T.);
#1609=FACE_BOUND('',#1491,.T.);
#1610=FACE_BOUND('',#1492,.T.);
#1611=FACE_BOUND('',#1493,.T.);
#1612=FACE_BOUND('',#1494,.T.);
#1613=FACE_BOUND('',#1495,.T.);
#1614=FACE_BOUND('',#1496,.T.);
#1615=FACE_BOUND('',#1497,.T.);
#1616=FACE_BOUND('',#1498,.T.);
#1617=FACE_BOUND('',#1499,.T.);
#1618=FACE_BOUND('',#1500,.T.);
#1619=FACE_BOUND('',#1501,.T.);
#1620=FACE_BOUND('',#1502,.T.);
#1621=FACE_BOUND('',#1503,.T.);
#1622=FACE_BOUND('',#1504,.T.);
#1623=FACE_BOUND('',#1505,.T.);
#1624=FACE_BOUND('',#1506,.T.);
#1625=FACE_BOUND('',#1507,.T.);
#1626=FACE_BOUND('',#1508,.T.);
#1627=FACE_BOUND('',#1509,.T.);
#1628=FACE_BOUND('',#1510,.T.);
#1629=FACE_BOUND('',#1511,.T.);
#1630=FACE_BOUND('',#1512,.T.);
#1631=FACE_BOUND('',#1513,.T.);
#1632=FACE_BOUND('',#1514,.T.);
#1633=FACE_BOUND('',#1515,.T.);
#1634=FACE_BOUND('',#1516,.T.);
#1635=FACE_BOUND('',#1517,.T.);
#1636=FACE_BOUND('',#1518,.T.);
#1637=FACE_BOUND('',#1519,.T.);
#1638=B_SPLINE_SURFACE_WITH_KNOTS('',3,1,((#2127,#2128),(#2129,#2130),(#2131,
#2132),(#2133,#2134)),.SURF_OF_LINEAR_EXTRUSION.,.F.,.F.,.F.,(4,4),(2,2),
(0.,0.281175828906787),(0.,1.),.PIECEWISE_BEZIER_KNOTS.);
#1639=B_SPLINE_SURFACE_WITH_KNOTS('',3,1,((#2188,#2189),(#2190,#2191),(#2192,
#2193),(#2194,#2195)),.SURF_OF_LINEAR_EXTRUSION.,.F.,.F.,.F.,(4,4),(2,2),
(0.308218061907579,0.423952255425976),(0.,1.),.PIECEWISE_BEZIER_KNOTS.);
#1640=B_SPLINE_SURFACE_WITH_KNOTS('',3,1,((#2324,#2325),(#2326,#2327),(#2328,
#2329),(#2330,#2331)),.SURF_OF_LINEAR_EXTRUSION.,.F.,.F.,.F.,(4,4),(2,2),
(0.,1.),(0.,1.),.PIECEWISE_BEZIER_KNOTS.);
#1641=B_SPLINE_SURFACE_WITH_KNOTS('',3,1,((#2373,#2374),(#2375,#2376),(#2377,
#2378),(#2379,#2380)),.SURF_OF_LINEAR_EXTRUSION.,.F.,.F.,.F.,(4,4),(2,2),
(-7.60099702844398E-17,1.),(0.,1.),.PIECEWISE_BEZIER_KNOTS.);
#1642=B_SPLINE_SURFACE_WITH_KNOTS('',3,1,((#2435,#2436),(#2437,#2438),(#2439,
#2440),(#2441,#2442)),.SURF_OF_LINEAR_EXTRUSION.,.F.,.F.,.F.,(4,4),(2,2),
(0.,1.),(0.,1.),.PIECEWISE_BEZIER_KNOTS.);
#1643=B_SPLINE_SURFACE_WITH_KNOTS('',3,1,((#2473,#2474),(#2475,#2476),(#2477,
#2478),(#2479,#2480)),.SURF_OF_LINEAR_EXTRUSION.,.F.,.F.,.F.,(4,4),(2,2),
(0.308218061907919,0.423952255425475),(0.,1.),.PIECEWISE_BEZIER_KNOTS.);
#1644=B_SPLINE_SURFACE_WITH_KNOTS('',3,1,((#2497,#2498),(#2499,#2500),(#2501,
#2502),(#2503,#2504)),.SURF_OF_LINEAR_EXTRUSION.,.F.,.F.,.F.,(4,4),(2,2),
(0.,0.281175828906745),(0.,1.),.PIECEWISE_BEZIER_KNOTS.);
#1645=B_SPLINE_SURFACE_WITH_KNOTS('',3,1,((#2558,#2559),(#2560,#2561),(#2562,
#2563),(#2564,#2565)),.SURF_OF_LINEAR_EXTRUSION.,.F.,.F.,.F.,(4,4),(2,2),
(0.,1.),(0.,1.),.PIECEWISE_BEZIER_KNOTS.);
#1646=B_SPLINE_SURFACE_WITH_KNOTS('',3,1,((#2616,#2617),(#2618,#2619),(#2620,
#2621),(#2622,#2623)),.SURF_OF_LINEAR_EXTRUSION.,.F.,.F.,.F.,(4,4),(2,2),
(-4.20135029603923E-15,1.),(0.,1.),.PIECEWISE_BEZIER_KNOTS.);
#1647=B_SPLINE_SURFACE_WITH_KNOTS('',3,1,((#2660,#2661),(#2662,#2663),(#2664,
#2665),(#2666,#2667)),.SURF_OF_LINEAR_EXTRUSION.,.F.,.F.,.F.,(4,4),(2,2),
(0.,1.),(0.,1.),.PIECEWISE_BEZIER_KNOTS.);
#1648=B_SPLINE_SURFACE_WITH_KNOTS('',3,1,((#2750,#2751),(#2752,#2753),(#2754,
#2755),(#2756,#2757)),.SURF_OF_LINEAR_EXTRUSION.,.F.,.F.,.F.,(4,4),(2,2),
(0.0732500570577541,0.507065368060392),(0.,1.),.PIECEWISE_BEZIER_KNOTS.);
#1649=B_SPLINE_SURFACE_WITH_KNOTS('',3,1,((#2772,#2773),(#2774,#2775),(#2776,
#2777),(#2778,#2779)),.SURF_OF_LINEAR_EXTRUSION.,.F.,.F.,.F.,(4,4),(2,2),
(0.00448920186401761,0.902914924275096),(0.,1.),
 .PIECEWISE_BEZIER_KNOTS.);
#1650=B_SPLINE_SURFACE_WITH_KNOTS('',3,1,((#2808,#2809),(#2810,#2811),(#2812,
#2813),(#2814,#2815)),.SURF_OF_LINEAR_EXTRUSION.,.F.,.F.,.F.,(4,4),(2,2),
(0.263628862402347,0.759797622401338),(0.,1.),.PIECEWISE_BEZIER_KNOTS.);
#1651=B_SPLINE_SURFACE_WITH_KNOTS('',3,1,((#2834,#2835),(#2836,#2837),(#2838,
#2839),(#2840,#2841)),.SURF_OF_LINEAR_EXTRUSION.,.F.,.F.,.F.,(4,4),(2,2),
(0.00591098599366117,0.998969369419822),(0.,1.),
 .PIECEWISE_BEZIER_KNOTS.);
#1652=B_SPLINE_SURFACE_WITH_KNOTS('',3,1,((#2913,#2914),(#2915,#2916),(#2917,
#2918),(#2919,#2920)),.SURF_OF_LINEAR_EXTRUSION.,.F.,.F.,.F.,(4,4),(2,2),
(-3.67718985555051E-16,0.888932137116242),(0.,1.),
 .PIECEWISE_BEZIER_KNOTS.);
#1653=B_SPLINE_SURFACE_WITH_KNOTS('',3,1,((#2959,#2960),(#2961,#2962),(#2963,
#2964),(#2965,#2966),(#2967,#2968),(#2969,#2970),(#2971,#2972),(#2973,#2974),
(#2975,#2976),(#2977,#2978),(#2979,#2980)),.SURF_OF_LINEAR_EXTRUSION.,.F.,
 .F.,.F.,(4,1,1,1,1,1,1,1,4),(2,2),(-0.198470628535839,-0.0486617999688594,
0.0262426143146306,0.101147028598121,0.2509558571651,0.40076468573208,0.70038234286604,
0.85019117143302,1.),(0.,1.),.UNSPECIFIED.);
#1654=B_SPLINE_SURFACE_WITH_KNOTS('',3,1,((#3009,#3010),(#3011,#3012),(#3013,
#3014),(#3015,#3016)),.SURF_OF_LINEAR_EXTRUSION.,.F.,.F.,.F.,(4,4),(2,2),
(-1.93400415543718E-16,1.),(0.,1.),.PIECEWISE_BEZIER_KNOTS.);
#1655=ADVANCED_FACE('',(#1520),#1638,.T.);
#1656=ADVANCED_FACE('',(#1521),#1639,.F.);
#1657=ADVANCED_FACE('',(#1522),#152,.T.);
#1658=ADVANCED_FACE('',(#1523),#153,.T.);
#1659=ADVANCED_FACE('',(#1524),#154,.F.);
#1660=ADVANCED_FACE('',(#1525),#155,.T.);
#1661=ADVANCED_FACE('',(#1526),#1640,.T.);
#1662=ADVANCED_FACE('',(#1527),#1641,.T.);
#1663=ADVANCED_FACE('',(#1528),#156,.T.);
#1664=ADVANCED_FACE('',(#1529),#1642,.T.);
#1665=ADVANCED_FACE('',(#1530),#1643,.T.);
#1666=ADVANCED_FACE('',(#1531),#1644,.F.);
#1667=ADVANCED_FACE('',(#1532),#1645,.F.);
#1668=ADVANCED_FACE('',(#1533),#157,.F.);
#1669=ADVANCED_FACE('',(#1534),#1646,.F.);
#1670=ADVANCED_FACE('',(#1535),#1647,.F.);
#1671=ADVANCED_FACE('',(#1536),#158,.F.);
#1672=ADVANCED_FACE('',(#1537),#1648,.F.);
#1673=ADVANCED_FACE('',(#1538),#1649,.F.);
#1674=ADVANCED_FACE('',(#1539),#1650,.F.);
#1675=ADVANCED_FACE('',(#1540),#1651,.F.);
#1676=ADVANCED_FACE('',(#1541),#1652,.F.);
#1677=ADVANCED_FACE('',(#1542),#159,.F.);
#1678=ADVANCED_FACE('',(#1543),#1653,.F.);
#1679=ADVANCED_FACE('',(#1544),#160,.F.);
#1680=ADVANCED_FACE('',(#1545),#1654,.F.);
#1681=ADVANCED_FACE('',(#1546,#1547),#64,.F.);
#1682=ADVANCED_FACE('',(#1548,#1549),#65,.F.);
#1683=ADVANCED_FACE('',(#1550,#1551),#66,.F.);
#1684=ADVANCED_FACE('',(#1552,#1553),#67,.F.);
#1685=ADVANCED_FACE('',(#1554,#1555),#68,.F.);
#1686=ADVANCED_FACE('',(#1556,#1557),#69,.F.);
#1687=ADVANCED_FACE('',(#1558,#1559),#70,.F.);
#1688=ADVANCED_FACE('',(#1560,#1561),#71,.F.);
#1689=ADVANCED_FACE('',(#1562),#72,.T.);
#1690=ADVANCED_FACE('',(#1563),#20,.T.);
#1691=ADVANCED_FACE('',(#1564),#73,.T.);
#1692=ADVANCED_FACE('',(#1565),#21,.T.);
#1693=ADVANCED_FACE('',(#1566),#22,.T.);
#1694=ADVANCED_FACE('',(#1567),#23,.T.);
#1695=ADVANCED_FACE('',(#1568),#24,.T.);
#1696=ADVANCED_FACE('',(#1569),#25,.T.);
#1697=ADVANCED_FACE('',(#1570),#74,.T.);
#1698=ADVANCED_FACE('',(#1571),#26,.T.);
#1699=ADVANCED_FACE('',(#1572),#27,.T.);
#1700=ADVANCED_FACE('',(#1573),#28,.T.);
#1701=ADVANCED_FACE('',(#1574),#29,.T.);
#1702=ADVANCED_FACE('',(#1575),#30,.T.);
#1703=ADVANCED_FACE('',(#1576),#31,.T.);
#1704=ADVANCED_FACE('',(#1577),#32,.T.);
#1705=ADVANCED_FACE('',(#1578),#33,.T.);
#1706=ADVANCED_FACE('',(#1579),#75,.F.);
#1707=ADVANCED_FACE('',(#1580),#34,.T.);
#1708=ADVANCED_FACE('',(#1581),#35,.T.);
#1709=ADVANCED_FACE('',(#1582),#76,.T.);
#1710=ADVANCED_FACE('',(#1583,#1584),#77,.F.);
#1711=ADVANCED_FACE('',(#1585),#161,.T.);
#1712=ADVANCED_FACE('',(#1586),#78,.T.);
#1713=ADVANCED_FACE('',(#1587),#36,.T.);
#1714=ADVANCED_FACE('',(#1588),#37,.T.);
#1715=ADVANCED_FACE('',(#1589),#38,.T.);
#1716=ADVANCED_FACE('',(#1590),#79,.T.);
#1717=ADVANCED_FACE('',(#1591),#80,.T.);
#1718=ADVANCED_FACE('',(#1592),#81,.T.);
#1719=ADVANCED_FACE('',(#1593),#39,.T.);
#1720=ADVANCED_FACE('',(#1594),#40,.T.);
#1721=ADVANCED_FACE('',(#1595),#41,.T.);
#1722=ADVANCED_FACE('',(#1596),#42,.T.);
#1723=ADVANCED_FACE('',(#1597),#43,.T.);
#1724=ADVANCED_FACE('',(#1598),#44,.T.);
#1725=ADVANCED_FACE('',(#1599),#45,.T.);
#1726=ADVANCED_FACE('',(#1600),#82,.T.);
#1727=ADVANCED_FACE('',(#1601),#46,.T.);
#1728=ADVANCED_FACE('',(#1602),#47,.T.);
#1729=ADVANCED_FACE('',(#1603),#48,.T.);
#1730=ADVANCED_FACE('',(#1604),#49,.T.);
#1731=ADVANCED_FACE('',(#1605),#50,.T.);
#1732=ADVANCED_FACE('',(#1606),#51,.T.);
#1733=ADVANCED_FACE('',(#1607),#52,.T.);
#1734=ADVANCED_FACE('',(#1608),#53,.T.);
#1735=ADVANCED_FACE('',(#1609),#54,.T.);
#1736=ADVANCED_FACE('',(#1610),#55,.T.);
#1737=ADVANCED_FACE('',(#1611),#83,.T.);
#1738=ADVANCED_FACE('',(#1612),#18,.T.);
#1739=ADVANCED_FACE('',(#1613,#1614),#56,.T.);
#1740=ADVANCED_FACE('',(#1615),#16,.T.);
#1741=ADVANCED_FACE('',(#1616),#19,.T.);
#1742=ADVANCED_FACE('',(#1617),#17,.T.);
#1743=ADVANCED_FACE('',(#1618,#1619),#57,.T.);
#1744=ADVANCED_FACE('',(#1620,#1621),#84,.F.);
#1745=ADVANCED_FACE('',(#1622,#1623),#85,.F.);
#1746=ADVANCED_FACE('',(#1624,#1625),#86,.F.);
#1747=ADVANCED_FACE('',(#1626),#58,.T.);
#1748=ADVANCED_FACE('',(#1627),#59,.T.);
#1749=ADVANCED_FACE('',(#1628),#60,.T.);
#1750=ADVANCED_FACE('',(#1629),#61,.T.);
#1751=ADVANCED_FACE('',(#1630),#62,.T.);
#1752=ADVANCED_FACE('',(#1631),#12,.T.);
#1753=ADVANCED_FACE('',(#1632,#1633),#13,.T.);
#1754=ADVANCED_FACE('',(#1634),#63,.T.);
#1755=ADVANCED_FACE('',(#1635),#14,.T.);
#1756=ADVANCED_FACE('',(#1636,#1637),#15,.T.);
#1757=CLOSED_SHELL('',(#1655,#1656,#1657,#1658,#1659,#1660,#1661,#1662,
#1663,#1664,#1665,#1666,#1667,#1668,#1669,#1670,#1671,#1672,#1673,#1674,
#1675,#1676,#1677,#1678,#1679,#1680,#1681,#1682,#1683,#1684,#1685,#1686,
#1687,#1688,#1689,#1690,#1691,#1692,#1693,#1694,#1695,#1696,#1697,#1698,
#1699,#1700,#1701,#1702,#1703,#1704,#1705,#1706,#1707,#1708,#1709,#1710,
#1711,#1712,#1713,#1714,#1715,#1716,#1717,#1718,#1719,#1720,#1721,#1722,
#1723,#1724,#1725,#1726,#1727,#1728,#1729,#1730,#1731,#1732,#1733,#1734,
#1735,#1736,#1737,#1738,#1739,#1740,#1741,#1742,#1743,#1744,#1745,#1746,
#1747,#1748,#1749,#1750,#1751,#1752,#1753,#1754,#1755,#1756));
#1758=STYLED_ITEM('',(#1759),#1766);
#1759=PRESENTATION_STYLE_ASSIGNMENT((#1760));
#1760=SURFACE_STYLE_USAGE(.BOTH.,#1761);
#1761=SURFACE_SIDE_STYLE('',(#1762));
#1762=SURFACE_STYLE_FILL_AREA(#1763);
#1763=FILL_AREA_STYLE('',(#1764));
#1764=FILL_AREA_STYLE_COLOUR('',#1765);
#1765=COLOUR_RGB('',0.647058823529412,0.647058823529412,0.647058823529412);
#1766=MANIFOLD_SOLID_BREP('Part 1',#1757);
#1767=SHAPE_DEFINITION_REPRESENTATION(#4855,#1768);
#1768=SHAPE_REPRESENTATION('Part 1',(#1769),#4850);
#1769=AXIS2_PLACEMENT_3D('',#2126,#1876,#1877);
#1770=AXIS2_PLACEMENT_3D('',#2212,#1879,#1880);
#1771=AXIS2_PLACEMENT_3D('',#2213,#1881,#1882);
#1772=AXIS2_PLACEMENT_3D('',#2223,#1884,#1885);
#1773=AXIS2_PLACEMENT_3D('',#2233,#1887,#1888);
#1774=AXIS2_PLACEMENT_3D('',#2234,#1889,#1890);
#1775=AXIS2_PLACEMENT_3D('',#2281,#1893,#1894);
#1776=AXIS2_PLACEMENT_3D('',#2291,#1895,#1896);
#1777=AXIS2_PLACEMENT_3D('',#2293,#1897,#1898);
#1778=AXIS2_PLACEMENT_3D('',#2295,#1899,#1900);
#1779=AXIS2_PLACEMENT_3D('',#2307,#1901,#1902);
#1780=AXIS2_PLACEMENT_3D('',#2417,#1908,#1909);
#1781=AXIS2_PLACEMENT_3D('',#2434,#1912,#1913);
#1782=AXIS2_PLACEMENT_3D('',#2598,#1916,#1917);
#1783=AXIS2_PLACEMENT_3D('',#2613,#1919,#1920);
#1784=AXIS2_PLACEMENT_3D('',#2710,#1924,#1925);
#1785=AXIS2_PLACEMENT_3D('',#2717,#1926,#1927);
#1786=AXIS2_PLACEMENT_3D('',#2719,#1928,#1929);
#1787=AXIS2_PLACEMENT_3D('',#2721,#1930,#1931);
#1788=AXIS2_PLACEMENT_3D('',#2744,#1934,#1935);
#1789=AXIS2_PLACEMENT_3D('',#2949,#1946,#1947);
#1790=AXIS2_PLACEMENT_3D('',#3000,#1950,#1951);
#1791=AXIS2_PLACEMENT_3D('',#3042,#1956,#1957);
#1792=AXIS2_PLACEMENT_3D('',#3087,#1958,#1959);
#1793=AXIS2_PLACEMENT_3D('',#3130,#1960,#1961);
#1794=AXIS2_PLACEMENT_3D('',#3169,#1962,#1963);
#1795=AXIS2_PLACEMENT_3D('',#3192,#1964,#1965);
#1796=AXIS2_PLACEMENT_3D('',#3227,#1966,#1967);
#1797=AXIS2_PLACEMENT_3D('',#3238,#1968,#1969);
#1798=AXIS2_PLACEMENT_3D('',#3253,#1970,#1971);
#1799=AXIS2_PLACEMENT_3D('',#3272,#1972,#1973);
#1800=AXIS2_PLACEMENT_3D('',#3273,#1974,#1975);
#1801=AXIS2_PLACEMENT_3D('',#3274,#1976,#1977);
#1802=AXIS2_PLACEMENT_3D('',#3335,#1978,#1979);
#1803=AXIS2_PLACEMENT_3D('',#3336,#1980,#1981);
#1804=AXIS2_PLACEMENT_3D('',#3337,#1982,#1983);
#1805=AXIS2_PLACEMENT_3D('',#3552,#1984,#1985);
#1806=AXIS2_PLACEMENT_3D('',#3669,#1986,#1987);
#1807=AXIS2_PLACEMENT_3D('',#3706,#1988,#1989);
#1808=AXIS2_PLACEMENT_3D('',#3856,#1990,#1991);
#1809=AXIS2_PLACEMENT_3D('',#3992,#1992,#1993);
#1810=AXIS2_PLACEMENT_3D('',#3993,#1994,#1995);
#1811=AXIS2_PLACEMENT_3D('',#3994,#1996,#1997);
#1812=AXIS2_PLACEMENT_3D('',#3995,#1998,#1999);
#1813=AXIS2_PLACEMENT_3D('',#3996,#2000,#2001);
#1814=AXIS2_PLACEMENT_3D('',#4024,#2002,#2003);
#1815=AXIS2_PLACEMENT_3D('',#4025,#2004,#2005);
#1816=AXIS2_PLACEMENT_3D('',#4026,#2006,#2007);
#1817=AXIS2_PLACEMENT_3D('',#4028,#2008,#2009);
#1818=AXIS2_PLACEMENT_3D('',#4063,#2010,#2011);
#1819=AXIS2_PLACEMENT_3D('',#4091,#2012,#2013);
#1820=AXIS2_PLACEMENT_3D('',#4093,#2014,#2015);
#1821=AXIS2_PLACEMENT_3D('',#4110,#2016,#2017);
#1822=AXIS2_PLACEMENT_3D('',#4111,#2018,#2019);
#1823=AXIS2_PLACEMENT_3D('',#4112,#2020,#2021);
#1824=AXIS2_PLACEMENT_3D('',#4113,#2022,#2023);
#1825=AXIS2_PLACEMENT_3D('',#4115,#2024,#2025);
#1826=AXIS2_PLACEMENT_3D('',#4116,#2026,#2027);
#1827=AXIS2_PLACEMENT_3D('',#4117,#2028,#2029);
#1828=AXIS2_PLACEMENT_3D('',#4187,#2030,#2031);
#1829=AXIS2_PLACEMENT_3D('',#4212,#2032,#2033);
#1830=AXIS2_PLACEMENT_3D('',#4237,#2034,#2035);
#1831=AXIS2_PLACEMENT_3D('',#4253,#2036,#2037);
#1832=AXIS2_PLACEMENT_3D('',#4275,#2038,#2039);
#1833=AXIS2_PLACEMENT_3D('',#4276,#2040,#2041);
#1834=AXIS2_PLACEMENT_3D('',#4277,#2042,#2043);
#1835=AXIS2_PLACEMENT_3D('',#4299,#2044,#2045);
#1836=AXIS2_PLACEMENT_3D('',#4315,#2046,#2047);
#1837=AXIS2_PLACEMENT_3D('',#4340,#2048,#2049);
#1838=AXIS2_PLACEMENT_3D('',#4416,#2050,#2051);
#1839=AXIS2_PLACEMENT_3D('',#4480,#2052,#2053);
#1840=AXIS2_PLACEMENT_3D('',#4510,#2054,#2055);
#1841=AXIS2_PLACEMENT_3D('',#4540,#2056,#2057);
#1842=AXIS2_PLACEMENT_3D('',#4553,#2058,#2059);
#1843=AXIS2_PLACEMENT_3D('',#4566,#2060,#2061);
#1844=AXIS2_PLACEMENT_3D('',#4567,#2062,#2063);
#1845=AXIS2_PLACEMENT_3D('',#4568,#2064,#2065);
#1846=AXIS2_PLACEMENT_3D('',#4569,#2066,#2067);
#1847=AXIS2_PLACEMENT_3D('',#4570,#2068,#2069);
#1848=AXIS2_PLACEMENT_3D('',#4571,#2070,#2071);
#1849=AXIS2_PLACEMENT_3D('',#4584,#2072,#2073);
#1850=AXIS2_PLACEMENT_3D('',#4585,#2074,#2075);
#1851=AXIS2_PLACEMENT_3D('',#4586,#2076,#2077);
#1852=AXIS2_PLACEMENT_3D('',#4587,#2078,#2079);
#1853=AXIS2_PLACEMENT_3D('',#4588,#2080,#2081);
#1854=AXIS2_PLACEMENT_3D('',#4589,#2082,#2083);
#1855=AXIS2_PLACEMENT_3D('',#4590,#2084,#2085);
#1856=AXIS2_PLACEMENT_3D('',#4591,#2086,#2087);
#1857=AXIS2_PLACEMENT_3D('',#4604,#2088,#2089);
#1858=AXIS2_PLACEMENT_3D('',#4605,#2090,#2091);
#1859=AXIS2_PLACEMENT_3D('',#4607,#2092,#2093);
#1860=AXIS2_PLACEMENT_3D('',#4609,#2094,#2095);
#1861=AXIS2_PLACEMENT_3D('',#4610,#2096,#2097);
#1862=AXIS2_PLACEMENT_3D('',#4625,#2098,#2099);
#1863=AXIS2_PLACEMENT_3D('',#4626,#2100,#2101);
#1864=AXIS2_PLACEMENT_3D('',#4710,#2102,#2103);
#1865=AXIS2_PLACEMENT_3D('',#4711,#2104,#2105);
#1866=AXIS2_PLACEMENT_3D('',#4772,#2106,#2107);
#1867=AXIS2_PLACEMENT_3D('',#4773,#2108,#2109);
#1868=AXIS2_PLACEMENT_3D('',#4810,#2110,#2111);
#1869=AXIS2_PLACEMENT_3D('',#4811,#2112,#2113);
#1870=AXIS2_PLACEMENT_3D('',#4812,#2114,#2115);
#1871=AXIS2_PLACEMENT_3D('',#4818,#2116,#2117);
#1872=AXIS2_PLACEMENT_3D('',#4840,#2118,#2119);
#1873=AXIS2_PLACEMENT_3D('',#4841,#2120,#2121);
#1874=AXIS2_PLACEMENT_3D('',#4842,#2122,#2123);
#1875=AXIS2_PLACEMENT_3D('',#4848,#2124,#2125);
#1876=DIRECTION('',(0.,0.,1.));
#1877=DIRECTION('',(1.,0.,0.));
#1878=DIRECTION('',(0.,0.,1.));
#1879=DIRECTION('',(-1.,0.,0.));
#1880=DIRECTION('',(0.,0.,1.));
#1881=DIRECTION('',(-1.,0.,0.));
#1882=DIRECTION('',(0.,0.,1.));
#1883=DIRECTION('',(0.,-1.,0.));
#1884=DIRECTION('',(-1.,0.,0.));
#1885=DIRECTION('',(0.,0.,1.));
#1886=DIRECTION('',(0.,-1.,0.));
#1887=DIRECTION('',(-1.,0.,0.));
#1888=DIRECTION('',(0.,0.,1.));
#1889=DIRECTION('',(0.,0.,1.));
#1890=DIRECTION('',(1.,0.,0.));
#1891=DIRECTION('',(7.80527998189789E-17,-1.,0.));
#1892=DIRECTION('',(7.80527998189789E-17,-1.,0.));
#1893=DIRECTION('',(7.80527998189789E-17,-1.,0.));
#1894=DIRECTION('',(1.,7.80527998189789E-17,0.));
#1895=DIRECTION('',(7.80527998189789E-17,-1.,0.));
#1896=DIRECTION('',(1.,7.80527998189789E-17,0.));
#1897=DIRECTION('',(7.80527998189789E-17,-1.,0.));
#1898=DIRECTION('',(1.,7.80527998189789E-17,0.));
#1899=DIRECTION('',(7.80527998189789E-17,-1.,0.));
#1900=DIRECTION('',(1.,7.80527998189789E-17,0.));
#1901=DIRECTION('',(7.80527998189789E-17,-1.,0.));
#1902=DIRECTION('',(1.,7.80527998189789E-17,0.));
#1903=DIRECTION('',(0.,0.,1.));
#1904=DIRECTION('',(1.,7.80527998189789E-17,0.));
#1905=DIRECTION('',(0.,0.,-1.));
#1906=DIRECTION('',(0.,0.,1.));
#1907=DIRECTION('',(0.,0.,1.));
#1908=DIRECTION('',(0.,-1.,0.));
#1909=DIRECTION('',(0.,0.,-1.));
#1910=DIRECTION('',(0.,0.,1.));
#1911=DIRECTION('',(0.999777625697918,-5.71060194893194E-36,-0.0210878911661171));
#1912=DIRECTION('',(-5.97930344362804E-16,-1.,-2.60275547416352E-15));
#1913=DIRECTION('',(0.987657257898537,-6.00141101705258E-16,-0.156630587435348));
#1914=DIRECTION('',(0.,0.,1.));
#1915=DIRECTION('',(0.,0.,1.));
#1916=DIRECTION('',(0.,-1.,0.));
#1917=DIRECTION('',(0.,0.,-1.));
#1918=DIRECTION('',(0.,0.,1.));
#1919=DIRECTION('',(1.99310114787601E-16,-1.,8.67585158054508E-16));
#1920=DIRECTION('',(0.987657257898537,1.87259224065002E-16,-0.156630587435348));
#1921=DIRECTION('',(0.999777625697918,-5.71060194893194E-36,-0.0210878911661171));
#1922=DIRECTION('',(0.,0.,1.));
#1923=DIRECTION('',(0.,0.,1.));
#1924=DIRECTION('',(2.34158399456937E-16,-1.,0.));
#1925=DIRECTION('',(1.,2.34158399456937E-16,0.));
#1926=DIRECTION('',(2.34158399456937E-16,-1.,0.));
#1927=DIRECTION('',(1.,2.34158399456937E-16,0.));
#1928=DIRECTION('',(2.34158399456937E-16,-1.,0.));
#1929=DIRECTION('',(1.,2.34158399456937E-16,0.));
#1930=DIRECTION('',(2.34158399456937E-16,-1.,0.));
#1931=DIRECTION('',(1.,2.34158399456937E-16,0.));
#1932=DIRECTION('',(0.,0.,1.));
#1933=DIRECTION('',(1.,2.34158399456937E-16,0.));
#1934=DIRECTION('',(2.34158399456937E-16,-1.,0.));
#1935=DIRECTION('',(1.,2.34158399456937E-16,0.));
#1936=DIRECTION('',(7.80527998189789E-17,-1.,0.));
#1937=DIRECTION('',(7.80527998189789E-17,-1.,0.));
#1938=DIRECTION('',(7.80527998189789E-17,-1.,0.));
#1939=DIRECTION('',(7.80527998189789E-17,-1.,0.));
#1940=DIRECTION('',(7.80527998189789E-17,-1.,0.));
#1941=DIRECTION('',(7.80527998189789E-17,-1.,0.));
#1942=DIRECTION('',(7.80527998189789E-17,-1.,0.));
#1943=DIRECTION('',(7.80527998189789E-17,-1.,0.));
#1944=DIRECTION('',(7.80527998189789E-17,-1.,0.));
#1945=DIRECTION('',(7.80527998189789E-17,-1.,0.));
#1946=DIRECTION('',(-0.0210878911661171,-1.64596894779335E-18,-0.999777625697918));
#1947=DIRECTION('',(-0.999777625697918,0.,0.0210878911661171));
#1948=DIRECTION('',(7.80527998189789E-17,-1.,0.));
#1949=DIRECTION('',(7.80527998189789E-17,-1.,0.));
#1950=DIRECTION('',(0.,0.,-1.));
#1951=DIRECTION('',(-1.,0.,0.));
#1952=DIRECTION('',(1.,2.34158399456937E-16,0.));
#1953=DIRECTION('',(0.,-1.,0.));
#1954=DIRECTION('',(1.,7.80527998189789E-17,0.));
#1955=DIRECTION('',(7.80527998189789E-17,-1.,0.));
#1956=DIRECTION('',(7.80527998189789E-17,-1.,0.));
#1957=DIRECTION('',(1.,7.80527998189789E-17,0.));
#1958=DIRECTION('',(7.80527998189789E-17,-1.,0.));
#1959=DIRECTION('',(1.,7.80527998189789E-17,0.));
#1960=DIRECTION('',(7.80527998189789E-17,-1.,0.));
#1961=DIRECTION('',(1.,7.80527998189789E-17,0.));
#1962=DIRECTION('',(7.80527998189789E-17,-1.,0.));
#1963=DIRECTION('',(1.,7.80527998189789E-17,0.));
#1964=DIRECTION('',(7.80527998189789E-17,-1.,0.));
#1965=DIRECTION('',(1.,7.80527998189789E-17,0.));
#1966=DIRECTION('',(7.80527998189789E-17,-1.,0.));
#1967=DIRECTION('',(1.,7.80527998189789E-17,0.));
#1968=DIRECTION('',(7.80527998189789E-17,-1.,0.));
#1969=DIRECTION('',(1.,7.80527998189789E-17,0.));
#1970=DIRECTION('',(7.80527998189789E-17,-1.,0.));
#1971=DIRECTION('',(1.,7.80527998189789E-17,0.));
#1972=DIRECTION('',(1.,2.34158399456937E-16,0.));
#1973=DIRECTION('',(-2.34158399456937E-16,1.,0.));
#1974=DIRECTION('',(1.,0.,3.77189496439155E-15));
#1975=DIRECTION('',(3.77189496439155E-15,0.,-1.));
#1976=DIRECTION('',(1.,0.,-1.88594748219578E-15));
#1977=DIRECTION('',(-1.88594748219578E-15,0.,-1.));
#1978=DIRECTION('',(-1.,-7.80527998189789E-17,0.));
#1979=DIRECTION('',(7.80527998189789E-17,-1.,0.));
#1980=DIRECTION('',(1.,0.,0.));
#1981=DIRECTION('',(0.,0.,-1.));
#1982=DIRECTION('',(1.,0.,0.));
#1983=DIRECTION('',(0.,0.,-1.));
#1984=DIRECTION('',(7.80527998189789E-17,-1.,0.));
#1985=DIRECTION('',(1.,7.80527998189789E-17,0.));
#1986=DIRECTION('',(-0.97602151211161,0.,0.217674086412153));
#1987=DIRECTION('',(0.217674086412153,0.,0.97602151211161));
#1988=DIRECTION('',(-0.976021512111611,-1.7899502005118E-15,0.217674086412149));
#1989=DIRECTION('',(0.217674086412149,0.,0.976021512111611));
#1990=DIRECTION('',(7.80527998189789E-17,-1.,0.));
#1991=DIRECTION('',(1.,7.80527998189789E-17,0.));
#1992=DIRECTION('',(7.80527998189789E-17,-1.,0.));
#1993=DIRECTION('',(1.,7.80527998189789E-17,0.));
#1994=DIRECTION('',(7.80527998189789E-17,-1.,0.));
#1995=DIRECTION('',(1.,7.80527998189789E-17,0.));
#1996=DIRECTION('',(2.34158399456937E-16,-1.,0.));
#1997=DIRECTION('',(1.,2.34158399456937E-16,0.));
#1998=DIRECTION('',(-1.,0.,0.));
#1999=DIRECTION('',(0.,0.,1.));
#2000=DIRECTION('',(-1.,0.,0.));
#2001=DIRECTION('',(0.,0.,1.));
#2002=DIRECTION('',(-1.,0.,0.));
#2003=DIRECTION('',(0.,-1.,0.));
#2004=DIRECTION('',(0.,0.,-1.));
#2005=DIRECTION('',(-1.,0.,0.));
#2006=DIRECTION('',(0.,0.,-1.));
#2007=DIRECTION('',(-1.,0.,0.));
#2008=DIRECTION('',(0.,-0.459363989189867,-0.888248121549138));
#2009=DIRECTION('',(0.,0.888248121549138,-0.459363989189867));
#2010=DIRECTION('',(0.,1.,-2.05011041985118E-15));
#2011=DIRECTION('',(0.,2.05011041985118E-15,1.));
#2012=DIRECTION('',(0.00554062941074564,-0.707095927507996,0.707095927528465));
#2013=DIRECTION('',(0.,-0.707106781196782,-0.707106781176313));
#2014=DIRECTION('',(0.,-0.888248121549138,-0.459363989189867));
#2015=DIRECTION('',(0.,0.459363989189867,-0.888248121549138));
#2016=DIRECTION('',(7.80527998189789E-17,-1.,0.));
#2017=DIRECTION('',(1.,7.80527998189789E-17,0.));
#2018=DIRECTION('',(0.,1.,-6.61325941887475E-17));
#2019=DIRECTION('',(0.,6.61325941887475E-17,1.));
#2020=DIRECTION('',(0.,0.,-1.));
#2021=DIRECTION('',(-1.,0.,0.));
#2022=DIRECTION('',(0.,-0.459363989189867,0.888248121549138));
#2023=DIRECTION('',(0.,-0.888248121549138,-0.459363989189867));
#2024=DIRECTION('',(1.36596592939504E-15,0.,-1.));
#2025=DIRECTION('',(-1.,0.,-1.36596592939504E-15));
#2026=DIRECTION('',(0.,1.,0.));
#2027=DIRECTION('',(0.,0.,1.));
#2028=DIRECTION('',(0.,-0.888248121549138,0.459363989189867));
#2029=DIRECTION('',(0.,-0.459363989189867,-0.888248121549138));
#2030=DIRECTION('',(0.00554062941079748,0.707095927506826,0.707095927529634));
#2031=DIRECTION('',(0.,-0.707106781197952,0.707106781175143));
#2032=DIRECTION('',(0.740576714983163,-0.671971821749058,-1.91818885461642E-13));
#2033=DIRECTION('',(0.671971821749058,0.740576714983163,0.));
#2034=DIRECTION('',(0.996104977893518,0.0881752403782088,1.13063719100062E-14));
#2035=DIRECTION('',(-0.0881752403782088,0.996104977893518,0.));
#2036=DIRECTION('',(0.925141121923435,0.379623371944152,-5.67179018626807E-13));
#2037=DIRECTION('',(-0.379623371944152,0.925141121923435,0.));
#2038=DIRECTION('',(1.71947023305552E-12,1.,1.70740499604017E-16));
#2039=DIRECTION('',(-1.,1.71947023305552E-12,0.));
#2040=DIRECTION('',(7.80527998189789E-17,-1.,0.));
#2041=DIRECTION('',(1.,7.80527998189789E-17,0.));
#2042=DIRECTION('',(1.54132903557605E-15,1.,-1.36592399683213E-15));
#2043=DIRECTION('',(-1.,1.54132903557605E-15,0.));
#2044=DIRECTION('',(-0.925141121923204,0.379623371944714,-5.57322650906204E-15));
#2045=DIRECTION('',(-0.379623371944714,-0.925141121923204,0.));
#2046=DIRECTION('',(-0.996104977893518,0.0881752403781979,-5.44241477067479E-15));
#2047=DIRECTION('',(-0.088175240378198,-0.996104977893519,0.));
#2048=DIRECTION('',(-0.740576714979631,-0.671971821752951,-8.21621708232934E-13));
#2049=DIRECTION('',(0.671971821752951,-0.740576714979631,0.));
#2050=DIRECTION('',(-0.891645236579097,0.417083229038911,-0.176097564265613));
#2051=DIRECTION('',(-0.423704580013331,-0.905800435457903,0.));
#2052=DIRECTION('',(-0.891645236579097,-0.41708322903891,-0.176097564265614));
#2053=DIRECTION('',(0.423704580013331,-0.905800435457903,0.));
#2054=DIRECTION('',(-0.895622683609829,0.,-0.44481457777767));
#2055=DIRECTION('',(-0.44481457777767,0.,0.89562268360983));
#2056=DIRECTION('',(-0.895622683609839,1.24555121595102E-14,-0.444814577777651));
#2057=DIRECTION('',(-0.444814577777651,0.,0.895622683609839));
#2058=DIRECTION('',(-0.795119655856056,-1.86183945992004E-16,-0.606452580892643));
#2059=DIRECTION('',(-0.606452580892643,0.,0.795119655856056));
#2060=DIRECTION('',(-0.795119655856055,-6.20613153306681E-17,-0.606452580892644));
#2061=DIRECTION('',(-0.606452580892644,0.,0.795119655856055));
#2062=DIRECTION('',(7.80527998189789E-17,-1.,0.));
#2063=DIRECTION('',(1.,7.80527998189789E-17,0.));
#2064=DIRECTION('',(7.80527998189789E-17,-1.,0.));
#2065=DIRECTION('',(1.,7.80527998189789E-17,0.));
#2066=DIRECTION('',(7.80527998189789E-17,-1.,0.));
#2067=DIRECTION('',(1.,7.80527998189789E-17,0.));
#2068=DIRECTION('',(7.80527998189789E-17,-1.,0.));
#2069=DIRECTION('',(1.,7.80527998189789E-17,0.));
#2070=DIRECTION('',(0.999590375276873,0.,-0.0286196026149795));
#2071=DIRECTION('',(-0.0286196026149795,0.,-0.999590375276873));
#2072=DIRECTION('',(0.996794278003725,-2.01541848868074E-12,0.0800072955363022));
#2073=DIRECTION('',(0.0800072955363022,0.,-0.996794278003725));
#2074=DIRECTION('',(0.996794278003725,-2.01541848868074E-12,0.0800072955363022));
#2075=DIRECTION('',(0.0800072955363022,0.,-0.996794278003725));
#2076=DIRECTION('',(0.,0.,1.));
#2077=DIRECTION('',(1.,0.,0.));
#2078=DIRECTION('',(2.34158399456937E-16,-1.,0.));
#2079=DIRECTION('',(1.,2.34158399456937E-16,0.));
#2080=DIRECTION('',(0.999590375276873,0.,-0.0286196026149778));
#2081=DIRECTION('',(-0.0286196026149778,0.,-0.999590375276874));
#2082=DIRECTION('',(0.,0.,1.));
#2083=DIRECTION('',(1.,0.,0.));
#2084=DIRECTION('',(-0.996794278003725,8.5378035073967E-17,-0.0800072955363039));
#2085=DIRECTION('',(-0.0800072955363039,0.,0.996794278003725));
#2086=DIRECTION('',(-0.996794278003725,8.5378035073967E-17,-0.0800072955363039));
#2087=DIRECTION('',(-0.0800072955363039,0.,0.996794278003725));
#2088=DIRECTION('',(7.80527998189789E-17,-1.,0.));
#2089=DIRECTION('',(1.,7.80527998189789E-17,0.));
#2090=DIRECTION('',(7.80527998189789E-17,-1.,0.));
#2091=DIRECTION('',(1.,7.80527998189789E-17,0.));
#2092=DIRECTION('',(2.34158399456937E-16,-1.,0.));
#2093=DIRECTION('',(1.,2.34158399456937E-16,0.));
#2094=DIRECTION('',(7.80527998189789E-17,-1.,0.));
#2095=DIRECTION('',(1.,7.80527998189789E-17,0.));
#2096=DIRECTION('',(7.80527998189789E-17,-1.,0.));
#2097=DIRECTION('',(1.,7.80527998189789E-17,0.));
#2098=DIRECTION('',(2.34158399456937E-16,-1.,0.));
#2099=DIRECTION('',(1.,2.34158399456937E-16,0.));
#2100=DIRECTION('',(7.80527998189789E-17,-1.,0.));
#2101=DIRECTION('',(1.,7.80527998189789E-17,0.));
#2102=DIRECTION('',(-0.850291442824736,-0.222144134348482,-0.477133572318687));
#2103=DIRECTION('',(-0.489360821254929,0.,0.872081410546459));
#2104=DIRECTION('',(0.983541480520619,0.167815919043444,-0.0669624776342238));
#2105=DIRECTION('',(-0.168193430140652,0.985754010926419,0.));
#2106=DIRECTION('',(-0.850291442824737,0.222144134348481,-0.477133572318687));
#2107=DIRECTION('',(-0.489360821254929,0.,0.872081410546459));
#2108=DIRECTION('',(0.983541480520448,-0.16781591904289,-0.0669624776381238));
#2109=DIRECTION('',(0.168193430140141,0.985754010926506,0.));
#2110=DIRECTION('',(0.365649950691278,-6.35668549752632E-16,0.930752444831312));
#2111=DIRECTION('',(0.930752444831313,0.,-0.365649950691278));
#2112=DIRECTION('',(0.94585042974595,-5.38953056068961E-15,-0.324602779639057));
#2113=DIRECTION('',(-0.324602779639057,0.,-0.94585042974595));
#2114=DIRECTION('',(7.80527998189789E-17,-1.,0.));
#2115=DIRECTION('',(1.,7.80527998189789E-17,0.));
#2116=DIRECTION('',(7.80527998189789E-17,-1.,0.));
#2117=DIRECTION('',(1.,7.80527998189789E-17,0.));
#2118=DIRECTION('',(0.945850429745948,2.7711420384213E-16,-0.324602779639062));
#2119=DIRECTION('',(-0.324602779639063,0.,-0.945850429745948));
#2120=DIRECTION('',(0.365649950691285,-6.35668549752632E-16,0.93075244483131));
#2121=DIRECTION('',(0.93075244483131,0.,-0.365649950691285));
#2122=DIRECTION('',(2.34158399456937E-16,-1.,0.));
#2123=DIRECTION('',(1.,2.34158399456937E-16,0.));
#2124=DIRECTION('',(2.34158399456937E-16,-1.,0.));
#2125=DIRECTION('',(1.,2.34158399456937E-16,0.));
#2126=CARTESIAN_POINT('',(0.,0.,0.));
#2127=CARTESIAN_POINT('',(0.0687899366021156,-0.01778,-0.01016));
#2128=CARTESIAN_POINT('',(0.0687899366021156,-0.01778,-0.00273596984310449));
#2129=CARTESIAN_POINT('',(0.0742285498978069,-0.01778,-0.01016));
#2130=CARTESIAN_POINT('',(0.0742285498978069,-0.01778,-0.00273596984310449));
#2131=CARTESIAN_POINT('',(0.0790026094534685,-0.0173114386415273,-0.01016));
#2132=CARTESIAN_POINT('',(0.0790026094534685,-0.0173114386415273,-0.00273596984310449));
#2133=CARTESIAN_POINT('',(0.0831121152691003,-0.016374315924582,-0.01016));
#2134=CARTESIAN_POINT('',(0.0831121152691003,-0.016374315924582,-0.00273596984310449));
#2135=CARTESIAN_POINT('',(0.0756978990382194,-0.0174979947589804,-0.0101182111277089));
#2136=CARTESIAN_POINT('',(0.0757391260911079,-0.0174944218494423,-0.0101321444269981));
#2137=CARTESIAN_POINT('',(0.0757803503360689,-0.017490811059802,-0.0101460740612373));
#2138=CARTESIAN_POINT('',(0.0758215717565023,-0.0174871621385174,-0.01016));
#2139=CARTESIAN_POINT('',(0.0756978990382224,-0.0174979947589801,-0.0101182111276999));
#2140=CARTESIAN_POINT('',(0.0758215717565023,-0.0174871621385175,-0.01016));
#2141=CARTESIAN_POINT('',(0.0758215717565024,-0.0174871621385175,-0.01016));
#2142=CARTESIAN_POINT('',(0.0782493289296503,-0.0172722570056604,-0.01016));
#2143=CARTESIAN_POINT('',(0.0806691955737774,-0.0169270713853145,-0.01016));
#2144=CARTESIAN_POINT('',(0.0830385144257363,-0.0163910335250745,-0.01016));
#2145=CARTESIAN_POINT('',(0.0830385144257363,-0.0163910335250745,-0.0101599999999924));
#2146=CARTESIAN_POINT('',(0.0827797135815547,-0.0164487753880134,-0.00724786418139018));
#2147=CARTESIAN_POINT('',(0.0822836891302057,-0.0165579036654569,-0.00756724724709305));
#2148=CARTESIAN_POINT('',(0.0816704981481278,-0.016678325800183,-0.00881881965536612));
#2149=CARTESIAN_POINT('',(0.082492068192372,-0.016514662250447,-0.0099323140694162));
#2150=CARTESIAN_POINT('',(0.0830385144257363,-0.0163910335250745,-0.0101599999999924));
#2151=CARTESIAN_POINT('',(0.0827797135815547,-0.0164487753880134,-0.00724786418139014));
#2152=CARTESIAN_POINT('',(0.0827797135815547,-0.0164487753880134,-0.00724786418139014));
#2153=CARTESIAN_POINT('',(0.0821021721357828,-0.0165978384647882,-0.00694345501771073));
#2154=CARTESIAN_POINT('',(0.0814182464859554,-0.0167319198114583,-0.00664570576544253));
#2155=CARTESIAN_POINT('',(0.0807273143596439,-0.0168525727902975,-0.0063568192910747));
#2156=CARTESIAN_POINT('',(0.0807273143596459,-0.0168525727902972,-0.00635681929107001));
#2157=CARTESIAN_POINT('',(0.0777141677454443,-0.0172916455044718,-0.00517655566630097));
#2158=CARTESIAN_POINT('',(0.077648790603069,-0.017299402733117,-0.00555034994777308));
#2159=CARTESIAN_POINT('',(0.0777870070236297,-0.0172837705512587,-0.00634325041283895));
#2160=CARTESIAN_POINT('',(0.0786989309438768,-0.0171702768136158,-0.00712676077549868));
#2161=CARTESIAN_POINT('',(0.0798913597379599,-0.0169957195062304,-0.00715651631397317));
#2162=CARTESIAN_POINT('',(0.0805212675644684,-0.016888553400652,-0.00667580407167792));
#2163=CARTESIAN_POINT('',(0.0807273143596459,-0.0168525727902972,-0.00635681929107002));
#2164=CARTESIAN_POINT('',(0.0777141677454442,-0.0172916455044718,-0.00517655566630094));
#2165=CARTESIAN_POINT('',(0.0777141677454443,-0.0172916455044718,-0.00517655566630085));
#2166=CARTESIAN_POINT('',(0.0748170805782589,-0.0176353951200809,-0.00412255997930827));
#2167=CARTESIAN_POINT('',(0.0718502878270177,-0.01778,-0.00329028786425765));
#2168=CARTESIAN_POINT('',(0.0687899366021156,-0.01778,-0.00278024835298658));
#2169=CARTESIAN_POINT('',(0.0687899366021156,-0.01778,-0.00278024835298657));
#2170=CARTESIAN_POINT('',(0.0687899366021156,-0.01778,-0.0127));
#2171=CARTESIAN_POINT('',(0.0687899366021156,-0.01778,-0.00779905792703887));
#2172=CARTESIAN_POINT('',(0.0687899366021156,-0.01778,-0.00779905792703886));
#2173=CARTESIAN_POINT('',(0.0703627420338046,-0.0177799995258847,-0.00831009071017769));
#2174=CARTESIAN_POINT('',(0.071930653465959,-0.0177410462430878,-0.00883918217371019));
#2175=CARTESIAN_POINT('',(0.0734919173652212,-0.0176542314844418,-0.00937021351020561));
#2176=CARTESIAN_POINT('',(0.0734919173652212,-0.0176542314844417,-0.00937021351020562));
#2177=CARTESIAN_POINT('',(0.0756978990382224,-0.0174979947589801,-0.0101182111276999));
#2178=CARTESIAN_POINT('',(0.0759877909213037,-0.0174728715109788,-0.00997598063256904));
#2179=CARTESIAN_POINT('',(0.0764838961973674,-0.017425799419535,-0.00951528445026394));
#2180=CARTESIAN_POINT('',(0.0767168629757306,-0.0174016302441396,-0.00852006615488328));
#2181=CARTESIAN_POINT('',(0.0763573445532727,-0.0174384868769666,-0.00757008829468443));
#2182=CARTESIAN_POINT('',(0.075532452990011,-0.0175144617300749,-0.0069795525027581));
#2183=CARTESIAN_POINT('',(0.0745176267494441,-0.0175923884710759,-0.00694623767515449));
#2184=CARTESIAN_POINT('',(0.0736542999264591,-0.0176459716502281,-0.00748382478062801));
#2185=CARTESIAN_POINT('',(0.0732356341278718,-0.0176679777906268,-0.00840969365512962));
#2186=CARTESIAN_POINT('',(0.0733478911183324,-0.0176622401265863,-0.009080134032532));
#2187=CARTESIAN_POINT('',(0.0734919173652213,-0.0176542314844417,-0.0093702135102056));
#2188=CARTESIAN_POINT('',(0.0842793760774521,0.0160909289158618,-0.01016));
#2189=CARTESIAN_POINT('',(0.0842793760774521,0.0160909289158618,-0.00841494244210884));
#2190=CARTESIAN_POINT('',(0.0859182662970941,0.0156681042907503,-0.01016));
#2191=CARTESIAN_POINT('',(0.0859182662970941,0.0156681042907503,-0.00841494244210884));
#2192=CARTESIAN_POINT('',(0.0874445671134065,0.015165895500603,-0.01016));
#2193=CARTESIAN_POINT('',(0.0874445671134065,0.015165895500603,-0.00841494244210884));
#2194=CARTESIAN_POINT('',(0.0888582785263895,0.0145843025454199,-0.01016));
#2195=CARTESIAN_POINT('',(0.0888582785263895,0.0145843025454199,-0.00841494244210884));
#2196=CARTESIAN_POINT('',(0.085311020981702,0.0158100201063099,-0.00842535034006851));
#2197=CARTESIAN_POINT('',(0.0865039113043518,0.0154676358365371,-0.00899714587325789));
#2198=CARTESIAN_POINT('',(0.0876832503389017,0.0150664780795728,-0.00958346288579391));
#2199=CARTESIAN_POINT('',(0.0888331215887334,0.0145946387127788,-0.01016));
#2200=CARTESIAN_POINT('',(0.085311020981702,0.0158100201063099,-0.00842535034006843));
#2201=CARTESIAN_POINT('',(0.0888331215887334,0.0145946387127788,-0.01016));
#2202=CARTESIAN_POINT('',(0.0888331215887334,0.0145946387127788,-0.01016));
#2203=CARTESIAN_POINT('',(0.0873599949809188,0.0151991230199921,-0.01016));
#2204=CARTESIAN_POINT('',(0.0858484001205338,0.0156849088801977,-0.01016));
#2205=CARTESIAN_POINT('',(0.0843085144257545,0.0160833999483919,-0.01016));
#2206=CARTESIAN_POINT('',(0.0843085144257545,0.016083399948392,-0.01016));
#2207=CARTESIAN_POINT('',(0.0843085144257545,0.0160833999483919,-0.01016));
#2208=CARTESIAN_POINT('',(0.0846342634783908,0.0159991027253004,-0.0100242712280683));
#2209=CARTESIAN_POINT('',(0.0851995442531933,0.0158432651277839,-0.00953876030690904));
#2210=CARTESIAN_POINT('',(0.0853570895966111,0.015796797458112,-0.00878346940354834));
#2211=CARTESIAN_POINT('',(0.085311020981702,0.0158100201063099,-0.00842535034006843));
#2212=CARTESIAN_POINT('',(-0.1016,-3.46944695195361E-18,-0.0127));
#2213=CARTESIAN_POINT('',(-0.1016,0.,0.01905));
#2214=CARTESIAN_POINT('',(-0.1016,-0.00610572325665469,0.0138193987299489));
#2215=CARTESIAN_POINT('',(-0.1016,-0.00776105497957699,0.021148826276064));
#2216=CARTESIAN_POINT('',(-0.1016,-0.00610572325665199,0.0138193987299537));
#2217=CARTESIAN_POINT('',(-0.1016,-0.00734934159146082,0.0145705491187151));
#2218=CARTESIAN_POINT('',(-0.1016,-0.00940013272647191,0.0167993216029401));
#2219=CARTESIAN_POINT('',(-0.1016,-0.0101546687490848,0.0196812341827509));
#2220=CARTESIAN_POINT('',(-0.1016,-0.0101599444954485,0.021148826276064));
#2221=CARTESIAN_POINT('',(-0.1016,-0.0101599444954485,0.021148826276064));
#2222=CARTESIAN_POINT('',(-0.1016,0.0141007385309434,0.021148826276064));
#2223=CARTESIAN_POINT('',(-0.1016,-3.46944695195361E-18,-0.0127));
#2224=CARTESIAN_POINT('',(-0.1016,0.0141007385309434,0.021148826276064));
#2225=CARTESIAN_POINT('',(-0.1016,0.00776105497957699,0.021148826276064));
#2226=CARTESIAN_POINT('',(-0.1016,0.0101599444954485,0.021148826276064));
#2227=CARTESIAN_POINT('',(-0.1016,0.0101599444954485,0.021148826276064));
#2228=CARTESIAN_POINT('',(-0.1016,0.0101546553395618,0.0196775039598474));
#2229=CARTESIAN_POINT('',(-0.1016,0.00938816438812253,0.0167883595750072));
#2230=CARTESIAN_POINT('',(-0.1016,0.00736413880211918,0.0145794866924277));
#2231=CARTESIAN_POINT('',(-0.1016,0.00610572325664788,0.0138193987299513));
#2232=CARTESIAN_POINT('',(-0.1016,0.00610572325665231,0.0138193987299462));
#2233=CARTESIAN_POINT('',(-0.1016,0.,0.01905));
#2234=CARTESIAN_POINT('',(-0.00238835811614989,-3.46944695195361E-18,-0.0127));
#2235=CARTESIAN_POINT('',(0.0719366797914314,2.33183035338485E-18,-0.0127));
#2236=CARTESIAN_POINT('',(0.0719366797914314,-0.0143225748193163,-0.0127));
#2237=CARTESIAN_POINT('',(0.0719366797914314,0.0143225748193157,-0.0127));
#2238=CARTESIAN_POINT('',(0.0719366797914309,0.0143225748193157,-0.0127));
#2239=CARTESIAN_POINT('',(0.0721742503068631,0.0145381374866527,-0.0127));
#2240=CARTESIAN_POINT('',(0.0727777804039062,0.0147753021877764,-0.0127));
#2241=CARTESIAN_POINT('',(0.074019414717275,0.0150140642440225,-0.0127));
#2242=CARTESIAN_POINT('',(0.0749667536660325,0.0150128986180147,-0.0127));
#2243=CARTESIAN_POINT('',(0.0755976066459417,0.0149570554946679,-0.0127));
#2244=CARTESIAN_POINT('',(0.0755976066459417,0.0149570554946679,-0.0127));
#2245=CARTESIAN_POINT('',(0.0755976066459417,0.0149570554946679,-0.0127));
#2246=CARTESIAN_POINT('',(0.0777015680935299,0.0147708127687457,-0.0127));
#2247=CARTESIAN_POINT('',(0.0818650168353677,0.0141971108594157,-0.0127));
#2248=CARTESIAN_POINT('',(0.0859021289241769,0.013051818220086,-0.0127));
#2249=CARTESIAN_POINT('',(0.0878688782239938,0.0122447802630938,-0.0127));
#2250=CARTESIAN_POINT('',(0.0878688782239938,0.0122447802630938,-0.0127));
#2251=CARTESIAN_POINT('',(0.0878688782239938,0.0122447802630938,-0.0127));
#2252=CARTESIAN_POINT('',(0.0888790253483437,0.0118302754395391,-0.0127));
#2253=CARTESIAN_POINT('',(0.0907702217070066,0.0107990370975526,-0.0127));
#2254=CARTESIAN_POINT('',(0.0931936015879218,0.00856746246246752,-0.0127));
#2255=CARTESIAN_POINT('',(0.0948884647116202,0.00574633800050086,-0.0127));
#2256=CARTESIAN_POINT('',(0.0953407202564266,0.00357641788218355,-0.0127));
#2257=CARTESIAN_POINT('',(0.0953407202564267,0.00249245231679575,-0.0127));
#2258=CARTESIAN_POINT('',(0.0953407202564266,0.00249245231679575,-0.0127));
#2259=CARTESIAN_POINT('',(0.0953407202564266,4.1585812387544E-18,-0.0127));
#2260=CARTESIAN_POINT('',(0.0953407202564266,-0.00249245231680921,-0.0127));
#2261=CARTESIAN_POINT('',(0.0953407202564266,-0.00249245231680921,-0.0127));
#2262=CARTESIAN_POINT('',(0.0953407202564248,-0.00357639015447958,-0.0127));
#2263=CARTESIAN_POINT('',(0.0948884981393573,-0.00574623194673551,-0.0127));
#2264=CARTESIAN_POINT('',(0.0931937053467851,-0.00856731118005091,-0.0127));
#2265=CARTESIAN_POINT('',(0.0907704878201926,-0.0107988704188018,-0.0127));
#2266=CARTESIAN_POINT('',(0.0888790094494683,-0.0118302819635017,-0.0127));
#2267=CARTESIAN_POINT('',(0.0878688782239771,-0.0122447802631007,-0.0127));
#2268=CARTESIAN_POINT('',(0.0878688782239771,-0.0122447802631007,-0.0127));
#2269=CARTESIAN_POINT('',(0.0878688782239771,-0.0122447802631007,-0.0127));
#2270=CARTESIAN_POINT('',(0.0859021289241626,-0.0130518182200904,-0.0127));
#2271=CARTESIAN_POINT('',(0.0818650168353588,-0.014197110859417,-0.0127));
#2272=CARTESIAN_POINT('',(0.0777015680935269,-0.014770812768746,-0.0127));
#2273=CARTESIAN_POINT('',(0.0755976066459417,-0.0149570554946679,-0.0127));
#2274=CARTESIAN_POINT('',(0.0755976066459417,-0.0149570554946679,-0.0127));
#2275=CARTESIAN_POINT('',(0.0755976066459417,-0.0149570554946679,-0.0127));
#2276=CARTESIAN_POINT('',(0.0749667318408728,-0.0150129005499784,-0.0127));
#2277=CARTESIAN_POINT('',(0.0740090712119309,-0.0150132688854378,-0.0127));
#2278=CARTESIAN_POINT('',(0.0727780006632336,-0.0147745090366118,-0.0127));
#2279=CARTESIAN_POINT('',(0.0721758791202787,-0.0145396154114857,-0.0127));
#2280=CARTESIAN_POINT('',(0.0719366797914316,-0.0143225748193163,-0.0127));
#2281=CARTESIAN_POINT('',(-0.079375,-0.01778,-0.0127));
#2282=CARTESIAN_POINT('',(-0.0939799999999999,-0.01778,0.0211797039840059));
#2283=CARTESIAN_POINT('',(-0.0924895006325901,-0.01778,0.0206486360710713));
#2284=CARTESIAN_POINT('',(-0.0896653995369074,-0.01778,0.0192877853400531));
#2285=CARTESIAN_POINT('',(-0.0858423786319178,-0.01778,0.0163421580251925));
#2286=CARTESIAN_POINT('',(-0.0827048805272265,-0.01778,0.0128079640043645));
#2287=CARTESIAN_POINT('',(-0.0809785451081824,-0.01778,0.0101041528825708));
#2288=CARTESIAN_POINT('',(-0.0802142294390597,-0.01778,0.00871862579828679));
#2289=CARTESIAN_POINT('',(-0.09398,-0.01778,0.0211797039840057));
#2290=CARTESIAN_POINT('',(-0.0802142294390597,-0.01778,0.0087186257982868));
#2291=CARTESIAN_POINT('',(-0.0763814372357176,-0.01778,0.00721289751581532));
#2292=CARTESIAN_POINT('',(-0.0737985306611234,-0.01778,0.010420093699642));
#2293=CARTESIAN_POINT('',(-0.0697312876582146,-0.01778,0.00719017954543233));
#2294=CARTESIAN_POINT('',(-0.0738205032766813,-0.01778,0.0039881291532675));
#2295=CARTESIAN_POINT('',(-0.0763814372357176,-0.01778,0.00721289751581532));
#2296=CARTESIAN_POINT('',(-0.0777181353125185,-0.01778,0.00331793256268524));
#2297=CARTESIAN_POINT('',(-0.0777181353125185,-0.01778,0.00331793256268524));
#2298=CARTESIAN_POINT('',(-0.076727066102834,-0.01778,0.000758357242529697));
#2299=CARTESIAN_POINT('',(-0.0759278765145118,-0.01778,-0.00189127935487748));
#2300=CARTESIAN_POINT('',(-0.0752577808453695,-0.01778,-0.00456016519311889));
#2301=CARTESIAN_POINT('',(-0.0752577808453696,-0.01778,-0.00456016519311887));
#2302=CARTESIAN_POINT('',(-0.0752577808453696,-0.01778,-0.00456016519311887));
#2303=CARTESIAN_POINT('',(-0.073460631798913,-0.01778,-0.00456144670748171));
#2304=CARTESIAN_POINT('',(-0.07166505558798,-0.01778,-0.00451142650416809));
#2305=CARTESIAN_POINT('',(-0.0698714856665644,-0.01778,-0.00442458820935689));
#2306=CARTESIAN_POINT('',(-0.0698714856665644,-0.01778,-0.0044245882093569));
#2307=CARTESIAN_POINT('',(-0.0685863196849823,-0.01778,-0.005461));
#2308=CARTESIAN_POINT('',(-0.0674284885379059,-0.01778,-0.00428404289166527));
#2309=CARTESIAN_POINT('',(-0.0674284885379059,-0.01778,-0.00428404289166532));
#2310=CARTESIAN_POINT('',(-0.0667147301586848,-0.01778,-0.00423673910221842));
#2311=CARTESIAN_POINT('',(-0.0660012071103286,-0.01778,-0.00418420686787907));
#2312=CARTESIAN_POINT('',(-0.0652878965687282,-0.01778,-0.00412695328148689));
#2313=CARTESIAN_POINT('',(-0.0652878965687126,-0.01778,-0.00412695328148564));
#2314=CARTESIAN_POINT('',(-0.0652878965687126,-0.01778,-0.00412695328148561));
#2315=CARTESIAN_POINT('',(-0.0627459500957323,-0.01778,-0.00218816332996549));
#2316=CARTESIAN_POINT('',(-0.0600173283438611,-0.01778,-0.000511473744247966));
#2317=CARTESIAN_POINT('',(-0.05715,-0.01778,0.000912596313339086));
#2318=CARTESIAN_POINT('',(-0.05715,-0.01778,0.000912596313339082));
#2319=CARTESIAN_POINT('',(-0.05715,-0.01778,-0.0127));
#2320=CARTESIAN_POINT('',(-0.05715,-0.01778,0.0250895648070074));
#2321=CARTESIAN_POINT('',(-0.1016,-0.01778,0.0250895648070074));
#2322=CARTESIAN_POINT('',(-0.09398,-0.01778,0.0250895648070074));
#2323=CARTESIAN_POINT('',(-0.09398,-0.01778,-0.0127));
#2324=CARTESIAN_POINT('',(-0.05715,-0.01778,0.000767534502377031));
#2325=CARTESIAN_POINT('',(-0.05715,-0.01778,0.0252346266179695));
#2326=CARTESIAN_POINT('',(-0.04704751756112,-0.01778,0.000767534502377031));
#2327=CARTESIAN_POINT('',(-0.04704751756112,-0.01778,0.0252346266179695));
#2328=CARTESIAN_POINT('',(-0.0397552092623733,-0.0162295094571511,0.000767534502377031));
#2329=CARTESIAN_POINT('',(-0.0397552092623733,-0.0162295094571511,0.0252346266179695));
#2330=CARTESIAN_POINT('',(-0.0352730751037598,-0.0131285283714533,0.000767534502377031));
#2331=CARTESIAN_POINT('',(-0.0352730751037598,-0.0131285283714533,0.0252346266179695));
#2332=CARTESIAN_POINT('',(-0.05715,-0.01778,0.000912596313339064));
#2333=CARTESIAN_POINT('',(-0.0535013336777248,-0.01777999899071,0.00257554689468766));
#2334=CARTESIAN_POINT('',(-0.0496401860819303,-0.0175964057876473,0.00384443493310849));
#2335=CARTESIAN_POINT('',(-0.0458020778987114,-0.0169415318805355,0.00475232584770869));
#2336=CARTESIAN_POINT('',(-0.0458020778987114,-0.0169415318805355,0.00475232584770869));
#2337=CARTESIAN_POINT('',(-0.0458020778987114,-0.0169415318805355,0.00475232584770869));
#2338=CARTESIAN_POINT('',(-0.047175535120715,-0.0171758768375529,0.00484066391335554));
#2339=CARTESIAN_POINT('',(-0.0491934507231,-0.0174160072653019,0.00567664851252852));
#2340=CARTESIAN_POINT('',(-0.0508716735219266,-0.017555196744301,0.00795309857956713));
#2341=CARTESIAN_POINT('',(-0.0514097383600211,-0.0175926581690731,0.0100034773871717));
#2342=CARTESIAN_POINT('',(-0.0511347755936392,-0.0175740309762342,0.0121114259861427));
#2343=CARTESIAN_POINT('',(-0.049753343162726,-0.0174674173660122,0.0145761902022239));
#2344=CARTESIAN_POINT('',(-0.0465392287470464,-0.0171267580095386,0.0163504950821504));
#2345=CARTESIAN_POINT('',(-0.0430063168321498,-0.0164092171955268,0.0157797711538728));
#2346=CARTESIAN_POINT('',(-0.0407977294661313,-0.0157605546240444,0.0141700043148364));
#2347=CARTESIAN_POINT('',(-0.0396216974920373,-0.0153453681681344,0.0124646956699078));
#2348=CARTESIAN_POINT('',(-0.039164451032495,-0.0151637398007728,0.01039014263632));
#2349=CARTESIAN_POINT('',(-0.03959594726707,-0.0153353772278023,0.0083067797246856));
#2350=CARTESIAN_POINT('',(-0.0407569925225174,-0.0157477297177658,0.0065844113121969));
#2351=CARTESIAN_POINT('',(-0.0418575649257754,-0.0160715552532339,0.00576904392636359));
#2352=CARTESIAN_POINT('',(-0.0424566106850104,-0.0162280598290983,0.00545795208237247));
#2353=CARTESIAN_POINT('',(-0.0424566106850104,-0.0162280598290983,0.00545795208237244));
#2354=CARTESIAN_POINT('',(-0.0424566106850104,-0.0162280598290983,0.00545795208237244));
#2355=CARTESIAN_POINT('',(-0.0409101962672483,-0.0158240490689328,0.00574552728559901));
#2356=CARTESIAN_POINT('',(-0.0393604964647747,-0.0153045729308553,0.00598013934642483));
#2357=CARTESIAN_POINT('',(-0.0378890493903971,-0.0146162768777122,0.00615857653523872));
#2358=CARTESIAN_POINT('',(-0.0378890493903971,-0.0146162768777122,0.00615857653523872));
#2359=CARTESIAN_POINT('',(-0.0378890493903971,-0.0146162768777122,0.00615857653523872));
#2360=CARTESIAN_POINT('',(-0.0369801839392654,-0.0141911385802631,0.00626879143806362));
#2361=CARTESIAN_POINT('',(-0.0360993975564809,-0.0137002202286774,0.00632351256905184));
#2362=CARTESIAN_POINT('',(-0.0352730751037598,-0.0131285283714533,0.0063524940692382));
#2363=CARTESIAN_POINT('',(-0.0352730751037598,-0.0131285283714533,0.0063524940692382));
#2364=CARTESIAN_POINT('',(-0.0352730751037598,-0.0131285283714533,-0.0127));
#2365=CARTESIAN_POINT('',(-0.0352730751037598,-0.0131285283714533,0.017197623079623));
#2366=CARTESIAN_POINT('',(-0.0352730751037598,-0.0131285283714533,0.017197623079623));
#2367=CARTESIAN_POINT('',(-0.036766253129616,-0.0141615854207363,0.0181007940851039));
#2368=CARTESIAN_POINT('',(-0.0400333092697802,-0.0156721660304278,0.020073779782055));
#2369=CARTESIAN_POINT('',(-0.0453112284984667,-0.0169738969211594,0.0227175510583775));
#2370=CARTESIAN_POINT('',(-0.0511174910661997,-0.0176578757821068,0.0246267863969544));
#2371=CARTESIAN_POINT('',(-0.0551220687020712,-0.0177799993848366,0.0250895648070075));
#2372=CARTESIAN_POINT('',(-0.05715,-0.01778,0.0250895648070075));
#2373=CARTESIAN_POINT('',(-0.0352730751037598,-0.0131285283714533,0.00251630274378789));
#2374=CARTESIAN_POINT('',(-0.0352730751037598,-0.0131285283714533,0.0184817698968243));
#2375=CARTESIAN_POINT('',(-0.0323187733689944,-0.0088709822545449,0.00251630274378789));
#2376=CARTESIAN_POINT('',(-0.0323187733689944,-0.0088709822545449,0.0184817698968243));
#2377=CARTESIAN_POINT('',(-0.0276639151076476,-0.00712241015086572,0.00251630274378789));
#2378=CARTESIAN_POINT('',(-0.0276639151076476,-0.00712241015086572,0.0184817698968243));
#2379=CARTESIAN_POINT('',(-0.0213085003197193,-0.00788281206041575,0.00251630274378789));
#2380=CARTESIAN_POINT('',(-0.0213085003197193,-0.00788281206041575,0.0184817698968243));
#2381=CARTESIAN_POINT('',(-0.0352730751037598,-0.0131285283714533,0.00635249406923821));
#2382=CARTESIAN_POINT('',(-0.0352730751037598,-0.0131285283714533,0.00586854524520755));
#2383=CARTESIAN_POINT('',(-0.0351302600091773,-0.0129168558202457,0.00491823833596237));
#2384=CARTESIAN_POINT('',(-0.0345375579283403,-0.0121359810513395,0.00382862493385845));
#2385=CARTESIAN_POINT('',(-0.033699693340396,-0.0112208074511211,0.00309221953977303));
#2386=CARTESIAN_POINT('',(-0.0330308458791262,-0.0106325755250989,0.00275313484660556));
#2387=CARTESIAN_POINT('',(-0.0326691810445775,-0.0103515142351671,0.00261095966366756));
#2388=CARTESIAN_POINT('',(-0.0326691810445787,-0.0103515142351681,0.00261095966366788));
#2389=CARTESIAN_POINT('',(-0.0326691810445787,-0.0103515142351681,0.00261095966366787));
#2390=CARTESIAN_POINT('',(-0.0318840341543224,-0.00974135151908105,0.00272823128921304));
#2391=CARTESIAN_POINT('',(-0.0301526898818511,-0.00872575274580312,0.00297610674207107));
#2392=CARTESIAN_POINT('',(-0.0263013200112664,-0.00761188236214327,0.00343906308796172));
#2393=CARTESIAN_POINT('',(-0.0233070205173391,-0.00764369876177168,0.00369450602809158));
#2394=CARTESIAN_POINT('',(-0.0213085003197193,-0.00788281206041575,0.00383007362855019));
#2395=CARTESIAN_POINT('',(-0.0213085003197193,-0.00788281206041574,0.00383007362855018));
#2396=CARTESIAN_POINT('',(-0.0213085003197193,-0.00788281206041574,-0.0127));
#2397=CARTESIAN_POINT('',(-0.0213085003197193,-0.00788281206041575,0.0115101706832164));
#2398=CARTESIAN_POINT('',(-0.0323827799821795,-0.0101359461264117,0.0171946347902836));
#2399=CARTESIAN_POINT('',(-0.0320014997286891,-0.00985808753851309,0.0169217183429475));
#2400=CARTESIAN_POINT('',(-0.0312180659393789,-0.00935855953308979,0.0163631406247473));
#2401=CARTESIAN_POINT('',(-0.0299909735654548,-0.00876533399062902,0.015474918393334));
#2402=CARTESIAN_POINT('',(-0.0287005266589096,-0.00830827575657864,0.0145874648059461));
#2403=CARTESIAN_POINT('',(-0.0268552025574136,-0.00786357107288962,0.0136065380794468));
#2404=CARTESIAN_POINT('',(-0.0243756509164255,-0.00763487523244964,0.0125387687260671));
#2405=CARTESIAN_POINT('',(-0.0223341976590201,-0.00776009116155228,0.0118351275983673));
#2406=CARTESIAN_POINT('',(-0.0213085003197193,-0.00788281206041575,0.0115101706832164));
#2407=CARTESIAN_POINT('',(-0.0323827799821795,-0.0101359461264117,0.0171946347902837));
#2408=CARTESIAN_POINT('',(-0.0323827799821795,-0.0101359461264117,0.0171946347902837));
#2409=CARTESIAN_POINT('',(-0.0326685917525481,-0.0103442319062082,0.0174374795385974));
#2410=CARTESIAN_POINT('',(-0.0332346151059466,-0.0107959070242026,0.0178760292638137));
#2411=CARTESIAN_POINT('',(-0.0339497047174286,-0.0114882630944115,0.0182833924935797));
#2412=CARTESIAN_POINT('',(-0.0345167158041866,-0.0121284722484161,0.0184091508682976));
#2413=CARTESIAN_POINT('',(-0.0349311287193257,-0.012649163743734,0.0183207378654401));
#2414=CARTESIAN_POINT('',(-0.0352270176726618,-0.0130605763247865,0.0178592266661325));
#2415=CARTESIAN_POINT('',(-0.0352730751037597,-0.0131285283714533,0.0174158403114762));
#2416=CARTESIAN_POINT('',(-0.0352730751037598,-0.0131285283714533,0.017197623079623));
#2417=CARTESIAN_POINT('',(0.0120641253888607,-0.00788281206041574,-0.0127));
#2418=CARTESIAN_POINT('',(-0.0213085003197193,-0.00788281206041575,0.00383007362855019));
#2419=CARTESIAN_POINT('',(-0.0213085003197193,-0.00788281206041575,0.00382098883610147));
#2420=CARTESIAN_POINT('',(-0.0213082278559504,-0.00788281206041574,0.00381191223883378));
#2421=CARTESIAN_POINT('',(-0.0213076813019337,-0.00788281206041574,0.00380284388566847));
#2422=CARTESIAN_POINT('',(-0.0213076813019337,-0.00788281206041575,0.00380284388566847));
#2423=CARTESIAN_POINT('',(-0.0213076813019337,-0.00788281206041573,0.00380284388566847));
#2424=CARTESIAN_POINT('',(-0.0101228364112222,-0.00788281206041573,0.00448661657823835));
#2425=CARTESIAN_POINT('',(0.00668790916541741,-0.00788281206041574,0.00443437520669317));
#2426=CARTESIAN_POINT('',(0.0289696121841069,-0.00788281206041577,0.00198680795622363));
#2427=CARTESIAN_POINT('',(0.0399673299211454,-0.00788281206041574,-4.10111601450475E-5));
#2428=CARTESIAN_POINT('',(0.0454367510974407,-0.00788281206041574,-0.00126081138276269));
#2429=CARTESIAN_POINT('',(0.0454367510974407,-0.00788281206041573,-0.00126081138276269));
#2430=CARTESIAN_POINT('',(0.0454367510974407,-0.00788281206041573,-0.0127));
#2431=CARTESIAN_POINT('',(0.0454367510974407,-0.00788281206041573,0.00678426267880645));
#2432=CARTESIAN_POINT('',(0.0124897568084968,-0.00788281206041574,0.00747919984478966));
#2433=CARTESIAN_POINT('',(0.00334756169468161,-0.00788281206041575,0.00767203234136105));
#2434=CARTESIAN_POINT('',(-0.00843482641503229,-0.00788281206041576,0.0145004629157483));
#2435=CARTESIAN_POINT('',(0.0454367510974407,-0.00788281206041573,-0.00863280793068351));
#2436=CARTESIAN_POINT('',(0.0454367510974407,-0.00788281206041573,0.00687621339814734));
#2437=CARTESIAN_POINT('',(0.0520311407744884,-0.00788281206041573,-0.00863280793068351));
#2438=CARTESIAN_POINT('',(0.0520311407744884,-0.00788281206041573,0.00687621339814734));
#2439=CARTESIAN_POINT('',(0.0598155359427134,-0.0111818747069438,-0.00863280793068351));
#2440=CARTESIAN_POINT('',(0.0598155359427134,-0.0111818747069438,0.00687621339814734));
#2441=CARTESIAN_POINT('',(0.0687899366021156,-0.01778,-0.00863280793068351));
#2442=CARTESIAN_POINT('',(0.0687899366021156,-0.01778,0.00687621339814734));
#2443=CARTESIAN_POINT('',(0.0454367510974407,-0.00788281206041573,-0.00126081138276268));
#2444=CARTESIAN_POINT('',(0.0465044131164452,-0.00788281362606922,-0.00154480676523217));
#2445=CARTESIAN_POINT('',(0.0486570122909034,-0.00805880146385227,-0.00213255740110726));
#2446=CARTESIAN_POINT('',(0.0528151758221287,-0.00896394667320408,-0.00331856844443135));
#2447=CARTESIAN_POINT('',(0.0598411207419336,-0.0117058165319398,-0.00544734551324106));
#2448=CARTESIAN_POINT('',(0.0652481026253809,-0.0151828148107141,-0.00728783887237815));
#2449=CARTESIAN_POINT('',(0.0686926531908121,-0.0177085706974532,-0.00854085721134262));
#2450=CARTESIAN_POINT('',(0.0686926531908121,-0.0177085706974532,-0.00854085721134261));
#2451=CARTESIAN_POINT('',(0.0686926531908121,-0.0177085706974532,-0.00854085721134261));
#2452=CARTESIAN_POINT('',(0.06875933874165,-0.0177574686362089,-0.00830049931116912));
#2453=CARTESIAN_POINT('',(0.0687899366021156,-0.01778,-0.00805286979480526));
#2454=CARTESIAN_POINT('',(0.0687899366021156,-0.01778,-0.00779905792703887));
#2455=CARTESIAN_POINT('',(0.0687899366021156,-0.01778,-0.00278024835298657));
#2456=CARTESIAN_POINT('',(0.0687899366021156,-0.01778,-0.00178774516185957));
#2457=CARTESIAN_POINT('',(0.0683438127268464,-0.017450004720557,0.000128730136226131));
#2458=CARTESIAN_POINT('',(0.0668337038676087,-0.0163695495726752,0.00246679751502817));
#2459=CARTESIAN_POINT('',(0.0648323320354846,-0.0150162915607664,0.0041706676717071));
#2460=CARTESIAN_POINT('',(0.0633009339991827,-0.0140563052050708,0.00491508795821934));
#2461=CARTESIAN_POINT('',(0.0624931456772111,-0.0135750679247404,0.00520260792424901));
#2462=CARTESIAN_POINT('',(0.0624930807344506,-0.0135750292353525,0.00520236071088035));
#2463=CARTESIAN_POINT('',(0.0624930789868625,-0.0135750281942354,0.00520236136989808));
#2464=CARTESIAN_POINT('',(0.0610284120577864,-0.012702459998933,0.00575468906828956));
#2465=CARTESIAN_POINT('',(0.0579776716795792,-0.0110397037837946,0.00641461653076681));
#2466=CARTESIAN_POINT('',(0.054666569150506,-0.00968664037757687,0.00658958198823766));
#2467=CARTESIAN_POINT('',(0.0529649723973852,-0.00914756597650597,0.00662547305662737));
#2468=CARTESIAN_POINT('',(0.0529649723973852,-0.00914756597650596,0.00662547305662737));
#2469=CARTESIAN_POINT('',(0.0454367510974407,-0.00788281206041573,0.00678426267880645));
#2470=CARTESIAN_POINT('',(0.0480251621877552,-0.00788281206041573,0.00672966640663281));
#2471=CARTESIAN_POINT('',(0.0505216195770574,-0.00837349952638648,0.0066770096754025));
#2472=CARTESIAN_POINT('',(0.0529649723973852,-0.00914756597650597,0.00662547305662737));
#2473=CARTESIAN_POINT('',(0.0842793760774665,-0.0160909289158581,-0.0101599999999972));
#2474=CARTESIAN_POINT('',(0.0842793760774665,-0.0160909289158581,-0.00841494244210893));
#2475=CARTESIAN_POINT('',(0.0859182662970959,-0.0156681042907492,-0.0101599999999972));
#2476=CARTESIAN_POINT('',(0.0859182662970959,-0.0156681042907492,-0.00841494244210893));
#2477=CARTESIAN_POINT('',(0.0874445671133975,-0.0151658955006057,-0.0101599999999972));
#2478=CARTESIAN_POINT('',(0.0874445671133975,-0.0151658955006057,-0.00841494244210893));
#2479=CARTESIAN_POINT('',(0.0888582785263711,-0.0145843025454274,-0.0101599999999972));
#2480=CARTESIAN_POINT('',(0.0888582785263711,-0.0145843025454274,-0.00841494244210893));
#2481=CARTESIAN_POINT('',(0.0843085144257686,-0.0160833999483883,-0.0101599999999942));
#2482=CARTESIAN_POINT('',(0.0846342634784011,-0.0159991027252976,-0.0100242712280605));
#2483=CARTESIAN_POINT('',(0.0851995442531962,-0.015843265127783,-0.00953876030690077));
#2484=CARTESIAN_POINT('',(0.0853570895966108,-0.0157967974581121,-0.00878346940354582));
#2485=CARTESIAN_POINT('',(0.0853110209817021,-0.0158100201063099,-0.0084253503400685));
#2486=CARTESIAN_POINT('',(0.0843085144257687,-0.0160833999483882,-0.0101599999999944));
#2487=CARTESIAN_POINT('',(0.085311020981702,-0.0158100201063099,-0.0084253503400685));
#2488=CARTESIAN_POINT('',(0.0843085144257687,-0.0160833999483882,-0.01016));
#2489=CARTESIAN_POINT('',(0.0858444096483776,-0.0156859415331515,-0.01016));
#2490=CARTESIAN_POINT('',(0.087355745551941,-0.0152008667351053,-0.01016));
#2491=CARTESIAN_POINT('',(0.0888331215887166,-0.0145946387127857,-0.01016));
#2492=CARTESIAN_POINT('',(0.0888331215887152,-0.0145946387127863,-0.0101599999999909));
#2493=CARTESIAN_POINT('',(0.0888331215887152,-0.0145946387127862,-0.0101599999999909));
#2494=CARTESIAN_POINT('',(0.0876832503388893,-0.015066478079577,-0.0095834628857877));
#2495=CARTESIAN_POINT('',(0.0865039113043455,-0.0154676358365389,-0.00899714587325489));
#2496=CARTESIAN_POINT('',(0.085311020981702,-0.0158100201063099,-0.00842535034006853));
#2497=CARTESIAN_POINT('',(0.0687899366021156,0.01778,-0.01016));
#2498=CARTESIAN_POINT('',(0.0687899366021156,0.01778,-0.00273596984310449));
#2499=CARTESIAN_POINT('',(0.0742285498978061,0.01778,-0.01016));
#2500=CARTESIAN_POINT('',(0.0742285498978061,0.01778,-0.00273596984310449));
#2501=CARTESIAN_POINT('',(0.079002609453467,0.0173114386415275,-0.01016));
#2502=CARTESIAN_POINT('',(0.079002609453467,0.0173114386415275,-0.00273596984310449));
#2503=CARTESIAN_POINT('',(0.0831121152690984,0.0163743159245824,-0.01016));
#2504=CARTESIAN_POINT('',(0.0831121152690984,0.0163743159245824,-0.00273596984310449));
#2505=CARTESIAN_POINT('',(0.0827797135815548,0.0164487753880134,-0.00724786418139017));
#2506=CARTESIAN_POINT('',(0.082283689130206,0.0165579036654568,-0.00756724724709286));
#2507=CARTESIAN_POINT('',(0.0816704981481281,0.016678325800183,-0.00881881965536487));
#2508=CARTESIAN_POINT('',(0.0824920681923708,0.0165146622504473,-0.00993231406941496));
#2509=CARTESIAN_POINT('',(0.0830385144257345,0.0163910335250749,-0.0101599999999916));
#2510=CARTESIAN_POINT('',(0.0827797135815547,0.0164487753880134,-0.00724786418139013));
#2511=CARTESIAN_POINT('',(0.0830385144257345,0.0163910335250749,-0.0101599999999917));
#2512=CARTESIAN_POINT('',(0.0830385144257345,0.0163910335250749,-0.01016));
#2513=CARTESIAN_POINT('',(0.0806608027841913,0.0169289701812352,-0.01016));
#2514=CARTESIAN_POINT('',(0.0782515473733208,0.0172720606292576,-0.01016));
#2515=CARTESIAN_POINT('',(0.0758215717565023,0.0174871621385175,-0.01016));
#2516=CARTESIAN_POINT('',(0.0758215717565023,0.0174871621385175,-0.01016));
#2517=CARTESIAN_POINT('',(0.0758215717565023,0.0174871621385174,-0.01016));
#2518=CARTESIAN_POINT('',(0.0757803503360659,0.0174908110598022,-0.0101460740612363));
#2519=CARTESIAN_POINT('',(0.0757391260911018,0.0174944218494428,-0.010132144426996));
#2520=CARTESIAN_POINT('',(0.0756978990382103,0.0174979947589812,-0.0101182111277058));
#2521=CARTESIAN_POINT('',(0.0756978990382103,0.0174979947589812,-0.0101182111277058));
#2522=CARTESIAN_POINT('',(0.0756978990382103,0.0174979947589812,-0.0101182111277058));
#2523=CARTESIAN_POINT('',(0.075987790921294,0.0174728715109797,-0.00997598063257672));
#2524=CARTESIAN_POINT('',(0.0764838961973627,0.0174257994195355,-0.00951528445027344));
#2525=CARTESIAN_POINT('',(0.0767168629757319,0.0174016302441395,-0.00852006615488956));
#2526=CARTESIAN_POINT('',(0.0763573445532747,0.0174384868769664,-0.00757008829468591));
#2527=CARTESIAN_POINT('',(0.0755324529900097,0.0175144617300751,-0.00697955250275683));
#2528=CARTESIAN_POINT('',(0.0745176267494386,0.0175923884710763,-0.00694623767515517));
#2529=CARTESIAN_POINT('',(0.0736542999264522,0.0176459716502285,-0.00748382478063466));
#2530=CARTESIAN_POINT('',(0.0732356341278693,0.0176679777906269,-0.00840969365514319));
#2531=CARTESIAN_POINT('',(0.0733478911183362,0.0176622401265861,-0.00908013403254693));
#2532=CARTESIAN_POINT('',(0.0734919173652286,0.0176542314844413,-0.00937021351022039));
#2533=CARTESIAN_POINT('',(0.0734919173652141,0.0176542314844419,-0.00937021351022652));
#2534=CARTESIAN_POINT('',(0.0734919173652211,0.0176542314844418,-0.00937021351020559));
#2535=CARTESIAN_POINT('',(0.0719306534912459,0.0177410462416817,-0.00883918218231099));
#2536=CARTESIAN_POINT('',(0.0703648511377729,0.01778,-0.00831077618172866));
#2537=CARTESIAN_POINT('',(0.0687899366021156,0.01778,-0.00779905792703887));
#2538=CARTESIAN_POINT('',(0.0687899366021156,0.01778,-0.00779905792703887));
#2539=CARTESIAN_POINT('',(0.0687899366021156,0.01778,-0.0127));
#2540=CARTESIAN_POINT('',(0.0687899366021156,0.01778,-0.00278024835298657));
#2541=CARTESIAN_POINT('',(0.0687899366021156,0.01778,-0.00278024835298656));
#2542=CARTESIAN_POINT('',(0.0718502878270177,0.01778,-0.00329028786425763));
#2543=CARTESIAN_POINT('',(0.0748170805782587,0.0176353951200809,-0.00412255997930826));
#2544=CARTESIAN_POINT('',(0.0777141677454441,0.0172916455044718,-0.00517655566630082));
#2545=CARTESIAN_POINT('',(0.0777141677454444,0.0172916455044718,-0.0051765556662997));
#2546=CARTESIAN_POINT('',(0.0777141677454445,0.0172916455044717,-0.00517655566629974));
#2547=CARTESIAN_POINT('',(0.077648790603069,0.017299402733117,-0.00555034994777146));
#2548=CARTESIAN_POINT('',(0.0777870070236287,0.0172837705512588,-0.00634325041283671));
#2549=CARTESIAN_POINT('',(0.0786989309438736,0.0171702768136162,-0.00712676077549718));
#2550=CARTESIAN_POINT('',(0.0798913597379555,0.016995719506231,-0.00715651631397444));
#2551=CARTESIAN_POINT('',(0.0805212675644647,0.0168885534006526,-0.0066758040716812));
#2552=CARTESIAN_POINT('',(0.080727314359643,0.0168525727902977,-0.00635681929107439));
#2553=CARTESIAN_POINT('',(0.080727314359643,0.0168525727902977,-0.00635681929107434));
#2554=CARTESIAN_POINT('',(0.080727314359643,0.0168525727902977,-0.00635681929107433));
#2555=CARTESIAN_POINT('',(0.0814182464859548,0.0167319198114584,-0.00664570576544227));
#2556=CARTESIAN_POINT('',(0.0821021721357825,0.0165978384647883,-0.00694345501771059));
#2557=CARTESIAN_POINT('',(0.0827797135815547,0.0164487753880134,-0.00724786418139013));
#2558=CARTESIAN_POINT('',(0.0454367510974407,0.00788281206041575,-0.00863280793068348));
#2559=CARTESIAN_POINT('',(0.0454367510974407,0.00788281206041575,0.00687621339814734));
#2560=CARTESIAN_POINT('',(0.0520311407744884,0.00788281206041575,-0.00863280793068348));
#2561=CARTESIAN_POINT('',(0.0520311407744884,0.00788281206041575,0.00687621339814734));
#2562=CARTESIAN_POINT('',(0.0598155359427134,0.0111818747069438,-0.00863280793068348));
#2563=CARTESIAN_POINT('',(0.0598155359427134,0.0111818747069438,0.00687621339814734));
#2564=CARTESIAN_POINT('',(0.0687899366021156,0.01778,-0.00863280793068348));
#2565=CARTESIAN_POINT('',(0.0687899366021156,0.01778,0.00687621339814734));
#2566=CARTESIAN_POINT('',(0.0687899366021156,0.01778,-0.00779905792703887));
#2567=CARTESIAN_POINT('',(0.0687899366021156,0.01778,-0.00805286979480526));
#2568=CARTESIAN_POINT('',(0.06875933874165,0.0177574686362089,-0.0083004993111691));
#2569=CARTESIAN_POINT('',(0.0686926531908121,0.0177085706974532,-0.00854085721134259));
#2570=CARTESIAN_POINT('',(0.068692653190812,0.0177085706974532,-0.00854085721134259));
#2571=CARTESIAN_POINT('',(0.068692653190812,0.0177085706974532,-0.00854085721134259));
#2572=CARTESIAN_POINT('',(0.0652481026664561,0.0151828148408329,-0.00728783888732));
#2573=CARTESIAN_POINT('',(0.0598350827547747,0.0117044967107679,-0.00544549662138727));
#2574=CARTESIAN_POINT('',(0.0518215331184815,0.0085744508661281,-0.00301753904669522));
#2575=CARTESIAN_POINT('',(0.0475833871809193,0.00788281206041575,-0.00183181139641313));
#2576=CARTESIAN_POINT('',(0.0454367510974407,0.00788281206041575,-0.00126081138276269));
#2577=CARTESIAN_POINT('',(0.0454367510974407,0.00788281206041575,-0.00126081138276269));
#2578=CARTESIAN_POINT('',(0.0454367510974407,0.00788281206041575,-0.0127));
#2579=CARTESIAN_POINT('',(0.0454367510974407,0.00788281206041574,0.00678426267880645));
#2580=CARTESIAN_POINT('',(0.0454367510974407,0.00788281206041575,0.00678426267880645));
#2581=CARTESIAN_POINT('',(0.0480251621877626,0.00788281206041575,0.00672966640663265));
#2582=CARTESIAN_POINT('',(0.0505216195770719,0.00837349952638926,0.00667700967540219));
#2583=CARTESIAN_POINT('',(0.0529649723974064,0.00914756597651271,0.00662547305662692));
#2584=CARTESIAN_POINT('',(0.0529649723974064,0.00914756597651269,0.00662547305662693));
#2585=CARTESIAN_POINT('',(0.0529649723974076,0.009147565976506,0.0066254730566269));
#2586=CARTESIAN_POINT('',(0.0546668764950172,0.00968673774585631,0.00658957550554847));
#2587=CARTESIAN_POINT('',(0.0579384522626522,0.0110210346111682,0.0064199898622052));
#2588=CARTESIAN_POINT('',(0.0610301857062463,0.0127035166413717,0.0057540202232763));
#2589=CARTESIAN_POINT('',(0.0624930789868625,0.0135750281942354,0.00520236136989808));
#2590=CARTESIAN_POINT('',(0.0624931456772111,0.0135750679247405,0.00520260792424901));
#2591=CARTESIAN_POINT('',(0.0624931456772111,0.0135750679247405,0.00520260792424901));
#2592=CARTESIAN_POINT('',(0.0633007281481165,0.0140561825695217,0.00491516122803941));
#2593=CARTESIAN_POINT('',(0.0648232643135795,0.0150104461554233,0.00417642616142411));
#2594=CARTESIAN_POINT('',(0.0668314945635006,0.0163679385006464,0.00246898415506305));
#2595=CARTESIAN_POINT('',(0.0683397793534473,0.0174470910194702,0.000139452027404879));
#2596=CARTESIAN_POINT('',(0.0687899366021156,0.01778,-0.00178822003590731));
#2597=CARTESIAN_POINT('',(0.0687899366021156,0.01778,-0.00278024835298657));
#2598=CARTESIAN_POINT('',(0.0120641253888607,0.00788281206041574,-0.0127));
#2599=CARTESIAN_POINT('',(0.0454367510974407,0.00788281206041574,-0.00126081138276268));
#2600=CARTESIAN_POINT('',(0.0399673299211454,0.00788281206041574,-4.1011160145046E-5));
#2601=CARTESIAN_POINT('',(0.0289696121841069,0.00788281206041573,0.00198680795622363));
#2602=CARTESIAN_POINT('',(0.00668790916541741,0.00788281206041576,0.00443437520669317));
#2603=CARTESIAN_POINT('',(-0.0101228364112222,0.00788281206041574,0.00448661657823835));
#2604=CARTESIAN_POINT('',(-0.0213076813019337,0.00788281206041574,0.00380284388566847));
#2605=CARTESIAN_POINT('',(-0.0213076813019337,0.00788281206041574,0.00380284388566847));
#2606=CARTESIAN_POINT('',(-0.0213076813019337,0.00788281206041574,0.00380284388566847));
#2607=CARTESIAN_POINT('',(-0.0213082278559504,0.00788281206041574,0.00381191223883378));
#2608=CARTESIAN_POINT('',(-0.0213085003197193,0.00788281206041574,0.00382098883610147));
#2609=CARTESIAN_POINT('',(-0.0213085003197193,0.00788281206041574,0.00383007362855019));
#2610=CARTESIAN_POINT('',(-0.0213085003197193,0.00788281206041574,0.00383007362855018));
#2611=CARTESIAN_POINT('',(-0.0213085003197193,0.00788281206041574,-0.0127));
#2612=CARTESIAN_POINT('',(-0.0213085003197193,0.00788281206041575,0.0115101706832164));
#2613=CARTESIAN_POINT('',(-0.00843482641503233,0.00788281206041574,0.0145004629157483));
#2614=CARTESIAN_POINT('',(0.00334756169468161,0.00788281206041575,0.00767203234136105));
#2615=CARTESIAN_POINT('',(0.0124897568084968,0.00788281206041574,0.00747919984478966));
#2616=CARTESIAN_POINT('',(-0.0352730751037598,0.0131285283714533,0.00251631675979198));
#2617=CARTESIAN_POINT('',(-0.0352730751037598,0.0131285283714533,0.0184794198802012));
#2618=CARTESIAN_POINT('',(-0.0323187733689944,0.00887098225454489,0.00251631675979198));
#2619=CARTESIAN_POINT('',(-0.0323187733689944,0.00887098225454489,0.0184794198802012));
#2620=CARTESIAN_POINT('',(-0.0276639151076476,0.00712241015086571,0.00251631675979198));
#2621=CARTESIAN_POINT('',(-0.0276639151076476,0.00712241015086571,0.0184794198802012));
#2622=CARTESIAN_POINT('',(-0.0213085003197193,0.00788281206041575,0.00251631675979198));
#2623=CARTESIAN_POINT('',(-0.0213085003197193,0.00788281206041575,0.0184794198802012));
#2624=CARTESIAN_POINT('',(-0.0213085003197193,0.00788281206041575,0.00383007362855019));
#2625=CARTESIAN_POINT('',(-0.0232748214385687,0.00764754899994616,0.0036966898599276));
#2626=CARTESIAN_POINT('',(-0.0262903334157802,0.00760892476930776,0.00344042295105321));
#2627=CARTESIAN_POINT('',(-0.030147050615955,0.00872298012471856,0.00297686231760157));
#2628=CARTESIAN_POINT('',(-0.0318840058109465,0.00974132949253873,0.00272823552265497));
#2629=CARTESIAN_POINT('',(-0.0326691810445784,0.0103515142351679,0.00261095966366792));
#2630=CARTESIAN_POINT('',(-0.0326691810445785,0.0103515142351679,0.00261095966366792));
#2631=CARTESIAN_POINT('',(-0.0326691810445938,0.0103515142351798,0.00261095966366563));
#2632=CARTESIAN_POINT('',(-0.0330310495197354,0.010632733780718,0.00275321490038693));
#2633=CARTESIAN_POINT('',(-0.0337023203662722,0.0112234031362158,0.00309405148719616));
#2634=CARTESIAN_POINT('',(-0.0345365449229562,0.0121349404014817,0.0038278357555255));
#2635=CARTESIAN_POINT('',(-0.035130128507954,0.012916578120251,0.00491758411573905));
#2636=CARTESIAN_POINT('',(-0.0352730751037598,0.0131285283714533,0.00586753838487711));
#2637=CARTESIAN_POINT('',(-0.0352730751037598,0.0131285283714533,0.00635249406923821));
#2638=CARTESIAN_POINT('',(-0.0352730751037598,0.0131285283714533,0.0063524940692382));
#2639=CARTESIAN_POINT('',(-0.0352730751037598,0.0131285283714533,-0.0127));
#2640=CARTESIAN_POINT('',(-0.0352730751037598,0.0131285283714533,0.017197623079623));
#2641=CARTESIAN_POINT('',(-0.0352730751037598,0.0131285283714533,0.017197623079623));
#2642=CARTESIAN_POINT('',(-0.0352730751037597,0.0131285283714533,0.0174150494001149));
#2643=CARTESIAN_POINT('',(-0.0352278685850079,0.0130618124590909,0.0178551009252046));
#2644=CARTESIAN_POINT('',(-0.034933743424163,0.0126527235206746,0.0183185493744836));
#2645=CARTESIAN_POINT('',(-0.0345226673695483,0.0121356704557063,0.0184090268831967));
#2646=CARTESIAN_POINT('',(-0.0339572627646512,0.0114960570166013,0.0182869928623889));
#2647=CARTESIAN_POINT('',(-0.0332371806028822,0.010797791172039,0.0178782472428994));
#2648=CARTESIAN_POINT('',(-0.0326689320752901,0.0103444799169451,0.0174377686995037));
#2649=CARTESIAN_POINT('',(-0.0323827799821796,0.0101359461264117,0.0171946347902837));
#2650=CARTESIAN_POINT('',(-0.0323827799821795,0.0101359461264117,0.0171946347902837));
#2651=CARTESIAN_POINT('',(-0.0323827799821796,0.0101359461264117,0.0171946347902837));
#2652=CARTESIAN_POINT('',(-0.0320014997286891,0.00985808753851313,0.0169217183429475));
#2653=CARTESIAN_POINT('',(-0.0312180659393789,0.00935855953308978,0.0163631406247473));
#2654=CARTESIAN_POINT('',(-0.0299909735654549,0.00876533399062907,0.015474918393334));
#2655=CARTESIAN_POINT('',(-0.0287005266589097,0.00830827575657867,0.0145874648059461));
#2656=CARTESIAN_POINT('',(-0.0268552025574136,0.0078635710728896,0.0136065380794468));
#2657=CARTESIAN_POINT('',(-0.0243756509164255,0.00763487523244965,0.0125387687260672));
#2658=CARTESIAN_POINT('',(-0.0223341976590201,0.00776009116155228,0.0118351275983673));
#2659=CARTESIAN_POINT('',(-0.0213085003197193,0.00788281206041575,0.0115101706832164));
#2660=CARTESIAN_POINT('',(-0.05715,0.01778,0.000767534502377031));
#2661=CARTESIAN_POINT('',(-0.05715,0.01778,0.0252346266179695));
#2662=CARTESIAN_POINT('',(-0.04704751756112,0.01778,0.000767534502377031));
#2663=CARTESIAN_POINT('',(-0.04704751756112,0.01778,0.0252346266179695));
#2664=CARTESIAN_POINT('',(-0.0397552092623733,0.0162295094571511,0.000767534502377031));
#2665=CARTESIAN_POINT('',(-0.0397552092623733,0.0162295094571511,0.0252346266179695));
#2666=CARTESIAN_POINT('',(-0.0352730751037598,0.0131285283714533,0.000767534502377031));
#2667=CARTESIAN_POINT('',(-0.0352730751037598,0.0131285283714533,0.0252346266179695));
#2668=CARTESIAN_POINT('',(-0.0378890493903971,0.0146162768777122,0.00615857653523872));
#2669=CARTESIAN_POINT('',(-0.0393604964647748,0.0153045729308553,0.00598013934642483));
#2670=CARTESIAN_POINT('',(-0.0409101962672483,0.0158240490689328,0.00574552728559901));
#2671=CARTESIAN_POINT('',(-0.0424566106850104,0.0162280598290983,0.00545795208237244));
#2672=CARTESIAN_POINT('',(-0.0378890493903971,0.0146162768777122,0.00615857653523871));
#2673=CARTESIAN_POINT('',(-0.0424566106850104,0.0162280598290983,0.00545795208237244));
#2674=CARTESIAN_POINT('',(-0.0424566106850104,0.0162280598290983,0.00545795208237247));
#2675=CARTESIAN_POINT('',(-0.0418591628504938,0.016071972721393,0.00576821410436826));
#2676=CARTESIAN_POINT('',(-0.0407573364848493,0.0157478226311146,0.0065850482267101));
#2677=CARTESIAN_POINT('',(-0.0395998129323939,0.0153368101911757,0.00829797460308944));
#2678=CARTESIAN_POINT('',(-0.0391631857068501,0.0151632627518226,0.0103901758975721));
#2679=CARTESIAN_POINT('',(-0.0396228607875512,0.0153458308709079,0.0124681513327815));
#2680=CARTESIAN_POINT('',(-0.0408028702922373,0.0157623080152434,0.0141757956531103));
#2681=CARTESIAN_POINT('',(-0.0430151609253606,0.0164112225195033,0.0157829305746849));
#2682=CARTESIAN_POINT('',(-0.046539652711289,0.0171273849584916,0.0163467623851271));
#2683=CARTESIAN_POINT('',(-0.0504074933697539,0.0175344284729762,0.0142275986419821));
#2684=CARTESIAN_POINT('',(-0.0518391089417621,0.0176174082218091,0.00996646592558141));
#2685=CARTESIAN_POINT('',(-0.0498792282393747,0.017495639008012,0.00595001035918708));
#2686=CARTESIAN_POINT('',(-0.0471676594663408,0.0171745330608002,0.00484015736676489));
#2687=CARTESIAN_POINT('',(-0.0458020778987114,0.0169415318805355,0.00475232584770863));
#2688=CARTESIAN_POINT('',(-0.0458020778987114,0.0169415318805355,0.00475232584770869));
#2689=CARTESIAN_POINT('',(-0.0458020778987114,0.0169415318805355,0.00475232584770869));
#2690=CARTESIAN_POINT('',(-0.0477211319684401,0.017268968830358,0.00429838039558441));
#2691=CARTESIAN_POINT('',(-0.0515854937005477,0.0176808013460769,0.00320793585265096));
#2692=CARTESIAN_POINT('',(-0.0553214865474131,0.01778,0.00174597565081549));
#2693=CARTESIAN_POINT('',(-0.05715,0.01778,0.000912596313339064));
#2694=CARTESIAN_POINT('',(-0.05715,0.01778,0.000912596313339077));
#2695=CARTESIAN_POINT('',(-0.05715,0.01778,-0.0127));
#2696=CARTESIAN_POINT('',(-0.05715,0.01778,0.0250895648070074));
#2697=CARTESIAN_POINT('',(-0.05715,0.01778,0.0250895648070075));
#2698=CARTESIAN_POINT('',(-0.0561444156361346,0.01778,0.0250895636773852));
#2699=CARTESIAN_POINT('',(-0.0541075816383219,0.0177484270829359,0.0249725857296569));
#2700=CARTESIAN_POINT('',(-0.0501573724169286,0.0175444899070949,0.0243092444609135));
#2701=CARTESIAN_POINT('',(-0.0453096193963345,0.0169736087763713,0.0227179986474944));
#2702=CARTESIAN_POINT('',(-0.0409101980022736,0.0158893750114347,0.0205124016070363));
#2703=CARTESIAN_POINT('',(-0.0375883144085273,0.0145388310838362,0.0185975627446827));
#2704=CARTESIAN_POINT('',(-0.0360134921213771,0.013640788622019,0.0176454757211997));
#2705=CARTESIAN_POINT('',(-0.0352730751037598,0.0131285283714533,0.017197623079623));
#2706=CARTESIAN_POINT('',(-0.0352730751037598,0.0131285283714533,0.00635249406923821));
#2707=CARTESIAN_POINT('',(-0.0360993964296322,0.0137002218352276,0.00632351213123948));
#2708=CARTESIAN_POINT('',(-0.0369801839389132,0.0141911385808699,0.00626879143796733));
#2709=CARTESIAN_POINT('',(-0.0378890493903971,0.0146162768777122,0.00615857653523871));
#2710=CARTESIAN_POINT('',(-0.079375,0.01778,-0.0127));
#2711=CARTESIAN_POINT('',(-0.0752577808453695,0.01778,-0.00456016519311887));
#2712=CARTESIAN_POINT('',(-0.075927713020418,0.01778,-0.00189193052618249));
#2713=CARTESIAN_POINT('',(-0.0767269489244583,0.01778,0.000758054612929796));
#2714=CARTESIAN_POINT('',(-0.0777181353125185,0.01778,0.00331793256268527));
#2715=CARTESIAN_POINT('',(-0.0752577808453696,0.01778,-0.00456016519311888));
#2716=CARTESIAN_POINT('',(-0.0777181353125185,0.01778,0.00331793256268527));
#2717=CARTESIAN_POINT('',(-0.0763814372357176,0.01778,0.00721289751581532));
#2718=CARTESIAN_POINT('',(-0.0738205032766813,0.01778,0.0039881291532675));
#2719=CARTESIAN_POINT('',(-0.0697312876582146,0.01778,0.00719017954543233));
#2720=CARTESIAN_POINT('',(-0.0737985306611234,0.01778,0.010420093699642));
#2721=CARTESIAN_POINT('',(-0.0763814372357176,0.01778,0.00721289751581532));
#2722=CARTESIAN_POINT('',(-0.0802142294390597,0.01778,0.00871862579828681));
#2723=CARTESIAN_POINT('',(-0.0802142294390597,0.01778,0.00871862579828682));
#2724=CARTESIAN_POINT('',(-0.0809785451081824,0.01778,0.0101041528825709));
#2725=CARTESIAN_POINT('',(-0.0827048805272266,0.01778,0.0128079640043646));
#2726=CARTESIAN_POINT('',(-0.0858423786319179,0.01778,0.0163421580251925));
#2727=CARTESIAN_POINT('',(-0.0896653995369074,0.01778,0.0192877853400531));
#2728=CARTESIAN_POINT('',(-0.0924895006325902,0.01778,0.0206486360710713));
#2729=CARTESIAN_POINT('',(-0.09398,0.01778,0.0211797039840059));
#2730=CARTESIAN_POINT('',(-0.09398,0.01778,0.0211797039840059));
#2731=CARTESIAN_POINT('',(-0.09398,0.01778,0.0250895648070074));
#2732=CARTESIAN_POINT('',(-0.09398,0.01778,0.0250895648070074));
#2733=CARTESIAN_POINT('',(-0.079375,0.01778,0.0250895648070074));
#2734=CARTESIAN_POINT('',(-0.05715,0.01778,0.00091259631333908));
#2735=CARTESIAN_POINT('',(-0.0600172843043196,0.01778,-0.000511451871834038));
#2736=CARTESIAN_POINT('',(-0.0627454453283843,0.01778,-0.00218777833450135));
#2737=CARTESIAN_POINT('',(-0.0652878965687126,0.01778,-0.00412695328148561));
#2738=CARTESIAN_POINT('',(-0.0652878965687126,0.01778,-0.00412695328148564));
#2739=CARTESIAN_POINT('',(-0.0652878965687126,0.01778,-0.00412695328148564));
#2740=CARTESIAN_POINT('',(-0.0660012071103182,0.01778,-0.0041842068678783));
#2741=CARTESIAN_POINT('',(-0.0667147301586796,0.01778,-0.00423673910221807));
#2742=CARTESIAN_POINT('',(-0.0674284885379058,0.01778,-0.00428404289166531));
#2743=CARTESIAN_POINT('',(-0.0674284885379058,0.01778,-0.00428404289166531));
#2744=CARTESIAN_POINT('',(-0.0685863196849823,0.01778,-0.005461));
#2745=CARTESIAN_POINT('',(-0.0698714856665643,0.01778,-0.00442458820935675));
#2746=CARTESIAN_POINT('',(-0.0698714856665643,0.01778,-0.00442458820935688));
#2747=CARTESIAN_POINT('',(-0.0716650555879799,0.01778,-0.00451142650416815));
#2748=CARTESIAN_POINT('',(-0.0734606317989129,0.01778,-0.00456144670748171));
#2749=CARTESIAN_POINT('',(-0.0752577808453696,0.01778,-0.00456016519311887));
#2750=CARTESIAN_POINT('',(-0.0646375972706142,0.009652,-0.0122288971731016));
#2751=CARTESIAN_POINT('',(-0.0646375972706142,-0.00965199999999999,-0.0122288971731016));
#2752=CARTESIAN_POINT('',(-0.0695409170886994,0.009652,-0.0126224601844981));
#2753=CARTESIAN_POINT('',(-0.0695409170886994,-0.00965199999999999,-0.0126224601844981));
#2754=CARTESIAN_POINT('',(-0.0739536799916593,0.009652,-0.0127630927018095));
#2755=CARTESIAN_POINT('',(-0.0739536799916593,-0.00965199999999999,-0.0127630927018095));
#2756=CARTESIAN_POINT('',(-0.077875885979494,0.009652,-0.0126507947250359));
#2757=CARTESIAN_POINT('',(-0.077875885979494,-0.00965199999999999,-0.0126507947250359));
#2758=CARTESIAN_POINT('',(-0.0646375972705936,0.01778,-0.0122288971730999));
#2759=CARTESIAN_POINT('',(-0.0646375972705936,0.009652,-0.0122288971730999));
#2760=CARTESIAN_POINT('',(-0.0646375972705936,-0.009652,-0.0122288971730999));
#2761=CARTESIAN_POINT('',(-0.0646375972705936,-0.009652,-0.0122288971730999));
#2762=CARTESIAN_POINT('',(-0.0690417005576351,-0.009652,-0.0125823907685526));
#2763=CARTESIAN_POINT('',(-0.0734582729050746,-0.009652,-0.0127772768659444));
#2764=CARTESIAN_POINT('',(-0.0778758859794921,-0.009652,-0.0126507947250359));
#2765=CARTESIAN_POINT('',(-0.0778758859794921,-0.009652,-0.0126507947250359));
#2766=CARTESIAN_POINT('',(-0.0778758859794921,-0.01778,-0.0126507947250359));
#2767=CARTESIAN_POINT('',(-0.0778758859794921,0.009652,-0.0126507947250359));
#2768=CARTESIAN_POINT('',(-0.0778758859794921,0.009652,-0.0126507947250359));
#2769=CARTESIAN_POINT('',(-0.0734582729050746,0.009652,-0.0127772768659445));
#2770=CARTESIAN_POINT('',(-0.069041700557635,0.009652,-0.0125823907685531));
#2771=CARTESIAN_POINT('',(-0.0646375972705935,0.009652,-0.0122288971730999));
#2772=CARTESIAN_POINT('',(-0.0397580814770212,0.00965200000000142,-0.00181539781535106));
#2773=CARTESIAN_POINT('',(-0.0397580814770212,-0.009652,-0.00181539781535106));
#2774=CARTESIAN_POINT('',(-0.0479414833635525,0.00965200000000142,-0.00343159793677341));
#2775=CARTESIAN_POINT('',(-0.0479414833635525,-0.009652,-0.00343159793677341));
#2776=CARTESIAN_POINT('',(-0.0548083395349513,0.00965200000000142,-0.00635636061308434));
#2777=CARTESIAN_POINT('',(-0.0548083395349513,-0.009652,-0.00635636061308434));
#2778=CARTESIAN_POINT('',(-0.0603586499912175,0.00965200000000142,-0.0105896858442838));
#2779=CARTESIAN_POINT('',(-0.0603586499912175,-0.009652,-0.0105896858442838));
#2780=CARTESIAN_POINT('',(-0.0397580814770212,0.0115941638381292,-0.00181539781535108));
#2781=CARTESIAN_POINT('',(-0.0397580814770212,0.00725393093831035,-0.00181539781535108));
#2782=CARTESIAN_POINT('',(-0.0397580814770212,-0.00725393093831035,-0.00181539781535108));
#2783=CARTESIAN_POINT('',(-0.0397580814770212,-0.00725393093831035,-0.00181539781535108));
#2784=CARTESIAN_POINT('',(-0.0408500467225441,-0.00782593043861735,-0.00203105804894021));
#2785=CARTESIAN_POINT('',(-0.043159414378915,-0.00861518695713975,-0.00254501621631091));
#2786=CARTESIAN_POINT('',(-0.0478341867595291,-0.00949352110625178,-0.00388102091252831));
#2787=CARTESIAN_POINT('',(-0.0513088445276269,-0.009652,-0.00526162079395294));
#2788=CARTESIAN_POINT('',(-0.0535345471118232,-0.009652,-0.00636702485904164));
#2789=CARTESIAN_POINT('',(-0.0535345471118232,-0.009652,-0.00636702485904164));
#2790=CARTESIAN_POINT('',(-0.0535345471118232,-0.009652,-0.00636702485904164));
#2791=CARTESIAN_POINT('',(-0.0559381142866342,-0.009652,-0.00756076608244894));
#2792=CARTESIAN_POINT('',(-0.0582242251244909,-0.009652,-0.00896172021720584));
#2793=CARTESIAN_POINT('',(-0.0603586499912172,-0.009652,-0.0105896858442837));
#2794=CARTESIAN_POINT('',(-0.0603586499912172,-0.009652,-0.0105896858442837));
#2795=CARTESIAN_POINT('',(-0.0603586499912172,-0.009652,-0.0105896858442837));
#2796=CARTESIAN_POINT('',(-0.0603586499912172,0.009652,-0.0105896858442837));
#2797=CARTESIAN_POINT('',(-0.0603586499912172,0.009652,-0.0105896858442837));
#2798=CARTESIAN_POINT('',(-0.0582242251244909,0.009652,-0.0089617202172058));
#2799=CARTESIAN_POINT('',(-0.0559381142866444,0.009652,-0.00756076608243182));
#2800=CARTESIAN_POINT('',(-0.0535345471118231,0.009652,-0.00636702485904162));
#2801=CARTESIAN_POINT('',(-0.0535345471118231,0.009652,-0.00636702485904162));
#2802=CARTESIAN_POINT('',(-0.0535345471118231,0.009652,-0.00636702485904162));
#2803=CARTESIAN_POINT('',(-0.0513088445276338,0.00965200000000156,-0.00526162079393581));
#2804=CARTESIAN_POINT('',(-0.0478341867595274,0.00949352110625152,-0.00388102091253216));
#2805=CARTESIAN_POINT('',(-0.0431594143789154,0.00861518695713972,-0.00254501621631014));
#2806=CARTESIAN_POINT('',(-0.040850046722544,0.00782593043861747,-0.00203105804894019));
#2807=CARTESIAN_POINT('',(-0.0397580814770212,0.00725393093831045,-0.00181539781535107));
#2808=CARTESIAN_POINT('',(-0.0917299911958078,0.00254,-0.00271286988301921));
#2809=CARTESIAN_POINT('',(-0.0917299911958078,-0.00254000000000001,-0.00271286988301921));
#2810=CARTESIAN_POINT('',(-0.093415773047825,0.00254,0.00183604183036849));
#2811=CARTESIAN_POINT('',(-0.093415773047825,-0.00254000000000001,0.00183604183036849));
#2812=CARTESIAN_POINT('',(-0.0954593646512608,0.00254,0.00482105237273974));
#2813=CARTESIAN_POINT('',(-0.0954593646512608,-0.00254000000000001,0.00482105237273974));
#2814=CARTESIAN_POINT('',(-0.0978607660061152,0.00254,0.00624216174409455));
#2815=CARTESIAN_POINT('',(-0.0978607660061152,-0.00254000000000001,0.00624216174409455));
#2816=CARTESIAN_POINT('',(-0.0917299911958064,-0.00254,-0.00271286988302306));
#2817=CARTESIAN_POINT('',(-0.0923715256828401,-0.00254,-0.00098175399806007));
#2818=CARTESIAN_POINT('',(-0.093495094220256,-0.00254000000000002,0.00154943456412414));
#2819=CARTESIAN_POINT('',(-0.0956563408412806,-0.00254000000000001,0.00454789972281575));
#2820=CARTESIAN_POINT('',(-0.0970713505611244,-0.00254000000000002,0.00577499881670514));
#2821=CARTESIAN_POINT('',(-0.0978607660061099,-0.00254000000000002,0.00624216174409147));
#2822=CARTESIAN_POINT('',(-0.0917299911958064,-0.00254,-0.00271286988302306));
#2823=CARTESIAN_POINT('',(-0.0978607660061099,-0.00254,0.00624216174409149));
#2824=CARTESIAN_POINT('',(-0.0978607660061099,-0.00254,0.00624216174409149));
#2825=CARTESIAN_POINT('',(-0.0978607660061099,0.00254,0.00624216174409147));
#2826=CARTESIAN_POINT('',(-0.0978607660061099,0.00254,0.00624216174409146));
#2827=CARTESIAN_POINT('',(-0.0970713505611243,0.00254,0.00577499881670512));
#2828=CARTESIAN_POINT('',(-0.0956563408412805,0.00254,0.00454789972281575));
#2829=CARTESIAN_POINT('',(-0.0934950942202561,0.00254,0.00154943456412412));
#2830=CARTESIAN_POINT('',(-0.0923715256828399,0.00254,-0.000981753998060005));
#2831=CARTESIAN_POINT('',(-0.0917299911958064,0.00254,-0.00271286988302307));
#2832=CARTESIAN_POINT('',(-0.0917299911958064,0.00254,-0.00271286988302306));
#2833=CARTESIAN_POINT('',(-0.0917299911958064,0.00254,-0.00271286988302306));
#2834=CARTESIAN_POINT('',(0.070662476298909,0.0141291238267687,-0.012480613521342));
#2835=CARTESIAN_POINT('',(0.070662476298909,-0.0141291238267687,-0.012480613521342));
#2836=CARTESIAN_POINT('',(0.0361873300967094,0.0141291238267687,-0.000246394651710419));
#2837=CARTESIAN_POINT('',(0.0361873300967094,-0.0141291238267687,-0.000246394651710419));
#2838=CARTESIAN_POINT('',(-0.000538146399935102,0.0141291238267687,0.00332201989704883));
#2839=CARTESIAN_POINT('',(-0.0005381463999351,-0.0141291238267687,0.00332201989704883));
#2840=CARTESIAN_POINT('',(-0.0395139531910245,0.0141291238267687,-0.00177536987506421));
#2841=CARTESIAN_POINT('',(-0.0395139531910245,-0.0141291238267687,-0.00177536987506421));
#2842=CARTESIAN_POINT('',(-0.0208596757433621,-0.00407281206041574,1.30289586390603E-5));
#2843=CARTESIAN_POINT('',(-0.0232871172389413,-0.0037973763971442,-0.000133337220467966));
#2844=CARTESIAN_POINT('',(-0.0269602074198409,-0.00383917465045452,-0.000407909069286571));
#2845=CARTESIAN_POINT('',(-0.0316007777678854,-0.0053479604864311,-0.000849411548139666));
#2846=CARTESIAN_POINT('',(-0.0336905045109407,-0.00663407145251848,-0.00107473349532867));
#2847=CARTESIAN_POINT('',(-0.0346398953416157,-0.00738974820685717,-0.00118177401533201));
#2848=CARTESIAN_POINT('',(-0.0208596757433621,-0.00407281206041574,1.30289586390603E-5));
#2849=CARTESIAN_POINT('',(-0.0346398953416157,-0.00738974820685715,-0.00118177401533201));
#2850=CARTESIAN_POINT('',(-0.0346398953416214,-0.00738974820686168,-0.00118177401533266));
#2851=CARTESIAN_POINT('',(-0.0354574238173008,-0.0073462493304916,-0.00127394751268297));
#2852=CARTESIAN_POINT('',(-0.0366821850942338,-0.00724952546447989,-0.00141767105409052));
#2853=CARTESIAN_POINT('',(-0.0383028091684879,-0.007058220943188,-0.00161874390832492));
#2854=CARTESIAN_POINT('',(-0.0391214873923741,-0.00697540309951152,-0.00172404185103566));
#2855=CARTESIAN_POINT('',(-0.0395139531832154,-0.00686178583309738,-0.00177536987404292));
#2856=CARTESIAN_POINT('',(-0.0395139531832154,-0.00686178583309736,-0.00177536987404292));
#2857=CARTESIAN_POINT('',(-0.0395139531832154,-0.0113917216753253,-0.00177536987404292));
#2858=CARTESIAN_POINT('',(-0.0395139531832154,0.00686178583309736,-0.00177536987404292));
#2859=CARTESIAN_POINT('',(-0.0346398953416074,0.00738974820685053,-0.00118177401533108));
#2860=CARTESIAN_POINT('',(-0.0354574238172874,0.00734624933047893,-0.00127394751268142));
#2861=CARTESIAN_POINT('',(-0.0366821850942324,0.00724952546448096,-0.00141767105408725));
#2862=CARTESIAN_POINT('',(-0.0383028091684864,0.00705822094319129,-0.00161874390832987));
#2863=CARTESIAN_POINT('',(-0.0391214873923729,0.00697540309950342,-0.00172404185102421));
#2864=CARTESIAN_POINT('',(-0.0395139531832154,0.00686178583309738,-0.0017753698740429));
#2865=CARTESIAN_POINT('',(-0.0346398953416215,0.00738974820686173,-0.00118177401533266));
#2866=CARTESIAN_POINT('',(-0.0346398953416214,0.00738974820686174,-0.00118177401533266));
#2867=CARTESIAN_POINT('',(-0.0336911672023123,0.00663459892808272,-0.00107480821148002));
#2868=CARTESIAN_POINT('',(-0.0315964382807155,0.00534561918992877,-0.000848930490708171));
#2869=CARTESIAN_POINT('',(-0.0281122515084774,0.00421346721226763,-0.00051760158027035));
#2870=CARTESIAN_POINT('',(-0.0244894323735132,0.00381257217597108,-0.000222895696251809));
#2871=CARTESIAN_POINT('',(-0.0220739207825074,0.00393503473876236,-6.01857438380305E-5));
#2872=CARTESIAN_POINT('',(-0.0208596757433621,0.00407281206041574,1.3028958639062E-5));
#2873=CARTESIAN_POINT('',(-0.0208596757433621,0.00407281206041574,1.30289586390613E-5));
#2874=CARTESIAN_POINT('',(-0.0208596757433621,0.00407281206041574,1.30289586390613E-5));
#2875=CARTESIAN_POINT('',(-0.00988819647415783,0.00407281206041574,0.000674570545824555));
#2876=CARTESIAN_POINT('',(0.00660061913274822,0.00407281206041573,0.00061369159260458));
#2877=CARTESIAN_POINT('',(0.0284553416513439,0.00407281206041572,-0.00179300127135913));
#2878=CARTESIAN_POINT('',(0.0392425863527869,0.00407281206041574,-0.00378298002102892));
#2879=CARTESIAN_POINT('',(0.0446074128282104,0.00407281206041574,-0.00497945334390792));
#2880=CARTESIAN_POINT('',(0.0446074128282104,0.00407281206041574,-0.00497945334390792));
#2881=CARTESIAN_POINT('',(0.0446074128282104,0.00407281206041574,-0.00497945334390792));
#2882=CARTESIAN_POINT('',(0.0468536056809558,0.00407281206041574,-0.00548040334455807));
#2883=CARTESIAN_POINT('',(0.0512268988335392,0.00472262969976805,-0.00652816445696457));
#2884=CARTESIAN_POINT('',(0.0595886557037609,0.00782083723714123,-0.00879845983249055));
#2885=CARTESIAN_POINT('',(0.0652065266524714,0.0113688925049024,-0.0105895748506124));
#2886=CARTESIAN_POINT('',(0.0687720716708009,0.01396158480906,-0.0118192274376735));
#2887=CARTESIAN_POINT('',(0.0687720716708009,0.0139615848090599,-0.0118192274376735));
#2888=CARTESIAN_POINT('',(0.0687720716708009,0.0139615848090599,-0.0118192274376735));
#2889=CARTESIAN_POINT('',(0.0694033402531847,0.0139526688546761,-0.0120369335783384));
#2890=CARTESIAN_POINT('',(0.0700335224344018,0.0139365462140651,-0.0122574162303965));
#2891=CARTESIAN_POINT('',(0.0706624762989016,0.0139125353530637,-0.0124806135213393));
#2892=CARTESIAN_POINT('',(0.0706624762989016,0.0139125353530637,-0.0124806135213393));
#2893=CARTESIAN_POINT('',(0.0706624762989016,0.0139125353530637,-0.0124806135213393));
#2894=CARTESIAN_POINT('',(0.0706624762989016,-0.0139125353530637,-0.0124806135213393));
#2895=CARTESIAN_POINT('',(0.0706624762989016,-0.0139125353530637,-0.0124806135213393));
#2896=CARTESIAN_POINT('',(0.0700335224344018,-0.0139365462140651,-0.0122574162303964));
#2897=CARTESIAN_POINT('',(0.0694033402531715,-0.0139526688546746,-0.0120369335783763));
#2898=CARTESIAN_POINT('',(0.0687720716708009,-0.0139615848090599,-0.0118192274376735));
#2899=CARTESIAN_POINT('',(0.0687720716708009,-0.01396158480906,-0.0118192274376735));
#2900=CARTESIAN_POINT('',(0.0687720716708009,-0.01396158480906,-0.0118192274376735));
#2901=CARTESIAN_POINT('',(0.0652065266524183,-0.0113688925048734,-0.0105895748508334));
#2902=CARTESIAN_POINT('',(0.059588655703773,-0.00782083723714776,-0.00879845983244033));
#2903=CARTESIAN_POINT('',(0.0512268988335368,-0.00472262969976671,-0.00652816445697461));
#2904=CARTESIAN_POINT('',(0.0468536056809559,-0.0040728120604157,-0.00548040334455808));
#2905=CARTESIAN_POINT('',(0.0446074128282105,-0.0040728120604157,-0.00497945334390793));
#2906=CARTESIAN_POINT('',(0.0446074128282104,-0.00407281206041574,-0.00497945334390792));
#2907=CARTESIAN_POINT('',(0.0446074128282104,-0.00407281206041574,-0.00497945334390792));
#2908=CARTESIAN_POINT('',(0.0392425863527869,-0.00407281206041574,-0.00378298002102892));
#2909=CARTESIAN_POINT('',(0.0284553416513439,-0.00407281206041569,-0.00179300127135913));
#2910=CARTESIAN_POINT('',(0.0066006191327482,-0.0040728120604158,0.000613691592604575));
#2911=CARTESIAN_POINT('',(-0.00988819647415786,-0.00407281206041573,0.000674570545824575));
#2912=CARTESIAN_POINT('',(-0.0208596757433621,-0.00407281206041573,1.30289586390603E-5));
#2913=CARTESIAN_POINT('',(0.0624931491911411,0.00925735454878542,0.00642449920997024));
#2914=CARTESIAN_POINT('',(0.0624931491911411,-0.00925733687427117,0.00642449920997024));
#2915=CARTESIAN_POINT('',(0.0744685279168324,0.00925735454878542,0.00642449920997024));
#2916=CARTESIAN_POINT('',(0.0744685279168324,-0.00925733687427117,0.00642449920997024));
#2917=CARTESIAN_POINT('',(0.0859792601505163,0.00925735454878542,0.00152998504805019));
#2918=CARTESIAN_POINT('',(0.0859792601505163,-0.00925733687427117,0.00152998504805019));
#2919=CARTESIAN_POINT('',(0.0970253458921928,0.00925735454878542,-0.00825904327578993));
#2920=CARTESIAN_POINT('',(0.0970253458921928,-0.00925733687427117,-0.00825904327578993));
#2921=CARTESIAN_POINT('',(0.0624931491911411,-0.00914756597650597,0.00642449920997024));
#2922=CARTESIAN_POINT('',(0.0641458156411535,-0.00914756597650597,0.00642449808174194));
#2923=CARTESIAN_POINT('',(0.0674538562833756,-0.00914284654528361,0.00623777738769028));
#2924=CARTESIAN_POINT('',(0.0723637967388374,-0.00916408398578426,0.0053859936563967));
#2925=CARTESIAN_POINT('',(0.0770956596384973,-0.00899442252173828,0.00401034185939568));
#2926=CARTESIAN_POINT('',(0.0816952114524359,-0.00859243369725153,0.00213259459236045));
#2927=CARTESIAN_POINT('',(0.086023781386324,-0.00791126826065553,-0.000137415202910378));
#2928=CARTESIAN_POINT('',(0.0901240597309439,-0.00685021187597778,-0.00275050438321314));
#2929=CARTESIAN_POINT('',(0.0938819271201124,-0.00527245841867945,-0.00555442668219864));
#2930=CARTESIAN_POINT('',(0.0961052240918696,-0.00360202223510494,-0.00744363240759733));
#2931=CARTESIAN_POINT('',(0.0970253458922086,-0.00249245231680106,-0.00825904327580398));
#2932=CARTESIAN_POINT('',(0.0624931491911411,-0.00914756597650598,0.00642449920997024));
#2933=CARTESIAN_POINT('',(0.0970253458922086,-0.00249245231680111,-0.00825904327580395));
#2934=CARTESIAN_POINT('',(0.0970253458922131,-0.00249245231681211,-0.00825904327580791));
#2935=CARTESIAN_POINT('',(0.097025345892213,0.00249245231679576,-0.00825904327580789));
#2936=CARTESIAN_POINT('',(0.097025345892213,0.00249245231679573,-0.00825904327580788));
#2937=CARTESIAN_POINT('',(0.0961052240867438,0.00360202224128783,-0.00744363240305466));
#2938=CARTESIAN_POINT('',(0.0938819259830218,0.00527245843104905,-0.00555442666643241));
#2939=CARTESIAN_POINT('',(0.0901240636002558,0.00685021189139549,-0.00275050435134572));
#2940=CARTESIAN_POINT('',(0.0860237667823334,0.00791126827549409,-0.000137415164192322));
#2941=CARTESIAN_POINT('',(0.0816952655768414,0.00859243370963018,0.00213259465009715));
#2942=CARTESIAN_POINT('',(0.0770954571470624,0.00899442253008249,0.00401034186767587));
#2943=CARTESIAN_POINT('',(0.0723645518006626,0.00916408398761827,0.00538599383703655));
#2944=CARTESIAN_POINT('',(0.0674510375598437,0.00914284654475966,0.0062377768806856));
#2945=CARTESIAN_POINT('',(0.0641518887149394,0.00914756597650598,0.00642449920997024));
#2946=CARTESIAN_POINT('',(0.0624931491911411,0.00914756597650598,0.00642449920997024));
#2947=CARTESIAN_POINT('',(0.0624931491911411,0.009147565976506,0.00642449920997024));
#2948=CARTESIAN_POINT('',(0.0624931491911411,0.061214,0.00642449920997024));
#2949=CARTESIAN_POINT('',(0.0329203554429114,0.061214,0.00704826577566564));
#2950=CARTESIAN_POINT('',(0.0529649723973852,-0.00914756597650598,0.00662547305662737));
#2951=CARTESIAN_POINT('',(0.0561410313286372,-0.00914756597650598,0.00655848177440832));
#2952=CARTESIAN_POINT('',(0.0593170902598891,-0.00914756597650598,0.00649149049218928));
#2953=CARTESIAN_POINT('',(0.0624931491911411,-0.00914756597650598,0.00642449920997024));
#2954=CARTESIAN_POINT('',(0.0624931491911411,0.009147565976506,0.00642449920997024));
#2955=CARTESIAN_POINT('',(0.0593170902598966,0.009147565976506,0.00649149049218913));
#2956=CARTESIAN_POINT('',(0.0561410313286521,0.009147565976506,0.00655848177440801));
#2957=CARTESIAN_POINT('',(0.0529649723974076,0.009147565976506,0.0066254730566269));
#2958=CARTESIAN_POINT('',(0.00334756169468161,0.061214,0.00767203234136105));
#2959=CARTESIAN_POINT('',(-0.032483801152298,0.0102575774799286,0.0172669446951425));
#2960=CARTESIAN_POINT('',(-0.032483801152298,-0.0102575774799286,0.0172669446951425));
#2961=CARTESIAN_POINT('',(-0.0317780560332764,0.0102575774799286,0.0167617796653648));
#2962=CARTESIAN_POINT('',(-0.0317780560332764,-0.0102575774799286,0.0167617796653648));
#2963=CARTESIAN_POINT('',(-0.0307001353568381,0.0102575774799286,0.0160014504106744));
#2964=CARTESIAN_POINT('',(-0.0307001353568381,-0.0102575774799286,0.0160014504106744));
#2965=CARTESIAN_POINT('',(-0.0293401197798777,0.0102575774799286,0.0149980049111823));
#2966=CARTESIAN_POINT('',(-0.0293401197798777,-0.0102575774799286,0.0149980049111823));
#2967=CARTESIAN_POINT('',(-0.0275654121077698,0.0102575774799286,0.0139375035499604));
#2968=CARTESIAN_POINT('',(-0.0275654121077698,-0.0102575774799287,0.0139375035499604));
#2969=CARTESIAN_POINT('',(-0.0244806590838274,0.0102575774799286,0.0125346131482777));
#2970=CARTESIAN_POINT('',(-0.0244806590838274,-0.0102575774799286,0.0125346131482777));
#2971=CARTESIAN_POINT('',(-0.0178083931177853,0.0102575774799286,0.0103236998992305));
#2972=CARTESIAN_POINT('',(-0.0178083931177853,-0.0102575774799287,0.0103236998992305));
#2973=CARTESIAN_POINT('',(-0.00928530722538768,0.0102575774799286,0.00858495034756733));
#2974=CARTESIAN_POINT('',(-0.00928530722538767,-0.0102575774799286,0.00858495034756733));
#2975=CARTESIAN_POINT('',(-0.00148363275689682,0.0102575774799286,0.00778716992578607));
#2976=CARTESIAN_POINT('',(-0.00148363275689682,-0.0102575774799287,0.00778716992578607));
#2977=CARTESIAN_POINT('',(0.00185435327504119,0.0102575774799286,0.00767203234136105));
#2978=CARTESIAN_POINT('',(0.00185435327504119,-0.0102575774799286,0.00767203234136105));
#2979=CARTESIAN_POINT('',(0.00334756169468164,0.0102575774799286,0.00767203234136105));
#2980=CARTESIAN_POINT('',(0.00334756169468164,-0.0102575774799286,0.00767203234136105));
#2981=CARTESIAN_POINT('',(-0.0323827799821795,0.0101359461264117,0.0171946347902837));
#2982=CARTESIAN_POINT('',(-0.0321093436059939,0.00989338852796237,0.0169989118707831));
#2983=CARTESIAN_POINT('',(-0.0315698818195337,0.00939618032311921,0.0166127707242473));
#2984=CARTESIAN_POINT('',(-0.0307958908461522,0.00859708636583746,0.0160587560203865));
#2985=CARTESIAN_POINT('',(-0.0301978310450899,0.00785749611557372,0.0156306710233106));
#2986=CARTESIAN_POINT('',(-0.0298121540615398,0.00718818228465205,0.0153546074422409));
#2987=CARTESIAN_POINT('',(-0.0296788327395916,0.00678867678530036,0.0152591774240136));
#2988=CARTESIAN_POINT('',(-0.0296788327395916,0.00657726803136104,0.0152591774240136));
#2989=CARTESIAN_POINT('',(-0.0296788327395916,0.00657726803136103,0.0152591774240136));
#2990=CARTESIAN_POINT('',(-0.0296788327395916,0.061214,0.0152591774240136));
#2991=CARTESIAN_POINT('',(-0.0296788327395916,-0.00657726803136104,0.0152591774240136));
#2992=CARTESIAN_POINT('',(-0.0296788327395916,-0.00657726803136104,0.0152591774240136));
#2993=CARTESIAN_POINT('',(-0.0296788327395916,-0.00679060681790946,0.0152591774240136));
#2994=CARTESIAN_POINT('',(-0.0298115910905649,-0.00718670925366387,0.0153542044734629));
#2995=CARTESIAN_POINT('',(-0.0302027060598163,-0.00786568333561585,0.0156341605082428));
#2996=CARTESIAN_POINT('',(-0.0308014559644483,-0.00860258699278839,0.016062739474291));
#2997=CARTESIAN_POINT('',(-0.0315707261921468,-0.00939699040202736,0.016613375117398));
#2998=CARTESIAN_POINT('',(-0.0321095206684351,-0.00989354559499607,0.0169990386102405));
#2999=CARTESIAN_POINT('',(-0.0323827799821795,-0.0101359461264117,0.0171946347902837));
#3000=CARTESIAN_POINT('',(-0.079375,0.061214,0.0287688262760641));
#3001=CARTESIAN_POINT('',(-0.079375,0.0141007385309434,0.0287688262760641));
#3002=CARTESIAN_POINT('',(-0.05715,0.0141007385309434,0.0287688262760641));
#3003=CARTESIAN_POINT('',(-0.09398,0.0141007385309434,0.0287688262760641));
#3004=CARTESIAN_POINT('',(-0.09398,-0.0141007385309434,0.0287688262760641));
#3005=CARTESIAN_POINT('',(-0.09398,-0.0141007385309434,0.0287688262760641));
#3006=CARTESIAN_POINT('',(-0.05715,-0.0141007385309434,0.0287688262760641));
#3007=CARTESIAN_POINT('',(-0.05715,-0.0141007385309434,0.0287688262760641));
#3008=CARTESIAN_POINT('',(-0.05715,0.061214,0.0287688262760641));
#3009=CARTESIAN_POINT('',(-0.05715,0.0142699473933147,0.0287688262760641));
#3010=CARTESIAN_POINT('',(-0.05715,-0.0142699473933147,0.0287688262760641));
#3011=CARTESIAN_POINT('',(-0.0479107080777486,0.0142699473933147,0.0287688262760641));
#3012=CARTESIAN_POINT('',(-0.0479107080777486,-0.0142699473933147,0.0287688262760641));
#3013=CARTESIAN_POINT('',(-0.0387536523242792,0.0142699473933147,0.0242656099920472));
#3014=CARTESIAN_POINT('',(-0.0387536523242792,-0.0142699473933147,0.0242656099920472));
#3015=CARTESIAN_POINT('',(-0.0296788327395916,0.0142699473933147,0.0152591774240136));
#3016=CARTESIAN_POINT('',(-0.0296788327395916,-0.0142699473933147,0.0152591774240136));
#3017=CARTESIAN_POINT('',(-0.0296788327395916,0.00657726803136103,0.0152591774240136));
#3018=CARTESIAN_POINT('',(-0.0305571498042742,0.00715526312780565,0.0161308755710231));
#3019=CARTESIAN_POINT('',(-0.0319009850892006,0.00804061053749603,0.0174004929195292));
#3020=CARTESIAN_POINT('',(-0.0337557358042903,0.00923786313502677,0.0190097123384587));
#3021=CARTESIAN_POINT('',(-0.0351641519055558,0.0101840396180493,0.0201593994790834));
#3022=CARTESIAN_POINT('',(-0.036648491691994,0.0110140955307917,0.0212935060203394));
#3023=CARTESIAN_POINT('',(-0.0387731120524197,0.0119036405330599,0.0227966280105662));
#3024=CARTESIAN_POINT('',(-0.0415857157283302,0.012727013308113,0.0245392801361293));
#3025=CARTESIAN_POINT('',(-0.0452004166494381,0.013398136337654,0.0263235816918675));
#3026=CARTESIAN_POINT('',(-0.0503786951041767,0.0139726548582562,0.0281739430384642));
#3027=CARTESIAN_POINT('',(-0.0544009082455186,0.0141007385309434,0.0287688262760641));
#3028=CARTESIAN_POINT('',(-0.05715,0.0141007385309434,0.0287688262760641));
#3029=CARTESIAN_POINT('',(-0.05715,-0.0141007385309434,0.0287688262760641));
#3030=CARTESIAN_POINT('',(-0.0557940077743013,-0.0141007385309434,0.0287688248454909));
#3031=CARTESIAN_POINT('',(-0.0530515902147863,-0.0140557733077352,0.0285693163229004));
#3032=CARTESIAN_POINT('',(-0.0490864237725012,-0.0138296335006758,0.0277116779869742));
#3033=CARTESIAN_POINT('',(-0.0451997999871103,-0.0133979735914132,0.0263234949929534));
#3034=CARTESIAN_POINT('',(-0.041585880545097,-0.0127270554974373,0.0245393001428474));
#3035=CARTESIAN_POINT('',(-0.0387731014431059,-0.011903641944663,0.0227966354779007));
#3036=CARTESIAN_POINT('',(-0.036648476488257,-0.0110140840489666,0.0212934876726118));
#3037=CARTESIAN_POINT('',(-0.0351642220439801,-0.0101840861840451,0.0201594700673477));
#3038=CARTESIAN_POINT('',(-0.0337554682691424,-0.00923768696729942,0.019009446607886));
#3039=CARTESIAN_POINT('',(-0.0319024048786992,-0.00804154496228324,0.0174019023148235));
#3040=CARTESIAN_POINT('',(-0.0305508505879583,-0.00715111763058822,0.0161246232199789));
#3041=CARTESIAN_POINT('',(-0.0296788327395916,-0.00657726803136103,0.0152591774240136));
#3042=CARTESIAN_POINT('',(-0.0826278030872345,0.061214,-0.008636));
#3043=CARTESIAN_POINT('',(-0.080976844871409,-0.0163253372786265,-0.0086242539539315));
#3044=CARTESIAN_POINT('',(-0.0809787772807804,-0.0163519378065779,-0.00835264535393807));
#3045=CARTESIAN_POINT('',(-0.0811242013599795,-0.0163427404614759,-0.00779864935023773));
#3046=CARTESIAN_POINT('',(-0.0816946276267954,-0.0161432329472249,-0.00719887670757266));
#3047=CARTESIAN_POINT('',(-0.0824240644079116,-0.0157985572584996,-0.00694327049211993));
#3048=CARTESIAN_POINT('',(-0.0831394481048106,-0.0153688009729577,-0.00701551445321474));
#3049=CARTESIAN_POINT('',(-0.0837462591650848,-0.0149108691589108,-0.00735765348383104));
#3050=CARTESIAN_POINT('',(-0.0841820720479113,-0.0144861459281642,-0.00792939722451301));
#3051=CARTESIAN_POINT('',(-0.0843476770030663,-0.014202352055813,-0.00872473207806082));
#3052=CARTESIAN_POINT('',(-0.0841717758805356,-0.0142461658939535,-0.0092777111388573));
#3053=CARTESIAN_POINT('',(-0.084033048173515,-0.0143182134414743,-0.00950265289908039));
#3054=CARTESIAN_POINT('',(-0.080976844871409,-0.0163253372786265,-0.0086242539539315));
#3055=CARTESIAN_POINT('',(-0.084033048173515,-0.0143182134414743,-0.00950265289908038));
#3056=CARTESIAN_POINT('',(-0.080976844871409,-0.0163253372786265,-0.0086242539539315));
#3057=CARTESIAN_POINT('',(-0.0809742524171241,-0.016084264405758,-0.00898863475713287));
#3058=CARTESIAN_POINT('',(-0.0812020341893438,-0.0155242146358929,-0.00963293724748911));
#3059=CARTESIAN_POINT('',(-0.0818188910866752,-0.0147620928718493,-0.0101386790508886));
#3060=CARTESIAN_POINT('',(-0.0824799297195889,-0.0142189850374472,-0.0103103957523318));
#3061=CARTESIAN_POINT('',(-0.083084907851217,-0.0139174329924022,-0.0102682068893691));
#3062=CARTESIAN_POINT('',(-0.0836947185414672,-0.0139649208377459,-0.00995014467038233));
#3063=CARTESIAN_POINT('',(-0.0839399226604697,-0.0141927657957071,-0.00965365241659653));
#3064=CARTESIAN_POINT('',(-0.0840330481735171,-0.0143182134414678,-0.00950265289907704));
#3065=CARTESIAN_POINT('',(-0.080976844871409,0.0163253372786265,-0.00862425395393148));
#3066=CARTESIAN_POINT('',(-0.0809787772807804,0.0163519378065778,-0.00835264535393842));
#3067=CARTESIAN_POINT('',(-0.0811242013599791,0.016342740461476,-0.00779864935023889));
#3068=CARTESIAN_POINT('',(-0.0816946276267936,0.0161432329472256,-0.007198876707574));
#3069=CARTESIAN_POINT('',(-0.0824240644079085,0.0157985572585012,-0.00694327049212043));
#3070=CARTESIAN_POINT('',(-0.0831394481048068,0.0153688009729602,-0.00701551445321367));
#3071=CARTESIAN_POINT('',(-0.0837462591650811,0.0149108691589139,-0.00735765348382799));
#3072=CARTESIAN_POINT('',(-0.0841820720479085,0.0144861459281674,-0.00792939722450741));
#3073=CARTESIAN_POINT('',(-0.0843476770030665,0.0142023520558145,-0.00872473207805248));
#3074=CARTESIAN_POINT('',(-0.084171775880539,0.0142461658939521,-0.00927771113884904));
#3075=CARTESIAN_POINT('',(-0.0840330481735196,0.0143182134414719,-0.00950265289907294));
#3076=CARTESIAN_POINT('',(-0.080976844871409,0.0163253372786265,-0.00862425395393148));
#3077=CARTESIAN_POINT('',(-0.0840330481735196,0.0143182134414718,-0.00950265289907293));
#3078=CARTESIAN_POINT('',(-0.0809768448714091,0.016325337278633,-0.00862425395392164));
#3079=CARTESIAN_POINT('',(-0.080974252417122,0.016084264405765,-0.00898863475712401));
#3080=CARTESIAN_POINT('',(-0.0812020341893452,0.0155242146358886,-0.00963293724749445));
#3081=CARTESIAN_POINT('',(-0.0818188910866769,0.0147620928718476,-0.0101386790508892));
#3082=CARTESIAN_POINT('',(-0.0824799297195922,0.0142189850374448,-0.0103103957523323));
#3083=CARTESIAN_POINT('',(-0.0830849078512217,0.0139174329924008,-0.010268206889368));
#3084=CARTESIAN_POINT('',(-0.0836947185414714,0.0139649208377479,-0.00995014467037885));
#3085=CARTESIAN_POINT('',(-0.0839399226604727,0.0141927657957101,-0.00965365241659261));
#3086=CARTESIAN_POINT('',(-0.0840330481735198,0.0143182134414714,-0.00950265289907273));
#3087=CARTESIAN_POINT('',(-0.076855942606926,0.061214,-0.005461));
#3088=CARTESIAN_POINT('',(-0.0777104785301812,-0.0174333242181069,-0.00687364622459636));
#3089=CARTESIAN_POINT('',(-0.0777724956012281,-0.0174441063942299,-0.00683613094713911));
#3090=CARTESIAN_POINT('',(-0.0778312561871487,-0.0174555408662172,-0.00679503382686103));
#3091=CARTESIAN_POINT('',(-0.0778869350430892,-0.0174674795398056,-0.00675051758288679));
#3092=CARTESIAN_POINT('',(-0.0778869350430892,-0.0174674795398056,-0.00675051758288676));
#3093=CARTESIAN_POINT('',(-0.0777104785301812,-0.0174333242181069,-0.00687364622459636));
#3094=CARTESIAN_POINT('',(-0.0754000448838192,-0.0177790771222402,-0.0046824354106096));
#3095=CARTESIAN_POINT('',(-0.0752279782778893,-0.0177742338142039,-0.00500419597255882));
#3096=CARTESIAN_POINT('',(-0.0751101731623535,-0.0177188741674341,-0.00575098497406827));
#3097=CARTESIAN_POINT('',(-0.0756337285415001,-0.0174954886021806,-0.00674086958157372));
#3098=CARTESIAN_POINT('',(-0.0766572863623087,-0.0173272390390645,-0.00722336309042432));
#3099=CARTESIAN_POINT('',(-0.0774039580851506,-0.0173800331263512,-0.00705906613152719));
#3100=CARTESIAN_POINT('',(-0.0777104785301812,-0.0174333242181071,-0.00687364622459638));
#3101=CARTESIAN_POINT('',(-0.0754000448838192,-0.0177790771222402,-0.0046824354106096));
#3102=CARTESIAN_POINT('',(-0.0754000448838193,-0.0177790771222403,-0.00468243541060962));
#3103=CARTESIAN_POINT('',(-0.0756317901454611,-0.0177777597129158,-0.00424907714674431));
#3104=CARTESIAN_POINT('',(-0.0765030847620108,-0.0177725477261823,-0.00361339208118858));
#3105=CARTESIAN_POINT('',(-0.078059453200928,-0.0175852614730704,-0.00401717935713938));
#3106=CARTESIAN_POINT('',(-0.0787377818708111,-0.0173477692933469,-0.00547502164289264));
#3107=CARTESIAN_POINT('',(-0.0782664039805149,-0.0174056181379333,-0.0064471253613019));
#3108=CARTESIAN_POINT('',(-0.0778869350430893,-0.0174674795398058,-0.00675051758288679));
#3109=CARTESIAN_POINT('',(-0.0754000448838178,0.0177790771222403,-0.00468243541061236));
#3110=CARTESIAN_POINT('',(-0.075631790145459,0.0177777597129159,-0.0042490771467464));
#3111=CARTESIAN_POINT('',(-0.0765030847620085,0.0177725477261825,-0.0036133920811886));
#3112=CARTESIAN_POINT('',(-0.0780594532009274,0.0175852614730706,-0.00401717935713842));
#3113=CARTESIAN_POINT('',(-0.0787377818708115,0.0173477692933468,-0.00547502164289277));
#3114=CARTESIAN_POINT('',(-0.0782664039805145,0.0174056181379333,-0.00644712536130266));
#3115=CARTESIAN_POINT('',(-0.0778869350430884,0.017467479539806,-0.00675051758288751));
#3116=CARTESIAN_POINT('',(-0.0754000448838178,0.0177790771222402,-0.00468243541061236));
#3117=CARTESIAN_POINT('',(-0.0778869350430883,0.0174674795398058,-0.00675051758288749));
#3118=CARTESIAN_POINT('',(-0.0754000448838178,0.0177790771222402,-0.00468243541061236));
#3119=CARTESIAN_POINT('',(-0.0752279782778887,0.0177742338142037,-0.00500419597256166));
#3120=CARTESIAN_POINT('',(-0.075110173162354,0.0177188741674337,-0.00575098497407064));
#3121=CARTESIAN_POINT('',(-0.0756337285415014,0.0174954886021803,-0.00674086958157472));
#3122=CARTESIAN_POINT('',(-0.0766572863623095,0.0173272390390645,-0.00722336309042426));
#3123=CARTESIAN_POINT('',(-0.0774039580851509,0.0173800331263513,-0.00705906613152701));
#3124=CARTESIAN_POINT('',(-0.0777104785301812,0.0174333242181071,-0.00687364622459638));
#3125=CARTESIAN_POINT('',(-0.0777104785301812,0.0174333242181069,-0.00687364622459636));
#3126=CARTESIAN_POINT('',(-0.0777104785301812,0.0174333242181069,-0.00687364622459636));
#3127=CARTESIAN_POINT('',(-0.0777724956012278,0.0174441063942298,-0.0068361309471393));
#3128=CARTESIAN_POINT('',(-0.0778312561871481,0.017455540866217,-0.00679503382686146));
#3129=CARTESIAN_POINT('',(-0.0778869350430884,0.0174674795398054,-0.00675051758288748));
#3130=CARTESIAN_POINT('',(-0.0721656635126045,0.061214,-0.008636));
#3131=CARTESIAN_POINT('',(-0.0706033414815202,-0.0169188410778734,-0.00810219210272941));
#3132=CARTESIAN_POINT('',(-0.0707477932083488,-0.0171334849184616,-0.00767941807408265));
#3133=CARTESIAN_POINT('',(-0.0714504167176541,-0.0174284560999953,-0.0068793624302716));
#3134=CARTESIAN_POINT('',(-0.0731407404109226,-0.0174072699235855,-0.00701208879788338));
#3135=CARTESIAN_POINT('',(-0.0739816117203645,-0.0169066731161514,-0.00833733243558101));
#3136=CARTESIAN_POINT('',(-0.0737703578628499,-0.0163305634004383,-0.00920417850202732));
#3137=CARTESIAN_POINT('',(-0.0735407962368479,-0.0160579087629743,-0.0095496799169922));
#3138=CARTESIAN_POINT('',(-0.0706033414815201,-0.0169188410778734,-0.0081021921027294));
#3139=CARTESIAN_POINT('',(-0.0735407962368479,-0.0160579087629743,-0.00954967991699219));
#3140=CARTESIAN_POINT('',(-0.0735407962368479,-0.0160579087629743,-0.00954967991699219));
#3141=CARTESIAN_POINT('',(-0.0734386821827412,-0.0159366259907299,-0.00970336653611986));
#3142=CARTESIAN_POINT('',(-0.0731804876542759,-0.0156978139989719,-0.00998104040764422));
#3143=CARTESIAN_POINT('',(-0.0726305760710812,-0.0154127975866628,-0.010265035602913));
#3144=CARTESIAN_POINT('',(-0.0719430409911105,-0.0153375526286888,-0.010319266758547));
#3145=CARTESIAN_POINT('',(-0.0713195345870755,-0.0155404503357721,-0.0100979290555048));
#3146=CARTESIAN_POINT('',(-0.0708752221954683,-0.0158717549945251,-0.00971562388782949));
#3147=CARTESIAN_POINT('',(-0.0704981691364173,-0.0163680978109238,-0.0090704349160557));
#3148=CARTESIAN_POINT('',(-0.0704749597818186,-0.0167280760265296,-0.00847793318647387));
#3149=CARTESIAN_POINT('',(-0.0706033414815201,-0.0169188410778734,-0.00810219210272941));
#3150=CARTESIAN_POINT('',(-0.0706033414815167,0.0169188410778683,-0.0081021921027394));
#3151=CARTESIAN_POINT('',(-0.0707477932083424,0.0171334849184572,-0.00767941807409234));
#3152=CARTESIAN_POINT('',(-0.071450416717641,0.0174284560999939,-0.00687936243027733));
#3153=CARTESIAN_POINT('',(-0.07314074041091,0.0174072699235875,-0.00701208879787568));
#3154=CARTESIAN_POINT('',(-0.0739816117203627,0.016906673116158,-0.00833733243556795));
#3155=CARTESIAN_POINT('',(-0.0737703578628537,0.0163305634004461,-0.00920417850201624));
#3156=CARTESIAN_POINT('',(-0.0735407962368544,0.016057908762982,-0.00954967991698248));
#3157=CARTESIAN_POINT('',(-0.0706033414815167,0.0169188410778683,-0.00810219210273939));
#3158=CARTESIAN_POINT('',(-0.0735407962368544,0.016057908762982,-0.00954967991698247));
#3159=CARTESIAN_POINT('',(-0.0706033414815167,0.0169188410778683,-0.0081021921027394));
#3160=CARTESIAN_POINT('',(-0.0704732902153105,0.0167255951827489,-0.008482819589533));
#3161=CARTESIAN_POINT('',(-0.0705022334242307,0.0163608997616057,-0.00908045155377617));
#3162=CARTESIAN_POINT('',(-0.0708761932470597,0.0158711447014663,-0.00971620440608996));
#3163=CARTESIAN_POINT('',(-0.0713222048427418,0.015538958266337,-0.0100996370973638));
#3164=CARTESIAN_POINT('',(-0.0719440129167788,0.0153377803257145,-0.0103190221704306));
#3165=CARTESIAN_POINT('',(-0.0726306398863724,0.0154127176876905,-0.0102651608235141));
#3166=CARTESIAN_POINT('',(-0.0731812338073008,0.0156984919293306,-0.00998023561630796));
#3167=CARTESIAN_POINT('',(-0.0734380723203632,0.0159359016457739,-0.0097042844086699));
#3168=CARTESIAN_POINT('',(-0.0735407962368544,0.016057908762982,-0.00954967991698248));
#3169=CARTESIAN_POINT('',(-0.0685863196849823,0.061214,-0.005461));
#3170=CARTESIAN_POINT('',(-0.0698714856665644,-0.01778,-0.0044245882093569));
#3171=CARTESIAN_POINT('',(-0.0700747130425339,-0.01778,-0.00467659316769506));
#3172=CARTESIAN_POINT('',(-0.0703235319491492,-0.0177562909021955,-0.00529277011946313));
#3173=CARTESIAN_POINT('',(-0.0701327522706053,-0.0175901827258169,-0.00626531187907802));
#3174=CARTESIAN_POINT('',(-0.0694578528121998,-0.017371464279708,-0.00697115252624537));
#3175=CARTESIAN_POINT('',(-0.0684876508377237,-0.0172630405211701,-0.00720592689828578));
#3176=CARTESIAN_POINT('',(-0.0675456838276639,-0.0173714949257436,-0.00686108377491064));
#3177=CARTESIAN_POINT('',(-0.0669577372313351,-0.0175906361238779,-0.00608060799701528));
#3178=CARTESIAN_POINT('',(-0.0668791611209612,-0.0177562547732202,-0.00509558694520915));
#3179=CARTESIAN_POINT('',(-0.0671996519766558,-0.0177800000000001,-0.00450916077941906));
#3180=CARTESIAN_POINT('',(-0.0674284885379059,-0.0177800000000001,-0.00428404289166524));
#3181=CARTESIAN_POINT('',(-0.0674284885379058,0.01778,-0.00428404289166531));
#3182=CARTESIAN_POINT('',(-0.0671977020049555,0.01778,-0.00451107906340286));
#3183=CARTESIAN_POINT('',(-0.0668798597947396,0.0177563184175404,-0.00509465731478758));
#3184=CARTESIAN_POINT('',(-0.0669578548643391,0.0175902327637983,-0.00608266442412194));
#3185=CARTESIAN_POINT('',(-0.0675473418540465,0.0173714159596252,-0.00686123253084391));
#3186=CARTESIAN_POINT('',(-0.0684842214318465,0.0172630404061537,-0.00720572966878215));
#3187=CARTESIAN_POINT('',(-0.0694595173492073,0.0173715433693086,-0.00697119463489212));
#3188=CARTESIAN_POINT('',(-0.0701331050191319,0.0175905859948507,-0.00626328251963098));
#3189=CARTESIAN_POINT('',(-0.0703241193610489,0.0177562274121443,-0.00529377280555352));
#3190=CARTESIAN_POINT('',(-0.0700729957485234,0.0177800000000001,-0.00467446369766907));
#3191=CARTESIAN_POINT('',(-0.0698714856665643,0.0177800000000001,-0.00442458820935674));
#3192=CARTESIAN_POINT('',(-0.0650137079113243,0.061214,-0.00835005100816488));
#3193=CARTESIAN_POINT('',(-0.0648173549702728,-0.0152623007762536,-0.00998933332751699));
#3194=CARTESIAN_POINT('',(-0.0643579578173423,-0.0152812696047745,-0.00993430681925558));
#3195=CARTESIAN_POINT('',(-0.0635547266354935,-0.0156313366740565,-0.00941992470654968));
#3196=CARTESIAN_POINT('',(-0.0632308782824077,-0.0164031773878154,-0.00824130121776809));
#3197=CARTESIAN_POINT('',(-0.0637192104625964,-0.0171122693310629,-0.00706739601500877));
#3198=CARTESIAN_POINT('',(-0.0646181496292488,-0.0173529948956392,-0.00668144748211229));
#3199=CARTESIAN_POINT('',(-0.0650813369463012,-0.0173590681932744,-0.00670043671578375));
#3200=CARTESIAN_POINT('',(-0.0648173549702728,-0.0152623007762557,-0.00998933332751543));
#3201=CARTESIAN_POINT('',(-0.0650813369463015,-0.0173590681932735,-0.00670043671578655));
#3202=CARTESIAN_POINT('',(-0.0648173549702725,-0.0152623007762536,-0.00998933332751695));
#3203=CARTESIAN_POINT('',(-0.0650568007468554,-0.0152524138933091,-0.0100180140995228));
#3204=CARTESIAN_POINT('',(-0.0655547224823979,-0.0153547248300312,-0.00996141331072724));
#3205=CARTESIAN_POINT('',(-0.066297172436166,-0.0158340732882515,-0.00952106657571592));
#3206=CARTESIAN_POINT('',(-0.0668002220943583,-0.0165665443949635,-0.00862033450559529));
#3207=CARTESIAN_POINT('',(-0.0665023357297158,-0.0172335473247548,-0.00723864911335951));
#3208=CARTESIAN_POINT('',(-0.0655713145339507,-0.0173654927641,-0.00672052426689851));
#3209=CARTESIAN_POINT('',(-0.0650813369463015,-0.0173590681932735,-0.00670043671578655));
#3210=CARTESIAN_POINT('',(-0.0648173549702728,0.0152623007762536,-0.009989333327517));
#3211=CARTESIAN_POINT('',(-0.0643579578173423,0.0152812696047745,-0.00993430681925561));
#3212=CARTESIAN_POINT('',(-0.0635547266354934,0.0156313366740566,-0.00941992470654961));
#3213=CARTESIAN_POINT('',(-0.0632308782824077,0.0164031773878156,-0.00824130121776783));
#3214=CARTESIAN_POINT('',(-0.0637192104625968,0.0171122693310631,-0.00706739601500839));
#3215=CARTESIAN_POINT('',(-0.0646181496292494,0.0173529948956393,-0.00668144748211212));
#3216=CARTESIAN_POINT('',(-0.0650813369463019,0.0173590681932744,-0.00670043671578378));
#3217=CARTESIAN_POINT('',(-0.0648173549702728,0.0152623007762527,-0.00998933332751824));
#3218=CARTESIAN_POINT('',(-0.0650813369463019,0.0173590681932745,-0.00670043671578377));
#3219=CARTESIAN_POINT('',(-0.064817354970273,0.0152623007762536,-0.00998933332751702));
#3220=CARTESIAN_POINT('',(-0.065056800746856,0.0152524138933091,-0.0100180140995228));
#3221=CARTESIAN_POINT('',(-0.0655547224823982,0.0153547248300314,-0.00996141331072709));
#3222=CARTESIAN_POINT('',(-0.0662971724361662,0.0158340732882517,-0.00952106657571573));
#3223=CARTESIAN_POINT('',(-0.0668002220943585,0.0165665443949638,-0.00862033450559478));
#3224=CARTESIAN_POINT('',(-0.0665023357297152,0.0172335473247543,-0.00723864911336072));
#3225=CARTESIAN_POINT('',(-0.0655713145339519,0.0173654927641009,-0.00672052426689585));
#3226=CARTESIAN_POINT('',(-0.0650813369463019,0.0173590681932745,-0.00670043671578377));
#3227=CARTESIAN_POINT('',(0.0749706774950028,0.061214,-0.008636));
#3228=CARTESIAN_POINT('',(0.0734919173652212,-0.0176542314844418,-0.00937021351020562));
#3229=CARTESIAN_POINT('',(0.0736856226389336,-0.0176434604183883,-0.00976035020983424));
#3230=CARTESIAN_POINT('',(0.0743818470071671,-0.0175429437291477,-0.010363399306447));
#3231=CARTESIAN_POINT('',(0.075308019586415,-0.0175317833495903,-0.0103094988135872));
#3232=CARTESIAN_POINT('',(0.075697899038225,-0.0174979947589799,-0.0101182111276986));
#3233=CARTESIAN_POINT('',(0.0756978990382103,0.0174979947589812,-0.0101182111277058));
#3234=CARTESIAN_POINT('',(0.0753079911794377,0.0175317858114573,-0.0103095127509801));
#3235=CARTESIAN_POINT('',(0.0743840157670005,0.0175427950014298,-0.0103641522383051));
#3236=CARTESIAN_POINT('',(0.0736855887737292,0.0176434623014769,-0.00976028200280706));
#3237=CARTESIAN_POINT('',(0.0734919173652281,0.0176542314844414,-0.00937021351021958));
#3238=CARTESIAN_POINT('',(0.0793404802680016,0.061214,-0.005461));
#3239=CARTESIAN_POINT('',(0.0807273143596574,-0.0168525727902951,-0.00635681929108032));
#3240=CARTESIAN_POINT('',(0.0809959345128687,-0.0168056654018165,-0.00594096356003225));
#3241=CARTESIAN_POINT('',(0.081133253012458,-0.0166738969181054,-0.00487674433187339));
#3242=CARTESIAN_POINT('',(0.079994831284823,-0.0166955852848864,-0.00369748210349536));
#3243=CARTESIAN_POINT('',(0.0784254391490275,-0.0171047628652311,-0.00383040808904607));
#3244=CARTESIAN_POINT('',(0.0777998775004956,-0.0172814757395829,-0.00468650952569957));
#3245=CARTESIAN_POINT('',(0.0777141677454443,-0.0172916455044718,-0.00517655566630088));
#3246=CARTESIAN_POINT('',(0.0777141677454276,0.0172916455044738,-0.00517655566629481));
#3247=CARTESIAN_POINT('',(0.077799852823769,0.0172814786675636,-0.00468665061496478));
#3248=CARTESIAN_POINT('',(0.0784234693786043,0.017105299005824,-0.00383149804775697));
#3249=CARTESIAN_POINT('',(0.0799940095047191,0.0166958227793924,-0.00369782441517241));
#3250=CARTESIAN_POINT('',(0.0811319019028749,0.0166734844887609,-0.0048717960630406));
#3251=CARTESIAN_POINT('',(0.0809959182328448,0.0168056682446913,-0.00594098876340583));
#3252=CARTESIAN_POINT('',(0.0807273143596431,0.0168525727902977,-0.00635681929107433));
#3253=CARTESIAN_POINT('',(0.0836735144257546,0.061214,-0.008636));
#3254=CARTESIAN_POINT('',(0.0830385144257321,-0.0163910335250755,-0.01016));
#3255=CARTESIAN_POINT('',(0.0834454637254049,-0.0162989647722175,-0.010329562208203));
#3256=CARTESIAN_POINT('',(0.0839042866190724,-0.016188005875329,-0.0103284282527888));
#3257=CARTESIAN_POINT('',(0.0843085144257692,-0.0160833999483882,-0.0101599999999939));
#3258=CARTESIAN_POINT('',(0.085311020981702,-0.0158100201063099,-0.00842535034006849));
#3259=CARTESIAN_POINT('',(0.085238153213545,-0.0158309346674533,-0.00785890533316406));
#3260=CARTESIAN_POINT('',(0.0844637135992521,-0.015987330605968,-0.0068626500192402));
#3261=CARTESIAN_POINT('',(0.0832521997743496,-0.01634482566498,-0.00694363706446739));
#3262=CARTESIAN_POINT('',(0.0827797135815547,-0.0164487753880134,-0.00724786418139014));
#3263=CARTESIAN_POINT('',(0.0843085144257545,0.016083399948392,-0.01016));
#3264=CARTESIAN_POINT('',(0.0839042404242817,0.0161880178295998,-0.0103284475006136));
#3265=CARTESIAN_POINT('',(0.0834454416320648,0.0162989697706449,-0.0103295530026358));
#3266=CARTESIAN_POINT('',(0.0830385144257338,0.0163910335250751,-0.0101599999999913));
#3267=CARTESIAN_POINT('',(0.0827797135815547,0.0164487753880134,-0.00724786418139013));
#3268=CARTESIAN_POINT('',(0.0832522208893031,0.0163448210195669,-0.00694362346885015));
#3269=CARTESIAN_POINT('',(0.0844632297466207,0.0159874564386317,-0.00686248129785239));
#3270=CARTESIAN_POINT('',(0.0852381426377461,0.015830937702927,-0.00785882312111672));
#3271=CARTESIAN_POINT('',(0.0853110209817019,0.01581002010631,-0.0084253503400684));
#3272=CARTESIAN_POINT('',(-0.079375,0.0141007385309434,0.0250895648070074));
#3273=CARTESIAN_POINT('',(-0.09398,0.0141007385309434,0.0250895648070074));
#3274=CARTESIAN_POINT('',(-0.05715,0.0141007385309434,0.0250895648070074));
#3275=CARTESIAN_POINT('',(-0.05715,0.0141007385309434,0.028768826276064));
#3276=CARTESIAN_POINT('',(-0.05715,0.01778,0.028768826276064));
#3277=CARTESIAN_POINT('',(-0.05715,0.01778,0.0250895648070075));
#3278=CARTESIAN_POINT('',(-0.0557122215229966,0.0141007385311345,0.0287688262760641));
#3279=CARTESIAN_POINT('',(-0.0556637721294188,0.0177800000003148,0.0287688262759352));
#3280=CARTESIAN_POINT('',(-0.0558498123298949,0.01778,0.0250895648067773));
#3281=CARTESIAN_POINT('',(-0.0528651466536261,0.014051510409299,0.028550095089333));
#3282=CARTESIAN_POINT('',(-0.0527193706217933,0.0177143757625464,0.0285362338537581));
#3283=CARTESIAN_POINT('',(-0.0532658839992543,0.017728907789716,0.0248996053983161));
#3284=CARTESIAN_POINT('',(-0.0487084136944126,0.0138012861772125,0.0276091508810154));
#3285=CARTESIAN_POINT('',(-0.0484019030872779,0.0173763330971209,0.027525997912686));
#3286=CARTESIAN_POINT('',(-0.049416159536157,0.0174656745336624,0.0240754906225691));
#3287=CARTESIAN_POINT('',(-0.0447149498944426,0.0133277685503052,0.0261156418355905));
#3288=CARTESIAN_POINT('',(-0.0442484571363881,0.0167371527546163,0.0259170232940555));
#3289=CARTESIAN_POINT('',(-0.0455934861555376,0.0169583973552596,0.0227465820058397));
#3290=CARTESIAN_POINT('',(-0.0416925211344294,0.0127280327113311,0.0245668564916039));
#3291=CARTESIAN_POINT('',(-0.0410884988267171,0.0159282544746076,0.0242385416660588));
#3292=CARTESIAN_POINT('',(-0.0425705050309493,0.0162993536437622,0.021344522460302));
#3293=CARTESIAN_POINT('',(-0.0394257261232292,0.0120885400078527,0.023197849631296));
#3294=CARTESIAN_POINT('',(-0.0387070459302283,0.0150587346596529,0.0227439073878242));
#3295=CARTESIAN_POINT('',(-0.0402025011455565,0.015571101554209,0.0200904983310451));
#3296=CARTESIAN_POINT('',(-0.0377943028233644,0.0115090007131521,0.022113180923981));
#3297=CARTESIAN_POINT('',(-0.0370010297802965,0.0142749005606199,0.0215648257368371));
#3298=CARTESIAN_POINT('',(-0.0384371198550872,0.0148929326819234,0.0190899879658579));
#3299=CARTESIAN_POINT('',(-0.036511689812649,0.0109303476179896,0.0211857983086453));
#3300=CARTESIAN_POINT('',(-0.0356474000362734,0.0134802687243914,0.0205468617660451));
#3301=CARTESIAN_POINT('',(-0.0369802812429987,0.0141861755899818,0.0182290897799641));
#3302=CARTESIAN_POINT('',(-0.0356625282453225,0.0104636223927279,0.0205377691016973));
#3303=CARTESIAN_POINT('',(-0.034749206004175,0.0128408585515918,0.0198332743647542));
#3304=CARTESIAN_POINT('',(-0.0359839985179155,0.013600056983542,0.0176249794391526));
#3305=CARTESIAN_POINT('',(-0.0352498400095436,0.0102124104471397,0.0202148016747984));
#3306=CARTESIAN_POINT('',(-0.0343085980926276,0.0124854623573843,0.0194742678822411));
#3307=CARTESIAN_POINT('',(-0.0354752148516314,0.0132681911290502,0.0173233106387205));
#3308=CARTESIAN_POINT('',(-0.0350178972244468,0.0100625445386784,0.0200310622728875));
#3309=CARTESIAN_POINT('',(-0.0340684083781706,0.012290629120886,0.0192758798161709));
#3310=CARTESIAN_POINT('',(-0.0352067866280991,0.0130827011793145,0.0171515257326075));
#3311=CARTESIAN_POINT('',(-0.0347867259551828,0.00991288089268691,0.0198464627110513));
#3312=CARTESIAN_POINT('',(-0.0338508212274451,0.0121471010712602,0.0190940904974806));
#3313=CARTESIAN_POINT('',(-0.0350031831681102,0.0129417826036173,0.0169788301972716));
#3314=CARTESIAN_POINT('',(-0.0344990673233954,0.00972654078277719,0.0196140080996444));
#3315=CARTESIAN_POINT('',(-0.0335728744045824,0.0119513899854055,0.0188596653179246));
#3316=CARTESIAN_POINT('',(-0.0347276546845082,0.0127511838749563,0.0167611604883932));
#3317=CARTESIAN_POINT('',(-0.034041555877208,0.00942979729604904,0.0192384999621884));
#3318=CARTESIAN_POINT('',(-0.0331343912485257,0.0116493548289719,0.0184842853336759));
#3319=CARTESIAN_POINT('',(-0.0343011637090208,0.012456104097451,0.0164091413102978));
#3320=CARTESIAN_POINT('',(-0.0332483719046758,0.0089142448168598,0.0185725500231226));
#3321=CARTESIAN_POINT('',(-0.0323723373397655,0.0111212959323096,0.0178184296878182));
#3322=CARTESIAN_POINT('',(-0.0335544776980344,0.0119395131246068,0.0157834673172812));
#3323=CARTESIAN_POINT('',(-0.0321321282495253,0.0081878300410403,0.0175928488730946));
#3324=CARTESIAN_POINT('',(-0.0312991497623268,0.0103792712480452,0.0168401842174102));
#3325=CARTESIAN_POINT('',(-0.0325053710714815,0.0112136811768582,0.0148622312215452));
#3326=CARTESIAN_POINT('',(-0.0308353358896297,0.00733318225549277,0.0163934533102445));
#3327=CARTESIAN_POINT('',(-0.0300427296027946,0.00950986095767315,0.015643697408378));
#3328=CARTESIAN_POINT('',(-0.0312697923237685,0.0103588426475813,0.0137192189837418));
#3329=CARTESIAN_POINT('',(-0.0299648399914107,0.00677514320575249,0.0155430293511443));
#3330=CARTESIAN_POINT('',(-0.0292119864362789,0.00893514177226157,0.0147958492320815));
#3331=CARTESIAN_POINT('',(-0.0304632686329454,0.00980084598532946,0.0129315773922207));
#3332=CARTESIAN_POINT('',(-0.0295641111678351,0.00649789748787686,0.0151453203836084));
#3333=CARTESIAN_POINT('',(-0.0288112576127289,0.00865789605438847,0.0143981402645557));
#3334=CARTESIAN_POINT('',(-0.0300625398093716,0.00952360026745905,0.0125338684246909));
#3335=CARTESIAN_POINT('',(-0.079375,-0.0141007385309434,0.0250895648070074));
#3336=CARTESIAN_POINT('',(-0.09398,-0.0141007385309434,0.0250895648070074));
#3337=CARTESIAN_POINT('',(-0.05715,-0.0141007385309434,0.0250895648070074));
#3338=CARTESIAN_POINT('',(-0.05715,-0.01778,0.0250895648070075));
#3339=CARTESIAN_POINT('',(-0.05715,-0.01778,0.0287688262760641));
#3340=CARTESIAN_POINT('',(-0.05715,-0.0141007385309434,0.0287688262760641));
#3341=CARTESIAN_POINT('',(-0.0558498123298905,-0.01778,0.0250895648067773));
#3342=CARTESIAN_POINT('',(-0.055663772129382,-0.017780000000321,0.0287688262759168));
#3343=CARTESIAN_POINT('',(-0.0557122215229618,-0.0141007385311345,0.0287688262760641));
#3344=CARTESIAN_POINT('',(-0.0532658839992562,-0.017728907789716,0.0248996053983161));
#3345=CARTESIAN_POINT('',(-0.0527193706218102,-0.0177143757625436,0.0285362338537666));
#3346=CARTESIAN_POINT('',(-0.0528651466536421,-0.014051510409299,0.028550095089333));
#3347=CARTESIAN_POINT('',(-0.0494161595361565,-0.0174656745336624,0.0240754906225691));
#3348=CARTESIAN_POINT('',(-0.0484019030872734,-0.0173763330971217,0.0275259979126838));
#3349=CARTESIAN_POINT('',(-0.0487084136944083,-0.0138012861772125,0.0276091508810154));
#3350=CARTESIAN_POINT('',(-0.0455934861555377,-0.0169583973552595,0.0227465820058397));
#3351=CARTESIAN_POINT('',(-0.0442484571363892,-0.0167371527546161,0.0259170232940561));
#3352=CARTESIAN_POINT('',(-0.0447149498944437,-0.0133277685503052,0.0261156418355905));
#3353=CARTESIAN_POINT('',(-0.0425705050309492,-0.0162993536437622,0.021344522460302));
#3354=CARTESIAN_POINT('',(-0.0410884988267169,-0.0159282544746076,0.0242385416660587));
#3355=CARTESIAN_POINT('',(-0.0416925211344292,-0.0127280327113311,0.0245668564916039));
#3356=CARTESIAN_POINT('',(-0.0402025011455565,-0.015571101554209,0.020090498331045));
#3357=CARTESIAN_POINT('',(-0.0387070459302283,-0.0150587346596529,0.0227439073878242));
#3358=CARTESIAN_POINT('',(-0.0394257261232292,-0.0120885400078527,0.0231978496312959));
#3359=CARTESIAN_POINT('',(-0.0384371198550872,-0.0148929326819234,0.0190899879658578));
#3360=CARTESIAN_POINT('',(-0.0370010297802964,-0.0142749005606199,0.0215648257368371));
#3361=CARTESIAN_POINT('',(-0.0377943028233643,-0.0115090007131521,0.022113180923981));
#3362=CARTESIAN_POINT('',(-0.0369802812429987,-0.0141861755899818,0.0182290897799641));
#3363=CARTESIAN_POINT('',(-0.0356474000362734,-0.0134802687243914,0.0205468617660451));
#3364=CARTESIAN_POINT('',(-0.036511689812649,-0.0109303476179896,0.0211857983086453));
#3365=CARTESIAN_POINT('',(-0.0359839985179154,-0.013600056983542,0.0176249794391526));
#3366=CARTESIAN_POINT('',(-0.034749206004175,-0.0128408585515917,0.0198332743647542));
#3367=CARTESIAN_POINT('',(-0.0356625282453225,-0.0104636223927279,0.0205377691016973));
#3368=CARTESIAN_POINT('',(-0.0354752148516314,-0.0132681911290502,0.0173233106387204));
#3369=CARTESIAN_POINT('',(-0.0343085980926275,-0.0124854623573842,0.0194742678822411));
#3370=CARTESIAN_POINT('',(-0.0352498400095436,-0.0102124104471397,0.0202148016747984));
#3371=CARTESIAN_POINT('',(-0.035206786628099,-0.0130827011793145,0.0171515257326075));
#3372=CARTESIAN_POINT('',(-0.0340684083781706,-0.012290629120886,0.0192758798161709));
#3373=CARTESIAN_POINT('',(-0.0350178972244468,-0.0100625445386784,0.0200310622728874));
#3374=CARTESIAN_POINT('',(-0.0350031831681102,-0.0129417826036173,0.0169788301972716));
#3375=CARTESIAN_POINT('',(-0.0338508212274451,-0.0121471010712602,0.0190940904974806));
#3376=CARTESIAN_POINT('',(-0.0347867259551828,-0.00991288089268692,0.0198464627110513));
#3377=CARTESIAN_POINT('',(-0.0347276546845081,-0.0127511838749562,0.0167611604883932));
#3378=CARTESIAN_POINT('',(-0.0335728744045823,-0.0119513899854055,0.0188596653179245));
#3379=CARTESIAN_POINT('',(-0.0344990673233954,-0.00972654078277717,0.0196140080996444));
#3380=CARTESIAN_POINT('',(-0.0343011637090207,-0.012456104097451,0.0164091413102978));
#3381=CARTESIAN_POINT('',(-0.0331343912485257,-0.0116493548289719,0.0184842853336759));
#3382=CARTESIAN_POINT('',(-0.0340415558772079,-0.009429797296049,0.0192384999621883));
#3383=CARTESIAN_POINT('',(-0.0335544776980345,-0.0119395131246069,0.0157834673172812));
#3384=CARTESIAN_POINT('',(-0.0323723373397648,-0.0111212959323095,0.0178184296878181));
#3385=CARTESIAN_POINT('',(-0.0332483719046759,-0.00891424481685982,0.0185725500231227));
#3386=CARTESIAN_POINT('',(-0.0325053710714803,-0.0112136811768574,0.0148622312215449));
#3387=CARTESIAN_POINT('',(-0.0312991497623316,-0.0103792712480454,0.0168401842174106));
#3388=CARTESIAN_POINT('',(-0.0321321282495244,-0.00818783004103972,0.0175928488730937));
#3389=CARTESIAN_POINT('',(-0.0312697923237729,-0.0103588426475843,0.0137192189837428));
#3390=CARTESIAN_POINT('',(-0.0300427296027769,-0.00950986095767238,0.0156436974083761));
#3391=CARTESIAN_POINT('',(-0.0308353358896327,-0.00733318225549478,0.0163934533102475));
#3392=CARTESIAN_POINT('',(-0.0304632686329359,-0.00980084598532287,0.0129315773922184));
#3393=CARTESIAN_POINT('',(-0.0292119864363167,-0.00893514177226318,0.0147958492320854));
#3394=CARTESIAN_POINT('',(-0.0299648399914041,-0.0067751432057481,0.0155430293511377));
#3395=CARTESIAN_POINT('',(-0.0300625398093715,-0.00952360026745903,0.0125338684246909));
#3396=CARTESIAN_POINT('',(-0.0288112576127289,-0.00865789605438845,0.0143981402645557));
#3397=CARTESIAN_POINT('',(-0.0295641111678351,-0.00649789748787683,0.0151453203836084));
#3398=CARTESIAN_POINT('',(0.0625503222804724,0.0135989505491991,0.00518680580071684));
#3399=CARTESIAN_POINT('',(0.0625763913955135,0.0115449151220947,0.00642274341698077));
#3400=CARTESIAN_POINT('',(0.0625763913955135,0.00914756597650598,0.00642274341698077));
#3401=CARTESIAN_POINT('',(0.0593274077589985,0.013598950549202,0.00525478538829842));
#3402=CARTESIAN_POINT('',(0.0593534768740342,0.0115449151220969,0.00649072300456205));
#3403=CARTESIAN_POINT('',(0.0593534768740041,0.00914756597650598,0.0064907230045614));
#3404=CARTESIAN_POINT('',(0.0561044932373122,0.0135989505491991,0.0053227649758809));
#3405=CARTESIAN_POINT('',(0.0561305623523588,0.0115449151220947,0.00655870259214472));
#3406=CARTESIAN_POINT('',(0.056130562352375,0.00914756597650598,0.00655870259214456));
#3407=CARTESIAN_POINT('',(0.0528815787157774,0.0135989505491991,0.00539074456346225));
#3408=CARTESIAN_POINT('',(0.0529076478308185,0.0115449151220947,0.00662668217972618));
#3409=CARTESIAN_POINT('',(0.0529076478308185,0.00914756597650598,0.00662668217972618));
#3410=CARTESIAN_POINT('',(0.0624931491911411,0.009147565976506,0.00642449920997023));
#3411=CARTESIAN_POINT('',(0.0624931491911411,0.0106371170235246,0.00642449920997023));
#3412=CARTESIAN_POINT('',(0.0624934323475431,0.0121931298123687,0.00602815608303089));
#3413=CARTESIAN_POINT('',(0.0624933002316775,0.0135750271913842,0.00520235730256298));
#3414=CARTESIAN_POINT('',(0.0624931456772111,0.00914756597650598,0.00642449920997024));
#3415=CARTESIAN_POINT('',(0.0624931456772111,0.01778,0.00642449920997024));
#3416=CARTESIAN_POINT('',(0.0624931456772111,0.01778,-0.00220793481352378));
#3417=CARTESIAN_POINT('',(0.0633633942024099,0.00914756597652541,0.00642449920997024));
#3418=CARTESIAN_POINT('',(0.0633633942024321,0.0177800000000137,0.00642449929649784));
#3419=CARTESIAN_POINT('',(0.0631931897008004,0.01778,-0.00220793474401372));
#3420=CARTESIAN_POINT('',(0.0651089749917047,0.00914751084327278,0.00637266978592835));
#3421=CARTESIAN_POINT('',(0.0651106716817138,0.0177796148548472,0.00637233676554006));
#3422=CARTESIAN_POINT('',(0.0645935795621718,0.0177799393622779,-0.00224955913377996));
#3423=CARTESIAN_POINT('',(0.0672884336962054,0.009147717592873,0.00617574431458207));
#3424=CARTESIAN_POINT('',(0.0672838801661865,0.0177810592238354,0.00617664989433959));
#3425=CARTESIAN_POINT('',(0.0663327750170711,0.0177801667537359,-0.00240723083080676));
#3426=CARTESIAN_POINT('',(0.0690277716036589,0.00914730409369197,0.00593846806235447));
#3427=CARTESIAN_POINT('',(0.0690354803563604,0.0177781706895334,0.00593692529682087));
#3428=CARTESIAN_POINT('',(0.0677389321761084,0.0177797119708198,-0.0025973606516313));
#3429=CARTESIAN_POINT('',(0.0703311052215413,0.00914856526619025,0.00572023880207528));
#3430=CARTESIAN_POINT('',(0.0703021219008473,0.0177869832668462,0.00572605380458892));
#3431=CARTESIAN_POINT('',(0.0687469478475726,0.0177810990587139,-0.00277244908561712));
#3432=CARTESIAN_POINT('',(0.0716207609253082,0.00914383070058274,0.00546413745924818));
#3433=CARTESIAN_POINT('',(0.0717272831468767,0.0177539391232001,0.00544276225087572));
#3434=CARTESIAN_POINT('',(0.069925439236894,0.0177758917943244,-0.00297831446002741));
#3435=CARTESIAN_POINT('',(0.0733196571665039,0.0091179242459304,0.00507416808260669));
#3436=CARTESIAN_POINT('',(0.0735523406157207,0.0176878859110482,0.00501689510439796));
#3437=CARTESIAN_POINT('',(0.0714328287899919,0.0177471846186428,-0.00329257629294239));
#3438=CARTESIAN_POINT('',(0.0754045864742869,0.00905279596383959,0.00449828282304216));
#3439=CARTESIAN_POINT('',(0.0758150028873086,0.0175470805202687,0.00437702262397229));
#3440=CARTESIAN_POINT('',(0.0733281302098467,0.0176744591091808,-0.00375869349467663));
#3441=CARTESIAN_POINT('',(0.0786528700696818,0.00887160376890582,0.00340275101954309));
#3442=CARTESIAN_POINT('',(0.079333725185212,0.0171949518493447,0.0031483856502089));
#3443=CARTESIAN_POINT('',(0.076336334535587,0.0174690149392888,-0.00465244395355601));
#3444=CARTESIAN_POINT('',(0.0825593484511515,0.00848537734734585,0.00172121797738848));
#3445=CARTESIAN_POINT('',(0.0835681300382546,0.0164900671597319,0.0012456348846981));
#3446=CARTESIAN_POINT('',(0.0801074133725528,0.0170218231138825,-0.00604285818074088));
#3447=CARTESIAN_POINT('',(0.0868412754590469,0.00773650250937876,-0.000623724859324548));
#3448=CARTESIAN_POINT('',(0.0882322210681257,0.0151669420520158,-0.00144439575253973));
#3449=CARTESIAN_POINT('',(0.0845453152320584,0.0161100368835933,-0.00802362191960657));
#3450=CARTESIAN_POINT('',(0.0901458668286301,0.00680083517676028,-0.00279941321047792));
#3451=CARTESIAN_POINT('',(0.0918688656430736,0.0135282650409973,-0.00398065237357776));
#3452=CARTESIAN_POINT('',(0.0883214389790607,0.0148861558929267,-0.00989942156744845));
#3453=CARTESIAN_POINT('',(0.0925671270130744,0.00580139312862629,-0.00457877858348261));
#3454=CARTESIAN_POINT('',(0.0945660109180533,0.0117505459898398,-0.00609193188903062));
#3455=CARTESIAN_POINT('',(0.0914059121522463,0.0134364953527997,-0.0114547623547257));
#3456=CARTESIAN_POINT('',(0.094260307766063,0.0048986290904686,-0.00590595877898552));
#3457=CARTESIAN_POINT('',(0.0964492778391475,0.0101452396193217,-0.00766789513896818));
#3458=CARTESIAN_POINT('',(0.093763379288723,0.0120185552279846,-0.0126242293426859));
#3459=CARTESIAN_POINT('',(0.0958345920222308,0.00377394367930879,-0.00721385265379319));
#3460=CARTESIAN_POINT('',(0.0982146152924579,0.00812802259605961,-0.00923733955945296));
#3461=CARTESIAN_POINT('',(0.0962015407556263,0.0100724426777986,-0.013785253926203));
#3462=CARTESIAN_POINT('',(0.0967361757259656,0.0028583836621036,-0.00800159333560612));
#3463=CARTESIAN_POINT('',(0.0992358903897552,0.00648390560911613,-0.0101950267480986));
#3464=CARTESIAN_POINT('',(0.0977368924051236,0.00833650111477801,-0.0144890516321968));
#3465=CARTESIAN_POINT('',(0.0971430062509164,0.00234769998375371,-0.00836351449264904));
#3466=CARTESIAN_POINT('',(0.0996885122436537,0.00560087956689343,-0.0106280261692562));
#3467=CARTESIAN_POINT('',(0.0984327357396912,0.00736112466983029,-0.0148131610347523));
#3468=CARTESIAN_POINT('',(0.097025345892213,0.00249245231679577,-0.00825904327580791));
#3469=CARTESIAN_POINT('',(0.0971873449197499,0.00380591375993063,-0.00840260662540346));
#3470=CARTESIAN_POINT('',(0.0968972707996701,0.00645623114352176,-0.00869260280840777));
#3471=CARTESIAN_POINT('',(0.0951021282248703,0.0099936447388872,-0.00915010146938207));
#3472=CARTESIAN_POINT('',(0.0923181207314898,0.0128060663450758,-0.009639118083959));
#3473=CARTESIAN_POINT('',(0.0900469845597212,0.0140965409164477,-0.00998216927761631));
#3474=CARTESIAN_POINT('',(0.0888331215887334,0.0145946387127788,-0.01016));
#3475=CARTESIAN_POINT('',(0.0624931456772111,-0.01778,-0.00220793481352378));
#3476=CARTESIAN_POINT('',(0.0624931456772111,-0.01778,0.00642449920997024));
#3477=CARTESIAN_POINT('',(0.0624931456772111,-0.00914756597650598,0.00642449920997024));
#3478=CARTESIAN_POINT('',(0.0631931897007905,-0.01778,-0.00220793474401069));
#3479=CARTESIAN_POINT('',(0.0633633942023838,-0.0177799999999828,0.00642449929651544));
#3480=CARTESIAN_POINT('',(0.0633633942024073,-0.00914756597648655,0.00642449920997024));
#3481=CARTESIAN_POINT('',(0.064593579562176,-0.0177799393622778,-0.00224955913378139));
#3482=CARTESIAN_POINT('',(0.0651106716817361,-0.0177796148548619,0.00637233676553172));
#3483=CARTESIAN_POINT('',(0.0651089749917054,-0.00914751084329126,0.00637266978592838));
#3484=CARTESIAN_POINT('',(0.0663327750170697,-0.0177801667537359,-0.00240723083080649));
#3485=CARTESIAN_POINT('',(0.0672838801661827,-0.0177810592238336,0.00617664989434072));
#3486=CARTESIAN_POINT('',(0.0672884336962042,-0.00914771759287073,0.00617574431458218));
#3487=CARTESIAN_POINT('',(0.0677389321761073,-0.0177797119708198,-0.00259736065163115));
#3488=CARTESIAN_POINT('',(0.0690354803563593,-0.0177781706895337,0.00593692529682094));
#3489=CARTESIAN_POINT('',(0.0690277716036574,-0.00914730409369236,0.00593846806235471));
#3490=CARTESIAN_POINT('',(0.0687469478475712,-0.017781099058714,-0.00277244908561687));
#3491=CARTESIAN_POINT('',(0.0703021219008455,-0.0177869832668461,0.00572605380458922));
#3492=CARTESIAN_POINT('',(0.0703311052215396,-0.0091485652661902,0.00572023880207557));
#3493=CARTESIAN_POINT('',(0.0699254392368922,-0.0177758917943244,-0.00297831446002706));
#3494=CARTESIAN_POINT('',(0.0717272831468745,-0.0177539391232002,0.0054427622508762));
#3495=CARTESIAN_POINT('',(0.0716207609253062,-0.00914383070058275,0.00546413745924861));
#3496=CARTESIAN_POINT('',(0.0714328287899898,-0.0177471846186429,-0.00329257629294192));
#3497=CARTESIAN_POINT('',(0.0735523406157182,-0.0176878859110484,0.0050168951043986));
#3498=CARTESIAN_POINT('',(0.0733196571665016,-0.00911792424593045,0.00507416808260727));
#3499=CARTESIAN_POINT('',(0.073328130209844,-0.0176744591091809,-0.0037586934946759));
#3500=CARTESIAN_POINT('',(0.0758150028873053,-0.0175470805202689,0.00437702262397328));
#3501=CARTESIAN_POINT('',(0.0754045864742839,-0.00905279596383973,0.00449828282304306));
#3502=CARTESIAN_POINT('',(0.076336334535584,-0.0174690149392891,-0.00465244395355503));
#3503=CARTESIAN_POINT('',(0.0793337251852086,-0.0171949518493452,0.00314838565021026));
#3504=CARTESIAN_POINT('',(0.0786528700696787,-0.00887160376890607,0.00340275101954429));
#3505=CARTESIAN_POINT('',(0.0801074133725487,-0.017021823113883,-0.00604285818073914));
#3506=CARTESIAN_POINT('',(0.08356813003825,-0.0164900671597328,0.00124563488470049));
#3507=CARTESIAN_POINT('',(0.0825593484511472,-0.00848537734734632,0.00172121797739055));
#3508=CARTESIAN_POINT('',(0.0845453152320533,-0.0161100368835947,-0.00802362191960451));
#3509=CARTESIAN_POINT('',(0.0882322210681209,-0.0151669420520179,-0.00144439575253705));
#3510=CARTESIAN_POINT('',(0.0868412754590427,-0.00773650250937992,-0.000623724859322115));
#3511=CARTESIAN_POINT('',(0.0883214389790553,-0.0148861558929283,-0.00989942156744467));
#3512=CARTESIAN_POINT('',(0.0918688656430679,-0.0135282650409993,-0.00398065237357251));
#3513=CARTESIAN_POINT('',(0.0901458668286242,-0.00680083517676137,-0.00279941321047367));
#3514=CARTESIAN_POINT('',(0.0914059121522388,-0.0134364953528041,-0.0114547623547238));
#3515=CARTESIAN_POINT('',(0.0945660109180483,-0.0117505459898453,-0.00609193188902837));
#3516=CARTESIAN_POINT('',(0.0925671270130711,-0.00580139312862952,-0.00457877858348033));
#3517=CARTESIAN_POINT('',(0.0937633792887177,-0.0120185552279867,-0.0126242293426762));
#3518=CARTESIAN_POINT('',(0.0964492778391386,-0.0101452396193229,-0.00766789513895419));
#3519=CARTESIAN_POINT('',(0.0942603077660505,-0.00489862909046867,-0.0059059587789749));
#3520=CARTESIAN_POINT('',(0.0962015407556101,-0.0100724426778173,-0.0137852539262221));
#3521=CARTESIAN_POINT('',(0.0982146152924639,-0.00812802259608323,-0.00923733955948065));
#3522=CARTESIAN_POINT('',(0.0958345920222533,-0.00377394367932423,-0.00721385265381346));
#3523=CARTESIAN_POINT('',(0.0977368924051328,-0.00833650111476375,-0.0144890516321437));
#3524=CARTESIAN_POINT('',(0.0992358903897254,-0.0064839056090906,-0.0101950267480247));
#3525=CARTESIAN_POINT('',(0.0967361757259014,-0.00285838366208449,-0.00800159333554907));
#3526=CARTESIAN_POINT('',(0.0984327357396837,-0.0073611246698408,-0.0148131610347489));
#3527=CARTESIAN_POINT('',(0.0996885122436489,-0.00560087956690285,-0.0106280261692516));
#3528=CARTESIAN_POINT('',(0.097143006250912,-0.0023476999837592,-0.00836351449264516));
#3529=CARTESIAN_POINT('',(0.0888331215887166,-0.0145946387127857,-0.0101600000000024));
#3530=CARTESIAN_POINT('',(0.0900482870336395,-0.0140960064579443,-0.00998197846540497));
#3531=CARTESIAN_POINT('',(0.0922972428523933,-0.0128201295356676,-0.00964237898805161));
#3532=CARTESIAN_POINT('',(0.0950967007851995,-0.0100037940428892,-0.00915137738616328));
#3533=CARTESIAN_POINT('',(0.0968956046877639,-0.00646288834048054,-0.00869338209161128));
#3534=CARTESIAN_POINT('',(0.0971876045158921,-0.00380801852273081,-0.00840283667920464));
#3535=CARTESIAN_POINT('',(0.0970253458922151,-0.00249245231681211,-0.00825904327580969));
#3536=CARTESIAN_POINT('',(0.0624931491911411,-0.0135751482763754,0.00520255991678001));
#3537=CARTESIAN_POINT('',(0.0624931491911411,-0.0122448149976262,0.00599740024691756));
#3538=CARTESIAN_POINT('',(0.0624931491911411,-0.0106972620057197,0.00642449920997024));
#3539=CARTESIAN_POINT('',(0.0624931491911411,-0.00914756597650598,0.00642449920997024));
#3540=CARTESIAN_POINT('',(0.0625763909234173,-0.00914756597650598,0.00642274342693849));
#3541=CARTESIAN_POINT('',(0.0625763909234173,-0.0115449151220947,0.00642274342693849));
#3542=CARTESIAN_POINT('',(0.0625503218083761,-0.013598950549199,0.00518680581067457));
#3543=CARTESIAN_POINT('',(0.0593534765602044,-0.00914756597650598,0.00649072301118024));
#3544=CARTESIAN_POINT('',(0.0593534765601993,-0.0115449151220947,0.00649072301117925));
#3545=CARTESIAN_POINT('',(0.059327407445158,-0.013598950549199,0.00525478539491466));
#3546=CARTESIAN_POINT('',(0.0561305621968606,-0.00914756597650598,0.00655870259542476));
#3547=CARTESIAN_POINT('',(0.0561305621968739,-0.011544915122098,0.0065587025954254));
#3548=CARTESIAN_POINT('',(0.0561044930818372,-0.0135989505492035,0.00532276497916053));
#3549=CARTESIAN_POINT('',(0.0529076478336116,-0.00914756597650598,0.00662668217966727));
#3550=CARTESIAN_POINT('',(0.0529076478336116,-0.0115449151220947,0.00662668217966727));
#3551=CARTESIAN_POINT('',(0.0528815787185705,-0.013598950549199,0.00539074456340335));
#3552=CARTESIAN_POINT('',(0.0719366797914314,-6.83943875377615E-18,-0.00889));
#3553=CARTESIAN_POINT('',(0.0719366797914307,0.014322574819316,-0.0127));
#3554=CARTESIAN_POINT('',(0.0714981163395161,0.0141899294202309,-0.0126999999999999));
#3555=CARTESIAN_POINT('',(0.0710680486275985,0.0140513699563005,-0.012624539252869));
#3556=CARTESIAN_POINT('',(0.0706624762989016,0.0139125353530637,-0.0124806135213393));
#3557=CARTESIAN_POINT('',(0.0719366797914316,-0.0143225748193163,-0.0127));
#3558=CARTESIAN_POINT('',(0.0714981163395166,-0.014189929420231,-0.0127));
#3559=CARTESIAN_POINT('',(0.071068048627605,-0.0140513699562808,-0.0126245392528713));
#3560=CARTESIAN_POINT('',(0.0706624762989016,-0.0139125353530637,-0.0124806135213393));
#3561=CARTESIAN_POINT('',(0.0687495273495271,0.01778,-0.0077853820005591));
#3562=CARTESIAN_POINT('',(0.067528477699074,0.01778,-0.0113944175713354));
#3563=CARTESIAN_POINT('',(0.067528477699074,0.01397,-0.0113944175713354));
#3564=CARTESIAN_POINT('',(0.0690335228607881,0.01778,-0.0078814665674608));
#3565=CARTESIAN_POINT('',(0.0678077288951755,0.0177800000000015,-0.011488896987981));
#3566=CARTESIAN_POINT('',(0.0678077288951683,0.01397,-0.0114888969879808));
#3567=CARTESIAN_POINT('',(0.0696401944093714,0.0177776718860465,-0.00807478606905584));
#3568=CARTESIAN_POINT('',(0.0684014318454113,0.0177902974824706,-0.0116911084486381));
#3569=CARTESIAN_POINT('',(0.0683657622830575,0.0139677651316757,-0.0116789441487088));
#3570=CARTESIAN_POINT('',(0.0708173692543172,0.0177610361745395,-0.00846576469458359));
#3571=CARTESIAN_POINT('',(0.0695563420490657,0.017788170842304,-0.0120896329945256));
#3572=CARTESIAN_POINT('',(0.0694814651828178,0.0139518333014763,-0.0120636647963708));
#3573=CARTESIAN_POINT('',(0.0728964672097298,0.0177004409372844,-0.00916339122992024));
#3574=CARTESIAN_POINT('',(0.0715891711557462,0.0177621989935071,-0.0128071194962071));
#3575=CARTESIAN_POINT('',(0.071421062485753,0.013893952970787,-0.0127468854851139));
#3576=CARTESIAN_POINT('',(0.074673241453757,0.0175895591994071,-0.00977210997486911));
#3577=CARTESIAN_POINT('',(0.0733670005496787,0.0176824803476903,-0.0134482088041104));
#3578=CARTESIAN_POINT('',(0.0731179425065333,0.0137885794117488,-0.0133590108142458));
#3579=CARTESIAN_POINT('',(0.0758639265428163,0.0174833993736172,-0.0101743078609335));
#3580=CARTESIAN_POINT('',(0.0745501004975918,0.0176005382757172,-0.0138719258454327));
#3581=CARTESIAN_POINT('',(0.0742409568100334,0.0136884530193604,-0.0137612087003026));
#3582=CARTESIAN_POINT('',(0.0758215717565023,0.0174871621385175,-0.01016));
#3583=CARTESIAN_POINT('',(0.0749251202705612,0.0175665160490133,-0.0106053181836128));
#3584=CARTESIAN_POINT('',(0.0731253859572652,0.0173212046222832,-0.0114836889176084));
#3585=CARTESIAN_POINT('',(0.071582183471729,0.0160736806941333,-0.0122294241164747));
#3586=CARTESIAN_POINT('',(0.0711645047009067,0.0151735850453658,-0.0124251991578521));
#3587=CARTESIAN_POINT('',(0.0711645047009071,0.0151735850453654,-0.012425199157852));
#3588=CARTESIAN_POINT('',(0.0711645047009071,0.0151735850453655,-0.012425199157852));
#3589=CARTESIAN_POINT('',(0.0709762613418907,0.0147679215541951,-0.0125134328770992));
#3590=CARTESIAN_POINT('',(0.0708063478658434,0.0143404890853118,-0.0125316693233585));
#3591=CARTESIAN_POINT('',(0.0706624762989016,0.0139125353530636,-0.0124806135213393));
#3592=CARTESIAN_POINT('',(0.068692653190812,0.0177085706974532,-0.00854085721134259));
#3593=CARTESIAN_POINT('',(0.0684548101175675,0.0175341695583333,-0.00939812630393538));
#3594=CARTESIAN_POINT('',(0.0682278693756172,0.0165471774540503,-0.0110015924160729));
#3595=CARTESIAN_POINT('',(0.068530386592219,0.0148175282309275,-0.0117358772960812));
#3596=CARTESIAN_POINT('',(0.0687720716708012,0.0139615848090589,-0.0118192274376736));
#3597=CARTESIAN_POINT('',(0.067528477699074,-0.01397,-0.0113944175713353));
#3598=CARTESIAN_POINT('',(0.067528477699074,-0.01778,-0.0113944175713354));
#3599=CARTESIAN_POINT('',(0.0687495273495271,-0.01778,-0.00778538200055909));
#3600=CARTESIAN_POINT('',(0.0678077288951757,-0.013970000000001,-0.0114888969879833));
#3601=CARTESIAN_POINT('',(0.0678077288951946,-0.0177800000000029,-0.0114888969879788));
#3602=CARTESIAN_POINT('',(0.0690335228607901,-0.01778,-0.00788146656746105));
#3603=CARTESIAN_POINT('',(0.0683657622830549,-0.0139677651316753,-0.0116789441487079));
#3604=CARTESIAN_POINT('',(0.0684014318454033,-0.0177902974824699,-0.0116911084486393));
#3605=CARTESIAN_POINT('',(0.0696401944093709,-0.0177776718860465,-0.00807478606905593));
#3606=CARTESIAN_POINT('',(0.0694814651828158,-0.0139518333014765,-0.01206366479637));
#3607=CARTESIAN_POINT('',(0.0695563420490669,-0.0177881708423047,-0.0120896329945236));
#3608=CARTESIAN_POINT('',(0.0708173692543152,-0.0177610361745397,-0.00846576469458252));
#3609=CARTESIAN_POINT('',(0.0714210624857964,-0.0138939529707869,-0.0127468854851295));
#3610=CARTESIAN_POINT('',(0.0715891711557853,-0.0177621989935035,-0.0128071194962236));
#3611=CARTESIAN_POINT('',(0.0728964672097584,-0.0177004409372818,-0.00916339122993325));
#3612=CARTESIAN_POINT('',(0.0731179425063409,-0.0137885794117488,-0.0133590108141769));
#3613=CARTESIAN_POINT('',(0.073367000549497,-0.0176824803477049,-0.0134482088040421));
#3614=CARTESIAN_POINT('',(0.0746732414536327,-0.0175895591994182,-0.00977210997481305));
#3615=CARTESIAN_POINT('',(0.0742409568100334,-0.0136884530193604,-0.0137612087003026));
#3616=CARTESIAN_POINT('',(0.0745501004975919,-0.0176005382757172,-0.0138719258454327));
#3617=CARTESIAN_POINT('',(0.0758639265428164,-0.0174833993736172,-0.0101743078609335));
#3618=CARTESIAN_POINT('',(0.0711645047009104,-0.0151735850453725,-0.0124251991578504));
#3619=CARTESIAN_POINT('',(0.0709762613418927,-0.0147679215542,-0.0125134328770989));
#3620=CARTESIAN_POINT('',(0.0708063478658398,-0.0143404890853159,-0.0125316693233573));
#3621=CARTESIAN_POINT('',(0.0706624762989015,-0.0139125353530636,-0.0124806135213393));
#3622=CARTESIAN_POINT('',(0.0711645047009104,-0.0151735850453725,-0.0124251991578504));
#3623=CARTESIAN_POINT('',(0.0711645047009104,-0.0151735850453726,-0.0124251991578504));
#3624=CARTESIAN_POINT('',(0.0715817304403487,-0.0160727044137825,-0.012229636462046));
#3625=CARTESIAN_POINT('',(0.0731157704651745,-0.0173173285275892,-0.0114883622534468));
#3626=CARTESIAN_POINT('',(0.0749250990590196,-0.0175665179266596,-0.0106053287205859));
#3627=CARTESIAN_POINT('',(0.0758215717565023,-0.0174871621385175,-0.01016));
#3628=CARTESIAN_POINT('',(0.0686926531908121,-0.0177085706974532,-0.00854085721134261));
#3629=CARTESIAN_POINT('',(0.0684548101175677,-0.0175341695583333,-0.00939812630393521));
#3630=CARTESIAN_POINT('',(0.0682278693756296,-0.0165471774540546,-0.0110015924160767));
#3631=CARTESIAN_POINT('',(0.068530386592194,-0.0148175282309206,-0.0117358772960723));
#3632=CARTESIAN_POINT('',(0.0687720716708006,-0.0139615848090599,-0.0118192274376734));
#3633=CARTESIAN_POINT('',(0.0454367510974407,0.00788281206041574,-0.00126081138276268));
#3634=CARTESIAN_POINT('',(0.0446074128282104,0.00788281206041574,-0.00497945334390796));
#3635=CARTESIAN_POINT('',(0.0446074128282104,0.0040728120604157,-0.00497945334390791));
#3636=CARTESIAN_POINT('',(0.0474422426815673,0.00788281206041574,-0.0017942670451968));
#3637=CARTESIAN_POINT('',(0.046569360365152,0.00779960991373677,-0.00541701043880667));
#3638=CARTESIAN_POINT('',(0.0469591606231437,0.00407281206267739,-0.00550394439905525));
#3639=CARTESIAN_POINT('',(0.0504492225325472,0.00833195645890806,-0.00263201393324452));
#3640=CARTESIAN_POINT('',(0.0495726765852577,0.00812770493894648,-0.0061271213452801));
#3641=CARTESIAN_POINT('',(0.0503857229179898,0.00460561026613502,-0.00632759054509415));
#3642=CARTESIAN_POINT('',(0.0544998693792728,0.00962438475584281,-0.00382909946602628));
#3643=CARTESIAN_POINT('',(0.0536769970863536,0.00931852396616711,-0.00719190167740685));
#3644=CARTESIAN_POINT('',(0.0548260733371969,0.00604908358299059,-0.00750452257855338));
#3645=CARTESIAN_POINT('',(0.0574788374100873,0.0108716768360313,-0.00474491777349072));
#3646=CARTESIAN_POINT('',(0.0566863891890794,0.0105039831314756,-0.008018513091338));
#3647=CARTESIAN_POINT('',(0.0580252060136698,0.00741293984586101,-0.00840493138478968));
#3648=CARTESIAN_POINT('',(0.0604165544446932,0.0123550179261773,-0.00568370977627013));
#3649=CARTESIAN_POINT('',(0.0596537535348193,0.0119392812431086,-0.00887844006238326));
#3650=CARTESIAN_POINT('',(0.0611291549155951,0.00900784720130963,-0.00932794623953954));
#3651=CARTESIAN_POINT('',(0.0632852792635357,0.0140227211112717,-0.00663686365275555));
#3652=CARTESIAN_POINT('',(0.0625502822353764,0.0135694244706259,-0.00976140061842255));
#3653=CARTESIAN_POINT('',(0.0641231440247917,0.0107787783245823,-0.010265110069227));
#3654=CARTESIAN_POINT('',(0.0656221234238179,0.0155387707953406,-0.00744233116999242));
#3655=CARTESIAN_POINT('',(0.0649096043536785,0.0150623056836197,-0.0105155052111797));
#3656=CARTESIAN_POINT('',(0.066536034054383,0.0123709619815444,-0.0110570960458413));
#3657=CARTESIAN_POINT('',(0.0672276230917729,0.0166523873485232,-0.00801290165247246));
#3658=CARTESIAN_POINT('',(0.0665323347611631,0.0161626914183198,-0.0110518112461078));
#3659=CARTESIAN_POINT('',(0.0681893224523654,0.0135373932760908,-0.0116181364530286));
#3660=CARTESIAN_POINT('',(0.0681455358666092,0.0173088152026439,-0.00834091785606689));
#3661=CARTESIAN_POINT('',(0.0674553747751062,0.0168115912709924,-0.0113619612816484));
#3662=CARTESIAN_POINT('',(0.0691245363642399,0.0142174323366917,-0.0119406800546236));
#3663=CARTESIAN_POINT('',(0.0685881392841089,0.0176316353304757,-0.00850555417555701));
#3664=CARTESIAN_POINT('',(0.0679059695209851,0.0171300930282097,-0.0115148935316379));
#3665=CARTESIAN_POINT('',(0.0695889734355689,0.0145619909140399,-0.012102571721992));
#3666=CARTESIAN_POINT('',(0.068823646330131,0.017804783940174,-0.00858807779744373));
#3667=CARTESIAN_POINT('',(0.0681397549069586,0.0173019758454395,-0.0115947535318564));
#3668=CARTESIAN_POINT('',(0.0698205559230762,0.0147351395237507,-0.0121837201460228));
#3669=CARTESIAN_POINT('',(0.0454367510974407,0.00407281206041574,-0.00126081138276268));
#3670=CARTESIAN_POINT('',(0.0446074128282104,-0.0040728120604157,-0.00497945334390791));
#3671=CARTESIAN_POINT('',(0.0446074128282104,-0.00788281206041574,-0.00497945334390794));
#3672=CARTESIAN_POINT('',(0.0454367510974407,-0.00788281206041573,-0.00126081138276268));
#3673=CARTESIAN_POINT('',(0.0469591606231446,-0.00407281206242232,-0.00550394439905546));
#3674=CARTESIAN_POINT('',(0.0465693603651502,-0.0077996099136087,-0.00541701043894871));
#3675=CARTESIAN_POINT('',(0.0474422426815843,-0.00788281206041573,-0.0017942670452053));
#3676=CARTESIAN_POINT('',(0.0503857229179896,-0.0046056102661924,-0.00632759054509411));
#3677=CARTESIAN_POINT('',(0.0495726765852476,-0.00812770493897366,-0.00612712134524613));
#3678=CARTESIAN_POINT('',(0.0504492225325434,-0.00833195645890797,-0.00263201393324261));
#3679=CARTESIAN_POINT('',(0.054826073337197,-0.00604908358297979,-0.00750452257855338));
#3680=CARTESIAN_POINT('',(0.0536769970863581,-0.00931852396616284,-0.00719190167741381));
#3681=CARTESIAN_POINT('',(0.0544998693792735,-0.00962438475584283,-0.00382909946602665));
#3682=CARTESIAN_POINT('',(0.05802520601367,-0.00741293984586392,-0.00840493138478971));
#3683=CARTESIAN_POINT('',(0.0566863891890777,-0.0105039831314765,-0.00801851309133607));
#3684=CARTESIAN_POINT('',(0.0574788374100871,-0.0108716768360313,-0.00474491777349063));
#3685=CARTESIAN_POINT('',(0.0611291549155948,-0.00900784720130872,-0.00932794623953943));
#3686=CARTESIAN_POINT('',(0.0596537535348199,-0.0119392812431084,-0.00887844006238368));
#3687=CARTESIAN_POINT('',(0.0604165544446934,-0.0123550179261774,-0.00568370977627016));
#3688=CARTESIAN_POINT('',(0.0641231440247931,-0.0107787783245831,-0.0102651100692275));
#3689=CARTESIAN_POINT('',(0.0625502822353763,-0.013569424470626,-0.00976140061842299));
#3690=CARTESIAN_POINT('',(0.0632852792635353,-0.0140227211112715,-0.00663686365275556));
#3691=CARTESIAN_POINT('',(0.0665360340543791,-0.0123709619815428,-0.0110570960458399));
#3692=CARTESIAN_POINT('',(0.064909604353678,-0.0150623056836192,-0.0105155052111779));
#3693=CARTESIAN_POINT('',(0.065622123423819,-0.0155387707953414,-0.00744233116999236));
#3694=CARTESIAN_POINT('',(0.0681893224523708,-0.013537393276093,-0.0116181364530306));
#3695=CARTESIAN_POINT('',(0.066532334761164,-0.0161626914183207,-0.0110518112461104));
#3696=CARTESIAN_POINT('',(0.0672276230917713,-0.016652387348522,-0.00801290165247254));
#3697=CARTESIAN_POINT('',(0.0691245363642305,-0.0142174323366879,-0.0119406800546203));
#3698=CARTESIAN_POINT('',(0.0674553747751045,-0.016811591270991,-0.0113619612816438));
#3699=CARTESIAN_POINT('',(0.0681455358666121,-0.017308815202646,-0.00834091785606678));
#3700=CARTESIAN_POINT('',(0.0695889734355899,-0.0145619909140484,-0.0121025717219994));
#3701=CARTESIAN_POINT('',(0.0679059695209892,-0.0171300930282133,-0.0115148935316482));
#3702=CARTESIAN_POINT('',(0.0685881392841026,-0.017631635330471,-0.00850555417555729));
#3703=CARTESIAN_POINT('',(0.0698205559230762,-0.0147351395237508,-0.0121837201460228));
#3704=CARTESIAN_POINT('',(0.0681397549069587,-0.0173019758454396,-0.0115947535318564));
#3705=CARTESIAN_POINT('',(0.068823646330131,-0.0178047839401741,-0.00858807779744375));
#3706=CARTESIAN_POINT('',(0.0454367510974407,-0.00407281206041574,-0.00126081138276268));
#3707=CARTESIAN_POINT('',(0.0446074128282104,0.0040728120604157,-0.00497945334390791));
#3708=CARTESIAN_POINT('',(0.0446074128282104,0.00788281206041573,-0.00497945334390795));
#3709=CARTESIAN_POINT('',(0.0454367510974407,0.00788281206041573,-0.00126081138276268));
#3710=CARTESIAN_POINT('',(0.0391973174335108,0.00407281206082645,-0.00377288406461399));
#3711=CARTESIAN_POINT('',(0.0391973174354854,0.00788281206085141,-0.00377288406447889));
#3712=CARTESIAN_POINT('',(0.0399341862889039,0.00788281206041573,-3.36194071886167E-5));
#3713=CARTESIAN_POINT('',(0.0283173806373128,0.00407281206021663,-0.00176935966289004));
#3714=CARTESIAN_POINT('',(0.0283173806363974,0.00788281206020422,-0.00176935966294209));
#3715=CARTESIAN_POINT('',(0.0288690171932954,0.00788281206041576,0.00200395701197619));
#3716=CARTESIAN_POINT('',(0.00626742699649381,0.00407281206058988,0.000638735801232977));
#3717=CARTESIAN_POINT('',(0.00626742699712209,0.00788281206060202,0.000638735801222974));
#3718=CARTESIAN_POINT('',(0.00645255254676662,0.0078828120604157,0.00445187412685524));
#3719=CARTESIAN_POINT('',(-0.010395901514839,0.00407281206014226,0.000669562087036308));
#3720=CARTESIAN_POINT('',(-0.010395901515234,0.00788281206011877,0.000669562087242533));
#3721=CARTESIAN_POINT('',(-0.0104714736399082,0.00788281206041574,0.00448230122749604));
#3722=CARTESIAN_POINT('',(-0.0214719382197015,0.00407281206041574,-2.46163449650091E-5));
#3723=CARTESIAN_POINT('',(-0.0214719382197015,0.00788281206041574,-2.46163449650091E-5));
#3724=CARTESIAN_POINT('',(-0.02171025818012,0.00788281206041574,0.00377792275364609));
#3725=CARTESIAN_POINT('',(-0.0213076813019337,0.00788281206041574,0.00380284388566847));
#3726=CARTESIAN_POINT('',(-0.0212470933848999,0.00788281206041574,0.00279757704572581));
#3727=CARTESIAN_POINT('',(-0.0210790016459229,0.00706004594163276,0.000831371283616414));
#3728=CARTESIAN_POINT('',(-0.020914740484384,0.00506407639426254,9.70874854919107E-6));
#3729=CARTESIAN_POINT('',(-0.0208596757433621,0.00407281206041687,1.30289586390624E-5));
#3730=CARTESIAN_POINT('',(0.0454367510974407,-0.00788281206041576,-0.00126081138276269));
#3731=CARTESIAN_POINT('',(0.0446074128282104,-0.00788281206041575,-0.0049794533439079));
#3732=CARTESIAN_POINT('',(0.0446074128282104,-0.00407281206041579,-0.00497945334390793));
#3733=CARTESIAN_POINT('',(0.0399341862890995,-0.00788281206041576,-3.36194071800659E-5));
#3734=CARTESIAN_POINT('',(0.0391973174320278,-0.00788281205997662,-0.00377288406453072));
#3735=CARTESIAN_POINT('',(0.0391973174331671,-0.00407281205994635,-0.00377288406453744));
#3736=CARTESIAN_POINT('',(0.0288690171931959,-0.00788281206041575,0.00200395701197141));
#3737=CARTESIAN_POINT('',(0.0283173806379815,-0.00788281206061692,-0.00176935966292825));
#3738=CARTESIAN_POINT('',(0.0283173806374584,-0.00407281206063266,-0.00176935966292551));
#3739=CARTESIAN_POINT('',(0.00645255254687328,-0.0078828120604158,0.00445187412686201));
#3740=CARTESIAN_POINT('',(0.00626742699611642,-0.00788281206028819,0.000638735801257479));
#3741=CARTESIAN_POINT('',(0.00626742699645344,-0.00407281206027,0.000638735801257197));
#3742=CARTESIAN_POINT('',(-0.0104714736401426,-0.00788281206041574,0.00448230122747651));
#3743=CARTESIAN_POINT('',(-0.0103959015149577,-0.00788281206045028,0.000669562087028327));
#3744=CARTESIAN_POINT('',(-0.0103959015150736,-0.00407281206049388,0.0006695620870216));
#3745=CARTESIAN_POINT('',(-0.02171025818012,-0.00788281206041574,0.00377792275364609));
#3746=CARTESIAN_POINT('',(-0.0214719382197014,-0.00788281206041574,-2.46163449650061E-5));
#3747=CARTESIAN_POINT('',(-0.0214719382197014,-0.00407281206041574,-2.46163449650061E-5));
#3748=CARTESIAN_POINT('',(-0.0213076813019337,-0.00788281206041574,0.00380284388566847));
#3749=CARTESIAN_POINT('',(-0.0212470933848998,-0.00788281206041574,0.00279757704572545));
#3750=CARTESIAN_POINT('',(-0.0210790016459148,-0.00706004594163227,0.000831371283615541));
#3751=CARTESIAN_POINT('',(-0.0209147404843991,-0.00506407639426018,9.70874854801691E-6));
#3752=CARTESIAN_POINT('',(-0.0208596757433611,-0.00407281206041585,1.30289586391225E-5));
#3753=CARTESIAN_POINT('',(-0.0205417281147959,0.00411050402966395,3.20035647528418E-5));
#3754=CARTESIAN_POINT('',(-0.0209959605148871,0.00792020629388988,5.17654468378458E-6));
#3755=CARTESIAN_POINT('',(-0.0212189799817358,0.00789352283826703,0.00383537607146425));
#3756=CARTESIAN_POINT('',(-0.0206967268056681,0.0040916855536221,2.28493234660652E-5));
#3757=CARTESIAN_POINT('',(-0.0211509651250907,0.00790166056469403,-4.25196619696901E-6));
#3758=CARTESIAN_POINT('',(-0.0213762642013197,0.00787470436222658,0.00382608684657757));
#3759=CARTESIAN_POINT('',(-0.0210066841509824,0.00405509192474611,4.26277499478138E-6));
#3760=CARTESIAN_POINT('',(-0.0214087040507174,0.00786860121949281,-2.02539041266897E-5));
#3761=CARTESIAN_POINT('',(-0.0216391836562214,0.0078441589814846,0.00380722646703536));
#3762=CARTESIAN_POINT('',(-0.0216262798693454,0.00399327526486441,-3.40100901035798E-5));
#3763=CARTESIAN_POINT('',(-0.0219516868953051,0.00781035060940248,-5.46765674383938E-5));
#3764=CARTESIAN_POINT('',(-0.022191972722714,0.0077896946078358,0.00376839072775331));
#3765=CARTESIAN_POINT('',(-0.0227097809280956,0.00391198498148703,-0.000103868444066252));
#3766=CARTESIAN_POINT('',(-0.0228792882143339,0.00773202869935917,-0.000115691752239105));
#3767=CARTESIAN_POINT('',(-0.023136947076438,0.00772007244254597,0.0036975076563051));
#3768=CARTESIAN_POINT('',(-0.024255418321842,0.00387920862207439,-0.000211852935420499));
#3769=CARTESIAN_POINT('',(-0.0241882218390674,0.00768850285102946,-0.000207631100942239));
#3770=CARTESIAN_POINT('',(-0.0244690626445882,0.00769263227862887,0.00358794742363523));
#3771=CARTESIAN_POINT('',(-0.0261054324685081,0.00399015884073288,-0.000354288190494821));
#3772=CARTESIAN_POINT('',(-0.025716854808348,0.00775475825794052,-0.000323797467186161));
#3773=CARTESIAN_POINT('',(-0.0260200804928543,0.00778530772408463,0.00344344870830901));
#3774=CARTESIAN_POINT('',(-0.0279530735877834,0.00427275606150719,-0.000509578530898212));
#3775=CARTESIAN_POINT('',(-0.0272104451439095,0.00795002257912858,-0.00044542128975327));
#3776=CARTESIAN_POINT('',(-0.027528366974458,0.00801374814194758,0.00328592507008366));
#3777=CARTESIAN_POINT('',(-0.0297871689075874,0.00475530974025018,-0.000676738439967868));
#3778=CARTESIAN_POINT('',(-0.0286644320183479,0.00829073464633195,-0.00057147686363464));
#3779=CARTESIAN_POINT('',(-0.0289853637706462,0.00839269541048634,0.00311637919970812));
#3780=CARTESIAN_POINT('',(-0.032102273758074,0.005654596356846,-0.000903389552143778));
#3781=CARTESIAN_POINT('',(-0.0304724238327793,0.0089283458614707,-0.000737050463984734));
#3782=CARTESIAN_POINT('',(-0.0307830652032392,0.00908272964458097,0.00288651648602277));
#3783=CARTESIAN_POINT('',(-0.0337330008354209,0.0066588791898735,-0.00107928033005995));
#3784=CARTESIAN_POINT('',(-0.0317462288257043,0.00965022781018454,-0.000862758583075541));
#3785=CARTESIAN_POINT('',(-0.0320209901122224,0.00983569390527887,0.00270816003541619));
#3786=CARTESIAN_POINT('',(-0.0347095484362392,0.00744552200603042,-0.0011896362015004));
#3787=CARTESIAN_POINT('',(-0.0325222108172964,0.0102338970074401,-0.000942453628044037));
#3788=CARTESIAN_POINT('',(-0.0327673694244684,0.0104286673289953,0.00259626676378121));
#3789=CARTESIAN_POINT('',(-0.0346398953416074,0.00738974820685053,-0.00118177401533108));
#3790=CARTESIAN_POINT('',(-0.0342809090851896,0.00740884906903844,-0.00114129956127123));
#3791=CARTESIAN_POINT('',(-0.0335864853995812,0.00751065444259096,-0.00101895843355872));
#3792=CARTESIAN_POINT('',(-0.0325932834150921,0.00776669215731682,-0.000669259222275961));
#3793=CARTESIAN_POINT('',(-0.031840341339746,0.00799686472864973,-0.000244106376010655));
#3794=CARTESIAN_POINT('',(-0.031281414586945,0.00816789961228026,0.000171451585808287));
#3795=CARTESIAN_POINT('',(-0.0308864148970874,0.00828805021710083,0.000521960582421199));
#3796=CARTESIAN_POINT('',(-0.0305856082149404,0.00838188216685775,0.000847968199323427));
#3797=CARTESIAN_POINT('',(-0.0303899104195186,0.00846583538129319,0.00113288219728647));
#3798=CARTESIAN_POINT('',(-0.0302896064271888,0.0085561041609489,0.00138698162526576));
#3799=CARTESIAN_POINT('',(-0.0303909334569623,0.00870719308885055,0.00161147028836308));
#3800=CARTESIAN_POINT('',(-0.0306442447468829,0.00890388392648986,0.00178950201912181));
#3801=CARTESIAN_POINT('',(-0.0309901945272403,0.0091417417549495,0.00195311879323407));
#3802=CARTESIAN_POINT('',(-0.0314155259085629,0.00943257378344978,0.00212599198021114));
#3803=CARTESIAN_POINT('',(-0.0319799795587586,0.00982934719460997,0.00234430658958377));
#3804=CARTESIAN_POINT('',(-0.0323961787195504,0.0101393554121443,0.0025036388743746));
#3805=CARTESIAN_POINT('',(-0.0326691810445918,0.0103515142351783,0.00261095966367318));
#3806=CARTESIAN_POINT('',(-0.0347094579884874,-0.0074454491478089,-0.00118962598036466));
#3807=CARTESIAN_POINT('',(-0.0325221392618848,-0.0102338431861475,-0.000942446279156341));
#3808=CARTESIAN_POINT('',(-0.0327673002948975,-0.0104286124082878,0.00259627712731061));
#3809=CARTESIAN_POINT('',(-0.0337340895391445,-0.00665976838419877,-0.00107940368905228));
#3810=CARTESIAN_POINT('',(-0.0317470991176002,-0.0096508917919176,-0.000862848165934557));
#3811=CARTESIAN_POINT('',(-0.0320218225251296,-0.00983636443332874,0.00270803495845585));
#3812=CARTESIAN_POINT('',(-0.0315799903300909,-0.00532973823722886,-0.00084687863057193));
#3813=CARTESIAN_POINT('',(-0.0300607210189312,-0.00869303488584394,-0.000696356909552909));
#3814=CARTESIAN_POINT('',(-0.0303873126425586,-0.00883950274484518,0.00294381930374735));
#3815=CARTESIAN_POINT('',(-0.0285994448568033,-0.00437510666710651,-0.000564119107262036));
#3816=CARTESIAN_POINT('',(-0.0277296266716809,-0.00802074861352726,-0.000487846515049023));
#3817=CARTESIAN_POINT('',(-0.028055526143212,-0.00809643495702239,0.00323060038943699));
#3818=CARTESIAN_POINT('',(-0.02613230945944,-0.00399268996193207,-0.000356438615536943));
#3819=CARTESIAN_POINT('',(-0.0257388121660304,-0.00775637986864956,-0.000325514891972799));
#3820=CARTESIAN_POINT('',(-0.0260423296029578,-0.00778738589000744,0.00344126722510408));
#3821=CARTESIAN_POINT('',(-0.0242784631700358,-0.0038795036747891,-0.000213533516345072));
#3822=CARTESIAN_POINT('',(-0.0242075252892824,-0.00768849525267577,-0.000209036723193269));
#3823=CARTESIAN_POINT('',(-0.0244886953668356,-0.00769289498654164,0.00358624239307986));
#3824=CARTESIAN_POINT('',(-0.0227241200605783,-0.00391111197533851,-0.000104814597772685));
#3825=CARTESIAN_POINT('',(-0.022891547679129,-0.00773115917858802,-0.000116513477942249));
#3826=CARTESIAN_POINT('',(-0.0231494381251426,-0.00771932626510416,0.00369654764339704));
#3827=CARTESIAN_POINT('',(-0.0216314536483963,-0.0039927856251016,-3.43326994663111E-5));
#3828=CARTESIAN_POINT('',(-0.0219561688046264,-0.00780988964805743,-5.49631539398694E-5));
#3829=CARTESIAN_POINT('',(-0.0221965381595513,-0.0077892688023183,0.00376806337647961));
#3830=CARTESIAN_POINT('',(-0.0210079664078354,-0.00405493999534559,4.18604601709531E-6));
#3831=CARTESIAN_POINT('',(-0.0214098094487251,-0.00786846167940651,-2.03222805901782E-5));
#3832=CARTESIAN_POINT('',(-0.0216403103890054,-0.00784402750882855,0.00380714860746468));
#3833=CARTESIAN_POINT('',(-0.0206969309001419,-0.00409166077411901,2.28374330742001E-5));
#3834=CARTESIAN_POINT('',(-0.0211511692547277,-0.00790163614133567,-4.2642196210648E-6));
#3835=CARTESIAN_POINT('',(-0.0213764713075957,-0.00787467958272549,0.00382607478071778));
#3836=CARTESIAN_POINT('',(-0.0205414576498685,-0.00411053686695931,3.20195383016202E-5));
#3837=CARTESIAN_POINT('',(-0.020995690049336,-0.00792023865409429,5.19299622908382E-6));
#3838=CARTESIAN_POINT('',(-0.0212187055286736,-0.0078935556755624,0.00383539228055065));
#3839=CARTESIAN_POINT('',(-0.0326691810445773,-0.010351514235167,0.00261095966366808));
#3840=CARTESIAN_POINT('',(-0.0323950646065624,-0.010138489599371,0.00250320090196897));
#3841=CARTESIAN_POINT('',(-0.0319771729813001,-0.00982727982585239,0.00234325054526137));
#3842=CARTESIAN_POINT('',(-0.0314103520719636,-0.00942898292223462,0.00212395832712788));
#3843=CARTESIAN_POINT('',(-0.0309835419595716,-0.00913723577841956,0.00195034938785693));
#3844=CARTESIAN_POINT('',(-0.0306351077059643,-0.00889746173175319,0.00178474844608547));
#3845=CARTESIAN_POINT('',(-0.0303837315426589,-0.00870082365477885,0.00160459153115289));
#3846=CARTESIAN_POINT('',(-0.0302907696679058,-0.00855154254872668,0.00137679271409096));
#3847=CARTESIAN_POINT('',(-0.0303942858891038,-0.00846374597339438,0.00112582647022129));
#3848=CARTESIAN_POINT('',(-0.0305922227215478,-0.00837950617878424,0.000839709412138085));
#3849=CARTESIAN_POINT('',(-0.0308941652336015,-0.00828575637173945,0.000514652774093877));
#3850=CARTESIAN_POINT('',(-0.0312859032510965,-0.0081665186912502,0.00016805697666326));
#3851=CARTESIAN_POINT('',(-0.031839818922371,-0.00799699660633949,-0.000243764044361666));
#3852=CARTESIAN_POINT('',(-0.0326003038037476,-0.00776484021520616,-0.000672217418777441));
#3853=CARTESIAN_POINT('',(-0.0335798156596459,-0.0075120900956463,-0.00101692254533421));
#3854=CARTESIAN_POINT('',(-0.0342813761760049,-0.00740882421618244,-0.00114135222413902));
#3855=CARTESIAN_POINT('',(-0.0346398953416212,-0.00738974820686036,-0.00118177401533264));
#3856=CARTESIAN_POINT('',(-0.0390198758177755,-1.38201687892681E-17,-0.00555319829219004));
#3857=CARTESIAN_POINT('',(-0.0395139531832154,-0.00686178583309736,-0.00177536987404292));
#3858=CARTESIAN_POINT('',(-0.039590038049094,-0.00699614113933722,-0.00178532051391385));
#3859=CARTESIAN_POINT('',(-0.039671409511943,-0.00712689813690662,-0.00179828033261886));
#3860=CARTESIAN_POINT('',(-0.0397580814770212,-0.00725393093831035,-0.00181539781535108));
#3861=CARTESIAN_POINT('',(-0.0397580814770212,0.00725393093831035,-0.00181539781535108));
#3862=CARTESIAN_POINT('',(-0.039671409511943,0.00712689813690662,-0.00179828033261886));
#3863=CARTESIAN_POINT('',(-0.039590038049094,0.00699614113933722,-0.00178532051391385));
#3864=CARTESIAN_POINT('',(-0.0395139531832154,0.00686178583309736,-0.00177536987404292));
#3865=CARTESIAN_POINT('',(-0.0894355208987342,0.00254,-0.0108670933687372));
#3866=CARTESIAN_POINT('',(-0.0894355208987342,0.01778,-0.0108670933687372));
#3867=CARTESIAN_POINT('',(-0.0745368888524393,0.01778,-0.00765954552823439));
#3868=CARTESIAN_POINT('',(-0.0899831570942883,0.00254000000002121,-0.0083233962585127));
#3869=CARTESIAN_POINT('',(-0.089983157093976,0.0177800000000263,-0.00832339625845404));
#3870=CARTESIAN_POINT('',(-0.075180300039471,0.01778,-0.00467098635015803));
#3871=CARTESIAN_POINT('',(-0.0912676464806978,0.0025399999999897,-0.00347547602148172));
#3872=CARTESIAN_POINT('',(-0.0912676464808473,0.0177799999999872,-0.00347547602150928));
#3873=CARTESIAN_POINT('',(-0.0767348637755457,0.01778,0.00126913292017993));
#3874=CARTESIAN_POINT('',(-0.0933539706421484,0.00254000000000175,0.0012513627512307));
#3875=CARTESIAN_POINT('',(-0.0933539706421276,0.0177800000000023,0.00125136275123317));
#3876=CARTESIAN_POINT('',(-0.0797168009967488,0.01778,0.00827920125289595));
#3877=CARTESIAN_POINT('',(-0.0951784580777576,0.00253999999999889,0.00391243925635483));
#3878=CARTESIAN_POINT('',(-0.0951784580777651,0.0177799999999984,0.0039124392563559));
#3879=CARTESIAN_POINT('',(-0.0831632554768956,0.01778,0.0133902996866608));
#3880=CARTESIAN_POINT('',(-0.0965217031468818,0.00254000000000335,0.00532773204338065));
#3881=CARTESIAN_POINT('',(-0.0965217031468653,0.017780000000005,0.00532773204337426));
#3882=CARTESIAN_POINT('',(-0.0862707313459928,0.01778,0.0167215951497251));
#3883=CARTESIAN_POINT('',(-0.0978585996577056,0.0025399999999877,0.00629934437249919));
#3884=CARTESIAN_POINT('',(-0.0978585996577642,0.0177799999999817,0.00629934437252366));
#3885=CARTESIAN_POINT('',(-0.090006265514587,0.01778,0.0194805048173342));
#3886=CARTESIAN_POINT('',(-0.0987163582264242,0.00254000000002647,0.00669335356476514));
#3887=CARTESIAN_POINT('',(-0.0987163582262985,0.0177800000000393,0.0066933535647123));
#3888=CARTESIAN_POINT('',(-0.0927423007715389,0.01778,0.0207535708677953));
#3889=CARTESIAN_POINT('',(-0.0991577959437232,0.00253999999999999,0.00684574255218584));
#3890=CARTESIAN_POINT('',(-0.0991577959437232,0.01778,0.00684574255218584));
#3891=CARTESIAN_POINT('',(-0.0941847667255418,0.01778,0.0212515254325126));
#3892=CARTESIAN_POINT('',(-0.0802142294390597,0.01778,0.00871862579828681));
#3893=CARTESIAN_POINT('',(-0.0804741127288846,0.01778,0.00819666952133383));
#3894=CARTESIAN_POINT('',(-0.0808078041812246,0.017732096561288,0.00706685345610863));
#3895=CARTESIAN_POINT('',(-0.0805114340735017,0.0176702194842235,0.00530474555660586));
#3896=CARTESIAN_POINT('',(-0.0793548858618031,0.0177330235770691,0.00393315027228624));
#3897=CARTESIAN_POINT('',(-0.0782838885102651,0.01778,0.00345793927788838));
#3898=CARTESIAN_POINT('',(-0.0777181353125185,0.01778,0.00331793256268526));
#3899=CARTESIAN_POINT('',(-0.0752577808453696,0.01778,-0.00456016519311886));
#3900=CARTESIAN_POINT('',(-0.0753046224018848,0.01778,-0.00460047236517705));
#3901=CARTESIAN_POINT('',(-0.0753525426881612,0.0177796931369424,-0.00464166687773876));
#3902=CARTESIAN_POINT('',(-0.0754000448838061,0.0177790771222403,-0.00468243541062695));
#3903=CARTESIAN_POINT('',(-0.0778869350430856,0.0174674795398065,-0.00675051758288395));
#3904=CARTESIAN_POINT('',(-0.0788792014805076,0.0172324756363086,-0.00752672800082452));
#3905=CARTESIAN_POINT('',(-0.0799143076110933,0.0168625503193954,-0.00814943016264509));
#3906=CARTESIAN_POINT('',(-0.080976844871409,0.0163253372786265,-0.00862425395393151));
#3907=CARTESIAN_POINT('',(-0.0840330481735188,0.0143182134414726,-0.00950265289907218));
#3908=CARTESIAN_POINT('',(-0.0848822845235245,0.0136204258839904,-0.00959667217827253));
#3909=CARTESIAN_POINT('',(-0.086447320746428,0.0120717653751789,-0.00948295561909297));
#3910=CARTESIAN_POINT('',(-0.0876968203670327,0.0104210958967604,-0.00871622796063808));
#3911=CARTESIAN_POINT('',(-0.088252658597754,0.009652,-0.00815659181252896));
#3912=CARTESIAN_POINT('',(-0.088252658597754,0.009652,-0.00815659181252895));
#3913=CARTESIAN_POINT('',(-0.0882526585977541,0.00965199999999984,-0.00815659181252928));
#3914=CARTESIAN_POINT('',(-0.0890601947098242,0.00853463765255364,-0.00734353798816116));
#3915=CARTESIAN_POINT('',(-0.0904244457009948,0.00622385448057637,-0.00561218561467556));
#3916=CARTESIAN_POINT('',(-0.0913690066729884,0.00375999062340442,-0.00368695008339661));
#3917=CARTESIAN_POINT('',(-0.0917299911958064,0.00254,-0.00271286988302304));
#3918=CARTESIAN_POINT('',(-0.0978607660061099,0.00254,0.00624216174409145));
#3919=CARTESIAN_POINT('',(-0.0978607660061099,0.00355573857552686,0.00624216174409145));
#3920=CARTESIAN_POINT('',(-0.0977811102404845,0.00558741136203901,0.00643562419478309));
#3921=CARTESIAN_POINT('',(-0.0974553028807328,0.00845005882153846,0.00726146444120725));
#3922=CARTESIAN_POINT('',(-0.0969557304494462,0.0111336445674152,0.0086418518622478));
#3923=CARTESIAN_POINT('',(-0.0963644456776916,0.0134258797452732,0.0104756347265384));
#3924=CARTESIAN_POINT('',(-0.0957200764250659,0.0153357648888134,0.0127697812125961));
#3925=CARTESIAN_POINT('',(-0.0950931427326232,0.0167246049384626,0.0153607931083964));
#3926=CARTESIAN_POINT('',(-0.094498575851411,0.0175885458453887,0.0182212049325011));
#3927=CARTESIAN_POINT('',(-0.094147748650228,0.01778,0.0201783254502309));
#3928=CARTESIAN_POINT('',(-0.09398,0.01778,0.0211797039840059));
#3929=CARTESIAN_POINT('',(-0.0745368888524373,-0.01778,-0.00765954552824342));
#3930=CARTESIAN_POINT('',(-0.0894355208987325,-0.01778,-0.0108670933687449));
#3931=CARTESIAN_POINT('',(-0.0894355208987325,-0.00254000000000001,-0.0108670933687449));
#3932=CARTESIAN_POINT('',(-0.0751803000394055,-0.01778,-0.00467098634996081));
#3933=CARTESIAN_POINT('',(-0.0899831570940045,-0.01778,-0.00832339625836733));
#3934=CARTESIAN_POINT('',(-0.0899831570943018,-0.00254000000000001,-0.00832339625844916));
#3935=CARTESIAN_POINT('',(-0.0767348637755756,-0.01778,0.00126913292007636));
#3936=CARTESIAN_POINT('',(-0.0912676464808317,-0.0177799999999997,-0.0034754760215585));
#3937=CARTESIAN_POINT('',(-0.0912676464806895,-0.00253999999999983,-0.00347547602151976));
#3938=CARTESIAN_POINT('',(-0.079716800996737,-0.0177799999999999,0.00827920125290166));
#3939=CARTESIAN_POINT('',(-0.0933539706421264,-0.0177800000000007,0.00125136275123577));
#3940=CARTESIAN_POINT('',(-0.0933539706421459,-0.00254000000000046,0.00125136275123151));
#3941=CARTESIAN_POINT('',(-0.0831632554769037,-0.01778,0.0133902996866591));
#3942=CARTESIAN_POINT('',(-0.0951784580777662,-0.0177799999999986,0.0039124392563541));
#3943=CARTESIAN_POINT('',(-0.0951784580777597,-0.00253999999999915,0.00391243925635401));
#3944=CARTESIAN_POINT('',(-0.0862707313459541,-0.01778,0.0167215951497119));
#3945=CARTESIAN_POINT('',(-0.0965217031468555,-0.0177800000000053,0.00532773204337239));
#3946=CARTESIAN_POINT('',(-0.0965217031468687,-0.00254000000000328,0.00532773204337598));
#3947=CARTESIAN_POINT('',(-0.0900062655147235,-0.01778,0.0194805048173801));
#3948=CARTESIAN_POINT('',(-0.0978585996577985,-0.01777999999998,0.00629934437252947));
#3949=CARTESIAN_POINT('',(-0.0978585996577524,-0.00253999999998773,0.00629934437251521));
#3950=CARTESIAN_POINT('',(-0.0927423007712421,-0.01778,0.0207535708676946));
#3951=CARTESIAN_POINT('',(-0.0987163582262235,-0.0177800000000431,0.00669335356469914));
#3952=CARTESIAN_POINT('',(-0.0987163582263225,-0.00254000000002648,0.00669335356473004));
#3953=CARTESIAN_POINT('',(-0.0941847667255418,-0.01778,0.0212515254325126));
#3954=CARTESIAN_POINT('',(-0.0991577959437232,-0.01778,0.00684574255218583));
#3955=CARTESIAN_POINT('',(-0.0991577959437232,-0.00254000000000001,0.00684574255218584));
#3956=CARTESIAN_POINT('',(-0.0777181353125185,-0.01778,0.00331793256268526));
#3957=CARTESIAN_POINT('',(-0.0782837405438084,-0.01778,0.00345790266068914));
#3958=CARTESIAN_POINT('',(-0.0793550015767263,-0.0177330558452876,0.00393420861354498));
#3959=CARTESIAN_POINT('',(-0.0805090731241548,-0.0176702139665713,0.00529946549863632));
#3960=CARTESIAN_POINT('',(-0.0808084814299335,-0.0177320936713425,0.00706825821623984));
#3961=CARTESIAN_POINT('',(-0.0804741226375374,-0.01778,0.00819664962054098));
#3962=CARTESIAN_POINT('',(-0.0802142294390597,-0.01778,0.00871862579828679));
#3963=CARTESIAN_POINT('',(-0.09398,-0.01778,0.0211797039840059));
#3964=CARTESIAN_POINT('',(-0.0941474129897431,-0.01778,0.0201803291814313));
#3965=CARTESIAN_POINT('',(-0.0944988313414942,-0.0175888061513249,0.0182194451458972));
#3966=CARTESIAN_POINT('',(-0.0950947071825744,-0.0167216941619625,0.0153538285494482));
#3967=CARTESIAN_POINT('',(-0.0957197727591938,-0.015335666024207,0.012771708358214));
#3968=CARTESIAN_POINT('',(-0.096577043534273,-0.0127984243053497,0.00971630973303191));
#3969=CARTESIAN_POINT('',(-0.0973439840746336,-0.00943057031167457,0.00754336316564233));
#3970=CARTESIAN_POINT('',(-0.0977843768367777,-0.00554686743773598,0.00642747467686487));
#3971=CARTESIAN_POINT('',(-0.0978607660061099,-0.00355362446508216,0.00624216174409146));
#3972=CARTESIAN_POINT('',(-0.0978607660061099,-0.00254,0.00624216174409146));
#3973=CARTESIAN_POINT('',(-0.0882526585977541,-0.00965199999999982,-0.0081565918125293));
#3974=CARTESIAN_POINT('',(-0.0890601947098242,-0.00853463765255362,-0.00734353798816119));
#3975=CARTESIAN_POINT('',(-0.0904244457009384,-0.0062238544804381,-0.00561218561482785));
#3976=CARTESIAN_POINT('',(-0.0913690066731013,-0.00375999062368102,-0.003686950083092));
#3977=CARTESIAN_POINT('',(-0.0917299911958064,-0.00254,-0.00271286988302305));
#3978=CARTESIAN_POINT('',(-0.088252658597754,-0.009652,-0.00815659181252896));
#3979=CARTESIAN_POINT('',(-0.0840330481735205,-0.0143182134414712,-0.00950265289907237));
#3980=CARTESIAN_POINT('',(-0.0848822845235251,-0.0136204258839897,-0.00959667217827241));
#3981=CARTESIAN_POINT('',(-0.0864473207464323,-0.012071765375174,-0.00948295561909186));
#3982=CARTESIAN_POINT('',(-0.0876968203670334,-0.0104210958967595,-0.00871622796063738));
#3983=CARTESIAN_POINT('',(-0.088252658597754,-0.00965200000000001,-0.00815659181252895));
#3984=CARTESIAN_POINT('',(-0.0778869350430892,-0.0174674795398056,-0.00675051758288685));
#3985=CARTESIAN_POINT('',(-0.0788792014805112,-0.0172324756363074,-0.00752672800082694));
#3986=CARTESIAN_POINT('',(-0.0799143076110935,-0.0168625503193953,-0.00814943016264518));
#3987=CARTESIAN_POINT('',(-0.080976844871409,-0.0163253372786265,-0.00862425395393151));
#3988=CARTESIAN_POINT('',(-0.0754000448838173,-0.0177790771222402,-0.00468243541061186));
#3989=CARTESIAN_POINT('',(-0.0753525168621893,-0.0177796934718571,-0.00464164471268853));
#3990=CARTESIAN_POINT('',(-0.0753045915914615,-0.01778,-0.00460044585281582));
#3991=CARTESIAN_POINT('',(-0.0752577808453696,-0.01778,-0.00456016519311887));
#3992=CARTESIAN_POINT('',(-0.0774397232356398,-1.276239238336E-17,0.00258296259418365));
#3993=CARTESIAN_POINT('',(-0.0774397232356398,-0.009652,0.00258296259418365));
#3994=CARTESIAN_POINT('',(-0.0774397232356398,0.009652,0.00258296259418365));
#3995=CARTESIAN_POINT('',(-0.05715,0.,0.01905));
#3996=CARTESIAN_POINT('',(-0.05715,0.,0.01905));
#3997=CARTESIAN_POINT('',(-0.05715,0.,0.0270898411758637));
#3998=CARTESIAN_POINT('',(-0.1016,0.00610572325665231,0.0138193987299462));
#3999=CARTESIAN_POINT('',(-0.1016,0.00515257665834372,0.01270678298047));
#4000=CARTESIAN_POINT('',(-0.101558187592841,0.0039090249902205,0.0118777892860467));
#4001=CARTESIAN_POINT('',(-0.101474369462003,0.00253999999999999,0.0114219303796364));
#4002=CARTESIAN_POINT('',(-0.101474369462003,0.00254,0.0114219303796364));
#4003=CARTESIAN_POINT('',(-0.101474369462003,0.00254,0.0114219303796364));
#4004=CARTESIAN_POINT('',(-0.101423898787328,0.00171564834467783,0.0111474371842769));
#4005=CARTESIAN_POINT('',(-0.101349691846734,1.49373960682368E-6,0.0108724576909924));
#4006=CARTESIAN_POINT('',(-0.101424054257248,-0.00171818767838784,0.0111482827334059));
#4007=CARTESIAN_POINT('',(-0.101474369462003,-0.00254,0.0114219303796364));
#4008=CARTESIAN_POINT('',(-0.101474369462003,-0.00254,0.0114219303796364));
#4009=CARTESIAN_POINT('',(-0.101474369462003,-0.00254,0.0114219303796364));
#4010=CARTESIAN_POINT('',(-0.101559328529878,-0.00392766023416696,0.0118839944627138));
#4011=CARTESIAN_POINT('',(-0.1016,-0.00516544849980234,0.0127218083853302));
#4012=CARTESIAN_POINT('',(-0.1016,-0.00610572325665468,0.0138193987299489));
#4013=CARTESIAN_POINT('',(-0.1016,-0.00776105497957699,0.021148826276064));
#4014=CARTESIAN_POINT('',(-0.1016,-0.00752006145550863,0.0220399738719118));
#4015=CARTESIAN_POINT('',(-0.101286324320304,-0.00674252352300467,0.0236900160913974));
#4016=CARTESIAN_POINT('',(-0.100290233934025,-0.00493715952921771,0.0255588792565838));
#4017=CARTESIAN_POINT('',(-0.0991787090605788,-0.00271680288555687,0.0267658782795211));
#4018=CARTESIAN_POINT('',(-0.0985382411420164,-7.35589343264873E-6,0.0272516676944131));
#4019=CARTESIAN_POINT('',(-0.0991782975766638,0.00271917759314085,0.026766490414513));
#4020=CARTESIAN_POINT('',(-0.100288595750456,0.00493328287924652,0.0255595833015764));
#4021=CARTESIAN_POINT('',(-0.101282759147093,0.00673540376294393,0.0237019866871369));
#4022=CARTESIAN_POINT('',(-0.1016,0.00752022497688483,0.0220393692013845));
#4023=CARTESIAN_POINT('',(-0.1016,0.00776105497957699,0.021148826276064));
#4024=CARTESIAN_POINT('',(-0.05715,-6.93889390390723E-18,0.0127));
#4025=CARTESIAN_POINT('',(-0.09398,-0.01016,-0.0127));
#4026=CARTESIAN_POINT('',(-0.09398,-0.01016,0.0211797039840057));
#4027=CARTESIAN_POINT('',(-0.101599766080454,-0.0102197066089688,0.0211797039840054));
#4028=CARTESIAN_POINT('',(-0.09398,-0.01016,0.021148826276064));
#4029=CARTESIAN_POINT('',(-0.0978607660061099,-0.00253999999999999,0.00624216174409148));
#4030=CARTESIAN_POINT('',(-0.1016,-0.00253999999999999,0.0084549782146384));
#4031=CARTESIAN_POINT('',(-0.1016,-0.00254,0.0127999094676488));
#4032=CARTESIAN_POINT('',(-0.0978607660065712,-0.00359467990760669,0.00624216174436442));
#4033=CARTESIAN_POINT('',(-0.101599999999989,-0.00341673672053963,0.0084549782171481));
#4034=CARTESIAN_POINT('',(-0.1016,-0.00306733995380215,0.0127999094698274));
#4035=CARTESIAN_POINT('',(-0.0977782336326835,-0.00565730232478432,0.00644223734177195));
#4036=CARTESIAN_POINT('',(-0.101600000000005,-0.005140549752007,0.00859941963950716));
#4037=CARTESIAN_POINT('',(-0.1016,-0.00409865116239187,0.0129245179613879));
#4038=CARTESIAN_POINT('',(-0.0973110735095251,-0.00962909180554017,0.00762912193514462));
#4039=CARTESIAN_POINT('',(-0.101599999999997,-0.00855662857458392,0.00946968126771627));
#4040=CARTESIAN_POINT('',(-0.1016,-0.00608454590277397,0.0136533102810285));
#4041=CARTESIAN_POINT('',(-0.0965345771644854,-0.0129437485648677,0.0098530941810594));
#4042=CARTESIAN_POINT('',(-0.101600000000001,-0.0116375255008917,0.0111578006852496));
#4043=CARTESIAN_POINT('',(-0.1016,-0.00774187428240774,0.0149734892936989));
#4044=CARTESIAN_POINT('',(-0.0956924539021439,-0.0154029343254854,0.0128791144185784));
#4045=CARTESIAN_POINT('',(-0.1016,-0.0142204532844549,0.0135851364570274));
#4046=CARTESIAN_POINT('',(-0.1016,-0.00897146716278745,0.0166852060448568));
#4047=CARTESIAN_POINT('',(-0.0950794341001245,-0.0167469752445225,0.0154244646242089));
#4048=CARTESIAN_POINT('',(-0.101600000000001,-0.0158471291542866,0.0157672833077431));
#4049=CARTESIAN_POINT('',(-0.1016,-0.00964348762209066,0.0180912240101573));
#4050=CARTESIAN_POINT('',(-0.0944946797135426,-0.0175907302511346,0.0182429932305256));
#4051=CARTESIAN_POINT('',(-0.101599999999998,-0.0171092829241977,0.0183343735320606));
#4052=CARTESIAN_POINT('',(-0.1016,-0.0100653651262049,0.0196174589600861));
#4053=CARTESIAN_POINT('',(-0.0941463326425172,-0.01778,0.0201867783317005));
#4054=CARTESIAN_POINT('',(-0.101600000000005,-0.0176154631451862,0.0201974983362914));
#4055=CARTESIAN_POINT('',(-0.1016,-0.010159999998626,0.0206536088309431));
#4056=CARTESIAN_POINT('',(-0.09398,-0.01778,0.0211797039840055));
#4057=CARTESIAN_POINT('',(-0.1016,-0.01778,0.0211797039840055));
#4058=CARTESIAN_POINT('',(-0.1016,-0.01016,0.0211797039840057));
#4059=CARTESIAN_POINT('',(-0.101599766080454,-0.010219706608969,0.021179703984005));
#4060=CARTESIAN_POINT('',(-0.101599922031101,-0.0101998041648471,0.0211693768598862));
#4061=CARTESIAN_POINT('',(-0.1016,-0.0101798786083723,0.021159093260062));
#4062=CARTESIAN_POINT('',(-0.1016,-0.0101599444954485,0.021148826276064));
#4063=CARTESIAN_POINT('',(-0.09398,-0.00254,0.0127999094676488));
#4064=CARTESIAN_POINT('',(-0.101599766080455,-0.0102197066089686,0.0211797039840056));
#4065=CARTESIAN_POINT('',(-0.101599879025064,-0.0102052926009581,0.0211941188770222));
#4066=CARTESIAN_POINT('',(-0.101599766080455,-0.0101908777079415,0.0212085328850326));
#4067=CARTESIAN_POINT('',(-0.101591989489925,-0.0112121562182185,0.0216929565319299));
#4068=CARTESIAN_POINT('',(-0.101595855138131,-0.010958550118873,0.0219473763949335));
#4069=CARTESIAN_POINT('',(-0.101591989489925,-0.0107041302558658,0.0222009824942781));
#4070=CARTESIAN_POINT('',(-0.101183788070075,-0.0131936784407087,0.0227177151896857));
#4071=CARTESIAN_POINT('',(-0.101376874638172,-0.0125227195892174,0.0235115458652832));
#4072=CARTESIAN_POINT('',(-0.101183788070075,-0.0117288889136216,0.0241825047167748));
#4073=CARTESIAN_POINT('',(-0.0997681151917476,-0.0152890333743809,0.0238013432635859));
#4074=CARTESIAN_POINT('',(-0.100535385547578,-0.0143984419597891,0.025387268235853));
#4075=CARTESIAN_POINT('',(-0.0997681151917476,-0.0128125169875219,0.0262778596504446));
#4076=CARTESIAN_POINT('',(-0.0982216430955689,-0.0165486701089947,0.0244527735805263));
#4077=CARTESIAN_POINT('',(-0.0993184064004942,-0.0158298804560142,0.0268187067320782));
#4078=CARTESIAN_POINT('',(-0.0982216430955689,-0.0134639473044623,0.0275374963850588));
#4079=CARTESIAN_POINT('',(-0.0969007913484702,-0.0172506394622081,0.02481580214716));
#4080=CARTESIAN_POINT('',(-0.0979769652752437,-0.0168342167722177,0.0278230430482822));
#4081=CARTESIAN_POINT('',(-0.0969007913484702,-0.0138269758710958,0.0282394657382721));
#4082=CARTESIAN_POINT('',(-0.0954687011044512,-0.0176827366495189,0.025039264356497));
#4083=CARTESIAN_POINT('',(-0.0961583138332264,-0.0175886259818756,0.0285774522579379));
#4084=CARTESIAN_POINT('',(-0.0954687011044512,-0.0140504380804336,0.028671562925583));
#4085=CARTESIAN_POINT('',(-0.0944762400435808,-0.01778,0.0250895648070075));
#4086=CARTESIAN_POINT('',(-0.094715845946591,-0.0177799999999764,0.0287688262760442));
#4087=CARTESIAN_POINT('',(-0.0944762400435808,-0.0141007385309421,0.0287688262760641));
#4088=CARTESIAN_POINT('',(-0.09398,-0.01778,0.0250895648070075));
#4089=CARTESIAN_POINT('',(-0.09398,-0.01778,0.0287688262760641));
#4090=CARTESIAN_POINT('',(-0.09398,-0.0141007385309434,0.0287688262760641));
#4091=CARTESIAN_POINT('',(-0.0979206175577458,-0.0101908777079425,0.0211797039840057));
#4092=CARTESIAN_POINT('',(-0.101599766080454,-0.0101908777079411,0.0212085328850331));
#4093=CARTESIAN_POINT('',(-0.09398,-0.01016,0.021148826276064));
#4094=CARTESIAN_POINT('',(-0.1016,-0.0101599444954485,0.021148826276064));
#4095=CARTESIAN_POINT('',(-0.1016,-0.0101599444954485,0.021148826276064));
#4096=CARTESIAN_POINT('',(-0.1016,-0.0101599444954485,0.021148826276064));
#4097=CARTESIAN_POINT('',(-0.1016,-0.0101798606755508,0.0211590777830273));
#4098=CARTESIAN_POINT('',(-0.10160000000007,-0.0101750614435357,0.0211638967912942));
#4099=CARTESIAN_POINT('',(-0.1016,-0.0101702622110336,0.0211687157990755));
#4100=CARTESIAN_POINT('',(-0.101599922168115,-0.0101997866790996,0.0211693677870616));
#4101=CARTESIAN_POINT('',(-0.101599959883144,-0.0101901814796202,0.0211789905255406));
#4102=CARTESIAN_POINT('',(-0.101599922168111,-0.0101805759710909,0.0211886129556638));
#4103=CARTESIAN_POINT('',(-0.101599766080455,-0.0102197066089807,0.0211797039839955));
#4104=CARTESIAN_POINT('',(-0.101599879025068,-0.0102052926009674,0.0211941188770121));
#4105=CARTESIAN_POINT('',(-0.101599766080455,-0.0101908777079478,0.0212085328850226));
#4106=CARTESIAN_POINT('',(-0.101599766080454,-0.010190877707941,0.0212085328850331));
#4107=CARTESIAN_POINT('',(-0.101599922086035,-0.010180581388291,0.0211886234302117));
#4108=CARTESIAN_POINT('',(-0.1016,-0.0101702664312666,0.0211687230487162));
#4109=CARTESIAN_POINT('',(-0.1016,-0.0101599444954485,0.021148826276064));
#4110=CARTESIAN_POINT('',(-0.09398,-0.00254,0.0127999094676488));
#4111=CARTESIAN_POINT('',(-0.09398,0.00254,0.0127999094676488));
#4112=CARTESIAN_POINT('',(-0.09398,0.01016,-0.0127));
#4113=CARTESIAN_POINT('',(-0.09398,0.01016,0.021148826276064));
#4114=CARTESIAN_POINT('',(-0.101599766080455,0.010219706608968,0.0211797039840059));
#4115=CARTESIAN_POINT('',(-0.09398,0.01016,0.0211797039840059));
#4116=CARTESIAN_POINT('',(-0.09398,0.061214,0.021148826276064));
#4117=CARTESIAN_POINT('',(-0.09398,0.01016,0.021148826276064));
#4118=CARTESIAN_POINT('',(-0.101599766080454,0.010190877707942,0.0212085328850323));
#4119=CARTESIAN_POINT('',(-0.101599766080455,0.0101908777079498,0.0212085328850282));
#4120=CARTESIAN_POINT('',(-0.101599922086036,0.010180581388302,0.0211886234302057));
#4121=CARTESIAN_POINT('',(-0.1016,0.0101702664312666,0.021168723048716));
#4122=CARTESIAN_POINT('',(-0.1016,0.0101599444954485,0.021148826276064));
#4123=CARTESIAN_POINT('',(-0.0939800000000002,0.01778,0.021179703984006));
#4124=CARTESIAN_POINT('',(-0.1016,0.0177799999999998,0.021179703984006));
#4125=CARTESIAN_POINT('',(-0.1016,0.01016,0.0211797039840059));
#4126=CARTESIAN_POINT('',(-0.0941466026133663,0.01778,0.0201851667346877));
#4127=CARTESIAN_POINT('',(-0.101599999999992,0.0176151989765664,0.0201959213778767));
#4128=CARTESIAN_POINT('',(-0.1016,0.010159999998435,0.0206527549368527));
#4129=CARTESIAN_POINT('',(-0.0944944770916327,0.0175903860551229,0.0182444785986024));
#4130=CARTESIAN_POINT('',(-0.101600000000004,0.0171091632103645,0.0183357603004389));
#4131=CARTESIAN_POINT('',(-0.1016,0.0100651930282877,0.0196182337393207));
#4132=CARTESIAN_POINT('',(-0.0950776343922324,0.0167503139361286,0.015432586199477));
#4133=CARTESIAN_POINT('',(-0.101599999999999,0.0158515190321724,0.0157744199418125));
#4134=CARTESIAN_POINT('',(-0.1016,0.0096451569678697,0.0180956498511963));
#4135=CARTESIAN_POINT('',(-0.0956924837236289,0.0154034107656848,0.0128781407240036));
#4136=CARTESIAN_POINT('',(-0.1016,0.0142209007610611,0.0135844636997513));
#4137=CARTESIAN_POINT('',(-0.1016,0.00897170538289457,0.0166847675634581));
#4138=CARTESIAN_POINT('',(-0.0963251777960865,0.0135547048585617,0.0106074969490829));
#4139=CARTESIAN_POINT('',(-0.1016,0.0122584139003322,0.0117430385275296));
#4140=CARTESIAN_POINT('',(-0.1016,0.00804735242926686,0.0153999333777616));
#4141=CARTESIAN_POINT('',(-0.096916733960675,0.0113064520584841,0.00875565895168523));
#4142=CARTESIAN_POINT('',(-0.1016,0.0100887274142886,0.0103105302988085));
#4143=CARTESIAN_POINT('',(-0.1016,0.00692322602924584,0.0143227401431446));
#4144=CARTESIAN_POINT('',(-0.0974291749101856,0.00862665803234235,0.00732954651216154));
#4145=CARTESIAN_POINT('',(-0.101599999999999,0.00768076956542543,0.00924633207145662));
#4146=CARTESIAN_POINT('',(-0.1016,0.00558332901617008,0.0134692094150813));
#4147=CARTESIAN_POINT('',(-0.0977739728254071,0.00570866670475842,0.00645280878768896));
#4148=CARTESIAN_POINT('',(-0.101600000000004,0.00518380455001139,0.00860710147786851));
#4149=CARTESIAN_POINT('',(-0.1016,0.00412433335237981,0.0129310733540944));
#4150=CARTESIAN_POINT('',(-0.0978607660048016,0.00359729413016512,0.00624216174331724));
#4151=CARTESIAN_POINT('',(-0.101599999999992,0.00341890987742837,0.00845497821333371));
#4152=CARTESIAN_POINT('',(-0.1016,0.00306864706508187,0.012799909466796));
#4153=CARTESIAN_POINT('',(-0.0978607660061099,0.00254,0.00624216174409148));
#4154=CARTESIAN_POINT('',(-0.1016,0.00254,0.0084549782146384));
#4155=CARTESIAN_POINT('',(-0.1016,0.00254,0.0127999094676488));
#4156=CARTESIAN_POINT('',(-0.101599766080455,0.010219706608968,0.021179703984006));
#4157=CARTESIAN_POINT('',(-0.101599922031101,0.0101998041648465,0.0211693768598865));
#4158=CARTESIAN_POINT('',(-0.1016,0.0101798786083687,0.0211590932600688));
#4159=CARTESIAN_POINT('',(-0.1016,0.0101599444954485,0.0211488262760641));
#4160=CARTESIAN_POINT('',(-0.101599766080455,0.0101908777079414,0.0212085328850325));
#4161=CARTESIAN_POINT('',(-0.10159987902507,0.010205292600958,0.0211941188770221));
#4162=CARTESIAN_POINT('',(-0.101599766080455,0.0102197066089684,0.0211797039840055));
#4163=CARTESIAN_POINT('',(-0.101591989489925,0.0107041302558658,0.0222009824942818));
#4164=CARTESIAN_POINT('',(-0.101595855138877,0.0109585501188774,0.0219473763949336));
#4165=CARTESIAN_POINT('',(-0.101591989489925,0.0112121562182183,0.0216929565319298));
#4166=CARTESIAN_POINT('',(-0.101183788070076,0.0117288889136216,0.0241825047167729));
#4167=CARTESIAN_POINT('',(-0.101376874637807,0.0125227195892153,0.0235115458652831));
#4168=CARTESIAN_POINT('',(-0.101183788070076,0.0131936784407086,0.0227177151896856));
#4169=CARTESIAN_POINT('',(-0.0997681151917475,0.0128125169875218,0.0262778596504448));
#4170=CARTESIAN_POINT('',(-0.100535385547628,0.0143984419597894,0.0253872682358529));
#4171=CARTESIAN_POINT('',(-0.0997681151917475,0.0152890333743808,0.0238013432635859));
#4172=CARTESIAN_POINT('',(-0.0982216430955692,0.0134639473044622,0.0275374963850588));
#4173=CARTESIAN_POINT('',(-0.0993184064004839,0.0158298804560141,0.0268187067320782));
#4174=CARTESIAN_POINT('',(-0.0982216430955692,0.0165486701089947,0.0244527735805263));
#4175=CARTESIAN_POINT('',(-0.0969007913484693,0.0138269758710958,0.0282394657382721));
#4176=CARTESIAN_POINT('',(-0.0979769652752468,0.0168342167722178,0.0278230430482823));
#4177=CARTESIAN_POINT('',(-0.0969007913484693,0.017250639462208,0.02481580214716));
#4178=CARTESIAN_POINT('',(-0.0954687011044545,0.0140504380804336,0.028671562925583));
#4179=CARTESIAN_POINT('',(-0.0961583138332256,0.0175886259818752,0.0285774522579371));
#4180=CARTESIAN_POINT('',(-0.0954687011044545,0.0176827366495189,0.025039264356497));
#4181=CARTESIAN_POINT('',(-0.0944762400435737,0.0141007385309421,0.0287688262760641));
#4182=CARTESIAN_POINT('',(-0.0947158459465911,0.0177799999999774,0.0287688262760461));
#4183=CARTESIAN_POINT('',(-0.0944762400435737,0.01778,0.0250895648070075));
#4184=CARTESIAN_POINT('',(-0.09398,0.0141007385309434,0.0287688262760641));
#4185=CARTESIAN_POINT('',(-0.09398,0.01778,0.0287688262760641));
#4186=CARTESIAN_POINT('',(-0.09398,0.01778,0.0250895648070075));
#4187=CARTESIAN_POINT('',(-0.0979206175577458,0.0101908777079429,0.0211797039840059));
#4188=CARTESIAN_POINT('',(-0.1016,0.0101599444954485,0.021148826276064));
#4189=CARTESIAN_POINT('',(-0.1016,0.0101599444954485,0.021148826276064));
#4190=CARTESIAN_POINT('',(-0.1016,0.0101599444954485,0.021148826276064));
#4191=CARTESIAN_POINT('',(-0.1016,0.0101702622110339,0.021168715799076));
#4192=CARTESIAN_POINT('',(-0.101600000000223,0.0101750614435362,0.0211638967912944));
#4193=CARTESIAN_POINT('',(-0.1016,0.0101798606755515,0.0211590777830274));
#4194=CARTESIAN_POINT('',(-0.101599922168111,0.0101805759710939,0.0211886129556589));
#4195=CARTESIAN_POINT('',(-0.10159995988338,0.0101901814796291,0.0211789905255333));
#4196=CARTESIAN_POINT('',(-0.101599922168115,0.0101997866791056,0.0211693677870571));
#4197=CARTESIAN_POINT('',(-0.101599766080455,0.010190877707948,0.0212085328850233));
#4198=CARTESIAN_POINT('',(-0.101599879025064,0.0102052926009676,0.0211941188770127));
#4199=CARTESIAN_POINT('',(-0.101599766080455,0.0102197066089812,0.0211797039839959));
#4200=CARTESIAN_POINT('',(0.0711645047009094,-0.0151735850453721,-0.0124251991578503));
#4201=CARTESIAN_POINT('',(0.0715285125822285,-0.0147724138172798,-0.0127000000000001));
#4202=CARTESIAN_POINT('',(0.0719366797914323,-0.0143225748193165,-0.0127));
#4203=CARTESIAN_POINT('',(0.070972537566779,-0.0147598968520576,-0.0125151782853051));
#4204=CARTESIAN_POINT('',(0.0712217951378375,-0.0144790677022245,-0.0126532991107534));
#4205=CARTESIAN_POINT('',(0.0714925909401197,-0.0141882582351067,-0.0127000000000001));
#4206=CARTESIAN_POINT('',(0.0708048491637796,-0.0143360593036922,-0.0125311374779252));
#4207=CARTESIAN_POINT('',(0.0709351589465476,-0.0141932546399344,-0.0125772141930099));
#4208=CARTESIAN_POINT('',(0.0710653639203692,-0.0140504500666171,-0.012623586528966));
#4209=CARTESIAN_POINT('',(0.0706624762989016,-0.0139125353530637,-0.0124806135213393));
#4210=CARTESIAN_POINT('',(0.0706624762989016,-0.0139125353530637,-0.0124806135213393));
#4211=CARTESIAN_POINT('',(0.0706624762989016,-0.0139125353530637,-0.0124806135213393));
#4212=CARTESIAN_POINT('',(0.0719366797914319,-0.0143225748193167,-0.01016));
#4213=CARTESIAN_POINT('',(0.0719366797914314,-0.0143225748193162,-0.0127));
#4214=CARTESIAN_POINT('',(0.0715285125822278,-0.0147724138172791,-0.0127));
#4215=CARTESIAN_POINT('',(0.0711645047009089,-0.0151735850453712,-0.0124251991578504));
#4216=CARTESIAN_POINT('',(0.0720562795319915,-0.0144310949838555,-0.0127));
#4217=CARTESIAN_POINT('',(0.0716617093091293,-0.0150088404432808,-0.0126999999999993));
#4218=CARTESIAN_POINT('',(0.0713196034426982,-0.0155078216821919,-0.0123525011744061));
#4219=CARTESIAN_POINT('',(0.0723294527098519,-0.0145900258464424,-0.0127));
#4220=CARTESIAN_POINT('',(0.071966125788928,-0.0153768266146994,-0.0127000000000003));
#4221=CARTESIAN_POINT('',(0.0716696259121439,-0.0160054820911472,-0.0121844201793953));
#4222=CARTESIAN_POINT('',(0.0729302591437956,-0.01480908133136,-0.0127));
#4223=CARTESIAN_POINT('',(0.0726434486625407,-0.0159593656243696,-0.0126999999999998));
#4224=CARTESIAN_POINT('',(0.0724397469848198,-0.0167138768254504,-0.0118146793815468));
#4225=CARTESIAN_POINT('',(0.0737007155978097,-0.0149525979570504,-0.0127));
#4226=CARTESIAN_POINT('',(0.0735305600428995,-0.0164930555678053,-0.0127000000000001));
#4227=CARTESIAN_POINT('',(0.0734212626913382,-0.0172211114339089,-0.0113384195248214));
#4228=CARTESIAN_POINT('',(0.0746516963492537,-0.0150110782235785,-0.0127));
#4229=CARTESIAN_POINT('',(0.074656869613357,-0.0170249518690803,-0.0126999999999997));
#4230=CARTESIAN_POINT('',(0.0746291170436171,-0.0175107769976914,-0.0107492403251548));
#4231=CARTESIAN_POINT('',(0.0752821692434038,-0.0149849780220389,-0.0127));
#4232=CARTESIAN_POINT('',(0.0754232126326875,-0.0173321001308957,-0.0127000000000006));
#4233=CARTESIAN_POINT('',(0.0754251343229436,-0.0175222547911743,-0.0103569329072649));
#4234=CARTESIAN_POINT('',(0.0755976066459417,-0.0149570554946679,-0.0127));
#4235=CARTESIAN_POINT('',(0.0758215717565023,-0.0174871621385175,-0.0127));
#4236=CARTESIAN_POINT('',(0.0758215717565023,-0.0174871621385174,-0.01016));
#4237=CARTESIAN_POINT('',(0.0755976066459417,-0.0149570554946679,-0.01016));
#4238=CARTESIAN_POINT('',(0.0888331215887147,-0.0145946387127864,-0.01016));
#4239=CARTESIAN_POINT('',(0.0888331215887147,-0.0145946387127864,-0.0127));
#4240=CARTESIAN_POINT('',(0.0878688782239768,-0.0122447802631008,-0.0127));
#4241=CARTESIAN_POINT('',(0.0866857972529569,-0.0154757740181797,-0.0101600000000055));
#4242=CARTESIAN_POINT('',(0.0866857972519138,-0.0154757740153666,-0.0127000000000156));
#4243=CARTESIAN_POINT('',(0.0859021289286087,-0.0130518182155859,-0.0127));
#4244=CARTESIAN_POINT('',(0.082364143702829,-0.0166952460600735,-0.0101599999999945));
#4245=CARTESIAN_POINT('',(0.0823641437032431,-0.0166952460611633,-0.0126999999999779));
#4246=CARTESIAN_POINT('',(0.0818650168329249,-0.0141971108614548,-0.0127));
#4247=CARTESIAN_POINT('',(0.0780081964910755,-0.0172936020561401,-0.0101600000000055));
#4248=CARTESIAN_POINT('',(0.0780081964912904,-0.0172936020567736,-0.0127000000000285));
#4249=CARTESIAN_POINT('',(0.077701568093356,-0.0147708127692995,-0.0127));
#4250=CARTESIAN_POINT('',(0.0758215717561878,-0.0174871621385453,-0.01016));
#4251=CARTESIAN_POINT('',(0.0758215717561878,-0.0174871621385453,-0.0127));
#4252=CARTESIAN_POINT('',(0.0755976066456391,-0.0149570554946947,-0.0127));
#4253=CARTESIAN_POINT('',(0.0878688782239784,-0.0122447802631001,-0.01016));
#4254=CARTESIAN_POINT('',(0.0878688782239771,-0.0122447802631007,-0.0127));
#4255=CARTESIAN_POINT('',(0.0888331215887125,-0.0145946387127845,-0.0127));
#4256=CARTESIAN_POINT('',(0.0888331215887135,-0.0145946387127869,-0.0101600000000027));
#4257=CARTESIAN_POINT('',(0.0888790094494031,-0.0118302819634257,-0.0127));
#4258=CARTESIAN_POINT('',(0.0901273309081842,-0.0142577174048149,-0.0127000000000103));
#4259=CARTESIAN_POINT('',(0.0900172779292829,-0.0141087307661374,-0.00998652129430469));
#4260=CARTESIAN_POINT('',(0.0907704878204554,-0.0107988704188393,-0.0127));
#4261=CARTESIAN_POINT('',(0.0926742334838075,-0.0132963565585219,-0.0126999999999952));
#4262=CARTESIAN_POINT('',(0.0922392577204496,-0.0128601639483053,-0.009651417211908));
#4263=CARTESIAN_POINT('',(0.0931937053459742,-0.00856731118002573,-0.0127));
#4264=CARTESIAN_POINT('',(0.0962831372943502,-0.0109337807445137,-0.0127));
#4265=CARTESIAN_POINT('',(0.0950458390761315,-0.0100730523440229,-0.00916151637011488));
#4266=CARTESIAN_POINT('',(0.0948884981423549,-0.0057462319467778,-0.0127));
#4267=CARTESIAN_POINT('',(0.0995533836714904,-0.00741755662516681,-0.0127000000000063));
#4268=CARTESIAN_POINT('',(0.0968881535454288,-0.00651562710455205,-0.00869911569697117));
#4269=CARTESIAN_POINT('',(0.0953407202499808,-0.00357639015437237,-0.0127));
#4270=CARTESIAN_POINT('',(0.101261240624665,-0.0042992536649687,-0.0126999999999826));
#4271=CARTESIAN_POINT('',(0.0971877817433458,-0.00380945551608264,-0.00840299373796519));
#4272=CARTESIAN_POINT('',(0.0953407202564266,-0.00249245231680016,-0.0127));
#4273=CARTESIAN_POINT('',(0.102036587777262,-0.00249245231679673,-0.0127));
#4274=CARTESIAN_POINT('',(0.0970253458922151,-0.0024924523167993,-0.00825904327580969));
#4275=CARTESIAN_POINT('',(0.0953407202564266,-0.00249245231680921,-0.01016));
#4276=CARTESIAN_POINT('',(0.0953407202564266,-0.00249245231681209,-0.01016));
#4277=CARTESIAN_POINT('',(0.0953407202564266,0.00249245231679576,-0.01016));
#4278=CARTESIAN_POINT('',(0.0888331215887334,0.0145946387127788,-0.01016));
#4279=CARTESIAN_POINT('',(0.0888331215887334,0.0145946387127788,-0.0127));
#4280=CARTESIAN_POINT('',(0.0878688782239938,0.0122447802630938,-0.0127));
#4281=CARTESIAN_POINT('',(0.09001729656681,0.014108723118393,-0.00998651856347963));
#4282=CARTESIAN_POINT('',(0.0901273519983751,0.014257711914873,-0.012700000000004));
#4283=CARTESIAN_POINT('',(0.0888790253483063,0.0118302754394561,-0.0127));
#4284=CARTESIAN_POINT('',(0.0922389457052567,0.0128603679228331,-0.00965146560489478));
#4285=CARTESIAN_POINT('',(0.0926738572414975,0.0132965208204488,-0.0126999999999981));
#4286=CARTESIAN_POINT('',(0.0907702217072399,0.0107990370975938,-0.0127));
#4287=CARTESIAN_POINT('',(0.095045722818572,0.0100732436918627,-0.00916154181866713));
#4288=CARTESIAN_POINT('',(0.0962829727141624,0.0109339480452454,-0.0127000000000004));
#4289=CARTESIAN_POINT('',(0.0931936015871611,0.00856746246244784,-0.0127));
#4290=CARTESIAN_POINT('',(0.096888124014757,0.00651576001395999,-0.00869913089216759));
#4291=CARTESIAN_POINT('',(0.0995532926390046,0.00741769398707917,-0.0127000000000006));
#4292=CARTESIAN_POINT('',(0.0948884647144293,0.00574633800053846,-0.0127));
#4293=CARTESIAN_POINT('',(0.0971877859009215,0.00380948920291389,-0.00840299742240422));
#4294=CARTESIAN_POINT('',(0.101261222789796,0.00429929519258955,-0.0126999999999979));
#4295=CARTESIAN_POINT('',(0.0953407202503793,0.00357641788210895,-0.0127));
#4296=CARTESIAN_POINT('',(0.0970253458922131,0.00249245231679574,-0.00825904327580791));
#4297=CARTESIAN_POINT('',(0.102036587777273,0.00249245231679574,-0.0127));
#4298=CARTESIAN_POINT('',(0.0953407202564266,0.00249245231679574,-0.0127));
#4299=CARTESIAN_POINT('',(0.0878688782239938,0.0122447802630938,-0.01016));
#4300=CARTESIAN_POINT('',(0.0758215717561878,0.0174871621385453,-0.01016));
#4301=CARTESIAN_POINT('',(0.0758215717561878,0.0174871621385453,-0.0127));
#4302=CARTESIAN_POINT('',(0.075597606645639,0.0149570554946947,-0.0127));
#4303=CARTESIAN_POINT('',(0.0780081964907623,0.0172936020561678,-0.0101599999999908));
#4304=CARTESIAN_POINT('',(0.0780081964908178,0.0172936020566929,-0.0126999999999948));
#4305=CARTESIAN_POINT('',(0.0777015680933452,0.0147708127692478,-0.0127));
#4306=CARTESIAN_POINT('',(0.0823641437053372,0.0166952460590973,-0.0101600000000018));
#4307=CARTESIAN_POINT('',(0.0823641437058977,0.0166952460602686,-0.0127000000000013));
#4308=CARTESIAN_POINT('',(0.0818650168349819,0.0141971108606643,-0.0127));
#4309=CARTESIAN_POINT('',(0.0866857972482879,0.0154757740200974,-0.0101600000000055));
#4310=CARTESIAN_POINT('',(0.0866857972471114,0.0154757740172296,-0.0127000000000026));
#4311=CARTESIAN_POINT('',(0.0859021289245377,0.0130518182172116,-0.0127));
#4312=CARTESIAN_POINT('',(0.088833121588733,0.014594638712779,-0.01016));
#4313=CARTESIAN_POINT('',(0.088833121588733,0.014594638712779,-0.0127));
#4314=CARTESIAN_POINT('',(0.0878688782239935,0.012244780263094,-0.0127));
#4315=CARTESIAN_POINT('',(0.0755976066459417,0.0149570554946679,-0.01016));
#4316=CARTESIAN_POINT('',(0.0755976066459417,0.0149570554946679,-0.0127));
#4317=CARTESIAN_POINT('',(0.0758215717565024,0.0174871621385175,-0.0127));
#4318=CARTESIAN_POINT('',(0.0758215717565024,0.0174871621385175,-0.01016));
#4319=CARTESIAN_POINT('',(0.0752818956396422,0.0149850022412239,-0.0127));
#4320=CARTESIAN_POINT('',(0.0754228800146144,0.0173319706554269,-0.0126999999999982));
#4321=CARTESIAN_POINT('',(0.0754247904665712,0.01752228522935,-0.0103571037236384));
#4322=CARTESIAN_POINT('',(0.0746517075776833,0.0150105680502475,-0.0127));
#4323=CARTESIAN_POINT('',(0.0746562547634761,0.0170240632933443,-0.0127000000000008));
#4324=CARTESIAN_POINT('',(0.0746291037995645,0.017509339479539,-0.0107492234871558));
#4325=CARTESIAN_POINT('',(0.0737144482535306,0.0149544754517591,-0.0127));
#4326=CARTESIAN_POINT('',(0.0735465435350432,0.0165019868780811,-0.0126999999999997));
#4327=CARTESIAN_POINT('',(0.0734387439637022,0.0172282361513557,-0.0113299257038339));
#4328=CARTESIAN_POINT('',(0.072930880392952,0.0148090395574197,-0.0127));
#4329=CARTESIAN_POINT('',(0.0726441971136783,0.0159593841725042,-0.0127000000000002));
#4330=CARTESIAN_POINT('',(0.0724405313038961,0.0167138015694962,-0.0118142924749676));
#4331=CARTESIAN_POINT('',(0.0723335512298104,0.0145921255981155,-0.0127));
#4332=CARTESIAN_POINT('',(0.0719706803251844,0.0153818821012455,-0.0126999999999997));
#4333=CARTESIAN_POINT('',(0.0716748959848518,0.0160121112096354,-0.0121819046135286));
#4334=CARTESIAN_POINT('',(0.0720557139886754,0.0144305818432918,-0.0127));
#4335=CARTESIAN_POINT('',(0.0716610746937031,0.0150077140113606,-0.0127000000000006));
#4336=CARTESIAN_POINT('',(0.0713188700418701,0.0155062412301831,-0.0123528449265075));
#4337=CARTESIAN_POINT('',(0.0719366797914311,0.0143225748193159,-0.0127));
#4338=CARTESIAN_POINT('',(0.0715285125822279,0.0147724138172785,-0.0127));
#4339=CARTESIAN_POINT('',(0.0711645047009092,0.0151735850453704,-0.0124251991578509));
#4340=CARTESIAN_POINT('',(0.0719366797914294,0.0143225748193144,-0.01016));
#4341=CARTESIAN_POINT('',(0.0719366797914266,0.0143225748193153,-0.0127));
#4342=CARTESIAN_POINT('',(0.0715285125822255,0.0147724138172769,-0.0126999999999995));
#4343=CARTESIAN_POINT('',(0.0711645047009088,0.0151735850453682,-0.0124251991578517));
#4344=CARTESIAN_POINT('',(0.0714925909401866,0.0141882582349712,-0.0126999999999994));
#4345=CARTESIAN_POINT('',(0.0712217951376036,0.0144790677019876,-0.0126532991107592));
#4346=CARTESIAN_POINT('',(0.0709725375662801,0.0147598968517296,-0.012515178285258));
#4347=CARTESIAN_POINT('',(0.0710653639203631,0.014050450066626,-0.0126235865289639));
#4348=CARTESIAN_POINT('',(0.0709351589421527,0.0141932546401239,-0.0125772142049249));
#4349=CARTESIAN_POINT('',(0.0708048491637678,0.0143360593037354,-0.012531137477921));
#4350=CARTESIAN_POINT('',(0.0706624762989017,0.0139125353530637,-0.0124806135213393));
#4351=CARTESIAN_POINT('',(0.0706624762989016,0.0139125353530637,-0.0124806135213393));
#4352=CARTESIAN_POINT('',(0.0706624762989016,0.0139125353530638,-0.0124806135213393));
#4353=CARTESIAN_POINT('',(-0.0378890493903971,0.0146162768777122,0.0061585765352387));
#4354=CARTESIAN_POINT('',(-0.036694962756555,0.0140577212004499,-0.00121044000971078));
#4355=CARTESIAN_POINT('',(-0.0397580814770212,0.00725393093831035,-0.00181539781535107));
#4356=CARTESIAN_POINT('',(-0.0375683394735596,0.0144662589981656,0.00619746789374987));
#4357=CARTESIAN_POINT('',(-0.0364898553100755,0.0139372625819573,-0.00122354381114109));
#4358=CARTESIAN_POINT('',(-0.0396952343730919,0.00716181760566618,-0.00180298567937021));
#4359=CARTESIAN_POINT('',(-0.037077978458331,0.014222401751468,0.00624720123579827));
#4360=CARTESIAN_POINT('',(-0.0361683998834806,0.0137422212741628,-0.00125166734949492));
#4361=CARTESIAN_POINT('',(-0.0396023502392122,0.00701665785339787,-0.0017871133365137));
#4362=CARTESIAN_POINT('',(-0.0363973130282256,0.0138437246346588,0.00629784085262093));
#4363=CARTESIAN_POINT('',(-0.0357019285537898,0.0134393617931202,-0.00130729722575019));
#4364=CARTESIAN_POINT('',(-0.0394818487866834,0.00680641849542738,-0.00177095175659967));
#4365=CARTESIAN_POINT('',(-0.0359591775347613,0.0135803240140693,0.00632328697922532));
#4366=CARTESIAN_POINT('',(-0.0353913321298462,0.0132275569248205,-0.00135017845003448));
#4367=CARTESIAN_POINT('',(-0.0394080897401487,0.00666729489386088,-0.0017628306523781));
#4368=CARTESIAN_POINT('',(-0.0356426710380716,0.0133773320509817,0.00633802187639919));
#4369=CARTESIAN_POINT('',(-0.0351604604540175,0.0130630357820377,-0.0013845742357029));
#4370=CARTESIAN_POINT('',(-0.0393573759196543,0.00656536802889615,-0.00175812802561889));
#4371=CARTESIAN_POINT('',(-0.0354611325570477,0.0132569790608318,0.00634558919131811));
#4372=CARTESIAN_POINT('',(-0.0350263456972071,0.0129653087798841,-0.00140571317309454));
#4373=CARTESIAN_POINT('',(-0.0393286789178565,0.00650573007890463,-0.00175571292511299));
#4374=CARTESIAN_POINT('',(-0.0353417403247572,0.0131759911649444,0.00634997028988283));
#4375=CARTESIAN_POINT('',(-0.0349364530544675,0.0128985774612534,-0.00141915857120668));
#4376=CARTESIAN_POINT('',(-0.03931086040446,0.00646787826476663,-0.00175431470216677));
#4377=CARTESIAN_POINT('',(-0.035256367475702,0.0131169771463742,0.00635326712702261));
#4378=CARTESIAN_POINT('',(-0.0348733713644346,0.0128514495958322,-0.00143102521016791));
#4379=CARTESIAN_POINT('',(-0.0392966897099114,0.00643718296820006,-0.0017532625201009));
#4380=CARTESIAN_POINT('',(-0.0352219776705467,0.0130931718619687,0.00635643843684514));
#4381=CARTESIAN_POINT('',(-0.0348570168928498,0.0128409861236663,-0.00144645426219292));
#4382=CARTESIAN_POINT('',(-0.0392825227039575,0.00640646574530673,-0.00175225039994477));
#4383=CARTESIAN_POINT('',(-0.0351380823592773,0.0130351363767944,0.00636166156126951));
#4384=CARTESIAN_POINT('',(-0.0348067907864661,0.012805708223358,-0.00147211537450995));
#4385=CARTESIAN_POINT('',(-0.0392577269357202,0.00635271691517243,-0.00175058344534125));
#4386=CARTESIAN_POINT('',(-0.0349871030293321,0.0129306752108735,0.00637080042593779));
#4387=CARTESIAN_POINT('',(-0.0347223219257873,0.0127476460980306,-0.00152565765373945));
#4388=CARTESIAN_POINT('',(-0.0392081308235012,0.0062451994581865,-0.00174766678640456));
#4389=CARTESIAN_POINT('',(-0.0347625810075958,0.012775341914875,0.0063801270611417));
#4390=CARTESIAN_POINT('',(-0.03459538707245,0.0126596146010102,-0.0016044422973312));
#4391=CARTESIAN_POINT('',(-0.0391372605643796,0.00609156777108811,-0.00174469020070119));
#4392=CARTESIAN_POINT('',(-0.0344081497104173,0.0125301260962446,0.00638711140238932));
#4393=CARTESIAN_POINT('',(-0.0344005027706036,0.0125248666904458,-0.00173715086009389));
#4394=CARTESIAN_POINT('',(-0.0390238355820545,0.00584568359110888,-0.00174246115562216));
#4395=CARTESIAN_POINT('',(-0.0339631315541128,0.0122222392319887,0.00638094874032354));
#4396=CARTESIAN_POINT('',(-0.0341628940777577,0.0123604352258328,-0.00191449604296285));
#4397=CARTESIAN_POINT('',(-0.0388819588585487,0.00553812233611193,-0.00174442796266444));
#4398=CARTESIAN_POINT('',(-0.0332520826655623,0.0117302971973873,0.00633932164934058));
#4399=CARTESIAN_POINT('',(-0.0338004904409701,0.0121097212803703,-0.00222270958438076));
#4400=CARTESIAN_POINT('',(-0.038654969284986,0.005046052357455,-0.00175771320446743));
#4401=CARTESIAN_POINT('',(-0.0323586222120458,0.0111121533940381,0.00622635083836425));
#4402=CARTESIAN_POINT('',(-0.033381600027944,0.0118199022476625,-0.00265430396925981));
#4403=CARTESIAN_POINT('',(-0.0383698512911564,0.00442797127178001,-0.00179376771860948));
#4404=CARTESIAN_POINT('',(-0.0313038044754692,0.0103823738073884,0.00599430098408718));
#4405=CARTESIAN_POINT('',(-0.0329568572741639,0.0115260450731296,-0.00322609639354816));
#4406=CARTESIAN_POINT('',(-0.0380331980656586,0.00369817161547455,-0.0018678261827377));
#4407=CARTESIAN_POINT('',(-0.02992931238531,0.00943142638621383,0.00555937755108634));
#4408=CARTESIAN_POINT('',(-0.0324996650504067,0.0112097340190404,-0.00405449787536762));
#4409=CARTESIAN_POINT('',(-0.037594533466322,0.00274723088418527,-0.00200663153370902));
#4410=CARTESIAN_POINT('',(-0.0289239912166641,0.00873589121498705,0.0050834503665706));
#4411=CARTESIAN_POINT('',(-0.0323064889183416,0.0110760847531785,-0.00472002720485303));
#4412=CARTESIAN_POINT('',(-0.0372736851264293,0.00205169320425144,-0.00215852318827952));
#4413=CARTESIAN_POINT('',(-0.0282820076404448,0.00829173250470862,0.00470069929962571));
#4414=CARTESIAN_POINT('',(-0.0322542806081561,0.0110399642407957,-0.00515109575090346));
#4415=CARTESIAN_POINT('',(-0.0370687967510672,0.00160753449397307,-0.00228067778416374));
#4416=CARTESIAN_POINT('',(-0.0413329202167455,0.00725393093831035,0.00615857653523871));
#4417=CARTESIAN_POINT('',(-0.0397580814770212,-0.00725393093831036,-0.00181539781535107));
#4418=CARTESIAN_POINT('',(-0.036694962756555,-0.01405772120045,-0.00121044000971078));
#4419=CARTESIAN_POINT('',(-0.0378890493903971,-0.0146162768777122,0.0061585765352387));
#4420=CARTESIAN_POINT('',(-0.0396952267028112,-0.00716180636353334,-0.00180298416451016));
#4421=CARTESIAN_POINT('',(-0.0364898302305756,-0.0139372478528829,-0.00122354541340209));
#4422=CARTESIAN_POINT('',(-0.0375683003319609,-0.014466240688973,0.00619747264031243));
#4423=CARTESIAN_POINT('',(-0.0396023313990298,-0.00701662805602904,-0.00178711021967179));
#4424=CARTESIAN_POINT('',(-0.0361683372734488,-0.0137421837175207,-0.00125167367082483));
#4425=CARTESIAN_POINT('',(-0.037077882149207,-0.0142223540990754,0.00624721100190265));
#4426=CARTESIAN_POINT('',(-0.0394818159502822,-0.00680635949854531,-0.00177094766477354));
#4427=CARTESIAN_POINT('',(-0.0357017914049686,-0.0134392704315826,-0.0013073134656021));
#4428=CARTESIAN_POINT('',(-0.0363971177475097,-0.0138436120546266,0.00629785367367623));
#4429=CARTESIAN_POINT('',(-0.0394080485950912,-0.00666721547757677,-0.00176282639550405));
#4430=CARTESIAN_POINT('',(-0.0353911711156197,-0.0132274470321849,-0.00135020511993956));
#4431=CARTESIAN_POINT('',(-0.0359589478110801,-0.0135801841203383,0.00632330031743066));
#4432=CARTESIAN_POINT('',(-0.0393573292453744,-0.0065652729093231,-0.00175812386484558));
#4433=CARTESIAN_POINT('',(-0.0351602209235912,-0.013062861907905,-0.00138460524072125));
#4434=CARTESIAN_POINT('',(-0.0356423512794832,-0.0133771230402434,0.00633803491348887));
#4435=CARTESIAN_POINT('',(-0.039328629162922,-0.00650562559848136,-0.00175570887521232));
#4436=CARTESIAN_POINT('',(-0.0350261501018489,-0.0129651672620435,-0.00140575362666805));
#4437=CARTESIAN_POINT('',(-0.0354608589566886,-0.0132567967310065,0.00634560188100688));
#4438=CARTESIAN_POINT('',(-0.039310808787652,-0.00646776762379884,-0.0017543107464132));
#4439=CARTESIAN_POINT('',(-0.0349360722299325,-0.0128982884763701,-0.00141918957526631));
#4440=CARTESIAN_POINT('',(-0.0353412637346451,-0.0131756640666788,0.00634998268457738));
#4441=CARTESIAN_POINT('',(-0.0392966365729197,-0.00643706754640312,-0.00175325864844233));
#4442=CARTESIAN_POINT('',(-0.0348733285296741,-0.0128514246609781,-0.0014310843996307));
#4443=CARTESIAN_POINT('',(-0.0352562589595517,-0.0131169015843348,0.00635327925821946));
#4444=CARTESIAN_POINT('',(-0.0392824677832172,-0.006406346819227,-0.00175224660238887));
#4445=CARTESIAN_POINT('',(-0.034856887974676,-0.0128408942511413,-0.00144650941324361));
#4446=CARTESIAN_POINT('',(-0.0352217725644657,-0.0130930302346412,0.00635645033585363));
#4447=CARTESIAN_POINT('',(-0.0392576690155461,-0.00635259126205345,-0.00175057981181514));
#4448=CARTESIAN_POINT('',(-0.0348067086485113,-0.0128056532995962,-0.00147217855498849));
#4449=CARTESIAN_POINT('',(-0.0351379242919974,-0.0130350268215937,0.00636167294631797));
#4450=CARTESIAN_POINT('',(-0.0392080668160579,-0.00624506076934245,-0.00174766357535261));
#4451=CARTESIAN_POINT('',(-0.034722193161951,-0.0127475556397572,-0.0015257264439156));
#4452=CARTESIAN_POINT('',(-0.0349868856502457,-0.0129305249569929,0.00637081048723389));
#4453=CARTESIAN_POINT('',(-0.0391371879018471,-0.00609141023041824,-0.00174468788486376));
#4454=CARTESIAN_POINT('',(-0.0345952655905482,-0.0126595310109354,-0.00160452540082875));
#4455=CARTESIAN_POINT('',(-0.0347623589121867,-0.0127751882106893,0.0063801343174323));
#4456=CARTESIAN_POINT('',(-0.0390237490380985,-0.00584549599323145,-0.00174246088581442));
#4457=CARTESIAN_POINT('',(-0.0344003528142128,-0.0125247626764036,-0.00173725519515554));
#4458=CARTESIAN_POINT('',(-0.0344078753204033,-0.0125299362854112,0.00638711224778688));
#4459=CARTESIAN_POINT('',(-0.0388818549475869,-0.00553789707281734,-0.00174443141596114));
#4460=CARTESIAN_POINT('',(-0.0341627248653693,-0.0123603182448524,-0.00191463073917658));
#4461=CARTESIAN_POINT('',(-0.0339628070343707,-0.0122220147028771,0.0063809379199939));
#4462=CARTESIAN_POINT('',(-0.0386548375882938,-0.00504576686673554,-0.00175772511055126));
#4463=CARTESIAN_POINT('',(-0.0338002873818467,-0.0121095807407491,-0.00222289788696228));
#4464=CARTESIAN_POINT('',(-0.0332516693993853,-0.0117300112828097,0.00633928434361124));
#4465=CARTESIAN_POINT('',(-0.0383696844987455,-0.00442760969698252,-0.00179379525112393));
#4466=CARTESIAN_POINT('',(-0.0333813683926912,-0.0118197420081469,-0.00265457041196526));
#4467=CARTESIAN_POINT('',(-0.0323580998050089,-0.0111117919630496,0.00622626456981893));
#4468=CARTESIAN_POINT('',(-0.0380329947662504,-0.00369773090155928,-0.0018678793531434));
#4469=CARTESIAN_POINT('',(-0.0329566192188356,-0.0115258803687473,-0.00322645902000831));
#4470=CARTESIAN_POINT('',(-0.0313031674156077,-0.0103819330556285,0.00599413438348274));
#4471=CARTESIAN_POINT('',(-0.0375942830034581,-0.00274668792859366,-0.00200672862821878));
#4472=CARTESIAN_POINT('',(-0.0324994505055663,-0.01120958558847,-0.00405499897489168));
#4473=CARTESIAN_POINT('',(-0.0299285276347029,-0.00943088345332933,0.00555907332162216));
#4474=CARTESIAN_POINT('',(-0.0372733997128818,-0.00205107448239838,-0.00215866790235668));
#4475=CARTESIAN_POINT('',(-0.0323063415637289,-0.011075982805352,-0.00472063236517454));
#4476=CARTESIAN_POINT('',(-0.0289230969208641,-0.0087352724931321,0.00508299692913005));
#4477=CARTESIAN_POINT('',(-0.0370684966872108,-0.00160688401307002,-0.00228085670109709));
#4478=CARTESIAN_POINT('',(-0.0322542025517289,-0.011039910237168,-0.00515174069742265));
#4479=CARTESIAN_POINT('',(-0.0282810674403615,-0.00829108202380557,0.00470013869323453));
#4480=CARTESIAN_POINT('',(-0.0413329202167455,-0.00725393093831035,0.00615857653523871));
#4481=CARTESIAN_POINT('',(-0.05715,0.01778,0.000912596313339101));
#4482=CARTESIAN_POINT('',(-0.0535345471118231,0.01778,-0.00636702485904162));
#4483=CARTESIAN_POINT('',(-0.0535345471118231,0.00965199999999999,-0.00636702485904162));
#4484=CARTESIAN_POINT('',(-0.0557639759772981,0.01778,0.00154430369631946));
#4485=CARTESIAN_POINT('',(-0.0523674429113573,0.0177294057300995,-0.0057873779031246));
#4486=CARTESIAN_POINT('',(-0.0524553213033563,0.0096520000003449,-0.00583102305704945));
#4487=CARTESIAN_POINT('',(-0.052923117192037,0.0177234852905627,0.00270139212222918));
#4488=CARTESIAN_POINT('',(-0.0499524358660796,0.0175762543869455,-0.00471083176746723));
#4489=CARTESIAN_POINT('',(-0.0502511176115929,0.00959958733870295,-0.00484264105581992));
#4490=CARTESIAN_POINT('',(-0.0483803146459383,0.0173744889075053,0.0041506358431426));
#4491=CARTESIAN_POINT('',(-0.0460068674732885,0.0170904690004866,-0.00331924008585827));
#4492=CARTESIAN_POINT('',(-0.046792940588723,0.00929093263725856,-0.00358798019316983));
#4493=CARTESIAN_POINT('',(-0.0443449083366333,0.0167388897895664,0.00511823083452782));
#4494=CARTESIAN_POINT('',(-0.0424418845395721,0.016345431653564,-0.0023526462474276));
#4495=CARTESIAN_POINT('',(-0.043846116876043,0.0087524917915595,-0.00273889989215323));
#4496=CARTESIAN_POINT('',(-0.0408458590345861,0.0158100420250904,0.00575646267857623));
#4497=CARTESIAN_POINT('',(-0.039326360691535,0.0153249119047568,-0.00167861481078041));
#4498=CARTESIAN_POINT('',(-0.0414951992483552,0.00804355865520528,-0.00217385139744342));
#4499=CARTESIAN_POINT('',(-0.0389171626975971,0.0150971955215778,0.00603390086415778));
#4500=CARTESIAN_POINT('',(-0.0376075910602631,0.0145632804404021,-0.00136364407569997));
#4501=CARTESIAN_POINT('',(-0.0403218025379672,0.00754922253379192,-0.00192673122653897));
#4502=CARTESIAN_POINT('',(-0.0378890493903971,0.0146162768777122,0.00615857653523879));
#4503=CARTESIAN_POINT('',(-0.0366949627565549,0.01405772120045,-0.00121044000971071));
#4504=CARTESIAN_POINT('',(-0.0397580814770211,0.00725393093831037,-0.00181539781535101));
#4505=CARTESIAN_POINT('',(-0.0458020778987349,0.0169415318805396,0.00475232584770893));
#4506=CARTESIAN_POINT('',(-0.0452186602532011,0.0168419867466434,0.00464361102615266));
#4507=CARTESIAN_POINT('',(-0.044029034893291,0.0165979221923562,0.00464748461732187));
#4508=CARTESIAN_POINT('',(-0.0429423894919913,0.0163549726817116,0.00512626915673814));
#4509=CARTESIAN_POINT('',(-0.0424566106850104,0.0162280598290983,0.00545795208237244));
#4510=CARTESIAN_POINT('',(-0.05715,0.009652,0.000912596313339082));
#4511=CARTESIAN_POINT('',(-0.0535345471118231,-0.00965200000000001,-0.00636702485904162));
#4512=CARTESIAN_POINT('',(-0.0535345471118231,-0.01778,-0.00636702485904162));
#4513=CARTESIAN_POINT('',(-0.05715,-0.01778,0.000912596313339082));
#4514=CARTESIAN_POINT('',(-0.0524553213033479,-0.00965200000034984,-0.00583102305704531));
#4515=CARTESIAN_POINT('',(-0.0523674429113374,-0.0177294057301465,-0.00578737790310569));
#4516=CARTESIAN_POINT('',(-0.0557639759773129,-0.01778,0.00154430369636871));
#4517=CARTESIAN_POINT('',(-0.0502511176115967,-0.00959958733870099,-0.00484264105582182));
#4518=CARTESIAN_POINT('',(-0.0499524358660927,-0.0175762543869243,-0.00471083176747749));
#4519=CARTESIAN_POINT('',(-0.0529231171920302,-0.0177234852905627,0.00270139212220625));
#4520=CARTESIAN_POINT('',(-0.0467929405887221,-0.00929093263725805,-0.00358798019316935));
#4521=CARTESIAN_POINT('',(-0.0460068674732825,-0.0170904690004914,-0.00331924008585534));
#4522=CARTESIAN_POINT('',(-0.0483803146459399,-0.0173744889075052,0.00415063584314898));
#4523=CARTESIAN_POINT('',(-0.0438461168760426,-0.00875249179156267,-0.00273889989215316));
#4524=CARTESIAN_POINT('',(-0.0424418845395756,-0.0163454316535656,-0.00235264624742678));
#4525=CARTESIAN_POINT('',(-0.0443449083366337,-0.0167388897895666,0.00511823083452673));
#4526=CARTESIAN_POINT('',(-0.0414951992483561,-0.00804355865519972,-0.00217385139744361));
#4527=CARTESIAN_POINT('',(-0.0393263606915301,-0.0153249119047531,-0.00167861481078246));
#4528=CARTESIAN_POINT('',(-0.0408458590345853,-0.01581004202509,0.00575646267857694));
#4529=CARTESIAN_POINT('',(-0.0403218025379651,-0.00754922253380416,-0.00192673122653855));
#4530=CARTESIAN_POINT('',(-0.0376075910602738,-0.0145632804404106,-0.00136364407569532));
#4531=CARTESIAN_POINT('',(-0.0389171626975989,-0.0150971955215786,0.00603390086415656));
#4532=CARTESIAN_POINT('',(-0.0397580814770211,-0.00725393093831033,-0.00181539781535101));
#4533=CARTESIAN_POINT('',(-0.036694962756555,-0.01405772120045,-0.00121044000971073));
#4534=CARTESIAN_POINT('',(-0.0378890493903971,-0.0146162768777122,0.00615857653523879));
#4535=CARTESIAN_POINT('',(-0.0424566106850104,-0.0162280598290983,0.00545795208237244));
#4536=CARTESIAN_POINT('',(-0.0429420276885345,-0.0163548781582204,0.0051265161910413));
#4537=CARTESIAN_POINT('',(-0.0440274170817471,-0.0165975881036534,0.00464771075324533));
#4538=CARTESIAN_POINT('',(-0.0452188208355121,-0.0168420141458615,0.00464364094928159));
#4539=CARTESIAN_POINT('',(-0.0458020778987114,-0.0169415318805355,0.00475232584770872));
#4540=CARTESIAN_POINT('',(-0.05715,-0.009652,0.000912596313339131));
#4541=CARTESIAN_POINT('',(-0.0535345471118231,0.00965199999999999,-0.00636702485904162));
#4542=CARTESIAN_POINT('',(-0.0535345471118231,0.01778,-0.00636702485904163));
#4543=CARTESIAN_POINT('',(-0.05715,0.01778,0.000912596313339079));
#4544=CARTESIAN_POINT('',(-0.0559674291625705,0.00965200000011107,-0.0075753254324754));
#4545=CARTESIAN_POINT('',(-0.0559674291626679,0.0177800000001139,-0.007575325432372));
#4546=CARTESIAN_POINT('',(-0.0600172843044877,0.01778,-0.000511451871645091));
#4547=CARTESIAN_POINT('',(-0.0582478432628737,0.009652,-0.0089797342115432));
#4548=CARTESIAN_POINT('',(-0.0582478432628478,0.01778,-0.00897973421156161));
#4549=CARTESIAN_POINT('',(-0.0627454453284834,0.01778,-0.0021877783347183));
#4550=CARTESIAN_POINT('',(-0.0603586499912172,0.009652,-0.0105896858442836));
#4551=CARTESIAN_POINT('',(-0.0603586499912172,0.01778,-0.0105896858442836));
#4552=CARTESIAN_POINT('',(-0.0652878965687126,0.01778,-0.00412695328148558));
#4553=CARTESIAN_POINT('',(-0.0652878965687126,0.009652,-0.00412695328148564));
#4554=CARTESIAN_POINT('',(-0.05715,-0.01778,0.000912596313339085));
#4555=CARTESIAN_POINT('',(-0.0535345471118231,-0.01778,-0.00636702485904162));
#4556=CARTESIAN_POINT('',(-0.0535345471118231,-0.00965199999999999,-0.00636702485904161));
#4557=CARTESIAN_POINT('',(-0.0600172843043655,-0.01778,-0.000511451871589031));
#4558=CARTESIAN_POINT('',(-0.055967429162825,-0.0177800000000118,-0.00757532543235628));
#4559=CARTESIAN_POINT('',(-0.0559674291625921,-0.00965199999999999,-0.00757532543248617));
#4560=CARTESIAN_POINT('',(-0.0627454453284169,-0.01778,-0.00218777833459768));
#4561=CARTESIAN_POINT('',(-0.0582478432627537,-0.01778,-0.00897973421143612));
#4562=CARTESIAN_POINT('',(-0.0582478432627451,-0.009652,-0.0089797342114451));
#4563=CARTESIAN_POINT('',(-0.0652878965687126,-0.01778,-0.00412695328148561));
#4564=CARTESIAN_POINT('',(-0.0603586499912172,-0.01778,-0.0105896858442837));
#4565=CARTESIAN_POINT('',(-0.0603586499912172,-0.009652,-0.0105896858442837));
#4566=CARTESIAN_POINT('',(-0.0652878965687126,-0.009652,-0.00412695328148564));
#4567=CARTESIAN_POINT('',(-0.0652878965687126,-1.3928545488753E-17,-0.00412695328148565));
#4568=CARTESIAN_POINT('',(-0.0652878965687126,-0.009652,-0.00412695328148565));
#4569=CARTESIAN_POINT('',(-0.0652878965687126,0.009652,-0.00412695328148565));
#4570=CARTESIAN_POINT('',(-0.0774397232356398,-0.009652,0.00258296259418365));
#4571=CARTESIAN_POINT('',(-0.0776432658494376,-0.009652,-0.00452612415478549));
#4572=CARTESIAN_POINT('',(-0.0652878965687126,-0.01778,-0.00412695328148564));
#4573=CARTESIAN_POINT('',(-0.0646375972705936,-0.01778,-0.0122288971730999));
#4574=CARTESIAN_POINT('',(-0.0646375972705936,-0.00965200000000001,-0.0122288971730999));
#4575=CARTESIAN_POINT('',(-0.0693989991791891,-0.01778,-0.00445692929476629));
#4576=CARTESIAN_POINT('',(-0.0689544837304199,-0.0177800000000809,-0.012575390345174));
#4577=CARTESIAN_POINT('',(-0.0689544837310011,-0.00965200000010017,-0.0125753903447162));
#4578=CARTESIAN_POINT('',(-0.0735260765459712,-0.01778,-0.00464400476202682));
#4579=CARTESIAN_POINT('',(-0.073331915539854,-0.01778,-0.0127808946437288));
#4580=CARTESIAN_POINT('',(-0.0733319155399142,-0.009652,-0.0127808946454547));
#4581=CARTESIAN_POINT('',(-0.0776432658494376,-0.01778,-0.00452612415478549));
#4582=CARTESIAN_POINT('',(-0.0778758859794922,-0.01778,-0.0126507947250359));
#4583=CARTESIAN_POINT('',(-0.0778758859794922,-0.009652,-0.0126507947250359));
#4584=CARTESIAN_POINT('',(-0.0652878965687126,-0.009652,-0.00412695328148564));
#4585=CARTESIAN_POINT('',(-0.0652878965687126,-0.009652,-0.00412695328148564));
#4586=CARTESIAN_POINT('',(-0.0652878965687126,-0.009652,-0.00412695328148565));
#4587=CARTESIAN_POINT('',(-0.0774397232356398,0.009652,0.00258296259418365));
#4588=CARTESIAN_POINT('',(-0.0776432658494376,0.009652,-0.00452612415478549));
#4589=CARTESIAN_POINT('',(-0.0652878965687126,0.009652,-0.00412695328148565));
#4590=CARTESIAN_POINT('',(-0.0652878965687126,0.009652,-0.00412695328148564));
#4591=CARTESIAN_POINT('',(-0.0652878965687126,0.009652,-0.00412695328148564));
#4592=CARTESIAN_POINT('',(-0.0646375972705936,0.009652,-0.0122288971730999));
#4593=CARTESIAN_POINT('',(-0.0646375972705936,0.01778,-0.0122288971730999));
#4594=CARTESIAN_POINT('',(-0.0652878965687126,0.01778,-0.00412695328148564));
#4595=CARTESIAN_POINT('',(-0.0689544837311424,0.00965199999994277,-0.0125753903447275));
#4596=CARTESIAN_POINT('',(-0.0689544837312496,0.0177799999999696,-0.0125753903451386));
#4597=CARTESIAN_POINT('',(-0.0693989991793322,0.01778,-0.00445692929475556));
#4598=CARTESIAN_POINT('',(-0.0733319155402563,0.009652,-0.0127808946454449));
#4599=CARTESIAN_POINT('',(-0.0733319155402177,0.01778,-0.0127808946437339));
#4600=CARTESIAN_POINT('',(-0.0735260765462283,0.01778,-0.00464400476204468));
#4601=CARTESIAN_POINT('',(-0.0778758859794921,0.009652,-0.0126507947250359));
#4602=CARTESIAN_POINT('',(-0.0778758859794921,0.01778,-0.0126507947250359));
#4603=CARTESIAN_POINT('',(-0.0776432658494376,0.01778,-0.00452612415478549));
#4604=CARTESIAN_POINT('',(-0.0697312876582146,0.056388,0.00719017954543233));
#4605=CARTESIAN_POINT('',(-0.0697312876582146,-0.01524,0.00719017954543233));
#4606=CARTESIAN_POINT('',(-0.0670775596052381,-0.01524,0.00719017954543233));
#4607=CARTESIAN_POINT('',(-0.0697312876582146,0.01524,0.00719017954543233));
#4608=CARTESIAN_POINT('',(-0.0670775596052381,0.01524,0.00719017954543233));
#4609=CARTESIAN_POINT('',(-0.0763814372357176,0.056388,0.00721289751581532));
#4610=CARTESIAN_POINT('',(-0.0763814372357176,-0.01524,0.00721289751581532));
#4611=CARTESIAN_POINT('',(-0.0768936442522353,-0.01524,0.00572039265423997));
#4612=CARTESIAN_POINT('',(-0.0778501182291882,-0.01524,0.00778987492353094));
#4613=CARTESIAN_POINT('',(-0.0778501182291882,-0.01524,0.00778987492353094));
#4614=CARTESIAN_POINT('',(-0.0780072336492843,-0.01524,0.00738994170571247));
#4615=CARTESIAN_POINT('',(-0.077973478379273,-0.015091666227083,0.00647599233054483));
#4616=CARTESIAN_POINT('',(-0.0773002350506009,-0.01524,0.00585992899019172));
#4617=CARTESIAN_POINT('',(-0.0768936442522353,-0.01524,0.00572039265423997));
#4618=CARTESIAN_POINT('',(-0.0768936442522353,0.01524,0.00572039265423997));
#4619=CARTESIAN_POINT('',(-0.0773002350506009,0.01524,0.00585992899019172));
#4620=CARTESIAN_POINT('',(-0.077973478379273,0.015091666227083,0.00647599233054482));
#4621=CARTESIAN_POINT('',(-0.0780072336492843,0.01524,0.00738994170571248));
#4622=CARTESIAN_POINT('',(-0.0778501182291882,0.01524,0.00778987492353095));
#4623=CARTESIAN_POINT('',(-0.0768936442522353,0.01524,0.00572039265423997));
#4624=CARTESIAN_POINT('',(-0.0778501182291882,0.01524,0.00778987492353095));
#4625=CARTESIAN_POINT('',(-0.0763814372357176,0.01524,0.00721289751581532));
#4626=CARTESIAN_POINT('',(-0.0458477064967156,0.056388,0.0103569934357669));
#4627=CARTESIAN_POINT('',(-0.0443416289711553,-0.0137705443506423,0.00767303886516047));
#4628=CARTESIAN_POINT('',(-0.0437356433540612,-0.0134815660032288,0.00801308236988791));
#4629=CARTESIAN_POINT('',(-0.0429934976299784,-0.0130170697359363,0.00883714779052519));
#4630=CARTESIAN_POINT('',(-0.0426986821631239,-0.0128021203887374,0.0103376367212434));
#4631=CARTESIAN_POINT('',(-0.0429061973964137,-0.0129531005405706,0.0114680525069963));
#4632=CARTESIAN_POINT('',(-0.0434667418330725,-0.0133167227146169,0.0124001309354817));
#4633=CARTESIAN_POINT('',(-0.0445487349605731,-0.0139053424574634,0.0132984173697687));
#4634=CARTESIAN_POINT('',(-0.0463801956022204,-0.0146005575811961,0.0136593370173528));
#4635=CARTESIAN_POINT('',(-0.0484556633479737,-0.0150024082139605,0.012486799239159));
#4636=CARTESIAN_POINT('',(-0.0492134536571026,-0.0150816785214872,0.010181757160997));
#4637=CARTESIAN_POINT('',(-0.0482178266564182,-0.0149705816152009,0.00797166161184319));
#4638=CARTESIAN_POINT('',(-0.0467794378413381,-0.014662789236,0.00733566165228318));
#4639=CARTESIAN_POINT('',(-0.04605675773693,-0.0144377166927824,0.00728645940582329));
#4640=CARTESIAN_POINT('',(-0.0443416289711553,-0.0137705443506423,0.00767303886516044));
#4641=CARTESIAN_POINT('',(-0.04605675773693,-0.0144377166927824,0.00728645940582329));
#4642=CARTESIAN_POINT('',(-0.04605675773693,-0.0144377166927824,0.00728645940582329));
#4643=CARTESIAN_POINT('',(-0.045447516114102,-0.0142479735953213,0.00724498039415939));
#4644=CARTESIAN_POINT('',(-0.044856193218738,-0.0140159262899325,0.0073842956586888));
#4645=CARTESIAN_POINT('',(-0.0443416289711553,-0.0137705443506423,0.00767303886516044));
#4646=CARTESIAN_POINT('',(-0.0443416289711553,0.0137705443506423,0.00767303886516044));
#4647=CARTESIAN_POINT('',(-0.0448561932187415,0.0140159262899341,0.00738429565868685));
#4648=CARTESIAN_POINT('',(-0.0454475161141099,0.0142479735953248,0.0072449803941575));
#4649=CARTESIAN_POINT('',(-0.0460567577369422,0.0144377166927862,0.00728645940582412));
#4650=CARTESIAN_POINT('',(-0.0443416289711553,0.0137705443506423,0.00767303886516044));
#4651=CARTESIAN_POINT('',(-0.0460567577369421,0.0144377166927863,0.00728645940582405));
#4652=CARTESIAN_POINT('',(-0.0460567577369421,0.0144377166927863,0.00728645940582405));
#4653=CARTESIAN_POINT('',(-0.0467748589624969,0.0146613631833109,0.00733534990837067));
#4654=CARTESIAN_POINT('',(-0.0482187210174147,0.0149710163798697,0.00797207176207286));
#4655=CARTESIAN_POINT('',(-0.0492125259808516,0.0150814641149297,0.0101761241617544));
#4656=CARTESIAN_POINT('',(-0.0484572805468779,0.0150026751640897,0.0124860747943284));
#4657=CARTESIAN_POINT('',(-0.0463826359786435,0.0146010311244339,0.013658040195229));
#4658=CARTESIAN_POINT('',(-0.0445542941282507,0.0139078311475824,0.0133006508304296));
#4659=CARTESIAN_POINT('',(-0.0434702865280714,0.0133188911855179,0.0124044502410737));
#4660=CARTESIAN_POINT('',(-0.0429075350740075,0.0129540600596431,0.0114720381681694));
#4661=CARTESIAN_POINT('',(-0.0426980653586198,0.0128016775564304,0.0103394694152821));
#4662=CARTESIAN_POINT('',(-0.0429951475926795,0.0130182561342968,0.0088320847438672));
#4663=CARTESIAN_POINT('',(-0.0437372827347952,0.0134823477800927,0.00801216244579291));
#4664=CARTESIAN_POINT('',(-0.0443416289711553,0.0137705443506423,0.00767303886516047));
#4665=CARTESIAN_POINT('',(-0.0460567577369297,-0.0144377166927823,0.00728645940582293));
#4666=CARTESIAN_POINT('',(-0.0456363208914378,-0.0169132497337583,0.00725783479423269));
#4667=CARTESIAN_POINT('',(-0.0458020778987106,-0.0169415318805354,0.00475232584770842));
#4668=CARTESIAN_POINT('',(-0.0467873269010804,-0.0146652462158453,0.00733619876332182));
#4669=CARTESIAN_POINT('',(-0.0464576981662717,-0.017058617029834,0.0072151041515276));
#4670=CARTESIAN_POINT('',(-0.0472136509809284,-0.0171823803234135,0.00484311544356726));
#4671=CARTESIAN_POINT('',(-0.0482072687170579,-0.0149678478805728,0.0079758582694792));
#4672=CARTESIAN_POINT('',(-0.048135092730749,-0.0173184240205068,0.00783005148458835));
#4673=CARTESIAN_POINT('',(-0.0499264815887322,-0.0174984628154628,0.00601069049650424));
#4674=CARTESIAN_POINT('',(-0.0491963251440648,-0.0150800215793661,0.0101241424958284));
#4675=CARTESIAN_POINT('',(-0.0492221443101288,-0.0174524083718878,0.0101137405111555));
#4676=CARTESIAN_POINT('',(-0.0517976086607871,-0.0176146839329338,0.00993196895929695));
#4677=CARTESIAN_POINT('',(-0.0485152613627943,-0.0150092362378902,0.0123917610472808));
#4678=CARTESIAN_POINT('',(-0.0484840951009942,-0.017363776383767,0.0125101633432957));
#4679=CARTESIAN_POINT('',(-0.0505102503311625,-0.017541361696972,0.0140710692189994));
#4680=CARTESIAN_POINT('',(-0.0468546357698118,-0.014697164971443,0.0134277079541115));
#4681=CARTESIAN_POINT('',(-0.0465326202970507,-0.0170761881899384,0.0135744355045609));
#4682=CARTESIAN_POINT('',(-0.0473459108342413,-0.0172162522423263,0.015961990470557));
#4683=CARTESIAN_POINT('',(-0.0453768589220547,-0.0142248065014643,0.0134632625877067));
#4684=CARTESIAN_POINT('',(-0.0448367029331323,-0.0167699969982041,0.0133978015777564));
#4685=CARTESIAN_POINT('',(-0.0444882959503429,-0.0167163131908437,0.0160268885959901));
#4686=CARTESIAN_POINT('',(-0.0443372847475478,-0.0137866094099831,0.0131112950288081));
#4687=CARTESIAN_POINT('',(-0.043728243979882,-0.0165588708981858,0.0127867877412398));
#4688=CARTESIAN_POINT('',(-0.0424527153617945,-0.016246635078857,0.0153844397091862));
#4689=CARTESIAN_POINT('',(-0.0434836411582484,-0.0133280095354137,0.0124259146905273));
#4690=CARTESIAN_POINT('',(-0.0430056399691375,-0.0164530285767283,0.011861799109925));
#4691=CARTESIAN_POINT('',(-0.0407557499144442,-0.0157475970077778,0.0141334101065252));
#4692=CARTESIAN_POINT('',(-0.042911698392224,-0.0129567052787618,0.0114803156978523));
#4693=CARTESIAN_POINT('',(-0.0427629980014497,-0.0165084038600997,0.0109571962794643));
#4694=CARTESIAN_POINT('',(-0.0396013242906939,-0.0153371923286365,0.0124074015445276));
#4695=CARTESIAN_POINT('',(-0.0427024694187626,-0.012805084001987,0.0103758298955527));
#4696=CARTESIAN_POINT('',(-0.0427741037323015,-0.0165889458035644,0.010365095356157));
#4697=CARTESIAN_POINT('',(-0.0391746030422616,-0.0151677965808972,0.0103913757597292));
#4698=CARTESIAN_POINT('',(-0.0428991227802953,-0.0129478583828492,0.00926587536730895));
#4699=CARTESIAN_POINT('',(-0.0427615186623457,-0.0165119072501635,0.00978043087175273));
#4700=CARTESIAN_POINT('',(-0.0395757522118764,-0.0153273413591124,0.00836536787036318));
#4701=CARTESIAN_POINT('',(-0.0434625591145331,-0.0133154283488402,0.00831186719161864));
#4702=CARTESIAN_POINT('',(-0.0429917597134743,-0.0164523491181977,0.0088804627832295));
#4703=CARTESIAN_POINT('',(-0.0407134986520188,-0.0157337893759125,0.00662400996754325));
#4704=CARTESIAN_POINT('',(-0.0440284430515343,-0.0136211943536973,0.00784878039224459));
#4705=CARTESIAN_POINT('',(-0.0434761556012448,-0.0165215341938383,0.00824590722222965));
#4706=CARTESIAN_POINT('',(-0.0418389048351469,-0.0160666801839685,0.00577873433964107));
#4707=CARTESIAN_POINT('',(-0.0443416289711553,-0.0137705443506423,0.00767303886516036));
#4708=CARTESIAN_POINT('',(-0.0437844137012514,-0.0165749569478652,0.00798571531806753));
#4709=CARTESIAN_POINT('',(-0.0424566106850104,-0.0162280598290983,0.00545795208237239));
#4710=CARTESIAN_POINT('',(-0.0430986524851677,-0.0137705443506423,0.00545795208237244));
#4711=CARTESIAN_POINT('',(-0.0462292892112686,-0.0144377166927824,0.00475232584770869));
#4712=CARTESIAN_POINT('',(-0.0443416289711553,-0.0137705443506423,0.00767303886516043));
#4713=CARTESIAN_POINT('',(-0.0437844137012514,-0.0165749569478653,0.00798571531806761));
#4714=CARTESIAN_POINT('',(-0.0424566106850104,-0.0162280598290983,0.00545795208237244));
#4715=CARTESIAN_POINT('',(-0.0446015051938128,-0.0138944723718673,0.00752721160613814));
#4716=CARTESIAN_POINT('',(-0.0440411935935437,-0.0167044089034661,0.0077707050963556));
#4717=CARTESIAN_POINT('',(-0.0429552049659379,-0.0163583208070987,0.00511751893530549));
#4718=CARTESIAN_POINT('',(-0.0451540498364623,-0.0141224741315331,0.00731480900213786));
#4719=CARTESIAN_POINT('',(-0.0445665326439425,-0.0168767231196132,0.00744582868203845));
#4720=CARTESIAN_POINT('',(-0.0440216765830259,-0.0165957068036144,0.00465517192280511));
#4721=CARTESIAN_POINT('',(-0.0457560874714388,-0.0143440755043653,0.00726598886510184));
#4722=CARTESIAN_POINT('',(-0.0452487972419268,-0.0169196000438793,0.00727373665274996));
#4723=CARTESIAN_POINT('',(-0.0452030692700426,-0.0168393265485532,0.00464070578470608));
#4724=CARTESIAN_POINT('',(-0.04605675773693,-0.0144377166927824,0.00728645940582329));
#4725=CARTESIAN_POINT('',(-0.0456363208914383,-0.0169132497337585,0.007257834794233));
#4726=CARTESIAN_POINT('',(-0.0458020778987114,-0.0169415318805355,0.00475232584770868));
#4727=CARTESIAN_POINT('',(-0.0443416289711553,0.0137705443506423,0.00767303886516047));
#4728=CARTESIAN_POINT('',(-0.0437844137012514,0.0165749569478653,0.00798571531806765));
#4729=CARTESIAN_POINT('',(-0.0424566106850104,0.0162280598290983,0.00545795208237247));
#4730=CARTESIAN_POINT('',(-0.044029218969888,0.0136215643683976,0.0078483449924779));
#4731=CARTESIAN_POINT('',(-0.0434769346510138,0.016521669207367,0.00824524964975812));
#4732=CARTESIAN_POINT('',(-0.0418404352024831,0.0160670800023249,0.00577793960258598));
#4733=CARTESIAN_POINT('',(-0.0434625718826159,0.0133154377849167,0.0083118744447369));
#4734=CARTESIAN_POINT('',(-0.042991817333202,0.0164523854160025,0.008880352439355));
#4735=CARTESIAN_POINT('',(-0.0407135243507525,0.0157337986646263,0.00662402320613698));
#4736=CARTESIAN_POINT('',(-0.0429005123292952,0.0129487911454262,0.00926346996810594));
#4737=CARTESIAN_POINT('',(-0.042761922070718,0.016511635413715,0.00977819638303503));
#4738=CARTESIAN_POINT('',(-0.0395785656137816,0.0153283763386071,0.008360977278256));
#4739=CARTESIAN_POINT('',(-0.0427025663280758,0.0128051575864047,0.0103701001329156));
#4740=CARTESIAN_POINT('',(-0.0427740918323786,0.01658890698777,0.0103626378364969));
#4741=CARTESIAN_POINT('',(-0.0391748015615657,0.0151678788541715,0.0103809171832233));
#4742=CARTESIAN_POINT('',(-0.0429097730903611,0.012955373438331,0.0114761728793627));
#4743=CARTESIAN_POINT('',(-0.0427626309505512,0.0165088654089531,0.0109538469764813));
#4744=CARTESIAN_POINT('',(-0.039597415456448,0.0153357115065167,0.0123998396285054));
#4745=CARTESIAN_POINT('',(-0.0434823368181505,0.0133272849504727,0.012424812572626));
#4746=CARTESIAN_POINT('',(-0.0430045189079229,0.0164528689722179,0.0118601541062731));
#4747=CARTESIAN_POINT('',(-0.040753150720391,0.0157468070773352,0.0141313984028836));
#4748=CARTESIAN_POINT('',(-0.044336644070923,0.0137863058484204,0.0131109368657227));
#4749=CARTESIAN_POINT('',(-0.0437276181035863,0.0165587604566145,0.0127862816875317));
#4750=CARTESIAN_POINT('',(-0.0424514523220152,0.0162463073451133,0.0153837859515641));
#4751=CARTESIAN_POINT('',(-0.0453755394886305,0.0142242878457716,0.0134629530722321));
#4752=CARTESIAN_POINT('',(-0.0448352653763679,0.0167697202001926,0.0133971955188994));
#4753=CARTESIAN_POINT('',(-0.0444857219191579,0.016715759681764,0.0160263236351869));
#4754=CARTESIAN_POINT('',(-0.0468524493635498,0.0146966300207981,0.0134283494188944));
#4755=CARTESIAN_POINT('',(-0.0465300267917316,0.0170757612106443,0.0135749520196262));
#4756=CARTESIAN_POINT('',(-0.047341719465359,0.0172156916286813,0.0159631613408261));
#4757=CARTESIAN_POINT('',(-0.0485153914287474,0.0150093383934981,0.0123929503681866));
#4758=CARTESIAN_POINT('',(-0.0484842416506816,0.0173638244896548,0.0125114386995758));
#4759=CARTESIAN_POINT('',(-0.0505105136717912,0.0175414699988603,0.0140732400945639));
#4760=CARTESIAN_POINT('',(-0.0491956295304396,0.0150798149947934,0.0101225638827736));
#4761=CARTESIAN_POINT('',(-0.0492214124448201,0.0174522792242263,0.0101121601137424));
#4762=CARTESIAN_POINT('',(-0.0517962669293755,0.0176144656756074,0.00992908750690102));
#4763=CARTESIAN_POINT('',(-0.0482096288870509,0.0149685340226208,0.00797677745007218));
#4764=CARTESIAN_POINT('',(-0.0481376021274143,0.0173188562162427,0.00783073722095086));
#4765=CARTESIAN_POINT('',(-0.0499310314266848,0.0174991880503044,0.00601236827878056));
#4766=CARTESIAN_POINT('',(-0.0467830926017208,0.0146639274779809,0.00733591047941986));
#4767=CARTESIAN_POINT('',(-0.0464530244709651,0.0170577898790196,0.00721534729838371));
#4768=CARTESIAN_POINT('',(-0.0472054696557167,0.017180984391837,0.00484258924680719));
#4769=CARTESIAN_POINT('',(-0.0460567577369301,0.0144377166927824,0.00728645940582329));
#4770=CARTESIAN_POINT('',(-0.0456363208914383,0.0169132497337585,0.00725783479423299));
#4771=CARTESIAN_POINT('',(-0.0458020778987114,0.0169415318805355,0.00475232584770869));
#4772=CARTESIAN_POINT('',(-0.0430986524851677,0.0137705443506423,0.00545795208237244));
#4773=CARTESIAN_POINT('',(-0.0462292892112909,0.0144377166927862,0.00475232584770893));
#4774=CARTESIAN_POINT('',(-0.0424566106850104,0.0162280598290983,0.00545795208237244));
#4775=CARTESIAN_POINT('',(-0.0437844137012514,0.0165749569478653,0.00798571531806761));
#4776=CARTESIAN_POINT('',(-0.0443416289711553,0.0137705443506423,0.00767303886516043));
#4777=CARTESIAN_POINT('',(-0.0429552049659295,0.0163583208070965,0.0051175189353075));
#4778=CARTESIAN_POINT('',(-0.0440411935935295,0.0167044089034892,0.0077707050963596));
#4779=CARTESIAN_POINT('',(-0.0446015051938082,0.013894472371887,0.00752721160614067));
#4780=CARTESIAN_POINT('',(-0.0440216765827083,0.0165957068035613,0.00465517192275726));
#4781=CARTESIAN_POINT('',(-0.0445665326437103,0.0168767231195869,0.00744582868204084));
#4782=CARTESIAN_POINT('',(-0.0451540498363245,0.0141224741314831,0.00731480900212412));
#4783=CARTESIAN_POINT('',(-0.0452030692707327,0.0168393265486715,0.00464070578478985));
#4784=CARTESIAN_POINT('',(-0.0452487972423997,0.0169196000439114,0.00727373665273457));
#4785=CARTESIAN_POINT('',(-0.0457560874717427,0.014344075504455,0.00726598886512137));
#4786=CARTESIAN_POINT('',(-0.045802077898735,0.0169415318805395,0.00475232584771312));
#4787=CARTESIAN_POINT('',(-0.0456363208914532,0.0169132497337582,0.00725783479423238));
#4788=CARTESIAN_POINT('',(-0.0460567577369419,0.0144377166927861,0.0072864594058241));
#4789=CARTESIAN_POINT('',(-0.0768936442522353,-0.01524,0.00572039265423997));
#4790=CARTESIAN_POINT('',(-0.0768936442522353,-0.01778,0.00572039265423997));
#4791=CARTESIAN_POINT('',(-0.0777181353125185,-0.01778,0.00331793256268526));
#4792=CARTESIAN_POINT('',(-0.0770963527953204,-0.0152399999933535,0.00578995942132351));
#4793=CARTESIAN_POINT('',(-0.0771611452719317,-0.0178357200941643,0.00581219531790921));
#4794=CARTESIAN_POINT('',(-0.0783269212836036,-0.01778,0.00346858858714628));
#4795=CARTESIAN_POINT('',(-0.0774670756481504,-0.0151969963263403,0.00600916848981515));
#4796=CARTESIAN_POINT('',(-0.0775703496434345,-0.0179412217968455,0.00610948377162319));
#4797=CARTESIAN_POINT('',(-0.0794214283033901,-0.0177283955876267,0.00398738667588415));
#4798=CARTESIAN_POINT('',(-0.0778531842994732,-0.015150447951483,0.00653235012236258));
#4799=CARTESIAN_POINT('',(-0.0778307652807974,-0.0180244168785497,0.00654430038642179));
#4800=CARTESIAN_POINT('',(-0.0804941828626143,-0.017672537543752,0.00531214430359906));
#4801=CARTESIAN_POINT('',(-0.0780017505780166,-0.0151962106656691,0.00716405242274861));
#4802=CARTESIAN_POINT('',(-0.0779916623352242,-0.0179426033139982,0.00701936667462685));
#4803=CARTESIAN_POINT('',(-0.0808095907664265,-0.0177274527948953,0.0069815627281297));
#4804=CARTESIAN_POINT('',(-0.0779284771482407,-0.0152399999934975,0.00759041433193351));
#4805=CARTESIAN_POINT('',(-0.0779538315163243,-0.0178355613574457,0.0075258754094032));
#4806=CARTESIAN_POINT('',(-0.0804941080844495,-0.01778,0.00815651032488734));
#4807=CARTESIAN_POINT('',(-0.0778501182291882,-0.01524,0.00778987492353093));
#4808=CARTESIAN_POINT('',(-0.0778501182291882,-0.01778,0.00778987492353093));
#4809=CARTESIAN_POINT('',(-0.0802142294390597,-0.01778,0.00871862579828678));
#4810=CARTESIAN_POINT('',(-0.0802142294390597,-0.01524,0.00871862579828679));
#4811=CARTESIAN_POINT('',(-0.0777181353125185,-0.01524,0.00331793256268525));
#4812=CARTESIAN_POINT('',(-0.0763814372357176,-0.01524,0.00721289751581532));
#4813=CARTESIAN_POINT('',(-0.0737985306611234,-0.01778,0.010420093699642));
#4814=CARTESIAN_POINT('',(-0.0736790688893973,-0.01778,0.00934571208618831));
#4815=CARTESIAN_POINT('',(-0.0735020440174209,-0.0170270142292011,0.00722401282741587));
#4816=CARTESIAN_POINT('',(-0.0736937038604739,-0.01778,0.00506166949916996));
#4817=CARTESIAN_POINT('',(-0.0738205032766813,-0.01778,0.00398812915326751));
#4818=CARTESIAN_POINT('',(-0.0697312876582146,-0.01524,0.00719017954543233));
#4819=CARTESIAN_POINT('',(-0.0777181353125185,0.01778,0.00331793256268526));
#4820=CARTESIAN_POINT('',(-0.0768936442522353,0.01778,0.00572039265423997));
#4821=CARTESIAN_POINT('',(-0.0768936442522353,0.01524,0.00572039265423997));
#4822=CARTESIAN_POINT('',(-0.0783269212836191,0.01778,0.00346858858714568));
#4823=CARTESIAN_POINT('',(-0.0771611452719485,0.0178357200941871,0.00581219531790945));
#4824=CARTESIAN_POINT('',(-0.0770963527953194,0.015239999993372,0.00578995942132318));
#4825=CARTESIAN_POINT('',(-0.079421428303383,0.0177283955876267,0.00398738667588472));
#4826=CARTESIAN_POINT('',(-0.0775703496434265,0.0179412217968339,0.00610948377162361));
#4827=CARTESIAN_POINT('',(-0.0774670756481508,0.0151969963263313,0.0060091684898154));
#4828=CARTESIAN_POINT('',(-0.0804941828626158,0.017672537543752,0.00531214430359802));
#4829=CARTESIAN_POINT('',(-0.0778307652807993,0.0180244168785549,0.0065443003864198));
#4830=CARTESIAN_POINT('',(-0.0778531842994732,0.0151504479514867,0.00653235012236218));
#4831=CARTESIAN_POINT('',(-0.0808095907664277,0.0177274527948952,0.00698156272813334));
#4832=CARTESIAN_POINT('',(-0.0779916623352247,0.0179426033139897,0.00701936667463385));
#4833=CARTESIAN_POINT('',(-0.0780017505780161,0.0151962106656634,0.00716405242274999));
#4834=CARTESIAN_POINT('',(-0.0804941080844456,0.01778,0.00815651032487961));
#4835=CARTESIAN_POINT('',(-0.0779538315163218,0.0178355613574613,0.00752587540938973));
#4836=CARTESIAN_POINT('',(-0.0779284771482418,0.0152399999935082,0.00759041433193058));
#4837=CARTESIAN_POINT('',(-0.0802142294390597,0.01778,0.00871862579828681));
#4838=CARTESIAN_POINT('',(-0.0778501182291882,0.01778,0.00778987492353095));
#4839=CARTESIAN_POINT('',(-0.0778501182291882,0.01524,0.00778987492353094));
#4840=CARTESIAN_POINT('',(-0.0777181353125185,0.01524,0.00331793256268525));
#4841=CARTESIAN_POINT('',(-0.0802142294390597,0.01524,0.00871862579828681));
#4842=CARTESIAN_POINT('',(-0.0763814372357176,0.01524,0.00721289751581532));
#4843=CARTESIAN_POINT('',(-0.0738205032766813,0.01778,0.00398812915326751));
#4844=CARTESIAN_POINT('',(-0.0736937032811305,0.01778,0.00506167441214831));
#4845=CARTESIAN_POINT('',(-0.0735021876116521,0.0170270141704842,0.00718213929146811));
#4846=CARTESIAN_POINT('',(-0.0736790683427449,0.01778,0.00934570716946551));
#4847=CARTESIAN_POINT('',(-0.0737985306611234,0.01778,0.010420093699642));
#4848=CARTESIAN_POINT('',(-0.0697312876582146,0.01524,0.00719017954543233));
#4849=MECHANICAL_DESIGN_GEOMETRIC_PRESENTATION_REPRESENTATION('',(#1758),
#4850);
#4850=(
GEOMETRIC_REPRESENTATION_CONTEXT(3)
GLOBAL_UNCERTAINTY_ASSIGNED_CONTEXT((#4851))
GLOBAL_UNIT_ASSIGNED_CONTEXT((#4854,#4853,#4852))
REPRESENTATION_CONTEXT('Part 1','TOP_LEVEL_ASSEMBLY_PART')
);
#4851=UNCERTAINTY_MEASURE_WITH_UNIT(LENGTH_MEASURE(2.E-5),#4854,
'DISTANCE_ACCURACY_VALUE','Maximum Tolerance applied to model');
#4852=(
NAMED_UNIT(*)
SI_UNIT($,.STERADIAN.)
SOLID_ANGLE_UNIT()
);
#4853=(
NAMED_UNIT(*)
PLANE_ANGLE_UNIT()
SI_UNIT($,.RADIAN.)
);
#4854=(
LENGTH_UNIT()
NAMED_UNIT(*)
SI_UNIT($,.METRE.)
);
#4855=PRODUCT_DEFINITION_SHAPE('','',#4856);
#4856=PRODUCT_DEFINITION('','',#4858,#4857);
#4857=PRODUCT_DEFINITION_CONTEXT('',#4864,'design');
#4858=PRODUCT_DEFINITION_FORMATION_WITH_SPECIFIED_SOURCE('','',#4860,
 .NOT_KNOWN.);
#4859=PRODUCT_RELATED_PRODUCT_CATEGORY('','',(#4860));
#4860=PRODUCT('Part 1','Part 1','Part 1',(#4862));
#4861=PRODUCT_CATEGORY('','');
#4862=PRODUCT_CONTEXT('',#4864,'mechanical');
#4863=APPLICATION_PROTOCOL_DEFINITION('international standard',
'ap242_managed_model_based_3d_engineering',2020,#4864);
#4864=APPLICATION_CONTEXT('managed model based 3d engineering');
ENDSEC;
END-ISO-10303-21;
