ISO-10303-21;
HEADER;
/* Generated by software containing ST-Developer
 * from STEP Tools, Inc. (www.steptools.com) 
 */
/* OPTION: using custom renumber hook */

FILE_DESCRIPTION(
/* description */ ('STEP AP242 Edition 2',
'CAx-IF Rec.Pracs.---Representation and Presentation of Product Manufa
cturing Information (PMI)---4.0---2014-10-13',
'CAx-IF Rec.Pracs.---3D Tessellated Geometry---0.4---2014-09-14','2;1',
'CAx-IF Rec.Pracs.---User Defined Attributes---1.5---2016-08-15'),
/* implementation_level */ '2;1');

FILE_NAME(
/* name */ 'mk2',
/* time_stamp */ '2026-08-04T01:12:40Z',
/* author */ (''),
/* organization */ (''),
/* preprocessor_version */ 'ST-DEVELOPER v20',
/* originating_system */ 'ONSHAPE BY PTC INC, 1.218',
/* authorisation */ '  ');

FILE_SCHEMA (('AP242_MANAGED_MODEL_BASED_3D_ENGINEERING_MIM_LF { 1 0 10303 442 3 1 4 }'));
ENDSEC;

DATA;
#10=SHAPE_REPRESENTATION_RELATIONSHIP('','',#1833,#11);
#11=ADVANCED_BREP_SHAPE_REPRESENTATION('',(#1831),#4969);
#12=TOROIDAL_SURFACE('',#1932,0.00411795018603124,0.00254);
#13=TOROIDAL_SURFACE('',#1933,0.00519372805297649,0.00254);
#14=TOROIDAL_SURFACE('',#1936,0.00411795018603124,0.00254);
#15=TOROIDAL_SURFACE('',#1937,0.00519372805297649,0.00254);
#16=SPHERICAL_SURFACE('',#1913,0.008128);
#17=SPHERICAL_SURFACE('',#1916,0.008128);
#18=SPHERICAL_SURFACE('',#1941,0.00254);
#19=SPHERICAL_SURFACE('',#1946,0.00254);
#20=DEGENERATE_TOROIDAL_SURFACE('',#1909,0.007112,0.008128,.T.);
#21=DEGENERATE_TOROIDAL_SURFACE('',#1914,0.007112,0.008128,.T.);
#22=(
BOUNDED_SURFACE()
B_SPLINE_SURFACE(3,2,((#3360,#3361,#3362),(#3363,#3364,#3365),(#3366,#3367,
#3368),(#3369,#3370,#3371),(#3372,#3373,#3374),(#3375,#3376,#3377),(#3378,
#3379,#3380),(#3381,#3382,#3383),(#3384,#3385,#3386),(#3387,#3388,#3389),
(#3390,#3391,#3392),(#3393,#3394,#3395),(#3396,#3397,#3398),(#3399,#3400,
#3401),(#3402,#3403,#3404),(#3405,#3406,#3407),(#3408,#3409,#3410),(#3411,
#3412,#3413),(#3414,#3415,#3416),(#3417,#3418,#3419)),.UNSPECIFIED.,.F.,
 .F.,.F.)
B_SPLINE_SURFACE_WITH_KNOTS((4,1,1,1,1,1,1,1,1,1,1,1,1,1,1,1,1,4),(3,3),
(0.0395900881635272,0.0433453029919871,0.047100517820447,0.0508557326489069,
0.0546109474773668,0.0564885548915967,0.0583661623058267,0.0602437697200566,
0.0611825734271716,0.0616519752807291,0.0618866762075078,0.0621213771342866,
0.062590778987844,0.0630601808414015,0.0639989845485165,0.0658765919627465,
0.0677541993769764,0.0696318067912064),(0.,1.),.UNSPECIFIED.)
GEOMETRIC_REPRESENTATION_ITEM()
RATIONAL_B_SPLINE_SURFACE(((1.,0.707106781186548,1.),(1.,0.707106781174457,
1.),(1.,0.708527394431781,1.),(1.,0.71602165977597,1.),(1.,0.730065878020163,
1.),(1.,0.747513900915355,1.),(1.,0.766009326411503,1.),(1.,0.782645206579789,
1.),(1.,0.799466602065124,1.),(1.,0.812354035235788,1.),(1.,0.819906248588477,
1.),(1.,0.823262040586612,1.),(1.,0.823312492639662,1.),(1.,0.824487361261703,
1.),(1.,0.825704632458246,1.),(1.,0.82802742101766,1.),(1.,0.83107353228676,
1.),(1.,0.833944524527791,1.),(1.,0.836895827901322,1.),(1.,0.836895827901322,
1.)))
REPRESENTATION_ITEM('')
SURFACE()
);
#23=(
BOUNDED_SURFACE()
B_SPLINE_SURFACE(3,2,((#3423,#3424,#3425),(#3426,#3427,#3428),(#3429,#3430,
#3431),(#3432,#3433,#3434),(#3435,#3436,#3437),(#3438,#3439,#3440),(#3441,
#3442,#3443),(#3444,#3445,#3446),(#3447,#3448,#3449),(#3450,#3451,#3452),
(#3453,#3454,#3455),(#3456,#3457,#3458),(#3459,#3460,#3461),(#3462,#3463,
#3464),(#3465,#3466,#3467),(#3468,#3469,#3470),(#3471,#3472,#3473),(#3474,
#3475,#3476),(#3477,#3478,#3479),(#3480,#3481,#3482)),.UNSPECIFIED.,.F.,
 .F.,.F.)
B_SPLINE_SURFACE_WITH_KNOTS((4,1,1,1,1,1,1,1,1,1,1,1,1,1,1,1,1,4),(3,3),
(0.0395900881635272,0.0433453029919871,0.047100517820447,0.0508557326489069,
0.0546109474773668,0.0564885548915967,0.0583661623058267,0.0602437697200566,
0.0611825734271716,0.0616519752807291,0.0618866762075078,0.0621213771342866,
0.062590778987844,0.0630601808414015,0.0639989845485165,0.0658765919627465,
0.0677541993769764,0.0696318067912064),(0.,1.),.UNSPECIFIED.)
GEOMETRIC_REPRESENTATION_ITEM()
RATIONAL_B_SPLINE_SURFACE(((1.,0.707106781186548,1.),(1.,0.707106781177167,
1.),(1.,0.70852739443052,1.),(1.,0.716021659776306,1.),(1.,0.730065878020072,
1.),(1.,0.747513900915363,1.),(1.,0.766009326411503,1.),(1.,0.782645206579789,
1.),(1.,0.799466602065124,1.),(1.,0.812354035235787,1.),(1.,0.819906248588477,
1.),(1.,0.823262040586612,1.),(1.,0.823312492639662,1.),(1.,0.824487361261702,
1.),(1.,0.825704632458246,1.),(1.,0.828027421017661,1.),(1.,0.83107353228676,
1.),(1.,0.833944524527791,1.),(1.,0.836895827901321,1.),(1.,0.836895827901321,
1.)))
REPRESENTATION_ITEM('')
SURFACE()
);
#24=(
BOUNDED_SURFACE()
B_SPLINE_SURFACE(3,2,((#3492,#3493,#3494),(#3495,#3496,#3497),(#3498,#3499,
#3500),(#3501,#3502,#3503),(#3504,#3505,#3506),(#3507,#3508,#3509),(#3510,
#3511,#3512)),.UNSPECIFIED.,.F.,.F.,.F.)
B_SPLINE_SURFACE_WITH_KNOTS((4,1,1,1,4),(3,3),(0.131597210471354,0.14198298871675,
0.147175877839447,0.149772322400796,0.152368766962145),(0.,1.),
 .UNSPECIFIED.)
GEOMETRIC_REPRESENTATION_ITEM()
RATIONAL_B_SPLINE_SURFACE(((1.,0.717302485214283,1.),(1.,0.716370684987303,
1.),(1.,0.71423704656153,1.),(1.,0.709406529191983,1.),(1.,0.705612979246729,
1.),(1.,0.703430681805999,1.),(1.,0.702248891382971,1.)))
REPRESENTATION_ITEM('')
SURFACE()
);
#25=(
BOUNDED_SURFACE()
B_SPLINE_SURFACE(3,2,((#3533,#3534,#3535),(#3536,#3537,#3538),(#3539,#3540,
#3541),(#3542,#3543,#3544),(#3545,#3546,#3547),(#3548,#3549,#3550),(#3551,
#3552,#3553)),.UNSPECIFIED.,.F.,.F.,.F.)
B_SPLINE_SURFACE_WITH_KNOTS((4,1,1,1,4),(3,3),(0.131597210471348,0.14198298871676,
0.147175877839466,0.149772322400819,0.152368766962172),(0.,1.),
 .UNSPECIFIED.)
GEOMETRIC_REPRESENTATION_ITEM()
RATIONAL_B_SPLINE_SURFACE(((1.,0.717302485214285,1.),(1.,0.716370684976732,
1.),(1.,0.714237046564196,1.),(1.,0.709406529191496,1.),(1.,0.705612979247202,
1.),(1.,0.703430681804955,1.),(1.,0.702248891382934,1.)))
REPRESENTATION_ITEM('')
SURFACE()
);
#26=(
BOUNDED_SURFACE()
B_SPLINE_SURFACE(3,2,((#3574,#3575,#3576),(#3577,#3578,#3579),(#3580,#3581,
#3582),(#3583,#3584,#3585),(#3586,#3587,#3588),(#3589,#3590,#3591),(#3592,
#3593,#3594),(#3595,#3596,#3597)),.UNSPECIFIED.,.F.,.F.,.F.)
B_SPLINE_SURFACE_WITH_KNOTS((4,1,1,1,1,4),(3,3),(-1.56125112837913E-17,
0.00364542113396547,0.00729084226793096,0.0091135528349137,0.0109362634018964,
0.0145816845358619),(0.,1.),.UNSPECIFIED.)
GEOMETRIC_REPRESENTATION_ITEM()
RATIONAL_B_SPLINE_SURFACE(((1.,0.707106781186543,1.),(1.,0.708987204990437,
1.),(1.,0.713891659317548,1.),(1.,0.72792649376773,1.),(1.,0.749721001824553,
1.),(1.,0.777104318646749,1.),(1.,0.793050679012487,1.),(1.,0.795818258116121,
1.)))
REPRESENTATION_ITEM('')
SURFACE()
);
#27=(
BOUNDED_SURFACE()
B_SPLINE_SURFACE(3,2,((#3604,#3605,#3606),(#3607,#3608,#3609),(#3610,#3611,
#3612),(#3613,#3614,#3615),(#3616,#3617,#3618),(#3619,#3620,#3621),(#3622,
#3623,#3624),(#3625,#3626,#3627)),.UNSPECIFIED.,.F.,.F.,.F.)
B_SPLINE_SURFACE_WITH_KNOTS((4,1,1,1,1,4),(3,3),(-2.42861286636753E-17,
0.00364542113396547,0.00729084226793096,0.00911355283491371,0.0109362634018965,
0.0145816845358619),(0.,1.),.UNSPECIFIED.)
GEOMETRIC_REPRESENTATION_ITEM()
RATIONAL_B_SPLINE_SURFACE(((1.,0.707106781186544,1.),(1.,0.708987204989221,
1.),(1.,0.713891659318166,1.),(1.,0.727926493767551,1.),(1.,0.749721001824752,
1.),(1.,0.777104318645737,1.),(1.,0.793050679016962,1.),(1.,0.795818258116121,
1.)))
REPRESENTATION_ITEM('')
SURFACE()
);
#28=(
BOUNDED_SURFACE()
B_SPLINE_SURFACE(3,2,((#3634,#3635,#3636),(#3637,#3638,#3639),(#3640,#3641,
#3642),(#3643,#3644,#3645),(#3646,#3647,#3648),(#3649,#3650,#3651)),
 .UNSPECIFIED.,.F.,.F.,.F.)
B_SPLINE_SURFACE_WITH_KNOTS((4,1,1,4),(3,3),(1.38777878078145E-17,0.0168762346652147,
0.0337524693304293,0.0675049386608586),(0.,1.),.UNSPECIFIED.)
GEOMETRIC_REPRESENTATION_ITEM()
RATIONAL_B_SPLINE_SURFACE(((1.,0.707106781186545,1.),(1.,0.707106781186545,
1.),(1.,0.707106781186549,1.),(1.,0.707106781186548,1.),(1.,0.707106781186548,
1.),(1.,0.707106781186548,1.)))
REPRESENTATION_ITEM('')
SURFACE()
);
#29=(
BOUNDED_SURFACE()
B_SPLINE_SURFACE(3,2,((#3657,#3658,#3659),(#3660,#3661,#3662),(#3663,#3664,
#3665),(#3666,#3667,#3668),(#3669,#3670,#3671),(#3672,#3673,#3674)),
 .UNSPECIFIED.,.F.,.F.,.F.)
B_SPLINE_SURFACE_WITH_KNOTS((4,1,1,4),(3,3),(1.38777878078145E-17,0.0168762346652147,
0.0337524693304293,0.0675049386608586),(0.,1.),.UNSPECIFIED.)
GEOMETRIC_REPRESENTATION_ITEM()
RATIONAL_B_SPLINE_SURFACE(((1.,0.70710678118655,1.),(1.,0.70710678118655,
1.),(1.,0.707106781186546,1.),(1.,0.707106781186547,1.),(1.,0.707106781186548,
1.),(1.,0.707106781186548,1.)))
REPRESENTATION_ITEM('')
SURFACE()
);
#30=(
BOUNDED_SURFACE()
B_SPLINE_SURFACE(3,2,((#3680,#3681,#3682),(#3683,#3684,#3685),(#3686,#3687,
#3688),(#3689,#3690,#3691),(#3692,#3693,#3694),(#3695,#3696,#3697),(#3698,
#3699,#3700),(#3701,#3702,#3703),(#3704,#3705,#3706),(#3707,#3708,#3709),
(#3710,#3711,#3712),(#3713,#3714,#3715)),.UNSPECIFIED.,.F.,.F.,.F.)
B_SPLINE_SURFACE_WITH_KNOTS((4,1,1,1,1,1,1,1,1,4),(3,3),(0.0771837891371715,
0.0776571592355049,0.0781305293338383,0.079077269530505,0.0809707499238386,
0.0828642303171721,0.0847577107105056,0.0866511911038391,0.0885446714971727,
0.0923316322838397),(0.,1.),.UNSPECIFIED.)
GEOMETRIC_REPRESENTATION_ITEM()
RATIONAL_B_SPLINE_SURFACE(((1.,0.704626113978397,1.),(1.,0.70460082939481,
1.),(1.,0.704837998006767,1.),(1.,0.705192143253332,1.),(1.,0.706004589219181,
1.),(1.,0.707486092714712,1.),(1.,0.709941830178983,1.),(1.,0.71312997443175,
1.),(1.,0.717090154334226,1.),(1.,0.723052332110868,1.),(1.,0.728170876497329,
1.),(1.,0.731385956520122,1.)))
REPRESENTATION_ITEM('')
SURFACE()
);
#31=(
BOUNDED_SURFACE()
B_SPLINE_SURFACE(3,2,((#3733,#3734,#3735),(#3736,#3737,#3738),(#3739,#3740,
#3741),(#3742,#3743,#3744),(#3745,#3746,#3747),(#3748,#3749,#3750),(#3751,
#3752,#3753),(#3754,#3755,#3756),(#3757,#3758,#3759),(#3760,#3761,#3762),
(#3763,#3764,#3765)),.UNSPECIFIED.,.F.,.F.,.F.)
B_SPLINE_SURFACE_WITH_KNOTS((4,1,1,1,1,1,1,1,4),(3,3),(0.0306047459287068,
0.0344324908134079,0.0382602356981089,0.0401741081404594,0.0420879805828099,
0.0440018530251604,0.0449587892463356,0.0454372573569232,0.0459157254675109),
(0.,1.),.UNSPECIFIED.)
GEOMETRIC_REPRESENTATION_ITEM()
RATIONAL_B_SPLINE_SURFACE(((1.,0.731385658740146,1.),(1.,0.728174470480914,
1.),(1.,0.72139687280914,1.),(1.,0.714255372453883,1.),(1.,0.709982372427389,
1.),(1.,0.707511574494246,1.),(1.,0.706015999587657,1.),(1.,0.705195449568806,
1.),(1.,0.704838762043495,1.),(1.,0.704600796077039,1.),(1.,0.704626158098746,
1.)))
REPRESENTATION_ITEM('')
SURFACE()
);
#32=(
BOUNDED_SURFACE()
B_SPLINE_SURFACE(3,2,((#3792,#3793,#3794),(#3795,#3796,#3797),(#3798,#3799,
#3800),(#3801,#3802,#3803),(#3804,#3805,#3806),(#3807,#3808,#3809),(#3810,
#3811,#3812),(#3813,#3814,#3815),(#3816,#3817,#3818)),.UNSPECIFIED.,.F.,
 .F.,.F.)
B_SPLINE_SURFACE_WITH_KNOTS((4,1,1,1,1,1,4),(3,3),(0.0726946343109573,0.0818673166150283,
0.0910399989190993,0.0956263400711349,0.10021268122317,0.104799022375206,
0.109385363527241),(0.,1.),.UNSPECIFIED.)
GEOMETRIC_REPRESENTATION_ITEM()
RATIONAL_B_SPLINE_SURFACE(((1.,0.707106781186547,1.),(1.,0.707106781186547,
1.),(1.,0.707106781186548,1.),(1.,0.707106781186548,1.),(1.,0.707106781186548,
1.),(1.,0.707106781186547,1.),(1.,0.707106781186547,1.),(1.,0.707106781186548,
1.),(1.,0.707106781186548,1.)))
REPRESENTATION_ITEM('')
SURFACE()
);
#33=(
BOUNDED_SURFACE()
B_SPLINE_SURFACE(3,2,((#3856,#3857,#3858),(#3859,#3860,#3861),(#3862,#3863,
#3864),(#3865,#3866,#3867),(#3868,#3869,#3870),(#3871,#3872,#3873),(#3874,
#3875,#3876),(#3877,#3878,#3879),(#3880,#3881,#3882)),.UNSPECIFIED.,.F.,
 .F.,.F.)
B_SPLINE_SURFACE_WITH_KNOTS((4,1,1,1,1,1,4),(3,3),(0.0726946343109481,0.0818673166150214,
0.0910399989190947,0.0956263400711314,0.100212681223168,0.104799022375205,
0.109385363527241),(0.,1.),.UNSPECIFIED.)
GEOMETRIC_REPRESENTATION_ITEM()
RATIONAL_B_SPLINE_SURFACE(((1.,0.707106781186547,1.),(1.,0.707106781186547,
1.),(1.,0.707106781186547,1.),(1.,0.707106781186548,1.),(1.,0.707106781186547,
1.),(1.,0.707106781186547,1.),(1.,0.707106781186547,1.),(1.,0.707106781186548,
1.),(1.,0.707106781186548,1.)))
REPRESENTATION_ITEM('')
SURFACE()
);
#34=(
BOUNDED_SURFACE()
B_SPLINE_SURFACE(3,2,((#3956,#3957,#3958),(#3959,#3960,#3961),(#3962,#3963,
#3964),(#3965,#3966,#3967),(#3968,#3969,#3970),(#3971,#3972,#3973),(#3974,
#3975,#3976),(#3977,#3978,#3979),(#3980,#3981,#3982),(#3983,#3984,#3985)),
 .UNSPECIFIED.,.F.,.F.,.F.)
B_SPLINE_SURFACE_WITH_KNOTS((4,1,1,1,1,1,1,4),(3,3),(0.,0.00155737910523178,
0.00311475821046355,0.0062295164209271,0.00778689552615888,0.00934427463139065,
0.0109016537366224,0.0124590328418542),(0.,1.),.UNSPECIFIED.)
GEOMETRIC_REPRESENTATION_ITEM()
RATIONAL_B_SPLINE_SURFACE(((1.,0.86870215765884,1.),(1.,0.868702157604012,
1.),(1.,0.865592614955923,1.),(1.,0.84780895553519,1.),(1.,0.817401067183124,
1.),(1.,0.782683452537067,1.),(1.,0.756551208909975,1.),(1.,0.730739068975261,
1.),(1.,0.714824296905713,1.),(1.,0.707106781186549,1.)))
REPRESENTATION_ITEM('')
SURFACE()
);
#35=(
BOUNDED_SURFACE()
B_SPLINE_SURFACE(3,2,((#3991,#3992,#3993),(#3994,#3995,#3996),(#3997,#3998,
#3999),(#4000,#4001,#4002),(#4003,#4004,#4005),(#4006,#4007,#4008),(#4009,
#4010,#4011),(#4012,#4013,#4014),(#4015,#4016,#4017)),.UNSPECIFIED.,.F.,
 .F.,.F.)
B_SPLINE_SURFACE_WITH_KNOTS((4,1,1,1,1,1,4),(3,3),(1.57863191996234,1.96937210336921,
2.36011228677607,2.5554823784795,2.75085247018293,2.94622256188636,3.14159265358979),
(0.,1.),.UNSPECIFIED.)
GEOMETRIC_REPRESENTATION_ITEM()
RATIONAL_B_SPLINE_SURFACE(((1.,0.999984651066259,1.),(1.,0.999474383920955,
1.),(1.,0.972239926517468,1.),(1.,0.885029064096212,1.),(1.,0.807180815718362,
1.),(1.,0.754116137189505,1.),(1.,0.716305645048824,1.),(1.,0.707106781187887,
1.),(1.,0.707106781186548,1.)))
REPRESENTATION_ITEM('')
SURFACE()
);
#36=(
BOUNDED_SURFACE()
B_SPLINE_SURFACE(3,2,((#4021,#4022,#4023),(#4024,#4025,#4026),(#4027,#4028,
#4029),(#4030,#4031,#4032)),.UNSPECIFIED.,.F.,.F.,.F.)
B_SPLINE_SURFACE_WITH_KNOTS((4,4),(3,3),(-1.25551053232404E-5,3.11520386345691E-5),
(0.,1.),.PIECEWISE_BEZIER_KNOTS.)
GEOMETRIC_REPRESENTATION_ITEM()
RATIONAL_B_SPLINE_SURFACE(((1.,1.,1.),(1.,0.999999999990412,1.),(1.,0.999994874543622,
1.),(1.,0.999984651066256,1.)))
REPRESENTATION_ITEM('')
SURFACE()
);
#37=(
BOUNDED_SURFACE()
B_SPLINE_SURFACE(3,2,((#4050,#4051,#4052),(#4053,#4054,#4055),(#4056,#4057,
#4058),(#4059,#4060,#4061),(#4062,#4063,#4064),(#4065,#4066,#4067),(#4068,
#4069,#4070),(#4071,#4072,#4073),(#4074,#4075,#4076),(#4077,#4078,#4079),
(#4080,#4081,#4082)),.UNSPECIFIED.,.F.,.F.,.F.)
B_SPLINE_SURFACE_WITH_KNOTS((4,1,1,1,1,1,1,1,4),(3,3),(0.,0.00155802108955526,
0.00311604217911052,0.00467406326866578,0.00623208435822103,0.00779010544777629,
0.00934812653733155,0.0109061476268868,0.0124641687164421),(0.,1.),
 .UNSPECIFIED.)
GEOMETRIC_REPRESENTATION_ITEM()
RATIONAL_B_SPLINE_SURFACE(((1.,0.707106781186559,1.),(1.,0.714836823034988,
1.),(1.,0.730729142208125,1.),(1.,0.756472742921829,1.),(1.,0.78268757830661,
1.),(1.,0.808760614078577,1.),(1.,0.832382751982668,1.),(1.,0.85230144031997,
1.),(1.,0.865431760199559,1.),(1.,0.868702157609803,1.),(1.,0.86870215765884,
1.)))
REPRESENTATION_ITEM('')
SURFACE()
);
#38=(
BOUNDED_SURFACE()
B_SPLINE_SURFACE(3,2,((#4087,#4088,#4089),(#4090,#4091,#4092),(#4093,#4094,
#4095),(#4096,#4097,#4098),(#4099,#4100,#4101),(#4102,#4103,#4104),(#4105,
#4106,#4107),(#4108,#4109,#4110),(#4111,#4112,#4113)),.UNSPECIFIED.,.F.,
 .F.,.F.)
B_SPLINE_SURFACE_WITH_KNOTS((4,1,1,1,1,1,4),(3,3),(1.57863191996232,1.96937210336919,
2.36011228677606,2.55548237847949,2.75085247018293,2.94622256188636,3.14159265358979),
(0.,1.),.UNSPECIFIED.)
GEOMETRIC_REPRESENTATION_ITEM()
RATIONAL_B_SPLINE_SURFACE(((1.,0.999984651066259,1.),(1.,0.999474383921116,
1.),(1.,0.972239926517394,1.),(1.,0.885029064096225,1.),(1.,0.807180815718361,
1.),(1.,0.754116137189508,1.),(1.,0.716305645048824,1.),(1.,0.707106781187887,
1.),(1.,0.707106781186548,1.)))
REPRESENTATION_ITEM('')
SURFACE()
);
#39=(
BOUNDED_SURFACE()
B_SPLINE_SURFACE(3,2,((#4115,#4116,#4117),(#4118,#4119,#4120),(#4121,#4122,
#4123),(#4124,#4125,#4126)),.UNSPECIFIED.,.F.,.F.,.F.)
B_SPLINE_SURFACE_WITH_KNOTS((4,4),(3,3),(-1.25551053232284E-5,3.11520386350045E-5),
(0.,1.),.PIECEWISE_BEZIER_KNOTS.)
GEOMETRIC_REPRESENTATION_ITEM()
RATIONAL_B_SPLINE_SURFACE(((1.,1.,1.),(1.,0.999999999990412,1.),(1.,0.99999487454362,
1.),(1.,0.999984651066255,1.)))
REPRESENTATION_ITEM('')
SURFACE()
);
#40=(
BOUNDED_SURFACE()
B_SPLINE_SURFACE(3,2,((#4127,#4128,#4129),(#4130,#4131,#4132),(#4133,#4134,
#4135),(#4136,#4137,#4138)),.UNSPECIFIED.,.F.,.F.,.F.)
B_SPLINE_SURFACE_WITH_KNOTS((4,4),(3,3),(-1.16009632455949E-17,0.000605168939660177),
(0.,1.),.PIECEWISE_BEZIER_KNOTS.)
GEOMETRIC_REPRESENTATION_ITEM()
RATIONAL_B_SPLINE_SURFACE(((1.,0.97153770367006,1.),(1.,0.990469818083494,
1.),(1.,0.999999999887797,1.),(1.,1.,1.)))
REPRESENTATION_ITEM('')
SURFACE()
);
#41=(
BOUNDED_SURFACE()
B_SPLINE_SURFACE(3,2,((#4140,#4141,#4142),(#4143,#4144,#4145),(#4146,#4147,
#4148),(#4149,#4150,#4151),(#4152,#4153,#4154),(#4155,#4156,#4157),(#4158,
#4159,#4160),(#4161,#4162,#4163)),.UNSPECIFIED.,.F.,.F.,.F.)
B_SPLINE_SURFACE_WITH_KNOTS((4,1,1,1,1,4),(3,3),(7.39344566472178E-16,0.00046895925339908,
0.000937918506797421,0.0018758370135941,0.00281375552039078,0.00375167402718746),
(0.,1.),.UNSPECIFIED.)
GEOMETRIC_REPRESENTATION_ITEM()
RATIONAL_B_SPLINE_SURFACE(((1.,0.971537703670062,1.),(1.,0.964101956048338,
1.),(1.,0.946936895762147,1.),(1.,0.908147363676815,1.),(1.,0.855777393779531,
1.),(1.,0.78571599140272,1.),(1.,0.734407206400603,1.),(1.,0.707106781186543,
1.)))
REPRESENTATION_ITEM('')
SURFACE()
);
#42=(
BOUNDED_SURFACE()
B_SPLINE_SURFACE(3,2,((#4165,#4166,#4167),(#4168,#4169,#4170),(#4171,#4172,
#4173),(#4174,#4175,#4176),(#4177,#4178,#4179),(#4180,#4181,#4182),(#4183,
#4184,#4185)),.UNSPECIFIED.,.F.,.F.,.F.)
B_SPLINE_SURFACE_WITH_KNOTS((4,1,1,1,4),(3,3),(0.,0.00519173129345122,0.0103834625869024,
0.0155751938803537,0.0207669251738049),(0.,1.),.UNSPECIFIED.)
GEOMETRIC_REPRESENTATION_ITEM()
RATIONAL_B_SPLINE_SURFACE(((1.,0.707106781186547,1.),(1.,0.707106781186547,
1.),(1.,0.707106781186548,1.),(1.,0.707106781186548,1.),(1.,0.707106781186548,
1.),(1.,0.707106781186548,1.),(1.,0.707106781186548,1.)))
REPRESENTATION_ITEM('')
SURFACE()
);
#43=(
BOUNDED_SURFACE()
B_SPLINE_SURFACE(3,2,((#4187,#4188,#4189),(#4190,#4191,#4192),(#4193,#4194,
#4195),(#4196,#4197,#4198),(#4199,#4200,#4201),(#4202,#4203,#4204),(#4205,
#4206,#4207)),.UNSPECIFIED.,.F.,.F.,.F.)
B_SPLINE_SURFACE_WITH_KNOTS((4,1,1,1,4),(3,3),(-4.85722573273506E-17,0.00519173129345731,
0.0103834625869147,0.015575193880372,0.0207669251738294),(0.,1.),
 .UNSPECIFIED.)
GEOMETRIC_REPRESENTATION_ITEM()
RATIONAL_B_SPLINE_SURFACE(((1.,0.707106781186547,1.),(1.,0.707106781186547,
1.),(1.,0.707106781186548,1.),(1.,0.707106781186548,1.),(1.,0.707106781186548,
1.),(1.,0.707106781186548,1.),(1.,0.707106781186548,1.)))
REPRESENTATION_ITEM('')
SURFACE()
);
#44=(
BOUNDED_SURFACE()
B_SPLINE_SURFACE(3,2,((#4210,#4211,#4212),(#4213,#4214,#4215),(#4216,#4217,
#4218),(#4219,#4220,#4221),(#4222,#4223,#4224),(#4225,#4226,#4227),(#4228,
#4229,#4230)),.UNSPECIFIED.,.F.,.F.,.F.)
B_SPLINE_SURFACE_WITH_KNOTS((4,1,1,1,4),(3,3),(-2.84603070277445E-17,0.000931316691065528,
0.00186263338213108,0.00279395007319664,0.0037252667642622),(0.,1.),
 .UNSPECIFIED.)
GEOMETRIC_REPRESENTATION_ITEM()
RATIONAL_B_SPLINE_SURFACE(((1.,0.70710678118835,1.),(1.,0.734429367978343,
1.),(1.,0.785630568674169,1.),(1.,0.854936884130961,1.),(1.,0.918432009466124,
1.),(1.,0.956732272353156,1.),(1.,0.971537703670068,1.)))
REPRESENTATION_ITEM('')
SURFACE()
);
#45=(
BOUNDED_SURFACE()
B_SPLINE_SURFACE(3,2,((#4232,#4233,#4234),(#4235,#4236,#4237),(#4238,#4239,
#4240),(#4241,#4242,#4243)),.UNSPECIFIED.,.F.,.F.,.F.)
B_SPLINE_SURFACE_WITH_KNOTS((4,4),(3,3),(6.72205346941013E-18,0.000605168939658977),
(0.,1.),.PIECEWISE_BEZIER_KNOTS.)
GEOMETRIC_REPRESENTATION_ITEM()
RATIONAL_B_SPLINE_SURFACE(((1.,0.971537703670126,1.),(1.,0.990469818100557,
1.),(1.,0.999999999887797,1.),(1.,1.,1.)))
REPRESENTATION_ITEM('')
SURFACE()
);
#46=(
BOUNDED_SURFACE()
B_SPLINE_SURFACE(3,2,((#4244,#4245,#4246),(#4247,#4248,#4249),(#4250,#4251,
#4252),(#4253,#4254,#4255),(#4256,#4257,#4258),(#4259,#4260,#4261),(#4262,
#4263,#4264),(#4265,#4266,#4267),(#4268,#4269,#4270),(#4271,#4272,#4273),
(#4274,#4275,#4276),(#4277,#4278,#4279),(#4280,#4281,#4282),(#4283,#4284,
#4285),(#4286,#4287,#4288),(#4289,#4290,#4291),(#4292,#4293,#4294),(#4295,
#4296,#4297),(#4298,#4299,#4300),(#4301,#4302,#4303),(#4304,#4305,#4306)),
 .UNSPECIFIED.,.F.,.F.,.F.)
B_SPLINE_SURFACE_WITH_KNOTS((4,1,1,1,1,1,1,1,1,1,1,1,1,1,1,1,1,1,4),(3,
3),(0.0432202712053419,0.0438725156183004,0.0441986378247796,0.0445247600312589,
0.0446878211344985,0.0447693516861183,0.0448508822377381,0.044891647513548,
0.0449324127893579,0.0450139433409777,0.0451770044442173,0.0455031266506966,
0.0458292488571758,0.0464814932701343,0.0471337376830927,0.0484382265090097,
0.0497427153349266,0.0510472041608435,0.0536561818126774),(0.,1.),
 .UNSPECIFIED.)
GEOMETRIC_REPRESENTATION_ITEM()
RATIONAL_B_SPLINE_SURFACE(((1.,0.735559236853496,1.),(1.,0.734186723079795,
1.),(1.,0.73190404540984,1.),(1.,0.728337336215732,1.),(1.,0.725867638366892,
1.),(1.,0.724005975782541,1.),(1.,0.722894437766944,1.),(1.,0.722197666104086,
1.),(1.,0.721593904644332,1.),(1.,0.72082912750754,1.),(1.,0.719563819159917,
1.),(1.,0.716974029753539,1.),(1.,0.713283990860674,1.),(1.,0.707325726561711,
1.),(1.,0.699807256824279,1.),(1.,0.687618634994728,1.),(1.,0.67200033006032,
1.),(1.,0.65303022703748,1.),(1.,0.627584588807757,1.),(1.,0.608098224294766,
1.),(1.,0.595247891840673,1.)))
REPRESENTATION_ITEM('')
SURFACE()
);
#47=(
BOUNDED_SURFACE()
B_SPLINE_SURFACE(3,2,((#4308,#4309,#4310),(#4311,#4312,#4313),(#4314,#4315,
#4316),(#4317,#4318,#4319),(#4320,#4321,#4322),(#4323,#4324,#4325),(#4326,
#4327,#4328),(#4329,#4330,#4331),(#4332,#4333,#4334),(#4335,#4336,#4337),
(#4338,#4339,#4340),(#4341,#4342,#4343),(#4344,#4345,#4346),(#4347,#4348,
#4349),(#4350,#4351,#4352),(#4353,#4354,#4355),(#4356,#4357,#4358),(#4359,
#4360,#4361),(#4362,#4363,#4364),(#4365,#4366,#4367),(#4368,#4369,#4370)),
 .UNSPECIFIED.,.F.,.F.,.F.)
B_SPLINE_SURFACE_WITH_KNOTS((4,1,1,1,1,1,1,1,1,1,1,1,1,1,1,1,1,1,4),(3,
3),(0.0432202712053419,0.0438725952225886,0.0441987572312119,0.0445249192398352,
0.0446880002441469,0.0447695407463027,0.0448510812484586,0.0448918514995365,
0.0449326217506144,0.0450141622527702,0.0451772432570819,0.0455034052657052,
0.0458295672743285,0.0464818912915752,0.0471342153088218,0.0484388633433151,
0.0497435113778084,0.0510481594123017,0.0536574554812882),(0.,1.),
 .UNSPECIFIED.)
GEOMETRIC_REPRESENTATION_ITEM()
RATIONAL_B_SPLINE_SURFACE(((1.,0.735559236853496,1.),(1.,0.734186555569047,
1.),(1.,0.731903560475761,1.),(1.,0.72833633705085,1.),(1.,0.72586615349459,
1.),(1.,0.72400430758624,1.),(1.,0.722892345425877,1.),(1.,0.722196024519897,
1.),(1.,0.721590966445229,1.),(1.,0.720826390765038,1.),(1.,0.719560737885009,
1.),(1.,0.716970752382039,1.),(1.,0.713280170684411,1.),(1.,0.707321172030258,
1.),(1.,0.699801714975003,1.),(1.,0.687611499509309,1.),(1.,0.671991086239404,
1.),(1.,0.653018626973409,1.),(1.,0.62756975092598,1.),(1.,0.608080729560658,
1.),(1.,0.595229071928321,1.)))
REPRESENTATION_ITEM('')
SURFACE()
);
#48=(
BOUNDED_SURFACE()
B_SPLINE_SURFACE(3,2,((#4372,#4373,#4374),(#4375,#4376,#4377),(#4378,#4379,
#4380),(#4381,#4382,#4383),(#4384,#4385,#4386),(#4387,#4388,#4389),(#4390,
#4391,#4392),(#4393,#4394,#4395)),.UNSPECIFIED.,.F.,.F.,.F.)
B_SPLINE_SURFACE_WITH_KNOTS((4,1,1,1,1,4),(3,3),(2.25514051876985E-17,0.00424561544976459,
0.00849123089952917,0.0127368463492937,0.014859654074176,0.0169824617990583),
(0.,1.),.UNSPECIFIED.)
GEOMETRIC_REPRESENTATION_ITEM()
RATIONAL_B_SPLINE_SURFACE(((1.,0.707106781186547,1.),(1.,0.709314411913901,
1.),(1.,0.713614899838884,1.),(1.,0.719908979323235,1.),(1.,0.725252177260784,
1.),(1.,0.730319539209614,1.),(1.,0.73354101695136,1.),(1.,0.735559236853494,
1.)))
REPRESENTATION_ITEM('')
SURFACE()
);
#49=(
BOUNDED_SURFACE()
B_SPLINE_SURFACE(3,2,((#4402,#4403,#4404),(#4405,#4406,#4407),(#4408,#4409,
#4410),(#4411,#4412,#4413),(#4414,#4415,#4416),(#4417,#4418,#4419),(#4420,
#4421,#4422),(#4423,#4424,#4425)),.UNSPECIFIED.,.F.,.F.,.F.)
B_SPLINE_SURFACE_WITH_KNOTS((4,1,1,1,1,4),(3,3),(3.81639164714898E-17,0.00424561544976461,
0.00849123089952918,0.0127368463492937,0.014859654074176,0.0169824617990583),
(0.,1.),.UNSPECIFIED.)
GEOMETRIC_REPRESENTATION_ITEM()
RATIONAL_B_SPLINE_SURFACE(((1.,0.707106781186548,1.),(1.,0.709314411913034,
1.),(1.,0.713614899839267,1.),(1.,0.719908979323195,1.),(1.,0.725252177260594,
1.),(1.,0.730319539209965,1.),(1.,0.733541016950575,1.),(1.,0.735559236853495,
1.)))
REPRESENTATION_ITEM('')
SURFACE()
);
#50=(
BOUNDED_SURFACE()
B_SPLINE_SURFACE(3,2,((#4432,#4433,#4434),(#4435,#4436,#4437),(#4438,#4439,
#4440),(#4441,#4442,#4443)),.UNSPECIFIED.,.F.,.F.,.F.)
B_SPLINE_SURFACE_WITH_KNOTS((4,4),(3,3),(1.73472347597681E-18,0.00957392609230045),
(0.,1.),.PIECEWISE_BEZIER_KNOTS.)
GEOMETRIC_REPRESENTATION_ITEM()
RATIONAL_B_SPLINE_SURFACE(((1.,0.707106781186547,1.),(1.,0.707106781186547,
1.),(1.,0.707106781186548,1.),(1.,0.707106781186548,1.)))
REPRESENTATION_ITEM('')
SURFACE()
);
#51=(
BOUNDED_SURFACE()
B_SPLINE_SURFACE(3,2,((#4445,#4446,#4447),(#4448,#4449,#4450),(#4451,#4452,
#4453),(#4454,#4455,#4456)),.UNSPECIFIED.,.F.,.F.,.F.)
B_SPLINE_SURFACE_WITH_KNOTS((4,4),(3,3),(-1.56125112837913E-17,0.00957392609230045),
(0.,1.),.PIECEWISE_BEZIER_KNOTS.)
GEOMETRIC_REPRESENTATION_ITEM()
RATIONAL_B_SPLINE_SURFACE(((1.,0.707106781186547,1.),(1.,0.707106781186547,
1.),(1.,0.707106781186548,1.),(1.,0.707106781186548,1.)))
REPRESENTATION_ITEM('')
SURFACE()
);
#52=(
BOUNDED_SURFACE()
B_SPLINE_SURFACE(3,2,((#4463,#4464,#4465),(#4466,#4467,#4468),(#4469,#4470,
#4471),(#4472,#4473,#4474)),.UNSPECIFIED.,.F.,.F.,.F.)
B_SPLINE_SURFACE_WITH_KNOTS((4,4),(3,3),(0.0480977866103812,0.060469769248136),
(0.,1.),.PIECEWISE_BEZIER_KNOTS.)
GEOMETRIC_REPRESENTATION_ITEM()
RATIONAL_B_SPLINE_SURFACE(((1.,0.707106781186548,1.),(1.,0.707106781186548,
1.),(1.,0.707106781186548,1.),(1.,0.707106781186548,1.)))
REPRESENTATION_ITEM('')
SURFACE()
);
#53=(
BOUNDED_SURFACE()
B_SPLINE_SURFACE(3,2,((#4483,#4484,#4485),(#4486,#4487,#4488),(#4489,#4490,
#4491),(#4492,#4493,#4494)),.UNSPECIFIED.,.F.,.F.,.F.)
B_SPLINE_SURFACE_WITH_KNOTS((4,4),(3,3),(0.0480977866103813,0.060469769248136),
(0.,1.),.PIECEWISE_BEZIER_KNOTS.)
GEOMETRIC_REPRESENTATION_ITEM()
RATIONAL_B_SPLINE_SURFACE(((1.,0.707106781186548,1.),(1.,0.707106781186548,
1.),(1.,0.707106781186548,1.),(1.,0.707106781186548,1.)))
REPRESENTATION_ITEM('')
SURFACE()
);
#54=(
BOUNDED_SURFACE()
B_SPLINE_SURFACE(3,2,((#4556,#4557,#4558),(#4559,#4560,#4561),(#4562,#4563,
#4564),(#4565,#4566,#4567),(#4568,#4569,#4570),(#4571,#4572,#4573),(#4574,
#4575,#4576),(#4577,#4578,#4579),(#4580,#4581,#4582),(#4583,#4584,#4585),
(#4586,#4587,#4588),(#4589,#4590,#4591),(#4592,#4593,#4594),(#4595,#4596,
#4597),(#4598,#4599,#4600)),.UNSPECIFIED.,.F.,.F.,.F.)
B_SPLINE_SURFACE_WITH_KNOTS((4,1,1,1,1,1,1,1,1,1,1,1,4),(3,3),(0.0092742176115211,
0.0132987820995937,0.0173233465876663,0.0213479110757389,0.0253724755638115,
0.0273847578078478,0.0293970400518841,0.0314093222959204,0.0334216045399567,
0.035433886783993,0.0374461690280293,0.0394584512720656,0.0414707335161019),
(0.,1.),.UNSPECIFIED.)
GEOMETRIC_REPRESENTATION_ITEM()
RATIONAL_B_SPLINE_SURFACE(((1.,0.711134540533243,1.),(1.,0.724436579450508,
1.),(1.,0.733830755406448,1.),(1.,0.730826103358591,1.),(1.,0.733468974790226,
1.),(1.,0.726788971105428,1.),(1.,0.698749597441772,1.),(1.,0.664694403186795,
1.),(1.,0.620682733028649,1.),(1.,0.578242084687448,1.),(1.,0.558854544618929,
1.),(1.,0.577149116022813,1.),(1.,0.619353807586692,1.),(1.,0.648864705432658,
1.),(1.,0.661930173511769,1.)))
REPRESENTATION_ITEM('')
SURFACE()
);
#55=(
BOUNDED_SURFACE()
B_SPLINE_SURFACE(3,2,((#4603,#4604,#4605),(#4606,#4607,#4608),(#4609,#4610,
#4611),(#4612,#4613,#4614),(#4615,#4616,#4617)),.UNSPECIFIED.,.F.,.F.,.F.)
B_SPLINE_SURFACE_WITH_KNOTS((4,1,4),(3,3),(-2.27682456221956E-17,0.00165009384434016,
0.00330018768868035),(0.,1.),.UNSPECIFIED.)
GEOMETRIC_REPRESENTATION_ITEM()
RATIONAL_B_SPLINE_SURFACE(((1.,0.661930173511763,1.),(1.,0.662126615679922,
1.),(1.,0.669407857945458,1.),(1.,0.695576259541204,1.),(1.,0.711134540533233,
1.)))
REPRESENTATION_ITEM('')
SURFACE()
);
#56=(
BOUNDED_SURFACE()
B_SPLINE_SURFACE(3,2,((#4618,#4619,#4620),(#4621,#4622,#4623),(#4624,#4625,
#4626),(#4627,#4628,#4629),(#4630,#4631,#4632),(#4633,#4634,#4635),(#4636,
#4637,#4638),(#4639,#4640,#4641),(#4642,#4643,#4644),(#4645,#4646,#4647),
(#4648,#4649,#4650),(#4651,#4652,#4653),(#4654,#4655,#4656),(#4657,#4658,
#4659),(#4660,#4661,#4662)),.UNSPECIFIED.,.F.,.F.,.F.)
B_SPLINE_SURFACE_WITH_KNOTS((4,1,1,1,1,1,1,1,1,1,1,1,4),(3,3),(0.0305884105124801,
0.0325985595005182,0.0346087084885562,0.0366188574765942,0.0386290064646322,
0.0406391554526703,0.0426493044407083,0.0446594534287463,0.0466696024167843,
0.0506899003928604,0.0547101983689364,0.0587304963450125,0.0627507943210885),
(0.,1.),.UNSPECIFIED.)
GEOMETRIC_REPRESENTATION_ITEM()
RATIONAL_B_SPLINE_SURFACE(((1.,0.661930173511764,1.),(1.,0.648897075117423,
1.),(1.,0.619353621694848,1.),(1.,0.577260276760547,1.),(1.,0.558863986178822,
1.),(1.,0.578080067988432,1.),(1.,0.620611788108699,1.),(1.,0.664668073896544,
1.),(1.,0.698712060726825,1.),(1.,0.726767184623659,1.),(1.,0.733477546396038,
1.),(1.,0.730814701787896,1.),(1.,0.733868214188657,1.),(1.,0.724359482134672,
1.),(1.,0.711134540533235,1.)))
REPRESENTATION_ITEM('')
SURFACE()
);
#57=(
BOUNDED_SURFACE()
B_SPLINE_SURFACE(3,2,((#4665,#4666,#4667),(#4668,#4669,#4670),(#4671,#4672,
#4673),(#4674,#4675,#4676),(#4677,#4678,#4679)),.UNSPECIFIED.,.F.,.F.,.F.)
B_SPLINE_SURFACE_WITH_KNOTS((4,1,4),(3,3),(-2.10335221462188E-17,0.0016500938443501,
0.00330018768870022),(0.,1.),.UNSPECIFIED.)
GEOMETRIC_REPRESENTATION_ITEM()
RATIONAL_B_SPLINE_SURFACE(((1.,0.661930173511764,1.),(1.,0.662126615679429,
1.),(1.,0.669407857941694,1.),(1.,0.69557625954983,1.),(1.,0.711134540533776,
1.)))
REPRESENTATION_ITEM('')
SURFACE()
);
#58=(
BOUNDED_SURFACE()
B_SPLINE_SURFACE(3,2,((#4680,#4681,#4682),(#4683,#4684,#4685),(#4686,#4687,
#4688),(#4689,#4690,#4691),(#4692,#4693,#4694),(#4695,#4696,#4697),(#4698,
#4699,#4700)),.UNSPECIFIED.,.F.,.F.,.F.)
B_SPLINE_SURFACE_WITH_KNOTS((4,1,1,1,4),(3,3),(-2.77555756156289E-17,0.00165375187503345,
0.00330750375006692,0.0049612556251004,0.00661500750013388),(0.,1.),
 .UNSPECIFIED.)
GEOMETRIC_REPRESENTATION_ITEM()
RATIONAL_B_SPLINE_SURFACE(((1.,0.707106781186548,1.),(1.,0.699435011323463,
1.),(1.,0.678879259585946,1.),(1.,0.662429230108223,1.),(1.,0.678588545236481,
1.),(1.,0.699456630404197,1.),(1.,0.707106781186548,1.)))
REPRESENTATION_ITEM('')
SURFACE()
);
#59=(
BOUNDED_SURFACE()
B_SPLINE_SURFACE(3,2,((#4710,#4711,#4712),(#4713,#4714,#4715),(#4716,#4717,
#4718),(#4719,#4720,#4721),(#4722,#4723,#4724),(#4725,#4726,#4727),(#4728,
#4729,#4730)),.UNSPECIFIED.,.F.,.F.,.F.)
B_SPLINE_SURFACE_WITH_KNOTS((4,1,1,1,4),(3,3),(-1.2793585635329E-17,0.00165375187503347,
0.00330750375006695,0.00496125562510043,0.00661500750013392),(0.,1.),
 .UNSPECIFIED.)
GEOMETRIC_REPRESENTATION_ITEM()
RATIONAL_B_SPLINE_SURFACE(((1.,0.707106781186548,1.),(1.,0.699435011323059,
1.),(1.,0.678879259586192,1.),(1.,0.662429230107966,1.),(1.,0.678588545237259,
1.),(1.,0.699456630402553,1.),(1.,0.707106781186549,1.)))
REPRESENTATION_ITEM('')
SURFACE()
);
#60=(
BOUNDED_SURFACE()
B_SPLINE_SURFACE(3,2,((#4740,#4741,#4742),(#4743,#4744,#4745),(#4746,#4747,
#4748),(#4749,#4750,#4751),(#4752,#4753,#4754),(#4755,#4756,#4757),(#4758,
#4759,#4760)),.UNSPECIFIED.,.F.,.F.,.F.)
B_SPLINE_SURFACE_WITH_KNOTS((4,1,1,1,4),(3,3),(-1.6750923564901E-17,0.000464770940097655,
0.000929541880195327,0.001394312820293,0.00185908376039067),(0.,1.),
 .UNSPECIFIED.)
GEOMETRIC_REPRESENTATION_ITEM()
RATIONAL_B_SPLINE_SURFACE(((1.,0.809938432172397,1.),(1.,0.826023269175125,
1.),(1.,0.874517330837657,1.),(1.,0.945866140959436,1.),(1.,0.990628837933673,
1.),(1.,1.00000000240501,1.),(1.,1.,1.)))
REPRESENTATION_ITEM('')
SURFACE()
);
#61=(
BOUNDED_SURFACE()
B_SPLINE_SURFACE(3,2,((#4762,#4763,#4764),(#4765,#4766,#4767),(#4768,#4769,
#4770),(#4771,#4772,#4773)),.UNSPECIFIED.,.F.,.F.,.F.)
B_SPLINE_SURFACE_WITH_KNOTS((4,4),(3,3),(-1.40946282423116E-17,0.000309498288670914),
(0.,1.),.PIECEWISE_BEZIER_KNOTS.)
GEOMETRIC_REPRESENTATION_ITEM()
RATIONAL_B_SPLINE_SURFACE(((1.,0.80993843217236,1.),(1.,0.803701693055321,
1.),(1.,0.797341125457939,1.),(1.,0.791033115233504,1.)))
REPRESENTATION_ITEM('')
SURFACE()
);
#62=(
BOUNDED_SURFACE()
B_SPLINE_SURFACE(3,2,((#4790,#4791,#4792),(#4793,#4794,#4795),(#4796,#4797,
#4798),(#4799,#4800,#4801),(#4802,#4803,#4804)),.UNSPECIFIED.,.F.,.F.,.F.)
B_SPLINE_SURFACE_WITH_KNOTS((4,1,4),(3,3),(0.148497036544914,0.153256862109217,
0.15801668767352),(0.,1.),.UNSPECIFIED.)
GEOMETRIC_REPRESENTATION_ITEM()
RATIONAL_B_SPLINE_SURFACE(((1.,0.706195895137279,1.),(1.,0.706195895137279,
1.),(1.,0.706375925501921,1.),(1.,0.706486798460025,1.),(1.,0.706560517433162,
1.)))
REPRESENTATION_ITEM('')
SURFACE()
);
#63=(
BOUNDED_SURFACE()
B_SPLINE_SURFACE(3,2,((#4806,#4807,#4808),(#4809,#4810,#4811),(#4812,#4813,
#4814),(#4815,#4816,#4817),(#4818,#4819,#4820),(#4821,#4822,#4823),(#4824,
#4825,#4826),(#4827,#4828,#4829),(#4830,#4831,#4832),(#4833,#4834,#4835)),
 .UNSPECIFIED.,.F.,.F.,.F.)
B_SPLINE_SURFACE_WITH_KNOTS((4,1,1,1,1,1,1,4),(3,3),(-1.28759850004379E-14,
0.00465002249876079,0.00930004499753446,0.0139500674963081,0.0186000899950818,
0.0232501124938555,0.0279001349926291,0.0372001799901765),(0.,1.),
 .UNSPECIFIED.)
GEOMETRIC_REPRESENTATION_ITEM()
RATIONAL_B_SPLINE_SURFACE(((1.,0.843109985535392,1.),(1.,0.82551247165373,
1.),(1.,0.794877637599568,1.),(1.,0.761968408369048,1.),(1.,0.738250638769746,
1.),(1.,0.722196971924675,1.),(1.,0.711855918167745,1.),(1.,0.704484747231861,
1.),(1.,0.705167778904028,1.),(1.,0.707091786594364,1.)))
REPRESENTATION_ITEM('')
SURFACE()
);
#64=(
BOUNDED_SURFACE()
B_SPLINE_SURFACE(3,2,((#4845,#4846,#4847),(#4848,#4849,#4850),(#4851,#4852,
#4853),(#4854,#4855,#4856)),.UNSPECIFIED.,.F.,.F.,.F.)
B_SPLINE_SURFACE_WITH_KNOTS((4,4),(3,3),(0.00843625458048516,0.00853939502044276),
(0.,1.),.PIECEWISE_BEZIER_KNOTS.)
GEOMETRIC_REPRESENTATION_ITEM()
RATIONAL_B_SPLINE_SURFACE(((1.,0.707091786594364,1.),(1.,0.706916604335886,
1.),(1.,0.706739518356734,1.),(1.,0.706560517433162,1.)))
REPRESENTATION_ITEM('')
SURFACE()
);
#65=(
BOUNDED_SURFACE()
B_SPLINE_SURFACE(3,2,((#4868,#4869,#4870),(#4871,#4872,#4873),(#4874,#4875,
#4876),(#4877,#4878,#4879),(#4880,#4881,#4882),(#4883,#4884,#4885),(#4886,
#4887,#4888),(#4889,#4890,#4891),(#4892,#4893,#4894),(#4895,#4896,#4897)),
 .UNSPECIFIED.,.F.,.F.,.F.)
B_SPLINE_SURFACE_WITH_KNOTS((4,1,1,1,1,1,1,4),(3,3),(-1.28135349553027E-14,
0.00465002249875942,0.00930004499753166,0.0139500674963039,0.0186000899950761,
0.0232501124938484,0.0279001349926206,0.0372001799901651),(0.,1.),
 .UNSPECIFIED.)
GEOMETRIC_REPRESENTATION_ITEM()
RATIONAL_B_SPLINE_SURFACE(((1.,0.843109985535267,1.),(1.,0.825512471647616,
1.),(1.,0.794877637602271,1.),(1.,0.761968408368251,1.),(1.,0.738250638769936,
1.),(1.,0.722196971924538,1.),(1.,0.711855918168017,1.),(1.,0.704484747230451,
1.),(1.,0.70516777891026,1.),(1.,0.707091786594363,1.)))
REPRESENTATION_ITEM('')
SURFACE()
);
#66=(
BOUNDED_SURFACE()
B_SPLINE_SURFACE(3,2,((#4899,#4900,#4901),(#4902,#4903,#4904),(#4905,#4906,
#4907),(#4908,#4909,#4910)),.UNSPECIFIED.,.F.,.F.,.F.)
B_SPLINE_SURFACE_WITH_KNOTS((4,4),(3,3),(0.0119476394616434,0.012050778937251),
(0.,1.),.PIECEWISE_BEZIER_KNOTS.)
GEOMETRIC_REPRESENTATION_ITEM()
RATIONAL_B_SPLINE_SURFACE(((1.,0.707091786594366,1.),(1.,0.706916029114842,
1.),(1.,0.70673893254841,1.),(1.,0.706560517433162,1.)))
REPRESENTATION_ITEM('')
SURFACE()
);
#67=(
BOUNDED_SURFACE()
B_SPLINE_SURFACE(3,2,((#4912,#4913,#4914),(#4915,#4916,#4917),(#4918,#4919,
#4920),(#4921,#4922,#4923),(#4924,#4925,#4926)),.UNSPECIFIED.,.F.,.F.,.F.)
B_SPLINE_SURFACE_WITH_KNOTS((4,1,4),(3,3),(0.148497036544901,0.153256862109204,
0.158016687673507),(0.,1.),.UNSPECIFIED.)
GEOMETRIC_REPRESENTATION_ITEM()
RATIONAL_B_SPLINE_SURFACE(((1.,0.706195895137279,1.),(1.,0.706195895137279,
1.),(1.,0.706375925501481,1.),(1.,0.706486798460904,1.),(1.,0.706560517433161,
1.)))
REPRESENTATION_ITEM('')
SURFACE()
);
#68=(
BOUNDED_SURFACE()
B_SPLINE_SURFACE(3,2,((#4934,#4935,#4936),(#4937,#4938,#4939),(#4940,#4941,
#4942),(#4943,#4944,#4945)),.UNSPECIFIED.,.F.,.F.,.F.)
B_SPLINE_SURFACE_WITH_KNOTS((4,4),(3,3),(-5.42101086242752E-18,0.00030949828867178),
(0.,1.),.PIECEWISE_BEZIER_KNOTS.)
GEOMETRIC_REPRESENTATION_ITEM()
RATIONAL_B_SPLINE_SURFACE(((1.,0.809938432172122,1.),(1.,0.803701693094052,
1.),(1.,0.797341125476933,1.),(1.,0.791033115233335,1.)))
REPRESENTATION_ITEM('')
SURFACE()
);
#69=(
BOUNDED_SURFACE()
B_SPLINE_SURFACE(3,2,((#4947,#4948,#4949),(#4950,#4951,#4952),(#4953,#4954,
#4955),(#4956,#4957,#4958),(#4959,#4960,#4961),(#4962,#4963,#4964),(#4965,
#4966,#4967)),.UNSPECIFIED.,.F.,.F.,.F.)
B_SPLINE_SURFACE_WITH_KNOTS((4,1,1,1,4),(3,3),(-1.32814766129474E-17,0.000464770940097515,
0.000929541880195042,0.00139431282029257,0.0018590837603901),(0.,1.),
 .UNSPECIFIED.)
GEOMETRIC_REPRESENTATION_ITEM()
RATIONAL_B_SPLINE_SURFACE(((1.,0.809938432172153,1.),(1.,0.826023269241259,
1.),(1.,0.874517330807009,1.),(1.,0.945866140967725,1.),(1.,0.990628837931332,
1.),(1.,1.00000000240501,1.),(1.,1.,1.)))
REPRESENTATION_ITEM('')
SURFACE()
);
#70=CYLINDRICAL_SURFACE('',#1856,0.001651);
#71=CYLINDRICAL_SURFACE('',#1857,0.001651);
#72=CYLINDRICAL_SURFACE('',#1858,0.001651);
#73=CYLINDRICAL_SURFACE('',#1859,0.001651);
#74=CYLINDRICAL_SURFACE('',#1860,0.001651);
#75=CYLINDRICAL_SURFACE('',#1861,0.001651);
#76=CYLINDRICAL_SURFACE('',#1862,0.001651);
#77=CYLINDRICAL_SURFACE('',#1863,0.001651);
#78=CYLINDRICAL_SURFACE('',#1864,0.0036792614690566);
#79=CYLINDRICAL_SURFACE('',#1867,0.0036792614690566);
#80=CYLINDRICAL_SURFACE('',#1870,0.00381);
#81=CYLINDRICAL_SURFACE('',#1873,0.00381);
#82=CYLINDRICAL_SURFACE('',#1874,0.01524);
#83=CYLINDRICAL_SURFACE('',#1877,0.00803984117586372);
#84=CYLINDRICAL_SURFACE('',#1880,0.00762);
#85=CYLINDRICAL_SURFACE('',#1886,0.00762);
#86=CYLINDRICAL_SURFACE('',#1888,0.00762);
#87=CYLINDRICAL_SURFACE('',#1891,0.00762);
#88=CYLINDRICAL_SURFACE('',#1906,0.008128);
#89=CYLINDRICAL_SURFACE('',#1919,0.00265372805297649);
#90=CYLINDRICAL_SURFACE('',#1922,0.00157795018603124);
#91=CYLINDRICAL_SURFACE('',#1925,0.00307764222255889);
#92=CYLINDRICAL_SURFACE('',#1940,0.00254);
#93=CYLINDRICAL_SURFACE('',#1945,0.00254);
#94=CYLINDRICAL_SURFACE('',#1948,0.00254);
#95=CYLINDRICAL_SURFACE('',#1951,0.00254);
#96=ELLIPSE('',#1846,0.0235361362309286,0.00581964190913347);
#97=ELLIPSE('',#1848,0.0235361362309286,0.00581964190913344);
#98=ELLIPSE('',#1882,0.00857868405813281,0.00762);
#99=ELLIPSE('',#1885,0.00857868405813281,0.00762);
#100=ELLIPSE('',#1889,0.00857868405813281,0.00762);
#101=ELLIPSE('',#1892,0.00857868405813281,0.00762);
#102=B_SPLINE_SURFACE_WITH_KNOTS('',3,1,((#2334,#2335),(#2336,#2337),(#2338,
#2339),(#2340,#2341)),.SURF_OF_LINEAR_EXTRUSION.,.F.,.F.,.F.,(4,4),(2,2),
(0.,1.),(0.,1.),.PIECEWISE_BEZIER_KNOTS.);
#103=B_SPLINE_SURFACE_WITH_KNOTS('',3,1,((#2383,#2384),(#2385,#2386),(#2387,
#2388),(#2389,#2390)),.SURF_OF_LINEAR_EXTRUSION.,.F.,.F.,.F.,(4,4),(2,2),
(-2.45674567501318E-16,1.),(0.,1.),.PIECEWISE_BEZIER_KNOTS.);
#104=B_SPLINE_SURFACE_WITH_KNOTS('',3,1,((#2445,#2446),(#2447,#2448),(#2449,
#2450),(#2451,#2452)),.SURF_OF_LINEAR_EXTRUSION.,.F.,.F.,.F.,(4,4),(2,2),
(0.,0.760320989979515),(0.,1.),.PIECEWISE_BEZIER_KNOTS.);
#105=B_SPLINE_SURFACE_WITH_KNOTS('',3,1,((#2483,#2484),(#2485,#2486),(#2487,
#2488),(#2489,#2490)),.SURF_OF_LINEAR_EXTRUSION.,.F.,.F.,.F.,(4,4),(2,2),
(0.0306205796965691,0.748173691253334),(0.,1.),.PIECEWISE_BEZIER_KNOTS.);
#106=B_SPLINE_SURFACE_WITH_KNOTS('',3,1,((#2572,#2573),(#2574,#2575),(#2576,
#2577),(#2578,#2579)),.SURF_OF_LINEAR_EXTRUSION.,.F.,.F.,.F.,(4,4),(2,2),
(0.0306205796968563,0.748173691253668),(0.,1.),.PIECEWISE_BEZIER_KNOTS.);
#107=B_SPLINE_SURFACE_WITH_KNOTS('',3,1,((#2661,#2662),(#2663,#2664),(#2665,
#2666),(#2667,#2668)),.SURF_OF_LINEAR_EXTRUSION.,.F.,.F.,.F.,(4,4),(2,2),
(0.,0.760320989979512),(0.,1.),.PIECEWISE_BEZIER_KNOTS.);
#108=B_SPLINE_SURFACE_WITH_KNOTS('',3,1,((#2720,#2721),(#2722,#2723),(#2724,
#2725),(#2726,#2727)),.SURF_OF_LINEAR_EXTRUSION.,.F.,.F.,.F.,(4,4),(2,2),
(-3.49059375456366E-15,1.),(0.,1.),.PIECEWISE_BEZIER_KNOTS.);
#109=B_SPLINE_SURFACE_WITH_KNOTS('',3,1,((#2764,#2765),(#2766,#2767),(#2768,
#2769),(#2770,#2771)),.SURF_OF_LINEAR_EXTRUSION.,.F.,.F.,.F.,(4,4),(2,2),
(0.,1.),(0.,1.),.PIECEWISE_BEZIER_KNOTS.);
#110=B_SPLINE_SURFACE_WITH_KNOTS('',3,1,((#2854,#2855),(#2856,#2857),(#2858,
#2859),(#2860,#2861)),.SURF_OF_LINEAR_EXTRUSION.,.F.,.F.,.F.,(4,4),(2,2),
(0.0732500570577541,0.507065368060392),(0.,1.),.PIECEWISE_BEZIER_KNOTS.);
#111=B_SPLINE_SURFACE_WITH_KNOTS('',3,1,((#2876,#2877),(#2878,#2879),(#2880,
#2881),(#2882,#2883)),.SURF_OF_LINEAR_EXTRUSION.,.F.,.F.,.F.,(4,4),(2,2),
(0.00448920186401739,0.902914924275096),(0.,1.),
 .PIECEWISE_BEZIER_KNOTS.);
#112=B_SPLINE_SURFACE_WITH_KNOTS('',3,1,((#2912,#2913),(#2914,#2915),(#2916,
#2917),(#2918,#2919)),.SURF_OF_LINEAR_EXTRUSION.,.F.,.F.,.F.,(4,4),(2,2),
(0.263628862402347,0.759797622401338),(0.,1.),.PIECEWISE_BEZIER_KNOTS.);
#113=B_SPLINE_SURFACE_WITH_KNOTS('',3,1,((#2938,#2939),(#2940,#2941),(#2942,
#2943),(#2944,#2945)),.SURF_OF_LINEAR_EXTRUSION.,.F.,.F.,.F.,(4,4),(2,2),
(0.00591098599366117,0.998969369419822),(0.,1.),
 .PIECEWISE_BEZIER_KNOTS.);
#114=B_SPLINE_SURFACE_WITH_KNOTS('',3,1,((#3021,#3022),(#3023,#3024),(#3025,
#3026),(#3027,#3028)),.SURF_OF_LINEAR_EXTRUSION.,.F.,.F.,.F.,(4,4),(2,2),
(0.000635345095800171,0.888932137116587),(0.,1.),
 .PIECEWISE_BEZIER_KNOTS.);
#115=B_SPLINE_SURFACE_WITH_KNOTS('',3,1,((#3068,#3069),(#3070,#3071),(#3072,
#3073),(#3074,#3075),(#3076,#3077),(#3078,#3079),(#3080,#3081),(#3082,#3083),
(#3084,#3085),(#3086,#3087),(#3088,#3089)),.SURF_OF_LINEAR_EXTRUSION.,.F.,
 .F.,.F.,(4,1,1,1,1,1,1,1,4),(2,2),(-0.19847062853585,-0.0486617999688691,
0.0262426143146216,0.101147028598112,0.250955857165093,0.400764685732075,
0.700382342866037,0.850191171433019,1.),(0.,1.),.UNSPECIFIED.);
#116=B_SPLINE_SURFACE_WITH_KNOTS('',3,1,((#3118,#3119),(#3120,#3121),(#3122,
#3123),(#3124,#3125)),.SURF_OF_LINEAR_EXTRUSION.,.F.,.F.,.F.,(4,4),(2,2),
(0.,1.),(0.,1.),.PIECEWISE_BEZIER_KNOTS.);
#117=LINE('',#2244,#156);
#118=LINE('',#2246,#157);
#119=LINE('',#2266,#158);
#120=LINE('',#2283,#159);
#121=LINE('',#2329,#160);
#122=LINE('',#2331,#161);
#123=LINE('',#2333,#162);
#124=LINE('',#2374,#163);
#125=LINE('',#2406,#164);
#126=LINE('',#2440,#165);
#127=LINE('',#2442,#166);
#128=LINE('',#2468,#167);
#129=LINE('',#2497,#168);
#130=LINE('',#2587,#169);
#131=LINE('',#2669,#170);
#132=LINE('',#2687,#171);
#133=LINE('',#2715,#172);
#134=LINE('',#2719,#173);
#135=LINE('',#2743,#174);
#136=LINE('',#2799,#175);
#137=LINE('',#2835,#176);
#138=LINE('',#2837,#177);
#139=LINE('',#2862,#178);
#140=LINE('',#2870,#179);
#141=LINE('',#2884,#180);
#142=LINE('',#2899,#181);
#143=LINE('',#2928,#182);
#144=LINE('',#2937,#183);
#145=LINE('',#2961,#184);
#146=LINE('',#2999,#185);
#147=LINE('',#3041,#186);
#148=LINE('',#3054,#187);
#149=LINE('',#3056,#188);
#150=LINE('',#3063,#189);
#151=LINE('',#3099,#190);
#152=LINE('',#3110,#191);
#153=LINE('',#3113,#192);
#154=LINE('',#3115,#193);
#155=LINE('',#3117,#194);
#156=VECTOR('',#1960,1.);
#157=VECTOR('',#1963,1.);
#158=VECTOR('',#1968,1.);
#159=VECTOR('',#1969,1.);
#160=VECTOR('',#1980,1.);
#161=VECTOR('',#1981,1.);
#162=VECTOR('',#1982,1.);
#163=VECTOR('',#1983,1.);
#164=VECTOR('',#1984,1.);
#165=VECTOR('',#1987,1.);
#166=VECTOR('',#1988,1.);
#167=VECTOR('',#1991,1.);
#168=VECTOR('',#1992,1.);
#169=VECTOR('',#1993,1.);
#170=VECTOR('',#1994,1.);
#171=VECTOR('',#1995,1.);
#172=VECTOR('',#1998,1.);
#173=VECTOR('',#2001,1.);
#174=VECTOR('',#2002,1.);
#175=VECTOR('',#2003,1.);
#176=VECTOR('',#2012,1.);
#177=VECTOR('',#2013,1.);
#178=VECTOR('',#2016,1.);
#179=VECTOR('',#2017,1.);
#180=VECTOR('',#2018,1.);
#181=VECTOR('',#2019,1.);
#182=VECTOR('',#2020,1.);
#183=VECTOR('',#2021,1.);
#184=VECTOR('',#2022,1.);
#185=VECTOR('',#2023,1.);
#186=VECTOR('',#2024,1.);
#187=VECTOR('',#2025,1.);
#188=VECTOR('',#2028,1.);
#189=VECTOR('',#2029,1.);
#190=VECTOR('',#2030,1.);
#191=VECTOR('',#2033,1.);
#192=VECTOR('',#2034,1.);
#193=VECTOR('',#2035,1.);
#194=VECTOR('',#2036,1.);
#195=B_SPLINE_CURVE_WITH_KNOTS('',3,(#2238,#2239,#2240,#2241,#2242),
 .UNSPECIFIED.,.F.,.F.,(4,1,4),(0.0037350666566324,0.00808181138897675,
0.0124285561213211),.UNSPECIFIED.);
#196=B_SPLINE_CURVE_WITH_KNOTS('',3,(#2249,#2250,#2251,#2252,#2253),
 .UNSPECIFIED.,.F.,.F.,(4,1,4),(3.04412589072816E-5,0.00438336108122901,
0.00873628090355074),.UNSPECIFIED.);
#197=B_SPLINE_CURVE_WITH_KNOTS('',3,(#2257,#2258,#2259,#2260,#2261,#2262,
#2263),.UNSPECIFIED.,.F.,.F.,(4,1,1,1,4),(0.,0.00519173129345723,0.0103834625869145,
0.0155751938803717,0.0207669251738289),.UNSPECIFIED.);
#198=B_SPLINE_CURVE_WITH_KNOTS('',3,(#2268,#2269,#2270,#2271,#2272,#2273,
#2274),.UNSPECIFIED.,.F.,.F.,(4,1,1,1,4),(0.00554597498126477,0.0107655791705808,
0.0159851833598969,0.021204787549213,0.026424391738529),.UNSPECIFIED.);
#199=B_SPLINE_CURVE_WITH_KNOTS('',3,(#2276,#2277,#2278,#2279,#2280,#2281),
 .UNSPECIFIED.,.F.,.F.,(4,1,1,4),(0.,0.00187514592880116,0.00281271889320175,
0.00375029185760233),.UNSPECIFIED.);
#200=B_SPLINE_CURVE_WITH_KNOTS('',3,(#2285,#2286,#2287,#2288,#2289,#2290),
 .UNSPECIFIED.,.F.,.F.,(4,1,1,4),(2.42861286636753E-16,0.000946006829954714,
0.00189201365990918,0.00378402731981813),.UNSPECIFIED.);
#201=B_SPLINE_CURVE_WITH_KNOTS('',3,(#2292,#2293,#2294,#2295,#2296,#2297,
#2298),.UNSPECIFIED.,.F.,.F.,(4,1,1,1,4),(0.00774213001833853,0.0125049992708049,
0.0172678685232712,0.0220307377757375,0.0267936070282038),.UNSPECIFIED.);
#202=B_SPLINE_CURVE_WITH_KNOTS('',3,(#2307,#2308,#2309,#2310),
 .UNSPECIFIED.,.F.,.F.,(4,4),(0.032777175754091,0.0410404922488873),
 .UNSPECIFIED.);
#203=B_SPLINE_CURVE_WITH_KNOTS('',3,(#2312,#2313,#2314,#2315),
 .UNSPECIFIED.,.F.,.F.,(4,4),(0.00238572311957394,0.00777681144212265),
 .UNSPECIFIED.);
#204=B_SPLINE_CURVE_WITH_KNOTS('',3,(#2319,#2320,#2321,#2322),
 .UNSPECIFIED.,.F.,.F.,(4,4),(0.0102255225839139,0.0123726485814744),
 .UNSPECIFIED.);
#205=B_SPLINE_CURVE_WITH_KNOTS('',3,(#2324,#2325,#2326,#2327),
 .UNSPECIFIED.,.F.,.F.,(4,4),(0.0111080563388182,0.020689938507993),
 .UNSPECIFIED.);
#206=B_SPLINE_CURVE_WITH_KNOTS('',3,(#2342,#2343,#2344,#2345),
 .UNSPECIFIED.,.F.,.F.,(4,4),(-5.9999999991649E-8,0.0120292182454218),
 .UNSPECIFIED.);
#207=B_SPLINE_CURVE_WITH_KNOTS('',3,(#2347,#2348,#2349,#2350,#2351,#2352,
#2353,#2354,#2355,#2356,#2357,#2358,#2359,#2360,#2361,#2362),
 .UNSPECIFIED.,.F.,.F.,(4,1,1,1,1,1,1,1,1,1,1,1,1,4),(0.00986589730368731,
0.0140782554025143,0.0161844344519278,0.0182906135013413,0.0203967925507547,
0.0225029716001682,0.0267153296989952,0.0309276877978222,0.0330338668472357,
0.0351400458966491,0.0372462249460626,0.0393524039954761,0.0414585830448896,
0.0435647620943031),.UNSPECIFIED.);
#208=B_SPLINE_CURVE_WITH_KNOTS('',3,(#2364,#2365,#2366,#2367),
 .UNSPECIFIED.,.F.,.F.,(4,4),(0.0155370565645077,0.0204250541600302),
 .UNSPECIFIED.);
#209=B_SPLINE_CURVE_WITH_KNOTS('',3,(#2369,#2370,#2371,#2372),
 .UNSPECIFIED.,.F.,.F.,(4,4),(0.,0.00301567947991195),.UNSPECIFIED.);
#210=B_SPLINE_CURVE_WITH_KNOTS('',3,(#2376,#2377,#2378,#2379,#2380,#2381,
#2382),.UNSPECIFIED.,.F.,.F.,(4,1,1,1,4),(-5.99999999886628E-8,0.00608373389378293,
0.0121675277875658,0.0182513216813488,0.0243351155751317),.UNSPECIFIED.);
#211=B_SPLINE_CURVE_WITH_KNOTS('',3,(#2391,#2392,#2393,#2394,#2395,#2396,
#2397),.UNSPECIFIED.,.F.,.F.,(4,1,1,1,4),(1.05519109601004E-17,0.00143058723526262,
0.00286117447052522,0.00429176170578783,0.00572234894105044),
 .UNSPECIFIED.);
#212=B_SPLINE_CURVE_WITH_KNOTS('',3,(#2399,#2400,#2401,#2402,#2403,#2404),
 .UNSPECIFIED.,.F.,.F.,(4,1,1,4),(0.00385814177581439,0.00688414287122022,
0.00991014396662606,0.0159621461574377),.UNSPECIFIED.);
#213=B_SPLINE_CURVE_WITH_KNOTS('',3,(#2408,#2409,#2410,#2411,#2412,#2413,
#2414,#2415,#2416),.UNSPECIFIED.,.F.,.F.,(4,1,1,1,1,1,4),(-0.00359230101344736,
-0.00198795855042366,-0.000383616087399951,0.00122072637562375,0.00282506883864746,
0.00603375376469487,0.00924243869074228),.UNSPECIFIED.);
#214=B_SPLINE_CURVE_WITH_KNOTS('',3,(#2418,#2419,#2420,#2421,#2422,#2423,
#2424,#2425,#2426),.UNSPECIFIED.,.F.,.F.,(4,1,1,1,1,1,4),(0.,0.0012695019350469,
0.0025390038700938,0.00317375483761725,0.0038085058051407,0.00444325677266415,
0.0050780077401876),.UNSPECIFIED.);
#215=B_SPLINE_CURVE_WITH_KNOTS('',3,(#2428,#2429,#2430,#2431),
 .UNSPECIFIED.,.F.,.F.,(4,4),(5.20417042793042E-18,2.72420573293872E-5),
 .UNSPECIFIED.);
#216=B_SPLINE_CURVE_WITH_KNOTS('',3,(#2433,#2434,#2435,#2436,#2437,#2438),
 .UNSPECIFIED.,.F.,.F.,(4,1,1,4),(8.20480605212938E-7,0.0336152832180132,
0.0504225145867172,0.0672297459554212),.UNSPECIFIED.);
#217=B_SPLINE_CURVE_WITH_KNOTS('',3,(#2453,#2454,#2455,#2456,#2457,#2458,
#2459,#2460,#2461),.UNSPECIFIED.,.F.,.F.,(4,1,1,1,1,1,4),(-6.00000000847826E-8,
0.00231758206420427,0.00463522412840863,0.0057940451605108,0.00695286619261298,
0.00811168722471516,0.00927050825681734),.UNSPECIFIED.);
#218=B_SPLINE_CURVE_WITH_KNOTS('',3,(#2463,#2464,#2465,#2466),
 .UNSPECIFIED.,.F.,.F.,(4,4),(5.20417042793042E-18,0.000307654915523329),
 .UNSPECIFIED.);
#219=B_SPLINE_CURVE_WITH_KNOTS('',3,(#2470,#2471,#2472,#2473),
 .UNSPECIFIED.,.F.,.F.,(4,4),(0.,0.000755797910016007),.UNSPECIFIED.);
#220=B_SPLINE_CURVE_WITH_KNOTS('',3,(#2475,#2476,#2477,#2478,#2479,#2480,
#2481,#2482),.UNSPECIFIED.,.F.,.F.,(4,1,1,1,1,4),(0.,0.00200676396516351,
0.00401352793032702,0.00602029189549054,0.00702367387807229,0.00802705586065405),
 .UNSPECIFIED.);
#221=B_SPLINE_CURVE_WITH_KNOTS('',3,(#2491,#2492,#2493,#2494),
 .UNSPECIFIED.,.F.,.F.,(4,4),(0.,0.00669728528698689),.UNSPECIFIED.);
#222=B_SPLINE_CURVE_WITH_KNOTS('',3,(#2499,#2500,#2501,#2502,#2503),
 .UNSPECIFIED.,.F.,.F.,(4,1,4),(0.0028236831244492,0.0122533456415726,0.0216830081586959),
 .UNSPECIFIED.);
#223=B_SPLINE_CURVE_WITH_KNOTS('',3,(#2505,#2506,#2507,#2508,#2509,#2510,
#2511,#2512,#2513,#2514,#2515),.UNSPECIFIED.,.F.,.F.,(4,1,1,1,1,1,1,1,4),
(0.00840798195301352,0.00939707391136935,0.0103861658697252,0.011375257828081,
0.0123643497864368,0.0133534417447927,0.0143425337031485,0.0153316256615043,
0.0163207176198602),.UNSPECIFIED.);
#224=B_SPLINE_CURVE_WITH_KNOTS('',3,(#2517,#2518,#2519,#2520),
 .UNSPECIFIED.,.F.,.F.,(4,4),(0.0238998978763271,0.0239170598035518),
 .UNSPECIFIED.);
#225=B_SPLINE_CURVE_WITH_KNOTS('',3,(#2522,#2523,#2524,#2525),
 .UNSPECIFIED.,.F.,.F.,(4,4),(0.,0.00742246203031921),.UNSPECIFIED.);
#226=B_SPLINE_CURVE_WITH_KNOTS('',3,(#2527,#2528,#2529,#2530,#2531,#2532,
#2533,#2534,#2535,#2536,#2537),.UNSPECIFIED.,.F.,.F.,(4,1,1,1,1,1,1,1,4),
(0.00844812205089876,0.00958290891590612,0.0107176957809135,0.0118524826459209,
0.0129872695109282,0.0141220563759356,0.015256843240943,0.0163916301059503,
0.0175264169709577),.UNSPECIFIED.);
#227=B_SPLINE_CURVE_WITH_KNOTS('',3,(#2539,#2540,#2541,#2542,#2543),
 .UNSPECIFIED.,.F.,.F.,(4,1,4),(0.00870850753169491,0.0155615278824075,
0.0224145482331201),.UNSPECIFIED.);
#228=B_SPLINE_CURVE_WITH_KNOTS('',3,(#2545,#2546,#2547,#2548,#2549,#2550,
#2551,#2552,#2553,#2554),.UNSPECIFIED.,.F.,.F.,(4,1,1,1,1,1,1,4),(3.72939858423034E-15,
0.00485004683571408,0.00970009367142443,0.0145501405071348,0.0194001873428451,
0.0242502341785555,0.0291002810142658,0.0388003746856865),.UNSPECIFIED.);
#229=B_SPLINE_CURVE_WITH_KNOTS('',3,(#2556,#2557,#2558,#2559),
 .UNSPECIFIED.,.F.,.F.,(4,4),(0.,0.000106104269440047),.UNSPECIFIED.);
#230=B_SPLINE_CURVE_WITH_KNOTS('',3,(#2560,#2561,#2562,#2563,#2564,#2565,
#2566,#2567,#2568,#2569,#2570),.UNSPECIFIED.,.T.,.F.,(1,1,1,1,1,1,1,1,1,
1,1,1,1,1,1),(-0.00387854327726243,-0.0025856955181745,-0.00129284775908658,
1.35003983809841E-15,0.00129284775908928,0.0025856955181772,0.00387854327726513,
0.00517139103635306,0.00646423879544098,0.00775708655452891,0.00904993431361684,
0.0103427820727048,0.0116356298317927,0.0129284775908806,0.0142213253499685),
 .UNSPECIFIED.);
#231=B_SPLINE_CURVE_WITH_KNOTS('',3,(#2580,#2581,#2582,#2583,#2584),
 .UNSPECIFIED.,.F.,.F.,(4,1,4),(0.0102052720936472,0.0196521542318301,0.029099036370013),
 .UNSPECIFIED.);
#232=B_SPLINE_CURVE_WITH_KNOTS('',3,(#2589,#2590,#2591,#2592),
 .UNSPECIFIED.,.F.,.F.,(4,4),(0.,0.00669773516048331),.UNSPECIFIED.);
#233=B_SPLINE_CURVE_WITH_KNOTS('',3,(#2594,#2595,#2596,#2597),
 .UNSPECIFIED.,.F.,.F.,(4,4),(0.,0.000106104269440045),.UNSPECIFIED.);
#234=B_SPLINE_CURVE_WITH_KNOTS('',3,(#2599,#2600,#2601,#2602,#2603,#2604,
#2605,#2606,#2607,#2608),.UNSPECIFIED.,.F.,.F.,(4,1,1,1,1,1,1,4),(0.,0.00975161015531871,
0.0146274152329781,0.0195032203106374,0.0243790253882968,0.0292548304659561,
0.0341306355436155,0.0390064406212748),.UNSPECIFIED.);
#235=B_SPLINE_CURVE_WITH_KNOTS('',3,(#2610,#2611,#2612,#2613,#2614),
 .UNSPECIFIED.,.F.,.F.,(4,1,4),(0.0074388925215229,0.0144115271943632,0.0213841618672035),
 .UNSPECIFIED.);
#236=B_SPLINE_CURVE_WITH_KNOTS('',3,(#2616,#2617,#2618,#2619,#2620,#2621,
#2622,#2623,#2624,#2625,#2626),.UNSPECIFIED.,.F.,.F.,(4,1,1,1,1,1,1,1,4),
(0.00844812205088213,0.00958290891589156,0.010717695780901,0.0118524826459104,
0.0129872695109199,0.0141220563759293,0.0152568432409387,0.0163916301059482,
0.0175264169709576),.UNSPECIFIED.);
#237=B_SPLINE_CURVE_WITH_KNOTS('',3,(#2628,#2629,#2630,#2631),
 .UNSPECIFIED.,.F.,.F.,(4,4),(0.0226926543266903,0.0302446698558925),
 .UNSPECIFIED.);
#238=B_SPLINE_CURVE_WITH_KNOTS('',3,(#2633,#2634,#2635,#2636),
 .UNSPECIFIED.,.F.,.F.,(4,4),(0.00796714082002103,0.00798433408683357),
 .UNSPECIFIED.);
#239=B_SPLINE_CURVE_WITH_KNOTS('',3,(#2638,#2639,#2640,#2641,#2642,#2643,
#2644,#2645,#2646,#2647,#2648),.UNSPECIFIED.,.F.,.F.,(4,1,1,1,1,1,1,1,4),
(0.00840798195299779,0.0093970739113556,0.0103861658697134,0.0113752578280712,
0.012364349786429,0.0133534417447868,0.0143425337031446,0.0153316256615024,
0.0163207176198603),.UNSPECIFIED.);
#240=B_SPLINE_CURVE_WITH_KNOTS('',3,(#2649,#2650,#2651,#2652,#2653,#2654,
#2655,#2656,#2657,#2658,#2659),.UNSPECIFIED.,.T.,.F.,(1,1,1,1,1,1,1,1,1,
1,1,1,1,1,1),(-0.00387854327726245,-0.00258569551817452,-0.00129284775908659,
1.33461269394976E-15,0.00129284775908926,0.00258569551817719,0.00387854327726512,
0.00517139103635305,0.00646423879544098,0.00775708655452891,0.00904993431361684,
0.0103427820727048,0.0116356298317927,0.0129284775908806,0.0142213253499686),
 .UNSPECIFIED.);
#241=B_SPLINE_CURVE_WITH_KNOTS('',3,(#2672,#2673,#2674,#2675),
 .UNSPECIFIED.,.F.,.F.,(4,4),(3.17061944866176E-17,0.000307654915523997),
 .UNSPECIFIED.);
#242=B_SPLINE_CURVE_WITH_KNOTS('',3,(#2677,#2678,#2679,#2680,#2681,#2682,
#2683,#2684,#2685),.UNSPECIFIED.,.F.,.F.,(4,1,1,1,1,1,4),(0.00197202830130423,
0.00314412961182421,0.00431623092234419,0.00548833223286417,0.00666043354338415,
0.00900463616442411,0.0113488387854641),.UNSPECIFIED.);
#243=B_SPLINE_CURVE_WITH_KNOTS('',3,(#2689,#2690,#2691,#2692,#2693,#2694,
#2695,#2696),.UNSPECIFIED.,.F.,.F.,(4,1,1,1,1,4),(0.,0.00200676396516351,
0.00401352793032703,0.00602029189549054,0.00702367387807229,0.00802705586065405),
 .UNSPECIFIED.);
#244=B_SPLINE_CURVE_WITH_KNOTS('',3,(#2698,#2699,#2700,#2701),
 .UNSPECIFIED.,.F.,.F.,(4,4),(1.11414632542962E-17,0.000756146769104903),
 .UNSPECIFIED.);
#245=B_SPLINE_CURVE_WITH_KNOTS('',3,(#2703,#2704,#2705,#2706,#2707,#2708),
 .UNSPECIFIED.,.F.,.F.,(4,1,1,4),(2.16840434497101E-19,0.0167745839382839,
0.0335491678765678,0.0670983357531356),.UNSPECIFIED.);
#246=B_SPLINE_CURVE_WITH_KNOTS('',3,(#2710,#2711,#2712,#2713),
 .UNSPECIFIED.,.F.,.F.,(4,4),(0.,2.72420573293818E-5),.UNSPECIFIED.);
#247=B_SPLINE_CURVE_WITH_KNOTS('',3,(#2728,#2729,#2730,#2731,#2732,#2733),
 .UNSPECIFIED.,.F.,.F.,(4,1,1,4),(-6.00000000024749E-8,0.00595443646217354,
0.00893168469326031,0.0119089329243471),.UNSPECIFIED.);
#248=B_SPLINE_CURVE_WITH_KNOTS('',3,(#2735,#2736,#2737,#2738,#2739,#2740,
#2741),.UNSPECIFIED.,.F.,.F.,(4,1,1,1,4),(1.70363090199365E-14,0.00143027053367681,
0.00286054106733659,0.00429081160099637,0.00572108213465615),
 .UNSPECIFIED.);
#249=B_SPLINE_CURVE_WITH_KNOTS('',3,(#2745,#2746,#2747,#2748,#2749,#2750,
#2751,#2752,#2753),.UNSPECIFIED.,.F.,.F.,(4,1,1,1,1,1,4),(4.93406102549106E-17,
0.00064676723223779,0.00129353446447553,0.00194030169671327,0.00258706892895101,
0.00388060339342649,0.00517413785790197),.UNSPECIFIED.);
#250=B_SPLINE_CURVE_WITH_KNOTS('',3,(#2755,#2756,#2757,#2758,#2759,#2760,
#2761,#2762,#2763),.UNSPECIFIED.,.F.,.F.,(4,1,1,1,1,1,4),(-0.00359230101344711,
-0.00198795855042343,-0.00038361608739976,0.00122072637562391,0.00282506883864759,
0.00603375376469493,0.00924243869074228),.UNSPECIFIED.);
#251=B_SPLINE_CURVE_WITH_KNOTS('',3,(#2772,#2773,#2774,#2775),
 .UNSPECIFIED.,.F.,.F.,(4,4),(0.00301967118613108,0.00791886801827107),
 .UNSPECIFIED.);
#252=B_SPLINE_CURVE_WITH_KNOTS('',3,(#2778,#2779,#2780,#2781,#2782,#2783,
#2784,#2785,#2786,#2787,#2788,#2789,#2790,#2791),.UNSPECIFIED.,.F.,.F.,
(4,1,1,1,1,1,1,1,1,1,1,4),(0.0308822371920913,0.0329813923792262,0.0350805475663612,
0.0371797027534961,0.0392788579406311,0.041378013127766,0.043477168314901,
0.0476754786891709,0.0518737890634408,0.0560720994377107,0.0602704098119806,
0.0644687201862505),.UNSPECIFIED.);
#253=B_SPLINE_CURVE_WITH_KNOTS('',3,(#2793,#2794,#2795,#2796,#2797),
 .UNSPECIFIED.,.F.,.F.,(4,1,4),(0.0114347433935509,0.0174631630121419,0.0234915826307329),
 .UNSPECIFIED.);
#254=B_SPLINE_CURVE_WITH_KNOTS('',3,(#2801,#2802,#2803,#2804,#2805,#2806,
#2807,#2808,#2809),.UNSPECIFIED.,.F.,.F.,(4,1,1,1,1,1,4),(-5.99999999962149E-8,
0.00301669309159806,0.00603344618319611,0.0120669523663922,0.0181004585495883,
0.0211172116411864,0.0241339647327844),.UNSPECIFIED.);
#255=B_SPLINE_CURVE_WITH_KNOTS('',3,(#2810,#2811,#2812,#2813),
 .UNSPECIFIED.,.F.,.F.,(4,4),(-6.00000000222618E-8,0.00301561947991192),
 .UNSPECIFIED.);
#256=B_SPLINE_CURVE_WITH_KNOTS('',3,(#2815,#2816,#2817,#2818),
 .UNSPECIFIED.,.F.,.F.,(4,4),(0.0083038041612265,0.0165567981229436),
 .UNSPECIFIED.);
#257=B_SPLINE_CURVE_WITH_KNOTS('',3,(#2827,#2828,#2829,#2830,#2831,#2832,
#2833),.UNSPECIFIED.,.F.,.F.,(4,1,1,1,4),(0.0225321856803705,0.0272885427930933,
0.032044899905816,0.0368012570185387,0.0415576141312615),.UNSPECIFIED.);
#258=B_SPLINE_CURVE_WITH_KNOTS('',3,(#2838,#2839,#2840,#2841),
 .UNSPECIFIED.,.F.,.F.,(4,4),(5.42101086242752E-19,0.00957392609230044),
 .UNSPECIFIED.);
#259=B_SPLINE_CURVE_WITH_KNOTS('',3,(#2843,#2844,#2845,#2846),
 .UNSPECIFIED.,.F.,.F.,(4,4),(0.,0.0021454903808618),.UNSPECIFIED.);
#260=B_SPLINE_CURVE_WITH_KNOTS('',3,(#2850,#2851,#2852,#2853),
 .UNSPECIFIED.,.F.,.F.,(4,4),(0.00459233616734713,0.00997931771918089),
 .UNSPECIFIED.);
#261=B_SPLINE_CURVE_WITH_KNOTS('',3,(#2865,#2866,#2867,#2868),
 .UNSPECIFIED.,.F.,.F.,(4,4),(0.,0.0132465334135999),.UNSPECIFIED.);
#262=B_SPLINE_CURVE_WITH_KNOTS('',3,(#2872,#2873,#2874,#2875),
 .UNSPECIFIED.,.F.,.F.,(4,4),(0.,0.0132565073916111),.UNSPECIFIED.);
#263=B_SPLINE_CURVE_WITH_KNOTS('',3,(#2887,#2888,#2889,#2890,#2891,#2892),
 .UNSPECIFIED.,.F.,.F.,(4,1,1,4),(0.,0.00375114257781162,0.00750228515562323,
0.0150045703112465),.UNSPECIFIED.);
#264=B_SPLINE_CURVE_WITH_KNOTS('',3,(#2894,#2895,#2896,#2897),
 .UNSPECIFIED.,.F.,.F.,(4,4),(0.,0.00802573413330648),.UNSPECIFIED.);
#265=B_SPLINE_CURVE_WITH_KNOTS('',3,(#2901,#2902,#2903,#2904),
 .UNSPECIFIED.,.F.,.F.,(4,4),(0.,0.00805239037099942),.UNSPECIFIED.);
#266=B_SPLINE_CURVE_WITH_KNOTS('',3,(#2906,#2907,#2908,#2909,#2910,#2911),
 .UNSPECIFIED.,.F.,.F.,(4,1,1,4),(0.,0.00742645103601514,0.0111396765540227,
0.0148529020720303),.UNSPECIFIED.);
#267=B_SPLINE_CURVE_WITH_KNOTS('',3,(#2920,#2921,#2922,#2923,#2924,#2925),
 .UNSPECIFIED.,.F.,.F.,(4,1,1,4),(0.,0.00551132862784899,0.00826699294177349,
0.011022657255698),.UNSPECIFIED.);
#268=B_SPLINE_CURVE_WITH_KNOTS('',3,(#2930,#2931,#2932,#2933,#2934,#2935),
 .UNSPECIFIED.,.F.,.F.,(4,1,1,4),(0.00391747149455346,0.00669273333571161,
0.00946799517686976,0.0150185188591861),.UNSPECIFIED.);
#269=B_SPLINE_CURVE_WITH_KNOTS('',3,(#2946,#2947,#2948,#2949,#2950,#2951),
 .UNSPECIFIED.,.F.,.F.,(4,1,1,4),(0.,0.007341459398124,0.011012189097186,
0.014682918796248),.UNSPECIFIED.);
#270=B_SPLINE_CURVE_WITH_KNOTS('',3,(#2954,#2955,#2956,#2957,#2958,#2959),
 .UNSPECIFIED.,.F.,.F.,(4,1,1,4),(5.41706292894842E-15,0.00247075341873122,
0.00370613012809411,0.00494150683745701),.UNSPECIFIED.);
#271=B_SPLINE_CURVE_WITH_KNOTS('',3,(#2963,#2964,#2965,#2966,#2967,#2968),
 .UNSPECIFIED.,.F.,.F.,(4,1,1,4),(2.27685081762427E-14,0.0024707534187511,
0.00370613012811527,0.00494150683747944),.UNSPECIFIED.);
#272=B_SPLINE_CURVE_WITH_KNOTS('',3,(#2970,#2971,#2972,#2973,#2974,#2975,
#2976),.UNSPECIFIED.,.F.,.F.,(4,1,1,1,4),(0.00415255756876131,0.00784437837871342,
0.0115361991886655,0.0152280199986176,0.0189198408085697),.UNSPECIFIED.);
#273=B_SPLINE_CURVE_WITH_KNOTS('',3,(#2978,#2979,#2980,#2981,#2982,#2983),
 .UNSPECIFIED.,.F.,.F.,(4,1,1,4),(0.,0.0329717227493239,0.0494575841239858,
0.0659434454986478),.UNSPECIFIED.);
#274=B_SPLINE_CURVE_WITH_KNOTS('',3,(#2985,#2986,#2987,#2988,#2989,#2990,
#2991,#2992),.UNSPECIFIED.,.F.,.F.,(4,1,1,1,1,4),(0.,0.0033372453279672,
0.00667449065593441,0.00834311331991801,0.0100117359839016,0.0133489813118688),
 .UNSPECIFIED.);
#275=B_SPLINE_CURVE_WITH_KNOTS('',3,(#2994,#2995,#2996,#2997),
 .UNSPECIFIED.,.F.,.F.,(4,4),(0.,0.0155850173503376),.UNSPECIFIED.);
#276=B_SPLINE_CURVE_WITH_KNOTS('',3,(#3001,#3002,#3003,#3004),
 .UNSPECIFIED.,.F.,.F.,(4,4),(0.,0.0155794499204286),.UNSPECIFIED.);
#277=B_SPLINE_CURVE_WITH_KNOTS('',3,(#3006,#3007,#3008,#3009,#3010,#3011,
#3012,#3013),.UNSPECIFIED.,.F.,.F.,(4,1,1,1,1,4),(0.,0.00339635742085172,
0.00509453613127758,0.00679271484170344,0.0101890722625552,0.0135854296834069),
 .UNSPECIFIED.);
#278=B_SPLINE_CURVE_WITH_KNOTS('',3,(#3015,#3016,#3017,#3018,#3019,#3020),
 .UNSPECIFIED.,.F.,.F.,(4,1,1,4),(0.,0.0164537866147657,0.0329075732295314,
0.0658151464590629),.UNSPECIFIED.);
#279=B_SPLINE_CURVE_WITH_KNOTS('',3,(#3029,#3030,#3031,#3032,#3033,#3034,
#3035,#3036,#3037,#3038),.UNSPECIFIED.,.F.,.F.,(4,1,1,1,1,1,1,4),(0.,0.00977732839220915,
0.0146659925883137,0.0195546567844183,0.0244433209805229,0.0293319851766274,
0.034220649372732,0.0391093135688366),.UNSPECIFIED.);
#280=B_SPLINE_CURVE_WITH_KNOTS('',3,(#3043,#3044,#3045,#3046,#3047,#3048,
#3049,#3050,#3051,#3052),.UNSPECIFIED.,.F.,.F.,(4,1,1,1,1,1,1,4),(0.,0.00487080941913559,
0.00974161883827117,0.0146124282574068,0.0194832376765423,0.0243540470956779,
0.0292248565148135,0.0389664753530847),.UNSPECIFIED.);
#281=B_SPLINE_CURVE_WITH_KNOTS('',3,(#3059,#3060,#3061,#3062),
 .UNSPECIFIED.,.F.,.F.,(4,4),(0.,0.00946087613072467),.UNSPECIFIED.);
#282=B_SPLINE_CURVE_WITH_KNOTS('',3,(#3064,#3065,#3066,#3067),
 .UNSPECIFIED.,.F.,.F.,(4,4),(0.,0.00946094448812197),.UNSPECIFIED.);
#283=B_SPLINE_CURVE_WITH_KNOTS('',3,(#3090,#3091,#3092,#3093,#3094,#3095,
#3096,#3097),.UNSPECIFIED.,.F.,.F.,(4,1,1,1,1,4),(0.,0.00124302317739565,
0.00248604635479129,0.00372906953218694,0.00435058112088476,0.00497209270958259),
 .UNSPECIFIED.);
#284=B_SPLINE_CURVE_WITH_KNOTS('',3,(#3101,#3102,#3103,#3104,#3105,#3106,
#3107,#3108),.UNSPECIFIED.,.F.,.F.,(4,1,1,1,1,4),(0.,0.000625660843898752,
0.0012513216877975,0.00250264337559501,0.00375396506339251,0.00500528675119001),
 .UNSPECIFIED.);
#285=B_SPLINE_CURVE_WITH_KNOTS('',3,(#3126,#3127,#3128,#3129,#3130,#3131,
#3132,#3133,#3134,#3135,#3136,#3137),.UNSPECIFIED.,.F.,.F.,(4,1,1,1,1,1,
1,1,1,4),(-5.99999999947484E-8,0.00409730399580714,0.00614598599371071,
0.00819466799161427,0.0102433499895178,0.0122920319874214,0.0163893959832285,
0.0204867599790357,0.0245841239748428,0.0327788519664571),.UNSPECIFIED.);
#286=B_SPLINE_CURVE_WITH_KNOTS('',3,(#3138,#3139,#3140,#3141,#3142,#3143,
#3144,#3145,#3146,#3147,#3148,#3149,#3150),.UNSPECIFIED.,.F.,.F.,(4,1,1,
1,1,1,1,1,1,1,4),(-5.99999999962093E-8,0.00406791667709824,0.00813589335419647,
0.0122038700312947,0.0162718467083929,0.0203398233854912,0.0223738117240403,
0.0244078000625894,0.0264417884011385,0.0284757767396876,0.0325437534167859),
 .UNSPECIFIED.);
#287=B_SPLINE_CURVE_WITH_KNOTS('',3,(#3152,#3153,#3154,#3155,#3156,#3157,
#3158,#3159,#3160,#3161,#3162),.UNSPECIFIED.,.F.,.F.,(4,1,1,1,1,1,1,1,4),
(0.00486405224131268,0.00568113182759842,0.00649821141388417,0.00731529100016992,
0.00813237058645566,0.00894945017274141,0.00976652975902715,0.0105836093453129,
0.0114006889315986),.UNSPECIFIED.);
#288=B_SPLINE_CURVE_WITH_KNOTS('',3,(#3165,#3166,#3167,#3168,#3169,#3170,
#3171,#3172,#3173),.UNSPECIFIED.,.F.,.F.,(4,1,1,1,1,1,4),(0.,0.00128964333261935,
0.00257928666523869,0.00322410833154837,0.00386892999785804,0.00451375166416771,
0.00515857333047738),.UNSPECIFIED.);
#289=B_SPLINE_CURVE_WITH_KNOTS('',3,(#3174,#3175,#3176,#3177,#3178,#3179,
#3180,#3181,#3182,#3183,#3184),.UNSPECIFIED.,.F.,.F.,(4,1,1,1,1,1,1,1,4),
(0.00486405224131268,0.0056811318275973,0.00649821141388192,0.00731529100016654,
0.00813237058645116,0.00894945017273578,0.0097665297590204,0.010583609345305,
0.0114006889315896),.UNSPECIFIED.);
#290=B_SPLINE_CURVE_WITH_KNOTS('',3,(#3187,#3188,#3189,#3190,#3191,#3192,
#3193,#3194,#3195),.UNSPECIFIED.,.F.,.F.,(4,1,1,1,1,1,4),(1.16006489483532E-14,
0.00128964333263241,0.00257928666525322,0.00322410833156363,0.00386892999787404,
0.00451375166418444,0.00515857333049485),.UNSPECIFIED.);
#291=B_SPLINE_CURVE_WITH_KNOTS('',3,(#3197,#3198,#3199,#3200),
 .UNSPECIFIED.,.F.,.F.,(4,4),(0.,0.000216666263966687),.UNSPECIFIED.);
#292=B_SPLINE_CURVE_WITH_KNOTS('',3,(#3203,#3204,#3205,#3206,#3207,#3208,
#3209),.UNSPECIFIED.,.F.,.F.,(4,1,1,1,4),(1.73472347597681E-18,0.00107915927117648,
0.00215831854235297,0.00323747781352945,0.00431663708470593),
 .UNSPECIFIED.);
#293=B_SPLINE_CURVE_WITH_KNOTS('',3,(#3211,#3212,#3213,#3214,#3215,#3216,
#3217),.UNSPECIFIED.,.F.,.F.,(4,1,1,1,4),(0.00601409199769968,0.00747714191390917,
0.00894019183011865,0.0104032417463281,0.0118662916625376),
 .UNSPECIFIED.);
#294=B_SPLINE_CURVE_WITH_KNOTS('',3,(#3218,#3219,#3220,#3221,#3222,#3223,
#3224),.UNSPECIFIED.,.F.,.F.,(4,1,1,1,4),(0.00601409199769658,0.00747714191390711,
0.00894019183011765,0.0104032417463282,0.0118662916625387),
 .UNSPECIFIED.);
#295=B_SPLINE_CURVE_WITH_KNOTS('',3,(#3227,#3228,#3229,#3230,#3231,#3232,
#3233),.UNSPECIFIED.,.F.,.F.,(4,1,1,1,4),(0.,0.00107915927117566,0.00215831854235132,
0.00323747781352699,0.00431663708470265),.UNSPECIFIED.);
#296=B_SPLINE_CURVE_WITH_KNOTS('',3,(#3235,#3236,#3237,#3238),
 .UNSPECIFIED.,.F.,.F.,(4,4),(0.,0.000216666263965569),.UNSPECIFIED.);
#297=B_SPLINE_CURVE_WITH_KNOTS('',3,(#3240,#3241,#3242,#3243,#3244,#3245,
#3246),.UNSPECIFIED.,.F.,.F.,(4,1,1,1,4),(0.00808764479806705,0.00957888479437504,
0.011070124790683,0.012561364786991,0.014052604783299),.UNSPECIFIED.);
#298=B_SPLINE_CURVE_WITH_KNOTS('',3,(#3249,#3250,#3251,#3252,#3253,#3254,
#3255,#3256,#3257,#3258),.UNSPECIFIED.,.F.,.F.,(4,1,1,1,1,1,1,4),(0.00697070949169851,
0.00762818632315181,0.00828566315460511,0.00894313998605841,0.00960061681751171,
0.010258093648965,0.0109155704804183,0.0122305241433249),.UNSPECIFIED.);
#299=B_SPLINE_CURVE_WITH_KNOTS('',3,(#3259,#3260,#3261,#3262,#3263,#3264,
#3265),.UNSPECIFIED.,.F.,.F.,(4,1,1,1,4),(0.00808764479806932,0.00957888479437672,
0.0110701247906841,0.0125613647869915,0.0140526047832989),.UNSPECIFIED.);
#300=B_SPLINE_CURVE_WITH_KNOTS('',3,(#3268,#3269,#3270,#3271,#3272,#3273,
#3274,#3275,#3276,#3277),.UNSPECIFIED.,.F.,.F.,(4,1,1,1,1,1,1,4),(0.00999876712240709,
0.011316661188996,0.0119756082222905,0.0126345552555849,0.0132935022888794,
0.0139524493221738,0.0146113963554683,0.0152703433887627),.UNSPECIFIED.);
#301=B_SPLINE_CURVE_WITH_KNOTS('',3,(#3279,#3280,#3281,#3282,#3283,#3284,
#3285,#3286,#3287,#3288,#3289),.UNSPECIFIED.,.F.,.F.,(4,1,1,1,1,1,1,1,4),
(0.,0.000957516634301807,0.00191503326860361,0.00287254990290542,0.00383006653720723,
0.00478758317150903,0.00574509980581084,0.00670261644011265,0.00766013307441445),
 .UNSPECIFIED.);
#302=B_SPLINE_CURVE_WITH_KNOTS('',3,(#3290,#3291,#3292,#3293,#3294,#3295,
#3296,#3297,#3298,#3299,#3300),.UNSPECIFIED.,.F.,.F.,(4,1,1,1,1,1,1,1,4),
(0.,0.000957516608230347,0.00191503321646069,0.00287254982469104,0.00383006643292139,
0.00478758304115173,0.00574509964938208,0.00670261625761243,0.00766013286584277),
 .UNSPECIFIED.);
#303=B_SPLINE_CURVE_WITH_KNOTS('',3,(#3302,#3303,#3304,#3305,#3306,#3307,
#3308),.UNSPECIFIED.,.F.,.F.,(4,1,1,1,4),(0.00913088396135286,0.0105034875555756,
0.0118760911497983,0.0132486947440211,0.0146212983382438),.UNSPECIFIED.);
#304=B_SPLINE_CURVE_WITH_KNOTS('',3,(#3311,#3312,#3313,#3314,#3315,#3316,
#3317,#3318),.UNSPECIFIED.,.F.,.F.,(4,1,1,1,1,4),(0.00554227056700044,0.00626733480272879,
0.00699239903845715,0.00844252750991387,0.00989265598137058,0.0113427844528273),
 .UNSPECIFIED.);
#305=B_SPLINE_CURVE_WITH_KNOTS('',3,(#3319,#3320,#3321,#3322,#3323,#3324,
#3325),.UNSPECIFIED.,.F.,.F.,(4,1,1,1,4),(0.00913088396135278,0.0105034875555757,
0.0118760911497986,0.0132486947440215,0.0146212983382444),.UNSPECIFIED.);
#306=B_SPLINE_CURVE_WITH_KNOTS('',3,(#3328,#3329,#3330,#3331,#3332,#3333,
#3334,#3335),.UNSPECIFIED.,.F.,.F.,(4,1,1,1,1,4),(0.00554227056700649,0.00626733480273544,
0.0069923990384644,0.00844252750992231,0.00989265598138022,0.0113427844528381),
 .UNSPECIFIED.);
#307=B_SPLINE_CURVE_WITH_KNOTS('',3,(#3337,#3338,#3339,#3340,#3341),
 .UNSPECIFIED.,.F.,.F.,(4,1,4),(0.,0.00120597949462103,0.00241195898924207),
 .UNSPECIFIED.);
#308=B_SPLINE_CURVE_WITH_KNOTS('',3,(#3342,#3343,#3344,#3345,#3346),
 .UNSPECIFIED.,.F.,.F.,(4,1,4),(0.,0.00120598152915224,0.00241196305830448),
 .UNSPECIFIED.);
#309=B_SPLINE_CURVE_WITH_KNOTS('',3,(#3349,#3350,#3351,#3352),
 .UNSPECIFIED.,.F.,.F.,(4,4),(0.,0.0013116416199087),.UNSPECIFIED.);
#310=B_SPLINE_CURVE_WITH_KNOTS('',3,(#3353,#3354,#3355,#3356),
 .UNSPECIFIED.,.F.,.F.,(4,4),(1.30011709193965E-16,0.00131165614454904),
 .UNSPECIFIED.);
#311=B_SPLINE_CURVE_WITH_KNOTS('',3,(#3484,#3485,#3486,#3487),
 .UNSPECIFIED.,.F.,.F.,(4,4),(4.14508172613817E-16,0.00136109835985216),
 .UNSPECIFIED.);
#312=B_SPLINE_CURVE_WITH_KNOTS('',3,(#3488,#3489,#3490,#3491),
 .UNSPECIFIED.,.F.,.F.,(4,4),(0.,0.00136109835985268),.UNSPECIFIED.);
#313=B_SPLINE_CURVE_WITH_KNOTS('',3,(#3513,#3514,#3515,#3516,#3517),
 .UNSPECIFIED.,.F.,.F.,(4,1,4),(9.34177181294034E-18,0.00250626523177463,
0.00501253046354926),.UNSPECIFIED.);
#314=B_SPLINE_CURVE_WITH_KNOTS('',3,(#3519,#3520,#3521,#3522),
 .UNSPECIFIED.,.F.,.F.,(4,4),(0.,0.000906144590205962),.UNSPECIFIED.);
#315=B_SPLINE_CURVE_WITH_KNOTS('',3,(#3523,#3524,#3525,#3526,#3527),
 .UNSPECIFIED.,.F.,.F.,(4,1,4),(3.88511297007027E-15,0.0029564146077103,
0.00591282921541672),.UNSPECIFIED.);
#316=B_SPLINE_CURVE_WITH_KNOTS('',3,(#3529,#3530,#3531,#3532),
 .UNSPECIFIED.,.F.,.F.,(4,4),(0.,0.0013675985673393),.UNSPECIFIED.);
#317=B_SPLINE_CURVE_WITH_KNOTS('',3,(#3554,#3555,#3556,#3557),
 .UNSPECIFIED.,.F.,.F.,(4,4),(1.35625758063337E-15,0.000906144590205216),
 .UNSPECIFIED.);
#318=B_SPLINE_CURVE_WITH_KNOTS('',3,(#3559,#3560,#3561,#3562,#3563),
 .UNSPECIFIED.,.F.,.F.,(4,1,4),(8.54252242016652E-18,0.00250626523177546,
0.00501253046355092),.UNSPECIFIED.);
#319=B_SPLINE_CURVE_WITH_KNOTS('',3,(#3564,#3565,#3566,#3567),
 .UNSPECIFIED.,.F.,.F.,(4,4),(0.,0.00136759856735045),.UNSPECIFIED.);
#320=B_SPLINE_CURVE_WITH_KNOTS('',3,(#3569,#3570,#3571,#3572,#3573),
 .UNSPECIFIED.,.F.,.F.,(4,1,4),(0.,0.00293275982552367,0.00586551965104735),
 .UNSPECIFIED.);
#321=B_SPLINE_CURVE_WITH_KNOTS('',3,(#3598,#3599,#3600,#3601,#3602),
 .UNSPECIFIED.,.F.,.F.,(4,1,4),(1.48468414373629E-17,0.00249529724796309,
0.00499059449592617),.UNSPECIFIED.);
#322=B_SPLINE_CURVE_WITH_KNOTS('',3,(#3628,#3629,#3630,#3631,#3632),
 .UNSPECIFIED.,.F.,.F.,(4,1,4),(5.20417042793042E-18,0.00249529724796324,
0.00499059449592647),.UNSPECIFIED.);
#323=B_SPLINE_CURVE_WITH_KNOTS('',3,(#3652,#3653,#3654,#3655,#3656),
 .UNSPECIFIED.,.F.,.F.,(4,1,4),(0.,0.00297835985388941,0.00595671970777882),
 .UNSPECIFIED.);
#324=B_SPLINE_CURVE_WITH_KNOTS('',3,(#3675,#3676,#3677,#3678,#3679),
 .UNSPECIFIED.,.F.,.F.,(4,1,4),(1.73472347597681E-18,0.00297835985388808,
0.00595671970777617),.UNSPECIFIED.);
#325=B_SPLINE_CURVE_WITH_KNOTS('',3,(#3716,#3717,#3718,#3719,#3720,#3721,
#3722,#3723,#3724,#3725,#3726,#3727,#3728,#3729,#3730,#3731,#3732),
 .UNSPECIFIED.,.F.,.F.,(4,1,1,1,1,1,1,1,1,1,1,1,1,1,4),(2.04940102603049E-14,
0.00106842180667279,0.00213684361332509,0.00320526541997739,0.00373947632330354,
0.00427368722662969,0.00480789812995584,0.00507500358161891,0.00534210903328199,
0.00560921448494506,0.00587631993660813,0.00641053083993428,0.00694474174326043,
0.00747895264658658,0.00854737445323888),.UNSPECIFIED.);
#326=B_SPLINE_CURVE_WITH_KNOTS('',3,(#3766,#3767,#3768,#3769,#3770,#3771,
#3772,#3773,#3774,#3775,#3776,#3777,#3778,#3779,#3780,#3781,#3782),
 .UNSPECIFIED.,.F.,.F.,(4,1,1,1,1,1,1,1,1,1,1,1,1,1,4),(1.59060716754462E-15,
0.00108992692472745,0.00163489038709039,0.00217985384945332,0.00272481731181625,
0.00299729904299771,0.00326978077417918,0.00354226250536064,0.00381474423654211,
0.00435970769890504,0.00490467116126797,0.00544963462363091,0.00653956154835677,
0.00762948847308263,0.00871941539780849),.UNSPECIFIED.);
#327=B_SPLINE_CURVE_WITH_KNOTS('',3,(#3784,#3785,#3786,#3787),
 .UNSPECIFIED.,.F.,.F.,(4,4),(0.,0.000463657894858302),.UNSPECIFIED.);
#328=B_SPLINE_CURVE_WITH_KNOTS('',3,(#3788,#3789,#3790,#3791),
 .UNSPECIFIED.,.F.,.F.,(4,4),(0.,0.000463657894858302),.UNSPECIFIED.);
#329=B_SPLINE_CURVE_WITH_KNOTS('',3,(#3819,#3820,#3821,#3822,#3823,#3824,
#3825),.UNSPECIFIED.,.F.,.F.,(4,1,1,1,4),(0.,0.00173401526891545,0.00346803053783089,
0.00520204580674634,0.00693606107566179),.UNSPECIFIED.);
#330=B_SPLINE_CURVE_WITH_KNOTS('',3,(#3826,#3827,#3828,#3829),
 .UNSPECIFIED.,.F.,.F.,(4,4),(-2.51918084519183E-5,0.000160197459923133),
 .UNSPECIFIED.);
#331=B_SPLINE_CURVE_WITH_KNOTS('',3,(#3830,#3831,#3832,#3833),
 .UNSPECIFIED.,.F.,.F.,(4,4),(4.15263316411592E-15,0.00378984014026291),
 .UNSPECIFIED.);
#332=B_SPLINE_CURVE_WITH_KNOTS('',3,(#3834,#3835,#3836,#3837,#3838),
 .UNSPECIFIED.,.F.,.F.,(4,1,4),(1.06665041820025E-15,0.00326330832241782,
0.00652661664483458),.UNSPECIFIED.);
#333=B_SPLINE_CURVE_WITH_KNOTS('',3,(#3840,#3841,#3842,#3843,#3844),
 .UNSPECIFIED.,.F.,.F.,(4,1,4),(0.0138797502974032,0.0186867940848528,0.0234938378723025),
 .UNSPECIFIED.);
#334=B_SPLINE_CURVE_WITH_KNOTS('',3,(#3845,#3846,#3847,#3848,#3849,#3850,
#3851,#3852,#3853,#3854,#3855),.UNSPECIFIED.,.F.,.F.,(4,1,1,1,1,1,1,1,4),
(1.30104260698261E-18,0.00304191327568428,0.00608382655136855,0.00912573982705283,
0.0121676531027371,0.0152095663784214,0.0182514796541057,0.0212933929297899,
0.0243353062054742),.UNSPECIFIED.);
#335=B_SPLINE_CURVE_WITH_KNOTS('',3,(#3883,#3884,#3885,#3886,#3887,#3888,
#3889),.UNSPECIFIED.,.F.,.F.,(4,1,1,1,4),(1.42059448875874E-17,0.00172379232883822,
0.00344758465767642,0.00517137698651463,0.00689516931535283),
 .UNSPECIFIED.);
#336=B_SPLINE_CURVE_WITH_KNOTS('',3,(#3890,#3891,#3892,#3893,#3894,#3895,
#3896,#3897,#3898,#3899),.UNSPECIFIED.,.F.,.F.,(4,1,1,1,1,1,1,4),(1.97788907665131E-16,
0.00300374339476324,0.00600748678952628,0.00901123018428932,0.0120149735790524,
0.0180224603685784,0.0210262037633415,0.0240299471581045),.UNSPECIFIED.);
#337=B_SPLINE_CURVE_WITH_KNOTS('',3,(#3900,#3901,#3902,#3903,#3904),
 .UNSPECIFIED.,.F.,.F.,(4,1,4),(0.0138797502974032,0.0186867940848528,0.0234938378723025),
 .UNSPECIFIED.);
#338=B_SPLINE_CURVE_WITH_KNOTS('',3,(#3906,#3907,#3908,#3909,#3910),
 .UNSPECIFIED.,.F.,.F.,(4,1,4),(6.52026874033499E-15,0.00326330832241946,
0.0065266166448324),.UNSPECIFIED.);
#339=B_SPLINE_CURVE_WITH_KNOTS('',3,(#3911,#3912,#3913,#3914),
 .UNSPECIFIED.,.F.,.F.,(4,4),(5.34184991038509E-17,0.00378984014025827),
 .UNSPECIFIED.);
#340=B_SPLINE_CURVE_WITH_KNOTS('',3,(#3915,#3916,#3917,#3918),
 .UNSPECIFIED.,.F.,.F.,(4,4),(0.0732007263580627,0.0733859936851368),
 .UNSPECIFIED.);
#341=B_SPLINE_CURVE_WITH_KNOTS('',3,(#3925,#3926,#3927,#3928),
 .UNSPECIFIED.,.F.,.F.,(4,4),(0.,0.00433273196140679),.UNSPECIFIED.);
#342=B_SPLINE_CURVE_WITH_KNOTS('',3,(#3930,#3931,#3932,#3933,#3934),
 .UNSPECIFIED.,.F.,.F.,(4,1,4),(0.,0.00257450703525451,0.00514901407050901),
 .UNSPECIFIED.);
#343=B_SPLINE_CURVE_WITH_KNOTS('',3,(#3936,#3937,#3938,#3939),
 .UNSPECIFIED.,.F.,.F.,(4,4),(0.,0.00433283411389212),.UNSPECIFIED.);
#344=B_SPLINE_CURVE_WITH_KNOTS('',3,(#3940,#3941,#3942,#3943,#3944,#3945,
#3946,#3947,#3948,#3949,#3950),.UNSPECIFIED.,.F.,.F.,(4,1,1,1,1,1,1,1,4),
(0.,0.00271976000347218,0.00543952000694436,0.00815928001041654,0.0108790400138887,
0.0135988000173609,0.0163185600208331,0.0190383200243053,0.0217580800277774),
 .UNSPECIFIED.);
#345=B_SPLINE_CURVE_WITH_KNOTS('',3,(#3986,#3987,#3988,#3989),
 .UNSPECIFIED.,.F.,.F.,(4,4),(1.73472347597681E-18,6.72682287687332E-5),
 .UNSPECIFIED.);
#346=B_SPLINE_CURVE_WITH_KNOTS('',3,(#4033,#4034,#4035,#4036),
 .UNSPECIFIED.,.F.,.F.,(4,4),(0.,6.72444163106539E-5),.UNSPECIFIED.);
#347=B_SPLINE_CURVE_WITH_KNOTS('',3,(#4046,#4047,#4048,#4049),
 .UNSPECIFIED.,.F.,.F.,(4,4),(3.18452898611616E-17,6.7244416310318E-5),
 .UNSPECIFIED.);
#348=B_SPLINE_CURVE_WITH_KNOTS('',3,(#4083,#4084,#4085,#4086),
 .UNSPECIFIED.,.F.,.F.,(4,4),(0.,6.72682287682799E-5),.UNSPECIFIED.);
#349=B_SPLINE_CURVE_WITH_KNOTS('',3,(#4396,#4397,#4398,#4399,#4400),
 .UNSPECIFIED.,.F.,.F.,(4,1,4),(2.08921267708388E-14,0.00178366277735046,
0.00356732555468004),.UNSPECIFIED.);
#350=B_SPLINE_CURVE_WITH_KNOTS('',3,(#4426,#4427,#4428,#4429,#4430),
 .UNSPECIFIED.,.F.,.F.,(4,1,4),(0.,0.00178021825616655,0.00356043651233309),
 .UNSPECIFIED.);
#351=B_SPLINE_CURVE_WITH_KNOTS('',3,(#4504,#4505,#4506,#4507,#4508),
 .UNSPECIFIED.,.F.,.F.,(4,1,4),(0.,0.0012757551070273,0.00255151021405459),
 .UNSPECIFIED.);
#352=B_SPLINE_CURVE_WITH_KNOTS('',3,(#4509,#4510,#4511,#4512,#4513),
 .UNSPECIFIED.,.F.,.F.,(4,1,4),(0.,0.00126925865064662,0.00253851730129323),
 .UNSPECIFIED.);
#353=B_SPLINE_CURVE_WITH_KNOTS('',3,(#4518,#4519,#4520,#4521,#4522,#4523,
#4524,#4525,#4526,#4527,#4528,#4529,#4530),.UNSPECIFIED.,.F.,.F.,(4,1,1,
1,1,1,1,1,1,1,4),(0.0164634797532248,0.0187080010797656,0.0198302617430359,
0.0209525224063063,0.0220747830695767,0.0231970437328471,0.0254415650593878,
0.0276860863859286,0.0299306077124693,0.0321751290390101,0.0344196503655509),
 .UNSPECIFIED.);
#354=B_SPLINE_CURVE_WITH_KNOTS('',3,(#4533,#4534,#4535,#4536),
 .UNSPECIFIED.,.F.,.F.,(4,4),(0.,0.00190516277841675),.UNSPECIFIED.);
#355=B_SPLINE_CURVE_WITH_KNOTS('',3,(#4537,#4538,#4539,#4540),
 .UNSPECIFIED.,.F.,.F.,(4,4),(0.,0.00189258292116914),.UNSPECIFIED.);
#356=B_SPLINE_CURVE_WITH_KNOTS('',3,(#4543,#4544,#4545,#4546,#4547,#4548,
#4549,#4550,#4551,#4552,#4553,#4554,#4555),.UNSPECIFIED.,.F.,.F.,(4,1,1,
1,1,1,1,1,1,1,4),(0.00533434940278182,0.00760480267466847,0.00987525594655511,
0.0121457092184418,0.0144161624903284,0.016686615762215,0.0178218423981584,
0.0189570690341017,0.020092295670045,0.0212275223059883,0.023497975577875),
 .UNSPECIFIED.);
#357=B_SPLINE_CURVE_WITH_KNOTS('',3,(#4704,#4705,#4706,#4707,#4708),
 .UNSPECIFIED.,.F.,.F.,(4,1,4),(-1.00798054328852E-5,0.00323292690401588,
0.00647593361346464),.UNSPECIFIED.);
#358=B_SPLINE_CURVE_WITH_KNOTS('',3,(#4734,#4735,#4736,#4737,#4738),
 .UNSPECIFIED.,.F.,.F.,(4,1,4),(-1.00798054328966E-5,0.00323294174506415,
0.00647596329556119),.UNSPECIFIED.);
#359=B_SPLINE_CURVE_WITH_KNOTS('',3,(#4776,#4777,#4778,#4779,#4780),
 .UNSPECIFIED.,.F.,.F.,(4,1,4),(0.,0.00210427261185734,0.00420854522371467),
 .UNSPECIFIED.);
#360=B_SPLINE_CURVE_WITH_KNOTS('',3,(#4782,#4783,#4784,#4785,#4786,#4787,
#4788),.UNSPECIFIED.,.F.,.F.,(4,1,1,1,4),(0.,0.25,0.5,0.75,1.),
 .UNSPECIFIED.);
#361=B_SPLINE_CURVE_WITH_KNOTS('',3,(#4838,#4839,#4840,#4841,#4842,#4843,
#4844),.UNSPECIFIED.,.F.,.F.,(4,1,1,1,4),(0.,0.25,0.5,0.75,1.),
 .UNSPECIFIED.);
#362=B_SPLINE_CURVE_WITH_KNOTS('',3,(#4857,#4858,#4859,#4860),
 .UNSPECIFIED.,.F.,.F.,(4,4),(0.,5.26359805747137E-5),.UNSPECIFIED.);
#363=B_SPLINE_CURVE_WITH_KNOTS('',3,(#4864,#4865,#4866,#4867),
 .UNSPECIFIED.,.F.,.F.,(4,4),(0.,5.26359805747108E-5),.UNSPECIFIED.);
#364=B_SPLINE_CURVE_WITH_KNOTS('',3,(#4927,#4928,#4929,#4930,#4931),
 .UNSPECIFIED.,.F.,.F.,(4,1,4),(3.87895961444886E-18,0.00210427261185734,
0.00420854522371468),.UNSPECIFIED.);
#365=ORIENTED_EDGE('',*,*,#929,.F.);
#366=ORIENTED_EDGE('',*,*,#930,.T.);
#367=ORIENTED_EDGE('',*,*,#931,.T.);
#368=ORIENTED_EDGE('',*,*,#932,.T.);
#369=ORIENTED_EDGE('',*,*,#933,.T.);
#370=ORIENTED_EDGE('',*,*,#934,.F.);
#371=ORIENTED_EDGE('',*,*,#935,.T.);
#372=ORIENTED_EDGE('',*,*,#936,.T.);
#373=ORIENTED_EDGE('',*,*,#937,.T.);
#374=ORIENTED_EDGE('',*,*,#938,.T.);
#375=ORIENTED_EDGE('',*,*,#939,.T.);
#376=ORIENTED_EDGE('',*,*,#940,.T.);
#377=ORIENTED_EDGE('',*,*,#941,.T.);
#378=ORIENTED_EDGE('',*,*,#942,.T.);
#379=ORIENTED_EDGE('',*,*,#943,.T.);
#380=ORIENTED_EDGE('',*,*,#944,.T.);
#381=ORIENTED_EDGE('',*,*,#945,.T.);
#382=ORIENTED_EDGE('',*,*,#946,.T.);
#383=ORIENTED_EDGE('',*,*,#947,.F.);
#384=ORIENTED_EDGE('',*,*,#948,.T.);
#385=ORIENTED_EDGE('',*,*,#949,.T.);
#386=ORIENTED_EDGE('',*,*,#950,.T.);
#387=ORIENTED_EDGE('',*,*,#951,.T.);
#388=ORIENTED_EDGE('',*,*,#952,.T.);
#389=ORIENTED_EDGE('',*,*,#953,.T.);
#390=ORIENTED_EDGE('',*,*,#954,.T.);
#391=ORIENTED_EDGE('',*,*,#955,.T.);
#392=ORIENTED_EDGE('',*,*,#956,.T.);
#393=ORIENTED_EDGE('',*,*,#957,.T.);
#394=ORIENTED_EDGE('',*,*,#958,.T.);
#395=ORIENTED_EDGE('',*,*,#950,.F.);
#396=ORIENTED_EDGE('',*,*,#957,.F.);
#397=ORIENTED_EDGE('',*,*,#959,.T.);
#398=ORIENTED_EDGE('',*,*,#960,.T.);
#399=ORIENTED_EDGE('',*,*,#961,.T.);
#400=ORIENTED_EDGE('',*,*,#962,.F.);
#401=ORIENTED_EDGE('',*,*,#963,.T.);
#402=ORIENTED_EDGE('',*,*,#961,.F.);
#403=ORIENTED_EDGE('',*,*,#964,.T.);
#404=ORIENTED_EDGE('',*,*,#965,.T.);
#405=ORIENTED_EDGE('',*,*,#966,.T.);
#406=ORIENTED_EDGE('',*,*,#967,.F.);
#407=ORIENTED_EDGE('',*,*,#968,.F.);
#408=ORIENTED_EDGE('',*,*,#969,.T.);
#409=ORIENTED_EDGE('',*,*,#970,.T.);
#410=ORIENTED_EDGE('',*,*,#971,.T.);
#411=ORIENTED_EDGE('',*,*,#972,.T.);
#412=ORIENTED_EDGE('',*,*,#973,.F.);
#413=ORIENTED_EDGE('',*,*,#966,.F.);
#414=ORIENTED_EDGE('',*,*,#974,.T.);
#415=ORIENTED_EDGE('',*,*,#975,.T.);
#416=ORIENTED_EDGE('',*,*,#976,.T.);
#417=ORIENTED_EDGE('',*,*,#977,.F.);
#418=ORIENTED_EDGE('',*,*,#978,.T.);
#419=ORIENTED_EDGE('',*,*,#979,.T.);
#420=ORIENTED_EDGE('',*,*,#980,.F.);
#421=ORIENTED_EDGE('',*,*,#981,.T.);
#422=ORIENTED_EDGE('',*,*,#982,.T.);
#423=ORIENTED_EDGE('',*,*,#983,.F.);
#424=ORIENTED_EDGE('',*,*,#984,.F.);
#425=ORIENTED_EDGE('',*,*,#985,.T.);
#426=ORIENTED_EDGE('',*,*,#986,.T.);
#427=ORIENTED_EDGE('',*,*,#987,.T.);
#428=ORIENTED_EDGE('',*,*,#988,.F.);
#429=ORIENTED_EDGE('',*,*,#989,.T.);
#430=ORIENTED_EDGE('',*,*,#990,.T.);
#431=ORIENTED_EDGE('',*,*,#991,.T.);
#432=ORIENTED_EDGE('',*,*,#992,.T.);
#433=ORIENTED_EDGE('',*,*,#993,.T.);
#434=ORIENTED_EDGE('',*,*,#994,.T.);
#435=ORIENTED_EDGE('',*,*,#995,.T.);
#436=ORIENTED_EDGE('',*,*,#996,.T.);
#437=ORIENTED_EDGE('',*,*,#997,.T.);
#438=ORIENTED_EDGE('',*,*,#998,.T.);
#439=ORIENTED_EDGE('',*,*,#999,.T.);
#440=ORIENTED_EDGE('',*,*,#1000,.T.);
#441=ORIENTED_EDGE('',*,*,#1001,.T.);
#442=ORIENTED_EDGE('',*,*,#999,.F.);
#443=ORIENTED_EDGE('',*,*,#1002,.T.);
#444=ORIENTED_EDGE('',*,*,#1003,.T.);
#445=ORIENTED_EDGE('',*,*,#1004,.T.);
#446=ORIENTED_EDGE('',*,*,#1005,.T.);
#447=ORIENTED_EDGE('',*,*,#1006,.T.);
#448=ORIENTED_EDGE('',*,*,#1007,.T.);
#449=ORIENTED_EDGE('',*,*,#1008,.T.);
#450=ORIENTED_EDGE('',*,*,#1009,.T.);
#451=ORIENTED_EDGE('',*,*,#1010,.T.);
#452=ORIENTED_EDGE('',*,*,#1011,.T.);
#453=ORIENTED_EDGE('',*,*,#1004,.F.);
#454=ORIENTED_EDGE('',*,*,#1012,.T.);
#455=ORIENTED_EDGE('',*,*,#1013,.T.);
#456=ORIENTED_EDGE('',*,*,#1014,.T.);
#457=ORIENTED_EDGE('',*,*,#1015,.T.);
#458=ORIENTED_EDGE('',*,*,#1016,.T.);
#459=ORIENTED_EDGE('',*,*,#1009,.F.);
#460=ORIENTED_EDGE('',*,*,#1017,.T.);
#461=ORIENTED_EDGE('',*,*,#1018,.T.);
#462=ORIENTED_EDGE('',*,*,#1019,.T.);
#463=ORIENTED_EDGE('',*,*,#1020,.T.);
#464=ORIENTED_EDGE('',*,*,#1021,.T.);
#465=ORIENTED_EDGE('',*,*,#1022,.T.);
#466=ORIENTED_EDGE('',*,*,#1023,.T.);
#467=ORIENTED_EDGE('',*,*,#1024,.T.);
#468=ORIENTED_EDGE('',*,*,#1015,.F.);
#469=ORIENTED_EDGE('',*,*,#1025,.T.);
#470=ORIENTED_EDGE('',*,*,#1026,.T.);
#471=ORIENTED_EDGE('',*,*,#1027,.T.);
#472=ORIENTED_EDGE('',*,*,#1028,.T.);
#473=ORIENTED_EDGE('',*,*,#1029,.T.);
#474=ORIENTED_EDGE('',*,*,#1030,.T.);
#475=ORIENTED_EDGE('',*,*,#1031,.T.);
#476=ORIENTED_EDGE('',*,*,#1032,.T.);
#477=ORIENTED_EDGE('',*,*,#1033,.T.);
#478=ORIENTED_EDGE('',*,*,#1034,.T.);
#479=ORIENTED_EDGE('',*,*,#1035,.T.);
#480=ORIENTED_EDGE('',*,*,#1036,.T.);
#481=ORIENTED_EDGE('',*,*,#1037,.T.);
#482=ORIENTED_EDGE('',*,*,#1038,.T.);
#483=ORIENTED_EDGE('',*,*,#1039,.T.);
#484=ORIENTED_EDGE('',*,*,#1040,.T.);
#485=ORIENTED_EDGE('',*,*,#1041,.T.);
#486=ORIENTED_EDGE('',*,*,#1042,.T.);
#487=ORIENTED_EDGE('',*,*,#1043,.T.);
#488=ORIENTED_EDGE('',*,*,#1044,.T.);
#489=ORIENTED_EDGE('',*,*,#1045,.T.);
#490=ORIENTED_EDGE('',*,*,#1046,.T.);
#491=ORIENTED_EDGE('',*,*,#1047,.T.);
#492=ORIENTED_EDGE('',*,*,#1048,.T.);
#493=ORIENTED_EDGE('',*,*,#1049,.T.);
#494=ORIENTED_EDGE('',*,*,#1050,.T.);
#495=ORIENTED_EDGE('',*,*,#1051,.T.);
#496=ORIENTED_EDGE('',*,*,#1052,.T.);
#497=ORIENTED_EDGE('',*,*,#1053,.T.);
#498=ORIENTED_EDGE('',*,*,#1054,.T.);
#499=ORIENTED_EDGE('',*,*,#1055,.T.);
#500=ORIENTED_EDGE('',*,*,#1056,.T.);
#501=ORIENTED_EDGE('',*,*,#1057,.T.);
#502=ORIENTED_EDGE('',*,*,#1058,.T.);
#503=ORIENTED_EDGE('',*,*,#1059,.T.);
#504=ORIENTED_EDGE('',*,*,#1060,.T.);
#505=ORIENTED_EDGE('',*,*,#1000,.F.);
#506=ORIENTED_EDGE('',*,*,#1006,.F.);
#507=ORIENTED_EDGE('',*,*,#1061,.T.);
#508=ORIENTED_EDGE('',*,*,#967,.T.);
#509=ORIENTED_EDGE('',*,*,#973,.T.);
#510=ORIENTED_EDGE('',*,*,#1062,.T.);
#511=ORIENTED_EDGE('',*,*,#962,.T.);
#512=ORIENTED_EDGE('',*,*,#968,.T.);
#513=ORIENTED_EDGE('',*,*,#1061,.F.);
#514=ORIENTED_EDGE('',*,*,#1005,.F.);
#515=ORIENTED_EDGE('',*,*,#1011,.F.);
#516=ORIENTED_EDGE('',*,*,#1063,.T.);
#517=ORIENTED_EDGE('',*,*,#1064,.T.);
#518=ORIENTED_EDGE('',*,*,#1065,.T.);
#519=ORIENTED_EDGE('',*,*,#1066,.T.);
#520=ORIENTED_EDGE('',*,*,#1067,.T.);
#521=ORIENTED_EDGE('',*,*,#1068,.T.);
#522=ORIENTED_EDGE('',*,*,#1069,.F.);
#523=ORIENTED_EDGE('',*,*,#1064,.F.);
#524=ORIENTED_EDGE('',*,*,#1070,.T.);
#525=ORIENTED_EDGE('',*,*,#1069,.T.);
#526=ORIENTED_EDGE('',*,*,#1071,.T.);
#527=ORIENTED_EDGE('',*,*,#1072,.T.);
#528=ORIENTED_EDGE('',*,*,#1073,.T.);
#529=ORIENTED_EDGE('',*,*,#1074,.F.);
#530=ORIENTED_EDGE('',*,*,#1075,.T.);
#531=ORIENTED_EDGE('',*,*,#1076,.T.);
#532=ORIENTED_EDGE('',*,*,#1077,.T.);
#533=ORIENTED_EDGE('',*,*,#1078,.T.);
#534=ORIENTED_EDGE('',*,*,#1079,.F.);
#535=ORIENTED_EDGE('',*,*,#1080,.T.);
#536=ORIENTED_EDGE('',*,*,#1081,.T.);
#537=ORIENTED_EDGE('',*,*,#1082,.T.);
#538=ORIENTED_EDGE('',*,*,#1083,.T.);
#539=ORIENTED_EDGE('',*,*,#1084,.F.);
#540=ORIENTED_EDGE('',*,*,#1085,.T.);
#541=ORIENTED_EDGE('',*,*,#947,.T.);
#542=ORIENTED_EDGE('',*,*,#1086,.T.);
#543=ORIENTED_EDGE('',*,*,#1027,.F.);
#544=ORIENTED_EDGE('',*,*,#1087,.T.);
#545=ORIENTED_EDGE('',*,*,#1088,.T.);
#546=ORIENTED_EDGE('',*,*,#1089,.T.);
#547=ORIENTED_EDGE('',*,*,#1090,.F.);
#548=ORIENTED_EDGE('',*,*,#1091,.F.);
#549=ORIENTED_EDGE('',*,*,#977,.T.);
#550=ORIENTED_EDGE('',*,*,#1092,.T.);
#551=ORIENTED_EDGE('',*,*,#994,.F.);
#552=ORIENTED_EDGE('',*,*,#1093,.T.);
#553=ORIENTED_EDGE('',*,*,#984,.T.);
#554=ORIENTED_EDGE('',*,*,#995,.F.);
#555=ORIENTED_EDGE('',*,*,#980,.T.);
#556=ORIENTED_EDGE('',*,*,#1094,.T.);
#557=ORIENTED_EDGE('',*,*,#991,.F.);
#558=ORIENTED_EDGE('',*,*,#1095,.T.);
#559=ORIENTED_EDGE('',*,*,#1024,.F.);
#560=ORIENTED_EDGE('',*,*,#1096,.T.);
#561=ORIENTED_EDGE('',*,*,#1066,.F.);
#562=ORIENTED_EDGE('',*,*,#1097,.F.);
#563=ORIENTED_EDGE('',*,*,#1097,.T.);
#564=ORIENTED_EDGE('',*,*,#1070,.F.);
#565=ORIENTED_EDGE('',*,*,#1063,.F.);
#566=ORIENTED_EDGE('',*,*,#1010,.F.);
#567=ORIENTED_EDGE('',*,*,#1016,.F.);
#568=ORIENTED_EDGE('',*,*,#1068,.F.);
#569=ORIENTED_EDGE('',*,*,#1098,.T.);
#570=ORIENTED_EDGE('',*,*,#951,.F.);
#571=ORIENTED_EDGE('',*,*,#1099,.F.);
#572=ORIENTED_EDGE('',*,*,#1099,.T.);
#573=ORIENTED_EDGE('',*,*,#958,.F.);
#574=ORIENTED_EDGE('',*,*,#963,.F.);
#575=ORIENTED_EDGE('',*,*,#1065,.F.);
#576=ORIENTED_EDGE('',*,*,#1071,.F.);
#577=ORIENTED_EDGE('',*,*,#1051,.F.);
#578=ORIENTED_EDGE('',*,*,#1100,.T.);
#579=ORIENTED_EDGE('',*,*,#939,.F.);
#580=ORIENTED_EDGE('',*,*,#1101,.T.);
#581=ORIENTED_EDGE('',*,*,#1050,.F.);
#582=ORIENTED_EDGE('',*,*,#1102,.T.);
#583=ORIENTED_EDGE('',*,*,#1103,.T.);
#584=ORIENTED_EDGE('',*,*,#985,.F.);
#585=ORIENTED_EDGE('',*,*,#1093,.F.);
#586=ORIENTED_EDGE('',*,*,#993,.F.);
#587=ORIENTED_EDGE('',*,*,#1104,.T.);
#588=ORIENTED_EDGE('',*,*,#1105,.T.);
#589=ORIENTED_EDGE('',*,*,#1106,.T.);
#590=ORIENTED_EDGE('',*,*,#1107,.T.);
#591=ORIENTED_EDGE('',*,*,#1052,.F.);
#592=ORIENTED_EDGE('',*,*,#1108,.T.);
#593=ORIENTED_EDGE('',*,*,#1109,.T.);
#594=ORIENTED_EDGE('',*,*,#978,.F.);
#595=ORIENTED_EDGE('',*,*,#1092,.F.);
#596=ORIENTED_EDGE('',*,*,#976,.F.);
#597=ORIENTED_EDGE('',*,*,#998,.F.);
#598=ORIENTED_EDGE('',*,*,#1110,.T.);
#599=ORIENTED_EDGE('',*,*,#1049,.F.);
#600=ORIENTED_EDGE('',*,*,#1111,.F.);
#601=ORIENTED_EDGE('',*,*,#1053,.F.);
#602=ORIENTED_EDGE('',*,*,#1112,.T.);
#603=ORIENTED_EDGE('',*,*,#969,.F.);
#604=ORIENTED_EDGE('',*,*,#1113,.F.);
#605=ORIENTED_EDGE('',*,*,#1111,.T.);
#606=ORIENTED_EDGE('',*,*,#1048,.F.);
#607=ORIENTED_EDGE('',*,*,#1114,.F.);
#608=ORIENTED_EDGE('',*,*,#1002,.F.);
#609=ORIENTED_EDGE('',*,*,#1113,.T.);
#610=ORIENTED_EDGE('',*,*,#965,.F.);
#611=ORIENTED_EDGE('',*,*,#1115,.F.);
#612=ORIENTED_EDGE('',*,*,#1054,.F.);
#613=ORIENTED_EDGE('',*,*,#1047,.F.);
#614=ORIENTED_EDGE('',*,*,#1116,.T.);
#615=ORIENTED_EDGE('',*,*,#1007,.F.);
#616=ORIENTED_EDGE('',*,*,#1003,.F.);
#617=ORIENTED_EDGE('',*,*,#1114,.T.);
#618=ORIENTED_EDGE('',*,*,#960,.F.);
#619=ORIENTED_EDGE('',*,*,#1117,.T.);
#620=ORIENTED_EDGE('',*,*,#1043,.F.);
#621=ORIENTED_EDGE('',*,*,#1115,.T.);
#622=ORIENTED_EDGE('',*,*,#964,.F.);
#623=ORIENTED_EDGE('',*,*,#1045,.F.);
#624=ORIENTED_EDGE('',*,*,#1118,.T.);
#625=ORIENTED_EDGE('',*,*,#1033,.F.);
#626=ORIENTED_EDGE('',*,*,#1119,.T.);
#627=ORIENTED_EDGE('',*,*,#1022,.F.);
#628=ORIENTED_EDGE('',*,*,#1120,.T.);
#629=ORIENTED_EDGE('',*,*,#1018,.F.);
#630=ORIENTED_EDGE('',*,*,#1121,.T.);
#631=ORIENTED_EDGE('',*,*,#1079,.T.);
#632=ORIENTED_EDGE('',*,*,#1122,.T.);
#633=ORIENTED_EDGE('',*,*,#1074,.T.);
#634=ORIENTED_EDGE('',*,*,#1123,.T.);
#635=ORIENTED_EDGE('',*,*,#1124,.F.);
#636=ORIENTED_EDGE('',*,*,#1041,.F.);
#637=ORIENTED_EDGE('',*,*,#1125,.T.);
#638=ORIENTED_EDGE('',*,*,#945,.F.);
#639=ORIENTED_EDGE('',*,*,#1126,.T.);
#640=ORIENTED_EDGE('',*,*,#941,.F.);
#641=ORIENTED_EDGE('',*,*,#1127,.T.);
#642=ORIENTED_EDGE('',*,*,#1039,.F.);
#643=ORIENTED_EDGE('',*,*,#1128,.F.);
#644=ORIENTED_EDGE('',*,*,#1129,.T.);
#645=ORIENTED_EDGE('',*,*,#1072,.F.);
#646=ORIENTED_EDGE('',*,*,#1130,.T.);
#647=ORIENTED_EDGE('',*,*,#1078,.F.);
#648=ORIENTED_EDGE('',*,*,#1131,.T.);
#649=ORIENTED_EDGE('',*,*,#1031,.F.);
#650=ORIENTED_EDGE('',*,*,#1132,.T.);
#651=ORIENTED_EDGE('',*,*,#1128,.T.);
#652=ORIENTED_EDGE('',*,*,#1042,.F.);
#653=ORIENTED_EDGE('',*,*,#1124,.T.);
#654=ORIENTED_EDGE('',*,*,#1133,.T.);
#655=ORIENTED_EDGE('',*,*,#1134,.F.);
#656=ORIENTED_EDGE('',*,*,#934,.T.);
#657=ORIENTED_EDGE('',*,*,#1135,.T.);
#658=ORIENTED_EDGE('',*,*,#1136,.T.);
#659=ORIENTED_EDGE('',*,*,#1137,.T.);
#660=ORIENTED_EDGE('',*,*,#929,.T.);
#661=ORIENTED_EDGE('',*,*,#1138,.T.);
#662=ORIENTED_EDGE('',*,*,#1134,.T.);
#663=ORIENTED_EDGE('',*,*,#1139,.F.);
#664=ORIENTED_EDGE('',*,*,#952,.F.);
#665=ORIENTED_EDGE('',*,*,#1140,.F.);
#666=ORIENTED_EDGE('',*,*,#1127,.F.);
#667=ORIENTED_EDGE('',*,*,#1139,.T.);
#668=ORIENTED_EDGE('',*,*,#1141,.F.);
#669=ORIENTED_EDGE('',*,*,#930,.F.);
#670=ORIENTED_EDGE('',*,*,#1137,.F.);
#671=ORIENTED_EDGE('',*,*,#1142,.F.);
#672=ORIENTED_EDGE('',*,*,#1143,.F.);
#673=ORIENTED_EDGE('',*,*,#1140,.T.);
#674=ORIENTED_EDGE('',*,*,#1098,.F.);
#675=ORIENTED_EDGE('',*,*,#1144,.F.);
#676=ORIENTED_EDGE('',*,*,#1141,.T.);
#677=ORIENTED_EDGE('',*,*,#1143,.T.);
#678=ORIENTED_EDGE('',*,*,#1145,.F.);
#679=ORIENTED_EDGE('',*,*,#1142,.T.);
#680=ORIENTED_EDGE('',*,*,#1136,.F.);
#681=ORIENTED_EDGE('',*,*,#1146,.F.);
#682=ORIENTED_EDGE('',*,*,#1040,.F.);
#683=ORIENTED_EDGE('',*,*,#1147,.F.);
#684=ORIENTED_EDGE('',*,*,#1023,.F.);
#685=ORIENTED_EDGE('',*,*,#1148,.F.);
#686=ORIENTED_EDGE('',*,*,#1144,.T.);
#687=ORIENTED_EDGE('',*,*,#1067,.F.);
#688=ORIENTED_EDGE('',*,*,#1149,.F.);
#689=ORIENTED_EDGE('',*,*,#1150,.F.);
#690=ORIENTED_EDGE('',*,*,#932,.F.);
#691=ORIENTED_EDGE('',*,*,#1138,.F.);
#692=ORIENTED_EDGE('',*,*,#931,.F.);
#693=ORIENTED_EDGE('',*,*,#1145,.T.);
#694=ORIENTED_EDGE('',*,*,#1135,.F.);
#695=ORIENTED_EDGE('',*,*,#933,.F.);
#696=ORIENTED_EDGE('',*,*,#1151,.F.);
#697=ORIENTED_EDGE('',*,*,#1148,.T.);
#698=ORIENTED_EDGE('',*,*,#1125,.F.);
#699=ORIENTED_EDGE('',*,*,#1146,.T.);
#700=ORIENTED_EDGE('',*,*,#1096,.F.);
#701=ORIENTED_EDGE('',*,*,#1147,.T.);
#702=ORIENTED_EDGE('',*,*,#1152,.F.);
#703=ORIENTED_EDGE('',*,*,#1149,.T.);
#704=ORIENTED_EDGE('',*,*,#1151,.T.);
#705=ORIENTED_EDGE('',*,*,#1150,.T.);
#706=ORIENTED_EDGE('',*,*,#1152,.T.);
#707=ORIENTED_EDGE('',*,*,#1108,.F.);
#708=ORIENTED_EDGE('',*,*,#1101,.F.);
#709=ORIENTED_EDGE('',*,*,#1153,.F.);
#710=ORIENTED_EDGE('',*,*,#1153,.T.);
#711=ORIENTED_EDGE('',*,*,#938,.F.);
#712=ORIENTED_EDGE('',*,*,#1154,.F.);
#713=ORIENTED_EDGE('',*,*,#1109,.F.);
#714=ORIENTED_EDGE('',*,*,#937,.F.);
#715=ORIENTED_EDGE('',*,*,#1155,.T.);
#716=ORIENTED_EDGE('',*,*,#981,.F.);
#717=ORIENTED_EDGE('',*,*,#1094,.F.);
#718=ORIENTED_EDGE('',*,*,#979,.F.);
#719=ORIENTED_EDGE('',*,*,#1154,.T.);
#720=ORIENTED_EDGE('',*,*,#990,.F.);
#721=ORIENTED_EDGE('',*,*,#1156,.T.);
#722=ORIENTED_EDGE('',*,*,#935,.F.);
#723=ORIENTED_EDGE('',*,*,#1157,.F.);
#724=ORIENTED_EDGE('',*,*,#992,.F.);
#725=ORIENTED_EDGE('',*,*,#1095,.F.);
#726=ORIENTED_EDGE('',*,*,#1157,.T.);
#727=ORIENTED_EDGE('',*,*,#940,.F.);
#728=ORIENTED_EDGE('',*,*,#1158,.F.);
#729=ORIENTED_EDGE('',*,*,#1104,.F.);
#730=ORIENTED_EDGE('',*,*,#1158,.T.);
#731=ORIENTED_EDGE('',*,*,#1100,.F.);
#732=ORIENTED_EDGE('',*,*,#1105,.F.);
#733=ORIENTED_EDGE('',*,*,#1046,.F.);
#734=ORIENTED_EDGE('',*,*,#1119,.F.);
#735=ORIENTED_EDGE('',*,*,#1159,.F.);
#736=ORIENTED_EDGE('',*,*,#1017,.F.);
#737=ORIENTED_EDGE('',*,*,#1008,.F.);
#738=ORIENTED_EDGE('',*,*,#1116,.F.);
#739=ORIENTED_EDGE('',*,*,#959,.F.);
#740=ORIENTED_EDGE('',*,*,#956,.F.);
#741=ORIENTED_EDGE('',*,*,#1160,.F.);
#742=ORIENTED_EDGE('',*,*,#1118,.F.);
#743=ORIENTED_EDGE('',*,*,#1044,.F.);
#744=ORIENTED_EDGE('',*,*,#1117,.F.);
#745=ORIENTED_EDGE('',*,*,#1014,.F.);
#746=ORIENTED_EDGE('',*,*,#1161,.T.);
#747=ORIENTED_EDGE('',*,*,#1012,.F.);
#748=ORIENTED_EDGE('',*,*,#1159,.T.);
#749=ORIENTED_EDGE('',*,*,#1038,.F.);
#750=ORIENTED_EDGE('',*,*,#1162,.F.);
#751=ORIENTED_EDGE('',*,*,#955,.F.);
#752=ORIENTED_EDGE('',*,*,#1163,.T.);
#753=ORIENTED_EDGE('',*,*,#953,.F.);
#754=ORIENTED_EDGE('',*,*,#1164,.F.);
#755=ORIENTED_EDGE('',*,*,#1034,.F.);
#756=ORIENTED_EDGE('',*,*,#1160,.T.);
#757=ORIENTED_EDGE('',*,*,#1037,.F.);
#758=ORIENTED_EDGE('',*,*,#1165,.T.);
#759=ORIENTED_EDGE('',*,*,#1025,.F.);
#760=ORIENTED_EDGE('',*,*,#1162,.T.);
#761=ORIENTED_EDGE('',*,*,#949,.F.);
#762=ORIENTED_EDGE('',*,*,#1166,.T.);
#763=ORIENTED_EDGE('',*,*,#1035,.F.);
#764=ORIENTED_EDGE('',*,*,#1164,.T.);
#765=ORIENTED_EDGE('',*,*,#1036,.F.);
#766=ORIENTED_EDGE('',*,*,#1167,.T.);
#767=ORIENTED_EDGE('',*,*,#1029,.F.);
#768=ORIENTED_EDGE('',*,*,#1168,.T.);
#769=ORIENTED_EDGE('',*,*,#1129,.F.);
#770=ORIENTED_EDGE('',*,*,#1132,.F.);
#771=ORIENTED_EDGE('',*,*,#1169,.F.);
#772=ORIENTED_EDGE('',*,*,#1076,.F.);
#773=ORIENTED_EDGE('',*,*,#1130,.F.);
#774=ORIENTED_EDGE('',*,*,#1073,.F.);
#775=ORIENTED_EDGE('',*,*,#1169,.T.);
#776=ORIENTED_EDGE('',*,*,#1030,.F.);
#777=ORIENTED_EDGE('',*,*,#1170,.F.);
#778=ORIENTED_EDGE('',*,*,#1089,.F.);
#779=ORIENTED_EDGE('',*,*,#1171,.F.);
#780=ORIENTED_EDGE('',*,*,#948,.F.);
#781=ORIENTED_EDGE('',*,*,#1086,.F.);
#782=ORIENTED_EDGE('',*,*,#946,.F.);
#783=ORIENTED_EDGE('',*,*,#1131,.F.);
#784=ORIENTED_EDGE('',*,*,#1077,.F.);
#785=ORIENTED_EDGE('',*,*,#1083,.F.);
#786=ORIENTED_EDGE('',*,*,#1082,.F.);
#787=ORIENTED_EDGE('',*,*,#1171,.T.);
#788=ORIENTED_EDGE('',*,*,#1088,.F.);
#789=ORIENTED_EDGE('',*,*,#1170,.T.);
#790=ORIENTED_EDGE('',*,*,#1167,.F.);
#791=ORIENTED_EDGE('',*,*,#1166,.F.);
#792=ORIENTED_EDGE('',*,*,#1122,.F.);
#793=ORIENTED_EDGE('',*,*,#1081,.F.);
#794=ORIENTED_EDGE('',*,*,#1172,.F.);
#795=ORIENTED_EDGE('',*,*,#1133,.F.);
#796=ORIENTED_EDGE('',*,*,#1123,.F.);
#797=ORIENTED_EDGE('',*,*,#1075,.F.);
#798=ORIENTED_EDGE('',*,*,#1165,.F.);
#799=ORIENTED_EDGE('',*,*,#1168,.F.);
#800=ORIENTED_EDGE('',*,*,#1173,.F.);
#801=ORIENTED_EDGE('',*,*,#1090,.T.);
#802=ORIENTED_EDGE('',*,*,#1174,.F.);
#803=ORIENTED_EDGE('',*,*,#1087,.F.);
#804=ORIENTED_EDGE('',*,*,#1026,.F.);
#805=ORIENTED_EDGE('',*,*,#1174,.T.);
#806=ORIENTED_EDGE('',*,*,#1091,.T.);
#807=ORIENTED_EDGE('',*,*,#1173,.T.);
#808=ORIENTED_EDGE('',*,*,#1032,.F.);
#809=ORIENTED_EDGE('',*,*,#1172,.T.);
#810=ORIENTED_EDGE('',*,*,#1080,.F.);
#811=ORIENTED_EDGE('',*,*,#1121,.F.);
#812=ORIENTED_EDGE('',*,*,#1028,.F.);
#813=ORIENTED_EDGE('',*,*,#1084,.T.);
#814=ORIENTED_EDGE('',*,*,#1085,.F.);
#815=ORIENTED_EDGE('',*,*,#1175,.T.);
#816=ORIENTED_EDGE('',*,*,#1176,.T.);
#817=ORIENTED_EDGE('',*,*,#1177,.T.);
#818=ORIENTED_EDGE('',*,*,#1178,.T.);
#819=ORIENTED_EDGE('',*,*,#1179,.T.);
#820=ORIENTED_EDGE('',*,*,#1180,.T.);
#821=ORIENTED_EDGE('',*,*,#1181,.T.);
#822=ORIENTED_EDGE('',*,*,#1182,.T.);
#823=ORIENTED_EDGE('',*,*,#1183,.T.);
#824=ORIENTED_EDGE('',*,*,#1184,.T.);
#825=ORIENTED_EDGE('',*,*,#1185,.F.);
#826=ORIENTED_EDGE('',*,*,#954,.F.);
#827=ORIENTED_EDGE('',*,*,#1186,.F.);
#828=ORIENTED_EDGE('',*,*,#1181,.F.);
#829=ORIENTED_EDGE('',*,*,#1186,.T.);
#830=ORIENTED_EDGE('',*,*,#1163,.F.);
#831=ORIENTED_EDGE('',*,*,#1185,.T.);
#832=ORIENTED_EDGE('',*,*,#1182,.F.);
#833=ORIENTED_EDGE('',*,*,#1187,.F.);
#834=ORIENTED_EDGE('',*,*,#1184,.F.);
#835=ORIENTED_EDGE('',*,*,#1188,.F.);
#836=ORIENTED_EDGE('',*,*,#1013,.F.);
#837=ORIENTED_EDGE('',*,*,#1188,.T.);
#838=ORIENTED_EDGE('',*,*,#1183,.F.);
#839=ORIENTED_EDGE('',*,*,#1187,.T.);
#840=ORIENTED_EDGE('',*,*,#1161,.F.);
#841=ORIENTED_EDGE('',*,*,#1189,.F.);
#842=ORIENTED_EDGE('',*,*,#1126,.F.);
#843=ORIENTED_EDGE('',*,*,#1190,.F.);
#844=ORIENTED_EDGE('',*,*,#1178,.F.);
#845=ORIENTED_EDGE('',*,*,#1191,.F.);
#846=ORIENTED_EDGE('',*,*,#942,.F.);
#847=ORIENTED_EDGE('',*,*,#1189,.T.);
#848=ORIENTED_EDGE('',*,*,#1177,.F.);
#849=ORIENTED_EDGE('',*,*,#1190,.T.);
#850=ORIENTED_EDGE('',*,*,#944,.F.);
#851=ORIENTED_EDGE('',*,*,#943,.F.);
#852=ORIENTED_EDGE('',*,*,#1191,.T.);
#853=ORIENTED_EDGE('',*,*,#1175,.F.);
#854=ORIENTED_EDGE('',*,*,#1192,.F.);
#855=ORIENTED_EDGE('',*,*,#1120,.F.);
#856=ORIENTED_EDGE('',*,*,#1193,.F.);
#857=ORIENTED_EDGE('',*,*,#1179,.F.);
#858=ORIENTED_EDGE('',*,*,#1194,.F.);
#859=ORIENTED_EDGE('',*,*,#1019,.F.);
#860=ORIENTED_EDGE('',*,*,#1192,.T.);
#861=ORIENTED_EDGE('',*,*,#1180,.F.);
#862=ORIENTED_EDGE('',*,*,#1193,.T.);
#863=ORIENTED_EDGE('',*,*,#1021,.F.);
#864=ORIENTED_EDGE('',*,*,#1176,.F.);
#865=ORIENTED_EDGE('',*,*,#1020,.F.);
#866=ORIENTED_EDGE('',*,*,#1194,.T.);
#867=ORIENTED_EDGE('',*,*,#1102,.F.);
#868=ORIENTED_EDGE('',*,*,#1110,.F.);
#869=ORIENTED_EDGE('',*,*,#1195,.F.);
#870=ORIENTED_EDGE('',*,*,#1195,.T.);
#871=ORIENTED_EDGE('',*,*,#997,.F.);
#872=ORIENTED_EDGE('',*,*,#1196,.F.);
#873=ORIENTED_EDGE('',*,*,#1103,.F.);
#874=ORIENTED_EDGE('',*,*,#1196,.T.);
#875=ORIENTED_EDGE('',*,*,#996,.F.);
#876=ORIENTED_EDGE('',*,*,#1197,.F.);
#877=ORIENTED_EDGE('',*,*,#986,.F.);
#878=ORIENTED_EDGE('',*,*,#1198,.F.);
#879=ORIENTED_EDGE('',*,*,#1156,.F.);
#880=ORIENTED_EDGE('',*,*,#1199,.F.);
#881=ORIENTED_EDGE('',*,*,#1001,.F.);
#882=ORIENTED_EDGE('',*,*,#1060,.F.);
#883=ORIENTED_EDGE('',*,*,#1200,.F.);
#884=ORIENTED_EDGE('',*,*,#987,.F.);
#885=ORIENTED_EDGE('',*,*,#1197,.T.);
#886=ORIENTED_EDGE('',*,*,#1199,.T.);
#887=ORIENTED_EDGE('',*,*,#989,.F.);
#888=ORIENTED_EDGE('',*,*,#1201,.F.);
#889=ORIENTED_EDGE('',*,*,#1057,.F.);
#890=ORIENTED_EDGE('',*,*,#1198,.T.);
#891=ORIENTED_EDGE('',*,*,#1056,.F.);
#892=ORIENTED_EDGE('',*,*,#1202,.F.);
#893=ORIENTED_EDGE('',*,*,#936,.F.);
#894=ORIENTED_EDGE('',*,*,#988,.T.);
#895=ORIENTED_EDGE('',*,*,#1200,.T.);
#896=ORIENTED_EDGE('',*,*,#1203,.F.);
#897=ORIENTED_EDGE('',*,*,#1201,.T.);
#898=ORIENTED_EDGE('',*,*,#1155,.F.);
#899=ORIENTED_EDGE('',*,*,#1202,.T.);
#900=ORIENTED_EDGE('',*,*,#1204,.F.);
#901=ORIENTED_EDGE('',*,*,#1203,.T.);
#902=ORIENTED_EDGE('',*,*,#1059,.F.);
#903=ORIENTED_EDGE('',*,*,#1205,.F.);
#904=ORIENTED_EDGE('',*,*,#1058,.F.);
#905=ORIENTED_EDGE('',*,*,#1204,.T.);
#906=ORIENTED_EDGE('',*,*,#1055,.F.);
#907=ORIENTED_EDGE('',*,*,#1206,.F.);
#908=ORIENTED_EDGE('',*,*,#982,.F.);
#909=ORIENTED_EDGE('',*,*,#1206,.T.);
#910=ORIENTED_EDGE('',*,*,#1205,.T.);
#911=ORIENTED_EDGE('',*,*,#1207,.F.);
#912=ORIENTED_EDGE('',*,*,#983,.T.);
#913=ORIENTED_EDGE('',*,*,#1062,.F.);
#914=ORIENTED_EDGE('',*,*,#972,.F.);
#915=ORIENTED_EDGE('',*,*,#1208,.F.);
#916=ORIENTED_EDGE('',*,*,#974,.F.);
#917=ORIENTED_EDGE('',*,*,#1207,.T.);
#918=ORIENTED_EDGE('',*,*,#1208,.T.);
#919=ORIENTED_EDGE('',*,*,#971,.F.);
#920=ORIENTED_EDGE('',*,*,#1209,.F.);
#921=ORIENTED_EDGE('',*,*,#975,.F.);
#922=ORIENTED_EDGE('',*,*,#1209,.T.);
#923=ORIENTED_EDGE('',*,*,#970,.F.);
#924=ORIENTED_EDGE('',*,*,#1210,.F.);
#925=ORIENTED_EDGE('',*,*,#1106,.F.);
#926=ORIENTED_EDGE('',*,*,#1112,.F.);
#927=ORIENTED_EDGE('',*,*,#1107,.F.);
#928=ORIENTED_EDGE('',*,*,#1210,.T.);
#929=EDGE_CURVE('',#1211,#1212,#1382,.T.);
#930=EDGE_CURVE('',#1211,#1213,#195,.T.);
#931=EDGE_CURVE('',#1213,#1212,#117,.F.);
#932=EDGE_CURVE('',#1214,#1215,#118,.F.);
#933=EDGE_CURVE('',#1215,#1216,#196,.T.);
#934=EDGE_CURVE('',#1214,#1216,#1383,.T.);
#935=EDGE_CURVE('',#1217,#1218,#197,.T.);
#936=EDGE_CURVE('',#1218,#1219,#119,.T.);
#937=EDGE_CURVE('',#1219,#1220,#198,.T.);
#938=EDGE_CURVE('',#1220,#1221,#199,.T.);
#939=EDGE_CURVE('',#1221,#1222,#120,.F.);
#940=EDGE_CURVE('',#1222,#1217,#200,.T.);
#941=EDGE_CURVE('',#1223,#1224,#201,.T.);
#942=EDGE_CURVE('',#1224,#1225,#1384,.F.);
#943=EDGE_CURVE('',#1225,#1226,#1385,.F.);
#944=EDGE_CURVE('',#1226,#1227,#1386,.F.);
#945=EDGE_CURVE('',#1227,#1228,#202,.T.);
#946=EDGE_CURVE('',#1228,#1229,#203,.T.);
#947=EDGE_CURVE('',#1230,#1229,#1387,.T.);
#948=EDGE_CURVE('',#1230,#1231,#204,.T.);
#949=EDGE_CURVE('',#1231,#1232,#205,.T.);
#950=EDGE_CURVE('',#1232,#1233,#121,.T.);
#951=EDGE_CURVE('',#1233,#1234,#122,.F.);
#952=EDGE_CURVE('',#1234,#1223,#123,.T.);
#953=EDGE_CURVE('',#1232,#1235,#206,.T.);
#954=EDGE_CURVE('',#1235,#1236,#207,.T.);
#955=EDGE_CURVE('',#1236,#1237,#208,.T.);
#956=EDGE_CURVE('',#1237,#1238,#209,.T.);
#957=EDGE_CURVE('',#1238,#1239,#124,.T.);
#958=EDGE_CURVE('',#1239,#1233,#210,.T.);
#959=EDGE_CURVE('',#1238,#1240,#211,.T.);
#960=EDGE_CURVE('',#1240,#1241,#212,.T.);
#961=EDGE_CURVE('',#1241,#1242,#125,.T.);
#962=EDGE_CURVE('',#1243,#1242,#213,.T.);
#963=EDGE_CURVE('',#1243,#1239,#214,.T.);
#964=EDGE_CURVE('',#1241,#1244,#215,.T.);
#965=EDGE_CURVE('',#1244,#1245,#216,.T.);
#966=EDGE_CURVE('',#1245,#1246,#126,.T.);
#967=EDGE_CURVE('',#1247,#1246,#127,.T.);
#968=EDGE_CURVE('',#1242,#1247,#96,.T.);
#969=EDGE_CURVE('',#1245,#1248,#217,.T.);
#970=EDGE_CURVE('',#1248,#1249,#218,.T.);
#971=EDGE_CURVE('',#1249,#1250,#128,.T.);
#972=EDGE_CURVE('',#1250,#1251,#219,.T.);
#973=EDGE_CURVE('',#1246,#1251,#220,.T.);
#974=EDGE_CURVE('',#1252,#1253,#221,.T.);
#975=EDGE_CURVE('',#1253,#1254,#129,.F.);
#976=EDGE_CURVE('',#1254,#1255,#222,.T.);
#977=EDGE_CURVE('',#1256,#1255,#223,.T.);
#978=EDGE_CURVE('',#1256,#1257,#224,.T.);
#979=EDGE_CURVE('',#1257,#1258,#225,.T.);
#980=EDGE_CURVE('',#1259,#1258,#226,.T.);
#981=EDGE_CURVE('',#1259,#1260,#227,.T.);
#982=EDGE_CURVE('',#1260,#1261,#228,.T.);
#983=EDGE_CURVE('',#1252,#1261,#229,.T.);
#984=EDGE_CURVE('',#1262,#1262,#230,.T.);
#985=EDGE_CURVE('',#1263,#1264,#231,.T.);
#986=EDGE_CURVE('',#1264,#1265,#130,.T.);
#987=EDGE_CURVE('',#1265,#1266,#232,.T.);
#988=EDGE_CURVE('',#1267,#1266,#233,.T.);
#989=EDGE_CURVE('',#1267,#1268,#234,.T.);
#990=EDGE_CURVE('',#1268,#1269,#235,.T.);
#991=EDGE_CURVE('',#1269,#1270,#236,.T.);
#992=EDGE_CURVE('',#1270,#1271,#237,.T.);
#993=EDGE_CURVE('',#1271,#1272,#238,.T.);
#994=EDGE_CURVE('',#1272,#1263,#239,.T.);
#995=EDGE_CURVE('',#1273,#1273,#240,.T.);
#996=EDGE_CURVE('',#1274,#1275,#131,.F.);
#997=EDGE_CURVE('',#1275,#1276,#241,.T.);
#998=EDGE_CURVE('',#1276,#1277,#242,.T.);
#999=EDGE_CURVE('',#1277,#1278,#132,.T.);
#1000=EDGE_CURVE('',#1278,#1279,#243,.T.);
#1001=EDGE_CURVE('',#1279,#1274,#244,.T.);
#1002=EDGE_CURVE('',#1277,#1280,#245,.T.);
#1003=EDGE_CURVE('',#1280,#1281,#246,.T.);
#1004=EDGE_CURVE('',#1281,#1282,#133,.T.);
#1005=EDGE_CURVE('',#1282,#1283,#97,.T.);
#1006=EDGE_CURVE('',#1283,#1278,#134,.T.);
#1007=EDGE_CURVE('',#1281,#1284,#247,.T.);
#1008=EDGE_CURVE('',#1284,#1285,#248,.T.);
#1009=EDGE_CURVE('',#1285,#1286,#135,.T.);
#1010=EDGE_CURVE('',#1286,#1287,#249,.T.);
#1011=EDGE_CURVE('',#1287,#1282,#250,.T.);
#1012=EDGE_CURVE('',#1288,#1289,#251,.T.);
#1013=EDGE_CURVE('',#1289,#1290,#252,.T.);
#1014=EDGE_CURVE('',#1290,#1291,#253,.T.);
#1015=EDGE_CURVE('',#1291,#1292,#136,.T.);
#1016=EDGE_CURVE('',#1292,#1286,#254,.T.);
#1017=EDGE_CURVE('',#1285,#1288,#255,.T.);
#1018=EDGE_CURVE('',#1293,#1294,#256,.T.);
#1019=EDGE_CURVE('',#1294,#1295,#1388,.T.);
#1020=EDGE_CURVE('',#1295,#1296,#1389,.T.);
#1021=EDGE_CURVE('',#1296,#1297,#1390,.T.);
#1022=EDGE_CURVE('',#1297,#1298,#257,.T.);
#1023=EDGE_CURVE('',#1298,#1299,#137,.T.);
#1024=EDGE_CURVE('',#1299,#1292,#138,.T.);
#1025=EDGE_CURVE('',#1291,#1300,#258,.T.);
#1026=EDGE_CURVE('',#1300,#1301,#259,.T.);
#1027=EDGE_CURVE('',#1301,#1302,#1391,.T.);
#1028=EDGE_CURVE('',#1302,#1293,#260,.T.);
#1029=EDGE_CURVE('',#1303,#1304,#139,.T.);
#1030=EDGE_CURVE('',#1304,#1305,#261,.T.);
#1031=EDGE_CURVE('',#1305,#1306,#140,.F.);
#1032=EDGE_CURVE('',#1306,#1303,#262,.T.);
#1033=EDGE_CURVE('',#1307,#1308,#141,.T.);
#1034=EDGE_CURVE('',#1308,#1309,#263,.T.);
#1035=EDGE_CURVE('',#1309,#1310,#264,.T.);
#1036=EDGE_CURVE('',#1310,#1311,#142,.F.);
#1037=EDGE_CURVE('',#1311,#1312,#265,.T.);
#1038=EDGE_CURVE('',#1312,#1307,#266,.T.);
#1039=EDGE_CURVE('',#1313,#1314,#267,.T.);
#1040=EDGE_CURVE('',#1314,#1315,#143,.F.);
#1041=EDGE_CURVE('',#1315,#1316,#268,.T.);
#1042=EDGE_CURVE('',#1316,#1313,#144,.T.);
#1043=EDGE_CURVE('',#1317,#1318,#269,.T.);
#1044=EDGE_CURVE('',#1318,#1319,#270,.T.);
#1045=EDGE_CURVE('',#1319,#1320,#145,.F.);
#1046=EDGE_CURVE('',#1320,#1321,#271,.F.);
#1047=EDGE_CURVE('',#1321,#1322,#272,.T.);
#1048=EDGE_CURVE('',#1322,#1323,#273,.T.);
#1049=EDGE_CURVE('',#1323,#1324,#274,.T.);
#1050=EDGE_CURVE('',#1324,#1325,#275,.T.);
#1051=EDGE_CURVE('',#1325,#1326,#146,.T.);
#1052=EDGE_CURVE('',#1326,#1327,#276,.T.);
#1053=EDGE_CURVE('',#1327,#1328,#277,.T.);
#1054=EDGE_CURVE('',#1328,#1317,#278,.T.);
#1055=EDGE_CURVE('',#1329,#1330,#279,.T.);
#1056=EDGE_CURVE('',#1330,#1331,#147,.F.);
#1057=EDGE_CURVE('',#1331,#1332,#280,.T.);
#1058=EDGE_CURVE('',#1332,#1329,#148,.T.);
#1059=EDGE_CURVE('',#1333,#1334,#149,.T.);
#1060=EDGE_CURVE('',#1334,#1279,#281,.T.);
#1061=EDGE_CURVE('',#1283,#1247,#150,.T.);
#1062=EDGE_CURVE('',#1251,#1333,#282,.T.);
#1063=EDGE_CURVE('',#1287,#1335,#283,.T.);
#1064=EDGE_CURVE('',#1335,#1336,#151,.T.);
#1065=EDGE_CURVE('',#1336,#1243,#284,.T.);
#1066=EDGE_CURVE('',#1337,#1338,#152,.F.);
#1067=EDGE_CURVE('',#1338,#1339,#153,.T.);
#1068=EDGE_CURVE('',#1339,#1340,#154,.T.);
#1069=EDGE_CURVE('',#1337,#1340,#155,.T.);
#1070=EDGE_CURVE('',#1335,#1337,#285,.T.);
#1071=EDGE_CURVE('',#1340,#1336,#286,.T.);
#1072=EDGE_CURVE('',#1341,#1342,#287,.T.);
#1073=EDGE_CURVE('',#1342,#1341,#288,.F.);
#1074=EDGE_CURVE('',#1343,#1344,#289,.T.);
#1075=EDGE_CURVE('',#1343,#1344,#290,.T.);
#1076=EDGE_CURVE('',#1345,#1346,#291,.F.);
#1077=EDGE_CURVE('',#1346,#1347,#292,.F.);
#1078=EDGE_CURVE('',#1347,#1345,#293,.T.);
#1079=EDGE_CURVE('',#1348,#1349,#294,.T.);
#1080=EDGE_CURVE('',#1348,#1350,#295,.T.);
#1081=EDGE_CURVE('',#1350,#1349,#296,.T.);
#1082=EDGE_CURVE('',#1351,#1352,#297,.T.);
#1083=EDGE_CURVE('',#1352,#1351,#298,.T.);
#1084=EDGE_CURVE('',#1353,#1354,#299,.T.);
#1085=EDGE_CURVE('',#1353,#1354,#300,.T.);
#1086=EDGE_CURVE('',#1229,#1230,#301,.T.);
#1087=EDGE_CURVE('',#1301,#1302,#302,.T.);
#1088=EDGE_CURVE('',#1355,#1356,#303,.T.);
#1089=EDGE_CURVE('',#1356,#1355,#304,.F.);
#1090=EDGE_CURVE('',#1357,#1358,#305,.T.);
#1091=EDGE_CURVE('',#1358,#1357,#306,.F.);
#1092=EDGE_CURVE('',#1255,#1256,#307,.T.);
#1093=EDGE_CURVE('',#1272,#1263,#308,.T.);
#1094=EDGE_CURVE('',#1258,#1259,#309,.T.);
#1095=EDGE_CURVE('',#1269,#1270,#310,.T.);
#1096=EDGE_CURVE('',#1299,#1338,#1392,.T.);
#1097=EDGE_CURVE('',#1292,#1337,#1393,.T.);
#1098=EDGE_CURVE('',#1339,#1234,#1394,.T.);
#1099=EDGE_CURVE('',#1340,#1233,#1395,.T.);
#1100=EDGE_CURVE('',#1325,#1222,#311,.F.);
#1101=EDGE_CURVE('',#1221,#1326,#312,.T.);
#1102=EDGE_CURVE('',#1324,#1359,#313,.F.);
#1103=EDGE_CURVE('',#1359,#1264,#314,.T.);
#1104=EDGE_CURVE('',#1271,#1360,#315,.T.);
#1105=EDGE_CURVE('',#1360,#1325,#316,.T.);
#1106=EDGE_CURVE('',#1254,#1361,#317,.T.);
#1107=EDGE_CURVE('',#1361,#1327,#318,.T.);
#1108=EDGE_CURVE('',#1326,#1362,#319,.F.);
#1109=EDGE_CURVE('',#1362,#1257,#320,.T.);
#1110=EDGE_CURVE('',#1276,#1324,#321,.T.);
#1111=EDGE_CURVE('',#1277,#1323,#1396,.T.);
#1112=EDGE_CURVE('',#1327,#1248,#322,.F.);
#1113=EDGE_CURVE('',#1328,#1245,#1397,.T.);
#1114=EDGE_CURVE('',#1280,#1322,#323,.T.);
#1115=EDGE_CURVE('',#1317,#1244,#324,.F.);
#1116=EDGE_CURVE('',#1321,#1284,#325,.T.);
#1117=EDGE_CURVE('',#1240,#1318,#326,.T.);
#1118=EDGE_CURVE('',#1319,#1308,#327,.T.);
#1119=EDGE_CURVE('',#1307,#1320,#328,.T.);
#1120=EDGE_CURVE('',#1297,#1294,#329,.T.);
#1121=EDGE_CURVE('',#1293,#1348,#330,.T.);
#1122=EDGE_CURVE('',#1349,#1343,#331,.T.);
#1123=EDGE_CURVE('',#1344,#1363,#332,.T.);
#1124=EDGE_CURVE('',#1316,#1363,#333,.F.);
#1125=EDGE_CURVE('',#1315,#1298,#334,.T.);
#1126=EDGE_CURVE('',#1227,#1224,#335,.T.);
#1127=EDGE_CURVE('',#1223,#1314,#336,.T.);
#1128=EDGE_CURVE('',#1364,#1313,#337,.T.);
#1129=EDGE_CURVE('',#1364,#1342,#338,.F.);
#1130=EDGE_CURVE('',#1341,#1345,#339,.F.);
#1131=EDGE_CURVE('',#1347,#1228,#340,.T.);
#1132=EDGE_CURVE('',#1305,#1364,#1398,.F.);
#1133=EDGE_CURVE('',#1363,#1306,#1399,.T.);
#1134=EDGE_CURVE('',#1365,#1365,#1400,.T.);
#1135=EDGE_CURVE('',#1216,#1366,#341,.T.);
#1136=EDGE_CURVE('',#1366,#1367,#342,.T.);
#1137=EDGE_CURVE('',#1367,#1211,#343,.T.);
#1138=EDGE_CURVE('',#1212,#1214,#344,.T.);
#1139=EDGE_CURVE('',#1223,#1368,#1401,.T.);
#1140=EDGE_CURVE('',#1368,#1234,#98,.F.);
#1141=EDGE_CURVE('',#1213,#1368,#345,.F.);
#1142=EDGE_CURVE('',#1314,#1367,#1402,.T.);
#1143=EDGE_CURVE('',#1368,#1369,#1403,.F.);
#1144=EDGE_CURVE('',#1369,#1339,#99,.F.);
#1145=EDGE_CURVE('',#1213,#1369,#346,.F.);
#1146=EDGE_CURVE('',#1315,#1366,#1404,.T.);
#1147=EDGE_CURVE('',#1299,#1370,#100,.T.);
#1148=EDGE_CURVE('',#1370,#1298,#1405,.T.);
#1149=EDGE_CURVE('',#1371,#1338,#101,.F.);
#1150=EDGE_CURVE('',#1215,#1371,#347,.F.);
#1151=EDGE_CURVE('',#1370,#1215,#348,.T.);
#1152=EDGE_CURVE('',#1371,#1370,#1406,.F.);
#1153=EDGE_CURVE('',#1362,#1221,#1407,.T.);
#1154=EDGE_CURVE('',#1257,#1220,#1408,.T.);
#1155=EDGE_CURVE('',#1219,#1260,#1409,.F.);
#1156=EDGE_CURVE('',#1268,#1218,#1410,.F.);
#1157=EDGE_CURVE('',#1271,#1217,#1411,.T.);
#1158=EDGE_CURVE('',#1360,#1222,#1412,.T.);
#1159=EDGE_CURVE('',#1288,#1307,#1413,.T.);
#1160=EDGE_CURVE('',#1308,#1237,#1414,.T.);
#1161=EDGE_CURVE('',#1290,#1289,#349,.T.);
#1162=EDGE_CURVE('',#1291,#1312,#1415,.T.);
#1163=EDGE_CURVE('',#1236,#1235,#350,.T.);
#1164=EDGE_CURVE('',#1309,#1232,#1416,.T.);
#1165=EDGE_CURVE('',#1311,#1300,#1417,.F.);
#1166=EDGE_CURVE('',#1231,#1310,#1418,.F.);
#1167=EDGE_CURVE('',#1310,#1304,#1419,.F.);
#1168=EDGE_CURVE('',#1303,#1311,#1420,.T.);
#1169=EDGE_CURVE('',#1346,#1305,#1421,.T.);
#1170=EDGE_CURVE('',#1355,#1304,#1422,.T.);
#1171=EDGE_CURVE('',#1231,#1356,#1423,.T.);
#1172=EDGE_CURVE('',#1306,#1350,#1424,.T.);
#1173=EDGE_CURVE('',#1357,#1303,#1425,.T.);
#1174=EDGE_CURVE('',#1300,#1358,#1426,.T.);
#1175=EDGE_CURVE('',#1372,#1372,#1427,.T.);
#1176=EDGE_CURVE('',#1373,#1373,#1428,.F.);
#1177=EDGE_CURVE('',#1374,#1375,#1429,.T.);
#1178=EDGE_CURVE('',#1375,#1374,#351,.T.);
#1179=EDGE_CURVE('',#1376,#1377,#352,.T.);
#1180=EDGE_CURVE('',#1377,#1376,#1430,.F.);
#1181=EDGE_CURVE('',#1378,#1379,#353,.T.);
#1182=EDGE_CURVE('',#1379,#1378,#354,.T.);
#1183=EDGE_CURVE('',#1380,#1381,#355,.T.);
#1184=EDGE_CURVE('',#1381,#1380,#356,.T.);
#1185=EDGE_CURVE('',#1236,#1378,#1431,.T.);
#1186=EDGE_CURVE('',#1379,#1235,#1432,.T.);
#1187=EDGE_CURVE('',#1380,#1289,#1433,.T.);
#1188=EDGE_CURVE('',#1290,#1381,#1434,.T.);
#1189=EDGE_CURVE('',#1224,#1375,#1435,.T.);
#1190=EDGE_CURVE('',#1374,#1227,#1436,.T.);
#1191=EDGE_CURVE('',#1225,#1226,#357,.T.);
#1192=EDGE_CURVE('',#1294,#1376,#1437,.T.);
#1193=EDGE_CURVE('',#1377,#1297,#1438,.T.);
#1194=EDGE_CURVE('',#1295,#1296,#358,.T.);
#1195=EDGE_CURVE('',#1359,#1276,#1439,.T.);
#1196=EDGE_CURVE('',#1264,#1275,#1440,.T.);
#1197=EDGE_CURVE('',#1265,#1274,#359,.F.);
#1198=EDGE_CURVE('',#1218,#1331,#360,.T.);
#1199=EDGE_CURVE('',#1331,#1268,#1441,.T.);
#1200=EDGE_CURVE('',#1266,#1334,#1442,.T.);
#1201=EDGE_CURVE('',#1332,#1267,#1443,.T.);
#1202=EDGE_CURVE('',#1219,#1330,#361,.F.);
#1203=EDGE_CURVE('',#1332,#1334,#362,.F.);
#1204=EDGE_CURVE('',#1260,#1330,#1444,.T.);
#1205=EDGE_CURVE('',#1329,#1333,#363,.T.);
#1206=EDGE_CURVE('',#1261,#1329,#1445,.T.);
#1207=EDGE_CURVE('',#1252,#1333,#1446,.F.);
#1208=EDGE_CURVE('',#1253,#1250,#364,.F.);
#1209=EDGE_CURVE('',#1254,#1249,#1447,.T.);
#1210=EDGE_CURVE('',#1361,#1248,#1448,.T.);
#1211=VERTEX_POINT('',#2236);
#1212=VERTEX_POINT('',#2237);
#1213=VERTEX_POINT('',#2243);
#1214=VERTEX_POINT('',#2247);
#1215=VERTEX_POINT('',#2248);
#1216=VERTEX_POINT('',#2254);
#1217=VERTEX_POINT('',#2264);
#1218=VERTEX_POINT('',#2265);
#1219=VERTEX_POINT('',#2267);
#1220=VERTEX_POINT('',#2275);
#1221=VERTEX_POINT('',#2282);
#1222=VERTEX_POINT('',#2284);
#1223=VERTEX_POINT('',#2299);
#1224=VERTEX_POINT('',#2300);
#1225=VERTEX_POINT('',#2302);
#1226=VERTEX_POINT('',#2304);
#1227=VERTEX_POINT('',#2306);
#1228=VERTEX_POINT('',#2311);
#1229=VERTEX_POINT('',#2316);
#1230=VERTEX_POINT('',#2318);
#1231=VERTEX_POINT('',#2323);
#1232=VERTEX_POINT('',#2328);
#1233=VERTEX_POINT('',#2330);
#1234=VERTEX_POINT('',#2332);
#1235=VERTEX_POINT('',#2346);
#1236=VERTEX_POINT('',#2363);
#1237=VERTEX_POINT('',#2368);
#1238=VERTEX_POINT('',#2373);
#1239=VERTEX_POINT('',#2375);
#1240=VERTEX_POINT('',#2398);
#1241=VERTEX_POINT('',#2405);
#1242=VERTEX_POINT('',#2407);
#1243=VERTEX_POINT('',#2417);
#1244=VERTEX_POINT('',#2432);
#1245=VERTEX_POINT('',#2439);
#1246=VERTEX_POINT('',#2441);
#1247=VERTEX_POINT('',#2443);
#1248=VERTEX_POINT('',#2462);
#1249=VERTEX_POINT('',#2467);
#1250=VERTEX_POINT('',#2469);
#1251=VERTEX_POINT('',#2474);
#1252=VERTEX_POINT('',#2495);
#1253=VERTEX_POINT('',#2496);
#1254=VERTEX_POINT('',#2498);
#1255=VERTEX_POINT('',#2504);
#1256=VERTEX_POINT('',#2516);
#1257=VERTEX_POINT('',#2521);
#1258=VERTEX_POINT('',#2526);
#1259=VERTEX_POINT('',#2538);
#1260=VERTEX_POINT('',#2544);
#1261=VERTEX_POINT('',#2555);
#1262=VERTEX_POINT('',#2571);
#1263=VERTEX_POINT('',#2585);
#1264=VERTEX_POINT('',#2586);
#1265=VERTEX_POINT('',#2588);
#1266=VERTEX_POINT('',#2593);
#1267=VERTEX_POINT('',#2598);
#1268=VERTEX_POINT('',#2609);
#1269=VERTEX_POINT('',#2615);
#1270=VERTEX_POINT('',#2627);
#1271=VERTEX_POINT('',#2632);
#1272=VERTEX_POINT('',#2637);
#1273=VERTEX_POINT('',#2660);
#1274=VERTEX_POINT('',#2670);
#1275=VERTEX_POINT('',#2671);
#1276=VERTEX_POINT('',#2676);
#1277=VERTEX_POINT('',#2686);
#1278=VERTEX_POINT('',#2688);
#1279=VERTEX_POINT('',#2697);
#1280=VERTEX_POINT('',#2709);
#1281=VERTEX_POINT('',#2714);
#1282=VERTEX_POINT('',#2716);
#1283=VERTEX_POINT('',#2718);
#1284=VERTEX_POINT('',#2734);
#1285=VERTEX_POINT('',#2742);
#1286=VERTEX_POINT('',#2744);
#1287=VERTEX_POINT('',#2754);
#1288=VERTEX_POINT('',#2776);
#1289=VERTEX_POINT('',#2777);
#1290=VERTEX_POINT('',#2792);
#1291=VERTEX_POINT('',#2798);
#1292=VERTEX_POINT('',#2800);
#1293=VERTEX_POINT('',#2819);
#1294=VERTEX_POINT('',#2820);
#1295=VERTEX_POINT('',#2822);
#1296=VERTEX_POINT('',#2824);
#1297=VERTEX_POINT('',#2826);
#1298=VERTEX_POINT('',#2834);
#1299=VERTEX_POINT('',#2836);
#1300=VERTEX_POINT('',#2842);
#1301=VERTEX_POINT('',#2847);
#1302=VERTEX_POINT('',#2849);
#1303=VERTEX_POINT('',#2863);
#1304=VERTEX_POINT('',#2864);
#1305=VERTEX_POINT('',#2869);
#1306=VERTEX_POINT('',#2871);
#1307=VERTEX_POINT('',#2885);
#1308=VERTEX_POINT('',#2886);
#1309=VERTEX_POINT('',#2893);
#1310=VERTEX_POINT('',#2898);
#1311=VERTEX_POINT('',#2900);
#1312=VERTEX_POINT('',#2905);
#1313=VERTEX_POINT('',#2926);
#1314=VERTEX_POINT('',#2927);
#1315=VERTEX_POINT('',#2929);
#1316=VERTEX_POINT('',#2936);
#1317=VERTEX_POINT('',#2952);
#1318=VERTEX_POINT('',#2953);
#1319=VERTEX_POINT('',#2960);
#1320=VERTEX_POINT('',#2962);
#1321=VERTEX_POINT('',#2969);
#1322=VERTEX_POINT('',#2977);
#1323=VERTEX_POINT('',#2984);
#1324=VERTEX_POINT('',#2993);
#1325=VERTEX_POINT('',#2998);
#1326=VERTEX_POINT('',#3000);
#1327=VERTEX_POINT('',#3005);
#1328=VERTEX_POINT('',#3014);
#1329=VERTEX_POINT('',#3039);
#1330=VERTEX_POINT('',#3040);
#1331=VERTEX_POINT('',#3042);
#1332=VERTEX_POINT('',#3053);
#1333=VERTEX_POINT('',#3057);
#1334=VERTEX_POINT('',#3058);
#1335=VERTEX_POINT('',#3098);
#1336=VERTEX_POINT('',#3100);
#1337=VERTEX_POINT('',#3111);
#1338=VERTEX_POINT('',#3112);
#1339=VERTEX_POINT('',#3114);
#1340=VERTEX_POINT('',#3116);
#1341=VERTEX_POINT('',#3163);
#1342=VERTEX_POINT('',#3164);
#1343=VERTEX_POINT('',#3185);
#1344=VERTEX_POINT('',#3186);
#1345=VERTEX_POINT('',#3201);
#1346=VERTEX_POINT('',#3202);
#1347=VERTEX_POINT('',#3210);
#1348=VERTEX_POINT('',#3225);
#1349=VERTEX_POINT('',#3226);
#1350=VERTEX_POINT('',#3234);
#1351=VERTEX_POINT('',#3247);
#1352=VERTEX_POINT('',#3248);
#1353=VERTEX_POINT('',#3266);
#1354=VERTEX_POINT('',#3267);
#1355=VERTEX_POINT('',#3309);
#1356=VERTEX_POINT('',#3310);
#1357=VERTEX_POINT('',#3326);
#1358=VERTEX_POINT('',#3327);
#1359=VERTEX_POINT('',#3518);
#1360=VERTEX_POINT('',#3528);
#1361=VERTEX_POINT('',#3558);
#1362=VERTEX_POINT('',#3568);
#1363=VERTEX_POINT('',#3839);
#1364=VERTEX_POINT('',#3905);
#1365=VERTEX_POINT('',#3924);
#1366=VERTEX_POINT('',#3929);
#1367=VERTEX_POINT('',#3935);
#1368=VERTEX_POINT('',#3954);
#1369=VERTEX_POINT('',#4019);
#1370=VERTEX_POINT('',#4041);
#1371=VERTEX_POINT('',#4045);
#1372=VERTEX_POINT('',#4497);
#1373=VERTEX_POINT('',#4499);
#1374=VERTEX_POINT('',#4502);
#1375=VERTEX_POINT('',#4503);
#1376=VERTEX_POINT('',#4514);
#1377=VERTEX_POINT('',#4515);
#1378=VERTEX_POINT('',#4531);
#1379=VERTEX_POINT('',#4532);
#1380=VERTEX_POINT('',#4541);
#1381=VERTEX_POINT('',#4542);
#1382=CIRCLE('',#1836,0.00803984117586372);
#1383=CIRCLE('',#1838,0.00803984117586372);
#1384=CIRCLE('',#1841,0.00411795018603124);
#1385=CIRCLE('',#1842,0.00519372805297649);
#1386=CIRCLE('',#1843,0.00411795018603124);
#1387=CIRCLE('',#1844,0.001651);
#1388=CIRCLE('',#1850,0.00411795018603124);
#1389=CIRCLE('',#1851,0.00519372805297649);
#1390=CIRCLE('',#1852,0.00411795018603124);
#1391=CIRCLE('',#1853,0.001651);
#1392=CIRCLE('',#1865,0.0036792614690566);
#1393=CIRCLE('',#1866,0.0036792614690566);
#1394=CIRCLE('',#1868,0.0036792614690566);
#1395=CIRCLE('',#1869,0.0036792614690566);
#1396=CIRCLE('',#1871,0.00381);
#1397=CIRCLE('',#1872,0.00381);
#1398=CIRCLE('',#1875,0.01524);
#1399=CIRCLE('',#1876,0.01524);
#1400=CIRCLE('',#1878,0.00803984117586372);
#1401=CIRCLE('',#1881,0.00762);
#1402=CIRCLE('',#1883,0.00762);
#1403=CIRCLE('',#1884,0.0036792614690566);
#1404=CIRCLE('',#1887,0.00762);
#1405=CIRCLE('',#1890,0.00762);
#1406=CIRCLE('',#1893,0.0036792614690566);
#1407=CIRCLE('',#1894,0.00254);
#1408=CIRCLE('',#1895,0.00254);
#1409=CIRCLE('',#1896,0.00254);
#1410=CIRCLE('',#1897,0.00254);
#1411=CIRCLE('',#1898,0.00254);
#1412=CIRCLE('',#1899,0.00254);
#1413=CIRCLE('',#1900,0.008128);
#1414=CIRCLE('',#1901,0.008128);
#1415=CIRCLE('',#1902,0.008128);
#1416=CIRCLE('',#1903,0.008128);
#1417=CIRCLE('',#1904,0.008128);
#1418=CIRCLE('',#1905,0.008128);
#1419=CIRCLE('',#1907,0.008128);
#1420=CIRCLE('',#1908,0.008128);
#1421=CIRCLE('',#1910,0.008128);
#1422=CIRCLE('',#1911,0.008128);
#1423=CIRCLE('',#1912,0.008128);
#1424=CIRCLE('',#1915,0.008128);
#1425=CIRCLE('',#1917,0.008128);
#1426=CIRCLE('',#1918,0.008128);
#1427=CIRCLE('',#1920,0.00265372805297649);
#1428=CIRCLE('',#1921,0.00265372805297649);
#1429=CIRCLE('',#1923,0.00157795018603124);
#1430=CIRCLE('',#1924,0.00157795018603124);
#1431=CIRCLE('',#1926,0.00254);
#1432=CIRCLE('',#1927,0.00254);
#1433=CIRCLE('',#1928,0.00254);
#1434=CIRCLE('',#1929,0.00254);
#1435=CIRCLE('',#1930,0.00254);
#1436=CIRCLE('',#1931,0.00254);
#1437=CIRCLE('',#1934,0.00254);
#1438=CIRCLE('',#1935,0.00254);
#1439=CIRCLE('',#1938,0.00254);
#1440=CIRCLE('',#1939,0.00254);
#1441=CIRCLE('',#1942,0.00254);
#1442=CIRCLE('',#1943,0.00254);
#1443=CIRCLE('',#1944,0.00254);
#1444=CIRCLE('',#1947,0.00254);
#1445=CIRCLE('',#1949,0.00254);
#1446=CIRCLE('',#1950,0.00254);
#1447=CIRCLE('',#1952,0.00254);
#1448=CIRCLE('',#1953,0.00254);
#1449=EDGE_LOOP('',(#365,#366,#367));
#1450=EDGE_LOOP('',(#368,#369,#370));
#1451=EDGE_LOOP('',(#371,#372,#373,#374,#375,#376));
#1452=EDGE_LOOP('',(#377,#378,#379,#380,#381,#382,#383,#384,#385,#386,#387,
#388));
#1453=EDGE_LOOP('',(#389,#390,#391,#392,#393,#394,#395));
#1454=EDGE_LOOP('',(#396,#397,#398,#399,#400,#401));
#1455=EDGE_LOOP('',(#402,#403,#404,#405,#406,#407));
#1456=EDGE_LOOP('',(#408,#409,#410,#411,#412,#413));
#1457=EDGE_LOOP('',(#414,#415,#416,#417,#418,#419,#420,#421,#422,#423));
#1458=EDGE_LOOP('',(#424));
#1459=EDGE_LOOP('',(#425,#426,#427,#428,#429,#430,#431,#432,#433,#434));
#1460=EDGE_LOOP('',(#435));
#1461=EDGE_LOOP('',(#436,#437,#438,#439,#440,#441));
#1462=EDGE_LOOP('',(#442,#443,#444,#445,#446,#447));
#1463=EDGE_LOOP('',(#448,#449,#450,#451,#452,#453));
#1464=EDGE_LOOP('',(#454,#455,#456,#457,#458,#459,#460));
#1465=EDGE_LOOP('',(#461,#462,#463,#464,#465,#466,#467,#468,#469,#470,#471,
#472));
#1466=EDGE_LOOP('',(#473,#474,#475,#476));
#1467=EDGE_LOOP('',(#477,#478,#479,#480,#481,#482));
#1468=EDGE_LOOP('',(#483,#484,#485,#486));
#1469=EDGE_LOOP('',(#487,#488,#489,#490,#491,#492,#493,#494,#495,#496,#497,
#498));
#1470=EDGE_LOOP('',(#499,#500,#501,#502));
#1471=EDGE_LOOP('',(#503,#504,#505,#506,#507,#508,#509,#510));
#1472=EDGE_LOOP('',(#511,#512,#513,#514,#515,#516,#517,#518));
#1473=EDGE_LOOP('',(#519,#520,#521,#522));
#1474=EDGE_LOOP('',(#523,#524,#525,#526));
#1475=EDGE_LOOP('',(#527,#528));
#1476=EDGE_LOOP('',(#529,#530));
#1477=EDGE_LOOP('',(#531,#532,#533));
#1478=EDGE_LOOP('',(#534,#535,#536));
#1479=EDGE_LOOP('',(#537,#538));
#1480=EDGE_LOOP('',(#539,#540));
#1481=EDGE_LOOP('',(#541,#542));
#1482=EDGE_LOOP('',(#543,#544));
#1483=EDGE_LOOP('',(#545,#546));
#1484=EDGE_LOOP('',(#547,#548));
#1485=EDGE_LOOP('',(#549,#550));
#1486=EDGE_LOOP('',(#551,#552));
#1487=EDGE_LOOP('',(#553));
#1488=EDGE_LOOP('',(#554));
#1489=EDGE_LOOP('',(#555,#556));
#1490=EDGE_LOOP('',(#557,#558));
#1491=EDGE_LOOP('',(#559,#560,#561,#562));
#1492=EDGE_LOOP('',(#563,#564,#565,#566,#567));
#1493=EDGE_LOOP('',(#568,#569,#570,#571));
#1494=EDGE_LOOP('',(#572,#573,#574,#575,#576));
#1495=EDGE_LOOP('',(#577,#578,#579,#580));
#1496=EDGE_LOOP('',(#581,#582,#583,#584,#585,#586,#587,#588));
#1497=EDGE_LOOP('',(#589,#590,#591,#592,#593,#594,#595,#596));
#1498=EDGE_LOOP('',(#597,#598,#599,#600));
#1499=EDGE_LOOP('',(#601,#602,#603,#604));
#1500=EDGE_LOOP('',(#605,#606,#607,#608));
#1501=EDGE_LOOP('',(#609,#610,#611,#612));
#1502=EDGE_LOOP('',(#613,#614,#615,#616,#617));
#1503=EDGE_LOOP('',(#618,#619,#620,#621,#622));
#1504=EDGE_LOOP('',(#623,#624,#625,#626));
#1505=EDGE_LOOP('',(#627,#628,#629,#630,#631,#632,#633,#634,#635,#636,#637));
#1506=EDGE_LOOP('',(#638,#639,#640,#641,#642,#643,#644,#645,#646,#647,#648));
#1507=EDGE_LOOP('',(#649,#650,#651,#652,#653,#654));
#1508=EDGE_LOOP('',(#655));
#1509=EDGE_LOOP('',(#656,#657,#658,#659,#660,#661));
#1510=EDGE_LOOP('',(#662));
#1511=EDGE_LOOP('',(#663,#664,#665));
#1512=EDGE_LOOP('',(#666,#667,#668,#669,#670,#671));
#1513=EDGE_LOOP('',(#672,#673,#674,#675));
#1514=EDGE_LOOP('',(#676,#677,#678));
#1515=EDGE_LOOP('',(#679,#680,#681,#682));
#1516=EDGE_LOOP('',(#683,#684,#685));
#1517=EDGE_LOOP('',(#686,#687,#688,#689,#690,#691,#692,#693));
#1518=EDGE_LOOP('',(#694,#695,#696,#697,#698,#699));
#1519=EDGE_LOOP('',(#700,#701,#702,#703));
#1520=EDGE_LOOP('',(#704,#705,#706));
#1521=EDGE_LOOP('',(#707,#708,#709));
#1522=EDGE_LOOP('',(#710,#711,#712,#713));
#1523=EDGE_LOOP('',(#714,#715,#716,#717,#718,#719));
#1524=EDGE_LOOP('',(#720,#721,#722,#723,#724,#725));
#1525=EDGE_LOOP('',(#726,#727,#728,#729));
#1526=EDGE_LOOP('',(#730,#731,#732));
#1527=EDGE_LOOP('',(#733,#734,#735,#736,#737,#738));
#1528=EDGE_LOOP('',(#739,#740,#741,#742,#743,#744));
#1529=EDGE_LOOP('',(#745,#746,#747,#748,#749,#750));
#1530=EDGE_LOOP('',(#751,#752,#753,#754,#755,#756));
#1531=EDGE_LOOP('',(#757,#758,#759,#760));
#1532=EDGE_LOOP('',(#761,#762,#763,#764));
#1533=EDGE_LOOP('',(#765,#766,#767,#768));
#1534=EDGE_LOOP('',(#769,#770,#771,#772,#773,#774));
#1535=EDGE_LOOP('',(#775,#776,#777,#778,#779,#780,#781,#782,#783,#784));
#1536=EDGE_LOOP('',(#785,#786));
#1537=EDGE_LOOP('',(#787,#788,#789,#790,#791));
#1538=EDGE_LOOP('',(#792,#793,#794,#795,#796,#797));
#1539=EDGE_LOOP('',(#798,#799,#800,#801,#802));
#1540=EDGE_LOOP('',(#803,#804,#805,#806,#807,#808,#809,#810,#811,#812));
#1541=EDGE_LOOP('',(#813,#814));
#1542=EDGE_LOOP('',(#815));
#1543=EDGE_LOOP('',(#816));
#1544=EDGE_LOOP('',(#817,#818));
#1545=EDGE_LOOP('',(#819,#820));
#1546=EDGE_LOOP('',(#821,#822));
#1547=EDGE_LOOP('',(#823,#824));
#1548=EDGE_LOOP('',(#825,#826,#827,#828));
#1549=EDGE_LOOP('',(#829,#830,#831,#832));
#1550=EDGE_LOOP('',(#833,#834,#835,#836));
#1551=EDGE_LOOP('',(#837,#838,#839,#840));
#1552=EDGE_LOOP('',(#841,#842,#843,#844));
#1553=EDGE_LOOP('',(#845,#846,#847,#848,#849,#850));
#1554=EDGE_LOOP('',(#851,#852));
#1555=EDGE_LOOP('',(#853));
#1556=EDGE_LOOP('',(#854,#855,#856,#857));
#1557=EDGE_LOOP('',(#858,#859,#860,#861,#862,#863));
#1558=EDGE_LOOP('',(#864));
#1559=EDGE_LOOP('',(#865,#866));
#1560=EDGE_LOOP('',(#867,#868,#869));
#1561=EDGE_LOOP('',(#870,#871,#872,#873));
#1562=EDGE_LOOP('',(#874,#875,#876,#877));
#1563=EDGE_LOOP('',(#878,#879,#880));
#1564=EDGE_LOOP('',(#881,#882,#883,#884,#885));
#1565=EDGE_LOOP('',(#886,#887,#888,#889));
#1566=EDGE_LOOP('',(#890,#891,#892,#893));
#1567=EDGE_LOOP('',(#894,#895,#896,#897));
#1568=EDGE_LOOP('',(#898,#899,#900));
#1569=EDGE_LOOP('',(#901,#902,#903,#904));
#1570=EDGE_LOOP('',(#905,#906,#907,#908));
#1571=EDGE_LOOP('',(#909,#910,#911,#912));
#1572=EDGE_LOOP('',(#913,#914,#915,#916,#917));
#1573=EDGE_LOOP('',(#918,#919,#920,#921));
#1574=EDGE_LOOP('',(#922,#923,#924,#925));
#1575=EDGE_LOOP('',(#926,#927,#928));
#1576=FACE_BOUND('',#1449,.T.);
#1577=FACE_BOUND('',#1450,.T.);
#1578=FACE_BOUND('',#1451,.T.);
#1579=FACE_BOUND('',#1452,.T.);
#1580=FACE_BOUND('',#1453,.T.);
#1581=FACE_BOUND('',#1454,.T.);
#1582=FACE_BOUND('',#1455,.T.);
#1583=FACE_BOUND('',#1456,.T.);
#1584=FACE_BOUND('',#1457,.T.);
#1585=FACE_BOUND('',#1458,.T.);
#1586=FACE_BOUND('',#1459,.T.);
#1587=FACE_BOUND('',#1460,.T.);
#1588=FACE_BOUND('',#1461,.T.);
#1589=FACE_BOUND('',#1462,.T.);
#1590=FACE_BOUND('',#1463,.T.);
#1591=FACE_BOUND('',#1464,.T.);
#1592=FACE_BOUND('',#1465,.T.);
#1593=FACE_BOUND('',#1466,.T.);
#1594=FACE_BOUND('',#1467,.T.);
#1595=FACE_BOUND('',#1468,.T.);
#1596=FACE_BOUND('',#1469,.T.);
#1597=FACE_BOUND('',#1470,.T.);
#1598=FACE_BOUND('',#1471,.T.);
#1599=FACE_BOUND('',#1472,.T.);
#1600=FACE_BOUND('',#1473,.T.);
#1601=FACE_BOUND('',#1474,.T.);
#1602=FACE_BOUND('',#1475,.T.);
#1603=FACE_BOUND('',#1476,.T.);
#1604=FACE_BOUND('',#1477,.T.);
#1605=FACE_BOUND('',#1478,.T.);
#1606=FACE_BOUND('',#1479,.T.);
#1607=FACE_BOUND('',#1480,.T.);
#1608=FACE_BOUND('',#1481,.T.);
#1609=FACE_BOUND('',#1482,.T.);
#1610=FACE_BOUND('',#1483,.T.);
#1611=FACE_BOUND('',#1484,.T.);
#1612=FACE_BOUND('',#1485,.T.);
#1613=FACE_BOUND('',#1486,.T.);
#1614=FACE_BOUND('',#1487,.T.);
#1615=FACE_BOUND('',#1488,.T.);
#1616=FACE_BOUND('',#1489,.T.);
#1617=FACE_BOUND('',#1490,.T.);
#1618=FACE_BOUND('',#1491,.T.);
#1619=FACE_BOUND('',#1492,.T.);
#1620=FACE_BOUND('',#1493,.T.);
#1621=FACE_BOUND('',#1494,.T.);
#1622=FACE_BOUND('',#1495,.T.);
#1623=FACE_BOUND('',#1496,.T.);
#1624=FACE_BOUND('',#1497,.T.);
#1625=FACE_BOUND('',#1498,.T.);
#1626=FACE_BOUND('',#1499,.T.);
#1627=FACE_BOUND('',#1500,.T.);
#1628=FACE_BOUND('',#1501,.T.);
#1629=FACE_BOUND('',#1502,.T.);
#1630=FACE_BOUND('',#1503,.T.);
#1631=FACE_BOUND('',#1504,.T.);
#1632=FACE_BOUND('',#1505,.T.);
#1633=FACE_BOUND('',#1506,.T.);
#1634=FACE_BOUND('',#1507,.T.);
#1635=FACE_BOUND('',#1508,.T.);
#1636=FACE_BOUND('',#1509,.T.);
#1637=FACE_BOUND('',#1510,.T.);
#1638=FACE_BOUND('',#1511,.T.);
#1639=FACE_BOUND('',#1512,.T.);
#1640=FACE_BOUND('',#1513,.T.);
#1641=FACE_BOUND('',#1514,.T.);
#1642=FACE_BOUND('',#1515,.T.);
#1643=FACE_BOUND('',#1516,.T.);
#1644=FACE_BOUND('',#1517,.T.);
#1645=FACE_BOUND('',#1518,.T.);
#1646=FACE_BOUND('',#1519,.T.);
#1647=FACE_BOUND('',#1520,.T.);
#1648=FACE_BOUND('',#1521,.T.);
#1649=FACE_BOUND('',#1522,.T.);
#1650=FACE_BOUND('',#1523,.T.);
#1651=FACE_BOUND('',#1524,.T.);
#1652=FACE_BOUND('',#1525,.T.);
#1653=FACE_BOUND('',#1526,.T.);
#1654=FACE_BOUND('',#1527,.T.);
#1655=FACE_BOUND('',#1528,.T.);
#1656=FACE_BOUND('',#1529,.T.);
#1657=FACE_BOUND('',#1530,.T.);
#1658=FACE_BOUND('',#1531,.T.);
#1659=FACE_BOUND('',#1532,.T.);
#1660=FACE_BOUND('',#1533,.T.);
#1661=FACE_BOUND('',#1534,.T.);
#1662=FACE_BOUND('',#1535,.T.);
#1663=FACE_BOUND('',#1536,.T.);
#1664=FACE_BOUND('',#1537,.T.);
#1665=FACE_BOUND('',#1538,.T.);
#1666=FACE_BOUND('',#1539,.T.);
#1667=FACE_BOUND('',#1540,.T.);
#1668=FACE_BOUND('',#1541,.T.);
#1669=FACE_BOUND('',#1542,.T.);
#1670=FACE_BOUND('',#1543,.T.);
#1671=FACE_BOUND('',#1544,.T.);
#1672=FACE_BOUND('',#1545,.T.);
#1673=FACE_BOUND('',#1546,.T.);
#1674=FACE_BOUND('',#1547,.T.);
#1675=FACE_BOUND('',#1548,.T.);
#1676=FACE_BOUND('',#1549,.T.);
#1677=FACE_BOUND('',#1550,.T.);
#1678=FACE_BOUND('',#1551,.T.);
#1679=FACE_BOUND('',#1552,.T.);
#1680=FACE_BOUND('',#1553,.T.);
#1681=FACE_BOUND('',#1554,.T.);
#1682=FACE_BOUND('',#1555,.T.);
#1683=FACE_BOUND('',#1556,.T.);
#1684=FACE_BOUND('',#1557,.T.);
#1685=FACE_BOUND('',#1558,.T.);
#1686=FACE_BOUND('',#1559,.T.);
#1687=FACE_BOUND('',#1560,.T.);
#1688=FACE_BOUND('',#1561,.T.);
#1689=FACE_BOUND('',#1562,.T.);
#1690=FACE_BOUND('',#1563,.T.);
#1691=FACE_BOUND('',#1564,.T.);
#1692=FACE_BOUND('',#1565,.T.);
#1693=FACE_BOUND('',#1566,.T.);
#1694=FACE_BOUND('',#1567,.T.);
#1695=FACE_BOUND('',#1568,.T.);
#1696=FACE_BOUND('',#1569,.T.);
#1697=FACE_BOUND('',#1570,.T.);
#1698=FACE_BOUND('',#1571,.T.);
#1699=FACE_BOUND('',#1572,.T.);
#1700=FACE_BOUND('',#1573,.T.);
#1701=FACE_BOUND('',#1574,.T.);
#1702=FACE_BOUND('',#1575,.T.);
#1703=PLANE('',#1835);
#1704=PLANE('',#1837);
#1705=PLANE('',#1839);
#1706=PLANE('',#1840);
#1707=PLANE('',#1845);
#1708=PLANE('',#1847);
#1709=PLANE('',#1849);
#1710=PLANE('',#1854);
#1711=PLANE('',#1855);
#1712=PLANE('',#1879);
#1713=ADVANCED_FACE('',(#1576),#1703,.T.);
#1714=ADVANCED_FACE('',(#1577),#1704,.T.);
#1715=ADVANCED_FACE('',(#1578),#1705,.F.);
#1716=ADVANCED_FACE('',(#1579),#1706,.T.);
#1717=ADVANCED_FACE('',(#1580),#102,.T.);
#1718=ADVANCED_FACE('',(#1581),#103,.T.);
#1719=ADVANCED_FACE('',(#1582),#1707,.T.);
#1720=ADVANCED_FACE('',(#1583),#104,.T.);
#1721=ADVANCED_FACE('',(#1584,#1585),#105,.T.);
#1722=ADVANCED_FACE('',(#1586,#1587),#106,.F.);
#1723=ADVANCED_FACE('',(#1588),#107,.F.);
#1724=ADVANCED_FACE('',(#1589),#1708,.F.);
#1725=ADVANCED_FACE('',(#1590),#108,.F.);
#1726=ADVANCED_FACE('',(#1591),#109,.F.);
#1727=ADVANCED_FACE('',(#1592),#1709,.F.);
#1728=ADVANCED_FACE('',(#1593),#110,.F.);
#1729=ADVANCED_FACE('',(#1594),#111,.F.);
#1730=ADVANCED_FACE('',(#1595),#112,.F.);
#1731=ADVANCED_FACE('',(#1596),#113,.F.);
#1732=ADVANCED_FACE('',(#1597),#114,.F.);
#1733=ADVANCED_FACE('',(#1598),#1710,.F.);
#1734=ADVANCED_FACE('',(#1599),#115,.F.);
#1735=ADVANCED_FACE('',(#1600),#1711,.F.);
#1736=ADVANCED_FACE('',(#1601),#116,.F.);
#1737=ADVANCED_FACE('',(#1602,#1603),#70,.F.);
#1738=ADVANCED_FACE('',(#1604,#1605),#71,.F.);
#1739=ADVANCED_FACE('',(#1606,#1607),#72,.F.);
#1740=ADVANCED_FACE('',(#1608,#1609),#73,.F.);
#1741=ADVANCED_FACE('',(#1610,#1611),#74,.F.);
#1742=ADVANCED_FACE('',(#1612,#1613),#75,.F.);
#1743=ADVANCED_FACE('',(#1614,#1615),#76,.F.);
#1744=ADVANCED_FACE('',(#1616,#1617),#77,.F.);
#1745=ADVANCED_FACE('',(#1618),#78,.T.);
#1746=ADVANCED_FACE('',(#1619),#22,.T.);
#1747=ADVANCED_FACE('',(#1620),#79,.T.);
#1748=ADVANCED_FACE('',(#1621),#23,.T.);
#1749=ADVANCED_FACE('',(#1622),#80,.T.);
#1750=ADVANCED_FACE('',(#1623),#24,.T.);
#1751=ADVANCED_FACE('',(#1624),#25,.T.);
#1752=ADVANCED_FACE('',(#1625),#26,.T.);
#1753=ADVANCED_FACE('',(#1626),#27,.T.);
#1754=ADVANCED_FACE('',(#1627),#28,.T.);
#1755=ADVANCED_FACE('',(#1628),#29,.T.);
#1756=ADVANCED_FACE('',(#1629),#30,.T.);
#1757=ADVANCED_FACE('',(#1630),#31,.T.);
#1758=ADVANCED_FACE('',(#1631),#81,.F.);
#1759=ADVANCED_FACE('',(#1632),#32,.T.);
#1760=ADVANCED_FACE('',(#1633),#33,.T.);
#1761=ADVANCED_FACE('',(#1634),#82,.T.);
#1762=ADVANCED_FACE('',(#1635,#1636),#83,.F.);
#1763=ADVANCED_FACE('',(#1637),#1712,.T.);
#1764=ADVANCED_FACE('',(#1638),#84,.T.);
#1765=ADVANCED_FACE('',(#1639),#34,.T.);
#1766=ADVANCED_FACE('',(#1640),#35,.T.);
#1767=ADVANCED_FACE('',(#1641),#36,.T.);
#1768=ADVANCED_FACE('',(#1642),#85,.T.);
#1769=ADVANCED_FACE('',(#1643),#86,.T.);
#1770=ADVANCED_FACE('',(#1644),#87,.T.);
#1771=ADVANCED_FACE('',(#1645),#37,.T.);
#1772=ADVANCED_FACE('',(#1646),#38,.T.);
#1773=ADVANCED_FACE('',(#1647),#39,.T.);
#1774=ADVANCED_FACE('',(#1648),#40,.T.);
#1775=ADVANCED_FACE('',(#1649),#41,.T.);
#1776=ADVANCED_FACE('',(#1650),#42,.T.);
#1777=ADVANCED_FACE('',(#1651),#43,.T.);
#1778=ADVANCED_FACE('',(#1652),#44,.T.);
#1779=ADVANCED_FACE('',(#1653),#45,.T.);
#1780=ADVANCED_FACE('',(#1654),#46,.T.);
#1781=ADVANCED_FACE('',(#1655),#47,.T.);
#1782=ADVANCED_FACE('',(#1656),#48,.T.);
#1783=ADVANCED_FACE('',(#1657),#49,.T.);
#1784=ADVANCED_FACE('',(#1658),#50,.T.);
#1785=ADVANCED_FACE('',(#1659),#51,.T.);
#1786=ADVANCED_FACE('',(#1660),#88,.T.);
#1787=ADVANCED_FACE('',(#1661),#20,.T.);
#1788=ADVANCED_FACE('',(#1662,#1663),#52,.T.);
#1789=ADVANCED_FACE('',(#1664),#16,.T.);
#1790=ADVANCED_FACE('',(#1665),#21,.T.);
#1791=ADVANCED_FACE('',(#1666),#17,.T.);
#1792=ADVANCED_FACE('',(#1667,#1668),#53,.T.);
#1793=ADVANCED_FACE('',(#1669,#1670),#89,.F.);
#1794=ADVANCED_FACE('',(#1671,#1672),#90,.F.);
#1795=ADVANCED_FACE('',(#1673,#1674),#91,.F.);
#1796=ADVANCED_FACE('',(#1675),#54,.T.);
#1797=ADVANCED_FACE('',(#1676),#55,.T.);
#1798=ADVANCED_FACE('',(#1677),#56,.T.);
#1799=ADVANCED_FACE('',(#1678),#57,.T.);
#1800=ADVANCED_FACE('',(#1679),#58,.T.);
#1801=ADVANCED_FACE('',(#1680),#12,.T.);
#1802=ADVANCED_FACE('',(#1681,#1682),#13,.T.);
#1803=ADVANCED_FACE('',(#1683),#59,.T.);
#1804=ADVANCED_FACE('',(#1684),#14,.T.);
#1805=ADVANCED_FACE('',(#1685,#1686),#15,.T.);
#1806=ADVANCED_FACE('',(#1687),#60,.T.);
#1807=ADVANCED_FACE('',(#1688),#61,.T.);
#1808=ADVANCED_FACE('',(#1689),#92,.T.);
#1809=ADVANCED_FACE('',(#1690),#18,.T.);
#1810=ADVANCED_FACE('',(#1691),#62,.T.);
#1811=ADVANCED_FACE('',(#1692),#63,.T.);
#1812=ADVANCED_FACE('',(#1693),#93,.T.);
#1813=ADVANCED_FACE('',(#1694),#64,.T.);
#1814=ADVANCED_FACE('',(#1695),#19,.T.);
#1815=ADVANCED_FACE('',(#1696),#94,.F.);
#1816=ADVANCED_FACE('',(#1697),#65,.T.);
#1817=ADVANCED_FACE('',(#1698),#66,.T.);
#1818=ADVANCED_FACE('',(#1699),#67,.T.);
#1819=ADVANCED_FACE('',(#1700),#95,.T.);
#1820=ADVANCED_FACE('',(#1701),#68,.T.);
#1821=ADVANCED_FACE('',(#1702),#69,.T.);
#1822=CLOSED_SHELL('',(#1713,#1714,#1715,#1716,#1717,#1718,#1719,#1720,
#1721,#1722,#1723,#1724,#1725,#1726,#1727,#1728,#1729,#1730,#1731,#1732,
#1733,#1734,#1735,#1736,#1737,#1738,#1739,#1740,#1741,#1742,#1743,#1744,
#1745,#1746,#1747,#1748,#1749,#1750,#1751,#1752,#1753,#1754,#1755,#1756,
#1757,#1758,#1759,#1760,#1761,#1762,#1763,#1764,#1765,#1766,#1767,#1768,
#1769,#1770,#1771,#1772,#1773,#1774,#1775,#1776,#1777,#1778,#1779,#1780,
#1781,#1782,#1783,#1784,#1785,#1786,#1787,#1788,#1789,#1790,#1791,#1792,
#1793,#1794,#1795,#1796,#1797,#1798,#1799,#1800,#1801,#1802,#1803,#1804,
#1805,#1806,#1807,#1808,#1809,#1810,#1811,#1812,#1813,#1814,#1815,#1816,
#1817,#1818,#1819,#1820,#1821));
#1823=STYLED_ITEM('',(#1824),#1831);
#1824=PRESENTATION_STYLE_ASSIGNMENT((#1825));
#1825=SURFACE_STYLE_USAGE(.BOTH.,#1826);
#1826=SURFACE_SIDE_STYLE('',(#1827));
#1827=SURFACE_STYLE_FILL_AREA(#1828);
#1828=FILL_AREA_STYLE('',(#1829));
#1829=FILL_AREA_STYLE_COLOUR('',#1830);
#1830=COLOUR_RGB('',0.647058823529412,0.647058823529412,0.647058823529412);
#1831=MANIFOLD_SOLID_BREP('Part 1',#1822);
#1832=SHAPE_DEFINITION_REPRESENTATION(#4974,#1833);
#1833=SHAPE_REPRESENTATION('Part 1',(#1834),#4969);
#1834=AXIS2_PLACEMENT_3D('',#2233,#1954,#1955);
#1835=AXIS2_PLACEMENT_3D('',#2234,#1956,#1957);
#1836=AXIS2_PLACEMENT_3D('',#2235,#1958,#1959);
#1837=AXIS2_PLACEMENT_3D('',#2245,#1961,#1962);
#1838=AXIS2_PLACEMENT_3D('',#2255,#1964,#1965);
#1839=AXIS2_PLACEMENT_3D('',#2256,#1966,#1967);
#1840=AXIS2_PLACEMENT_3D('',#2291,#1970,#1971);
#1841=AXIS2_PLACEMENT_3D('',#2301,#1972,#1973);
#1842=AXIS2_PLACEMENT_3D('',#2303,#1974,#1975);
#1843=AXIS2_PLACEMENT_3D('',#2305,#1976,#1977);
#1844=AXIS2_PLACEMENT_3D('',#2317,#1978,#1979);
#1845=AXIS2_PLACEMENT_3D('',#2427,#1985,#1986);
#1846=AXIS2_PLACEMENT_3D('',#2444,#1989,#1990);
#1847=AXIS2_PLACEMENT_3D('',#2702,#1996,#1997);
#1848=AXIS2_PLACEMENT_3D('',#2717,#1999,#2000);
#1849=AXIS2_PLACEMENT_3D('',#2814,#2004,#2005);
#1850=AXIS2_PLACEMENT_3D('',#2821,#2006,#2007);
#1851=AXIS2_PLACEMENT_3D('',#2823,#2008,#2009);
#1852=AXIS2_PLACEMENT_3D('',#2825,#2010,#2011);
#1853=AXIS2_PLACEMENT_3D('',#2848,#2014,#2015);
#1854=AXIS2_PLACEMENT_3D('',#3055,#2026,#2027);
#1855=AXIS2_PLACEMENT_3D('',#3109,#2031,#2032);
#1856=AXIS2_PLACEMENT_3D('',#3151,#2037,#2038);
#1857=AXIS2_PLACEMENT_3D('',#3196,#2039,#2040);
#1858=AXIS2_PLACEMENT_3D('',#3239,#2041,#2042);
#1859=AXIS2_PLACEMENT_3D('',#3278,#2043,#2044);
#1860=AXIS2_PLACEMENT_3D('',#3301,#2045,#2046);
#1861=AXIS2_PLACEMENT_3D('',#3336,#2047,#2048);
#1862=AXIS2_PLACEMENT_3D('',#3347,#2049,#2050);
#1863=AXIS2_PLACEMENT_3D('',#3348,#2051,#2052);
#1864=AXIS2_PLACEMENT_3D('',#3357,#2053,#2054);
#1865=AXIS2_PLACEMENT_3D('',#3358,#2055,#2056);
#1866=AXIS2_PLACEMENT_3D('',#3359,#2057,#2058);
#1867=AXIS2_PLACEMENT_3D('',#3420,#2059,#2060);
#1868=AXIS2_PLACEMENT_3D('',#3421,#2061,#2062);
#1869=AXIS2_PLACEMENT_3D('',#3422,#2063,#2064);
#1870=AXIS2_PLACEMENT_3D('',#3483,#2065,#2066);
#1871=AXIS2_PLACEMENT_3D('',#3603,#2067,#2068);
#1872=AXIS2_PLACEMENT_3D('',#3633,#2069,#2070);
#1873=AXIS2_PLACEMENT_3D('',#3783,#2071,#2072);
#1874=AXIS2_PLACEMENT_3D('',#3919,#2073,#2074);
#1875=AXIS2_PLACEMENT_3D('',#3920,#2075,#2076);
#1876=AXIS2_PLACEMENT_3D('',#3921,#2077,#2078);
#1877=AXIS2_PLACEMENT_3D('',#3922,#2079,#2080);
#1878=AXIS2_PLACEMENT_3D('',#3923,#2081,#2082);
#1879=AXIS2_PLACEMENT_3D('',#3951,#2083,#2084);
#1880=AXIS2_PLACEMENT_3D('',#3952,#2085,#2086);
#1881=AXIS2_PLACEMENT_3D('',#3953,#2087,#2088);
#1882=AXIS2_PLACEMENT_3D('',#3955,#2089,#2090);
#1883=AXIS2_PLACEMENT_3D('',#3990,#2091,#2092);
#1884=AXIS2_PLACEMENT_3D('',#4018,#2093,#2094);
#1885=AXIS2_PLACEMENT_3D('',#4020,#2095,#2096);
#1886=AXIS2_PLACEMENT_3D('',#4037,#2097,#2098);
#1887=AXIS2_PLACEMENT_3D('',#4038,#2099,#2100);
#1888=AXIS2_PLACEMENT_3D('',#4039,#2101,#2102);
#1889=AXIS2_PLACEMENT_3D('',#4040,#2103,#2104);
#1890=AXIS2_PLACEMENT_3D('',#4042,#2105,#2106);
#1891=AXIS2_PLACEMENT_3D('',#4043,#2107,#2108);
#1892=AXIS2_PLACEMENT_3D('',#4044,#2109,#2110);
#1893=AXIS2_PLACEMENT_3D('',#4114,#2111,#2112);
#1894=AXIS2_PLACEMENT_3D('',#4139,#2113,#2114);
#1895=AXIS2_PLACEMENT_3D('',#4164,#2115,#2116);
#1896=AXIS2_PLACEMENT_3D('',#4186,#2117,#2118);
#1897=AXIS2_PLACEMENT_3D('',#4208,#2119,#2120);
#1898=AXIS2_PLACEMENT_3D('',#4209,#2121,#2122);
#1899=AXIS2_PLACEMENT_3D('',#4231,#2123,#2124);
#1900=AXIS2_PLACEMENT_3D('',#4307,#2125,#2126);
#1901=AXIS2_PLACEMENT_3D('',#4371,#2127,#2128);
#1902=AXIS2_PLACEMENT_3D('',#4401,#2129,#2130);
#1903=AXIS2_PLACEMENT_3D('',#4431,#2131,#2132);
#1904=AXIS2_PLACEMENT_3D('',#4444,#2133,#2134);
#1905=AXIS2_PLACEMENT_3D('',#4457,#2135,#2136);
#1906=AXIS2_PLACEMENT_3D('',#4458,#2137,#2138);
#1907=AXIS2_PLACEMENT_3D('',#4459,#2139,#2140);
#1908=AXIS2_PLACEMENT_3D('',#4460,#2141,#2142);
#1909=AXIS2_PLACEMENT_3D('',#4461,#2143,#2144);
#1910=AXIS2_PLACEMENT_3D('',#4462,#2145,#2146);
#1911=AXIS2_PLACEMENT_3D('',#4475,#2147,#2148);
#1912=AXIS2_PLACEMENT_3D('',#4476,#2149,#2150);
#1913=AXIS2_PLACEMENT_3D('',#4477,#2151,#2152);
#1914=AXIS2_PLACEMENT_3D('',#4478,#2153,#2154);
#1915=AXIS2_PLACEMENT_3D('',#4479,#2155,#2156);
#1916=AXIS2_PLACEMENT_3D('',#4480,#2157,#2158);
#1917=AXIS2_PLACEMENT_3D('',#4481,#2159,#2160);
#1918=AXIS2_PLACEMENT_3D('',#4482,#2161,#2162);
#1919=AXIS2_PLACEMENT_3D('',#4495,#2163,#2164);
#1920=AXIS2_PLACEMENT_3D('',#4496,#2165,#2166);
#1921=AXIS2_PLACEMENT_3D('',#4498,#2167,#2168);
#1922=AXIS2_PLACEMENT_3D('',#4500,#2169,#2170);
#1923=AXIS2_PLACEMENT_3D('',#4501,#2171,#2172);
#1924=AXIS2_PLACEMENT_3D('',#4516,#2173,#2174);
#1925=AXIS2_PLACEMENT_3D('',#4517,#2175,#2176);
#1926=AXIS2_PLACEMENT_3D('',#4601,#2177,#2178);
#1927=AXIS2_PLACEMENT_3D('',#4602,#2179,#2180);
#1928=AXIS2_PLACEMENT_3D('',#4663,#2181,#2182);
#1929=AXIS2_PLACEMENT_3D('',#4664,#2183,#2184);
#1930=AXIS2_PLACEMENT_3D('',#4701,#2185,#2186);
#1931=AXIS2_PLACEMENT_3D('',#4702,#2187,#2188);
#1932=AXIS2_PLACEMENT_3D('',#4703,#2189,#2190);
#1933=AXIS2_PLACEMENT_3D('',#4709,#2191,#2192);
#1934=AXIS2_PLACEMENT_3D('',#4731,#2193,#2194);
#1935=AXIS2_PLACEMENT_3D('',#4732,#2195,#2196);
#1936=AXIS2_PLACEMENT_3D('',#4733,#2197,#2198);
#1937=AXIS2_PLACEMENT_3D('',#4739,#2199,#2200);
#1938=AXIS2_PLACEMENT_3D('',#4761,#2201,#2202);
#1939=AXIS2_PLACEMENT_3D('',#4774,#2203,#2204);
#1940=AXIS2_PLACEMENT_3D('',#4775,#2205,#2206);
#1941=AXIS2_PLACEMENT_3D('',#4781,#2207,#2208);
#1942=AXIS2_PLACEMENT_3D('',#4789,#2209,#2210);
#1943=AXIS2_PLACEMENT_3D('',#4805,#2211,#2212);
#1944=AXIS2_PLACEMENT_3D('',#4836,#2213,#2214);
#1945=AXIS2_PLACEMENT_3D('',#4837,#2215,#2216);
#1946=AXIS2_PLACEMENT_3D('',#4861,#2217,#2218);
#1947=AXIS2_PLACEMENT_3D('',#4862,#2219,#2220);
#1948=AXIS2_PLACEMENT_3D('',#4863,#2221,#2222);
#1949=AXIS2_PLACEMENT_3D('',#4898,#2223,#2224);
#1950=AXIS2_PLACEMENT_3D('',#4911,#2225,#2226);
#1951=AXIS2_PLACEMENT_3D('',#4932,#2227,#2228);
#1952=AXIS2_PLACEMENT_3D('',#4933,#2229,#2230);
#1953=AXIS2_PLACEMENT_3D('',#4946,#2231,#2232);
#1954=DIRECTION('',(0.,0.,1.));
#1955=DIRECTION('',(1.,0.,0.));
#1956=DIRECTION('',(-1.,0.,0.));
#1957=DIRECTION('',(0.,0.,1.));
#1958=DIRECTION('',(-1.,0.,0.));
#1959=DIRECTION('',(0.,0.,1.));
#1960=DIRECTION('',(0.,-1.,0.));
#1961=DIRECTION('',(-1.,0.,0.));
#1962=DIRECTION('',(0.,0.,1.));
#1963=DIRECTION('',(0.,-1.,0.));
#1964=DIRECTION('',(-1.,0.,0.));
#1965=DIRECTION('',(0.,0.,1.));
#1966=DIRECTION('',(0.,0.,1.));
#1967=DIRECTION('',(1.,0.,0.));
#1968=DIRECTION('',(7.80527998189789E-17,-1.,0.));
#1969=DIRECTION('',(7.80527998189789E-17,-1.,0.));
#1970=DIRECTION('',(7.80527998189789E-17,-1.,0.));
#1971=DIRECTION('',(1.,7.80527998189789E-17,0.));
#1972=DIRECTION('',(7.80527998189789E-17,-1.,0.));
#1973=DIRECTION('',(1.,7.80527998189789E-17,0.));
#1974=DIRECTION('',(7.80527998189789E-17,-1.,0.));
#1975=DIRECTION('',(1.,7.80527998189789E-17,0.));
#1976=DIRECTION('',(7.80527998189789E-17,-1.,0.));
#1977=DIRECTION('',(1.,7.80527998189789E-17,0.));
#1978=DIRECTION('',(7.80527998189789E-17,-1.,0.));
#1979=DIRECTION('',(1.,7.80527998189789E-17,0.));
#1980=DIRECTION('',(0.,0.,1.));
#1981=DIRECTION('',(1.,7.80527998189789E-17,0.));
#1982=DIRECTION('',(0.,0.,-1.));
#1983=DIRECTION('',(0.,0.,1.));
#1984=DIRECTION('',(0.,0.,1.));
#1985=DIRECTION('',(0.,-1.,0.));
#1986=DIRECTION('',(0.,0.,-1.));
#1987=DIRECTION('',(0.,0.,1.));
#1988=DIRECTION('',(0.999777625697918,-5.71060194893194E-36,-0.0210878911661171));
#1989=DIRECTION('',(-5.97930344362804E-16,-1.,-2.60275547416352E-15));
#1990=DIRECTION('',(0.987657257898537,-6.00141101705258E-16,-0.156630587435348));
#1991=DIRECTION('',(0.,0.,1.));
#1992=DIRECTION('',(0.,0.,1.));
#1993=DIRECTION('',(0.,0.,1.));
#1994=DIRECTION('',(0.,0.,1.));
#1995=DIRECTION('',(0.,0.,1.));
#1996=DIRECTION('',(0.,-1.,0.));
#1997=DIRECTION('',(0.,0.,-1.));
#1998=DIRECTION('',(0.,0.,1.));
#1999=DIRECTION('',(1.99310114787601E-16,-1.,8.67585158054508E-16));
#2000=DIRECTION('',(0.987657257898537,1.87259224065002E-16,-0.156630587435348));
#2001=DIRECTION('',(0.999777625697918,-5.71060194893194E-36,-0.0210878911661171));
#2002=DIRECTION('',(0.,0.,1.));
#2003=DIRECTION('',(0.,0.,1.));
#2004=DIRECTION('',(2.34158399456937E-16,-1.,0.));
#2005=DIRECTION('',(1.,2.34158399456937E-16,0.));
#2006=DIRECTION('',(2.34158399456937E-16,-1.,0.));
#2007=DIRECTION('',(1.,2.34158399456937E-16,0.));
#2008=DIRECTION('',(2.34158399456937E-16,-1.,0.));
#2009=DIRECTION('',(1.,2.34158399456937E-16,0.));
#2010=DIRECTION('',(2.34158399456937E-16,-1.,0.));
#2011=DIRECTION('',(1.,2.34158399456937E-16,0.));
#2012=DIRECTION('',(0.,0.,1.));
#2013=DIRECTION('',(1.,2.34158399456937E-16,0.));
#2014=DIRECTION('',(2.34158399456937E-16,-1.,0.));
#2015=DIRECTION('',(1.,2.34158399456937E-16,0.));
#2016=DIRECTION('',(7.80527998189789E-17,-1.,0.));
#2017=DIRECTION('',(7.80527998189789E-17,-1.,0.));
#2018=DIRECTION('',(7.80527998189789E-17,-1.,0.));
#2019=DIRECTION('',(7.80527998189789E-17,-1.,0.));
#2020=DIRECTION('',(7.80527998189789E-17,-1.,0.));
#2021=DIRECTION('',(7.80527998189789E-17,-1.,0.));
#2022=DIRECTION('',(7.80527998189789E-17,-1.,0.));
#2023=DIRECTION('',(7.80527998189789E-17,-1.,0.));
#2024=DIRECTION('',(7.80527998189789E-17,-1.,0.));
#2025=DIRECTION('',(7.80527998189789E-17,-1.,0.));
#2026=DIRECTION('',(-0.0210878911661171,-1.64596894779335E-18,-0.999777625697918));
#2027=DIRECTION('',(-0.999777625697918,0.,0.0210878911661171));
#2028=DIRECTION('',(-7.80527998189789E-17,1.,1.15589906980635E-37));
#2029=DIRECTION('',(7.80527998189789E-17,-1.,0.));
#2030=DIRECTION('',(7.80527998189789E-17,-1.,0.));
#2031=DIRECTION('',(0.,0.,-1.));
#2032=DIRECTION('',(-1.,0.,0.));
#2033=DIRECTION('',(1.,2.34158399456937E-16,0.));
#2034=DIRECTION('',(0.,-1.,0.));
#2035=DIRECTION('',(1.,7.80527998189789E-17,0.));
#2036=DIRECTION('',(7.80527998189789E-17,-1.,0.));
#2037=DIRECTION('',(7.80527998189789E-17,-1.,0.));
#2038=DIRECTION('',(1.,7.80527998189789E-17,0.));
#2039=DIRECTION('',(7.80527998189789E-17,-1.,0.));
#2040=DIRECTION('',(1.,7.80527998189789E-17,0.));
#2041=DIRECTION('',(7.80527998189789E-17,-1.,0.));
#2042=DIRECTION('',(1.,7.80527998189789E-17,0.));
#2043=DIRECTION('',(7.80527998189789E-17,-1.,0.));
#2044=DIRECTION('',(1.,7.80527998189789E-17,0.));
#2045=DIRECTION('',(7.80527998189789E-17,-1.,0.));
#2046=DIRECTION('',(1.,7.80527998189789E-17,0.));
#2047=DIRECTION('',(7.80527998189789E-17,-1.,0.));
#2048=DIRECTION('',(1.,7.80527998189789E-17,0.));
#2049=DIRECTION('',(7.80527998189789E-17,-1.,0.));
#2050=DIRECTION('',(1.,7.80527998189789E-17,0.));
#2051=DIRECTION('',(7.80527998189789E-17,-1.,0.));
#2052=DIRECTION('',(1.,7.80527998189789E-17,0.));
#2053=DIRECTION('',(1.,2.34158399456937E-16,0.));
#2054=DIRECTION('',(-2.34158399456937E-16,1.,0.));
#2055=DIRECTION('',(1.,0.,3.77189496439155E-15));
#2056=DIRECTION('',(3.77189496439155E-15,0.,-1.));
#2057=DIRECTION('',(1.,0.,-1.88594748219578E-15));
#2058=DIRECTION('',(-1.88594748219578E-15,0.,-1.));
#2059=DIRECTION('',(-1.,-7.80527998189789E-17,0.));
#2060=DIRECTION('',(7.80527998189789E-17,-1.,0.));
#2061=DIRECTION('',(1.,0.,0.));
#2062=DIRECTION('',(0.,0.,-1.));
#2063=DIRECTION('',(1.,0.,0.));
#2064=DIRECTION('',(0.,0.,-1.));
#2065=DIRECTION('',(7.80527998189789E-17,-1.,0.));
#2066=DIRECTION('',(1.,7.80527998189789E-17,0.));
#2067=DIRECTION('',(-0.97602151211161,0.,0.217674086412153));
#2068=DIRECTION('',(0.217674086412153,0.,0.97602151211161));
#2069=DIRECTION('',(-0.976021512111611,-1.91383614139466E-15,0.217674086412149));
#2070=DIRECTION('',(0.217674086412149,0.,0.976021512111611));
#2071=DIRECTION('',(7.80527998189789E-17,-1.,0.));
#2072=DIRECTION('',(1.,7.80527998189789E-17,0.));
#2073=DIRECTION('',(7.80527998189789E-17,-1.,0.));
#2074=DIRECTION('',(1.,7.80527998189789E-17,0.));
#2075=DIRECTION('',(7.80527998189789E-17,-1.,0.));
#2076=DIRECTION('',(1.,7.80527998189789E-17,0.));
#2077=DIRECTION('',(2.34158399456937E-16,-1.,0.));
#2078=DIRECTION('',(1.,2.34158399456937E-16,0.));
#2079=DIRECTION('',(-1.,0.,0.));
#2080=DIRECTION('',(0.,0.,1.));
#2081=DIRECTION('',(-1.,0.,0.));
#2082=DIRECTION('',(0.,0.,1.));
#2083=DIRECTION('',(-1.,0.,0.));
#2084=DIRECTION('',(0.,-1.,0.));
#2085=DIRECTION('',(0.,0.,-1.));
#2086=DIRECTION('',(-1.,0.,0.));
#2087=DIRECTION('',(0.,0.,-1.));
#2088=DIRECTION('',(-1.,0.,0.));
#2089=DIRECTION('',(0.,-0.459363989189867,-0.888248121549138));
#2090=DIRECTION('',(0.,0.888248121549138,-0.459363989189867));
#2091=DIRECTION('',(0.,1.,-2.05011041985118E-15));
#2092=DIRECTION('',(0.,2.05011041985118E-15,1.));
#2093=DIRECTION('',(0.00554062941074564,-0.707095927507996,0.707095927528465));
#2094=DIRECTION('',(0.,-0.707106781196782,-0.707106781176313));
#2095=DIRECTION('',(0.,-0.888248121549138,-0.459363989189867));
#2096=DIRECTION('',(0.,0.459363989189867,-0.888248121549138));
#2097=DIRECTION('',(7.80527998189789E-17,-1.,0.));
#2098=DIRECTION('',(1.,7.80527998189789E-17,0.));
#2099=DIRECTION('',(0.,1.,-6.61325941887475E-17));
#2100=DIRECTION('',(0.,6.61325941887475E-17,1.));
#2101=DIRECTION('',(0.,0.,-1.));
#2102=DIRECTION('',(-1.,0.,0.));
#2103=DIRECTION('',(0.,-0.459363989189867,0.888248121549138));
#2104=DIRECTION('',(0.,-0.888248121549138,-0.459363989189867));
#2105=DIRECTION('',(1.36596592939504E-15,0.,-1.));
#2106=DIRECTION('',(-1.,0.,-1.36596592939504E-15));
#2107=DIRECTION('',(0.,1.,0.));
#2108=DIRECTION('',(0.,0.,1.));
#2109=DIRECTION('',(0.,-0.888248121549138,0.459363989189867));
#2110=DIRECTION('',(0.,-0.459363989189867,-0.888248121549138));
#2111=DIRECTION('',(0.00554062941079748,0.707095927506826,0.707095927529634));
#2112=DIRECTION('',(0.,-0.707106781197952,0.707106781175143));
#2113=DIRECTION('',(0.728484953154284,-0.685061802341804,1.87148471026347E-15));
#2114=DIRECTION('',(0.685061802341804,0.728484953154284,0.));
#2115=DIRECTION('',(0.999230775867043,0.0392155142787484,5.45949318051993E-15));
#2116=DIRECTION('',(-0.0392155142787484,0.999230775867043,0.));
#2117=DIRECTION('',(0.771876330671278,0.635772703211961,0.));
#2118=DIRECTION('',(-0.635772703211961,0.771876330671278,0.));
#2119=DIRECTION('',(0.771876330670607,-0.635772703212775,0.));
#2120=DIRECTION('',(0.635772703212775,0.771876330670607,0.));
#2121=DIRECTION('',(-0.999230775867055,0.0392155142784478,2.67827060005225E-17));
#2122=DIRECTION('',(-0.0392155142784478,-0.999230775867055,0.));
#2123=DIRECTION('',(-0.728484953152328,-0.685061802343885,-5.74804399924188E-13));
#2124=DIRECTION('',(0.685061802343885,-0.728484953152328,0.));
#2125=DIRECTION('',(-0.891645236579097,0.417083229038911,-0.176097564265614));
#2126=DIRECTION('',(-0.423704580013331,-0.905800435457903,0.));
#2127=DIRECTION('',(-0.891645236579097,-0.41708322903891,-0.176097564265614));
#2128=DIRECTION('',(0.423704580013331,-0.905800435457903,0.));
#2129=DIRECTION('',(-0.895622683609829,7.64595322281161E-16,-0.444814577777671));
#2130=DIRECTION('',(-0.444814577777671,0.,0.895622683609829));
#2131=DIRECTION('',(-0.895622683609839,1.24555121595102E-14,-0.444814577777651));
#2132=DIRECTION('',(-0.444814577777651,0.,0.895622683609839));
#2133=DIRECTION('',(-0.795119655856056,-1.86183945992004E-16,-0.606452580892643));
#2134=DIRECTION('',(-0.606452580892643,0.,0.795119655856056));
#2135=DIRECTION('',(-0.795119655856055,-6.20613153306681E-17,-0.606452580892644));
#2136=DIRECTION('',(-0.606452580892644,0.,0.795119655856055));
#2137=DIRECTION('',(7.80527998189789E-17,-1.,0.));
#2138=DIRECTION('',(1.,7.80527998189789E-17,0.));
#2139=DIRECTION('',(7.80527998189789E-17,-1.,0.));
#2140=DIRECTION('',(1.,7.80527998189789E-17,0.));
#2141=DIRECTION('',(7.80527998189789E-17,-1.,0.));
#2142=DIRECTION('',(1.,7.80527998189789E-17,0.));
#2143=DIRECTION('',(7.80527998189789E-17,-1.,0.));
#2144=DIRECTION('',(1.,7.80527998189789E-17,0.));
#2145=DIRECTION('',(0.999590375276873,0.,-0.0286196026149795));
#2146=DIRECTION('',(-0.0286196026149795,0.,-0.999590375276873));
#2147=DIRECTION('',(0.996794278003725,-2.01541848868074E-12,0.0800072955363022));
#2148=DIRECTION('',(0.0800072955363022,0.,-0.996794278003725));
#2149=DIRECTION('',(0.996794278003725,-2.01541848868074E-12,0.0800072955363022));
#2150=DIRECTION('',(0.0800072955363022,0.,-0.996794278003725));
#2151=DIRECTION('',(0.,0.,1.));
#2152=DIRECTION('',(1.,0.,0.));
#2153=DIRECTION('',(2.34158399456937E-16,-1.,0.));
#2154=DIRECTION('',(1.,2.34158399456937E-16,0.));
#2155=DIRECTION('',(0.999590375276873,0.,-0.0286196026149778));
#2156=DIRECTION('',(-0.0286196026149778,0.,-0.999590375276874));
#2157=DIRECTION('',(0.,0.,1.));
#2158=DIRECTION('',(1.,0.,0.));
#2159=DIRECTION('',(-0.996794278003725,8.5378035073967E-17,-0.0800072955363039));
#2160=DIRECTION('',(-0.0800072955363039,0.,0.996794278003725));
#2161=DIRECTION('',(-0.996794278003725,8.5378035073967E-17,-0.0800072955363039));
#2162=DIRECTION('',(-0.0800072955363039,0.,0.996794278003725));
#2163=DIRECTION('',(7.80527998189789E-17,-1.,0.));
#2164=DIRECTION('',(1.,7.80527998189789E-17,0.));
#2165=DIRECTION('',(7.80527998189789E-17,-1.,0.));
#2166=DIRECTION('',(1.,7.80527998189789E-17,0.));
#2167=DIRECTION('',(2.34158399456937E-16,-1.,0.));
#2168=DIRECTION('',(1.,2.34158399456937E-16,0.));
#2169=DIRECTION('',(7.80527998189789E-17,-1.,0.));
#2170=DIRECTION('',(1.,7.80527998189789E-17,0.));
#2171=DIRECTION('',(7.80527998189789E-17,-1.,0.));
#2172=DIRECTION('',(1.,7.80527998189789E-17,0.));
#2173=DIRECTION('',(2.34158399456937E-16,-1.,0.));
#2174=DIRECTION('',(1.,2.34158399456937E-16,0.));
#2175=DIRECTION('',(7.80527998189789E-17,-1.,0.));
#2176=DIRECTION('',(1.,7.80527998189789E-17,0.));
#2177=DIRECTION('',(-0.850291442824736,-0.222144134348482,-0.477133572318687));
#2178=DIRECTION('',(-0.489360821254929,0.,0.872081410546459));
#2179=DIRECTION('',(0.983541480520618,0.167815919043446,-0.0669624776342264));
#2180=DIRECTION('',(-0.168193430140654,0.985754010926418,0.));
#2181=DIRECTION('',(-0.850291442824736,0.222144134348482,-0.477133572318688));
#2182=DIRECTION('',(-0.48936082125493,0.,0.872081410546459));
#2183=DIRECTION('',(0.983541480520469,-0.167815919042961,-0.0669624776376353));
#2184=DIRECTION('',(0.168193430140206,0.985754010926495,0.));
#2185=DIRECTION('',(0.365649950691278,-6.35668549752632E-16,0.930752444831312));
#2186=DIRECTION('',(0.930752444831313,0.,-0.365649950691278));
#2187=DIRECTION('',(0.94585042974595,-5.38953056068961E-15,-0.324602779639057));
#2188=DIRECTION('',(-0.324602779639057,0.,-0.94585042974595));
#2189=DIRECTION('',(7.80527998189789E-17,-1.,0.));
#2190=DIRECTION('',(1.,7.80527998189789E-17,0.));
#2191=DIRECTION('',(7.80527998189789E-17,-1.,0.));
#2192=DIRECTION('',(1.,7.80527998189789E-17,0.));
#2193=DIRECTION('',(0.945850429745948,2.7711420384213E-16,-0.324602779639062));
#2194=DIRECTION('',(-0.324602779639063,0.,-0.945850429745948));
#2195=DIRECTION('',(0.365649950691285,-6.35668549752632E-16,0.93075244483131));
#2196=DIRECTION('',(0.93075244483131,0.,-0.365649950691285));
#2197=DIRECTION('',(2.34158399456937E-16,-1.,0.));
#2198=DIRECTION('',(1.,2.34158399456937E-16,0.));
#2199=DIRECTION('',(2.34158399456937E-16,-1.,0.));
#2200=DIRECTION('',(1.,2.34158399456937E-16,0.));
#2201=DIRECTION('',(0.0364515002337365,0.236336548639397,0.970987293381292));
#2202=DIRECTION('',(0.,-0.971633018109997,0.236493716868881));
#2203=DIRECTION('',(-2.88381981066887E-13,-5.09493213104583E-13,1.));
#2204=DIRECTION('',(0.,-1.,-5.09493213104583E-13));
#2205=DIRECTION('',(0.,0.,1.));
#2206=DIRECTION('',(1.,0.,0.));
#2207=DIRECTION('',(-0.663238439285997,0.,-0.748408159130748));
#2208=DIRECTION('',(-0.748408159130748,0.,0.663238439285997));
#2209=DIRECTION('',(-0.637086982026633,0.524750528874027,0.564585741742231));
#2210=DIRECTION('',(0.663238439285998,0.,0.748408159130748));
#2211=DIRECTION('',(0.997093780441451,0.0732234811033654,-0.0210312819409736));
#2212=DIRECTION('',(-0.0732396803928879,0.997314368299158,0.));
#2213=DIRECTION('',(-0.997361905549961,-0.0725871185686926,0.000582731194256749));
#2214=DIRECTION('',(0.0725871308931045,-0.99736207488991,0.));
#2215=DIRECTION('',(7.80527998189789E-17,-1.,0.));
#2216=DIRECTION('',(1.,7.80527998189789E-17,0.));
#2217=DIRECTION('',(-0.663238439285925,0.,-0.748408159130812));
#2218=DIRECTION('',(-0.748408159130812,0.,0.663238439285925));
#2219=DIRECTION('',(-0.637086982027735,-0.524750528871761,0.564585741743094));
#2220=DIRECTION('',(0.663238439285923,0.,0.748408159130813));
#2221=DIRECTION('',(7.80527998189789E-17,-1.,0.));
#2222=DIRECTION('',(1.,7.80527998189789E-17,0.));
#2223=DIRECTION('',(-0.997361905549959,0.0725871185687194,0.000582731194218106));
#2224=DIRECTION('',(-0.0725871308931314,-0.997362074889909,0.));
#2225=DIRECTION('',(0.997093780441452,-0.0732234811033408,-0.0210312819410038));
#2226=DIRECTION('',(0.0732396803928633,0.997314368299159,0.));
#2227=DIRECTION('',(0.,0.,1.));
#2228=DIRECTION('',(1.,0.,0.));
#2229=DIRECTION('',(8.7322905387507E-13,-9.62547682700553E-14,-1.));
#2230=DIRECTION('',(-1.,0.,-8.7322905387507E-13));
#2231=DIRECTION('',(-0.0364515002336888,0.236336548639431,-0.970987293381286));
#2232=DIRECTION('',(0.,0.971633018109988,0.236493716868915));
#2233=CARTESIAN_POINT('',(0.,0.,0.));
#2234=CARTESIAN_POINT('',(-0.1016,-3.46944695195361E-18,-0.0127));
#2235=CARTESIAN_POINT('',(-0.1016,0.,0.01905));
#2236=CARTESIAN_POINT('',(-0.1016,-0.00610572325665469,0.0138193987299489));
#2237=CARTESIAN_POINT('',(-0.1016,-0.00776105497957699,0.021148826276064));
#2238=CARTESIAN_POINT('',(-0.1016,-0.00610572325665199,0.0138193987299537));
#2239=CARTESIAN_POINT('',(-0.1016,-0.00734934159146082,0.0145705491187151));
#2240=CARTESIAN_POINT('',(-0.1016,-0.00940013272647191,0.0167993216029401));
#2241=CARTESIAN_POINT('',(-0.1016,-0.0101546687490848,0.0196812341827509));
#2242=CARTESIAN_POINT('',(-0.1016,-0.0101599444954485,0.021148826276064));
#2243=CARTESIAN_POINT('',(-0.1016,-0.0101599444954485,0.021148826276064));
#2244=CARTESIAN_POINT('',(-0.1016,0.0141007385309434,0.021148826276064));
#2245=CARTESIAN_POINT('',(-0.1016,-3.46944695195361E-18,-0.0127));
#2246=CARTESIAN_POINT('',(-0.1016,0.0141007385309434,0.021148826276064));
#2247=CARTESIAN_POINT('',(-0.1016,0.00776105497957699,0.021148826276064));
#2248=CARTESIAN_POINT('',(-0.1016,0.0101599444954485,0.021148826276064));
#2249=CARTESIAN_POINT('',(-0.1016,0.0101599444954485,0.021148826276064));
#2250=CARTESIAN_POINT('',(-0.1016,0.0101546553395618,0.0196775039598474));
#2251=CARTESIAN_POINT('',(-0.1016,0.00938816438812253,0.0167883595750071));
#2252=CARTESIAN_POINT('',(-0.1016,0.00736413880211914,0.0145794866924276));
#2253=CARTESIAN_POINT('',(-0.1016,0.00610572325664783,0.0138193987299512));
#2254=CARTESIAN_POINT('',(-0.1016,0.00610572325665228,0.0138193987299461));
#2255=CARTESIAN_POINT('',(-0.1016,0.,0.01905));
#2256=CARTESIAN_POINT('',(-0.00238835811614989,-3.46944695195361E-18,-0.0127));
#2257=CARTESIAN_POINT('',(0.0755354277937703,0.0109519894514913,-0.0127));
#2258=CARTESIAN_POINT('',(0.0772736442020279,0.0108837719265478,-0.0127));
#2259=CARTESIAN_POINT('',(0.0807354807841419,0.0106418239919428,-0.0127));
#2260=CARTESIAN_POINT('',(0.0858644515233464,0.00984457469901379,-0.0127));
#2261=CARTESIAN_POINT('',(0.0909081574280453,0.008391857314781,-0.0127));
#2262=CARTESIAN_POINT('',(0.094008787114389,0.00671469281189918,-0.0127));
#2263=CARTESIAN_POINT('',(0.0953407202564267,0.00561761715280221,-0.0127));
#2264=CARTESIAN_POINT('',(0.0755354277937703,0.0109519894514913,-0.0127));
#2265=CARTESIAN_POINT('',(0.0953407202564267,0.0056176171528022,-0.0127));
#2266=CARTESIAN_POINT('',(0.0953407202564266,4.1585812387544E-18,-0.0127));
#2267=CARTESIAN_POINT('',(0.0953407202564266,-0.00561761715280227,-0.0127));
#2268=CARTESIAN_POINT('',(0.0953407202564266,-0.00561761715280229,-0.0127));
#2269=CARTESIAN_POINT('',(0.0940087871143906,-0.00671469281189782,-0.0127));
#2270=CARTESIAN_POINT('',(0.0909081574280511,-0.00839185731477828,-0.0127));
#2271=CARTESIAN_POINT('',(0.0858644515233589,-0.00984457469901089,-0.0127));
#2272=CARTESIAN_POINT('',(0.0807354807841607,-0.0106418239919406,-0.0127));
#2273=CARTESIAN_POINT('',(0.0772736442020508,-0.0108837719265463,-0.0127));
#2274=CARTESIAN_POINT('',(0.0755354277937954,-0.0109519894514903,-0.0127));
#2275=CARTESIAN_POINT('',(0.0755354277937954,-0.0109519894514903,-0.0127));
#2276=CARTESIAN_POINT('',(0.0755354277937954,-0.0109519894514903,-0.0127));
#2277=CARTESIAN_POINT('',(0.0749093057324755,-0.0109765620519635,-0.0127));
#2278=CARTESIAN_POINT('',(0.0739629883677511,-0.0109332602105686,-0.0127));
#2279=CARTESIAN_POINT('',(0.0727555332552989,-0.0106487712352105,-0.0127));
#2280=CARTESIAN_POINT('',(0.0721691927735335,-0.0103949900157856,-0.0127));
#2281=CARTESIAN_POINT('',(0.0719366797914315,-0.0101763365461471,-0.0127));
#2282=CARTESIAN_POINT('',(0.0719366797914314,-0.0101763365461471,-0.0127));
#2283=CARTESIAN_POINT('',(0.0719366797914314,2.33183035338485E-18,-0.0127));
#2284=CARTESIAN_POINT('',(0.0719366797914314,0.0101763365461468,-0.0127));
#2285=CARTESIAN_POINT('',(0.0719366797914311,0.0101763365461468,-0.0127));
#2286=CARTESIAN_POINT('',(0.0721681598758383,0.0103940186865175,-0.0127));
#2287=CARTESIAN_POINT('',(0.0727569004117939,0.0106501315861643,-0.0127));
#2288=CARTESIAN_POINT('',(0.0739774040793329,0.0109349721901621,-0.0127));
#2289=CARTESIAN_POINT('',(0.0749087974708991,0.0109765819990449,-0.0127));
#2290=CARTESIAN_POINT('',(0.0755354277937703,0.0109519894514913,-0.0127));
#2291=CARTESIAN_POINT('',(-0.079375,-0.01778,-0.0127));
#2292=CARTESIAN_POINT('',(-0.0939799999999999,-0.01778,0.0211797039840059));
#2293=CARTESIAN_POINT('',(-0.0924895006325901,-0.01778,0.0206486360710713));
#2294=CARTESIAN_POINT('',(-0.0896653995369074,-0.01778,0.0192877853400531));
#2295=CARTESIAN_POINT('',(-0.0858423786319178,-0.01778,0.0163421580251925));
#2296=CARTESIAN_POINT('',(-0.0827048805272265,-0.01778,0.0128079640043645));
#2297=CARTESIAN_POINT('',(-0.0809785451081824,-0.01778,0.0101041528825708));
#2298=CARTESIAN_POINT('',(-0.0802142294390597,-0.01778,0.00871862579828679));
#2299=CARTESIAN_POINT('',(-0.09398,-0.01778,0.0211797039840057));
#2300=CARTESIAN_POINT('',(-0.0802142294390597,-0.01778,0.0087186257982868));
#2301=CARTESIAN_POINT('',(-0.0763814372357176,-0.01778,0.00721289751581532));
#2302=CARTESIAN_POINT('',(-0.0737985306611234,-0.01778,0.010420093699642));
#2303=CARTESIAN_POINT('',(-0.0697312876582146,-0.01778,0.00719017954543233));
#2304=CARTESIAN_POINT('',(-0.0738205032766813,-0.01778,0.0039881291532675));
#2305=CARTESIAN_POINT('',(-0.0763814372357176,-0.01778,0.00721289751581532));
#2306=CARTESIAN_POINT('',(-0.0777181353125185,-0.01778,0.00331793256268524));
#2307=CARTESIAN_POINT('',(-0.0777181353125185,-0.01778,0.00331793256268524));
#2308=CARTESIAN_POINT('',(-0.076727066102834,-0.01778,0.000758357242529697));
#2309=CARTESIAN_POINT('',(-0.0759278765145118,-0.01778,-0.00189127935487748));
#2310=CARTESIAN_POINT('',(-0.0752577808453695,-0.01778,-0.00456016519311889));
#2311=CARTESIAN_POINT('',(-0.0752577808453696,-0.01778,-0.00456016519311887));
#2312=CARTESIAN_POINT('',(-0.0752577808453696,-0.01778,-0.00456016519311887));
#2313=CARTESIAN_POINT('',(-0.073460631798913,-0.01778,-0.00456144670748171));
#2314=CARTESIAN_POINT('',(-0.07166505558798,-0.01778,-0.00451142650416809));
#2315=CARTESIAN_POINT('',(-0.0698714856665644,-0.01778,-0.00442458820935689));
#2316=CARTESIAN_POINT('',(-0.0698714856665644,-0.01778,-0.0044245882093569));
#2317=CARTESIAN_POINT('',(-0.0685863196849823,-0.01778,-0.005461));
#2318=CARTESIAN_POINT('',(-0.0674284885379059,-0.01778,-0.00428404289166527));
#2319=CARTESIAN_POINT('',(-0.0674284885379059,-0.01778,-0.00428404289166532));
#2320=CARTESIAN_POINT('',(-0.0667147301586848,-0.01778,-0.00423673910221842));
#2321=CARTESIAN_POINT('',(-0.0660012071103286,-0.01778,-0.00418420686787907));
#2322=CARTESIAN_POINT('',(-0.0652878965687282,-0.01778,-0.00412695328148689));
#2323=CARTESIAN_POINT('',(-0.0652878965687126,-0.01778,-0.00412695328148564));
#2324=CARTESIAN_POINT('',(-0.0652878965687126,-0.01778,-0.00412695328148561));
#2325=CARTESIAN_POINT('',(-0.0627459500957323,-0.01778,-0.00218816332996549));
#2326=CARTESIAN_POINT('',(-0.0600173283438611,-0.01778,-0.000511473744247966));
#2327=CARTESIAN_POINT('',(-0.05715,-0.01778,0.000912596313339086));
#2328=CARTESIAN_POINT('',(-0.05715,-0.01778,0.000912596313339082));
#2329=CARTESIAN_POINT('',(-0.05715,-0.01778,-0.0127));
#2330=CARTESIAN_POINT('',(-0.05715,-0.01778,0.0250895648070074));
#2331=CARTESIAN_POINT('',(-0.1016,-0.01778,0.0250895648070074));
#2332=CARTESIAN_POINT('',(-0.09398,-0.01778,0.0250895648070074));
#2333=CARTESIAN_POINT('',(-0.09398,-0.01778,-0.0127));
#2334=CARTESIAN_POINT('',(-0.05715,-0.01778,0.000767534502377031));
#2335=CARTESIAN_POINT('',(-0.05715,-0.01778,0.0252346266179695));
#2336=CARTESIAN_POINT('',(-0.04704751756112,-0.01778,0.000767534502377031));
#2337=CARTESIAN_POINT('',(-0.04704751756112,-0.01778,0.0252346266179695));
#2338=CARTESIAN_POINT('',(-0.0397552092623733,-0.0162295094571511,0.000767534502377031));
#2339=CARTESIAN_POINT('',(-0.0397552092623733,-0.0162295094571511,0.0252346266179695));
#2340=CARTESIAN_POINT('',(-0.0352730751037598,-0.0131285283714533,0.000767534502377031));
#2341=CARTESIAN_POINT('',(-0.0352730751037598,-0.0131285283714533,0.0252346266179695));
#2342=CARTESIAN_POINT('',(-0.05715,-0.01778,0.000912596313339064));
#2343=CARTESIAN_POINT('',(-0.0535013336777248,-0.01777999899071,0.00257554689468766));
#2344=CARTESIAN_POINT('',(-0.0496401860819303,-0.0175964057876473,0.00384443493310849));
#2345=CARTESIAN_POINT('',(-0.0458020778987114,-0.0169415318805355,0.00475232584770869));
#2346=CARTESIAN_POINT('',(-0.0458020778987114,-0.0169415318805355,0.00475232584770869));
#2347=CARTESIAN_POINT('',(-0.0458020778987114,-0.0169415318805355,0.00475232584770869));
#2348=CARTESIAN_POINT('',(-0.047175535120715,-0.0171758768375529,0.00484066391335554));
#2349=CARTESIAN_POINT('',(-0.0491934507231,-0.0174160072653019,0.00567664851252852));
#2350=CARTESIAN_POINT('',(-0.0508716735219266,-0.017555196744301,0.00795309857956713));
#2351=CARTESIAN_POINT('',(-0.0514097383600211,-0.0175926581690731,0.0100034773871717));
#2352=CARTESIAN_POINT('',(-0.0511347755936392,-0.0175740309762342,0.0121114259861427));
#2353=CARTESIAN_POINT('',(-0.049753343162726,-0.0174674173660122,0.0145761902022239));
#2354=CARTESIAN_POINT('',(-0.0465392287470464,-0.0171267580095386,0.0163504950821504));
#2355=CARTESIAN_POINT('',(-0.0430063168321498,-0.0164092171955268,0.0157797711538728));
#2356=CARTESIAN_POINT('',(-0.0407977294661313,-0.0157605546240444,0.0141700043148364));
#2357=CARTESIAN_POINT('',(-0.0396216974920373,-0.0153453681681344,0.0124646956699078));
#2358=CARTESIAN_POINT('',(-0.039164451032495,-0.0151637398007728,0.01039014263632));
#2359=CARTESIAN_POINT('',(-0.03959594726707,-0.0153353772278023,0.0083067797246856));
#2360=CARTESIAN_POINT('',(-0.0407569925225174,-0.0157477297177658,0.0065844113121969));
#2361=CARTESIAN_POINT('',(-0.0418575649257754,-0.0160715552532339,0.00576904392636359));
#2362=CARTESIAN_POINT('',(-0.0424566106850104,-0.0162280598290983,0.00545795208237247));
#2363=CARTESIAN_POINT('',(-0.0424566106850104,-0.0162280598290983,0.00545795208237244));
#2364=CARTESIAN_POINT('',(-0.0424566106850104,-0.0162280598290983,0.00545795208237244));
#2365=CARTESIAN_POINT('',(-0.0409101962672483,-0.0158240490689328,0.00574552728559901));
#2366=CARTESIAN_POINT('',(-0.0393604964647747,-0.0153045729308553,0.00598013934642483));
#2367=CARTESIAN_POINT('',(-0.0378890493903971,-0.0146162768777122,0.00615857653523872));
#2368=CARTESIAN_POINT('',(-0.0378890493903971,-0.0146162768777122,0.00615857653523872));
#2369=CARTESIAN_POINT('',(-0.0378890493903971,-0.0146162768777122,0.00615857653523872));
#2370=CARTESIAN_POINT('',(-0.0369801839392654,-0.0141911385802631,0.00626879143806362));
#2371=CARTESIAN_POINT('',(-0.0360993975562188,-0.0137002202290571,0.00632351256907118));
#2372=CARTESIAN_POINT('',(-0.0352730751037598,-0.0131285283714533,0.0063524940692382));
#2373=CARTESIAN_POINT('',(-0.0352730751037598,-0.0131285283714533,0.0063524940692382));
#2374=CARTESIAN_POINT('',(-0.0352730751037598,-0.0131285283714533,-0.0127));
#2375=CARTESIAN_POINT('',(-0.0352730751037598,-0.0131285283714533,0.017197623079623));
#2376=CARTESIAN_POINT('',(-0.0352730751037598,-0.0131285283714533,0.017197623079623));
#2377=CARTESIAN_POINT('',(-0.036766253129616,-0.0141615854207363,0.0181007940851039));
#2378=CARTESIAN_POINT('',(-0.0400333092697802,-0.0156721660304278,0.020073779782055));
#2379=CARTESIAN_POINT('',(-0.0453112284984667,-0.0169738969211594,0.0227175510583775));
#2380=CARTESIAN_POINT('',(-0.0511174910661997,-0.0176578757821068,0.0246267863969544));
#2381=CARTESIAN_POINT('',(-0.0551220687020712,-0.0177799993848366,0.0250895648070075));
#2382=CARTESIAN_POINT('',(-0.05715,-0.01778,0.0250895648070075));
#2383=CARTESIAN_POINT('',(-0.0352730751037598,-0.0131285283714533,0.00251630274378789));
#2384=CARTESIAN_POINT('',(-0.0352730751037598,-0.0131285283714533,0.0184817698968243));
#2385=CARTESIAN_POINT('',(-0.0323187733689944,-0.0088709822545449,0.00251630274378789));
#2386=CARTESIAN_POINT('',(-0.0323187733689944,-0.0088709822545449,0.0184817698968243));
#2387=CARTESIAN_POINT('',(-0.0276639151076476,-0.00712241015086572,0.00251630274378789));
#2388=CARTESIAN_POINT('',(-0.0276639151076476,-0.00712241015086572,0.0184817698968243));
#2389=CARTESIAN_POINT('',(-0.0213085003197193,-0.00788281206041575,0.00251630274378789));
#2390=CARTESIAN_POINT('',(-0.0213085003197193,-0.00788281206041575,0.0184817698968243));
#2391=CARTESIAN_POINT('',(-0.0352730751037598,-0.0131285283714533,0.00635249406923821));
#2392=CARTESIAN_POINT('',(-0.0352730751037598,-0.0131285283714533,0.00586854524520755));
#2393=CARTESIAN_POINT('',(-0.0351302600091773,-0.0129168558202457,0.00491823833596237));
#2394=CARTESIAN_POINT('',(-0.0345375579283403,-0.0121359810513395,0.00382862493385844));
#2395=CARTESIAN_POINT('',(-0.0336996933403961,-0.0112208074511211,0.00309221953977303));
#2396=CARTESIAN_POINT('',(-0.0330308458791262,-0.0106325755250989,0.00275313484660555));
#2397=CARTESIAN_POINT('',(-0.0326691810445775,-0.0103515142351671,0.00261095966366755));
#2398=CARTESIAN_POINT('',(-0.0326691810445787,-0.0103515142351681,0.00261095966366788));
#2399=CARTESIAN_POINT('',(-0.0326691810445787,-0.0103515142351681,0.00261095966366787));
#2400=CARTESIAN_POINT('',(-0.0318840341543224,-0.00974135151908105,0.00272823128921304));
#2401=CARTESIAN_POINT('',(-0.0301526898818511,-0.00872575274580312,0.00297610674207107));
#2402=CARTESIAN_POINT('',(-0.0263013200112664,-0.00761188236214327,0.00343906308796172));
#2403=CARTESIAN_POINT('',(-0.0233070205173391,-0.00764369876177168,0.00369450602809158));
#2404=CARTESIAN_POINT('',(-0.0213085003197193,-0.00788281206041575,0.00383007362855019));
#2405=CARTESIAN_POINT('',(-0.0213085003197193,-0.00788281206041574,0.00383007362855018));
#2406=CARTESIAN_POINT('',(-0.0213085003197193,-0.00788281206041574,-0.0127));
#2407=CARTESIAN_POINT('',(-0.0213085003197193,-0.00788281206041575,0.0115101706832164));
#2408=CARTESIAN_POINT('',(-0.0323827799821797,-0.0101359461264118,0.0171946347902837));
#2409=CARTESIAN_POINT('',(-0.0320014997286893,-0.00985808753851322,0.0169217183429476));
#2410=CARTESIAN_POINT('',(-0.0312180659393791,-0.00935855953308988,0.0163631406247474));
#2411=CARTESIAN_POINT('',(-0.029990973565455,-0.00876533399062913,0.0154749183933341));
#2412=CARTESIAN_POINT('',(-0.0287005266589098,-0.00830827575657869,0.0145874648059462));
#2413=CARTESIAN_POINT('',(-0.0268552025574137,-0.00786357107288963,0.0136065380794469));
#2414=CARTESIAN_POINT('',(-0.0243756509164255,-0.00763487523244963,0.0125387687260672));
#2415=CARTESIAN_POINT('',(-0.0223341976590202,-0.00776009116155228,0.0118351275983673));
#2416=CARTESIAN_POINT('',(-0.0213085003197193,-0.00788281206041575,0.0115101706832164));
#2417=CARTESIAN_POINT('',(-0.0323827799821797,-0.0101359461264118,0.0171946347902837));
#2418=CARTESIAN_POINT('',(-0.0323827799821797,-0.0101359461264118,0.0171946347902837));
#2419=CARTESIAN_POINT('',(-0.0326685917525483,-0.0103442319062084,0.0174374795385975));
#2420=CARTESIAN_POINT('',(-0.0332346151059467,-0.0107959070242027,0.0178760292638138));
#2421=CARTESIAN_POINT('',(-0.0339497047174287,-0.0114882630944116,0.0182833924935797));
#2422=CARTESIAN_POINT('',(-0.0345167158041866,-0.0121284722484162,0.0184091508682976));
#2423=CARTESIAN_POINT('',(-0.0349311287193257,-0.0126491637437341,0.01832073786544));
#2424=CARTESIAN_POINT('',(-0.0352270176726618,-0.0130605763247865,0.0178592266661324));
#2425=CARTESIAN_POINT('',(-0.0352730751037597,-0.0131285283714533,0.0174158403114762));
#2426=CARTESIAN_POINT('',(-0.0352730751037598,-0.0131285283714533,0.017197623079623));
#2427=CARTESIAN_POINT('',(0.0120641253888607,-0.00788281206041574,-0.0127));
#2428=CARTESIAN_POINT('',(-0.0213085003197193,-0.00788281206041575,0.00383007362855019));
#2429=CARTESIAN_POINT('',(-0.0213085003197193,-0.00788281206041575,0.00382098883610147));
#2430=CARTESIAN_POINT('',(-0.0213082278559504,-0.00788281206041574,0.00381191223883378));
#2431=CARTESIAN_POINT('',(-0.0213076813019337,-0.00788281206041574,0.00380284388566847));
#2432=CARTESIAN_POINT('',(-0.0213076813019337,-0.00788281206041575,0.00380284388566847));
#2433=CARTESIAN_POINT('',(-0.0213076813019337,-0.00788281206041573,0.00380284388566847));
#2434=CARTESIAN_POINT('',(-0.0101228364112222,-0.00788281206041573,0.00448661657823835));
#2435=CARTESIAN_POINT('',(0.00668790916541741,-0.00788281206041574,0.00443437520669317));
#2436=CARTESIAN_POINT('',(0.0289696121841069,-0.00788281206041577,0.00198680795622363));
#2437=CARTESIAN_POINT('',(0.0399673299211454,-0.00788281206041574,-4.10111601450475E-5));
#2438=CARTESIAN_POINT('',(0.0454367510974407,-0.00788281206041574,-0.00126081138276269));
#2439=CARTESIAN_POINT('',(0.0454367510974407,-0.00788281206041573,-0.00126081138276269));
#2440=CARTESIAN_POINT('',(0.0454367510974407,-0.00788281206041573,-0.0127));
#2441=CARTESIAN_POINT('',(0.0454367510974407,-0.00788281206041573,0.00678426267880645));
#2442=CARTESIAN_POINT('',(0.0124897568084968,-0.00788281206041574,0.00747919984478966));
#2443=CARTESIAN_POINT('',(0.00334756169468161,-0.00788281206041575,0.00767203234136105));
#2444=CARTESIAN_POINT('',(-0.00843482641503229,-0.00788281206041576,0.0145004629157483));
#2445=CARTESIAN_POINT('',(0.0454367510974407,-0.00788281206041573,-0.00425150656134485));
#2446=CARTESIAN_POINT('',(0.0454367510974407,-0.00788281206041573,0.00685008237606382));
#2447=CARTESIAN_POINT('',(0.0504506039850043,-0.00788281206041573,-0.00425150656134485));
#2448=CARTESIAN_POINT('',(0.0504506039850043,-0.00788281206041573,0.00685008237606382));
#2449=CARTESIAN_POINT('',(0.0530798939232364,-0.00872424703082054,-0.00425150656134485));
#2450=CARTESIAN_POINT('',(0.0530798939232364,-0.00872424703082054,0.00685008237606382));
#2451=CARTESIAN_POINT('',(0.0533246209121369,-0.0104071169716302,-0.00425150656134485));
#2452=CARTESIAN_POINT('',(0.0533246209121369,-0.0104071169716302,0.00685008237606382));
#2453=CARTESIAN_POINT('',(0.0454367510974407,-0.00788281206041573,-0.00126081138276269));
#2454=CARTESIAN_POINT('',(0.0461876271750438,-0.00788281254905895,-0.00144251039594344));
#2455=CARTESIAN_POINT('',(0.0476857203275951,-0.00791968550470509,-0.00182050430328672));
#2456=CARTESIAN_POINT('',(0.049546057136965,-0.00811185298097454,-0.00234556414038391));
#2457=CARTESIAN_POINT('',(0.0509717019598457,-0.00842962708717262,-0.00282543528578007));
#2458=CARTESIAN_POINT('',(0.0519869117217342,-0.00879607884029892,-0.00323530709475645));
#2459=CARTESIAN_POINT('',(0.0528876602548439,-0.00937054199889764,-0.00376241500167405));
#2460=CARTESIAN_POINT('',(0.0532626337155513,-0.0100047920422866,-0.00413241900557621));
#2461=CARTESIAN_POINT('',(0.0533223933200832,-0.0103922487612841,-0.0041856868640875));
#2462=CARTESIAN_POINT('',(0.0533223933200832,-0.0103922487612841,-0.00418568686408749));
#2463=CARTESIAN_POINT('',(0.0533223933200832,-0.0103922487612841,-0.00418568686408748));
#2464=CARTESIAN_POINT('',(0.0533239526154802,-0.0104023585918817,-0.00408351303178596));
#2465=CARTESIAN_POINT('',(0.0533246209121369,-0.0104071169716301,-0.00398107380855265));
#2466=CARTESIAN_POINT('',(0.0533246209121369,-0.0104071169716302,-0.00387839950476326));
#2467=CARTESIAN_POINT('',(0.0533246209121369,-0.0104071169716301,-0.00387839950476333));
#2468=CARTESIAN_POINT('',(0.0533246209121369,-0.0104071169716301,-0.00387839950476333));
#2469=CARTESIAN_POINT('',(0.0533246209121369,-0.0104071169716301,0.00653080602209908));
#2470=CARTESIAN_POINT('',(0.0533246209121369,-0.0104071169716301,0.00653080602209908));
#2471=CARTESIAN_POINT('',(0.05328901861934,-0.0101622971067184,0.00659568623226504));
#2472=CARTESIAN_POINT('',(0.05319759709021,-0.00992216881579988,0.00662056640130847));
#2473=CARTESIAN_POINT('',(0.0530555282651425,-0.00970959729506013,0.00662356299959605));
#2474=CARTESIAN_POINT('',(0.0530555282651425,-0.00970959729506013,0.00662356299959605));
#2475=CARTESIAN_POINT('',(0.0454367510974407,-0.00788281206041573,0.00678426267880645));
#2476=CARTESIAN_POINT('',(0.0461081776069721,-0.00788281206041573,0.0067701005603562));
#2477=CARTESIAN_POINT('',(0.0474491150776571,-0.00791216157112852,0.0067418167273162));
#2478=CARTESIAN_POINT('',(0.0494442524698927,-0.00809147350451399,0.00669973412903886));
#2479=CARTESIAN_POINT('',(0.0511019545257201,-0.00843362549455633,0.00666476891313424));
#2480=CARTESIAN_POINT('',(0.0523425498794477,-0.0089829550518859,0.0066386015543855));
#2481=CARTESIAN_POINT('',(0.0528673491985922,-0.00942803298755656,0.00662753218191535));
#2482=CARTESIAN_POINT('',(0.0530555282651425,-0.00970959729506008,0.00662356299959605));
#2483=CARTESIAN_POINT('',(0.0555598870534752,-0.0125662971719104,-0.01016));
#2484=CARTESIAN_POINT('',(0.0555598870534752,-0.0125662971719104,0.00410941052091098));
#2485=CARTESIAN_POINT('',(0.0764636181009615,-0.0148704850353656,-0.01016));
#2486=CARTESIAN_POINT('',(0.0764636181009615,-0.0148704850353656,0.00410941052091098));
#2487=CARTESIAN_POINT('',(0.0903028405362298,-0.0131739428811716,-0.01016));
#2488=CARTESIAN_POINT('',(0.0903028405362298,-0.0131739428811716,0.00410941052091098));
#2489=CARTESIAN_POINT('',(0.0970775543592801,-0.00747667070932861,-0.01016));
#2490=CARTESIAN_POINT('',(0.0970775543592801,-0.00747667070932861,0.00410941052091098));
#2491=CARTESIAN_POINT('',(0.0622271546877132,-0.0131833257093664,0.003885620936986));
#2492=CARTESIAN_POINT('',(0.0600009973232748,-0.0130198436033759,0.00393184236651096));
#2493=CARTESIAN_POINT('',(0.0577785775984208,-0.0128108602030177,0.0039780806096325));
#2494=CARTESIAN_POINT('',(0.0555598870534751,-0.0125662971719104,0.00402430469275444));
#2495=CARTESIAN_POINT('',(0.0622271546877132,-0.0131833257093664,0.003885620936986));
#2496=CARTESIAN_POINT('',(0.0555598870534752,-0.0125662971719104,0.00402430469275444));
#2497=CARTESIAN_POINT('',(0.0555598870534752,-0.0125662971719104,0.00402430469275443));
#2498=CARTESIAN_POINT('',(0.0555598870534685,-0.0125662971719096,-0.00387839950475842));
#2499=CARTESIAN_POINT('',(0.0555598870534685,-0.0125662971719096,-0.00387839950475841));
#2500=CARTESIAN_POINT('',(0.0585786394221563,-0.0128990498539504,-0.0046902154621606));
#2501=CARTESIAN_POINT('',(0.0646050636719307,-0.0134298012081935,-0.00643091041821404));
#2502=CARTESIAN_POINT('',(0.0705603802618739,-0.013596686475129,-0.00841522379448532));
#2503=CARTESIAN_POINT('',(0.073526466968811,-0.0135481859977147,-0.00943603559673116));
#2504=CARTESIAN_POINT('',(0.073526466968811,-0.0135481859977147,-0.00943603559673115));
#2505=CARTESIAN_POINT('',(0.075618833861775,-0.0134906699455113,-0.0101544512913534));
#2506=CARTESIAN_POINT('',(0.0759237971706855,-0.0134787582684531,-0.0100242766117783));
#2507=CARTESIAN_POINT('',(0.0764499535507668,-0.0134547393193896,-0.00957830309999742));
#2508=CARTESIAN_POINT('',(0.0767236903306576,-0.0134402246802162,-0.00856933502246996));
#2509=CARTESIAN_POINT('',(0.0763784652283233,-0.0134583505920781,-0.00759109320606644));
#2510=CARTESIAN_POINT('',(0.0755400564169252,-0.0134955986129625,-0.0069772100484424));
#2511=CARTESIAN_POINT('',(0.0745006208664757,-0.0135291547490046,-0.00694638015592104));
#2512=CARTESIAN_POINT('',(0.073626217353986,-0.0135472186132642,-0.00750978061346745));
#2513=CARTESIAN_POINT('',(0.0732252614045031,-0.0135525740454999,-0.00846886007071301));
#2514=CARTESIAN_POINT('',(0.0733658149388338,-0.0135508129270399,-0.00914602930989199));
#2515=CARTESIAN_POINT('',(0.073526466968811,-0.0135481859977147,-0.00943603559673115));
#2516=CARTESIAN_POINT('',(0.075618833861775,-0.0134906699455113,-0.0101544512913534));
#2517=CARTESIAN_POINT('',(0.0756188338617717,-0.0134906699455115,-0.0101544512913634));
#2518=CARTESIAN_POINT('',(0.0756242342986012,-0.0134904590078098,-0.0101563008958328));
#2519=CARTESIAN_POINT('',(0.0756296347446938,-0.0134902475668602,-0.0101581504653946));
#2520=CARTESIAN_POINT('',(0.0756350352000634,-0.0134900356221926,-0.01016));
#2521=CARTESIAN_POINT('',(0.0756350352000634,-0.0134900356221926,-0.01016));
#2522=CARTESIAN_POINT('',(0.0756350352000634,-0.0134900356221926,-0.01016));
#2523=CARTESIAN_POINT('',(0.0781203386527006,-0.0133924981409739,-0.01016));
#2524=CARTESIAN_POINT('',(0.080590990704537,-0.0131922994380035,-0.01016));
#2525=CARTESIAN_POINT('',(0.0830385144257546,-0.0128300423277395,-0.01016));
#2526=CARTESIAN_POINT('',(0.0830385144257546,-0.0128300423277395,-0.01016));
#2527=CARTESIAN_POINT('',(0.0843085144257691,-0.0126263056943095,-0.010159999999994));
#2528=CARTESIAN_POINT('',(0.084655429593185,-0.0125661941488924,-0.0100154520135668));
#2529=CARTESIAN_POINT('',(0.0852468608384645,-0.0124552365863771,-0.00948254165611708));
#2530=CARTESIAN_POINT('',(0.0854261962170359,-0.0124189756393765,-0.00828114215743767));
#2531=CARTESIAN_POINT('',(0.0848003035971023,-0.0125416458222397,-0.00725236711867528));
#2532=CARTESIAN_POINT('',(0.0836792513109933,-0.0127361298567458,-0.00685261924330907));
#2533=CARTESIAN_POINT('',(0.0825509264350716,-0.012902580982899,-0.00724719311051472));
#2534=CARTESIAN_POINT('',(0.0819217859712789,-0.0129837548816828,-0.00827806003951104));
#2535=CARTESIAN_POINT('',(0.0820968370535701,-0.0129620081417757,-0.00947694007199701));
#2536=CARTESIAN_POINT('',(0.082690392110029,-0.0128815677871334,-0.0100149490351143));
#2537=CARTESIAN_POINT('',(0.0830385144257546,-0.0128300423277395,-0.01016));
#2538=CARTESIAN_POINT('',(0.0843085144257691,-0.0126263056943095,-0.010159999999994));
#2539=CARTESIAN_POINT('',(0.0843085144257691,-0.0126263056943095,-0.01016));
#2540=CARTESIAN_POINT('',(0.0865603159400589,-0.0122361259566957,-0.01016));
#2541=CARTESIAN_POINT('',(0.0910480941245619,-0.0111554114690335,-0.01016));
#2542=CARTESIAN_POINT('',(0.0951989577446163,-0.00902506551057358,-0.01016));
#2543=CARTESIAN_POINT('',(0.0969555829225775,-0.0075781830327135,-0.01016));
#2544=CARTESIAN_POINT('',(0.0969555829225775,-0.0075781830327135,-0.01016));
#2545=CARTESIAN_POINT('',(0.0969555829225775,-0.00757818303271351,-0.0101599999999929));
#2546=CARTESIAN_POINT('',(0.0958440300162866,-0.00849373772447424,-0.00933505362845608));
#2547=CARTESIAN_POINT('',(0.0934914675453732,-0.00993636010868045,-0.00761375159476763));
#2548=CARTESIAN_POINT('',(0.0896782920161739,-0.0114299215683776,-0.00501485610046939));
#2549=CARTESIAN_POINT('',(0.085552493976305,-0.0124627532547215,-0.00252378983967541));
#2550=CARTESIAN_POINT('',(0.0812506639370097,-0.0131179871541777,-0.000337311363607579));
#2551=CARTESIAN_POINT('',(0.076762521954802,-0.0134819032388015,0.00147665365788062));
#2552=CARTESIAN_POINT('',(0.0704486366924251,-0.0136356725053456,0.00331520457367898));
#2553=CARTESIAN_POINT('',(0.0656074250834492,-0.0134293736285685,0.00388260899838009));
#2554=CARTESIAN_POINT('',(0.062332970546466,-0.01319106171952,0.00388449214262224));
#2555=CARTESIAN_POINT('',(0.062332970546466,-0.01319106171952,0.00388449214262224));
#2556=CARTESIAN_POINT('',(0.0622271546877132,-0.0131833257093664,0.003885620936986));
#2557=CARTESIAN_POINT('',(0.062262422020395,-0.0131859156331119,0.0038848886857226));
#2558=CARTESIAN_POINT('',(0.0622976939720645,-0.013188494321593,0.00388451243023876));
#2559=CARTESIAN_POINT('',(0.062332970546466,-0.01319106171952,0.00388449214262224));
#2560=CARTESIAN_POINT('',(0.0806313312506122,-0.0131373147726884,-0.00675758103419714));
#2561=CARTESIAN_POINT('',(0.0811714586449789,-0.013074546692768,-0.00546070883609881));
#2562=CARTESIAN_POINT('',(0.0806317157774818,-0.0131372635166278,-0.00416558362140762));
#2563=CARTESIAN_POINT('',(0.0793433906603261,-0.0132641634836892,-0.00363259268401602));
#2564=CARTESIAN_POINT('',(0.0780491630100432,-0.0133621852958839,-0.00416405238740529));
#2565=CARTESIAN_POINT('',(0.0775100887725522,-0.0133950721923291,-0.00546076836459174));
#2566=CARTESIAN_POINT('',(0.0780473640936855,-0.0133622993641916,-0.00675546704352421));
#2567=CARTESIAN_POINT('',(0.0793405118231224,-0.0132644200913003,-0.007289737922837));
#2568=CARTESIAN_POINT('',(0.0806313312506122,-0.0131373147726884,-0.00675758103419714));
#2569=CARTESIAN_POINT('',(0.0811714586449789,-0.013074546692768,-0.00546070883609881));
#2570=CARTESIAN_POINT('',(0.0806317157774818,-0.0131372635166278,-0.00416558362140762));
#2571=CARTESIAN_POINT('',(0.0809914802680051,-0.0130954608433976,-0.00546100000000077));
#2572=CARTESIAN_POINT('',(0.0555598870535003,0.0125662971719131,-0.0101600000000003));
#2573=CARTESIAN_POINT('',(0.0555598870535003,0.0125662971719131,0.00410941052091098));
#2574=CARTESIAN_POINT('',(0.0764636181009823,0.0148704850353653,-0.0101600000000003));
#2575=CARTESIAN_POINT('',(0.0764636181009823,0.0148704850353653,0.00410941052091098));
#2576=CARTESIAN_POINT('',(0.0903028405362454,0.0131739428811678,-0.0101600000000003));
#2577=CARTESIAN_POINT('',(0.0903028405362454,0.0131739428811678,0.00410941052091098));
#2578=CARTESIAN_POINT('',(0.0970775543592896,0.00747667070932065,-0.0101600000000003));
#2579=CARTESIAN_POINT('',(0.0970775543592896,0.00747667070932065,0.00410941052091098));
#2580=CARTESIAN_POINT('',(0.073526466968811,0.0135481859977147,-0.00943603559673116));
#2581=CARTESIAN_POINT('',(0.0705603802618751,0.013596686475129,-0.00841522379448569));
#2582=CARTESIAN_POINT('',(0.0646050636719339,0.0134298012081937,-0.0064309104182151));
#2583=CARTESIAN_POINT('',(0.0585786394221618,0.0128990498539509,-0.00469021546216217));
#2584=CARTESIAN_POINT('',(0.0555598870534751,0.0125662971719104,-0.00387839950476019));
#2585=CARTESIAN_POINT('',(0.073526466968811,0.0135481859977147,-0.00943603559673122));
#2586=CARTESIAN_POINT('',(0.0555598870534751,0.0125662971719104,-0.00387839950476017));
#2587=CARTESIAN_POINT('',(0.0555598870534752,0.0125662971719104,-0.00387839950476095));
#2588=CARTESIAN_POINT('',(0.0555598870534752,0.0125662971719104,0.00402430469275444));
#2589=CARTESIAN_POINT('',(0.0555598870534752,0.0125662971719104,0.00402430469275444));
#2590=CARTESIAN_POINT('',(0.0577785775984209,0.0128108602030175,0.00397808060963249));
#2591=CARTESIAN_POINT('',(0.0600009973233278,0.0130198436027666,0.00393184236651113));
#2592=CARTESIAN_POINT('',(0.0622271546877132,0.0131833257093664,0.003885620936986));
#2593=CARTESIAN_POINT('',(0.0622271546877132,0.0131833257093664,0.003885620936986));
#2594=CARTESIAN_POINT('',(0.062332970546466,0.0131910617195201,0.00388449214262224));
#2595=CARTESIAN_POINT('',(0.0622976939720637,0.0131884943216036,0.00388451243024394));
#2596=CARTESIAN_POINT('',(0.0622624220203943,0.0131859156331216,0.00388488868572733));
#2597=CARTESIAN_POINT('',(0.0622271546877132,0.0131833257093664,0.003885620936986));
#2598=CARTESIAN_POINT('',(0.062332970546466,0.0131910617195201,0.00388449214262224));
#2599=CARTESIAN_POINT('',(0.062332970546466,0.0131910617195201,0.00388449214262224));
#2600=CARTESIAN_POINT('',(0.0656074250834891,0.0134293736275889,0.00388260899843899));
#2601=CARTESIAN_POINT('',(0.0704486366924199,0.0136356725055666,0.00331520457366524));
#2602=CARTESIAN_POINT('',(0.07676252195481,0.0134819032387596,0.0014766536578809));
#2603=CARTESIAN_POINT('',(0.0812506639370175,0.0131179871541879,-0.000337311363611882));
#2604=CARTESIAN_POINT('',(0.085552493976315,0.0124627532547169,-0.00252378983968075));
#2605=CARTESIAN_POINT('',(0.0896782920161843,0.011429921568374,-0.00501485610047592));
#2606=CARTESIAN_POINT('',(0.0934914675453876,0.00993636010867819,-0.00761375159477846));
#2607=CARTESIAN_POINT('',(0.0958440300162938,0.00849373772445804,-0.00933505362846001));
#2608=CARTESIAN_POINT('',(0.0969555829225871,0.00757818303270565,-0.01016));
#2609=CARTESIAN_POINT('',(0.0969555829225871,0.00757818303270564,-0.01016));
#2610=CARTESIAN_POINT('',(0.0969555829225871,0.00757818303270561,-0.01016));
#2611=CARTESIAN_POINT('',(0.0951989577446232,0.00902506551057018,-0.01016));
#2612=CARTESIAN_POINT('',(0.0910480941245606,0.0111554114690351,-0.01016));
#2613=CARTESIAN_POINT('',(0.0865603159400482,0.0122361259566982,-0.01016));
#2614=CARTESIAN_POINT('',(0.0843085144257538,0.0126263056943122,-0.01016));
#2615=CARTESIAN_POINT('',(0.0843085144257538,0.0126263056943122,-0.0101600000000003));
#2616=CARTESIAN_POINT('',(0.0843085144257538,0.0126263056943122,-0.0101600000000003));
#2617=CARTESIAN_POINT('',(0.0846554295931723,0.0125661941488947,-0.0100154520135762));
#2618=CARTESIAN_POINT('',(0.0852468608384572,0.0124552365863785,-0.00948254165613134));
#2619=CARTESIAN_POINT('',(0.0854261962170392,0.0124189756393758,-0.00828114215745083));
#2620=CARTESIAN_POINT('',(0.0848003035971112,0.0125416458222381,-0.00725236711868191));
#2621=CARTESIAN_POINT('',(0.0836792513110022,0.0127361298567444,-0.00685261924330861));
#2622=CARTESIAN_POINT('',(0.0825509264350765,0.0129025809828983,-0.00724719311051008));
#2623=CARTESIAN_POINT('',(0.0819217859712793,0.0129837548816828,-0.00827806003950643));
#2624=CARTESIAN_POINT('',(0.0820968370535686,0.0129620081417759,-0.00947694007199518));
#2625=CARTESIAN_POINT('',(0.0826903921100283,0.0128815677871335,-0.010014949035114));
#2626=CARTESIAN_POINT('',(0.0830385144257545,0.0128300423277396,-0.01016));
#2627=CARTESIAN_POINT('',(0.0830385144257545,0.0128300423277396,-0.01016));
#2628=CARTESIAN_POINT('',(0.0830385144257545,0.0128300423277396,-0.01016));
#2629=CARTESIAN_POINT('',(0.0805909907045284,0.0131922994380047,-0.01016));
#2630=CARTESIAN_POINT('',(0.0781203386526835,0.0133924981409757,-0.01016));
#2631=CARTESIAN_POINT('',(0.0756350352000375,0.0134900356221936,-0.01016));
#2632=CARTESIAN_POINT('',(0.0756350352000375,0.0134900356221936,-0.0101599999999911));
#2633=CARTESIAN_POINT('',(0.0756350352000375,0.0134900356221936,-0.0101599999999911));
#2634=CARTESIAN_POINT('',(0.0756296347446728,0.013490247566861,-0.0101581504653873));
#2635=CARTESIAN_POINT('',(0.0756242342985851,0.0134904590078104,-0.0101563008958273));
#2636=CARTESIAN_POINT('',(0.0756188338617604,0.0134906699455119,-0.0101544512913596));
#2637=CARTESIAN_POINT('',(0.0756188338617604,0.0134906699455119,-0.0101544512913596));
#2638=CARTESIAN_POINT('',(0.0756188338617604,0.0134906699455119,-0.0101544512913596));
#2639=CARTESIAN_POINT('',(0.0759237971706731,0.0134787582684536,-0.0100242766117871));
#2640=CARTESIAN_POINT('',(0.0764499535507591,0.01345473931939,-0.00957830310001025));
#2641=CARTESIAN_POINT('',(0.0767236903306585,0.0134402246802161,-0.00856933502248252));
#2642=CARTESIAN_POINT('',(0.0763784652283298,0.0134583505920778,-0.00759109320607467));
#2643=CARTESIAN_POINT('',(0.0755400564169332,0.0134955986129622,-0.00697721004844468));
#2644=CARTESIAN_POINT('',(0.0745006208664816,0.0135291547490044,-0.00694638015591897));
#2645=CARTESIAN_POINT('',(0.0736262173539884,0.0135472186132642,-0.00750978061346401));
#2646=CARTESIAN_POINT('',(0.0732252614045029,0.0135525740455,-0.0084688600707109));
#2647=CARTESIAN_POINT('',(0.0733658149388335,0.0135508129270399,-0.00914602930989147));
#2648=CARTESIAN_POINT('',(0.073526466968811,0.0135481859977147,-0.00943603559673121));
#2649=CARTESIAN_POINT('',(0.0806313312506122,0.0131373147726884,-0.00675758103419716));
#2650=CARTESIAN_POINT('',(0.0811714586449789,0.013074546692768,-0.0054607088360988));
#2651=CARTESIAN_POINT('',(0.0806317157774818,0.0131372635166278,-0.00416558362140764));
#2652=CARTESIAN_POINT('',(0.0793433906603261,0.0132641634836892,-0.003632592684016));
#2653=CARTESIAN_POINT('',(0.0780491630100432,0.0133621852958839,-0.00416405238740529));
#2654=CARTESIAN_POINT('',(0.0775100887725522,0.0133950721923291,-0.00546076836459172));
#2655=CARTESIAN_POINT('',(0.0780473640936854,0.0133622993641916,-0.00675546704352421));
#2656=CARTESIAN_POINT('',(0.0793405118231223,0.0132644200913003,-0.007289737922837));
#2657=CARTESIAN_POINT('',(0.0806313312506122,0.0131373147726884,-0.00675758103419716));
#2658=CARTESIAN_POINT('',(0.0811714586449789,0.013074546692768,-0.0054607088360988));
#2659=CARTESIAN_POINT('',(0.0806317157774818,0.0131372635166278,-0.00416558362140764));
#2660=CARTESIAN_POINT('',(0.080991480268005,0.0130954608433976,-0.00546100000000077));
#2661=CARTESIAN_POINT('',(0.0454367510974407,0.00788281206041575,-0.00425150656134488));
#2662=CARTESIAN_POINT('',(0.0454367510974407,0.00788281206041575,0.00685008237606382));
#2663=CARTESIAN_POINT('',(0.0504506039850043,0.00788281206041575,-0.00425150656134488));
#2664=CARTESIAN_POINT('',(0.0504506039850043,0.00788281206041575,0.00685008237606382));
#2665=CARTESIAN_POINT('',(0.0530798939232364,0.00872424703082055,-0.00425150656134488));
#2666=CARTESIAN_POINT('',(0.0530798939232364,0.00872424703082055,0.00685008237606382));
#2667=CARTESIAN_POINT('',(0.0533246209121369,0.0104071169716302,-0.00425150656134488));
#2668=CARTESIAN_POINT('',(0.0533246209121369,0.0104071169716302,0.00685008237606382));
#2669=CARTESIAN_POINT('',(0.0533246209121369,0.0104071169716302,0.0066178871409775));
#2670=CARTESIAN_POINT('',(0.0533246209121369,0.0104071169716302,0.00653080602209909));
#2671=CARTESIAN_POINT('',(0.0533246209121369,0.0104071169716302,-0.0038783995047627));
#2672=CARTESIAN_POINT('',(0.053324620912137,0.0104071169716308,-0.0038783995047627));
#2673=CARTESIAN_POINT('',(0.053324620912137,0.0104071169716307,-0.0039810738085523));
#2674=CARTESIAN_POINT('',(0.05332395261548,0.0104023585918818,-0.00408351303178581));
#2675=CARTESIAN_POINT('',(0.0533223933200832,0.0103922487612846,-0.00418568686408756));
#2676=CARTESIAN_POINT('',(0.0533223933200832,0.0103922487612841,-0.0041856868640875));
#2677=CARTESIAN_POINT('',(0.0533223933200832,0.0103922487612841,-0.00418568686408749));
#2678=CARTESIAN_POINT('',(0.053263205743406,0.0100085008358348,-0.00413292889346893));
#2679=CARTESIAN_POINT('',(0.0528866179248281,0.00936790389233865,-0.00376154711576441));
#2680=CARTESIAN_POINT('',(0.0519864187185733,0.00879635692540007,-0.00323513948482027));
#2681=CARTESIAN_POINT('',(0.0509710159868658,0.0084293285344103,-0.00282518105413206));
#2682=CARTESIAN_POINT('',(0.0495461506487178,0.0081118825170519,-0.00234557838204661));
#2683=CARTESIAN_POINT('',(0.0476813412618434,0.00791964715352067,-0.00181943647040379));
#2684=CARTESIAN_POINT('',(0.046196232291186,0.00788281206041575,-0.00144459288818514));
#2685=CARTESIAN_POINT('',(0.0454367510974407,0.00788281206041575,-0.00126081138276268));
#2686=CARTESIAN_POINT('',(0.0454367510974407,0.00788281206041575,-0.00126081138276269));
#2687=CARTESIAN_POINT('',(0.0454367510974407,0.00788281206041575,-0.0127));
#2688=CARTESIAN_POINT('',(0.0454367510974407,0.00788281206041574,0.00678426267880645));
#2689=CARTESIAN_POINT('',(0.0454367510974407,0.00788281206041575,0.00678426267880645));
#2690=CARTESIAN_POINT('',(0.0461081776069721,0.00788281206041575,0.0067701005603562));
#2691=CARTESIAN_POINT('',(0.0474491150776571,0.00791216157112854,0.0067418167273162));
#2692=CARTESIAN_POINT('',(0.0494442524698927,0.00809147350451401,0.00669973412903886));
#2693=CARTESIAN_POINT('',(0.0511019545257201,0.00843362549455635,0.00666476891313424));
#2694=CARTESIAN_POINT('',(0.0523425498794477,0.00898295505188592,0.0066386015543855));
#2695=CARTESIAN_POINT('',(0.0528673491985923,0.00942803298755658,0.00662753218191535));
#2696=CARTESIAN_POINT('',(0.0530555282651425,0.00970959729506009,0.00662356299959605));
#2697=CARTESIAN_POINT('',(0.0530555282651425,0.00970959729506013,0.00662356299959605));
#2698=CARTESIAN_POINT('',(0.0530555282651425,0.00970959729506014,0.00662356299959605));
#2699=CARTESIAN_POINT('',(0.0531974415492334,0.00992193608772308,0.00662056968206922));
#2700=CARTESIAN_POINT('',(0.0532890191678685,0.0101623008786492,0.00659568523265808));
#2701=CARTESIAN_POINT('',(0.0533246209121369,0.0104071169716302,0.00653080602209909));
#2702=CARTESIAN_POINT('',(0.0120641253888607,0.00788281206041574,-0.0127));
#2703=CARTESIAN_POINT('',(0.0454367510974407,0.00788281206041574,-0.00126081138276268));
#2704=CARTESIAN_POINT('',(0.0399673299211454,0.00788281206041574,-4.1011160145046E-5));
#2705=CARTESIAN_POINT('',(0.0289696121841069,0.00788281206041573,0.00198680795622363));
#2706=CARTESIAN_POINT('',(0.00668790916541741,0.00788281206041576,0.00443437520669317));
#2707=CARTESIAN_POINT('',(-0.0101228364112222,0.00788281206041574,0.00448661657823835));
#2708=CARTESIAN_POINT('',(-0.0213076813019337,0.00788281206041574,0.00380284388566847));
#2709=CARTESIAN_POINT('',(-0.0213076813019337,0.00788281206041574,0.00380284388566847));
#2710=CARTESIAN_POINT('',(-0.0213076813019337,0.00788281206041574,0.00380284388566847));
#2711=CARTESIAN_POINT('',(-0.0213082278559504,0.00788281206041574,0.00381191223883378));
#2712=CARTESIAN_POINT('',(-0.0213085003197193,0.00788281206041574,0.00382098883610147));
#2713=CARTESIAN_POINT('',(-0.0213085003197193,0.00788281206041574,0.00383007362855019));
#2714=CARTESIAN_POINT('',(-0.0213085003197193,0.00788281206041574,0.00383007362855018));
#2715=CARTESIAN_POINT('',(-0.0213085003197193,0.00788281206041574,-0.0127));
#2716=CARTESIAN_POINT('',(-0.0213085003197193,0.00788281206041575,0.0115101706832164));
#2717=CARTESIAN_POINT('',(-0.00843482641503233,0.00788281206041574,0.0145004629157483));
#2718=CARTESIAN_POINT('',(0.00334756169468161,0.00788281206041575,0.00767203234136105));
#2719=CARTESIAN_POINT('',(0.0124897568084968,0.00788281206041574,0.00747919984478966));
#2720=CARTESIAN_POINT('',(-0.0352730751037598,0.0131285283714533,0.00251631675979198));
#2721=CARTESIAN_POINT('',(-0.0352730751037598,0.0131285283714533,0.0184794198802012));
#2722=CARTESIAN_POINT('',(-0.0323187733689944,0.00887098225454489,0.00251631675979198));
#2723=CARTESIAN_POINT('',(-0.0323187733689944,0.00887098225454489,0.0184794198802012));
#2724=CARTESIAN_POINT('',(-0.0276639151076476,0.00712241015086571,0.00251631675979198));
#2725=CARTESIAN_POINT('',(-0.0276639151076476,0.00712241015086571,0.0184794198802012));
#2726=CARTESIAN_POINT('',(-0.0213085003197193,0.00788281206041575,0.00251631675979198));
#2727=CARTESIAN_POINT('',(-0.0213085003197193,0.00788281206041575,0.0184794198802012));
#2728=CARTESIAN_POINT('',(-0.0213085003197193,0.00788281206041575,0.00383007362855019));
#2729=CARTESIAN_POINT('',(-0.0232748214385687,0.00764754899994616,0.0036966898599276));
#2730=CARTESIAN_POINT('',(-0.0262903334157802,0.00760892476930777,0.00344042295105321));
#2731=CARTESIAN_POINT('',(-0.030147050615955,0.00872298012471855,0.00297686231760157));
#2732=CARTESIAN_POINT('',(-0.0318840058109465,0.00974132949253873,0.00272823552265497));
#2733=CARTESIAN_POINT('',(-0.0326691810445784,0.0103515142351679,0.00261095966366792));
#2734=CARTESIAN_POINT('',(-0.0326691810445785,0.0103515142351679,0.00261095966366792));
#2735=CARTESIAN_POINT('',(-0.0326691810445938,0.0103515142351798,0.00261095966366563));
#2736=CARTESIAN_POINT('',(-0.0330310495197354,0.010632733780718,0.00275321490038693));
#2737=CARTESIAN_POINT('',(-0.0337023203662722,0.0112234031362158,0.00309405148719618));
#2738=CARTESIAN_POINT('',(-0.0345365449229562,0.0121349404014817,0.00382783575552546));
#2739=CARTESIAN_POINT('',(-0.035130128507954,0.012916578120251,0.00491758411573904));
#2740=CARTESIAN_POINT('',(-0.0352730751037598,0.0131285283714533,0.0058675383848771));
#2741=CARTESIAN_POINT('',(-0.0352730751037598,0.0131285283714533,0.0063524940692382));
#2742=CARTESIAN_POINT('',(-0.0352730751037598,0.0131285283714533,0.0063524940692382));
#2743=CARTESIAN_POINT('',(-0.0352730751037598,0.0131285283714533,-0.0127));
#2744=CARTESIAN_POINT('',(-0.0352730751037598,0.0131285283714533,0.017197623079623));
#2745=CARTESIAN_POINT('',(-0.0352730751037598,0.0131285283714533,0.017197623079623));
#2746=CARTESIAN_POINT('',(-0.0352730751037597,0.0131285283714533,0.0174150494001149));
#2747=CARTESIAN_POINT('',(-0.0352278685850079,0.0130618124590909,0.0178551009252046));
#2748=CARTESIAN_POINT('',(-0.034933743424163,0.0126527235206746,0.0183185493744836));
#2749=CARTESIAN_POINT('',(-0.0345226673695483,0.0121356704557062,0.0184090268831968));
#2750=CARTESIAN_POINT('',(-0.0339572627646512,0.0114960570166013,0.0182869928623889));
#2751=CARTESIAN_POINT('',(-0.0332371806028823,0.010797791172039,0.0178782472428994));
#2752=CARTESIAN_POINT('',(-0.03266893207529,0.0103444799169451,0.0174377686995037));
#2753=CARTESIAN_POINT('',(-0.0323827799821795,0.0101359461264117,0.0171946347902837));
#2754=CARTESIAN_POINT('',(-0.0323827799821795,0.0101359461264117,0.0171946347902837));
#2755=CARTESIAN_POINT('',(-0.0323827799821796,0.0101359461264117,0.0171946347902837));
#2756=CARTESIAN_POINT('',(-0.0320014997286891,0.00985808753851311,0.0169217183429475));
#2757=CARTESIAN_POINT('',(-0.031218065939379,0.00935855953308978,0.0163631406247473));
#2758=CARTESIAN_POINT('',(-0.0299909735654549,0.00876533399062908,0.015474918393334));
#2759=CARTESIAN_POINT('',(-0.0287005266589096,0.00830827575657863,0.0145874648059461));
#2760=CARTESIAN_POINT('',(-0.0268552025574136,0.00786357107288963,0.0136065380794468));
#2761=CARTESIAN_POINT('',(-0.0243756509164255,0.00763487523244962,0.0125387687260672));
#2762=CARTESIAN_POINT('',(-0.0223341976590201,0.00776009116155228,0.0118351275983673));
#2763=CARTESIAN_POINT('',(-0.0213085003197193,0.00788281206041575,0.0115101706832164));
#2764=CARTESIAN_POINT('',(-0.05715,0.01778,0.000767534502377069));
#2765=CARTESIAN_POINT('',(-0.05715,0.01778,0.0252346266179695));
#2766=CARTESIAN_POINT('',(-0.04704751756112,0.01778,0.000767534502377069));
#2767=CARTESIAN_POINT('',(-0.04704751756112,0.01778,0.0252346266179695));
#2768=CARTESIAN_POINT('',(-0.0397552092623733,0.0162295094571511,0.000767534502377069));
#2769=CARTESIAN_POINT('',(-0.0397552092623733,0.0162295094571511,0.0252346266179695));
#2770=CARTESIAN_POINT('',(-0.0352730751037598,0.0131285283714533,0.000767534502377069));
#2771=CARTESIAN_POINT('',(-0.0352730751037598,0.0131285283714533,0.0252346266179695));
#2772=CARTESIAN_POINT('',(-0.0378890493903971,0.0146162768777122,0.00615857653523872));
#2773=CARTESIAN_POINT('',(-0.0393604964647747,0.0153045729308553,0.00598013934642483));
#2774=CARTESIAN_POINT('',(-0.0409101962672483,0.0158240490689328,0.00574552728559901));
#2775=CARTESIAN_POINT('',(-0.0424566106850104,0.0162280598290983,0.00545795208237244));
#2776=CARTESIAN_POINT('',(-0.0378890493903971,0.0146162768777122,0.00615857653523871));
#2777=CARTESIAN_POINT('',(-0.0424566106850104,0.0162280598290983,0.00545795208237244));
#2778=CARTESIAN_POINT('',(-0.0424566106850104,0.0162280598290983,0.00545795208237247));
#2779=CARTESIAN_POINT('',(-0.0418591628504938,0.016071972721393,0.00576821410436826));
#2780=CARTESIAN_POINT('',(-0.0407573364848492,0.0157478226311146,0.0065850482267101));
#2781=CARTESIAN_POINT('',(-0.0395998129323939,0.0153368101911758,0.00829797460308942));
#2782=CARTESIAN_POINT('',(-0.03916318570685,0.0151632627518226,0.0103901758975721));
#2783=CARTESIAN_POINT('',(-0.0396228607875512,0.0153458308709079,0.0124681513327815));
#2784=CARTESIAN_POINT('',(-0.0408028702922373,0.0157623080152434,0.0141757956531103));
#2785=CARTESIAN_POINT('',(-0.0430151609253606,0.0164112225195033,0.0157829305746849));
#2786=CARTESIAN_POINT('',(-0.046539652711289,0.0171273849584916,0.0163467623851272));
#2787=CARTESIAN_POINT('',(-0.050407493369754,0.0175344284729762,0.014227598641982));
#2788=CARTESIAN_POINT('',(-0.0518391089417621,0.0176174082218091,0.00996646592558144));
#2789=CARTESIAN_POINT('',(-0.0498792282393748,0.017495639008012,0.00595001035918707));
#2790=CARTESIAN_POINT('',(-0.0471676594663408,0.0171745330608002,0.00484015736676488));
#2791=CARTESIAN_POINT('',(-0.0458020778987114,0.0169415318805355,0.00475232584770863));
#2792=CARTESIAN_POINT('',(-0.0458020778987114,0.0169415318805355,0.0047523258477087));
#2793=CARTESIAN_POINT('',(-0.0458020778987114,0.0169415318805355,0.00475232584770869));
#2794=CARTESIAN_POINT('',(-0.0477211319684401,0.017268968830358,0.00429838039558441));
#2795=CARTESIAN_POINT('',(-0.0515854937006299,0.0176808013460769,0.00320793585283134));
#2796=CARTESIAN_POINT('',(-0.0553214865472487,0.01778,0.00174597565045471));
#2797=CARTESIAN_POINT('',(-0.05715,0.01778,0.00091259631333908));
#2798=CARTESIAN_POINT('',(-0.05715,0.01778,0.000912596313339079));
#2799=CARTESIAN_POINT('',(-0.05715,0.01778,-0.0127));
#2800=CARTESIAN_POINT('',(-0.05715,0.01778,0.0250895648070074));
#2801=CARTESIAN_POINT('',(-0.05715,0.01778,0.0250895648070074));
#2802=CARTESIAN_POINT('',(-0.0561444156361346,0.01778,0.0250895636773852));
#2803=CARTESIAN_POINT('',(-0.0541075816383219,0.0177484270829359,0.024972585729657));
#2804=CARTESIAN_POINT('',(-0.0501573724169286,0.0175444899070949,0.0243092444609135));
#2805=CARTESIAN_POINT('',(-0.0453096193963345,0.0169736087763713,0.0227179986474944));
#2806=CARTESIAN_POINT('',(-0.0409101980022736,0.0158893750114347,0.0205124016070363));
#2807=CARTESIAN_POINT('',(-0.0375883144085273,0.0145388310838362,0.0185975627446827));
#2808=CARTESIAN_POINT('',(-0.0360134921213772,0.013640788622019,0.0176454757211997));
#2809=CARTESIAN_POINT('',(-0.0352730751037598,0.0131285283714533,0.017197623079623));
#2810=CARTESIAN_POINT('',(-0.0352730751037598,0.0131285283714533,0.00635249406923821));
#2811=CARTESIAN_POINT('',(-0.0360993964296322,0.0137002218352276,0.00632351213123948));
#2812=CARTESIAN_POINT('',(-0.0369801839389132,0.0141911385808699,0.00626879143796733));
#2813=CARTESIAN_POINT('',(-0.0378890493903971,0.0146162768777122,0.00615857653523871));
#2814=CARTESIAN_POINT('',(-0.079375,0.01778,-0.0127));
#2815=CARTESIAN_POINT('',(-0.0752577808453695,0.01778,-0.00456016519311887));
#2816=CARTESIAN_POINT('',(-0.075927713020418,0.01778,-0.00189193052618249));
#2817=CARTESIAN_POINT('',(-0.0767269489244583,0.01778,0.000758054612929796));
#2818=CARTESIAN_POINT('',(-0.0777181353125185,0.01778,0.00331793256268527));
#2819=CARTESIAN_POINT('',(-0.0752577808453696,0.01778,-0.00456016519311888));
#2820=CARTESIAN_POINT('',(-0.0777181353125185,0.01778,0.00331793256268527));
#2821=CARTESIAN_POINT('',(-0.0763814372357176,0.01778,0.00721289751581532));
#2822=CARTESIAN_POINT('',(-0.0738205032766813,0.01778,0.0039881291532675));
#2823=CARTESIAN_POINT('',(-0.0697312876582146,0.01778,0.00719017954543233));
#2824=CARTESIAN_POINT('',(-0.0737985306611234,0.01778,0.010420093699642));
#2825=CARTESIAN_POINT('',(-0.0763814372357176,0.01778,0.00721289751581532));
#2826=CARTESIAN_POINT('',(-0.0802142294390597,0.01778,0.00871862579828681));
#2827=CARTESIAN_POINT('',(-0.0802142294390597,0.01778,0.00871862579828682));
#2828=CARTESIAN_POINT('',(-0.0809785451081824,0.01778,0.0101041528825709));
#2829=CARTESIAN_POINT('',(-0.0827048805272266,0.01778,0.0128079640043646));
#2830=CARTESIAN_POINT('',(-0.0858423786319179,0.01778,0.0163421580251925));
#2831=CARTESIAN_POINT('',(-0.0896653995369074,0.01778,0.0192877853400531));
#2832=CARTESIAN_POINT('',(-0.0924895006325902,0.01778,0.0206486360710713));
#2833=CARTESIAN_POINT('',(-0.09398,0.01778,0.0211797039840059));
#2834=CARTESIAN_POINT('',(-0.09398,0.01778,0.0211797039840059));
#2835=CARTESIAN_POINT('',(-0.09398,0.01778,0.0250895648070074));
#2836=CARTESIAN_POINT('',(-0.09398,0.01778,0.0250895648070074));
#2837=CARTESIAN_POINT('',(-0.079375,0.01778,0.0250895648070074));
#2838=CARTESIAN_POINT('',(-0.05715,0.01778,0.000912596313339081));
#2839=CARTESIAN_POINT('',(-0.0600172843043196,0.01778,-0.000511451871834037));
#2840=CARTESIAN_POINT('',(-0.0627454453283843,0.01778,-0.00218777833450135));
#2841=CARTESIAN_POINT('',(-0.0652878965687126,0.01778,-0.00412695328148561));
#2842=CARTESIAN_POINT('',(-0.0652878965687126,0.01778,-0.00412695328148564));
#2843=CARTESIAN_POINT('',(-0.0652878965687126,0.01778,-0.00412695328148564));
#2844=CARTESIAN_POINT('',(-0.0660012071103182,0.01778,-0.0041842068678783));
#2845=CARTESIAN_POINT('',(-0.0667147301586796,0.01778,-0.00423673910221807));
#2846=CARTESIAN_POINT('',(-0.0674284885379058,0.01778,-0.00428404289166531));
#2847=CARTESIAN_POINT('',(-0.0674284885379058,0.01778,-0.00428404289166531));
#2848=CARTESIAN_POINT('',(-0.0685863196849823,0.01778,-0.005461));
#2849=CARTESIAN_POINT('',(-0.0698714856665643,0.01778,-0.00442458820935675));
#2850=CARTESIAN_POINT('',(-0.0698714856665643,0.01778,-0.00442458820935688));
#2851=CARTESIAN_POINT('',(-0.0716650555879799,0.01778,-0.00451142650416815));
#2852=CARTESIAN_POINT('',(-0.0734606317989129,0.01778,-0.00456144670748171));
#2853=CARTESIAN_POINT('',(-0.0752577808453696,0.01778,-0.00456016519311887));
#2854=CARTESIAN_POINT('',(-0.0646375972706142,0.009652,-0.0122288971731016));
#2855=CARTESIAN_POINT('',(-0.0646375972706142,-0.00965199999999999,-0.0122288971731016));
#2856=CARTESIAN_POINT('',(-0.0695409170886994,0.009652,-0.0126224601844981));
#2857=CARTESIAN_POINT('',(-0.0695409170886994,-0.00965199999999999,-0.0126224601844981));
#2858=CARTESIAN_POINT('',(-0.0739536799916593,0.009652,-0.0127630927018095));
#2859=CARTESIAN_POINT('',(-0.0739536799916593,-0.00965199999999999,-0.0127630927018095));
#2860=CARTESIAN_POINT('',(-0.077875885979494,0.009652,-0.0126507947250359));
#2861=CARTESIAN_POINT('',(-0.077875885979494,-0.00965199999999999,-0.0126507947250359));
#2862=CARTESIAN_POINT('',(-0.0646375972705936,0.01778,-0.0122288971730999));
#2863=CARTESIAN_POINT('',(-0.0646375972705936,0.009652,-0.0122288971730999));
#2864=CARTESIAN_POINT('',(-0.0646375972705936,-0.009652,-0.0122288971730999));
#2865=CARTESIAN_POINT('',(-0.0646375972705936,-0.009652,-0.0122288971730999));
#2866=CARTESIAN_POINT('',(-0.0690417005576351,-0.009652,-0.0125823907685526));
#2867=CARTESIAN_POINT('',(-0.0734582729050746,-0.009652,-0.0127772768659444));
#2868=CARTESIAN_POINT('',(-0.0778758859794921,-0.009652,-0.0126507947250359));
#2869=CARTESIAN_POINT('',(-0.0778758859794921,-0.009652,-0.0126507947250359));
#2870=CARTESIAN_POINT('',(-0.0778758859794921,-0.01778,-0.0126507947250359));
#2871=CARTESIAN_POINT('',(-0.0778758859794921,0.009652,-0.0126507947250359));
#2872=CARTESIAN_POINT('',(-0.0778758859794921,0.009652,-0.0126507947250359));
#2873=CARTESIAN_POINT('',(-0.0734582729050746,0.009652,-0.0127772768659445));
#2874=CARTESIAN_POINT('',(-0.069041700557635,0.009652,-0.0125823907685531));
#2875=CARTESIAN_POINT('',(-0.0646375972705935,0.009652,-0.0122288971730999));
#2876=CARTESIAN_POINT('',(-0.0397580814770212,0.00965200000000143,-0.00181539781535106));
#2877=CARTESIAN_POINT('',(-0.0397580814770212,-0.009652,-0.00181539781535106));
#2878=CARTESIAN_POINT('',(-0.0479414833635525,0.00965200000000143,-0.00343159793677341));
#2879=CARTESIAN_POINT('',(-0.0479414833635525,-0.009652,-0.00343159793677341));
#2880=CARTESIAN_POINT('',(-0.0548083395349513,0.00965200000000143,-0.00635636061308434));
#2881=CARTESIAN_POINT('',(-0.0548083395349513,-0.009652,-0.00635636061308434));
#2882=CARTESIAN_POINT('',(-0.0603586499912175,0.00965200000000143,-0.0105896858442839));
#2883=CARTESIAN_POINT('',(-0.0603586499912175,-0.009652,-0.0105896858442839));
#2884=CARTESIAN_POINT('',(-0.0397580814770212,0.0115941638381292,-0.00181539781535108));
#2885=CARTESIAN_POINT('',(-0.0397580814770212,0.00725393093831035,-0.00181539781535108));
#2886=CARTESIAN_POINT('',(-0.0397580814770212,-0.00725393093831035,-0.00181539781535108));
#2887=CARTESIAN_POINT('',(-0.0397580814770212,-0.00725393093831035,-0.00181539781535108));
#2888=CARTESIAN_POINT('',(-0.0408500467225441,-0.00782593043861735,-0.00203105804894021));
#2889=CARTESIAN_POINT('',(-0.043159414378915,-0.00861518695713969,-0.00254501621631092));
#2890=CARTESIAN_POINT('',(-0.0478341867595291,-0.0094935211062518,-0.0038810209125283));
#2891=CARTESIAN_POINT('',(-0.0513088445276269,-0.009652,-0.00526162079395294));
#2892=CARTESIAN_POINT('',(-0.0535345471118232,-0.009652,-0.00636702485904164));
#2893=CARTESIAN_POINT('',(-0.0535345471118232,-0.009652,-0.00636702485904164));
#2894=CARTESIAN_POINT('',(-0.0535345471118232,-0.009652,-0.00636702485904164));
#2895=CARTESIAN_POINT('',(-0.0559381142866342,-0.009652,-0.00756076608244894));
#2896=CARTESIAN_POINT('',(-0.0582242251244909,-0.009652,-0.00896172021720584));
#2897=CARTESIAN_POINT('',(-0.0603586499912172,-0.009652,-0.0105896858442837));
#2898=CARTESIAN_POINT('',(-0.0603586499912172,-0.009652,-0.0105896858442837));
#2899=CARTESIAN_POINT('',(-0.0603586499912172,-0.009652,-0.0105896858442837));
#2900=CARTESIAN_POINT('',(-0.0603586499912172,0.009652,-0.0105896858442837));
#2901=CARTESIAN_POINT('',(-0.0603586499912172,0.009652,-0.0105896858442837));
#2902=CARTESIAN_POINT('',(-0.0582242251244909,0.009652,-0.0089617202172058));
#2903=CARTESIAN_POINT('',(-0.0559381142866444,0.009652,-0.00756076608243182));
#2904=CARTESIAN_POINT('',(-0.0535345471118231,0.009652,-0.00636702485904162));
#2905=CARTESIAN_POINT('',(-0.0535345471118231,0.009652,-0.00636702485904162));
#2906=CARTESIAN_POINT('',(-0.0535345471118231,0.009652,-0.00636702485904162));
#2907=CARTESIAN_POINT('',(-0.0513088445276337,0.00965200000000156,-0.00526162079393581));
#2908=CARTESIAN_POINT('',(-0.0478341867595274,0.00949352110625147,-0.00388102091253215));
#2909=CARTESIAN_POINT('',(-0.0431594143789153,0.00861518695713972,-0.00254501621631015));
#2910=CARTESIAN_POINT('',(-0.040850046722544,0.00782593043861745,-0.00203105804894019));
#2911=CARTESIAN_POINT('',(-0.0397580814770212,0.00725393093831044,-0.00181539781535107));
#2912=CARTESIAN_POINT('',(-0.0917299911958078,0.00254,-0.00271286988301921));
#2913=CARTESIAN_POINT('',(-0.0917299911958078,-0.00254000000000001,-0.00271286988301921));
#2914=CARTESIAN_POINT('',(-0.093415773047825,0.00254,0.00183604183036849));
#2915=CARTESIAN_POINT('',(-0.093415773047825,-0.00254000000000001,0.00183604183036849));
#2916=CARTESIAN_POINT('',(-0.0954593646512608,0.00254,0.00482105237273974));
#2917=CARTESIAN_POINT('',(-0.0954593646512608,-0.00254000000000001,0.00482105237273974));
#2918=CARTESIAN_POINT('',(-0.0978607660061152,0.00254,0.00624216174409455));
#2919=CARTESIAN_POINT('',(-0.0978607660061152,-0.00254000000000001,0.00624216174409455));
#2920=CARTESIAN_POINT('',(-0.0917299911958064,-0.00254,-0.00271286988302306));
#2921=CARTESIAN_POINT('',(-0.0923715256828401,-0.00254,-0.00098175399806007));
#2922=CARTESIAN_POINT('',(-0.093495094220256,-0.00254000000000002,0.00154943456412414));
#2923=CARTESIAN_POINT('',(-0.0956563408412806,-0.00254000000000001,0.00454789972281575));
#2924=CARTESIAN_POINT('',(-0.0970713505611244,-0.00254000000000002,0.00577499881670514));
#2925=CARTESIAN_POINT('',(-0.0978607660061099,-0.00254000000000002,0.00624216174409147));
#2926=CARTESIAN_POINT('',(-0.0917299911958064,-0.00254,-0.00271286988302306));
#2927=CARTESIAN_POINT('',(-0.0978607660061099,-0.00254,0.00624216174409149));
#2928=CARTESIAN_POINT('',(-0.0978607660061099,-0.00254,0.00624216174409149));
#2929=CARTESIAN_POINT('',(-0.0978607660061099,0.00254,0.00624216174409147));
#2930=CARTESIAN_POINT('',(-0.0978607660061099,0.00254,0.00624216174409146));
#2931=CARTESIAN_POINT('',(-0.0970713505611243,0.00254,0.00577499881670512));
#2932=CARTESIAN_POINT('',(-0.0956563408412805,0.00254,0.00454789972281575));
#2933=CARTESIAN_POINT('',(-0.0934950942202561,0.00254,0.00154943456412412));
#2934=CARTESIAN_POINT('',(-0.0923715256828399,0.00254,-0.000981753998060005));
#2935=CARTESIAN_POINT('',(-0.0917299911958064,0.00254,-0.00271286988302307));
#2936=CARTESIAN_POINT('',(-0.0917299911958064,0.00254,-0.00271286988302306));
#2937=CARTESIAN_POINT('',(-0.0917299911958064,0.00254,-0.00271286988302306));
#2938=CARTESIAN_POINT('',(0.070662476298909,0.00986901807491013,-0.012480613521342));
#2939=CARTESIAN_POINT('',(0.070662476298909,-0.00986942931270231,-0.012480613521342));
#2940=CARTESIAN_POINT('',(0.0361873300967094,0.00986901807491013,-0.000246394651710419));
#2941=CARTESIAN_POINT('',(0.0361873300967094,-0.00986942931270231,-0.000246394651710419));
#2942=CARTESIAN_POINT('',(-0.000538146399935102,0.00986901807491013,0.00332201989704883));
#2943=CARTESIAN_POINT('',(-0.0005381463999351,-0.00986942931270231,0.00332201989704883));
#2944=CARTESIAN_POINT('',(-0.0395139531910245,0.00986901807491013,-0.00177536987506421));
#2945=CARTESIAN_POINT('',(-0.0395139531910245,-0.00986942931270231,-0.00177536987506421));
#2946=CARTESIAN_POINT('',(-0.0208596757433621,-0.00407281206041574,1.30289586390603E-5));
#2947=CARTESIAN_POINT('',(-0.0232871172389413,-0.0037973763971442,-0.000133337220467966));
#2948=CARTESIAN_POINT('',(-0.0269602074198409,-0.00383917465045453,-0.000407909069286569));
#2949=CARTESIAN_POINT('',(-0.0316007777678854,-0.00534796048643111,-0.000849411548139662));
#2950=CARTESIAN_POINT('',(-0.0336905045109407,-0.00663407145251846,-0.00107473349532867));
#2951=CARTESIAN_POINT('',(-0.0346398953416157,-0.00738974820685714,-0.00118177401533201));
#2952=CARTESIAN_POINT('',(-0.0208596757433621,-0.00407281206041574,1.30289586390603E-5));
#2953=CARTESIAN_POINT('',(-0.0346398953416156,-0.00738974820685713,-0.00118177401533201));
#2954=CARTESIAN_POINT('',(-0.0346398953416214,-0.00738974820686168,-0.00118177401533266));
#2955=CARTESIAN_POINT('',(-0.0354574238173008,-0.0073462493304916,-0.00127394751268297));
#2956=CARTESIAN_POINT('',(-0.0366821850942332,-0.00724952546447769,-0.00141767105409044));
#2957=CARTESIAN_POINT('',(-0.0383028091684889,-0.00705822094319167,-0.00161874390832504));
#2958=CARTESIAN_POINT('',(-0.0391214873923718,-0.00697540309950339,-0.00172404185103536));
#2959=CARTESIAN_POINT('',(-0.0395139531832154,-0.00686178583309737,-0.00177536987404292));
#2960=CARTESIAN_POINT('',(-0.0395139531832154,-0.00686178583309736,-0.00177536987404292));
#2961=CARTESIAN_POINT('',(-0.0395139531832154,-0.0113917216753253,-0.00177536987404292));
#2962=CARTESIAN_POINT('',(-0.0395139531832154,0.00686178583309736,-0.00177536987404292));
#2963=CARTESIAN_POINT('',(-0.0346398953415973,0.00738974820684245,-0.00118177401532993));
#2964=CARTESIAN_POINT('',(-0.0354574238172771,0.00734624933046979,-0.00127394751268022));
#2965=CARTESIAN_POINT('',(-0.0366821850942364,0.00724952546448947,-0.00141767105408775));
#2966=CARTESIAN_POINT('',(-0.038302809168483,0.00705822094318017,-0.00161874390832943));
#2967=CARTESIAN_POINT('',(-0.0391214873923796,0.00697540309952692,-0.00172404185102509));
#2968=CARTESIAN_POINT('',(-0.0395139531832154,0.00686178583309738,-0.0017753698740429));
#2969=CARTESIAN_POINT('',(-0.0346398953416215,0.00738974820686172,-0.00118177401533266));
#2970=CARTESIAN_POINT('',(-0.0346398953416214,0.00738974820686173,-0.00118177401533266));
#2971=CARTESIAN_POINT('',(-0.0336911672023123,0.00663459892808271,-0.00107480821148002));
#2972=CARTESIAN_POINT('',(-0.0315964382807155,0.00534561918992877,-0.00084893049070817));
#2973=CARTESIAN_POINT('',(-0.0281122515084774,0.00421346721226763,-0.00051760158027035));
#2974=CARTESIAN_POINT('',(-0.0244894323735132,0.00381257217597108,-0.000222895696251809));
#2975=CARTESIAN_POINT('',(-0.0220739207825074,0.00393503473876236,-6.01857438380305E-5));
#2976=CARTESIAN_POINT('',(-0.0208596757433621,0.00407281206041574,1.3028958639062E-5));
#2977=CARTESIAN_POINT('',(-0.0208596757433621,0.00407281206041574,1.30289586390613E-5));
#2978=CARTESIAN_POINT('',(-0.0208596757433621,0.00407281206041574,1.30289586390613E-5));
#2979=CARTESIAN_POINT('',(-0.00988819647415782,0.00407281206041574,0.000674570545824556));
#2980=CARTESIAN_POINT('',(0.00660061913274821,0.00407281206041572,0.00061369159260458));
#2981=CARTESIAN_POINT('',(0.0284553416513439,0.00407281206041573,-0.00179300127135914));
#2982=CARTESIAN_POINT('',(0.0392425863527869,0.00407281206041575,-0.00378298002102892));
#2983=CARTESIAN_POINT('',(0.0446074128282104,0.00407281206041575,-0.00497945334390792));
#2984=CARTESIAN_POINT('',(0.0446074128282104,0.00407281206041574,-0.00497945334390792));
#2985=CARTESIAN_POINT('',(0.0446074128282104,0.00407281206041574,-0.00497945334390792));
#2986=CARTESIAN_POINT('',(0.0456951166980375,0.00407281206041574,-0.00522203503213255));
#2987=CARTESIAN_POINT('',(0.0478617069525462,0.00414486846442409,-0.00572223274195437));
#2988=CARTESIAN_POINT('',(0.0505458304521251,0.0045624235846143,-0.00638495684226606));
#2989=CARTESIAN_POINT('',(0.0525604568004468,0.00529409794651209,-0.0069053883612153));
#2990=CARTESIAN_POINT('',(0.0544554074696112,0.00643424879480206,-0.0074089713072667));
#2991=CARTESIAN_POINT('',(0.0554772994522979,0.00780479944151377,-0.00769212410410558));
#2992=CARTESIAN_POINT('',(0.0558362548257033,0.00887432465327747,-0.00779202330480626));
#2993=CARTESIAN_POINT('',(0.0558362548257033,0.00887432465327747,-0.00779202330480626));
#2994=CARTESIAN_POINT('',(0.0558362548257033,0.00887432465327747,-0.00779202330480626));
#2995=CARTESIAN_POINT('',(0.0608158113692282,0.00940994103798636,-0.00917786052970341));
#2996=CARTESIAN_POINT('',(0.0657644503079214,0.00975524707300065,-0.0107424476655274));
#2997=CARTESIAN_POINT('',(0.0706624762989016,0.00975157812529986,-0.0124806135213393));
#2998=CARTESIAN_POINT('',(0.0706624762989016,0.00975157812529984,-0.0124806135213393));
#2999=CARTESIAN_POINT('',(0.0706624762989016,0.00975157812529984,-0.0124806135213393));
#3000=CARTESIAN_POINT('',(0.0706624762989016,-0.00975157812529985,-0.0124806135213393));
#3001=CARTESIAN_POINT('',(0.0706624762989016,-0.00975157812529985,-0.0124806135213393));
#3002=CARTESIAN_POINT('',(0.0657644503079215,-0.00975524707300065,-0.0107424476655272));
#3003=CARTESIAN_POINT('',(0.0608158113692283,-0.00940994103798636,-0.00917786052970342));
#3004=CARTESIAN_POINT('',(0.0558362548257033,-0.00887432465327747,-0.00779202330480626));
#3005=CARTESIAN_POINT('',(0.0558362548257032,-0.00887432465327747,-0.00779202330480625));
#3006=CARTESIAN_POINT('',(0.0558362548257032,-0.00887432465327747,-0.00779202330480625));
#3007=CARTESIAN_POINT('',(0.0554772994522981,-0.00780479944151442,-0.00769212410410563));
#3008=CARTESIAN_POINT('',(0.0544554074696113,-0.00643424879480199,-0.00740897130726673));
#3009=CARTESIAN_POINT('',(0.0525604568004469,-0.00529409794651218,-0.00690538836121532));
#3010=CARTESIAN_POINT('',(0.0505458304521253,-0.00456242358461421,-0.00638495684226609));
#3011=CARTESIAN_POINT('',(0.0478617069525462,-0.00414486846442399,-0.00572223274195438));
#3012=CARTESIAN_POINT('',(0.0456951166980375,-0.00407281206041574,-0.00522203503213255));
#3013=CARTESIAN_POINT('',(0.0446074128282104,-0.00407281206041574,-0.00497945334390792));
#3014=CARTESIAN_POINT('',(0.0446074128282104,-0.00407281206041576,-0.00497945334390792));
#3015=CARTESIAN_POINT('',(0.0446074128282104,-0.00407281206041576,-0.00497945334390792));
#3016=CARTESIAN_POINT('',(0.0392425863527869,-0.00407281206041576,-0.00378298002102892));
#3017=CARTESIAN_POINT('',(0.0284553416513439,-0.00407281206041568,-0.00179300127135913));
#3018=CARTESIAN_POINT('',(0.0066006191327482,-0.00407281206041581,0.000613691592604575));
#3019=CARTESIAN_POINT('',(-0.00988819647415786,-0.00407281206041573,0.000674570545824575));
#3020=CARTESIAN_POINT('',(-0.0208596757433621,-0.00407281206041573,1.30289586390603E-5));
#3021=CARTESIAN_POINT('',(0.0625188259109843,0.0112048116768906,0.00642449170907684));
#3022=CARTESIAN_POINT('',(0.0625188259109843,-0.0112048116768901,0.00642449170907684));
#3023=CARTESIAN_POINT('',(0.0744849817752827,0.0112048116768906,0.00641750021255132));
#3024=CARTESIAN_POINT('',(0.0744849817752827,-0.0112048116768901,0.00641750021255132));
#3025=CARTESIAN_POINT('',(0.0859871551023565,0.0112048116768906,0.00152298855092526));
#3026=CARTESIAN_POINT('',(0.0859871551023565,-0.0112048116768901,0.00152298855092526));
#3027=CARTESIAN_POINT('',(0.0970253458922057,0.0112048116768906,-0.00825904327580135));
#3028=CARTESIAN_POINT('',(0.0970253458922057,-0.0112048116768901,-0.00825904327580135));
#3029=CARTESIAN_POINT('',(0.0625188259109847,-0.0106577620492997,0.00642449170907684));
#3030=CARTESIAN_POINT('',(0.0658037813810396,-0.0108830190407181,0.0064225723997334));
#3031=CARTESIAN_POINT('',(0.0706556857247842,-0.0110832474624769,0.00586993435636551));
#3032=CARTESIAN_POINT('',(0.0769973703643914,-0.0109645038468583,0.00404349252791359));
#3033=CARTESIAN_POINT('',(0.0815023704272566,-0.0106486345595526,0.00221844297914199));
#3034=CARTESIAN_POINT('',(0.085798919389034,-0.010067886090877,-7.65561126055275E-6));
#3035=CARTESIAN_POINT('',(0.0899095494048825,-0.00913963160774325,-0.00260256524053094));
#3036=CARTESIAN_POINT('',(0.0936728228000799,-0.00778510320627707,-0.00538873191176625));
#3037=CARTESIAN_POINT('',(0.0959569803556488,-0.006470434884157,-0.00731225898115167));
#3038=CARTESIAN_POINT('',(0.0970253458922056,-0.0056176171528082,-0.00825904327580135));
#3039=CARTESIAN_POINT('',(0.0625188259109847,-0.0106577620492997,0.00642449170907684));
#3040=CARTESIAN_POINT('',(0.0970253458922056,-0.00561761715280822,-0.00825904327580134));
#3041=CARTESIAN_POINT('',(0.0970253458922131,-0.00561761715280226,-0.00825904327580792));
#3042=CARTESIAN_POINT('',(0.0970253458922131,0.00561761715280229,-0.00825904327580791));
#3043=CARTESIAN_POINT('',(0.0970253458922131,0.00561761715280229,-0.00825904327580791));
#3044=CARTESIAN_POINT('',(0.0959569803556563,0.00647043488415245,-0.00731225898115855));
#3045=CARTESIAN_POINT('',(0.0936728228000875,0.00778510320627359,-0.00538873191177202));
#3046=CARTESIAN_POINT('',(0.0899095494048895,0.00913963160774136,-0.00260256524053571));
#3047=CARTESIAN_POINT('',(0.0857989193890402,0.010067886090876,-7.65561126403613E-6));
#3048=CARTESIAN_POINT('',(0.0815023704272618,0.010648634559552,0.00221844297913958));
#3049=CARTESIAN_POINT('',(0.0769973703643954,0.0109645038468581,0.00404349252791227));
#3050=CARTESIAN_POINT('',(0.0706556857247864,0.011083247462477,0.00586993435636522));
#3051=CARTESIAN_POINT('',(0.0658037813810406,0.0108830190407184,0.00642257239973337));
#3052=CARTESIAN_POINT('',(0.0625188259109847,0.0106577620492997,0.00642449170907684));
#3053=CARTESIAN_POINT('',(0.0625188259109847,0.0106577620492997,0.00642449170907684));
#3054=CARTESIAN_POINT('',(0.0625188259109847,0.0106577620492997,0.00642449170907684));
#3055=CARTESIAN_POINT('',(0.0329203554429114,0.061214,0.00704826577566564));
#3056=CARTESIAN_POINT('',(0.062466746719473,0.0132026393111132,0.00642505610625871));
#3057=CARTESIAN_POINT('',(0.062466746719473,-0.0106501472138865,0.00642505610625871));
#3058=CARTESIAN_POINT('',(0.062466746719473,0.0106501472138865,0.00642505610625871));
#3059=CARTESIAN_POINT('',(0.062466746719473,0.0106501472138865,0.00642505610625871));
#3060=CARTESIAN_POINT('',(0.0593220014661596,0.0104192068558704,0.00649138690217019));
#3061=CARTESIAN_POINT('',(0.0561850790450842,0.0100945784551096,0.00655755269435424));
#3062=CARTESIAN_POINT('',(0.0530555282651425,0.00970959729506014,0.00662356299959605));
#3063=CARTESIAN_POINT('',(0.00334756169468161,0.061214,0.00767203234136105));
#3064=CARTESIAN_POINT('',(0.0530555282651425,-0.00970959729506013,0.00662356299959605));
#3065=CARTESIAN_POINT('',(0.0561850790450842,-0.0100945784551096,0.00655755269435424));
#3066=CARTESIAN_POINT('',(0.0593220014661596,-0.0104192068558704,0.00649138690217019));
#3067=CARTESIAN_POINT('',(0.062466746719473,-0.0106501472138865,0.00642505610625871));
#3068=CARTESIAN_POINT('',(-0.0324838011522981,0.0102575774799286,0.0172669446951426));
#3069=CARTESIAN_POINT('',(-0.0324838011522981,-0.0102575774799287,0.0172669446951426));
#3070=CARTESIAN_POINT('',(-0.0317780560332766,0.0102575774799286,0.0167617796653649));
#3071=CARTESIAN_POINT('',(-0.0317780560332766,-0.0102575774799287,0.0167617796653649));
#3072=CARTESIAN_POINT('',(-0.0307001353568382,0.0102575774799286,0.0160014504106745));
#3073=CARTESIAN_POINT('',(-0.0307001353568382,-0.0102575774799287,0.0160014504106745));
#3074=CARTESIAN_POINT('',(-0.0293401197798779,0.0102575774799286,0.0149980049111824));
#3075=CARTESIAN_POINT('',(-0.0293401197798779,-0.0102575774799288,0.0149980049111824));
#3076=CARTESIAN_POINT('',(-0.02756541210777,0.0102575774799286,0.0139375035499604));
#3077=CARTESIAN_POINT('',(-0.02756541210777,-0.0102575774799287,0.0139375035499604));
#3078=CARTESIAN_POINT('',(-0.0244806590838276,0.0102575774799286,0.0125346131482778));
#3079=CARTESIAN_POINT('',(-0.0244806590838276,-0.0102575774799287,0.0125346131482778));
#3080=CARTESIAN_POINT('',(-0.0178083931177856,0.0102575774799286,0.0103236998992305));
#3081=CARTESIAN_POINT('',(-0.0178083931177856,-0.0102575774799287,0.0103236998992305));
#3082=CARTESIAN_POINT('',(-0.00928530722538783,0.0102575774799286,0.00858495034756734));
#3083=CARTESIAN_POINT('',(-0.00928530722538783,-0.0102575774799288,0.00858495034756734));
#3084=CARTESIAN_POINT('',(-0.00148363275689684,0.0102575774799286,0.00778716992578607));
#3085=CARTESIAN_POINT('',(-0.00148363275689684,-0.0102575774799287,0.00778716992578607));
#3086=CARTESIAN_POINT('',(0.00185435327504117,0.0102575774799286,0.00767203234136105));
#3087=CARTESIAN_POINT('',(0.00185435327504117,-0.0102575774799287,0.00767203234136105));
#3088=CARTESIAN_POINT('',(0.00334756169468164,0.0102575774799286,0.00767203234136105));
#3089=CARTESIAN_POINT('',(0.00334756169468164,-0.0102575774799287,0.00767203234136105));
#3090=CARTESIAN_POINT('',(-0.0323827799821795,0.0101359461264117,0.0171946347902837));
#3091=CARTESIAN_POINT('',(-0.0321093436059939,0.00989338852796232,0.0169989118707831));
#3092=CARTESIAN_POINT('',(-0.0315698818195337,0.00939618032311924,0.0166127707242473));
#3093=CARTESIAN_POINT('',(-0.0307958908461522,0.0085970863658374,0.0160587560203865));
#3094=CARTESIAN_POINT('',(-0.03019783104509,0.00785749611557374,0.0156306710233106));
#3095=CARTESIAN_POINT('',(-0.0298121540615398,0.00718818228465207,0.0153546074422409));
#3096=CARTESIAN_POINT('',(-0.0296788327395916,0.00678867678530033,0.0152591774240136));
#3097=CARTESIAN_POINT('',(-0.0296788327395916,0.00657726803136102,0.0152591774240136));
#3098=CARTESIAN_POINT('',(-0.0296788327395916,0.00657726803136103,0.0152591774240136));
#3099=CARTESIAN_POINT('',(-0.0296788327395916,0.061214,0.0152591774240136));
#3100=CARTESIAN_POINT('',(-0.0296788327395916,-0.00657726803136104,0.0152591774240136));
#3101=CARTESIAN_POINT('',(-0.0296788327395916,-0.00657726803136104,0.0152591774240136));
#3102=CARTESIAN_POINT('',(-0.0296788327395916,-0.00679060681790947,0.0152591774240136));
#3103=CARTESIAN_POINT('',(-0.0298115910905649,-0.00718670925366395,0.0153542044734629));
#3104=CARTESIAN_POINT('',(-0.0302027060598164,-0.00786568333561587,0.0156341605082428));
#3105=CARTESIAN_POINT('',(-0.0308014559644484,-0.00860258699278846,0.0160627394742911));
#3106=CARTESIAN_POINT('',(-0.031570726192147,-0.00939699040202743,0.0166133751173981));
#3107=CARTESIAN_POINT('',(-0.0321095206684353,-0.00989354559499621,0.0169990386102406));
#3108=CARTESIAN_POINT('',(-0.0323827799821797,-0.0101359461264118,0.0171946347902837));
#3109=CARTESIAN_POINT('',(-0.079375,0.061214,0.0287688262760641));
#3110=CARTESIAN_POINT('',(-0.079375,0.0141007385309434,0.0287688262760641));
#3111=CARTESIAN_POINT('',(-0.05715,0.0141007385309434,0.0287688262760641));
#3112=CARTESIAN_POINT('',(-0.09398,0.0141007385309434,0.0287688262760641));
#3113=CARTESIAN_POINT('',(-0.09398,-0.0141007385309434,0.0287688262760641));
#3114=CARTESIAN_POINT('',(-0.09398,-0.0141007385309434,0.0287688262760641));
#3115=CARTESIAN_POINT('',(-0.05715,-0.0141007385309434,0.0287688262760641));
#3116=CARTESIAN_POINT('',(-0.05715,-0.0141007385309434,0.0287688262760641));
#3117=CARTESIAN_POINT('',(-0.05715,0.061214,0.0287688262760641));
#3118=CARTESIAN_POINT('',(-0.05715,0.0142699473933147,0.0287688262760641));
#3119=CARTESIAN_POINT('',(-0.05715,-0.0142699473933147,0.0287688262760641));
#3120=CARTESIAN_POINT('',(-0.0479107080777486,0.0142699473933147,0.028768826276064));
#3121=CARTESIAN_POINT('',(-0.0479107080777486,-0.0142699473933147,0.028768826276064));
#3122=CARTESIAN_POINT('',(-0.0387536523242792,0.0142699473933147,0.0242656099920472));
#3123=CARTESIAN_POINT('',(-0.0387536523242792,-0.0142699473933147,0.0242656099920472));
#3124=CARTESIAN_POINT('',(-0.0296788327395916,0.0142699473933147,0.0152591774240136));
#3125=CARTESIAN_POINT('',(-0.0296788327395916,-0.0142699473933147,0.0152591774240136));
#3126=CARTESIAN_POINT('',(-0.0296788327395916,0.00657726803136103,0.0152591774240136));
#3127=CARTESIAN_POINT('',(-0.0305571498042742,0.00715526312780565,0.0161308755710231));
#3128=CARTESIAN_POINT('',(-0.0319009850892006,0.00804061053749604,0.0174004929195292));
#3129=CARTESIAN_POINT('',(-0.0337557358042903,0.00923786313502676,0.0190097123384587));
#3130=CARTESIAN_POINT('',(-0.0351641519055558,0.0101840396180493,0.0201593994790834));
#3131=CARTESIAN_POINT('',(-0.036648491691994,0.0110140955307917,0.0212935060203394));
#3132=CARTESIAN_POINT('',(-0.0387731120524197,0.0119036405330599,0.0227966280105662));
#3133=CARTESIAN_POINT('',(-0.0415857157283302,0.012727013308113,0.0245392801361293));
#3134=CARTESIAN_POINT('',(-0.0452004166494381,0.0133981363376539,0.0263235816918676));
#3135=CARTESIAN_POINT('',(-0.0503786951041767,0.0139726548582562,0.0281739430384642));
#3136=CARTESIAN_POINT('',(-0.0544009082455186,0.0141007385309434,0.0287688262760641));
#3137=CARTESIAN_POINT('',(-0.05715,0.0141007385309434,0.0287688262760641));
#3138=CARTESIAN_POINT('',(-0.05715,-0.0141007385309434,0.0287688262760641));
#3139=CARTESIAN_POINT('',(-0.0557940077743013,-0.0141007385309434,0.0287688248454909));
#3140=CARTESIAN_POINT('',(-0.0530515902147863,-0.0140557733077352,0.0285693163229004));
#3141=CARTESIAN_POINT('',(-0.0490864237725012,-0.0138296335006758,0.0277116779869741));
#3142=CARTESIAN_POINT('',(-0.0451997999871103,-0.0133979735914132,0.0263234949929534));
#3143=CARTESIAN_POINT('',(-0.041585880545097,-0.0127270554974373,0.0245393001428474));
#3144=CARTESIAN_POINT('',(-0.0387731014431059,-0.011903641944663,0.0227966354779007));
#3145=CARTESIAN_POINT('',(-0.036648476488257,-0.0110140840489666,0.0212934876726118));
#3146=CARTESIAN_POINT('',(-0.0351642220439801,-0.0101840861840451,0.0201594700673477));
#3147=CARTESIAN_POINT('',(-0.0337554682691424,-0.00923768696729942,0.019009446607886));
#3148=CARTESIAN_POINT('',(-0.0319024048786992,-0.00804154496228324,0.0174019023148235));
#3149=CARTESIAN_POINT('',(-0.0305508505879583,-0.00715111763058822,0.0161246232199789));
#3150=CARTESIAN_POINT('',(-0.0296788327395916,-0.00657726803136103,0.0152591774240136));
#3151=CARTESIAN_POINT('',(-0.0826278030872345,0.061214,-0.008636));
#3152=CARTESIAN_POINT('',(-0.080976844871409,-0.0163253372786265,-0.0086242539539315));
#3153=CARTESIAN_POINT('',(-0.0809787772807804,-0.0163519378065778,-0.00835264535393806));
#3154=CARTESIAN_POINT('',(-0.0811242013599795,-0.016342740461476,-0.00779864935023773));
#3155=CARTESIAN_POINT('',(-0.0816946276267954,-0.0161432329472249,-0.00719887670757266));
#3156=CARTESIAN_POINT('',(-0.0824240644079116,-0.0157985572584996,-0.00694327049211993));
#3157=CARTESIAN_POINT('',(-0.0831394481048106,-0.0153688009729577,-0.00701551445321474));
#3158=CARTESIAN_POINT('',(-0.0837462591650848,-0.0149108691589108,-0.00735765348383104));
#3159=CARTESIAN_POINT('',(-0.0841820720479113,-0.0144861459281642,-0.007929397224513));
#3160=CARTESIAN_POINT('',(-0.0843476770030663,-0.014202352055813,-0.00872473207806082));
#3161=CARTESIAN_POINT('',(-0.0841717758805356,-0.0142461658939535,-0.00927771113885729));
#3162=CARTESIAN_POINT('',(-0.084033048173515,-0.0143182134414743,-0.00950265289908039));
#3163=CARTESIAN_POINT('',(-0.080976844871409,-0.0163253372786265,-0.0086242539539315));
#3164=CARTESIAN_POINT('',(-0.084033048173515,-0.0143182134414743,-0.00950265289908038));
#3165=CARTESIAN_POINT('',(-0.080976844871409,-0.0163253372786265,-0.0086242539539315));
#3166=CARTESIAN_POINT('',(-0.0809742524171241,-0.016084264405758,-0.00898863475713287));
#3167=CARTESIAN_POINT('',(-0.0812020341893438,-0.0155242146358929,-0.00963293724748911));
#3168=CARTESIAN_POINT('',(-0.0818188910866752,-0.0147620928718493,-0.0101386790508886));
#3169=CARTESIAN_POINT('',(-0.0824799297195889,-0.0142189850374472,-0.0103103957523318));
#3170=CARTESIAN_POINT('',(-0.083084907851217,-0.0139174329924022,-0.0102682068893691));
#3171=CARTESIAN_POINT('',(-0.0836947185414672,-0.0139649208377459,-0.00995014467038233));
#3172=CARTESIAN_POINT('',(-0.0839399226604697,-0.0141927657957071,-0.00965365241659653));
#3173=CARTESIAN_POINT('',(-0.0840330481735171,-0.0143182134414678,-0.00950265289907704));
#3174=CARTESIAN_POINT('',(-0.080976844871409,0.0163253372786265,-0.00862425395393148));
#3175=CARTESIAN_POINT('',(-0.0809787772807804,0.0163519378065778,-0.00835264535393842));
#3176=CARTESIAN_POINT('',(-0.0811242013599791,0.016342740461476,-0.00779864935023889));
#3177=CARTESIAN_POINT('',(-0.0816946276267936,0.0161432329472256,-0.007198876707574));
#3178=CARTESIAN_POINT('',(-0.0824240644079085,0.0157985572585012,-0.00694327049212043));
#3179=CARTESIAN_POINT('',(-0.0831394481048068,0.0153688009729602,-0.00701551445321367));
#3180=CARTESIAN_POINT('',(-0.0837462591650811,0.0149108691589139,-0.00735765348382799));
#3181=CARTESIAN_POINT('',(-0.0841820720479085,0.0144861459281674,-0.00792939722450741));
#3182=CARTESIAN_POINT('',(-0.0843476770030665,0.0142023520558145,-0.00872473207805248));
#3183=CARTESIAN_POINT('',(-0.084171775880539,0.0142461658939521,-0.00927771113884904));
#3184=CARTESIAN_POINT('',(-0.0840330481735196,0.0143182134414719,-0.00950265289907294));
#3185=CARTESIAN_POINT('',(-0.080976844871409,0.0163253372786265,-0.00862425395393148));
#3186=CARTESIAN_POINT('',(-0.0840330481735196,0.0143182134414718,-0.00950265289907293));
#3187=CARTESIAN_POINT('',(-0.0809768448714091,0.016325337278633,-0.00862425395392164));
#3188=CARTESIAN_POINT('',(-0.080974252417122,0.016084264405765,-0.00898863475712401));
#3189=CARTESIAN_POINT('',(-0.0812020341893452,0.0155242146358886,-0.00963293724749445));
#3190=CARTESIAN_POINT('',(-0.0818188910866769,0.0147620928718476,-0.0101386790508892));
#3191=CARTESIAN_POINT('',(-0.0824799297195922,0.0142189850374448,-0.0103103957523323));
#3192=CARTESIAN_POINT('',(-0.0830849078512217,0.0139174329924008,-0.010268206889368));
#3193=CARTESIAN_POINT('',(-0.0836947185414714,0.0139649208377479,-0.00995014467037885));
#3194=CARTESIAN_POINT('',(-0.0839399226604727,0.0141927657957101,-0.00965365241659261));
#3195=CARTESIAN_POINT('',(-0.0840330481735198,0.0143182134414714,-0.00950265289907273));
#3196=CARTESIAN_POINT('',(-0.076855942606926,0.061214,-0.005461));
#3197=CARTESIAN_POINT('',(-0.0777104785301812,-0.0174333242181069,-0.00687364622459636));
#3198=CARTESIAN_POINT('',(-0.0777724956012281,-0.0174441063942299,-0.00683613094713911));
#3199=CARTESIAN_POINT('',(-0.0778312561871487,-0.0174555408662172,-0.00679503382686103));
#3200=CARTESIAN_POINT('',(-0.0778869350430892,-0.0174674795398056,-0.00675051758288679));
#3201=CARTESIAN_POINT('',(-0.0778869350430892,-0.0174674795398056,-0.00675051758288676));
#3202=CARTESIAN_POINT('',(-0.0777104785301812,-0.0174333242181069,-0.00687364622459636));
#3203=CARTESIAN_POINT('',(-0.0754000448838192,-0.0177790771222402,-0.0046824354106096));
#3204=CARTESIAN_POINT('',(-0.0752279782778893,-0.0177742338142039,-0.00500419597255882));
#3205=CARTESIAN_POINT('',(-0.0751101731623535,-0.0177188741674341,-0.00575098497406827));
#3206=CARTESIAN_POINT('',(-0.0756337285415001,-0.0174954886021806,-0.00674086958157372));
#3207=CARTESIAN_POINT('',(-0.0766572863623087,-0.0173272390390645,-0.00722336309042432));
#3208=CARTESIAN_POINT('',(-0.0774039580851506,-0.0173800331263512,-0.00705906613152719));
#3209=CARTESIAN_POINT('',(-0.0777104785301812,-0.0174333242181071,-0.00687364622459638));
#3210=CARTESIAN_POINT('',(-0.0754000448838192,-0.0177790771222402,-0.0046824354106096));
#3211=CARTESIAN_POINT('',(-0.0754000448838193,-0.0177790771222403,-0.00468243541060962));
#3212=CARTESIAN_POINT('',(-0.0756317901454611,-0.0177777597129158,-0.00424907714674431));
#3213=CARTESIAN_POINT('',(-0.0765030847620108,-0.0177725477261823,-0.00361339208118858));
#3214=CARTESIAN_POINT('',(-0.078059453200928,-0.0175852614730704,-0.00401717935713938));
#3215=CARTESIAN_POINT('',(-0.0787377818708111,-0.0173477692933469,-0.00547502164289264));
#3216=CARTESIAN_POINT('',(-0.0782664039805149,-0.0174056181379333,-0.0064471253613019));
#3217=CARTESIAN_POINT('',(-0.0778869350430893,-0.0174674795398058,-0.00675051758288679));
#3218=CARTESIAN_POINT('',(-0.0754000448838178,0.0177790771222403,-0.00468243541061236));
#3219=CARTESIAN_POINT('',(-0.075631790145459,0.0177777597129159,-0.0042490771467464));
#3220=CARTESIAN_POINT('',(-0.0765030847620085,0.0177725477261825,-0.0036133920811886));
#3221=CARTESIAN_POINT('',(-0.0780594532009274,0.0175852614730706,-0.00401717935713842));
#3222=CARTESIAN_POINT('',(-0.0787377818708115,0.0173477692933468,-0.00547502164289277));
#3223=CARTESIAN_POINT('',(-0.0782664039805145,0.0174056181379333,-0.00644712536130266));
#3224=CARTESIAN_POINT('',(-0.0778869350430884,0.017467479539806,-0.00675051758288751));
#3225=CARTESIAN_POINT('',(-0.0754000448838178,0.0177790771222402,-0.00468243541061236));
#3226=CARTESIAN_POINT('',(-0.0778869350430883,0.0174674795398058,-0.00675051758288749));
#3227=CARTESIAN_POINT('',(-0.0754000448838178,0.0177790771222402,-0.00468243541061236));
#3228=CARTESIAN_POINT('',(-0.0752279782778887,0.0177742338142037,-0.00500419597256166));
#3229=CARTESIAN_POINT('',(-0.075110173162354,0.0177188741674337,-0.00575098497407064));
#3230=CARTESIAN_POINT('',(-0.0756337285415014,0.0174954886021803,-0.00674086958157472));
#3231=CARTESIAN_POINT('',(-0.0766572863623095,0.0173272390390645,-0.00722336309042426));
#3232=CARTESIAN_POINT('',(-0.0774039580851509,0.0173800331263513,-0.00705906613152701));
#3233=CARTESIAN_POINT('',(-0.0777104785301812,0.0174333242181071,-0.00687364622459638));
#3234=CARTESIAN_POINT('',(-0.0777104785301812,0.0174333242181069,-0.00687364622459636));
#3235=CARTESIAN_POINT('',(-0.0777104785301812,0.0174333242181069,-0.00687364622459636));
#3236=CARTESIAN_POINT('',(-0.0777724956012278,0.0174441063942298,-0.0068361309471393));
#3237=CARTESIAN_POINT('',(-0.0778312561871481,0.017455540866217,-0.00679503382686146));
#3238=CARTESIAN_POINT('',(-0.0778869350430884,0.0174674795398054,-0.00675051758288748));
#3239=CARTESIAN_POINT('',(-0.0721656635126045,0.061214,-0.008636));
#3240=CARTESIAN_POINT('',(-0.0706033414815202,-0.0169188410778734,-0.00810219210272941));
#3241=CARTESIAN_POINT('',(-0.0707477932083488,-0.0171334849184615,-0.00767941807408259));
#3242=CARTESIAN_POINT('',(-0.0714504167176541,-0.0174284560999954,-0.00687936243027162));
#3243=CARTESIAN_POINT('',(-0.0731407404109226,-0.0174072699235856,-0.00701208879788338));
#3244=CARTESIAN_POINT('',(-0.0739816117203645,-0.0169066731161514,-0.00833733243558101));
#3245=CARTESIAN_POINT('',(-0.0737703578628499,-0.0163305634004383,-0.00920417850202733));
#3246=CARTESIAN_POINT('',(-0.0735407962368479,-0.0160579087629743,-0.0095496799169922));
#3247=CARTESIAN_POINT('',(-0.0706033414815201,-0.0169188410778734,-0.0081021921027294));
#3248=CARTESIAN_POINT('',(-0.0735407962368479,-0.0160579087629743,-0.00954967991699219));
#3249=CARTESIAN_POINT('',(-0.0735407962368479,-0.0160579087629743,-0.00954967991699219));
#3250=CARTESIAN_POINT('',(-0.0734386821827412,-0.0159366259907299,-0.00970336653611986));
#3251=CARTESIAN_POINT('',(-0.0731804876542759,-0.0156978139989719,-0.00998104040764422));
#3252=CARTESIAN_POINT('',(-0.0726305760710812,-0.0154127975866628,-0.010265035602913));
#3253=CARTESIAN_POINT('',(-0.0719430409911105,-0.0153375526286888,-0.010319266758547));
#3254=CARTESIAN_POINT('',(-0.0713195345870755,-0.0155404503357721,-0.0100979290555048));
#3255=CARTESIAN_POINT('',(-0.0708752221954683,-0.0158717549945251,-0.00971562388782949));
#3256=CARTESIAN_POINT('',(-0.0704981691364173,-0.0163680978109238,-0.0090704349160557));
#3257=CARTESIAN_POINT('',(-0.0704749597818186,-0.0167280760265296,-0.00847793318647387));
#3258=CARTESIAN_POINT('',(-0.0706033414815201,-0.0169188410778734,-0.00810219210272941));
#3259=CARTESIAN_POINT('',(-0.0706033414815167,0.0169188410778683,-0.0081021921027394));
#3260=CARTESIAN_POINT('',(-0.0707477932083424,0.0171334849184572,-0.00767941807409234));
#3261=CARTESIAN_POINT('',(-0.071450416717641,0.0174284560999939,-0.00687936243027733));
#3262=CARTESIAN_POINT('',(-0.07314074041091,0.0174072699235875,-0.00701208879787568));
#3263=CARTESIAN_POINT('',(-0.0739816117203627,0.016906673116158,-0.00833733243556795));
#3264=CARTESIAN_POINT('',(-0.0737703578628537,0.0163305634004461,-0.00920417850201624));
#3265=CARTESIAN_POINT('',(-0.0735407962368544,0.016057908762982,-0.00954967991698248));
#3266=CARTESIAN_POINT('',(-0.0706033414815167,0.0169188410778683,-0.00810219210273939));
#3267=CARTESIAN_POINT('',(-0.0735407962368544,0.016057908762982,-0.00954967991698247));
#3268=CARTESIAN_POINT('',(-0.0706033414815167,0.0169188410778683,-0.0081021921027394));
#3269=CARTESIAN_POINT('',(-0.0704732902153105,0.0167255951827489,-0.008482819589533));
#3270=CARTESIAN_POINT('',(-0.0705022334242307,0.0163608997616057,-0.00908045155377617));
#3271=CARTESIAN_POINT('',(-0.0708761932470597,0.0158711447014663,-0.00971620440608996));
#3272=CARTESIAN_POINT('',(-0.0713222048427418,0.015538958266337,-0.0100996370973638));
#3273=CARTESIAN_POINT('',(-0.0719440129167788,0.0153377803257145,-0.0103190221704306));
#3274=CARTESIAN_POINT('',(-0.0726306398863724,0.0154127176876905,-0.0102651608235141));
#3275=CARTESIAN_POINT('',(-0.0731812338073008,0.0156984919293306,-0.00998023561630796));
#3276=CARTESIAN_POINT('',(-0.0734380723203632,0.0159359016457739,-0.0097042844086699));
#3277=CARTESIAN_POINT('',(-0.0735407962368544,0.016057908762982,-0.00954967991698248));
#3278=CARTESIAN_POINT('',(-0.0685863196849823,0.061214,-0.005461));
#3279=CARTESIAN_POINT('',(-0.0698714856665644,-0.01778,-0.0044245882093569));
#3280=CARTESIAN_POINT('',(-0.0700747130425339,-0.01778,-0.00467659316769506));
#3281=CARTESIAN_POINT('',(-0.0703235319491492,-0.0177562909021955,-0.00529277011946313));
#3282=CARTESIAN_POINT('',(-0.0701327522706053,-0.0175901827258169,-0.00626531187907802));
#3283=CARTESIAN_POINT('',(-0.0694578528121998,-0.017371464279708,-0.00697115252624537));
#3284=CARTESIAN_POINT('',(-0.0684876508377237,-0.0172630405211701,-0.00720592689828578));
#3285=CARTESIAN_POINT('',(-0.0675456838276639,-0.0173714949257436,-0.00686108377491064));
#3286=CARTESIAN_POINT('',(-0.0669577372313351,-0.0175906361238779,-0.00608060799701528));
#3287=CARTESIAN_POINT('',(-0.0668791611209612,-0.0177562547732202,-0.00509558694520915));
#3288=CARTESIAN_POINT('',(-0.0671996519766558,-0.0177800000000001,-0.00450916077941906));
#3289=CARTESIAN_POINT('',(-0.0674284885379059,-0.0177800000000001,-0.00428404289166524));
#3290=CARTESIAN_POINT('',(-0.0674284885379058,0.01778,-0.00428404289166531));
#3291=CARTESIAN_POINT('',(-0.0671977020049555,0.01778,-0.00451107906340286));
#3292=CARTESIAN_POINT('',(-0.0668798597947396,0.0177563184175404,-0.00509465731478758));
#3293=CARTESIAN_POINT('',(-0.0669578548643391,0.0175902327637983,-0.00608266442412194));
#3294=CARTESIAN_POINT('',(-0.0675473418540465,0.0173714159596252,-0.00686123253084391));
#3295=CARTESIAN_POINT('',(-0.0684842214318465,0.0172630404061537,-0.00720572966878215));
#3296=CARTESIAN_POINT('',(-0.0694595173492073,0.0173715433693086,-0.00697119463489212));
#3297=CARTESIAN_POINT('',(-0.0701331050191319,0.0175905859948507,-0.00626328251963098));
#3298=CARTESIAN_POINT('',(-0.0703241193610489,0.0177562274121443,-0.00529377280555352));
#3299=CARTESIAN_POINT('',(-0.0700729957485234,0.0177800000000001,-0.00467446369766907));
#3300=CARTESIAN_POINT('',(-0.0698714856665643,0.0177800000000001,-0.00442458820935674));
#3301=CARTESIAN_POINT('',(-0.0650137079113243,0.061214,-0.00835005100816488));
#3302=CARTESIAN_POINT('',(-0.0648173549702728,-0.0152623007762536,-0.00998933332751699));
#3303=CARTESIAN_POINT('',(-0.0643579578173423,-0.0152812696047745,-0.00993430681925558));
#3304=CARTESIAN_POINT('',(-0.0635547266354935,-0.0156313366740565,-0.00941992470654968));
#3305=CARTESIAN_POINT('',(-0.0632308782824077,-0.0164031773878154,-0.00824130121776809));
#3306=CARTESIAN_POINT('',(-0.0637192104625964,-0.0171122693310629,-0.00706739601500877));
#3307=CARTESIAN_POINT('',(-0.0646181496292488,-0.0173529948956392,-0.00668144748211229));
#3308=CARTESIAN_POINT('',(-0.0650813369463012,-0.0173590681932744,-0.00670043671578375));
#3309=CARTESIAN_POINT('',(-0.0648173549702728,-0.0152623007762557,-0.00998933332751543));
#3310=CARTESIAN_POINT('',(-0.0650813369463015,-0.0173590681932735,-0.00670043671578655));
#3311=CARTESIAN_POINT('',(-0.0648173549702725,-0.0152623007762536,-0.00998933332751695));
#3312=CARTESIAN_POINT('',(-0.0650568007468554,-0.0152524138933091,-0.0100180140995228));
#3313=CARTESIAN_POINT('',(-0.0655547224823979,-0.0153547248300312,-0.00996141331072724));
#3314=CARTESIAN_POINT('',(-0.066297172436166,-0.0158340732882515,-0.00952106657571592));
#3315=CARTESIAN_POINT('',(-0.0668002220943583,-0.0165665443949635,-0.00862033450559529));
#3316=CARTESIAN_POINT('',(-0.0665023357297158,-0.0172335473247548,-0.00723864911335951));
#3317=CARTESIAN_POINT('',(-0.0655713145339507,-0.0173654927641,-0.00672052426689851));
#3318=CARTESIAN_POINT('',(-0.0650813369463015,-0.0173590681932735,-0.00670043671578655));
#3319=CARTESIAN_POINT('',(-0.0648173549702728,0.0152623007762536,-0.009989333327517));
#3320=CARTESIAN_POINT('',(-0.0643579578173423,0.0152812696047745,-0.00993430681925561));
#3321=CARTESIAN_POINT('',(-0.0635547266354934,0.0156313366740566,-0.00941992470654961));
#3322=CARTESIAN_POINT('',(-0.0632308782824077,0.0164031773878156,-0.00824130121776783));
#3323=CARTESIAN_POINT('',(-0.0637192104625968,0.0171122693310631,-0.00706739601500839));
#3324=CARTESIAN_POINT('',(-0.0646181496292494,0.0173529948956393,-0.00668144748211212));
#3325=CARTESIAN_POINT('',(-0.0650813369463019,0.0173590681932744,-0.00670043671578378));
#3326=CARTESIAN_POINT('',(-0.0648173549702728,0.0152623007762527,-0.00998933332751824));
#3327=CARTESIAN_POINT('',(-0.0650813369463019,0.0173590681932745,-0.00670043671578377));
#3328=CARTESIAN_POINT('',(-0.064817354970273,0.0152623007762536,-0.00998933332751702));
#3329=CARTESIAN_POINT('',(-0.065056800746856,0.0152524138933091,-0.0100180140995228));
#3330=CARTESIAN_POINT('',(-0.0655547224823982,0.0153547248300314,-0.00996141331072709));
#3331=CARTESIAN_POINT('',(-0.0662971724361662,0.0158340732882517,-0.00952106657571573));
#3332=CARTESIAN_POINT('',(-0.0668002220943585,0.0165665443949638,-0.00862033450559478));
#3333=CARTESIAN_POINT('',(-0.0665023357297152,0.0172335473247543,-0.00723864911336072));
#3334=CARTESIAN_POINT('',(-0.0655713145339519,0.0173654927641009,-0.00672052426689585));
#3335=CARTESIAN_POINT('',(-0.0650813369463019,0.0173590681932745,-0.00670043671578377));
#3336=CARTESIAN_POINT('',(0.0749706774950028,0.061214,-0.008636));
#3337=CARTESIAN_POINT('',(0.073526466968811,-0.0135481859977147,-0.00943603559673115));
#3338=CARTESIAN_POINT('',(0.0737241054490273,-0.013544954278081,-0.00979280918865033));
#3339=CARTESIAN_POINT('',(0.0743837585455597,-0.0134856892618849,-0.0103409821798388));
#3340=CARTESIAN_POINT('',(0.0752439991137101,-0.0135053107575007,-0.0103144508447337));
#3341=CARTESIAN_POINT('',(0.0756188338617765,-0.0134906699455113,-0.0101544512913527));
#3342=CARTESIAN_POINT('',(0.0756188338617604,0.0134906699455119,-0.0101544512913596));
#3343=CARTESIAN_POINT('',(0.0752439700615129,0.0135053118922606,-0.0103144632457633));
#3344=CARTESIAN_POINT('',(0.0743850306164582,0.0134856562429341,-0.0103414262873108));
#3345=CARTESIAN_POINT('',(0.0737240804787685,0.0135449546863865,-0.00979276411276776));
#3346=CARTESIAN_POINT('',(0.073526466968811,0.0135481859977147,-0.00943603559673117));
#3347=CARTESIAN_POINT('',(0.0793404802680016,0.061214,-0.005461));
#3348=CARTESIAN_POINT('',(0.0836735144257546,0.061214,-0.008636));
#3349=CARTESIAN_POINT('',(0.0830385144257546,-0.0128300423277395,-0.01016));
#3350=CARTESIAN_POINT('',(0.083444201017035,-0.012769996800517,-0.0103290360797002));
#3351=CARTESIAN_POINT('',(0.0839042724584528,-0.0126963505111995,-0.0103284341530471));
#3352=CARTESIAN_POINT('',(0.0843085144257697,-0.0126263056943094,-0.0101599999999937));
#3353=CARTESIAN_POINT('',(0.0843085144257536,0.0126263056943122,-0.01016));
#3354=CARTESIAN_POINT('',(0.0839042497085048,0.0126963544531843,-0.0103284436321867));
#3355=CARTESIAN_POINT('',(0.0834441750478368,0.0127700006442088,-0.0103290252592009));
#3356=CARTESIAN_POINT('',(0.0830385144257546,0.0128300423277396,-0.01016));
#3357=CARTESIAN_POINT('',(-0.079375,0.0141007385309434,0.0250895648070074));
#3358=CARTESIAN_POINT('',(-0.09398,0.0141007385309434,0.0250895648070074));
#3359=CARTESIAN_POINT('',(-0.05715,0.0141007385309434,0.0250895648070074));
#3360=CARTESIAN_POINT('',(-0.05715,0.0141007385309434,0.0287688262760641));
#3361=CARTESIAN_POINT('',(-0.05715,0.01778,0.0287688262760641));
#3362=CARTESIAN_POINT('',(-0.05715,0.01778,0.0250895648070075));
#3363=CARTESIAN_POINT('',(-0.0557122215229749,0.0141007385310997,0.0287688262760641));
#3364=CARTESIAN_POINT('',(-0.055663772129407,0.0177800000003102,0.0287688262759418));
#3365=CARTESIAN_POINT('',(-0.0558498123299035,0.01778,0.0250895648067773));
#3366=CARTESIAN_POINT('',(-0.0528651466536361,0.0140515104093151,0.028550095089333));
#3367=CARTESIAN_POINT('',(-0.0527193706218035,0.0177143757625487,0.0285362338537554));
#3368=CARTESIAN_POINT('',(-0.0532658839992502,0.017728907789716,0.0248996053983161));
#3369=CARTESIAN_POINT('',(-0.0487084136944099,0.0138012861772082,0.0276091508810154));
#3370=CARTESIAN_POINT('',(-0.0484019030872733,0.0173763330971202,0.0275259979126863));
#3371=CARTESIAN_POINT('',(-0.0494161595361581,0.0174656745336624,0.0240754906225692));
#3372=CARTESIAN_POINT('',(-0.0447149498944433,0.0133277685503063,0.0261156418355905));
#3373=CARTESIAN_POINT('',(-0.0442484571363897,0.0167371527546166,0.0259170232940557));
#3374=CARTESIAN_POINT('',(-0.0455934861555373,0.0169583973552595,0.0227465820058397));
#3375=CARTESIAN_POINT('',(-0.0416925211344293,0.012728032711331,0.0245668564916039));
#3376=CARTESIAN_POINT('',(-0.0410884988267168,0.0159282544746076,0.0242385416660587));
#3377=CARTESIAN_POINT('',(-0.0425705050309493,0.0162993536437622,0.021344522460302));
#3378=CARTESIAN_POINT('',(-0.0394257261232292,0.0120885400078527,0.023197849631296));
#3379=CARTESIAN_POINT('',(-0.0387070459302284,0.0150587346596529,0.0227439073878242));
#3380=CARTESIAN_POINT('',(-0.0402025011455565,0.015571101554209,0.020090498331045));
#3381=CARTESIAN_POINT('',(-0.0377943028233644,0.0115090007131521,0.022113180923981));
#3382=CARTESIAN_POINT('',(-0.0370010297802964,0.0142749005606199,0.0215648257368371));
#3383=CARTESIAN_POINT('',(-0.0384371198550872,0.0148929326819234,0.0190899879658578));
#3384=CARTESIAN_POINT('',(-0.036511689812649,0.0109303476179896,0.0211857983086453));
#3385=CARTESIAN_POINT('',(-0.0356474000362734,0.0134802687243914,0.0205468617660451));
#3386=CARTESIAN_POINT('',(-0.0369802812429987,0.0141861755899818,0.0182290897799641));
#3387=CARTESIAN_POINT('',(-0.0356625282453225,0.0104636223927278,0.0205377691016973));
#3388=CARTESIAN_POINT('',(-0.034749206004175,0.0128408585515917,0.0198332743647542));
#3389=CARTESIAN_POINT('',(-0.0359839985179155,0.013600056983542,0.0176249794391526));
#3390=CARTESIAN_POINT('',(-0.0352498400095436,0.0102124104471397,0.0202148016747984));
#3391=CARTESIAN_POINT('',(-0.0343085980926276,0.0124854623573842,0.0194742678822411));
#3392=CARTESIAN_POINT('',(-0.0354752148516314,0.0132681911290501,0.0173233106387204));
#3393=CARTESIAN_POINT('',(-0.0350178972244468,0.0100625445386784,0.0200310622728874));
#3394=CARTESIAN_POINT('',(-0.0340684083781706,0.012290629120886,0.0192758798161709));
#3395=CARTESIAN_POINT('',(-0.0352067866280991,0.0130827011793145,0.0171515257326075));
#3396=CARTESIAN_POINT('',(-0.0347867259551828,0.00991288089268691,0.0198464627110513));
#3397=CARTESIAN_POINT('',(-0.0338508212274451,0.0121471010712602,0.0190940904974806));
#3398=CARTESIAN_POINT('',(-0.0350031831681101,0.0129417826036173,0.0169788301972716));
#3399=CARTESIAN_POINT('',(-0.0344990673233954,0.00972654078277717,0.0196140080996444));
#3400=CARTESIAN_POINT('',(-0.0335728744045823,0.0119513899854055,0.0188596653179246));
#3401=CARTESIAN_POINT('',(-0.0347276546845081,0.0127511838749562,0.0167611604883932));
#3402=CARTESIAN_POINT('',(-0.0340415558772079,0.00942979729604899,0.0192384999621883));
#3403=CARTESIAN_POINT('',(-0.0331343912485257,0.0116493548289718,0.0184842853336758));
#3404=CARTESIAN_POINT('',(-0.0343011637090207,0.012456104097451,0.0164091413102978));
#3405=CARTESIAN_POINT('',(-0.033248371904676,0.0089142448168599,0.0185725500231228));
#3406=CARTESIAN_POINT('',(-0.0323723373397654,0.0111212959323096,0.0178184296878182));
#3407=CARTESIAN_POINT('',(-0.0335544776980344,0.0119395131246069,0.0157834673172813));
#3408=CARTESIAN_POINT('',(-0.0321321282495236,0.00818783004103944,0.017592848873093));
#3409=CARTESIAN_POINT('',(-0.0312991497623273,0.0103792712480449,0.0168401842174095));
#3410=CARTESIAN_POINT('',(-0.0325053710714808,0.0112136811768578,0.0148622312215444));
#3411=CARTESIAN_POINT('',(-0.0308353358896354,0.00733318225549579,0.0163934533102502));
#3412=CARTESIAN_POINT('',(-0.0300427296027927,0.0095098609576742,0.0156436974083801));
#3413=CARTESIAN_POINT('',(-0.0312697923237709,0.0103588426475829,0.0137192189837444));
#3414=CARTESIAN_POINT('',(-0.0299648399913983,0.00677514320574593,0.015543029351132));
#3415=CARTESIAN_POINT('',(-0.0292119864362828,0.00893514177225927,0.0147958492320769));
#3416=CARTESIAN_POINT('',(-0.0304632686329401,0.00980084598532584,0.0129315773922152));
#3417=CARTESIAN_POINT('',(-0.0295641111678351,0.00649789748787684,0.0151453203836084));
#3418=CARTESIAN_POINT('',(-0.0288112576127289,0.00865789605438845,0.0143981402645557));
#3419=CARTESIAN_POINT('',(-0.0300625398093715,0.00952360026745903,0.0125338684246909));
#3420=CARTESIAN_POINT('',(-0.079375,-0.0141007385309434,0.0250895648070074));
#3421=CARTESIAN_POINT('',(-0.09398,-0.0141007385309434,0.0250895648070074));
#3422=CARTESIAN_POINT('',(-0.05715,-0.0141007385309434,0.0250895648070074));
#3423=CARTESIAN_POINT('',(-0.05715,-0.01778,0.0250895648070075));
#3424=CARTESIAN_POINT('',(-0.05715,-0.01778,0.0287688262760641));
#3425=CARTESIAN_POINT('',(-0.05715,-0.0141007385309434,0.0287688262760641));
#3426=CARTESIAN_POINT('',(-0.0558498123299383,-0.01778,0.0250895648067686));
#3427=CARTESIAN_POINT('',(-0.0556637721294823,-0.0177800000003203,0.028768826275896));
#3428=CARTESIAN_POINT('',(-0.055712221523014,-0.0141007385311432,0.0287688262760641));
#3429=CARTESIAN_POINT('',(-0.0532658839992341,-0.017728907789716,0.0248996053983201));
#3430=CARTESIAN_POINT('',(-0.0527193706217634,-0.0177143757625439,0.0285362338537762));
#3431=CARTESIAN_POINT('',(-0.0528651466536179,-0.0140515104092949,0.028550095089333));
#3432=CARTESIAN_POINT('',(-0.0494161595361624,-0.0174656745336624,0.0240754906225681));
#3433=CARTESIAN_POINT('',(-0.048401903087286,-0.0173763330971216,0.0275259979126812));
#3434=CARTESIAN_POINT('',(-0.0487084136944149,-0.0138012861772136,0.0276091508810154));
#3435=CARTESIAN_POINT('',(-0.0455934861555361,-0.0169583973552596,0.02274658200584));
#3436=CARTESIAN_POINT('',(-0.0442484571363858,-0.0167371527546161,0.0259170232940568));
#3437=CARTESIAN_POINT('',(-0.044714949894442,-0.0133277685503049,0.0261156418355905));
#3438=CARTESIAN_POINT('',(-0.0425705050309494,-0.0162993536437622,0.0213445224603019));
#3439=CARTESIAN_POINT('',(-0.0410884988267173,-0.0159282544746076,0.0242385416660586));
#3440=CARTESIAN_POINT('',(-0.0416925211344294,-0.0127280327113312,0.0245668564916039));
#3441=CARTESIAN_POINT('',(-0.0402025011455564,-0.015571101554209,0.0200904983310451));
#3442=CARTESIAN_POINT('',(-0.0387070459302283,-0.0150587346596529,0.0227439073878242));
#3443=CARTESIAN_POINT('',(-0.0394257261232292,-0.0120885400078527,0.023197849631296));
#3444=CARTESIAN_POINT('',(-0.0384371198550872,-0.0148929326819234,0.0190899879658578));
#3445=CARTESIAN_POINT('',(-0.0370010297802965,-0.0142749005606199,0.0215648257368371));
#3446=CARTESIAN_POINT('',(-0.0377943028233643,-0.0115090007131521,0.022113180923981));
#3447=CARTESIAN_POINT('',(-0.0369802812429987,-0.0141861755899818,0.0182290897799641));
#3448=CARTESIAN_POINT('',(-0.0356474000362734,-0.0134802687243914,0.0205468617660451));
#3449=CARTESIAN_POINT('',(-0.036511689812649,-0.0109303476179896,0.0211857983086453));
#3450=CARTESIAN_POINT('',(-0.0359839985179155,-0.013600056983542,0.0176249794391526));
#3451=CARTESIAN_POINT('',(-0.034749206004175,-0.0128408585515918,0.0198332743647542));
#3452=CARTESIAN_POINT('',(-0.0356625282453225,-0.0104636223927279,0.0205377691016973));
#3453=CARTESIAN_POINT('',(-0.0354752148516314,-0.0132681911290501,0.0173233106387204));
#3454=CARTESIAN_POINT('',(-0.0343085980926275,-0.0124854623573842,0.0194742678822411));
#3455=CARTESIAN_POINT('',(-0.0352498400095436,-0.0102124104471397,0.0202148016747984));
#3456=CARTESIAN_POINT('',(-0.0352067866280991,-0.0130827011793145,0.0171515257326075));
#3457=CARTESIAN_POINT('',(-0.0340684083781706,-0.012290629120886,0.0192758798161709));
#3458=CARTESIAN_POINT('',(-0.0350178972244468,-0.0100625445386784,0.0200310622728875));
#3459=CARTESIAN_POINT('',(-0.0350031831681102,-0.0129417826036173,0.0169788301972716));
#3460=CARTESIAN_POINT('',(-0.0338508212274451,-0.0121471010712602,0.0190940904974806));
#3461=CARTESIAN_POINT('',(-0.0347867259551828,-0.00991288089268693,0.0198464627110513));
#3462=CARTESIAN_POINT('',(-0.0347276546845082,-0.0127511838749563,0.0167611604883932));
#3463=CARTESIAN_POINT('',(-0.0335728744045823,-0.0119513899854055,0.0188596653179246));
#3464=CARTESIAN_POINT('',(-0.0344990673233954,-0.00972654078277718,0.0196140080996444));
#3465=CARTESIAN_POINT('',(-0.0343011637090207,-0.0124561040974509,0.0164091413102978));
#3466=CARTESIAN_POINT('',(-0.0331343912485257,-0.0116493548289718,0.0184842853336759));
#3467=CARTESIAN_POINT('',(-0.034041555877208,-0.00942979729604899,0.0192384999621884));
#3468=CARTESIAN_POINT('',(-0.0335544776980345,-0.0119395131246069,0.0157834673172812));
#3469=CARTESIAN_POINT('',(-0.032372337339765,-0.0111212959323097,0.0178184296878181));
#3470=CARTESIAN_POINT('',(-0.0332483719046759,-0.00891424481685989,0.0185725500231227));
#3471=CARTESIAN_POINT('',(-0.0325053710714802,-0.0112136811768574,0.014862231221545));
#3472=CARTESIAN_POINT('',(-0.03129914976233,-0.0103792712480448,0.0168401842174109));
#3473=CARTESIAN_POINT('',(-0.0321321282495243,-0.00818783004103972,0.0175928488730937));
#3474=CARTESIAN_POINT('',(-0.031269792323773,-0.0103588426475844,0.0137192189837424));
#3475=CARTESIAN_POINT('',(-0.030042729602783,-0.00950986095767466,0.0156436974083753));
#3476=CARTESIAN_POINT('',(-0.030835335889633,-0.00733318225549477,0.0163934533102479));
#3477=CARTESIAN_POINT('',(-0.0304632686329356,-0.00980084598532271,0.0129315773922195));
#3478=CARTESIAN_POINT('',(-0.0292119864363037,-0.0089351417722583,0.0147958492320873));
#3479=CARTESIAN_POINT('',(-0.0299648399914035,-0.00677514320574812,0.0155430293511372));
#3480=CARTESIAN_POINT('',(-0.0300625398093716,-0.00952360026745904,0.0125338684246909));
#3481=CARTESIAN_POINT('',(-0.0288112576127289,-0.00865789605438846,0.0143981402645557));
#3482=CARTESIAN_POINT('',(-0.0295641111678351,-0.00649789748787685,0.0151453203836084));
#3483=CARTESIAN_POINT('',(0.0719366797914314,-6.83943875377615E-18,-0.00889));
#3484=CARTESIAN_POINT('',(0.0719366797914309,0.010176336546147,-0.0127));
#3485=CARTESIAN_POINT('',(0.0714980504876026,0.0100388419737291,-0.0126999999999999));
#3486=CARTESIAN_POINT('',(0.0710680256062463,0.00989531797099998,-0.0126245310832658));
#3487=CARTESIAN_POINT('',(0.0706624762989016,0.00975157812529986,-0.0124806135213393));
#3488=CARTESIAN_POINT('',(0.0719366797914314,-0.0101763365461471,-0.0127));
#3489=CARTESIAN_POINT('',(0.0714980504876028,-0.0100388419737291,-0.0127));
#3490=CARTESIAN_POINT('',(0.0710680256062691,-0.00989531797092869,-0.0126245310832739));
#3491=CARTESIAN_POINT('',(0.0706624762989016,-0.00975157812529984,-0.0124806135213393));
#3492=CARTESIAN_POINT('',(0.0554395310912319,0.0125529949517429,-0.00384606598295528));
#3493=CARTESIAN_POINT('',(0.0544750195344368,0.0124461087111518,-0.007417470983998));
#3494=CARTESIAN_POINT('',(0.0548544670818458,0.00876617668597535,-0.00752120498005501));
#3495=CARTESIAN_POINT('',(0.0588228732931486,0.0129279336718115,-0.00475406666061335));
#3496=CARTESIAN_POINT('',(0.0578030170710916,0.012830914162135,-0.00832107348170067));
#3497=CARTESIAN_POINT('',(0.0581199334713104,0.00913424733033764,-0.00841392356496115));
#3498=CARTESIAN_POINT('',(0.0639056128064976,0.01336772767193,-0.00623811065717684));
#3499=CARTESIAN_POINT('',(0.0628082689560863,0.0132930495762251,-0.00980710780191857));
#3500=CARTESIAN_POINT('',(0.0630113209864472,0.00956397731660255,-0.00987319184240594));
#3501=CARTESIAN_POINT('',(0.0698254048102391,0.0135648160078973,-0.00816362649524604));
#3502=CARTESIAN_POINT('',(0.0685999616663046,0.0135401751614459,-0.0117452798327588));
#3503=CARTESIAN_POINT('',(0.0686579566235704,0.00975476011735701,-0.0117660852896396));
#3504=CARTESIAN_POINT('',(0.0732062729070332,0.0135637076154962,-0.00932567141988472));
#3505=CARTESIAN_POINT('',(0.0719110757437014,0.0135797916697963,-0.0129259082441517));
#3506=CARTESIAN_POINT('',(0.0718651574659453,0.00975359569555214,-0.0129094606682502));
#3507=CARTESIAN_POINT('',(0.0749043348459208,0.0135198198840994,-0.00990983559722629));
#3508=CARTESIAN_POINT('',(0.0736087914553098,0.0135596648661452,-0.0135348041313562));
#3509=CARTESIAN_POINT('',(0.0735024990872996,0.00971143842191196,-0.0134967364365922));
#3510=CARTESIAN_POINT('',(0.0757562357919851,0.0134851943159595,-0.010201502054508));
#3511=CARTESIAN_POINT('',(0.0744559318635717,0.0135380452518387,-0.0138382001614252));
#3512=CARTESIAN_POINT('',(0.0743168882592405,0.00967833752239016,-0.0137884028938771));
#3513=CARTESIAN_POINT('',(0.055406670563331,0.0124416803488291,-0.0047627599363222));
#3514=CARTESIAN_POINT('',(0.0552680617582436,0.0122263601638766,-0.00556958813412083));
#3515=CARTESIAN_POINT('',(0.0552260631406308,0.0112757914114619,-0.00704825463513732));
#3516=CARTESIAN_POINT('',(0.055593066173026,0.00967069761962581,-0.00772434260179447));
#3517=CARTESIAN_POINT('',(0.0558362548257032,0.0088743246532774,-0.00779202330480625));
#3518=CARTESIAN_POINT('',(0.055406670563331,0.0124416803488291,-0.00476275993632221));
#3519=CARTESIAN_POINT('',(0.055406670563331,0.0124416803488291,-0.00476275993632221));
#3520=CARTESIAN_POINT('',(0.0554564832044787,0.0125190611984666,-0.00447280546005776));
#3521=CARTESIAN_POINT('',(0.0555074499554881,0.0125605171068826,-0.00417798868644456));
#3522=CARTESIAN_POINT('',(0.0555598870534751,0.0125662971719104,-0.00387839950476065));
#3523=CARTESIAN_POINT('',(0.0756350352000434,0.0134900356221934,-0.0101600000000116));
#3524=CARTESIAN_POINT('',(0.0747507865752144,0.0135247385811164,-0.0106029358350016));
#3525=CARTESIAN_POINT('',(0.0729948558405413,0.0132009137596763,-0.0114764209368589));
#3526=CARTESIAN_POINT('',(0.0715254533779792,0.011923489900046,-0.0122151366985368));
#3527=CARTESIAN_POINT('',(0.0711357570301213,0.0110280263911432,-0.0124149383890356));
#3528=CARTESIAN_POINT('',(0.0711357570301214,0.0110280263911431,-0.0124149383890355));
#3529=CARTESIAN_POINT('',(0.0711357570301214,0.0110280263911431,-0.0124149383890355));
#3530=CARTESIAN_POINT('',(0.0709569677805047,0.0106171956258677,-0.0125066056435855));
#3531=CARTESIAN_POINT('',(0.070796837905423,0.0101845768835652,-0.0125282945171563));
#3532=CARTESIAN_POINT('',(0.0706624762989016,0.00975157812529982,-0.0124806135213393));
#3533=CARTESIAN_POINT('',(0.0548544670818393,-0.00876617668597464,-0.00752120498005322));
#3534=CARTESIAN_POINT('',(0.0544750195344302,-0.0124461087111511,-0.00741747098399619));
#3535=CARTESIAN_POINT('',(0.0554395310912251,-0.0125529949517422,-0.00384606598295347));
#3536=CARTESIAN_POINT('',(0.058119933471224,-0.00913424733003717,-0.00841392356493742));
#3537=CARTESIAN_POINT('',(0.0578030170709706,-0.0128309141619469,-0.00832107348180424));
#3538=CARTESIAN_POINT('',(0.0588228732931879,-0.012927933671816,-0.00475406666063402));
#3539=CARTESIAN_POINT('',(0.0630113209865113,-0.00956397731667468,-0.00987319184242676));
#3540=CARTESIAN_POINT('',(0.0628082689561431,-0.0132930495762672,-0.00980710780190673));
#3541=CARTESIAN_POINT('',(0.0639056128065182,-0.0133677276719286,-0.00623811065718712));
#3542=CARTESIAN_POINT('',(0.0686579566235341,-0.00975476011734974,-0.0117660852896265));
#3543=CARTESIAN_POINT('',(0.0685999616662708,-0.0135401751614445,-0.011745279832747));
#3544=CARTESIAN_POINT('',(0.069825404810225,-0.0135648160078991,-0.00816362649523416));
#3545=CARTESIAN_POINT('',(0.0718651574660539,-0.00975359569555595,-0.0129094606682891));
#3546=CARTESIAN_POINT('',(0.0719110757438092,-0.0135797916697942,-0.0129259082441938));
#3547=CARTESIAN_POINT('',(0.0732062729071092,-0.0135637076154938,-0.00932567141992309));
#3548=CARTESIAN_POINT('',(0.0735024990871306,-0.00971143842190499,-0.0134967364365316));
#3549=CARTESIAN_POINT('',(0.0736087914551454,-0.0135596648661512,-0.0135348041312884));
#3550=CARTESIAN_POINT('',(0.0749043348458254,-0.0135198198841036,-0.00990983559716643));
#3551=CARTESIAN_POINT('',(0.0743168882592655,-0.00967833752238915,-0.013788402893886));
#3552=CARTESIAN_POINT('',(0.0744559318635978,-0.0135380452518381,-0.0138382001614345));
#3553=CARTESIAN_POINT('',(0.0757562357920112,-0.0134851943159584,-0.0102015020545169));
#3554=CARTESIAN_POINT('',(0.0555598870534746,-0.0125662971719118,-0.00387839950476116));
#3555=CARTESIAN_POINT('',(0.0555074499554877,-0.012560517106884,-0.00417798868644444));
#3556=CARTESIAN_POINT('',(0.0554564832044785,-0.0125190611984663,-0.00447280546005876));
#3557=CARTESIAN_POINT('',(0.0554066705633309,-0.0124416803488291,-0.00476275993632248));
#3558=CARTESIAN_POINT('',(0.0554066705633306,-0.0124416803488305,-0.00476275993632245));
#3559=CARTESIAN_POINT('',(0.0554066705633306,-0.0124416803488305,-0.00476275993632245));
#3560=CARTESIAN_POINT('',(0.0552680617582431,-0.0122263601638778,-0.00556958813412151));
#3561=CARTESIAN_POINT('',(0.0552260631405654,-0.0112757914114394,-0.00704825463511905));
#3562=CARTESIAN_POINT('',(0.0555930661731575,-0.00967069761966855,-0.00772434260183127));
#3563=CARTESIAN_POINT('',(0.0558362548257033,-0.00887432465327659,-0.00779202330480628));
#3564=CARTESIAN_POINT('',(0.0711357570301231,-0.0110280263911471,-0.0124149383890347));
#3565=CARTESIAN_POINT('',(0.0709569677805048,-0.0106171956258685,-0.0125066056435858));
#3566=CARTESIAN_POINT('',(0.070796837906078,-0.0101845768833329,-0.0125282945173914));
#3567=CARTESIAN_POINT('',(0.0706624762988811,-0.00975157812529988,-0.012480613521332));
#3568=CARTESIAN_POINT('',(0.0711357570301231,-0.0110280263911471,-0.0124149383890347));
#3569=CARTESIAN_POINT('',(0.0711357570301231,-0.0110280263911471,-0.0124149383890347));
#3570=CARTESIAN_POINT('',(0.0715247353338724,-0.0119218399428414,-0.0122155048478079));
#3571=CARTESIAN_POINT('',(0.0729845251352194,-0.0131965673023991,-0.0114815791488959));
#3572=CARTESIAN_POINT('',(0.0747511687520075,-0.0135247235823229,-0.0106027443958593));
#3573=CARTESIAN_POINT('',(0.0756350352000634,-0.0134900356221926,-0.01016));
#3574=CARTESIAN_POINT('',(0.0454367510974407,0.00788281206041574,-0.00126081138276268));
#3575=CARTESIAN_POINT('',(0.0446074128282104,0.00788281206041575,-0.00497945334390797));
#3576=CARTESIAN_POINT('',(0.0446074128282104,0.00407281206041571,-0.00497945334390793));
#3577=CARTESIAN_POINT('',(0.0465317353766536,0.00788281206041575,-0.00152577862399665));
#3578=CARTESIAN_POINT('',(0.04568397973385,0.00786260178028741,-0.0052195512461776));
#3579=CARTESIAN_POINT('',(0.0457755251366247,0.00407281205929233,-0.0052399678678253));
#3580=CARTESIAN_POINT('',(0.048670102783809,0.00795862017144267,-0.0020743976395657));
#3581=CARTESIAN_POINT('',(0.0477844792581754,0.00788664774640726,-0.00570486486352836));
#3582=CARTESIAN_POINT('',(0.0481056827428623,0.00415702087346006,-0.00577936005075197));
#3583=CARTESIAN_POINT('',(0.0509750405074167,0.00838159186964484,-0.00279902961575353));
#3584=CARTESIAN_POINT('',(0.0501094005273302,0.00815918913995423,-0.00627607670910402));
#3585=CARTESIAN_POINT('',(0.0509706387669608,0.00464786032552574,-0.00649179408875224));
#3586=CARTESIAN_POINT('',(0.0522382903842619,0.00893476999436732,-0.0033682406135429));
#3587=CARTESIAN_POINT('',(0.0515560452328336,0.00855226376375889,-0.00664020536519112));
#3588=CARTESIAN_POINT('',(0.0531157583203302,0.00556695303935665,-0.00705142248868823));
#3589=CARTESIAN_POINT('',(0.053047677960716,0.00955990285328201,-0.00389374242532299));
#3590=CARTESIAN_POINT('',(0.0526881303354699,0.00907536639920616,-0.00692669256456207));
#3591=CARTESIAN_POINT('',(0.0550379603660565,0.00699327931791568,-0.00756807848767163));
#3592=CARTESIAN_POINT('',(0.0532736591409083,0.0100380302922876,-0.00414252304726232));
#3593=CARTESIAN_POINT('',(0.0532099238412066,0.00975497298536566,-0.00706009856040391));
#3594=CARTESIAN_POINT('',(0.055910646631881,0.00868901318203661,-0.00781267303614135));
#3595=CARTESIAN_POINT('',(0.0533263638172194,0.0104194078658929,-0.00418921556108995));
#3596=CARTESIAN_POINT('',(0.0533111900180961,0.0103096083737593,-0.00708611248450102));
#3597=CARTESIAN_POINT('',(0.0560748901986032,0.00989783979261977,-0.00785857989829409));
#3598=CARTESIAN_POINT('',(0.0533223933200831,0.0103922487612841,-0.00418568686408752));
#3599=CARTESIAN_POINT('',(0.0533134148674948,0.0103340361641831,-0.00502610256260599));
#3600=CARTESIAN_POINT('',(0.0538565032249032,0.010062508217154,-0.00667762215343659));
#3601=CARTESIAN_POINT('',(0.0551523810015592,0.0093078321584783,-0.0076016975610683));
#3602=CARTESIAN_POINT('',(0.0558362548257032,0.0088743246532774,-0.00779202330480625));
#3603=CARTESIAN_POINT('',(0.0454367510974407,0.00407281206041574,-0.00126081138276268));
#3604=CARTESIAN_POINT('',(0.0446074128282104,-0.0040728120604157,-0.00497945334390791));
#3605=CARTESIAN_POINT('',(0.0446074128282104,-0.00788281206041574,-0.00497945334390794));
#3606=CARTESIAN_POINT('',(0.0454367510974407,-0.00788281206041573,-0.00126081138276268));
#3607=CARTESIAN_POINT('',(0.0457755251367417,-0.00407281205926698,-0.0052399678678514));
#3608=CARTESIAN_POINT('',(0.0456839797339819,-0.00786260178027631,-0.00521955124622228));
#3609=CARTESIAN_POINT('',(0.0465317353766705,-0.00788281206041573,-0.00152577862400299));
#3610=CARTESIAN_POINT('',(0.0481056827428062,-0.00415702087347205,-0.00577936005073944));
#3611=CARTESIAN_POINT('',(0.047784479258112,-0.00788664774641258,-0.00570486486350656));
#3612=CARTESIAN_POINT('',(0.048670102783801,-0.00795862017144253,-0.00207439763956268));
#3613=CARTESIAN_POINT('',(0.0509706387669688,-0.00464786032552444,-0.00649179408875411));
#3614=CARTESIAN_POINT('',(0.050109400527337,-0.0081591891399534,-0.00627607670910753));
#3615=CARTESIAN_POINT('',(0.0509750405074178,-0.00838159186964521,-0.00279902961575391));
#3616=CARTESIAN_POINT('',(0.0531157583203269,-0.00556695303935659,-0.0070514224886874));
#3617=CARTESIAN_POINT('',(0.0515560452328339,-0.00855226376375923,-0.00664020536518913));
#3618=CARTESIAN_POINT('',(0.0522382903842616,-0.00893476999436664,-0.00336824061354284));
#3619=CARTESIAN_POINT('',(0.055037960366068,-0.00699327931791746,-0.0075680784876748));
#3620=CARTESIAN_POINT('',(0.052688130335463,-0.00907536639920561,-0.00692669256457054));
#3621=CARTESIAN_POINT('',(0.0530476779607166,-0.00955990285328571,-0.00389374242532302));
#3622=CARTESIAN_POINT('',(0.0559106466318331,-0.00868901318202816,-0.00781267303612796));
#3623=CARTESIAN_POINT('',(0.0532099238412376,-0.00975497298536404,-0.00706009856036741));
#3624=CARTESIAN_POINT('',(0.053273659140906,-0.010038030292271,-0.00414252304726232));
#3625=CARTESIAN_POINT('',(0.0560748901986033,-0.00989783979261978,-0.00785857989829409));
#3626=CARTESIAN_POINT('',(0.0533111900180961,-0.0103096083737593,-0.00708611248450101));
#3627=CARTESIAN_POINT('',(0.0533263638172194,-0.0104194078658929,-0.00418921556108995));
#3628=CARTESIAN_POINT('',(0.0533223933200832,-0.0103922487612841,-0.00418568686408748));
#3629=CARTESIAN_POINT('',(0.0533134148674949,-0.0103340361641831,-0.00502610256260602));
#3630=CARTESIAN_POINT('',(0.0538565032249093,-0.0100625082171644,-0.0066776221534384));
#3631=CARTESIAN_POINT('',(0.0551523810015472,-0.00930783215845733,-0.00760169756106512));
#3632=CARTESIAN_POINT('',(0.0558362548257035,-0.00887432465327707,-0.00779202330480632));
#3633=CARTESIAN_POINT('',(0.0454367510974407,-0.00407281206041574,-0.00126081138276268));
#3634=CARTESIAN_POINT('',(0.0446074128282104,0.0040728120604157,-0.00497945334390791));
#3635=CARTESIAN_POINT('',(0.0446074128282104,0.00788281206041572,-0.00497945334390794));
#3636=CARTESIAN_POINT('',(0.0454367510974407,0.00788281206041572,-0.00126081138276268));
#3637=CARTESIAN_POINT('',(0.0391973174335155,0.00407281206082645,-0.00377288406461504));
#3638=CARTESIAN_POINT('',(0.0391973174350705,0.0078828120608514,-0.00377288406453075));
#3639=CARTESIAN_POINT('',(0.0399341862889039,0.00788281206041572,-3.36194072051186E-5));
#3640=CARTESIAN_POINT('',(0.0283173806372965,0.00407281206022195,-0.00176935966289046));
#3641=CARTESIAN_POINT('',(0.0283173806365797,0.00788281206020892,-0.00176935966292293));
#3642=CARTESIAN_POINT('',(0.0288690171932812,0.00788281206041574,0.00200395701198269));
#3643=CARTESIAN_POINT('',(0.00626742699656615,0.00407281206056325,0.000638735801237141));
#3644=CARTESIAN_POINT('',(0.00626742699704036,0.00788281206057848,0.000638735801230965));
#3645=CARTESIAN_POINT('',(0.00645255254683769,0.00788281206041571,0.00445187412685573));
#3646=CARTESIAN_POINT('',(-0.0103959015151515,0.00407281206025947,0.000669562087016722));
#3647=CARTESIAN_POINT('',(-0.0103959015153721,0.00788281206022236,0.000669562087145117));
#3648=CARTESIAN_POINT('',(-0.0104714736402207,0.00788281206041574,0.00448230122747407));
#3649=CARTESIAN_POINT('',(-0.0214719382197014,0.00407281206041574,-2.46163449650061E-5));
#3650=CARTESIAN_POINT('',(-0.0214719382197014,0.00788281206041574,-2.46163449650061E-5));
#3651=CARTESIAN_POINT('',(-0.02171025818012,0.00788281206041574,0.00377792275364609));
#3652=CARTESIAN_POINT('',(-0.0213076813019337,0.00788281206041574,0.00380284388566847));
#3653=CARTESIAN_POINT('',(-0.0212470933848999,0.00788281206041574,0.00279757704572581));
#3654=CARTESIAN_POINT('',(-0.0210790016459229,0.00706004594163276,0.000831371283616414));
#3655=CARTESIAN_POINT('',(-0.020914740484384,0.00506407639426254,9.70874854919107E-6));
#3656=CARTESIAN_POINT('',(-0.0208596757433621,0.00407281206041687,1.30289586390624E-5));
#3657=CARTESIAN_POINT('',(0.0454367510974407,-0.00788281206041576,-0.00126081138276269));
#3658=CARTESIAN_POINT('',(0.0446074128282104,-0.00788281206041575,-0.0049794533439079));
#3659=CARTESIAN_POINT('',(0.0446074128282104,-0.00407281206041579,-0.00497945334390793));
#3660=CARTESIAN_POINT('',(0.0399341862890995,-0.00788281206041576,-3.36194071800659E-5));
#3661=CARTESIAN_POINT('',(0.0391973174320278,-0.00788281205997662,-0.00377288406453072));
#3662=CARTESIAN_POINT('',(0.0391973174331671,-0.00407281205994635,-0.00377288406453744));
#3663=CARTESIAN_POINT('',(0.0288690171931959,-0.00788281206041575,0.00200395701197141));
#3664=CARTESIAN_POINT('',(0.0283173806379815,-0.00788281206061692,-0.00176935966292825));
#3665=CARTESIAN_POINT('',(0.0283173806374584,-0.00407281206063266,-0.00176935966292551));
#3666=CARTESIAN_POINT('',(0.00645255254687328,-0.0078828120604158,0.00445187412686201));
#3667=CARTESIAN_POINT('',(0.00626742699611642,-0.00788281206028819,0.000638735801257479));
#3668=CARTESIAN_POINT('',(0.00626742699645344,-0.00407281206027,0.000638735801257197));
#3669=CARTESIAN_POINT('',(-0.0104714736401426,-0.00788281206041574,0.00448230122747651));
#3670=CARTESIAN_POINT('',(-0.0103959015149577,-0.00788281206045028,0.000669562087028327));
#3671=CARTESIAN_POINT('',(-0.0103959015150736,-0.00407281206049388,0.0006695620870216));
#3672=CARTESIAN_POINT('',(-0.02171025818012,-0.00788281206041574,0.00377792275364609));
#3673=CARTESIAN_POINT('',(-0.0214719382197014,-0.00788281206041574,-2.46163449650061E-5));
#3674=CARTESIAN_POINT('',(-0.0214719382197014,-0.00407281206041574,-2.46163449650061E-5));
#3675=CARTESIAN_POINT('',(-0.0213076813019337,-0.00788281206041574,0.00380284388566847));
#3676=CARTESIAN_POINT('',(-0.0212470933848998,-0.00788281206041574,0.00279757704572545));
#3677=CARTESIAN_POINT('',(-0.0210790016459148,-0.00706004594163227,0.000831371283615541));
#3678=CARTESIAN_POINT('',(-0.0209147404843991,-0.00506407639426018,9.70874854801691E-6));
#3679=CARTESIAN_POINT('',(-0.0208596757433611,-0.00407281206041585,1.30289586391225E-5));
#3680=CARTESIAN_POINT('',(-0.0205417281147959,0.00411050402966395,3.20035647528418E-5));
#3681=CARTESIAN_POINT('',(-0.0209959605148871,0.00792020629388988,5.17654468378458E-6));
#3682=CARTESIAN_POINT('',(-0.0212189799817358,0.00789352283826703,0.00383537607146425));
#3683=CARTESIAN_POINT('',(-0.0206967268056681,0.0040916855536221,2.28493234660652E-5));
#3684=CARTESIAN_POINT('',(-0.0211509651250907,0.00790166056469403,-4.25196619696901E-6));
#3685=CARTESIAN_POINT('',(-0.0213762642013197,0.00787470436222658,0.00382608684657757));
#3686=CARTESIAN_POINT('',(-0.0210066841509824,0.00405509192474611,4.26277499478138E-6));
#3687=CARTESIAN_POINT('',(-0.0214087040507174,0.00786860121949281,-2.02539041266897E-5));
#3688=CARTESIAN_POINT('',(-0.0216391836562214,0.0078441589814846,0.00380722646703536));
#3689=CARTESIAN_POINT('',(-0.0216262798693454,0.00399327526486441,-3.40100901035798E-5));
#3690=CARTESIAN_POINT('',(-0.0219516868953051,0.00781035060940248,-5.46765674383939E-5));
#3691=CARTESIAN_POINT('',(-0.022191972722714,0.0077896946078358,0.00376839072775331));
#3692=CARTESIAN_POINT('',(-0.0227097809280956,0.00391198498148703,-0.000103868444066252));
#3693=CARTESIAN_POINT('',(-0.0228792882143339,0.00773202869935917,-0.000115691752239104));
#3694=CARTESIAN_POINT('',(-0.0231369470764379,0.00772007244254597,0.0036975076563051));
#3695=CARTESIAN_POINT('',(-0.024255418321842,0.00387920862207439,-0.000211852935420501));
#3696=CARTESIAN_POINT('',(-0.0241882218390674,0.00768850285102947,-0.000207631100942249));
#3697=CARTESIAN_POINT('',(-0.0244690626445882,0.00769263227862888,0.00358794742363523));
#3698=CARTESIAN_POINT('',(-0.026105432468508,0.00399015884073288,-0.000354288190494816));
#3699=CARTESIAN_POINT('',(-0.0257168548083479,0.00775475825794049,-0.000323797467186122));
#3700=CARTESIAN_POINT('',(-0.0260200804928543,0.00778530772408459,0.00344344870830903));
#3701=CARTESIAN_POINT('',(-0.0279530735877836,0.00427275606150719,-0.000509578530898229));
#3702=CARTESIAN_POINT('',(-0.0272104451439096,0.0079500225791287,-0.000445421289753415));
#3703=CARTESIAN_POINT('',(-0.0275283669744582,0.00801374814194773,0.00328592507008359));
#3704=CARTESIAN_POINT('',(-0.0297871689075868,0.00475530974025019,-0.000676738439967805));
#3705=CARTESIAN_POINT('',(-0.0286644320183475,0.0082907346463315,-0.000571476863634095));
#3706=CARTESIAN_POINT('',(-0.0289853637706455,0.00839269541048578,0.0031163791997084));
#3707=CARTESIAN_POINT('',(-0.0321022737580771,0.00565459635684597,-0.000903389552144117));
#3708=CARTESIAN_POINT('',(-0.0304724238327818,0.00892834586147321,-0.000737050463987648));
#3709=CARTESIAN_POINT('',(-0.0307830652032429,0.00908272964458395,0.00288651648602128));
#3710=CARTESIAN_POINT('',(-0.0337330008354073,0.0066588791898735,-0.00107928033005841));
#3711=CARTESIAN_POINT('',(-0.0317462288256917,0.00965022781017259,-0.000862758583062543));
#3712=CARTESIAN_POINT('',(-0.0320209901122057,0.0098356939052656,0.00270816003542279));
#3713=CARTESIAN_POINT('',(-0.0347095484362392,0.00744552200603042,-0.0011896362015004));
#3714=CARTESIAN_POINT('',(-0.0325222108172964,0.0102338970074401,-0.000942453628044044));
#3715=CARTESIAN_POINT('',(-0.0327673694244684,0.0104286673289953,0.0025962667637812));
#3716=CARTESIAN_POINT('',(-0.0346398953415973,0.00738974820684245,-0.00118177401532993));
#3717=CARTESIAN_POINT('',(-0.0342809090851799,0.00740884906903081,-0.00114129956127014));
#3718=CARTESIAN_POINT('',(-0.0335864853995631,0.00751065444259868,-0.00101895843355406));
#3719=CARTESIAN_POINT('',(-0.0325932834150811,0.00776669215731909,-0.000669259222270603));
#3720=CARTESIAN_POINT('',(-0.0318403413397364,0.00799686472865282,-0.000244106376004475));
#3721=CARTESIAN_POINT('',(-0.0312814145869372,0.00816789961228256,0.000171451585814571));
#3722=CARTESIAN_POINT('',(-0.030886414897081,0.00828805021710278,0.000521960582427461));
#3723=CARTESIAN_POINT('',(-0.0305856082149354,0.00838188216685943,0.000847968199329462));
#3724=CARTESIAN_POINT('',(-0.0303899104195148,0.00846583538129505,0.0011328821972927));
#3725=CARTESIAN_POINT('',(-0.0302896064271887,0.00855610416095215,0.00138698162527249));
#3726=CARTESIAN_POINT('',(-0.0303909334569665,0.0087071930888541,0.00161147028836673));
#3727=CARTESIAN_POINT('',(-0.030644244746887,0.00890388392649272,0.00178950201912396));
#3728=CARTESIAN_POINT('',(-0.0309901945272439,0.00914174175495193,0.00195311879323554));
#3729=CARTESIAN_POINT('',(-0.0314155259085655,0.00943257378345164,0.00212599198021222));
#3730=CARTESIAN_POINT('',(-0.0319799795587601,0.00982934719461105,0.00234430658958431));
#3731=CARTESIAN_POINT('',(-0.032396178719551,0.0101393554121448,0.00250363887437483));
#3732=CARTESIAN_POINT('',(-0.0326691810445918,0.0103515142351783,0.00261095966367319));
#3733=CARTESIAN_POINT('',(-0.0347094579884874,-0.0074454491478089,-0.00118962598036467));
#3734=CARTESIAN_POINT('',(-0.0325221392618848,-0.0102338431861474,-0.000942446279156342));
#3735=CARTESIAN_POINT('',(-0.0327673002948975,-0.0104286124082878,0.00259627712731061));
#3736=CARTESIAN_POINT('',(-0.0337340895391444,-0.00665976838419877,-0.00107940368905228));
#3737=CARTESIAN_POINT('',(-0.0317470991176069,-0.00965089179193652,-0.000862848165942533));
#3738=CARTESIAN_POINT('',(-0.0320218225251463,-0.00983636443334197,0.00270803495845805));
#3739=CARTESIAN_POINT('',(-0.031579990330091,-0.00532973823722886,-0.000846878630571933));
#3740=CARTESIAN_POINT('',(-0.030060721018929,-0.00869303488583542,-0.000696356909549176));
#3741=CARTESIAN_POINT('',(-0.0303873126425507,-0.00883950274483888,0.0029438193037463));
#3742=CARTESIAN_POINT('',(-0.0285994448568033,-0.00437510666710651,-0.000564119107262036));
#3743=CARTESIAN_POINT('',(-0.027729626671681,-0.00802074861352828,-0.000487846515049475));
#3744=CARTESIAN_POINT('',(-0.0280555261432129,-0.00809643495702317,0.00323060038943712));
#3745=CARTESIAN_POINT('',(-0.02613230945944,-0.00399268996193207,-0.000356438615536943));
#3746=CARTESIAN_POINT('',(-0.0257388121660304,-0.00775637986864937,-0.000325514891972715));
#3747=CARTESIAN_POINT('',(-0.0260423296029577,-0.00778738589000729,0.00344126722510405));
#3748=CARTESIAN_POINT('',(-0.0242784631700358,-0.0038795036747891,-0.000213533516345072));
#3749=CARTESIAN_POINT('',(-0.0242075252892824,-0.00768849525267582,-0.000209036723193292));
#3750=CARTESIAN_POINT('',(-0.0244886953668356,-0.00769289498654168,0.00358624239307987));
#3751=CARTESIAN_POINT('',(-0.0227241200605783,-0.00391111197533851,-0.000104814597772685));
#3752=CARTESIAN_POINT('',(-0.022891547679129,-0.00773115917858801,-0.000116513477942246));
#3753=CARTESIAN_POINT('',(-0.0231494381251426,-0.00771932626510416,0.00369654764339704));
#3754=CARTESIAN_POINT('',(-0.0216314536483963,-0.0039927856251016,-3.43326994663111E-5));
#3755=CARTESIAN_POINT('',(-0.0219561688046264,-0.00780988964805743,-5.49631539398697E-5));
#3756=CARTESIAN_POINT('',(-0.0221965381595513,-0.0077892688023183,0.00376806337647961));
#3757=CARTESIAN_POINT('',(-0.0210079664078354,-0.00405493999534559,4.18604601709531E-6));
#3758=CARTESIAN_POINT('',(-0.0214098094487251,-0.00786846167940651,-2.03222805901781E-5));
#3759=CARTESIAN_POINT('',(-0.0216403103890054,-0.00784402750882855,0.00380714860746468));
#3760=CARTESIAN_POINT('',(-0.0206969309001419,-0.00409166077411901,2.28374330742001E-5));
#3761=CARTESIAN_POINT('',(-0.0211511692547277,-0.00790163614133567,-4.2642196210648E-6));
#3762=CARTESIAN_POINT('',(-0.0213764713075957,-0.00787467958272549,0.00382607478071778));
#3763=CARTESIAN_POINT('',(-0.0205414576498685,-0.00411053686695931,3.20195383016202E-5));
#3764=CARTESIAN_POINT('',(-0.020995690049336,-0.00792023865409429,5.19299622908382E-6));
#3765=CARTESIAN_POINT('',(-0.0212187055286736,-0.0078935556755624,0.00383539228055065));
#3766=CARTESIAN_POINT('',(-0.0326691810445773,-0.010351514235167,0.00261095966366808));
#3767=CARTESIAN_POINT('',(-0.0323950646065624,-0.010138489599371,0.00250320090196898));
#3768=CARTESIAN_POINT('',(-0.0319771729813001,-0.00982727982585242,0.00234325054526138));
#3769=CARTESIAN_POINT('',(-0.0314103520719637,-0.00942898292223467,0.0021239583271279));
#3770=CARTESIAN_POINT('',(-0.0309835419595717,-0.00913723577841963,0.00195034938785703));
#3771=CARTESIAN_POINT('',(-0.0306351077059646,-0.00889746173175328,0.00178474844608536));
#3772=CARTESIAN_POINT('',(-0.0303837315426588,-0.00870082365477891,0.00160459153115315));
#3773=CARTESIAN_POINT('',(-0.0302907696679061,-0.00855154254872685,0.00137679271409103));
#3774=CARTESIAN_POINT('',(-0.0303942858891036,-0.00846374597339434,0.00112582647022137));
#3775=CARTESIAN_POINT('',(-0.0305922227215479,-0.00837950617878432,0.000839709412138194));
#3776=CARTESIAN_POINT('',(-0.0308941652336014,-0.00828575637173942,0.000514652774093903));
#3777=CARTESIAN_POINT('',(-0.0312859032510964,-0.00816651869125025,0.000168056976663352));
#3778=CARTESIAN_POINT('',(-0.0318398189223709,-0.00799699660633952,-0.000243764044361608));
#3779=CARTESIAN_POINT('',(-0.0326003038037475,-0.00776484021520616,-0.000672217418777417));
#3780=CARTESIAN_POINT('',(-0.0335798156596457,-0.00751209009564633,-0.00101692254533417));
#3781=CARTESIAN_POINT('',(-0.0342813761760049,-0.00740882421618244,-0.00114135222413902));
#3782=CARTESIAN_POINT('',(-0.0346398953416212,-0.00738974820686036,-0.00118177401533264));
#3783=CARTESIAN_POINT('',(-0.0390198758177755,-1.38201687892681E-17,-0.00555319829219004));
#3784=CARTESIAN_POINT('',(-0.0395139531832154,-0.00686178583309736,-0.00177536987404292));
#3785=CARTESIAN_POINT('',(-0.039590038049094,-0.00699614113933722,-0.00178532051391385));
#3786=CARTESIAN_POINT('',(-0.039671409511943,-0.00712689813690662,-0.00179828033261886));
#3787=CARTESIAN_POINT('',(-0.0397580814770212,-0.00725393093831035,-0.00181539781535108));
#3788=CARTESIAN_POINT('',(-0.0397580814770212,0.00725393093831035,-0.00181539781535108));
#3789=CARTESIAN_POINT('',(-0.039671409511943,0.00712689813690662,-0.00179828033261886));
#3790=CARTESIAN_POINT('',(-0.039590038049094,0.00699614113933722,-0.00178532051391385));
#3791=CARTESIAN_POINT('',(-0.0395139531832154,0.00686178583309736,-0.00177536987404292));
#3792=CARTESIAN_POINT('',(-0.0894355208987342,0.00254,-0.0108670933687372));
#3793=CARTESIAN_POINT('',(-0.0894355208987342,0.01778,-0.0108670933687372));
#3794=CARTESIAN_POINT('',(-0.0745368888524393,0.01778,-0.00765954552823439));
#3795=CARTESIAN_POINT('',(-0.0899831570942883,0.00254000000002121,-0.0083233962585127));
#3796=CARTESIAN_POINT('',(-0.089983157093976,0.0177800000000263,-0.00832339625845404));
#3797=CARTESIAN_POINT('',(-0.075180300039471,0.01778,-0.00467098635015803));
#3798=CARTESIAN_POINT('',(-0.0912676464806978,0.0025399999999897,-0.00347547602148172));
#3799=CARTESIAN_POINT('',(-0.0912676464808473,0.0177799999999872,-0.00347547602150928));
#3800=CARTESIAN_POINT('',(-0.0767348637755457,0.01778,0.00126913292017993));
#3801=CARTESIAN_POINT('',(-0.0933539706421484,0.00254000000000175,0.0012513627512307));
#3802=CARTESIAN_POINT('',(-0.0933539706421276,0.0177800000000023,0.00125136275123317));
#3803=CARTESIAN_POINT('',(-0.0797168009967488,0.01778,0.00827920125289595));
#3804=CARTESIAN_POINT('',(-0.0951784580777576,0.00253999999999889,0.00391243925635483));
#3805=CARTESIAN_POINT('',(-0.0951784580777651,0.0177799999999984,0.0039124392563559));
#3806=CARTESIAN_POINT('',(-0.0831632554768956,0.01778,0.0133902996866608));
#3807=CARTESIAN_POINT('',(-0.0965217031468818,0.00254000000000335,0.00532773204338065));
#3808=CARTESIAN_POINT('',(-0.0965217031468653,0.017780000000005,0.00532773204337426));
#3809=CARTESIAN_POINT('',(-0.0862707313459928,0.01778,0.0167215951497251));
#3810=CARTESIAN_POINT('',(-0.0978585996577056,0.0025399999999877,0.00629934437249919));
#3811=CARTESIAN_POINT('',(-0.0978585996577642,0.0177799999999817,0.00629934437252366));
#3812=CARTESIAN_POINT('',(-0.090006265514587,0.01778,0.0194805048173342));
#3813=CARTESIAN_POINT('',(-0.0987163582264242,0.00254000000002647,0.00669335356476514));
#3814=CARTESIAN_POINT('',(-0.0987163582262985,0.0177800000000393,0.0066933535647123));
#3815=CARTESIAN_POINT('',(-0.0927423007715389,0.01778,0.0207535708677953));
#3816=CARTESIAN_POINT('',(-0.0991577959437232,0.00253999999999999,0.00684574255218584));
#3817=CARTESIAN_POINT('',(-0.0991577959437232,0.01778,0.00684574255218584));
#3818=CARTESIAN_POINT('',(-0.0941847667255418,0.01778,0.0212515254325126));
#3819=CARTESIAN_POINT('',(-0.0802142294390597,0.01778,0.00871862579828681));
#3820=CARTESIAN_POINT('',(-0.0804741127288846,0.01778,0.00819666952133383));
#3821=CARTESIAN_POINT('',(-0.0808078041812246,0.017732096561288,0.00706685345610863));
#3822=CARTESIAN_POINT('',(-0.0805114340735017,0.0176702194842235,0.00530474555660586));
#3823=CARTESIAN_POINT('',(-0.0793548858618031,0.0177330235770691,0.00393315027228624));
#3824=CARTESIAN_POINT('',(-0.0782838885102651,0.01778,0.00345793927788838));
#3825=CARTESIAN_POINT('',(-0.0777181353125185,0.01778,0.00331793256268526));
#3826=CARTESIAN_POINT('',(-0.0752577808453696,0.01778,-0.00456016519311886));
#3827=CARTESIAN_POINT('',(-0.0753046224018848,0.01778,-0.00460047236517705));
#3828=CARTESIAN_POINT('',(-0.0753525426881612,0.0177796931369424,-0.00464166687773876));
#3829=CARTESIAN_POINT('',(-0.0754000448838061,0.0177790771222403,-0.00468243541062695));
#3830=CARTESIAN_POINT('',(-0.0778869350430856,0.0174674795398065,-0.00675051758288395));
#3831=CARTESIAN_POINT('',(-0.0788792014805076,0.0172324756363086,-0.00752672800082452));
#3832=CARTESIAN_POINT('',(-0.0799143076110933,0.0168625503193954,-0.00814943016264509));
#3833=CARTESIAN_POINT('',(-0.080976844871409,0.0163253372786265,-0.00862425395393151));
#3834=CARTESIAN_POINT('',(-0.0840330481735188,0.0143182134414726,-0.00950265289907218));
#3835=CARTESIAN_POINT('',(-0.0848822845235245,0.0136204258839904,-0.00959667217827253));
#3836=CARTESIAN_POINT('',(-0.086447320746428,0.0120717653751789,-0.00948295561909297));
#3837=CARTESIAN_POINT('',(-0.0876968203670327,0.0104210958967604,-0.00871622796063808));
#3838=CARTESIAN_POINT('',(-0.088252658597754,0.009652,-0.00815659181252896));
#3839=CARTESIAN_POINT('',(-0.088252658597754,0.009652,-0.00815659181252895));
#3840=CARTESIAN_POINT('',(-0.0882526585977541,0.00965199999999984,-0.00815659181252928));
#3841=CARTESIAN_POINT('',(-0.0890601947098242,0.00853463765255364,-0.00734353798816116));
#3842=CARTESIAN_POINT('',(-0.0904244457009948,0.00622385448057637,-0.00561218561467556));
#3843=CARTESIAN_POINT('',(-0.0913690066729884,0.00375999062340442,-0.00368695008339661));
#3844=CARTESIAN_POINT('',(-0.0917299911958064,0.00254,-0.00271286988302304));
#3845=CARTESIAN_POINT('',(-0.0978607660061099,0.00254,0.00624216174409145));
#3846=CARTESIAN_POINT('',(-0.0978607660061099,0.00355573857552686,0.00624216174409145));
#3847=CARTESIAN_POINT('',(-0.0977811102404845,0.00558741136203901,0.00643562419478309));
#3848=CARTESIAN_POINT('',(-0.0974553028807328,0.00845005882153846,0.00726146444120725));
#3849=CARTESIAN_POINT('',(-0.0969557304494462,0.0111336445674152,0.0086418518622478));
#3850=CARTESIAN_POINT('',(-0.0963644456776916,0.0134258797452732,0.0104756347265384));
#3851=CARTESIAN_POINT('',(-0.0957200764250659,0.0153357648888134,0.0127697812125961));
#3852=CARTESIAN_POINT('',(-0.0950931427326232,0.0167246049384626,0.0153607931083964));
#3853=CARTESIAN_POINT('',(-0.094498575851411,0.0175885458453887,0.0182212049325011));
#3854=CARTESIAN_POINT('',(-0.094147748650228,0.01778,0.0201783254502309));
#3855=CARTESIAN_POINT('',(-0.09398,0.01778,0.0211797039840059));
#3856=CARTESIAN_POINT('',(-0.0745368888524373,-0.01778,-0.00765954552824342));
#3857=CARTESIAN_POINT('',(-0.0894355208987325,-0.01778,-0.0108670933687449));
#3858=CARTESIAN_POINT('',(-0.0894355208987325,-0.00254000000000001,-0.0108670933687449));
#3859=CARTESIAN_POINT('',(-0.0751803000394055,-0.01778,-0.00467098634996081));
#3860=CARTESIAN_POINT('',(-0.0899831570940045,-0.01778,-0.00832339625836733));
#3861=CARTESIAN_POINT('',(-0.0899831570943018,-0.00254000000000001,-0.00832339625844916));
#3862=CARTESIAN_POINT('',(-0.0767348637755756,-0.01778,0.00126913292007636));
#3863=CARTESIAN_POINT('',(-0.0912676464808317,-0.0177799999999997,-0.0034754760215585));
#3864=CARTESIAN_POINT('',(-0.0912676464806895,-0.00253999999999983,-0.00347547602151976));
#3865=CARTESIAN_POINT('',(-0.079716800996737,-0.0177799999999999,0.00827920125290166));
#3866=CARTESIAN_POINT('',(-0.0933539706421264,-0.0177800000000007,0.00125136275123577));
#3867=CARTESIAN_POINT('',(-0.0933539706421459,-0.00254000000000046,0.00125136275123151));
#3868=CARTESIAN_POINT('',(-0.0831632554769037,-0.01778,0.0133902996866591));
#3869=CARTESIAN_POINT('',(-0.0951784580777662,-0.0177799999999986,0.0039124392563541));
#3870=CARTESIAN_POINT('',(-0.0951784580777597,-0.00253999999999915,0.00391243925635401));
#3871=CARTESIAN_POINT('',(-0.0862707313459541,-0.01778,0.0167215951497119));
#3872=CARTESIAN_POINT('',(-0.0965217031468555,-0.0177800000000053,0.00532773204337239));
#3873=CARTESIAN_POINT('',(-0.0965217031468687,-0.00254000000000328,0.00532773204337598));
#3874=CARTESIAN_POINT('',(-0.0900062655147235,-0.01778,0.0194805048173801));
#3875=CARTESIAN_POINT('',(-0.0978585996577985,-0.01777999999998,0.00629934437252947));
#3876=CARTESIAN_POINT('',(-0.0978585996577524,-0.00253999999998773,0.00629934437251521));
#3877=CARTESIAN_POINT('',(-0.0927423007712421,-0.01778,0.0207535708676946));
#3878=CARTESIAN_POINT('',(-0.0987163582262235,-0.0177800000000431,0.00669335356469914));
#3879=CARTESIAN_POINT('',(-0.0987163582263225,-0.00254000000002648,0.00669335356473004));
#3880=CARTESIAN_POINT('',(-0.0941847667255418,-0.01778,0.0212515254325126));
#3881=CARTESIAN_POINT('',(-0.0991577959437232,-0.01778,0.00684574255218583));
#3882=CARTESIAN_POINT('',(-0.0991577959437232,-0.00254000000000001,0.00684574255218584));
#3883=CARTESIAN_POINT('',(-0.0777181353125185,-0.01778,0.00331793256268526));
#3884=CARTESIAN_POINT('',(-0.0782837405438084,-0.01778,0.00345790266068914));
#3885=CARTESIAN_POINT('',(-0.0793550015767263,-0.0177330558452876,0.00393420861354498));
#3886=CARTESIAN_POINT('',(-0.0805090731241548,-0.0176702139665713,0.00529946549863632));
#3887=CARTESIAN_POINT('',(-0.0808084814299335,-0.0177320936713425,0.00706825821623984));
#3888=CARTESIAN_POINT('',(-0.0804741226375374,-0.01778,0.00819664962054098));
#3889=CARTESIAN_POINT('',(-0.0802142294390597,-0.01778,0.00871862579828679));
#3890=CARTESIAN_POINT('',(-0.09398,-0.01778,0.0211797039840059));
#3891=CARTESIAN_POINT('',(-0.0941474129897431,-0.01778,0.0201803291814313));
#3892=CARTESIAN_POINT('',(-0.0944988313414942,-0.0175888061513249,0.0182194451458972));
#3893=CARTESIAN_POINT('',(-0.0950947071825744,-0.0167216941619625,0.0153538285494482));
#3894=CARTESIAN_POINT('',(-0.0957197727591938,-0.015335666024207,0.012771708358214));
#3895=CARTESIAN_POINT('',(-0.096577043534273,-0.0127984243053497,0.00971630973303191));
#3896=CARTESIAN_POINT('',(-0.0973439840746336,-0.00943057031167457,0.00754336316564233));
#3897=CARTESIAN_POINT('',(-0.0977843768367777,-0.00554686743773598,0.00642747467686487));
#3898=CARTESIAN_POINT('',(-0.0978607660061099,-0.00355362446508216,0.00624216174409146));
#3899=CARTESIAN_POINT('',(-0.0978607660061099,-0.00254,0.00624216174409146));
#3900=CARTESIAN_POINT('',(-0.0882526585977541,-0.00965199999999982,-0.0081565918125293));
#3901=CARTESIAN_POINT('',(-0.0890601947098242,-0.00853463765255362,-0.00734353798816119));
#3902=CARTESIAN_POINT('',(-0.0904244457009384,-0.0062238544804381,-0.00561218561482785));
#3903=CARTESIAN_POINT('',(-0.0913690066731013,-0.00375999062368102,-0.003686950083092));
#3904=CARTESIAN_POINT('',(-0.0917299911958064,-0.00254,-0.00271286988302305));
#3905=CARTESIAN_POINT('',(-0.088252658597754,-0.009652,-0.00815659181252896));
#3906=CARTESIAN_POINT('',(-0.0840330481735205,-0.0143182134414712,-0.00950265289907237));
#3907=CARTESIAN_POINT('',(-0.0848822845235251,-0.0136204258839897,-0.00959667217827241));
#3908=CARTESIAN_POINT('',(-0.0864473207464323,-0.012071765375174,-0.00948295561909186));
#3909=CARTESIAN_POINT('',(-0.0876968203670334,-0.0104210958967595,-0.00871622796063738));
#3910=CARTESIAN_POINT('',(-0.088252658597754,-0.00965200000000001,-0.00815659181252895));
#3911=CARTESIAN_POINT('',(-0.0778869350430892,-0.0174674795398056,-0.00675051758288685));
#3912=CARTESIAN_POINT('',(-0.0788792014805112,-0.0172324756363074,-0.00752672800082694));
#3913=CARTESIAN_POINT('',(-0.0799143076110935,-0.0168625503193953,-0.00814943016264518));
#3914=CARTESIAN_POINT('',(-0.080976844871409,-0.0163253372786265,-0.00862425395393151));
#3915=CARTESIAN_POINT('',(-0.0754000448838173,-0.0177790771222402,-0.00468243541061186));
#3916=CARTESIAN_POINT('',(-0.0753525168621893,-0.0177796934718571,-0.00464164471268853));
#3917=CARTESIAN_POINT('',(-0.0753045915914615,-0.01778,-0.00460044585281582));
#3918=CARTESIAN_POINT('',(-0.0752577808453696,-0.01778,-0.00456016519311887));
#3919=CARTESIAN_POINT('',(-0.0774397232356398,-1.276239238336E-17,0.00258296259418365));
#3920=CARTESIAN_POINT('',(-0.0774397232356398,-0.009652,0.00258296259418365));
#3921=CARTESIAN_POINT('',(-0.0774397232356398,0.009652,0.00258296259418365));
#3922=CARTESIAN_POINT('',(-0.05715,0.,0.01905));
#3923=CARTESIAN_POINT('',(-0.05715,0.,0.01905));
#3924=CARTESIAN_POINT('',(-0.05715,0.,0.0270898411758637));
#3925=CARTESIAN_POINT('',(-0.1016,0.00610572325665228,0.0138193987299461));
#3926=CARTESIAN_POINT('',(-0.1016,0.0051525766583437,0.01270678298047));
#3927=CARTESIAN_POINT('',(-0.101558187592841,0.00390902499022048,0.0118777892860466));
#3928=CARTESIAN_POINT('',(-0.101474369462003,0.00253999999999999,0.0114219303796364));
#3929=CARTESIAN_POINT('',(-0.101474369462003,0.00254,0.0114219303796364));
#3930=CARTESIAN_POINT('',(-0.101474369462003,0.00254,0.0114219303796364));
#3931=CARTESIAN_POINT('',(-0.101423898787328,0.00171564834467783,0.0111474371842769));
#3932=CARTESIAN_POINT('',(-0.101349691846734,1.49373960682368E-6,0.0108724576909924));
#3933=CARTESIAN_POINT('',(-0.101424054257248,-0.00171818767838784,0.0111482827334059));
#3934=CARTESIAN_POINT('',(-0.101474369462003,-0.00254,0.0114219303796364));
#3935=CARTESIAN_POINT('',(-0.101474369462003,-0.00254,0.0114219303796364));
#3936=CARTESIAN_POINT('',(-0.101474369462003,-0.00254,0.0114219303796364));
#3937=CARTESIAN_POINT('',(-0.101559328529878,-0.00392766023416696,0.0118839944627138));
#3938=CARTESIAN_POINT('',(-0.1016,-0.00516544849980234,0.0127218083853302));
#3939=CARTESIAN_POINT('',(-0.1016,-0.00610572325665468,0.0138193987299489));
#3940=CARTESIAN_POINT('',(-0.1016,-0.00776105497957699,0.021148826276064));
#3941=CARTESIAN_POINT('',(-0.1016,-0.00752006145550863,0.0220399738719118));
#3942=CARTESIAN_POINT('',(-0.101286324320304,-0.00674252352300467,0.0236900160913974));
#3943=CARTESIAN_POINT('',(-0.100290233934025,-0.00493715952921771,0.0255588792565838));
#3944=CARTESIAN_POINT('',(-0.0991787090605788,-0.00271680288555687,0.0267658782795211));
#3945=CARTESIAN_POINT('',(-0.0985382411420164,-7.35589343264873E-6,0.0272516676944131));
#3946=CARTESIAN_POINT('',(-0.0991782975766638,0.00271917759314085,0.026766490414513));
#3947=CARTESIAN_POINT('',(-0.100288595750456,0.00493328287924652,0.0255595833015764));
#3948=CARTESIAN_POINT('',(-0.101282759147093,0.00673540376294393,0.0237019866871369));
#3949=CARTESIAN_POINT('',(-0.1016,0.00752022497688483,0.0220393692013845));
#3950=CARTESIAN_POINT('',(-0.1016,0.00776105497957699,0.021148826276064));
#3951=CARTESIAN_POINT('',(-0.05715,-6.93889390390723E-18,0.0127));
#3952=CARTESIAN_POINT('',(-0.09398,-0.01016,-0.0127));
#3953=CARTESIAN_POINT('',(-0.09398,-0.01016,0.0211797039840057));
#3954=CARTESIAN_POINT('',(-0.101599766080454,-0.0102197066089688,0.0211797039840054));
#3955=CARTESIAN_POINT('',(-0.09398,-0.01016,0.021148826276064));
#3956=CARTESIAN_POINT('',(-0.0978607660061099,-0.00253999999999999,0.00624216174409148));
#3957=CARTESIAN_POINT('',(-0.1016,-0.00253999999999999,0.0084549782146384));
#3958=CARTESIAN_POINT('',(-0.1016,-0.00254,0.0127999094676488));
#3959=CARTESIAN_POINT('',(-0.0978607660065712,-0.00359467990760669,0.00624216174436442));
#3960=CARTESIAN_POINT('',(-0.101599999999989,-0.00341673672053963,0.0084549782171481));
#3961=CARTESIAN_POINT('',(-0.1016,-0.00306733995380215,0.0127999094698274));
#3962=CARTESIAN_POINT('',(-0.0977782336326835,-0.00565730232478432,0.00644223734177195));
#3963=CARTESIAN_POINT('',(-0.101600000000005,-0.005140549752007,0.00859941963950716));
#3964=CARTESIAN_POINT('',(-0.1016,-0.00409865116239187,0.0129245179613879));
#3965=CARTESIAN_POINT('',(-0.0973110735095251,-0.00962909180554017,0.00762912193514462));
#3966=CARTESIAN_POINT('',(-0.101599999999997,-0.00855662857458392,0.00946968126771627));
#3967=CARTESIAN_POINT('',(-0.1016,-0.00608454590277397,0.0136533102810285));
#3968=CARTESIAN_POINT('',(-0.0965345771644854,-0.0129437485648677,0.0098530941810594));
#3969=CARTESIAN_POINT('',(-0.101600000000001,-0.0116375255008917,0.0111578006852496));
#3970=CARTESIAN_POINT('',(-0.1016,-0.00774187428240774,0.0149734892936989));
#3971=CARTESIAN_POINT('',(-0.0956924539021439,-0.0154029343254854,0.0128791144185784));
#3972=CARTESIAN_POINT('',(-0.1016,-0.0142204532844549,0.0135851364570274));
#3973=CARTESIAN_POINT('',(-0.1016,-0.00897146716278745,0.0166852060448568));
#3974=CARTESIAN_POINT('',(-0.0950794341001245,-0.0167469752445225,0.0154244646242089));
#3975=CARTESIAN_POINT('',(-0.101600000000001,-0.0158471291542866,0.0157672833077431));
#3976=CARTESIAN_POINT('',(-0.1016,-0.00964348762209066,0.0180912240101573));
#3977=CARTESIAN_POINT('',(-0.0944946797135426,-0.0175907302511346,0.0182429932305256));
#3978=CARTESIAN_POINT('',(-0.101599999999998,-0.0171092829241977,0.0183343735320606));
#3979=CARTESIAN_POINT('',(-0.1016,-0.0100653651262049,0.0196174589600861));
#3980=CARTESIAN_POINT('',(-0.0941463326425172,-0.01778,0.0201867783317005));
#3981=CARTESIAN_POINT('',(-0.101600000000005,-0.0176154631451862,0.0201974983362914));
#3982=CARTESIAN_POINT('',(-0.1016,-0.010159999998626,0.0206536088309431));
#3983=CARTESIAN_POINT('',(-0.09398,-0.01778,0.0211797039840055));
#3984=CARTESIAN_POINT('',(-0.1016,-0.01778,0.0211797039840055));
#3985=CARTESIAN_POINT('',(-0.1016,-0.01016,0.0211797039840057));
#3986=CARTESIAN_POINT('',(-0.101599766080454,-0.010219706608969,0.021179703984005));
#3987=CARTESIAN_POINT('',(-0.101599922031101,-0.0101998041648471,0.0211693768598862));
#3988=CARTESIAN_POINT('',(-0.1016,-0.0101798786083723,0.021159093260062));
#3989=CARTESIAN_POINT('',(-0.1016,-0.0101599444954485,0.021148826276064));
#3990=CARTESIAN_POINT('',(-0.09398,-0.00254,0.0127999094676488));
#3991=CARTESIAN_POINT('',(-0.101599766080455,-0.0102197066089686,0.0211797039840056));
#3992=CARTESIAN_POINT('',(-0.101599879025064,-0.0102052926009581,0.0211941188770222));
#3993=CARTESIAN_POINT('',(-0.101599766080455,-0.0101908777079415,0.0212085328850326));
#3994=CARTESIAN_POINT('',(-0.101591989489925,-0.0112121562182185,0.0216929565319299));
#3995=CARTESIAN_POINT('',(-0.101595855138131,-0.010958550118873,0.0219473763949335));
#3996=CARTESIAN_POINT('',(-0.101591989489925,-0.0107041302558658,0.0222009824942781));
#3997=CARTESIAN_POINT('',(-0.101183788070075,-0.0131936784407087,0.0227177151896857));
#3998=CARTESIAN_POINT('',(-0.101376874638172,-0.0125227195892174,0.0235115458652832));
#3999=CARTESIAN_POINT('',(-0.101183788070075,-0.0117288889136216,0.0241825047167748));
#4000=CARTESIAN_POINT('',(-0.0997681151917476,-0.0152890333743809,0.0238013432635859));
#4001=CARTESIAN_POINT('',(-0.100535385547578,-0.0143984419597891,0.025387268235853));
#4002=CARTESIAN_POINT('',(-0.0997681151917476,-0.0128125169875219,0.0262778596504446));
#4003=CARTESIAN_POINT('',(-0.0982216430955689,-0.0165486701089947,0.0244527735805263));
#4004=CARTESIAN_POINT('',(-0.0993184064004942,-0.0158298804560142,0.0268187067320782));
#4005=CARTESIAN_POINT('',(-0.0982216430955689,-0.0134639473044623,0.0275374963850588));
#4006=CARTESIAN_POINT('',(-0.0969007913484702,-0.0172506394622081,0.02481580214716));
#4007=CARTESIAN_POINT('',(-0.0979769652752437,-0.0168342167722177,0.0278230430482822));
#4008=CARTESIAN_POINT('',(-0.0969007913484702,-0.0138269758710958,0.0282394657382721));
#4009=CARTESIAN_POINT('',(-0.0954687011044512,-0.0176827366495189,0.025039264356497));
#4010=CARTESIAN_POINT('',(-0.0961583138332264,-0.0175886259818756,0.0285774522579379));
#4011=CARTESIAN_POINT('',(-0.0954687011044512,-0.0140504380804336,0.028671562925583));
#4012=CARTESIAN_POINT('',(-0.0944762400435808,-0.01778,0.0250895648070075));
#4013=CARTESIAN_POINT('',(-0.094715845946591,-0.0177799999999764,0.0287688262760442));
#4014=CARTESIAN_POINT('',(-0.0944762400435808,-0.0141007385309421,0.0287688262760641));
#4015=CARTESIAN_POINT('',(-0.09398,-0.01778,0.0250895648070075));
#4016=CARTESIAN_POINT('',(-0.09398,-0.01778,0.0287688262760641));
#4017=CARTESIAN_POINT('',(-0.09398,-0.0141007385309434,0.0287688262760641));
#4018=CARTESIAN_POINT('',(-0.0979206175577458,-0.0101908777079425,0.0211797039840057));
#4019=CARTESIAN_POINT('',(-0.101599766080454,-0.0101908777079411,0.0212085328850331));
#4020=CARTESIAN_POINT('',(-0.09398,-0.01016,0.021148826276064));
#4021=CARTESIAN_POINT('',(-0.1016,-0.0101599444954485,0.021148826276064));
#4022=CARTESIAN_POINT('',(-0.1016,-0.0101599444954485,0.021148826276064));
#4023=CARTESIAN_POINT('',(-0.1016,-0.0101599444954485,0.021148826276064));
#4024=CARTESIAN_POINT('',(-0.1016,-0.0101798606755508,0.0211590777830273));
#4025=CARTESIAN_POINT('',(-0.10160000000007,-0.0101750614435357,0.0211638967912942));
#4026=CARTESIAN_POINT('',(-0.1016,-0.0101702622110336,0.0211687157990755));
#4027=CARTESIAN_POINT('',(-0.101599922168115,-0.0101997866790996,0.0211693677870616));
#4028=CARTESIAN_POINT('',(-0.101599959883144,-0.0101901814796202,0.0211789905255406));
#4029=CARTESIAN_POINT('',(-0.101599922168111,-0.0101805759710909,0.0211886129556638));
#4030=CARTESIAN_POINT('',(-0.101599766080455,-0.0102197066089807,0.0211797039839955));
#4031=CARTESIAN_POINT('',(-0.101599879025068,-0.0102052926009674,0.0211941188770121));
#4032=CARTESIAN_POINT('',(-0.101599766080455,-0.0101908777079478,0.0212085328850226));
#4033=CARTESIAN_POINT('',(-0.101599766080454,-0.010190877707941,0.0212085328850331));
#4034=CARTESIAN_POINT('',(-0.101599922086035,-0.010180581388291,0.0211886234302117));
#4035=CARTESIAN_POINT('',(-0.1016,-0.0101702664312666,0.0211687230487162));
#4036=CARTESIAN_POINT('',(-0.1016,-0.0101599444954485,0.021148826276064));
#4037=CARTESIAN_POINT('',(-0.09398,-0.00254,0.0127999094676488));
#4038=CARTESIAN_POINT('',(-0.09398,0.00254,0.0127999094676488));
#4039=CARTESIAN_POINT('',(-0.09398,0.01016,-0.0127));
#4040=CARTESIAN_POINT('',(-0.09398,0.01016,0.021148826276064));
#4041=CARTESIAN_POINT('',(-0.101599766080455,0.010219706608968,0.0211797039840059));
#4042=CARTESIAN_POINT('',(-0.09398,0.01016,0.0211797039840059));
#4043=CARTESIAN_POINT('',(-0.09398,0.061214,0.021148826276064));
#4044=CARTESIAN_POINT('',(-0.09398,0.01016,0.021148826276064));
#4045=CARTESIAN_POINT('',(-0.101599766080454,0.010190877707942,0.0212085328850323));
#4046=CARTESIAN_POINT('',(-0.101599766080455,0.0101908777079497,0.0212085328850282));
#4047=CARTESIAN_POINT('',(-0.101599922086036,0.010180581388302,0.0211886234302058));
#4048=CARTESIAN_POINT('',(-0.1016,0.0101702664312666,0.021168723048716));
#4049=CARTESIAN_POINT('',(-0.1016,0.0101599444954485,0.021148826276064));
#4050=CARTESIAN_POINT('',(-0.0939800000000002,0.01778,0.021179703984006));
#4051=CARTESIAN_POINT('',(-0.1016,0.0177799999999998,0.021179703984006));
#4052=CARTESIAN_POINT('',(-0.1016,0.01016,0.0211797039840059));
#4053=CARTESIAN_POINT('',(-0.0941466026133663,0.01778,0.0201851667346877));
#4054=CARTESIAN_POINT('',(-0.101599999999992,0.0176151989765664,0.0201959213778767));
#4055=CARTESIAN_POINT('',(-0.1016,0.010159999998435,0.0206527549368527));
#4056=CARTESIAN_POINT('',(-0.0944944770916327,0.0175903860551229,0.0182444785986024));
#4057=CARTESIAN_POINT('',(-0.101600000000004,0.0171091632103645,0.0183357603004389));
#4058=CARTESIAN_POINT('',(-0.1016,0.0100651930282877,0.0196182337393207));
#4059=CARTESIAN_POINT('',(-0.0950776343922324,0.0167503139361286,0.015432586199477));
#4060=CARTESIAN_POINT('',(-0.101599999999999,0.0158515190321724,0.0157744199418125));
#4061=CARTESIAN_POINT('',(-0.1016,0.0096451569678697,0.0180956498511963));
#4062=CARTESIAN_POINT('',(-0.0956924837236289,0.0154034107656848,0.0128781407240036));
#4063=CARTESIAN_POINT('',(-0.1016,0.0142209007610611,0.0135844636997513));
#4064=CARTESIAN_POINT('',(-0.1016,0.00897170538289457,0.0166847675634581));
#4065=CARTESIAN_POINT('',(-0.0963251777960865,0.0135547048585617,0.0106074969490829));
#4066=CARTESIAN_POINT('',(-0.1016,0.0122584139003322,0.0117430385275296));
#4067=CARTESIAN_POINT('',(-0.1016,0.00804735242926686,0.0153999333777616));
#4068=CARTESIAN_POINT('',(-0.096916733960675,0.0113064520584841,0.00875565895168523));
#4069=CARTESIAN_POINT('',(-0.1016,0.0100887274142886,0.0103105302988085));
#4070=CARTESIAN_POINT('',(-0.1016,0.00692322602924584,0.0143227401431446));
#4071=CARTESIAN_POINT('',(-0.0974291749101856,0.00862665803234235,0.00732954651216154));
#4072=CARTESIAN_POINT('',(-0.101599999999999,0.00768076956542543,0.00924633207145662));
#4073=CARTESIAN_POINT('',(-0.1016,0.00558332901617008,0.0134692094150813));
#4074=CARTESIAN_POINT('',(-0.0977739728254071,0.00570866670475842,0.00645280878768896));
#4075=CARTESIAN_POINT('',(-0.101600000000004,0.00518380455001139,0.00860710147786851));
#4076=CARTESIAN_POINT('',(-0.1016,0.00412433335237981,0.0129310733540944));
#4077=CARTESIAN_POINT('',(-0.0978607660048016,0.00359729413016512,0.00624216174331724));
#4078=CARTESIAN_POINT('',(-0.101599999999992,0.00341890987742837,0.00845497821333371));
#4079=CARTESIAN_POINT('',(-0.1016,0.00306864706508187,0.012799909466796));
#4080=CARTESIAN_POINT('',(-0.0978607660061099,0.00254,0.00624216174409148));
#4081=CARTESIAN_POINT('',(-0.1016,0.00254,0.0084549782146384));
#4082=CARTESIAN_POINT('',(-0.1016,0.00254,0.0127999094676488));
#4083=CARTESIAN_POINT('',(-0.101599766080455,0.010219706608968,0.0211797039840059));
#4084=CARTESIAN_POINT('',(-0.101599922031101,0.0101998041648465,0.0211693768598865));
#4085=CARTESIAN_POINT('',(-0.1016,0.0101798786083722,0.021159093260062));
#4086=CARTESIAN_POINT('',(-0.1016,0.0101599444954485,0.021148826276064));
#4087=CARTESIAN_POINT('',(-0.101599766080455,0.0101908777079414,0.0212085328850325));
#4088=CARTESIAN_POINT('',(-0.10159987902507,0.010205292600958,0.0211941188770221));
#4089=CARTESIAN_POINT('',(-0.101599766080455,0.0102197066089684,0.0211797039840055));
#4090=CARTESIAN_POINT('',(-0.101591989489925,0.0107041302558658,0.0222009824942818));
#4091=CARTESIAN_POINT('',(-0.101595855138877,0.0109585501188774,0.0219473763949336));
#4092=CARTESIAN_POINT('',(-0.101591989489925,0.0112121562182183,0.0216929565319298));
#4093=CARTESIAN_POINT('',(-0.101183788070076,0.0117288889136216,0.0241825047167729));
#4094=CARTESIAN_POINT('',(-0.101376874637807,0.0125227195892153,0.0235115458652831));
#4095=CARTESIAN_POINT('',(-0.101183788070076,0.0131936784407086,0.0227177151896856));
#4096=CARTESIAN_POINT('',(-0.0997681151917475,0.0128125169875218,0.0262778596504448));
#4097=CARTESIAN_POINT('',(-0.100535385547628,0.0143984419597894,0.0253872682358529));
#4098=CARTESIAN_POINT('',(-0.0997681151917475,0.0152890333743808,0.0238013432635859));
#4099=CARTESIAN_POINT('',(-0.0982216430955692,0.0134639473044622,0.0275374963850588));
#4100=CARTESIAN_POINT('',(-0.0993184064004839,0.0158298804560141,0.0268187067320782));
#4101=CARTESIAN_POINT('',(-0.0982216430955692,0.0165486701089947,0.0244527735805263));
#4102=CARTESIAN_POINT('',(-0.0969007913484693,0.0138269758710958,0.0282394657382721));
#4103=CARTESIAN_POINT('',(-0.0979769652752468,0.0168342167722178,0.0278230430482823));
#4104=CARTESIAN_POINT('',(-0.0969007913484693,0.017250639462208,0.02481580214716));
#4105=CARTESIAN_POINT('',(-0.0954687011044545,0.0140504380804336,0.028671562925583));
#4106=CARTESIAN_POINT('',(-0.0961583138332256,0.0175886259818752,0.0285774522579371));
#4107=CARTESIAN_POINT('',(-0.0954687011044545,0.0176827366495189,0.025039264356497));
#4108=CARTESIAN_POINT('',(-0.0944762400435737,0.0141007385309421,0.0287688262760641));
#4109=CARTESIAN_POINT('',(-0.0947158459465911,0.0177799999999774,0.0287688262760461));
#4110=CARTESIAN_POINT('',(-0.0944762400435737,0.01778,0.0250895648070075));
#4111=CARTESIAN_POINT('',(-0.09398,0.0141007385309434,0.0287688262760641));
#4112=CARTESIAN_POINT('',(-0.09398,0.01778,0.0287688262760641));
#4113=CARTESIAN_POINT('',(-0.09398,0.01778,0.0250895648070075));
#4114=CARTESIAN_POINT('',(-0.0979206175577458,0.0101908777079429,0.0211797039840059));
#4115=CARTESIAN_POINT('',(-0.1016,0.0101599444954485,0.021148826276064));
#4116=CARTESIAN_POINT('',(-0.1016,0.0101599444954485,0.021148826276064));
#4117=CARTESIAN_POINT('',(-0.1016,0.0101599444954485,0.021148826276064));
#4118=CARTESIAN_POINT('',(-0.1016,0.0101702622110339,0.021168715799076));
#4119=CARTESIAN_POINT('',(-0.101600000000223,0.0101750614435362,0.0211638967912944));
#4120=CARTESIAN_POINT('',(-0.1016,0.0101798606755515,0.0211590777830274));
#4121=CARTESIAN_POINT('',(-0.101599922168111,0.0101805759710943,0.0211886129556578));
#4122=CARTESIAN_POINT('',(-0.101599959883376,0.0101901814796291,0.0211789905255331));
#4123=CARTESIAN_POINT('',(-0.101599922168115,0.0101997866791063,0.0211693677870566));
#4124=CARTESIAN_POINT('',(-0.101599766080455,0.0101908777079481,0.0212085328850233));
#4125=CARTESIAN_POINT('',(-0.101599879025065,0.0102052926009677,0.0211941188770127));
#4126=CARTESIAN_POINT('',(-0.101599766080455,0.0102197066089812,0.0211797039839959));
#4127=CARTESIAN_POINT('',(0.0711357570301231,-0.0110280263911471,-0.0124149383890347));
#4128=CARTESIAN_POINT('',(0.0715124107709211,-0.0106274981734262,-0.0127));
#4129=CARTESIAN_POINT('',(0.0719366797914314,-0.0101763365461471,-0.0127));
#4130=CARTESIAN_POINT('',(0.0709534151459005,-0.0106090322151495,-0.0125084271160095));
#4131=CARTESIAN_POINT('',(0.0712116920435929,-0.0103283056437612,-0.0126514761724024));
#4132=CARTESIAN_POINT('',(0.0714924374301655,-0.0100370824768997,-0.0127));
#4133=CARTESIAN_POINT('',(0.0707954531633595,-0.0101801378131218,-0.0125278031127868));
#4134=CARTESIAN_POINT('',(0.0709304494553891,-0.0100372514065243,-0.0125755398684221));
#4135=CARTESIAN_POINT('',(0.0710653390027444,-0.00989436508893019,-0.0126235776864314));
#4136=CARTESIAN_POINT('',(0.0706624762989016,-0.00975157812529982,-0.0124806135213393));
#4137=CARTESIAN_POINT('',(0.0706624762989016,-0.00975157812529983,-0.0124806135213393));
#4138=CARTESIAN_POINT('',(0.0706624762989016,-0.00975157812529984,-0.0124806135213393));
#4139=CARTESIAN_POINT('',(0.0719366797914314,-0.0101763365461471,-0.01016));
#4140=CARTESIAN_POINT('',(0.0719366797914314,-0.0101763365461471,-0.0127));
#4141=CARTESIAN_POINT('',(0.0715124107709211,-0.0106274981734262,-0.0127));
#4142=CARTESIAN_POINT('',(0.0711357570301232,-0.0110280263911471,-0.0124149383890347));
#4143=CARTESIAN_POINT('',(0.072052936354943,-0.0102856631633079,-0.0127));
#4144=CARTESIAN_POINT('',(0.0716373779788796,-0.0108618630298624,-0.0127000000000002));
#4145=CARTESIAN_POINT('',(0.0712789115329712,-0.0113569735189507,-0.0123415416038355));
#4146=CARTESIAN_POINT('',(0.0723185731461943,-0.0104509690914179,-0.0127));
#4147=CARTESIAN_POINT('',(0.0719258322645083,-0.0112337944645309,-0.0126999999999999));
#4148=CARTESIAN_POINT('',(0.0716075454961223,-0.0118557609458846,-0.0121738659775858));
#4149=CARTESIAN_POINT('',(0.0729049684266075,-0.0106885805101058,-0.0127));
#4150=CARTESIAN_POINT('',(0.0725724230038612,-0.0118328416995268,-0.0127000000000001));
#4151=CARTESIAN_POINT('',(0.0723400619661579,-0.0125788852078831,-0.0118061567266173));
#4152=CARTESIAN_POINT('',(0.0736606187882725,-0.0108612357360685,-0.0127));
#4153=CARTESIAN_POINT('',(0.07342490664192,-0.0123969870045816,-0.0127));
#4154=CARTESIAN_POINT('',(0.0732855779189258,-0.0131180862274356,-0.011332904220886));
#4155=CARTESIAN_POINT('',(0.0745975847173879,-0.0109604587977713,-0.0127));
#4156=CARTESIAN_POINT('',(0.0745103299837627,-0.0129739819525708,-0.0127));
#4157=CARTESIAN_POINT('',(0.0744606517906402,-0.0134564944234334,-0.0107470453483738));
#4158=CARTESIAN_POINT('',(0.075222366763123,-0.0109642757521568,-0.0127));
#4159=CARTESIAN_POINT('',(0.0752506397493278,-0.0133161351644451,-0.0127));
#4160=CARTESIAN_POINT('',(0.0752434901796861,-0.0135054020817815,-0.0103561318516304));
#4161=CARTESIAN_POINT('',(0.0755354277937954,-0.0109519894514903,-0.0127));
#4162=CARTESIAN_POINT('',(0.0756350352000634,-0.0134900356221926,-0.0127));
#4163=CARTESIAN_POINT('',(0.0756350352000634,-0.0134900356221926,-0.01016));
#4164=CARTESIAN_POINT('',(0.0755354277937954,-0.0109519894514903,-0.01016));
#4165=CARTESIAN_POINT('',(0.0755354277937949,-0.0109519894514903,-0.0127));
#4166=CARTESIAN_POINT('',(0.075635035200063,-0.0134900356221926,-0.0127));
#4167=CARTESIAN_POINT('',(0.075635035200063,-0.0134900356221926,-0.01016));
#4168=CARTESIAN_POINT('',(0.0772736442020955,-0.0108837719269238,-0.0127));
#4169=CARTESIAN_POINT('',(0.0774254560905183,-0.0134197692960662,-0.0127000000000128));
#4170=CARTESIAN_POINT('',(0.0774254560904353,-0.0134197692956471,-0.0101600000000045));
#4171=CARTESIAN_POINT('',(0.0807354807842472,-0.0106418239919019,-0.0127));
#4172=CARTESIAN_POINT('',(0.081006736653575,-0.0131702338033718,-0.0126999999999956));
#4173=CARTESIAN_POINT('',(0.0810067366534182,-0.0131702338033558,-0.0101599999999979));
#4174=CARTESIAN_POINT('',(0.0858644515229872,-0.00984457469858056,-0.0127));
#4175=CARTESIAN_POINT('',(0.0863912498894264,-0.0123355916296143,-0.012699999999996));
#4176=CARTESIAN_POINT('',(0.0863912498900998,-0.0123355916302988,-0.0101600000000006));
#4177=CARTESIAN_POINT('',(0.0909081574294504,-0.00839185731653865,-0.0127));
#4178=CARTESIAN_POINT('',(0.0918244496939704,-0.0107789724430948,-0.0127000000000202));
#4179=CARTESIAN_POINT('',(0.0918244496914334,-0.0107789724403726,-0.0101599999999998));
#4180=CARTESIAN_POINT('',(0.0940087871113735,-0.00671469280807727,-0.0127));
#4181=CARTESIAN_POINT('',(0.0953651402342426,-0.00888818568347569,-0.0126999999999555));
#4182=CARTESIAN_POINT('',(0.0953651402397132,-0.00888818568937112,-0.01016));
#4183=CARTESIAN_POINT('',(0.0953407202564267,-0.00561761715280222,-0.0127));
#4184=CARTESIAN_POINT('',(0.0969555829225872,-0.00757818303270555,-0.0127));
#4185=CARTESIAN_POINT('',(0.0969555829225872,-0.00757818303270555,-0.01016));
#4186=CARTESIAN_POINT('',(0.0953407202564267,-0.00561761715280224,-0.01016));
#4187=CARTESIAN_POINT('',(0.0756350352000371,0.0134900356221936,-0.01016));
#4188=CARTESIAN_POINT('',(0.0756350352000371,0.0134900356221936,-0.0127));
#4189=CARTESIAN_POINT('',(0.0755354277937698,0.0109519894514913,-0.0127));
#4190=CARTESIAN_POINT('',(0.0774254560903292,0.0134197692956518,-0.0101600000000045));
#4191=CARTESIAN_POINT('',(0.0774254560904092,0.0134197692960287,-0.0127000000000149));
#4192=CARTESIAN_POINT('',(0.077273644201988,0.0108837719268825,-0.0127));
#4193=CARTESIAN_POINT('',(0.0810067366534371,0.0131702338033563,-0.0101599999999979));
#4194=CARTESIAN_POINT('',(0.0810067366535787,0.0131702338033908,-0.0126999999999934));
#4195=CARTESIAN_POINT('',(0.0807354807842672,0.0106418239919236,-0.0127));
#4196=CARTESIAN_POINT('',(0.0863912498900754,0.012335591630303,-0.0101600000000006));
#4197=CARTESIAN_POINT('',(0.0863912498894595,0.012335591629617,-0.0127000000000005));
#4198=CARTESIAN_POINT('',(0.0858644515229656,0.00984457469857905,-0.0127));
#4199=CARTESIAN_POINT('',(0.0918244496914327,0.0107789724403731,-0.0101599999999998));
#4200=CARTESIAN_POINT('',(0.0918244496937544,0.0107789724430826,-0.0127000000000044));
#4201=CARTESIAN_POINT('',(0.0909081574294418,0.0083918573165395,-0.0127));
#4202=CARTESIAN_POINT('',(0.0953651402397047,0.00888818568937809,-0.01016));
#4203=CARTESIAN_POINT('',(0.0953651402346979,0.00888818568351319,-0.0126999999999894));
#4204=CARTESIAN_POINT('',(0.0940087871113839,0.00671469280808603,-0.0127));
#4205=CARTESIAN_POINT('',(0.0969555829225872,0.00757818303270552,-0.01016));
#4206=CARTESIAN_POINT('',(0.0969555829225872,0.00757818303270552,-0.0127));
#4207=CARTESIAN_POINT('',(0.0953407202564267,0.0056176171528022,-0.0127));
#4208=CARTESIAN_POINT('',(0.0953407202564266,0.0056176171528023,-0.01016));
#4209=CARTESIAN_POINT('',(0.0755354277937703,0.0109519894514913,-0.01016));
#4210=CARTESIAN_POINT('',(0.0755354277937703,0.0109519894514913,-0.0127));
#4211=CARTESIAN_POINT('',(0.0756350352000238,0.0134900356221812,-0.0127));
#4212=CARTESIAN_POINT('',(0.0756350352000244,0.0134900356221941,-0.010160000000013));
#4213=CARTESIAN_POINT('',(0.0752221126323896,0.0109642857247853,-0.0127));
#4214=CARTESIAN_POINT('',(0.0752503393238579,0.0133159992482739,-0.0127));
#4215=CARTESIAN_POINT('',(0.0752431723424518,0.0135054145555241,-0.0103562910651208));
#4216=CARTESIAN_POINT('',(0.0745983945847561,0.0109597263418772,-0.0127));
#4217=CARTESIAN_POINT('',(0.0745108562916509,0.0129727510598901,-0.0127));
#4218=CARTESIAN_POINT('',(0.0744616296741414,0.0134543834618929,-0.0107465182572586));
#4219=CARTESIAN_POINT('',(0.0736722616008789,0.0108645658635922,-0.0127));
#4220=CARTESIAN_POINT('',(0.0734378451803767,0.0124081865525581,-0.0126999999999998));
#4221=CARTESIAN_POINT('',(0.0733003015889659,0.0131285301115933,-0.0113256931548074));
#4222=CARTESIAN_POINT('',(0.0727569050803537,0.0106499020093186,-0.0127));
#4223=CARTESIAN_POINT('',(0.0724179310885879,0.0117189497333345,-0.0127000000000005));
#4224=CARTESIAN_POINT('',(0.0721542932753503,0.0124585159064948,-0.0118986132673388));
#4225=CARTESIAN_POINT('',(0.0721681600235735,0.0103940184828693,-0.0127));
#4226=CARTESIAN_POINT('',(0.0717631515882809,0.0110977402749716,-0.0126999999999989));
#4227=CARTESIAN_POINT('',(0.0714207941714464,0.0116829981506408,-0.0122687968963797));
#4228=CARTESIAN_POINT('',(0.0719366797914314,0.0101763365461472,-0.0127));
#4229=CARTESIAN_POINT('',(0.0715124107709212,0.0106274981734263,-0.0127));
#4230=CARTESIAN_POINT('',(0.0711357570301234,0.0110280263911471,-0.0124149383890347));
#4231=CARTESIAN_POINT('',(0.07193667979143,0.0101763365461458,-0.01016));
#4232=CARTESIAN_POINT('',(0.0719366797914287,0.0101763365461463,-0.0127));
#4233=CARTESIAN_POINT('',(0.0715124107709185,0.0106274981734244,-0.0126999999999997));
#4234=CARTESIAN_POINT('',(0.0711357570301207,0.0110280263911446,-0.0124149383890348));
#4235=CARTESIAN_POINT('',(0.0714924374301638,0.0100370824768969,-0.0126999999999997));
#4236=CARTESIAN_POINT('',(0.071211692043857,0.0103283056437425,-0.0126514761724028));
#4237=CARTESIAN_POINT('',(0.0709534151463605,0.0106090322151379,-0.0125084271161768));
#4238=CARTESIAN_POINT('',(0.071065339002763,0.00989436508892152,-0.012623577686438));
#4239=CARTESIAN_POINT('',(0.0709304494558883,0.010037251406433,-0.0125755398672904));
#4240=CARTESIAN_POINT('',(0.0707954531633626,0.0101801378131056,-0.0125278031127879));
#4241=CARTESIAN_POINT('',(0.0706624762989017,0.00975157812529986,-0.0124806135213393));
#4242=CARTESIAN_POINT('',(0.0706624762989016,0.00975157812529987,-0.0124806135213393));
#4243=CARTESIAN_POINT('',(0.0706624762989016,0.00975157812529989,-0.0124806135213393));
#4244=CARTESIAN_POINT('',(-0.0378890493903971,0.0146162768777122,0.0061585765352387));
#4245=CARTESIAN_POINT('',(-0.036694962756555,0.0140577212004499,-0.00121044000971078));
#4246=CARTESIAN_POINT('',(-0.0397580814770212,0.00725393093831035,-0.00181539781535107));
#4247=CARTESIAN_POINT('',(-0.0375683394735596,0.0144662589981656,0.00619746789374987));
#4248=CARTESIAN_POINT('',(-0.0364898553100755,0.0139372625819573,-0.00122354381114109));
#4249=CARTESIAN_POINT('',(-0.0396952343730919,0.00716181760566618,-0.00180298567937021));
#4250=CARTESIAN_POINT('',(-0.037077978458331,0.0142224017514681,0.00624720123579827));
#4251=CARTESIAN_POINT('',(-0.0361683998834807,0.0137422212741628,-0.00125166734949491));
#4252=CARTESIAN_POINT('',(-0.0396023502392122,0.00701665785339788,-0.00178711333651369));
#4253=CARTESIAN_POINT('',(-0.0363973130282256,0.0138437246346588,0.00629784085262093));
#4254=CARTESIAN_POINT('',(-0.0357019285537897,0.0134393617931202,-0.0013072972257502));
#4255=CARTESIAN_POINT('',(-0.0394818487866834,0.00680641849542738,-0.00177095175659967));
#4256=CARTESIAN_POINT('',(-0.0359591775347614,0.0135803240140693,0.00632328697922532));
#4257=CARTESIAN_POINT('',(-0.0353913321298463,0.0132275569248205,-0.00135017845003448));
#4258=CARTESIAN_POINT('',(-0.0394080897401487,0.00666729489386089,-0.0017628306523781));
#4259=CARTESIAN_POINT('',(-0.0356426710380715,0.0133773320509817,0.00633802187639918));
#4260=CARTESIAN_POINT('',(-0.0351604604540174,0.0130630357820377,-0.00138457423570291));
#4261=CARTESIAN_POINT('',(-0.0393573759196543,0.00656536802889614,-0.00175812802561889));
#4262=CARTESIAN_POINT('',(-0.0354611325570477,0.0132569790608317,0.00634558919131811));
#4263=CARTESIAN_POINT('',(-0.0350263456972071,0.0129653087798841,-0.00140571317309454));
#4264=CARTESIAN_POINT('',(-0.0393286789178564,0.00650573007890463,-0.00175571292511299));
#4265=CARTESIAN_POINT('',(-0.0353417403247572,0.0131759911649444,0.00634997028988282));
#4266=CARTESIAN_POINT('',(-0.0349364530544675,0.0128985774612534,-0.0014191585712067));
#4267=CARTESIAN_POINT('',(-0.03931086040446,0.00646787826476661,-0.00175431470216679));
#4268=CARTESIAN_POINT('',(-0.035256367475702,0.0131169771463741,0.00635326712702262));
#4269=CARTESIAN_POINT('',(-0.0348733713644346,0.0128514495958322,-0.00143102521016791));
#4270=CARTESIAN_POINT('',(-0.0392966897099114,0.00643718296820005,-0.00175326252010089));
#4271=CARTESIAN_POINT('',(-0.0352219776705467,0.0130931718619687,0.00635643843684514));
#4272=CARTESIAN_POINT('',(-0.0348570168928498,0.0128409861236663,-0.00144645426219293));
#4273=CARTESIAN_POINT('',(-0.0392825227039575,0.00640646574530672,-0.00175225039994477));
#4274=CARTESIAN_POINT('',(-0.0351380823592773,0.0130351363767944,0.00636166156126952));
#4275=CARTESIAN_POINT('',(-0.0348067907864661,0.012805708223358,-0.00147211537450995));
#4276=CARTESIAN_POINT('',(-0.0392577269357202,0.00635271691517242,-0.00175058344534124));
#4277=CARTESIAN_POINT('',(-0.0349871030293321,0.0129306752108735,0.00637080042593779));
#4278=CARTESIAN_POINT('',(-0.0347223219257873,0.0127476460980306,-0.00152565765373947));
#4279=CARTESIAN_POINT('',(-0.0392081308235012,0.00624519945818649,-0.00174766678640457));
#4280=CARTESIAN_POINT('',(-0.0347625810075958,0.012775341914875,0.0063801270611417));
#4281=CARTESIAN_POINT('',(-0.0345953870724499,0.0126596146010102,-0.0016044422973312));
#4282=CARTESIAN_POINT('',(-0.0391372605643796,0.00609156777108811,-0.00174469020070119));
#4283=CARTESIAN_POINT('',(-0.0344081497104172,0.0125301260962446,0.00638711140238932));
#4284=CARTESIAN_POINT('',(-0.0344005027706035,0.0125248666904458,-0.00173715086009392));
#4285=CARTESIAN_POINT('',(-0.0390238355820544,0.00584568359110883,-0.00174246115562216));
#4286=CARTESIAN_POINT('',(-0.0339631315541129,0.0122222392319888,0.00638094874032354));
#4287=CARTESIAN_POINT('',(-0.0341628940777577,0.0123604352258328,-0.00191449604296283));
#4288=CARTESIAN_POINT('',(-0.0388819588585487,0.00553812233611195,-0.00174442796266444));
#4289=CARTESIAN_POINT('',(-0.0332520826655623,0.0117302971973873,0.00633932164934056));
#4290=CARTESIAN_POINT('',(-0.0338004904409701,0.0121097212803703,-0.0022227095843808));
#4291=CARTESIAN_POINT('',(-0.038654969284986,0.00504605235745495,-0.00175771320446744));
#4292=CARTESIAN_POINT('',(-0.032358622212046,0.0111121533940382,0.00622635083836434));
#4293=CARTESIAN_POINT('',(-0.0333816000279442,0.0118199022476625,-0.00265430396925967));
#4294=CARTESIAN_POINT('',(-0.0383698512911565,0.00442797127178016,-0.00179376771860939));
#4295=CARTESIAN_POINT('',(-0.0313038044754686,0.0103823738073879,0.00599430098408685));
#4296=CARTESIAN_POINT('',(-0.0329568572741632,0.0115260450731295,-0.00322609639354865));
#4297=CARTESIAN_POINT('',(-0.0380331980656582,0.00369817161547405,-0.001867826182738));
#4298=CARTESIAN_POINT('',(-0.0299293123853134,0.00943142638621612,0.00555937755108803));
#4299=CARTESIAN_POINT('',(-0.0324996650504104,0.011209734019041,-0.00405449787536499));
#4300=CARTESIAN_POINT('',(-0.0375945334663246,0.0027472308841878,-0.00200663153370749));
#4301=CARTESIAN_POINT('',(-0.0289239912166492,0.00873589121497676,0.00508345036656303));
#4302=CARTESIAN_POINT('',(-0.0323064889183245,0.0110760847531756,-0.00472002720486534));
#4303=CARTESIAN_POINT('',(-0.0372736851264179,0.0020516932042401,-0.00215852318828631));
#4304=CARTESIAN_POINT('',(-0.0282820076404447,0.00829173250470859,0.00470069929962569));
#4305=CARTESIAN_POINT('',(-0.0322542806081561,0.0110399642407957,-0.00515109575090349));
#4306=CARTESIAN_POINT('',(-0.0370687967510672,0.00160753449397305,-0.00228067778416374));
#4307=CARTESIAN_POINT('',(-0.0413329202167455,0.00725393093831035,0.00615857653523871));
#4308=CARTESIAN_POINT('',(-0.0397580814770212,-0.00725393093831035,-0.00181539781535107));
#4309=CARTESIAN_POINT('',(-0.036694962756555,-0.0140577212004499,-0.00121044000971078));
#4310=CARTESIAN_POINT('',(-0.0378890493903971,-0.0146162768777122,0.0061585765352387));
#4311=CARTESIAN_POINT('',(-0.0396952267028092,-0.00716180636353649,-0.00180298416450976));
#4312=CARTESIAN_POINT('',(-0.0364898302305824,-0.0139372478528917,-0.00122354541340467));
#4313=CARTESIAN_POINT('',(-0.0375683003319677,-0.0144662406889762,0.00619747264031243));
#4314=CARTESIAN_POINT('',(-0.0396023313990303,-0.00701662805602838,-0.00178711021967188));
#4315=CARTESIAN_POINT('',(-0.0361683372734474,-0.0137421837175188,-0.00125167367082423));
#4316=CARTESIAN_POINT('',(-0.0370778821492056,-0.0142223540990747,0.00624721100190263));
#4317=CARTESIAN_POINT('',(-0.0394818159502821,-0.00680635949854544,-0.00177094766477351));
#4318=CARTESIAN_POINT('',(-0.0357017914049689,-0.013439270431583,-0.0013073134656022));
#4319=CARTESIAN_POINT('',(-0.03639711774751,-0.0138436120546267,0.00629785367367623));
#4320=CARTESIAN_POINT('',(-0.0394080485950912,-0.00666721547757679,-0.00176282639550405));
#4321=CARTESIAN_POINT('',(-0.0353911711156197,-0.0132274470321849,-0.00135020511993954));
#4322=CARTESIAN_POINT('',(-0.0359589478110802,-0.0135801841203384,0.00632330031743066));
#4323=CARTESIAN_POINT('',(-0.0393573292453744,-0.00656527290932312,-0.00175812386484558));
#4324=CARTESIAN_POINT('',(-0.0351602209235912,-0.013062861907905,-0.00138460524072124));
#4325=CARTESIAN_POINT('',(-0.0356423512794833,-0.0133771230402435,0.00633803491348887));
#4326=CARTESIAN_POINT('',(-0.039328629162922,-0.00650562559848139,-0.00175570887521233));
#4327=CARTESIAN_POINT('',(-0.035026150101849,-0.0129651672620436,-0.00140575362666806));
#4328=CARTESIAN_POINT('',(-0.0354608589566887,-0.0132567967310065,0.00634560188100687));
#4329=CARTESIAN_POINT('',(-0.0393108087876521,-0.00646776762379886,-0.0017543107464132));
#4330=CARTESIAN_POINT('',(-0.0349360722299326,-0.0128982884763702,-0.0014191895752663));
#4331=CARTESIAN_POINT('',(-0.0353412637346451,-0.0131756640666788,0.00634998268457738));
#4332=CARTESIAN_POINT('',(-0.0392966365729197,-0.00643706754640314,-0.00175325864844233));
#4333=CARTESIAN_POINT('',(-0.0348733285296741,-0.0128514246609781,-0.0014310843996307));
#4334=CARTESIAN_POINT('',(-0.0352562589595518,-0.0131169015843348,0.00635327925821945));
#4335=CARTESIAN_POINT('',(-0.0392824677832172,-0.00640634681922701,-0.00175224660238886));
#4336=CARTESIAN_POINT('',(-0.034856887974676,-0.0128408942511413,-0.0014465094132436));
#4337=CARTESIAN_POINT('',(-0.0352217725644657,-0.0130930302346412,0.00635645033585363));
#4338=CARTESIAN_POINT('',(-0.0392576690155461,-0.00635259126205348,-0.00175057981181515));
#4339=CARTESIAN_POINT('',(-0.0348067086485113,-0.0128056532995962,-0.00147217855498848));
#4340=CARTESIAN_POINT('',(-0.0351379242919975,-0.0130350268215937,0.00636167294631797));
#4341=CARTESIAN_POINT('',(-0.0392080668160579,-0.00624506076934252,-0.00174766357535262));
#4342=CARTESIAN_POINT('',(-0.034722193161951,-0.0127475556397573,-0.00152572644391557));
#4343=CARTESIAN_POINT('',(-0.0349868856502458,-0.012930524956993,0.00637081048723388));
#4344=CARTESIAN_POINT('',(-0.0391371879018471,-0.00609141023041824,-0.00174468788486376));
#4345=CARTESIAN_POINT('',(-0.0345952655905482,-0.0126595310109354,-0.00160452540082875));
#4346=CARTESIAN_POINT('',(-0.0347623589121867,-0.0127751882106893,0.0063801343174323));
#4347=CARTESIAN_POINT('',(-0.0390237490380986,-0.00584549599323149,-0.00174246088581442));
#4348=CARTESIAN_POINT('',(-0.0344003528142128,-0.0125247626764036,-0.00173725519515551));
#4349=CARTESIAN_POINT('',(-0.0344078753204034,-0.0125299362854113,0.00638711224778688));
#4350=CARTESIAN_POINT('',(-0.0388818549475869,-0.00553789707281736,-0.00174443141596114));
#4351=CARTESIAN_POINT('',(-0.0341627248653693,-0.0123603182448524,-0.00191463073917658));
#4352=CARTESIAN_POINT('',(-0.0339628070343707,-0.0122220147028771,0.0063809379199939));
#4353=CARTESIAN_POINT('',(-0.0386548375882939,-0.00504576686673562,-0.00175772511055125));
#4354=CARTESIAN_POINT('',(-0.0338002873818467,-0.0121095807407491,-0.00222289788696223));
#4355=CARTESIAN_POINT('',(-0.0332516693993854,-0.0117300112828098,0.00633928434361125));
#4356=CARTESIAN_POINT('',(-0.0383696844987455,-0.00442760969698253,-0.00179379525112393));
#4357=CARTESIAN_POINT('',(-0.0333813683926912,-0.0118197420081469,-0.0026545704119652));
#4358=CARTESIAN_POINT('',(-0.0323580998050089,-0.0111117919630496,0.00622626456981894));
#4359=CARTESIAN_POINT('',(-0.0380329947662505,-0.00369773090155947,-0.00186787935314338));
#4360=CARTESIAN_POINT('',(-0.0329566192188357,-0.0115258803687473,-0.00322645902000834));
#4361=CARTESIAN_POINT('',(-0.031303167415608,-0.0103819330556287,0.00599413438348278));
#4362=CARTESIAN_POINT('',(-0.0375942830034581,-0.00274668792859321,-0.00200672862821877));
#4363=CARTESIAN_POINT('',(-0.0324994505055658,-0.0112095855884702,-0.00405499897489094));
#4364=CARTESIAN_POINT('',(-0.0299285276347023,-0.00943088345332892,0.0055590733216222));
#4365=CARTESIAN_POINT('',(-0.0372733997128819,-0.00205107448240074,-0.00215866790235665));
#4366=CARTESIAN_POINT('',(-0.0323063415637317,-0.0110759828053509,-0.00472063236517773));
#4367=CARTESIAN_POINT('',(-0.0289230969208673,-0.00873527249313434,0.00508299692913014));
#4368=CARTESIAN_POINT('',(-0.0370684966872109,-0.00160688401307013,-0.00228085670109706));
#4369=CARTESIAN_POINT('',(-0.0322542025517289,-0.011039910237168,-0.00515174069742253));
#4370=CARTESIAN_POINT('',(-0.0282810674403616,-0.00829108202380568,0.00470013869323463));
#4371=CARTESIAN_POINT('',(-0.0413329202167455,-0.00725393093831035,0.00615857653523872));
#4372=CARTESIAN_POINT('',(-0.05715,0.01778,0.000912596313339082));
#4373=CARTESIAN_POINT('',(-0.0535345471118231,0.01778,-0.00636702485904163));
#4374=CARTESIAN_POINT('',(-0.0535345471118231,0.00965199999999999,-0.00636702485904163));
#4375=CARTESIAN_POINT('',(-0.0557639759773129,0.01778,0.00154430369635516));
#4376=CARTESIAN_POINT('',(-0.0523674429113498,0.0177294057300935,-0.00578737790310557));
#4377=CARTESIAN_POINT('',(-0.0524553213033504,0.00965200000032519,-0.00583102305704653));
#4378=CARTESIAN_POINT('',(-0.0529231171920297,0.0177234852905625,0.0027013921222123));
#4379=CARTESIAN_POINT('',(-0.0499524358660855,0.0175762543869485,-0.00471083176747721));
#4380=CARTESIAN_POINT('',(-0.0502511176115963,0.00959958733871285,-0.00484264105582142));
#4381=CARTESIAN_POINT('',(-0.0483803146459415,0.017374488907506,0.00415063584314814));
#4382=CARTESIAN_POINT('',(-0.0460068674732853,0.0170904690004853,-0.00331924008585475));
#4383=CARTESIAN_POINT('',(-0.0467929405887196,0.00929093263725344,-0.00358798019316895));
#4384=CARTESIAN_POINT('',(-0.044344908336629,0.0167388897895645,0.00511823083452437));
#4385=CARTESIAN_POINT('',(-0.042441884539575,0.0163454316535653,-0.00235264624742958));
#4386=CARTESIAN_POINT('',(-0.0438461168760507,0.00875249179156747,-0.00273889989215475));
#4387=CARTESIAN_POINT('',(-0.0408458590345932,0.0158100420250937,0.00575646267858134));
#4388=CARTESIAN_POINT('',(-0.0393263606915295,0.0153249119047544,-0.0016786148107774));
#4389=CARTESIAN_POINT('',(-0.041495199248342,0.00804355865519192,-0.00217385139744083));
#4390=CARTESIAN_POINT('',(-0.0389171626975817,0.0150971955215706,0.00603390086414673));
#4391=CARTESIAN_POINT('',(-0.0376075910602764,0.0145632804404079,-0.00136364407570667));
#4392=CARTESIAN_POINT('',(-0.0403218025379963,0.00754922253382138,-0.0019267312265447));
#4393=CARTESIAN_POINT('',(-0.0378890493903971,0.0146162768777122,0.00615857653523879));
#4394=CARTESIAN_POINT('',(-0.0366949627565549,0.01405772120045,-0.00121044000971071));
#4395=CARTESIAN_POINT('',(-0.0397580814770211,0.00725393093831035,-0.00181539781535101));
#4396=CARTESIAN_POINT('',(-0.045802077898732,0.0169415318805391,0.00475232584770874));
#4397=CARTESIAN_POINT('',(-0.0452186602531982,0.0168419867466428,0.00464361102615283));
#4398=CARTESIAN_POINT('',(-0.0440290348932924,0.0165979221923565,0.00464748461732179));
#4399=CARTESIAN_POINT('',(-0.0429423894919913,0.0163549726817116,0.00512626915673815));
#4400=CARTESIAN_POINT('',(-0.0424566106850104,0.0162280598290983,0.00545795208237245));
#4401=CARTESIAN_POINT('',(-0.05715,0.009652,0.00091259631333908));
#4402=CARTESIAN_POINT('',(-0.0535345471118231,-0.00965200000000001,-0.00636702485904162));
#4403=CARTESIAN_POINT('',(-0.0535345471118231,-0.01778,-0.00636702485904162));
#4404=CARTESIAN_POINT('',(-0.05715,-0.01778,0.000912596313339082));
#4405=CARTESIAN_POINT('',(-0.0524553213033578,-0.00965200000031042,-0.00583102305705018));
#4406=CARTESIAN_POINT('',(-0.0523674429113374,-0.0177294057300978,-0.00578737790313));
#4407=CARTESIAN_POINT('',(-0.055763975977234,-0.01778,0.00154430369636378));
#4408=CARTESIAN_POINT('',(-0.0502511176115925,-0.00959958733871902,-0.00484264105581964));
#4409=CARTESIAN_POINT('',(-0.0499524358660932,-0.0175762543869469,-0.00471083176746677));
#4410=CARTESIAN_POINT('',(-0.0529231171920672,-0.0177234852905629,0.00270139212220844));
#4411=CARTESIAN_POINT('',(-0.046792940588722,-0.00929093263725392,-0.00358798019316971));
#4412=CARTESIAN_POINT('',(-0.0460068674732809,-0.017090469000485,-0.00331924008585676));
#4413=CARTESIAN_POINT('',(-0.0483803146459288,-0.0173744889075047,0.00415063584314868));
#4414=CARTESIAN_POINT('',(-0.0438461168760464,-0.00875249179156073,-0.00273889989215388));
#4415=CARTESIAN_POINT('',(-0.0424418845395799,-0.0163454316535673,-0.00235264624743102));
#4416=CARTESIAN_POINT('',(-0.0443449083366381,-0.0167388897895682,0.00511823083452584));
#4417=CARTESIAN_POINT('',(-0.0414951992483492,-0.00804355865520405,-0.00217385139744225));
#4418=CARTESIAN_POINT('',(-0.0393263606915232,-0.0153249119047515,-0.00167861481077474));
#4419=CARTESIAN_POINT('',(-0.0408458590345795,-0.0158100420250874,0.00575646267857859));
#4420=CARTESIAN_POINT('',(-0.0403218025379805,-0.00754922253379437,-0.00192673122654159));
#4421=CARTESIAN_POINT('',(-0.0376075910602883,-0.0145632804404135,-0.00136364407571237));
#4422=CARTESIAN_POINT('',(-0.0389171626976115,-0.0150971955215845,0.00603390086415287));
#4423=CARTESIAN_POINT('',(-0.0397580814770211,-0.00725393093831036,-0.00181539781535101));
#4424=CARTESIAN_POINT('',(-0.0366949627565549,-0.01405772120045,-0.00121044000971071));
#4425=CARTESIAN_POINT('',(-0.0378890493903971,-0.0146162768777122,0.00615857653523879));
#4426=CARTESIAN_POINT('',(-0.0424566106850104,-0.0162280598290983,0.00545795208237244));
#4427=CARTESIAN_POINT('',(-0.0429420276885345,-0.0163548781582204,0.0051265161910413));
#4428=CARTESIAN_POINT('',(-0.0440274170817471,-0.0165975881036534,0.00464771075324533));
#4429=CARTESIAN_POINT('',(-0.0452188208355121,-0.0168420141458615,0.00464364094928159));
#4430=CARTESIAN_POINT('',(-0.0458020778987114,-0.0169415318805355,0.00475232584770872));
#4431=CARTESIAN_POINT('',(-0.05715,-0.009652,0.000912596313339131));
#4432=CARTESIAN_POINT('',(-0.0535345471118231,0.00965199999999999,-0.00636702485904162));
#4433=CARTESIAN_POINT('',(-0.0535345471118231,0.01778,-0.00636702485904163));
#4434=CARTESIAN_POINT('',(-0.05715,0.01778,0.000912596313339079));
#4435=CARTESIAN_POINT('',(-0.0559674291625705,0.00965200000011107,-0.0075753254324754));
#4436=CARTESIAN_POINT('',(-0.0559674291626679,0.0177800000001139,-0.007575325432372));
#4437=CARTESIAN_POINT('',(-0.0600172843044877,0.01778,-0.000511451871645091));
#4438=CARTESIAN_POINT('',(-0.0582478432628737,0.009652,-0.0089797342115432));
#4439=CARTESIAN_POINT('',(-0.0582478432628478,0.01778,-0.00897973421156161));
#4440=CARTESIAN_POINT('',(-0.0627454453284834,0.01778,-0.0021877783347183));
#4441=CARTESIAN_POINT('',(-0.0603586499912172,0.009652,-0.0105896858442836));
#4442=CARTESIAN_POINT('',(-0.0603586499912172,0.01778,-0.0105896858442836));
#4443=CARTESIAN_POINT('',(-0.0652878965687126,0.01778,-0.00412695328148558));
#4444=CARTESIAN_POINT('',(-0.0652878965687126,0.009652,-0.00412695328148564));
#4445=CARTESIAN_POINT('',(-0.05715,-0.01778,0.000912596313339085));
#4446=CARTESIAN_POINT('',(-0.0535345471118231,-0.01778,-0.00636702485904162));
#4447=CARTESIAN_POINT('',(-0.0535345471118231,-0.00965199999999999,-0.00636702485904161));
#4448=CARTESIAN_POINT('',(-0.0600172843043655,-0.01778,-0.000511451871589031));
#4449=CARTESIAN_POINT('',(-0.055967429162825,-0.0177800000000118,-0.00757532543235628));
#4450=CARTESIAN_POINT('',(-0.0559674291625921,-0.00965199999999999,-0.00757532543248617));
#4451=CARTESIAN_POINT('',(-0.0627454453284169,-0.01778,-0.00218777833459768));
#4452=CARTESIAN_POINT('',(-0.0582478432627537,-0.01778,-0.00897973421143612));
#4453=CARTESIAN_POINT('',(-0.0582478432627451,-0.009652,-0.0089797342114451));
#4454=CARTESIAN_POINT('',(-0.0652878965687126,-0.01778,-0.00412695328148561));
#4455=CARTESIAN_POINT('',(-0.0603586499912172,-0.01778,-0.0105896858442837));
#4456=CARTESIAN_POINT('',(-0.0603586499912172,-0.009652,-0.0105896858442837));
#4457=CARTESIAN_POINT('',(-0.0652878965687126,-0.009652,-0.00412695328148564));
#4458=CARTESIAN_POINT('',(-0.0652878965687126,-1.3928545488753E-17,-0.00412695328148565));
#4459=CARTESIAN_POINT('',(-0.0652878965687126,-0.009652,-0.00412695328148565));
#4460=CARTESIAN_POINT('',(-0.0652878965687126,0.009652,-0.00412695328148565));
#4461=CARTESIAN_POINT('',(-0.0774397232356398,-0.009652,0.00258296259418365));
#4462=CARTESIAN_POINT('',(-0.0776432658494376,-0.009652,-0.00452612415478549));
#4463=CARTESIAN_POINT('',(-0.0652878965687126,-0.01778,-0.00412695328148564));
#4464=CARTESIAN_POINT('',(-0.0646375972705936,-0.01778,-0.0122288971730999));
#4465=CARTESIAN_POINT('',(-0.0646375972705936,-0.00965200000000001,-0.0122288971730999));
#4466=CARTESIAN_POINT('',(-0.0693989991791891,-0.01778,-0.00445692929476629));
#4467=CARTESIAN_POINT('',(-0.0689544837304199,-0.0177800000000809,-0.012575390345174));
#4468=CARTESIAN_POINT('',(-0.0689544837310011,-0.00965200000010017,-0.0125753903447162));
#4469=CARTESIAN_POINT('',(-0.0735260765459712,-0.01778,-0.00464400476202682));
#4470=CARTESIAN_POINT('',(-0.073331915539854,-0.01778,-0.0127808946437288));
#4471=CARTESIAN_POINT('',(-0.0733319155399142,-0.009652,-0.0127808946454547));
#4472=CARTESIAN_POINT('',(-0.0776432658494376,-0.01778,-0.00452612415478549));
#4473=CARTESIAN_POINT('',(-0.0778758859794922,-0.01778,-0.0126507947250359));
#4474=CARTESIAN_POINT('',(-0.0778758859794922,-0.009652,-0.0126507947250359));
#4475=CARTESIAN_POINT('',(-0.0652878965687126,-0.009652,-0.00412695328148564));
#4476=CARTESIAN_POINT('',(-0.0652878965687126,-0.009652,-0.00412695328148564));
#4477=CARTESIAN_POINT('',(-0.0652878965687126,-0.009652,-0.00412695328148565));
#4478=CARTESIAN_POINT('',(-0.0774397232356398,0.009652,0.00258296259418365));
#4479=CARTESIAN_POINT('',(-0.0776432658494376,0.009652,-0.00452612415478549));
#4480=CARTESIAN_POINT('',(-0.0652878965687126,0.009652,-0.00412695328148565));
#4481=CARTESIAN_POINT('',(-0.0652878965687126,0.009652,-0.00412695328148564));
#4482=CARTESIAN_POINT('',(-0.0652878965687126,0.009652,-0.00412695328148564));
#4483=CARTESIAN_POINT('',(-0.0646375972705936,0.009652,-0.0122288971730999));
#4484=CARTESIAN_POINT('',(-0.0646375972705936,0.01778,-0.0122288971730999));
#4485=CARTESIAN_POINT('',(-0.0652878965687126,0.01778,-0.00412695328148564));
#4486=CARTESIAN_POINT('',(-0.0689544837311424,0.00965199999994277,-0.0125753903447275));
#4487=CARTESIAN_POINT('',(-0.0689544837312496,0.0177799999999696,-0.0125753903451386));
#4488=CARTESIAN_POINT('',(-0.0693989991793322,0.01778,-0.00445692929475556));
#4489=CARTESIAN_POINT('',(-0.0733319155402563,0.009652,-0.0127808946454449));
#4490=CARTESIAN_POINT('',(-0.0733319155402177,0.01778,-0.0127808946437339));
#4491=CARTESIAN_POINT('',(-0.0735260765462283,0.01778,-0.00464400476204468));
#4492=CARTESIAN_POINT('',(-0.0778758859794921,0.009652,-0.0126507947250359));
#4493=CARTESIAN_POINT('',(-0.0778758859794921,0.01778,-0.0126507947250359));
#4494=CARTESIAN_POINT('',(-0.0776432658494376,0.01778,-0.00452612415478549));
#4495=CARTESIAN_POINT('',(-0.0697312876582146,0.056388,0.00719017954543233));
#4496=CARTESIAN_POINT('',(-0.0697312876582146,-0.01524,0.00719017954543233));
#4497=CARTESIAN_POINT('',(-0.0670775596052381,-0.01524,0.00719017954543233));
#4498=CARTESIAN_POINT('',(-0.0697312876582146,0.01524,0.00719017954543233));
#4499=CARTESIAN_POINT('',(-0.0670775596052381,0.01524,0.00719017954543233));
#4500=CARTESIAN_POINT('',(-0.0763814372357176,0.056388,0.00721289751581532));
#4501=CARTESIAN_POINT('',(-0.0763814372357176,-0.01524,0.00721289751581532));
#4502=CARTESIAN_POINT('',(-0.0768936442522353,-0.01524,0.00572039265423997));
#4503=CARTESIAN_POINT('',(-0.0778501182291882,-0.01524,0.00778987492353094));
#4504=CARTESIAN_POINT('',(-0.0778501182291882,-0.01524,0.00778987492353094));
#4505=CARTESIAN_POINT('',(-0.0780072336492843,-0.01524,0.00738994170571247));
#4506=CARTESIAN_POINT('',(-0.077973478379273,-0.015091666227083,0.00647599233054483));
#4507=CARTESIAN_POINT('',(-0.0773002350506009,-0.01524,0.00585992899019172));
#4508=CARTESIAN_POINT('',(-0.0768936442522353,-0.01524,0.00572039265423997));
#4509=CARTESIAN_POINT('',(-0.0768936442522353,0.01524,0.00572039265423997));
#4510=CARTESIAN_POINT('',(-0.0773002350506009,0.01524,0.00585992899019172));
#4511=CARTESIAN_POINT('',(-0.077973478379273,0.015091666227083,0.00647599233054482));
#4512=CARTESIAN_POINT('',(-0.0780072336492843,0.01524,0.00738994170571248));
#4513=CARTESIAN_POINT('',(-0.0778501182291882,0.01524,0.00778987492353095));
#4514=CARTESIAN_POINT('',(-0.0768936442522353,0.01524,0.00572039265423997));
#4515=CARTESIAN_POINT('',(-0.0778501182291882,0.01524,0.00778987492353095));
#4516=CARTESIAN_POINT('',(-0.0763814372357176,0.01524,0.00721289751581532));
#4517=CARTESIAN_POINT('',(-0.0458477064967156,0.056388,0.0103569934357669));
#4518=CARTESIAN_POINT('',(-0.0443416289711553,-0.0137705443506423,0.00767303886516047));
#4519=CARTESIAN_POINT('',(-0.0437356433540612,-0.0134815660032288,0.00801308236988791));
#4520=CARTESIAN_POINT('',(-0.0429934976299784,-0.0130170697359363,0.0088371477905252));
#4521=CARTESIAN_POINT('',(-0.0426986821631239,-0.0128021203887374,0.0103376367212434));
#4522=CARTESIAN_POINT('',(-0.0429061973964137,-0.0129531005405706,0.0114680525069963));
#4523=CARTESIAN_POINT('',(-0.0434667418330725,-0.0133167227146169,0.0124001309354817));
#4524=CARTESIAN_POINT('',(-0.0445487349605731,-0.0139053424574634,0.0132984173697687));
#4525=CARTESIAN_POINT('',(-0.0463801956022204,-0.014600557581196,0.0136593370173528));
#4526=CARTESIAN_POINT('',(-0.0484556633479737,-0.0150024082139605,0.0124867992391591));
#4527=CARTESIAN_POINT('',(-0.0492134536571025,-0.0150816785214872,0.0101817571609969));
#4528=CARTESIAN_POINT('',(-0.0482178266564182,-0.0149705816152009,0.00797166161184322));
#4529=CARTESIAN_POINT('',(-0.0467794378413381,-0.014662789236,0.00733566165228318));
#4530=CARTESIAN_POINT('',(-0.04605675773693,-0.0144377166927824,0.00728645940582329));
#4531=CARTESIAN_POINT('',(-0.0443416289711553,-0.0137705443506423,0.00767303886516044));
#4532=CARTESIAN_POINT('',(-0.04605675773693,-0.0144377166927824,0.00728645940582329));
#4533=CARTESIAN_POINT('',(-0.04605675773693,-0.0144377166927824,0.00728645940582329));
#4534=CARTESIAN_POINT('',(-0.045447516114102,-0.0142479735953213,0.00724498039415939));
#4535=CARTESIAN_POINT('',(-0.044856193218738,-0.0140159262899324,0.00738429565868881));
#4536=CARTESIAN_POINT('',(-0.0443416289711553,-0.0137705443506423,0.00767303886516045));
#4537=CARTESIAN_POINT('',(-0.0443416289711553,0.0137705443506423,0.00767303886516045));
#4538=CARTESIAN_POINT('',(-0.044856193218741,0.0140159262899339,0.0073842956586871));
#4539=CARTESIAN_POINT('',(-0.045447516114109,0.0142479735953244,0.00724498039415772));
#4540=CARTESIAN_POINT('',(-0.0460567577369407,0.0144377166927857,0.00728645940582401));
#4541=CARTESIAN_POINT('',(-0.0443416289711553,0.0137705443506423,0.00767303886516045));
#4542=CARTESIAN_POINT('',(-0.0460567577369406,0.0144377166927859,0.00728645940582395));
#4543=CARTESIAN_POINT('',(-0.0460567577369406,0.0144377166927859,0.00728645940582395));
#4544=CARTESIAN_POINT('',(-0.0467748589624955,0.0146613631833106,0.00733534990837022));
#4545=CARTESIAN_POINT('',(-0.0482187210174137,0.0149710163798695,0.00797207176207177));
#4546=CARTESIAN_POINT('',(-0.0492125259808516,0.0150814641149297,0.0101761241617531));
#4547=CARTESIAN_POINT('',(-0.0484572805468786,0.0150026751640898,0.0124860747943276));
#4548=CARTESIAN_POINT('',(-0.0463826359786444,0.0146010311244341,0.013658040195229));
#4549=CARTESIAN_POINT('',(-0.0445542941282512,0.0139078311475827,0.0133006508304298));
#4550=CARTESIAN_POINT('',(-0.0434702865280717,0.0133188911855181,0.0124044502410741));
#4551=CARTESIAN_POINT('',(-0.0429075350740076,0.0129540600596431,0.0114720381681697));
#4552=CARTESIAN_POINT('',(-0.0426980653586198,0.0128016775564304,0.0103394694152825));
#4553=CARTESIAN_POINT('',(-0.0429951475926793,0.0130182561342967,0.00883208474386735));
#4554=CARTESIAN_POINT('',(-0.0437372827347952,0.0134823477800927,0.00801216244579295));
#4555=CARTESIAN_POINT('',(-0.0443416289711553,0.0137705443506423,0.00767303886516047));
#4556=CARTESIAN_POINT('',(-0.0460567577369297,-0.0144377166927823,0.00728645940582293));
#4557=CARTESIAN_POINT('',(-0.0456363208914379,-0.0169132497337583,0.00725783479423269));
#4558=CARTESIAN_POINT('',(-0.0458020778987106,-0.0169415318805354,0.00475232584770842));
#4559=CARTESIAN_POINT('',(-0.046787326901062,-0.0146652462158359,0.00733619876332057));
#4560=CARTESIAN_POINT('',(-0.0464576981662423,-0.0170586170298349,0.0072151041515321));
#4561=CARTESIAN_POINT('',(-0.0472136509808994,-0.0171823803234085,0.00484311544356726));
#4562=CARTESIAN_POINT('',(-0.0482072687170664,-0.0149678478805771,0.00797585826947981));
#4563=CARTESIAN_POINT('',(-0.048135092730762,-0.0173184240205063,0.00783005148458613));
#4564=CARTESIAN_POINT('',(-0.0499264815887456,-0.0174984628154651,0.00601069049650426));
#4565=CARTESIAN_POINT('',(-0.0491963251440626,-0.0150800215793649,0.0101241424958282));
#4566=CARTESIAN_POINT('',(-0.0492221443101255,-0.0174524083718879,0.0101137405111563));
#4567=CARTESIAN_POINT('',(-0.0517976086607835,-0.0176146839329331,0.00993196895929696));
#4568=CARTESIAN_POINT('',(-0.0485152613627949,-0.0150092362378905,0.0123917610472809));
#4569=CARTESIAN_POINT('',(-0.0484840951009951,-0.0173637763837669,0.0125101633432955));
#4570=CARTESIAN_POINT('',(-0.0505102503311634,-0.0175413616969721,0.0140710692189994));
#4571=CARTESIAN_POINT('',(-0.0468546357698118,-0.014697164971443,0.0134277079541115));
#4572=CARTESIAN_POINT('',(-0.0465326202970506,-0.0170761881899384,0.0135744355045609));
#4573=CARTESIAN_POINT('',(-0.0473459108342412,-0.0172162522423263,0.0159619904705571));
#4574=CARTESIAN_POINT('',(-0.0453768589220546,-0.0142248065014643,0.0134632625877067));
#4575=CARTESIAN_POINT('',(-0.0448367029331323,-0.0167699969982041,0.0133978015777564));
#4576=CARTESIAN_POINT('',(-0.0444882959503429,-0.0167163131908437,0.0160268885959901));
#4577=CARTESIAN_POINT('',(-0.0443372847475478,-0.0137866094099831,0.0131112950288081));
#4578=CARTESIAN_POINT('',(-0.043728243979882,-0.0165588708981859,0.0127867877412398));
#4579=CARTESIAN_POINT('',(-0.0424527153617945,-0.016246635078857,0.0153844397091862));
#4580=CARTESIAN_POINT('',(-0.0434836411582483,-0.0133280095354137,0.0124259146905273));
#4581=CARTESIAN_POINT('',(-0.0430056399691374,-0.0164530285767283,0.011861799109925));
#4582=CARTESIAN_POINT('',(-0.0407557499144441,-0.0157475970077778,0.0141334101065252));
#4583=CARTESIAN_POINT('',(-0.0429116983922242,-0.0129567052787619,0.0114803156978523));
#4584=CARTESIAN_POINT('',(-0.04276299800145,-0.0165084038600998,0.0109571962794643));
#4585=CARTESIAN_POINT('',(-0.0396013242906941,-0.0153371923286366,0.0124074015445276));
#4586=CARTESIAN_POINT('',(-0.0427024694187621,-0.0128050840019869,0.010375829895553));
#4587=CARTESIAN_POINT('',(-0.0427741037323005,-0.0165889458035639,0.010365095356157));
#4588=CARTESIAN_POINT('',(-0.0391746030422606,-0.015167796580897,0.0103913757597294));
#4589=CARTESIAN_POINT('',(-0.0428991227802973,-0.0129478583828496,0.00926587536730784));
#4590=CARTESIAN_POINT('',(-0.0427615186623495,-0.016511907250165,0.00978043087175296));
#4591=CARTESIAN_POINT('',(-0.0395757522118801,-0.0153273413591133,0.00836536787036231));
#4592=CARTESIAN_POINT('',(-0.0434625591145258,-0.0133154283488386,0.00831186719162278));
#4593=CARTESIAN_POINT('',(-0.0429917597134611,-0.0164523491181924,0.00888046278322876));
#4594=CARTESIAN_POINT('',(-0.0407134986520052,-0.0157337893759089,0.0066240099675465));
#4595=CARTESIAN_POINT('',(-0.0440284430515502,-0.0136211943537008,0.00784878039223568));
#4596=CARTESIAN_POINT('',(-0.0434761556012721,-0.0165215341938492,0.00824590722223107));
#4597=CARTESIAN_POINT('',(-0.0418389048351761,-0.0160666801839761,0.00577873433963407));
#4598=CARTESIAN_POINT('',(-0.0443416289711553,-0.0137705443506423,0.00767303886516036));
#4599=CARTESIAN_POINT('',(-0.0437844137012514,-0.0165749569478652,0.00798571531806753));
#4600=CARTESIAN_POINT('',(-0.0424566106850104,-0.0162280598290983,0.00545795208237239));
#4601=CARTESIAN_POINT('',(-0.0430986524851677,-0.0137705443506423,0.00545795208237244));
#4602=CARTESIAN_POINT('',(-0.0462292892112686,-0.0144377166927824,0.00475232584770869));
#4603=CARTESIAN_POINT('',(-0.0443416289711553,-0.0137705443506423,0.00767303886516043));
#4604=CARTESIAN_POINT('',(-0.0437844137012514,-0.0165749569478653,0.00798571531806762));
#4605=CARTESIAN_POINT('',(-0.0424566106850104,-0.0162280598290982,0.00545795208237244));
#4606=CARTESIAN_POINT('',(-0.0446015051938114,-0.013894472371889,0.00752721160613891));
#4607=CARTESIAN_POINT('',(-0.0440411935935483,-0.0167044089034906,0.00777070509634905));
#4608=CARTESIAN_POINT('',(-0.0429552049659515,-0.0163583208071022,0.00511751893530307));
#4609=CARTESIAN_POINT('',(-0.0451540498364639,-0.0141224741315317,0.00731480900213754));
#4610=CARTESIAN_POINT('',(-0.0445665326439466,-0.016876723119616,0.00744582868204282));
#4611=CARTESIAN_POINT('',(-0.0440216765830274,-0.016595706803614,0.00465517192280462));
#4612=CARTESIAN_POINT('',(-0.0457560874714369,-0.0143440755043464,0.00726598886510171));
#4613=CARTESIAN_POINT('',(-0.0452487972419137,-0.0169196000438504,0.0072737366527479));
#4614=CARTESIAN_POINT('',(-0.0452030692700261,-0.0168393265485504,0.00464070578470946));
#4615=CARTESIAN_POINT('',(-0.04605675773693,-0.0144377166927824,0.00728645940582329));
#4616=CARTESIAN_POINT('',(-0.0456363208914383,-0.0169132497337585,0.007257834794233));
#4617=CARTESIAN_POINT('',(-0.0458020778987114,-0.0169415318805355,0.00475232584770868));
#4618=CARTESIAN_POINT('',(-0.0443416289711553,0.0137705443506423,0.00767303886516046));
#4619=CARTESIAN_POINT('',(-0.0437844137012514,0.0165749569478653,0.00798571531806764));
#4620=CARTESIAN_POINT('',(-0.0424566106850104,0.0162280598290983,0.00545795208237248));
#4621=CARTESIAN_POINT('',(-0.0440292189699073,0.0136215643684022,0.00784834499246707));
#4622=CARTESIAN_POINT('',(-0.0434769346510014,0.0165216692073868,0.00824524964977335));
#4623=CARTESIAN_POINT('',(-0.0418404352025234,0.0160670800023354,0.005777939602579));
#4624=CARTESIAN_POINT('',(-0.043462571882607,0.0133154377849146,0.00831187444474191));
#4625=CARTESIAN_POINT('',(-0.0429918173332085,0.016452385415993,0.00888035243934694));
#4626=CARTESIAN_POINT('',(-0.0407135243507338,0.0157337986646214,0.0066240232061402));
#4627=CARTESIAN_POINT('',(-0.0429005123292976,0.0129487911454267,0.0092634699681046));
#4628=CARTESIAN_POINT('',(-0.0427619220707161,0.0165116354137177,0.00977819638303761));
#4629=CARTESIAN_POINT('',(-0.0395785656137866,0.0153283763386084,0.00836097727825514));
#4630=CARTESIAN_POINT('',(-0.0427025663280751,0.0128051575864045,0.0103701001329159));
#4631=CARTESIAN_POINT('',(-0.0427740918323791,0.0165889069877693,0.0103626378364961));
#4632=CARTESIAN_POINT('',(-0.0391748015615643,0.0151678788541712,0.0103809171832235));
#4633=CARTESIAN_POINT('',(-0.0429097730903613,0.0129553734383311,0.0114761728793626));
#4634=CARTESIAN_POINT('',(-0.0427626309505511,0.0165088654089533,0.0109538469764815));
#4635=CARTESIAN_POINT('',(-0.0395974154564484,0.0153357115065168,0.0123998396285053));
#4636=CARTESIAN_POINT('',(-0.0434823368181504,0.0133272849504727,0.012424812572626));
#4637=CARTESIAN_POINT('',(-0.043004518907923,0.0164528689722178,0.0118601541062731));
#4638=CARTESIAN_POINT('',(-0.0407531507203909,0.0157468070773352,0.0141313984028836));
#4639=CARTESIAN_POINT('',(-0.044336644070923,0.0137863058484204,0.0131109368657227));
#4640=CARTESIAN_POINT('',(-0.0437276181035863,0.0165587604566145,0.0127862816875317));
#4641=CARTESIAN_POINT('',(-0.0424514523220153,0.0162463073451133,0.0153837859515641));
#4642=CARTESIAN_POINT('',(-0.0453755394886305,0.0142242878457716,0.0134629530722321));
#4643=CARTESIAN_POINT('',(-0.0448352653763678,0.0167697202001926,0.0133971955188994));
#4644=CARTESIAN_POINT('',(-0.0444857219191578,0.016715759681764,0.0160263236351869));
#4645=CARTESIAN_POINT('',(-0.04685244936355,0.0146966300207983,0.0134283494188944));
#4646=CARTESIAN_POINT('',(-0.0465300267917319,0.0170757612106445,0.0135749520196262));
#4647=CARTESIAN_POINT('',(-0.0473417194653594,0.0172156916286813,0.0159631613408261));
#4648=CARTESIAN_POINT('',(-0.0485153914287458,0.0150093383934969,0.0123929503681865));
#4649=CARTESIAN_POINT('',(-0.0484842416506796,0.0173638244896535,0.012511438699576));
#4650=CARTESIAN_POINT('',(-0.0505105136717885,0.0175414699988598,0.0140732400945639));
#4651=CARTESIAN_POINT('',(-0.0491956295304454,0.0150798149947978,0.010122563882774));
#4652=CARTESIAN_POINT('',(-0.0492214124448276,0.0174522792242311,0.0101121601137418));
#4653=CARTESIAN_POINT('',(-0.0517962669293853,0.0176144656756091,0.00992908750690102));
#4654=CARTESIAN_POINT('',(-0.0482096288870293,0.0149685340226045,0.00797677745007073));
#4655=CARTESIAN_POINT('',(-0.0481376021273858,0.0173188562162247,0.00783073722095236));
#4656=CARTESIAN_POINT('',(-0.0499310314266483,0.0174991880502982,0.00601236827878056));
#4657=CARTESIAN_POINT('',(-0.0467830926017673,0.0146639274780159,0.00733591047942302));
#4658=CARTESIAN_POINT('',(-0.0464530244710284,0.0170577898790589,0.00721534729838091));
#4659=CARTESIAN_POINT('',(-0.0472054696557952,0.0171809843918504,0.00484258924680719));
#4660=CARTESIAN_POINT('',(-0.0460567577369301,0.0144377166927824,0.00728645940582329));
#4661=CARTESIAN_POINT('',(-0.0456363208914383,0.0169132497337585,0.00725783479423299));
#4662=CARTESIAN_POINT('',(-0.0458020778987114,0.0169415318805355,0.00475232584770869));
#4663=CARTESIAN_POINT('',(-0.0430986524851677,0.0137705443506423,0.00545795208237244));
#4664=CARTESIAN_POINT('',(-0.0462292892112881,0.0144377166927857,0.00475232584770874));
#4665=CARTESIAN_POINT('',(-0.0424566106850104,0.0162280598290982,0.00545795208237244));
#4666=CARTESIAN_POINT('',(-0.0437844137012514,0.0165749569478653,0.00798571531806761));
#4667=CARTESIAN_POINT('',(-0.0443416289711553,0.0137705443506423,0.00767303886516043));
#4668=CARTESIAN_POINT('',(-0.0429552049659419,0.0163583208070997,0.00511751893530658));
#4669=CARTESIAN_POINT('',(-0.0440411935935404,0.0167044089035031,0.00777070509635831));
#4670=CARTESIAN_POINT('',(-0.0446015051938135,0.0138944723719043,0.00752721160613772));
#4671=CARTESIAN_POINT('',(-0.0440216765827468,0.0165957068035672,0.00465517192276207));
#4672=CARTESIAN_POINT('',(-0.0445665326437171,0.0168767231195865,0.00744582868203641));
#4673=CARTESIAN_POINT('',(-0.0451540498363374,0.0141224741314866,0.00731480900212702));
#4674=CARTESIAN_POINT('',(-0.0452030692706376,0.0168393265486552,0.00464070578478237));
#4675=CARTESIAN_POINT('',(-0.0452487972423754,0.0169196000438983,0.00727373665274506));
#4676=CARTESIAN_POINT('',(-0.0457560874717088,0.0143440755044294,0.0072659888651192));
#4677=CARTESIAN_POINT('',(-0.045802077898732,0.016941531880539,0.00475232584771256));
#4678=CARTESIAN_POINT('',(-0.0456363208914513,0.0169132497337582,0.00725783479423245));
#4679=CARTESIAN_POINT('',(-0.0460567577369404,0.0144377166927857,0.007286459405824));
#4680=CARTESIAN_POINT('',(-0.0768936442522353,-0.01524,0.00572039265423997));
#4681=CARTESIAN_POINT('',(-0.0768936442522353,-0.01778,0.00572039265423997));
#4682=CARTESIAN_POINT('',(-0.0777181353125185,-0.01778,0.00331793256268526));
#4683=CARTESIAN_POINT('',(-0.0770963527953204,-0.0152399999933535,0.00578995942132351));
#4684=CARTESIAN_POINT('',(-0.0771611452719317,-0.0178357200941643,0.00581219531790921));
#4685=CARTESIAN_POINT('',(-0.0783269212836036,-0.01778,0.00346858858714628));
#4686=CARTESIAN_POINT('',(-0.0774670756481504,-0.0151969963263403,0.00600916848981515));
#4687=CARTESIAN_POINT('',(-0.0775703496434345,-0.0179412217968455,0.00610948377162319));
#4688=CARTESIAN_POINT('',(-0.0794214283033901,-0.0177283955876267,0.00398738667588415));
#4689=CARTESIAN_POINT('',(-0.0778531842994732,-0.015150447951483,0.00653235012236258));
#4690=CARTESIAN_POINT('',(-0.0778307652807974,-0.0180244168785497,0.00654430038642179));
#4691=CARTESIAN_POINT('',(-0.0804941828626143,-0.017672537543752,0.00531214430359906));
#4692=CARTESIAN_POINT('',(-0.0780017505780166,-0.0151962106656691,0.00716405242274861));
#4693=CARTESIAN_POINT('',(-0.0779916623352242,-0.0179426033139982,0.00701936667462685));
#4694=CARTESIAN_POINT('',(-0.0808095907664265,-0.0177274527948953,0.0069815627281297));
#4695=CARTESIAN_POINT('',(-0.0779284771482407,-0.0152399999934975,0.00759041433193351));
#4696=CARTESIAN_POINT('',(-0.0779538315163243,-0.0178355613574457,0.0075258754094032));
#4697=CARTESIAN_POINT('',(-0.0804941080844495,-0.01778,0.00815651032488734));
#4698=CARTESIAN_POINT('',(-0.0778501182291882,-0.01524,0.00778987492353093));
#4699=CARTESIAN_POINT('',(-0.0778501182291882,-0.01778,0.00778987492353093));
#4700=CARTESIAN_POINT('',(-0.0802142294390597,-0.01778,0.00871862579828678));
#4701=CARTESIAN_POINT('',(-0.0802142294390597,-0.01524,0.00871862579828679));
#4702=CARTESIAN_POINT('',(-0.0777181353125185,-0.01524,0.00331793256268525));
#4703=CARTESIAN_POINT('',(-0.0763814372357176,-0.01524,0.00721289751581532));
#4704=CARTESIAN_POINT('',(-0.0737985306611234,-0.01778,0.010420093699642));
#4705=CARTESIAN_POINT('',(-0.0736790688893973,-0.01778,0.00934571208618831));
#4706=CARTESIAN_POINT('',(-0.0735020440174209,-0.0170270142292011,0.00722401282741587));
#4707=CARTESIAN_POINT('',(-0.0736937038604739,-0.01778,0.00506166949916996));
#4708=CARTESIAN_POINT('',(-0.0738205032766813,-0.01778,0.00398812915326751));
#4709=CARTESIAN_POINT('',(-0.0697312876582146,-0.01524,0.00719017954543233));
#4710=CARTESIAN_POINT('',(-0.0777181353125185,0.01778,0.00331793256268526));
#4711=CARTESIAN_POINT('',(-0.0768936442522353,0.01778,0.00572039265423997));
#4712=CARTESIAN_POINT('',(-0.0768936442522353,0.01524,0.00572039265423997));
#4713=CARTESIAN_POINT('',(-0.0783269212836191,0.01778,0.00346858858714568));
#4714=CARTESIAN_POINT('',(-0.0771611452719485,0.0178357200941871,0.00581219531790945));
#4715=CARTESIAN_POINT('',(-0.0770963527953194,0.015239999993372,0.00578995942132318));
#4716=CARTESIAN_POINT('',(-0.079421428303383,0.0177283955876267,0.00398738667588472));
#4717=CARTESIAN_POINT('',(-0.0775703496434265,0.0179412217968339,0.00610948377162361));
#4718=CARTESIAN_POINT('',(-0.0774670756481508,0.0151969963263313,0.0060091684898154));
#4719=CARTESIAN_POINT('',(-0.0804941828626158,0.017672537543752,0.00531214430359802));
#4720=CARTESIAN_POINT('',(-0.0778307652807993,0.0180244168785549,0.0065443003864198));
#4721=CARTESIAN_POINT('',(-0.0778531842994732,0.0151504479514867,0.00653235012236218));
#4722=CARTESIAN_POINT('',(-0.0808095907664277,0.0177274527948952,0.00698156272813334));
#4723=CARTESIAN_POINT('',(-0.0779916623352247,0.0179426033139897,0.00701936667463385));
#4724=CARTESIAN_POINT('',(-0.0780017505780161,0.0151962106656634,0.00716405242274999));
#4725=CARTESIAN_POINT('',(-0.0804941080844456,0.01778,0.00815651032487961));
#4726=CARTESIAN_POINT('',(-0.0779538315163218,0.0178355613574613,0.00752587540938973));
#4727=CARTESIAN_POINT('',(-0.0779284771482418,0.0152399999935082,0.00759041433193058));
#4728=CARTESIAN_POINT('',(-0.0802142294390597,0.01778,0.00871862579828681));
#4729=CARTESIAN_POINT('',(-0.0778501182291882,0.01778,0.00778987492353095));
#4730=CARTESIAN_POINT('',(-0.0778501182291882,0.01524,0.00778987492353094));
#4731=CARTESIAN_POINT('',(-0.0777181353125185,0.01524,0.00331793256268525));
#4732=CARTESIAN_POINT('',(-0.0802142294390597,0.01524,0.00871862579828681));
#4733=CARTESIAN_POINT('',(-0.0763814372357176,0.01524,0.00721289751581532));
#4734=CARTESIAN_POINT('',(-0.0738205032766813,0.01778,0.00398812915326751));
#4735=CARTESIAN_POINT('',(-0.0736937032811305,0.01778,0.00506167441214831));
#4736=CARTESIAN_POINT('',(-0.0735021876116521,0.0170270141704842,0.00718213929146811));
#4737=CARTESIAN_POINT('',(-0.0736790683427449,0.01778,0.00934570716946551));
#4738=CARTESIAN_POINT('',(-0.0737985306611234,0.01778,0.010420093699642));
#4739=CARTESIAN_POINT('',(-0.0697312876582146,0.01524,0.00719017954543233));
#4740=CARTESIAN_POINT('',(0.0554066705633324,0.012441680348831,-0.00476275993632185));
#4741=CARTESIAN_POINT('',(0.0535946344150021,0.0121573481497256,-0.00462552896780493));
#4742=CARTESIAN_POINT('',(0.053322393320084,0.010392248761289,-0.00418568686408786));
#4743=CARTESIAN_POINT('',(0.0553305774547931,0.0123234743783369,-0.00520569061038881));
#4744=CARTESIAN_POINT('',(0.0536241895044992,0.0119803940124473,-0.00520640132153617));
#4745=CARTESIAN_POINT('',(0.0533174521580805,0.0103602122973115,-0.00464819773947226));
#4746=CARTESIAN_POINT('',(0.0552529882157835,0.0119424116321805,-0.00601983656125474));
#4747=CARTESIAN_POINT('',(0.0539046618266052,0.0114747776277239,-0.00613890869336553));
#4748=CARTESIAN_POINT('',(0.0534701931514076,0.0102528842170937,-0.00552575554736388));
#4749=CARTESIAN_POINT('',(0.0553149860799295,0.0110690140871036,-0.00696226661429983));
#4750=CARTESIAN_POINT('',(0.0545307816198876,0.0106105972911466,-0.00700379888996684));
#4751=CARTESIAN_POINT('',(0.0540552134652653,0.00993974712138551,-0.00661261243046247));
#4752=CARTESIAN_POINT('',(0.055513977944318,0.010020956286107,-0.00757535564233029));
#4753=CARTESIAN_POINT('',(0.0551719034521604,0.00975753043651844,-0.00752922516282058));
#4754=CARTESIAN_POINT('',(0.054867847319451,0.00947738223896195,-0.00739570627390294));
#4755=CARTESIAN_POINT('',(0.0557194344812063,0.00925684944922547,-0.00775951157798599));
#4756=CARTESIAN_POINT('',(0.0556129671905132,0.009170182573623,-0.00772977703297484));
#4757=CARTESIAN_POINT('',(0.0555064460293204,0.00908351580135904,-0.00770023575241462));
#4758=CARTESIAN_POINT('',(0.0558362548257033,0.00887432465327746,-0.00779202330480626));
#4759=CARTESIAN_POINT('',(0.0558362548257032,0.00887432465327746,-0.00779202330480625));
#4760=CARTESIAN_POINT('',(0.0558362548257032,0.00887432465327747,-0.00779202330480624));
#4761=CARTESIAN_POINT('',(0.0558327103375496,0.0100050686070686,-0.00418568686408749));
#4762=CARTESIAN_POINT('',(0.0533223933200829,0.0103922487612829,-0.00418568686409991));
#4763=CARTESIAN_POINT('',(0.0535946344149993,0.0121573481497153,-0.00462552896783637));
#4764=CARTESIAN_POINT('',(0.0554066705633295,0.01244168034882,-0.00476275993635945));
#4765=CARTESIAN_POINT('',(0.0533239335031318,0.0104022346752705,-0.00408476532861065));
#4766=CARTESIAN_POINT('',(0.0535976271649013,0.0122453209364506,-0.00438379176642883));
#4767=CARTESIAN_POINT('',(0.0554568546664748,0.0125196382550045,-0.00447064315998993));
#4768=CARTESIAN_POINT('',(0.0533246209119551,0.01040711697038,-0.00398230787951443));
#4769=CARTESIAN_POINT('',(0.0536013393123517,0.0123099764381144,-0.00413492313150042));
#4770=CARTESIAN_POINT('',(0.0555078223942127,0.012560558160261,-0.00417586082539252));
#4771=CARTESIAN_POINT('',(0.0533246209121369,0.0104071169716302,-0.00387839950476232));
#4772=CARTESIAN_POINT('',(0.0536073149381631,0.0123510679881623,-0.0038783995047654));
#4773=CARTESIAN_POINT('',(0.0555598870534742,0.0125662971719103,-0.00387839950476618));
#4774=CARTESIAN_POINT('',(0.0558381819751592,0.0100415888844923,-0.00387839950476216));
#4775=CARTESIAN_POINT('',(0.0558381819751532,0.0100415888844902,-0.00387839950476257));
#4776=CARTESIAN_POINT('',(0.0533246209121369,0.0104071169716302,0.00653080602209909));
#4777=CARTESIAN_POINT('',(0.0534241044506581,0.0110912174761756,0.00634951115648192));
#4778=CARTESIAN_POINT('',(0.0541157950296014,0.0121322003566218,0.00552912199496622));
#4779=CARTESIAN_POINT('',(0.0550705194332468,0.012512354891045,0.00452391048994532));
#4780=CARTESIAN_POINT('',(0.0555598870534752,0.0125662971719104,0.00402430469275445));
#4781=CARTESIAN_POINT('',(0.0953407202564266,0.0056176171528023,-0.01016));
#4782=CARTESIAN_POINT('',(0.0953407202564266,0.0056176171528023,-0.0127));
#4783=CARTESIAN_POINT('',(0.0958522032401168,0.0056176171528023,-0.0127));
#4784=CARTESIAN_POINT('',(0.0968737893347566,0.0056176171528023,-0.0123814895730403));
#4785=CARTESIAN_POINT('',(0.0978645756915903,0.0056176171528023,-0.0111173954062498));
#4786=CARTESIAN_POINT('',(0.0979614589404732,0.0056176171528023,-0.00951420942094202));
#4787=CARTESIAN_POINT('',(0.0974081439304633,0.0056176171528023,-0.00859827845163192));
#4788=CARTESIAN_POINT('',(0.097025345892213,0.0056176171528023,-0.00825904327580788));
#4789=CARTESIAN_POINT('',(0.0953407202564266,0.0056176171528023,-0.01016));
#4790=CARTESIAN_POINT('',(0.0529991881464616,0.00970266662488658,0.00662475135814749));
#4791=CARTESIAN_POINT('',(0.0526884058681773,0.0122301711709843,0.00663130655871645));
#4792=CARTESIAN_POINT('',(0.0526355048904208,0.0122236635661501,0.00408531618887478));
#4793=CARTESIAN_POINT('',(0.0545735814629254,0.009896340352514,0.00659154333862707));
#4794=CARTESIAN_POINT('',(0.0542627991846405,0.0124238448986055,0.00659809853919));
#4795=CARTESIAN_POINT('',(0.0542098982068847,0.0124173372937762,0.00405210816935157));
#4796=CARTESIAN_POINT('',(0.0577264687995282,0.0102556932347787,0.00652504080515929));
#4797=CARTESIAN_POINT('',(0.057476643052417,0.0127890883750123,0.00653031027512347));
#4798=CARTESIAN_POINT('',(0.0574240423495913,0.0127839136656008,0.00398560563589103));
#4799=CARTESIAN_POINT('',(0.0608864068486323,0.0105340919449966,0.00645838955396265));
#4800=CARTESIAN_POINT('',(0.0606748440088297,0.0130698603219725,0.00646285196042597));
#4801=CARTESIAN_POINT('',(0.0606217197011958,0.0130654275329823,0.00391895438468384));
#4802=CARTESIAN_POINT('',(0.062466746719473,0.0106501472138865,0.00642505610625871));
#4803=CARTESIAN_POINT('',(0.0622805130256906,0.0131872441805566,0.00642898425564414));
#4804=CARTESIAN_POINT('',(0.0622271546877132,0.0131833257093664,0.003885620936986));
#4805=CARTESIAN_POINT('',(0.0624131834759111,0.0106501472138865,0.003885620936986));
#4806=CARTESIAN_POINT('',(0.096955582922577,0.00757818303271392,-0.0101599999999925));
#4807=CARTESIAN_POINT('',(0.0976615759159722,0.00699667657109021,-0.00882286958213101));
#4808=CARTESIAN_POINT('',(0.0970253458922044,0.0056176171528092,-0.00825904327580021));
#4809=CARTESIAN_POINT('',(0.0957473599848859,0.00857336209528592,-0.00926330931945014));
#4810=CARTESIAN_POINT('',(0.096562880439303,0.00802286526591654,-0.00782953774327652));
#4811=CARTESIAN_POINT('',(0.0959812766942449,0.00645104044131033,-0.00733379036812835));
#4812=CARTESIAN_POINT('',(0.0932470755786089,0.0100611164087226,-0.00743746507379177));
#4813=CARTESIAN_POINT('',(0.0942202714338157,0.00960056089339687,-0.00581998489122068));
#4814=CARTESIAN_POINT('',(0.0937430823709295,0.0077498358714124,-0.00544642922710684));
#4815=CARTESIAN_POINT('',(0.0893194815506678,0.0115422844298976,-0.00478246205311702));
#4816=CARTESIAN_POINT('',(0.0904198365590663,0.011215255280255,-0.00295106718709703));
#4817=CARTESIAN_POINT('',(0.0900346520300463,0.00910231302830616,-0.00269005335439117));
#4818=CARTESIAN_POINT('',(0.0851452304998902,0.0125405111424964,-0.00229832970110977));
#4819=CARTESIAN_POINT('',(0.0862436148115021,0.0123396511917818,-0.000260560979802712));
#4820=CARTESIAN_POINT('',(0.0859548668116051,0.0100400664931133,-9.80265842897572E-5));
#4821=CARTESIAN_POINT('',(0.0808562760073491,0.0131604517045123,-0.000160313659476604));
#4822=CARTESIAN_POINT('',(0.0818528335363686,0.0130581268954808,0.00206030742484559));
#4823=CARTESIAN_POINT('',(0.0816616203197885,0.0106328939535528,0.00214505442730789));
#4824=CARTESIAN_POINT('',(0.0764106679752063,0.0134978128691834,0.00159552598509225));
#4825=CARTESIAN_POINT('',(0.0772248812402942,0.0134646406789947,0.00397012158263732));
#4826=CARTESIAN_POINT('',(0.0771360209758913,0.0109592592677929,0.00399680425907068));
#4827=CARTESIAN_POINT('',(0.0701905979622767,0.013627872925699,0.00335640171418686));
#4828=CARTESIAN_POINT('',(0.07066121580978,0.0136466534232422,0.00588495552050997));
#4829=CARTESIAN_POINT('',(0.0707236192271467,0.0110863898707558,0.00586246520703507));
#4830=CARTESIAN_POINT('',(0.065493017926577,0.0134210471767411,0.00388267479412926));
#4831=CARTESIAN_POINT('',(0.0656934701053529,0.0134356067718868,0.00643652638784669));
#4832=CARTESIAN_POINT('',(0.0658200933878594,0.0108841375929206,0.00642256286907538));
#4833=CARTESIAN_POINT('',(0.062332970546466,0.01319106171952,0.00388449214262225));
#4834=CARTESIAN_POINT('',(0.0623344468418176,0.0131911691629918,0.00642459943670767));
#4835=CARTESIAN_POINT('',(0.0625188259109847,0.0106577620492997,0.00642449170907684));
#4836=CARTESIAN_POINT('',(0.0625173418589344,0.0106577620492997,0.00388449214262224));
#4837=CARTESIAN_POINT('',(0.0953407202564266,-1.31489747519959E-19,-0.01016));
#4838=CARTESIAN_POINT('',(0.0970253458922023,-0.00561761715281105,-0.00825904327580774));
#4839=CARTESIAN_POINT('',(0.0974081439304526,-0.00561761715281105,-0.00859827845163175));
#4840=CARTESIAN_POINT('',(0.0979614589404626,-0.00561761715281105,-0.00951420942094184));
#4841=CARTESIAN_POINT('',(0.0978645756915798,-0.00561761715281106,-0.0111173954062497));
#4842=CARTESIAN_POINT('',(0.0968737893347461,-0.00561761715281106,-0.0123814895730402));
#4843=CARTESIAN_POINT('',(0.0958522032401062,-0.00561761715281105,-0.0127));
#4844=CARTESIAN_POINT('',(0.095340720256416,-0.00561761715281105,-0.0127));
#4845=CARTESIAN_POINT('',(0.062332970546466,0.01319106171952,0.00388449214262223));
#4846=CARTESIAN_POINT('',(0.0623344468418175,0.0131911691629918,0.00642459943670765));
#4847=CARTESIAN_POINT('',(0.0625188259109847,0.0106577620492997,0.00642449170907682));
#4848=CARTESIAN_POINT('',(0.0622977505441026,0.013188498438856,0.00388451239750743));
#4849=CARTESIAN_POINT('',(0.062316466061567,0.0131898608616325,0.006425868503296));
#4850=CARTESIAN_POINT('',(0.0625014923211329,0.0106552390025839,0.00642450183661774));
#4851=CARTESIAN_POINT('',(0.0622624787637708,0.0131859198001795,0.00388488750779753));
#4852=CARTESIAN_POINT('',(0.0622984877738385,0.0131885525000202,0.00642732984968433));
#4853=CARTESIAN_POINT('',(0.062484132676006,0.0106527007555548,0.0064246893915516));
#4854=CARTESIAN_POINT('',(0.0622271546877132,0.0131833257093664,0.003885620936986));
#4855=CARTESIAN_POINT('',(0.0622805130256906,0.0131872441805566,0.00642898425564413));
#4856=CARTESIAN_POINT('',(0.062466746719473,0.0106501472138865,0.00642505610625871));
#4857=CARTESIAN_POINT('',(0.062466746719473,0.0106501472138865,0.00642505610625871));
#4858=CARTESIAN_POINT('',(0.0624841029285355,0.0106526963864343,0.00642469001900255));
#4859=CARTESIAN_POINT('',(0.0625014626558132,0.010655234684549,0.0064245018539504));
#4860=CARTESIAN_POINT('',(0.0625188259109847,0.0106577620492997,0.00642449170907684));
#4861=CARTESIAN_POINT('',(0.095340720256416,-0.00561761715281105,-0.01016));
#4862=CARTESIAN_POINT('',(0.095340720256416,-0.00561761715281105,-0.01016));
#4863=CARTESIAN_POINT('',(0.0625203099630349,4.16334792578609E-17,0.00896449127553143));
#4864=CARTESIAN_POINT('',(0.0625188259109847,-0.0106577620492997,0.00642449170907684));
#4865=CARTESIAN_POINT('',(0.0625014626558132,-0.010655234684549,0.0064245018539504));
#4866=CARTESIAN_POINT('',(0.0624841029285354,-0.0106526963864342,0.00642469001900256));
#4867=CARTESIAN_POINT('',(0.062466746719473,-0.0106501472138865,0.00642505610625872));
#4868=CARTESIAN_POINT('',(0.0970253458921969,-0.0056176171528152,-0.0082590432757936));
#4869=CARTESIAN_POINT('',(0.0976615759159645,-0.00699667657109745,-0.00882286958212406));
#4870=CARTESIAN_POINT('',(0.0969555829225684,-0.00757818303272107,-0.0101599999999861));
#4871=CARTESIAN_POINT('',(0.0959812766940958,-0.00645104044126095,-0.00733379036799649));
#4872=CARTESIAN_POINT('',(0.096562880439249,-0.00802286526584767,-0.00782953774315376));
#4873=CARTESIAN_POINT('',(0.0957473599847954,-0.00857336209535892,-0.00926330931935862));
#4874=CARTESIAN_POINT('',(0.0937430823709876,-0.007749835871441,-0.00544642922715894));
#4875=CARTESIAN_POINT('',(0.0942202714338383,-0.00960056089343143,-0.00581998489127727));
#4876=CARTESIAN_POINT('',(0.0932470755786386,-0.0100611164086952,-0.00743746507382543));
#4877=CARTESIAN_POINT('',(0.0900346520300212,-0.00910231302830135,-0.0026900533543707));
#4878=CARTESIAN_POINT('',(0.0904198365590468,-0.0112152552802504,-0.00295106718707166));
#4879=CARTESIAN_POINT('',(0.0893194815506501,-0.011542284429908,-0.00478246205310177));
#4880=CARTESIAN_POINT('',(0.085954866811605,-0.0100400664931165,-9.80265842903438E-5));
#4881=CARTESIAN_POINT('',(0.0862436148115006,-0.0123396511917849,-0.000260560979805217));
#4882=CARTESIAN_POINT('',(0.0851452304998873,-0.0125405111424954,-0.00229832970110911));
#4883=CARTESIAN_POINT('',(0.0816616203197761,-0.0106328939535519,0.00214505442731151));
#4884=CARTESIAN_POINT('',(0.0818528335363595,-0.0130581268954808,0.00206030742484973));
#4885=CARTESIAN_POINT('',(0.0808562760073401,-0.0131604517045132,-0.000160313659473668));
#4886=CARTESIAN_POINT('',(0.0771360209759086,-0.0109592592677968,0.00399680425907178));
#4887=CARTESIAN_POINT('',(0.0772248812402999,-0.0134646406789958,0.00397012158263876));
#4888=CARTESIAN_POINT('',(0.0764106679752136,-0.0134978128691842,0.00159552598509407));
#4889=CARTESIAN_POINT('',(0.0707236192270319,-0.0110863898707361,0.00586246520703562));
#4890=CARTESIAN_POINT('',(0.0706612158097139,-0.0136466534232381,0.00588495552051153));
#4891=CARTESIAN_POINT('',(0.0701905979622155,-0.0136278729256947,0.00335640171418363));
#4892=CARTESIAN_POINT('',(0.0658200933883561,-0.0108841375930071,0.00642256286907511));
#4893=CARTESIAN_POINT('',(0.0656934701056765,-0.013435606771906,0.00643652638783775));
#4894=CARTESIAN_POINT('',(0.0654930179268372,-0.0134210471767601,0.00388267479414549));
#4895=CARTESIAN_POINT('',(0.0625188259109847,-0.0106577620492997,0.00642449170907684));
#4896=CARTESIAN_POINT('',(0.0623344468418175,-0.0131911691629918,0.00642459943670767));
#4897=CARTESIAN_POINT('',(0.062332970546466,-0.01319106171952,0.00388449214262225));
#4898=CARTESIAN_POINT('',(0.0625173418589345,-0.0106577620492997,0.00388449214262224));
#4899=CARTESIAN_POINT('',(0.0625188259109847,-0.0106577620492997,0.00642449170907682));
#4900=CARTESIAN_POINT('',(0.0623344468418175,-0.0131911691629918,0.00642459943670765));
#4901=CARTESIAN_POINT('',(0.062332970546466,-0.01319106171952,0.00388449214262225));
#4902=CARTESIAN_POINT('',(0.0625014354054993,-0.0106552307180317,0.00642450186987199));
#4903=CARTESIAN_POINT('',(0.0623164070062216,-0.0131898565647018,0.00642587267159919));
#4904=CARTESIAN_POINT('',(0.0622976348976187,-0.013188490022207,0.00388451246444312));
#4905=CARTESIAN_POINT('',(0.0624840757775783,-0.0106526923986796,0.00642469059168633));
#4906=CARTESIAN_POINT('',(0.0622984289632881,-0.0131885482194056,0.00642733526240853));
#4907=CARTESIAN_POINT('',(0.062262363159859,-0.0131859113105861,0.00388488990763869));
#4908=CARTESIAN_POINT('',(0.062466746719473,-0.0106501472138865,0.00642505610625872));
#4909=CARTESIAN_POINT('',(0.0622805130256906,-0.0131872441805566,0.00642898425564414));
#4910=CARTESIAN_POINT('',(0.0622271546877132,-0.0131833257093664,0.00388562093698601));
#4911=CARTESIAN_POINT('',(0.0624131834759111,-0.0106501472138865,0.003885620936986));
#4912=CARTESIAN_POINT('',(0.0526355048904208,-0.0122236635661501,0.00408531618887477));
#4913=CARTESIAN_POINT('',(0.0526884058681774,-0.0122301711709843,0.00663130655871645));
#4914=CARTESIAN_POINT('',(0.0529991881464616,-0.00970266662488658,0.00662475135814748));
#4915=CARTESIAN_POINT('',(0.0542098982069064,-0.0124173372937788,0.00405210816935982));
#4916=CARTESIAN_POINT('',(0.0542627991846249,-0.0124238448985997,0.00659809853920753));
#4917=CARTESIAN_POINT('',(0.0545735814629471,-0.009896340352514,0.00659154333862661));
#4918=CARTESIAN_POINT('',(0.0574240423495943,-0.0127839136656004,0.0039856056358869));
#4919=CARTESIAN_POINT('',(0.0574766430524451,-0.0127890883750203,0.00653031027512073));
#4920=CARTESIAN_POINT('',(0.0577264687995311,-0.0102556932347814,0.00652504080515924));
#4921=CARTESIAN_POINT('',(0.0606217197011681,-0.0130654275329803,0.00391895438468384));
#4922=CARTESIAN_POINT('',(0.0606748440087853,-0.0130698603219621,0.00646285196041403));
#4923=CARTESIAN_POINT('',(0.0608864068486049,-0.0105340919449911,0.00645838955396323));
#4924=CARTESIAN_POINT('',(0.0622271546877132,-0.0131833257093664,0.003885620936986));
#4925=CARTESIAN_POINT('',(0.0622805130256906,-0.0131872441805566,0.00642898425564414));
#4926=CARTESIAN_POINT('',(0.0624667467194731,-0.0106501472138865,0.00642505610625871));
#4927=CARTESIAN_POINT('',(0.0533246209121369,-0.0104071169716301,0.00653080602209909));
#4928=CARTESIAN_POINT('',(0.0534241044506581,-0.0110912174761756,0.00634951115648193));
#4929=CARTESIAN_POINT('',(0.0541157950296118,-0.012132200356623,0.00552912199497651));
#4930=CARTESIAN_POINT('',(0.0550705194332261,-0.0125123548910427,0.00452391048992476));
#4931=CARTESIAN_POINT('',(0.0555598870534752,-0.0125662971719104,0.00402430469275444));
#4932=CARTESIAN_POINT('',(0.0558381819751532,-0.0100415888844902,-0.0038783995047632));
#4933=CARTESIAN_POINT('',(0.0558381819751532,-0.0100415888844902,-0.00387839950476116));
#4934=CARTESIAN_POINT('',(0.0554066705633315,-0.0124416803488202,-0.00476275993636023));
#4935=CARTESIAN_POINT('',(0.0535946344149995,-0.0121573481497167,-0.00462552896783728));
#4936=CARTESIAN_POINT('',(0.0533223933200829,-0.0103922487612828,-0.00418568686410016));
#4937=CARTESIAN_POINT('',(0.0554568546661441,-0.0125196382549488,-0.00447064315998104));
#4938=CARTESIAN_POINT('',(0.0535976271648636,-0.0122453209361969,-0.00438379176639105));
#4939=CARTESIAN_POINT('',(0.053323933503132,-0.0104022346752715,-0.00408476532861044));
#4940=CARTESIAN_POINT('',(0.0555078223940587,-0.0125605581602438,-0.00417586082475884));
#4941=CARTESIAN_POINT('',(0.053601339312334,-0.0123099764379941,-0.00413492313095378));
#4942=CARTESIAN_POINT('',(0.0533246209119555,-0.010407116970383,-0.00398230787932255));
#4943=CARTESIAN_POINT('',(0.0555598870534755,-0.0125662971719104,-0.00387839950476846));
#4944=CARTESIAN_POINT('',(0.0536073149381632,-0.0123510679881634,-0.00387839950476735));
#4945=CARTESIAN_POINT('',(0.0533246209121369,-0.0104071169716301,-0.00387839950476293));
#4946=CARTESIAN_POINT('',(0.0558327103375498,-0.0100050686070701,-0.00418568686408769));
#4947=CARTESIAN_POINT('',(0.0533223933200832,-0.0103922487612842,-0.00418568686408747));
#4948=CARTESIAN_POINT('',(0.0535946344149992,-0.0121573481497227,-0.0046255289678052));
#4949=CARTESIAN_POINT('',(0.055406670563331,-0.0124416803488291,-0.00476275993632215));
#4950=CARTESIAN_POINT('',(0.0533174521582509,-0.0103602122984168,-0.00464819773985369));
#4951=CARTESIAN_POINT('',(0.0536241895051793,-0.0119803940130367,-0.00520640132179699));
#4952=CARTESIAN_POINT('',(0.0553305774551479,-0.0123234743783661,-0.00520569061052027));
#4953=CARTESIAN_POINT('',(0.0534701931513294,-0.010252884216579,-0.0055257555471879));
#4954=CARTESIAN_POINT('',(0.0539046618263788,-0.0114747776274439,-0.00613890869306092));
#4955=CARTESIAN_POINT('',(0.0552529882156182,-0.0119424116321634,-0.00601983656119446));
#4956=CARTESIAN_POINT('',(0.0540552134652846,-0.00993974712152832,-0.00661261243050983));
#4957=CARTESIAN_POINT('',(0.0545307816197546,-0.0106105972912326,-0.00700379889070425));
#4958=CARTESIAN_POINT('',(0.0553149860799754,-0.0110690140871173,-0.00696226661431697));
#4959=CARTESIAN_POINT('',(0.0548678473194542,-0.00947738223890436,-0.00739570627389212));
#4960=CARTESIAN_POINT('',(0.0551719034528521,-0.00975753043645956,-0.00752922516024943));
#4961=CARTESIAN_POINT('',(0.0555139779442998,-0.0100209562860662,-0.00757535564232424));
#4962=CARTESIAN_POINT('',(0.0555064460293023,-0.00908351580139733,-0.00770023575240962));
#4963=CARTESIAN_POINT('',(0.055612967189003,-0.00917018257369863,-0.00772977703845667));
#4964=CARTESIAN_POINT('',(0.0557194344812188,-0.00925684944930941,-0.00775951157798956));
#4965=CARTESIAN_POINT('',(0.0558362548257034,-0.00887432465327712,-0.0077920233048063));
#4966=CARTESIAN_POINT('',(0.0558362548257033,-0.00887432465327686,-0.00779202330480629));
#4967=CARTESIAN_POINT('',(0.0558362548257033,-0.00887432465327661,-0.00779202330480628));
#4968=MECHANICAL_DESIGN_GEOMETRIC_PRESENTATION_REPRESENTATION('',(#1823),
#4969);
#4969=(
GEOMETRIC_REPRESENTATION_CONTEXT(3)
GLOBAL_UNCERTAINTY_ASSIGNED_CONTEXT((#4970))
GLOBAL_UNIT_ASSIGNED_CONTEXT((#4973,#4972,#4971))
REPRESENTATION_CONTEXT('Part 1','TOP_LEVEL_ASSEMBLY_PART')
);
#4970=UNCERTAINTY_MEASURE_WITH_UNIT(LENGTH_MEASURE(2.E-5),#4973,
'DISTANCE_ACCURACY_VALUE','Maximum Tolerance applied to model');
#4971=(
NAMED_UNIT(*)
SI_UNIT($,.STERADIAN.)
SOLID_ANGLE_UNIT()
);
#4972=(
NAMED_UNIT(*)
PLANE_ANGLE_UNIT()
SI_UNIT($,.RADIAN.)
);
#4973=(
LENGTH_UNIT()
NAMED_UNIT(*)
SI_UNIT($,.METRE.)
);
#4974=PRODUCT_DEFINITION_SHAPE('','',#4975);
#4975=PRODUCT_DEFINITION('','',#4977,#4976);
#4976=PRODUCT_DEFINITION_CONTEXT('',#4983,'design');
#4977=PRODUCT_DEFINITION_FORMATION_WITH_SPECIFIED_SOURCE('','',#4979,
 .NOT_KNOWN.);
#4978=PRODUCT_RELATED_PRODUCT_CATEGORY('','',(#4979));
#4979=PRODUCT('Part 1','Part 1','Part 1',(#4981));
#4980=PRODUCT_CATEGORY('','');
#4981=PRODUCT_CONTEXT('',#4983,'mechanical');
#4982=APPLICATION_PROTOCOL_DEFINITION('international standard',
'ap242_managed_model_based_3d_engineering',2020,#4983);
#4983=APPLICATION_CONTEXT('managed model based 3d engineering');
ENDSEC;
END-ISO-10303-21;
