ISO-10303-21;
HEADER;
/* Generated by software containing ST-Developer
 * from STEP Tools, Inc. (www.steptools.com) 
 */
/* OPTION: using custom renumber hook */

FILE_DESCRIPTION(
/* description */ ('STEP AP242 Edition 2',
'CAx-IF Rec.Pracs.---Representation and Presentation of Product Manufa
cturing Information (PMI)---4.0---2014-10-13',
'CAx-IF Rec.Pracs.---3D Tessellated Geometry---0.4---2014-09-14','2;1',
'CAx-IF Rec.Pracs.---User Defined Attributes---1.5---2016-08-15'),
/* implementation_level */ '2;1');

FILE_NAME(
/* name */ 'ultra exo',
/* time_stamp */ '2026-08-04T01:13:26Z',
/* author */ (''),
/* organization */ (''),
/* preprocessor_version */ 'ST-DEVELOPER v20',
/* originating_system */ 'ONSHAPE BY PTC INC, 1.218',
/* authorisation */ '  ');

FILE_SCHEMA (('AP242_MANAGED_MODEL_BASED_3D_ENGINEERING_MIM_LF { 1 0 10303 442 3 1 4 }'));
ENDSEC;

DATA;
#10=SHAPE_REPRESENTATION_RELATIONSHIP('','',#1785,#11);
#11=ADVANCED_BREP_SHAPE_REPRESENTATION('',(#1783),#5178);
#12=ELLIPSE('',#1796,0.0309574764250892,0.00408465641147445);
#13=ELLIPSE('',#1800,0.0309574764250888,0.00408465641147433);
#14=ELLIPSE('',#1802,0.00508112991271813,0.00508);
#15=ELLIPSE('',#1803,0.00508112991271813,0.00508);
#16=ELLIPSE('',#1844,0.00254225907214802,0.00254);
#17=ELLIPSE('',#1852,0.00254225907214802,0.00254);
#18=CYLINDRICAL_SURFACE('',#1791,0.00803984117586372);
#19=CYLINDRICAL_SURFACE('',#1805,0.001651);
#20=CYLINDRICAL_SURFACE('',#1806,0.001651);
#21=CYLINDRICAL_SURFACE('',#1807,0.001651);
#22=CYLINDRICAL_SURFACE('',#1808,0.001651);
#23=CYLINDRICAL_SURFACE('',#1809,0.001651);
#24=CYLINDRICAL_SURFACE('',#1810,0.001651);
#25=CYLINDRICAL_SURFACE('',#1811,0.001651);
#26=CYLINDRICAL_SURFACE('',#1812,0.0036792614690566);
#27=CYLINDRICAL_SURFACE('',#1815,0.0036792614690566);
#28=CYLINDRICAL_SURFACE('',#1818,0.00381);
#29=CYLINDRICAL_SURFACE('',#1819,0.00381);
#30=CYLINDRICAL_SURFACE('',#1820,0.01524);
#31=CYLINDRICAL_SURFACE('',#1821,0.00803984117586372);
#32=CYLINDRICAL_SURFACE('',#1828,0.008128);
#33=CYLINDRICAL_SURFACE('',#1831,0.00265372805297649);
#34=CYLINDRICAL_SURFACE('',#1833,0.00157795018603124);
#35=CYLINDRICAL_SURFACE('',#1834,0.00307764222255889);
#36=CYLINDRICAL_SURFACE('',#1839,0.00254);
#37=CYLINDRICAL_SURFACE('',#1840,0.00254);
#38=CYLINDRICAL_SURFACE('',#1843,0.00254);
#39=CYLINDRICAL_SURFACE('',#1848,0.00254);
#40=CYLINDRICAL_SURFACE('',#1853,0.00254);
#41=CIRCLE('',#1788,0.0036792614690566);
#42=CIRCLE('',#1789,0.00803984117586372);
#43=CIRCLE('',#1790,0.0036792614690566);
#44=CIRCLE('',#1792,0.00803984117586372);
#45=CIRCLE('',#1813,0.0036792614690566);
#46=CIRCLE('',#1814,0.0036792614690566);
#47=CIRCLE('',#1816,0.0036792614690566);
#48=CIRCLE('',#1817,0.0036792614690566);
#49=CIRCLE('',#1822,0.00803984117586372);
#50=CIRCLE('',#1824,0.008128);
#51=CIRCLE('',#1825,0.008128);
#52=CIRCLE('',#1826,0.008128);
#53=CIRCLE('',#1827,0.008128);
#54=CIRCLE('',#1835,0.00254);
#55=CIRCLE('',#1836,0.00254);
#56=CIRCLE('',#1837,0.00254);
#57=CIRCLE('',#1838,0.00254);
#58=CIRCLE('',#1841,0.00254);
#59=CIRCLE('',#1842,0.00254);
#60=CIRCLE('',#1845,0.00254);
#61=CIRCLE('',#1846,0.00254);
#62=CIRCLE('',#1847,0.00254);
#63=CIRCLE('',#1849,0.00254);
#64=CIRCLE('',#1850,0.00254);
#65=CIRCLE('',#1851,0.00254);
#66=CIRCLE('',#1854,0.00254);
#67=CIRCLE('',#1855,0.00254);
#68=PLANE('',#1787);
#69=PLANE('',#1793);
#70=PLANE('',#1794);
#71=PLANE('',#1795);
#72=PLANE('',#1797);
#73=PLANE('',#1798);
#74=PLANE('',#1799);
#75=PLANE('',#1801);
#76=PLANE('',#1804);
#77=PLANE('',#1823);
#78=PLANE('',#1829);
#79=PLANE('',#1830);
#80=PLANE('',#1832);
#81=LINE('',#2307,#133);
#82=LINE('',#2326,#134);
#83=LINE('',#2366,#135);
#84=LINE('',#2407,#136);
#85=LINE('',#2412,#137);
#86=LINE('',#2416,#138);
#87=LINE('',#2420,#139);
#88=LINE('',#2470,#140);
#89=LINE('',#2484,#141);
#90=LINE('',#2522,#142);
#91=LINE('',#2570,#143);
#92=LINE('',#2594,#144);
#93=LINE('',#2617,#145);
#94=LINE('',#2619,#146);
#95=LINE('',#2632,#147);
#96=LINE('',#2640,#148);
#97=LINE('',#2679,#149);
#98=LINE('',#2776,#150);
#99=LINE('',#2822,#151);
#100=LINE('',#2829,#152);
#101=LINE('',#2831,#153);
#102=LINE('',#2849,#154);
#103=LINE('',#2853,#155);
#104=LINE('',#2912,#156);
#105=LINE('',#2927,#157);
#106=LINE('',#2945,#158);
#107=LINE('',#2971,#159);
#108=LINE('',#2986,#160);
#109=LINE('',#3007,#161);
#110=LINE('',#3054,#162);
#111=LINE('',#3088,#163);
#112=LINE('',#3124,#164);
#113=LINE('',#3143,#165);
#114=LINE('',#3151,#166);
#115=LINE('',#3198,#167);
#116=LINE('',#3208,#168);
#117=LINE('',#3211,#169);
#118=LINE('',#3212,#170);
#119=LINE('',#3397,#171);
#120=LINE('',#3451,#172);
#121=LINE('',#4127,#173);
#122=LINE('',#4151,#174);
#123=LINE('',#4153,#175);
#124=LINE('',#4154,#176);
#125=LINE('',#4155,#177);
#126=LINE('',#4475,#178);
#127=LINE('',#4482,#179);
#128=LINE('',#4484,#180);
#129=LINE('',#4510,#181);
#130=LINE('',#4523,#182);
#131=LINE('',#4535,#183);
#132=LINE('',#4542,#184);
#133=VECTOR('',#1858,1.);
#134=VECTOR('',#1859,1.);
#135=VECTOR('',#1860,1.);
#136=VECTOR('',#1861,1.);
#137=VECTOR('',#1866,1.);
#138=VECTOR('',#1869,1.);
#139=VECTOR('',#1872,1.);
#140=VECTOR('',#1879,1.);
#141=VECTOR('',#1880,1.);
#142=VECTOR('',#1883,1.);
#143=VECTOR('',#1884,1.);
#144=VECTOR('',#1885,1.);
#145=VECTOR('',#1888,1.);
#146=VECTOR('',#1889,1.);
#147=VECTOR('',#1894,1.);
#148=VECTOR('',#1895,1.);
#149=VECTOR('',#1896,1.);
#150=VECTOR('',#1897,1.);
#151=VECTOR('',#1900,1.);
#152=VECTOR('',#1901,1.);
#153=VECTOR('',#1902,1.);
#154=VECTOR('',#1905,1.);
#155=VECTOR('',#1908,1.);
#156=VECTOR('',#1909,1.);
#157=VECTOR('',#1910,1.);
#158=VECTOR('',#1911,1.);
#159=VECTOR('',#1912,1.);
#160=VECTOR('',#1913,1.);
#161=VECTOR('',#1914,1.);
#162=VECTOR('',#1915,1.);
#163=VECTOR('',#1916,1.);
#164=VECTOR('',#1917,1.);
#165=VECTOR('',#1922,1.);
#166=VECTOR('',#1925,1.);
#167=VECTOR('',#1926,1.);
#168=VECTOR('',#1929,1.);
#169=VECTOR('',#1930,1.);
#170=VECTOR('',#1931,1.);
#171=VECTOR('',#1950,1.);
#172=VECTOR('',#1955,1.);
#173=VECTOR('',#1968,1.);
#174=VECTOR('',#1971,1.);
#175=VECTOR('',#1974,1.);
#176=VECTOR('',#1975,1.);
#177=VECTOR('',#1976,1.);
#178=VECTOR('',#1987,1.);
#179=VECTOR('',#1990,1.);
#180=VECTOR('',#1993,1.);
#181=VECTOR('',#1996,1.);
#182=VECTOR('',#1997,1.);
#183=VECTOR('',#2000,1.);
#184=VECTOR('',#2001,1.);
#185=B_SPLINE_CURVE_WITH_KNOTS('',3,(#2301,#2302,#2303,#2304),
 .UNSPECIFIED.,.F.,.F.,(4,4),(0.,0.000378296448208876),.UNSPECIFIED.);
#186=B_SPLINE_CURVE_WITH_KNOTS('',3,(#2309,#2310,#2311,#2312,#2313,#2314,
#2315,#2316,#2317,#2318,#2319,#2320,#2321,#2322,#2323,#2324),
 .UNSPECIFIED.,.F.,.F.,(4,1,1,1,1,1,1,1,1,1,1,1,1,4),(0.,0.00240987671920367,
0.00481975343840734,0.00722963015761102,0.00963950687681469,0.0120493835960184,
0.014459260315222,0.0192790137536294,0.0240987671920367,0.0289185206304441,
0.0313283973496477,0.0337382740688514,0.0361481507880551,0.0385580275072588),
 .UNSPECIFIED.);
#187=B_SPLINE_CURVE_WITH_KNOTS('',3,(#2328,#2329,#2330,#2331,#2332,#2333,
#2334,#2335,#2336,#2337,#2338),.UNSPECIFIED.,.F.,.F.,(4,1,1,1,1,1,1,1,4),
(0.,0.00446534201274747,0.00893068402549494,0.0133960260382424,0.0178613680509899,
0.0223267100637373,0.0267920520764848,0.0312573940892323,0.0357227361019797),
 .UNSPECIFIED.);
#188=B_SPLINE_CURVE_WITH_KNOTS('',3,(#2347,#2348,#2349,#2350),
 .UNSPECIFIED.,.F.,.F.,(4,4),(0.00301967118613109,0.00791886801827105),
 .UNSPECIFIED.);
#189=B_SPLINE_CURVE_WITH_KNOTS('',3,(#2353,#2354,#2355,#2356,#2357,#2358,
#2359),.UNSPECIFIED.,.F.,.F.,(4,1,1,1,4),(0.0308822371920913,0.0336046925858102,
0.0363271479795291,0.0390496033732479,0.0417720587669669),.UNSPECIFIED.);
#190=B_SPLINE_CURVE_WITH_KNOTS('',3,(#2361,#2362,#2363,#2364),
 .UNSPECIFIED.,.F.,.F.,(4,4),(0.00115630857912628,0.0078207531135294),
 .UNSPECIFIED.);
#191=B_SPLINE_CURVE_WITH_KNOTS('',3,(#2368,#2369,#2370,#2371),
 .UNSPECIFIED.,.F.,.F.,(4,4),(-6.00000000222618E-8,0.00301561947991192),
 .UNSPECIFIED.);
#192=B_SPLINE_CURVE_WITH_KNOTS('',3,(#2380,#2381,#2382,#2383),
 .UNSPECIFIED.,.F.,.F.,(4,4),(-6.00000000040522E-8,0.0120292182454218),
 .UNSPECIFIED.);
#193=B_SPLINE_CURVE_WITH_KNOTS('',3,(#2386,#2387,#2388,#2389,#2390,#2391,
#2392,#2393,#2394),.UNSPECIFIED.,.F.,.F.,(4,1,1,1,1,1,4),(0.00986589730368732,
0.0141209555520606,0.0162484846762472,0.0183760138004339,0.0205035429246205,
0.0226310720488071,0.0268861302971804),.UNSPECIFIED.);
#194=B_SPLINE_CURVE_WITH_KNOTS('',3,(#2396,#2397,#2398,#2399),
 .UNSPECIFIED.,.F.,.F.,(4,4),(-0.00653703935158783,-0.00430122816703141),
 .UNSPECIFIED.);
#195=B_SPLINE_CURVE_WITH_KNOTS('',3,(#2401,#2402,#2403,#2404,#2405),
 .UNSPECIFIED.,.F.,.F.,(4,1,4),(0.,0.00571781540331435,0.0114356308066287),
 .UNSPECIFIED.);
#196=B_SPLINE_CURVE_WITH_KNOTS('',3,(#2422,#2423,#2424,#2425,#2426,#2427,
#2428,#2429,#2430,#2431,#2432,#2433,#2434,#2435,#2436,#2437,#2438,#2439,
#2440),.UNSPECIFIED.,.T.,.F.,(1,1,1,1,1,1,1,1,1,1,1,1,1,1,1,1,1,1,1,1,1,
1,1),(-0.00275352055537626,-0.00183568037025084,-0.000917840185125416,7.31671200880819E-18,
0.000917840185125431,0.00183568037025085,0.00275352055537628,0.0036713607405017,
0.00458920092562713,0.00550704111075255,0.00642488129587797,0.0073427214810034,
0.00826056166612882,0.00917840185125424,0.0100962420363797,0.0110140822215051,
0.0119319224066305,0.0128497625917559,0.0137676027768814,0.0146854429620068,
0.0156032831471322,0.0165211233322576,0.0174389635173831),.UNSPECIFIED.);
#197=B_SPLINE_CURVE_WITH_KNOTS('',3,(#2442,#2443,#2444,#2445,#2446,#2447,
#2448),.UNSPECIFIED.,.F.,.F.,(4,1,1,1,4),(0.,0.00172907372116223,0.00345814744232447,
0.0051872211634867,0.00691629488464894),.UNSPECIFIED.);
#198=B_SPLINE_CURVE_WITH_KNOTS('',3,(#2450,#2451,#2452,#2453,#2454,#2455,
#2456,#2457,#2458,#2459,#2460,#2461,#2462,#2463,#2464,#2465,#2466),
 .UNSPECIFIED.,.F.,.F.,(4,1,1,1,1,1,1,1,1,1,1,1,1,1,4),(0.0454467315907661,
0.0502602681888315,0.0526670364878642,0.0550738047868969,0.0574805730859296,
0.0598873413849623,0.062294109683995,0.0647008779830277,0.0695144145810931,
0.0719211828801258,0.0743279511791585,0.0767347194781912,0.0791414877772239,
0.0815482560762566,0.0839550243752893),.UNSPECIFIED.);
#199=B_SPLINE_CURVE_WITH_KNOTS('',3,(#2472,#2473,#2474,#2475,#2476,#2477,
#2478,#2479,#2480,#2481,#2482),.UNSPECIFIED.,.F.,.F.,(4,1,1,1,1,1,1,1,4),
(0.,0.00301198003573901,0.00602396007147802,0.00903594010721704,0.012047920142956,
0.0150599001786951,0.0180718802144341,0.0210838602501731,0.0240958402859121),
 .UNSPECIFIED.);
#200=B_SPLINE_CURVE_WITH_KNOTS('',3,(#2486,#2487,#2488,#2489,#2490,#2491,
#2492,#2493,#2494),.UNSPECIFIED.,.F.,.F.,(4,1,1,1,1,1,4),(0.,0.00301189845815799,
0.00602379691631598,0.00903569537447396,0.012047593832632,0.0180713907489479,
0.0240951876652639),.UNSPECIFIED.);
#201=B_SPLINE_CURVE_WITH_KNOTS('',3,(#2496,#2497,#2498,#2499),
 .UNSPECIFIED.,.F.,.F.,(4,4),(0.,0.00233481709912938),.UNSPECIFIED.);
#202=B_SPLINE_CURVE_WITH_KNOTS('',3,(#2502,#2503,#2504,#2505),
 .UNSPECIFIED.,.F.,.F.,(4,4),(0.000129495776697604,0.00246552782581942),
 .UNSPECIFIED.);
#203=B_SPLINE_CURVE_WITH_KNOTS('',2,(#2507,#2508,#2509,#2510,#2511),
 .UNSPECIFIED.,.F.,.F.,(3,2,3),(-0.01,0.,1.),.PIECEWISE_BEZIER_KNOTS.);
#204=B_SPLINE_CURVE_WITH_KNOTS('',3,(#2513,#2514,#2515,#2516,#2517,#2518,
#2519,#2520),.UNSPECIFIED.,.F.,.F.,(4,1,1,1,1,4),(0.,0.00286136162012922,
0.00572272324025844,0.00858408486038766,0.0100147656704523,0.0114454464805169),
 .UNSPECIFIED.);
#205=B_SPLINE_CURVE_WITH_KNOTS('',3,(#2524,#2525,#2526,#2527,#2528,#2529,
#2530,#2531),.UNSPECIFIED.,.F.,.F.,(4,1,1,1,1,4),(0.,0.00144054778444775,
0.0028810955688955,0.005762191137791,0.00864328670668651,0.011524382275582),
 .UNSPECIFIED.);
#206=B_SPLINE_CURVE_WITH_KNOTS('',2,(#2533,#2534,#2535,#2536,#2537),
 .UNSPECIFIED.,.F.,.F.,(3,2,3),(-0.01,0.,1.),.PIECEWISE_BEZIER_KNOTS.);
#207=B_SPLINE_CURVE_WITH_KNOTS('',3,(#2546,#2547,#2548,#2549),
 .UNSPECIFIED.,.F.,.F.,(4,4),(0.00115630861989747,0.00782075311352949),
 .UNSPECIFIED.);
#208=B_SPLINE_CURVE_WITH_KNOTS('',3,(#2552,#2553,#2554,#2555,#2556,#2557,
#2558),.UNSPECIFIED.,.F.,.F.,(4,1,1,1,4),(0.0326284426836768,0.0353625225363334,
0.03809660238899,0.0408306822416466,0.0435647620943031),.UNSPECIFIED.);
#209=B_SPLINE_CURVE_WITH_KNOTS('',3,(#2560,#2561,#2562,#2563),
 .UNSPECIFIED.,.F.,.F.,(4,4),(0.0155370565645076,0.0204250541600302),
 .UNSPECIFIED.);
#210=B_SPLINE_CURVE_WITH_KNOTS('',3,(#2565,#2566,#2567,#2568),
 .UNSPECIFIED.,.F.,.F.,(4,4),(0.,0.00301567947991195),.UNSPECIFIED.);
#211=B_SPLINE_CURVE_WITH_KNOTS('',3,(#2579,#2580,#2581,#2582,#2583,#2584,
#2585),.UNSPECIFIED.,.F.,.F.,(4,1,1,1,4),(1.05519109601004E-17,0.00143058723526262,
0.00286117447052522,0.00429176170578783,0.00572234894105044),
 .UNSPECIFIED.);
#212=B_SPLINE_CURVE_WITH_KNOTS('',3,(#2587,#2588,#2589,#2590,#2591,#2592),
 .UNSPECIFIED.,.F.,.F.,(4,1,1,4),(0.00385814177581439,0.00688414287122022,
0.00991014396662606,0.0159621461574377),.UNSPECIFIED.);
#213=B_SPLINE_CURVE_WITH_KNOTS('',3,(#2596,#2597,#2598,#2599,#2600,#2601,
#2602),.UNSPECIFIED.,.F.,.F.,(4,1,1,1,4),(0.,0.00398168769028225,0.00796337538056449,
0.0119450630708467,0.015926750761129),.UNSPECIFIED.);
#214=B_SPLINE_CURVE_WITH_KNOTS('',3,(#2604,#2605,#2606,#2607,#2608,#2609),
 .UNSPECIFIED.,.F.,.F.,(4,1,1,4),(8.20524070393639E-7,0.0336221753371174,
0.0504328527436409,0.0672435301501644),.UNSPECIFIED.);
#215=B_SPLINE_CURVE_WITH_KNOTS('',3,(#2612,#2613,#2614,#2615),
 .UNSPECIFIED.,.F.,.F.,(4,4),(2.16840434497101E-18,5.05228788664351E-6),
 .UNSPECIFIED.);
#216=B_SPLINE_CURVE_WITH_KNOTS('',3,(#2622,#2623,#2624,#2625),
 .UNSPECIFIED.,.F.,.F.,(4,4),(5.20417042793042E-18,2.72420573293872E-5),
 .UNSPECIFIED.);
#217=B_SPLINE_CURVE_WITH_KNOTS('',3,(#2627,#2628,#2629,#2630),
 .UNSPECIFIED.,.F.,.F.,(4,4),(1.6536783248745E-15,0.00836544366537207),
 .UNSPECIFIED.);
#218=B_SPLINE_CURVE_WITH_KNOTS('',3,(#2634,#2635,#2636,#2637,#2638),
 .UNSPECIFIED.,.F.,.F.,(4,1,4),(0.,0.0026005306091949,0.00520106121838979),
 .UNSPECIFIED.);
#219=B_SPLINE_CURVE_WITH_KNOTS('',3,(#2655,#2656,#2657,#2658,#2659,#2660,
#2661,#2662,#2663,#2664,#2665),.UNSPECIFIED.,.T.,.F.,(1,1,1,1,1,1,1,1,1,
1,1,1,1,1,1),(-0.00389270225152966,-0.00259513483435267,-0.00129756741717568,
1.31181115179182E-15,0.0012975674171783,0.00259513483435529,0.00389270225153228,
0.00519026966870927,0.00648783708588626,0.00778540450306325,0.00908297192024024,
0.0103805393374172,0.0116781067545942,0.0129756741717712,0.0142732415889482),
 .UNSPECIFIED.);
#220=B_SPLINE_CURVE_WITH_KNOTS('',3,(#2667,#2668,#2669,#2670,#2671,#2672,
#2673,#2674,#2675,#2676,#2677),.UNSPECIFIED.,.T.,.F.,(1,1,1,1,1,1,1,1,1,
1,1,1,1,1,1),(-0.00388255927573069,-0.00258837285048712,-0.00129418642524356,
0.,0.00129418642524356,0.00258837285048712,0.00388255927573068,0.00517674570097425,
0.00647093212621781,0.00776511855146137,0.00905930497670493,0.0103534914019485,
0.0116476778271921,0.0129418642524356,0.0142360506776792),.UNSPECIFIED.);
#221=B_SPLINE_CURVE_WITH_KNOTS('',3,(#2682,#2683,#2684,#2685),
 .UNSPECIFIED.,.F.,.F.,(4,4),(3.75102615048235E-17,2.84387013593178E-5),
 .UNSPECIFIED.);
#222=B_SPLINE_CURVE_WITH_KNOTS('',3,(#2687,#2688,#2689,#2690),
 .UNSPECIFIED.,.F.,.F.,(4,4),(1.91769627868748E-5,0.0208287756531441),
 .UNSPECIFIED.);
#223=B_SPLINE_CURVE_WITH_KNOTS('',3,(#2692,#2693,#2694,#2695,#2696,#2697,
#2698,#2699,#2700,#2701,#2702),.UNSPECIFIED.,.F.,.F.,(4,1,1,1,1,1,1,1,4),
(0.0084978904924286,0.00946600745487832,0.010434124417328,0.0114022413797777,
0.0123703583422275,0.0133384753046772,0.0143065922671269,0.0152747092295766,
0.0162428261920263),.UNSPECIFIED.);
#224=B_SPLINE_CURVE_WITH_KNOTS('',3,(#2704,#2705,#2706,#2707),
 .UNSPECIFIED.,.F.,.F.,(4,4),(0.0231774354643275,0.0310847751668526),
 .UNSPECIFIED.);
#225=B_SPLINE_CURVE_WITH_KNOTS('',3,(#2708,#2709,#2710,#2711,#2712,#2713,
#2714,#2715,#2716),.UNSPECIFIED.,.F.,.F.,(4,1,1,1,1,1,4),(0.,0.00523112868426266,
0.0104622573685253,0.0209245147370506,0.0313867721055759,0.0366179007898386,
0.0418490294741012),.UNSPECIFIED.);
#226=B_SPLINE_CURVE_WITH_KNOTS('',3,(#2718,#2719,#2720,#2721),
 .UNSPECIFIED.,.F.,.F.,(4,4),(0.,0.000105174663380895),.UNSPECIFIED.);
#227=B_SPLINE_CURVE_WITH_KNOTS('',3,(#2723,#2724,#2725,#2726),
 .UNSPECIFIED.,.F.,.F.,(4,4),(0.,0.00884771112501248),.UNSPECIFIED.);
#228=B_SPLINE_CURVE_WITH_KNOTS('',3,(#2741,#2742,#2743,#2744,#2745,#2746,
#2747,#2748,#2749,#2750,#2751),.UNSPECIFIED.,.T.,.F.,(1,1,1,1,1,1,1,1,1,
1,1,1,1,1,1),(-0.00389270225152966,-0.00259513483435267,-0.00129756741717568,
1.31181115179182E-15,0.0012975674171783,0.00259513483435529,0.00389270225153228,
0.00519026966870927,0.00648783708588626,0.00778540450306326,0.00908297192024025,
0.0103805393374172,0.0116781067545942,0.0129756741717712,0.0142732415889482),
 .UNSPECIFIED.);
#229=B_SPLINE_CURVE_WITH_KNOTS('',3,(#2753,#2754,#2755,#2756,#2757,#2758,
#2759,#2760,#2761,#2762,#2763),.UNSPECIFIED.,.T.,.F.,(1,1,1,1,1,1,1,1,1,
1,1,1,1,1,1),(-0.00388255927573067,-0.00258837285048711,-0.00129418642524355,
1.82145964977565E-17,0.00129418642524358,0.00258837285048714,0.00388255927573071,
0.00517674570097427,0.00647093212621784,0.0077651185514614,0.00905930497670496,
0.0103534914019485,0.0116476778271921,0.0129418642524357,0.0142360506776792),
 .UNSPECIFIED.);
#230=B_SPLINE_CURVE_WITH_KNOTS('',3,(#2765,#2766,#2767,#2768),
 .UNSPECIFIED.,.F.,.F.,(4,4),(0.010243885442741,0.0310289044756015),
 .UNSPECIFIED.);
#231=B_SPLINE_CURVE_WITH_KNOTS('',3,(#2771,#2772,#2773,#2774),
 .UNSPECIFIED.,.F.,.F.,(4,4),(5.20417042793042E-18,2.84387013647498E-5),
 .UNSPECIFIED.);
#232=B_SPLINE_CURVE_WITH_KNOTS('',3,(#2778,#2779,#2780,#2781),
 .UNSPECIFIED.,.F.,.F.,(4,4),(0.,0.00884776287225766),.UNSPECIFIED.);
#233=B_SPLINE_CURVE_WITH_KNOTS('',3,(#2783,#2784,#2785,#2786),
 .UNSPECIFIED.,.F.,.F.,(4,4),(0.,0.00010517466338079),.UNSPECIFIED.);
#234=B_SPLINE_CURVE_WITH_KNOTS('',3,(#2788,#2789,#2790,#2791,#2792,#2793,
#2794,#2795,#2796,#2797),.UNSPECIFIED.,.F.,.F.,(4,1,1,1,1,1,1,4),(0.,0.0105449677721677,
0.0158174516582515,0.0210899355443354,0.0263624194304192,0.031634903316503,
0.0369073872025869,0.0421798710886707),.UNSPECIFIED.);
#235=B_SPLINE_CURVE_WITH_KNOTS('',3,(#2798,#2799,#2800,#2801),
 .UNSPECIFIED.,.F.,.F.,(4,4),(0.,0.00789799979624931),.UNSPECIFIED.);
#236=B_SPLINE_CURVE_WITH_KNOTS('',3,(#2803,#2804,#2805,#2806,#2807,#2808,
#2809,#2810,#2811,#2812,#2813),.UNSPECIFIED.,.F.,.F.,(4,1,1,1,1,1,1,1,4),
(0.00849789049241527,0.00946600745486664,0.010434124417318,0.0114022413797694,
0.0123703583422208,0.0133384753046721,0.0143065922671235,0.0152747092295749,
0.0162428261920263),.UNSPECIFIED.);
#237=B_SPLINE_CURVE_WITH_KNOTS('',3,(#2815,#2816,#2817,#2818,#2819),
 .UNSPECIFIED.,.F.,.F.,(4,1,4),(0.,0.00260053060919485,0.00520106121838971),
 .UNSPECIFIED.);
#238=B_SPLINE_CURVE_WITH_KNOTS('',3,(#2824,#2825,#2826,#2827),
 .UNSPECIFIED.,.F.,.F.,(4,4),(2.30091112092181E-5,0.00838877480821308),
 .UNSPECIFIED.);
#239=B_SPLINE_CURVE_WITH_KNOTS('',3,(#2833,#2834,#2835,#2836),
 .UNSPECIFIED.,.F.,.F.,(4,4),(1.95156391047391E-18,5.05228788719196E-6),
 .UNSPECIFIED.);
#240=B_SPLINE_CURVE_WITH_KNOTS('',3,(#2838,#2839,#2840,#2841,#2842),
 .UNSPECIFIED.,.F.,.F.,(4,1,4),(5.59779807011965E-7,0.0336221437918079,
0.0672437278038087),.UNSPECIFIED.);
#241=B_SPLINE_CURVE_WITH_KNOTS('',3,(#2844,#2845,#2846,#2847),
 .UNSPECIFIED.,.F.,.F.,(4,4),(0.,2.72420573293818E-5),.UNSPECIFIED.);
#242=B_SPLINE_CURVE_WITH_KNOTS('',3,(#2862,#2863,#2864,#2865,#2866,#2867),
 .UNSPECIFIED.,.F.,.F.,(4,1,1,4),(-6.00000000024749E-8,0.00595443646217354,
0.00893168469326031,0.0119089329243471),.UNSPECIFIED.);
#243=B_SPLINE_CURVE_WITH_KNOTS('',3,(#2869,#2870,#2871,#2872,#2873,#2874,
#2875),.UNSPECIFIED.,.F.,.F.,(4,1,1,1,4),(1.70363090199365E-14,0.00143027053367681,
0.00286054106733659,0.00429081160099637,0.00572108213465615),
 .UNSPECIFIED.);
#244=B_SPLINE_CURVE_WITH_KNOTS('',3,(#2876,#2877,#2878,#2879,#2880,#2881,
#2882),.UNSPECIFIED.,.F.,.F.,(4,1,1,1,4),(0.,0.00398168769028225,0.00796337538056449,
0.0119450630708467,0.015926750761129),.UNSPECIFIED.);
#245=B_SPLINE_CURVE_WITH_KNOTS('',3,(#2891,#2892,#2893,#2894),
 .UNSPECIFIED.,.F.,.F.,(4,4),(-0.00653703935157149,-0.00430122816696524),
 .UNSPECIFIED.);
#246=B_SPLINE_CURVE_WITH_KNOTS('',3,(#2897,#2898,#2899,#2900,#2901,#2902,
#2903,#2904),.UNSPECIFIED.,.F.,.F.,(4,1,1,1,1,4),(0.0103521084034571,0.0145940180434667,
0.0167149728634714,0.0188359276834762,0.0230778373234857,0.0273197469634952),
 .UNSPECIFIED.);
#247=B_SPLINE_CURVE_WITH_KNOTS('',3,(#2906,#2907,#2908,#2909,#2910),
 .UNSPECIFIED.,.F.,.F.,(4,1,4),(0.0114347433935509,0.0174631630121419,0.0234915826307329),
 .UNSPECIFIED.);
#248=B_SPLINE_CURVE_WITH_KNOTS('',3,(#2914,#2915,#2916,#2917,#2918),
 .UNSPECIFIED.,.F.,.F.,(4,1,4),(-5.99999999958195E-8,0.0057033153085889,
0.0114066906171778),.UNSPECIFIED.);
#249=B_SPLINE_CURVE_WITH_KNOTS('',3,(#2930,#2931,#2932,#2933),
 .UNSPECIFIED.,.F.,.F.,(4,4),(0.,0.00538370084198331),.UNSPECIFIED.);
#250=B_SPLINE_CURVE_WITH_KNOTS('',3,(#2935,#2936,#2937,#2938,#2939,#2940,
#2941,#2942,#2943),.UNSPECIFIED.,.F.,.F.,(4,1,1,1,1,1,4),(0.00432490720013299,
0.0101188095850237,0.0159127119699144,0.0188096631623597,0.0217066143548051,
0.0246035655472504,0.0275005167396957),.UNSPECIFIED.);
#251=B_SPLINE_CURVE_WITH_KNOTS('',3,(#2947,#2948,#2949,#2950,#2951,#2952,
#2953,#2954,#2955,#2956,#2957),.UNSPECIFIED.,.F.,.F.,(4,1,1,1,1,1,1,1,4),
(0.,0.00289015125010155,0.00578030250020309,0.00867045375030464,0.0115606050004062,
0.0144507562505077,0.0173409075006093,0.0202310587507108,0.0231212100008124),
 .UNSPECIFIED.);
#252=B_SPLINE_CURVE_WITH_KNOTS('',3,(#2959,#2960,#2961,#2962),
 .UNSPECIFIED.,.F.,.F.,(4,4),(2.14166147336477E-14,0.00538436683305611),
 .UNSPECIFIED.);
#253=B_SPLINE_CURVE_WITH_KNOTS('',3,(#2974,#2975,#2976,#2977,#2978,#2979),
 .UNSPECIFIED.,.F.,.F.,(4,1,1,4),(0.,0.00375114257781162,0.00750228515562323,
0.0150045703112465),.UNSPECIFIED.);
#254=B_SPLINE_CURVE_WITH_KNOTS('',3,(#2981,#2982,#2983,#2984),
 .UNSPECIFIED.,.F.,.F.,(4,4),(0.,0.00791577023584445),.UNSPECIFIED.);
#255=B_SPLINE_CURVE_WITH_KNOTS('',3,(#2988,#2989,#2990,#2991),
 .UNSPECIFIED.,.F.,.F.,(4,4),(0.,0.00794221060640113),.UNSPECIFIED.);
#256=B_SPLINE_CURVE_WITH_KNOTS('',3,(#2993,#2994,#2995,#2996,#2997,#2998),
 .UNSPECIFIED.,.F.,.F.,(4,1,1,4),(0.,0.00742645103601514,0.0111396765540227,
0.0148529020720303),.UNSPECIFIED.);
#257=B_SPLINE_CURVE_WITH_KNOTS('',3,(#3010,#3011,#3012,#3013,#3014,#3015,
#3016,#3017,#3018,#3019),.UNSPECIFIED.,.F.,.F.,(4,1,1,1,1,1,1,4),(1.73472347597681E-18,
0.00290054604357783,0.00580109208715567,0.0087016381307335,0.0116021841743113,
0.0145027302178892,0.017403276261467,0.0232043683486227),.UNSPECIFIED.);
#258=B_SPLINE_CURVE_WITH_KNOTS('',3,(#3020,#3021,#3022,#3023,#3024,#3025,
#3026,#3027,#3028,#3029,#3030),.UNSPECIFIED.,.F.,.F.,(4,1,1,1,1,1,1,1,4),
(-6.00000000051616E-8,0.00285666665699343,0.00571339331398687,0.00857011997098031,
0.0114268466279738,0.0142835732849672,0.0171402999419606,0.0199970265989541,
0.0228537532559475),.UNSPECIFIED.);
#259=B_SPLINE_CURVE_WITH_KNOTS('',3,(#3039,#3040,#3041,#3042,#3043,#3044),
 .UNSPECIFIED.,.F.,.F.,(4,1,1,4),(0.,0.007341459398124,0.011012189097186,
0.014682918796248),.UNSPECIFIED.);
#260=B_SPLINE_CURVE_WITH_KNOTS('',3,(#3047,#3048,#3049,#3050,#3051,#3052),
 .UNSPECIFIED.,.F.,.F.,(4,1,1,4),(5.41706292894842E-15,0.00247075341873122,
0.00370613012809411,0.00494150683745701),.UNSPECIFIED.);
#261=B_SPLINE_CURVE_WITH_KNOTS('',3,(#3056,#3057,#3058,#3059,#3060,#3061),
 .UNSPECIFIED.,.F.,.F.,(4,1,1,4),(2.27685081762427E-14,0.0024707534187511,
0.00370613012811527,0.00494150683747944),.UNSPECIFIED.);
#262=B_SPLINE_CURVE_WITH_KNOTS('',3,(#3063,#3064,#3065,#3066,#3067,#3068,
#3069),.UNSPECIFIED.,.F.,.F.,(4,1,1,1,4),(0.00415255756876131,0.00784437837871342,
0.0115361991886655,0.0152280199986176,0.0189198408085697),.UNSPECIFIED.);
#263=B_SPLINE_CURVE_WITH_KNOTS('',3,(#3071,#3072,#3073,#3074,#3075,#3076),
 .UNSPECIFIED.,.F.,.F.,(4,1,1,4),(0.,0.0329728656220254,0.0494592984330381,
0.0659457312440508),.UNSPECIFIED.);
#264=B_SPLINE_CURVE_WITH_KNOTS('',3,(#3078,#3079,#3080,#3081),
 .UNSPECIFIED.,.F.,.F.,(4,4),(0.,0.00826969443571583),.UNSPECIFIED.);
#265=B_SPLINE_CURVE_WITH_KNOTS('',3,(#3083,#3084,#3085,#3086),
 .UNSPECIFIED.,.F.,.F.,(4,4),(0.,0.0188764973078146),.UNSPECIFIED.);
#266=B_SPLINE_CURVE_WITH_KNOTS('',3,(#3090,#3091,#3092,#3093),
 .UNSPECIFIED.,.F.,.F.,(4,4),(0.,0.0188776481051802),.UNSPECIFIED.);
#267=B_SPLINE_CURVE_WITH_KNOTS('',3,(#3095,#3096,#3097,#3098),
 .UNSPECIFIED.,.F.,.F.,(4,4),(0.,0.00827000578006114),.UNSPECIFIED.);
#268=B_SPLINE_CURVE_WITH_KNOTS('',3,(#3100,#3101,#3102,#3103,#3104),
 .UNSPECIFIED.,.F.,.F.,(4,1,4),(0.,0.032973100991561,0.065946201983122),
 .UNSPECIFIED.);
#269=B_SPLINE_CURVE_WITH_KNOTS('',3,(#3113,#3114,#3115,#3116,#3117,#3118,
#3119,#3120,#3121),.UNSPECIFIED.,.F.,.F.,(4,1,1,1,1,1,4),(0.00244892726310687,
0.00760837319699445,0.012767819130882,0.0179272650647696,0.0230867109986572,
0.0334056028664323,0.0437244947342075),.UNSPECIFIED.);
#270=B_SPLINE_CURVE_WITH_KNOTS('',3,(#3126,#3127,#3128,#3129,#3130,#3131,
#3132,#3133,#3134),.UNSPECIFIED.,.F.,.F.,(4,1,1,1,1,1,4),(0.,0.00516001218893416,
0.0103200243778683,0.0206400487557366,0.030960073133605,0.0361200853225391,
0.0412800975114733),.UNSPECIFIED.);
#271=B_SPLINE_CURVE_WITH_KNOTS('',3,(#3138,#3139,#3140,#3141),
 .UNSPECIFIED.,.F.,.F.,(4,4),(0.,0.00877546631316961),.UNSPECIFIED.);
#272=B_SPLINE_CURVE_WITH_KNOTS('',3,(#3145,#3146,#3147,#3148),
 .UNSPECIFIED.,.F.,.F.,(4,4),(0.,0.00877541516819829),.UNSPECIFIED.);
#273=B_SPLINE_CURVE_WITH_KNOTS('',3,(#3180,#3181,#3182,#3183,#3184),
 .UNSPECIFIED.,.F.,.F.,(4,1,4),(0.,0.00275199976786788,0.00550399953573576),
 .UNSPECIFIED.);
#274=B_SPLINE_CURVE_WITH_KNOTS('',3,(#3185,#3186,#3187,#3188,#3189),
 .UNSPECIFIED.,.F.,.F.,(4,1,4),(0.,0.00275199974737111,0.00550399949474221),
 .UNSPECIFIED.);
#275=B_SPLINE_CURVE_WITH_KNOTS('',3,(#3190,#3191,#3192,#3193,#3194,#3195,
#3196),.UNSPECIFIED.,.F.,.F.,(4,1,1,1,4),(0.,0.00207117684228731,0.00414235368457462,
0.00621353052686194,0.00828470736914925),.UNSPECIFIED.);
#276=B_SPLINE_CURVE_WITH_KNOTS('',3,(#3200,#3201,#3202,#3203,#3204,#3205,
#3206),.UNSPECIFIED.,.F.,.F.,(4,1,1,1,4),(0.,0.00209157737745659,0.00418315475491318,
0.00627473213236977,0.00836630950982636),.UNSPECIFIED.);
#277=B_SPLINE_CURVE_WITH_KNOTS('',3,(#3221,#3222,#3223,#3224,#3225),
 .UNSPECIFIED.,.F.,.F.,(4,1,4),(-6.00000000170372E-8,0.00892384317704912,
0.0178477463540983),.UNSPECIFIED.);
#278=B_SPLINE_CURVE_WITH_KNOTS('',3,(#3227,#3228,#3229,#3230,#3231),
 .UNSPECIFIED.,.F.,.F.,(4,1,4),(0.,0.00490534614397184,0.00981069228794369),
 .UNSPECIFIED.);
#279=B_SPLINE_CURVE_WITH_KNOTS('',3,(#3232,#3233,#3234,#3235,#3236),
 .UNSPECIFIED.,.F.,.F.,(4,1,4),(-5.99999999965365E-8,0.00494717442934181,
0.00989440885868361),.UNSPECIFIED.);
#280=B_SPLINE_CURVE_WITH_KNOTS('',3,(#3238,#3239,#3240,#3241,#3242),
 .UNSPECIFIED.,.F.,.F.,(4,1,4),(0.,0.00889774201522185,0.0177954840304437),
 .UNSPECIFIED.);
#281=B_SPLINE_CURVE_WITH_KNOTS('',3,(#3244,#3245,#3246,#3247,#3248,#3249,
#3250,#3251,#3252,#3253,#3254,#3255),.UNSPECIFIED.,.F.,.F.,(4,1,1,1,1,1,
1,1,1,4),(0.00565714270418283,0.00677153024060641,0.00788591777703,0.00844311154524179,
0.00900030531345358,0.0101146928498772,0.0112290803863007,0.0123434679227243,
0.0134578554591479,0.0145722429955715),.UNSPECIFIED.);
#282=B_SPLINE_CURVE_WITH_KNOTS('',3,(#3258,#3259,#3260,#3261,#3262),
 .UNSPECIFIED.,.F.,.F.,(4,1,4),(0.00154743444080346,0.00255359363619907,
0.00355975283159469),.UNSPECIFIED.);
#283=B_SPLINE_CURVE_WITH_KNOTS('',3,(#3263,#3264,#3265,#3266,#3267,#3268,
#3269,#3270,#3271,#3272,#3273,#3274),.UNSPECIFIED.,.F.,.F.,(4,1,1,1,1,1,
1,1,1,4),(0.0056571427041872,0.00677153024060945,0.00788591777703169,0.00844311154524281,
0.00900030531345394,0.0101146928498762,0.0112290803862984,0.0123434679227207,
0.0134578554591429,0.0145722429955652),.UNSPECIFIED.);
#284=B_SPLINE_CURVE_WITH_KNOTS('',3,(#3277,#3278,#3279,#3280,#3281),
 .UNSPECIFIED.,.F.,.F.,(4,1,4),(0.00160405243888601,0.00261008388267092,
0.00361611532645583),.UNSPECIFIED.);
#285=B_SPLINE_CURVE_WITH_KNOTS('',3,(#3283,#3284,#3285,#3286),
 .UNSPECIFIED.,.F.,.F.,(4,4),(0.00383054435718005,0.0051679712213242),
 .UNSPECIFIED.);
#286=B_SPLINE_CURVE_WITH_KNOTS('',3,(#3289,#3290,#3291,#3292,#3293,#3294,
#3295,#3296,#3297,#3298,#3299),.UNSPECIFIED.,.F.,.F.,(4,1,1,1,1,1,1,1,4),
(0.00516797122132417,0.00629618866026959,0.00742440609921501,0.00855262353816044,
0.00968084097710586,0.0108090584160513,0.0119372758549967,0.0130654932939421,
0.0141937107328875),.UNSPECIFIED.);
#287=B_SPLINE_CURVE_WITH_KNOTS('',3,(#3300,#3301,#3302,#3303),
 .UNSPECIFIED.,.F.,.F.,(4,4),(0.00383054435716016,0.00516797122130346),
 .UNSPECIFIED.);
#288=B_SPLINE_CURVE_WITH_KNOTS('',3,(#3306,#3307,#3308,#3309,#3310,#3311,
#3312,#3313,#3314,#3315,#3316),.UNSPECIFIED.,.F.,.F.,(4,1,1,1,1,1,1,1,4),
(0.00516797122130346,0.00629618866024898,0.0074244060991945,0.00855262353814002,
0.00968084097708554,0.0108090584160311,0.0119372758549766,0.0130654932939221,
0.0141937107328676),.UNSPECIFIED.);
#289=B_SPLINE_CURVE_WITH_KNOTS('',3,(#3318,#3319,#3320,#3321,#3322,#3323,
#3324,#3325,#3326,#3327,#3328,#3329),.UNSPECIFIED.,.T.,.F.,(1,1,1,1,1,1,
1,1,1,1,1,1,1,1,1,1),(-0.00401630005928189,-0.00267753337285459,-0.0013387666864273,
0.,0.000669383343213648,0.0013387666864273,0.00267753337285459,0.00401630005928189,
0.00535506674570918,0.00669383343213648,0.00803260011856378,0.00937136680499107,
0.0107101334914184,0.011379516834632,0.0120489001778457,0.013387666864273),
 .UNSPECIFIED.);
#290=B_SPLINE_CURVE_WITH_KNOTS('',3,(#3331,#3332,#3333,#3334,#3335,#3336,
#3337,#3338,#3339,#3340,#3341,#3342),.UNSPECIFIED.,.T.,.F.,(1,1,1,1,1,1,
1,1,1,1,1,1,1,1,1,1),(-0.00401630005928187,-0.00267753337285458,-0.00133876668642729,
0.,0.000669383343213646,0.00133876668642729,0.00267753337285458,0.00401630005928187,
0.00535506674570917,0.00669383343213646,0.00803260011856375,0.00937136680499104,
0.0107101334914183,0.011379516834632,0.0120489001778456,0.0133876668642729),
 .UNSPECIFIED.);
#291=B_SPLINE_CURVE_WITH_KNOTS('',3,(#3345,#3346,#3347,#3348,#3349,#3350,
#3351,#3352,#3353,#3354,#3355,#3356,#3357,#3358,#3359,#3360,#3361),
 .UNSPECIFIED.,.T.,.F.,(1,1,1,1,1,1,1,1,1,1,1,1,1,1,1,1,1,1,1,1,1),(-0.00224847070594331,
-0.00149898047062888,-0.000749490235314438,0.,0.000749490235314438,0.00149898047062888,
0.00224847070594331,0.00299796094125775,0.00449694141188663,0.00524643164720107,
0.00599592188251551,0.00674541211782994,0.00749490235314438,0.00899388282377326,
0.0097433730590877,0.0104928632944021,0.0112423535297166,0.011991843765031,
0.0127413340003454,0.0134908242356599,0.0142403144709743),.UNSPECIFIED.);
#292=B_SPLINE_CURVE_WITH_KNOTS('',3,(#3363,#3364,#3365,#3366,#3367,#3368,
#3369,#3370,#3371,#3372,#3373,#3374,#3375,#3376,#3377,#3378,#3379),
 .UNSPECIFIED.,.T.,.F.,(1,1,1,1,1,1,1,1,1,1,1,1,1,1,1,1,1,1,1,1,1),(-0.0022484707059433,
-0.00149898047062887,-0.000749490235314435,0.,0.000749490235314433,0.00149898047062887,
0.0022484707059433,0.00299796094125773,0.0044969414118866,0.00524643164720103,
0.00599592188251547,0.0067454121178299,0.00749490235314433,0.0089938828237732,
0.00974337305908763,0.0104928632944021,0.0112423535297165,0.0119918437650309,
0.0127413340003454,0.0134908242356598,0.0142403144709742),.UNSPECIFIED.);
#293=B_SPLINE_CURVE_WITH_KNOTS('',3,(#3382,#3383,#3384,#3385,#3386),
 .UNSPECIFIED.,.F.,.F.,(4,1,4),(6.67868538251071E-17,0.00129600155233004,
0.00259200310466002),.UNSPECIFIED.);
#294=B_SPLINE_CURVE_WITH_KNOTS('',3,(#3387,#3388,#3389,#3390,#3391),
 .UNSPECIFIED.,.F.,.F.,(4,1,4),(0.,0.00129606248984328,0.00259212497968655),
 .UNSPECIFIED.);
#295=B_SPLINE_CURVE_WITH_KNOTS('',3,(#3419,#3420,#3421,#3422,#3423,#3424),
 .UNSPECIFIED.,.F.,.F.,(4,1,1,4),(0.,0.00188501209388304,0.00377002418776608,
0.00754004837553215),.UNSPECIFIED.);
#296=B_SPLINE_CURVE_WITH_KNOTS('',3,(#3475,#3476,#3477,#3478,#3479,#3480),
 .UNSPECIFIED.,.F.,.F.,(4,1,1,4),(0.,0.00378245997669964,0.00567368996504946,
0.00756491995339928),.UNSPECIFIED.);
#297=B_SPLINE_CURVE_WITH_KNOTS('',3,(#3507,#3508,#3509,#3510),
 .UNSPECIFIED.,.F.,.F.,(4,4),(0.,0.0017686197528844),.UNSPECIFIED.);
#298=B_SPLINE_CURVE_WITH_KNOTS('',3,(#3511,#3512,#3513,#3514),
 .UNSPECIFIED.,.F.,.F.,(4,4),(0.,0.00176861975288436),.UNSPECIFIED.);
#299=B_SPLINE_CURVE_WITH_KNOTS('',3,(#3542,#3543,#3544,#3545,#3546),
 .UNSPECIFIED.,.F.,.F.,(4,1,4),(4.33680868994202E-19,0.00297065819578664,
0.00594131639157327),.UNSPECIFIED.);
#300=B_SPLINE_CURVE_WITH_KNOTS('',3,(#3574,#3575,#3576,#3577,#3578),
 .UNSPECIFIED.,.F.,.F.,(4,1,4),(3.45014869160255E-17,0.00297065819578792,
0.00594131639157581),.UNSPECIFIED.);
#301=B_SPLINE_CURVE_WITH_KNOTS('',3,(#3591,#3592,#3593,#3594),
 .UNSPECIFIED.,.F.,.F.,(4,4),(9.05184311527849E-15,1.73329707417582E-5),
 .UNSPECIFIED.);
#302=B_SPLINE_CURVE_WITH_KNOTS('',3,(#3596,#3597,#3598,#3599,#3600),
 .UNSPECIFIED.,.F.,.F.,(4,1,4),(2.61973399753503E-17,0.00297065853145907,
0.00594131706291811),.UNSPECIFIED.);
#303=B_SPLINE_CURVE_WITH_KNOTS('',3,(#3601,#3602,#3603,#3604,#3605),
 .UNSPECIFIED.,.F.,.F.,(4,1,4),(1.30104260698261E-18,0.0029762477211672,
0.00595249544233441),.UNSPECIFIED.);
#304=B_SPLINE_CURVE_WITH_KNOTS('',3,(#3618,#3619,#3620,#3621,#3622),
 .UNSPECIFIED.,.F.,.F.,(4,1,4),(1.73472347597681E-18,0.0029706585314595,
0.005941317062919),.UNSPECIFIED.);
#305=B_SPLINE_CURVE_WITH_KNOTS('',3,(#3624,#3625,#3626,#3627),
 .UNSPECIFIED.,.F.,.F.,(4,4),(0.,1.73281231157686E-5),.UNSPECIFIED.);
#306=B_SPLINE_CURVE_WITH_KNOTS('',3,(#3628,#3629,#3630,#3631,#3632),
 .UNSPECIFIED.,.F.,.F.,(4,1,4),(3.68628738645072E-18,0.0029762477211625,
0.00595249544232499),.UNSPECIFIED.);
#307=B_SPLINE_CURVE_WITH_KNOTS('',3,(#3648,#3649,#3650,#3651,#3652),
 .UNSPECIFIED.,.F.,.F.,(4,1,4),(0.,0.00297835985388935,0.0059567197077787),
 .UNSPECIFIED.);
#308=B_SPLINE_CURVE_WITH_KNOTS('',3,(#3668,#3669,#3670,#3671,#3672),
 .UNSPECIFIED.,.F.,.F.,(4,1,4),(1.73472347597681E-18,0.00297835985388796,
0.00595671970777593),.UNSPECIFIED.);
#309=B_SPLINE_CURVE_WITH_KNOTS('',3,(#3709,#3710,#3711,#3712,#3713,#3714,
#3715,#3716,#3717,#3718,#3719,#3720,#3721,#3722,#3723,#3724,#3725),
 .UNSPECIFIED.,.F.,.F.,(4,1,1,1,1,1,1,1,1,1,1,1,1,1,4),(2.04940102603049E-14,
0.00106842180667279,0.00213684361332509,0.00320526541997739,0.00373947632330354,
0.00427368722662969,0.00480789812995584,0.00507500358161891,0.00534210903328199,
0.00560921448494506,0.00587631993660813,0.00641053083993428,0.00694474174326043,
0.00747895264658658,0.00854737445323888),.UNSPECIFIED.);
#310=B_SPLINE_CURVE_WITH_KNOTS('',3,(#3759,#3760,#3761,#3762,#3763,#3764,
#3765,#3766,#3767,#3768,#3769,#3770,#3771,#3772,#3773,#3774,#3775),
 .UNSPECIFIED.,.F.,.F.,(4,1,1,1,1,1,1,1,1,1,1,1,1,1,4),(1.59060716754462E-15,
0.00108992692472745,0.00163489038709039,0.00217985384945332,0.00272481731181625,
0.00299729904299771,0.00326978077417918,0.00354226250536064,0.00381474423654211,
0.00435970769890504,0.00490467116126797,0.00544963462363091,0.00653956154835677,
0.00762948847308263,0.00871941539780849),.UNSPECIFIED.);
#311=B_SPLINE_CURVE_WITH_KNOTS('',3,(#3777,#3778,#3779,#3780),
 .UNSPECIFIED.,.F.,.F.,(4,4),(0.,0.000463657894858302),.UNSPECIFIED.);
#312=B_SPLINE_CURVE_WITH_KNOTS('',3,(#3781,#3782,#3783,#3784),
 .UNSPECIFIED.,.F.,.F.,(4,4),(0.,0.000463657894858302),.UNSPECIFIED.);
#313=B_SPLINE_CURVE_WITH_KNOTS('',3,(#3893,#3894,#3895,#3896,#3897,#3898),
 .UNSPECIFIED.,.F.,.F.,(4,1,1,4),(0.00253339760835626,0.00667677694118085,
0.0108201562740054,0.0191069149396546),.UNSPECIFIED.);
#314=B_SPLINE_CURVE_WITH_KNOTS('',3,(#3901,#3902,#3903,#3904),
 .UNSPECIFIED.,.F.,.F.,(4,4),(3.89892566619258E-13,0.00348943492430822),
 .UNSPECIFIED.);
#315=B_SPLINE_CURVE_WITH_KNOTS('',3,(#3906,#3907,#3908,#3909,#3910,#3911,
#3912),.UNSPECIFIED.,.F.,.F.,(4,1,1,1,4),(0.0030738483079366,0.00539495726147286,
0.00771606621500911,0.0100371751685454,0.0123582841220816),
 .UNSPECIFIED.);
#316=B_SPLINE_CURVE_WITH_KNOTS('',3,(#3913,#3914,#3915,#3916,#3917),
 .UNSPECIFIED.,.F.,.F.,(4,1,4),(0.0210987978402764,0.0240537741453861,0.0270087504504959),
 .UNSPECIFIED.);
#317=B_SPLINE_CURVE_WITH_KNOTS('',3,(#3919,#3920,#3921,#3922,#3923,#3924),
 .UNSPECIFIED.,.F.,.F.,(4,1,1,4),(0.0107895759626683,0.0125573434257316,
0.0143251108887949,0.0178606458149216),.UNSPECIFIED.);
#318=B_SPLINE_CURVE_WITH_KNOTS('',3,(#3926,#3927,#3928,#3929),
 .UNSPECIFIED.,.F.,.F.,(4,4),(0.00689402926829704,0.0146171067867102),
 .UNSPECIFIED.);
#319=B_SPLINE_CURVE_WITH_KNOTS('',3,(#3931,#3932,#3933,#3934),
 .UNSPECIFIED.,.F.,.F.,(4,4),(0.00701607452529422,0.00710353352451737),
 .UNSPECIFIED.);
#320=B_SPLINE_CURVE_WITH_KNOTS('',3,(#3935,#3936,#3937,#3938),
 .UNSPECIFIED.,.F.,.F.,(4,4),(7.71075199165388E-15,0.00571135035688485),
 .UNSPECIFIED.);
#321=B_SPLINE_CURVE_WITH_KNOTS('',3,(#3939,#3940,#3941,#3942,#3943),
 .UNSPECIFIED.,.F.,.F.,(4,1,4),(1.28749007982654E-19,0.00109372708066372,
0.00218745416132743),.UNSPECIFIED.);
#322=B_SPLINE_CURVE_WITH_KNOTS('',3,(#3944,#3945,#3946,#3947,#3948,#3949,
#3950,#3951,#3952,#3953,#3954,#3955,#3956,#3957,#3958,#3959,#3960,#3961,
#3962,#3963,#3964,#3965,#3966,#3967,#3968,#3969,#3970,#3971,#3972,#3973),
 .UNSPECIFIED.,.F.,.F.,(4,2,2,2,2,2,2,2,2,2,2,2,2,2,4),(0.,0.125,0.1875,
0.25,0.375,0.5,0.53125,0.5625,0.625,0.6875,0.71875,0.75,0.875,0.9375,1.),
 .UNSPECIFIED.);
#323=B_SPLINE_CURVE_WITH_KNOTS('',3,(#4082,#4083,#4084,#4085),
 .UNSPECIFIED.,.F.,.F.,(4,4),(0.0460874577207835,0.0537659414118323),
 .UNSPECIFIED.);
#324=B_SPLINE_CURVE_WITH_KNOTS('',3,(#4088,#4089,#4090,#4091,#4092,#4093),
 .UNSPECIFIED.,.F.,.F.,(4,1,1,4),(4.33680868994202E-19,0.00352294472591293,
0.00528441708886939,0.00704588945182585),.UNSPECIFIED.);
#325=B_SPLINE_CURVE_WITH_KNOTS('',3,(#4095,#4096,#4097,#4098,#4099),
 .UNSPECIFIED.,.F.,.F.,(4,1,4),(0.00468168179858461,0.00760857818321091,
0.0105354745678372),.UNSPECIFIED.);
#326=B_SPLINE_CURVE_WITH_KNOTS('',3,(#4100,#4101,#4102,#4103,#4104,#4105,
#4106),.UNSPECIFIED.,.F.,.F.,(4,1,1,1,4),(0.0192237049042716,0.0215382182104954,
0.0238527315167193,0.0261672448229431,0.028481758129167),.UNSPECIFIED.);
#327=B_SPLINE_CURVE_WITH_KNOTS('',3,(#4108,#4109,#4110,#4111),
 .UNSPECIFIED.,.F.,.F.,(4,4),(0.014362703604721,0.0178694996221568),
 .UNSPECIFIED.);
#328=B_SPLINE_CURVE_WITH_KNOTS('',3,(#4112,#4113,#4114,#4115,#4116),
 .UNSPECIFIED.,.F.,.F.,(4,1,4),(2.98155597433514E-19,0.00109372708066382,
0.00218745416132765),.UNSPECIFIED.);
#329=B_SPLINE_CURVE_WITH_KNOTS('',3,(#4117,#4118,#4119,#4120),
 .UNSPECIFIED.,.F.,.F.,(4,4),(3.46944695195361E-18,0.00571135035689548),
 .UNSPECIFIED.);
#330=B_SPLINE_CURVE_WITH_KNOTS('',3,(#4121,#4122,#4123,#4124),
 .UNSPECIFIED.,.F.,.F.,(4,4),(0.00701607452530549,0.00710353352448937),
 .UNSPECIFIED.);
#331=B_SPLINE_CURVE_WITH_KNOTS('',3,(#4129,#4130,#4131,#4132,#4133,#4134,
#4135,#4136,#4137),.UNSPECIFIED.,.F.,.F.,(4,1,1,1,1,1,4),(0.,0.00109342154828533,
0.00218684309657066,0.00328026464485598,0.00437368619314131,0.00656052928971197,
0.00874737238628262),.UNSPECIFIED.);
#332=B_SPLINE_CURVE_WITH_KNOTS('',3,(#4141,#4142,#4143,#4144,#4145,#4146,
#4147,#4148,#4149),.UNSPECIFIED.,.F.,.F.,(4,1,1,1,1,1,4),(0.,0.00218438463295917,
0.00436876926591835,0.00546096158239793,0.00655315389887752,0.0076453462153571,
0.00873753853183669),.UNSPECIFIED.);
#333=B_SPLINE_CURVE_WITH_KNOTS('',3,(#4308,#4309,#4310,#4311,#4312),
 .UNSPECIFIED.,.F.,.F.,(4,1,4),(2.08921267708388E-14,0.00178366277735046,
0.00356732555468004),.UNSPECIFIED.);
#334=B_SPLINE_CURVE_WITH_KNOTS('',3,(#4338,#4339,#4340,#4341,#4342),
 .UNSPECIFIED.,.F.,.F.,(4,1,4),(3.06696732289595E-14,0.00178021825619804,
0.0035604365123654),.UNSPECIFIED.);
#335=B_SPLINE_CURVE_WITH_KNOTS('',3,(#4389,#4390,#4391,#4392,#4393),
 .UNSPECIFIED.,.F.,.F.,(4,1,4),(3.46944695195361E-18,0.00360512885020183,
0.00721025770040366),.UNSPECIFIED.);
#336=B_SPLINE_CURVE_WITH_KNOTS('',3,(#4394,#4395,#4396,#4397),
 .UNSPECIFIED.,.F.,.F.,(4,4),(0.,0.0116281128373897),.UNSPECIFIED.);
#337=B_SPLINE_CURVE_WITH_KNOTS('',3,(#4443,#4444,#4445,#4446,#4447),
 .UNSPECIFIED.,.F.,.F.,(4,1,4),(3.46944695195361E-18,0.00360512885020184,
0.00721025770040367),.UNSPECIFIED.);
#338=B_SPLINE_CURVE_WITH_KNOTS('',3,(#4448,#4449,#4450,#4451),
 .UNSPECIFIED.,.F.,.F.,(4,4),(0.,0.0116601697166171),.UNSPECIFIED.);
#339=B_SPLINE_CURVE_WITH_KNOTS('',3,(#4477,#4478,#4479,#4480),
 .UNSPECIFIED.,.F.,.F.,(4,4),(0.,0.000378296427551123),.UNSPECIFIED.);
#340=B_SPLINE_CURVE_WITH_KNOTS('',3,(#4513,#4514,#4515,#4516,#4517,#4518,
#4519,#4520,#4521),.UNSPECIFIED.,.F.,.F.,(4,1,1,1,1,1,4),(6.2546344413855E-18,
0.00145128388811952,0.00217692583217928,0.00290256777623903,0.00362820972029879,
0.00435385166435855,0.00580513555247806),.UNSPECIFIED.);
#341=B_SPLINE_CURVE_WITH_KNOTS('',3,(#4525,#4526,#4527,#4528,#4529,#4530,
#4531,#4532,#4533),.UNSPECIFIED.,.F.,.F.,(4,1,1,1,1,1,4),(0.,0.00145083536026643,
0.00217625304039964,0.00290167072053285,0.00362708840066607,0.00435250608079928,
0.00580334144106571),.UNSPECIFIED.);
#342=B_SPLINE_CURVE_WITH_KNOTS('',3,(#4538,#4539,#4540,#4541),
 .UNSPECIFIED.,.F.,.F.,(4,4),(0.,0.000493568468974943),.UNSPECIFIED.);
#343=B_SPLINE_CURVE_WITH_KNOTS('',3,(#4543,#4544,#4545,#4546),
 .UNSPECIFIED.,.F.,.F.,(4,4),(0.,0.000493568468974947),.UNSPECIFIED.);
#344=B_SPLINE_CURVE_WITH_KNOTS('',3,(#4556,#4557,#4558,#4559,#4560,#4561,
#4562,#4563,#4564,#4565,#4566,#4567,#4568),.UNSPECIFIED.,.F.,.F.,(4,1,1,
1,1,1,1,1,1,1,4),(0.0108168318973682,0.0121617463475254,0.0135066607976825,
0.0141791180227611,0.0148515752478397,0.0161964896979969,0.017541404148154,
0.0182138613732326,0.0188863185983112,0.0202312330484684,0.0215761474986255),
 .UNSPECIFIED.);
#345=B_SPLINE_CURVE_WITH_KNOTS('',3,(#4569,#4570,#4571,#4572,#4573,#4574,
#4575,#4576,#4577,#4578,#4579,#4580,#4581,#4582),.UNSPECIFIED.,.F.,.F.,
(4,1,1,1,1,1,1,1,1,1,1,4),(0.0100987561311268,0.0114377808314006,0.0127768055316744,
0.0134463178818114,0.0141158302319483,0.0154548549322221,0.016124367282359,
0.0167938796324959,0.0174633919826329,0.0181329043327698,0.0194719290330436,
0.0208109537333175),.UNSPECIFIED.);
#346=B_SPLINE_CURVE_WITH_KNOTS('',3,(#4584,#4585,#4586,#4587,#4588,#4589,
#4590,#4591,#4592,#4593,#4594,#4595,#4596),.UNSPECIFIED.,.F.,.F.,(4,1,1,
1,1,1,1,1,1,1,4),(0.0164634797532414,0.0187080010797801,0.0198302617430494,
0.0209525224063188,0.0220747830695881,0.0231970437328574,0.0254415650593961,
0.0276860863859348,0.0299306077124735,0.0321751290390122,0.0344196503655509),
 .UNSPECIFIED.);
#347=B_SPLINE_CURVE_WITH_KNOTS('',3,(#4599,#4600,#4601,#4602),
 .UNSPECIFIED.,.F.,.F.,(4,4),(0.,0.00190516277843309),.UNSPECIFIED.);
#348=B_SPLINE_CURVE_WITH_KNOTS('',3,(#4603,#4604,#4605,#4606),
 .UNSPECIFIED.,.F.,.F.,(4,4),(0.,0.00189258292116914),.UNSPECIFIED.);
#349=B_SPLINE_CURVE_WITH_KNOTS('',3,(#4609,#4610,#4611,#4612,#4613,#4614,
#4615,#4616,#4617,#4618,#4619,#4620,#4621),.UNSPECIFIED.,.F.,.F.,(4,1,1,
1,1,1,1,1,1,1,4),(0.00533434940278182,0.00760480267466847,0.00987525594655511,
0.0121457092184418,0.0144161624903284,0.016686615762215,0.0178218423981584,
0.0189570690341017,0.020092295670045,0.0212275223059883,0.023497975577875),
 .UNSPECIFIED.);
#350=B_SPLINE_CURVE_WITH_KNOTS('',3,(#4779,#4780,#4781,#4782,#4783,#4784,
#4785),.UNSPECIFIED.,.F.,.F.,(4,1,1,1,4),(-1.08812293518674E-5,0.00163052211407754,
0.00327192545750695,0.00491332880093635,0.00655473214436576),
 .UNSPECIFIED.);
#351=B_SPLINE_CURVE_WITH_KNOTS('',3,(#4819,#4820,#4821,#4822,#4823,#4824,
#4825,#4826),.UNSPECIFIED.,.F.,.F.,(4,1,1,1,1,4),(-1.08484012185808E-5,
0.00161991606640831,0.0032506805340352,0.00488144500166209,0.00569682723547554,
0.00651220946928898),.UNSPECIFIED.);
#352=B_SPLINE_CURVE_WITH_KNOTS('',3,(#4828,#4829,#4830,#4831,#4832,#4833),
 .UNSPECIFIED.,.F.,.F.,(4,1,1,4),(0.,0.00104811027457415,0.00209622054914831,
0.00419244109829662),.UNSPECIFIED.);
#353=B_SPLINE_CURVE_WITH_KNOTS('',3,(#4834,#4835,#4836,#4837,#4838,#4839),
 .UNSPECIFIED.,.F.,.F.,(4,1,1,4),(0.,0.00104811027457416,0.00209622054914832,
0.00419244109829664),.UNSPECIFIED.);
#354=B_SPLINE_CURVE_WITH_KNOTS('',3,(#4885,#4886,#4887,#4888,#4889,#4890),
 .UNSPECIFIED.,.F.,.F.,(4,1,1,4),(0.,0.00102055869329573,0.00204111738659147,
0.00408223477318294),.UNSPECIFIED.);
#355=B_SPLINE_CURVE_WITH_KNOTS('',3,(#4936,#4937,#4938,#4939,#4940,#4941),
 .UNSPECIFIED.,.F.,.F.,(4,1,1,4),(0.,0.00102055869329573,0.00204111738659147,
0.00408223477318294),.UNSPECIFIED.);
#356=B_SPLINE_CURVE_WITH_KNOTS('',3,(#5021,#5022,#5023,#5024),
 .UNSPECIFIED.,.F.,.F.,(4,4),(0.,5.21131544742047E-5),.UNSPECIFIED.);
#357=B_SPLINE_CURVE_WITH_KNOTS('',3,(#5056,#5057,#5058,#5059),
 .UNSPECIFIED.,.F.,.F.,(4,4),(-1.26011472219927E-5,0.00362224747179893),
 .UNSPECIFIED.);
#358=B_SPLINE_CURVE_WITH_KNOTS('',3,(#5061,#5062,#5063,#5064),
 .UNSPECIFIED.,.F.,.F.,(4,4),(0.,5.21131544742051E-5),.UNSPECIFIED.);
#359=B_SPLINE_SURFACE_WITH_KNOTS('',3,1,((#2279,#2280),(#2281,#2282),(#2283,
#2284),(#2285,#2286),(#2287,#2288),(#2289,#2290),(#2291,#2292),(#2293,#2294),
(#2295,#2296),(#2297,#2298),(#2299,#2300)),.SURF_OF_LINEAR_EXTRUSION.,.F.,
 .F.,.F.,(4,1,1,1,1,1,1,1,4),(2,2),(-4.52327420965592E-17,0.117943990189627,
0.235887980379254,0.353831970568881,0.471775960758507,0.589719950948134,
0.707663941137761,0.825607931327388,0.943551921517015),(0.,1.),
 .UNSPECIFIED.);
#360=B_SPLINE_SURFACE_WITH_KNOTS('',3,1,((#2339,#2340),(#2341,#2342),(#2343,
#2344),(#2345,#2346)),.SURF_OF_LINEAR_EXTRUSION.,.F.,.F.,.F.,(4,4),(2,2),
(0.575085822992547,1.),(0.,1.),.PIECEWISE_BEZIER_KNOTS.);
#361=B_SPLINE_SURFACE_WITH_KNOTS('',3,1,((#2372,#2373),(#2374,#2375),(#2376,
#2377),(#2378,#2379)),.SURF_OF_LINEAR_EXTRUSION.,.F.,.F.,.F.,(4,4),(2,2),
(0.,0.427116225299609),(0.,1.),.PIECEWISE_BEZIER_KNOTS.);
#362=B_SPLINE_SURFACE_WITH_KNOTS('',3,1,((#2538,#2539),(#2540,#2541),(#2542,
#2543),(#2544,#2545)),.SURF_OF_LINEAR_EXTRUSION.,.F.,.F.,.F.,(4,4),(2,2),
(0.575085822992547,1.),(0.,1.),.PIECEWISE_BEZIER_KNOTS.);
#363=B_SPLINE_SURFACE_WITH_KNOTS('',3,1,((#2571,#2572),(#2573,#2574),(#2575,
#2576),(#2577,#2578)),.SURF_OF_LINEAR_EXTRUSION.,.F.,.F.,.F.,(4,4),(2,2),
(0.,1.),(0.,1.),.PIECEWISE_BEZIER_KNOTS.);
#364=B_SPLINE_SURFACE_WITH_KNOTS('',3,1,((#2641,#2642),(#2643,#2644),(#2645,
#2646),(#2647,#2648),(#2649,#2650),(#2651,#2652),(#2653,#2654)),
 .SURF_OF_LINEAR_EXTRUSION.,.F.,.F.,.F.,(4,1,1,1,4),(2,2),(-0.00514192691420836,
0.108332717551128,0.221807362016465,0.448756650947138,0.902655228808484),
(0.,1.),.UNSPECIFIED.);
#365=B_SPLINE_SURFACE_WITH_KNOTS('',3,1,((#2727,#2728),(#2729,#2730),(#2731,
#2732),(#2733,#2734),(#2735,#2736),(#2737,#2738),(#2739,#2740)),
 .SURF_OF_LINEAR_EXTRUSION.,.F.,.F.,.F.,(4,1,1,1,4),(2,2),(-0.00514192690213326,
0.108332717463688,0.22180736182951,0.448756650561153,0.902655228024439),
(0.,1.),.UNSPECIFIED.);
#366=B_SPLINE_SURFACE_WITH_KNOTS('',3,1,((#2854,#2855),(#2856,#2857),(#2858,
#2859),(#2860,#2861)),.SURF_OF_LINEAR_EXTRUSION.,.F.,.F.,.F.,(4,4),(2,2),
(-3.49059375456366E-15,1.),(0.,1.),.PIECEWISE_BEZIER_KNOTS.);
#367=B_SPLINE_SURFACE_WITH_KNOTS('',3,1,((#2883,#2884),(#2885,#2886),(#2887,
#2888),(#2889,#2890)),.SURF_OF_LINEAR_EXTRUSION.,.F.,.F.,.F.,(4,4),(2,2),
(0.,0.427116225299609),(0.,1.),.PIECEWISE_BEZIER_KNOTS.);
#368=B_SPLINE_SURFACE_WITH_KNOTS('',3,1,((#2919,#2920),(#2921,#2922),(#2923,
#2924),(#2925,#2926)),.SURF_OF_LINEAR_EXTRUSION.,.F.,.F.,.F.,(4,4),(2,2),
(0.0869667493123546,0.967746552263513),(0.,1.),.PIECEWISE_BEZIER_KNOTS.);
#369=B_SPLINE_SURFACE_WITH_KNOTS('',3,1,((#2963,#2964),(#2965,#2966),(#2967,
#2968),(#2969,#2970)),.SURF_OF_LINEAR_EXTRUSION.,.F.,.F.,.F.,(4,4),(2,2),
(0.00448920186401739,0.898182903276305),(0.,1.),
 .PIECEWISE_BEZIER_KNOTS.);
#370=B_SPLINE_SURFACE_WITH_KNOTS('',3,1,((#2999,#3000),(#3001,#3002),(#3003,
#3004),(#3005,#3006)),.SURF_OF_LINEAR_EXTRUSION.,.F.,.F.,.F.,(4,4),(2,2),
(0.016972945029772,1.),(0.,1.),.PIECEWISE_BEZIER_KNOTS.);
#371=B_SPLINE_SURFACE_WITH_KNOTS('',3,1,((#3031,#3032),(#3033,#3034),(#3035,
#3036),(#3037,#3038)),.SURF_OF_LINEAR_EXTRUSION.,.F.,.F.,.F.,(4,4),(2,2),
(0.00591098599366117,0.998969369419822),(0.,1.),
 .PIECEWISE_BEZIER_KNOTS.);
#372=B_SPLINE_SURFACE_WITH_KNOTS('',3,1,((#3105,#3106),(#3107,#3108),(#3109,
#3110),(#3111,#3112)),.SURF_OF_LINEAR_EXTRUSION.,.F.,.F.,.F.,(4,4),(2,2),
(0.000635345095800176,0.94206932149614),(0.,1.),
 .PIECEWISE_BEZIER_KNOTS.);
#373=B_SPLINE_SURFACE_WITH_KNOTS('',3,1,((#3152,#3153),(#3154,#3155),(#3156,
#3157),(#3158,#3159),(#3160,#3161),(#3162,#3163),(#3164,#3165),(#3166,#3167),
(#3168,#3169),(#3170,#3171),(#3172,#3173),(#3174,#3175),(#3176,#3177),(#3178,
#3179)),.SURF_OF_LINEAR_EXTRUSION.,.F.,.F.,.F.,(4,1,1,1,1,1,1,1,1,1,1,4),
(2,2),(-0.208468130274461,-0.0574096139901537,-0.0196449849190768,0.0181196441520002,
0.093648902294154,0.169178160436308,0.244707418578462,0.395765934862769,
0.546824451147077,0.697882967431385,0.848941483715692,1.),(0.,1.),
 .UNSPECIFIED.);
#374=B_SPLINE_SURFACE_WITH_KNOTS('',3,1,((#3213,#3214),(#3215,#3216),(#3217,
#3218),(#3219,#3220)),.SURF_OF_LINEAR_EXTRUSION.,.F.,.F.,.F.,(4,4),(2,2),
(0.,1.),(0.,1.),.PIECEWISE_BEZIER_KNOTS.);
#375=B_SPLINE_SURFACE_WITH_KNOTS('',3,1,((#4453,#4454),(#4455,#4456),(#4457,
#4458),(#4459,#4460),(#4461,#4462),(#4463,#4464),(#4465,#4466),(#4467,#4468),
(#4469,#4470),(#4471,#4472),(#4473,#4474)),.SURF_OF_LINEAR_EXTRUSION.,.F.,
 .F.,.F.,(4,1,1,1,1,1,1,1,4),(2,2),(-3.22477111229433E-16,0.11794399018902,
0.235887980378041,0.353831970567061,0.471775960756082,0.589719950945102,
0.707663941134123,0.825607931323143,0.943551921512163),(0.,1.),
 .UNSPECIFIED.);
#376=B_SPLINE_SURFACE_WITH_KNOTS('',3,1,((#4485,#4486),(#4487,#4488),(#4489,
#4490),(#4491,#4492),(#4493,#4494),(#4495,#4496)),
 .SURF_OF_LINEAR_EXTRUSION.,.F.,.F.,.F.,(4,1,1,4),(2,2),(0.,0.5,0.75,1.),
(0.,1.),.UNSPECIFIED.);
#377=B_SPLINE_SURFACE_WITH_KNOTS('',3,1,((#4497,#4498),(#4499,#4500),(#4501,
#4502),(#4503,#4504),(#4505,#4506),(#4507,#4508)),
 .SURF_OF_LINEAR_EXTRUSION.,.F.,.F.,.F.,(4,1,1,4),(2,2),(0.,0.5,0.75,1.),
(0.,1.),.UNSPECIFIED.);
#378=B_SPLINE_SURFACE_WITH_KNOTS('',3,1,((#4547,#4548),(#4549,#4550),(#4551,
#4552),(#4553,#4554)),.SURF_OF_LINEAR_EXTRUSION.,.F.,.F.,.F.,(4,4),(2,2),
(0.,1.),(0.,1.),.PIECEWISE_BEZIER_KNOTS.);
#379=ORIENTED_EDGE('',*,*,#925,.F.);
#380=ORIENTED_EDGE('',*,*,#926,.F.);
#381=ORIENTED_EDGE('',*,*,#927,.F.);
#382=ORIENTED_EDGE('',*,*,#928,.F.);
#383=ORIENTED_EDGE('',*,*,#929,.F.);
#384=ORIENTED_EDGE('',*,*,#930,.F.);
#385=ORIENTED_EDGE('',*,*,#927,.T.);
#386=ORIENTED_EDGE('',*,*,#931,.F.);
#387=ORIENTED_EDGE('',*,*,#932,.F.);
#388=ORIENTED_EDGE('',*,*,#933,.F.);
#389=ORIENTED_EDGE('',*,*,#934,.F.);
#390=ORIENTED_EDGE('',*,*,#935,.F.);
#391=ORIENTED_EDGE('',*,*,#936,.F.);
#392=ORIENTED_EDGE('',*,*,#937,.F.);
#393=ORIENTED_EDGE('',*,*,#934,.T.);
#394=ORIENTED_EDGE('',*,*,#938,.F.);
#395=ORIENTED_EDGE('',*,*,#939,.T.);
#396=ORIENTED_EDGE('',*,*,#940,.T.);
#397=ORIENTED_EDGE('',*,*,#941,.F.);
#398=ORIENTED_EDGE('',*,*,#942,.T.);
#399=ORIENTED_EDGE('',*,*,#943,.T.);
#400=ORIENTED_EDGE('',*,*,#944,.T.);
#401=ORIENTED_EDGE('',*,*,#945,.T.);
#402=ORIENTED_EDGE('',*,*,#946,.T.);
#403=ORIENTED_EDGE('',*,*,#947,.F.);
#404=ORIENTED_EDGE('',*,*,#948,.T.);
#405=ORIENTED_EDGE('',*,*,#949,.T.);
#406=ORIENTED_EDGE('',*,*,#950,.T.);
#407=ORIENTED_EDGE('',*,*,#951,.F.);
#408=ORIENTED_EDGE('',*,*,#952,.T.);
#409=ORIENTED_EDGE('',*,*,#953,.F.);
#410=ORIENTED_EDGE('',*,*,#954,.T.);
#411=ORIENTED_EDGE('',*,*,#955,.T.);
#412=ORIENTED_EDGE('',*,*,#956,.F.);
#413=ORIENTED_EDGE('',*,*,#957,.T.);
#414=ORIENTED_EDGE('',*,*,#958,.T.);
#415=ORIENTED_EDGE('',*,*,#959,.F.);
#416=ORIENTED_EDGE('',*,*,#960,.F.);
#417=ORIENTED_EDGE('',*,*,#941,.T.);
#418=ORIENTED_EDGE('',*,*,#961,.T.);
#419=ORIENTED_EDGE('',*,*,#962,.T.);
#420=ORIENTED_EDGE('',*,*,#963,.T.);
#421=ORIENTED_EDGE('',*,*,#964,.F.);
#422=ORIENTED_EDGE('',*,*,#965,.T.);
#423=ORIENTED_EDGE('',*,*,#966,.T.);
#424=ORIENTED_EDGE('',*,*,#967,.T.);
#425=ORIENTED_EDGE('',*,*,#942,.F.);
#426=ORIENTED_EDGE('',*,*,#963,.F.);
#427=ORIENTED_EDGE('',*,*,#968,.T.);
#428=ORIENTED_EDGE('',*,*,#969,.T.);
#429=ORIENTED_EDGE('',*,*,#970,.F.);
#430=ORIENTED_EDGE('',*,*,#971,.T.);
#431=ORIENTED_EDGE('',*,*,#972,.T.);
#432=ORIENTED_EDGE('',*,*,#973,.T.);
#433=ORIENTED_EDGE('',*,*,#974,.T.);
#434=ORIENTED_EDGE('',*,*,#975,.F.);
#435=ORIENTED_EDGE('',*,*,#976,.T.);
#436=ORIENTED_EDGE('',*,*,#977,.T.);
#437=ORIENTED_EDGE('',*,*,#978,.T.);
#438=ORIENTED_EDGE('',*,*,#979,.T.);
#439=ORIENTED_EDGE('',*,*,#979,.F.);
#440=ORIENTED_EDGE('',*,*,#980,.T.);
#441=ORIENTED_EDGE('',*,*,#981,.T.);
#442=ORIENTED_EDGE('',*,*,#982,.T.);
#443=ORIENTED_EDGE('',*,*,#983,.F.);
#444=ORIENTED_EDGE('',*,*,#984,.T.);
#445=ORIENTED_EDGE('',*,*,#985,.T.);
#446=ORIENTED_EDGE('',*,*,#986,.T.);
#447=ORIENTED_EDGE('',*,*,#987,.F.);
#448=ORIENTED_EDGE('',*,*,#988,.F.);
#449=ORIENTED_EDGE('',*,*,#982,.F.);
#450=ORIENTED_EDGE('',*,*,#989,.T.);
#451=ORIENTED_EDGE('',*,*,#990,.T.);
#452=ORIENTED_EDGE('',*,*,#991,.T.);
#453=ORIENTED_EDGE('',*,*,#992,.T.);
#454=ORIENTED_EDGE('',*,*,#993,.F.);
#455=ORIENTED_EDGE('',*,*,#986,.F.);
#456=ORIENTED_EDGE('',*,*,#994,.F.);
#457=ORIENTED_EDGE('',*,*,#995,.F.);
#458=ORIENTED_EDGE('',*,*,#996,.T.);
#459=ORIENTED_EDGE('',*,*,#997,.T.);
#460=ORIENTED_EDGE('',*,*,#998,.T.);
#461=ORIENTED_EDGE('',*,*,#999,.F.);
#462=ORIENTED_EDGE('',*,*,#1000,.T.);
#463=ORIENTED_EDGE('',*,*,#970,.T.);
#464=ORIENTED_EDGE('',*,*,#1001,.T.);
#465=ORIENTED_EDGE('',*,*,#1002,.F.);
#466=ORIENTED_EDGE('',*,*,#1003,.T.);
#467=ORIENTED_EDGE('',*,*,#1004,.T.);
#468=ORIENTED_EDGE('',*,*,#1005,.T.);
#469=ORIENTED_EDGE('',*,*,#1006,.T.);
#470=ORIENTED_EDGE('',*,*,#1007,.T.);
#471=ORIENTED_EDGE('',*,*,#1008,.T.);
#472=ORIENTED_EDGE('',*,*,#1009,.T.);
#473=ORIENTED_EDGE('',*,*,#1010,.F.);
#474=ORIENTED_EDGE('',*,*,#1011,.T.);
#475=ORIENTED_EDGE('',*,*,#974,.F.);
#476=ORIENTED_EDGE('',*,*,#1012,.T.);
#477=ORIENTED_EDGE('',*,*,#1013,.T.);
#478=ORIENTED_EDGE('',*,*,#1014,.T.);
#479=ORIENTED_EDGE('',*,*,#1015,.T.);
#480=ORIENTED_EDGE('',*,*,#1016,.T.);
#481=ORIENTED_EDGE('',*,*,#1017,.T.);
#482=ORIENTED_EDGE('',*,*,#1018,.F.);
#483=ORIENTED_EDGE('',*,*,#1017,.F.);
#484=ORIENTED_EDGE('',*,*,#1019,.T.);
#485=ORIENTED_EDGE('',*,*,#1020,.T.);
#486=ORIENTED_EDGE('',*,*,#1021,.T.);
#487=ORIENTED_EDGE('',*,*,#1022,.T.);
#488=ORIENTED_EDGE('',*,*,#1023,.T.);
#489=ORIENTED_EDGE('',*,*,#1024,.T.);
#490=ORIENTED_EDGE('',*,*,#1025,.T.);
#491=ORIENTED_EDGE('',*,*,#1026,.T.);
#492=ORIENTED_EDGE('',*,*,#947,.T.);
#493=ORIENTED_EDGE('',*,*,#1027,.T.);
#494=ORIENTED_EDGE('',*,*,#1022,.F.);
#495=ORIENTED_EDGE('',*,*,#1028,.T.);
#496=ORIENTED_EDGE('',*,*,#1029,.T.);
#497=ORIENTED_EDGE('',*,*,#1030,.T.);
#498=ORIENTED_EDGE('',*,*,#1031,.T.);
#499=ORIENTED_EDGE('',*,*,#1032,.T.);
#500=ORIENTED_EDGE('',*,*,#1033,.T.);
#501=ORIENTED_EDGE('',*,*,#1034,.T.);
#502=ORIENTED_EDGE('',*,*,#1035,.T.);
#503=ORIENTED_EDGE('',*,*,#1036,.T.);
#504=ORIENTED_EDGE('',*,*,#1037,.T.);
#505=ORIENTED_EDGE('',*,*,#1038,.T.);
#506=ORIENTED_EDGE('',*,*,#1039,.T.);
#507=ORIENTED_EDGE('',*,*,#1040,.T.);
#508=ORIENTED_EDGE('',*,*,#1041,.T.);
#509=ORIENTED_EDGE('',*,*,#1042,.T.);
#510=ORIENTED_EDGE('',*,*,#1043,.T.);
#511=ORIENTED_EDGE('',*,*,#1044,.T.);
#512=ORIENTED_EDGE('',*,*,#960,.T.);
#513=ORIENTED_EDGE('',*,*,#1045,.T.);
#514=ORIENTED_EDGE('',*,*,#1046,.T.);
#515=ORIENTED_EDGE('',*,*,#966,.F.);
#516=ORIENTED_EDGE('',*,*,#1047,.T.);
#517=ORIENTED_EDGE('',*,*,#1048,.T.);
#518=ORIENTED_EDGE('',*,*,#1049,.T.);
#519=ORIENTED_EDGE('',*,*,#1050,.T.);
#520=ORIENTED_EDGE('',*,*,#1051,.T.);
#521=ORIENTED_EDGE('',*,*,#1052,.T.);
#522=ORIENTED_EDGE('',*,*,#1053,.T.);
#523=ORIENTED_EDGE('',*,*,#1054,.T.);
#524=ORIENTED_EDGE('',*,*,#1055,.T.);
#525=ORIENTED_EDGE('',*,*,#1056,.T.);
#526=ORIENTED_EDGE('',*,*,#1057,.T.);
#527=ORIENTED_EDGE('',*,*,#1058,.T.);
#528=ORIENTED_EDGE('',*,*,#1059,.T.);
#529=ORIENTED_EDGE('',*,*,#1060,.T.);
#530=ORIENTED_EDGE('',*,*,#1061,.T.);
#531=ORIENTED_EDGE('',*,*,#1062,.T.);
#532=ORIENTED_EDGE('',*,*,#993,.T.);
#533=ORIENTED_EDGE('',*,*,#1063,.T.);
#534=ORIENTED_EDGE('',*,*,#1064,.T.);
#535=ORIENTED_EDGE('',*,*,#1065,.T.);
#536=ORIENTED_EDGE('',*,*,#1066,.T.);
#537=ORIENTED_EDGE('',*,*,#1067,.T.);
#538=ORIENTED_EDGE('',*,*,#1018,.T.);
#539=ORIENTED_EDGE('',*,*,#1024,.F.);
#540=ORIENTED_EDGE('',*,*,#1068,.T.);
#541=ORIENTED_EDGE('',*,*,#987,.T.);
#542=ORIENTED_EDGE('',*,*,#951,.T.);
#543=ORIENTED_EDGE('',*,*,#1069,.T.);
#544=ORIENTED_EDGE('',*,*,#975,.T.);
#545=ORIENTED_EDGE('',*,*,#983,.T.);
#546=ORIENTED_EDGE('',*,*,#988,.T.);
#547=ORIENTED_EDGE('',*,*,#1068,.F.);
#548=ORIENTED_EDGE('',*,*,#1023,.F.);
#549=ORIENTED_EDGE('',*,*,#1027,.F.);
#550=ORIENTED_EDGE('',*,*,#946,.F.);
#551=ORIENTED_EDGE('',*,*,#1070,.T.);
#552=ORIENTED_EDGE('',*,*,#1028,.F.);
#553=ORIENTED_EDGE('',*,*,#1071,.T.);
#554=ORIENTED_EDGE('',*,*,#1072,.T.);
#555=ORIENTED_EDGE('',*,*,#1073,.T.);
#556=ORIENTED_EDGE('',*,*,#1074,.F.);
#557=ORIENTED_EDGE('',*,*,#1075,.T.);
#558=ORIENTED_EDGE('',*,*,#959,.T.);
#559=ORIENTED_EDGE('',*,*,#1076,.T.);
#560=ORIENTED_EDGE('',*,*,#1072,.F.);
#561=ORIENTED_EDGE('',*,*,#1077,.T.);
#562=ORIENTED_EDGE('',*,*,#1078,.T.);
#563=ORIENTED_EDGE('',*,*,#1074,.T.);
#564=ORIENTED_EDGE('',*,*,#1079,.T.);
#565=ORIENTED_EDGE('',*,*,#1080,.T.);
#566=ORIENTED_EDGE('',*,*,#1081,.T.);
#567=ORIENTED_EDGE('',*,*,#1082,.T.);
#568=ORIENTED_EDGE('',*,*,#1083,.F.);
#569=ORIENTED_EDGE('',*,*,#1084,.T.);
#570=ORIENTED_EDGE('',*,*,#1085,.T.);
#571=ORIENTED_EDGE('',*,*,#1086,.T.);
#572=ORIENTED_EDGE('',*,*,#1087,.F.);
#573=ORIENTED_EDGE('',*,*,#1088,.F.);
#574=ORIENTED_EDGE('',*,*,#1089,.T.);
#575=ORIENTED_EDGE('',*,*,#1090,.F.);
#576=ORIENTED_EDGE('',*,*,#1091,.T.);
#577=ORIENTED_EDGE('',*,*,#1092,.F.);
#578=ORIENTED_EDGE('',*,*,#999,.T.);
#579=ORIENTED_EDGE('',*,*,#1093,.T.);
#580=ORIENTED_EDGE('',*,*,#1013,.F.);
#581=ORIENTED_EDGE('',*,*,#1094,.T.);
#582=ORIENTED_EDGE('',*,*,#995,.T.);
#583=ORIENTED_EDGE('',*,*,#1005,.F.);
#584=ORIENTED_EDGE('',*,*,#994,.T.);
#585=ORIENTED_EDGE('',*,*,#1004,.F.);
#586=ORIENTED_EDGE('',*,*,#954,.F.);
#587=ORIENTED_EDGE('',*,*,#1075,.F.);
#588=ORIENTED_EDGE('',*,*,#1095,.F.);
#589=ORIENTED_EDGE('',*,*,#1096,.F.);
#590=ORIENTED_EDGE('',*,*,#1097,.F.);
#591=ORIENTED_EDGE('',*,*,#1095,.T.);
#592=ORIENTED_EDGE('',*,*,#1078,.F.);
#593=ORIENTED_EDGE('',*,*,#1098,.F.);
#594=ORIENTED_EDGE('',*,*,#1098,.T.);
#595=ORIENTED_EDGE('',*,*,#1077,.F.);
#596=ORIENTED_EDGE('',*,*,#1071,.F.);
#597=ORIENTED_EDGE('',*,*,#1032,.F.);
#598=ORIENTED_EDGE('',*,*,#958,.F.);
#599=ORIENTED_EDGE('',*,*,#1099,.F.);
#600=ORIENTED_EDGE('',*,*,#1100,.F.);
#601=ORIENTED_EDGE('',*,*,#1076,.F.);
#602=ORIENTED_EDGE('',*,*,#1100,.T.);
#603=ORIENTED_EDGE('',*,*,#1101,.F.);
#604=ORIENTED_EDGE('',*,*,#1102,.F.);
#605=ORIENTED_EDGE('',*,*,#1079,.F.);
#606=ORIENTED_EDGE('',*,*,#1102,.T.);
#607=ORIENTED_EDGE('',*,*,#952,.F.);
#608=ORIENTED_EDGE('',*,*,#1073,.F.);
#609=ORIENTED_EDGE('',*,*,#1080,.F.);
#610=ORIENTED_EDGE('',*,*,#1103,.F.);
#611=ORIENTED_EDGE('',*,*,#1056,.F.);
#612=ORIENTED_EDGE('',*,*,#1104,.F.);
#613=ORIENTED_EDGE('',*,*,#972,.F.);
#614=ORIENTED_EDGE('',*,*,#1055,.F.);
#615=ORIENTED_EDGE('',*,*,#1105,.T.);
#616=ORIENTED_EDGE('',*,*,#1006,.F.);
#617=ORIENTED_EDGE('',*,*,#1094,.F.);
#618=ORIENTED_EDGE('',*,*,#1012,.F.);
#619=ORIENTED_EDGE('',*,*,#973,.F.);
#620=ORIENTED_EDGE('',*,*,#1104,.T.);
#621=ORIENTED_EDGE('',*,*,#998,.F.);
#622=ORIENTED_EDGE('',*,*,#1106,.T.);
#623=ORIENTED_EDGE('',*,*,#1057,.F.);
#624=ORIENTED_EDGE('',*,*,#1103,.T.);
#625=ORIENTED_EDGE('',*,*,#971,.F.);
#626=ORIENTED_EDGE('',*,*,#1000,.F.);
#627=ORIENTED_EDGE('',*,*,#1093,.F.);
#628=ORIENTED_EDGE('',*,*,#1107,.T.);
#629=ORIENTED_EDGE('',*,*,#1108,.T.);
#630=ORIENTED_EDGE('',*,*,#1054,.F.);
#631=ORIENTED_EDGE('',*,*,#1109,.F.);
#632=ORIENTED_EDGE('',*,*,#1019,.F.);
#633=ORIENTED_EDGE('',*,*,#1016,.F.);
#634=ORIENTED_EDGE('',*,*,#1058,.F.);
#635=ORIENTED_EDGE('',*,*,#1110,.T.);
#636=ORIENTED_EDGE('',*,*,#1111,.T.);
#637=ORIENTED_EDGE('',*,*,#990,.F.);
#638=ORIENTED_EDGE('',*,*,#985,.F.);
#639=ORIENTED_EDGE('',*,*,#1112,.F.);
#640=ORIENTED_EDGE('',*,*,#1109,.T.);
#641=ORIENTED_EDGE('',*,*,#1053,.F.);
#642=ORIENTED_EDGE('',*,*,#1113,.F.);
#643=ORIENTED_EDGE('',*,*,#1020,.F.);
#644=ORIENTED_EDGE('',*,*,#1112,.T.);
#645=ORIENTED_EDGE('',*,*,#984,.F.);
#646=ORIENTED_EDGE('',*,*,#1114,.F.);
#647=ORIENTED_EDGE('',*,*,#1059,.F.);
#648=ORIENTED_EDGE('',*,*,#1052,.F.);
#649=ORIENTED_EDGE('',*,*,#1115,.T.);
#650=ORIENTED_EDGE('',*,*,#1025,.F.);
#651=ORIENTED_EDGE('',*,*,#1021,.F.);
#652=ORIENTED_EDGE('',*,*,#1113,.T.);
#653=ORIENTED_EDGE('',*,*,#981,.F.);
#654=ORIENTED_EDGE('',*,*,#1116,.T.);
#655=ORIENTED_EDGE('',*,*,#1048,.F.);
#656=ORIENTED_EDGE('',*,*,#1114,.T.);
#657=ORIENTED_EDGE('',*,*,#989,.F.);
#658=ORIENTED_EDGE('',*,*,#1050,.F.);
#659=ORIENTED_EDGE('',*,*,#1117,.T.);
#660=ORIENTED_EDGE('',*,*,#1039,.F.);
#661=ORIENTED_EDGE('',*,*,#1118,.T.);
#662=ORIENTED_EDGE('',*,*,#1119,.F.);
#663=ORIENTED_EDGE('',*,*,#1120,.T.);
#664=ORIENTED_EDGE('',*,*,#1121,.T.);
#665=ORIENTED_EDGE('',*,*,#931,.T.);
#666=ORIENTED_EDGE('',*,*,#926,.T.);
#667=ORIENTED_EDGE('',*,*,#1122,.T.);
#668=ORIENTED_EDGE('',*,*,#1123,.T.);
#669=ORIENTED_EDGE('',*,*,#1124,.F.);
#670=ORIENTED_EDGE('',*,*,#1125,.T.);
#671=ORIENTED_EDGE('',*,*,#1088,.T.);
#672=ORIENTED_EDGE('',*,*,#1126,.T.);
#673=ORIENTED_EDGE('',*,*,#1037,.F.);
#674=ORIENTED_EDGE('',*,*,#1127,.F.);
#675=ORIENTED_EDGE('',*,*,#1047,.F.);
#676=ORIENTED_EDGE('',*,*,#965,.F.);
#677=ORIENTED_EDGE('',*,*,#1128,.T.);
#678=ORIENTED_EDGE('',*,*,#1090,.T.);
#679=ORIENTED_EDGE('',*,*,#1092,.T.);
#680=ORIENTED_EDGE('',*,*,#1129,.F.);
#681=ORIENTED_EDGE('',*,*,#1130,.T.);
#682=ORIENTED_EDGE('',*,*,#1131,.T.);
#683=ORIENTED_EDGE('',*,*,#938,.T.);
#684=ORIENTED_EDGE('',*,*,#933,.T.);
#685=ORIENTED_EDGE('',*,*,#1132,.T.);
#686=ORIENTED_EDGE('',*,*,#1133,.T.);
#687=ORIENTED_EDGE('',*,*,#943,.F.);
#688=ORIENTED_EDGE('',*,*,#967,.F.);
#689=ORIENTED_EDGE('',*,*,#1046,.F.);
#690=ORIENTED_EDGE('',*,*,#1134,.F.);
#691=ORIENTED_EDGE('',*,*,#1035,.F.);
#692=ORIENTED_EDGE('',*,*,#1135,.T.);
#693=ORIENTED_EDGE('',*,*,#1086,.F.);
#694=ORIENTED_EDGE('',*,*,#1136,.T.);
#695=ORIENTED_EDGE('',*,*,#1089,.F.);
#696=ORIENTED_EDGE('',*,*,#1091,.F.);
#697=ORIENTED_EDGE('',*,*,#1127,.T.);
#698=ORIENTED_EDGE('',*,*,#1036,.F.);
#699=ORIENTED_EDGE('',*,*,#1134,.T.);
#700=ORIENTED_EDGE('',*,*,#1045,.F.);
#701=ORIENTED_EDGE('',*,*,#1137,.T.);
#702=ORIENTED_EDGE('',*,*,#1138,.T.);
#703=ORIENTED_EDGE('',*,*,#1139,.F.);
#704=ORIENTED_EDGE('',*,*,#1140,.T.);
#705=ORIENTED_EDGE('',*,*,#1141,.T.);
#706=ORIENTED_EDGE('',*,*,#956,.T.);
#707=ORIENTED_EDGE('',*,*,#1139,.T.);
#708=ORIENTED_EDGE('',*,*,#1142,.F.);
#709=ORIENTED_EDGE('',*,*,#1031,.F.);
#710=ORIENTED_EDGE('',*,*,#1143,.T.);
#711=ORIENTED_EDGE('',*,*,#953,.T.);
#712=ORIENTED_EDGE('',*,*,#1144,.F.);
#713=ORIENTED_EDGE('',*,*,#1051,.F.);
#714=ORIENTED_EDGE('',*,*,#1118,.F.);
#715=ORIENTED_EDGE('',*,*,#1145,.F.);
#716=ORIENTED_EDGE('',*,*,#948,.F.);
#717=ORIENTED_EDGE('',*,*,#1026,.F.);
#718=ORIENTED_EDGE('',*,*,#1115,.F.);
#719=ORIENTED_EDGE('',*,*,#980,.F.);
#720=ORIENTED_EDGE('',*,*,#978,.F.);
#721=ORIENTED_EDGE('',*,*,#1146,.F.);
#722=ORIENTED_EDGE('',*,*,#1117,.F.);
#723=ORIENTED_EDGE('',*,*,#1049,.F.);
#724=ORIENTED_EDGE('',*,*,#1116,.F.);
#725=ORIENTED_EDGE('',*,*,#1030,.F.);
#726=ORIENTED_EDGE('',*,*,#1147,.T.);
#727=ORIENTED_EDGE('',*,*,#944,.F.);
#728=ORIENTED_EDGE('',*,*,#1145,.T.);
#729=ORIENTED_EDGE('',*,*,#1044,.F.);
#730=ORIENTED_EDGE('',*,*,#1148,.F.);
#731=ORIENTED_EDGE('',*,*,#977,.F.);
#732=ORIENTED_EDGE('',*,*,#1149,.T.);
#733=ORIENTED_EDGE('',*,*,#949,.F.);
#734=ORIENTED_EDGE('',*,*,#1150,.F.);
#735=ORIENTED_EDGE('',*,*,#1040,.F.);
#736=ORIENTED_EDGE('',*,*,#1146,.T.);
#737=ORIENTED_EDGE('',*,*,#1148,.T.);
#738=ORIENTED_EDGE('',*,*,#1043,.F.);
#739=ORIENTED_EDGE('',*,*,#1151,.F.);
#740=ORIENTED_EDGE('',*,*,#1038,.F.);
#741=ORIENTED_EDGE('',*,*,#1126,.F.);
#742=ORIENTED_EDGE('',*,*,#1087,.T.);
#743=ORIENTED_EDGE('',*,*,#1125,.F.);
#744=ORIENTED_EDGE('',*,*,#1152,.F.);
#745=ORIENTED_EDGE('',*,*,#1084,.F.);
#746=ORIENTED_EDGE('',*,*,#1083,.T.);
#747=ORIENTED_EDGE('',*,*,#1135,.F.);
#748=ORIENTED_EDGE('',*,*,#1034,.F.);
#749=ORIENTED_EDGE('',*,*,#1153,.F.);
#750=ORIENTED_EDGE('',*,*,#1041,.F.);
#751=ORIENTED_EDGE('',*,*,#1150,.T.);
#752=ORIENTED_EDGE('',*,*,#1154,.F.);
#753=ORIENTED_EDGE('',*,*,#1136,.F.);
#754=ORIENTED_EDGE('',*,*,#1085,.F.);
#755=ORIENTED_EDGE('',*,*,#1081,.F.);
#756=ORIENTED_EDGE('',*,*,#1082,.F.);
#757=ORIENTED_EDGE('',*,*,#1151,.T.);
#758=ORIENTED_EDGE('',*,*,#1042,.F.);
#759=ORIENTED_EDGE('',*,*,#1153,.T.);
#760=ORIENTED_EDGE('',*,*,#1033,.F.);
#761=ORIENTED_EDGE('',*,*,#962,.F.);
#762=ORIENTED_EDGE('',*,*,#1155,.T.);
#763=ORIENTED_EDGE('',*,*,#1156,.T.);
#764=ORIENTED_EDGE('',*,*,#1119,.T.);
#765=ORIENTED_EDGE('',*,*,#1128,.F.);
#766=ORIENTED_EDGE('',*,*,#964,.T.);
#767=ORIENTED_EDGE('',*,*,#1096,.T.);
#768=ORIENTED_EDGE('',*,*,#1157,.T.);
#769=ORIENTED_EDGE('',*,*,#1137,.F.);
#770=ORIENTED_EDGE('',*,*,#955,.F.);
#771=ORIENTED_EDGE('',*,*,#1158,.T.);
#772=ORIENTED_EDGE('',*,*,#1099,.T.);
#773=ORIENTED_EDGE('',*,*,#957,.F.);
#774=ORIENTED_EDGE('',*,*,#1141,.F.);
#775=ORIENTED_EDGE('',*,*,#1144,.T.);
#776=ORIENTED_EDGE('',*,*,#1101,.T.);
#777=ORIENTED_EDGE('',*,*,#1158,.F.);
#778=ORIENTED_EDGE('',*,*,#1140,.F.);
#779=ORIENTED_EDGE('',*,*,#1097,.T.);
#780=ORIENTED_EDGE('',*,*,#1142,.T.);
#781=ORIENTED_EDGE('',*,*,#1138,.F.);
#782=ORIENTED_EDGE('',*,*,#1157,.F.);
#783=ORIENTED_EDGE('',*,*,#1159,.T.);
#784=ORIENTED_EDGE('',*,*,#1160,.T.);
#785=ORIENTED_EDGE('',*,*,#1161,.T.);
#786=ORIENTED_EDGE('',*,*,#1162,.T.);
#787=ORIENTED_EDGE('',*,*,#1163,.T.);
#788=ORIENTED_EDGE('',*,*,#1164,.T.);
#789=ORIENTED_EDGE('',*,*,#1129,.T.);
#790=ORIENTED_EDGE('',*,*,#1165,.F.);
#791=ORIENTED_EDGE('',*,*,#1124,.T.);
#792=ORIENTED_EDGE('',*,*,#1166,.T.);
#793=ORIENTED_EDGE('',*,*,#1152,.T.);
#794=ORIENTED_EDGE('',*,*,#1165,.T.);
#795=ORIENTED_EDGE('',*,*,#1154,.T.);
#796=ORIENTED_EDGE('',*,*,#1143,.F.);
#797=ORIENTED_EDGE('',*,*,#935,.T.);
#798=ORIENTED_EDGE('',*,*,#937,.T.);
#799=ORIENTED_EDGE('',*,*,#1167,.T.);
#800=ORIENTED_EDGE('',*,*,#928,.T.);
#801=ORIENTED_EDGE('',*,*,#930,.T.);
#802=ORIENTED_EDGE('',*,*,#1168,.T.);
#803=ORIENTED_EDGE('',*,*,#1169,.T.);
#804=ORIENTED_EDGE('',*,*,#1170,.T.);
#805=ORIENTED_EDGE('',*,*,#1171,.T.);
#806=ORIENTED_EDGE('',*,*,#1172,.T.);
#807=ORIENTED_EDGE('',*,*,#1069,.F.);
#808=ORIENTED_EDGE('',*,*,#950,.F.);
#809=ORIENTED_EDGE('',*,*,#1173,.F.);
#810=ORIENTED_EDGE('',*,*,#1169,.F.);
#811=ORIENTED_EDGE('',*,*,#1174,.F.);
#812=ORIENTED_EDGE('',*,*,#976,.F.);
#813=ORIENTED_EDGE('',*,*,#1173,.T.);
#814=ORIENTED_EDGE('',*,*,#1149,.F.);
#815=ORIENTED_EDGE('',*,*,#1174,.T.);
#816=ORIENTED_EDGE('',*,*,#1170,.F.);
#817=ORIENTED_EDGE('',*,*,#1175,.F.);
#818=ORIENTED_EDGE('',*,*,#1172,.F.);
#819=ORIENTED_EDGE('',*,*,#1176,.F.);
#820=ORIENTED_EDGE('',*,*,#1029,.F.);
#821=ORIENTED_EDGE('',*,*,#1070,.F.);
#822=ORIENTED_EDGE('',*,*,#945,.F.);
#823=ORIENTED_EDGE('',*,*,#1176,.T.);
#824=ORIENTED_EDGE('',*,*,#1171,.F.);
#825=ORIENTED_EDGE('',*,*,#1175,.T.);
#826=ORIENTED_EDGE('',*,*,#1147,.F.);
#827=ORIENTED_EDGE('',*,*,#1122,.F.);
#828=ORIENTED_EDGE('',*,*,#925,.T.);
#829=ORIENTED_EDGE('',*,*,#1168,.F.);
#830=ORIENTED_EDGE('',*,*,#929,.T.);
#831=ORIENTED_EDGE('',*,*,#1121,.F.);
#832=ORIENTED_EDGE('',*,*,#1177,.F.);
#833=ORIENTED_EDGE('',*,*,#1132,.F.);
#834=ORIENTED_EDGE('',*,*,#932,.T.);
#835=ORIENTED_EDGE('',*,*,#1167,.F.);
#836=ORIENTED_EDGE('',*,*,#936,.T.);
#837=ORIENTED_EDGE('',*,*,#1131,.F.);
#838=ORIENTED_EDGE('',*,*,#1178,.F.);
#839=ORIENTED_EDGE('',*,*,#1179,.F.);
#840=ORIENTED_EDGE('',*,*,#1159,.F.);
#841=ORIENTED_EDGE('',*,*,#1180,.F.);
#842=ORIENTED_EDGE('',*,*,#1155,.F.);
#843=ORIENTED_EDGE('',*,*,#961,.F.);
#844=ORIENTED_EDGE('',*,*,#940,.F.);
#845=ORIENTED_EDGE('',*,*,#1180,.T.);
#846=ORIENTED_EDGE('',*,*,#1162,.F.);
#847=ORIENTED_EDGE('',*,*,#1181,.F.);
#848=ORIENTED_EDGE('',*,*,#1166,.F.);
#849=ORIENTED_EDGE('',*,*,#1123,.F.);
#850=ORIENTED_EDGE('',*,*,#1177,.T.);
#851=ORIENTED_EDGE('',*,*,#1120,.F.);
#852=ORIENTED_EDGE('',*,*,#1156,.F.);
#853=ORIENTED_EDGE('',*,*,#1130,.F.);
#854=ORIENTED_EDGE('',*,*,#1164,.F.);
#855=ORIENTED_EDGE('',*,*,#1182,.F.);
#856=ORIENTED_EDGE('',*,*,#1160,.F.);
#857=ORIENTED_EDGE('',*,*,#1179,.T.);
#858=ORIENTED_EDGE('',*,*,#939,.F.);
#859=ORIENTED_EDGE('',*,*,#1133,.F.);
#860=ORIENTED_EDGE('',*,*,#1178,.T.);
#861=ORIENTED_EDGE('',*,*,#1181,.T.);
#862=ORIENTED_EDGE('',*,*,#1161,.F.);
#863=ORIENTED_EDGE('',*,*,#1182,.T.);
#864=ORIENTED_EDGE('',*,*,#1163,.F.);
#865=ORIENTED_EDGE('',*,*,#1105,.F.);
#866=ORIENTED_EDGE('',*,*,#1108,.F.);
#867=ORIENTED_EDGE('',*,*,#1183,.F.);
#868=ORIENTED_EDGE('',*,*,#1183,.T.);
#869=ORIENTED_EDGE('',*,*,#1107,.F.);
#870=ORIENTED_EDGE('',*,*,#1184,.F.);
#871=ORIENTED_EDGE('',*,*,#1007,.F.);
#872=ORIENTED_EDGE('',*,*,#1184,.T.);
#873=ORIENTED_EDGE('',*,*,#1015,.F.);
#874=ORIENTED_EDGE('',*,*,#1185,.F.);
#875=ORIENTED_EDGE('',*,*,#1008,.F.);
#876=ORIENTED_EDGE('',*,*,#1014,.F.);
#877=ORIENTED_EDGE('',*,*,#1067,.F.);
#878=ORIENTED_EDGE('',*,*,#1186,.F.);
#879=ORIENTED_EDGE('',*,*,#1185,.T.);
#880=ORIENTED_EDGE('',*,*,#1187,.F.);
#881=ORIENTED_EDGE('',*,*,#1009,.F.);
#882=ORIENTED_EDGE('',*,*,#1186,.T.);
#883=ORIENTED_EDGE('',*,*,#1066,.F.);
#884=ORIENTED_EDGE('',*,*,#1188,.F.);
#885=ORIENTED_EDGE('',*,*,#1189,.F.);
#886=ORIENTED_EDGE('',*,*,#1010,.T.);
#887=ORIENTED_EDGE('',*,*,#1187,.T.);
#888=ORIENTED_EDGE('',*,*,#1189,.T.);
#889=ORIENTED_EDGE('',*,*,#1060,.F.);
#890=ORIENTED_EDGE('',*,*,#1190,.F.);
#891=ORIENTED_EDGE('',*,*,#968,.F.);
#892=ORIENTED_EDGE('',*,*,#1011,.F.);
#893=ORIENTED_EDGE('',*,*,#1188,.T.);
#894=ORIENTED_EDGE('',*,*,#1065,.F.);
#895=ORIENTED_EDGE('',*,*,#1191,.F.);
#896=ORIENTED_EDGE('',*,*,#1061,.F.);
#897=ORIENTED_EDGE('',*,*,#1190,.T.);
#898=ORIENTED_EDGE('',*,*,#1062,.F.);
#899=ORIENTED_EDGE('',*,*,#1192,.F.);
#900=ORIENTED_EDGE('',*,*,#1001,.F.);
#901=ORIENTED_EDGE('',*,*,#969,.F.);
#902=ORIENTED_EDGE('',*,*,#1192,.T.);
#903=ORIENTED_EDGE('',*,*,#1191,.T.);
#904=ORIENTED_EDGE('',*,*,#1193,.F.);
#905=ORIENTED_EDGE('',*,*,#1002,.T.);
#906=ORIENTED_EDGE('',*,*,#1193,.T.);
#907=ORIENTED_EDGE('',*,*,#1064,.F.);
#908=ORIENTED_EDGE('',*,*,#1194,.F.);
#909=ORIENTED_EDGE('',*,*,#1003,.F.);
#910=ORIENTED_EDGE('',*,*,#1063,.F.);
#911=ORIENTED_EDGE('',*,*,#992,.F.);
#912=ORIENTED_EDGE('',*,*,#1195,.F.);
#913=ORIENTED_EDGE('',*,*,#1194,.T.);
#914=ORIENTED_EDGE('',*,*,#1195,.T.);
#915=ORIENTED_EDGE('',*,*,#991,.F.);
#916=ORIENTED_EDGE('',*,*,#1196,.F.);
#917=ORIENTED_EDGE('',*,*,#996,.F.);
#918=ORIENTED_EDGE('',*,*,#1196,.T.);
#919=ORIENTED_EDGE('',*,*,#1111,.F.);
#920=ORIENTED_EDGE('',*,*,#1197,.F.);
#921=ORIENTED_EDGE('',*,*,#997,.F.);
#922=ORIENTED_EDGE('',*,*,#1110,.F.);
#923=ORIENTED_EDGE('',*,*,#1106,.F.);
#924=ORIENTED_EDGE('',*,*,#1197,.T.);
#925=EDGE_CURVE('',#1198,#1199,#1374,.F.);
#926=EDGE_CURVE('',#1200,#1198,#1375,.T.);
#927=EDGE_CURVE('',#1201,#1200,#1376,.T.);
#928=EDGE_CURVE('',#1199,#1201,#1377,.F.);
#929=EDGE_CURVE('',#1202,#1203,#1378,.T.);
#930=EDGE_CURVE('',#1201,#1202,#1379,.F.);
#931=EDGE_CURVE('',#1203,#1200,#1380,.T.);
#932=EDGE_CURVE('',#1204,#1205,#1381,.F.);
#933=EDGE_CURVE('',#1206,#1204,#1382,.T.);
#934=EDGE_CURVE('',#1207,#1206,#1383,.T.);
#935=EDGE_CURVE('',#1205,#1207,#1384,.F.);
#936=EDGE_CURVE('',#1208,#1209,#1385,.T.);
#937=EDGE_CURVE('',#1207,#1208,#1386,.F.);
#938=EDGE_CURVE('',#1209,#1206,#1387,.T.);
#939=EDGE_CURVE('',#1210,#1211,#185,.T.);
#940=EDGE_CURVE('',#1211,#1212,#81,.F.);
#941=EDGE_CURVE('',#1213,#1212,#186,.T.);
#942=EDGE_CURVE('',#1213,#1214,#82,.T.);
#943=EDGE_CURVE('',#1214,#1210,#187,.T.);
#944=EDGE_CURVE('',#1215,#1216,#188,.T.);
#945=EDGE_CURVE('',#1216,#1217,#189,.T.);
#946=EDGE_CURVE('',#1217,#1218,#190,.T.);
#947=EDGE_CURVE('',#1219,#1218,#83,.T.);
#948=EDGE_CURVE('',#1219,#1215,#191,.T.);
#949=EDGE_CURVE('',#1220,#1221,#192,.T.);
#950=EDGE_CURVE('',#1221,#1222,#193,.T.);
#951=EDGE_CURVE('',#1223,#1222,#194,.T.);
#952=EDGE_CURVE('',#1223,#1224,#195,.T.);
#953=EDGE_CURVE('',#1220,#1224,#84,.T.);
#954=EDGE_CURVE('',#1225,#1226,#41,.T.);
#955=EDGE_CURVE('',#1226,#1227,#85,.T.);
#956=EDGE_CURVE('',#1228,#1227,#42,.T.);
#957=EDGE_CURVE('',#1228,#1229,#86,.T.);
#958=EDGE_CURVE('',#1229,#1230,#43,.T.);
#959=EDGE_CURVE('',#1225,#1230,#87,.T.);
#960=EDGE_CURVE('',#1231,#1231,#196,.T.);
#961=EDGE_CURVE('',#1212,#1232,#197,.T.);
#962=EDGE_CURVE('',#1232,#1233,#198,.T.);
#963=EDGE_CURVE('',#1233,#1213,#44,.T.);
#964=EDGE_CURVE('',#1234,#1233,#88,.T.);
#965=EDGE_CURVE('',#1234,#1235,#199,.T.);
#966=EDGE_CURVE('',#1235,#1236,#89,.T.);
#967=EDGE_CURVE('',#1236,#1214,#200,.T.);
#968=EDGE_CURVE('',#1237,#1238,#201,.T.);
#969=EDGE_CURVE('',#1238,#1239,#202,.T.);
#970=EDGE_CURVE('',#1240,#1239,#203,.T.);
#971=EDGE_CURVE('',#1240,#1241,#204,.T.);
#972=EDGE_CURVE('',#1241,#1242,#90,.F.);
#973=EDGE_CURVE('',#1242,#1243,#205,.T.);
#974=EDGE_CURVE('',#1243,#1237,#206,.T.);
#975=EDGE_CURVE('',#1244,#1245,#207,.T.);
#976=EDGE_CURVE('',#1244,#1246,#208,.T.);
#977=EDGE_CURVE('',#1246,#1247,#209,.T.);
#978=EDGE_CURVE('',#1247,#1248,#210,.T.);
#979=EDGE_CURVE('',#1248,#1245,#91,.T.);
#980=EDGE_CURVE('',#1248,#1249,#211,.T.);
#981=EDGE_CURVE('',#1249,#1250,#212,.T.);
#982=EDGE_CURVE('',#1250,#1251,#92,.T.);
#983=EDGE_CURVE('',#1245,#1251,#213,.T.);
#984=EDGE_CURVE('',#1252,#1253,#214,.T.);
#985=EDGE_CURVE('',#1253,#1254,#215,.T.);
#986=EDGE_CURVE('',#1254,#1255,#93,.T.);
#987=EDGE_CURVE('',#1256,#1255,#94,.T.);
#988=EDGE_CURVE('',#1251,#1256,#12,.T.);
#989=EDGE_CURVE('',#1250,#1252,#216,.T.);
#990=EDGE_CURVE('',#1254,#1257,#217,.T.);
#991=EDGE_CURVE('',#1257,#1258,#95,.F.);
#992=EDGE_CURVE('',#1258,#1259,#218,.F.);
#993=EDGE_CURVE('',#1255,#1259,#96,.T.);
#994=EDGE_CURVE('',#1260,#1260,#219,.T.);
#995=EDGE_CURVE('',#1261,#1261,#220,.T.);
#996=EDGE_CURVE('',#1262,#1263,#97,.F.);
#997=EDGE_CURVE('',#1263,#1264,#221,.T.);
#998=EDGE_CURVE('',#1264,#1265,#222,.T.);
#999=EDGE_CURVE('',#1266,#1265,#223,.T.);
#1000=EDGE_CURVE('',#1266,#1240,#224,.T.);
#1001=EDGE_CURVE('',#1239,#1267,#225,.T.);
#1002=EDGE_CURVE('',#1268,#1267,#226,.T.);
#1003=EDGE_CURVE('',#1268,#1262,#227,.T.);
#1004=EDGE_CURVE('',#1269,#1269,#228,.T.);
#1005=EDGE_CURVE('',#1270,#1270,#229,.T.);
#1006=EDGE_CURVE('',#1271,#1272,#230,.T.);
#1007=EDGE_CURVE('',#1272,#1273,#231,.T.);
#1008=EDGE_CURVE('',#1273,#1274,#98,.T.);
#1009=EDGE_CURVE('',#1274,#1275,#232,.T.);
#1010=EDGE_CURVE('',#1276,#1275,#233,.T.);
#1011=EDGE_CURVE('',#1276,#1237,#234,.T.);
#1012=EDGE_CURVE('',#1243,#1277,#235,.T.);
#1013=EDGE_CURVE('',#1277,#1271,#236,.T.);
#1014=EDGE_CURVE('',#1278,#1279,#237,.T.);
#1015=EDGE_CURVE('',#1279,#1280,#99,.F.);
#1016=EDGE_CURVE('',#1280,#1281,#238,.T.);
#1017=EDGE_CURVE('',#1281,#1282,#100,.T.);
#1018=EDGE_CURVE('',#1278,#1282,#101,.T.);
#1019=EDGE_CURVE('',#1281,#1283,#239,.T.);
#1020=EDGE_CURVE('',#1283,#1284,#240,.T.);
#1021=EDGE_CURVE('',#1284,#1285,#241,.T.);
#1022=EDGE_CURVE('',#1285,#1286,#102,.T.);
#1023=EDGE_CURVE('',#1286,#1287,#13,.T.);
#1024=EDGE_CURVE('',#1287,#1282,#103,.T.);
#1025=EDGE_CURVE('',#1285,#1288,#242,.T.);
#1026=EDGE_CURVE('',#1288,#1219,#243,.T.);
#1027=EDGE_CURVE('',#1218,#1286,#244,.T.);
#1028=EDGE_CURVE('',#1289,#1290,#245,.T.);
#1029=EDGE_CURVE('',#1290,#1291,#246,.T.);
#1030=EDGE_CURVE('',#1291,#1292,#247,.T.);
#1031=EDGE_CURVE('',#1292,#1293,#104,.T.);
#1032=EDGE_CURVE('',#1293,#1289,#248,.T.);
#1033=EDGE_CURVE('',#1294,#1295,#105,.T.);
#1034=EDGE_CURVE('',#1295,#1296,#249,.T.);
#1035=EDGE_CURVE('',#1296,#1297,#250,.T.);
#1036=EDGE_CURVE('',#1297,#1298,#106,.F.);
#1037=EDGE_CURVE('',#1298,#1299,#251,.T.);
#1038=EDGE_CURVE('',#1299,#1294,#252,.T.);
#1039=EDGE_CURVE('',#1300,#1301,#107,.T.);
#1040=EDGE_CURVE('',#1301,#1302,#253,.T.);
#1041=EDGE_CURVE('',#1302,#1303,#254,.T.);
#1042=EDGE_CURVE('',#1303,#1304,#108,.F.);
#1043=EDGE_CURVE('',#1304,#1305,#255,.T.);
#1044=EDGE_CURVE('',#1305,#1300,#256,.T.);
#1045=EDGE_CURVE('',#1306,#1307,#109,.T.);
#1046=EDGE_CURVE('',#1307,#1236,#257,.T.);
#1047=EDGE_CURVE('',#1235,#1306,#258,.T.);
#1048=EDGE_CURVE('',#1308,#1309,#259,.T.);
#1049=EDGE_CURVE('',#1309,#1310,#260,.T.);
#1050=EDGE_CURVE('',#1310,#1311,#110,.F.);
#1051=EDGE_CURVE('',#1311,#1312,#261,.F.);
#1052=EDGE_CURVE('',#1312,#1313,#262,.T.);
#1053=EDGE_CURVE('',#1313,#1314,#263,.T.);
#1054=EDGE_CURVE('',#1314,#1315,#264,.T.);
#1055=EDGE_CURVE('',#1315,#1316,#265,.T.);
#1056=EDGE_CURVE('',#1316,#1317,#111,.T.);
#1057=EDGE_CURVE('',#1317,#1318,#266,.T.);
#1058=EDGE_CURVE('',#1318,#1319,#267,.T.);
#1059=EDGE_CURVE('',#1319,#1308,#268,.T.);
#1060=EDGE_CURVE('',#1320,#1321,#269,.T.);
#1061=EDGE_CURVE('',#1321,#1322,#112,.T.);
#1062=EDGE_CURVE('',#1322,#1320,#270,.T.);
#1063=EDGE_CURVE('',#1259,#1323,#14,.T.);
#1064=EDGE_CURVE('',#1323,#1324,#271,.T.);
#1065=EDGE_CURVE('',#1324,#1325,#113,.T.);
#1066=EDGE_CURVE('',#1325,#1326,#272,.T.);
#1067=EDGE_CURVE('',#1326,#1278,#15,.T.);
#1068=EDGE_CURVE('',#1287,#1256,#114,.T.);
#1069=EDGE_CURVE('',#1222,#1244,#273,.T.);
#1070=EDGE_CURVE('',#1217,#1290,#274,.T.);
#1071=EDGE_CURVE('',#1289,#1327,#275,.T.);
#1072=EDGE_CURVE('',#1327,#1328,#115,.T.);
#1073=EDGE_CURVE('',#1328,#1223,#276,.T.);
#1074=EDGE_CURVE('',#1329,#1330,#116,.T.);
#1075=EDGE_CURVE('',#1329,#1225,#117,.F.);
#1076=EDGE_CURVE('',#1230,#1330,#118,.T.);
#1077=EDGE_CURVE('',#1327,#1331,#277,.T.);
#1078=EDGE_CURVE('',#1331,#1329,#278,.T.);
#1079=EDGE_CURVE('',#1330,#1332,#279,.T.);
#1080=EDGE_CURVE('',#1332,#1328,#280,.T.);
#1081=EDGE_CURVE('',#1333,#1334,#281,.T.);
#1082=EDGE_CURVE('',#1334,#1333,#282,.F.);
#1083=EDGE_CURVE('',#1335,#1336,#283,.T.);
#1084=EDGE_CURVE('',#1335,#1336,#284,.T.);
#1085=EDGE_CURVE('',#1337,#1338,#285,.T.);
#1086=EDGE_CURVE('',#1338,#1337,#286,.T.);
#1087=EDGE_CURVE('',#1339,#1340,#287,.T.);
#1088=EDGE_CURVE('',#1340,#1339,#288,.T.);
#1089=EDGE_CURVE('',#1341,#1341,#289,.T.);
#1090=EDGE_CURVE('',#1342,#1342,#290,.T.);
#1091=EDGE_CURVE('',#1343,#1343,#291,.T.);
#1092=EDGE_CURVE('',#1344,#1344,#292,.T.);
#1093=EDGE_CURVE('',#1265,#1266,#293,.T.);
#1094=EDGE_CURVE('',#1277,#1271,#294,.T.);
#1095=EDGE_CURVE('',#1345,#1329,#45,.T.);
#1096=EDGE_CURVE('',#1226,#1345,#119,.T.);
#1097=EDGE_CURVE('',#1345,#1293,#295,.T.);
#1098=EDGE_CURVE('',#1293,#1331,#46,.T.);
#1099=EDGE_CURVE('',#1346,#1229,#120,.F.);
#1100=EDGE_CURVE('',#1330,#1346,#47,.T.);
#1101=EDGE_CURVE('',#1224,#1346,#296,.T.);
#1102=EDGE_CURVE('',#1332,#1224,#48,.T.);
#1103=EDGE_CURVE('',#1317,#1241,#297,.F.);
#1104=EDGE_CURVE('',#1242,#1316,#298,.T.);
#1105=EDGE_CURVE('',#1315,#1272,#299,.F.);
#1106=EDGE_CURVE('',#1264,#1318,#300,.T.);
#1107=EDGE_CURVE('',#1280,#1347,#301,.T.);
#1108=EDGE_CURVE('',#1347,#1315,#302,.T.);
#1109=EDGE_CURVE('',#1283,#1314,#303,.T.);
#1110=EDGE_CURVE('',#1318,#1348,#304,.F.);
#1111=EDGE_CURVE('',#1348,#1257,#305,.T.);
#1112=EDGE_CURVE('',#1319,#1253,#306,.F.);
#1113=EDGE_CURVE('',#1284,#1313,#307,.T.);
#1114=EDGE_CURVE('',#1308,#1252,#308,.F.);
#1115=EDGE_CURVE('',#1312,#1288,#309,.T.);
#1116=EDGE_CURVE('',#1249,#1309,#310,.T.);
#1117=EDGE_CURVE('',#1310,#1301,#311,.T.);
#1118=EDGE_CURVE('',#1300,#1311,#312,.T.);
#1119=EDGE_CURVE('',#1349,#1350,#313,.T.);
#1120=EDGE_CURVE('',#1349,#1351,#314,.T.);
#1121=EDGE_CURVE('',#1351,#1203,#315,.T.);
#1122=EDGE_CURVE('',#1198,#1352,#316,.T.);
#1123=EDGE_CURVE('',#1352,#1353,#317,.T.);
#1124=EDGE_CURVE('',#1354,#1353,#318,.T.);
#1125=EDGE_CURVE('',#1354,#1340,#319,.F.);
#1126=EDGE_CURVE('',#1339,#1299,#320,.F.);
#1127=EDGE_CURVE('',#1306,#1298,#321,.F.);
#1128=EDGE_CURVE('',#1234,#1350,#322,.T.);
#1129=EDGE_CURVE('',#1355,#1356,#323,.T.);
#1130=EDGE_CURVE('',#1355,#1357,#324,.T.);
#1131=EDGE_CURVE('',#1357,#1209,#325,.T.);
#1132=EDGE_CURVE('',#1204,#1358,#326,.T.);
#1133=EDGE_CURVE('',#1358,#1210,#327,.T.);
#1134=EDGE_CURVE('',#1297,#1307,#328,.T.);
#1135=EDGE_CURVE('',#1296,#1337,#329,.T.);
#1136=EDGE_CURVE('',#1338,#1356,#330,.T.);
#1137=EDGE_CURVE('',#1227,#1359,#121,.F.);
#1138=EDGE_CURVE('',#1359,#1360,#331,.T.);
#1139=EDGE_CURVE('',#1361,#1360,#49,.T.);
#1140=EDGE_CURVE('',#1361,#1362,#332,.T.);
#1141=EDGE_CURVE('',#1362,#1228,#122,.T.);
#1142=EDGE_CURVE('',#1293,#1360,#123,.T.);
#1143=EDGE_CURVE('',#1292,#1220,#124,.T.);
#1144=EDGE_CURVE('',#1361,#1224,#125,.T.);
#1145=EDGE_CURVE('',#1215,#1300,#50,.T.);
#1146=EDGE_CURVE('',#1301,#1247,#51,.T.);
#1147=EDGE_CURVE('',#1291,#1216,#333,.T.);
#1148=EDGE_CURVE('',#1292,#1305,#52,.T.);
#1149=EDGE_CURVE('',#1246,#1221,#334,.T.);
#1150=EDGE_CURVE('',#1302,#1220,#53,.T.);
#1151=EDGE_CURVE('',#1294,#1304,#335,.T.);
#1152=EDGE_CURVE('',#1292,#1354,#336,.T.);
#1153=EDGE_CURVE('',#1303,#1295,#337,.F.);
#1154=EDGE_CURVE('',#1356,#1220,#338,.T.);
#1155=EDGE_CURVE('',#1232,#1363,#126,.F.);
#1156=EDGE_CURVE('',#1363,#1349,#339,.T.);
#1157=EDGE_CURVE('',#1345,#1359,#127,.T.);
#1158=EDGE_CURVE('',#1362,#1346,#128,.T.);
#1159=EDGE_CURVE('',#1364,#1365,#129,.T.);
#1160=EDGE_CURVE('',#1365,#1366,#340,.T.);
#1161=EDGE_CURVE('',#1366,#1367,#130,.F.);
#1162=EDGE_CURVE('',#1367,#1364,#341,.T.);
#1163=EDGE_CURVE('',#1368,#1369,#131,.T.);
#1164=EDGE_CURVE('',#1369,#1355,#342,.T.);
#1165=EDGE_CURVE('',#1354,#1356,#132,.T.);
#1166=EDGE_CURVE('',#1353,#1368,#343,.T.);
#1167=EDGE_CURVE('',#1208,#1205,#344,.T.);
#1168=EDGE_CURVE('',#1202,#1199,#345,.T.);
#1169=EDGE_CURVE('',#1370,#1371,#346,.T.);
#1170=EDGE_CURVE('',#1371,#1370,#347,.T.);
#1171=EDGE_CURVE('',#1372,#1373,#348,.T.);
#1172=EDGE_CURVE('',#1373,#1372,#349,.T.);
#1173=EDGE_CURVE('',#1371,#1221,#54,.T.);
#1174=EDGE_CURVE('',#1246,#1370,#55,.T.);
#1175=EDGE_CURVE('',#1372,#1216,#56,.T.);
#1176=EDGE_CURVE('',#1291,#1373,#57,.T.);
#1177=EDGE_CURVE('',#1352,#1351,#350,.T.);
#1178=EDGE_CURVE('',#1358,#1357,#351,.T.);
#1179=EDGE_CURVE('',#1365,#1211,#352,.F.);
#1180=EDGE_CURVE('',#1363,#1364,#353,.T.);
#1181=EDGE_CURVE('',#1368,#1367,#354,.T.);
#1182=EDGE_CURVE('',#1366,#1369,#355,.F.);
#1183=EDGE_CURVE('',#1272,#1347,#58,.T.);
#1184=EDGE_CURVE('',#1273,#1280,#59,.T.);
#1185=EDGE_CURVE('',#1274,#1279,#16,.F.);
#1186=EDGE_CURVE('',#1274,#1326,#60,.T.);
#1187=EDGE_CURVE('',#1275,#1325,#61,.T.);
#1188=EDGE_CURVE('',#1321,#1325,#356,.F.);
#1189=EDGE_CURVE('',#1276,#1321,#62,.F.);
#1190=EDGE_CURVE('',#1238,#1320,#357,.F.);
#1191=EDGE_CURVE('',#1322,#1324,#358,.T.);
#1192=EDGE_CURVE('',#1267,#1322,#63,.T.);
#1193=EDGE_CURVE('',#1268,#1324,#64,.F.);
#1194=EDGE_CURVE('',#1262,#1323,#65,.T.);
#1195=EDGE_CURVE('',#1262,#1258,#17,.T.);
#1196=EDGE_CURVE('',#1263,#1257,#66,.T.);
#1197=EDGE_CURVE('',#1264,#1348,#67,.T.);
#1198=VERTEX_POINT('',#2082);
#1199=VERTEX_POINT('',#2083);
#1200=VERTEX_POINT('',#2094);
#1201=VERTEX_POINT('',#2098);
#1202=VERTEX_POINT('',#2142);
#1203=VERTEX_POINT('',#2143);
#1204=VERTEX_POINT('',#2197);
#1205=VERTEX_POINT('',#2198);
#1206=VERTEX_POINT('',#2209);
#1207=VERTEX_POINT('',#2213);
#1208=VERTEX_POINT('',#2257);
#1209=VERTEX_POINT('',#2258);
#1210=VERTEX_POINT('',#2305);
#1211=VERTEX_POINT('',#2306);
#1212=VERTEX_POINT('',#2308);
#1213=VERTEX_POINT('',#2325);
#1214=VERTEX_POINT('',#2327);
#1215=VERTEX_POINT('',#2351);
#1216=VERTEX_POINT('',#2352);
#1217=VERTEX_POINT('',#2360);
#1218=VERTEX_POINT('',#2365);
#1219=VERTEX_POINT('',#2367);
#1220=VERTEX_POINT('',#2384);
#1221=VERTEX_POINT('',#2385);
#1222=VERTEX_POINT('',#2395);
#1223=VERTEX_POINT('',#2400);
#1224=VERTEX_POINT('',#2406);
#1225=VERTEX_POINT('',#2410);
#1226=VERTEX_POINT('',#2411);
#1227=VERTEX_POINT('',#2413);
#1228=VERTEX_POINT('',#2415);
#1229=VERTEX_POINT('',#2417);
#1230=VERTEX_POINT('',#2419);
#1231=VERTEX_POINT('',#2441);
#1232=VERTEX_POINT('',#2449);
#1233=VERTEX_POINT('',#2467);
#1234=VERTEX_POINT('',#2471);
#1235=VERTEX_POINT('',#2483);
#1236=VERTEX_POINT('',#2485);
#1237=VERTEX_POINT('',#2500);
#1238=VERTEX_POINT('',#2501);
#1239=VERTEX_POINT('',#2506);
#1240=VERTEX_POINT('',#2512);
#1241=VERTEX_POINT('',#2521);
#1242=VERTEX_POINT('',#2523);
#1243=VERTEX_POINT('',#2532);
#1244=VERTEX_POINT('',#2550);
#1245=VERTEX_POINT('',#2551);
#1246=VERTEX_POINT('',#2559);
#1247=VERTEX_POINT('',#2564);
#1248=VERTEX_POINT('',#2569);
#1249=VERTEX_POINT('',#2586);
#1250=VERTEX_POINT('',#2593);
#1251=VERTEX_POINT('',#2595);
#1252=VERTEX_POINT('',#2610);
#1253=VERTEX_POINT('',#2611);
#1254=VERTEX_POINT('',#2616);
#1255=VERTEX_POINT('',#2618);
#1256=VERTEX_POINT('',#2620);
#1257=VERTEX_POINT('',#2631);
#1258=VERTEX_POINT('',#2633);
#1259=VERTEX_POINT('',#2639);
#1260=VERTEX_POINT('',#2666);
#1261=VERTEX_POINT('',#2678);
#1262=VERTEX_POINT('',#2680);
#1263=VERTEX_POINT('',#2681);
#1264=VERTEX_POINT('',#2686);
#1265=VERTEX_POINT('',#2691);
#1266=VERTEX_POINT('',#2703);
#1267=VERTEX_POINT('',#2717);
#1268=VERTEX_POINT('',#2722);
#1269=VERTEX_POINT('',#2752);
#1270=VERTEX_POINT('',#2764);
#1271=VERTEX_POINT('',#2769);
#1272=VERTEX_POINT('',#2770);
#1273=VERTEX_POINT('',#2775);
#1274=VERTEX_POINT('',#2777);
#1275=VERTEX_POINT('',#2782);
#1276=VERTEX_POINT('',#2787);
#1277=VERTEX_POINT('',#2802);
#1278=VERTEX_POINT('',#2820);
#1279=VERTEX_POINT('',#2821);
#1280=VERTEX_POINT('',#2823);
#1281=VERTEX_POINT('',#2828);
#1282=VERTEX_POINT('',#2830);
#1283=VERTEX_POINT('',#2837);
#1284=VERTEX_POINT('',#2843);
#1285=VERTEX_POINT('',#2848);
#1286=VERTEX_POINT('',#2850);
#1287=VERTEX_POINT('',#2852);
#1288=VERTEX_POINT('',#2868);
#1289=VERTEX_POINT('',#2895);
#1290=VERTEX_POINT('',#2896);
#1291=VERTEX_POINT('',#2905);
#1292=VERTEX_POINT('',#2911);
#1293=VERTEX_POINT('',#2913);
#1294=VERTEX_POINT('',#2928);
#1295=VERTEX_POINT('',#2929);
#1296=VERTEX_POINT('',#2934);
#1297=VERTEX_POINT('',#2944);
#1298=VERTEX_POINT('',#2946);
#1299=VERTEX_POINT('',#2958);
#1300=VERTEX_POINT('',#2972);
#1301=VERTEX_POINT('',#2973);
#1302=VERTEX_POINT('',#2980);
#1303=VERTEX_POINT('',#2985);
#1304=VERTEX_POINT('',#2987);
#1305=VERTEX_POINT('',#2992);
#1306=VERTEX_POINT('',#3008);
#1307=VERTEX_POINT('',#3009);
#1308=VERTEX_POINT('',#3045);
#1309=VERTEX_POINT('',#3046);
#1310=VERTEX_POINT('',#3053);
#1311=VERTEX_POINT('',#3055);
#1312=VERTEX_POINT('',#3062);
#1313=VERTEX_POINT('',#3070);
#1314=VERTEX_POINT('',#3077);
#1315=VERTEX_POINT('',#3082);
#1316=VERTEX_POINT('',#3087);
#1317=VERTEX_POINT('',#3089);
#1318=VERTEX_POINT('',#3094);
#1319=VERTEX_POINT('',#3099);
#1320=VERTEX_POINT('',#3122);
#1321=VERTEX_POINT('',#3123);
#1322=VERTEX_POINT('',#3125);
#1323=VERTEX_POINT('',#3137);
#1324=VERTEX_POINT('',#3142);
#1325=VERTEX_POINT('',#3144);
#1326=VERTEX_POINT('',#3149);
#1327=VERTEX_POINT('',#3197);
#1328=VERTEX_POINT('',#3199);
#1329=VERTEX_POINT('',#3209);
#1330=VERTEX_POINT('',#3210);
#1331=VERTEX_POINT('',#3226);
#1332=VERTEX_POINT('',#3237);
#1333=VERTEX_POINT('',#3256);
#1334=VERTEX_POINT('',#3257);
#1335=VERTEX_POINT('',#3275);
#1336=VERTEX_POINT('',#3276);
#1337=VERTEX_POINT('',#3287);
#1338=VERTEX_POINT('',#3288);
#1339=VERTEX_POINT('',#3304);
#1340=VERTEX_POINT('',#3305);
#1341=VERTEX_POINT('',#3330);
#1342=VERTEX_POINT('',#3343);
#1343=VERTEX_POINT('',#3362);
#1344=VERTEX_POINT('',#3380);
#1345=VERTEX_POINT('',#3396);
#1346=VERTEX_POINT('',#3452);
#1347=VERTEX_POINT('',#3595);
#1348=VERTEX_POINT('',#3623);
#1349=VERTEX_POINT('',#3899);
#1350=VERTEX_POINT('',#3900);
#1351=VERTEX_POINT('',#3905);
#1352=VERTEX_POINT('',#3918);
#1353=VERTEX_POINT('',#3925);
#1354=VERTEX_POINT('',#3930);
#1355=VERTEX_POINT('',#4086);
#1356=VERTEX_POINT('',#4087);
#1357=VERTEX_POINT('',#4094);
#1358=VERTEX_POINT('',#4107);
#1359=VERTEX_POINT('',#4128);
#1360=VERTEX_POINT('',#4138);
#1361=VERTEX_POINT('',#4140);
#1362=VERTEX_POINT('',#4150);
#1363=VERTEX_POINT('',#4476);
#1364=VERTEX_POINT('',#4511);
#1365=VERTEX_POINT('',#4512);
#1366=VERTEX_POINT('',#4522);
#1367=VERTEX_POINT('',#4524);
#1368=VERTEX_POINT('',#4536);
#1369=VERTEX_POINT('',#4537);
#1370=VERTEX_POINT('',#4597);
#1371=VERTEX_POINT('',#4598);
#1372=VERTEX_POINT('',#4607);
#1373=VERTEX_POINT('',#4608);
#1374=(
BOUNDED_CURVE()
B_SPLINE_CURVE(2,(#2079,#2080,#2081),.UNSPECIFIED.,.F.,.F.)
B_SPLINE_CURVE_WITH_KNOTS((3,3),(0.,1.),.PIECEWISE_BEZIER_KNOTS.)
CURVE()
GEOMETRIC_REPRESENTATION_ITEM()
RATIONAL_B_SPLINE_CURVE((1.,0.554938397435451,1.))
REPRESENTATION_ITEM('')
);
#1375=(
BOUNDED_CURVE()
B_SPLINE_CURVE(3,(#2084,#2085,#2086,#2087,#2088,#2089,#2090,#2091,#2092,
#2093),.UNSPECIFIED.,.F.,.F.)
B_SPLINE_CURVE_WITH_KNOTS((4,2,2,2,4),(3.38953495106904,3.65278206318663,
3.91602917530422,4.17927628742182,4.4425233995394),.UNSPECIFIED.)
CURVE()
GEOMETRIC_REPRESENTATION_ITEM()
RATIONAL_B_SPLINE_CURVE((1.,1.,1.,1.,1.,1.,1.,1.,1.,1.))
REPRESENTATION_ITEM('')
);
#1376=(
BOUNDED_CURVE()
B_SPLINE_CURVE(2,(#2095,#2096,#2097),.UNSPECIFIED.,.F.,.F.)
B_SPLINE_CURVE_WITH_KNOTS((3,3),(0.,1.),.PIECEWISE_BEZIER_KNOTS.)
CURVE()
GEOMETRIC_REPRESENTATION_ITEM()
RATIONAL_B_SPLINE_CURVE((1.,0.289940692914225,1.))
REPRESENTATION_ITEM('')
);
#1377=(
BOUNDED_CURVE()
B_SPLINE_CURVE(3,(#2099,#2100,#2101,#2102,#2103,#2104,#2105,#2106,#2107,
#2108),.UNSPECIFIED.,.F.,.F.)
B_SPLINE_CURVE_WITH_KNOTS((4,2,2,2,4),(3.38953495106904,3.65278206318663,
3.91602917530422,4.17927628742182,4.4425233995394),.UNSPECIFIED.)
CURVE()
GEOMETRIC_REPRESENTATION_ITEM()
RATIONAL_B_SPLINE_CURVE((1.,1.,1.,1.,1.,1.,1.,1.,1.,1.))
REPRESENTATION_ITEM('')
);
#1378=(
BOUNDED_CURVE()
B_SPLINE_CURVE(2,(#2139,#2140,#2141),.UNSPECIFIED.,.F.,.F.)
B_SPLINE_CURVE_WITH_KNOTS((3,3),(0.,1.),.PIECEWISE_BEZIER_KNOTS.)
CURVE()
GEOMETRIC_REPRESENTATION_ITEM()
RATIONAL_B_SPLINE_CURVE((1.,0.563147728313777,1.))
REPRESENTATION_ITEM('')
);
#1379=(
BOUNDED_CURVE()
B_SPLINE_CURVE(3,(#2144,#2145,#2146,#2147,#2148,#2149,#2150,#2151,#2152,
#2153),.UNSPECIFIED.,.F.,.F.)
B_SPLINE_CURVE_WITH_KNOTS((4,2,2,2,4),(2.34387731888401,2.60504780625595,
2.86621829362789,3.12738878099983,3.38855926837177),.UNSPECIFIED.)
CURVE()
GEOMETRIC_REPRESENTATION_ITEM()
RATIONAL_B_SPLINE_CURVE((1.,1.,1.,1.,1.,1.,1.,1.,1.,1.))
REPRESENTATION_ITEM('')
);
#1380=(
BOUNDED_CURVE()
B_SPLINE_CURVE(3,(#2154,#2155,#2156,#2157,#2158,#2159,#2160,#2161,#2162,
#2163),.UNSPECIFIED.,.F.,.F.)
B_SPLINE_CURVE_WITH_KNOTS((4,2,2,2,4),(2.34387731888401,2.60504780625595,
2.86621829362789,3.12738878099983,3.38855926837177),.UNSPECIFIED.)
CURVE()
GEOMETRIC_REPRESENTATION_ITEM()
RATIONAL_B_SPLINE_CURVE((1.,1.,1.,1.,1.,1.,1.,1.,1.,1.))
REPRESENTATION_ITEM('')
);
#1381=(
BOUNDED_CURVE()
B_SPLINE_CURVE(2,(#2194,#2195,#2196),.UNSPECIFIED.,.F.,.F.)
B_SPLINE_CURVE_WITH_KNOTS((3,3),(0.,1.),.PIECEWISE_BEZIER_KNOTS.)
CURVE()
GEOMETRIC_REPRESENTATION_ITEM()
RATIONAL_B_SPLINE_CURVE((1.,0.563091780238869,1.))
REPRESENTATION_ITEM('')
);
#1382=(
BOUNDED_CURVE()
B_SPLINE_CURVE(3,(#2199,#2200,#2201,#2202,#2203,#2204,#2205,#2206,#2207,
#2208),.UNSPECIFIED.,.F.,.F.)
B_SPLINE_CURVE_WITH_KNOTS((4,2,2,2,4),(6.03623806051461,6.29738303255752,
6.55852800460043,6.81967297664334,7.08081794868625),.UNSPECIFIED.)
CURVE()
GEOMETRIC_REPRESENTATION_ITEM()
RATIONAL_B_SPLINE_CURVE((1.,1.,1.,1.,1.,1.,1.,1.,1.,1.))
REPRESENTATION_ITEM('')
);
#1383=(
BOUNDED_CURVE()
B_SPLINE_CURVE(2,(#2210,#2211,#2212),.UNSPECIFIED.,.F.,.F.)
B_SPLINE_CURVE_WITH_KNOTS((3,3),(0.,1.),.PIECEWISE_BEZIER_KNOTS.)
CURVE()
GEOMETRIC_REPRESENTATION_ITEM()
RATIONAL_B_SPLINE_CURVE((1.,0.289940692903684,1.))
REPRESENTATION_ITEM('')
);
#1384=(
BOUNDED_CURVE()
B_SPLINE_CURVE(3,(#2214,#2215,#2216,#2217,#2218,#2219,#2220,#2221,#2222,
#2223),.UNSPECIFIED.,.F.,.F.)
B_SPLINE_CURVE_WITH_KNOTS((4,2,2,2,4),(6.03623806051461,6.29738303255752,
6.55852800460043,6.81967297664334,7.08081794868625),.UNSPECIFIED.)
CURVE()
GEOMETRIC_REPRESENTATION_ITEM()
RATIONAL_B_SPLINE_CURVE((1.,1.,1.,1.,1.,1.,1.,1.,1.,1.))
REPRESENTATION_ITEM('')
);
#1385=(
BOUNDED_CURVE()
B_SPLINE_CURVE(2,(#2254,#2255,#2256),.UNSPECIFIED.,.F.,.F.)
B_SPLINE_CURVE_WITH_KNOTS((3,3),(0.,1.),.PIECEWISE_BEZIER_KNOTS.)
CURVE()
GEOMETRIC_REPRESENTATION_ITEM()
RATIONAL_B_SPLINE_CURVE((1.,0.555004247214808,1.))
REPRESENTATION_ITEM('')
);
#1386=(
BOUNDED_CURVE()
B_SPLINE_CURVE(3,(#2259,#2260,#2261,#2262,#2263,#2264,#2265,#2266,#2267,
#2268),.UNSPECIFIED.,.F.,.F.)
B_SPLINE_CURVE_WITH_KNOTS((4,2,2,2,4),(4.98210799194532,5.24538616934865,
5.50866434675199,5.77194252415532,6.03522070155865),.UNSPECIFIED.)
CURVE()
GEOMETRIC_REPRESENTATION_ITEM()
RATIONAL_B_SPLINE_CURVE((1.,1.,1.,1.,1.,1.,1.,1.,1.,1.))
REPRESENTATION_ITEM('')
);
#1387=(
BOUNDED_CURVE()
B_SPLINE_CURVE(3,(#2269,#2270,#2271,#2272,#2273,#2274,#2275,#2276,#2277,
#2278),.UNSPECIFIED.,.F.,.F.)
B_SPLINE_CURVE_WITH_KNOTS((4,2,2,2,4),(4.98210799194532,5.24538616934865,
5.50866434675199,5.77194252415532,6.03522070155865),.UNSPECIFIED.)
CURVE()
GEOMETRIC_REPRESENTATION_ITEM()
RATIONAL_B_SPLINE_CURVE((1.,1.,1.,1.,1.,1.,1.,1.,1.,1.))
REPRESENTATION_ITEM('')
);
#1388=EDGE_LOOP('',(#379,#380,#381,#382));
#1389=EDGE_LOOP('',(#383,#384,#385,#386));
#1390=EDGE_LOOP('',(#387,#388,#389,#390));
#1391=EDGE_LOOP('',(#391,#392,#393,#394));
#1392=EDGE_LOOP('',(#395,#396,#397,#398,#399));
#1393=EDGE_LOOP('',(#400,#401,#402,#403,#404));
#1394=EDGE_LOOP('',(#405,#406,#407,#408,#409));
#1395=EDGE_LOOP('',(#410,#411,#412,#413,#414,#415));
#1396=EDGE_LOOP('',(#416));
#1397=EDGE_LOOP('',(#417,#418,#419,#420));
#1398=EDGE_LOOP('',(#421,#422,#423,#424,#425,#426));
#1399=EDGE_LOOP('',(#427,#428,#429,#430,#431,#432,#433));
#1400=EDGE_LOOP('',(#434,#435,#436,#437,#438));
#1401=EDGE_LOOP('',(#439,#440,#441,#442,#443));
#1402=EDGE_LOOP('',(#444,#445,#446,#447,#448,#449,#450));
#1403=EDGE_LOOP('',(#451,#452,#453,#454,#455));
#1404=EDGE_LOOP('',(#456));
#1405=EDGE_LOOP('',(#457));
#1406=EDGE_LOOP('',(#458,#459,#460,#461,#462,#463,#464,#465,#466));
#1407=EDGE_LOOP('',(#467));
#1408=EDGE_LOOP('',(#468));
#1409=EDGE_LOOP('',(#469,#470,#471,#472,#473,#474,#475,#476,#477));
#1410=EDGE_LOOP('',(#478,#479,#480,#481,#482));
#1411=EDGE_LOOP('',(#483,#484,#485,#486,#487,#488,#489));
#1412=EDGE_LOOP('',(#490,#491,#492,#493,#494));
#1413=EDGE_LOOP('',(#495,#496,#497,#498,#499));
#1414=EDGE_LOOP('',(#500,#501,#502,#503,#504,#505));
#1415=EDGE_LOOP('',(#506,#507,#508,#509,#510,#511));
#1416=EDGE_LOOP('',(#512));
#1417=EDGE_LOOP('',(#513,#514,#515,#516));
#1418=EDGE_LOOP('',(#517,#518,#519,#520,#521,#522,#523,#524,#525,#526,#527,
#528));
#1419=EDGE_LOOP('',(#529,#530,#531));
#1420=EDGE_LOOP('',(#532,#533,#534,#535,#536,#537,#538,#539,#540,#541));
#1421=EDGE_LOOP('',(#542,#543,#544,#545,#546,#547,#548,#549,#550,#551,#552,
#553,#554,#555));
#1422=EDGE_LOOP('',(#556,#557,#558,#559));
#1423=EDGE_LOOP('',(#560,#561,#562,#563,#564,#565));
#1424=EDGE_LOOP('',(#566,#567));
#1425=EDGE_LOOP('',(#568,#569));
#1426=EDGE_LOOP('',(#570,#571));
#1427=EDGE_LOOP('',(#572,#573));
#1428=EDGE_LOOP('',(#574));
#1429=EDGE_LOOP('',(#575));
#1430=EDGE_LOOP('',(#576));
#1431=EDGE_LOOP('',(#577));
#1432=EDGE_LOOP('',(#578,#579));
#1433=EDGE_LOOP('',(#580,#581));
#1434=EDGE_LOOP('',(#582));
#1435=EDGE_LOOP('',(#583));
#1436=EDGE_LOOP('',(#584));
#1437=EDGE_LOOP('',(#585));
#1438=EDGE_LOOP('',(#586,#587,#588,#589));
#1439=EDGE_LOOP('',(#590,#591,#592,#593));
#1440=EDGE_LOOP('',(#594,#595,#596,#597));
#1441=EDGE_LOOP('',(#598,#599,#600,#601));
#1442=EDGE_LOOP('',(#602,#603,#604,#605));
#1443=EDGE_LOOP('',(#606,#607,#608,#609));
#1444=EDGE_LOOP('',(#610,#611,#612,#613));
#1445=EDGE_LOOP('',(#614,#615,#616,#617,#618,#619,#620));
#1446=EDGE_LOOP('',(#621,#622,#623,#624,#625,#626,#627));
#1447=EDGE_LOOP('',(#628,#629,#630,#631,#632,#633));
#1448=EDGE_LOOP('',(#634,#635,#636,#637,#638,#639));
#1449=EDGE_LOOP('',(#640,#641,#642,#643));
#1450=EDGE_LOOP('',(#644,#645,#646,#647));
#1451=EDGE_LOOP('',(#648,#649,#650,#651,#652));
#1452=EDGE_LOOP('',(#653,#654,#655,#656,#657));
#1453=EDGE_LOOP('',(#658,#659,#660,#661));
#1454=EDGE_LOOP('',(#662,#663,#664,#665,#666,#667,#668,#669,#670,#671,#672,
#673,#674,#675,#676,#677));
#1455=EDGE_LOOP('',(#678));
#1456=EDGE_LOOP('',(#679));
#1457=EDGE_LOOP('',(#680,#681,#682,#683,#684,#685,#686,#687,#688,#689,#690,
#691,#692,#693,#694));
#1458=EDGE_LOOP('',(#695));
#1459=EDGE_LOOP('',(#696));
#1460=EDGE_LOOP('',(#697,#698,#699,#700));
#1461=EDGE_LOOP('',(#701,#702,#703,#704,#705,#706));
#1462=EDGE_LOOP('',(#707,#708,#709,#710,#711,#712));
#1463=EDGE_LOOP('',(#713,#714,#715,#716,#717,#718));
#1464=EDGE_LOOP('',(#719,#720,#721,#722,#723,#724));
#1465=EDGE_LOOP('',(#725,#726,#727,#728,#729,#730));
#1466=EDGE_LOOP('',(#731,#732,#733,#734,#735,#736));
#1467=EDGE_LOOP('',(#737,#738,#739,#740,#741,#742,#743,#744));
#1468=EDGE_LOOP('',(#745,#746));
#1469=EDGE_LOOP('',(#747,#748,#749,#750,#751,#752,#753,#754));
#1470=EDGE_LOOP('',(#755,#756));
#1471=EDGE_LOOP('',(#757,#758,#759,#760));
#1472=EDGE_LOOP('',(#761,#762,#763,#764,#765,#766));
#1473=EDGE_LOOP('',(#767,#768,#769,#770));
#1474=EDGE_LOOP('',(#771,#772,#773,#774));
#1475=EDGE_LOOP('',(#775,#776,#777,#778));
#1476=EDGE_LOOP('',(#779,#780,#781,#782));
#1477=EDGE_LOOP('',(#783,#784,#785,#786));
#1478=EDGE_LOOP('',(#787,#788,#789,#790,#791,#792));
#1479=EDGE_LOOP('',(#793,#794,#795,#796));
#1480=EDGE_LOOP('',(#797,#798,#799));
#1481=EDGE_LOOP('',(#800,#801,#802));
#1482=EDGE_LOOP('',(#803,#804));
#1483=EDGE_LOOP('',(#805,#806));
#1484=EDGE_LOOP('',(#807,#808,#809,#810,#811,#812));
#1485=EDGE_LOOP('',(#813,#814,#815,#816));
#1486=EDGE_LOOP('',(#817,#818,#819,#820,#821,#822));
#1487=EDGE_LOOP('',(#823,#824,#825,#826));
#1488=EDGE_LOOP('',(#827,#828,#829,#830,#831,#832));
#1489=EDGE_LOOP('',(#833,#834,#835,#836,#837,#838));
#1490=EDGE_LOOP('',(#839,#840,#841,#842,#843,#844));
#1491=EDGE_LOOP('',(#845,#846,#847,#848,#849,#850,#851,#852));
#1492=EDGE_LOOP('',(#853,#854,#855,#856,#857,#858,#859,#860));
#1493=EDGE_LOOP('',(#861,#862,#863,#864));
#1494=EDGE_LOOP('',(#865,#866,#867));
#1495=EDGE_LOOP('',(#868,#869,#870,#871));
#1496=EDGE_LOOP('',(#872,#873,#874,#875));
#1497=EDGE_LOOP('',(#876,#877,#878,#879));
#1498=EDGE_LOOP('',(#880,#881,#882,#883));
#1499=EDGE_LOOP('',(#884,#885,#886,#887));
#1500=EDGE_LOOP('',(#888,#889,#890,#891,#892));
#1501=EDGE_LOOP('',(#893,#894,#895,#896));
#1502=EDGE_LOOP('',(#897,#898,#899,#900,#901));
#1503=EDGE_LOOP('',(#902,#903,#904,#905));
#1504=EDGE_LOOP('',(#906,#907,#908,#909));
#1505=EDGE_LOOP('',(#910,#911,#912,#913));
#1506=EDGE_LOOP('',(#914,#915,#916,#917));
#1507=EDGE_LOOP('',(#918,#919,#920,#921));
#1508=EDGE_LOOP('',(#922,#923,#924));
#1509=FACE_BOUND('',#1388,.T.);
#1510=FACE_BOUND('',#1389,.T.);
#1511=FACE_BOUND('',#1390,.T.);
#1512=FACE_BOUND('',#1391,.T.);
#1513=FACE_BOUND('',#1392,.T.);
#1514=FACE_BOUND('',#1393,.T.);
#1515=FACE_BOUND('',#1394,.T.);
#1516=FACE_BOUND('',#1395,.T.);
#1517=FACE_BOUND('',#1396,.T.);
#1518=FACE_BOUND('',#1397,.T.);
#1519=FACE_BOUND('',#1398,.T.);
#1520=FACE_BOUND('',#1399,.T.);
#1521=FACE_BOUND('',#1400,.T.);
#1522=FACE_BOUND('',#1401,.T.);
#1523=FACE_BOUND('',#1402,.T.);
#1524=FACE_BOUND('',#1403,.T.);
#1525=FACE_BOUND('',#1404,.T.);
#1526=FACE_BOUND('',#1405,.T.);
#1527=FACE_BOUND('',#1406,.T.);
#1528=FACE_BOUND('',#1407,.T.);
#1529=FACE_BOUND('',#1408,.T.);
#1530=FACE_BOUND('',#1409,.T.);
#1531=FACE_BOUND('',#1410,.T.);
#1532=FACE_BOUND('',#1411,.T.);
#1533=FACE_BOUND('',#1412,.T.);
#1534=FACE_BOUND('',#1413,.T.);
#1535=FACE_BOUND('',#1414,.T.);
#1536=FACE_BOUND('',#1415,.T.);
#1537=FACE_BOUND('',#1416,.T.);
#1538=FACE_BOUND('',#1417,.T.);
#1539=FACE_BOUND('',#1418,.T.);
#1540=FACE_BOUND('',#1419,.T.);
#1541=FACE_BOUND('',#1420,.T.);
#1542=FACE_BOUND('',#1421,.T.);
#1543=FACE_BOUND('',#1422,.T.);
#1544=FACE_BOUND('',#1423,.T.);
#1545=FACE_BOUND('',#1424,.T.);
#1546=FACE_BOUND('',#1425,.T.);
#1547=FACE_BOUND('',#1426,.T.);
#1548=FACE_BOUND('',#1427,.T.);
#1549=FACE_BOUND('',#1428,.T.);
#1550=FACE_BOUND('',#1429,.T.);
#1551=FACE_BOUND('',#1430,.T.);
#1552=FACE_BOUND('',#1431,.T.);
#1553=FACE_BOUND('',#1432,.T.);
#1554=FACE_BOUND('',#1433,.T.);
#1555=FACE_BOUND('',#1434,.T.);
#1556=FACE_BOUND('',#1435,.T.);
#1557=FACE_BOUND('',#1436,.T.);
#1558=FACE_BOUND('',#1437,.T.);
#1559=FACE_BOUND('',#1438,.T.);
#1560=FACE_BOUND('',#1439,.T.);
#1561=FACE_BOUND('',#1440,.T.);
#1562=FACE_BOUND('',#1441,.T.);
#1563=FACE_BOUND('',#1442,.T.);
#1564=FACE_BOUND('',#1443,.T.);
#1565=FACE_BOUND('',#1444,.T.);
#1566=FACE_BOUND('',#1445,.T.);
#1567=FACE_BOUND('',#1446,.T.);
#1568=FACE_BOUND('',#1447,.T.);
#1569=FACE_BOUND('',#1448,.T.);
#1570=FACE_BOUND('',#1449,.T.);
#1571=FACE_BOUND('',#1450,.T.);
#1572=FACE_BOUND('',#1451,.T.);
#1573=FACE_BOUND('',#1452,.T.);
#1574=FACE_BOUND('',#1453,.T.);
#1575=FACE_BOUND('',#1454,.T.);
#1576=FACE_BOUND('',#1455,.T.);
#1577=FACE_BOUND('',#1456,.T.);
#1578=FACE_BOUND('',#1457,.T.);
#1579=FACE_BOUND('',#1458,.T.);
#1580=FACE_BOUND('',#1459,.T.);
#1581=FACE_BOUND('',#1460,.T.);
#1582=FACE_BOUND('',#1461,.T.);
#1583=FACE_BOUND('',#1462,.T.);
#1584=FACE_BOUND('',#1463,.T.);
#1585=FACE_BOUND('',#1464,.T.);
#1586=FACE_BOUND('',#1465,.T.);
#1587=FACE_BOUND('',#1466,.T.);
#1588=FACE_BOUND('',#1467,.T.);
#1589=FACE_BOUND('',#1468,.T.);
#1590=FACE_BOUND('',#1469,.T.);
#1591=FACE_BOUND('',#1470,.T.);
#1592=FACE_BOUND('',#1471,.T.);
#1593=FACE_BOUND('',#1472,.T.);
#1594=FACE_BOUND('',#1473,.T.);
#1595=FACE_BOUND('',#1474,.T.);
#1596=FACE_BOUND('',#1475,.T.);
#1597=FACE_BOUND('',#1476,.T.);
#1598=FACE_BOUND('',#1477,.T.);
#1599=FACE_BOUND('',#1478,.T.);
#1600=FACE_BOUND('',#1479,.T.);
#1601=FACE_BOUND('',#1480,.T.);
#1602=FACE_BOUND('',#1481,.T.);
#1603=FACE_BOUND('',#1482,.T.);
#1604=FACE_BOUND('',#1483,.T.);
#1605=FACE_BOUND('',#1484,.T.);
#1606=FACE_BOUND('',#1485,.T.);
#1607=FACE_BOUND('',#1486,.T.);
#1608=FACE_BOUND('',#1487,.T.);
#1609=FACE_BOUND('',#1488,.T.);
#1610=FACE_BOUND('',#1489,.T.);
#1611=FACE_BOUND('',#1490,.T.);
#1612=FACE_BOUND('',#1491,.T.);
#1613=FACE_BOUND('',#1492,.T.);
#1614=FACE_BOUND('',#1493,.T.);
#1615=FACE_BOUND('',#1494,.T.);
#1616=FACE_BOUND('',#1495,.T.);
#1617=FACE_BOUND('',#1496,.T.);
#1618=FACE_BOUND('',#1497,.T.);
#1619=FACE_BOUND('',#1498,.T.);
#1620=FACE_BOUND('',#1499,.T.);
#1621=FACE_BOUND('',#1500,.T.);
#1622=FACE_BOUND('',#1501,.T.);
#1623=FACE_BOUND('',#1502,.T.);
#1624=FACE_BOUND('',#1503,.T.);
#1625=FACE_BOUND('',#1504,.T.);
#1626=FACE_BOUND('',#1505,.T.);
#1627=FACE_BOUND('',#1506,.T.);
#1628=FACE_BOUND('',#1507,.T.);
#1629=FACE_BOUND('',#1508,.T.);
#1630=(
BOUNDED_SURFACE()
B_SPLINE_SURFACE(2,3,((#2049,#2050,#2051,#2052,#2053,#2054,#2055,#2056,
#2057,#2058),(#2059,#2060,#2061,#2062,#2063,#2064,#2065,#2066,#2067,#2068),
(#2069,#2070,#2071,#2072,#2073,#2074,#2075,#2076,#2077,#2078)),
 .UNSPECIFIED.,.F.,.F.,.F.)
B_SPLINE_SURFACE_WITH_KNOTS((3,3),(4,2,2,2,4),(0.,1.),(3.38953495106904,
3.65278206318663,3.91602917530422,4.17927628742182,4.4425233995394),
 .UNSPECIFIED.)
GEOMETRIC_REPRESENTATION_ITEM()
RATIONAL_B_SPLINE_SURFACE(((1.,1.,1.,1.,1.,1.,1.,1.,1.,1.),(0.289940692914224,
0.289011999885079,0.310393016756816,0.364978633444554,0.39717975493621,
0.454756609137232,0.480657587385319,0.523827717990812,0.54129731963103,
0.554938397435451),(1.,1.,1.,1.,1.,1.,1.,1.,1.,1.)))
REPRESENTATION_ITEM('')
SURFACE()
);
#1631=(
BOUNDED_SURFACE()
B_SPLINE_SURFACE(2,3,((#2109,#2110,#2111,#2112,#2113,#2114,#2115,#2116,
#2117,#2118),(#2119,#2120,#2121,#2122,#2123,#2124,#2125,#2126,#2127,#2128),
(#2129,#2130,#2131,#2132,#2133,#2134,#2135,#2136,#2137,#2138)),
 .UNSPECIFIED.,.F.,.F.,.F.)
B_SPLINE_SURFACE_WITH_KNOTS((3,3),(4,2,2,2,4),(0.,1.),(2.34387731888401,
2.60504780625595,2.86621829362789,3.12738878099983,3.38855926837177),
 .UNSPECIFIED.)
GEOMETRIC_REPRESENTATION_ITEM()
RATIONAL_B_SPLINE_SURFACE(((1.,1.,1.,1.,1.,1.,1.,1.,1.,1.),(0.563147728313777,
0.549289931993678,0.531518356331487,0.48748857586634,0.461026206452224,
0.402002599048714,0.368904959042477,0.312390437968424,0.290012492876745,
0.289940692914225),(1.,1.,1.,1.,1.,1.,1.,1.,1.,1.)))
REPRESENTATION_ITEM('')
SURFACE()
);
#1632=(
BOUNDED_SURFACE()
B_SPLINE_SURFACE(2,3,((#2164,#2165,#2166,#2167,#2168,#2169,#2170,#2171,
#2172,#2173),(#2174,#2175,#2176,#2177,#2178,#2179,#2180,#2181,#2182,#2183),
(#2184,#2185,#2186,#2187,#2188,#2189,#2190,#2191,#2192,#2193)),
 .UNSPECIFIED.,.F.,.F.,.F.)
B_SPLINE_SURFACE_WITH_KNOTS((3,3),(4,2,2,2,4),(0.,1.),(6.03623806051461,
6.29738303255752,6.55852800460043,6.81967297664334,7.08081794868625),
 .UNSPECIFIED.)
GEOMETRIC_REPRESENTATION_ITEM()
RATIONAL_B_SPLINE_SURFACE(((1.,1.,1.,1.,1.,1.,1.,1.,1.,1.),(0.289940692903684,
0.290012489642475,0.312381976629209,0.368879658401008,0.401969212189536,
0.460981156070628,0.487439623828162,0.531464292996043,0.549234614713443,
0.563091780238869),(1.,1.,1.,1.,1.,1.,1.,1.,1.,1.)))
REPRESENTATION_ITEM('')
SURFACE()
);
#1633=(
BOUNDED_SURFACE()
B_SPLINE_SURFACE(2,3,((#2224,#2225,#2226,#2227,#2228,#2229,#2230,#2231,
#2232,#2233),(#2234,#2235,#2236,#2237,#2238,#2239,#2240,#2241,#2242,#2243),
(#2244,#2245,#2246,#2247,#2248,#2249,#2250,#2251,#2252,#2253)),
 .UNSPECIFIED.,.F.,.F.,.F.)
B_SPLINE_SURFACE_WITH_KNOTS((3,3),(4,2,2,2,4),(0.,1.),(4.98210799194532,
5.24538616934865,5.50866434675199,5.77194252415532,6.03522070155865),
 .UNSPECIFIED.)
GEOMETRIC_REPRESENTATION_ITEM()
RATIONAL_B_SPLINE_SURFACE(((1.,1.,1.,1.,1.,1.,1.,1.,1.,1.),(0.555004247214808,
0.541362274509647,0.523891041892064,0.480714631597873,0.454808951736553,
0.397218299538542,0.365007715362426,0.310402544789332,0.289011730634683,
0.289940692903684),(1.,1.,1.,1.,1.,1.,1.,1.,1.,1.)))
REPRESENTATION_ITEM('')
SURFACE()
);
#1634=(
BOUNDED_SURFACE()
B_SPLINE_SURFACE(3,2,((#3398,#3399,#3400),(#3401,#3402,#3403),(#3404,#3405,
#3406),(#3407,#3408,#3409),(#3410,#3411,#3412),(#3413,#3414,#3415),(#3416,
#3417,#3418)),.UNSPECIFIED.,.F.,.F.,.F.)
B_SPLINE_SURFACE_WITH_KNOTS((4,1,1,1,4),(3,3),(0.,0.00188358780947204,0.00376717561894407,
0.00565076342841611,0.00753435123788814),(0.,1.),.UNSPECIFIED.)
GEOMETRIC_REPRESENTATION_ITEM()
RATIONAL_B_SPLINE_SURFACE(((1.,0.707106781186547,1.),(1.,0.707106781186547,
1.),(1.,0.707106781186547,1.),(1.,0.707106781186547,1.),(1.,0.707106781186547,
1.),(1.,0.707106781186548,1.),(1.,0.707106781186548,1.)))
REPRESENTATION_ITEM('')
SURFACE()
);
#1635=(
BOUNDED_SURFACE()
B_SPLINE_SURFACE(3,2,((#3426,#3427,#3428),(#3429,#3430,#3431),(#3432,#3433,
#3434),(#3435,#3436,#3437),(#3438,#3439,#3440),(#3441,#3442,#3443),(#3444,
#3445,#3446),(#3447,#3448,#3449)),.UNSPECIFIED.,.F.,.F.,.F.)
B_SPLINE_SURFACE_WITH_KNOTS((4,1,1,1,1,4),(3,3),(2.94902990916057E-17,0.00424062250722008,
0.00848124501444012,0.0127218675216602,0.0148421787752702,0.0169624900288802),
(0.,1.),.UNSPECIFIED.)
GEOMETRIC_REPRESENTATION_ITEM()
RATIONAL_B_SPLINE_SURFACE(((1.,0.707106781186548,1.),(1.,0.709583111107891,
1.),(1.,0.715663998589674,1.),(1.,0.727280432875607,1.),(1.,0.73931747993344,
1.),(1.,0.750464241717926,1.),(1.,0.757072539070932,1.),(1.,0.760209274911114,
1.)))
REPRESENTATION_ITEM('')
SURFACE()
);
#1636=(
BOUNDED_SURFACE()
B_SPLINE_SURFACE(3,2,((#3454,#3455,#3456),(#3457,#3458,#3459),(#3460,#3461,
#3462),(#3463,#3464,#3465),(#3466,#3467,#3468),(#3469,#3470,#3471),(#3472,
#3473,#3474)),.UNSPECIFIED.,.F.,.F.,.F.)
B_SPLINE_SURFACE_WITH_KNOTS((4,1,1,1,4),(3,3),(-4.33680868994202E-17,0.00189122998834978,
0.00378245997669961,0.00567368996504943,0.00756491995339926),(0.,1.),
 .UNSPECIFIED.)
GEOMETRIC_REPRESENTATION_ITEM()
RATIONAL_B_SPLINE_SURFACE(((1.,0.707106781186548,1.),(1.,0.707106781186548,
1.),(1.,0.707106781186548,1.),(1.,0.707106781186546,1.),(1.,0.707106781186549,
1.),(1.,0.707106781186548,1.),(1.,0.707106781186548,1.)))
REPRESENTATION_ITEM('')
SURFACE()
);
#1637=(
BOUNDED_SURFACE()
B_SPLINE_SURFACE(3,2,((#3482,#3483,#3484),(#3485,#3486,#3487),(#3488,#3489,
#3490),(#3491,#3492,#3493),(#3494,#3495,#3496),(#3497,#3498,#3499),(#3500,
#3501,#3502),(#3503,#3504,#3505)),.UNSPECIFIED.,.F.,.F.,.F.)
B_SPLINE_SURFACE_WITH_KNOTS((4,1,1,1,1,4),(3,3),(1.95156391047391E-17,0.00424062250722007,
0.00848124501444012,0.0127218675216602,0.0148421787752702,0.0169624900288802),
(0.,1.),.UNSPECIFIED.)
GEOMETRIC_REPRESENTATION_ITEM()
RATIONAL_B_SPLINE_SURFACE(((1.,0.707106781186546,1.),(1.,0.709583111110334,
1.),(1.,0.715663998588492,1.),(1.,0.727280432876085,1.),(1.,0.739317479932907,
1.),(1.,0.750464241718787,1.),(1.,0.757072539069044,1.),(1.,0.760209274911115,
1.)))
REPRESENTATION_ITEM('')
SURFACE()
);
#1638=(
BOUNDED_SURFACE()
B_SPLINE_SURFACE(3,2,((#3515,#3516,#3517),(#3518,#3519,#3520),(#3521,#3522,
#3523),(#3524,#3525,#3526),(#3527,#3528,#3529),(#3530,#3531,#3532),(#3533,
#3534,#3535),(#3536,#3537,#3538),(#3539,#3540,#3541)),.UNSPECIFIED.,.F.,
 .F.,.F.)
B_SPLINE_SURFACE_WITH_KNOTS((4,1,1,1,1,1,4),(3,3),(0.125736239367753,0.129601514215634,
0.133466789063515,0.141197338759276,0.145062613607157,0.148927888455038,
0.156658438150799),(0.,1.),.UNSPECIFIED.)
GEOMETRIC_REPRESENTATION_ITEM()
RATIONAL_B_SPLINE_SURFACE(((1.,0.708134471338073,1.),(1.,0.70815680948031,
1.),(1.,0.707133721625068,1.),(1.,0.705650692919482,1.),(1.,0.703334141531026,
1.),(1.,0.699945906400086,1.),(1.,0.696375009033506,1.),(1.,0.692910858899138,
1.),(1.,0.689831935064501,1.)))
REPRESENTATION_ITEM('')
SURFACE()
);
#1639=(
BOUNDED_SURFACE()
B_SPLINE_SURFACE(3,2,((#3547,#3548,#3549),(#3550,#3551,#3552),(#3553,#3554,
#3555),(#3556,#3557,#3558),(#3559,#3560,#3561),(#3562,#3563,#3564),(#3565,
#3566,#3567),(#3568,#3569,#3570),(#3571,#3572,#3573)),.UNSPECIFIED.,.F.,
 .F.,.F.)
B_SPLINE_SURFACE_WITH_KNOTS((4,1,1,1,1,1,4),(3,3),(0.125736239367752,0.129601514215633,
0.133466789063514,0.141197338759275,0.145062613607156,0.148927888455037,
0.156658438150799),(0.,1.),.UNSPECIFIED.)
GEOMETRIC_REPRESENTATION_ITEM()
RATIONAL_B_SPLINE_SURFACE(((1.,0.708134471338073,1.),(1.,0.70815680947981,
1.),(1.,0.707133721625293,1.),(1.,0.705650692919357,1.),(1.,0.70333414153102,
1.),(1.,0.699945906400128,1.),(1.,0.696375009033252,1.),(1.,0.692910858900284,
1.),(1.,0.689831935064501,1.)))
REPRESENTATION_ITEM('')
SURFACE()
);
#1640=(
BOUNDED_SURFACE()
B_SPLINE_SURFACE(3,2,((#3579,#3580,#3581),(#3582,#3583,#3584),(#3585,#3586,
#3587),(#3588,#3589,#3590)),.UNSPECIFIED.,.F.,.F.,.F.)
B_SPLINE_SURFACE_WITH_KNOTS((4,4),(3,3),(0.0269100010969446,0.0354223312152942),
(0.,1.),.PIECEWISE_BEZIER_KNOTS.)
GEOMETRIC_REPRESENTATION_ITEM()
RATIONAL_B_SPLINE_SURFACE(((1.,0.706562875426248,1.),(1.,0.706588888450445,
1.),(1.,0.706615063213774,1.),(1.,0.706641253376786,1.)))
REPRESENTATION_ITEM('')
SURFACE()
);
#1641=(
BOUNDED_SURFACE()
B_SPLINE_SURFACE(3,2,((#3606,#3607,#3608),(#3609,#3610,#3611),(#3612,#3613,
#3614),(#3615,#3616,#3617)),.UNSPECIFIED.,.F.,.F.,.F.)
B_SPLINE_SURFACE_WITH_KNOTS((4,4),(3,3),(0.026910001096945,0.0354223312152942),
(0.,1.),.PIECEWISE_BEZIER_KNOTS.)
GEOMETRIC_REPRESENTATION_ITEM()
RATIONAL_B_SPLINE_SURFACE(((1.,0.706562875426248,1.),(1.,0.706588888448553,
1.),(1.,0.706615063207786,1.),(1.,0.706641253376788,1.)))
REPRESENTATION_ITEM('')
SURFACE()
);
#1642=(
BOUNDED_SURFACE()
B_SPLINE_SURFACE(3,2,((#3633,#3634,#3635),(#3636,#3637,#3638),(#3639,#3640,
#3641),(#3642,#3643,#3644),(#3645,#3646,#3647)),.UNSPECIFIED.,.F.,.F.,.F.)
B_SPLINE_SURFACE_WITH_KNOTS((4,1,4),(3,3),(0.0257794133696106,0.0597528627977647,
0.0937263122259188),(0.,1.),.UNSPECIFIED.)
GEOMETRIC_REPRESENTATION_ITEM()
RATIONAL_B_SPLINE_SURFACE(((1.,0.707106781186548,1.),(1.,0.707106781186548,
1.),(1.,0.707106781186548,1.),(1.,0.707106781186547,1.),(1.,0.707106781186547,
1.)))
REPRESENTATION_ITEM('')
SURFACE()
);
#1643=(
BOUNDED_SURFACE()
B_SPLINE_SURFACE(3,2,((#3653,#3654,#3655),(#3656,#3657,#3658),(#3659,#3660,
#3661),(#3662,#3663,#3664),(#3665,#3666,#3667)),.UNSPECIFIED.,.F.,.F.,.F.)
B_SPLINE_SURFACE_WITH_KNOTS((4,1,4),(3,3),(0.0257794133696106,0.0597528627977639,
0.0937263122259171),(0.,1.),.UNSPECIFIED.)
GEOMETRIC_REPRESENTATION_ITEM()
RATIONAL_B_SPLINE_SURFACE(((1.,0.707106781186548,1.),(1.,0.707106781186548,
1.),(1.,0.707106781186548,1.),(1.,0.707106781186548,1.),(1.,0.707106781186548,
1.)))
REPRESENTATION_ITEM('')
SURFACE()
);
#1644=(
BOUNDED_SURFACE()
B_SPLINE_SURFACE(3,2,((#3673,#3674,#3675),(#3676,#3677,#3678),(#3679,#3680,
#3681),(#3682,#3683,#3684),(#3685,#3686,#3687),(#3688,#3689,#3690),(#3691,
#3692,#3693),(#3694,#3695,#3696),(#3697,#3698,#3699),(#3700,#3701,#3702),
(#3703,#3704,#3705),(#3706,#3707,#3708)),.UNSPECIFIED.,.F.,.F.,.F.)
B_SPLINE_SURFACE_WITH_KNOTS((4,1,1,1,1,1,1,1,1,4),(3,3),(0.0771837891371715,
0.0776571592355049,0.0781305293338383,0.079077269530505,0.0809707499238386,
0.0828642303171721,0.0847577107105056,0.0866511911038391,0.0885446714971727,
0.0923316322838397),(0.,1.),.UNSPECIFIED.)
GEOMETRIC_REPRESENTATION_ITEM()
RATIONAL_B_SPLINE_SURFACE(((1.,0.704626113978397,1.),(1.,0.70460082939481,
1.),(1.,0.704837998006767,1.),(1.,0.705192143253333,1.),(1.,0.706004589219181,
1.),(1.,0.707486092714712,1.),(1.,0.709941830178983,1.),(1.,0.71312997443175,
1.),(1.,0.717090154334226,1.),(1.,0.723052332110868,1.),(1.,0.728170876497329,
1.),(1.,0.731385956520122,1.)))
REPRESENTATION_ITEM('')
SURFACE()
);
#1645=(
BOUNDED_SURFACE()
B_SPLINE_SURFACE(3,2,((#3726,#3727,#3728),(#3729,#3730,#3731),(#3732,#3733,
#3734),(#3735,#3736,#3737),(#3738,#3739,#3740),(#3741,#3742,#3743),(#3744,
#3745,#3746),(#3747,#3748,#3749),(#3750,#3751,#3752),(#3753,#3754,#3755),
(#3756,#3757,#3758)),.UNSPECIFIED.,.F.,.F.,.F.)
B_SPLINE_SURFACE_WITH_KNOTS((4,1,1,1,1,1,1,1,4),(3,3),(0.0306047459287068,
0.0344324908134079,0.0382602356981089,0.0401741081404594,0.0420879805828099,
0.0440018530251604,0.0449587892463356,0.0454372573569232,0.0459157254675109),
(0.,1.),.UNSPECIFIED.)
GEOMETRIC_REPRESENTATION_ITEM()
RATIONAL_B_SPLINE_SURFACE(((1.,0.731385658740146,1.),(1.,0.728174470480914,
1.),(1.,0.72139687280914,1.),(1.,0.714255372453883,1.),(1.,0.709982372427389,
1.),(1.,0.707511574494246,1.),(1.,0.706015999587657,1.),(1.,0.705195449568806,
1.),(1.,0.704838762043495,1.),(1.,0.704600796077039,1.),(1.,0.704626158098746,
1.)))
REPRESENTATION_ITEM('')
SURFACE()
);
#1646=(
BOUNDED_SURFACE()
B_SPLINE_SURFACE(3,2,((#3785,#3786,#3787),(#3788,#3789,#3790),(#3791,#3792,
#3793),(#3794,#3795,#3796),(#3797,#3798,#3799),(#3800,#3801,#3802),(#3803,
#3804,#3805),(#3806,#3807,#3808),(#3809,#3810,#3811),(#3812,#3813,#3814),
(#3815,#3816,#3817),(#3818,#3819,#3820),(#3821,#3822,#3823),(#3824,#3825,
#3826),(#3827,#3828,#3829),(#3830,#3831,#3832),(#3833,#3834,#3835),(#3836,
#3837,#3838),(#3839,#3840,#3841),(#3842,#3843,#3844),(#3845,#3846,#3847),
(#3848,#3849,#3850),(#3851,#3852,#3853),(#3854,#3855,#3856),(#3857,#3858,
#3859),(#3860,#3861,#3862),(#3863,#3864,#3865),(#3866,#3867,#3868),(#3869,
#3870,#3871),(#3872,#3873,#3874),(#3875,#3876,#3877),(#3878,#3879,#3880),
(#3881,#3882,#3883),(#3884,#3885,#3886),(#3887,#3888,#3889),(#3890,#3891,
#3892)),.UNSPECIFIED.,.F.,.F.,.F.)
B_SPLINE_SURFACE_WITH_KNOTS((4,1,1,1,1,1,1,1,1,1,1,1,1,1,1,1,1,1,1,1,1,
1,1,1,1,1,1,1,1,1,1,1,1,4),(3,3),(0.0480850236021271,0.0483349332598323,
0.0484598880886849,0.0485848429175375,0.0490846622329479,0.0500843008637688,
0.0510839394945896,0.0520835781254104,0.0540828553870521,0.0560821326486938,
0.0600806871719771,0.0640792416952604,0.0680777962185438,0.0720763507418271,
0.0760749052651104,0.0800734597883938,0.0840720143116771,0.0880705688349604,
0.0900698460966021,0.0920691233582438,0.0940684006198854,0.0950680392507063,
0.0960676778815271,0.0965674971969375,0.0966924520257901,0.0968174068546427,
0.097067316512348,0.0975671358277584,0.0980669551431688,0.0990665937739896,
0.10006623240481,0.104064786928094,0.108063341451377,0.11206189597466),
(0.,1.),.UNSPECIFIED.)
GEOMETRIC_REPRESENTATION_ITEM()
RATIONAL_B_SPLINE_SURFACE(((1.,0.707106781186548,1.),(1.,0.707106781186548,
1.),(1.,0.707106781186548,1.),(1.,0.707106781186547,1.),(1.,0.707106781186548,
1.),(1.,0.707106781186547,1.),(1.,0.707106781186547,1.),(1.,0.707106781186548,
1.),(1.,0.707106781186548,1.),(1.,0.707106781186548,1.),(1.,0.707106781186548,
1.),(1.,0.707106781186548,1.),(1.,0.707106781186547,1.),(1.,0.707106781186548,
1.),(1.,0.707106781186547,1.),(1.,0.707106781186548,1.),(1.,0.707106781186547,
1.),(1.,0.707106781186548,1.),(1.,0.707106781186548,1.),(1.,0.707106781186547,
1.),(1.,0.707106781186548,1.),(1.,0.707106781186547,1.),(1.,0.707106781186547,
1.),(1.,0.707106781186549,1.),(1.,0.707106781186547,1.),(1.,0.707106781186548,
1.),(1.,0.707106781186547,1.),(1.,0.707106781186548,1.),(1.,0.707106781186547,
1.),(1.,0.707106781186547,1.),(1.,0.707106781186548,1.),(1.,0.707106781186547,
1.),(1.,0.707106781186548,1.),(1.,0.707106781186548,1.),(1.,0.707106781186548,
1.),(1.,0.707106781186547,1.)))
REPRESENTATION_ITEM('')
SURFACE()
);
#1647=(
BOUNDED_SURFACE()
B_SPLINE_SURFACE(3,2,((#3974,#3975,#3976),(#3977,#3978,#3979),(#3980,#3981,
#3982),(#3983,#3984,#3985),(#3986,#3987,#3988),(#3989,#3990,#3991),(#3992,
#3993,#3994),(#3995,#3996,#3997),(#3998,#3999,#4000),(#4001,#4002,#4003),
(#4004,#4005,#4006),(#4007,#4008,#4009),(#4010,#4011,#4012),(#4013,#4014,
#4015),(#4016,#4017,#4018),(#4019,#4020,#4021),(#4022,#4023,#4024),(#4025,
#4026,#4027),(#4028,#4029,#4030),(#4031,#4032,#4033),(#4034,#4035,#4036),
(#4037,#4038,#4039),(#4040,#4041,#4042),(#4043,#4044,#4045),(#4046,#4047,
#4048),(#4049,#4050,#4051),(#4052,#4053,#4054),(#4055,#4056,#4057),(#4058,
#4059,#4060),(#4061,#4062,#4063),(#4064,#4065,#4066),(#4067,#4068,#4069),
(#4070,#4071,#4072),(#4073,#4074,#4075),(#4076,#4077,#4078),(#4079,#4080,
#4081)),.UNSPECIFIED.,.F.,.F.,.F.)
B_SPLINE_SURFACE_WITH_KNOTS((4,1,1,1,1,1,1,1,1,1,1,1,1,1,1,1,1,1,1,1,1,
1,1,1,1,1,1,1,1,1,1,1,1,4),(3,3),(0.0480850236021271,0.0483349332598323,
0.0484598880886849,0.0485848429175375,0.0490846622329479,0.0500843008637688,
0.0510839394945896,0.0520835781254105,0.0540828553870521,0.0560821326486938,
0.0600806871719771,0.0640792416952605,0.0680777962185438,0.0720763507418271,
0.0760749052651105,0.0800734597883938,0.0840720143116771,0.0880705688349605,
0.0900698460966021,0.0920691233582438,0.0940684006198855,0.0950680392507063,
0.0960676778815271,0.0965674971969376,0.0966924520257902,0.0968174068546428,
0.097067316512348,0.0975671358277584,0.0980669551431688,0.0990665937739896,
0.10006623240481,0.104064786928094,0.108063341451377,0.11206189597466),
(0.,1.),.UNSPECIFIED.)
GEOMETRIC_REPRESENTATION_ITEM()
RATIONAL_B_SPLINE_SURFACE(((1.,0.707106781186548,1.),(1.,0.707106781186548,
1.),(1.,0.707106781186548,1.),(1.,0.707106781186547,1.),(1.,0.707106781186548,
1.),(1.,0.707106781186547,1.),(1.,0.707106781186547,1.),(1.,0.707106781186548,
1.),(1.,0.707106781186547,1.),(1.,0.707106781186548,1.),(1.,0.707106781186547,
1.),(1.,0.707106781186548,1.),(1.,0.707106781186548,1.),(1.,0.707106781186547,
1.),(1.,0.707106781186548,1.),(1.,0.707106781186547,1.),(1.,0.707106781186548,
1.),(1.,0.707106781186547,1.),(1.,0.707106781186548,1.),(1.,0.707106781186547,
1.),(1.,0.707106781186547,1.),(1.,0.707106781186547,1.),(1.,0.707106781186548,
1.),(1.,0.707106781186547,1.),(1.,0.707106781186547,1.),(1.,0.707106781186547,
1.),(1.,0.707106781186547,1.),(1.,0.707106781186548,1.),(1.,0.707106781186547,
1.),(1.,0.707106781186548,1.),(1.,0.707106781186547,1.),(1.,0.707106781186548,
1.),(1.,0.707106781186548,1.),(1.,0.707106781186548,1.),(1.,0.707106781186548,
1.),(1.,0.707106781186548,1.)))
REPRESENTATION_ITEM('')
SURFACE()
);
#1648=(
BOUNDED_SURFACE()
B_SPLINE_SURFACE(3,2,((#4156,#4157,#4158),(#4159,#4160,#4161),(#4162,#4163,
#4164),(#4165,#4166,#4167),(#4168,#4169,#4170),(#4171,#4172,#4173),(#4174,
#4175,#4176),(#4177,#4178,#4179),(#4180,#4181,#4182),(#4183,#4184,#4185),
(#4186,#4187,#4188),(#4189,#4190,#4191),(#4192,#4193,#4194),(#4195,#4196,
#4197),(#4198,#4199,#4200),(#4201,#4202,#4203),(#4204,#4205,#4206),(#4207,
#4208,#4209),(#4210,#4211,#4212),(#4213,#4214,#4215),(#4216,#4217,#4218)),
 .UNSPECIFIED.,.F.,.F.,.F.)
B_SPLINE_SURFACE_WITH_KNOTS((4,1,1,1,1,1,1,1,1,1,1,1,1,1,1,1,1,1,4),(3,
3),(0.0432202712053419,0.0438725156183004,0.0441986378247796,0.0445247600312589,
0.0446878211344985,0.0447693516861183,0.0448508822377381,0.044891647513548,
0.0449324127893579,0.0450139433409777,0.0451770044442173,0.0455031266506966,
0.0458292488571758,0.0464814932701343,0.0471337376830927,0.0484382265090097,
0.0497427153349266,0.0510472041608435,0.0536561818126774),(0.,1.),
 .UNSPECIFIED.)
GEOMETRIC_REPRESENTATION_ITEM()
RATIONAL_B_SPLINE_SURFACE(((1.,0.735559236853496,1.),(1.,0.734186723079795,
1.),(1.,0.73190404540984,1.),(1.,0.728337336215732,1.),(1.,0.725867638366892,
1.),(1.,0.724005975782541,1.),(1.,0.722894437766944,1.),(1.,0.722197666104086,
1.),(1.,0.721593904644332,1.),(1.,0.72082912750754,1.),(1.,0.719563819159917,
1.),(1.,0.716974029753539,1.),(1.,0.713283990860674,1.),(1.,0.707325726561711,
1.),(1.,0.699807256824279,1.),(1.,0.687618634994728,1.),(1.,0.67200033006032,
1.),(1.,0.65303022703748,1.),(1.,0.627584588807757,1.),(1.,0.608098224294766,
1.),(1.,0.595247891840673,1.)))
REPRESENTATION_ITEM('')
SURFACE()
);
#1649=(
BOUNDED_SURFACE()
B_SPLINE_SURFACE(3,2,((#4220,#4221,#4222),(#4223,#4224,#4225),(#4226,#4227,
#4228),(#4229,#4230,#4231),(#4232,#4233,#4234),(#4235,#4236,#4237),(#4238,
#4239,#4240),(#4241,#4242,#4243),(#4244,#4245,#4246),(#4247,#4248,#4249),
(#4250,#4251,#4252),(#4253,#4254,#4255),(#4256,#4257,#4258),(#4259,#4260,
#4261),(#4262,#4263,#4264),(#4265,#4266,#4267),(#4268,#4269,#4270),(#4271,
#4272,#4273),(#4274,#4275,#4276),(#4277,#4278,#4279),(#4280,#4281,#4282)),
 .UNSPECIFIED.,.F.,.F.,.F.)
B_SPLINE_SURFACE_WITH_KNOTS((4,1,1,1,1,1,1,1,1,1,1,1,1,1,1,1,1,1,4),(3,
3),(0.0432202712053419,0.0438725952225886,0.0441987572312119,0.0445249192398352,
0.0446880002441469,0.0447695407463027,0.0448510812484586,0.0448918514995365,
0.0449326217506144,0.0450141622527702,0.0451772432570819,0.0455034052657052,
0.0458295672743285,0.0464818912915752,0.0471342153088218,0.0484388633433151,
0.0497435113778084,0.0510481594123017,0.0536574554812882),(0.,1.),
 .UNSPECIFIED.)
GEOMETRIC_REPRESENTATION_ITEM()
RATIONAL_B_SPLINE_SURFACE(((1.,0.735559236853496,1.),(1.,0.734186555569047,
1.),(1.,0.731903560475761,1.),(1.,0.72833633705085,1.),(1.,0.72586615349459,
1.),(1.,0.72400430758624,1.),(1.,0.722892345425877,1.),(1.,0.722196024519897,
1.),(1.,0.721590966445229,1.),(1.,0.720826390765038,1.),(1.,0.719560737885009,
1.),(1.,0.716970752382039,1.),(1.,0.713280170684411,1.),(1.,0.707321172030258,
1.),(1.,0.699801714975003,1.),(1.,0.687611499509309,1.),(1.,0.671991086239404,
1.),(1.,0.653018626973409,1.),(1.,0.62756975092598,1.),(1.,0.608080729560658,
1.),(1.,0.595229071928321,1.)))
REPRESENTATION_ITEM('')
SURFACE()
);
#1650=(
BOUNDED_SURFACE()
B_SPLINE_SURFACE(3,2,((#4284,#4285,#4286),(#4287,#4288,#4289),(#4290,#4291,
#4292),(#4293,#4294,#4295),(#4296,#4297,#4298),(#4299,#4300,#4301),(#4302,
#4303,#4304),(#4305,#4306,#4307)),.UNSPECIFIED.,.F.,.F.,.F.)
B_SPLINE_SURFACE_WITH_KNOTS((4,1,1,1,1,4),(3,3),(2.25514051876985E-17,0.00424561544976459,
0.00849123089952915,0.0127368463492937,0.014859654074176,0.0169824617990583),
(0.,1.),.UNSPECIFIED.)
GEOMETRIC_REPRESENTATION_ITEM()
RATIONAL_B_SPLINE_SURFACE(((1.,0.707106781186547,1.),(1.,0.709314411913901,
1.),(1.,0.713614899838877,1.),(1.,0.719908979323263,1.),(1.,0.725252177260703,
1.),(1.,0.730319539209755,1.),(1.,0.733541016951046,1.),(1.,0.735559236853495,
1.)))
REPRESENTATION_ITEM('')
SURFACE()
);
#1651=(
BOUNDED_SURFACE()
B_SPLINE_SURFACE(3,2,((#4314,#4315,#4316),(#4317,#4318,#4319),(#4320,#4321,
#4322),(#4323,#4324,#4325),(#4326,#4327,#4328),(#4329,#4330,#4331),(#4332,
#4333,#4334),(#4335,#4336,#4337)),.UNSPECIFIED.,.F.,.F.,.F.)
B_SPLINE_SURFACE_WITH_KNOTS((4,1,1,1,1,4),(3,3),(3.81639164714898E-17,0.00424561544976461,
0.00849123089952918,0.0127368463492938,0.014859654074176,0.0169824617990583),
(0.,1.),.UNSPECIFIED.)
GEOMETRIC_REPRESENTATION_ITEM()
RATIONAL_B_SPLINE_SURFACE(((1.,0.707106781186548,1.),(1.,0.709314411913034,
1.),(1.,0.713614899839245,1.),(1.,0.719908979323275,1.),(1.,0.725252177260357,
1.),(1.,0.730319539210375,1.),(1.,0.73354101694967,1.),(1.,0.735559236853494,
1.)))
REPRESENTATION_ITEM('')
SURFACE()
);
#1652=(
BOUNDED_SURFACE()
B_SPLINE_SURFACE(3,2,((#4344,#4345,#4346),(#4347,#4348,#4349),(#4350,#4351,
#4352),(#4353,#4354,#4355),(#4356,#4357,#4358),(#4359,#4360,#4361),(#4362,
#4363,#4364),(#4365,#4366,#4367),(#4368,#4369,#4370),(#4371,#4372,#4373),
(#4374,#4375,#4376),(#4377,#4378,#4379),(#4380,#4381,#4382),(#4383,#4384,
#4385),(#4386,#4387,#4388)),.UNSPECIFIED.,.F.,.F.,.F.)
B_SPLINE_SURFACE_WITH_KNOTS((4,1,1,1,1,1,1,1,1,1,1,1,4),(3,3),(0.,0.00453735867799186,
0.00680603801698779,0.00907471735598372,0.0102090570254817,0.0113433966949797,
0.0119105665297286,0.0121941514471031,0.0124777363644776,0.0130449061992266,
0.0136120760339756,0.0158807553729715,0.0181494347119674),(0.,1.),
 .UNSPECIFIED.)
GEOMETRIC_REPRESENTATION_ITEM()
RATIONAL_B_SPLINE_SURFACE(((1.,0.707106781186547,1.),(1.,0.707106781186547,
1.),(1.,0.707106781186548,1.),(1.,0.707106781186547,1.),(1.,0.707106781186547,
1.),(1.,0.707106781186547,1.),(1.,0.707106781186548,1.),(1.,0.707106781186547,
1.),(1.,0.707106781186548,1.),(1.,0.707106781186547,1.),(1.,0.707106781186548,
1.),(1.,0.707106781186547,1.),(1.,0.707106781186547,1.),(1.,0.707106781186548,
1.),(1.,0.707106781186548,1.)))
REPRESENTATION_ITEM('')
SURFACE()
);
#1653=(
BOUNDED_SURFACE()
B_SPLINE_SURFACE(3,2,((#4398,#4399,#4400),(#4401,#4402,#4403),(#4404,#4405,
#4406),(#4407,#4408,#4409),(#4410,#4411,#4412),(#4413,#4414,#4415),(#4416,
#4417,#4418),(#4419,#4420,#4421),(#4422,#4423,#4424),(#4425,#4426,#4427),
(#4428,#4429,#4430),(#4431,#4432,#4433),(#4434,#4435,#4436),(#4437,#4438,
#4439),(#4440,#4441,#4442)),.UNSPECIFIED.,.F.,.F.,.F.)
B_SPLINE_SURFACE_WITH_KNOTS((4,1,1,1,1,1,1,1,1,1,1,1,4),(3,3),(-1.56125112837913E-17,
0.00453735867798746,0.0068060380169812,0.00907471735597494,0.0102090570254718,
0.0113433966949687,0.0119105665297171,0.0121941514470913,0.0124777363644655,
0.013044906199214,0.0136120760339624,0.0158807553729561,0.0181494347119499),
(0.,1.),.UNSPECIFIED.)
GEOMETRIC_REPRESENTATION_ITEM()
RATIONAL_B_SPLINE_SURFACE(((1.,0.707106781186547,1.),(1.,0.707106781186547,
1.),(1.,0.707106781186547,1.),(1.,0.707106781186548,1.),(1.,0.707106781186548,
1.),(1.,0.707106781186548,1.),(1.,0.707106781186548,1.),(1.,0.707106781186548,
1.),(1.,0.707106781186548,1.),(1.,0.707106781186548,1.),(1.,0.707106781186547,
1.),(1.,0.707106781186548,1.),(1.,0.707106781186548,1.),(1.,0.707106781186548,
1.),(1.,0.707106781186548,1.)))
REPRESENTATION_ITEM('')
SURFACE()
);
#1654=(
BOUNDED_SURFACE()
B_SPLINE_SURFACE(3,2,((#4622,#4623,#4624),(#4625,#4626,#4627),(#4628,#4629,
#4630),(#4631,#4632,#4633),(#4634,#4635,#4636),(#4637,#4638,#4639),(#4640,
#4641,#4642),(#4643,#4644,#4645),(#4646,#4647,#4648),(#4649,#4650,#4651),
(#4652,#4653,#4654),(#4655,#4656,#4657),(#4658,#4659,#4660),(#4661,#4662,
#4663),(#4664,#4665,#4666)),.UNSPECIFIED.,.F.,.F.,.F.)
B_SPLINE_SURFACE_WITH_KNOTS((4,1,1,1,1,1,1,1,1,1,1,1,4),(3,3),(0.00927421761152111,
0.0132987820995937,0.0173233465876663,0.0213479110757389,0.0253724755638115,
0.0273847578078478,0.0293970400518841,0.0314093222959204,0.0334216045399567,
0.035433886783993,0.0374461690280293,0.0394584512720656,0.0414707335161019),
(0.,1.),.UNSPECIFIED.)
GEOMETRIC_REPRESENTATION_ITEM()
RATIONAL_B_SPLINE_SURFACE(((1.,0.711134540533243,1.),(1.,0.724436579451562,
1.),(1.,0.733830755405959,1.),(1.,0.730826103358722,1.),(1.,0.733468974790191,
1.),(1.,0.726788971105434,1.),(1.,0.69874959744177,1.),(1.,0.664694403186799,
1.),(1.,0.620682733028641,1.),(1.,0.578242084687481,1.),(1.,0.558854544618798,
1.),(1.,0.5771491160233,1.),(1.,0.619353807584874,1.),(1.,0.648864705436572,
1.),(1.,0.661930173511764,1.)))
REPRESENTATION_ITEM('')
SURFACE()
);
#1655=(
BOUNDED_SURFACE()
B_SPLINE_SURFACE(3,2,((#4669,#4670,#4671),(#4672,#4673,#4674),(#4675,#4676,
#4677),(#4678,#4679,#4680),(#4681,#4682,#4683)),.UNSPECIFIED.,.F.,.F.,.F.)
B_SPLINE_SURFACE_WITH_KNOTS((4,1,4),(3,3),(-8.39389321938278E-16,0.00165009384435382,
0.00330018768870847),(0.,1.),.UNSPECIFIED.)
GEOMETRIC_REPRESENTATION_ITEM()
RATIONAL_B_SPLINE_SURFACE(((1.,0.661930173511755,1.),(1.,0.662126615678275,
1.),(1.,0.6694078579455,1.),(1.,0.695576259541904,1.),(1.,0.711134540533233,
1.)))
REPRESENTATION_ITEM('')
SURFACE()
);
#1656=(
BOUNDED_SURFACE()
B_SPLINE_SURFACE(3,2,((#4684,#4685,#4686),(#4687,#4688,#4689),(#4690,#4691,
#4692),(#4693,#4694,#4695),(#4696,#4697,#4698),(#4699,#4700,#4701),(#4702,
#4703,#4704),(#4705,#4706,#4707),(#4708,#4709,#4710),(#4711,#4712,#4713),
(#4714,#4715,#4716),(#4717,#4718,#4719),(#4720,#4721,#4722),(#4723,#4724,
#4725),(#4726,#4727,#4728)),.UNSPECIFIED.,.F.,.F.,.F.)
B_SPLINE_SURFACE_WITH_KNOTS((4,1,1,1,1,1,1,1,1,1,1,1,4),(3,3),(0.0305884105124801,
0.0325985595005182,0.0346087084885562,0.0366188574765942,0.0386290064646322,
0.0406391554526703,0.0426493044407083,0.0446594534287463,0.0466696024167843,
0.0506899003928604,0.0547101983689364,0.0587304963450125,0.0627507943210885),
(0.,1.),.UNSPECIFIED.)
GEOMETRIC_REPRESENTATION_ITEM()
RATIONAL_B_SPLINE_SURFACE(((1.,0.661930173511764,1.),(1.,0.648897075117423,
1.),(1.,0.619353621694848,1.),(1.,0.577260276760547,1.),(1.,0.558863986178822,
1.),(1.,0.578080067988432,1.),(1.,0.620611788108699,1.),(1.,0.664668073896544,
1.),(1.,0.698712060726825,1.),(1.,0.726767184623659,1.),(1.,0.733477546396038,
1.),(1.,0.730814701787896,1.),(1.,0.733868214188657,1.),(1.,0.724359482134672,
1.),(1.,0.711134540533235,1.)))
REPRESENTATION_ITEM('')
SURFACE()
);
#1657=(
BOUNDED_SURFACE()
B_SPLINE_SURFACE(3,2,((#4731,#4732,#4733),(#4734,#4735,#4736),(#4737,#4738,
#4739),(#4740,#4741,#4742),(#4743,#4744,#4745)),.UNSPECIFIED.,.F.,.F.,.F.)
B_SPLINE_SURFACE_WITH_KNOTS((4,1,4),(3,3),(-2.73218947466347E-17,0.0016500938443501,
0.00330018768870022),(0.,1.),.UNSPECIFIED.)
GEOMETRIC_REPRESENTATION_ITEM()
RATIONAL_B_SPLINE_SURFACE(((1.,0.661930173511764,1.),(1.,0.662126615679522,
1.),(1.,0.669407857941493,1.),(1.,0.69557625955014,1.),(1.,0.711134540533776,
1.)))
REPRESENTATION_ITEM('')
SURFACE()
);
#1658=(
BOUNDED_SURFACE()
B_SPLINE_SURFACE(3,2,((#4746,#4747,#4748),(#4749,#4750,#4751),(#4752,#4753,
#4754),(#4755,#4756,#4757),(#4758,#4759,#4760),(#4761,#4762,#4763),(#4764,
#4765,#4766),(#4767,#4768,#4769),(#4770,#4771,#4772),(#4773,#4774,#4775),
(#4776,#4777,#4778)),.UNSPECIFIED.,.F.,.F.,.F.)
B_SPLINE_SURFACE_WITH_KNOTS((4,1,1,1,1,1,1,1,4),(3,3),(0.00250202366523362,
0.00504147184980082,0.00758092003436801,0.0101203682189352,0.0126598164035024,
0.0151992645880696,0.0177387127726368,0.020278160957204,0.0228176091417711),
(0.,1.),.UNSPECIFIED.)
GEOMETRIC_REPRESENTATION_ITEM()
RATIONAL_B_SPLINE_SURFACE(((1.,0.554938397435022,1.),(1.,0.611328708884719,
1.),(1.,0.70648421699096,1.),(1.,0.777624369990078,1.),(1.,0.777466518420114,
1.),(1.,0.765176685076414,1.),(1.,0.777110176089725,1.),(1.,0.77960720680889,
1.),(1.,0.714695501802569,1.),(1.,0.620430317386096,1.),(1.,0.563147728313655,
1.)))
REPRESENTATION_ITEM('')
SURFACE()
);
#1659=(
BOUNDED_SURFACE()
B_SPLINE_SURFACE(3,2,((#4786,#4787,#4788),(#4789,#4790,#4791),(#4792,#4793,
#4794),(#4795,#4796,#4797),(#4798,#4799,#4800),(#4801,#4802,#4803),(#4804,
#4805,#4806),(#4807,#4808,#4809),(#4810,#4811,#4812),(#4813,#4814,#4815),
(#4816,#4817,#4818)),.UNSPECIFIED.,.F.,.F.,.F.)
B_SPLINE_SURFACE_WITH_KNOTS((4,1,1,1,1,1,1,1,4),(3,3),(0.00250303127885889,
0.00504337373958087,0.00758371620030284,0.0101240586610248,0.0126644011217468,
0.0152047435824688,0.0177450860431907,0.0202854285039127,0.0228257709646347),
(0.,1.),.UNSPECIFIED.)
GEOMETRIC_REPRESENTATION_ITEM()
RATIONAL_B_SPLINE_SURFACE(((1.,0.563091780238867,1.),(1.,0.620221305363855,
1.),(1.,0.714408343300466,1.),(1.,0.779469262925717,1.),(1.,0.777218999233504,
1.),(1.,0.765176356963907,1.),(1.,0.77735724802138,1.),(1.,0.777787404904557,
1.),(1.,0.706770169507398,1.),(1.,0.611528506912014,1.),(1.,0.555004247214337,
1.)))
REPRESENTATION_ITEM('')
SURFACE()
);
#1660=(
BOUNDED_SURFACE()
B_SPLINE_SURFACE(3,2,((#4840,#4841,#4842),(#4843,#4844,#4845),(#4846,#4847,
#4848),(#4849,#4850,#4851),(#4852,#4853,#4854),(#4855,#4856,#4857),(#4858,
#4859,#4860),(#4861,#4862,#4863),(#4864,#4865,#4866),(#4867,#4868,#4869),
(#4870,#4871,#4872),(#4873,#4874,#4875),(#4876,#4877,#4878),(#4879,#4880,
#4881),(#4882,#4883,#4884)),.UNSPECIFIED.,.F.,.F.,.F.)
B_SPLINE_SURFACE_WITH_KNOTS((4,1,1,1,1,1,1,1,1,1,1,1,4),(3,3),(0.00999810140906604,
0.0120314106401696,0.0140647198712731,0.0150813744868249,0.0160980291023766,
0.0171146837179284,0.0181313383334802,0.0191479929490319,0.0201646475645837,
0.0211813021801355,0.0221979567956872,0.0242312660267908,0.0262645752578943),
(0.,1.),.UNSPECIFIED.)
GEOMETRIC_REPRESENTATION_ITEM()
RATIONAL_B_SPLINE_SURFACE(((1.,0.706488662770455,1.),(1.,0.709735902483559,
1.),(1.,0.701554993321157,1.),(1.,0.653299337999986,1.),(1.,0.605160921636784,
1.),(1.,0.570029370859771,1.),(1.,0.544124963214489,1.),(1.,0.534684757715309,
1.),(1.,0.545374261963917,1.),(1.,0.571537201000111,1.),(1.,0.606585010785071,
1.),(1.,0.651101353442748,1.),(1.,0.697744338193275,1.),(1.,0.708930469886417,
1.),(1.,0.706771367855611,1.)))
REPRESENTATION_ITEM('')
SURFACE()
);
#1661=(
BOUNDED_SURFACE()
B_SPLINE_SURFACE(3,2,((#4891,#4892,#4893),(#4894,#4895,#4896),(#4897,#4898,
#4899),(#4900,#4901,#4902),(#4903,#4904,#4905),(#4906,#4907,#4908),(#4909,
#4910,#4911),(#4912,#4913,#4914),(#4915,#4916,#4917),(#4918,#4919,#4920),
(#4921,#4922,#4923),(#4924,#4925,#4926),(#4927,#4928,#4929),(#4930,#4931,
#4932),(#4933,#4934,#4935)),.UNSPECIFIED.,.F.,.F.,.F.)
B_SPLINE_SURFACE_WITH_KNOTS((4,1,1,1,1,1,1,1,1,1,1,1,4),(3,3),(0.00995785805379886,
0.0119912007286114,0.0140245434034239,0.0150412147408302,0.0160578860782365,
0.0170745574156427,0.018091228753049,0.0191079000904553,0.0201245714278615,
0.0211412427652678,0.0221579141026741,0.0241912567774866,0.0262245994522992),
(0.,1.),.UNSPECIFIED.)
GEOMETRIC_REPRESENTATION_ITEM()
RATIONAL_B_SPLINE_SURFACE(((1.,0.706772534135241,1.),(1.,0.708921032859925,
1.),(1.,0.697746720877345,1.),(1.,0.650900420775418,1.),(1.,0.606447195936167,
1.),(1.,0.571460994379994,1.),(1.,0.545449254075481,1.),(1.,0.534679466033317,
1.),(1.,0.544053358978241,1.),(1.,0.570098822496739,1.),(1.,0.60531556360795,
1.),(1.,0.653507692485926,1.),(1.,0.701537405932091,1.),(1.,0.70974906718424,
1.),(1.,0.706486854223212,1.)))
REPRESENTATION_ITEM('')
SURFACE()
);
#1662=(
BOUNDED_SURFACE()
B_SPLINE_SURFACE(3,2,((#4943,#4944,#4945),(#4946,#4947,#4948),(#4949,#4950,
#4951),(#4952,#4953,#4954),(#4955,#4956,#4957),(#4958,#4959,#4960),(#4961,
#4962,#4963)),.UNSPECIFIED.,.F.,.F.,.F.)
B_SPLINE_SURFACE_WITH_KNOTS((4,1,1,1,4),(3,3),(-1.47451495458029E-17,0.00247547080132555,
0.00495094160265111,0.00742641240397667,0.00990188320530223),(0.,1.),
 .UNSPECIFIED.)
GEOMETRIC_REPRESENTATION_ITEM()
RATIONAL_B_SPLINE_SURFACE(((1.,0.999964160339868,1.),(1.,0.999963924643256,
1.),(1.,0.999967293327577,1.),(1.,0.99998117631299,1.),(1.,0.999995835754398,
1.),(1.,1.,1.),(1.,1.,1.)))
REPRESENTATION_ITEM('')
SURFACE()
);
#1663=(
BOUNDED_SURFACE()
B_SPLINE_SURFACE(3,2,((#4965,#4966,#4967),(#4968,#4969,#4970),(#4971,#4972,
#4973),(#4974,#4975,#4976)),.UNSPECIFIED.,.F.,.F.,.F.)
B_SPLINE_SURFACE_WITH_KNOTS((4,4),(3,3),(-7.71152347707471E-16,2.84418610425857E-5),
(0.,1.),.PIECEWISE_BEZIER_KNOTS.)
GEOMETRIC_REPRESENTATION_ITEM()
RATIONAL_B_SPLINE_SURFACE(((1.,0.99996416033987,1.),(1.,0.999964189163058,
1.),(1.,0.999963356463631,1.),(1.,0.999961742515826,1.)))
REPRESENTATION_ITEM('')
SURFACE()
);
#1664=(
BOUNDED_SURFACE()
B_SPLINE_SURFACE(3,2,((#4980,#4981,#4982),(#4983,#4984,#4985),(#4986,#4987,
#4988),(#4989,#4990,#4991),(#4992,#4993,#4994)),.UNSPECIFIED.,.F.,.F.,.F.)
B_SPLINE_SURFACE_WITH_KNOTS((4,1,4),(3,3),(4.70095028795604,5.23645336391277,
5.7719564398695),(0.,1.),.UNSPECIFIED.)
GEOMETRIC_REPRESENTATION_ITEM()
RATIONAL_B_SPLINE_SURFACE(((1.,0.707021494496191,1.),(1.,0.708352417252982,
1.),(1.,0.711012287433343,1.),(1.,0.712934383968775,1.),(1.,0.713579594918216,
1.)))
REPRESENTATION_ITEM('')
SURFACE()
);
#1665=(
BOUNDED_SURFACE()
B_SPLINE_SURFACE(3,2,((#4996,#4997,#4998),(#4999,#5000,#5001),(#5002,#5003,
#5004),(#5005,#5006,#5007)),.UNSPECIFIED.,.F.,.F.,.F.)
B_SPLINE_SURFACE_WITH_KNOTS((4,4),(3,3),(0.0963445722579016,0.105120923475426),
(0.,1.),.PIECEWISE_BEZIER_KNOTS.)
GEOMETRIC_REPRESENTATION_ITEM()
RATIONAL_B_SPLINE_SURFACE(((1.,0.707021494496191,1.),(1.,0.707082814500099,
1.),(1.,0.707151978958755,1.),(1.,0.707233740989591,1.)))
REPRESENTATION_ITEM('')
SURFACE()
);
#1666=(
BOUNDED_SURFACE()
B_SPLINE_SURFACE(3,2,((#5009,#5010,#5011),(#5012,#5013,#5014),(#5015,#5016,
#5017),(#5018,#5019,#5020)),.UNSPECIFIED.,.F.,.F.,.F.)
B_SPLINE_SURFACE_WITH_KNOTS((4,4),(3,3),(0.0084282319803548,0.00853110799819021),
(0.,1.),.PIECEWISE_BEZIER_KNOTS.)
GEOMETRIC_REPRESENTATION_ITEM()
RATIONAL_B_SPLINE_SURFACE(((1.,0.7071103799995,1.),(1.,0.707152385618227,
1.),(1.,0.707193506704562,1.),(1.,0.707233740989591,1.)))
REPRESENTATION_ITEM('')
SURFACE()
);
#1667=(
BOUNDED_SURFACE()
B_SPLINE_SURFACE(3,2,((#5026,#5027,#5028),(#5029,#5030,#5031),(#5032,#5033,
#5034),(#5035,#5036,#5037),(#5038,#5039,#5040),(#5041,#5042,#5043),(#5044,
#5045,#5046),(#5047,#5048,#5049),(#5050,#5051,#5052),(#5053,#5054,#5055)),
 .UNSPECIFIED.,.F.,.F.,.F.)
B_SPLINE_SURFACE_WITH_KNOTS((4,1,1,1,1,1,1,4),(3,3),(0.0217464747955294,
0.0324647783912013,0.0378239301890373,0.0431830819868733,0.0485422337847093,
0.0539013855825453,0.0592605373803812,0.0646196891782172),(0.,1.),
 .UNSPECIFIED.)
GEOMETRIC_REPRESENTATION_ITEM()
RATIONAL_B_SPLINE_SURFACE(((1.,0.707110379999502,1.),(1.,0.707644438737943,
1.),(1.,0.710418396133274,1.),(1.,0.719605818147842,1.),(1.,0.729780793895548,
1.),(1.,0.74395632593686,1.),(1.,0.763531798940926,1.),(1.,0.792466946055226,
1.),(1.,0.822790125343822,1.),(1.,0.845432564204763,1.)))
REPRESENTATION_ITEM('')
SURFACE()
);
#1668=(
BOUNDED_SURFACE()
B_SPLINE_SURFACE(3,2,((#5065,#5066,#5067),(#5068,#5069,#5070),(#5071,#5072,
#5073),(#5074,#5075,#5076),(#5077,#5078,#5079),(#5080,#5081,#5082),(#5083,
#5084,#5085),(#5086,#5087,#5088),(#5089,#5090,#5091),(#5092,#5093,#5094),
(#5095,#5096,#5097)),.UNSPECIFIED.,.F.,.F.,.F.)
B_SPLINE_SURFACE_WITH_KNOTS((4,1,1,1,1,1,1,1,4),(3,3),(0.0537568772166188,
0.0564427903609663,0.0591287035053138,0.0645005297940088,0.0698723560827038,
0.0752441823713988,0.0859878349487888,0.0913596612374838,0.0967314875261788),
(0.,1.),.UNSPECIFIED.)
GEOMETRIC_REPRESENTATION_ITEM()
RATIONAL_B_SPLINE_SURFACE(((1.,0.845467128138806,1.),(1.,0.834033731346808,
1.),(1.,0.815011413832904,1.),(1.,0.787180336566412,1.),(1.,0.763596837255955,
1.),(1.,0.743892202795731,1.),(1.,0.725038232300485,1.),(1.,0.71409981903685,
1.),(1.,0.708523443734289,1.),(1.,0.707377315023248,1.),(1.,0.7071103799995,
1.)))
REPRESENTATION_ITEM('')
SURFACE()
);
#1669=(
BOUNDED_SURFACE()
B_SPLINE_SURFACE(3,2,((#5099,#5100,#5101),(#5102,#5103,#5104),(#5105,#5106,
#5107),(#5108,#5109,#5110)),.UNSPECIFIED.,.F.,.F.,.F.)
B_SPLINE_SURFACE_WITH_KNOTS((4,4),(3,3),(0.0119404603176669,0.0120433359865894),
(0.,1.),.PIECEWISE_BEZIER_KNOTS.)
GEOMETRIC_REPRESENTATION_ITEM()
RATIONAL_B_SPLINE_SURFACE(((1.,0.707110379999501,1.),(1.,0.707152523633515,
1.),(1.,0.707193638470571,1.),(1.,0.707233740989591,1.)))
REPRESENTATION_ITEM('')
SURFACE()
);
#1670=(
BOUNDED_SURFACE()
B_SPLINE_SURFACE(3,2,((#5112,#5113,#5114),(#5115,#5116,#5117),(#5118,#5119,
#5120),(#5121,#5122,#5123)),.UNSPECIFIED.,.F.,.F.,.F.)
B_SPLINE_SURFACE_WITH_KNOTS((4,4),(3,3),(0.096344572257901,0.105120923475426),
(0.,1.),.PIECEWISE_BEZIER_KNOTS.)
GEOMETRIC_REPRESENTATION_ITEM()
RATIONAL_B_SPLINE_SURFACE(((1.,0.707021494496191,1.),(1.,0.70708281449945,
1.),(1.,0.707151978957295,1.),(1.,0.707233740989591,1.)))
REPRESENTATION_ITEM('')
SURFACE()
);
#1671=(
BOUNDED_SURFACE()
B_SPLINE_SURFACE(3,2,((#5125,#5126,#5127),(#5128,#5129,#5130),(#5131,#5132,
#5133),(#5134,#5135,#5136),(#5137,#5138,#5139)),.UNSPECIFIED.,.F.,.F.,.F.)
B_SPLINE_SURFACE_WITH_KNOTS((4,1,4),(3,3),(0.511228867310084,1.0467319432668,
1.58223501922352),(0.,1.),.UNSPECIFIED.)
GEOMETRIC_REPRESENTATION_ITEM()
RATIONAL_B_SPLINE_SURFACE(((1.,0.713579594918215,1.),(1.,0.712934383971443,
1.),(1.,0.71101228743201,1.),(1.,0.708352417252979,1.),(1.,0.707021494496191,
1.)))
REPRESENTATION_ITEM('')
SURFACE()
);
#1672=(
BOUNDED_SURFACE()
B_SPLINE_SURFACE(3,2,((#5143,#5144,#5145),(#5146,#5147,#5148),(#5149,#5150,
#5151),(#5152,#5153,#5154)),.UNSPECIFIED.,.F.,.F.,.F.)
B_SPLINE_SURFACE_WITH_KNOTS((4,4),(3,3),(-1.00016295159072E-15,2.84418610374725E-5),
(0.,1.),.PIECEWISE_BEZIER_KNOTS.)
GEOMETRIC_REPRESENTATION_ITEM()
RATIONAL_B_SPLINE_SURFACE(((1.,0.999964160339868,1.),(1.,0.999964189163077,
1.),(1.,0.999963356463765,1.),(1.,0.999961742515818,1.)))
REPRESENTATION_ITEM('')
SURFACE()
);
#1673=(
BOUNDED_SURFACE()
B_SPLINE_SURFACE(3,2,((#5156,#5157,#5158),(#5159,#5160,#5161),(#5162,#5163,
#5164),(#5165,#5166,#5167),(#5168,#5169,#5170),(#5171,#5172,#5173),(#5174,
#5175,#5176)),.UNSPECIFIED.,.F.,.F.,.F.)
B_SPLINE_SURFACE_WITH_KNOTS((4,1,1,1,4),(3,3),(-2.60208521396521E-17,0.00247547080132591,
0.00495094160265184,0.00742641240397777,0.00990188320530371),(0.,1.),
 .UNSPECIFIED.)
GEOMETRIC_REPRESENTATION_ITEM()
RATIONAL_B_SPLINE_SURFACE(((1.,0.999964160339868,1.),(1.,0.999963924643256,
1.),(1.,0.999967293327578,1.),(1.,0.99998117631299,1.),(1.,0.999995835754398,
1.),(1.,1.,1.),(1.,1.,1.)))
REPRESENTATION_ITEM('')
SURFACE()
);
#1674=ADVANCED_FACE('',(#1509),#1630,.F.);
#1675=ADVANCED_FACE('',(#1510),#1631,.F.);
#1676=ADVANCED_FACE('',(#1511),#1632,.F.);
#1677=ADVANCED_FACE('',(#1512),#1633,.F.);
#1678=ADVANCED_FACE('',(#1513),#359,.F.);
#1679=ADVANCED_FACE('',(#1514),#360,.F.);
#1680=ADVANCED_FACE('',(#1515),#361,.T.);
#1681=ADVANCED_FACE('',(#1516),#68,.T.);
#1682=ADVANCED_FACE('',(#1517,#1518),#18,.F.);
#1683=ADVANCED_FACE('',(#1519),#69,.T.);
#1684=ADVANCED_FACE('',(#1520),#70,.F.);
#1685=ADVANCED_FACE('',(#1521),#362,.T.);
#1686=ADVANCED_FACE('',(#1522),#363,.T.);
#1687=ADVANCED_FACE('',(#1523),#71,.T.);
#1688=ADVANCED_FACE('',(#1524),#72,.T.);
#1689=ADVANCED_FACE('',(#1525,#1526,#1527),#364,.T.);
#1690=ADVANCED_FACE('',(#1528,#1529,#1530),#365,.F.);
#1691=ADVANCED_FACE('',(#1531),#73,.T.);
#1692=ADVANCED_FACE('',(#1532),#74,.F.);
#1693=ADVANCED_FACE('',(#1533),#366,.F.);
#1694=ADVANCED_FACE('',(#1534),#367,.F.);
#1695=ADVANCED_FACE('',(#1535),#368,.F.);
#1696=ADVANCED_FACE('',(#1536),#369,.F.);
#1697=ADVANCED_FACE('',(#1537,#1538),#370,.F.);
#1698=ADVANCED_FACE('',(#1539),#371,.F.);
#1699=ADVANCED_FACE('',(#1540),#372,.F.);
#1700=ADVANCED_FACE('',(#1541),#75,.F.);
#1701=ADVANCED_FACE('',(#1542),#373,.F.);
#1702=ADVANCED_FACE('',(#1543),#76,.F.);
#1703=ADVANCED_FACE('',(#1544),#374,.F.);
#1704=ADVANCED_FACE('',(#1545,#1546),#19,.F.);
#1705=ADVANCED_FACE('',(#1547,#1548),#20,.F.);
#1706=ADVANCED_FACE('',(#1549,#1550),#21,.F.);
#1707=ADVANCED_FACE('',(#1551,#1552),#22,.F.);
#1708=ADVANCED_FACE('',(#1553,#1554),#23,.F.);
#1709=ADVANCED_FACE('',(#1555,#1556),#24,.F.);
#1710=ADVANCED_FACE('',(#1557,#1558),#25,.F.);
#1711=ADVANCED_FACE('',(#1559),#26,.T.);
#1712=ADVANCED_FACE('',(#1560),#1634,.T.);
#1713=ADVANCED_FACE('',(#1561),#1635,.T.);
#1714=ADVANCED_FACE('',(#1562),#27,.T.);
#1715=ADVANCED_FACE('',(#1563),#1636,.T.);
#1716=ADVANCED_FACE('',(#1564),#1637,.T.);
#1717=ADVANCED_FACE('',(#1565),#28,.T.);
#1718=ADVANCED_FACE('',(#1566),#1638,.T.);
#1719=ADVANCED_FACE('',(#1567),#1639,.T.);
#1720=ADVANCED_FACE('',(#1568),#1640,.T.);
#1721=ADVANCED_FACE('',(#1569),#1641,.T.);
#1722=ADVANCED_FACE('',(#1570),#1642,.T.);
#1723=ADVANCED_FACE('',(#1571),#1643,.T.);
#1724=ADVANCED_FACE('',(#1572),#1644,.T.);
#1725=ADVANCED_FACE('',(#1573),#1645,.T.);
#1726=ADVANCED_FACE('',(#1574),#29,.F.);
#1727=ADVANCED_FACE('',(#1575,#1576,#1577),#1646,.T.);
#1728=ADVANCED_FACE('',(#1578,#1579,#1580),#1647,.T.);
#1729=ADVANCED_FACE('',(#1581),#30,.T.);
#1730=ADVANCED_FACE('',(#1582),#31,.F.);
#1731=ADVANCED_FACE('',(#1583),#77,.T.);
#1732=ADVANCED_FACE('',(#1584),#1648,.T.);
#1733=ADVANCED_FACE('',(#1585),#1649,.T.);
#1734=ADVANCED_FACE('',(#1586),#1650,.T.);
#1735=ADVANCED_FACE('',(#1587),#1651,.T.);
#1736=ADVANCED_FACE('',(#1588,#1589),#1652,.T.);
#1737=ADVANCED_FACE('',(#1590,#1591),#1653,.T.);
#1738=ADVANCED_FACE('',(#1592),#32,.T.);
#1739=ADVANCED_FACE('',(#1593),#375,.F.);
#1740=ADVANCED_FACE('',(#1594),#78,.F.);
#1741=ADVANCED_FACE('',(#1595),#79,.F.);
#1742=ADVANCED_FACE('',(#1596),#376,.F.);
#1743=ADVANCED_FACE('',(#1597),#377,.F.);
#1744=ADVANCED_FACE('',(#1598),#33,.F.);
#1745=ADVANCED_FACE('',(#1599),#80,.F.);
#1746=ADVANCED_FACE('',(#1600),#378,.F.);
#1747=ADVANCED_FACE('',(#1601,#1602),#34,.F.);
#1748=ADVANCED_FACE('',(#1603,#1604),#35,.F.);
#1749=ADVANCED_FACE('',(#1605),#1654,.T.);
#1750=ADVANCED_FACE('',(#1606),#1655,.T.);
#1751=ADVANCED_FACE('',(#1607),#1656,.T.);
#1752=ADVANCED_FACE('',(#1608),#1657,.T.);
#1753=ADVANCED_FACE('',(#1609),#1658,.T.);
#1754=ADVANCED_FACE('',(#1610),#1659,.T.);
#1755=ADVANCED_FACE('',(#1611),#36,.T.);
#1756=ADVANCED_FACE('',(#1612),#1660,.T.);
#1757=ADVANCED_FACE('',(#1613),#1661,.T.);
#1758=ADVANCED_FACE('',(#1614),#37,.T.);
#1759=ADVANCED_FACE('',(#1615),#1662,.F.);
#1760=ADVANCED_FACE('',(#1616),#1663,.F.);
#1761=ADVANCED_FACE('',(#1617),#38,.F.);
#1762=ADVANCED_FACE('',(#1618),#1664,.T.);
#1763=ADVANCED_FACE('',(#1619),#1665,.T.);
#1764=ADVANCED_FACE('',(#1620),#1666,.T.);
#1765=ADVANCED_FACE('',(#1621),#1667,.T.);
#1766=ADVANCED_FACE('',(#1622),#39,.F.);
#1767=ADVANCED_FACE('',(#1623),#1668,.T.);
#1768=ADVANCED_FACE('',(#1624),#1669,.T.);
#1769=ADVANCED_FACE('',(#1625),#1670,.T.);
#1770=ADVANCED_FACE('',(#1626),#1671,.T.);
#1771=ADVANCED_FACE('',(#1627),#40,.F.);
#1772=ADVANCED_FACE('',(#1628),#1672,.F.);
#1773=ADVANCED_FACE('',(#1629),#1673,.F.);
#1774=CLOSED_SHELL('',(#1674,#1675,#1676,#1677,#1678,#1679,#1680,#1681,
#1682,#1683,#1684,#1685,#1686,#1687,#1688,#1689,#1690,#1691,#1692,#1693,
#1694,#1695,#1696,#1697,#1698,#1699,#1700,#1701,#1702,#1703,#1704,#1705,
#1706,#1707,#1708,#1709,#1710,#1711,#1712,#1713,#1714,#1715,#1716,#1717,
#1718,#1719,#1720,#1721,#1722,#1723,#1724,#1725,#1726,#1727,#1728,#1729,
#1730,#1731,#1732,#1733,#1734,#1735,#1736,#1737,#1738,#1739,#1740,#1741,
#1742,#1743,#1744,#1745,#1746,#1747,#1748,#1749,#1750,#1751,#1752,#1753,
#1754,#1755,#1756,#1757,#1758,#1759,#1760,#1761,#1762,#1763,#1764,#1765,
#1766,#1767,#1768,#1769,#1770,#1771,#1772,#1773));
#1775=STYLED_ITEM('',(#1776),#1783);
#1776=PRESENTATION_STYLE_ASSIGNMENT((#1777));
#1777=SURFACE_STYLE_USAGE(.BOTH.,#1778);
#1778=SURFACE_SIDE_STYLE('',(#1779));
#1779=SURFACE_STYLE_FILL_AREA(#1780);
#1780=FILL_AREA_STYLE('',(#1781));
#1781=FILL_AREA_STYLE_COLOUR('',#1782);
#1782=COLOUR_RGB('',0.647058823529412,0.647058823529412,0.647058823529412);
#1783=MANIFOLD_SOLID_BREP('Part 1',#1774);
#1784=SHAPE_DEFINITION_REPRESENTATION(#5183,#1785);
#1785=SHAPE_REPRESENTATION('Part 1',(#1786),#5178);
#1786=AXIS2_PLACEMENT_3D('',#2048,#1856,#1857);
#1787=AXIS2_PLACEMENT_3D('',#2408,#1862,#1863);
#1788=AXIS2_PLACEMENT_3D('',#2409,#1864,#1865);
#1789=AXIS2_PLACEMENT_3D('',#2414,#1867,#1868);
#1790=AXIS2_PLACEMENT_3D('',#2418,#1870,#1871);
#1791=AXIS2_PLACEMENT_3D('',#2421,#1873,#1874);
#1792=AXIS2_PLACEMENT_3D('',#2468,#1875,#1876);
#1793=AXIS2_PLACEMENT_3D('',#2469,#1877,#1878);
#1794=AXIS2_PLACEMENT_3D('',#2495,#1881,#1882);
#1795=AXIS2_PLACEMENT_3D('',#2603,#1886,#1887);
#1796=AXIS2_PLACEMENT_3D('',#2621,#1890,#1891);
#1797=AXIS2_PLACEMENT_3D('',#2626,#1892,#1893);
#1798=AXIS2_PLACEMENT_3D('',#2814,#1898,#1899);
#1799=AXIS2_PLACEMENT_3D('',#2832,#1903,#1904);
#1800=AXIS2_PLACEMENT_3D('',#2851,#1906,#1907);
#1801=AXIS2_PLACEMENT_3D('',#3135,#1918,#1919);
#1802=AXIS2_PLACEMENT_3D('',#3136,#1920,#1921);
#1803=AXIS2_PLACEMENT_3D('',#3150,#1923,#1924);
#1804=AXIS2_PLACEMENT_3D('',#3207,#1927,#1928);
#1805=AXIS2_PLACEMENT_3D('',#3243,#1932,#1933);
#1806=AXIS2_PLACEMENT_3D('',#3282,#1934,#1935);
#1807=AXIS2_PLACEMENT_3D('',#3317,#1936,#1937);
#1808=AXIS2_PLACEMENT_3D('',#3344,#1938,#1939);
#1809=AXIS2_PLACEMENT_3D('',#3381,#1940,#1941);
#1810=AXIS2_PLACEMENT_3D('',#3392,#1942,#1943);
#1811=AXIS2_PLACEMENT_3D('',#3393,#1944,#1945);
#1812=AXIS2_PLACEMENT_3D('',#3394,#1946,#1947);
#1813=AXIS2_PLACEMENT_3D('',#3395,#1948,#1949);
#1814=AXIS2_PLACEMENT_3D('',#3425,#1951,#1952);
#1815=AXIS2_PLACEMENT_3D('',#3450,#1953,#1954);
#1816=AXIS2_PLACEMENT_3D('',#3453,#1956,#1957);
#1817=AXIS2_PLACEMENT_3D('',#3481,#1958,#1959);
#1818=AXIS2_PLACEMENT_3D('',#3506,#1960,#1961);
#1819=AXIS2_PLACEMENT_3D('',#3776,#1962,#1963);
#1820=AXIS2_PLACEMENT_3D('',#4125,#1964,#1965);
#1821=AXIS2_PLACEMENT_3D('',#4126,#1966,#1967);
#1822=AXIS2_PLACEMENT_3D('',#4139,#1969,#1970);
#1823=AXIS2_PLACEMENT_3D('',#4152,#1972,#1973);
#1824=AXIS2_PLACEMENT_3D('',#4219,#1977,#1978);
#1825=AXIS2_PLACEMENT_3D('',#4283,#1979,#1980);
#1826=AXIS2_PLACEMENT_3D('',#4313,#1981,#1982);
#1827=AXIS2_PLACEMENT_3D('',#4343,#1983,#1984);
#1828=AXIS2_PLACEMENT_3D('',#4452,#1985,#1986);
#1829=AXIS2_PLACEMENT_3D('',#4481,#1988,#1989);
#1830=AXIS2_PLACEMENT_3D('',#4483,#1991,#1992);
#1831=AXIS2_PLACEMENT_3D('',#4509,#1994,#1995);
#1832=AXIS2_PLACEMENT_3D('',#4534,#1998,#1999);
#1833=AXIS2_PLACEMENT_3D('',#4555,#2002,#2003);
#1834=AXIS2_PLACEMENT_3D('',#4583,#2004,#2005);
#1835=AXIS2_PLACEMENT_3D('',#4667,#2006,#2007);
#1836=AXIS2_PLACEMENT_3D('',#4668,#2008,#2009);
#1837=AXIS2_PLACEMENT_3D('',#4729,#2010,#2011);
#1838=AXIS2_PLACEMENT_3D('',#4730,#2012,#2013);
#1839=AXIS2_PLACEMENT_3D('',#4827,#2014,#2015);
#1840=AXIS2_PLACEMENT_3D('',#4942,#2016,#2017);
#1841=AXIS2_PLACEMENT_3D('',#4964,#2018,#2019);
#1842=AXIS2_PLACEMENT_3D('',#4977,#2020,#2021);
#1843=AXIS2_PLACEMENT_3D('',#4978,#2022,#2023);
#1844=AXIS2_PLACEMENT_3D('',#4979,#2024,#2025);
#1845=AXIS2_PLACEMENT_3D('',#4995,#2026,#2027);
#1846=AXIS2_PLACEMENT_3D('',#5008,#2028,#2029);
#1847=AXIS2_PLACEMENT_3D('',#5025,#2030,#2031);
#1848=AXIS2_PLACEMENT_3D('',#5060,#2032,#2033);
#1849=AXIS2_PLACEMENT_3D('',#5098,#2034,#2035);
#1850=AXIS2_PLACEMENT_3D('',#5111,#2036,#2037);
#1851=AXIS2_PLACEMENT_3D('',#5124,#2038,#2039);
#1852=AXIS2_PLACEMENT_3D('',#5140,#2040,#2041);
#1853=AXIS2_PLACEMENT_3D('',#5141,#2042,#2043);
#1854=AXIS2_PLACEMENT_3D('',#5142,#2044,#2045);
#1855=AXIS2_PLACEMENT_3D('',#5155,#2046,#2047);
#1856=DIRECTION('',(0.,0.,1.));
#1857=DIRECTION('',(1.,0.,0.));
#1858=DIRECTION('',(7.80527998189789E-17,-1.,0.));
#1859=DIRECTION('',(7.80527998189789E-17,-1.,0.));
#1860=DIRECTION('',(0.,0.,1.));
#1861=DIRECTION('',(0.,0.,1.));
#1862=DIRECTION('',(-1.,0.,0.));
#1863=DIRECTION('',(0.,0.,1.));
#1864=DIRECTION('',(-1.,0.,0.));
#1865=DIRECTION('',(0.,0.,1.));
#1866=DIRECTION('',(7.80527998189789E-17,-1.,0.));
#1867=DIRECTION('',(-1.,0.,0.));
#1868=DIRECTION('',(0.,0.,1.));
#1869=DIRECTION('',(7.80527998189789E-17,-1.,0.));
#1870=DIRECTION('',(-1.,0.,0.));
#1871=DIRECTION('',(0.,0.,1.));
#1872=DIRECTION('',(7.80527998189789E-17,-1.,0.));
#1873=DIRECTION('',(-1.,0.,0.));
#1874=DIRECTION('',(0.,0.,1.));
#1875=DIRECTION('',(-1.,0.,0.));
#1876=DIRECTION('',(0.,0.,1.));
#1877=DIRECTION('',(-1.,0.,0.));
#1878=DIRECTION('',(0.,0.,1.));
#1879=DIRECTION('',(7.80527998189789E-17,-1.,0.));
#1880=DIRECTION('',(7.80527998189789E-17,-1.,0.));
#1881=DIRECTION('',(0.,0.,1.));
#1882=DIRECTION('',(1.,0.,0.));
#1883=DIRECTION('',(7.80527998189789E-17,-1.,0.));
#1884=DIRECTION('',(0.,0.,1.));
#1885=DIRECTION('',(0.,0.,1.));
#1886=DIRECTION('',(0.,-1.,0.));
#1887=DIRECTION('',(0.,0.,-1.));
#1888=DIRECTION('',(0.,0.,1.));
#1889=DIRECTION('',(0.999777625697918,-5.71060194893194E-36,-0.0210878911661171));
#1890=DIRECTION('',(-7.76086191913851E-16,-1.,-5.05089963504934E-15));
#1891=DIRECTION('',(0.987682754948975,-7.76107955645349E-16,-0.156469727348145));
#1892=DIRECTION('',(0.00605589329830117,-0.999981662910055,0.));
#1893=DIRECTION('',(0.999981662910055,0.00605589329830117,0.));
#1894=DIRECTION('',(0.,0.,-1.));
#1895=DIRECTION('',(0.999759300838122,0.00605454667262675,-0.0210875046475163));
#1896=DIRECTION('',(0.,0.,1.));
#1897=DIRECTION('',(0.,0.,1.));
#1898=DIRECTION('',(0.00605589329830095,0.999981662910055,0.));
#1899=DIRECTION('',(-0.999981662910055,0.00605589329830095,0.));
#1900=DIRECTION('',(0.,0.,1.));
#1901=DIRECTION('',(0.,0.,1.));
#1902=DIRECTION('',(-0.999759300838122,0.00605454667262654,0.0210875046475163));
#1903=DIRECTION('',(0.,-1.,0.));
#1904=DIRECTION('',(0.,0.,-1.));
#1905=DIRECTION('',(0.,0.,1.));
#1906=DIRECTION('',(1.94021547978463E-16,-1.,1.26272490876233E-15));
#1907=DIRECTION('',(0.987682754948975,1.82050729488814E-16,-0.156469727348145));
#1908=DIRECTION('',(0.999777625697918,-5.71060194893194E-36,-0.0210878911661171));
#1909=DIRECTION('',(0.,0.,1.));
#1910=DIRECTION('',(7.80527998189789E-17,-1.,0.));
#1911=DIRECTION('',(7.80527998189789E-17,-1.,0.));
#1912=DIRECTION('',(7.80527998189789E-17,-1.,0.));
#1913=DIRECTION('',(7.80527998189789E-17,-1.,0.));
#1914=DIRECTION('',(7.80527998189789E-17,-1.,0.));
#1915=DIRECTION('',(7.80527998189789E-17,-1.,0.));
#1916=DIRECTION('',(7.80527998189789E-17,-1.,0.));
#1917=DIRECTION('',(7.80527998189789E-17,-1.,0.));
#1918=DIRECTION('',(-0.0210878911661171,-1.64596894779335E-18,-0.999777625697918));
#1919=DIRECTION('',(-0.999777625697918,0.,0.0210878911661171));
#1920=DIRECTION('',(-0.0210878911661171,-1.64596894779335E-18,-0.999777625697918));
#1921=DIRECTION('',(-0.999777625697918,-7.80354428820936E-17,0.0210878911661171));
#1922=DIRECTION('',(-7.80527998189789E-17,1.,1.15589906980635E-37));
#1923=DIRECTION('',(-0.0210878911661171,-1.64596894779335E-18,-0.999777625697918));
#1924=DIRECTION('',(-0.999777625697918,-7.80354428820936E-17,0.0210878911661171));
#1925=DIRECTION('',(7.80527998189789E-17,-1.,0.));
#1926=DIRECTION('',(7.80527998189789E-17,-1.,0.));
#1927=DIRECTION('',(0.,0.,-1.));
#1928=DIRECTION('',(-1.,0.,0.));
#1929=DIRECTION('',(7.80527998189789E-17,-1.,0.));
#1930=DIRECTION('',(1.,2.34158399456937E-16,0.));
#1931=DIRECTION('',(1.,7.80527998189789E-17,0.));
#1932=DIRECTION('',(7.80527998189789E-17,-1.,0.));
#1933=DIRECTION('',(1.,7.80527998189789E-17,0.));
#1934=DIRECTION('',(7.80527998189789E-17,-1.,0.));
#1935=DIRECTION('',(1.,7.80527998189789E-17,0.));
#1936=DIRECTION('',(7.80527998189789E-17,-1.,0.));
#1937=DIRECTION('',(1.,7.80527998189789E-17,0.));
#1938=DIRECTION('',(7.80527998189789E-17,-1.,0.));
#1939=DIRECTION('',(1.,7.80527998189789E-17,0.));
#1940=DIRECTION('',(7.80527998189789E-17,-1.,0.));
#1941=DIRECTION('',(1.,7.80527998189789E-17,0.));
#1942=DIRECTION('',(7.80527998189789E-17,-1.,0.));
#1943=DIRECTION('',(1.,7.80527998189789E-17,0.));
#1944=DIRECTION('',(7.80527998189789E-17,-1.,0.));
#1945=DIRECTION('',(1.,7.80527998189789E-17,0.));
#1946=DIRECTION('',(1.,2.34158399456937E-16,0.));
#1947=DIRECTION('',(-2.34158399456937E-16,1.,0.));
#1948=DIRECTION('',(1.,0.,0.));
#1949=DIRECTION('',(0.,0.,-1.));
#1950=DIRECTION('',(1.,2.34158399456937E-16,0.));
#1951=DIRECTION('',(0.821298063731164,0.,-0.570499334365467));
#1952=DIRECTION('',(-0.570499334365467,0.,-0.821298063731164));
#1953=DIRECTION('',(-1.,-7.80527998189789E-17,0.));
#1954=DIRECTION('',(7.80527998189789E-17,-1.,0.));
#1955=DIRECTION('',(1.,7.80527998189789E-17,0.));
#1956=DIRECTION('',(1.,0.,0.));
#1957=DIRECTION('',(0.,0.,-1.));
#1958=DIRECTION('',(0.821298063731164,3.16282269028745E-15,-0.570499334365466));
#1959=DIRECTION('',(-0.570499334365467,0.,-0.821298063731165));
#1960=DIRECTION('',(7.80527998189789E-17,-1.,0.));
#1961=DIRECTION('',(1.,7.80527998189789E-17,0.));
#1962=DIRECTION('',(7.80527998189789E-17,-1.,0.));
#1963=DIRECTION('',(1.,7.80527998189789E-17,0.));
#1964=DIRECTION('',(7.80527998189789E-17,-1.,0.));
#1965=DIRECTION('',(1.,7.80527998189789E-17,0.));
#1966=DIRECTION('',(-1.,0.,0.));
#1967=DIRECTION('',(0.,0.,1.));
#1968=DIRECTION('',(-1.,0.,0.));
#1969=DIRECTION('',(-1.,0.,0.));
#1970=DIRECTION('',(0.,0.,1.));
#1971=DIRECTION('',(-1.,0.,0.));
#1972=DIRECTION('',(-1.,0.,0.));
#1973=DIRECTION('',(0.,-1.,0.));
#1974=DIRECTION('',(7.80527998189789E-17,-1.,0.));
#1975=DIRECTION('',(7.80527998189789E-17,-1.,0.));
#1976=DIRECTION('',(7.80527998189789E-17,-1.,0.));
#1977=DIRECTION('',(-0.891645236579097,0.417083229038911,-0.176097564265614));
#1978=DIRECTION('',(-0.423704580013331,-0.905800435457903,0.));
#1979=DIRECTION('',(-0.891645236579097,-0.41708322903891,-0.176097564265614));
#1980=DIRECTION('',(0.423704580013331,-0.905800435457903,0.));
#1981=DIRECTION('',(-0.895622683609829,7.64595322281161E-16,-0.444814577777671));
#1982=DIRECTION('',(-0.444814577777671,0.,0.895622683609829));
#1983=DIRECTION('',(-0.895622683609839,1.24555121595102E-14,-0.444814577777651));
#1984=DIRECTION('',(-0.444814577777651,0.,0.895622683609839));
#1985=DIRECTION('',(7.80527998189789E-17,-1.,0.));
#1986=DIRECTION('',(1.,7.80527998189789E-17,0.));
#1987=DIRECTION('',(7.80527998189789E-17,-1.,0.));
#1988=DIRECTION('',(0.,0.,1.));
#1989=DIRECTION('',(1.,0.,0.));
#1990=DIRECTION('',(7.80527998189789E-17,-1.,0.));
#1991=DIRECTION('',(0.,0.,1.));
#1992=DIRECTION('',(1.,0.,0.));
#1993=DIRECTION('',(7.80527998189789E-17,-1.,0.));
#1994=DIRECTION('',(7.80527998189789E-17,-1.,0.));
#1995=DIRECTION('',(1.,7.80527998189789E-17,0.));
#1996=DIRECTION('',(7.80527998189789E-17,-1.,0.));
#1997=DIRECTION('',(7.80527998189789E-17,-1.,0.));
#1998=DIRECTION('',(-0.98071652416855,-7.65476705400926E-17,-0.195435665175927));
#1999=DIRECTION('',(-0.195435665175927,0.,0.98071652416855));
#2000=DIRECTION('',(7.80527998189789E-17,-1.,0.));
#2001=DIRECTION('',(7.80527998189789E-17,-1.,0.));
#2002=DIRECTION('',(7.80527998189789E-17,-1.,0.));
#2003=DIRECTION('',(1.,7.80527998189789E-17,0.));
#2004=DIRECTION('',(7.80527998189789E-17,-1.,0.));
#2005=DIRECTION('',(1.,7.80527998189789E-17,0.));
#2006=DIRECTION('',(0.983541480520619,0.167815919043441,-0.0669624776342265));
#2007=DIRECTION('',(-0.168193430140649,0.985754010926419,0.));
#2008=DIRECTION('',(-0.850291442822324,-0.222144134348583,-0.477133572322939));
#2009=DIRECTION('',(-0.489360821259301,0.,0.872081410544005));
#2010=DIRECTION('',(-0.850291442824736,0.222144134348483,-0.477133572318687));
#2011=DIRECTION('',(-0.489360821254929,0.,0.872081410546459));
#2012=DIRECTION('',(0.983541480520469,-0.167815919042961,-0.0669624776376353));
#2013=DIRECTION('',(0.168193430140206,0.985754010926495,0.));
#2014=DIRECTION('',(7.80527998189789E-17,-1.,0.));
#2015=DIRECTION('',(1.,7.80527998189789E-17,0.));
#2016=DIRECTION('',(7.80527998189789E-17,-1.,0.));
#2017=DIRECTION('',(1.,7.80527998189789E-17,0.));
#2018=DIRECTION('',(-0.253710566570563,-0.00290476103916435,-0.967275819388529));
#2019=DIRECTION('',(-0.967279900175327,0.,0.25371163693613));
#2020=DIRECTION('',(-7.00729096472825E-11,-8.01577421787149E-13,-1.));
#2021=DIRECTION('',(-1.,0.,7.00729096472825E-11));
#2022=DIRECTION('',(0.,0.,1.));
#2023=DIRECTION('',(1.,0.,0.));
#2024=DIRECTION('',(0.0421476771483276,3.28974420729336E-18,0.999111391843272));
#2025=DIRECTION('',(-0.999111391843272,0.,0.0421476771483276));
#2026=DIRECTION('',(0.999712248200389,0.0114358997003971,-0.0210865121859134));
#2027=DIRECTION('',(-0.0210878911661158,0.,-0.999777625697918));
#2028=DIRECTION('',(0.999632699827972,-0.0170263089645023,-0.0210848343053759));
#2029=DIRECTION('',(-0.0210878911661158,0.,-0.999777625697918));
#2030=DIRECTION('',(-0.999848060459329,0.0174216740017315,0.000584183786345873));
#2031=DIRECTION('',(-0.0174216769744857,-0.999848231068794,0.));
#2032=DIRECTION('',(7.80527998189789E-17,-1.,0.));
#2033=DIRECTION('',(1.,7.80527998189789E-17,0.));
#2034=DIRECTION('',(-0.999848060459329,-0.0174216740017369,0.000584183786351341));
#2035=DIRECTION('',(0.0174216769744911,-0.999848231068794,0.));
#2036=DIRECTION('',(0.999632699827972,0.0170263089644996,-0.0210848343053759));
#2037=DIRECTION('',(-0.0210878911661158,0.,-0.999777625697918));
#2038=DIRECTION('',(-0.999712248200389,0.0114358997003998,0.0210865121859161));
#2039=DIRECTION('',(0.0210878911661185,0.,0.999777625697918));
#2040=DIRECTION('',(0.0421476771483276,3.28974420729336E-18,0.999111391843272));
#2041=DIRECTION('',(-0.999111391843272,0.,0.0421476771483276));
#2042=DIRECTION('',(0.,0.,1.));
#2043=DIRECTION('',(1.,0.,0.));
#2044=DIRECTION('',(-3.80618868570559E-13,4.35397206835071E-15,1.));
#2045=DIRECTION('',(1.,0.,3.8061886857056E-13));
#2046=DIRECTION('',(0.253710566570498,-0.00290476103916287,0.967275819388546));
#2047=DIRECTION('',(0.967279900175344,0.,-0.253711636936064));
#2048=CARTESIAN_POINT('',(0.,0.,0.));
#2049=CARTESIAN_POINT('',(-0.0778570914805807,0.00958805642414333,0.00665399561099333));
#2050=CARTESIAN_POINT('',(-0.077775937349083,0.00958499272027643,0.00643972645642537));
#2051=CARTESIAN_POINT('',(-0.0776570348291433,0.00982311169142035,0.00627124294653085));
#2052=CARTESIAN_POINT('',(-0.077449850654163,0.010286541728597,0.00604142181589935));
#2053=CARTESIAN_POINT('',(-0.0773595327529248,0.0105112984890885,0.00597103355902107));
#2054=CARTESIAN_POINT('',(-0.077203968983244,0.0108896807856739,0.00586295734963144));
#2055=CARTESIAN_POINT('',(-0.077137388754059,0.0110507760540575,0.00582615167218717));
#2056=CARTESIAN_POINT('',(-0.0770156113940048,0.0113399916419646,0.00576640179516375));
#2057=CARTESIAN_POINT('',(-0.0769604979958037,0.011468293613666,0.0057439511298048));
#2058=CARTESIAN_POINT('',(-0.0769072622585581,0.0115897023760719,0.00572513582960413));
#2059=CARTESIAN_POINT('',(-0.0778418760762271,0.0179720517453832,0.0066138227723827));
#2060=CARTESIAN_POINT('',(-0.0779558351965066,0.0179887947878295,0.00693291950882452));
#2061=CARTESIAN_POINT('',(-0.0782111900720719,0.0174688935213687,0.00709675492302292));
#2062=CARTESIAN_POINT('',(-0.078633678494564,0.0164322564467281,0.00717531341982518));
#2063=CARTESIAN_POINT('',(-0.0787938766913021,0.015966965810358,0.00712250270747092));
#2064=CARTESIAN_POINT('',(-0.0790030113197388,0.0153128850724079,0.0069774689428703));
#2065=CARTESIAN_POINT('',(-0.0790701446576665,0.0150753714642784,0.00688803235251117));
#2066=CARTESIAN_POINT('',(-0.079155612631865,0.0147351744185718,0.00671217342686898));
#2067=CARTESIAN_POINT('',(-0.0791794335262449,0.0146152870951995,0.00662255977472708));
#2068=CARTESIAN_POINT('',(-0.0791901463962585,0.0145283312747359,0.00653198387185038));
#2069=CARTESIAN_POINT('',(-0.0822058370610422,0.0109976677089721,0.00499919131358832));
#2070=CARTESIAN_POINT('',(-0.0820600134838464,0.0109948434639906,0.00461284286855728));
#2071=CARTESIAN_POINT('',(-0.0818253224495626,0.0111686028165847,0.00428003797397548));
#2072=CARTESIAN_POINT('',(-0.0813298852807994,0.0116128791299253,0.00377024119141));
#2073=CARTESIAN_POINT('',(-0.0810735274782593,0.0118713122139678,0.00358648386744106));
#2074=CARTESIAN_POINT('',(-0.0805899972038332,0.012351282800129,0.00329810671519304));
#2075=CARTESIAN_POINT('',(-0.0803599036244273,0.0125784328406914,0.00319275645128553));
#2076=CARTESIAN_POINT('',(-0.0799153940756517,0.0130048899083525,0.0030227208575341));
#2077=CARTESIAN_POINT('',(-0.0797004603844716,0.0132053264559215,0.00295849791566839));
#2078=CARTESIAN_POINT('',(-0.0794848281173976,0.0133996428512869,0.00290743856526558));
#2079=CARTESIAN_POINT('',(-0.0769072622585581,0.0115897023760719,0.00572513582960413));
#2080=CARTESIAN_POINT('',(-0.0791901463962585,0.0145283312747359,0.00653198387185038));
#2081=CARTESIAN_POINT('',(-0.0794848281173976,0.0133996428512869,0.00290743856526558));
#2082=CARTESIAN_POINT('',(-0.0794848281173976,0.0133996428512869,0.00290743856526558));
#2083=CARTESIAN_POINT('',(-0.0769072622585581,0.0115897023760719,0.00572513582960413));
#2084=CARTESIAN_POINT('',(-0.0822058370610422,0.0109976677089721,0.00499919131358832));
#2085=CARTESIAN_POINT('',(-0.0820600134838464,0.0109948434639906,0.00461284286855728));
#2086=CARTESIAN_POINT('',(-0.0818253224495626,0.0111686028165847,0.00428003797397548));
#2087=CARTESIAN_POINT('',(-0.0813298852807994,0.0116128791299253,0.00377024119141));
#2088=CARTESIAN_POINT('',(-0.0810735274782593,0.0118713122139678,0.00358648386744106));
#2089=CARTESIAN_POINT('',(-0.0805899972038332,0.012351282800129,0.00329810671519304));
#2090=CARTESIAN_POINT('',(-0.0803599036244273,0.0125784328406914,0.00319275645128553));
#2091=CARTESIAN_POINT('',(-0.0799153940756517,0.0130048899083525,0.0030227208575341));
#2092=CARTESIAN_POINT('',(-0.0797004603844716,0.0132053264559215,0.00295849791566839));
#2093=CARTESIAN_POINT('',(-0.0794848281173976,0.0133996428512869,0.00290743856526558));
#2094=CARTESIAN_POINT('',(-0.0822058370610422,0.0109976677089721,0.00499919131358833));
#2095=CARTESIAN_POINT('',(-0.0778570914805807,0.00958805642414333,0.00665399561099339));
#2096=CARTESIAN_POINT('',(-0.0778418760762272,0.0179720517453832,0.00661382277238273));
#2097=CARTESIAN_POINT('',(-0.0822058370610422,0.0109976677089721,0.00499919131358833));
#2098=CARTESIAN_POINT('',(-0.0778570914805807,0.00958805642414333,0.00665399561099339));
#2099=CARTESIAN_POINT('',(-0.0778570914805807,0.00958805642414333,0.00665399561099333));
#2100=CARTESIAN_POINT('',(-0.077775937349083,0.00958499272027643,0.00643972645642537));
#2101=CARTESIAN_POINT('',(-0.0776570348291433,0.00982311169142035,0.00627124294653085));
#2102=CARTESIAN_POINT('',(-0.077449850654163,0.010286541728597,0.00604142181589935));
#2103=CARTESIAN_POINT('',(-0.0773595327529248,0.0105112984890885,0.00597103355902107));
#2104=CARTESIAN_POINT('',(-0.077203968983244,0.0108896807856739,0.00586295734963144));
#2105=CARTESIAN_POINT('',(-0.077137388754059,0.0110507760540575,0.00582615167218717));
#2106=CARTESIAN_POINT('',(-0.0770156113940048,0.0113399916419646,0.00576640179516375));
#2107=CARTESIAN_POINT('',(-0.0769604979958037,0.011468293613666,0.0057439511298048));
#2108=CARTESIAN_POINT('',(-0.0769072622585581,0.0115897023760719,0.00572513582960413));
#2109=CARTESIAN_POINT('',(-0.0777647228976547,0.0116211512078168,0.00797213895770017));
#2110=CARTESIAN_POINT('',(-0.0777918911526615,0.0114983774570257,0.00792264026658875));
#2111=CARTESIAN_POINT('',(-0.077817982995715,0.0113686462291173,0.00786926911079301));
#2112=CARTESIAN_POINT('',(-0.0778688095332382,0.0110764121316767,0.00774413290604112));
#2113=CARTESIAN_POINT('',(-0.0778937987441446,0.0109137445103578,0.00767279023513602));
#2114=CARTESIAN_POINT('',(-0.077937656616782,0.0105318347763381,0.00749024185676237));
#2115=CARTESIAN_POINT('',(-0.0779580841842114,0.0103052843927792,0.00737891686114447));
#2116=CARTESIAN_POINT('',(-0.0779605854186098,0.0098355134009729,0.00707265116225613));
#2117=CARTESIAN_POINT('',(-0.0779387189250638,0.00959113799788573,0.00686951444159609));
#2118=CARTESIAN_POINT('',(-0.0778570914805807,0.00958805642414333,0.00665399561099339));
#2119=CARTESIAN_POINT('',(-0.0789126794314103,0.0144846449210374,0.00588064114676818));
#2120=CARTESIAN_POINT('',(-0.0788475956373894,0.014566455299912,0.00581698870595772));
#2121=CARTESIAN_POINT('',(-0.0787736292009917,0.0146811000202535,0.00576187076591911));
#2122=CARTESIAN_POINT('',(-0.0786000138473442,0.0150112110861596,0.00567629631875278));
#2123=CARTESIAN_POINT('',(-0.0784942829862116,0.0152438886344666,0.00564656861774588));
#2124=CARTESIAN_POINT('',(-0.0782477679738222,0.0158924774832319,0.00565684649687255));
#2125=CARTESIAN_POINT('',(-0.0780948414859517,0.0163586887217496,0.0057098564520801));
#2126=CARTESIAN_POINT('',(-0.0778237836889016,0.0174154180861564,0.0060196998158921));
#2127=CARTESIAN_POINT('',(-0.0777299051948597,0.0179553667233721,0.00629994794498499));
#2128=CARTESIAN_POINT('',(-0.0778418760762272,0.0179720517453832,0.00661382277238273));
#2129=CARTESIAN_POINT('',(-0.0815338416308086,0.0134373814493801,0.00831467308730687));
#2130=CARTESIAN_POINT('',(-0.0816599482727826,0.0132444818518728,0.00813750843758089));
#2131=CARTESIAN_POINT('',(-0.081777627764094,0.0130449105774501,0.00795161485944704));
#2132=CARTESIAN_POINT('',(-0.0819985220431613,0.0126178908739475,0.00754000344364496));
#2133=CARTESIAN_POINT('',(-0.0821024747676696,0.0123892885902738,0.00731434116530543));
#2134=CARTESIAN_POINT('',(-0.0822788148676031,0.0119022962638037,0.00678936899236332));
#2135=CARTESIAN_POINT('',(-0.082353079259775,0.0116379032106463,0.00648753414328675));
#2136=CARTESIAN_POINT('',(-0.0823935987691269,0.0111800539117636,0.00578594373883608));
#2137=CARTESIAN_POINT('',(-0.0823511200360351,0.0110004814842291,0.00538410747509055));
#2138=CARTESIAN_POINT('',(-0.0822058370610422,0.0109976677089721,0.00499919131358833));
#2139=CARTESIAN_POINT('',(-0.0777647228976547,0.0116211512078168,0.00797213895770017));
#2140=CARTESIAN_POINT('',(-0.0789126794314103,0.0144846449210374,0.00588064114676818));
#2141=CARTESIAN_POINT('',(-0.0815338416308086,0.0134373814493801,0.00831467308730687));
#2142=CARTESIAN_POINT('',(-0.0777647228976547,0.0116211512078168,0.00797213895770017));
#2143=CARTESIAN_POINT('',(-0.0815338416308086,0.0134373814493801,0.00831467308730687));
#2144=CARTESIAN_POINT('',(-0.0777647228976547,0.0116211512078168,0.00797213895770017));
#2145=CARTESIAN_POINT('',(-0.0777918911526615,0.0114983774570257,0.00792264026658875));
#2146=CARTESIAN_POINT('',(-0.077817982995715,0.0113686462291173,0.00786926911079301));
#2147=CARTESIAN_POINT('',(-0.0778688095332382,0.0110764121316767,0.00774413290604112));
#2148=CARTESIAN_POINT('',(-0.0778937987441446,0.0109137445103578,0.00767279023513602));
#2149=CARTESIAN_POINT('',(-0.077937656616782,0.0105318347763381,0.00749024185676237));
#2150=CARTESIAN_POINT('',(-0.0779580841842114,0.0103052843927792,0.00737891686114447));
#2151=CARTESIAN_POINT('',(-0.0779605854186098,0.0098355134009729,0.00707265116225613));
#2152=CARTESIAN_POINT('',(-0.0779387189250638,0.00959113799788573,0.00686951444159609));
#2153=CARTESIAN_POINT('',(-0.0778570914805807,0.00958805642414333,0.00665399561099339));
#2154=CARTESIAN_POINT('',(-0.0815338416308086,0.0134373814493801,0.00831467308730687));
#2155=CARTESIAN_POINT('',(-0.0816599482727826,0.0132444818518728,0.00813750843758089));
#2156=CARTESIAN_POINT('',(-0.081777627764094,0.0130449105774501,0.00795161485944704));
#2157=CARTESIAN_POINT('',(-0.0819985220431613,0.0126178908739475,0.00754000344364496));
#2158=CARTESIAN_POINT('',(-0.0821024747676696,0.0123892885902738,0.00731434116530543));
#2159=CARTESIAN_POINT('',(-0.0822788148676031,0.0119022962638037,0.00678936899236332));
#2160=CARTESIAN_POINT('',(-0.082353079259775,0.0116379032106463,0.00648753414328675));
#2161=CARTESIAN_POINT('',(-0.0823935987691269,0.0111800539117636,0.00578594373883608));
#2162=CARTESIAN_POINT('',(-0.0823511200360351,0.0110004814842291,0.00538410747509055));
#2163=CARTESIAN_POINT('',(-0.0822058370610422,0.0109976677089721,0.00499919131358833));
#2164=CARTESIAN_POINT('',(-0.0778570914790664,-0.0095880564240862,0.00665399560699534));
#2165=CARTESIAN_POINT('',(-0.0779386980619081,-0.00959113720714845,0.00686945935538324));
#2166=CARTESIAN_POINT('',(-0.0779605739926675,-0.00983539790952388,0.00707255139610943));
#2167=CARTESIAN_POINT('',(-0.0779580976596195,-0.0103050131006918,0.00737876444491293));
#2168=CARTESIAN_POINT('',(-0.0779376853377003,-0.010531508010184,0.00749007614056318));
#2169=CARTESIAN_POINT('',(-0.0778938546434854,-0.0109133342643414,0.00767260364979972));
#2170=CARTESIAN_POINT('',(-0.077868878169198,-0.0110759720136922,0.00774393938710061));
#2171=CARTESIAN_POINT('',(-0.0778180764686894,-0.0113681541348125,0.00786906343533377));
#2172=CARTESIAN_POINT('',(-0.0777919967440988,-0.0114978636421115,0.00792242955636349));
#2173=CARTESIAN_POINT('',(-0.0777648412358538,-0.011620616356063,0.00797192331379788));
#2174=CARTESIAN_POINT('',(-0.0778418760890364,-0.0179720517458675,0.00661382280653127));
#2175=CARTESIAN_POINT('',(-0.0777298932504637,-0.0179553707951264,0.00629992153585965));
#2176=CARTESIAN_POINT('',(-0.0778237124997931,-0.0174155867801134,0.0060196199723784));
#2177=CARTESIAN_POINT('',(-0.0780947066160494,-0.0163589828183716,0.00570961548514997));
#2178=CARTESIAN_POINT('',(-0.0782476240924641,-0.0158927591643587,0.00565652038097978));
#2179=CARTESIAN_POINT('',(-0.0784941517368225,-0.0152440749002658,0.00564610189956553));
#2180=CARTESIAN_POINT('',(-0.0785998976980011,-0.0150113326843528,0.0056757699179507));
#2181=CARTESIAN_POINT('',(-0.0787735508493953,-0.0146810935283191,0.00576124296757581));
#2182=CARTESIAN_POINT('',(-0.0788475391676976,-0.0145663846540231,0.0058163158979811));
#2183=CARTESIAN_POINT('',(-0.0789126480914903,-0.0144845104392056,0.00587992512389218));
#2184=CARTESIAN_POINT('',(-0.0822058370575002,-0.0109976677089035,0.00499919130420428));
#2185=CARTESIAN_POINT('',(-0.0823510833108433,-0.0110004807702862,0.00538401017013327));
#2186=CARTESIAN_POINT('',(-0.082393579132684,-0.0111799634106199,0.00578574584965899));
#2187=CARTESIAN_POINT('',(-0.0823531302008699,-0.0116376397445061,0.00648718958111901));
#2188=CARTESIAN_POINT('',(-0.0822789144236594,-0.0119019541374955,0.00678897453785528));
#2189=CARTESIAN_POINT('',(-0.08210266623449,-0.0123888268980445,0.00731386907033678));
#2190=CARTESIAN_POINT('',(-0.0819987587197131,-0.0126173842526049,0.00753950311004078));
#2191=CARTESIAN_POINT('',(-0.0817779543791627,-0.0130443281518326,0.0079510654119863));
#2192=CARTESIAN_POINT('',(-0.081660319832086,-0.0132438685502876,0.00813693841641353));
#2193=CARTESIAN_POINT('',(-0.0815342611683085,-0.0134367396272755,0.00831408360784462));
#2194=CARTESIAN_POINT('',(-0.0777648412358538,-0.011620616356063,0.00797192331379788));
#2195=CARTESIAN_POINT('',(-0.0789126480914903,-0.0144845104392056,0.00587992512389218));
#2196=CARTESIAN_POINT('',(-0.0815342611683085,-0.0134367396272755,0.00831408360784462));
#2197=CARTESIAN_POINT('',(-0.0815342611683085,-0.0134367396272755,0.00831408360784462));
#2198=CARTESIAN_POINT('',(-0.0777648412358538,-0.011620616356063,0.00797192331379788));
#2199=CARTESIAN_POINT('',(-0.0822058370575002,-0.0109976677089035,0.00499919130420428));
#2200=CARTESIAN_POINT('',(-0.0823510833108433,-0.0110004807702862,0.00538401017013327));
#2201=CARTESIAN_POINT('',(-0.082393579132684,-0.0111799634106199,0.00578574584965899));
#2202=CARTESIAN_POINT('',(-0.0823531302008699,-0.0116376397445061,0.00648718958111901));
#2203=CARTESIAN_POINT('',(-0.0822789144236594,-0.0119019541374955,0.00678897453785528));
#2204=CARTESIAN_POINT('',(-0.08210266623449,-0.0123888268980445,0.00731386907033678));
#2205=CARTESIAN_POINT('',(-0.0819987587197131,-0.0126173842526049,0.00753950311004078));
#2206=CARTESIAN_POINT('',(-0.0817779543791627,-0.0130443281518326,0.0079510654119863));
#2207=CARTESIAN_POINT('',(-0.081660319832086,-0.0132438685502876,0.00813693841641353));
#2208=CARTESIAN_POINT('',(-0.0815342611683085,-0.0134367396272755,0.00831408360784462));
#2209=CARTESIAN_POINT('',(-0.0822058370575002,-0.0109976677089034,0.00499919130420429));
#2210=CARTESIAN_POINT('',(-0.0778570914790664,-0.00958805642408618,0.00665399560699534));
#2211=CARTESIAN_POINT('',(-0.0778418760890365,-0.0179720517458675,0.00661382280653125));
#2212=CARTESIAN_POINT('',(-0.0822058370575002,-0.0109976677089034,0.00499919130420429));
#2213=CARTESIAN_POINT('',(-0.0778570914790664,-0.00958805642408618,0.00665399560699534));
#2214=CARTESIAN_POINT('',(-0.0778570914790664,-0.0095880564240862,0.00665399560699534));
#2215=CARTESIAN_POINT('',(-0.0779386980619081,-0.00959113720714845,0.00686945935538324));
#2216=CARTESIAN_POINT('',(-0.0779605739926675,-0.00983539790952388,0.00707255139610943));
#2217=CARTESIAN_POINT('',(-0.0779580976596195,-0.0103050131006918,0.00737876444491293));
#2218=CARTESIAN_POINT('',(-0.0779376853377003,-0.010531508010184,0.00749007614056318));
#2219=CARTESIAN_POINT('',(-0.0778938546434854,-0.0109133342643414,0.00767260364979972));
#2220=CARTESIAN_POINT('',(-0.077868878169198,-0.0110759720136922,0.00774393938710061));
#2221=CARTESIAN_POINT('',(-0.0778180764686894,-0.0113681541348125,0.00786906343533377));
#2222=CARTESIAN_POINT('',(-0.0777919967440988,-0.0114978636421115,0.00792242955636349));
#2223=CARTESIAN_POINT('',(-0.0777648412358538,-0.011620616356063,0.00797192331379788));
#2224=CARTESIAN_POINT('',(-0.0769069844097184,-0.0115903360105232,0.00572503765765829));
#2225=CARTESIAN_POINT('',(-0.0769602350103655,-0.0114689026183125,0.00574384702503955));
#2226=CARTESIAN_POINT('',(-0.0770153628542706,-0.011340575245042,0.00576629229475969));
#2227=CARTESIAN_POINT('',(-0.0771371715122307,-0.0110512986351763,0.00582603268507426));
#2228=CARTESIAN_POINT('',(-0.0772037684548108,-0.0108901682169499,0.00586283407766821));
#2229=CARTESIAN_POINT('',(-0.0773593731906069,-0.0105116869163599,0.00597090669900077));
#2230=CARTESIAN_POINT('',(-0.0774497156046448,-0.010286863969927,0.0060412944130705));
#2231=CARTESIAN_POINT('',(-0.0776569651328445,-0.00982324744602243,0.00627114325512401));
#2232=CARTESIAN_POINT('',(-0.077775912383731,-0.0095849917806808,0.00643966054280515));
#2233=CARTESIAN_POINT('',(-0.0778570914790664,-0.00958805642408618,0.00665399560699534));
#2234=CARTESIAN_POINT('',(-0.0791896137400436,-0.0145284733351595,0.00653131614367762));
#2235=CARTESIAN_POINT('',(-0.0791789590272429,-0.014615354387649,0.00662191177850892));
#2236=CARTESIAN_POINT('',(-0.0791551947073879,-0.0147351668441765,0.00671154955554475));
#2237=CARTESIAN_POINT('',(-0.0790698429030115,-0.0150752155934661,0.00688747235877843));
#2238=CARTESIAN_POINT('',(-0.0790027708705353,-0.0153126552448541,0.00697695233418877));
#2239=CARTESIAN_POINT('',(-0.0787937576334663,-0.0159666300373579,0.00712210571532016));
#2240=CARTESIAN_POINT('',(-0.078633616126389,-0.0164319104689798,0.00717500112484482));
#2241=CARTESIAN_POINT('',(-0.0782111906757111,-0.017468701959439,0.00709663518667384));
#2242=CARTESIAN_POINT('',(-0.0779558214897107,-0.0179887996306975,0.00693288941055647));
#2243=CARTESIAN_POINT('',(-0.0778418760890365,-0.0179720517458675,0.00661382280653125));
#2244=CARTESIAN_POINT('',(-0.0794839843085889,-0.0134004032126295,0.00290723883185678));
#2245=CARTESIAN_POINT('',(-0.0796996751956645,-0.0132060516448189,0.00295827563988253));
#2246=CARTESIAN_POINT('',(-0.0799146659544204,-0.0130055769626006,0.00302247991277176));
#2247=CARTESIAN_POINT('',(-0.0803592961882816,-0.0125790270695131,0.00319248662596171));
#2248=CARTESIAN_POINT('',(-0.0805894533696549,-0.0123518222836737,0.00329782626600044));
#2249=CARTESIAN_POINT('',(-0.0810731283245749,-0.0118717087754709,0.00358620200480384));
#2250=CARTESIAN_POINT('',(-0.0813295691561148,-0.0116131831048261,0.00376996768513007));
#2251=CARTESIAN_POINT('',(-0.0818251843579261,-0.0111687061725884,0.00427984414656233));
#2252=CARTESIAN_POINT('',(-0.0820599697155194,-0.0109948426190253,0.00461272691217417));
#2253=CARTESIAN_POINT('',(-0.0822058370575002,-0.0109976677089034,0.00499919130420429));
#2254=CARTESIAN_POINT('',(-0.0769069844097184,-0.0115903360105232,0.00572503765765829));
#2255=CARTESIAN_POINT('',(-0.0791896137400436,-0.0145284733351595,0.00653131614367762));
#2256=CARTESIAN_POINT('',(-0.0794839843085889,-0.0134004032126295,0.00290723883185678));
#2257=CARTESIAN_POINT('',(-0.0769069844097184,-0.0115903360105232,0.00572503765765829));
#2258=CARTESIAN_POINT('',(-0.0794839843085889,-0.0134004032126295,0.00290723883185678));
#2259=CARTESIAN_POINT('',(-0.0769069844097184,-0.0115903360105232,0.00572503765765829));
#2260=CARTESIAN_POINT('',(-0.0769602350103655,-0.0114689026183125,0.00574384702503955));
#2261=CARTESIAN_POINT('',(-0.0770153628542706,-0.011340575245042,0.00576629229475969));
#2262=CARTESIAN_POINT('',(-0.0771371715122307,-0.0110512986351763,0.00582603268507426));
#2263=CARTESIAN_POINT('',(-0.0772037684548108,-0.0108901682169499,0.00586283407766821));
#2264=CARTESIAN_POINT('',(-0.0773593731906069,-0.0105116869163599,0.00597090669900077));
#2265=CARTESIAN_POINT('',(-0.0774497156046448,-0.010286863969927,0.0060412944130705));
#2266=CARTESIAN_POINT('',(-0.0776569651328445,-0.00982324744602243,0.00627114325512401));
#2267=CARTESIAN_POINT('',(-0.077775912383731,-0.0095849917806808,0.00643966054280515));
#2268=CARTESIAN_POINT('',(-0.0778570914790664,-0.00958805642408618,0.00665399560699534));
#2269=CARTESIAN_POINT('',(-0.0794839843085889,-0.0134004032126295,0.00290723883185678));
#2270=CARTESIAN_POINT('',(-0.0796996751956645,-0.0132060516448189,0.00295827563988253));
#2271=CARTESIAN_POINT('',(-0.0799146659544204,-0.0130055769626006,0.00302247991277176));
#2272=CARTESIAN_POINT('',(-0.0803592961882816,-0.0125790270695131,0.00319248662596171));
#2273=CARTESIAN_POINT('',(-0.0805894533696549,-0.0123518222836737,0.00329782626600044));
#2274=CARTESIAN_POINT('',(-0.0810731283245749,-0.0118717087754709,0.00358620200480384));
#2275=CARTESIAN_POINT('',(-0.0813295691561148,-0.0116131831048261,0.00376996768513007));
#2276=CARTESIAN_POINT('',(-0.0818251843579261,-0.0111687061725884,0.00427984414656233));
#2277=CARTESIAN_POINT('',(-0.0820599697155194,-0.0109948426190253,0.00461272691217417));
#2278=CARTESIAN_POINT('',(-0.0822058370575002,-0.0109976677089034,0.00499919130420429));
#2279=CARTESIAN_POINT('',(-0.1016,-0.0029319480328845,0.0258530244324744));
#2280=CARTESIAN_POINT('',(-0.1016,-0.0177800000005072,0.0258530244324744));
#2281=CARTESIAN_POINT('',(-0.100108838081661,-0.0029319480328845,0.0261270996013526));
#2282=CARTESIAN_POINT('',(-0.100108838081661,-0.0177800000005072,0.0261270996013526));
#2283=CARTESIAN_POINT('',(-0.097122632615729,-0.0029319480328845,0.0265096143581331));
#2284=CARTESIAN_POINT('',(-0.097122632615729,-0.0177800000005072,0.0265096143581331));
#2285=CARTESIAN_POINT('',(-0.0925788454076241,-0.00293194803288451,0.0264931586808991));
#2286=CARTESIAN_POINT('',(-0.0925788454076241,-0.0177800000005072,0.0264931586808991));
#2287=CARTESIAN_POINT('',(-0.0881033801047408,-0.0029319480328845,0.0257783079170268));
#2288=CARTESIAN_POINT('',(-0.0881033801047408,-0.0177800000005072,0.0257783079170268));
#2289=CARTESIAN_POINT('',(-0.0838637956746981,-0.0029319480328845,0.0243441677106381));
#2290=CARTESIAN_POINT('',(-0.0838637956746981,-0.0177800000005072,0.0243441677106381));
#2291=CARTESIAN_POINT('',(-0.0798567469421841,-0.0029319480328845,0.0221127312868583));
#2292=CARTESIAN_POINT('',(-0.0798567469421841,-0.0177800000005072,0.0221127312868583));
#2293=CARTESIAN_POINT('',(-0.0763944707240995,-0.0029319480328845,0.0192312867454554));
#2294=CARTESIAN_POINT('',(-0.0763944707240995,-0.0177800000005072,0.0192312867454554));
#2295=CARTESIAN_POINT('',(-0.0734633245917133,-0.0029319480328845,0.0157148859215069));
#2296=CARTESIAN_POINT('',(-0.0734633245917133,-0.0177800000005072,0.0157148859215069));
#2297=CARTESIAN_POINT('',(-0.0719656131590898,-0.0029319480328845,0.0131113531896364));
#2298=CARTESIAN_POINT('',(-0.0719656131590898,-0.0177800000005072,0.0131113531896364));
#2299=CARTESIAN_POINT('',(-0.0713128666899536,-0.0029319480328845,0.0117420942244546));
#2300=CARTESIAN_POINT('',(-0.0713128666899536,-0.0177800000005072,0.0117420942244546));
#2301=CARTESIAN_POINT('',(-0.0714774222476106,-0.01778,0.0120815827530639));
#2302=CARTESIAN_POINT('',(-0.0714215305203375,-0.0177800000010164,0.0119681608354553));
#2303=CARTESIAN_POINT('',(-0.0713666873769899,-0.0177707131824038,0.0118549932774885));
#2304=CARTESIAN_POINT('',(-0.0713128666899536,-0.0177521215116208,0.0117420942244546));
#2305=CARTESIAN_POINT('',(-0.0714774223438262,-0.01778,0.0120815827056505));
#2306=CARTESIAN_POINT('',(-0.0713128666899536,-0.0177521215116209,0.0117420942244545));
#2307=CARTESIAN_POINT('',(-0.0713128666899536,-0.01778,0.0117420942244545));
#2308=CARTESIAN_POINT('',(-0.0713128666899536,-0.00335165023665406,0.0117420942244545));
#2309=CARTESIAN_POINT('',(-0.1016,-0.00428461255007627,0.0258530244324744));
#2310=CARTESIAN_POINT('',(-0.10083574516852,-0.00406157727587896,0.0259934942697388));
#2311=CARTESIAN_POINT('',(-0.0992982718047405,-0.00363326791330321,0.026231884207873));
#2312=CARTESIAN_POINT('',(-0.0969516385178248,-0.0031502846467807,0.0264493466653604));
#2313=CARTESIAN_POINT('',(-0.0944968926435581,-0.00301742994370637,0.0265016284468925));
#2314=CARTESIAN_POINT('',(-0.092127962136154,-0.00334531798219341,0.0263675543401318));
#2315=CARTESIAN_POINT('',(-0.0897993569657788,-0.00399079016168425,0.0260462771552698));
#2316=CARTESIAN_POINT('',(-0.0868366234655909,-0.00503455765783252,0.0253781270919746));
#2317=CARTESIAN_POINT('',(-0.0833033150546181,-0.006425724841214,0.0240908780619677));
#2318=CARTESIAN_POINT('',(-0.0792657417917908,-0.00777574055896675,0.0217133772183373));
#2319=CARTESIAN_POINT('',(-0.0762386777518354,-0.00819742375143837,0.0190095668486494));
#2320=CARTESIAN_POINT('',(-0.0741724276706633,-0.00772091984112767,0.0165305524706641));
#2321=CARTESIAN_POINT('',(-0.0728768813493172,-0.00683843509477421,0.0146444006651446));
#2322=CARTESIAN_POINT('',(-0.0719021960621465,-0.00539995109942525,0.0129466262696414));
#2323=CARTESIAN_POINT('',(-0.071470075126675,-0.00407068710428805,0.0120718686032695));
#2324=CARTESIAN_POINT('',(-0.0713128666899537,-0.00335165023665421,0.0117420942244546));
#2325=CARTESIAN_POINT('',(-0.1016,-0.00428461254999523,0.0258530244324744));
#2326=CARTESIAN_POINT('',(-0.1016,0.056388,0.0258530244324744));
#2327=CARTESIAN_POINT('',(-0.1016,-0.01778,0.0258530244324744));
#2328=CARTESIAN_POINT('',(-0.1016,-0.01778,0.0258530244324744));
#2329=CARTESIAN_POINT('',(-0.100124298150853,-0.01778,0.0261242580446963));
#2330=CARTESIAN_POINT('',(-0.0971683154925139,-0.01778,0.0265043583166507));
#2331=CARTESIAN_POINT('',(-0.0926759076186905,-0.01778,0.0264982587561951));
#2332=CARTESIAN_POINT('',(-0.088238379787604,-0.01778,0.0258083739520605));
#2333=CARTESIAN_POINT('',(-0.0840385392151454,-0.01778,0.024417119164523));
#2334=CARTESIAN_POINT('',(-0.0800518725892978,-0.01778,0.0222417862859024));
#2335=CARTESIAN_POINT('',(-0.0765992980141607,-0.01778,0.0194298433013504));
#2336=CARTESIAN_POINT('',(-0.073653731738703,-0.01778,0.0159814203984423));
#2337=CARTESIAN_POINT('',(-0.0721402158590918,-0.01778,0.0134265897313449));
#2338=CARTESIAN_POINT('',(-0.0714774224400419,-0.01778,0.0120815826582373));
#2339=CARTESIAN_POINT('',(-0.0425087903170095,0.0162416480748538,0.00540455201707089));
#2340=CARTESIAN_POINT('',(-0.0425087903170095,0.0162416480748538,0.014411363031265));
#2341=CARTESIAN_POINT('',(-0.0395895025220873,0.0154838857651984,0.00540455201707089));
#2342=CARTESIAN_POINT('',(-0.0395895025220873,0.0154838857651984,0.014411363031265));
#2343=CARTESIAN_POINT('',(-0.037177597451004,0.0144461791973983,0.00540455201707089));
#2344=CARTESIAN_POINT('',(-0.037177597451004,0.0144461791973983,0.014411363031265));
#2345=CARTESIAN_POINT('',(-0.0352730751037598,0.0131285283714533,0.00540455201707089));
#2346=CARTESIAN_POINT('',(-0.0352730751037598,0.0131285283714533,0.014411363031265));
#2347=CARTESIAN_POINT('',(-0.0378890493903971,0.0146162768777122,0.00615857653523872));
#2348=CARTESIAN_POINT('',(-0.0393604964647747,0.0153045729308553,0.00598013934642483));
#2349=CARTESIAN_POINT('',(-0.0409101962672482,0.0158240490689328,0.00574552728559901));
#2350=CARTESIAN_POINT('',(-0.0424566106850104,0.0162280598290982,0.00545795208237244));
#2351=CARTESIAN_POINT('',(-0.0378890493903971,0.0146162768777122,0.00615857653523871));
#2352=CARTESIAN_POINT('',(-0.0424566106850104,0.0162280598290983,0.00545795208237244));
#2353=CARTESIAN_POINT('',(-0.0424566106850104,0.0162280598290983,0.00545795208237247));
#2354=CARTESIAN_POINT('',(-0.0416817632180323,0.0160256259209877,0.00586033991935819));
#2355=CARTESIAN_POINT('',(-0.04029281386945,0.0155998986703781,0.00698713723833103));
#2356=CARTESIAN_POINT('',(-0.0391340205677024,0.0151523959184071,0.00948971161748167));
#2357=CARTESIAN_POINT('',(-0.039444269136893,0.0152796471313797,0.0122999424551333));
#2358=CARTESIAN_POINT('',(-0.0405050560907217,0.0156595882362402,0.0137678540678652));
#2359=CARTESIAN_POINT('',(-0.0411591933825669,0.0158603209511157,0.0143579629659634));
#2360=CARTESIAN_POINT('',(-0.0411591933825668,0.0158603209511157,0.0143579629659634));
#2361=CARTESIAN_POINT('',(-0.0411591933825669,0.0158603209511157,0.0143579629659634));
#2362=CARTESIAN_POINT('',(-0.0390982734211872,0.0152278939909864,0.0137638530888325));
#2363=CARTESIAN_POINT('',(-0.0371012362855196,0.0143933484427913,0.0132618040421565));
#2364=CARTESIAN_POINT('',(-0.0352730751037598,0.0131285283714533,0.0128315969820287));
#2365=CARTESIAN_POINT('',(-0.0352730751037598,0.0131285283714533,0.0128315969820287));
#2366=CARTESIAN_POINT('',(-0.0352730751037598,0.0131285283714533,-0.0127));
#2367=CARTESIAN_POINT('',(-0.0352730751037598,0.0131285283714533,0.0063524940692382));
#2368=CARTESIAN_POINT('',(-0.0352730751037598,0.0131285283714533,0.00635249406923821));
#2369=CARTESIAN_POINT('',(-0.0360993964296322,0.0137002218352276,0.00632351213123948));
#2370=CARTESIAN_POINT('',(-0.0369801839389132,0.0141911385808699,0.00626879143796733));
#2371=CARTESIAN_POINT('',(-0.0378890493903971,0.0146162768777122,0.00615857653523871));
#2372=CARTESIAN_POINT('',(-0.05715,-0.01778,0.000774556672969376));
#2373=CARTESIAN_POINT('',(-0.05715,-0.01778,0.0240572426819902));
#2374=CARTESIAN_POINT('',(-0.05283506583455,-0.01778,0.000774556672969376));
#2375=CARTESIAN_POINT('',(-0.05283506583455,-0.01778,0.0240572426819902));
#2376=CARTESIAN_POINT('',(-0.0490327868756421,-0.0174971466927498,0.000774556672969376));
#2377=CARTESIAN_POINT('',(-0.0490327868756421,-0.0174971466927498,0.0240572426819902));
#2378=CARTESIAN_POINT('',(-0.0457431631232763,-0.0169314400782493,0.000774556672969376));
#2379=CARTESIAN_POINT('',(-0.0457431631232763,-0.0169314400782493,0.0240572426819902));
#2380=CARTESIAN_POINT('',(-0.05715,-0.01778,0.000912596313339064));
#2381=CARTESIAN_POINT('',(-0.0535013336777248,-0.01777999899071,0.00257554689468766));
#2382=CARTESIAN_POINT('',(-0.0496401860819303,-0.0175964057876473,0.00384443493310849));
#2383=CARTESIAN_POINT('',(-0.0458020778987114,-0.0169415318805355,0.00475232584770869));
#2384=CARTESIAN_POINT('',(-0.05715,-0.01778,0.000912596313339082));
#2385=CARTESIAN_POINT('',(-0.0458020778987114,-0.0169415318805355,0.00475232584770868));
#2386=CARTESIAN_POINT('',(-0.0458020778987114,-0.0169415318805355,0.00475232584770869));
#2387=CARTESIAN_POINT('',(-0.0471894576855585,-0.0171782523632027,0.00484155938532759));
#2388=CARTESIAN_POINT('',(-0.0492279888391966,-0.0174196295607268,0.00569442779698436));
#2389=CARTESIAN_POINT('',(-0.0509020129189974,-0.017557450594387,0.00801064867468202));
#2390=CARTESIAN_POINT('',(-0.0514172687510249,-0.0175931632437625,0.0100903670903136));
#2391=CARTESIAN_POINT('',(-0.0511026526665361,-0.0175717756111088,0.0122139708799458));
#2392=CARTESIAN_POINT('',(-0.0496526647354021,-0.0174589523137698,0.0146742939946857));
#2393=CARTESIAN_POINT('',(-0.0476866125868252,-0.0172446626299054,0.0157056112131143));
#2394=CARTESIAN_POINT('',(-0.0463102990482611,-0.0170253573400153,0.0159080633086023));
#2395=CARTESIAN_POINT('',(-0.0463102990482611,-0.0170253573400152,0.0159080633086023));
#2396=CARTESIAN_POINT('',(-0.0484525533758538,-0.0173199662963481,0.0165559856913961));
#2397=CARTESIAN_POINT('',(-0.0477360329878115,-0.0172361316864159,0.0163392749156674));
#2398=CARTESIAN_POINT('',(-0.0470218121049818,-0.0171387316350379,0.0161232596226726));
#2399=CARTESIAN_POINT('',(-0.0463102990482611,-0.0170253573400153,0.0159080633086022));
#2400=CARTESIAN_POINT('',(-0.0484525533758538,-0.017319966296348,0.016555985691396));
#2401=CARTESIAN_POINT('',(-0.0484525533758538,-0.017319966296348,0.016555985691396));
#2402=CARTESIAN_POINT('',(-0.0498070598502342,-0.0174784468138955,0.017887874106257));
#2403=CARTESIAN_POINT('',(-0.0525844141240675,-0.0177052383805431,0.020491247804772));
#2404=CARTESIAN_POINT('',(-0.0555656861471389,-0.0177799995997202,0.0228596979408464));
#2405=CARTESIAN_POINT('',(-0.05715,-0.01778,0.0239192030416203));
#2406=CARTESIAN_POINT('',(-0.05715,-0.01778,0.0239192030416205));
#2407=CARTESIAN_POINT('',(-0.05715,-0.01778,-0.0127));
#2408=CARTESIAN_POINT('',(-0.1016,-3.46944695195361E-18,-0.0127));
#2409=CARTESIAN_POINT('',(-0.1016,0.0141007385309434,0.0268007385309434));
#2410=CARTESIAN_POINT('',(-0.1016,0.0141007385309434,0.03048));
#2411=CARTESIAN_POINT('',(-0.1016,0.01778,0.0268007385309434));
#2412=CARTESIAN_POINT('',(-0.1016,0.056388,0.0268007385309434));
#2413=CARTESIAN_POINT('',(-0.1016,0.00213660907937396,0.0268007385309434));
#2414=CARTESIAN_POINT('',(-0.1016,0.,0.01905));
#2415=CARTESIAN_POINT('',(-0.1016,-0.00213660907937396,0.0268007385309434));
#2416=CARTESIAN_POINT('',(-0.1016,0.056388,0.0268007385309434));
#2417=CARTESIAN_POINT('',(-0.1016,-0.01778,0.0268007385309434));
#2418=CARTESIAN_POINT('',(-0.1016,-0.0141007385309434,0.0268007385309434));
#2419=CARTESIAN_POINT('',(-0.1016,-0.0141007385309434,0.03048));
#2420=CARTESIAN_POINT('',(-0.1016,0.061214,0.03048));
#2421=CARTESIAN_POINT('',(-0.05715,0.,0.01905));
#2422=CARTESIAN_POINT('',(-0.0926807771510524,-0.000919723754816318,0.011049778977942));
#2423=CARTESIAN_POINT('',(-0.0923775343755585,7.75261365618146E-7,0.010990421850153));
#2424=CARTESIAN_POINT('',(-0.0926790242711832,0.000916622709353887,0.0110494865662637));
#2425=CARTESIAN_POINT('',(-0.0933930870452974,0.00153517269227008,0.0111539391607102));
#2426=CARTESIAN_POINT('',(-0.0942657580675353,0.00184747134182076,0.0112247318162442));
#2427=CARTESIAN_POINT('',(-0.0951853989846641,0.00192153201168713,0.011243334317034));
#2428=CARTESIAN_POINT('',(-0.0960987911871421,0.00179369664622458,0.0112116544680209));
#2429=CARTESIAN_POINT('',(-0.0969601366527351,0.00146342646321128,0.0111409768081083));
#2430=CARTESIAN_POINT('',(-0.0977054564946249,0.000903931316520716,0.0110493885284669));
#2431=CARTESIAN_POINT('',(-0.0980945594371173,-1.31895774615897E-6,0.0109904228612039));
#2432=CARTESIAN_POINT('',(-0.0977019269283625,-0.000908186092879236,0.011049873913018));
#2433=CARTESIAN_POINT('',(-0.0969577531835103,-0.00146450585518099,0.0111412347936482));
#2434=CARTESIAN_POINT('',(-0.0960951311646967,-0.00179445857095901,0.0112118194024048));
#2435=CARTESIAN_POINT('',(-0.0951874868725805,-0.00192124375569168,0.011243277984601));
#2436=CARTESIAN_POINT('',(-0.094265226683133,-0.00184773902631285,0.0112247623984228));
#2437=CARTESIAN_POINT('',(-0.093392742842486,-0.00153430778343745,0.0111538541436945));
#2438=CARTESIAN_POINT('',(-0.0926807771510524,-0.000919723754816318,0.011049778977942));
#2439=CARTESIAN_POINT('',(-0.0923775343755585,7.75261365618146E-7,0.010990421850153));
#2440=CARTESIAN_POINT('',(-0.0926790242711832,0.000916622709353887,0.0110494865662637));
#2441=CARTESIAN_POINT('',(-0.0924783231540783,1.38777878078145E-17,0.0110101588241363));
#2442=CARTESIAN_POINT('',(-0.0713128666899536,-0.00335165023665406,0.0117420942244545));
#2443=CARTESIAN_POINT('',(-0.0711989560852214,-0.00283064814462234,0.0115031452233743));
#2444=CARTESIAN_POINT('',(-0.0711055283222336,-0.00173733652388134,0.0111364520952257));
#2445=CARTESIAN_POINT('',(-0.0710843403324385,1.35435858776605E-6,0.0109466437137484));
#2446=CARTESIAN_POINT('',(-0.071105875565095,0.00174308825522246,0.0111379272876409));
#2447=CARTESIAN_POINT('',(-0.0711988629885148,0.00283022234072953,0.0115029499354543));
#2448=CARTESIAN_POINT('',(-0.0713128666899536,0.00335165023665406,0.0117420942244545));
#2449=CARTESIAN_POINT('',(-0.0713128666899536,0.00335165023665405,0.0117420942244545));
#2450=CARTESIAN_POINT('',(-0.0713128666899536,0.00335165023665383,0.0117420942244544));
#2451=CARTESIAN_POINT('',(-0.0716275815608294,0.00479108694674204,0.0124022680879653));
#2452=CARTESIAN_POINT('',(-0.072452319381479,0.00656704392170827,0.0140316001311538));
#2453=CARTESIAN_POINT('',(-0.0741911568016582,0.00772563247808132,0.0165543474549237));
#2454=CARTESIAN_POINT('',(-0.0757254057590186,0.00807943277803305,0.018392898852292));
#2455=CARTESIAN_POINT('',(-0.077468373901375,0.00802419223232342,0.0201101011765772));
#2456=CARTESIAN_POINT('',(-0.0793153485352573,0.0076709295415494,0.0216032827925323));
#2457=CARTESIAN_POINT('',(-0.0812964279000144,0.00709609488011457,0.0229094726734431));
#2458=CARTESIAN_POINT('',(-0.0839954848615838,0.00615309744920512,0.0243403062737692));
#2459=CARTESIAN_POINT('',(-0.0868394476028997,0.00503245109859066,0.025380731187566));
#2460=CARTESIAN_POINT('',(-0.0898136468785118,0.0039873661615646,0.0260479445373515));
#2461=CARTESIAN_POINT('',(-0.0921087563400681,0.00334774808705471,0.026366406295102));
#2462=CARTESIAN_POINT('',(-0.0945338373828796,0.00301643633514754,0.0265020797001007));
#2463=CARTESIAN_POINT('',(-0.0969185910999479,0.00314788282417569,0.026450334954207));
#2464=CARTESIAN_POINT('',(-0.0992966167485471,0.00363129274290556,0.0262329515031318));
#2465=CARTESIAN_POINT('',(-0.100835029645977,0.00406136846232633,0.0259936257825941));
#2466=CARTESIAN_POINT('',(-0.1016,0.00428461255007623,0.0258530244324744));
#2467=CARTESIAN_POINT('',(-0.1016,0.00428461255007625,0.0258530244324744));
#2468=CARTESIAN_POINT('',(-0.1016,0.,0.01905));
#2469=CARTESIAN_POINT('',(-0.1016,-3.46944695195361E-18,-0.0127));
#2470=CARTESIAN_POINT('',(-0.1016,0.056388,0.0258530244324744));
#2471=CARTESIAN_POINT('',(-0.1016,0.01778,0.0258530244324744));
#2472=CARTESIAN_POINT('',(-0.1016,0.01778,0.0258530244324744));
#2473=CARTESIAN_POINT('',(-0.1016,0.01778,0.0248345129306453));
#2474=CARTESIAN_POINT('',(-0.1016,0.0175875183479807,0.0228368886037732));
#2475=CARTESIAN_POINT('',(-0.1016,0.0167207555226288,0.0198998277735092));
#2476=CARTESIAN_POINT('',(-0.1016,0.0153354056948308,0.017221292934044));
#2477=CARTESIAN_POINT('',(-0.1016,0.013434334869322,0.0148156289067133));
#2478=CARTESIAN_POINT('',(-0.1016,0.0111457546969644,0.0128549501320365));
#2479=CARTESIAN_POINT('',(-0.1016,0.00847523670463936,0.0113555230339719));
#2480=CARTESIAN_POINT('',(-0.1016,0.00559440625030413,0.0104344279067643));
#2481=CARTESIAN_POINT('',(-0.1016,0.00355921188086643,0.0102191246416476));
#2482=CARTESIAN_POINT('',(-0.1016,0.00254,0.0102191246416476));
#2483=CARTESIAN_POINT('',(-0.1016,0.00254,0.0102191246416476));
#2484=CARTESIAN_POINT('',(-0.1016,0.061214,0.0102191246416476));
#2485=CARTESIAN_POINT('',(-0.1016,-0.00254,0.0102191246416476));
#2486=CARTESIAN_POINT('',(-0.1016,-0.00254,0.0102191246416476));
#2487=CARTESIAN_POINT('',(-0.1016,-0.0035587257337698,0.0102191246416476));
#2488=CARTESIAN_POINT('',(-0.1016,-0.00555489894073239,0.0104260271032317));
#2489=CARTESIAN_POINT('',(-0.1016,-0.00847652827428009,0.011356085200427));
#2490=CARTESIAN_POINT('',(-0.1016,-0.0111115390184286,0.0128313130028029));
#2491=CARTESIAN_POINT('',(-0.1016,-0.0142116787436131,0.0154783748926295));
#2492=CARTESIAN_POINT('',(-0.1016,-0.0169855869809925,0.0197832482101056));
#2493=CARTESIAN_POINT('',(-0.1016,-0.01778,0.0238169895517497));
#2494=CARTESIAN_POINT('',(-0.1016,-0.01778,0.0258530244324744));
#2495=CARTESIAN_POINT('',(-0.00238835811614989,-3.46944695195361E-18,-0.0127));
#2496=CARTESIAN_POINT('',(0.099388159411591,0.00160892931329811,-0.0127));
#2497=CARTESIAN_POINT('',(0.100064799498226,0.00120216975389125,-0.0127));
#2498=CARTESIAN_POINT('',(0.100646900941714,0.000663304744186957,-0.0127));
#2499=CARTESIAN_POINT('',(0.101074632546735,-8.41869509448629E-18,-0.0127));
#2500=CARTESIAN_POINT('',(0.099388159411591,0.00160892931329811,-0.0127));
#2501=CARTESIAN_POINT('',(0.101074632546735,4.00471104825226E-17,-0.0127));
#2502=CARTESIAN_POINT('',(0.101074632546735,4.90119513858078E-17,-0.0127));
#2503=CARTESIAN_POINT('',(0.100648369830156,-0.000661026865581644,-0.0127));
#2504=CARTESIAN_POINT('',(0.100064127524082,-0.00120257370853784,-0.0127));
#2505=CARTESIAN_POINT('',(0.099388159411591,-0.00160892931329809,-0.0127));
#2506=CARTESIAN_POINT('',(0.099388159411591,-0.00160892931329809,-0.0127));
#2507=CARTESIAN_POINT('',(0.0528134730697314,-0.00782452780667807,-0.0127));
#2508=CARTESIAN_POINT('',(0.0532010879951321,-0.00782898580570506,-0.0127));
#2509=CARTESIAN_POINT('',(0.0535887029205327,-0.00783344380473205,-0.0127));
#2510=CARTESIAN_POINT('',(0.0923501954605996,-0.00827924370743107,-0.0127));
#2511=CARTESIAN_POINT('',(0.1016,0.,-0.0127));
#2512=CARTESIAN_POINT('',(0.0831163839883758,-0.00638146250093166,-0.0127));
#2513=CARTESIAN_POINT('',(0.0831163839883758,-0.00638146250093166,-0.0127));
#2514=CARTESIAN_POINT('',(0.0821608128733733,-0.0065179140188454,-0.0127));
#2515=CARTESIAN_POINT('',(0.0802496329766777,-0.00668710607111425,-0.0127));
#2516=CARTESIAN_POINT('',(0.0773948036067012,-0.00662789426030744,-0.0127));
#2517=CARTESIAN_POINT('',(0.0749963402492777,-0.00626295267098863,-0.0127));
#2518=CARTESIAN_POINT('',(0.0731573697903178,-0.00565025586576615,-0.0127));
#2519=CARTESIAN_POINT('',(0.0723034273175437,-0.00517895764910716,-0.0127));
#2520=CARTESIAN_POINT('',(0.0719366797914317,-0.00485410344045952,-0.0127));
#2521=CARTESIAN_POINT('',(0.0719366797914314,-0.00485410344045998,-0.0127));
#2522=CARTESIAN_POINT('',(0.0719366797914314,2.33183035338485E-18,-0.0127));
#2523=CARTESIAN_POINT('',(0.0719366797914314,0.00485410344045999,-0.0127));
#2524=CARTESIAN_POINT('',(0.0719366797914314,0.00485410344045999,-0.0127));
#2525=CARTESIAN_POINT('',(0.0723049694453236,0.00518032362069296,-0.0127));
#2526=CARTESIAN_POINT('',(0.0731467503124183,0.00564505330978332,-0.0127));
#2527=CARTESIAN_POINT('',(0.0749922658033842,0.00626229958827534,-0.0127));
#2528=CARTESIAN_POINT('',(0.0773512986428717,0.00662376539039485,-0.0127));
#2529=CARTESIAN_POINT('',(0.0802512572777754,0.00668871008098159,-0.0127));
#2530=CARTESIAN_POINT('',(0.0821620649668752,0.00651773522518357,-0.0127));
#2531=CARTESIAN_POINT('',(0.0831163839883757,0.0063814625009318,-0.0127));
#2532=CARTESIAN_POINT('',(0.0831163839883758,0.00638146250093168,-0.0127));
#2533=CARTESIAN_POINT('',(0.0528134730697314,0.00782452780667809,-0.0127));
#2534=CARTESIAN_POINT('',(0.0532010879951321,0.00782898580570508,-0.0127));
#2535=CARTESIAN_POINT('',(0.0535887029205327,0.00783344380473207,-0.0127));
#2536=CARTESIAN_POINT('',(0.0923501954605996,0.0082792437074311,-0.0127));
#2537=CARTESIAN_POINT('',(0.1016,0.,-0.0127));
#2538=CARTESIAN_POINT('',(-0.0425087903170095,-0.0162416480748538,0.00540455201713632));
#2539=CARTESIAN_POINT('',(-0.0425087903170095,-0.0162416480748538,0.0144113630202958));
#2540=CARTESIAN_POINT('',(-0.0395895025220873,-0.0154838857651984,0.00540455201713632));
#2541=CARTESIAN_POINT('',(-0.0395895025220873,-0.0154838857651984,0.0144113630202958));
#2542=CARTESIAN_POINT('',(-0.037177597451004,-0.0144461791973983,0.00540455201713632));
#2543=CARTESIAN_POINT('',(-0.037177597451004,-0.0144461791973983,0.0144113630202958));
#2544=CARTESIAN_POINT('',(-0.0352730751037598,-0.0131285283714533,0.00540455201713632));
#2545=CARTESIAN_POINT('',(-0.0352730751037598,-0.0131285283714533,0.0144113630202958));
#2546=CARTESIAN_POINT('',(-0.0411591933447426,-0.0158603209395087,0.0143579629550597));
#2547=CARTESIAN_POINT('',(-0.0390982733968371,-0.0152278939805389,0.0137638530827608));
#2548=CARTESIAN_POINT('',(-0.0371012362743354,-0.0143933484350535,0.0132618040395246));
#2549=CARTESIAN_POINT('',(-0.0352730751037598,-0.0131285283714533,0.0128315969820287));
#2550=CARTESIAN_POINT('',(-0.0411591933447426,-0.0158603209395087,0.0143579629550597));
#2551=CARTESIAN_POINT('',(-0.0352730751037598,-0.0131285283714533,0.0128315969820287));
#2552=CARTESIAN_POINT('',(-0.0411591933550369,-0.0158603209426677,0.0143579629411281));
#2553=CARTESIAN_POINT('',(-0.0405090328883718,-0.0156608085808863,0.0137714416005962));
#2554=CARTESIAN_POINT('',(-0.0394437617395949,-0.0152796052910166,0.0122976768538367));
#2555=CARTESIAN_POINT('',(-0.0391339110637264,-0.0151522238877214,0.0095028469189821));
#2556=CARTESIAN_POINT('',(-0.0402842406108037,-0.0155969719417088,0.00699543224480144));
#2557=CARTESIAN_POINT('',(-0.0416789754969669,-0.016024897610844,0.00586178761725673));
#2558=CARTESIAN_POINT('',(-0.0424566106850104,-0.0162280598290983,0.00545795208237246));
#2559=CARTESIAN_POINT('',(-0.0424566106850104,-0.0162280598290983,0.00545795208237244));
#2560=CARTESIAN_POINT('',(-0.0424566106850104,-0.0162280598290983,0.00545795208237243));
#2561=CARTESIAN_POINT('',(-0.0409101962672483,-0.0158240490689328,0.00574552728559901));
#2562=CARTESIAN_POINT('',(-0.0393604964647748,-0.0153045729308554,0.00598013934642483));
#2563=CARTESIAN_POINT('',(-0.0378890493903971,-0.0146162768777122,0.00615857653523872));
#2564=CARTESIAN_POINT('',(-0.0378890493903971,-0.0146162768777122,0.00615857653523872));
#2565=CARTESIAN_POINT('',(-0.0378890493903971,-0.0146162768777122,0.00615857653523872));
#2566=CARTESIAN_POINT('',(-0.0369801839392654,-0.0141911385802631,0.00626879143806362));
#2567=CARTESIAN_POINT('',(-0.0360993975562188,-0.0137002202290571,0.00632351256907118));
#2568=CARTESIAN_POINT('',(-0.0352730751037598,-0.0131285283714533,0.0063524940692382));
#2569=CARTESIAN_POINT('',(-0.0352730751037598,-0.0131285283714533,0.0063524940692382));
#2570=CARTESIAN_POINT('',(-0.0352730751037598,-0.0131285283714533,-0.0127));
#2571=CARTESIAN_POINT('',(-0.0352730751037598,-0.0131285283714533,0.00254963583975738));
#2572=CARTESIAN_POINT('',(-0.0352730751037598,-0.0131285283714533,0.0128929208059389));
#2573=CARTESIAN_POINT('',(-0.0323187733689944,-0.0088709822545449,0.00254963583975738));
#2574=CARTESIAN_POINT('',(-0.0323187733689944,-0.0088709822545449,0.0128929208059389));
#2575=CARTESIAN_POINT('',(-0.0276639151076476,-0.00712241015086572,0.00254963583975738));
#2576=CARTESIAN_POINT('',(-0.0276639151076476,-0.00712241015086572,0.0128929208059389));
#2577=CARTESIAN_POINT('',(-0.0213085003197193,-0.00788281206041575,0.00254963583975738));
#2578=CARTESIAN_POINT('',(-0.0213085003197193,-0.00788281206041575,0.0128929208059389));
#2579=CARTESIAN_POINT('',(-0.0352730751037598,-0.0131285283714533,0.00635249406923821));
#2580=CARTESIAN_POINT('',(-0.0352730751037598,-0.0131285283714533,0.00586854524520755));
#2581=CARTESIAN_POINT('',(-0.0351302600091773,-0.0129168558202457,0.00491823833596237));
#2582=CARTESIAN_POINT('',(-0.0345375579283403,-0.0121359810513395,0.00382862493385844));
#2583=CARTESIAN_POINT('',(-0.0336996933403961,-0.0112208074511211,0.00309221953977303));
#2584=CARTESIAN_POINT('',(-0.0330308458791262,-0.0106325755250989,0.00275313484660555));
#2585=CARTESIAN_POINT('',(-0.0326691810445775,-0.0103515142351671,0.00261095966366755));
#2586=CARTESIAN_POINT('',(-0.0326691810445787,-0.0103515142351681,0.00261095966366788));
#2587=CARTESIAN_POINT('',(-0.0326691810445787,-0.0103515142351681,0.00261095966366787));
#2588=CARTESIAN_POINT('',(-0.0318840341543224,-0.00974135151908105,0.00272823128921304));
#2589=CARTESIAN_POINT('',(-0.0301526898818511,-0.00872575274580312,0.00297610674207107));
#2590=CARTESIAN_POINT('',(-0.0263013200112664,-0.00761188236214327,0.00343906308796172));
#2591=CARTESIAN_POINT('',(-0.0233070205173391,-0.00764369876177168,0.00369450602809158));
#2592=CARTESIAN_POINT('',(-0.0213085003197193,-0.00788281206041575,0.00383007362855019));
#2593=CARTESIAN_POINT('',(-0.0213085003197193,-0.00788281206041574,0.00383007362855018));
#2594=CARTESIAN_POINT('',(-0.0213085003197193,-0.00788281206041574,-0.0127));
#2595=CARTESIAN_POINT('',(-0.0213085003197193,-0.00788281206041575,0.0100910702801333));
#2596=CARTESIAN_POINT('',(-0.0352730751037598,-0.0131285283714533,0.0128315969820287));
#2597=CARTESIAN_POINT('',(-0.034513413180327,-0.0120337533746363,0.0126528316050851));
#2598=CARTESIAN_POINT('',(-0.0327070517012281,-0.010092221272277,0.0122393527432534));
#2599=CARTESIAN_POINT('',(-0.0291556655716766,-0.00826349101267665,0.0114951961387707));
#2600=CARTESIAN_POINT('',(-0.0252596728602907,-0.00760482020541571,0.0107563077944314));
#2601=CARTESIAN_POINT('',(-0.0226210937213103,-0.00772576510717386,0.0103044280759952));
#2602=CARTESIAN_POINT('',(-0.0213085003197193,-0.00788281206041575,0.0100910702801333));
#2603=CARTESIAN_POINT('',(0.0120641253888607,-0.00788281206041574,-0.0127));
#2604=CARTESIAN_POINT('',(-0.0213076813019337,-0.00788281206041573,0.00380284388566847));
#2605=CARTESIAN_POINT('',(-0.0101211356669124,-0.00788281206041573,0.00448672055129542));
#2606=CARTESIAN_POINT('',(0.00669628828659227,-0.00788281206041577,0.00443375603816086));
#2607=CARTESIAN_POINT('',(0.0289684767962272,-0.00788281206041578,0.00198681229070788));
#2608=CARTESIAN_POINT('',(0.0399658263571152,-0.00788281206041574,-4.06900117859664E-5));
#2609=CARTESIAN_POINT('',(0.0454362047312991,-0.00788281206041574,-0.00126068953190369));
#2610=CARTESIAN_POINT('',(-0.0213076813019337,-0.00788281206041575,0.00380284388566847));
#2611=CARTESIAN_POINT('',(0.0454362047312991,-0.00788281206041573,-0.0012606895319037));
#2612=CARTESIAN_POINT('',(0.0454362047312991,-0.00788281206041574,-0.0012606895319037));
#2613=CARTESIAN_POINT('',(0.0454365735001219,-0.00788281206041574,-0.0012590356159397));
#2614=CARTESIAN_POINT('',(0.0454367510974386,-0.00788281206041574,-0.00125736090428673));
#2615=CARTESIAN_POINT('',(0.0454367510974386,-0.00788281206041574,-0.00125566687355006));
#2616=CARTESIAN_POINT('',(0.0454367510974407,-0.00788281206041573,-0.00125566687355091));
#2617=CARTESIAN_POINT('',(0.0454367510974407,-0.00788281206041573,-0.0127));
#2618=CARTESIAN_POINT('',(0.0454367510974407,-0.00788281206041573,0.00678426267880645));
#2619=CARTESIAN_POINT('',(0.0124897568084968,-0.00788281206041574,0.00747919984478966));
#2620=CARTESIAN_POINT('',(0.00334756169468161,-0.00788281206041575,0.00767203234136105));
#2621=CARTESIAN_POINT('',(-0.0197380307130514,-0.00788281206041577,0.0139759502373635));
#2622=CARTESIAN_POINT('',(-0.0213085003197193,-0.00788281206041575,0.00383007362855019));
#2623=CARTESIAN_POINT('',(-0.0213085003197193,-0.00788281206041575,0.00382098883610147));
#2624=CARTESIAN_POINT('',(-0.0213082278559504,-0.00788281206041574,0.00381191223883378));
#2625=CARTESIAN_POINT('',(-0.0213076813019337,-0.00788281206041574,0.00380284388566847));
#2626=CARTESIAN_POINT('',(0.0495127270089867,-0.00785812793257389,-0.0127));
#2627=CARTESIAN_POINT('',(0.0454367510974424,-0.00788281206041572,-0.0012556668735509));
#2628=CARTESIAN_POINT('',(0.0481585593138566,-0.00786632877802324,-0.00186239157279289));
#2629=CARTESIAN_POINT('',(0.0508689041360844,-0.00784991491799583,-0.00251928871461172));
#2630=CARTESIAN_POINT('',(0.053566445344757,-0.00783357859670775,-0.00322612737864213));
#2631=CARTESIAN_POINT('',(0.053566445344757,-0.00783357859670771,-0.00322612737864214));
#2632=CARTESIAN_POINT('',(0.0535664453447574,-0.00783357859670772,0.00661231696966259));
#2633=CARTESIAN_POINT('',(0.0535664453447574,-0.00783357859670772,0.00407254592847316));
#2634=CARTESIAN_POINT('',(0.0492208655345994,-0.00785989544693174,0.00670444593620309));
#2635=CARTESIAN_POINT('',(0.0501012249873611,-0.00785456398625819,0.00668587688259584));
#2636=CARTESIAN_POINT('',(0.0517458603248288,-0.00784460406750393,0.00597249411784749));
#2637=CARTESIAN_POINT('',(0.0529664274748424,-0.00783721230753669,0.00469815208934738));
#2638=CARTESIAN_POINT('',(0.0535664453447574,-0.00783357859670772,0.00407254592847316));
#2639=CARTESIAN_POINT('',(0.0492208655345994,-0.00785989544693174,0.00670444593620309));
#2640=CARTESIAN_POINT('',(0.0499216900750425,-0.00785565125046777,0.00668966373738654));
#2641=CARTESIAN_POINT('',(0.0531900853970794,-0.00782885926369597,-0.0127));
#2642=CARTESIAN_POINT('',(0.0531900853970794,-0.00782885926369597,0.00417129543326587));
#2643=CARTESIAN_POINT('',(0.0561223831203659,-0.00786258392067029,-0.0127));
#2644=CARTESIAN_POINT('',(0.0561223831203659,-0.00786258392067029,0.00417129543326587));
#2645=CARTESIAN_POINT('',(0.0617721310524817,-0.00786651419995277,-0.0127));
#2646=CARTESIAN_POINT('',(0.0617721310524817,-0.00786651419995277,0.00417129543326587));
#2647=CARTESIAN_POINT('',(0.0720196189361371,-0.00756335169848397,-0.0127));
#2648=CARTESIAN_POINT('',(0.0720196189361371,-0.00756335169848397,0.00417129543326587));
#2649=CARTESIAN_POINT('',(0.0873107928892785,-0.00625173854640261,-0.0127));
#2650=CARTESIAN_POINT('',(0.0873107928892785,-0.00625173854640261,0.00417129543326587));
#2651=CARTESIAN_POINT('',(0.095851215682258,-0.00377748622865352,-0.0127));
#2652=CARTESIAN_POINT('',(0.095851215682258,-0.00377748622865352,0.00417129543326587));
#2653=CARTESIAN_POINT('',(0.0995195068994343,-0.00152920361635415,-0.0127));
#2654=CARTESIAN_POINT('',(0.0995195068994343,-0.00152920361635415,0.00417129543326587));
#2655=CARTESIAN_POINT('',(0.0849607468662379,-0.00610170503452069,-0.00993595376510138));
#2656=CARTESIAN_POINT('',(0.0855062999884556,-0.00600882926202678,-0.00863575767529771));
#2657=CARTESIAN_POINT('',(0.0849611397344667,-0.00610163566569911,-0.00733701553370778));
#2658=CARTESIAN_POINT('',(0.0836765996169012,-0.00630342615772826,-0.00680939994016442));
#2659=CARTESIAN_POINT('',(0.0823858490494816,-0.00648459803764582,-0.00733539234278403));
#2660=CARTESIAN_POINT('',(0.0818413141227284,-0.00655516031614912,-0.00863569541591756));
#2661=CARTESIAN_POINT('',(0.0823839816508916,-0.00648484560822547,-0.00993427416664584));
#2662=CARTESIAN_POINT('',(0.0836744141324044,-0.00630375574775251,-0.0104629429957872));
#2663=CARTESIAN_POINT('',(0.0849607468662379,-0.00610170503452069,-0.00993595376510138));
#2664=CARTESIAN_POINT('',(0.0855062999884556,-0.00600882926202678,-0.00863575767529771));
#2665=CARTESIAN_POINT('',(0.0849611397344667,-0.00610163566569911,-0.00733701553370778));
#2666=CARTESIAN_POINT('',(0.0853245144257579,-0.00603977629138725,-0.00863600000000074));
#2667=CARTESIAN_POINT('',(0.0806302641373519,-0.00670786887545761,-0.00675874634873338));
#2668=CARTESIAN_POINT('',(0.0811719883425315,-0.00664031999037092,-0.00546071773042427));
#2669=CARTESIAN_POINT('',(0.0806306641005313,-0.00670781591445962,-0.00416438272956955));
#2670=CARTESIAN_POINT('',(0.0793427882895558,-0.00685584606869958,-0.00363311762270769));
#2671=CARTESIAN_POINT('',(0.0780502268496626,-0.00698807731749991,-0.00416315101700286));
#2672=CARTESIAN_POINT('',(0.0775095610990272,-0.0070389235525785,-0.00546073552753311));
#2673=CARTESIAN_POINT('',(0.0780484109768055,-0.00698825104426546,-0.00675641748774761));
#2674=CARTESIAN_POINT('',(0.0793400949799986,-0.00685614192334615,-0.00728920885610956));
#2675=CARTESIAN_POINT('',(0.0806302641373519,-0.00670786887545761,-0.00675874634873338));
#2676=CARTESIAN_POINT('',(0.0811719883425315,-0.00664031999037092,-0.00546071773042427));
#2677=CARTESIAN_POINT('',(0.0806306641005313,-0.00670781591445962,-0.00416438272956955));
#2678=CARTESIAN_POINT('',(0.0809914802680015,-0.00666282745856681,-0.005461));
#2679=CARTESIAN_POINT('',(0.0536108809589131,-0.00783369819016668,0.00407067140483683));
#2680=CARTESIAN_POINT('',(0.0536108809589131,-0.00783369819016668,0.00407067140483683));
#2681=CARTESIAN_POINT('',(0.0536108809589131,-0.00783369819016668,-0.00322612737864215));
#2682=CARTESIAN_POINT('',(0.0536108809589128,-0.00783369819016668,-0.00322612737864215));
#2683=CARTESIAN_POINT('',(0.0536108809589128,-0.00783369819016668,-0.00323568182943723));
#2684=CARTESIAN_POINT('',(0.0536097370315512,-0.00783368511084039,-0.00324509220240837));
#2685=CARTESIAN_POINT('',(0.0536073276381996,-0.00783365752542276,-0.00325434318969354));
#2686=CARTESIAN_POINT('',(0.0536073276381996,-0.00783365752542275,-0.00325434318969362));
#2687=CARTESIAN_POINT('',(0.0536073276381996,-0.00783365752542275,-0.00325434318969363));
#2688=CARTESIAN_POINT('',(0.0603230242830954,-0.00791054629765096,-0.00499883500736023));
#2689=CARTESIAN_POINT('',(0.0669558853014143,-0.00781184340349092,-0.00706393943217914));
#2690=CARTESIAN_POINT('',(0.0734816707017227,-0.00736556638623507,-0.00934920387657785));
#2691=CARTESIAN_POINT('',(0.0734816707017227,-0.00736556638623508,-0.00934920387657782));
#2692=CARTESIAN_POINT('',(0.0756905894284595,-0.00719965560865037,-0.0101217751539404));
#2693=CARTESIAN_POINT('',(0.0759807798758055,-0.00717583525010124,-0.00998116736044927));
#2694=CARTESIAN_POINT('',(0.0764782796917561,-0.00713320808595362,-0.00952412366456563));
#2695=CARTESIAN_POINT('',(0.0767172253956999,-0.00711180376676997,-0.00853237650422081));
#2696=CARTESIAN_POINT('',(0.0763658560816605,-0.00714311127814157,-0.00758180064574059));
#2697=CARTESIAN_POINT('',(0.0755472354663148,-0.00721236990575921,-0.00698495024375888));
#2698=CARTESIAN_POINT('',(0.0745349994926556,-0.0072912344230351,-0.00694218861696593));
#2699=CARTESIAN_POINT('',(0.0736683895661509,-0.00735312380589544,-0.00746877506606562));
#2700=CARTESIAN_POINT('',(0.0732390761173526,-0.00738195744634911,-0.00838682029278685));
#2701=CARTESIAN_POINT('',(0.0733421705650068,-0.00737510634213332,-0.00905795945397293));
#2702=CARTESIAN_POINT('',(0.0734816707017227,-0.00736556638623507,-0.00934920387657783));
#2703=CARTESIAN_POINT('',(0.0756905894284595,-0.00719965560865038,-0.0101217751539404));
#2704=CARTESIAN_POINT('',(0.0756905894284565,-0.00719965560865062,-0.0101217751539493));
#2705=CARTESIAN_POINT('',(0.0781687786682076,-0.00699623279861898,-0.0109873704241358));
#2706=CARTESIAN_POINT('',(0.080644350992662,-0.00673445836832674,-0.0118482135210117));
#2707=CARTESIAN_POINT('',(0.0831163839883758,-0.00638146250093166,-0.0127));
#2708=CARTESIAN_POINT('',(0.099388159411591,-0.00160892931329809,-0.0127));
#2709=CARTESIAN_POINT('',(0.0981556171882183,-0.00234986728465516,-0.0116733311378994));
#2710=CARTESIAN_POINT('',(0.0956182106442261,-0.00350315893322501,-0.00956050742144668));
#2711=CARTESIAN_POINT('',(0.0902465664376458,-0.00518783022366341,-0.00544398449579092));
#2712=CARTESIAN_POINT('',(0.0828397468134925,-0.0065597440517928,-0.000801861096029226));
#2713=CARTESIAN_POINT('',(0.0747276989209517,-0.00733403849752466,0.00233843346933879));
#2714=CARTESIAN_POINT('',(0.0678126253227395,-0.00768744953558898,0.00366273426704635));
#2715=CARTESIAN_POINT('',(0.0643207420094619,-0.00778250297923951,0.00388347406019877));
#2716=CARTESIAN_POINT('',(0.0625615929184496,-0.00781315495847122,0.00388449214262224));
#2717=CARTESIAN_POINT('',(0.0625615929184496,-0.00781315495847122,0.00388449214262224));
#2718=CARTESIAN_POINT('',(0.0624564399170129,-0.00781496656809263,0.00388562093698601));
#2719=CARTESIAN_POINT('',(0.0624914872152719,-0.00781436962270325,0.00388488867822184));
#2720=CARTESIAN_POINT('',(0.062526538216102,-0.00781376576287309,0.0038845124300308));
#2721=CARTESIAN_POINT('',(0.0625615929184496,-0.00781315495847122,0.00388449214262224));
#2722=CARTESIAN_POINT('',(0.0624564399170129,-0.00781496656809263,0.00388562093698601));
#2723=CARTESIAN_POINT('',(0.0624564399170129,-0.00781496656809263,0.00388562093698601));
#2724=CARTESIAN_POINT('',(0.0595081819901751,-0.00786518296318065,0.00394722019881904));
#2725=CARTESIAN_POINT('',(0.0565593559818485,-0.00786742636013971,0.00400892148064435));
#2726=CARTESIAN_POINT('',(0.0536108809589131,-0.00783369819016668,0.00407067140483683));
#2727=CARTESIAN_POINT('',(0.0531900853980155,0.00782885926370676,-0.0127));
#2728=CARTESIAN_POINT('',(0.0531900853980155,0.00782885926370676,0.00417129543326587));
#2729=CARTESIAN_POINT('',(0.0561223831187303,0.00786258392065149,-0.0127));
#2730=CARTESIAN_POINT('',(0.0561223831187303,0.00786258392065149,0.00417129543326587));
#2731=CARTESIAN_POINT('',(0.061772131046025,0.00786651419997,-0.0127));
#2732=CARTESIAN_POINT('',(0.061772131046025,0.00786651419997,0.00417129543326587));
#2733=CARTESIAN_POINT('',(0.0720196189219357,0.00756335169913432,-0.0127));
#2734=CARTESIAN_POINT('',(0.0720196189219357,0.00756335169913432,0.00417129543326586));
#2735=CARTESIAN_POINT('',(0.0873107928661331,0.0062517385495236,-0.0127));
#2736=CARTESIAN_POINT('',(0.0873107928661331,0.0062517385495236,0.00417129543326587));
#2737=CARTESIAN_POINT('',(0.095851215659464,0.00377748623626256,-0.0127));
#2738=CARTESIAN_POINT('',(0.095851215659464,0.00377748623626256,0.00417129543326587));
#2739=CARTESIAN_POINT('',(0.099519506880425,0.00152920362800491,-0.0127));
#2740=CARTESIAN_POINT('',(0.099519506880425,0.00152920362800491,0.00417129543326587));
#2741=CARTESIAN_POINT('',(0.084960746866238,0.00610170503452072,-0.00993595376510139));
#2742=CARTESIAN_POINT('',(0.0855062999884555,0.00600882926202678,-0.00863575767529771));
#2743=CARTESIAN_POINT('',(0.0849611397344667,0.00610163566569914,-0.00733701553370778));
#2744=CARTESIAN_POINT('',(0.0836765996169012,0.00630342615772828,-0.00680939994016442));
#2745=CARTESIAN_POINT('',(0.0823858490494816,0.00648459803764584,-0.00733539234278402));
#2746=CARTESIAN_POINT('',(0.0818413141227285,0.00655516031614914,-0.00863569541591756));
#2747=CARTESIAN_POINT('',(0.0823839816508915,0.00648484560822548,-0.00993427416664585));
#2748=CARTESIAN_POINT('',(0.0836744141324044,0.00630375574775253,-0.0104629429957872));
#2749=CARTESIAN_POINT('',(0.084960746866238,0.00610170503452072,-0.00993595376510139));
#2750=CARTESIAN_POINT('',(0.0855062999884555,0.00600882926202678,-0.00863575767529771));
#2751=CARTESIAN_POINT('',(0.0849611397344667,0.00610163566569914,-0.00733701553370778));
#2752=CARTESIAN_POINT('',(0.0853245144257579,0.00603977629138727,-0.00863600000000074));
#2753=CARTESIAN_POINT('',(0.0806302641373519,0.00670786887545763,-0.00675874634873335));
#2754=CARTESIAN_POINT('',(0.0811719883425314,0.00664031999037092,-0.00546071773042428));
#2755=CARTESIAN_POINT('',(0.0806306641005312,0.00670781591445966,-0.00416438272956954));
#2756=CARTESIAN_POINT('',(0.0793427882895558,0.0068558460686996,-0.00363311762270769));
#2757=CARTESIAN_POINT('',(0.0780502268496625,0.00698807731749993,-0.00416315101700286));
#2758=CARTESIAN_POINT('',(0.0775095610990272,0.00703892355257852,-0.00546073552753313));
#2759=CARTESIAN_POINT('',(0.0780484109768055,0.00698825104426549,-0.00675641748774764));
#2760=CARTESIAN_POINT('',(0.0793400949799986,0.00685614192334617,-0.00728920885610956));
#2761=CARTESIAN_POINT('',(0.0806302641373519,0.00670786887545763,-0.00675874634873335));
#2762=CARTESIAN_POINT('',(0.0811719883425314,0.00664031999037092,-0.00546071773042428));
#2763=CARTESIAN_POINT('',(0.0806306641005312,0.00670781591445966,-0.00416438272956954));
#2764=CARTESIAN_POINT('',(0.0809914802680016,0.00666282745856683,-0.005461));
#2765=CARTESIAN_POINT('',(0.0734816707017226,0.0073655663862351,-0.00934920387657781));
#2766=CARTESIAN_POINT('',(0.066955885301414,0.00781184340349095,-0.00706393943217905));
#2767=CARTESIAN_POINT('',(0.060323024283095,0.00791054629765098,-0.00499883500736009));
#2768=CARTESIAN_POINT('',(0.053607327638199,0.00783365752542276,-0.00325434318969347));
#2769=CARTESIAN_POINT('',(0.0734816707017226,0.0073655663862351,-0.00934920387657779));
#2770=CARTESIAN_POINT('',(0.053607327638199,0.00783365752542276,-0.00325434318969345));
#2771=CARTESIAN_POINT('',(0.053607327638199,0.00783365752542276,-0.00325434318969346));
#2772=CARTESIAN_POINT('',(0.0536097370315512,0.00783368511084039,-0.00324509220240656));
#2773=CARTESIAN_POINT('',(0.0536108809589142,0.00783369819016671,-0.00323568182943378));
#2774=CARTESIAN_POINT('',(0.0536108809589137,0.0078336981901667,-0.00322612737863677));
#2775=CARTESIAN_POINT('',(0.0536108809589137,0.0078336981901667,-0.0032261273786367));
#2776=CARTESIAN_POINT('',(0.0536108809589137,0.0078336981901667,-0.0032261273786367));
#2777=CARTESIAN_POINT('',(0.0536108809589137,0.0078336981901667,0.00407067140483683));
#2778=CARTESIAN_POINT('',(0.0536108809589137,0.0078336981901667,0.00407067140483683));
#2779=CARTESIAN_POINT('',(0.056559355981849,0.00786742636013395,0.00400892148064435));
#2780=CARTESIAN_POINT('',(0.0595081819901732,0.00786518296295253,0.00394722019881951));
#2781=CARTESIAN_POINT('',(0.0624564399170129,0.00781496656809264,0.003885620936986));
#2782=CARTESIAN_POINT('',(0.062456439917013,0.00781496656809264,0.00388562093698601));
#2783=CARTESIAN_POINT('',(0.0625615929184496,0.00781315495847123,0.00388449214262226));
#2784=CARTESIAN_POINT('',(0.0625265382161021,0.00781376576287606,0.00388451243003228));
#2785=CARTESIAN_POINT('',(0.062491487215272,0.00781436962270597,0.00388488867822317));
#2786=CARTESIAN_POINT('',(0.0624564399170129,0.00781496656809264,0.003885620936986));
#2787=CARTESIAN_POINT('',(0.0625615929184496,0.00781315495847123,0.00388449214262225));
#2788=CARTESIAN_POINT('',(0.0625615929184496,0.00781315495847123,0.00388449214262225));
#2789=CARTESIAN_POINT('',(0.0660856003902676,0.00775175151920929,0.00388245267362345));
#2790=CARTESIAN_POINT('',(0.0713628883524709,0.00755366371378643,0.00319327319128609));
#2791=CARTESIAN_POINT('',(0.0779503700085667,0.00702556989438293,0.00108849592041628));
#2792=CARTESIAN_POINT('',(0.0827251090605802,0.00647267770805605,-0.00102259686030538));
#2793=CARTESIAN_POINT('',(0.0872757098575236,0.00573413987536574,-0.00357857949490023));
#2794=CARTESIAN_POINT('',(0.0915509616300871,0.00477781376507288,-0.00644645586422906));
#2795=CARTESIAN_POINT('',(0.0956196796651667,0.00350397492972128,-0.00956045903072979));
#2796=CARTESIAN_POINT('',(0.0981593462838007,0.00234762555126306,-0.0116764373564871));
#2797=CARTESIAN_POINT('',(0.099388159411591,0.0016089293132981,-0.0127));
#2798=CARTESIAN_POINT('',(0.0831163839883758,0.00638146250093168,-0.0127));
#2799=CARTESIAN_POINT('',(0.0806443509926594,0.00673445836833815,-0.0118482135210118));
#2800=CARTESIAN_POINT('',(0.0781687786682016,0.00699623279861964,-0.0109873704241337));
#2801=CARTESIAN_POINT('',(0.0756905894284475,0.00719965560865138,-0.0101217751539462));
#2802=CARTESIAN_POINT('',(0.0756905894284475,0.00719965560865138,-0.0101217751539462));
#2803=CARTESIAN_POINT('',(0.0756905894284475,0.00719965560865138,-0.0101217751539462));
#2804=CARTESIAN_POINT('',(0.0759807798757953,0.00717583525010212,-0.00998116736045712));
#2805=CARTESIAN_POINT('',(0.07647827969175,0.00713320808595418,-0.0095241236645767));
#2806=CARTESIAN_POINT('',(0.0767172253957009,0.0071118037667699,-0.0085323765042314));
#2807=CARTESIAN_POINT('',(0.0763658560816662,0.00714311127814109,-0.00758180064574756));
#2808=CARTESIAN_POINT('',(0.0755472354663215,0.00721236990575869,-0.00698495024376086));
#2809=CARTESIAN_POINT('',(0.0745349994926607,0.00729123442303475,-0.00694218861696429));
#2810=CARTESIAN_POINT('',(0.073668389566153,0.00735312380589531,-0.00746877506606268));
#2811=CARTESIAN_POINT('',(0.0732390761173524,0.00738195744634914,-0.00838682029278496));
#2812=CARTESIAN_POINT('',(0.0733421705650065,0.00737510634213336,-0.00905795945397236));
#2813=CARTESIAN_POINT('',(0.0734816707017227,0.0073655663862351,-0.00934920387657777));
#2814=CARTESIAN_POINT('',(0.0495127270089867,0.00785812793257391,-0.0127));
#2815=CARTESIAN_POINT('',(0.0492208655345999,0.00785989544693175,0.00670444593620308));
#2816=CARTESIAN_POINT('',(0.0501012249873616,0.0078545639862582,0.00668587688259584));
#2817=CARTESIAN_POINT('',(0.0517458603247582,0.00784460406750438,0.00597249411777942));
#2818=CARTESIAN_POINT('',(0.052966427474985,0.00783721230753584,0.00469815208948363));
#2819=CARTESIAN_POINT('',(0.0535664453447579,0.00783357859670774,0.00407254592847315));
#2820=CARTESIAN_POINT('',(0.0492208655345999,0.00785989544693175,0.00670444593620308));
#2821=CARTESIAN_POINT('',(0.0535664453447579,0.00783357859670774,0.00407254592847314));
#2822=CARTESIAN_POINT('',(0.0535664453447579,0.00783357859670774,-0.0127));
#2823=CARTESIAN_POINT('',(0.053566445344759,0.00783357859670772,-0.00322612737864265));
#2824=CARTESIAN_POINT('',(0.053566445344759,0.00783357859670773,-0.00322612737864265));
#2825=CARTESIAN_POINT('',(0.0508689041360846,0.00784991491799583,-0.00251928871461176));
#2826=CARTESIAN_POINT('',(0.0481585593138567,0.00786632877802326,-0.00186239157279291));
#2827=CARTESIAN_POINT('',(0.0454367510974407,0.00788281206041575,-0.00125566687355054));
#2828=CARTESIAN_POINT('',(0.0454367510974407,0.00788281206041575,-0.00125566687355054));
#2829=CARTESIAN_POINT('',(0.0454367510974407,0.00788281206041575,-0.0127));
#2830=CARTESIAN_POINT('',(0.0454367510974407,0.00788281206041574,0.00678426267880645));
#2831=CARTESIAN_POINT('',(0.0499216900750425,0.00785565125046779,0.00668966373738654));
#2832=CARTESIAN_POINT('',(0.0120641253888607,0.00788281206041574,-0.0127));
#2833=CARTESIAN_POINT('',(0.0454367510974407,0.00788281206041575,-0.00125566687355054));
#2834=CARTESIAN_POINT('',(0.0454367510974407,0.00788281206041575,-0.00125736090428746));
#2835=CARTESIAN_POINT('',(0.0454365735001223,0.00788281206041574,-0.00125903561593995));
#2836=CARTESIAN_POINT('',(0.0454362047312995,0.00788281206041574,-0.00126068953190407));
#2837=CARTESIAN_POINT('',(0.0454362047313008,0.00788281206041576,-0.00126068953190407));
#2838=CARTESIAN_POINT('',(0.0454362047313008,0.00788281206041576,-0.00126068953190407));
#2839=CARTESIAN_POINT('',(0.0344975583627802,0.00788281206041576,0.00117883885306325));
#2840=CARTESIAN_POINT('',(0.0123042558127487,0.00788281206041572,0.00441615967164658));
#2841=CARTESIAN_POINT('',(-0.0101231431524383,0.00788281206041576,0.00448659782596514));
#2842=CARTESIAN_POINT('',(-0.0213076813019337,0.00788281206041576,0.00380284388566847));
#2843=CARTESIAN_POINT('',(-0.0213076813019337,0.00788281206041574,0.00380284388566847));
#2844=CARTESIAN_POINT('',(-0.0213076813019337,0.00788281206041574,0.00380284388566847));
#2845=CARTESIAN_POINT('',(-0.0213082278559504,0.00788281206041574,0.00381191223883378));
#2846=CARTESIAN_POINT('',(-0.0213085003197193,0.00788281206041574,0.00382098883610147));
#2847=CARTESIAN_POINT('',(-0.0213085003197193,0.00788281206041574,0.00383007362855019));
#2848=CARTESIAN_POINT('',(-0.0213085003197193,0.00788281206041574,0.00383007362855018));
#2849=CARTESIAN_POINT('',(-0.0213085003197193,0.00788281206041574,-0.0127));
#2850=CARTESIAN_POINT('',(-0.0213085003197193,0.00788281206041574,0.0100910702801333));
#2851=CARTESIAN_POINT('',(-0.0197380307130516,0.00788281206041574,0.0139759502373634));
#2852=CARTESIAN_POINT('',(0.00334756169468161,0.00788281206041575,0.00767203234136105));
#2853=CARTESIAN_POINT('',(0.0124897568084968,0.00788281206041574,0.00747919984478966));
#2854=CARTESIAN_POINT('',(-0.0352730751037598,0.0131285283714533,0.00254963583975776));
#2855=CARTESIAN_POINT('',(-0.0352730751037598,0.0131285283714533,0.0128929208059389));
#2856=CARTESIAN_POINT('',(-0.0323187733689944,0.00887098225454489,0.00254963583975776));
#2857=CARTESIAN_POINT('',(-0.0323187733689944,0.00887098225454489,0.0128929208059389));
#2858=CARTESIAN_POINT('',(-0.0276639151076476,0.00712241015086571,0.00254963583975776));
#2859=CARTESIAN_POINT('',(-0.0276639151076476,0.00712241015086571,0.0128929208059389));
#2860=CARTESIAN_POINT('',(-0.0213085003197193,0.00788281206041575,0.00254963583975776));
#2861=CARTESIAN_POINT('',(-0.0213085003197193,0.00788281206041575,0.0128929208059389));
#2862=CARTESIAN_POINT('',(-0.0213085003197193,0.00788281206041575,0.00383007362855019));
#2863=CARTESIAN_POINT('',(-0.0232748214385687,0.00764754899994616,0.0036966898599276));
#2864=CARTESIAN_POINT('',(-0.0262903334157802,0.00760892476930777,0.00344042295105321));
#2865=CARTESIAN_POINT('',(-0.030147050615955,0.00872298012471855,0.00297686231760157));
#2866=CARTESIAN_POINT('',(-0.0318840058109465,0.00974132949253873,0.00272823552265497));
#2867=CARTESIAN_POINT('',(-0.0326691810445784,0.0103515142351679,0.00261095966366792));
#2868=CARTESIAN_POINT('',(-0.0326691810445785,0.0103515142351679,0.00261095966366792));
#2869=CARTESIAN_POINT('',(-0.0326691810445938,0.0103515142351798,0.00261095966366563));
#2870=CARTESIAN_POINT('',(-0.0330310495197354,0.010632733780718,0.00275321490038693));
#2871=CARTESIAN_POINT('',(-0.0337023203662722,0.0112234031362158,0.00309405148719618));
#2872=CARTESIAN_POINT('',(-0.0345365449229562,0.0121349404014817,0.00382783575552546));
#2873=CARTESIAN_POINT('',(-0.035130128507954,0.012916578120251,0.00491758411573904));
#2874=CARTESIAN_POINT('',(-0.0352730751037598,0.0131285283714533,0.0058675383848771));
#2875=CARTESIAN_POINT('',(-0.0352730751037598,0.0131285283714533,0.0063524940692382));
#2876=CARTESIAN_POINT('',(-0.0352730751037598,0.0131285283714533,0.0128315969820287));
#2877=CARTESIAN_POINT('',(-0.034513413180327,0.0120337533746362,0.0126528316050851));
#2878=CARTESIAN_POINT('',(-0.0327070517012281,0.010092221272277,0.0122393527432534));
#2879=CARTESIAN_POINT('',(-0.0291556655716766,0.00826349101267666,0.0114951961387707));
#2880=CARTESIAN_POINT('',(-0.0252596728602907,0.0076048202054157,0.0107563077944314));
#2881=CARTESIAN_POINT('',(-0.0226210937213103,0.00772576510717386,0.0103044280759952));
#2882=CARTESIAN_POINT('',(-0.0213085003197193,0.00788281206041575,0.0100910702801333));
#2883=CARTESIAN_POINT('',(-0.05715,0.01778,0.000774556672969386));
#2884=CARTESIAN_POINT('',(-0.05715,0.01778,0.0240572426819902));
#2885=CARTESIAN_POINT('',(-0.05283506583455,0.01778,0.000774556672969386));
#2886=CARTESIAN_POINT('',(-0.05283506583455,0.01778,0.0240572426819902));
#2887=CARTESIAN_POINT('',(-0.0490327868756421,0.0174971466927498,0.000774556672969386));
#2888=CARTESIAN_POINT('',(-0.0490327868756421,0.0174971466927498,0.0240572426819902));
#2889=CARTESIAN_POINT('',(-0.0457431631232763,0.0169314400782493,0.000774556672969386));
#2890=CARTESIAN_POINT('',(-0.0457431631232763,0.0169314400782493,0.0240572426819902));
#2891=CARTESIAN_POINT('',(-0.0484525533758409,0.0173199662963466,0.0165559856913922));
#2892=CARTESIAN_POINT('',(-0.0477360329877826,0.0172361316864124,0.0163392749156586));
#2893=CARTESIAN_POINT('',(-0.0470218121049343,0.0171387316350313,0.0161232596226583));
#2894=CARTESIAN_POINT('',(-0.0463102990481979,0.0170253573400052,0.0159080633085831));
#2895=CARTESIAN_POINT('',(-0.0484525533758453,0.0173199662963471,0.0165559856913877));
#2896=CARTESIAN_POINT('',(-0.0463102990481979,0.0170253573400052,0.0159080633085831));
#2897=CARTESIAN_POINT('',(-0.046310299048199,0.0170253573400054,0.0159080633086114));
#2898=CARTESIAN_POINT('',(-0.0476816058818446,0.0172438648488375,0.0157063476862404));
#2899=CARTESIAN_POINT('',(-0.0496524365005892,0.017458867315371,0.014675431134498));
#2900=CARTESIAN_POINT('',(-0.0511020705908066,0.0175719409612198,0.0122148376517346));
#2901=CARTESIAN_POINT('',(-0.0515273925478808,0.0175995012541721,0.009371832413944));
#2902=CARTESIAN_POINT('',(-0.0499241526816593,0.0174992459569947,0.00597608481322916));
#2903=CARTESIAN_POINT('',(-0.0471818409699336,0.0171769527676513,0.00484106949316771));
#2904=CARTESIAN_POINT('',(-0.0458020778987114,0.0169415318805355,0.00475232584770863));
#2905=CARTESIAN_POINT('',(-0.0458020778987114,0.0169415318805355,0.0047523258477087));
#2906=CARTESIAN_POINT('',(-0.0458020778987113,0.0169415318805355,0.0047523258477087));
#2907=CARTESIAN_POINT('',(-0.04772113196844,0.017268968830358,0.00429838039558442));
#2908=CARTESIAN_POINT('',(-0.0515854937006299,0.0176808013460769,0.00320793585283136));
#2909=CARTESIAN_POINT('',(-0.0553214865472487,0.01778,0.00174597565045471));
#2910=CARTESIAN_POINT('',(-0.05715,0.01778,0.00091259631333908));
#2911=CARTESIAN_POINT('',(-0.05715,0.01778,0.000912596313339079));
#2912=CARTESIAN_POINT('',(-0.05715,0.01778,-0.0127));
#2913=CARTESIAN_POINT('',(-0.05715,0.01778,0.0239192030416205));
#2914=CARTESIAN_POINT('',(-0.05715,0.01778,0.0239192030416206));
#2915=CARTESIAN_POINT('',(-0.0555696882253205,0.01778,0.0228623722360773));
#2916=CARTESIAN_POINT('',(-0.0525824131906886,0.017705238185353,0.0204899107472383));
#2917=CARTESIAN_POINT('',(-0.0498070598682204,0.0174784468160001,0.0178878741239432));
#2918=CARTESIAN_POINT('',(-0.0484525533758453,0.0173199662963471,0.0165559856913878));
#2919=CARTESIAN_POINT('',(-0.0650584492678942,0.0174158100382956,-0.0121735814566498));
#2920=CARTESIAN_POINT('',(-0.0650584492678942,-0.0174158100382956,-0.0121735814566498));
#2921=CARTESIAN_POINT('',(-0.0746618360108442,0.0174158100382956,-0.0123197414725864));
#2922=CARTESIAN_POINT('',(-0.0746618360108442,-0.0174158100382956,-0.0123197414725864));
#2923=CARTESIAN_POINT('',(-0.0807801525326808,0.0174158100382956,-0.00828153897079024));
#2924=CARTESIAN_POINT('',(-0.0807801525326808,-0.0174158100382956,-0.00828153897079024));
#2925=CARTESIAN_POINT('',(-0.083413398833404,0.0174158100382956,-5.89739512613761E-5));
#2926=CARTESIAN_POINT('',(-0.083413398833404,-0.0174158100382956,-5.89739512613761E-5));
#2927=CARTESIAN_POINT('',(-0.0650584492678941,0.01778,-0.0121735814566498));
#2928=CARTESIAN_POINT('',(-0.0650584492678941,0.0147437399741393,-0.0121735814566498));
#2929=CARTESIAN_POINT('',(-0.0650584492678941,-0.0147437399741393,-0.0121735814566498));
#2930=CARTESIAN_POINT('',(-0.0650584492678941,-0.0147437399741393,-0.0121735814566498));
#2931=CARTESIAN_POINT('',(-0.0664808509716401,-0.0158754821397628,-0.0121952298876921));
#2932=CARTESIAN_POINT('',(-0.0681104356446806,-0.0166846739925919,-0.0121320075715558));
#2933=CARTESIAN_POINT('',(-0.0698269923220653,-0.0172092984568139,-0.011858443544696));
#2934=CARTESIAN_POINT('',(-0.0698269923220653,-0.0172092984568138,-0.011858443544696));
#2935=CARTESIAN_POINT('',(-0.0698269923220653,-0.0172092984568143,-0.011858443544696));
#2936=CARTESIAN_POINT('',(-0.0716861763290147,-0.0167120793445634,-0.0115621493003432));
#2937=CARTESIAN_POINT('',(-0.0751476611749455,-0.0151146793886988,-0.0105283741456652));
#2938=CARTESIAN_POINT('',(-0.0784510819542459,-0.0122830455826347,-0.00821825368639455));
#2939=CARTESIAN_POINT('',(-0.0804675604538562,-0.00987178452932042,-0.00595799119431281));
#2940=CARTESIAN_POINT('',(-0.0817015310985774,-0.00803632740047344,-0.00410118347228337));
#2941=CARTESIAN_POINT('',(-0.0826971058780505,-0.00615584003865633,-0.00209746200062061));
#2942=CARTESIAN_POINT('',(-0.0832065309017505,-0.00489648552320242,-0.00070493897853943));
#2943=CARTESIAN_POINT('',(-0.083413398833404,-0.00419495812856483,-5.89739512613767E-5));
#2944=CARTESIAN_POINT('',(-0.0834133988334039,-0.00419495812856475,-5.89739512614478E-5));
#2945=CARTESIAN_POINT('',(-0.0834133988334039,-0.01778,-5.89739512614478E-5));
#2946=CARTESIAN_POINT('',(-0.0834133988334039,0.00419495812856474,-5.89739512614478E-5));
#2947=CARTESIAN_POINT('',(-0.0834133988334039,0.00419495812856474,-5.89739512614478E-5));
#2948=CARTESIAN_POINT('',(-0.0832062691706373,0.00489737310178671,-0.000705756259131228));
#2949=CARTESIAN_POINT('',(-0.0826979363183698,0.00615244187714513,-0.00209376940520238));
#2950=CARTESIAN_POINT('',(-0.0817144531852191,0.00801356371398903,-0.00407701771651361));
#2951=CARTESIAN_POINT('',(-0.0804825544183679,0.00985378237002968,-0.00594127122566322));
#2952=CARTESIAN_POINT('',(-0.0789478102406302,0.0116879574116973,-0.00765942068185152));
#2953=CARTESIAN_POINT('',(-0.0771430430198975,0.013404111498254,-0.00913527732666272));
#2954=CARTESIAN_POINT('',(-0.0749870878230199,0.0149932503971355,-0.0103776114256749));
#2955=CARTESIAN_POINT('',(-0.0725705661489799,0.0163064948377739,-0.0113010951612891));
#2956=CARTESIAN_POINT('',(-0.0707519269805111,0.0169619344583911,-0.0117110386538));
#2957=CARTESIAN_POINT('',(-0.0698269923220653,0.0172092984568138,-0.011858443544696));
#2958=CARTESIAN_POINT('',(-0.0698269923220653,0.0172092984568139,-0.011858443544696));
#2959=CARTESIAN_POINT('',(-0.0698269923220919,0.0172092984568067,-0.0118584435446917));
#2960=CARTESIAN_POINT('',(-0.0681097921693329,0.016684477329644,-0.0121321101211902));
#2961=CARTESIAN_POINT('',(-0.0664793835381124,0.0158743145677641,-0.0121952075538943));
#2962=CARTESIAN_POINT('',(-0.0650584492678942,0.0147437399741392,-0.0121735814566498));
#2963=CARTESIAN_POINT('',(-0.0397580814770212,0.00965200000000142,-0.00181539781535106));
#2964=CARTESIAN_POINT('',(-0.0397580814770212,-0.009652,-0.00181539781535106));
#2965=CARTESIAN_POINT('',(-0.0478983812699652,0.00965200000000142,-0.00342308538785362));
#2966=CARTESIAN_POINT('',(-0.0478983812699652,-0.009652,-0.00342308538785362));
#2967=CARTESIAN_POINT('',(-0.0547359673547446,0.00965200000000142,-0.00632558738164855));
#2968=CARTESIAN_POINT('',(-0.0547359673547446,-0.009652,-0.00632558738164855));
#2969=CARTESIAN_POINT('',(-0.0602708397313593,0.00965200000000142,-0.0105229037967358));
#2970=CARTESIAN_POINT('',(-0.0602708397313593,-0.009652,-0.0105229037967358));
#2971=CARTESIAN_POINT('',(-0.0397580814770212,0.0115941638381292,-0.00181539781535108));
#2972=CARTESIAN_POINT('',(-0.0397580814770212,0.00725393093831035,-0.00181539781535108));
#2973=CARTESIAN_POINT('',(-0.0397580814770212,-0.00725393093831035,-0.00181539781535108));
#2974=CARTESIAN_POINT('',(-0.0397580814770212,-0.00725393093831035,-0.00181539781535108));
#2975=CARTESIAN_POINT('',(-0.0408500467225441,-0.00782593043861735,-0.00203105804894021));
#2976=CARTESIAN_POINT('',(-0.043159414378915,-0.00861518695713969,-0.00254501621631092));
#2977=CARTESIAN_POINT('',(-0.0478341867595291,-0.0094935211062518,-0.0038810209125283));
#2978=CARTESIAN_POINT('',(-0.0513088445276269,-0.009652,-0.00526162079395294));
#2979=CARTESIAN_POINT('',(-0.0535345471118232,-0.009652,-0.00636702485904164));
#2980=CARTESIAN_POINT('',(-0.0535345471118232,-0.009652,-0.00636702485904164));
#2981=CARTESIAN_POINT('',(-0.0535345471118232,-0.009652,-0.00636702485904164));
#2982=CARTESIAN_POINT('',(-0.0559051820202566,-0.009652,-0.00754441014101024));
#2983=CARTESIAN_POINT('',(-0.0581612140815613,-0.009652,-0.00892308978711238));
#2984=CARTESIAN_POINT('',(-0.060270839731359,-0.009652,-0.0105229037967356));
#2985=CARTESIAN_POINT('',(-0.060270839731359,-0.009652,-0.0105229037967356));
#2986=CARTESIAN_POINT('',(-0.060270839731359,-0.009652,-0.0105229037967356));
#2987=CARTESIAN_POINT('',(-0.060270839731359,0.009652,-0.0105229037967356));
#2988=CARTESIAN_POINT('',(-0.060270839731359,0.009652,-0.0105229037967356));
#2989=CARTESIAN_POINT('',(-0.0581612140815613,0.009652,-0.00892308978711234));
#2990=CARTESIAN_POINT('',(-0.0559051820202667,0.009652,-0.00754441014099335));
#2991=CARTESIAN_POINT('',(-0.0535345471118231,0.009652,-0.00636702485904162));
#2992=CARTESIAN_POINT('',(-0.0535345471118231,0.009652,-0.00636702485904162));
#2993=CARTESIAN_POINT('',(-0.0535345471118231,0.009652,-0.00636702485904162));
#2994=CARTESIAN_POINT('',(-0.0513088445276337,0.00965200000000156,-0.00526162079393581));
#2995=CARTESIAN_POINT('',(-0.0478341867595274,0.00949352110625147,-0.00388102091253215));
#2996=CARTESIAN_POINT('',(-0.0431594143789153,0.00861518695713972,-0.00254501621631015));
#2997=CARTESIAN_POINT('',(-0.040850046722544,0.00782593043861745,-0.00203105804894019));
#2998=CARTESIAN_POINT('',(-0.0397580814770212,0.00725393093831044,-0.00181539781535107));
#2999=CARTESIAN_POINT('',(-0.0837843999126555,0.00254,0.00131840195399864));
#3000=CARTESIAN_POINT('',(-0.0837843999126555,-0.00254000000000001,0.00131840195399864));
#3001=CARTESIAN_POINT('',(-0.0857021389748431,0.00254,0.0100461393128561));
#3002=CARTESIAN_POINT('',(-0.0857021389748431,-0.00254000000000001,0.0100461393128561));
#3003=CARTESIAN_POINT('',(-0.0916406723372913,0.00254,0.0130130468754057));
#3004=CARTESIAN_POINT('',(-0.0916406723372913,-0.00254000000000001,0.0130130468754057));
#3005=CARTESIAN_POINT('',(-0.1016,0.00254,0.0102191246416476));
#3006=CARTESIAN_POINT('',(-0.1016,-0.00254000000000001,0.0102191246416476));
#3007=CARTESIAN_POINT('',(-0.0837843999126555,0.00254,0.00131840195399864));
#3008=CARTESIAN_POINT('',(-0.0837843999126555,0.00254,0.00131840195399864));
#3009=CARTESIAN_POINT('',(-0.0837843999126555,-0.00254,0.00131840195399864));
#3010=CARTESIAN_POINT('',(-0.0837843999126555,-0.00254,0.00131840195399865));
#3011=CARTESIAN_POINT('',(-0.0839929262588392,-0.00254,0.00226741696179357));
#3012=CARTESIAN_POINT('',(-0.0845246366877849,-0.00253999999999998,0.00412958161526205));
#3013=CARTESIAN_POINT('',(-0.0858089615687777,-0.00254000000000001,0.00675421271457709));
#3014=CARTESIAN_POINT('',(-0.087716887917096,-0.00254000000000003,0.00898261073717744));
#3015=CARTESIAN_POINT('',(-0.0902424595457167,-0.00253999999999999,0.0105049155282007));
#3016=CARTESIAN_POINT('',(-0.0930377494511188,-0.00254000000000002,0.0112078339580579));
#3017=CARTESIAN_POINT('',(-0.0969238095237073,-0.00254000000000001,0.0113108969576697));
#3018=CARTESIAN_POINT('',(-0.0997422123484846,-0.00254,0.0107402957890339));
#3019=CARTESIAN_POINT('',(-0.1016,-0.00254,0.0102191246416476));
#3020=CARTESIAN_POINT('',(-0.1016,0.00254,0.0102191246416476));
#3021=CARTESIAN_POINT('',(-0.100683152051678,0.00254,0.0104763309465857));
#3022=CARTESIAN_POINT('',(-0.0988009132755157,0.00253999999999999,0.010923823192537));
#3023=CARTESIAN_POINT('',(-0.0959826686047209,0.00254000000000001,0.0112842343808103));
#3024=CARTESIAN_POINT('',(-0.0930603825555232,0.00254,0.0112109152661927));
#3025=CARTESIAN_POINT('',(-0.0902599632951409,0.00254000000000001,0.0105124218892126));
#3026=CARTESIAN_POINT('',(-0.087727315417871,0.00253999999999998,0.00899223780632948));
#3027=CARTESIAN_POINT('',(-0.0858136782798785,0.00254000000000002,0.00676233763079773));
#3028=CARTESIAN_POINT('',(-0.0845260201611514,0.00254000000000001,0.00413408859722875));
#3029=CARTESIAN_POINT('',(-0.0839932620078617,0.00253999999999997,0.00226894499039092));
#3030=CARTESIAN_POINT('',(-0.0837843999126555,0.00253999999999997,0.00131840195399864));
#3031=CARTESIAN_POINT('',(0.070662476298909,0.00747842518534406,-0.012480613521342));
#3032=CARTESIAN_POINT('',(0.070662476298909,-0.00747842518534405,-0.012480613521342));
#3033=CARTESIAN_POINT('',(0.0361873300967094,0.00747842518534406,-0.000246394651710419));
#3034=CARTESIAN_POINT('',(0.0361873300967094,-0.00747842518534405,-0.000246394651710419));
#3035=CARTESIAN_POINT('',(-0.000538146399935102,0.00747842518534406,0.00332201989704883));
#3036=CARTESIAN_POINT('',(-0.000538146399935101,-0.00747842518534405,0.00332201989704883));
#3037=CARTESIAN_POINT('',(-0.0395139531910245,0.00747842518534406,-0.00177536987506421));
#3038=CARTESIAN_POINT('',(-0.0395139531910245,-0.00747842518534405,-0.00177536987506421));
#3039=CARTESIAN_POINT('',(-0.0208596757433621,-0.00407281206041574,1.30289586390603E-5));
#3040=CARTESIAN_POINT('',(-0.0232871172389413,-0.0037973763971442,-0.000133337220467966));
#3041=CARTESIAN_POINT('',(-0.0269602074198409,-0.00383917465045453,-0.000407909069286569));
#3042=CARTESIAN_POINT('',(-0.0316007777678854,-0.00534796048643111,-0.000849411548139662));
#3043=CARTESIAN_POINT('',(-0.0336905045109407,-0.00663407145251846,-0.00107473349532867));
#3044=CARTESIAN_POINT('',(-0.0346398953416157,-0.00738974820685714,-0.00118177401533201));
#3045=CARTESIAN_POINT('',(-0.0208596757433621,-0.00407281206041574,1.30289586390603E-5));
#3046=CARTESIAN_POINT('',(-0.0346398953416156,-0.00738974820685713,-0.00118177401533201));
#3047=CARTESIAN_POINT('',(-0.0346398953416214,-0.00738974820686168,-0.00118177401533266));
#3048=CARTESIAN_POINT('',(-0.0354574238173008,-0.0073462493304916,-0.00127394751268297));
#3049=CARTESIAN_POINT('',(-0.0366821850942332,-0.00724952546447769,-0.00141767105409044));
#3050=CARTESIAN_POINT('',(-0.0383028091684889,-0.00705822094319167,-0.00161874390832504));
#3051=CARTESIAN_POINT('',(-0.0391214873923718,-0.00697540309950339,-0.00172404185103536));
#3052=CARTESIAN_POINT('',(-0.0395139531832154,-0.00686178583309737,-0.00177536987404292));
#3053=CARTESIAN_POINT('',(-0.0395139531832154,-0.00686178583309736,-0.00177536987404292));
#3054=CARTESIAN_POINT('',(-0.0395139531832154,-0.0113917216753253,-0.00177536987404292));
#3055=CARTESIAN_POINT('',(-0.0395139531832154,0.00686178583309736,-0.00177536987404292));
#3056=CARTESIAN_POINT('',(-0.0346398953415973,0.00738974820684245,-0.00118177401532993));
#3057=CARTESIAN_POINT('',(-0.0354574238172771,0.00734624933046979,-0.00127394751268022));
#3058=CARTESIAN_POINT('',(-0.0366821850942364,0.00724952546448947,-0.00141767105408775));
#3059=CARTESIAN_POINT('',(-0.038302809168483,0.00705822094318017,-0.00161874390832943));
#3060=CARTESIAN_POINT('',(-0.0391214873923796,0.00697540309952692,-0.00172404185102509));
#3061=CARTESIAN_POINT('',(-0.0395139531832154,0.00686178583309738,-0.0017753698740429));
#3062=CARTESIAN_POINT('',(-0.0346398953416215,0.00738974820686172,-0.00118177401533266));
#3063=CARTESIAN_POINT('',(-0.0346398953416214,0.00738974820686173,-0.00118177401533266));
#3064=CARTESIAN_POINT('',(-0.0336911672023123,0.00663459892808271,-0.00107480821148002));
#3065=CARTESIAN_POINT('',(-0.0315964382807155,0.00534561918992877,-0.00084893049070817));
#3066=CARTESIAN_POINT('',(-0.0281122515084774,0.00421346721226763,-0.00051760158027035));
#3067=CARTESIAN_POINT('',(-0.0244894323735132,0.00381257217597108,-0.000222895696251809));
#3068=CARTESIAN_POINT('',(-0.0220739207825074,0.00393503473876236,-6.01857438380305E-5));
#3069=CARTESIAN_POINT('',(-0.0208596757433621,0.00407281206041574,1.3028958639062E-5));
#3070=CARTESIAN_POINT('',(-0.0208596757433621,0.00407281206041574,1.30289586390613E-5));
#3071=CARTESIAN_POINT('',(-0.0208596757433621,0.00407281206041574,1.30289586390613E-5));
#3072=CARTESIAN_POINT('',(-0.00988837356929567,0.00407281206041574,0.000674559867611008));
#3073=CARTESIAN_POINT('',(0.00660428908911009,0.00407281206041573,0.000613150864033774));
#3074=CARTESIAN_POINT('',(0.0284459276131215,0.0040728120604157,-0.00179184648722987));
#3075=CARTESIAN_POINT('',(0.0392311446421238,0.00407281206041574,-0.00378072218433246));
#3076=CARTESIAN_POINT('',(0.0445960701149669,0.00407281206041574,-0.00497692398182067));
#3077=CARTESIAN_POINT('',(0.0445960701149669,0.00407281206041574,-0.00497692398182067));
#3078=CARTESIAN_POINT('',(0.0445960701149669,0.00407281206041574,-0.00497692398182067));
#3079=CARTESIAN_POINT('',(0.0472866913615195,0.00405623914364494,-0.00557684395979207));
#3080=CARTESIAN_POINT('',(0.0499659165855774,0.00403973588351752,-0.00622663267608481));
#3081=CARTESIAN_POINT('',(0.0526324039637095,0.00402331112339017,-0.00692605937606556));
#3082=CARTESIAN_POINT('',(0.0526324039637095,0.00402331112339014,-0.00692605937606556));
#3083=CARTESIAN_POINT('',(0.0526324039637095,0.00402331112339014,-0.00692605937606556));
#3084=CARTESIAN_POINT('',(0.058720593557026,0.00409453095973178,-0.0085230076296982));
#3085=CARTESIAN_POINT('',(0.0647400932139162,0.00401435064270981,-0.0103789333582866));
#3086=CARTESIAN_POINT('',(0.0706624762989016,0.00364747365964621,-0.0124806135213393));
#3087=CARTESIAN_POINT('',(0.0706624762989016,0.00364747365964619,-0.0124806135213393));
#3088=CARTESIAN_POINT('',(0.0706624762989016,0.00364747365964619,-0.0124806135213393));
#3089=CARTESIAN_POINT('',(0.0706624762989016,-0.0036474736596462,-0.0124806135213393));
#3090=CARTESIAN_POINT('',(0.0706624762989016,-0.0036474736596462,-0.0124806135213393));
#3091=CARTESIAN_POINT('',(0.0647400932139161,-0.00401435064271016,-0.0103789333582863));
#3092=CARTESIAN_POINT('',(0.0587205935575993,-0.00409453095973852,-0.0085230076276993));
#3093=CARTESIAN_POINT('',(0.0526324039637091,-0.00402331112339015,-0.00692605937606545));
#3094=CARTESIAN_POINT('',(0.0526324039637091,-0.00402331112339012,-0.00692605937606545));
#3095=CARTESIAN_POINT('',(0.0526324039637091,-0.00402331112339012,-0.00692605937606545));
#3096=CARTESIAN_POINT('',(0.0499659165858007,-0.0040397358835161,-0.00622663267520206));
#3097=CARTESIAN_POINT('',(0.0472866913615173,-0.00405623914364494,-0.00557684395979153));
#3098=CARTESIAN_POINT('',(0.0445960701149637,-0.00407281206041576,-0.00497692398181996));
#3099=CARTESIAN_POINT('',(0.0445960701149638,-0.00407281206041574,-0.00497692398181996));
#3100=CARTESIAN_POINT('',(0.0445960701149638,-0.00407281206041574,-0.00497692398181996));
#3101=CARTESIAN_POINT('',(0.0338682877025595,-0.00407281206041574,-0.00258498160168116));
#3102=CARTESIAN_POINT('',(0.0121038867078963,-0.00407281206041576,0.000592763405245201));
#3103=CARTESIAN_POINT('',(-0.00989033764301013,-0.00407281206041573,0.000674441440878359));
#3104=CARTESIAN_POINT('',(-0.0208596757433621,-0.00407281206041573,1.30289586390603E-5));
#3105=CARTESIAN_POINT('',(0.0625188259109843,0.00533682293697518,0.00642449170907684));
#3106=CARTESIAN_POINT('',(0.0625188259109843,-0.00533682293697518,0.00642449170907684));
#3107=CARTESIAN_POINT('',(0.0752007873891127,0.00533682293697518,0.00641708198697255));
#3108=CARTESIAN_POINT('',(0.0752007873891127,-0.00533682293697518,0.00641708198697255));
#3109=CARTESIAN_POINT('',(0.0873615959370255,0.00533682293697518,0.000919928037064694));
#3110=CARTESIAN_POINT('',(0.0873615959370255,-0.00533682293697518,0.000919928037064694));
#3111=CARTESIAN_POINT('',(0.0990012515547225,0.00533682293697518,-0.0100669701406467));
#3112=CARTESIAN_POINT('',(0.0990012515547225,-0.00533682293697518,-0.0100669701406467));
#3113=CARTESIAN_POINT('',(0.0987929317237685,-8.29366606829011E-18,-0.00987097132259759));
#3114=CARTESIAN_POINT('',(0.0976130043616078,0.000587901457334908,-0.00876444402945839));
#3115=CARTESIAN_POINT('',(0.0951383112526283,0.00154701356608114,-0.00656673568028237));
#3116=CARTESIAN_POINT('',(0.0911371653736786,0.00262881071753333,-0.00345822974065572));
#3117=CARTESIAN_POINT('',(0.0869104147100144,0.00345459169214395,-0.000655163017211663));
#3118=CARTESIAN_POINT('',(0.0808752849915734,0.00431189876614354,0.00263308406845151));
#3119=CARTESIAN_POINT('',(0.0728966460195034,0.00498036989898185,0.00557255292344801));
#3120=CARTESIAN_POINT('',(0.0659808348031221,0.00521670411657372,0.00642246895227712));
#3121=CARTESIAN_POINT('',(0.0625188259109847,0.0052735404515565,0.00642449170907684));
#3122=CARTESIAN_POINT('',(0.0987929317237685,-1.13902881583081E-17,-0.00987097132259759));
#3123=CARTESIAN_POINT('',(0.0625188259109847,0.0052735404515565,0.00642449170907684));
#3124=CARTESIAN_POINT('',(0.0625188259109847,0.00527354045155649,0.00642449170907684));
#3125=CARTESIAN_POINT('',(0.0625188259109847,-0.00527354045155648,0.00642449170907684));
#3126=CARTESIAN_POINT('',(0.0625188259109847,-0.00527354045155648,0.00642449170907684));
#3127=CARTESIAN_POINT('',(0.0642476002210313,-0.0052451588965528,0.00642348163368428));
#3128=CARTESIAN_POINT('',(0.0676789627446663,-0.00515934037619245,0.00621899951336431));
#3129=CARTESIAN_POINT('',(0.0744901334560017,-0.00484722529139307,0.00498484874714745));
#3130=CARTESIAN_POINT('',(0.0825052206479133,-0.00417281715125888,0.00203228514629985));
#3131=CARTESIAN_POINT('',(0.0898648090382242,-0.0029762139957378,-0.00246289028260181));
#3132=CARTESIAN_POINT('',(0.0951552228398462,-0.00154017357058856,-0.0065827609074744));
#3133=CARTESIAN_POINT('',(0.0976142550005267,-0.00058727832368569,-0.00876561686953478));
#3134=CARTESIAN_POINT('',(0.0987929317237685,4.22934957514147E-18,-0.00987097132259759));
#3135=CARTESIAN_POINT('',(0.0329203554429114,0.061214,0.00704826577566564));
#3136=CARTESIAN_POINT('',(0.053635390557297,-0.0103735320204992,0.00661133220687377));
#3137=CARTESIAN_POINT('',(0.0536934978476531,-0.0052938643598341,0.00661010657410955));
#3138=CARTESIAN_POINT('',(0.0536934978476531,-0.0052938643598341,0.00661010657410955));
#3139=CARTESIAN_POINT('',(0.0566178711752137,-0.00532731682590192,0.00654842399102749));
#3140=CARTESIAN_POINT('',(0.0595425916215662,-0.00532514078731039,0.00648673408631398));
#3141=CARTESIAN_POINT('',(0.062466746719473,-0.00527533492545167,0.00642505610625871));
#3142=CARTESIAN_POINT('',(0.062466746719473,-0.00527533492545167,0.00642505610625871));
#3143=CARTESIAN_POINT('',(0.062466746719473,0.00781433880836461,0.00642505610625871));
#3144=CARTESIAN_POINT('',(0.062466746719473,0.00527533492545168,0.00642505610625871));
#3145=CARTESIAN_POINT('',(0.062466746719473,0.00527533492545168,0.00642505610625871));
#3146=CARTESIAN_POINT('',(0.0595425916215664,0.00532514078731039,0.00648673408631398));
#3147=CARTESIAN_POINT('',(0.0566178711752141,0.00532731682590193,0.00654842399102749));
#3148=CARTESIAN_POINT('',(0.0536934978476537,0.00529386435983412,0.00661010657410954));
#3149=CARTESIAN_POINT('',(0.0536934978476537,0.00529386435983412,0.00661010657410954));
#3150=CARTESIAN_POINT('',(0.0536353905572976,0.0103735320204993,0.00661133220687376));
#3151=CARTESIAN_POINT('',(0.00334756169468161,0.061214,0.00767203234136105));
#3152=CARTESIAN_POINT('',(-0.0486751114181076,0.0175278058919032,0.0166232981179318));
#3153=CARTESIAN_POINT('',(-0.0486751114181076,-0.0175278058919043,0.0166232981179318));
#3154=CARTESIAN_POINT('',(-0.0471202962062511,0.0175278058919032,0.0161530460269944));
#3155=CARTESIAN_POINT('',(-0.0471202962062511,-0.0175278058919043,0.0161530460269944));
#3156=CARTESIAN_POINT('',(-0.0451787543943731,0.0175278058919032,0.0155654282301183));
#3157=CARTESIAN_POINT('',(-0.0451787543943731,-0.0175278058919043,0.0155654282301183));
#3158=CARTESIAN_POINT('',(-0.0428429726112915,0.0175278058919032,0.01485969492348));
#3159=CARTESIAN_POINT('',(-0.0428429726112915,-0.0175278058919043,0.01485969492348));
#3160=CARTESIAN_POINT('',(-0.041298438854737,0.0175278058919032,0.0143904688798801));
#3161=CARTESIAN_POINT('',(-0.041298438854737,-0.0175278058919043,0.0143904688798801));
#3162=CARTESIAN_POINT('',(-0.0391017941279527,0.0175278058919032,0.0137759293265311));
#3163=CARTESIAN_POINT('',(-0.0391017941279527,-0.0175278058919043,0.0137759293265311));
#3164=CARTESIAN_POINT('',(-0.0360713869323978,0.0175278058919032,0.0130090959795777));
#3165=CARTESIAN_POINT('',(-0.0360713869323978,-0.0175278058919043,0.0130090959795777));
#3166=CARTESIAN_POINT('',(-0.0315351057830246,0.0175278058919032,0.0119681426699898));
#3167=CARTESIAN_POINT('',(-0.0315351057830246,-0.0175278058919043,0.0119681426699898));
#3168=CARTESIAN_POINT('',(-0.0250585364161722,0.0175278058919032,0.0106810327771957));
#3169=CARTESIAN_POINT('',(-0.0250585364161722,-0.0175278058919043,0.0106810327771957));
#3170=CARTESIAN_POINT('',(-0.0166899631555428,0.0175278058919032,0.00933626350449423));
#3171=CARTESIAN_POINT('',(-0.0166899631555428,-0.0175278058919043,0.00933626350449423));
#3172=CARTESIAN_POINT('',(-0.00864188014079842,0.0175278058919032,0.00834496068366778));
#3173=CARTESIAN_POINT('',(-0.00864188014079841,-0.0175278058919043,0.00834496068366778));
#3174=CARTESIAN_POINT('',(-0.00171975988264261,0.0175278058919032,0.0077793760268205));
#3175=CARTESIAN_POINT('',(-0.0017197598826426,-0.0175278058919043,0.0077793760268205));
#3176=CARTESIAN_POINT('',(0.00184189710513929,0.0175278058919032,0.00767203234136105));
#3177=CARTESIAN_POINT('',(0.00184189710513929,-0.0175278058919043,0.00767203234136105));
#3178=CARTESIAN_POINT('',(0.00334756169468164,0.0175278058919032,0.00767203234136105));
#3179=CARTESIAN_POINT('',(0.00334756169468164,-0.0175278058919043,0.00767203234136105));
#3180=CARTESIAN_POINT('',(-0.0463102990482611,-0.0170253573400152,0.0159080633086023));
#3181=CARTESIAN_POINT('',(-0.0454406169354608,-0.0168867799864429,0.0156450289435687));
#3182=CARTESIAN_POINT('',(-0.0437392762591575,-0.0164234311928696,0.0151325461624527));
#3183=CARTESIAN_POINT('',(-0.0420069856778268,-0.0161204798721884,0.0146023595387946));
#3184=CARTESIAN_POINT('',(-0.0411591933388364,-0.0158603209376963,0.0143579629533571));
#3185=CARTESIAN_POINT('',(-0.0411591933825668,0.0158603209511157,0.0143579629659634));
#3186=CARTESIAN_POINT('',(-0.0420069857160636,0.016120479879333,0.0146023595502681));
#3187=CARTESIAN_POINT('',(-0.0437392762750873,0.0164234311973102,0.0151325461673162));
#3188=CARTESIAN_POINT('',(-0.0454406169419184,0.0168867799874671,0.0156450289455218));
#3189=CARTESIAN_POINT('',(-0.0463102990482061,0.0170253573400065,0.0159080633085856));
#3190=CARTESIAN_POINT('',(-0.0484525533758445,0.0173199662963471,0.0165559856913903));
#3191=CARTESIAN_POINT('',(-0.0477882965928484,0.0172422466539938,0.0163550819835148));
#3192=CARTESIAN_POINT('',(-0.0464891505336781,0.0169869730811782,0.0159621567367763));
#3193=CARTESIAN_POINT('',(-0.0446116972115203,0.0162400195263675,0.0153943231166447));
#3194=CARTESIAN_POINT('',(-0.0429433461900889,0.0150462053596024,0.0148897322493424));
#3195=CARTESIAN_POINT('',(-0.0422379486262799,0.0137604936660466,0.0146763855591416));
#3196=CARTESIAN_POINT('',(-0.0422379486262799,0.0130522496831404,0.0146763855591416));
#3197=CARTESIAN_POINT('',(-0.0422379486262799,0.0130522496831404,0.0146763855591416));
#3198=CARTESIAN_POINT('',(-0.0422379486262799,0.061214,0.0146763855591416));
#3199=CARTESIAN_POINT('',(-0.0422379486262799,-0.0130522496831404,0.0146763855591416));
#3200=CARTESIAN_POINT('',(-0.0422379486262799,-0.0130522496831404,0.0146763855591416));
#3201=CARTESIAN_POINT('',(-0.0422379486262799,-0.0137609411129038,0.0146763855591416));
#3202=CARTESIAN_POINT('',(-0.0429436306586937,-0.0150460857563391,0.0148898182865481));
#3203=CARTESIAN_POINT('',(-0.0446083958710937,-0.0162371507986245,0.0153933246299908));
#3204=CARTESIAN_POINT('',(-0.0464739660915143,-0.0169830598018,0.0159575642195275));
#3205=CARTESIAN_POINT('',(-0.0477885972082728,-0.0172422818267222,0.0163551729043106));
#3206=CARTESIAN_POINT('',(-0.0484525533758538,-0.017319966296348,0.0165559856913961));
#3207=CARTESIAN_POINT('',(-0.0828271290838719,0.061214,0.03048));
#3208=CARTESIAN_POINT('',(-0.0640542581677437,0.061214,0.03048));
#3209=CARTESIAN_POINT('',(-0.0640542581677437,0.0141007385309434,0.03048));
#3210=CARTESIAN_POINT('',(-0.0640542581677437,-0.0141007385309434,0.03048));
#3211=CARTESIAN_POINT('',(-0.0828271290838718,0.0141007385309434,0.03048));
#3212=CARTESIAN_POINT('',(-0.0640542581677437,-0.0141007385309434,0.03048));
#3213=CARTESIAN_POINT('',(-0.0640542581677437,0.0141007385309434,0.03048));
#3214=CARTESIAN_POINT('',(-0.0640542581677437,-0.0141007385309434,0.03048));
#3215=CARTESIAN_POINT('',(-0.058548092842102,0.0141007385309434,0.03048));
#3216=CARTESIAN_POINT('',(-0.058548092842102,-0.0141007385309434,0.03048));
#3217=CARTESIAN_POINT('',(-0.0512759896616141,0.0141007385309434,0.0252121285197139));
#3218=CARTESIAN_POINT('',(-0.0512759896616141,-0.0141007385309434,0.0252121285197139));
#3219=CARTESIAN_POINT('',(-0.0422379486262798,0.0141007385309434,0.0146763855591416));
#3220=CARTESIAN_POINT('',(-0.0422379486262798,-0.0141007385309434,0.0146763855591416));
#3221=CARTESIAN_POINT('',(-0.0422379486262799,0.0130522496831404,0.0146763855591416));
#3222=CARTESIAN_POINT('',(-0.0441581362071699,0.0134407960793956,0.0169147691545744));
#3223=CARTESIAN_POINT('',(-0.048160236209286,0.0139508702256168,0.0212930020574643));
#3224=CARTESIAN_POINT('',(-0.0526027558661745,0.0141007385309434,0.0252403576448378));
#3225=CARTESIAN_POINT('',(-0.0550509837809467,0.0141007385309434,0.0269409733621174));
#3226=CARTESIAN_POINT('',(-0.0550509837809467,0.0141007385309434,0.0269409733621174));
#3227=CARTESIAN_POINT('',(-0.0550509837809467,0.0141007385309434,0.0269409733621174));
#3228=CARTESIAN_POINT('',(-0.0564003310510324,0.0141007385309434,0.0278782721984266));
#3229=CARTESIAN_POINT('',(-0.0592260729962842,0.0141007385309434,0.0295668166170499));
#3230=CARTESIAN_POINT('',(-0.0623925136482492,0.0141007385309434,0.03048));
#3231=CARTESIAN_POINT('',(-0.0640542581677437,0.0141007385309434,0.03048));
#3232=CARTESIAN_POINT('',(-0.0640542581677437,-0.0141007385309434,0.03048));
#3233=CARTESIAN_POINT('',(-0.0624051800246397,-0.0141007385309434,0.0304799942694566));
#3234=CARTESIAN_POINT('',(-0.0592075686786592,-0.0141007385309434,0.0295619190906531));
#3235=CARTESIAN_POINT('',(-0.0563974867432567,-0.0141007385309434,0.0278762964532606));
#3236=CARTESIAN_POINT('',(-0.0550509837809467,-0.0141007385309434,0.0269409733621174));
#3237=CARTESIAN_POINT('',(-0.0550509837809467,-0.0141007385309434,0.0269409733621174));
#3238=CARTESIAN_POINT('',(-0.0550509837809467,-0.0141007385309434,0.0269409733621174));
#3239=CARTESIAN_POINT('',(-0.052602644857953,-0.0141007385309428,0.0252402805350837));
#3240=CARTESIAN_POINT('',(-0.0481625300714086,-0.0139513941423811,0.0212957551777177));
#3241=CARTESIAN_POINT('',(-0.0441525072927578,-0.0134396580220629,0.0169082067385918));
#3242=CARTESIAN_POINT('',(-0.0422379486262799,-0.0130522496831404,0.0146763855591416));
#3243=CARTESIAN_POINT('',(-0.0650137079113243,0.061214,-0.00835005100816488));
#3244=CARTESIAN_POINT('',(-0.066302772242946,-0.0170318809372028,-0.00938161009466482));
#3245=CARTESIAN_POINT('',(-0.0660902568403215,-0.0168749877239964,-0.00964717513018111));
#3246=CARTESIAN_POINT('',(-0.0655238632078408,-0.0165120893780303,-0.0100227479193443));
#3247=CARTESIAN_POINT('',(-0.0646498376061033,-0.0160829431345434,-0.0100317683981796));
#3248=CARTESIAN_POINT('',(-0.0639813413501832,-0.0159436708708445,-0.00968086386712693));
#3249=CARTESIAN_POINT('',(-0.0634690255264446,-0.0160292340240295,-0.00911402083566839));
#3250=CARTESIAN_POINT('',(-0.0632665824706397,-0.0164516140054488,-0.00824424254202179));
#3251=CARTESIAN_POINT('',(-0.0636154579332668,-0.0170076248129797,-0.007289435555829));
#3252=CARTESIAN_POINT('',(-0.0645099919970022,-0.0174167287090587,-0.00664828077350669));
#3253=CARTESIAN_POINT('',(-0.0656868353594,-0.0175864466992401,-0.00669822473811894));
#3254=CARTESIAN_POINT('',(-0.0662796294835177,-0.0175826218294299,-0.00722661612260301));
#3255=CARTESIAN_POINT('',(-0.0664595406493788,-0.0175509461441924,-0.00755295083028895));
#3256=CARTESIAN_POINT('',(-0.0663027722429461,-0.0170318809372028,-0.00938161009466485));
#3257=CARTESIAN_POINT('',(-0.0664595406493788,-0.017550946144192,-0.00755295083028893));
#3258=CARTESIAN_POINT('',(-0.066302772242946,-0.0170318809372028,-0.00938161009466482));
#3259=CARTESIAN_POINT('',(-0.0664937456255661,-0.0171728703773381,-0.00914296455409774));
#3260=CARTESIAN_POINT('',(-0.0667547998548423,-0.0174128559097287,-0.00853347369494183));
#3261=CARTESIAN_POINT('',(-0.0666225842502025,-0.0175222402117117,-0.00784869003891568));
#3262=CARTESIAN_POINT('',(-0.0664595406493788,-0.0175509461441921,-0.00755295083028895));
#3263=CARTESIAN_POINT('',(-0.0663027722429461,0.0170318809372028,-0.00938161009466476));
#3264=CARTESIAN_POINT('',(-0.0660902568403218,0.0168749877239966,-0.00964717513018081));
#3265=CARTESIAN_POINT('',(-0.065523863207842,0.016512089378031,-0.0100227479193437));
#3266=CARTESIAN_POINT('',(-0.0646498376061056,0.0160829431345444,-0.0100317683981799));
#3267=CARTESIAN_POINT('',(-0.063981341350186,0.0159436708708448,-0.00968086386712901));
#3268=CARTESIAN_POINT('',(-0.0634690255264466,0.0160292340240281,-0.00911402083567223));
#3269=CARTESIAN_POINT('',(-0.0632665824706395,0.0164516140054461,-0.00824424254202673));
#3270=CARTESIAN_POINT('',(-0.0636154579332632,0.0170076248129766,-0.00728943555583426));
#3271=CARTESIAN_POINT('',(-0.0645099919969942,0.0174167287090565,-0.00664828077350947));
#3272=CARTESIAN_POINT('',(-0.0656868353593904,0.0175864466992394,-0.00669822473811548));
#3273=CARTESIAN_POINT('',(-0.0662796294835106,0.0175826218294302,-0.007226616122595));
#3274=CARTESIAN_POINT('',(-0.0664595406493737,0.0175509461441933,-0.00755295083027959));
#3275=CARTESIAN_POINT('',(-0.0663027722429461,0.0170318809372028,-0.00938161009466477));
#3276=CARTESIAN_POINT('',(-0.0664595406493737,0.017550946144193,-0.00755295083027955));
#3277=CARTESIAN_POINT('',(-0.0663027722429461,0.0170318809372028,-0.00938161009466476));
#3278=CARTESIAN_POINT('',(-0.0664931317233951,0.0171724171533223,-0.00914373170297172));
#3279=CARTESIAN_POINT('',(-0.0667548778874899,0.017413237715169,-0.008532200478594));
#3280=CARTESIAN_POINT('',(-0.0666231224932534,0.0175221454470692,-0.00784966633956398));
#3281=CARTESIAN_POINT('',(-0.0664595406493736,0.017550946144193,-0.00755295083027958));
#3282=CARTESIAN_POINT('',(-0.0685863196849823,0.061214,-0.005461));
#3283=CARTESIAN_POINT('',(-0.0674751226602172,-0.0177582812706726,-0.00668208237730025));
#3284=CARTESIAN_POINT('',(-0.0671424347032895,-0.0177788810110495,-0.00637933305032155));
#3285=CARTESIAN_POINT('',(-0.0669438116585254,-0.0177795909137404,-0.00593769145231812));
#3286=CARTESIAN_POINT('',(-0.0669355991163006,-0.0177799129520219,-0.00549137439927334));
#3287=CARTESIAN_POINT('',(-0.0674751226602172,-0.0177582812706726,-0.00668208237730024));
#3288=CARTESIAN_POINT('',(-0.0669355991163006,-0.0177799129520219,-0.00549137439927335));
#3289=CARTESIAN_POINT('',(-0.0669355991163006,-0.0177799129520219,-0.00549137439927334));
#3290=CARTESIAN_POINT('',(-0.0669286712359024,-0.0177801846148805,-0.0051148733014985));
#3291=CARTESIAN_POINT('',(-0.0671841855499665,-0.0177823980977658,-0.0043543559760958));
#3292=CARTESIAN_POINT('',(-0.0682038407224762,-0.0177639585987235,-0.00371698662399011));
#3293=CARTESIAN_POINT('',(-0.0693891259302619,-0.017644187992277,-0.00386923851998421));
#3294=CARTESIAN_POINT('',(-0.0702109369170076,-0.0174635452960411,-0.00472353446094532));
#3295=CARTESIAN_POINT('',(-0.0703120282578121,-0.0173839495219586,-0.00592311380714354));
#3296=CARTESIAN_POINT('',(-0.0696288263497932,-0.0174951839173125,-0.00690827852881888));
#3297=CARTESIAN_POINT('',(-0.0684898716935091,-0.0176746791258295,-0.00724078094951056));
#3298=CARTESIAN_POINT('',(-0.0677557692995182,-0.0177409038820811,-0.00693747359119285));
#3299=CARTESIAN_POINT('',(-0.0674751226602172,-0.0177582812706726,-0.00668208237730025));
#3300=CARTESIAN_POINT('',(-0.067475122660232,0.0177582812706717,-0.00668208237731375));
#3301=CARTESIAN_POINT('',(-0.0671424347033015,0.0177788810110492,-0.00637933305033984));
#3302=CARTESIAN_POINT('',(-0.0669438116585314,0.0177795909137404,-0.00593769145233878));
#3303=CARTESIAN_POINT('',(-0.066935599116301,0.0177799129520218,-0.00549137439929409));
#3304=CARTESIAN_POINT('',(-0.067475122660232,0.0177582812706717,-0.00668208237731374));
#3305=CARTESIAN_POINT('',(-0.066935599116301,0.0177799129520219,-0.00549137439929408));
#3306=CARTESIAN_POINT('',(-0.066935599116301,0.0177799129520218,-0.00549137439929409));
#3307=CARTESIAN_POINT('',(-0.0669286712358981,0.0177801846148805,-0.00511487330151905));
#3308=CARTESIAN_POINT('',(-0.0671841855499526,0.0177823980977657,-0.00435435597611341));
#3309=CARTESIAN_POINT('',(-0.0682038407224545,0.0177639585987246,-0.00371698662399478));
#3310=CARTESIAN_POINT('',(-0.0693891259302424,0.0176441879922801,-0.00386923851997435));
#3311=CARTESIAN_POINT('',(-0.0702109369169986,0.017463545296044,-0.00472353446092558));
#3312=CARTESIAN_POINT('',(-0.0703120282578178,0.0173839495219582,-0.0059231138071222));
#3313=CARTESIAN_POINT('',(-0.0696288263498108,0.0174951839173093,-0.00690827852880621));
#3314=CARTESIAN_POINT('',(-0.0684898716935309,0.0176746791258268,-0.0072407809495119));
#3315=CARTESIAN_POINT('',(-0.0677557692995357,0.0177409038820797,-0.00693747359120253));
#3316=CARTESIAN_POINT('',(-0.0674751226602321,0.0177582812706717,-0.0066820823773138));
#3317=CARTESIAN_POINT('',(-0.071769711498031,0.061214,-0.008636));
#3318=CARTESIAN_POINT('',(-0.0727849264752814,-0.0165237378643955,-0.00713452619119943));
#3319=CARTESIAN_POINT('',(-0.0734294748571503,-0.0161188611753712,-0.00806258157422432));
#3320=CARTESIAN_POINT('',(-0.0734325612500241,-0.0160221715041169,-0.00898048584339945));
#3321=CARTESIAN_POINT('',(-0.0730669051958791,-0.0161253420656333,-0.00981859576661179));
#3322=CARTESIAN_POINT('',(-0.0721071408170989,-0.0165340893506134,-0.0104173577025808));
#3323=CARTESIAN_POINT('',(-0.0707945061304604,-0.0170417935771564,-0.010176837437809));
#3324=CARTESIAN_POINT('',(-0.0699652838954255,-0.0173233275783409,-0.00901687643504661));
#3325=CARTESIAN_POINT('',(-0.070261125904382,-0.017321570850872,-0.00757408213547648));
#3326=CARTESIAN_POINT('',(-0.0714846599985381,-0.0170343702705713,-0.00683425371025809));
#3327=CARTESIAN_POINT('',(-0.0727849264752814,-0.0165237378643955,-0.00713452619119943));
#3328=CARTESIAN_POINT('',(-0.0734294748571503,-0.0161188611753712,-0.00806258157422432));
#3329=CARTESIAN_POINT('',(-0.0734325612500241,-0.0160221715041169,-0.00898048584339945));
#3330=CARTESIAN_POINT('',(-0.0733875337626503,-0.0161136230642214,-0.00830667930508104));
#3331=CARTESIAN_POINT('',(-0.0727849264752814,0.0165237378643955,-0.00713452619119943));
#3332=CARTESIAN_POINT('',(-0.0734294748571503,0.0161188611753712,-0.00806258157422432));
#3333=CARTESIAN_POINT('',(-0.0734325612500241,0.0160221715041169,-0.00898048584339945));
#3334=CARTESIAN_POINT('',(-0.073066905195879,0.0161253420656333,-0.00981859576661178));
#3335=CARTESIAN_POINT('',(-0.0721071408170989,0.0165340893506135,-0.0104173577025808));
#3336=CARTESIAN_POINT('',(-0.0707945061304605,0.0170417935771564,-0.010176837437809));
#3337=CARTESIAN_POINT('',(-0.0699652838954254,0.0173233275783409,-0.00901687643504661));
#3338=CARTESIAN_POINT('',(-0.070261125904382,0.017321570850872,-0.00757408213547647));
#3339=CARTESIAN_POINT('',(-0.0714846599985381,0.0170343702705713,-0.00683425371025809));
#3340=CARTESIAN_POINT('',(-0.0727849264752814,0.0165237378643955,-0.00713452619119943));
#3341=CARTESIAN_POINT('',(-0.0734294748571503,0.0161188611753712,-0.00806258157422432));
#3342=CARTESIAN_POINT('',(-0.0734325612500241,0.0160221715041169,-0.00898048584339945));
#3343=CARTESIAN_POINT('',(-0.0733875337626503,0.0161136230642214,-0.00830667930508104));
#3344=CARTESIAN_POINT('',(-0.076855942606926,0.061214,-0.005461));
#3345=CARTESIAN_POINT('',(-0.0785297229647552,-0.0127086986874065,-0.0051408758964924));
#3346=CARTESIAN_POINT('',(-0.0785026762973401,-0.0125616097236718,-0.00593030126902794));
#3347=CARTESIAN_POINT('',(-0.078133794613084,-0.0128293563607029,-0.00657685247018586));
#3348=CARTESIAN_POINT('',(-0.0776363309338485,-0.0132674307623675,-0.00695474983636503));
#3349=CARTESIAN_POINT('',(-0.0770851342498132,-0.0137570072545607,-0.00712828304356403));
#3350=CARTESIAN_POINT('',(-0.0763240091261507,-0.0144170712318381,-0.00710515712545808));
#3351=CARTESIAN_POINT('',(-0.0755751291346184,-0.0150261141424392,-0.00666851073424341));
#3352=CARTESIAN_POINT('',(-0.075179916040308,-0.0153904520194798,-0.00578746551849349));
#3353=CARTESIAN_POINT('',(-0.0752060889030611,-0.0154689694954894,-0.00500808422156708));
#3354=CARTESIAN_POINT('',(-0.0755758554559488,-0.0153244785787533,-0.00433454860389652));
#3355=CARTESIAN_POINT('',(-0.0763408961948665,-0.0148951031088049,-0.00378343039694765));
#3356=CARTESIAN_POINT('',(-0.0771841677071474,-0.0142605004353075,-0.00376548438864877));
#3357=CARTESIAN_POINT('',(-0.0778636786653738,-0.0135937537433763,-0.00411257594041035));
#3358=CARTESIAN_POINT('',(-0.0782667174680712,-0.0131178988154008,-0.00453580681945305));
#3359=CARTESIAN_POINT('',(-0.0785297229647552,-0.0127086986874065,-0.0051408758964924));
#3360=CARTESIAN_POINT('',(-0.0785026762973401,-0.0125616097236718,-0.00593030126902794));
#3361=CARTESIAN_POINT('',(-0.078133794613084,-0.0128293563607029,-0.00657685247018586));
#3362=CARTESIAN_POINT('',(-0.0784457037945333,-0.0126307489904661,-0.00590648890713167));
#3363=CARTESIAN_POINT('',(-0.0785297229647552,0.0127086986874066,-0.00514087589649239));
#3364=CARTESIAN_POINT('',(-0.0785026762973401,0.0125616097236718,-0.00593030126902795));
#3365=CARTESIAN_POINT('',(-0.078133794613084,0.012829356360703,-0.00657685247018586));
#3366=CARTESIAN_POINT('',(-0.0776363309338485,0.0132674307623675,-0.00695474983636502));
#3367=CARTESIAN_POINT('',(-0.0770851342498132,0.0137570072545607,-0.00712828304356402));
#3368=CARTESIAN_POINT('',(-0.0763240091261507,0.0144170712318381,-0.00710515712545808));
#3369=CARTESIAN_POINT('',(-0.0755751291346184,0.0150261141424392,-0.00666851073424341));
#3370=CARTESIAN_POINT('',(-0.0751799160403081,0.0153904520194798,-0.00578746551849351));
#3371=CARTESIAN_POINT('',(-0.0752060889030611,0.0154689694954894,-0.00500808422156708));
#3372=CARTESIAN_POINT('',(-0.0755758554559487,0.0153244785787533,-0.00433454860389653));
#3373=CARTESIAN_POINT('',(-0.0763408961948666,0.0148951031088049,-0.00378343039694764));
#3374=CARTESIAN_POINT('',(-0.0771841677071474,0.0142605004353075,-0.00376548438864878));
#3375=CARTESIAN_POINT('',(-0.0778636786653738,0.0135937537433763,-0.00411257594041035));
#3376=CARTESIAN_POINT('',(-0.0782667174680712,0.0131178988154008,-0.00453580681945306));
#3377=CARTESIAN_POINT('',(-0.0785297229647552,0.0127086986874066,-0.00514087589649239));
#3378=CARTESIAN_POINT('',(-0.0785026762973401,0.0125616097236718,-0.00593030126902795));
#3379=CARTESIAN_POINT('',(-0.078133794613084,0.012829356360703,-0.00657685247018586));
#3380=CARTESIAN_POINT('',(-0.0784457037945333,0.0126307489904661,-0.00590648890713167));
#3381=CARTESIAN_POINT('',(0.0749706774950028,0.061214,-0.008636));
#3382=CARTESIAN_POINT('',(0.0734816707017226,-0.00736556638623508,-0.00934920387657782));
#3383=CARTESIAN_POINT('',(0.073670974913501,-0.00735262049331888,-0.00974442783229606));
#3384=CARTESIAN_POINT('',(0.0743641741751413,-0.00724256287239177,-0.0103594343428934));
#3385=CARTESIAN_POINT('',(0.075297245219008,-0.00723194337066436,-0.0103123646853311));
#3386=CARTESIAN_POINT('',(0.0756905894284622,-0.00719965560865016,-0.0101217751539391));
#3387=CARTESIAN_POINT('',(0.0756905894284475,0.00719965560865138,-0.0101217751539462));
#3388=CARTESIAN_POINT('',(0.0752972197891956,0.00723194545807617,-0.0103123770069925));
#3389=CARTESIAN_POINT('',(0.0743663435822254,0.00724240204343906,-0.0103602152842693));
#3390=CARTESIAN_POINT('',(0.073670938835725,0.00735262296055945,-0.00974435251014001));
#3391=CARTESIAN_POINT('',(0.0734816707017226,0.0073655663862351,-0.00934920387657778));
#3392=CARTESIAN_POINT('',(0.0793404802680016,0.061214,-0.005461));
#3393=CARTESIAN_POINT('',(0.0836735144257546,0.061214,-0.008636));
#3394=CARTESIAN_POINT('',(-0.079375,0.0141007385309434,0.0268007385309434));
#3395=CARTESIAN_POINT('',(-0.0640542581677437,0.0141007385309434,0.0268007385309434));
#3396=CARTESIAN_POINT('',(-0.0640542581677437,0.01778,0.0268007385309434));
#3397=CARTESIAN_POINT('',(-0.079375,0.01778,0.0268007385309434));
#3398=CARTESIAN_POINT('',(-0.0640542581677437,0.0141007385309434,0.03048));
#3399=CARTESIAN_POINT('',(-0.0640542581677437,0.01778,0.03048));
#3400=CARTESIAN_POINT('',(-0.0640542581677437,0.01778,0.0268007385309434));
#3401=CARTESIAN_POINT('',(-0.0629319927723552,0.0141007385309501,0.03048));
#3402=CARTESIAN_POINT('',(-0.0629319927723993,0.0177800000000126,0.0304799999401313));
#3403=CARTESIAN_POINT('',(-0.0634102941503947,0.01778,0.0268007385096437));
#3404=CARTESIAN_POINT('',(-0.0610986076366129,0.0141007385309406,0.0301037615894908));
#3405=CARTESIAN_POINT('',(-0.0610986076366176,0.0177799999999943,0.030103761617249));
#3406=CARTESIAN_POINT('',(-0.0621770520607255,0.01778,0.0265686442909687));
#3407=CARTESIAN_POINT('',(-0.0588141290609344,0.0141007385309431,0.0292011369584593));
#3408=CARTESIAN_POINT('',(-0.058814129060852,0.0177800000000012,0.029201136951109));
#3409=CARTESIAN_POINT('',(-0.0603964596865265,0.01778,0.0258695292167695));
#3410=CARTESIAN_POINT('',(-0.0568375084783852,0.0141007385309473,0.028128916903613));
#3411=CARTESIAN_POINT('',(-0.0568375084787105,0.017780000000001,0.0281289169052563));
#3412=CARTESIAN_POINT('',(-0.0587310460052861,0.01778,0.0249700637258127));
#3413=CARTESIAN_POINT('',(-0.0556337007112852,0.0141007385309346,0.0273457467757687));
#3414=CARTESIAN_POINT('',(-0.0556337007105813,0.0177799999999969,0.0273457467768346));
#3415=CARTESIAN_POINT('',(-0.057670602820655,0.01778,0.024280830052194));
#3416=CARTESIAN_POINT('',(-0.0550509837809467,0.0141007385309434,0.0269409733621174));
#3417=CARTESIAN_POINT('',(-0.0550509837809467,0.01778,0.0269409733621174));
#3418=CARTESIAN_POINT('',(-0.05715,0.01778,0.0239192030416206));
#3419=CARTESIAN_POINT('',(-0.0640542581677437,0.01778,0.0268007385309434));
#3420=CARTESIAN_POINT('',(-0.0634157336345481,0.01778,0.0268007385309434));
#3421=CARTESIAN_POINT('',(-0.0621774388088008,0.01778,0.0265694866911513));
#3422=CARTESIAN_POINT('',(-0.059810091248572,0.01778,0.0256379935944216));
#3423=CARTESIAN_POINT('',(-0.0581899594979017,0.01778,0.0246415914503118));
#3424=CARTESIAN_POINT('',(-0.05715,0.01778,0.0239192030416206));
#3425=CARTESIAN_POINT('',(-0.05715,0.0141007385309434,0.0239192030416206));
#3426=CARTESIAN_POINT('',(-0.0550509837809467,0.0141007385309434,0.0269409733621174));
#3427=CARTESIAN_POINT('',(-0.0550509837809467,0.01778,0.0269409733621174));
#3428=CARTESIAN_POINT('',(-0.05715,0.01778,0.0239192030416206));
#3429=CARTESIAN_POINT('',(-0.0537447066960225,0.0141007385308596,0.0260335924241172));
#3430=CARTESIAN_POINT('',(-0.0537189025572009,0.0177543199488784,0.0260156680577832));
#3431=CARTESIAN_POINT('',(-0.0559377932453375,0.01778,0.0231085434351435));
#3432=CARTESIAN_POINT('',(-0.0513492926120099,0.0140584841579322,0.0241166939579011));
#3433=CARTESIAN_POINT('',(-0.0512842786352379,0.0176490096949823,0.0240631725269601));
#3434=CARTESIAN_POINT('',(-0.053633296205945,0.0177361309121059,0.0213444944324754));
#3435=CARTESIAN_POINT('',(-0.048078216458409,0.0138708650094307,0.021052790310294));
#3436=CARTESIAN_POINT('',(-0.0479486356439649,0.0173392936063259,0.0209267100899946));
#3437=CARTESIAN_POINT('',(-0.0503691898282009,0.0175389358600806,0.0184424536624685));
#3438=CARTESIAN_POINT('',(-0.0455343497842503,0.0136023929463364,0.0183940816823236));
#3439=CARTESIAN_POINT('',(-0.0453466616114606,0.0169431347552967,0.0181932089424516));
#3440=CARTESIAN_POINT('',(-0.0477622666224503,0.017253026743974,0.0158903540982256));
#3441=CARTESIAN_POINT('',(-0.0435944083008687,0.0133097664857395,0.0162432126548938));
#3442=CARTESIAN_POINT('',(-0.0433554925270834,0.0165304378431964,0.0159750867949499));
#3443=CARTESIAN_POINT('',(-0.0457223155042252,0.0169366645967645,0.0137990864467861));
#3444=CARTESIAN_POINT('',(-0.0426296656382035,0.0131344903782526,0.0151330143501347));
#3445=CARTESIAN_POINT('',(-0.0423692231180563,0.0162845150322916,0.0148294136652737));
#3446=CARTESIAN_POINT('',(-0.044713011509681,0.0167450650817325,0.0127374515919046));
#3447=CARTESIAN_POINT('',(-0.0421725018707835,0.0130385822791264,0.01460009356281));
#3448=CARTESIAN_POINT('',(-0.0418954322225293,0.0161539668945615,0.0142771104534426));
#3449=CARTESIAN_POINT('',(-0.0442096102794776,0.0166394568541487,0.0122045308045776));
#3450=CARTESIAN_POINT('',(-0.0828271290838719,-0.0141007385309434,0.0268007385309434));
#3451=CARTESIAN_POINT('',(-0.1016,-0.01778,0.0268007385309434));
#3452=CARTESIAN_POINT('',(-0.0640542581677437,-0.01778,0.0268007385309434));
#3453=CARTESIAN_POINT('',(-0.0640542581677437,-0.0141007385309434,0.0268007385309434));
#3454=CARTESIAN_POINT('',(-0.0550509837809467,-0.0141007385309434,0.0269409733621174));
#3455=CARTESIAN_POINT('',(-0.0550509837809467,-0.01778,0.0269409733621174));
#3456=CARTESIAN_POINT('',(-0.05715,-0.01778,0.0239192030416206));
#3457=CARTESIAN_POINT('',(-0.0556328042637,-0.0141007385309588,0.0273451240752252));
#3458=CARTESIAN_POINT('',(-0.0556328042628838,-0.0177800000000016,0.0273451240762509));
#3459=CARTESIAN_POINT('',(-0.0576698019289813,-0.01778,0.024280273727781));
#3460=CARTESIAN_POINT('',(-0.0568338784557632,-0.0141007385309367,0.0281271115483308));
#3461=CARTESIAN_POINT('',(-0.0568338784561457,-0.0177800000000003,0.0281271115496911));
#3462=CARTESIAN_POINT('',(-0.0587280959627355,-0.01778,0.0249685189893893));
#3463=CARTESIAN_POINT('',(-0.0588132166254031,-0.0141007385309437,0.0291995105656957));
#3464=CARTESIAN_POINT('',(-0.0588132166252889,-0.0177799999999965,0.0291995105593959));
#3465=CARTESIAN_POINT('',(-0.0603951087203631,-0.01778,0.0258681282618455));
#3466=CARTESIAN_POINT('',(-0.0610792073542544,-0.014100738530949,0.0300996730635565));
#3467=CARTESIAN_POINT('',(-0.0610792073543289,-0.0177800000000137,0.0300996730873952));
#3468=CARTESIAN_POINT('',(-0.062163827920754,-0.01778,0.0265657645301385));
#3469=CARTESIAN_POINT('',(-0.0629407995110376,-0.0141007385309301,0.03048));
#3470=CARTESIAN_POINT('',(-0.0629407995109398,-0.0177799999999702,0.0304799999485761));
#3471=CARTESIAN_POINT('',(-0.0634153475242998,-0.01778,0.0268007385144159));
#3472=CARTESIAN_POINT('',(-0.0640542581677437,-0.0141007385309434,0.03048));
#3473=CARTESIAN_POINT('',(-0.0640542581677437,-0.01778,0.03048));
#3474=CARTESIAN_POINT('',(-0.0640542581677437,-0.01778,0.0268007385309434));
#3475=CARTESIAN_POINT('',(-0.05715,-0.01778,0.0239192030416206));
#3476=CARTESIAN_POINT('',(-0.0581896038588888,-0.01778,0.0246413444123251));
#3477=CARTESIAN_POINT('',(-0.0598054838938818,-0.01778,0.0256341379918201));
#3478=CARTESIAN_POINT('',(-0.0621638382730385,-0.01778,0.0265660534929798));
#3479=CARTESIAN_POINT('',(-0.0634153475234315,-0.01778,0.0268007385309434));
#3480=CARTESIAN_POINT('',(-0.0640542581677437,-0.01778,0.0268007385309434));
#3481=CARTESIAN_POINT('',(-0.05715,-0.0141007385309434,0.0239192030416206));
#3482=CARTESIAN_POINT('',(-0.05715,-0.01778,0.0239192030416206));
#3483=CARTESIAN_POINT('',(-0.0550509837809467,-0.01778,0.0269409733621174));
#3484=CARTESIAN_POINT('',(-0.0550509837809467,-0.0141007385309434,0.0269409733621174));
#3485=CARTESIAN_POINT('',(-0.0559377932453178,-0.01778,0.0231085434351608));
#3486=CARTESIAN_POINT('',(-0.0537189025572034,-0.0177543199488277,0.0260156680577874));
#3487=CARTESIAN_POINT('',(-0.0537447066960196,-0.0141007385308202,0.0260335924241152));
#3488=CARTESIAN_POINT('',(-0.0536332962059543,-0.0177361309121059,0.0213444944324673));
#3489=CARTESIAN_POINT('',(-0.0512842786352336,-0.0176490096950063,0.0240631725269558));
#3490=CARTESIAN_POINT('',(-0.0513492926120112,-0.0140584841579503,0.0241166939579019));
#3491=CARTESIAN_POINT('',(-0.0503691898281978,-0.0175389358600805,0.018442453662471));
#3492=CARTESIAN_POINT('',(-0.0479486356439659,-0.0173392936063173,0.0209267100899955));
#3493=CARTESIAN_POINT('',(-0.0480782164584091,-0.0138708650094265,0.0210527903102943));
#3494=CARTESIAN_POINT('',(-0.0477622666224522,-0.0172530267439743,0.0158903540982244));
#3495=CARTESIAN_POINT('',(-0.0453466616114634,-0.0169431347553044,0.0181932089424543));
#3496=CARTESIAN_POINT('',(-0.045534349784249,-0.0136023929463345,0.0183940816823222));
#3497=CARTESIAN_POINT('',(-0.0457223155042223,-0.0169366645967639,0.0137990864467878));
#3498=CARTESIAN_POINT('',(-0.0433554925270801,-0.0165304378431849,0.015975086794947));
#3499=CARTESIAN_POINT('',(-0.0435944083008708,-0.0133097664857438,0.0162432126548962));
#3500=CARTESIAN_POINT('',(-0.0447130115096873,-0.0167450650817339,0.0127374515919009));
#3501=CARTESIAN_POINT('',(-0.0423692231180613,-0.016284515032316,0.0148294136652774));
#3502=CARTESIAN_POINT('',(-0.0426296656381988,-0.0131344903782428,0.0151330143501293));
#3503=CARTESIAN_POINT('',(-0.0442096102794776,-0.0166394568541487,0.0122045308045776));
#3504=CARTESIAN_POINT('',(-0.0418954322225293,-0.0161539668945615,0.0142771104534426));
#3505=CARTESIAN_POINT('',(-0.0421725018707835,-0.0130385822791264,0.01460009356281));
#3506=CARTESIAN_POINT('',(0.0719366797914314,-6.83943875377615E-18,-0.00889));
#3507=CARTESIAN_POINT('',(0.0719366797914314,-0.00485410344045998,-0.0127));
#3508=CARTESIAN_POINT('',(0.0714917377936313,-0.00445998686080165,-0.0127));
#3509=CARTESIAN_POINT('',(0.0710649359595294,-0.00405390435545135,-0.0126234346582082));
#3510=CARTESIAN_POINT('',(0.0706624762989017,-0.0036474736596462,-0.0124806135213394));
#3511=CARTESIAN_POINT('',(0.0719366797914314,0.00485410344045999,-0.0127));
#3512=CARTESIAN_POINT('',(0.0714917377936313,0.00445998686080161,-0.0127));
#3513=CARTESIAN_POINT('',(0.0710649359595254,0.00405390435545572,-0.0126234346582068));
#3514=CARTESIAN_POINT('',(0.0706624762989016,0.00364747365964621,-0.0124806135213393));
#3515=CARTESIAN_POINT('',(0.0533780949420364,0.00783102158076264,-0.00319433682814507));
#3516=CARTESIAN_POINT('',(0.0524173281615075,0.00781997170344345,-0.00686975509820066));
#3517=CARTESIAN_POINT('',(0.0524582222740687,0.00402127354032968,-0.00688044637169407));
#3518=CARTESIAN_POINT('',(0.0546232895013936,0.0078453426911489,-0.00351987795749478));
#3519=CARTESIAN_POINT('',(0.0536416460730178,0.00783405270937305,-0.00718958983479131));
#3520=CARTESIAN_POINT('',(0.0536824546282502,0.0040355946507447,-0.00720050718481161));
#3521=CARTESIAN_POINT('',(0.0571525696337176,0.00786376727304639,-0.0041922642725197));
#3522=CARTESIAN_POINT('',(0.0561290570727208,0.00786347757165139,-0.00786212458019594));
#3523=CARTESIAN_POINT('',(0.0561260871522724,0.00405362201048744,-0.00786166205065083));
#3524=CARTESIAN_POINT('',(0.0621572589547228,0.0078389130870553,-0.00562278503901419));
#3525=CARTESIAN_POINT('',(0.0610464140564147,0.00785461190552971,-0.00928397716867851));
#3526=CARTESIAN_POINT('',(0.0609910240463932,0.00402915139727756,-0.00926759921594586));
#3527=CARTESIAN_POINT('',(0.0671555676913667,0.00771642749466992,-0.00718010330358464));
#3528=CARTESIAN_POINT('',(0.065969345181384,0.00775696258775682,-0.0108442086517491));
#3529=CARTESIAN_POINT('',(0.0658367466919978,0.00390832153380409,-0.0108019425820377));
#3530=CARTESIAN_POINT('',(0.0721123860747058,0.00746647045888271,-0.00886243281324067));
#3531=CARTESIAN_POINT('',(0.0708088371755653,0.00754439183288233,-0.0125242426131916));
#3532=CARTESIAN_POINT('',(0.0705978441262736,0.00366304598764255,-0.0124488537372477));
#3533=CARTESIAN_POINT('',(0.0770593404752486,0.00711594095180376,-0.0106063977246487));
#3534=CARTESIAN_POINT('',(0.0757572310120039,0.00723298932363818,-0.0143089423965036));
#3535=CARTESIAN_POINT('',(0.0754354975579495,0.00332040923328157,-0.0141935865132389));
#3536=CARTESIAN_POINT('',(0.0807908518361758,0.00671797583158297,-0.0118990812590736));
#3537=CARTESIAN_POINT('',(0.0794819272449358,0.00687307838938497,-0.0156382170547022));
#3538=CARTESIAN_POINT('',(0.0790568577969225,0.00293332658615134,-0.015485982098423));
#3539=CARTESIAN_POINT('',(0.0832944933163394,0.00635586594494476,-0.012761356726873));
#3540=CARTESIAN_POINT('',(0.0819723879018336,0.00654708639146779,-0.0165301540571197));
#3541=CARTESIAN_POINT('',(0.0814644977112243,0.00258510172168444,-0.0163482575662421));
#3542=CARTESIAN_POINT('',(0.0536073276381999,0.00783365752542275,-0.00325434318969369));
#3543=CARTESIAN_POINT('',(0.0533526164855989,0.00783074130856069,-0.00422598648438571));
#3544=CARTESIAN_POINT('',(0.0528517748758416,0.00700692524711463,-0.00612717174021877));
#3545=CARTESIAN_POINT('',(0.0526354596850035,0.00501357010791316,-0.00692686089985233));
#3546=CARTESIAN_POINT('',(0.0526324039637088,0.00402331112339013,-0.00692605937606536));
#3547=CARTESIAN_POINT('',(0.0524582222740675,-0.00402127354032967,-0.00688044637169376));
#3548=CARTESIAN_POINT('',(0.0524173281615063,-0.00781997170344343,-0.00686975509820034));
#3549=CARTESIAN_POINT('',(0.0533780949420352,-0.00783102158076261,-0.00319433682814475));
#3550=CARTESIAN_POINT('',(0.0536824546282671,-0.00403559465071789,-0.00720050718481603));
#3551=CARTESIAN_POINT('',(0.0536416460729915,-0.00783405270935413,-0.00718958983479924));
#3552=CARTESIAN_POINT('',(0.0546232895013967,-0.00784534269114893,-0.00351987795750006));
#3553=CARTESIAN_POINT('',(0.0561260871522634,-0.00405362201049945,-0.0078616620506485));
#3554=CARTESIAN_POINT('',(0.0561290570727306,-0.00786347757165987,-0.00786212458019184));
#3555=CARTESIAN_POINT('',(0.0571525696337149,-0.0078637672730463,-0.004192264272517));
#3556=CARTESIAN_POINT('',(0.0609910240463962,-0.00402915139727086,-0.0092675992159465));
#3557=CARTESIAN_POINT('',(0.0610464140564074,-0.00785461190552492,-0.00928397716868028));
#3558=CARTESIAN_POINT('',(0.062157258954722,-0.00783891308705547,-0.00562278503901491));
#3559=CARTESIAN_POINT('',(0.0658367466920016,-0.00390832153380307,-0.0108019425820391));
#3560=CARTESIAN_POINT('',(0.0659693451813903,-0.00775696258775628,-0.0108442086517514));
#3561=CARTESIAN_POINT('',(0.0671555676913717,-0.00771642749466904,-0.00718010330358692));
#3562=CARTESIAN_POINT('',(0.0705978441262641,-0.00366304598764606,-0.0124488537372443));
#3563=CARTESIAN_POINT('',(0.0708088371755532,-0.00754439183288454,-0.0125242426131862));
#3564=CARTESIAN_POINT('',(0.072112386074695,-0.00746647045888424,-0.00886243281323576));
#3565=CARTESIAN_POINT('',(0.0754354975579995,-0.00332040923326157,-0.0141935865132568));
#3566=CARTESIAN_POINT('',(0.0757572310120691,-0.00723298932362541,-0.0143089423965333));
#3567=CARTESIAN_POINT('',(0.0770593404753054,-0.00711594095179549,-0.0106063977246747));
#3568=CARTESIAN_POINT('',(0.0790568577966978,-0.00293332658624088,-0.0154859820983425));
#3569=CARTESIAN_POINT('',(0.0794819272446362,-0.00687307838944306,-0.0156382170545665));
#3570=CARTESIAN_POINT('',(0.0807908518359209,-0.00671797583161981,-0.0118990812589571));
#3571=CARTESIAN_POINT('',(0.0814644977112242,-0.00258510172168442,-0.0163482575662421));
#3572=CARTESIAN_POINT('',(0.0819723879018336,-0.00654708639146777,-0.0165301540571197));
#3573=CARTESIAN_POINT('',(0.0832944933163394,-0.00635586594494474,-0.012761356726873));
#3574=CARTESIAN_POINT('',(0.0536073276381993,-0.00783365752542274,-0.00325434318969357));
#3575=CARTESIAN_POINT('',(0.0533526164855982,-0.00783074130856067,-0.004225986484386));
#3576=CARTESIAN_POINT('',(0.0528517748756881,-0.00700692524711325,-0.00612717174018059));
#3577=CARTESIAN_POINT('',(0.0526354596852997,-0.00501357010791212,-0.00692686089992928));
#3578=CARTESIAN_POINT('',(0.0526324039637083,-0.00402331112338919,-0.00692605937606525));
#3579=CARTESIAN_POINT('',(0.0526804530710657,0.00402301515534696,-0.00693866851684178));
#3580=CARTESIAN_POINT('',(0.0527020714509538,0.0078388132487667,-0.00694434423380996));
#3581=CARTESIAN_POINT('',(0.0536710201827315,0.00783294529103426,-0.0032535558925316));
#3582=CARTESIAN_POINT('',(0.0499791191684872,0.00403965455918478,-0.00622945687623973));
#3583=CARTESIAN_POINT('',(0.0500009778789625,0.00785517108332162,-0.00623490565303932));
#3584=CARTESIAN_POINT('',(0.0509234323676758,0.00784958469478819,-0.00253220069089079));
#3585=CARTESIAN_POINT('',(0.0472612551716248,0.0040563958260948,-0.00557039489851244));
#3586=CARTESIAN_POINT('',(0.0472832469165235,0.00787162967353678,-0.00557558133556116));
#3587=CARTESIAN_POINT('',(0.048159024328635,0.00786632596189177,-0.0018618529677151));
#3588=CARTESIAN_POINT('',(0.0445362602965849,0.00407318045968579,-0.00496359698984787));
#3589=CARTESIAN_POINT('',(0.0445582721848061,0.00788813213253015,-0.00496849856520891));
#3590=CARTESIAN_POINT('',(0.0453874554001163,0.00788311059537311,-0.00124468401633372));
#3591=CARTESIAN_POINT('',(0.0535664453447562,0.00783357859670774,-0.00322612737863359));
#3592=CARTESIAN_POINT('',(0.0535673513744677,0.00783357310978788,-0.00323190767276407));
#3593=CARTESIAN_POINT('',(0.0535672150696263,0.00783356240626444,-0.00323775867707899));
#3594=CARTESIAN_POINT('',(0.0535657263686568,0.00783354537605765,-0.00324343109283259));
#3595=CARTESIAN_POINT('',(0.0535657263686613,0.0078335453760577,-0.00324343109283338));
#3596=CARTESIAN_POINT('',(0.0535657263686595,0.00783354537605768,-0.00324343109283294));
#3597=CARTESIAN_POINT('',(0.0533107415862125,0.00783062844131941,-0.00421500276946856));
#3598=CARTESIAN_POINT('',(0.052818200152871,0.00700683384324175,-0.00611836466021268));
#3599=CARTESIAN_POINT('',(0.052624303737407,0.00501353984942373,-0.0069239346652575));
#3600=CARTESIAN_POINT('',(0.0526324039637091,0.00402331112339014,-0.00692605937606544));
#3601=CARTESIAN_POINT('',(0.0454362047313008,0.00788281206041574,-0.00126068953190407));
#3602=CARTESIAN_POINT('',(0.0452171960330002,0.00788281206041574,-0.00224293629465153));
#3603=CARTESIAN_POINT('',(0.0447856411207673,0.00706127395854998,-0.00416728885448466));
#3604=CARTESIAN_POINT('',(0.0445989324606846,0.00506510703906121,-0.0049775621907042));
#3605=CARTESIAN_POINT('',(0.0445960701149669,0.00407281206041319,-0.00497692398182067));
#3606=CARTESIAN_POINT('',(0.0536710201827311,-0.00783294529103424,-0.00325355589253151));
#3607=CARTESIAN_POINT('',(0.0527020714509534,-0.00783881324876668,-0.00694434423380987));
#3608=CARTESIAN_POINT('',(0.0526804530710653,-0.00402301515534694,-0.00693866851684169));
#3609=CARTESIAN_POINT('',(0.0509234323675375,-0.00784958469478901,-0.00253220069084885));
#3610=CARTESIAN_POINT('',(0.0500009778788033,-0.0078551710833496,-0.00623490565301587));
#3611=CARTESIAN_POINT('',(0.0499791191683102,-0.00403965455920447,-0.00622945687619326));
#3612=CARTESIAN_POINT('',(0.0481590243286634,-0.00786632596189154,-0.00186185296770092));
#3613=CARTESIAN_POINT('',(0.0472832469165338,-0.007871629673708,-0.00557558133560665));
#3614=CARTESIAN_POINT('',(0.0472612551716498,-0.00405639582621297,-0.005570394898518));
#3615=CARTESIAN_POINT('',(0.0453874554001163,-0.00788311059537304,-0.00124468401633373));
#3616=CARTESIAN_POINT('',(0.0445582721848062,-0.00788813213253008,-0.00496849856520891));
#3617=CARTESIAN_POINT('',(0.0445362602965849,-0.00407318045968574,-0.00496359698984789));
#3618=CARTESIAN_POINT('',(0.0535657263686594,-0.00783354537605766,-0.00324343109283293));
#3619=CARTESIAN_POINT('',(0.0533107415862123,-0.00783062844131938,-0.0042150027694687));
#3620=CARTESIAN_POINT('',(0.0528182001527964,-0.00700683384324084,-0.00611836466019403));
#3621=CARTESIAN_POINT('',(0.0526243037375627,-0.00501353984942428,-0.00692393466529756));
#3622=CARTESIAN_POINT('',(0.0526324039637087,-0.0040233111233892,-0.00692605937606534));
#3623=CARTESIAN_POINT('',(0.0535657263686599,-0.00783354537605767,-0.00324343109283306));
#3624=CARTESIAN_POINT('',(0.0535657263686599,-0.00783354537605767,-0.00324343109283306));
#3625=CARTESIAN_POINT('',(0.053567216309284,-0.00783356242044566,-0.00323775395360774));
#3626=CARTESIAN_POINT('',(0.0535673525335795,-0.00783357310276827,-0.00323191506766741));
#3627=CARTESIAN_POINT('',(0.0535664453447591,-0.00783357859670771,-0.00322612737864198));
#3628=CARTESIAN_POINT('',(0.0454362047312991,-0.00788281206041574,-0.0012606895319037));
#3629=CARTESIAN_POINT('',(0.0452171960329989,-0.00788281206041574,-0.00224293629464964));
#3630=CARTESIAN_POINT('',(0.0447856411207396,-0.00706127395855276,-0.00416728885447376));
#3631=CARTESIAN_POINT('',(0.0445989324607299,-0.00506510703906895,-0.00497756219071177));
#3632=CARTESIAN_POINT('',(0.0445960701149552,-0.00407281206042267,-0.00497692398181805));
#3633=CARTESIAN_POINT('',(-0.0217104019879046,0.00788281206041574,0.00377791374061165));
#3634=CARTESIAN_POINT('',(-0.0214720799450189,0.00788281206041574,-2.46252274825349E-5));
#3635=CARTESIAN_POINT('',(-0.0214720799450189,0.00407281206041574,-2.46252274825358E-5));
#3636=CARTESIAN_POINT('',(-0.0104006136288345,0.00788281206041574,0.00448674851895616));
#3637=CARTESIAN_POINT('',(-0.0103260675344799,0.00788281206043659,0.000673944983166913));
#3638=CARTESIAN_POINT('',(-0.0103260675343935,0.00407281206041574,0.000673944983110499));
#3639=CARTESIAN_POINT('',(0.012304745265964,0.00788281206041572,0.00443665833611383));
#3640=CARTESIAN_POINT('',(0.0120294102430558,0.00788281206044352,0.000623373920164626));
#3641=CARTESIAN_POINT('',(0.0120294102430611,0.00407281206045504,0.000623373920196329));
#3642=CARTESIAN_POINT('',(0.0347725049037568,0.00788281206041576,0.00113780532142611));
#3643=CARTESIAN_POINT('',(0.0341224092680033,0.0078828120603393,-0.00262115213496139));
#3644=CARTESIAN_POINT('',(0.0341224092679063,0.00407281206033711,-0.0026211521349684));
#3645=CARTESIAN_POINT('',(0.0458296603864207,0.00788281206041576,-0.00134880506306092));
#3646=CARTESIAN_POINT('',(0.0449937187723979,0.00788281206041576,-0.0050659681773115));
#3647=CARTESIAN_POINT('',(0.0449937187723979,0.00407281206041575,-0.0050659681773115));
#3648=CARTESIAN_POINT('',(-0.0213076813019337,0.00788281206041574,0.00380284388566847));
#3649=CARTESIAN_POINT('',(-0.0212470933848999,0.00788281206041574,0.00279757704572583));
#3650=CARTESIAN_POINT('',(-0.0210790016459472,0.00706004594163144,0.000831371283615013));
#3651=CARTESIAN_POINT('',(-0.0209147404843354,0.00506407639426535,9.70874855215178E-6));
#3652=CARTESIAN_POINT('',(-0.0208596757433621,0.00407281206041699,1.30289586390618E-5));
#3653=CARTESIAN_POINT('',(-0.0214720799450189,-0.00407281206041574,-2.46252274825349E-5));
#3654=CARTESIAN_POINT('',(-0.0214720799450189,-0.00788281206041574,-2.46252274825349E-5));
#3655=CARTESIAN_POINT('',(-0.0217104019879046,-0.00788281206041574,0.00377791374061165));
#3656=CARTESIAN_POINT('',(-0.0103260675342573,-0.00407281206041574,0.000673944983119035));
#3657=CARTESIAN_POINT('',(-0.0103260675342161,-0.00788281206042269,0.00067394498318408));
#3658=CARTESIAN_POINT('',(-0.0104006136286972,-0.00788281206041574,0.00448674851893894));
#3659=CARTESIAN_POINT('',(0.0120294102431236,-0.00407281206043539,0.000623373920162494));
#3660=CARTESIAN_POINT('',(0.0120294102430341,-0.00788281206042963,0.000623373920117782));
#3661=CARTESIAN_POINT('',(0.0123047452660319,-0.00788281206041572,0.00443665833611135));
#3662=CARTESIAN_POINT('',(0.0341224092676419,-0.00407281206037642,-0.00262115213490902));
#3663=CARTESIAN_POINT('',(0.0341224092677796,-0.00788281206038099,-0.00262115213488463));
#3664=CARTESIAN_POINT('',(0.0347725049034802,-0.00788281206041574,0.00113780532144853));
#3665=CARTESIAN_POINT('',(0.0449937187723964,-0.00407281206041574,-0.00506596817731114));
#3666=CARTESIAN_POINT('',(0.0449937187723964,-0.00788281206041574,-0.00506596817731114));
#3667=CARTESIAN_POINT('',(0.0458296603864191,-0.00788281206041574,-0.00134880506306056));
#3668=CARTESIAN_POINT('',(-0.0213076813019338,-0.00788281206041574,0.00380284388566847));
#3669=CARTESIAN_POINT('',(-0.0212470933848998,-0.00788281206041574,0.00279757704572549));
#3670=CARTESIAN_POINT('',(-0.0210790016459205,-0.00706004594163202,0.000831371283615317));
#3671=CARTESIAN_POINT('',(-0.0209147404843872,-0.00506407639426105,9.70874854879375E-6));
#3672=CARTESIAN_POINT('',(-0.0208596757433612,-0.00407281206041609,1.30289586391172E-5));
#3673=CARTESIAN_POINT('',(-0.0205417281147959,0.00411050402966395,3.20035647528418E-5));
#3674=CARTESIAN_POINT('',(-0.0209959605148871,0.00792020629388988,5.17654468378458E-6));
#3675=CARTESIAN_POINT('',(-0.0212189799817358,0.00789352283826703,0.00383537607146425));
#3676=CARTESIAN_POINT('',(-0.0206967268056681,0.0040916855536221,2.28493234660652E-5));
#3677=CARTESIAN_POINT('',(-0.0211509651250907,0.00790166056469403,-4.25196619696901E-6));
#3678=CARTESIAN_POINT('',(-0.0213762642013197,0.00787470436222658,0.00382608684657757));
#3679=CARTESIAN_POINT('',(-0.0210066841509824,0.0040550919247461,4.26277499478217E-6));
#3680=CARTESIAN_POINT('',(-0.0214087040507174,0.0078686012194928,-2.02539041266952E-5));
#3681=CARTESIAN_POINT('',(-0.0216391836562214,0.00784415898148459,0.00380722646703536));
#3682=CARTESIAN_POINT('',(-0.0216262798693454,0.00399327526486442,-3.40100901035803E-5));
#3683=CARTESIAN_POINT('',(-0.0219516868953051,0.00781035060940248,-5.46765674383908E-5));
#3684=CARTESIAN_POINT('',(-0.022191972722714,0.00778969460783581,0.00376839072775331));
#3685=CARTESIAN_POINT('',(-0.0227097809280956,0.00391198498148702,-0.000103868444066251));
#3686=CARTESIAN_POINT('',(-0.0228792882143339,0.00773202869935917,-0.000115691752239106));
#3687=CARTESIAN_POINT('',(-0.023136947076438,0.00772007244254596,0.0036975076563051));
#3688=CARTESIAN_POINT('',(-0.024255418321842,0.0038792086220744,-0.000211852935420501));
#3689=CARTESIAN_POINT('',(-0.0241882218390674,0.00768850285102947,-0.000207631100942249));
#3690=CARTESIAN_POINT('',(-0.0244690626445882,0.00769263227862888,0.00358794742363523));
#3691=CARTESIAN_POINT('',(-0.026105432468508,0.00399015884073288,-0.000354288190494816));
#3692=CARTESIAN_POINT('',(-0.0257168548083479,0.00775475825794049,-0.000323797467186122));
#3693=CARTESIAN_POINT('',(-0.0260200804928543,0.00778530772408459,0.00344344870830903));
#3694=CARTESIAN_POINT('',(-0.0279530735877836,0.00427275606150719,-0.000509578530898229));
#3695=CARTESIAN_POINT('',(-0.0272104451439096,0.0079500225791287,-0.000445421289753415));
#3696=CARTESIAN_POINT('',(-0.0275283669744582,0.00801374814194773,0.00328592507008359));
#3697=CARTESIAN_POINT('',(-0.0297871689075868,0.00475530974025019,-0.000676738439967805));
#3698=CARTESIAN_POINT('',(-0.0286644320183475,0.0082907346463315,-0.000571476863634095));
#3699=CARTESIAN_POINT('',(-0.0289853637706455,0.00839269541048578,0.0031163791997084));
#3700=CARTESIAN_POINT('',(-0.0321022737580771,0.00565459635684597,-0.000903389552144117));
#3701=CARTESIAN_POINT('',(-0.0304724238327818,0.00892834586147321,-0.000737050463987648));
#3702=CARTESIAN_POINT('',(-0.0307830652032429,0.00908272964458395,0.00288651648602128));
#3703=CARTESIAN_POINT('',(-0.0337330008354073,0.0066588791898735,-0.00107928033005841));
#3704=CARTESIAN_POINT('',(-0.0317462288256917,0.00965022781017259,-0.000862758583062543));
#3705=CARTESIAN_POINT('',(-0.0320209901122057,0.0098356939052656,0.00270816003542279));
#3706=CARTESIAN_POINT('',(-0.0347095484362392,0.00744552200603042,-0.0011896362015004));
#3707=CARTESIAN_POINT('',(-0.0325222108172964,0.0102338970074401,-0.000942453628044044));
#3708=CARTESIAN_POINT('',(-0.0327673694244684,0.0104286673289953,0.0025962667637812));
#3709=CARTESIAN_POINT('',(-0.0346398953415973,0.00738974820684245,-0.00118177401532993));
#3710=CARTESIAN_POINT('',(-0.0342809090851799,0.00740884906903081,-0.00114129956127014));
#3711=CARTESIAN_POINT('',(-0.0335864853995631,0.00751065444259868,-0.00101895843355406));
#3712=CARTESIAN_POINT('',(-0.0325932834150811,0.00776669215731909,-0.000669259222270603));
#3713=CARTESIAN_POINT('',(-0.0318403413397364,0.00799686472865282,-0.000244106376004475));
#3714=CARTESIAN_POINT('',(-0.0312814145869372,0.00816789961228256,0.000171451585814571));
#3715=CARTESIAN_POINT('',(-0.030886414897081,0.00828805021710278,0.000521960582427461));
#3716=CARTESIAN_POINT('',(-0.0305856082149354,0.00838188216685943,0.000847968199329462));
#3717=CARTESIAN_POINT('',(-0.0303899104195148,0.00846583538129505,0.0011328821972927));
#3718=CARTESIAN_POINT('',(-0.0302896064271887,0.00855610416095215,0.00138698162527249));
#3719=CARTESIAN_POINT('',(-0.0303909334569665,0.0087071930888541,0.00161147028836673));
#3720=CARTESIAN_POINT('',(-0.030644244746887,0.00890388392649272,0.00178950201912396));
#3721=CARTESIAN_POINT('',(-0.0309901945272439,0.00914174175495193,0.00195311879323554));
#3722=CARTESIAN_POINT('',(-0.0314155259085655,0.00943257378345164,0.00212599198021222));
#3723=CARTESIAN_POINT('',(-0.0319799795587601,0.00982934719461105,0.00234430658958431));
#3724=CARTESIAN_POINT('',(-0.032396178719551,0.0101393554121448,0.00250363887437483));
#3725=CARTESIAN_POINT('',(-0.0326691810445918,0.0103515142351783,0.00261095966367319));
#3726=CARTESIAN_POINT('',(-0.0347094579884874,-0.0074454491478089,-0.00118962598036467));
#3727=CARTESIAN_POINT('',(-0.0325221392618848,-0.0102338431861474,-0.000942446279156342));
#3728=CARTESIAN_POINT('',(-0.0327673002948975,-0.0104286124082878,0.00259627712731061));
#3729=CARTESIAN_POINT('',(-0.0337340895391444,-0.00665976838419877,-0.00107940368905228));
#3730=CARTESIAN_POINT('',(-0.0317470991176069,-0.00965089179193652,-0.000862848165942533));
#3731=CARTESIAN_POINT('',(-0.0320218225251463,-0.00983636443334197,0.00270803495845805));
#3732=CARTESIAN_POINT('',(-0.031579990330091,-0.00532973823722886,-0.000846878630571933));
#3733=CARTESIAN_POINT('',(-0.030060721018929,-0.00869303488583542,-0.000696356909549176));
#3734=CARTESIAN_POINT('',(-0.0303873126425507,-0.00883950274483888,0.0029438193037463));
#3735=CARTESIAN_POINT('',(-0.0285994448568033,-0.00437510666710651,-0.000564119107262036));
#3736=CARTESIAN_POINT('',(-0.027729626671681,-0.00802074861352828,-0.000487846515049475));
#3737=CARTESIAN_POINT('',(-0.0280555261432129,-0.00809643495702317,0.00323060038943712));
#3738=CARTESIAN_POINT('',(-0.02613230945944,-0.00399268996193207,-0.000356438615536943));
#3739=CARTESIAN_POINT('',(-0.0257388121660304,-0.00775637986864937,-0.000325514891972715));
#3740=CARTESIAN_POINT('',(-0.0260423296029577,-0.00778738589000729,0.00344126722510405));
#3741=CARTESIAN_POINT('',(-0.0242784631700358,-0.0038795036747891,-0.000213533516345072));
#3742=CARTESIAN_POINT('',(-0.0242075252892824,-0.00768849525267582,-0.000209036723193292));
#3743=CARTESIAN_POINT('',(-0.0244886953668356,-0.00769289498654168,0.00358624239307987));
#3744=CARTESIAN_POINT('',(-0.0227241200605783,-0.00391111197533851,-0.000104814597772685));
#3745=CARTESIAN_POINT('',(-0.022891547679129,-0.00773115917858801,-0.000116513477942246));
#3746=CARTESIAN_POINT('',(-0.0231494381251426,-0.00771932626510416,0.00369654764339704));
#3747=CARTESIAN_POINT('',(-0.0216314536483963,-0.0039927856251016,-3.43326994663111E-5));
#3748=CARTESIAN_POINT('',(-0.0219561688046264,-0.00780988964805743,-5.49631539398697E-5));
#3749=CARTESIAN_POINT('',(-0.0221965381595513,-0.0077892688023183,0.00376806337647961));
#3750=CARTESIAN_POINT('',(-0.0210079664078354,-0.00405493999534559,4.18604601709531E-6));
#3751=CARTESIAN_POINT('',(-0.0214098094487251,-0.00786846167940651,-2.03222805901781E-5));
#3752=CARTESIAN_POINT('',(-0.0216403103890054,-0.00784402750882855,0.00380714860746468));
#3753=CARTESIAN_POINT('',(-0.0206969309001419,-0.00409166077411901,2.28374330742001E-5));
#3754=CARTESIAN_POINT('',(-0.0211511692547277,-0.00790163614133567,-4.2642196210648E-6));
#3755=CARTESIAN_POINT('',(-0.0213764713075957,-0.00787467958272549,0.00382607478071778));
#3756=CARTESIAN_POINT('',(-0.0205414576498685,-0.00411053686695931,3.20195383016202E-5));
#3757=CARTESIAN_POINT('',(-0.020995690049336,-0.00792023865409429,5.19299622908382E-6));
#3758=CARTESIAN_POINT('',(-0.0212187055286736,-0.0078935556755624,0.00383539228055065));
#3759=CARTESIAN_POINT('',(-0.0326691810445773,-0.010351514235167,0.00261095966366808));
#3760=CARTESIAN_POINT('',(-0.0323950646065624,-0.010138489599371,0.00250320090196898));
#3761=CARTESIAN_POINT('',(-0.0319771729813001,-0.00982727982585242,0.00234325054526138));
#3762=CARTESIAN_POINT('',(-0.0314103520719637,-0.00942898292223467,0.0021239583271279));
#3763=CARTESIAN_POINT('',(-0.0309835419595717,-0.00913723577841963,0.00195034938785703));
#3764=CARTESIAN_POINT('',(-0.0306351077059646,-0.00889746173175328,0.00178474844608536));
#3765=CARTESIAN_POINT('',(-0.0303837315426588,-0.00870082365477891,0.00160459153115315));
#3766=CARTESIAN_POINT('',(-0.0302907696679061,-0.00855154254872685,0.00137679271409103));
#3767=CARTESIAN_POINT('',(-0.0303942858891036,-0.00846374597339434,0.00112582647022137));
#3768=CARTESIAN_POINT('',(-0.0305922227215479,-0.00837950617878432,0.000839709412138194));
#3769=CARTESIAN_POINT('',(-0.0308941652336014,-0.00828575637173942,0.000514652774093903));
#3770=CARTESIAN_POINT('',(-0.0312859032510964,-0.00816651869125025,0.000168056976663352));
#3771=CARTESIAN_POINT('',(-0.0318398189223709,-0.00799699660633952,-0.000243764044361608));
#3772=CARTESIAN_POINT('',(-0.0326003038037475,-0.00776484021520616,-0.000672217418777417));
#3773=CARTESIAN_POINT('',(-0.0335798156596457,-0.00751209009564633,-0.00101692254533417));
#3774=CARTESIAN_POINT('',(-0.0342813761760049,-0.00740882421618244,-0.00114135222413902));
#3775=CARTESIAN_POINT('',(-0.0346398953416212,-0.00738974820686036,-0.00118177401533264));
#3776=CARTESIAN_POINT('',(-0.0390198758177755,-1.38201687892681E-17,-0.00555319829219004));
#3777=CARTESIAN_POINT('',(-0.0395139531832154,-0.00686178583309736,-0.00177536987404292));
#3778=CARTESIAN_POINT('',(-0.039590038049094,-0.00699614113933722,-0.00178532051391385));
#3779=CARTESIAN_POINT('',(-0.039671409511943,-0.00712689813690662,-0.00179828033261886));
#3780=CARTESIAN_POINT('',(-0.0397580814770212,-0.00725393093831035,-0.00181539781535108));
#3781=CARTESIAN_POINT('',(-0.0397580814770212,0.00725393093831035,-0.00181539781535108));
#3782=CARTESIAN_POINT('',(-0.039671409511943,0.00712689813690662,-0.00179828033261886));
#3783=CARTESIAN_POINT('',(-0.039590038049094,0.00699614113933722,-0.00178532051391385));
#3784=CARTESIAN_POINT('',(-0.0395139531832154,0.00686178583309736,-0.00177536987404292));
#3785=CARTESIAN_POINT('',(-0.10608162574322,0.01778,0.0247902092412808));
#3786=CARTESIAN_POINT('',(-0.101965210813224,0.01778,0.0101166708771333));
#3787=CARTESIAN_POINT('',(-0.101965210813224,0.00253999999999999,0.0101166708771333));
#3788=CARTESIAN_POINT('',(-0.106001418854551,0.01778,0.0248127099378277));
#3789=CARTESIAN_POINT('',(-0.101885003924559,0.017780000000001,0.0101391715736796));
#3790=CARTESIAN_POINT('',(-0.101885003924555,0.00253999999999999,0.0101391715736806));
#3791=CARTESIAN_POINT('',(-0.105881106422675,0.01778,0.0248464471431137));
#3792=CARTESIAN_POINT('',(-0.101770290491494,0.0177799999999997,0.0101713423648355));
#3793=CARTESIAN_POINT('',(-0.101770290491495,0.00253999999999999,0.0101713423648353));
#3794=CARTESIAN_POINT('',(-0.105720698242338,0.01778,0.0248914854416332));
#3795=CARTESIAN_POINT('',(-0.101594951647649,0.01778,0.0102205577677038));
#3796=CARTESIAN_POINT('',(-0.101594951647649,0.00253999999999999,0.0102205577677038));
#3797=CARTESIAN_POINT('',(-0.10548004399434,0.01778,0.0249587660987206));
#3798=CARTESIAN_POINT('',(-0.1014438813807,0.0177799999999999,0.0102627757986977));
#3799=CARTESIAN_POINT('',(-0.1014438813807,0.00253999999999999,0.0102627757986976));
#3800=CARTESIAN_POINT('',(-0.104958095967382,0.01778,0.0251010421295335));
#3801=CARTESIAN_POINT('',(-0.101062381128211,0.01778,0.0103668979634739));
#3802=CARTESIAN_POINT('',(-0.101062381128211,0.00253999999999999,0.010366897963474));
#3803=CARTESIAN_POINT('',(-0.104153226377887,0.01778,0.0253075839767563));
#3804=CARTESIAN_POINT('',(-0.100521337600038,0.01778,0.0105054149231962));
#3805=CARTESIAN_POINT('',(-0.100521337600038,0.00253999999999999,0.0105054149231962));
#3806=CARTESIAN_POINT('',(-0.103184218720532,0.01778,0.0255345489966184));
#3807=CARTESIAN_POINT('',(-0.0998688844358596,0.01778,0.0106583038826093));
#3808=CARTESIAN_POINT('',(-0.0998688844358596,0.00253999999999999,0.0106583038826093));
#3809=CARTESIAN_POINT('',(-0.101887797026836,0.01778,0.0258081736540756));
#3810=CARTESIAN_POINT('',(-0.0990226262729293,0.01778,0.0108367204922653));
#3811=CARTESIAN_POINT('',(-0.0990226262729293,0.00253999999999999,0.0108367204922653));
#3812=CARTESIAN_POINT('',(-0.100258773592588,0.01778,0.0260935095183261));
#3813=CARTESIAN_POINT('',(-0.09799765106763,0.01778,0.0110156076978242));
#3814=CARTESIAN_POINT('',(-0.09799765106763,0.00253999999999999,0.0110156076978242));
#3815=CARTESIAN_POINT('',(-0.0976316140437986,0.01778,0.0264174775516208));
#3816=CARTESIAN_POINT('',(-0.0964354928304541,0.01778,0.0112071089390351));
#3817=CARTESIAN_POINT('',(-0.0964354928304542,0.00253999999999999,0.0112071089390352));
#3818=CARTESIAN_POINT('',(-0.094311308715869,0.01778,0.0265547686805644));
#3819=CARTESIAN_POINT('',(-0.0946307602111058,0.01778,0.0112747621397144));
#3820=CARTESIAN_POINT('',(-0.0946307602111058,0.00254,0.0112747621397144));
#3821=CARTESIAN_POINT('',(-0.0902268067892689,0.01778,0.0261871112559893));
#3822=CARTESIAN_POINT('',(-0.0926797684383507,0.01778,0.0110908120212159));
#3823=CARTESIAN_POINT('',(-0.0926797684383506,0.00254000000000002,0.0110908120212159));
#3824=CARTESIAN_POINT('',(-0.0863373812665555,0.01778,0.0252520222499305));
#3825=CARTESIAN_POINT('',(-0.0910264166316474,0.01778,0.0106862370606061));
#3826=CARTESIAN_POINT('',(-0.0910264166316474,0.00253999999999998,0.0106862370606061));
#3827=CARTESIAN_POINT('',(-0.0825849717427532,0.01778,0.0237066114810796));
#3828=CARTESIAN_POINT('',(-0.0895594834003183,0.01778,0.0100777910085078));
#3829=CARTESIAN_POINT('',(-0.0895594834003183,0.00254000000000001,0.0100777910085079));
#3830=CARTESIAN_POINT('',(-0.079123278096364,0.01778,0.0215527168104249));
#3831=CARTESIAN_POINT('',(-0.0882611848793716,0.01778,0.00926856459182662));
#3832=CARTESIAN_POINT('',(-0.0882611848793716,0.00253999999999998,0.00926856459182662));
#3833=CARTESIAN_POINT('',(-0.07608567459311,0.01778,0.0188789862126711));
#3834=CARTESIAN_POINT('',(-0.087109423684638,0.01778,0.00825788183472918));
#3835=CARTESIAN_POINT('',(-0.087109423684638,0.00254000000000002,0.00825788183472919));
#3836=CARTESIAN_POINT('',(-0.0734942747993676,0.01778,0.015712597487123));
#3837=CARTESIAN_POINT('',(-0.086064711556832,0.01778,0.00698948227261901));
#3838=CARTESIAN_POINT('',(-0.086064711556832,0.00253999999999999,0.006989482272619));
#3839=CARTESIAN_POINT('',(-0.0717889867017264,0.01778,0.0128153644423075));
#3840=CARTESIAN_POINT('',(-0.0853035961586985,0.01778,0.00570899782933865));
#3841=CARTESIAN_POINT('',(-0.0853035961586985,0.00253999999999997,0.00570899782933864));
#3842=CARTESIAN_POINT('',(-0.0706601885282616,0.01778,0.0103313527886437));
#3843=CARTESIAN_POINT('',(-0.0847532784057137,0.01778,0.00450155530456509));
#3844=CARTESIAN_POINT('',(-0.0847532784057137,0.00254000000000001,0.00450155530456509));
#3845=CARTESIAN_POINT('',(-0.0699469735494864,0.01778,0.00843442552285123));
#3846=CARTESIAN_POINT('',(-0.084382434904446,0.01778,0.0035181187050752));
#3847=CARTESIAN_POINT('',(-0.084382434904446,0.00254000000000002,0.0035181187050752));
#3848=CARTESIAN_POINT('',(-0.0694514057946394,0.01778,0.00682198093855636));
#3849=CARTESIAN_POINT('',(-0.0841082401883035,0.01778,0.00262931496050277));
#3850=CARTESIAN_POINT('',(-0.0841082401883034,0.00254000000000002,0.00262931496050277));
#3851=CARTESIAN_POINT('',(-0.0691104855938164,0.01778,0.00551541073110198));
#3852=CARTESIAN_POINT('',(-0.0839103897522465,0.01778,0.00187109842800883));
#3853=CARTESIAN_POINT('',(-0.0839103897522466,0.00254000000000001,0.00187109842800883));
#3854=CARTESIAN_POINT('',(-0.06891959076108,0.0177799999999999,0.00469200222554459));
#3855=CARTESIAN_POINT('',(-0.0837978625827147,0.0177799999999999,0.00138709034786521));
#3856=CARTESIAN_POINT('',(-0.0837978625827147,0.00253999999999995,0.0013870903478652));
#3857=CARTESIAN_POINT('',(-0.0688059560737822,0.01778,0.00415360678022293));
#3858=CARTESIAN_POINT('',(-0.0837264494405564,0.01778,0.00104819766226001));
#3859=CARTESIAN_POINT('',(-0.0837264494405564,0.00254000000000003,0.00104819766226001));
#3860=CARTESIAN_POINT('',(-0.0687554571719228,0.01778,0.00390452195204976));
#3861=CARTESIAN_POINT('',(-0.0836976204123522,0.01778,0.000906190085861935));
#3862=CARTESIAN_POINT('',(-0.0836976204123522,0.00253999999999998,0.000906190085861933));
#3863=CARTESIAN_POINT('',(-0.0687223614761388,0.01778,0.00373829150974642));
#3864=CARTESIAN_POINT('',(-0.0836707363974738,0.01778,0.0007711897849791));
#3865=CARTESIAN_POINT('',(-0.0836707363974738,0.00254000000000001,0.000771189784979099));
#3866=CARTESIAN_POINT('',(-0.0686643758666646,0.01778,0.003447409002754));
#3867=CARTESIAN_POINT('',(-0.0836088756012061,0.01778,0.00046082420513831));
#3868=CARTESIAN_POINT('',(-0.0836088756012061,0.00253999999999999,0.00046082420513831));
#3869=CARTESIAN_POINT('',(-0.0685815748343978,0.01778,0.00303185172908724));
#3870=CARTESIAN_POINT('',(-0.0835282320512134,0.01778,5.61139916407763E-5));
#3871=CARTESIAN_POINT('',(-0.0835282320512134,0.00254,5.61139916407757E-5));
#3872=CARTESIAN_POINT('',(-0.0684490733159216,0.01778,0.0023669661458784));
#3873=CARTESIAN_POINT('',(-0.0833948833964806,0.01778,-0.000613030693975318));
#3874=CARTESIAN_POINT('',(-0.0833948833964805,0.00254,-0.000613030693975318));
#3875=CARTESIAN_POINT('',(-0.0682834532084103,0.01778,0.00153585709735648));
#3876=CARTESIAN_POINT('',(-0.083229673824232,0.01778,-0.00144207571594603));
#3877=CARTESIAN_POINT('',(-0.083229673824232,0.00254,-0.00144207571594603));
#3878=CARTESIAN_POINT('',(-0.0678859593613258,0.01778,-0.000458802915764445));
#3879=CARTESIAN_POINT('',(-0.0828319558118611,0.01778,-0.00343786275308855));
#3880=CARTESIAN_POINT('',(-0.0828319558118613,0.00254,-0.00343786275308857));
#3881=CARTESIAN_POINT('',(-0.0672897209395506,0.01778,-0.00345079365129113));
#3882=CARTESIAN_POINT('',(-0.0822358894239111,0.01778,-0.00642898856320359));
#3883=CARTESIAN_POINT('',(-0.0822358894239077,0.00254,-0.00642898856320323));
#3884=CARTESIAN_POINT('',(-0.06649473502809,0.01778,-0.00744011422081551));
#3885=CARTESIAN_POINT('',(-0.0814408409546929,0.01778,-0.0104186236510583));
#3886=CARTESIAN_POINT('',(-0.0814408409547054,0.00254,-0.0104186236510596));
#3887=CARTESIAN_POINT('',(-0.0659647446774438,0.01778,-0.0100996613455483));
#3888=CARTESIAN_POINT('',(-0.0809108645057781,0.01778,-0.0130781008828316));
#3889=CARTESIAN_POINT('',(-0.0809108645057513,0.00254,-0.0130781008828288));
#3890=CARTESIAN_POINT('',(-0.0656997494699755,0.01778,-0.0114294348980611));
#3891=CARTESIAN_POINT('',(-0.0806458692983042,0.01778,-0.0144078744353423));
#3892=CARTESIAN_POINT('',(-0.0806458692983042,0.00254,-0.0144078744353423));
#3893=CARTESIAN_POINT('',(-0.0714774222384542,0.01778,0.0120815827344829));
#3894=CARTESIAN_POINT('',(-0.0720899089806307,0.01778,0.0133245112378982));
#3895=CARTESIAN_POINT('',(-0.0734796831797007,0.0177799999989519,0.0157037139706349));
#3896=CARTESIAN_POINT('',(-0.0770545647938651,0.0177800000006289,0.0200522471151771));
#3897=CARTESIAN_POINT('',(-0.0804116592748914,0.01778,0.022504453883629));
#3898=CARTESIAN_POINT('',(-0.0829207054590431,0.01778,0.0237501652298804));
#3899=CARTESIAN_POINT('',(-0.0714774222384543,0.01778,0.0120815827344829));
#3900=CARTESIAN_POINT('',(-0.0829207054590431,0.01778,0.0237501652298804));
#3901=CARTESIAN_POINT('',(-0.0714774222381152,0.01778,0.0120815827346855));
#3902=CARTESIAN_POINT('',(-0.0725653824573406,0.0177800000163302,0.011669693043181));
#3903=CARTESIAN_POINT('',(-0.0735406030114597,0.0176392787885659,0.0110084088955064));
#3904=CARTESIAN_POINT('',(-0.074307373550136,0.0174016332359327,0.0101804006971792));
#3905=CARTESIAN_POINT('',(-0.074307373550136,0.0174016332359327,0.0101804006971792));
#3906=CARTESIAN_POINT('',(-0.074307373550136,0.0174016332359327,0.0101804006971792));
#3907=CARTESIAN_POINT('',(-0.0749399278866949,0.0173129388156831,0.0106066964910412));
#3908=CARTESIAN_POINT('',(-0.0764592303621401,0.0170202177567464,0.0110545237529996));
#3909=CARTESIAN_POINT('',(-0.078631830512318,0.0161635376990823,0.010661229941012));
#3910=CARTESIAN_POINT('',(-0.0803667945977826,0.0149376496287193,0.00965872067896538));
#3911=CARTESIAN_POINT('',(-0.0811974498701716,0.0139519446369469,0.00878726301921675));
#3912=CARTESIAN_POINT('',(-0.0815338416308086,0.0134373814493802,0.00831467308730687));
#3913=CARTESIAN_POINT('',(-0.0794848281173976,0.0133996428512871,0.00290743856526621));
#3914=CARTESIAN_POINT('',(-0.0787703172343296,0.0140435222708047,0.00273825023691695));
#3915=CARTESIAN_POINT('',(-0.0772183379772501,0.0152836454467791,0.00266411890494182));
#3916=CARTESIAN_POINT('',(-0.0755378050603927,0.0162240061090513,0.00325087003632688));
#3917=CARTESIAN_POINT('',(-0.0747808186620632,0.0165838652220766,0.00376278703030656));
#3918=CARTESIAN_POINT('',(-0.0747808186620632,0.0165838652220766,0.0037627870303065));
#3919=CARTESIAN_POINT('',(-0.074780818662063,0.0165838652220767,0.00376278703030675));
#3920=CARTESIAN_POINT('',(-0.0743929646937684,0.0167029922976547,0.00334729421053705));
#3921=CARTESIAN_POINT('',(-0.0734701393325195,0.0170045183883867,0.0026658457157693));
#3922=CARTESIAN_POINT('',(-0.0713299290677818,0.0175629691269122,0.00185303911342745));
#3923=CARTESIAN_POINT('',(-0.0695500204755717,0.01778,0.0018795548649767));
#3924=CARTESIAN_POINT('',(-0.0684093270874568,0.01778,0.00216750781241644));
#3925=CARTESIAN_POINT('',(-0.0684093270874569,0.01778,0.00216750781241643));
#3926=CARTESIAN_POINT('',(-0.0668989431660375,0.01778,-0.00541175602482153));
#3927=CARTESIAN_POINT('',(-0.0674024044731773,0.01778,-0.00288533474574221));
#3928=CARTESIAN_POINT('',(-0.0679058657803171,0.01778,-0.000358913466662882));
#3929=CARTESIAN_POINT('',(-0.0684093270874569,0.01778,0.00216750781241644));
#3930=CARTESIAN_POINT('',(-0.0668989431660323,0.01778,-0.0054117560248205));
#3931=CARTESIAN_POINT('',(-0.0669355991163096,0.0177799129520218,-0.00549137439929014));
#3932=CARTESIAN_POINT('',(-0.0669233826982232,0.0177799709969357,-0.00546480441952903));
#3933=CARTESIAN_POINT('',(-0.0669111442992647,0.01778,-0.00543823299256886));
#3934=CARTESIAN_POINT('',(-0.066898943166037,0.01778,-0.00541175602482395));
#3935=CARTESIAN_POINT('',(-0.0698269923220919,0.0172092984568067,-0.0118584435446917));
#3936=CARTESIAN_POINT('',(-0.0690396997366277,0.0175210188651809,-0.0101459437820621));
#3937=CARTESIAN_POINT('',(-0.0682585744329945,0.0176990777407517,-0.00841876562483427));
#3938=CARTESIAN_POINT('',(-0.0674751226602249,0.017758281270672,-0.00668208237731697));
#3939=CARTESIAN_POINT('',(-0.0834133988334039,0.00419495812856474,-5.89739512614481E-5));
#3940=CARTESIAN_POINT('',(-0.0834907100284124,0.00393278157574144,0.000182437696224752));
#3941=CARTESIAN_POINT('',(-0.0836333577960442,0.00340986831894541,0.000672431660428638));
#3942=CARTESIAN_POINT('',(-0.0837363961768541,0.00282789401534818,0.0010999342768368));
#3943=CARTESIAN_POINT('',(-0.0837843999126555,0.00254,0.00131840195399863));
#3944=CARTESIAN_POINT('',(-0.1016,0.01778,0.0258530244324744));
#3945=CARTESIAN_POINT('',(-0.100019629185915,0.01778,0.0261434961729564));
#3946=CARTESIAN_POINT('',(-0.0984341001730309,0.01778,0.0263408733132524));
#3947=CARTESIAN_POINT('',(-0.0960465493317566,0.01778,0.0264698639032927));
#3948=CARTESIAN_POINT('',(-0.0952491534306878,0.01778,0.0264849655765758));
#3949=CARTESIAN_POINT('',(-0.0936509677501084,0.01778,0.0264539165812153));
#3950=CARTESIAN_POINT('',(-0.0928475606688776,0.01778,0.0264074981558006));
#3951=CARTESIAN_POINT('',(-0.090449745425705,0.01778,0.0261686387540761));
#3952=CARTESIAN_POINT('',(-0.088888250906568,0.01778,0.0258797741228316));
#3953=CARTESIAN_POINT('',(-0.0858436610565444,0.01778,0.0250277458607973));
#3954=CARTESIAN_POINT('',(-0.0843604514234573,0.01778,0.0244649821445984));
#3955=CARTESIAN_POINT('',(-0.0825607642049682,0.01778,0.0235714586364422));
#3956=CARTESIAN_POINT('',(-0.0822030775067313,0.01778,0.0233828540397277));
#3957=CARTESIAN_POINT('',(-0.0815018982420747,0.01778,0.0229908332594182));
#3958=CARTESIAN_POINT('',(-0.0811573519888997,0.01778,0.0227869302605451));
#3959=CARTESIAN_POINT('',(-0.0801416018376858,0.01778,0.0221518588730624));
#3960=CARTESIAN_POINT('',(-0.0794882599857503,0.01778,0.0216973627836376));
#3961=CARTESIAN_POINT('',(-0.0782285980586894,0.01778,0.0207269605101723));
#3962=CARTESIAN_POINT('',(-0.0776222793220842,0.01778,0.0202110525780341));
#3963=CARTESIAN_POINT('',(-0.0767482251514982,0.01778,0.0193909272821859));
#3964=CARTESIAN_POINT('',(-0.0764627841468329,0.01778,0.0191098332635453));
#3965=CARTESIAN_POINT('',(-0.0759038248094005,0.01778,0.0185320743044695));
#3966=CARTESIAN_POINT('',(-0.0756298800064009,0.01778,0.0182348570273925));
#3967=CARTESIAN_POINT('',(-0.0743037239786585,0.01778,0.0167252489394848));
#3968=CARTESIAN_POINT('',(-0.0733709997072292,0.01778,0.015432592287528));
#3969=CARTESIAN_POINT('',(-0.072145275307053,0.01778,0.0133787045175839));
#3970=CARTESIAN_POINT('',(-0.0717657240301028,0.01778,0.0126748387286793));
#3971=CARTESIAN_POINT('',(-0.0710626155162666,0.01778,0.0112299948005244));
#3972=CARTESIAN_POINT('',(-0.070740182971577,0.01778,0.0104907163910165));
#3973=CARTESIAN_POINT('',(-0.0704485743361699,0.01778,0.00974513011264442));
#3974=CARTESIAN_POINT('',(-0.101965210813224,-0.00254000000000001,0.0101166708771333));
#3975=CARTESIAN_POINT('',(-0.101965210813224,-0.01778,0.0101166708771333));
#3976=CARTESIAN_POINT('',(-0.10608162574322,-0.01778,0.0247902092412808));
#3977=CARTESIAN_POINT('',(-0.101885003924555,-0.00254000000000001,0.0101391715736806));
#3978=CARTESIAN_POINT('',(-0.101885003924556,-0.01778,0.0101391715736795));
#3979=CARTESIAN_POINT('',(-0.106001418854551,-0.01778,0.0248127099378277));
#3980=CARTESIAN_POINT('',(-0.101770290491495,-0.00254000000000001,0.0101713423648353));
#3981=CARTESIAN_POINT('',(-0.101770290491495,-0.01778,0.0101713423648355));
#3982=CARTESIAN_POINT('',(-0.105881106422675,-0.01778,0.0248464471431137));
#3983=CARTESIAN_POINT('',(-0.101594951647649,-0.00254000000000001,0.0102205577677038));
#3984=CARTESIAN_POINT('',(-0.101594951647649,-0.01778,0.0102205577677037));
#3985=CARTESIAN_POINT('',(-0.105720698242338,-0.01778,0.0248914854416332));
#3986=CARTESIAN_POINT('',(-0.1014438813807,-0.00254000000000001,0.0102627757986976));
#3987=CARTESIAN_POINT('',(-0.1014438813807,-0.01778,0.0102627757986977));
#3988=CARTESIAN_POINT('',(-0.10548004399434,-0.01778,0.0249587660987206));
#3989=CARTESIAN_POINT('',(-0.101062381128211,-0.00254000000000001,0.010366897963474));
#3990=CARTESIAN_POINT('',(-0.101062381128211,-0.01778,0.0103668979634739));
#3991=CARTESIAN_POINT('',(-0.104958095967382,-0.01778,0.0251010421295335));
#3992=CARTESIAN_POINT('',(-0.100521337600038,-0.00254000000000001,0.0105054149231962));
#3993=CARTESIAN_POINT('',(-0.100521337600038,-0.01778,0.0105054149231962));
#3994=CARTESIAN_POINT('',(-0.104153226377887,-0.01778,0.0253075839767563));
#3995=CARTESIAN_POINT('',(-0.0998688844358596,-0.00254000000000001,0.0106583038826093));
#3996=CARTESIAN_POINT('',(-0.0998688844358596,-0.01778,0.0106583038826093));
#3997=CARTESIAN_POINT('',(-0.103184218720532,-0.01778,0.0255345489966184));
#3998=CARTESIAN_POINT('',(-0.0990226262729293,-0.00254000000000001,0.0108367204922653));
#3999=CARTESIAN_POINT('',(-0.0990226262729293,-0.01778,0.0108367204922653));
#4000=CARTESIAN_POINT('',(-0.101887797026836,-0.01778,0.0258081736540756));
#4001=CARTESIAN_POINT('',(-0.09799765106763,-0.00254000000000001,0.0110156076978242));
#4002=CARTESIAN_POINT('',(-0.09799765106763,-0.01778,0.0110156076978242));
#4003=CARTESIAN_POINT('',(-0.100258773592588,-0.01778,0.0260935095183261));
#4004=CARTESIAN_POINT('',(-0.0964354928304541,-0.00254,0.0112071089390352));
#4005=CARTESIAN_POINT('',(-0.096435492830454,-0.01778,0.0112071089390352));
#4006=CARTESIAN_POINT('',(-0.0976316140437985,-0.01778,0.0264174775516208));
#4007=CARTESIAN_POINT('',(-0.0946307602111058,-0.00254,0.0112747621397144));
#4008=CARTESIAN_POINT('',(-0.0946307602111058,-0.01778,0.0112747621397144));
#4009=CARTESIAN_POINT('',(-0.094311308715869,-0.01778,0.0265547686805644));
#4010=CARTESIAN_POINT('',(-0.0926797684383507,-0.00253999999999997,0.0110908120212159));
#4011=CARTESIAN_POINT('',(-0.0926797684383506,-0.01778,0.0110908120212159));
#4012=CARTESIAN_POINT('',(-0.090226806789269,-0.01778,0.0261871112559893));
#4013=CARTESIAN_POINT('',(-0.0910264166316474,-0.00254000000000003,0.0106862370606061));
#4014=CARTESIAN_POINT('',(-0.0910264166316474,-0.01778,0.0106862370606061));
#4015=CARTESIAN_POINT('',(-0.0863373812665555,-0.01778,0.0252520222499305));
#4016=CARTESIAN_POINT('',(-0.0895594834003183,-0.00254,0.0100777910085079));
#4017=CARTESIAN_POINT('',(-0.0895594834003183,-0.01778,0.0100777910085079));
#4018=CARTESIAN_POINT('',(-0.0825849717427532,-0.01778,0.0237066114810796));
#4019=CARTESIAN_POINT('',(-0.0882611848793716,-0.00254000000000002,0.00926856459182662));
#4020=CARTESIAN_POINT('',(-0.0882611848793716,-0.01778,0.00926856459182661));
#4021=CARTESIAN_POINT('',(-0.0791232780963639,-0.01778,0.0215527168104249));
#4022=CARTESIAN_POINT('',(-0.087109423684638,-0.00253999999999998,0.00825788183472917));
#4023=CARTESIAN_POINT('',(-0.0871094236846379,-0.01778,0.00825788183472918));
#4024=CARTESIAN_POINT('',(-0.07608567459311,-0.01778,0.018878986212671));
#4025=CARTESIAN_POINT('',(-0.086064711556832,-0.00254000000000002,0.00698948227261903));
#4026=CARTESIAN_POINT('',(-0.086064711556832,-0.01778,0.00698948227261902));
#4027=CARTESIAN_POINT('',(-0.0734942747993676,-0.01778,0.0157125974871229));
#4028=CARTESIAN_POINT('',(-0.0853035961586985,-0.00253999999999996,0.00570899782933858));
#4029=CARTESIAN_POINT('',(-0.0853035961586984,-0.0177799999999999,0.00570899782933858));
#4030=CARTESIAN_POINT('',(-0.0717889867017264,-0.0177799999999999,0.0128153644423074));
#4031=CARTESIAN_POINT('',(-0.0847532784057137,-0.00254000000000003,0.00450155530456515));
#4032=CARTESIAN_POINT('',(-0.0847532784057138,-0.01778,0.00450155530456515));
#4033=CARTESIAN_POINT('',(-0.0706601885282616,-0.01778,0.0103313527886438));
#4034=CARTESIAN_POINT('',(-0.0843824349044459,-0.00254000000000001,0.00351811870507523));
#4035=CARTESIAN_POINT('',(-0.0843824349044459,-0.01778,0.00351811870507523));
#4036=CARTESIAN_POINT('',(-0.0699469735494864,-0.01778,0.00843442552285139));
#4037=CARTESIAN_POINT('',(-0.0841082401883035,-0.00254000000000003,0.00262931496050267));
#4038=CARTESIAN_POINT('',(-0.0841082401883035,-0.01778,0.00262931496050267));
#4039=CARTESIAN_POINT('',(-0.0694514057946394,-0.0177800000000001,0.0068219809385561));
#4040=CARTESIAN_POINT('',(-0.0839103897522465,-0.00254,0.00187109842800884));
#4041=CARTESIAN_POINT('',(-0.0839103897522465,-0.01778,0.00187109842800884));
#4042=CARTESIAN_POINT('',(-0.0691104855938164,-0.01778,0.00551541073110201));
#4043=CARTESIAN_POINT('',(-0.0837978625827146,-0.00254000000000001,0.00138709034786509));
#4044=CARTESIAN_POINT('',(-0.0837978625827146,-0.01778,0.00138709034786509));
#4045=CARTESIAN_POINT('',(-0.0689195907610799,-0.01778,0.00469200222554442));
#4046=CARTESIAN_POINT('',(-0.0837264494405566,-0.00254000000000004,0.00104819766226015));
#4047=CARTESIAN_POINT('',(-0.0837264494405566,-0.0177800000000001,0.00104819766226015));
#4048=CARTESIAN_POINT('',(-0.0688059560737824,-0.0177800000000001,0.00415360678022313));
#4049=CARTESIAN_POINT('',(-0.0836976204123521,-0.00254,0.00090619008586181));
#4050=CARTESIAN_POINT('',(-0.0836976204123521,-0.01778,0.000906190085861809));
#4051=CARTESIAN_POINT('',(-0.0687554571719227,-0.01778,0.00390452195204958));
#4052=CARTESIAN_POINT('',(-0.0836707363974739,-0.00254000000000001,0.000771189784979147));
#4053=CARTESIAN_POINT('',(-0.0836707363974739,-0.01778,0.000771189784979148));
#4054=CARTESIAN_POINT('',(-0.0687223614761388,-0.01778,0.00373829150974649));
#4055=CARTESIAN_POINT('',(-0.0836088756012061,-0.00254000000000001,0.000460824205138239));
#4056=CARTESIAN_POINT('',(-0.083608875601206,-0.01778,0.000460824205138237));
#4057=CARTESIAN_POINT('',(-0.0686643758666646,-0.01778,0.00344740900275391));
#4058=CARTESIAN_POINT('',(-0.0835282320512134,-0.00254000000000001,5.61139916407641E-5));
#4059=CARTESIAN_POINT('',(-0.0835282320512134,-0.01778,5.61139916407647E-5));
#4060=CARTESIAN_POINT('',(-0.0685815748343978,-0.01778,0.00303185172908724));
#4061=CARTESIAN_POINT('',(-0.0833948833964806,-0.00254000000000001,-0.000613030693975149));
#4062=CARTESIAN_POINT('',(-0.0833948833964806,-0.01778,-0.000613030693975149));
#4063=CARTESIAN_POINT('',(-0.0684490733159216,-0.01778,0.00236696614587856));
#4064=CARTESIAN_POINT('',(-0.083229673824232,-0.00254000000000001,-0.00144207571594604));
#4065=CARTESIAN_POINT('',(-0.083229673824232,-0.01778,-0.00144207571594604));
#4066=CARTESIAN_POINT('',(-0.0682834532084102,-0.01778,0.00153585709735647));
#4067=CARTESIAN_POINT('',(-0.0828319558118613,-0.00253999999999997,-0.00343786275308892));
#4068=CARTESIAN_POINT('',(-0.0828319558118612,-0.01778,-0.00343786275308891));
#4069=CARTESIAN_POINT('',(-0.0678859593613258,-0.01778,-0.000458802915764813));
#4070=CARTESIAN_POINT('',(-0.0822358894239091,-0.00254,-0.00642898856319624));
#4071=CARTESIAN_POINT('',(-0.0822358894239094,-0.01778,-0.00642898856319631));
#4072=CARTESIAN_POINT('',(-0.0672897209395506,-0.01778,-0.00345079365128386));
#4073=CARTESIAN_POINT('',(-0.0814408409547004,-0.00253999999999999,-0.0104186236510849));
#4074=CARTESIAN_POINT('',(-0.0814408409546991,-0.01778,-0.0104186236510846));
#4075=CARTESIAN_POINT('',(-0.06649473502809,-0.01778,-0.00744011422084179));
#4076=CARTESIAN_POINT('',(-0.0809108645057621,-0.00253999999999999,-0.0130781008827745));
#4077=CARTESIAN_POINT('',(-0.0809108645057648,-0.01778,-0.0130781008827751));
#4078=CARTESIAN_POINT('',(-0.0659647446774438,-0.01778,-0.0100996613454919));
#4079=CARTESIAN_POINT('',(-0.0806458692983042,-0.00253999999999999,-0.0144078744353424));
#4080=CARTESIAN_POINT('',(-0.0806458692983042,-0.01778,-0.0144078744353423));
#4081=CARTESIAN_POINT('',(-0.0656997494699755,-0.01778,-0.0114294348980611));
#4082=CARTESIAN_POINT('',(-0.0684093270874569,-0.01778,0.0021675078124164));
#4083=CARTESIAN_POINT('',(-0.0679058657803168,-0.01778,-0.000358913466664001));
#4084=CARTESIAN_POINT('',(-0.0674024044731768,-0.01778,-0.00288533474574439));
#4085=CARTESIAN_POINT('',(-0.0668989431660368,-0.01778,-0.00541175602482479));
#4086=CARTESIAN_POINT('',(-0.0684093270874569,-0.01778,0.00216750781241644));
#4087=CARTESIAN_POINT('',(-0.0668989431660368,-0.01778,-0.00541175602482476));
#4088=CARTESIAN_POINT('',(-0.0684093270874569,-0.01778,0.00216750781241643));
#4089=CARTESIAN_POINT('',(-0.0695482056093426,-0.01778,0.00188001300393443));
#4090=CARTESIAN_POINT('',(-0.0713364606490088,-0.0175618287564089,0.00185360599985537));
#4091=CARTESIAN_POINT('',(-0.0734717425347668,-0.017003893514462,0.00266756585930541));
#4092=CARTESIAN_POINT('',(-0.0743918829281259,-0.0167033245556384,0.00334613535722099));
#4093=CARTESIAN_POINT('',(-0.0747808186620633,-0.0165838652220766,0.00376278703030649));
#4094=CARTESIAN_POINT('',(-0.0747808186620632,-0.0165838652220766,0.0037627870303065));
#4095=CARTESIAN_POINT('',(-0.0747808186620631,-0.0165838652220766,0.00376278703030627));
#4096=CARTESIAN_POINT('',(-0.0755363414965962,-0.0162247018636525,0.00325185978089909));
#4097=CARTESIAN_POINT('',(-0.0772126433825936,-0.0152874692854319,0.00266491986623008));
#4098=CARTESIAN_POINT('',(-0.0787685651841436,-0.0140450425390719,0.00273795625182152));
#4099=CARTESIAN_POINT('',(-0.0794839843085889,-0.0134004032126296,0.00290723883185725));
#4100=CARTESIAN_POINT('',(-0.0815342611683085,-0.0134367396272755,0.00831408360784453));
#4101=CARTESIAN_POINT('',(-0.0811971673380007,-0.0139524967247203,0.00878778807384137));
#4102=CARTESIAN_POINT('',(-0.0803704500524133,-0.0149340225210391,0.00965544504878178));
#4103=CARTESIAN_POINT('',(-0.0786318706817341,-0.016164131085614,0.0106622712396206));
#4104=CARTESIAN_POINT('',(-0.0764583058830241,-0.0170199281209857,0.0110526013461576));
#4105=CARTESIAN_POINT('',(-0.0749458911553039,-0.0173121026683017,0.0106107153020409));
#4106=CARTESIAN_POINT('',(-0.0743073735501361,-0.0174016332359327,0.0101804006971793));
#4107=CARTESIAN_POINT('',(-0.074307373550136,-0.0174016332359328,0.0101804006971792));
#4108=CARTESIAN_POINT('',(-0.074307373550136,-0.0174016332359327,0.0101804006971793));
#4109=CARTESIAN_POINT('',(-0.0735412698643146,-0.0176390721105478,0.0110076887848565));
#4110=CARTESIAN_POINT('',(-0.0725678557336944,-0.0177800000000001,0.0116687566516385));
#4111=CARTESIAN_POINT('',(-0.0714774224400407,-0.01778,0.0120815826582387));
#4112=CARTESIAN_POINT('',(-0.0834133988334039,-0.00419495812856475,-5.89739512614485E-5));
#4113=CARTESIAN_POINT('',(-0.0834907100284124,-0.00393278157574142,0.000182437696224775));
#4114=CARTESIAN_POINT('',(-0.0836333577960517,-0.00340986831897269,0.000672431660463263));
#4115=CARTESIAN_POINT('',(-0.0837363961768389,-0.0028278940152931,0.00109993427676749));
#4116=CARTESIAN_POINT('',(-0.0837843999126555,-0.00254,0.00131840195399862));
#4117=CARTESIAN_POINT('',(-0.0698269923220653,-0.0172092984568139,-0.011858443544696));
#4118=CARTESIAN_POINT('',(-0.0690396997365925,-0.0175210188651885,-0.0101459437820635));
#4119=CARTESIAN_POINT('',(-0.0682585744329895,-0.0176990777407528,-0.00841876562482306));
#4120=CARTESIAN_POINT('',(-0.0674751226602172,-0.0177582812706726,-0.00668208237730026));
#4121=CARTESIAN_POINT('',(-0.0669355991163005,-0.0177799129520219,-0.0054913743992734));
#4122=CARTESIAN_POINT('',(-0.0669233826982192,-0.0177799709969357,-0.00546480441952441));
#4123=CARTESIAN_POINT('',(-0.0669111442992648,-0.01778,-0.00543823299257684));
#4124=CARTESIAN_POINT('',(-0.0668989431660574,-0.01778,-0.00541175602483698));
#4125=CARTESIAN_POINT('',(-0.068899493004724,-1.96548730525127E-17,0.00458905117735062));
#4126=CARTESIAN_POINT('',(-0.05715,0.,0.01905));
#4127=CARTESIAN_POINT('',(-0.05715,0.00213660907937392,0.0268007385309434));
#4128=CARTESIAN_POINT('',(-0.0640542581677437,0.00213660907937391,0.0268007385309434));
#4129=CARTESIAN_POINT('',(-0.0640542581677437,0.00213660907937394,0.0268007385309434));
#4130=CARTESIAN_POINT('',(-0.0636815525505514,0.00213660907937394,0.0268007385309434));
#4131=CARTESIAN_POINT('',(-0.0629958886262633,0.00243199411956111,0.0267205420679774));
#4132=CARTESIAN_POINT('',(-0.0621186131209933,0.0030393592747732,0.0265036612771641));
#4133=CARTESIAN_POINT('',(-0.0612720936714785,0.00367413255547708,0.0262128575628658));
#4134=CARTESIAN_POINT('',(-0.0601709262775382,0.00450026479711175,0.0257423243938953));
#4135=CARTESIAN_POINT('',(-0.0587954990768376,0.00546029343421467,0.0250097279302701));
#4136=CARTESIAN_POINT('',(-0.0577005053514794,0.00610660814642175,0.0243016012846613));
#4137=CARTESIAN_POINT('',(-0.05715,0.00639764862059391,0.0239192030416206));
#4138=CARTESIAN_POINT('',(-0.05715,0.00639764862055617,0.0239192030416205));
#4139=CARTESIAN_POINT('',(-0.05715,0.,0.01905));
#4140=CARTESIAN_POINT('',(-0.05715,-0.00639764862059393,0.0239192030416205));
#4141=CARTESIAN_POINT('',(-0.05715,-0.0063976486205939,0.0239192030416206));
#4142=CARTESIAN_POINT('',(-0.0577004403119594,-0.00610664253143306,0.0243015561061756));
#4143=CARTESIAN_POINT('',(-0.0587962050772855,-0.00545983970103628,0.0250101178167317));
#4144=CARTESIAN_POINT('',(-0.0601708873908896,-0.004500296653259,0.0257423827831861));
#4145=CARTESIAN_POINT('',(-0.0612739734204606,-0.00367273674900784,0.0262135758024716));
#4146=CARTESIAN_POINT('',(-0.0621201828047447,-0.00303811654143308,0.0265042350530882));
#4147=CARTESIAN_POINT('',(-0.0630023072205351,-0.00242789487580337,0.0267218084693608));
#4148=CARTESIAN_POINT('',(-0.0636844551437505,-0.002136609079374,0.0268007385309434));
#4149=CARTESIAN_POINT('',(-0.0640542581677437,-0.002136609079374,0.0268007385309434));
#4150=CARTESIAN_POINT('',(-0.0640542581677437,-0.00213660907937391,0.0268007385309434));
#4151=CARTESIAN_POINT('',(-0.05715,-0.00213660907937392,0.0268007385309434));
#4152=CARTESIAN_POINT('',(-0.05715,-6.93889390390723E-18,0.0127));
#4153=CARTESIAN_POINT('',(-0.05715,0.056388,0.0239192030416205));
#4154=CARTESIAN_POINT('',(-0.05715,0.056388,0.000912596313339082));
#4155=CARTESIAN_POINT('',(-0.05715,0.056388,0.0239192030416205));
#4156=CARTESIAN_POINT('',(-0.0378890493903971,0.0146162768777122,0.0061585765352387));
#4157=CARTESIAN_POINT('',(-0.036694962756555,0.0140577212004499,-0.00121044000971078));
#4158=CARTESIAN_POINT('',(-0.0397580814770212,0.00725393093831035,-0.00181539781535107));
#4159=CARTESIAN_POINT('',(-0.0375683394735596,0.0144662589981656,0.00619746789374987));
#4160=CARTESIAN_POINT('',(-0.0364898553100755,0.0139372625819573,-0.00122354381114109));
#4161=CARTESIAN_POINT('',(-0.0396952343730919,0.00716181760566618,-0.00180298567937021));
#4162=CARTESIAN_POINT('',(-0.037077978458331,0.0142224017514681,0.00624720123579827));
#4163=CARTESIAN_POINT('',(-0.0361683998834807,0.0137422212741628,-0.00125166734949491));
#4164=CARTESIAN_POINT('',(-0.0396023502392122,0.00701665785339788,-0.00178711333651369));
#4165=CARTESIAN_POINT('',(-0.0363973130282256,0.0138437246346588,0.00629784085262093));
#4166=CARTESIAN_POINT('',(-0.0357019285537897,0.0134393617931202,-0.0013072972257502));
#4167=CARTESIAN_POINT('',(-0.0394818487866834,0.00680641849542738,-0.00177095175659967));
#4168=CARTESIAN_POINT('',(-0.0359591775347614,0.0135803240140693,0.00632328697922532));
#4169=CARTESIAN_POINT('',(-0.0353913321298463,0.0132275569248205,-0.00135017845003448));
#4170=CARTESIAN_POINT('',(-0.0394080897401487,0.00666729489386089,-0.0017628306523781));
#4171=CARTESIAN_POINT('',(-0.0356426710380715,0.0133773320509817,0.00633802187639918));
#4172=CARTESIAN_POINT('',(-0.0351604604540174,0.0130630357820377,-0.00138457423570291));
#4173=CARTESIAN_POINT('',(-0.0393573759196543,0.00656536802889614,-0.00175812802561889));
#4174=CARTESIAN_POINT('',(-0.0354611325570477,0.0132569790608317,0.00634558919131811));
#4175=CARTESIAN_POINT('',(-0.0350263456972071,0.0129653087798841,-0.00140571317309454));
#4176=CARTESIAN_POINT('',(-0.0393286789178564,0.00650573007890463,-0.00175571292511299));
#4177=CARTESIAN_POINT('',(-0.0353417403247572,0.0131759911649444,0.00634997028988282));
#4178=CARTESIAN_POINT('',(-0.0349364530544675,0.0128985774612534,-0.0014191585712067));
#4179=CARTESIAN_POINT('',(-0.03931086040446,0.00646787826476661,-0.00175431470216679));
#4180=CARTESIAN_POINT('',(-0.035256367475702,0.0131169771463741,0.00635326712702262));
#4181=CARTESIAN_POINT('',(-0.0348733713644346,0.0128514495958322,-0.00143102521016791));
#4182=CARTESIAN_POINT('',(-0.0392966897099114,0.00643718296820005,-0.00175326252010089));
#4183=CARTESIAN_POINT('',(-0.0352219776705467,0.0130931718619687,0.00635643843684514));
#4184=CARTESIAN_POINT('',(-0.0348570168928498,0.0128409861236663,-0.00144645426219293));
#4185=CARTESIAN_POINT('',(-0.0392825227039575,0.00640646574530672,-0.00175225039994477));
#4186=CARTESIAN_POINT('',(-0.0351380823592773,0.0130351363767944,0.00636166156126952));
#4187=CARTESIAN_POINT('',(-0.0348067907864661,0.012805708223358,-0.00147211537450995));
#4188=CARTESIAN_POINT('',(-0.0392577269357202,0.00635271691517242,-0.00175058344534124));
#4189=CARTESIAN_POINT('',(-0.0349871030293321,0.0129306752108735,0.00637080042593779));
#4190=CARTESIAN_POINT('',(-0.0347223219257873,0.0127476460980306,-0.00152565765373947));
#4191=CARTESIAN_POINT('',(-0.0392081308235012,0.00624519945818649,-0.00174766678640457));
#4192=CARTESIAN_POINT('',(-0.0347625810075958,0.012775341914875,0.0063801270611417));
#4193=CARTESIAN_POINT('',(-0.0345953870724499,0.0126596146010102,-0.0016044422973312));
#4194=CARTESIAN_POINT('',(-0.0391372605643796,0.00609156777108811,-0.00174469020070119));
#4195=CARTESIAN_POINT('',(-0.0344081497104172,0.0125301260962446,0.00638711140238932));
#4196=CARTESIAN_POINT('',(-0.0344005027706035,0.0125248666904458,-0.00173715086009392));
#4197=CARTESIAN_POINT('',(-0.0390238355820544,0.00584568359110883,-0.00174246115562216));
#4198=CARTESIAN_POINT('',(-0.0339631315541129,0.0122222392319888,0.00638094874032354));
#4199=CARTESIAN_POINT('',(-0.0341628940777577,0.0123604352258328,-0.00191449604296283));
#4200=CARTESIAN_POINT('',(-0.0388819588585487,0.00553812233611195,-0.00174442796266444));
#4201=CARTESIAN_POINT('',(-0.0332520826655623,0.0117302971973873,0.00633932164934056));
#4202=CARTESIAN_POINT('',(-0.0338004904409701,0.0121097212803703,-0.0022227095843808));
#4203=CARTESIAN_POINT('',(-0.038654969284986,0.00504605235745495,-0.00175771320446744));
#4204=CARTESIAN_POINT('',(-0.032358622212046,0.0111121533940382,0.00622635083836434));
#4205=CARTESIAN_POINT('',(-0.0333816000279442,0.0118199022476625,-0.00265430396925967));
#4206=CARTESIAN_POINT('',(-0.0383698512911565,0.00442797127178016,-0.00179376771860939));
#4207=CARTESIAN_POINT('',(-0.0313038044754686,0.0103823738073879,0.00599430098408685));
#4208=CARTESIAN_POINT('',(-0.0329568572741632,0.0115260450731295,-0.00322609639354865));
#4209=CARTESIAN_POINT('',(-0.0380331980656582,0.00369817161547405,-0.001867826182738));
#4210=CARTESIAN_POINT('',(-0.0299293123853134,0.00943142638621612,0.00555937755108803));
#4211=CARTESIAN_POINT('',(-0.0324996650504104,0.011209734019041,-0.00405449787536499));
#4212=CARTESIAN_POINT('',(-0.0375945334663246,0.0027472308841878,-0.00200663153370749));
#4213=CARTESIAN_POINT('',(-0.0289239912166492,0.00873589121497676,0.00508345036656303));
#4214=CARTESIAN_POINT('',(-0.0323064889183245,0.0110760847531756,-0.00472002720486534));
#4215=CARTESIAN_POINT('',(-0.0372736851264179,0.0020516932042401,-0.00215852318828631));
#4216=CARTESIAN_POINT('',(-0.0282820076404447,0.00829173250470859,0.00470069929962569));
#4217=CARTESIAN_POINT('',(-0.0322542806081561,0.0110399642407957,-0.00515109575090349));
#4218=CARTESIAN_POINT('',(-0.0370687967510672,0.00160753449397305,-0.00228067778416374));
#4219=CARTESIAN_POINT('',(-0.0413329202167455,0.00725393093831035,0.00615857653523871));
#4220=CARTESIAN_POINT('',(-0.0397580814770212,-0.00725393093831035,-0.00181539781535107));
#4221=CARTESIAN_POINT('',(-0.036694962756555,-0.0140577212004499,-0.00121044000971078));
#4222=CARTESIAN_POINT('',(-0.0378890493903971,-0.0146162768777122,0.0061585765352387));
#4223=CARTESIAN_POINT('',(-0.0396952267028092,-0.00716180636353649,-0.00180298416450976));
#4224=CARTESIAN_POINT('',(-0.0364898302305824,-0.0139372478528917,-0.00122354541340467));
#4225=CARTESIAN_POINT('',(-0.0375683003319677,-0.0144662406889762,0.00619747264031243));
#4226=CARTESIAN_POINT('',(-0.0396023313990303,-0.00701662805602838,-0.00178711021967188));
#4227=CARTESIAN_POINT('',(-0.0361683372734474,-0.0137421837175188,-0.00125167367082423));
#4228=CARTESIAN_POINT('',(-0.0370778821492056,-0.0142223540990747,0.00624721100190263));
#4229=CARTESIAN_POINT('',(-0.0394818159502821,-0.00680635949854544,-0.00177094766477351));
#4230=CARTESIAN_POINT('',(-0.0357017914049689,-0.013439270431583,-0.0013073134656022));
#4231=CARTESIAN_POINT('',(-0.03639711774751,-0.0138436120546267,0.00629785367367623));
#4232=CARTESIAN_POINT('',(-0.0394080485950912,-0.00666721547757679,-0.00176282639550405));
#4233=CARTESIAN_POINT('',(-0.0353911711156197,-0.0132274470321849,-0.00135020511993954));
#4234=CARTESIAN_POINT('',(-0.0359589478110802,-0.0135801841203384,0.00632330031743066));
#4235=CARTESIAN_POINT('',(-0.0393573292453744,-0.00656527290932312,-0.00175812386484558));
#4236=CARTESIAN_POINT('',(-0.0351602209235912,-0.013062861907905,-0.00138460524072124));
#4237=CARTESIAN_POINT('',(-0.0356423512794833,-0.0133771230402435,0.00633803491348887));
#4238=CARTESIAN_POINT('',(-0.039328629162922,-0.00650562559848139,-0.00175570887521233));
#4239=CARTESIAN_POINT('',(-0.035026150101849,-0.0129651672620436,-0.00140575362666806));
#4240=CARTESIAN_POINT('',(-0.0354608589566887,-0.0132567967310065,0.00634560188100687));
#4241=CARTESIAN_POINT('',(-0.0393108087876521,-0.00646776762379886,-0.0017543107464132));
#4242=CARTESIAN_POINT('',(-0.0349360722299326,-0.0128982884763702,-0.0014191895752663));
#4243=CARTESIAN_POINT('',(-0.0353412637346451,-0.0131756640666788,0.00634998268457738));
#4244=CARTESIAN_POINT('',(-0.0392966365729197,-0.00643706754640314,-0.00175325864844233));
#4245=CARTESIAN_POINT('',(-0.0348733285296741,-0.0128514246609781,-0.0014310843996307));
#4246=CARTESIAN_POINT('',(-0.0352562589595518,-0.0131169015843348,0.00635327925821945));
#4247=CARTESIAN_POINT('',(-0.0392824677832172,-0.00640634681922701,-0.00175224660238886));
#4248=CARTESIAN_POINT('',(-0.034856887974676,-0.0128408942511413,-0.0014465094132436));
#4249=CARTESIAN_POINT('',(-0.0352217725644657,-0.0130930302346412,0.00635645033585363));
#4250=CARTESIAN_POINT('',(-0.0392576690155461,-0.00635259126205348,-0.00175057981181515));
#4251=CARTESIAN_POINT('',(-0.0348067086485113,-0.0128056532995962,-0.00147217855498848));
#4252=CARTESIAN_POINT('',(-0.0351379242919975,-0.0130350268215937,0.00636167294631797));
#4253=CARTESIAN_POINT('',(-0.0392080668160579,-0.00624506076934252,-0.00174766357535262));
#4254=CARTESIAN_POINT('',(-0.034722193161951,-0.0127475556397573,-0.00152572644391557));
#4255=CARTESIAN_POINT('',(-0.0349868856502458,-0.012930524956993,0.00637081048723388));
#4256=CARTESIAN_POINT('',(-0.0391371879018471,-0.00609141023041824,-0.00174468788486376));
#4257=CARTESIAN_POINT('',(-0.0345952655905482,-0.0126595310109354,-0.00160452540082875));
#4258=CARTESIAN_POINT('',(-0.0347623589121867,-0.0127751882106893,0.0063801343174323));
#4259=CARTESIAN_POINT('',(-0.0390237490380986,-0.00584549599323149,-0.00174246088581442));
#4260=CARTESIAN_POINT('',(-0.0344003528142128,-0.0125247626764036,-0.00173725519515551));
#4261=CARTESIAN_POINT('',(-0.0344078753204034,-0.0125299362854113,0.00638711224778688));
#4262=CARTESIAN_POINT('',(-0.0388818549475869,-0.00553789707281736,-0.00174443141596114));
#4263=CARTESIAN_POINT('',(-0.0341627248653693,-0.0123603182448524,-0.00191463073917658));
#4264=CARTESIAN_POINT('',(-0.0339628070343707,-0.0122220147028771,0.0063809379199939));
#4265=CARTESIAN_POINT('',(-0.0386548375882939,-0.00504576686673562,-0.00175772511055125));
#4266=CARTESIAN_POINT('',(-0.0338002873818467,-0.0121095807407491,-0.00222289788696223));
#4267=CARTESIAN_POINT('',(-0.0332516693993854,-0.0117300112828098,0.00633928434361125));
#4268=CARTESIAN_POINT('',(-0.0383696844987455,-0.00442760969698253,-0.00179379525112393));
#4269=CARTESIAN_POINT('',(-0.0333813683926912,-0.0118197420081469,-0.0026545704119652));
#4270=CARTESIAN_POINT('',(-0.0323580998050089,-0.0111117919630496,0.00622626456981894));
#4271=CARTESIAN_POINT('',(-0.0380329947662505,-0.00369773090155947,-0.00186787935314338));
#4272=CARTESIAN_POINT('',(-0.0329566192188357,-0.0115258803687473,-0.00322645902000834));
#4273=CARTESIAN_POINT('',(-0.031303167415608,-0.0103819330556287,0.00599413438348278));
#4274=CARTESIAN_POINT('',(-0.0375942830034581,-0.00274668792859321,-0.00200672862821877));
#4275=CARTESIAN_POINT('',(-0.0324994505055658,-0.0112095855884702,-0.00405499897489094));
#4276=CARTESIAN_POINT('',(-0.0299285276347023,-0.00943088345332892,0.0055590733216222));
#4277=CARTESIAN_POINT('',(-0.0372733997128819,-0.00205107448240074,-0.00215866790235665));
#4278=CARTESIAN_POINT('',(-0.0323063415637317,-0.0110759828053509,-0.00472063236517773));
#4279=CARTESIAN_POINT('',(-0.0289230969208673,-0.00873527249313434,0.00508299692913014));
#4280=CARTESIAN_POINT('',(-0.0370684966872109,-0.00160688401307013,-0.00228085670109706));
#4281=CARTESIAN_POINT('',(-0.0322542025517289,-0.011039910237168,-0.00515174069742253));
#4282=CARTESIAN_POINT('',(-0.0282810674403616,-0.00829108202380568,0.00470013869323463));
#4283=CARTESIAN_POINT('',(-0.0413329202167455,-0.00725393093831035,0.00615857653523872));
#4284=CARTESIAN_POINT('',(-0.05715,0.01778,0.000912596313339082));
#4285=CARTESIAN_POINT('',(-0.0535345471118231,0.01778,-0.00636702485904163));
#4286=CARTESIAN_POINT('',(-0.0535345471118231,0.00965199999999999,-0.00636702485904163));
#4287=CARTESIAN_POINT('',(-0.0557639759773129,0.01778,0.00154430369635516));
#4288=CARTESIAN_POINT('',(-0.0523674429113498,0.0177294057300935,-0.00578737790310557));
#4289=CARTESIAN_POINT('',(-0.0524553213033504,0.00965200000032519,-0.00583102305704653));
#4290=CARTESIAN_POINT('',(-0.0529231171920304,0.0177234852905628,0.00270139212221242));
#4291=CARTESIAN_POINT('',(-0.0499524358660859,0.0175762543869486,-0.00471083176747727));
#4292=CARTESIAN_POINT('',(-0.0502511176115959,0.00959958733871243,-0.00484264105582134));
#4293=CARTESIAN_POINT('',(-0.048380314645939,0.0173744889075048,0.00415063584314769));
#4294=CARTESIAN_POINT('',(-0.046006867473284,0.0170904690004851,-0.00331924008585455));
#4295=CARTESIAN_POINT('',(-0.046792940588721,0.00929093263725498,-0.00358798019316923));
#4296=CARTESIAN_POINT('',(-0.0443449083366365,0.016738889789568,0.00511823083452565));
#4297=CARTESIAN_POINT('',(-0.0424418845395785,0.0163454316535658,-0.00235264624743007));
#4298=CARTESIAN_POINT('',(-0.0438461168760466,0.008752491791563,-0.00273889989215396));
#4299=CARTESIAN_POINT('',(-0.0408458590345803,0.0158100420250877,0.00575646267857911));
#4300=CARTESIAN_POINT('',(-0.0393263606915241,0.0153249119047537,-0.00167861481077666));
#4301=CARTESIAN_POINT('',(-0.041495199248349,0.00804355865519968,-0.00217385139744221));
#4302=CARTESIAN_POINT('',(-0.0389171626976103,0.015097195521584,0.00603390086415164));
#4303=CARTESIAN_POINT('',(-0.0376075910602876,0.0145632804404092,-0.00136364407570819));
#4304=CARTESIAN_POINT('',(-0.0403218025379808,0.00754922253380421,-0.00192673122654165));
#4305=CARTESIAN_POINT('',(-0.0378890493903971,0.0146162768777122,0.00615857653523878));
#4306=CARTESIAN_POINT('',(-0.036694962756555,0.01405772120045,-0.00121044000971071));
#4307=CARTESIAN_POINT('',(-0.0397580814770211,0.00725393093831038,-0.00181539781535101));
#4308=CARTESIAN_POINT('',(-0.045802077898732,0.0169415318805391,0.00475232584770874));
#4309=CARTESIAN_POINT('',(-0.0452186602531982,0.0168419867466428,0.00464361102615283));
#4310=CARTESIAN_POINT('',(-0.0440290348932924,0.0165979221923565,0.00464748461732179));
#4311=CARTESIAN_POINT('',(-0.0429423894919914,0.0163549726817116,0.00512626915673814));
#4312=CARTESIAN_POINT('',(-0.0424566106850104,0.0162280598290983,0.00545795208237244));
#4313=CARTESIAN_POINT('',(-0.05715,0.009652,0.00091259631333908));
#4314=CARTESIAN_POINT('',(-0.0535345471118231,-0.00965200000000001,-0.00636702485904162));
#4315=CARTESIAN_POINT('',(-0.0535345471118231,-0.01778,-0.00636702485904162));
#4316=CARTESIAN_POINT('',(-0.05715,-0.01778,0.000912596313339082));
#4317=CARTESIAN_POINT('',(-0.0524553213033578,-0.00965200000031042,-0.00583102305705018));
#4318=CARTESIAN_POINT('',(-0.0523674429113374,-0.0177294057300978,-0.00578737790313));
#4319=CARTESIAN_POINT('',(-0.055763975977234,-0.01778,0.00154430369636378));
#4320=CARTESIAN_POINT('',(-0.0502511176115928,-0.00959958733871804,-0.00484264105581968));
#4321=CARTESIAN_POINT('',(-0.0499524358660934,-0.0175762543869463,-0.00471083176746719));
#4322=CARTESIAN_POINT('',(-0.052923117192067,-0.0177234852905628,0.00270139212220854));
#4323=CARTESIAN_POINT('',(-0.0467929405887212,-0.00929093263725743,-0.00358798019316954));
#4324=CARTESIAN_POINT('',(-0.0460068674732807,-0.017090469000487,-0.0033192400858554));
#4325=CARTESIAN_POINT('',(-0.0483803146459292,-0.0173744889075049,0.00415063584314836));
#4326=CARTESIAN_POINT('',(-0.0438461168760487,-0.00875249179155042,-0.00273889989215433));
#4327=CARTESIAN_POINT('',(-0.0424418845395792,-0.0163454316535611,-0.00235264624743461));
#4328=CARTESIAN_POINT('',(-0.0443449083366368,-0.0167388897895675,0.0051182308345268));
#4329=CARTESIAN_POINT('',(-0.0414951992483452,-0.00804355865522186,-0.00217385139744146));
#4330=CARTESIAN_POINT('',(-0.0393263606915263,-0.0153249119047627,-0.00167861481076894));
#4331=CARTESIAN_POINT('',(-0.0408458590345818,-0.0158100420250885,0.00575646267857693));
#4332=CARTESIAN_POINT('',(-0.0403218025379893,-0.00754922253375506,-0.00192673122654332));
#4333=CARTESIAN_POINT('',(-0.0376075910602794,-0.0145632804403879,-0.00136364407572468));
#4334=CARTESIAN_POINT('',(-0.0389171626976063,-0.0150971955215821,0.00603390086415656));
#4335=CARTESIAN_POINT('',(-0.0397580814770211,-0.00725393093831036,-0.00181539781535101));
#4336=CARTESIAN_POINT('',(-0.0366949627565549,-0.01405772120045,-0.00121044000971072));
#4337=CARTESIAN_POINT('',(-0.0378890493903971,-0.0146162768777122,0.00615857653523879));
#4338=CARTESIAN_POINT('',(-0.0424566106849839,-0.0162280598290913,0.00545795208238622));
#4339=CARTESIAN_POINT('',(-0.0429420276885062,-0.0163548781582137,0.00512651619105186));
#4340=CARTESIAN_POINT('',(-0.0440274170817625,-0.016597588103657,0.00464771075323978));
#4341=CARTESIAN_POINT('',(-0.0452188208355121,-0.0168420141458615,0.00464364094928159));
#4342=CARTESIAN_POINT('',(-0.0458020778987114,-0.0169415318805355,0.00475232584770872));
#4343=CARTESIAN_POINT('',(-0.05715,-0.009652,0.000912596313339131));
#4344=CARTESIAN_POINT('',(-0.0535345471118231,0.00965199999999999,-0.00636702485904162));
#4345=CARTESIAN_POINT('',(-0.0535345471118231,0.01778,-0.00636702485904163));
#4346=CARTESIAN_POINT('',(-0.05715,0.01778,0.000912596313339079));
#4347=CARTESIAN_POINT('',(-0.0546875598235061,0.00965200000005264,-0.00693967322079635));
#4348=CARTESIAN_POINT('',(-0.0546875598235296,0.017780000000054,-0.00693967322075825));
#4349=CARTESIAN_POINT('',(-0.0585088884220964,0.01778,0.000237698959043426));
#4350=CARTESIAN_POINT('',(-0.0563634807741498,0.00965199999998811,-0.00786338824877034));
#4351=CARTESIAN_POINT('',(-0.0563634807741445,0.0177799999999878,-0.00786338824877895));
#4352=CARTESIAN_POINT('',(-0.0604975972188868,0.01778,-0.000857777757152851));
#4353=CARTESIAN_POINT('',(-0.0584921004411854,0.0096520000000023,-0.00923120443303648));
#4354=CARTESIAN_POINT('',(-0.0584921004411864,0.0177800000000024,-0.00923120443303483));
#4355=CARTESIAN_POINT('',(-0.0630431862341908,0.01778,-0.0024932667140485));
#4356=CARTESIAN_POINT('',(-0.059779307896551,0.00965199999999972,-0.0101452289528545));
#4357=CARTESIAN_POINT('',(-0.0597793078965508,0.0177799999999997,-0.0101452289528547));
#4358=CARTESIAN_POINT('',(-0.0645904909965574,0.01778,-0.00359198408800265));
#4359=CARTESIAN_POINT('',(-0.0607797086109746,0.00965200000000005,-0.0109106306239622));
#4360=CARTESIAN_POINT('',(-0.0607797086109746,0.0177800000000001,-0.0109106306239622));
#4361=CARTESIAN_POINT('',(-0.0657940676643055,0.01778,-0.00451267174337309));
#4362=CARTESIAN_POINT('',(-0.0613880180552741,0.009652,-0.0113991990131339));
#4363=CARTESIAN_POINT('',(-0.0613880180552741,0.01778,-0.0113991990131339));
#4364=CARTESIAN_POINT('',(-0.066531987858327,0.01778,-0.00510554601850244));
#4365=CARTESIAN_POINT('',(-0.0618154681600417,0.009652,-0.0117555970904734));
#4366=CARTESIAN_POINT('',(-0.0618154681600417,0.01778,-0.0117555970904734));
#4367=CARTESIAN_POINT('',(-0.0670409795958561,0.01778,-0.00552975852020468));
#4368=CARTESIAN_POINT('',(-0.0620448595729162,0.009652,-0.0119502625879646));
#4369=CARTESIAN_POINT('',(-0.0620448595729162,0.01778,-0.0119502625879646));
#4370=CARTESIAN_POINT('',(-0.0673296456693355,0.01778,-0.00577482941047794));
#4371=CARTESIAN_POINT('',(-0.0623217280147402,0.009652,-0.012188009650445));
#4372=CARTESIAN_POINT('',(-0.0623217280147402,0.01778,-0.012188009650445));
#4373=CARTESIAN_POINT('',(-0.0676169362570817,0.01778,-0.00602157607087885));
#4374=CARTESIAN_POINT('',(-0.0626861889125504,0.009652,-0.0125004432075519));
#4375=CARTESIAN_POINT('',(-0.0626861889125504,0.01778,-0.0125004432075519));
#4376=CARTESIAN_POINT('',(-0.0679763461148816,0.01778,-0.00632964801862891));
#4377=CARTESIAN_POINT('',(-0.0635457678118874,0.009652,-0.0132377296108539));
#4378=CARTESIAN_POINT('',(-0.0635457678118874,0.01778,-0.0132377296108539));
#4379=CARTESIAN_POINT('',(-0.0688386855826203,0.01778,-0.0070693181925893));
#4380=CARTESIAN_POINT('',(-0.0648415408456421,0.009652,-0.0143489744740498));
#4381=CARTESIAN_POINT('',(-0.0648415408456421,0.01778,-0.0143489744740505));
#4382=CARTESIAN_POINT('',(-0.070132298171539,0.01778,-0.00817869749613935));
#4383=CARTESIAN_POINT('',(-0.0659907365593035,0.009652,-0.0153345878348107));
#4384=CARTESIAN_POINT('',(-0.0659907365593035,0.01778,-0.0153345878348094));
#4385=CARTESIAN_POINT('',(-0.0712821340170034,0.01778,-0.00916486361531424));
#4386=CARTESIAN_POINT('',(-0.0665656597334551,0.009652,-0.0158276644965625));
#4387=CARTESIAN_POINT('',(-0.0665656597334551,0.01778,-0.0158276644965625));
#4388=CARTESIAN_POINT('',(-0.0718570571911552,0.01778,-0.00965794027706572));
#4389=CARTESIAN_POINT('',(-0.0650584492678941,0.0147437399741393,-0.0121735814566498));
#4390=CARTESIAN_POINT('',(-0.0641058648733048,0.013985810675523,-0.0121590834723427));
#4391=CARTESIAN_POINT('',(-0.0623648381105583,0.0123636446436956,-0.0118089022937343));
#4392=CARTESIAN_POINT('',(-0.0609157754658507,0.0105402366352548,-0.01101198451276));
#4393=CARTESIAN_POINT('',(-0.060270839731359,0.009652,-0.0105229037967356));
#4394=CARTESIAN_POINT('',(-0.05715,0.01778,0.000912596313339081));
#4395=CARTESIAN_POINT('',(-0.0606324903708333,0.01778,-0.000816996418360635));
#4396=CARTESIAN_POINT('',(-0.0639115879898184,0.01778,-0.00292135946842136));
#4397=CARTESIAN_POINT('',(-0.066898943166037,0.01778,-0.00541175602482394));
#4398=CARTESIAN_POINT('',(-0.05715,-0.01778,0.000912596313339085));
#4399=CARTESIAN_POINT('',(-0.0535345471118231,-0.01778,-0.00636702485904162));
#4400=CARTESIAN_POINT('',(-0.0535345471118231,-0.00965199999999999,-0.00636702485904161));
#4401=CARTESIAN_POINT('',(-0.0585088884220793,-0.01778,0.000237698959060123));
#4402=CARTESIAN_POINT('',(-0.0546875598236625,-0.0177800000000056,-0.00693967322075768));
#4403=CARTESIAN_POINT('',(-0.0546875598235522,-0.00965199999999999,-0.00693967322081923));
#4404=CARTESIAN_POINT('',(-0.0604975972188871,-0.01778,-0.000857777757154668));
#4405=CARTESIAN_POINT('',(-0.0563634807741115,-0.0177799999999987,-0.00786338824877744));
#4406=CARTESIAN_POINT('',(-0.0563634807741364,-0.009652,-0.00786338824876353));
#4407=CARTESIAN_POINT('',(-0.0630431862341847,-0.01778,-0.00249326671404414));
#4408=CARTESIAN_POINT('',(-0.0584921004411877,-0.0177800000000003,-0.00923120443303176));
#4409=CARTESIAN_POINT('',(-0.0584921004411829,-0.00965200000000001,-0.00923120443303443));
#4410=CARTESIAN_POINT('',(-0.0645904909965507,-0.01778,-0.00359198408799775));
#4411=CARTESIAN_POINT('',(-0.0597793078965445,-0.01778,-0.0101452289528506));
#4412=CARTESIAN_POINT('',(-0.0597793078965451,-0.00965199999999999,-0.0101452289528503));
#4413=CARTESIAN_POINT('',(-0.0657940676642977,-0.01778,-0.00451267174336699));
#4414=CARTESIAN_POINT('',(-0.0607797086109682,-0.01778,-0.0109106306239571));
#4415=CARTESIAN_POINT('',(-0.0607797086109681,-0.009652,-0.0109106306239572));
#4416=CARTESIAN_POINT('',(-0.0665319878583187,-0.01778,-0.00510554601849562));
#4417=CARTESIAN_POINT('',(-0.0613880180552674,-0.01778,-0.0113991990131284));
#4418=CARTESIAN_POINT('',(-0.0613880180552674,-0.009652,-0.0113991990131284));
#4419=CARTESIAN_POINT('',(-0.0670409795958473,-0.01778,-0.00552975852019731));
#4420=CARTESIAN_POINT('',(-0.0618154681600341,-0.01778,-0.0117555970904671));
#4421=CARTESIAN_POINT('',(-0.0618154681600341,-0.009652,-0.0117555970904671));
#4422=CARTESIAN_POINT('',(-0.0673296456693265,-0.01778,-0.00577482941047028));
#4423=CARTESIAN_POINT('',(-0.0620448595729092,-0.01778,-0.0119502625879587));
#4424=CARTESIAN_POINT('',(-0.0620448595729092,-0.009652,-0.0119502625879587));
#4425=CARTESIAN_POINT('',(-0.0676169362570725,-0.01778,-0.0060215760708709));
#4426=CARTESIAN_POINT('',(-0.0623217280147298,-0.01778,-0.012188009650436));
#4427=CARTESIAN_POINT('',(-0.0623217280147298,-0.009652,-0.012188009650436));
#4428=CARTESIAN_POINT('',(-0.067976346114872,-0.01778,-0.00632964801862068));
#4429=CARTESIAN_POINT('',(-0.0626861889125412,-0.01778,-0.012500443207544));
#4430=CARTESIAN_POINT('',(-0.0626861889125412,-0.009652,-0.012500443207544));
#4431=CARTESIAN_POINT('',(-0.0688386855826099,-0.01778,-0.00706931819258035));
#4432=CARTESIAN_POINT('',(-0.0635457678118766,-0.01778,-0.0132377296108445));
#4433=CARTESIAN_POINT('',(-0.0635457678118766,-0.00965200000000001,-0.0132377296108446));
#4434=CARTESIAN_POINT('',(-0.0701322981715274,-0.01778,-0.00817869749612934));
#4435=CARTESIAN_POINT('',(-0.0648415408456288,-0.01778,-0.0143489744740406));
#4436=CARTESIAN_POINT('',(-0.0648415408456306,-0.009652,-0.01434897447404));
#4437=CARTESIAN_POINT('',(-0.0712821340169906,-0.01778,-0.00916486361530327));
#4438=CARTESIAN_POINT('',(-0.0659907365592945,-0.01778,-0.0153345878347984));
#4439=CARTESIAN_POINT('',(-0.0659907365592908,-0.009652,-0.0153345878347998));
#4440=CARTESIAN_POINT('',(-0.0718570571911418,-0.01778,-0.00965794027705427));
#4441=CARTESIAN_POINT('',(-0.0665656597334417,-0.01778,-0.015827664496551));
#4442=CARTESIAN_POINT('',(-0.0665656597334418,-0.009652,-0.015827664496551));
#4443=CARTESIAN_POINT('',(-0.0650584492678941,-0.0147437399741393,-0.0121735814566498));
#4444=CARTESIAN_POINT('',(-0.0641058648733048,-0.013985810675523,-0.0121590834723427));
#4445=CARTESIAN_POINT('',(-0.0623648381105248,-0.012363644643734,-0.0118089022937088));
#4446=CARTESIAN_POINT('',(-0.0609157754659179,-0.010540236635178,-0.0110119845128109));
#4447=CARTESIAN_POINT('',(-0.060270839731359,-0.009652,-0.0105229037967356));
#4448=CARTESIAN_POINT('',(-0.0668989431660277,-0.01778,-0.00541175602481624));
#4449=CARTESIAN_POINT('',(-0.0639115879898115,-0.01778,-0.002921359468417));
#4450=CARTESIAN_POINT('',(-0.0606324903708296,-0.01778,-0.000816996418358842));
#4451=CARTESIAN_POINT('',(-0.05715,-0.01778,0.000912596313339084));
#4452=CARTESIAN_POINT('',(-0.0651821401150965,-9.65441693613084E-21,-0.00404652266676038));
#4453=CARTESIAN_POINT('',(-0.1016,0.01778,0.0258530244324744));
#4454=CARTESIAN_POINT('',(-0.1016,0.00289428218444067,0.0258530244324744));
#4455=CARTESIAN_POINT('',(-0.100108838081669,0.01778,0.0261270996013512));
#4456=CARTESIAN_POINT('',(-0.100108838081669,0.00289428218444067,0.0261270996013512));
#4457=CARTESIAN_POINT('',(-0.0971226326157519,0.01778,0.0265096143581305));
#4458=CARTESIAN_POINT('',(-0.0971226326157519,0.00289428218444068,0.0265096143581305));
#4459=CARTESIAN_POINT('',(-0.0925788454076714,0.01778,0.0264931586809017));
#4460=CARTESIAN_POINT('',(-0.0925788454076714,0.00289428218444067,0.0264931586809017));
#4461=CARTESIAN_POINT('',(-0.0881033801048079,0.01778,0.0257783079170419));
#4462=CARTESIAN_POINT('',(-0.0881033801048079,0.00289428218444067,0.0257783079170419));
#4463=CARTESIAN_POINT('',(-0.0838637956747846,0.01778,0.0243441677106748));
#4464=CARTESIAN_POINT('',(-0.0838637956747846,0.00289428218444067,0.0243441677106748));
#4465=CARTESIAN_POINT('',(-0.0798567469422805,0.01778,0.0221127312869227));
#4466=CARTESIAN_POINT('',(-0.0798567469422805,0.00289428218444067,0.0221127312869227));
#4467=CARTESIAN_POINT('',(-0.0763944707242006,0.01778,0.0192312867455547));
#4468=CARTESIAN_POINT('',(-0.0763944707242006,0.00289428218444067,0.0192312867455547));
#4469=CARTESIAN_POINT('',(-0.0734633245918067,0.01778,0.0157148859216395));
#4470=CARTESIAN_POINT('',(-0.0734633245918067,0.00289428218444067,0.0157148859216395));
#4471=CARTESIAN_POINT('',(-0.0719656131591756,0.01778,0.0131113531897937));
#4472=CARTESIAN_POINT('',(-0.0719656131591756,0.00289428218444067,0.0131113531897937));
#4473=CARTESIAN_POINT('',(-0.0713128666900342,0.01778,0.0117420942246236));
#4474=CARTESIAN_POINT('',(-0.0713128666900342,0.00289428218444067,0.0117420942246236));
#4475=CARTESIAN_POINT('',(-0.0713128666899536,-0.01778,0.0117420942244545));
#4476=CARTESIAN_POINT('',(-0.0713128666899536,0.0177521215116209,0.0117420942244545));
#4477=CARTESIAN_POINT('',(-0.0713128666899536,0.0177521215116209,0.0117420942244545));
#4478=CARTESIAN_POINT('',(-0.0713666873740355,0.0177707131813831,0.0118549932712891));
#4479=CARTESIAN_POINT('',(-0.0714215305143474,0.0177799999999984,0.0119681608230952));
#4480=CARTESIAN_POINT('',(-0.0714774222384706,0.01778,0.0120815827345161));
#4481=CARTESIAN_POINT('',(-0.1016,0.056388,0.0268007385309434));
#4482=CARTESIAN_POINT('',(-0.0640542581677437,0.056388,0.0268007385309434));
#4483=CARTESIAN_POINT('',(-0.1016,0.056388,0.0268007385309434));
#4484=CARTESIAN_POINT('',(-0.0640542581677437,0.056388,0.0268007385309434));
#4485=CARTESIAN_POINT('',(-0.05715,-0.00204274873385017,0.0239192030416206));
#4486=CARTESIAN_POINT('',(-0.05715,-0.01778,0.0239192030416206));
#4487=CARTESIAN_POINT('',(-0.0581896038588888,-0.00204274873385017,0.024641344412325));
#4488=CARTESIAN_POINT('',(-0.0581896038588888,-0.01778,0.024641344412325));
#4489=CARTESIAN_POINT('',(-0.0598054838938818,-0.00204274873385017,0.0256341379918201));
#4490=CARTESIAN_POINT('',(-0.0598054838938818,-0.01778,0.0256341379918201));
#4491=CARTESIAN_POINT('',(-0.0621638382730384,-0.00204274873385017,0.0265660534929798));
#4492=CARTESIAN_POINT('',(-0.0621638382730384,-0.01778,0.0265660534929798));
#4493=CARTESIAN_POINT('',(-0.0634153475234315,-0.00204274873385017,0.0268007385309434));
#4494=CARTESIAN_POINT('',(-0.0634153475234315,-0.01778,0.0268007385309434));
#4495=CARTESIAN_POINT('',(-0.0640542581677437,-0.00204274873385017,0.0268007385309434));
#4496=CARTESIAN_POINT('',(-0.0640542581677437,-0.01778,0.0268007385309434));
#4497=CARTESIAN_POINT('',(-0.05715,0.01778,0.0239192030416206));
#4498=CARTESIAN_POINT('',(-0.05715,0.00204274873385014,0.0239192030416206));
#4499=CARTESIAN_POINT('',(-0.0581896038588888,0.01778,0.024641344412325));
#4500=CARTESIAN_POINT('',(-0.0581896038588888,0.00204274873385014,0.024641344412325));
#4501=CARTESIAN_POINT('',(-0.0598054838938818,0.01778,0.0256341379918201));
#4502=CARTESIAN_POINT('',(-0.0598054838938818,0.00204274873385014,0.0256341379918201));
#4503=CARTESIAN_POINT('',(-0.0621638382730384,0.01778,0.0265660534929798));
#4504=CARTESIAN_POINT('',(-0.0621638382730384,0.00204274873385014,0.0265660534929798));
#4505=CARTESIAN_POINT('',(-0.0634153475234315,0.01778,0.0268007385309434));
#4506=CARTESIAN_POINT('',(-0.0634153475234315,0.00204274873385014,0.0268007385309434));
#4507=CARTESIAN_POINT('',(-0.0640542581677437,0.01778,0.0268007385309434));
#4508=CARTESIAN_POINT('',(-0.0640542581677437,0.00204274873385014,0.0268007385309434));
#4509=CARTESIAN_POINT('',(-0.0697312876582146,0.056388,0.00719017954543233));
#4510=CARTESIAN_POINT('',(-0.0717108954495002,0.056388,0.00895750112676254));
#4511=CARTESIAN_POINT('',(-0.0717108954495002,0.0149834067490232,0.00895750112676254));
#4512=CARTESIAN_POINT('',(-0.0717108954495002,-0.0149834067490232,0.00895750112676254));
#4513=CARTESIAN_POINT('',(-0.0717108954495002,-0.0149834067490232,0.00895750112676254));
#4514=CARTESIAN_POINT('',(-0.0720148344822081,-0.0148152693955672,0.0086170537041879));
#4515=CARTESIAN_POINT('',(-0.0723165146482361,-0.0144781596194421,0.00802706963783159));
#4516=CARTESIAN_POINT('',(-0.0724152290128049,-0.0141302985121867,0.00712486727313403));
#4517=CARTESIAN_POINT('',(-0.0723020009893423,-0.0140213891147221,0.00640360008599067));
#4518=CARTESIAN_POINT('',(-0.0719875534541846,-0.0141405798749728,0.00573487890586333));
#4519=CARTESIAN_POINT('',(-0.0714060023761253,-0.0144881438567297,0.00505190430754952));
#4520=CARTESIAN_POINT('',(-0.0708210904394305,-0.0148183726055248,0.00472773693718498));
#4521=CARTESIAN_POINT('',(-0.0703776718304299,-0.0149834078933385,0.00461637689544848));
#4522=CARTESIAN_POINT('',(-0.0703776718304299,-0.0149834078933385,0.00461637689544848));
#4523=CARTESIAN_POINT('',(-0.0703776718304299,0.056388,0.00461637689544848));
#4524=CARTESIAN_POINT('',(-0.0703776718304299,0.0149834078933385,0.00461637689544848));
#4525=CARTESIAN_POINT('',(-0.0703776718304299,0.0149834078933385,0.00461637689544848));
#4526=CARTESIAN_POINT('',(-0.0708213702366666,0.0148182684682233,0.00472780720539488));
#4527=CARTESIAN_POINT('',(-0.0714047191701499,0.0144886273207534,0.00504907386150809));
#4528=CARTESIAN_POINT('',(-0.0719909954507386,0.0141389910564417,0.00574086715239253));
#4529=CARTESIAN_POINT('',(-0.0723008582357687,0.0140214118775615,0.00639989692619882));
#4530=CARTESIAN_POINT('',(-0.0724157512474437,0.0141318093841941,0.00713171285905234));
#4531=CARTESIAN_POINT('',(-0.0723159103551068,0.0144778715039633,0.00802436510005367));
#4532=CARTESIAN_POINT('',(-0.0720145918661824,0.0148154036093801,0.00861732546263858));
#4533=CARTESIAN_POINT('',(-0.0717108954495002,0.0149834067490232,0.00895750112676254));
#4534=CARTESIAN_POINT('',(-0.0677021388927884,0.,-0.00138123620819999));
#4535=CARTESIAN_POINT('',(-0.06850533461954,0.01778,0.00264928360842479));
#4536=CARTESIAN_POINT('',(-0.06850533461954,0.0177322038732731,0.00264928360842479));
#4537=CARTESIAN_POINT('',(-0.06850533461954,-0.0177322038732731,0.00264928360842479));
#4538=CARTESIAN_POINT('',(-0.06850533461954,-0.0177322038732731,0.00264928360842479));
#4539=CARTESIAN_POINT('',(-0.0684736349825012,-0.0177640641066679,0.0024902115279727));
#4540=CARTESIAN_POINT('',(-0.0684416325450351,-0.01778,0.00232961996343692));
#4541=CARTESIAN_POINT('',(-0.0684093270874569,-0.01778,0.00216750781241643));
#4542=CARTESIAN_POINT('',(-0.0668989431660368,0.056388,-0.00541175602482476));
#4543=CARTESIAN_POINT('',(-0.0684093270874569,0.01778,0.00216750781241643));
#4544=CARTESIAN_POINT('',(-0.0684416325450351,0.01778,0.00232961996343692));
#4545=CARTESIAN_POINT('',(-0.0684736349825012,0.0177640641066679,0.0024902115279727));
#4546=CARTESIAN_POINT('',(-0.06850533461954,0.0177322038732731,0.00264928360842479));
#4547=CARTESIAN_POINT('',(-0.0668989431660277,0.0177799999992979,-0.00541175602481624));
#4548=CARTESIAN_POINT('',(-0.0668989431660277,-0.01778,-0.00541175602481624));
#4549=CARTESIAN_POINT('',(-0.0639115879898147,0.0177799999992979,-0.00292135946841963));
#4550=CARTESIAN_POINT('',(-0.0639115879898147,-0.01778,-0.00292135946841963));
#4551=CARTESIAN_POINT('',(-0.060632490370826,0.0177799999992979,-0.000816996418357026));
#4552=CARTESIAN_POINT('',(-0.060632490370826,-0.01778,-0.000816996418357026));
#4553=CARTESIAN_POINT('',(-0.05715,0.0177799999992979,0.000912596313339084));
#4554=CARTESIAN_POINT('',(-0.05715,-0.01778,0.000912596313339084));
#4555=CARTESIAN_POINT('',(-0.0763814372357176,0.056388,0.00721289751581532));
#4556=CARTESIAN_POINT('',(-0.0769069844097187,-0.0115903360105226,0.00572503765765838));
#4557=CARTESIAN_POINT('',(-0.0767313631529473,-0.0119908251172463,0.0056630040899909));
#4558=CARTESIAN_POINT('',(-0.0763556748131491,-0.0127908142158891,0.00559716796927883));
#4559=CARTESIAN_POINT('',(-0.0757828084213365,-0.013747047402122,0.00570718336919841));
#4560=CARTESIAN_POINT('',(-0.0752823000681358,-0.0144024853649633,0.00604525807672369));
#4561=CARTESIAN_POINT('',(-0.0748173090601287,-0.0149080558238828,0.00663268789773859));
#4562=CARTESIAN_POINT('',(-0.0747058661503247,-0.0151006500482061,0.00784520208904121));
#4563=CARTESIAN_POINT('',(-0.0755913454101681,-0.0149131537968007,0.00868366430929671));
#4564=CARTESIAN_POINT('',(-0.0763363335159874,-0.0144183078560946,0.00881635643396206));
#4565=CARTESIAN_POINT('',(-0.0769389817639615,-0.0137742591663445,0.00873494668731815));
#4566=CARTESIAN_POINT('',(-0.077443417813777,-0.0128188855771352,0.00843097743503633));
#4567=CARTESIAN_POINT('',(-0.0776759324984936,-0.0120225159879176,0.00813396879794088));
#4568=CARTESIAN_POINT('',(-0.0777648412358536,-0.0116206163560639,0.00797192331379827));
#4569=CARTESIAN_POINT('',(-0.0777647228976547,0.0116211512078167,0.0079721389577001));
#4570=CARTESIAN_POINT('',(-0.0776754660903207,0.0120245040539151,0.00813475871869324));
#4571=CARTESIAN_POINT('',(-0.0774403553111405,0.0128270591112483,0.00843378717287833));
#4572=CARTESIAN_POINT('',(-0.0769345892548216,0.0137821403626517,0.0087375424376506));
#4573=CARTESIAN_POINT('',(-0.0763227420854822,0.0144306016235341,0.0088167096204166));
#4574=CARTESIAN_POINT('',(-0.0755725918990633,0.0149198797526006,0.00867433771970987));
#4575=CARTESIAN_POINT('',(-0.0748793459625231,0.0150636309604985,0.00799763868610433));
#4576=CARTESIAN_POINT('',(-0.0747624227400007,0.0149823072497068,0.00708912729439944));
#4577=CARTESIAN_POINT('',(-0.0749454339273216,0.0147724168737443,0.00647222427442387));
#4578=CARTESIAN_POINT('',(-0.0752905108502319,0.0143916580129377,0.00603696416439986));
#4579=CARTESIAN_POINT('',(-0.0757906616221534,0.0137356332610609,0.0057052064583191));
#4580=CARTESIAN_POINT('',(-0.0763580711091527,0.012785288592167,0.00559754952463511));
#4581=CARTESIAN_POINT('',(-0.0767325434361489,0.0119881639594121,0.00566338432085418));
#4582=CARTESIAN_POINT('',(-0.076907262258558,0.0115897023760721,0.00572513582960411));
#4583=CARTESIAN_POINT('',(-0.0458477064967156,0.056388,0.0103569934357669));
#4584=CARTESIAN_POINT('',(-0.0443416289711419,-0.0137705443506359,0.00767303886516801));
#4585=CARTESIAN_POINT('',(-0.0437356433540498,-0.0134815660032224,0.00801308236989827));
#4586=CARTESIAN_POINT('',(-0.0429934976299714,-0.0130170697359313,0.00883714779053848));
#4587=CARTESIAN_POINT('',(-0.0426986821631239,-0.0128021203887374,0.0103376367212577));
#4588=CARTESIAN_POINT('',(-0.0429061973964183,-0.0129531005405739,0.0114680525070079));
#4589=CARTESIAN_POINT('',(-0.0434667418330798,-0.0133167227146212,0.0124001309354899));
#4590=CARTESIAN_POINT('',(-0.0445487349605821,-0.0139053424574675,0.0132984173697724));
#4591=CARTESIAN_POINT('',(-0.0463801956022291,-0.0146005575811982,0.013659337017351));
#4592=CARTESIAN_POINT('',(-0.0484556633479776,-0.0150024082139609,0.0124867992391534));
#4593=CARTESIAN_POINT('',(-0.0492134536571017,-0.0150816785214871,0.0101817571609924));
#4594=CARTESIAN_POINT('',(-0.0482178266564161,-0.0149705816152005,0.007971661611842));
#4595=CARTESIAN_POINT('',(-0.0467794378413374,-0.0146627892359998,0.00733566165228314));
#4596=CARTESIAN_POINT('',(-0.04605675773693,-0.0144377166927824,0.00728645940582329));
#4597=CARTESIAN_POINT('',(-0.0443416289711418,-0.0137705443506359,0.00767303886516799));
#4598=CARTESIAN_POINT('',(-0.04605675773693,-0.0144377166927824,0.00728645940582329));
#4599=CARTESIAN_POINT('',(-0.04605675773693,-0.0144377166927824,0.00728645940582329));
#4600=CARTESIAN_POINT('',(-0.0454475161140967,-0.0142479735953196,0.00724498039415903));
#4601=CARTESIAN_POINT('',(-0.0448561932187274,-0.0140159262899289,0.00738429565869135));
#4602=CARTESIAN_POINT('',(-0.0443416289711418,-0.0137705443506359,0.00767303886516799));
#4603=CARTESIAN_POINT('',(-0.0443416289711553,0.0137705443506423,0.00767303886516045));
#4604=CARTESIAN_POINT('',(-0.044856193218741,0.0140159262899339,0.0073842956586871));
#4605=CARTESIAN_POINT('',(-0.045447516114109,0.0142479735953244,0.00724498039415772));
#4606=CARTESIAN_POINT('',(-0.0460567577369407,0.0144377166927857,0.00728645940582401));
#4607=CARTESIAN_POINT('',(-0.0443416289711553,0.0137705443506423,0.00767303886516045));
#4608=CARTESIAN_POINT('',(-0.0460567577369406,0.0144377166927859,0.00728645940582395));
#4609=CARTESIAN_POINT('',(-0.0460567577369406,0.0144377166927859,0.00728645940582395));
#4610=CARTESIAN_POINT('',(-0.0467748589624955,0.0146613631833106,0.00733534990837022));
#4611=CARTESIAN_POINT('',(-0.0482187210174137,0.0149710163798695,0.00797207176207177));
#4612=CARTESIAN_POINT('',(-0.0492125259808516,0.0150814641149297,0.0101761241617531));
#4613=CARTESIAN_POINT('',(-0.0484572805468786,0.0150026751640898,0.0124860747943276));
#4614=CARTESIAN_POINT('',(-0.0463826359786444,0.0146010311244341,0.013658040195229));
#4615=CARTESIAN_POINT('',(-0.0445542941282512,0.0139078311475827,0.0133006508304298));
#4616=CARTESIAN_POINT('',(-0.0434702865280717,0.0133188911855181,0.0124044502410741));
#4617=CARTESIAN_POINT('',(-0.0429075350740076,0.0129540600596431,0.0114720381681697));
#4618=CARTESIAN_POINT('',(-0.0426980653586198,0.0128016775564304,0.0103394694152825));
#4619=CARTESIAN_POINT('',(-0.0429951475926793,0.0130182561342967,0.00883208474386735));
#4620=CARTESIAN_POINT('',(-0.0437372827347952,0.0134823477800927,0.00801216244579295));
#4621=CARTESIAN_POINT('',(-0.0443416289711553,0.0137705443506423,0.00767303886516047));
#4622=CARTESIAN_POINT('',(-0.0460567577369297,-0.0144377166927823,0.00728645940582293));
#4623=CARTESIAN_POINT('',(-0.0456363208914379,-0.0169132497337583,0.00725783479423269));
#4624=CARTESIAN_POINT('',(-0.0458020778987106,-0.0169415318805354,0.00475232584770842));
#4625=CARTESIAN_POINT('',(-0.0467873269010673,-0.0146652462158195,0.00733619876332092));
#4626=CARTESIAN_POINT('',(-0.0464576981662396,-0.0170586170298263,0.00721510415153296));
#4627=CARTESIAN_POINT('',(-0.0472136509809024,-0.0171823803234091,0.00484311544357431));
#4628=CARTESIAN_POINT('',(-0.048207268717064,-0.0149678478805848,0.00797585826947964));
#4629=CARTESIAN_POINT('',(-0.0481350927307643,-0.0173184240205104,0.00783005148458613));
#4630=CARTESIAN_POINT('',(-0.0499264815887442,-0.0174984628154649,0.00601069049650098));
#4631=CARTESIAN_POINT('',(-0.0491963251440633,-0.0150800215793628,0.0101241424958283));
#4632=CARTESIAN_POINT('',(-0.0492221443101246,-0.0174524083718868,0.0101137405111559));
#4633=CARTESIAN_POINT('',(-0.0517976086607839,-0.0176146839329332,0.00993196895929782));
#4634=CARTESIAN_POINT('',(-0.0485152613627947,-0.0150092362378911,0.0123917610472809));
#4635=CARTESIAN_POINT('',(-0.0484840951009953,-0.0173637763837672,0.0125101633432957));
#4636=CARTESIAN_POINT('',(-0.0505102503311633,-0.0175413616969721,0.0140710692189991));
#4637=CARTESIAN_POINT('',(-0.0468546357698118,-0.0146971649714429,0.0134277079541115));
#4638=CARTESIAN_POINT('',(-0.0465326202970506,-0.0170761881899384,0.0135744355045609));
#4639=CARTESIAN_POINT('',(-0.0473459108342412,-0.0172162522423263,0.0159619904705571));
#4640=CARTESIAN_POINT('',(-0.0453768589220547,-0.0142248065014643,0.0134632625877067));
#4641=CARTESIAN_POINT('',(-0.0448367029331323,-0.0167699969982041,0.0133978015777565));
#4642=CARTESIAN_POINT('',(-0.0444882959503429,-0.0167163131908437,0.0160268885959901));
#4643=CARTESIAN_POINT('',(-0.0443372847475478,-0.0137866094099831,0.0131112950288081));
#4644=CARTESIAN_POINT('',(-0.043728243979882,-0.0165588708981858,0.0127867877412398));
#4645=CARTESIAN_POINT('',(-0.0424527153617945,-0.016246635078857,0.0153844397091862));
#4646=CARTESIAN_POINT('',(-0.0434836411582483,-0.0133280095354137,0.0124259146905273));
#4647=CARTESIAN_POINT('',(-0.0430056399691376,-0.0164530285767284,0.0118617991099253));
#4648=CARTESIAN_POINT('',(-0.0407557499144443,-0.0157475970077778,0.0141334101065253));
#4649=CARTESIAN_POINT('',(-0.0429116983922242,-0.0129567052787617,0.0114803156978523));
#4650=CARTESIAN_POINT('',(-0.0427629980014492,-0.0165084038600993,0.0109571962794633));
#4651=CARTESIAN_POINT('',(-0.0396013242906936,-0.0153371923286364,0.012407401544527));
#4652=CARTESIAN_POINT('',(-0.0427024694187622,-0.0128050840019873,0.010375829895553));
#4653=CARTESIAN_POINT('',(-0.0427741037323036,-0.016588945803566,0.010365095356161));
#4654=CARTESIAN_POINT('',(-0.0391746030422626,-0.0151677965808975,0.0103913757597316));
#4655=CARTESIAN_POINT('',(-0.0428991227802971,-0.0129478583828482,0.00926587536730796));
#4656=CARTESIAN_POINT('',(-0.0427615186623386,-0.0165119072501579,0.00978043087173907));
#4657=CARTESIAN_POINT('',(-0.039575752211873,-0.0153273413591115,0.00836536787035434));
#4658=CARTESIAN_POINT('',(-0.0434625591145264,-0.013315428348844,0.00831186719162234));
#4659=CARTESIAN_POINT('',(-0.0429917597134999,-0.016452349118217,0.00888046278327446));
#4660=CARTESIAN_POINT('',(-0.0407134986520317,-0.0157337893759159,0.00662400996757627));
#4661=CARTESIAN_POINT('',(-0.0440284430515487,-0.0136211943536891,0.00784878039223665));
#4662=CARTESIAN_POINT('',(-0.0434761556011893,-0.016521534193798,0.00824590722214093));
#4663=CARTESIAN_POINT('',(-0.0418389048351189,-0.0160666801839612,0.00577873433957));
#4664=CARTESIAN_POINT('',(-0.0443416289711553,-0.0137705443506423,0.00767303886516046));
#4665=CARTESIAN_POINT('',(-0.0437844137012514,-0.0165749569478653,0.00798571531806763));
#4666=CARTESIAN_POINT('',(-0.0424566106850104,-0.0162280598290983,0.00545795208237246));
#4667=CARTESIAN_POINT('',(-0.0462292892112686,-0.0144377166927824,0.00475232584770869));
#4668=CARTESIAN_POINT('',(-0.0430986524851432,-0.0137705443506359,0.00545795208238622));
#4669=CARTESIAN_POINT('',(-0.0443416289711423,-0.0137705443506361,0.00767303886516777));
#4670=CARTESIAN_POINT('',(-0.0437844137012385,-0.0165749569478588,0.00798571531807843));
#4671=CARTESIAN_POINT('',(-0.0424566106849854,-0.0162280598290917,0.00545795208238956));
#4672=CARTESIAN_POINT('',(-0.0446015051934641,-0.0138944723716744,0.00752721160633217));
#4673=CARTESIAN_POINT('',(-0.0440411935931806,-0.0167044089032745,0.00777070509661693));
#4674=CARTESIAN_POINT('',(-0.0429552049652636,-0.0163583208069233,0.00511751893572487));
#4675=CARTESIAN_POINT('',(-0.0451540498366237,-0.0141224741316321,0.00731480900204439));
#4676=CARTESIAN_POINT('',(-0.0445665326441127,-0.0168767231197217,0.0074458286819142));
#4677=CARTESIAN_POINT('',(-0.0440216765833588,-0.0165957068037001,0.00465517192259437));
#4678=CARTESIAN_POINT('',(-0.0457560874714346,-0.0143440755043485,0.00726598886510154));
#4679=CARTESIAN_POINT('',(-0.0452487972419116,-0.0169196000438468,0.0072737366527539));
#4680=CARTESIAN_POINT('',(-0.0452030692699929,-0.0168393265485447,0.00464070578472058));
#4681=CARTESIAN_POINT('',(-0.0460567577369301,-0.0144377166927824,0.00728645940582329));
#4682=CARTESIAN_POINT('',(-0.0456363208914384,-0.0169132497337585,0.00725783479423299));
#4683=CARTESIAN_POINT('',(-0.0458020778987115,-0.0169415318805356,0.00475232584770868));
#4684=CARTESIAN_POINT('',(-0.0443416289711553,0.0137705443506423,0.00767303886516046));
#4685=CARTESIAN_POINT('',(-0.0437844137012514,0.0165749569478653,0.00798571531806764));
#4686=CARTESIAN_POINT('',(-0.0424566106850104,0.0162280598290983,0.00545795208237248));
#4687=CARTESIAN_POINT('',(-0.0440292189699073,0.0136215643684022,0.00784834499246707));
#4688=CARTESIAN_POINT('',(-0.0434769346510014,0.0165216692073868,0.00824524964977335));
#4689=CARTESIAN_POINT('',(-0.0418404352025234,0.0160670800023354,0.005777939602579));
#4690=CARTESIAN_POINT('',(-0.043462571882607,0.0133154377849146,0.00831187444474191));
#4691=CARTESIAN_POINT('',(-0.0429918173332085,0.016452385415993,0.00888035243934694));
#4692=CARTESIAN_POINT('',(-0.0407135243507338,0.0157337986646214,0.0066240232061402));
#4693=CARTESIAN_POINT('',(-0.0429005123292976,0.0129487911454267,0.0092634699681046));
#4694=CARTESIAN_POINT('',(-0.0427619220707161,0.0165116354137177,0.00977819638303761));
#4695=CARTESIAN_POINT('',(-0.0395785656137866,0.0153283763386084,0.00836097727825514));
#4696=CARTESIAN_POINT('',(-0.0427025663280751,0.0128051575864045,0.0103701001329159));
#4697=CARTESIAN_POINT('',(-0.0427740918323791,0.0165889069877693,0.0103626378364961));
#4698=CARTESIAN_POINT('',(-0.0391748015615643,0.0151678788541712,0.0103809171832235));
#4699=CARTESIAN_POINT('',(-0.0429097730903613,0.0129553734383311,0.0114761728793626));
#4700=CARTESIAN_POINT('',(-0.0427626309505511,0.0165088654089533,0.0109538469764815));
#4701=CARTESIAN_POINT('',(-0.0395974154564484,0.0153357115065168,0.0123998396285053));
#4702=CARTESIAN_POINT('',(-0.0434823368181504,0.0133272849504727,0.012424812572626));
#4703=CARTESIAN_POINT('',(-0.043004518907923,0.0164528689722178,0.0118601541062731));
#4704=CARTESIAN_POINT('',(-0.0407531507203909,0.0157468070773352,0.0141313984028836));
#4705=CARTESIAN_POINT('',(-0.044336644070923,0.0137863058484204,0.0131109368657227));
#4706=CARTESIAN_POINT('',(-0.0437276181035863,0.0165587604566145,0.0127862816875317));
#4707=CARTESIAN_POINT('',(-0.0424514523220153,0.0162463073451133,0.0153837859515641));
#4708=CARTESIAN_POINT('',(-0.0453755394886305,0.0142242878457716,0.0134629530722321));
#4709=CARTESIAN_POINT('',(-0.0448352653763678,0.0167697202001926,0.0133971955188994));
#4710=CARTESIAN_POINT('',(-0.0444857219191578,0.016715759681764,0.0160263236351869));
#4711=CARTESIAN_POINT('',(-0.04685244936355,0.0146966300207983,0.0134283494188944));
#4712=CARTESIAN_POINT('',(-0.0465300267917319,0.0170757612106445,0.0135749520196262));
#4713=CARTESIAN_POINT('',(-0.0473417194653594,0.0172156916286813,0.0159631613408261));
#4714=CARTESIAN_POINT('',(-0.0485153914287458,0.0150093383934969,0.0123929503681865));
#4715=CARTESIAN_POINT('',(-0.0484842416506796,0.0173638244896535,0.012511438699576));
#4716=CARTESIAN_POINT('',(-0.0505105136717885,0.0175414699988598,0.0140732400945639));
#4717=CARTESIAN_POINT('',(-0.0491956295304454,0.0150798149947978,0.010122563882774));
#4718=CARTESIAN_POINT('',(-0.0492214124448276,0.0174522792242311,0.0101121601137418));
#4719=CARTESIAN_POINT('',(-0.0517962669293853,0.0176144656756091,0.00992908750690102));
#4720=CARTESIAN_POINT('',(-0.0482096288870293,0.0149685340226045,0.00797677745007073));
#4721=CARTESIAN_POINT('',(-0.0481376021273858,0.0173188562162247,0.00783073722095236));
#4722=CARTESIAN_POINT('',(-0.0499310314266483,0.0174991880502982,0.00601236827878056));
#4723=CARTESIAN_POINT('',(-0.0467830926017673,0.0146639274780159,0.00733591047942302));
#4724=CARTESIAN_POINT('',(-0.0464530244710284,0.0170577898790589,0.00721534729838091));
#4725=CARTESIAN_POINT('',(-0.0472054696557952,0.0171809843918504,0.00484258924680719));
#4726=CARTESIAN_POINT('',(-0.0460567577369301,0.0144377166927824,0.00728645940582329));
#4727=CARTESIAN_POINT('',(-0.0456363208914383,0.0169132497337585,0.00725783479423299));
#4728=CARTESIAN_POINT('',(-0.0458020778987114,0.0169415318805355,0.00475232584770869));
#4729=CARTESIAN_POINT('',(-0.0430986524851677,0.0137705443506423,0.00545795208237244));
#4730=CARTESIAN_POINT('',(-0.0462292892112881,0.0144377166927857,0.00475232584770874));
#4731=CARTESIAN_POINT('',(-0.0424566106850104,0.0162280598290982,0.00545795208237244));
#4732=CARTESIAN_POINT('',(-0.0437844137012514,0.0165749569478653,0.00798571531806761));
#4733=CARTESIAN_POINT('',(-0.0443416289711553,0.0137705443506423,0.00767303886516043));
#4734=CARTESIAN_POINT('',(-0.0429552049659427,0.0163583208070999,0.00511751893530658));
#4735=CARTESIAN_POINT('',(-0.0440411935935386,0.0167044089035051,0.00777070509635832));
#4736=CARTESIAN_POINT('',(-0.0446015051938135,0.0138944723719043,0.00752721160613772));
#4737=CARTESIAN_POINT('',(-0.0440216765827428,0.0165957068035665,0.00465517192276146));
#4738=CARTESIAN_POINT('',(-0.0445665326437139,0.0168767231195873,0.00744582868203648));
#4739=CARTESIAN_POINT('',(-0.0451540498363373,0.0141224741314864,0.00731480900212701));
#4740=CARTESIAN_POINT('',(-0.0452030692706448,0.0168393265486565,0.00464070578478358));
#4741=CARTESIAN_POINT('',(-0.0452487972423831,0.0169196000438949,0.00727373665274495));
#4742=CARTESIAN_POINT('',(-0.0457560874717088,0.0143440755044299,0.0072659888651192));
#4743=CARTESIAN_POINT('',(-0.045802077898732,0.016941531880539,0.00475232584771256));
#4744=CARTESIAN_POINT('',(-0.0456363208914513,0.0169132497337582,0.00725783479423245));
#4745=CARTESIAN_POINT('',(-0.0460567577369404,0.0144377166927857,0.007286459405824));
#4746=CARTESIAN_POINT('',(-0.0769072622585584,0.0115897023760724,0.00572513582960663));
#4747=CARTESIAN_POINT('',(-0.0791901463962599,0.0145283312747388,0.00653198387185505));
#4748=CARTESIAN_POINT('',(-0.0794848281173976,0.0133996428512869,0.0029074385652656));
#4749=CARTESIAN_POINT('',(-0.0766693498125679,0.0121322825613947,0.00564104956867741));
#4750=CARTESIAN_POINT('',(-0.0787761559206033,0.0146386667434955,0.00601288150275582));
#4751=CARTESIAN_POINT('',(-0.0787623087770582,0.014050739070326,0.00273635392807705));
#4752=CARTESIAN_POINT('',(-0.0761491381430383,0.0132038552263592,0.00557985157428018));
#4753=CARTESIAN_POINT('',(-0.0776791993086581,0.0152672609898962,0.00523860582399078));
#4754=CARTESIAN_POINT('',(-0.0771567366862684,0.0153366262731852,0.00265427456788104));
#4755=CARTESIAN_POINT('',(-0.0753079762414281,0.014409194103981,0.0059310434944011));
#4756=CARTESIAN_POINT('',(-0.0757997136720789,0.0163636752626052,0.00535767828585113));
#4757=CARTESIAN_POINT('',(-0.0745010725076585,0.0167830329243587,0.00365063753075461));
#4758=CARTESIAN_POINT('',(-0.0747560794273575,0.0149503098620147,0.00677638786243258));
#4759=CARTESIAN_POINT('',(-0.074740609206157,0.0170063142117035,0.00654606776585307));
#4760=CARTESIAN_POINT('',(-0.0726776799810089,0.0174323718345376,0.00591194721384103));
#4761=CARTESIAN_POINT('',(-0.0748064803538171,0.0150610653213355,0.00780817310394486));
#4762=CARTESIAN_POINT('',(-0.0747734936895182,0.0171985350037327,0.00782072250774808));
#4763=CARTESIAN_POINT('',(-0.0726633507591937,0.0175652783855415,0.00861731296249304));
#4764=CARTESIAN_POINT('',(-0.0754502178231073,0.0149532237045163,0.00861516294855905));
#4765=CARTESIAN_POINT('',(-0.0755870571753376,0.0170112973555149,0.00879216454176027));
#4766=CARTESIAN_POINT('',(-0.0744563448858286,0.0174358684455441,0.010634411945441));
#4767=CARTESIAN_POINT('',(-0.0764285735362365,0.0144286053730519,0.0088855219022713));
#4768=CARTESIAN_POINT('',(-0.0771484772663159,0.0163784951766429,0.00898674637899852));
#4769=CARTESIAN_POINT('',(-0.0773153710741137,0.0168063264472254,0.0111113085436266));
#4770=CARTESIAN_POINT('',(-0.0772962964585835,0.0132441377330007,0.00858626979652772));
#4771=CARTESIAN_POINT('',(-0.0786248145381142,0.0152722600189354,0.00785036338157044));
#4772=CARTESIAN_POINT('',(-0.0799577976673661,0.015384965281224,0.0100558087433205));
#4773=CARTESIAN_POINT('',(-0.0776435376057101,0.0121687893597511,0.00819293022058004));
#4774=CARTESIAN_POINT('',(-0.0789417372332554,0.014609703992225,0.00654607542546035));
#4775=CARTESIAN_POINT('',(-0.0811042245122469,0.0140945472282054,0.0089182334218517));
#4776=CARTESIAN_POINT('',(-0.0777647228976546,0.011621151207817,0.00797213895770023));
#4777=CARTESIAN_POINT('',(-0.0789126794314106,0.0144846449210385,0.00588064114676767));
#4778=CARTESIAN_POINT('',(-0.0815338416308085,0.0134373814493804,0.00831467308730708));
#4779=CARTESIAN_POINT('',(-0.0747808186620632,0.0165838652220766,0.00376278703030651));
#4780=CARTESIAN_POINT('',(-0.0747150799798664,0.0166625774144309,0.00430022480391204));
#4781=CARTESIAN_POINT('',(-0.0745008502787639,0.0166178192707401,0.00537167587389491));
#4782=CARTESIAN_POINT('',(-0.0741447717222038,0.0164915223006723,0.00697538479513814));
#4783=CARTESIAN_POINT('',(-0.0741495379005073,0.0170637321040161,0.00856475835389939));
#4784=CARTESIAN_POINT('',(-0.0742593173608564,0.017358926159079,0.00963705622050843));
#4785=CARTESIAN_POINT('',(-0.074307373550136,0.0174016332359328,0.0101804006971792));
#4786=CARTESIAN_POINT('',(-0.0777648412358538,-0.011620616356063,0.00797192331379788));
#4787=CARTESIAN_POINT('',(-0.0789126480914903,-0.0144845104392056,0.00587992512389215));
#4788=CARTESIAN_POINT('',(-0.0815342611683085,-0.0134367396272755,0.00831408360784459));
#4789=CARTESIAN_POINT('',(-0.0776440284360281,-0.0121667338898177,0.0081921172926992));
#4790=CARTESIAN_POINT('',(-0.0789417690459298,-0.0146091014764403,0.00654370404135768));
#4791=CARTESIAN_POINT('',(-0.0811059366296549,-0.0140920806641992,0.00891599093312921));
#4792=CARTESIAN_POINT('',(-0.0772978642961572,-0.0132404127587887,0.00858503686457341));
#4793=CARTESIAN_POINT('',(-0.0786268656503841,-0.0152694045675708,0.00784608105032667));
#4794=CARTESIAN_POINT('',(-0.0799627919698393,-0.0153804953122095,0.0100520611356716));
#4795=CARTESIAN_POINT('',(-0.076432042619502,-0.0144250373762298,0.00888477819176779));
#4796=CARTESIAN_POINT('',(-0.0771546092206934,-0.0163749363444064,0.0089839683783343));
#4797=CARTESIAN_POINT('',(-0.0773257914534106,-0.0168020448510282,0.0111083153449444));
#4798=CARTESIAN_POINT('',(-0.075456582368215,-0.0149510975858743,0.00861894889958823));
#4799=CARTESIAN_POINT('',(-0.0755962233751581,-0.0170082496717681,0.00879673594695026));
#4800=CARTESIAN_POINT('',(-0.0744746525080792,-0.0174333171031763,0.010643063604114));
#4801=CARTESIAN_POINT('',(-0.0748089769568977,-0.0150610420998087,0.0078146374886253));
#4802=CARTESIAN_POINT('',(-0.0747764304582289,-0.0171985080379819,0.00782823607557756));
#4803=CARTESIAN_POINT('',(-0.0726698306565089,-0.0175652505197093,0.00863403054250239));
#4804=CARTESIAN_POINT('',(-0.0747537689359037,-0.0149525538112003,0.00678366494505028));
#4805=CARTESIAN_POINT('',(-0.0747366209720437,-0.0170095052702956,0.00655596427859786));
#4806=CARTESIAN_POINT('',(-0.0726694821722752,-0.0174350645735578,0.00593124878734578));
#4807=CARTESIAN_POINT('',(-0.075304896350589,-0.0144128817490487,0.00593273190564008));
#4808=CARTESIAN_POINT('',(-0.0757931676430566,-0.016367251170982,0.00535958614443327));
#4809=CARTESIAN_POINT('',(-0.0744913173787635,-0.0167874580984498,0.00365530280030209));
#4810=CARTESIAN_POINT('',(-0.0761472479651184,-0.0132074346642579,0.0055799741388902));
#4811=CARTESIAN_POINT('',(-0.0776750483163867,-0.0152698757394096,0.00523679247391049));
#4812=CARTESIAN_POINT('',(-0.0771508451442215,-0.0153409215986266,0.00265483017772611));
#4813=CARTESIAN_POINT('',(-0.0766684611502816,-0.012134267707608,0.00564078561991812));
#4814=CARTESIAN_POINT('',(-0.0787745794509346,-0.0146392405344933,0.00601116839152267));
#4815=CARTESIAN_POINT('',(-0.0787595994559819,-0.0140531212458621,0.00273583478213107));
#4816=CARTESIAN_POINT('',(-0.076906984409719,-0.0115903360105245,0.00572503765766498));
#4817=CARTESIAN_POINT('',(-0.0791896137400432,-0.0145284733351624,0.00653131614368853));
#4818=CARTESIAN_POINT('',(-0.0794839843085891,-0.0134004032126294,0.00290723883185682));
#4819=CARTESIAN_POINT('',(-0.074307373550136,-0.0174016332359328,0.0101804006971792));
#4820=CARTESIAN_POINT('',(-0.0742596288400797,-0.017359202968223,0.00964057794750209));
#4821=CARTESIAN_POINT('',(-0.0741540636951023,-0.0170739603757327,0.00858645882308731));
#4822=CARTESIAN_POINT('',(-0.0741370131656249,-0.0165041840202941,0.00704639200676264));
#4823=CARTESIAN_POINT('',(-0.0744331249887779,-0.0165886927408812,0.00566805344965179));
#4824=CARTESIAN_POINT('',(-0.0746589620458085,-0.0166572593709098,0.00459182699206725));
#4825=CARTESIAN_POINT('',(-0.0747481623661375,-0.0166229662287854,0.00402976419601788));
#4826=CARTESIAN_POINT('',(-0.0747808186620632,-0.0165838652220766,0.0037627870303065));
#4827=CARTESIAN_POINT('',(-0.0736056652561598,1.36988284603011E-17,0.0106490824519642));
#4828=CARTESIAN_POINT('',(-0.0713128666899536,-0.0177521215116209,0.0117420942244545));
#4829=CARTESIAN_POINT('',(-0.0711615071106923,-0.0176998362729436,0.011424588928495));
#4830=CARTESIAN_POINT('',(-0.0710135769638817,-0.0174441848825408,0.0107642539518419));
#4831=CARTESIAN_POINT('',(-0.0711678562335806,-0.0165172683004746,0.00968737657472983));
#4832=CARTESIAN_POINT('',(-0.0714862664036179,-0.0155953476667309,0.0092091120469681));
#4833=CARTESIAN_POINT('',(-0.0717108954495002,-0.0149834067490232,0.00895750112676256));
#4834=CARTESIAN_POINT('',(-0.0713128666899536,0.0177521215116209,0.0117420942244545));
#4835=CARTESIAN_POINT('',(-0.0711615071106923,0.0176998362729436,0.011424588928495));
#4836=CARTESIAN_POINT('',(-0.0710135769638793,0.0174441848825388,0.0107642539518447));
#4837=CARTESIAN_POINT('',(-0.0711678562335928,0.0165172683004847,0.00968737657471623));
#4838=CARTESIAN_POINT('',(-0.0714862664035644,0.0155953476666866,0.00920911204702801));
#4839=CARTESIAN_POINT('',(-0.0717108954495002,0.0149834067490232,0.00895750112676256));
#4840=CARTESIAN_POINT('',(-0.0705481628554393,0.015239061641158,0.00971505330293258));
#4841=CARTESIAN_POINT('',(-0.070519040171538,0.0177833201597501,0.00972447539704124));
#4842=CARTESIAN_POINT('',(-0.0713023246374626,0.0177788739693896,0.0121453500308948));
#4843=CARTESIAN_POINT('',(-0.070879622573457,0.0152472643508025,0.00960781577403696));
#4844=CARTESIAN_POINT('',(-0.0709766440330389,0.0177698398504594,0.00958063033570065));
#4845=CARTESIAN_POINT('',(-0.0720721746768887,0.0177887172178099,0.0118759975967922));
#4846=CARTESIAN_POINT('',(-0.0715007657471062,0.0151503406545475,0.00925925062346626));
#4847=CARTESIAN_POINT('',(-0.0718596521821338,0.0177063335549584,0.00902479012714896));
#4848=CARTESIAN_POINT('',(-0.0735364005146279,0.017672408786958,0.0110679283510325));
#4849=CARTESIAN_POINT('',(-0.0720395014944388,0.0147840846814465,0.00857422406529445));
#4850=CARTESIAN_POINT('',(-0.0724209339981088,0.0176382684476697,0.00795352394049665));
#4851=CARTESIAN_POINT('',(-0.0748742405341039,0.0172329016175496,0.00960889789153726));
#4852=CARTESIAN_POINT('',(-0.0722921594907421,0.0144635236287736,0.0079459433865064));
#4853=CARTESIAN_POINT('',(-0.0725114619297353,0.0177119393280993,0.0071899016282847));
#4854=CARTESIAN_POINT('',(-0.075553527976945,0.0168482283545634,0.00833102840084446));
#4855=CARTESIAN_POINT('',(-0.0723899015201592,0.0142455350175382,0.00743933153179629));
#4856=CARTESIAN_POINT('',(-0.0724417713962099,0.0178417758518216,0.0067396327782974));
#4857=CARTESIAN_POINT('',(-0.0758573775033314,0.0165866420210364,0.00732747588133548));
#4858=CARTESIAN_POINT('',(-0.0723888352954904,0.0140939643761999,0.00692379890862787));
#4859=CARTESIAN_POINT('',(-0.0723210924640494,0.0179943591063916,0.0065050937318892));
#4860=CARTESIAN_POINT('',(-0.0759315587253829,0.0164047572514425,0.00632987005201821));
#4861=CARTESIAN_POINT('',(-0.0722838858020158,0.0140403930586996,0.00640287372223119));
#4862=CARTESIAN_POINT('',(-0.072259990418602,0.0180634628487454,0.00642933986746464));
#4863=CARTESIAN_POINT('',(-0.0757598817005628,0.0163404716704383,0.00534115387908279));
#4864=CARTESIAN_POINT('',(-0.0720807758363019,0.0141010306915121,0.00592052083272394));
#4865=CARTESIAN_POINT('',(-0.0722703757054729,0.0179857541237395,0.00632201321108672));
#4866=CARTESIAN_POINT('',(-0.0753474003201779,0.0164132368298168,0.00443975241225116));
#4867=CARTESIAN_POINT('',(-0.0717903262416073,0.0142571223996881,0.00548953468932189));
#4868=CARTESIAN_POINT('',(-0.0722293681892092,0.0178378029485779,0.0060417859174882));
#4869=CARTESIAN_POINT('',(-0.0747177410308821,0.016600546879618,0.00364186372684785));
#4870=CARTESIAN_POINT('',(-0.0714242099799952,0.0144758964525048,0.00512542313387151));
#4871=CARTESIAN_POINT('',(-0.0720265238427663,0.0177129301786093,0.00562260728604068));
#4872=CARTESIAN_POINT('',(-0.0738990944189451,0.0168630757430345,0.00297922331543511));
#4873=CARTESIAN_POINT('',(-0.070860512945291,0.0147920366022662,0.00474693438552125));
#4874=CARTESIAN_POINT('',(-0.0715057013564216,0.0176691842081,0.00503523615539299));
#4875=CARTESIAN_POINT('',(-0.0726112418324341,0.0172424439225668,0.00227469474844938));
#4876=CARTESIAN_POINT('',(-0.0700301381154848,0.0151462946285586,0.00448461124973784));
#4877=CARTESIAN_POINT('',(-0.0704607485766009,0.017729006757828,0.00448025230925479));
#4878=CARTESIAN_POINT('',(-0.0706935374343536,0.0176675535555,0.00181986855992641));
#4879=CARTESIAN_POINT('',(-0.0693230167039295,0.0152466569883964,0.00454487353864246));
#4880=CARTESIAN_POINT('',(-0.0694244004797193,0.017774888664654,0.00451151159541987));
#4881=CARTESIAN_POINT('',(-0.0690387564441869,0.0177879883834926,0.00199170873170896));
#4882=CARTESIAN_POINT('',(-0.0689876484075693,0.0152392489884489,0.00464277434718567));
#4883=CARTESIAN_POINT('',(-0.0689612085310022,0.0177815100372531,0.00465049268347981));
#4884=CARTESIAN_POINT('',(-0.0682487886384462,0.0177790987861387,0.00220993906542228));
#4885=CARTESIAN_POINT('',(-0.06850533461954,0.0177322038732731,0.00264928360842479));
#4886=CARTESIAN_POINT('',(-0.0685717667033366,0.0176654352319768,0.00298264672439272));
#4887=CARTESIAN_POINT('',(-0.0688314855704398,0.0173916521619689,0.00357431398159564));
#4888=CARTESIAN_POINT('',(-0.0695480833966564,0.0164676942287681,0.00432903341349527));
#4889=CARTESIAN_POINT('',(-0.0700578863121059,0.0155785500431811,0.00453606603806796));
#4890=CARTESIAN_POINT('',(-0.0703776718304299,0.0149834078933385,0.00461637689544843));
#4891=CARTESIAN_POINT('',(-0.0689878296774672,-0.0152392529871788,0.0046427214378244));
#4892=CARTESIAN_POINT('',(-0.0689614596569107,-0.017781506446276,0.00465041734543388));
#4893=CARTESIAN_POINT('',(-0.0682492156233732,-0.0177791035846145,0.00220982112356183));
#4894=CARTESIAN_POINT('',(-0.0693219726012796,-0.0152466141348226,0.00454520414296616));
#4895=CARTESIAN_POINT('',(-0.0694229706612748,-0.0177749050290859,0.00451198644827166));
#4896=CARTESIAN_POINT('',(-0.0690362951003244,-0.0177879369593637,0.00199243904988272));
#4897=CARTESIAN_POINT('',(-0.0700316448703382,-0.0151462724369047,0.00448412264496357));
#4898=CARTESIAN_POINT('',(-0.07046322218942,-0.0177288819884768,0.00447976589312984));
#4899=CARTESIAN_POINT('',(-0.0706970880778403,-0.0176675269254393,0.00181877336444329));
#4900=CARTESIAN_POINT('',(-0.0708634938531834,-0.0147905175040837,0.00474850172325794));
#4901=CARTESIAN_POINT('',(-0.0715090280960768,-0.017669079574992,0.00503795675324335));
#4902=CARTESIAN_POINT('',(-0.0726180866346073,-0.0172406210047573,0.00227761313340989));
#4903=CARTESIAN_POINT('',(-0.0714256167925102,-0.0144750203934766,0.00512652744272247));
#4904=CARTESIAN_POINT('',(-0.0720274995798234,-0.0177133133674063,0.00562425009295961));
#4905=CARTESIAN_POINT('',(-0.0739022840411232,-0.0168620244721989,0.0029812073330222));
#4906=CARTESIAN_POINT('',(-0.0717913054611246,-0.014256665067555,0.00549121661623881));
#4907=CARTESIAN_POINT('',(-0.0722295202820094,-0.0178382084242525,0.00604265831700787));
#4908=CARTESIAN_POINT('',(-0.0747198284509432,-0.0165999980810587,0.00364499444977144));
#4909=CARTESIAN_POINT('',(-0.0720794152878992,-0.0141014733250467,0.00591749113531121));
#4910=CARTESIAN_POINT('',(-0.0722702049773062,-0.0179852901533902,0.00632089943023786));
#4911=CARTESIAN_POINT('',(-0.0753446057543888,-0.0164137679900581,0.0044340847350232));
#4912=CARTESIAN_POINT('',(-0.0722854328602766,-0.0140403607593541,0.0064079142312341));
#4913=CARTESIAN_POINT('',(-0.0722603287380165,-0.0180634962372874,0.00643050600825373));
#4914=CARTESIAN_POINT('',(-0.0757628163957232,-0.0163404329112237,0.00535065831952268));
#4915=CARTESIAN_POINT('',(-0.0723882446594742,-0.0140935490340919,0.00692045042005192));
#4916=CARTESIAN_POINT('',(-0.0723206190098741,-0.0179948199210299,0.00650412321329783));
#4917=CARTESIAN_POINT('',(-0.0759306516972464,-0.016404258840913,0.00632348940279492));
#4918=CARTESIAN_POINT('',(-0.0723900592197157,-0.0142459394730569,0.00744120049167948));
#4919=CARTESIAN_POINT('',(-0.0724421231271072,-0.0178413771948631,0.00674030301674908));
#4920=CARTESIAN_POINT('',(-0.0758574740989353,-0.0165871273676585,0.00733106630295821));
#4921=CARTESIAN_POINT('',(-0.0722915514834378,-0.0144645050412666,0.00794786152382499));
#4922=CARTESIAN_POINT('',(-0.0725115919633614,-0.0177114967541253,0.00719201241402335));
#4923=CARTESIAN_POINT('',(-0.0755518218609901,-0.016849406049556,0.0083348823733719));
#4924=CARTESIAN_POINT('',(-0.072037970347842,-0.0147855644609639,0.0085770191444163));
#4925=CARTESIAN_POINT('',(-0.0724197251655646,-0.0176382915581829,0.0079574843954241));
#4926=CARTESIAN_POINT('',(-0.0748702952141178,-0.0172346773529652,0.00961469450015383));
#4927=CARTESIAN_POINT('',(-0.0714993820699163,-0.0151503183289574,0.00925961564901256));
#4928=CARTESIAN_POINT('',(-0.0718575122048631,-0.0177065149263943,0.00902563408456284));
#4929=CARTESIAN_POINT('',(-0.0735332052946324,-0.0176723819962914,0.0110689155976222));
#4930=CARTESIAN_POINT('',(-0.0708807061183385,-0.0152473109178525,0.00960749206846451));
#4931=CARTESIAN_POINT('',(-0.0709781290773266,-0.0177698012632435,0.00958021063862023));
#4932=CARTESIAN_POINT('',(-0.0720746874395253,-0.0177887730981826,0.0118751721726416));
#4933=CARTESIAN_POINT('',(-0.0705479783213988,-0.0152390570689742,0.00971511299798553));
#4934=CARTESIAN_POINT('',(-0.0705187842381292,-0.0177833276977187,0.00972455583506404));
#4935=CARTESIAN_POINT('',(-0.0713018960388319,-0.0177788684827691,0.0121454999725781));
#4936=CARTESIAN_POINT('',(-0.06850533461954,-0.0177322038732731,0.00264928360842479));
#4937=CARTESIAN_POINT('',(-0.0685717667033366,-0.0176654352319768,0.00298264672439272));
#4938=CARTESIAN_POINT('',(-0.06883148557044,-0.017391652161969,0.00357431398159569));
#4939=CARTESIAN_POINT('',(-0.0695480833966551,-0.0164676942287674,0.00432903341349496));
#4940=CARTESIAN_POINT('',(-0.0700578863121112,-0.0155785500431841,0.00453606603806935));
#4941=CARTESIAN_POINT('',(-0.0703776718304299,-0.0149834078933385,0.00461637689544848));
#4942=CARTESIAN_POINT('',(-0.0709963545909281,-2.79500066988007E-17,0.00215287701887799));
#4943=CARTESIAN_POINT('',(0.0535657263686622,0.00783354537605771,-0.00324343109283364));
#4944=CARTESIAN_POINT('',(0.0535865275968398,0.00783341938339059,-0.00324888675015696));
#4945=CARTESIAN_POINT('',(0.0536073276382011,0.00783365752542278,-0.00325434318969402));
#4946=CARTESIAN_POINT('',(0.0534382382181737,0.00783208695725602,-0.00372920075983545));
#4947=CARTESIAN_POINT('',(0.0534591139049975,0.00783196001533031,-0.00373465125402937));
#4948=CARTESIAN_POINT('',(0.053479976279038,0.00783219946527423,-0.00374014873704395));
#4949=CARTESIAN_POINT('',(0.0531888385914334,0.00763161244263275,-0.00468590598116451));
#4950=CARTESIAN_POINT('',(0.0532087923608055,0.00763151306766693,-0.00469106024650695));
#4951=CARTESIAN_POINT('',(0.0532287062612812,0.00763172002467509,-0.00469636335502562));
#4952=CARTESIAN_POINT('',(0.0528744033085068,0.00678314402757869,-0.00591189078789676));
#4953=CARTESIAN_POINT('',(0.0528898635910482,0.00678313011947574,-0.00591586037040213));
#4954=CARTESIAN_POINT('',(0.0529052815286333,0.00678322804780585,-0.0059199902266864));
#4955=CARTESIAN_POINT('',(0.0526707825213514,0.00552283428207274,-0.0067297709761021));
#4956=CARTESIAN_POINT('',(0.0526792352966936,0.00552286187092975,-0.00673196255249785));
#4957=CARTESIAN_POINT('',(0.0526876755257991,0.00552288027634941,-0.00673420205583331));
#4958=CARTESIAN_POINT('',(0.0526283536971063,0.00451844277305021,-0.00692499698041067));
#4959=CARTESIAN_POINT('',(0.0526311427970785,0.00451845036596678,-0.00692572856860477));
#4960=CARTESIAN_POINT('',(0.0526339318969949,0.00451845795888372,-0.00692646015701218));
#4961=CARTESIAN_POINT('',(0.0526324039637088,0.00402331112339014,-0.00692605937606535));
#4962=CARTESIAN_POINT('',(0.0526324039637088,0.00402331112339014,-0.00692605937606535));
#4963=CARTESIAN_POINT('',(0.0526324039637088,0.00402331112339013,-0.00692605937606535));
#4964=CARTESIAN_POINT('',(0.053578248796044,0.0103734910673973,-0.0032543431896938));
#4965=CARTESIAN_POINT('',(0.0536073276381991,0.00783365752542276,-0.00325434318969245));
#4966=CARTESIAN_POINT('',(0.0535865275968382,0.00783341938339248,-0.00324888675015569));
#4967=CARTESIAN_POINT('',(0.0535657263686611,0.00783354537605768,-0.0032434310928327));
#4968=CARTESIAN_POINT('',(0.0536097363746793,0.00783368510331979,-0.00324509431422624));
#4969=CARTESIAN_POINT('',(0.0535884600478069,0.00783344164808627,-0.00324148788078511));
#4970=CARTESIAN_POINT('',(0.0535671826058789,0.00783356203665511,-0.00323788196343623));
#4971=CARTESIAN_POINT('',(0.0536108810501858,0.00783369819121077,-0.00323568396430123));
#4972=CARTESIAN_POINT('',(0.0535891324088327,0.00783344940433212,-0.00323389529794523));
#4973=CARTESIAN_POINT('',(0.0535673826952337,0.00783357292010919,-0.00323210693024395));
#4974=CARTESIAN_POINT('',(0.0536108809589141,0.0078336981901667,-0.00322612737863695));
#4975=CARTESIAN_POINT('',(0.0535886636749101,0.00783344404240482,-0.00322612737863804));
#4976=CARTESIAN_POINT('',(0.0535664453447582,0.00783357859670774,-0.00322612737863912));
#4977=CARTESIAN_POINT('',(0.0535818273137354,0.0103735320204993,-0.0032261273786367));
#4978=CARTESIAN_POINT('',(0.0535818273137356,0.0103735320204993,-0.0032261273786367));
#4979=CARTESIAN_POINT('',(0.0535818273137356,0.0103735320204993,0.00407189703760105));
#4980=CARTESIAN_POINT('',(0.0536108809589137,0.0078336981901667,0.00407067140483683));
#4981=CARTESIAN_POINT('',(0.053664450115927,0.00783431097800414,0.00661071926576169));
#4982=CARTESIAN_POINT('',(0.0536934978476537,0.00529386435983412,0.00661010657410954));
#4983=CARTESIAN_POINT('',(0.0531575180102062,0.0078285120846462,0.00408979659483087));
#4984=CARTESIAN_POINT('',(0.0532119560438725,0.00781958937900947,0.00662026353390428));
#4985=CARTESIAN_POINT('',(0.0527867719502387,0.00528349214879378,0.0066292317641025));
#4986=CARTESIAN_POINT('',(0.0522486456263819,0.00806687456154027,0.00412813752469509));
#4987=CARTESIAN_POINT('',(0.0522930867875837,0.00803790557973282,0.00663964485868872));
#4988=CARTESIAN_POINT('',(0.0509690271825886,0.00576021710257927,0.006667572693968));
#4989=CARTESIAN_POINT('',(0.0515884037432878,0.00873541501376945,0.00415598993630312));
#4990=CARTESIAN_POINT('',(0.0516092361556282,0.00870767573608469,0.0066540690339538));
#4991=CARTESIAN_POINT('',(0.0496485434164048,0.00709729800704293,0.00669542510557651));
#4992=CARTESIAN_POINT('',(0.0513665816965741,0.00913083863287433,0.00416534753555215));
#4993=CARTESIAN_POINT('',(0.0513791713150372,0.00910839617248959,0.00665892169538074));
#4994=CARTESIAN_POINT('',(0.0492048993229745,0.00788814524524938,0.00670478270482486));
#4995=CARTESIAN_POINT('',(0.0536399346040917,0.00529386435983412,0.00407067140483683));
#4996=CARTESIAN_POINT('',(0.0536934978476536,0.00529386435983412,0.00661010657410954));
#4997=CARTESIAN_POINT('',(0.053664450115927,0.00783431097800415,0.00661071926576169));
#4998=CARTESIAN_POINT('',(0.0536108809589137,0.0078336981901667,0.00407067140483683));
#4999=CARTESIAN_POINT('',(0.056618106253966,0.0053273195150853,0.00654841903260972));
#5000=CARTESIAN_POINT('',(0.0566096917962303,0.00786756158199819,0.00654859651528652));
#5001=CARTESIAN_POINT('',(0.0565563772929548,0.0078673922863475,0.00400898386336492));
#5002=CARTESIAN_POINT('',(0.0595437260264833,0.0053251214653384,0.00648671015878569));
#5003=CARTESIAN_POINT('',(0.0595587792867553,0.00786490860389692,0.00648639264666305));
#5004=CARTESIAN_POINT('',(0.0595055596033264,0.00786522762892703,0.00394727498950385));
#5005=CARTESIAN_POINT('',(0.062466746719473,0.00527533492545169,0.00642505610625871));
#5006=CARTESIAN_POINT('',(0.0625099684023216,0.00781405484068574,0.00642414444938573));
#5007=CARTESIAN_POINT('',(0.062456439917013,0.00781496656809264,0.003885620936986));
#5008=CARTESIAN_POINT('',(0.0624131834759111,0.00527533492545168,0.00388562093698601));
#5009=CARTESIAN_POINT('',(0.0625615929184497,0.00781315495847124,0.00388449214262225));
#5010=CARTESIAN_POINT('',(0.0625630765049667,0.00781312910798287,0.00642446585466899));
#5011=CARTESIAN_POINT('',(0.0625188259109847,0.0052735404515565,0.00642449170907684));
#5012=CARTESIAN_POINT('',(0.062526594991338,0.00781376477360314,0.00388451239697148));
#5013=CARTESIAN_POINT('',(0.0625454071560213,0.00781343717819372,0.00642417422694098));
#5014=CARTESIAN_POINT('',(0.0625014927756735,0.00527414448780133,0.00642450183635219));
#5015=CARTESIAN_POINT('',(0.0624915441669945,0.00781436865267205,0.00388488748853625));
#5016=CARTESIAN_POINT('',(0.0625277043829537,0.00781374576351668,0.00642406642054839));
#5017=CARTESIAN_POINT('',(0.0624841331327079,0.00527474265502159,0.00642468938191858));
#5018=CARTESIAN_POINT('',(0.0624564399170129,0.00781496656809264,0.003885620936986));
#5019=CARTESIAN_POINT('',(0.0625099684023215,0.00781405484068574,0.00642414444938573));
#5020=CARTESIAN_POINT('',(0.062466746719473,0.00527533492545168,0.00642505610625871));
#5021=CARTESIAN_POINT('',(0.062466746719473,0.00527533492545168,0.00642505610625871));
#5022=CARTESIAN_POINT('',(0.0624841047571819,0.00527474362163959,0.00642468998043167));
#5023=CARTESIAN_POINT('',(0.0625014644880797,0.00527414547358338,0.00642450185287985));
#5024=CARTESIAN_POINT('',(0.0625188259109847,0.0052735404515565,0.00642449170907684));
#5025=CARTESIAN_POINT('',(0.0625173418589344,0.0052735404515565,0.00388449214262224));
#5026=CARTESIAN_POINT('',(0.0625188259109847,0.00527354045155652,0.00642449170907684));
#5027=CARTESIAN_POINT('',(0.0625630765049666,0.00781312910798288,0.00642446585466899));
#5028=CARTESIAN_POINT('',(0.0625615929184496,0.00781315495847125,0.00388449214262225));
#5029=CARTESIAN_POINT('',(0.0663090856675183,0.00521131517147718,0.0064222771643041));
#5030=CARTESIAN_POINT('',(0.0663845442226082,0.00774652267631055,0.00641841915009753));
#5031=CARTESIAN_POINT('',(0.0661669325742808,0.00775033436138915,0.00388240560388858));
#5032=CARTESIAN_POINT('',(0.072038356115079,0.00500654880817797,0.00564755390776209));
#5033=CARTESIAN_POINT('',(0.0721415679657043,0.00752202798226211,0.00563235572178457));
#5034=CARTESIAN_POINT('',(0.0716150654793817,0.00754362223613411,0.00315482731167085));
#5035=CARTESIAN_POINT('',(0.0791029092038448,0.00445473526911468,0.00328161195859414));
#5036=CARTESIAN_POINT('',(0.0792952085202385,0.00689749874639377,0.00320739975848312));
#5037=CARTESIAN_POINT('',(0.0784074958339343,0.00698280608821667,0.000918898672140029));
#5038=CARTESIAN_POINT('',(0.0841913285067662,0.003872130286051,0.00090913635210862));
#5039=CARTESIAN_POINT('',(0.0844304070977762,0.00623727014349985,0.000784634234935662));
#5040=CARTESIAN_POINT('',(0.0833531609503471,0.00638776626121903,-0.00133626291418809));
#5041=CARTESIAN_POINT('',(0.0889536198739308,0.00309435980392694,-0.00193595045222667));
#5042=CARTESIAN_POINT('',(0.0892379038502719,0.00535139001800841,-0.00212087599408886));
#5043=CARTESIAN_POINT('',(0.0880498019901452,0.0055864207725154,-0.00405768723004362));
#5044=CARTESIAN_POINT('',(0.0933767439142082,0.00207976546071617,-0.00513092284881492));
#5045=CARTESIAN_POINT('',(0.0937042337543952,0.00419178362306946,-0.00538406610597104));
#5046=CARTESIAN_POINT('',(0.0924973076036198,0.00452948152359338,-0.00713208860787902));
#5047=CARTESIAN_POINT('',(0.0974913424022481,0.000709837757396033,-0.00860055426101466));
#5048=CARTESIAN_POINT('',(0.0978697440563016,0.00259996228341993,-0.00893784141497415));
#5049=CARTESIAN_POINT('',(0.0967658962366895,0.0030603497698115,-0.0104885116969821));
#5050=CARTESIAN_POINT('',(0.0999480134744055,-0.000537418546967896,-0.0109546861591775));
#5051=CARTESIAN_POINT('',(0.100411199882152,0.00111326872013025,-0.0114018444252587));
#5052=CARTESIAN_POINT('',(0.0994671453822018,0.00167276607664201,-0.012776036523609));
#5053=CARTESIAN_POINT('',(0.101081975367076,-0.00137766061008051,-0.0120950644355839));
#5054=CARTESIAN_POINT('',(0.1016170660112,3.6128943672191E-5,-0.0126331828242281));
#5055=CARTESIAN_POINT('',(0.100819382632226,0.000643369146298019,-0.0138860415006755));
#5056=CARTESIAN_POINT('',(0.0987929317237685,1.46055473050485E-18,-0.00987097132259758));
#5057=CARTESIAN_POINT('',(0.0996767217865253,-4.02040859676387E-13,-0.0106997832115386));
#5058=CARTESIAN_POINT('',(0.100502435126165,9.78031026743944E-18,-0.0116120475045501));
#5059=CARTESIAN_POINT('',(0.101074632546735,7.40271847706629E-18,-0.0127));
#5060=CARTESIAN_POINT('',(0.0625203099630349,4.16334792578609E-17,0.00896449127553143));
#5061=CARTESIAN_POINT('',(0.0625188259109847,-0.00527354045155648,0.00642449170907684));
#5062=CARTESIAN_POINT('',(0.0625014644880797,-0.00527414547358336,0.00642450185287985));
#5063=CARTESIAN_POINT('',(0.0624841047571819,-0.00527474362163958,0.00642468998043168));
#5064=CARTESIAN_POINT('',(0.062466746719473,-0.00527533492545167,0.00642505610625872));
#5065=CARTESIAN_POINT('',(0.101083705975066,0.00137894320527343,-0.0120968048807995));
#5066=CARTESIAN_POINT('',(0.101618857079633,-3.45287377294305E-5,-0.0126350117744611));
#5067=CARTESIAN_POINT('',(0.100821446461204,-0.000641797740906355,-0.0138877355916517));
#5068=CARTESIAN_POINT('',(0.10051136992949,0.000954688227638271,-0.0115212007148142));
#5069=CARTESIAN_POINT('',(0.101018402138356,-0.000571109195421556,-0.0120218409051024));
#5070=CARTESIAN_POINT('',(0.100138877297738,-0.00116160909771205,-0.0133274613173085));
#5071=CARTESIAN_POINT('',(0.0993010467976334,0.000217569720780613,-0.0103341443833262));
#5072=CARTESIAN_POINT('',(0.0997623161182389,-0.00147576346001539,-0.0107724712984787));
#5073=CARTESIAN_POINT('',(0.0987586808195624,-0.00202119299144044,-0.0121730248870547));
#5074=CARTESIAN_POINT('',(0.09676493571301,-0.000958653899772971,-0.00798710342648128));
#5075=CARTESIAN_POINT('',(0.0971538446856278,-0.00288668557665019,-0.00832569855805681));
#5076=CARTESIAN_POINT('',(0.0960099251519339,-0.00333201603994185,-0.00989505058632594));
#5077=CARTESIAN_POINT('',(0.0933745609784499,-0.0020773350605197,-0.00513035532292717));
#5078=CARTESIAN_POINT('',(0.0937036664135038,-0.00418646146133743,-0.00538503973320759));
#5079=CARTESIAN_POINT('',(0.092496080335697,-0.00452517445111225,-0.00713156940875075));
#5080=CARTESIAN_POINT('',(0.0889447324456371,-0.00309737421281101,-0.00192886291154378));
#5081=CARTESIAN_POINT('',(0.0892280612194152,-0.00535570525613089,-0.00211284243056414));
#5082=CARTESIAN_POINT('',(0.0880405960103897,-0.00559004984953383,-0.00405087587898911));
#5083=CARTESIAN_POINT('',(0.0825772508439471,-0.00413315468577927,0.00186912316160537));
#5084=CARTESIAN_POINT('',(0.0827604302094602,-0.00654123087307393,0.00178887530799388));
#5085=CARTESIAN_POINT('',(0.0817618517547176,-0.00665625371387228,-0.000417991885482195));
#5086=CARTESIAN_POINT('',(0.0756482229395513,-0.00477791884423213,0.00468911902603796));
#5087=CARTESIAN_POINT('',(0.0757937622851107,-0.00726345228905303,0.00464720348005866));
#5088=CARTESIAN_POINT('',(0.0750724795323849,-0.00731151150187105,0.00225057974990832));
#5089=CARTESIAN_POINT('',(0.0681818999299482,-0.00514519564068553,0.00617747267510355));
#5090=CARTESIAN_POINT('',(0.0682718105570768,-0.00767372569398103,0.00616832912043802));
#5091=CARTESIAN_POINT('',(0.0679475184913619,-0.00768355581153362,0.00365192822370409));
#5092=CARTESIAN_POINT('',(0.0644132861645553,-0.00524243880491989,0.0064233848279338));
#5093=CARTESIAN_POINT('',(0.0644738565125316,-0.00777982508782011,0.00642144242926501));
#5094=CARTESIAN_POINT('',(0.0643636257914746,-0.00778175575843693,0.00388344924183758));
#5095=CARTESIAN_POINT('',(0.0625188259109846,-0.00527354045155647,0.00642449170907684));
#5096=CARTESIAN_POINT('',(0.0625630765049666,-0.00781312910798285,0.00642446585466899));
#5097=CARTESIAN_POINT('',(0.0625615929184496,-0.00781315495847121,0.00388449214262225));
#5098=CARTESIAN_POINT('',(0.0625173418589344,-0.00527354045155648,0.00388449214262224));
#5099=CARTESIAN_POINT('',(0.0625188259109847,-0.00527354045155648,0.00642449170907684));
#5100=CARTESIAN_POINT('',(0.0625630765049666,-0.00781312910798285,0.00642446585466899));
#5101=CARTESIAN_POINT('',(0.0625615929184497,-0.00781315495847122,0.00388449214262225));
#5102=CARTESIAN_POINT('',(0.0625014358247702,-0.00527414647245462,0.00642450186962704));
#5103=CARTESIAN_POINT('',(0.062545349103885,-0.00781343819034936,0.0064241732690303));
#5104=CARTESIAN_POINT('',(0.0625264799998251,-0.00781376677725221,0.00388451246395125));
#5105=CARTESIAN_POINT('',(0.0624840761932382,-0.00527474459467999,0.00642469058291899));
#5106=CARTESIAN_POINT('',(0.0625276462953798,-0.00781374677578344,0.00642406667587943));
#5107=CARTESIAN_POINT('',(0.0624914292026495,-0.00781437061080971,0.00388488989010654));
#5108=CARTESIAN_POINT('',(0.062466746719473,-0.00527533492545166,0.00642505610625871));
#5109=CARTESIAN_POINT('',(0.0625099684023216,-0.00781405484068572,0.00642414444938573));
#5110=CARTESIAN_POINT('',(0.062456439917013,-0.00781496656809262,0.003885620936986));
#5111=CARTESIAN_POINT('',(0.0624131834759111,-0.00527533492545167,0.003885620936986));
#5112=CARTESIAN_POINT('',(0.0536108809589131,-0.00783369819016667,0.00407067140483684));
#5113=CARTESIAN_POINT('',(0.0536644501159264,-0.00783431097800411,0.0066107192657617));
#5114=CARTESIAN_POINT('',(0.0536934978476531,-0.00529386435983409,0.00661010657410955));
#5115=CARTESIAN_POINT('',(0.0565563772928532,-0.00786739228634632,0.00400898386336493));
#5116=CARTESIAN_POINT('',(0.0566096917961097,-0.00786756158202692,0.00654859651528537));
#5117=CARTESIAN_POINT('',(0.0566181062538234,-0.00532731951510176,0.00654841903261273));
#5118=CARTESIAN_POINT('',(0.0595055596039041,-0.00786522762891717,0.00394727498950385));
#5119=CARTESIAN_POINT('',(0.0595587792873515,-0.00786490860390597,0.00648639264665852));
#5120=CARTESIAN_POINT('',(0.0595437260270611,-0.0053251214653498,0.0064867101587735));
#5121=CARTESIAN_POINT('',(0.0624564399170129,-0.00781496656809262,0.003885620936986));
#5122=CARTESIAN_POINT('',(0.0625099684023215,-0.00781405484068572,0.00642414444938573));
#5123=CARTESIAN_POINT('',(0.0624667467194729,-0.00527533492545167,0.00642505610625871));
#5124=CARTESIAN_POINT('',(0.0536399346040912,-0.0052938643598341,0.00407067140483683));
#5125=CARTESIAN_POINT('',(0.0513665816965736,-0.00913083863287431,0.00416534753555216));
#5126=CARTESIAN_POINT('',(0.0513791713150367,-0.00910839617248957,0.00665892169538075));
#5127=CARTESIAN_POINT('',(0.049204899322974,-0.00788814524524937,0.00670478270482487));
#5128=CARTESIAN_POINT('',(0.0515884037432863,-0.00873541501377122,0.00415598993630314));
#5129=CARTESIAN_POINT('',(0.0516092361556285,-0.00870767573607516,0.00665406903393554));
#5130=CARTESIAN_POINT('',(0.0496485434164037,-0.00709729800704383,0.00669542510557653));
#5131=CARTESIAN_POINT('',(0.0522486456263813,-0.00806687456153936,0.00412813752469512));
#5132=CARTESIAN_POINT('',(0.052293086787588,-0.00803790557973383,0.00663964485869595));
#5133=CARTESIAN_POINT('',(0.0509690271825873,-0.00576021710257903,0.00666757269396804));
#5134=CARTESIAN_POINT('',(0.0531575180102067,-0.00782851208464618,0.00408979659483084));
#5135=CARTESIAN_POINT('',(0.0532119560438641,-0.00781958937901445,0.00662026353390816));
#5136=CARTESIAN_POINT('',(0.0527867719502401,-0.00528349214879337,0.00662923176410247));
#5137=CARTESIAN_POINT('',(0.0536108809589131,-0.00783369819016666,0.00407067140483684));
#5138=CARTESIAN_POINT('',(0.0536644501159264,-0.0078343109780041,0.0066107192657617));
#5139=CARTESIAN_POINT('',(0.0536934978476531,-0.00529386435983408,0.00661010657410955));
#5140=CARTESIAN_POINT('',(0.0535818273137351,-0.0103735320204992,0.00407189703760106));
#5141=CARTESIAN_POINT('',(0.0535818273137351,-0.0103735320204992,-0.00322612737864215));
#5142=CARTESIAN_POINT('',(0.0535818273137351,-0.0103735320204993,-0.00322612737864215));
#5143=CARTESIAN_POINT('',(0.0535657263686605,-0.00783354537605767,-0.00324343109283258));
#5144=CARTESIAN_POINT('',(0.0535865275968382,-0.00783341938338979,-0.00324888675015572));
#5145=CARTESIAN_POINT('',(0.0536073276381994,-0.00783365752542274,-0.00325434318969258));
#5146=CARTESIAN_POINT('',(0.0535671826058911,-0.007833562036655,-0.00323788196344255));
#5147=CARTESIAN_POINT('',(0.0535884600478131,-0.00783344164808583,-0.00324148788079095));
#5148=CARTESIAN_POINT('',(0.0536097363746795,-0.00783368510331977,-0.00324509431423151));
#5149=CARTESIAN_POINT('',(0.0535673826953322,-0.00783357292010853,-0.00323210693027148));
#5150=CARTESIAN_POINT('',(0.0535891324088921,-0.00783344940429117,-0.00323389529796323));
#5151=CARTESIAN_POINT('',(0.0536108810502072,-0.007833698191211,-0.00323568396430967));
#5152=CARTESIAN_POINT('',(0.0535664453447518,-0.00783357859670773,-0.00322612737864064));
#5153=CARTESIAN_POINT('',(0.0535886636749061,-0.00783344404240546,-0.00322612737864123));
#5154=CARTESIAN_POINT('',(0.0536108809589124,-0.00783369819016666,-0.00322612737864182));
#5155=CARTESIAN_POINT('',(0.0535782487960429,-0.0103734910673973,-0.00325434318969355));
#5156=CARTESIAN_POINT('',(0.0536073276381983,-0.00783365752542274,-0.00325434318969331));
#5157=CARTESIAN_POINT('',(0.053586527596837,-0.00783341938339252,-0.00324888675015626));
#5158=CARTESIAN_POINT('',(0.0535657263686594,-0.00783354537605767,-0.00324343109283293));
#5159=CARTESIAN_POINT('',(0.0534799762827087,-0.00783219946531625,-0.00374014873801563));
#5160=CARTESIAN_POINT('',(0.0534591139087353,-0.00783196001136006,-0.00373465125500308));
#5161=CARTESIAN_POINT('',(0.0534382382218705,-0.00783208695723354,-0.00372920076081134));
#5162=CARTESIAN_POINT('',(0.0532287062595756,-0.00763172002465554,-0.00469636335457445));
#5163=CARTESIAN_POINT('',(0.0532087923590681,-0.00763151306951105,-0.00469106024605518));
#5164=CARTESIAN_POINT('',(0.0531888385897148,-0.00763161244264284,-0.00468590598071115));
#5165=CARTESIAN_POINT('',(0.0529052815290954,-0.00678322804781061,-0.00591999022680908));
#5166=CARTESIAN_POINT('',(0.0528898635915209,-0.00678313011897595,-0.00591586037052382));
#5167=CARTESIAN_POINT('',(0.0528744033089752,-0.00678314402757635,-0.00591189078802077));
#5168=CARTESIAN_POINT('',(0.05268767552565,-0.00552288027634774,-0.0067342020557942));
#5169=CARTESIAN_POINT('',(0.0526792352965386,-0.00552286187106546,-0.00673196255244666));
#5170=CARTESIAN_POINT('',(0.0526707825211899,-0.00552283428206986,-0.00672977097605981));
#5171=CARTESIAN_POINT('',(0.0526339318970353,-0.00451845795888177,-0.0069264601570229));
#5172=CARTESIAN_POINT('',(0.0526311427971325,-0.00451845036597021,-0.00692572856862005));
#5173=CARTESIAN_POINT('',(0.0526283536971716,-0.00451844277305578,-0.00692499698042792));
#5174=CARTESIAN_POINT('',(0.0526324039637083,-0.00402331112338919,-0.00692605937606525));
#5175=CARTESIAN_POINT('',(0.0526324039637083,-0.00402331112338919,-0.00692605937606525));
#5176=CARTESIAN_POINT('',(0.0526324039637084,-0.00402331112338919,-0.00692605937606525));
#5177=MECHANICAL_DESIGN_GEOMETRIC_PRESENTATION_REPRESENTATION('',(#1775),
#5178);
#5178=(
GEOMETRIC_REPRESENTATION_CONTEXT(3)
GLOBAL_UNCERTAINTY_ASSIGNED_CONTEXT((#5179))
GLOBAL_UNIT_ASSIGNED_CONTEXT((#5182,#5181,#5180))
REPRESENTATION_CONTEXT('Part 1','TOP_LEVEL_ASSEMBLY_PART')
);
#5179=UNCERTAINTY_MEASURE_WITH_UNIT(LENGTH_MEASURE(2.00000000124742E-5),
#5182,'DISTANCE_ACCURACY_VALUE','Maximum Tolerance applied to model');
#5180=(
NAMED_UNIT(*)
SI_UNIT($,.STERADIAN.)
SOLID_ANGLE_UNIT()
);
#5181=(
NAMED_UNIT(*)
PLANE_ANGLE_UNIT()
SI_UNIT($,.RADIAN.)
);
#5182=(
LENGTH_UNIT()
NAMED_UNIT(*)
SI_UNIT($,.METRE.)
);
#5183=PRODUCT_DEFINITION_SHAPE('','',#5184);
#5184=PRODUCT_DEFINITION('','',#5186,#5185);
#5185=PRODUCT_DEFINITION_CONTEXT('',#5192,'design');
#5186=PRODUCT_DEFINITION_FORMATION_WITH_SPECIFIED_SOURCE('','',#5188,
 .NOT_KNOWN.);
#5187=PRODUCT_RELATED_PRODUCT_CATEGORY('','',(#5188));
#5188=PRODUCT('Part 1','Part 1','Part 1',(#5190));
#5189=PRODUCT_CATEGORY('','');
#5190=PRODUCT_CONTEXT('',#5192,'mechanical');
#5191=APPLICATION_PROTOCOL_DEFINITION('international standard',
'ap242_managed_model_based_3d_engineering',2020,#5192);
#5192=APPLICATION_CONTEXT('managed model based 3d engineering');
ENDSEC;
END-ISO-10303-21;
